Name,Street,Municipality,Categories,Time Zone,Phone,Phones,Owner,Email,Social Medias,Review Count,Average Rating,Google Maps URL,Latitude,Longitude,Website,Domain,Image,Place Id,Sport
Padel Sporting Club Ostiense,"Via dei Cocchieri, 1a","Via del Mare, 128/Ingresso secondario","Padel club, Padel court, Sports club",Europe/Rome,+39 351 503 7472,"351 503 7472, +39 351 503 7472",Padel Sporting Club Ostiense (Owner),info@padel-roma.com,,275,4.5,https://www.google.com/maps?cid=5861198627216737518,41.8443946,12.467653,https://www.padel-roma.com/,padel-roma.com,https://lh3.googleusercontent.com/p/AF1QipNtKkvXG2GBqPNJgwkcX_p825iyk0loOw3s9OIH,ChIJP4PcpNuLJRMR7sRC9RgpV1E,padel
PALA LOCA Padel Club,"Via Cristoforo Colombo, 194b",00154 Roma RM,"Padel club, Gym, Padel court",Europe/Rome,+39 389 117 6171,"389 117 6171, +39 389 117 6171",PALA LOCA Padel Club (Owner),palalocapadel@gmail.com,"facebook: https://www.facebook.com/palalocapadel
instagram: https://www.instagram.com/palaloca_padelclub",208,4.7,https://www.google.com/maps?cid=15686263589297215246,41.8620376,12.4969511,https://palalocapadel.club/,palalocapadel.club,https://lh3.googleusercontent.com/p/AF1QipPfcIeRvqarTBD2caLmliILicsOuijUsnGK8_T6,ChIJO3An_MGLJRMRDlc0BaDNsNk,padel
Padel Park Roma,"Via Giovanni Mayer, 2",00127 Roma RM,Sports club,Europe/Rome,+39 334 707 5249,"334 707 5249, +39 334 707 5249",Padel Park Roma (Owner),,,101,4.5,https://www.google.com/maps?cid=3512814919597150479,41.8021583,12.4325828,,,https://lh3.googleusercontent.com/p/AF1QipMgAQ-L_WOLtLroNMv7bYBcFcrSEpCAuPRhcQA3,ChIJbSwB3ov1JRMRD9FHxI4GwDA,padel
Paradise Padel Roma,"Via degli Aldobrandeschi, 115",00163 Roma RM,Padel club,Europe/Rome,+39 391 416 9986,"391 416 9986, +39 391 416 9986",Paradise Padel Roma (Owner),info@padelparadise.it,"facebook: https://www.facebook.com/paradisebeachcity,https://www.facebook.com/paradisepadelclub
instagram: https://www.instagram.com/paradise_beach_city,https://www.instagram.com/paradisepadelclub",280,4.6,https://www.google.com/maps?cid=1821101744318473735,41.8776911,12.3995896,http://www.padelparadise.it/,padelparadise.it,https://lh3.googleusercontent.com/p/AF1QipO7ICzkR-1vINJK38_aMCbcT6r3AOi8wP7x3_nA,ChIJn6x5jH31JRMRB2bySWPaRRk,padel
White Padel,"Viale Antonio Ciamarra, 18",00173 Roma RM,Padel club,Europe/Rome,+39 351 825 3435,"351 825 3435, +39 351 825 3435",White Padel (Owner),,,227,4.7,https://www.google.com/maps?cid=2067693728366695497,41.8474238,12.5917396,,,https://lh3.googleusercontent.com/gps-cs-s/AG0ilSypVBczvR_6NNT4ooofIkaPWHv7m7elLbVjT1-Ujd_W85SdWRaIjHZGvaPpmfve_HwYAB8BwuCn_CTJI2-rnyMMbYO90H12WVWm6Tz825psjROUGcBvFoHfX8w6MpYTmlaiYbaSQQ,ChIJ372yKZeJJRMRSZSZp33ssRw,padel
White Club Padel,"Via di Pratolungo Casilino, 44",00132 Roma RM,Sports club,Europe/Rome,+39 329 845 6825,"329 845 6825, +39 329 845 6825",White Club Padel (Owner),,"facebook: https://www.facebook.com/whiteclubpadel
instagram: https://instagram.com/whiteclubpadel",242,4.7,https://www.google.com/maps?cid=10753197818639974043,41.888362,12.6621774,https://linktr.ee/whiteclubpadel,linktr.ee,https://lh3.googleusercontent.com/p/AF1QipPd9yKcz4qzkfEu-6YHzlVM99KllthCm4hpm-cS,ChIJYwrV3Op9LxMRm36Kc3EIO5U,padel
Palme padel club,"Via Casilina, 1940/c",00132 Roma RM,"Sports club, Padel club, Sports complex",Europe/Rome,+39 389 290 9933,"389 290 9933, +39 389 290 9933",Palme padel club (Owner),,,81,4.7,https://www.google.com/maps?cid=7936492692727134827,41.8634122,12.6999332,https://playtomic.io/tenant/c7c99257-4788-46f6-b580-b0bad4455abd,playtomic.io,https://lh3.googleusercontent.com/gps-cs-s/AG0ilSzU4bluY7m5thr2WZPkt_kpEgJmg9Sc0Mtjii3_yX5kdSFeWvwr5K9K6FDdqr9rouyyLg5WSB-M3DoPjvw1bB6omoDYhKBD2nBraR1FZG2j09iBnHJZAT-fSJdufNsV_l1hTXJLaw,ChIJkSBskQt9LxMRa_p7AA4WJG4,padel
Padel Club Ardeatino,"Via di Tor Pagnotta, 392",00143 Roma RM,Sports club,Europe/Rome,+39 327 556 5388,"327 556 5388, +39 327 556 5388",Padel Club Ardeatino (Owner),,,80,4.9,https://www.google.com/maps?cid=16406913625644214065,41.8088681,12.5243697,,,https://lh3.googleusercontent.com/gps-cs-s/AG0ilSxgacFuoBnfqX906o_55lrvUvjqXql2bNVwiMDBbevZ1U-sYUx_WBKs1nYdL_RArDOJMwL3UchbKSh2cnhq3u2yWHW7nta2oviMk3zlGDzgnl8VDh0xK46nkuBk2SBwgQprbMdkOQ,ChIJy6pjkjOLJRMRMScK1QMRseM,padel
RED PADEL ROMA,"Via Ranuccio Bianchi Bandinelli, 48",00178 Roma RM,Padel court,Europe/Rome,+39 329 693 2680,"329 693 2680, +39 329 693 2680",RED PADEL ROMA (Owner),,,478,4.6,https://www.google.com/maps?cid=12345648546028597523,41.8196642,12.5841522,,,https://lh3.googleusercontent.com/gps-cs-s/AG0ilSyhaRcfEfCi6B-oQqTAPFx8jtrs1TFito_kactvmP46t49ViV8nv0RnH6HZ3UrnNTjov4g63fN9uP9yA2RYmIIm9TGjnktYUY4ir0k23gi8dkrfE3Jdi4a7y8RignpcIj6AvMlT,ChIJGzk0RIaJJRMREzHaS_GNVKs,padel
Madiba Padel club,"Via di Casal Morena, 180",00118 Roma RM,Sports club,Europe/Rome,+39 392 238 2314,"392 238 2314, +39 392 238 2314",Madiba Padel club (Owner),,,247,4.7,https://www.google.com/maps?cid=10064180150323260875,41.8166601,12.6189971,https://m.facebook.com/madibapadelclub/posts/118029267403322,m.facebook.com,https://lh3.googleusercontent.com/gps-cs-s/AG0ilSzau7KeU5ZxP3LsxWqGz6-gDelW_MnsuwTUJ1269IPrQFOYEz8tWYqxkhbNOt6H9oNxpTwbStYCQnRf_ArnJwaM322gAR5rdaM2iBRBL7H78bG3iQ4HfXChYB0GUi_3oFGtRN0,ChIJo4bAsLmJJRMRyy2OP4Ymq4s,padel
ONE Padel - Winner Memorable Center,"Via Giuseppe Parini, 4",00012 Setteville RM,Padel club,Europe/Rome,+39 348 587 3150,"348 587 3150, +39 348 587 3150",ONE Padel - Winner Memorable Center (Owner),"eventi@realtyonesport.it,winnersportssdsrl@legalmail.it","facebook: https://www.facebook.com/winnermemorablecenter
instagram: https://www.instagram.com/winnercenter_
linkedin: https://www.linkedin.com/company/winner-memorable-center",26,4.7,https://www.google.com/maps?cid=6232846676335036101,41.9427596,12.6529277,https://winnercenter.it/,winnercenter.it,https://lh3.googleusercontent.com/p/AF1QipNUnmLoEEbEr8WJ1a2_wgq8CgVGxFR027HhlVqo,ChIJMwpnDhR7LxMRxYZscgeFf1Y,padel
Joy Padel Club,"Via di Torre Spaccata, 155",00173 Roma RM,Padel club,Europe/Rome,+39 06 8393 6860,"06 8393 6860, +39 06 8393 6860",Joy Padel Club (Owner),joypadelclub@gmail.com,"facebook: https://www.facebook.com/JoyPadelClub
instagram: https://www.instagram.com/joypadelclubroma",427,4.6,https://www.google.com/maps?cid=5886776971100535738,41.8629175,12.5841257,http://www.joypadelclub.com/,joypadelclub.com,https://lh3.googleusercontent.com/gps-cs-s/AG0ilSwXDLbPtLbE_o2Bl1yhJMvqdghh1b1M5mYY8cxyWERjD3OkxROlrGNAuhS64M9ztBoVJf_6ivD-hfdykNLokv9pQgWZT8lFv6yMvtroj-41L33aiYgG7BVeQ5gpeAyk0jMpCCE,ChIJfdfBWz1jLxMRurtlOncIslE,padel
Sunny Padel,"Via Giulio Vincenzo Bona, 103",00156 Roma RM,Sports club,Europe/Rome,+39 329 146 4256,"329 146 4256, +39 329 146 4256",Sunny Padel (Owner),,instagram: https://www.instagram.com/sunnypadel,48,4.8,https://www.google.com/maps?cid=14231103013208169789,41.9258101,12.6033943,http://sunnypadel.it/,sunnypadel.it,https://lh3.googleusercontent.com/p/AF1QipN1-pNIECLJ4xBSBWWApQlJU-g_T5aVZOtPVI6X,ChIJS6PxGXdjLxMRPZ1DeMoIf8U,padel
Contra Padel SSD,"Via Mattia Battistini, 149",00167 Roma RM,Sports club,Europe/Rome,+39 366 458 6346,"366 458 6346, +39 366 458 6346",Contra Padel SSD (Owner),ssdcontrapadel@gmail.com,"facebook: https://www.facebook.com/contrapadelssd
instagram: https://www.instagram.com/contrapadelssd",130,4.7,https://www.google.com/maps?cid=12129818875015784508,41.9094624,12.4174451,https://contrapadelit.matchpoint.com.es/index.aspx#1,matchpoint.com.es,https://lh3.googleusercontent.com/gps-cs-s/AG0ilSyexVLt6gFsE4C5_o6iAgvvapYKWEUuWNI6ABOxiAuWsT0_diXWwYPDyWmMBDuf25jUegvXyt-2ccFGS-udza3fY5w2ihEr-oNzqroW9f34pNsocHNpPpbk7yb7Ia6kiMef4Nw,ChIJpe8l2zpfLxMRPOgkEwDGVag,padel
Padel Club Guidonia,"Via Casal Bianco, 116",00012 Guidonia Montecelio RM,Sports club,Europe/Rome,+39 392 309 3033,"392 309 3033, +39 392 309 3033",Padel Club Guidonia (Owner),,,65,4.8,https://www.google.com/maps?cid=5195330902721977500,41.975026,12.7010046,http://www.padelclubtivoliguidonia.it/,padelclubtivoliguidonia.it,https://lh3.googleusercontent.com/gps-cs-s/AG0ilSyOfTJ1prq527yFcDM7D-RH5LNUCxItwoPbYeQ3niINp_5INwKd-BcX7DqGUCdCUg6zGA2lAHGv_RyydvHFHFrabcDtl00Mw1QFcXn3bHi_mpWEqY7t-oLiwPfKlWsjkNiMUX_z3w,ChIJibE8i2t7LxMRnFxaE-6FGUg,padel
Reserva Padel Club,"Via di Torrenova, 32",00133 Roma RM,Padel club,Europe/Rome,+39 391 919 6368,"391 919 6368, +39 391 919 6368",Reserva Padel Club (Owner),,,23,4.8,https://www.google.com/maps?cid=12926055905303992439,41.866214,12.6179985,https://reservapadelclub.it/,reservapadelclub.it,https://lh3.googleusercontent.com/p/AF1QipOvrIcS8AwERY6n1eJymVdo7c-ILxzKfEBWnlG5,ChIJn-96altjLxMRdxh8VlyTYrM,padel
Bola Padel Club,"Via Luigi Perna, 26",00142 Roma RM,"Padel club, Sports club",Europe/Rome,+39 06 4566 6306,"06 4566 6306, +39 06 4566 6306",Bola Padel Club (Owner),bolapadelclub@gmail.com,"facebook: https://www.facebook.com/bolapadelclub,https://www.facebook.com/otticabargeroroma
instagram: https://www.instagram.com/bolapadelclub",577,4.6,https://www.google.com/maps?cid=631228231874528184,41.8466004,12.4809105,http://www.bolapadelclub.com/,bolapadelclub.com,https://lh3.googleusercontent.com/gps-cs-s/AG0ilSxP7mnl7-_aYYJCwyCk_4pdCFEmqMg7OADDiLwgbEKGiTwnqxgUaaqGGCDhX-2fQYGqIfUIcZKwsasAVH5mpIogr0zzcnq26GGJjwE44KoPqaJhQV7ZxY6XFaUlDMZbMSOrhco-FA,ChIJlaVIMfSKJRMRuEMUhbuSwgg,padel
Selecto Padel Club,"Via della Tenuta di Torrenova, 90",00133 Roma RM,Padel court,Europe/Rome,+39 351 280 4546,"351 280 4546, +39 351 280 4546",Selecto Padel Club (Owner),,,87,4.6,https://www.google.com/maps?cid=15287729148143232861,41.8573156,12.6154107,,,https://lh3.googleusercontent.com/p/AF1QipOVX8aBSdhL_VaKbqqmeO50xs7uDVJDNKPIXoIp,ChIJqbt8JGpjLxMRXWd2kansKNQ,padel
Golden Padel Club,"Via dei Ruderi di Torrenova, 2",00133 Roma RM,Padel club,Europe/Rome,+39 348 564 8290,"348 564 8290, +39 348 564 8290",Golden Padel Club (Owner),,"facebook: https://www.facebook.com/playtomic.io
instagram: https://www.instagram.com/playtomic
linkedin: https://www.linkedin.com/company/playtomic
youtube: https://www.youtube.com/@playtomic_app",35,4.7,https://www.google.com/maps?cid=1807965139703369529,41.866453,12.6056552,https://playtomic.io/golden-padel-giardinetti/d4d6f942-b4ce-4b5a-873b-127e21f8efd1?q=PADEL~2022-04-07~~~,playtomic.io,https://lh3.googleusercontent.com/p/AF1QipMCNrydnjaGTWLGG8XMyKeWFclRbJc7a_jhYKvM,ChIJnbNszWBjLxMROQ9PLrcuFxk,padel
Asd Padel Cat Roma Marconi,"Lungotevere Dante, 277",00146 Roma RM,Sports club,Europe/Rome,+39 335 661 2285,"335 661 2285, +39 335 661 2285",Asd Padel Cat Roma Marconi (Owner),,,114,4.7,https://www.google.com/maps?cid=16683586915887601056,41.8521093,12.4644925,,,https://lh3.googleusercontent.com/p/AF1QipODEeAMJiL5AjNk-F8dpXxO46QBWV-PSDqIOaPr,ChIJrwKb2POLJRMRoNXVFOgBiOc,padel
Padel Town,"Via Mondaino, 43",00125 Roma RM,Sports club,Europe/Rome,+39 331 333 0708,"331 333 0708, +39 331 333 0708",Padel Town (Owner),,,97,4.5,https://www.google.com/maps?cid=5832400095855414316,41.7788417,12.3712632,,,https://lh3.googleusercontent.com/gps-cs-s/AG0ilSwvmacvchKaN1JBoILpxDOwfAKfgWRNzB7LiUCKPGnyOBwDRM44PhYOhq5rZRp0YhNDFv7XyW0-PyvIzR1SJTrOallA_4VEe9G0TLX_hTAiwps2KLox5L8ZdYFdi52fvQTcUxfv,ChIJu8VQLITzJRMRLIxqXfzY8FA,padel
BLACK PADEL CLUB ROMA,"Via di Tor Bella Monaca, 497",00133 Roma RM,Padel court,Europe/Rome,+39 393 998 3362,"393 998 3362, +39 393 998 3362",BLACK PADEL CLUB ROMA (Owner),,,39,4.9,https://www.google.com/maps?cid=12222464596131940308,41.8707902,12.6356665,https://www.instagram.com/black_padel?igsh=d2t4em1vOHplc3pk,instagram.com,https://lh3.googleusercontent.com/p/AF1QipNNBpChkt6rBTl7UbtzTGEtLWgTwww5OROp-oPa,ChIJ79CNHV59LxMR1Ic79Mrqnqk,padel
Padelife Roma,"Via Silicella, 158",00169 Roma RM,Sports club,Europe/Rome,+39 342 367 9922,"342 367 9922, +39 342 367 9922",Padelife Roma (Owner),info@padelife.net,"facebook: https://www.facebook.com/padelife.net
instagram: https://www.instagram.com/padelife_net",103,4.5,https://www.google.com/maps?cid=10486044164126618802,41.8578669,12.5970809,http://www.padelife.net/,padelife.net,https://lh3.googleusercontent.com/p/AF1QipPuIU9vN7mWQDpb2-SQ0tntUPOosEAF1aiNKpa6,ChIJlfVmRoZjLxMRsjTTHZzphZE,padel
Forte Padel Club,"Via Castore Durante, 88",00171 Roma RM,"Padel club, Sports club",Europe/Rome,+39 351 511 4571,"351 511 4571, +39 351 511 4571",Forte Padel Club (Owner),,,166,4.5,https://www.google.com/maps?cid=4398363951120194982,41.8922866,12.5703375,http://www.fortepadel.com/,fortepadel.com,https://lh3.googleusercontent.com/gps-cs-s/AG0ilSxGd89NTQ2JV51qRoKzV3dY9ShoRUIsg3EMe8VGx_At5PYlUW0WXEBmiyvyCBzlfaCu55tSalMefJTlCFB9yplg7HiwRLPW97zf-QlbRO2wVxTGeSgzOJ54dy7eHvFDAnbnR77VKQ,ChIJtzrc7HxjLxMRph1nw7UgCj0,padel
Padel Giustiniana Roma,"Via della Giustiniana, 953",00189 Roma RM,Padel court,Europe/Rome,,,Padel Giustiniana Roma (Owner),,,43,4.8,https://www.google.com/maps?cid=14318723881782895016,41.9940789,12.4237104,,,https://lh3.googleusercontent.com/p/AF1QipNaL5eume1yevnXGB87JL-IBUuBLAlqweaTafpo,ChIJMTN-7e5dLxMRqGGSsoFTtsY,padel
Acquedotto Padel Club,"Via delle Nespole, 116",00172 Roma RM,"Padel court, Fitness center, Sports complex",Europe/Rome,+39 06 230 6479,"06 230 6479, +39 06 230 6479",Acquedotto Padel Club (Owner),,,195,4.1,https://www.google.com/maps?cid=13714772545885196500,41.8778889,12.5844108,,,https://lh3.googleusercontent.com/gps-cs-s/AG0ilSyqi7mEjqu4RXiu1nq7OwA3y64LiiuyWUltpgopPuAv6-29WUamGW5RmfxiDrhKRWrWQh90mukEsaI6zVlPQNa-SShrY3QBdyE4WYJU2mJ8nxC4mc7Zm2fPg1iKiqA78J_ktqP-,ChIJLUIM0PJiLxMR1FDEbPeoVL4,padel
Newton Padel Club,"Vicolo di Papa Leone, 131",00148 Roma RM,"Padel club, Sports club",Europe/Rome,+39 339 581 7664,"339 581 7664, +39 339 581 7664",Newton Padel Club (Owner),,,52,4.6,https://www.google.com/maps?cid=14259424624031292964,41.8423483,12.4437272,,,https://lh3.googleusercontent.com/gps-cs-s/AG0ilSxVW7NasaAimgPHyI9xt05D8s_RelgocQ4LsaidlEGm-2SICKePAbwld3viYs7ps87glSvkjtr4zUzsW3T-BME_z2sc_FPoAz0E30r_F_vRXe0NMGcp8-AKe4aYRlIbM9zrN98UnXTFeHUM,ChIJ_0THcaWLJRMRJN7XWCWn48U,padel
Villa Pamphili Padel Club,"Via della Nocetta, 107",00164 Roma RM,"Padel club, Clothing store, Contractor, Sports school",Europe/Rome,+39 366 359 0340,"366 359 0340, +39 366 359 0340",Villa Pamphili Padel Club (Owner),info@villapamphilipadel.com,facebook: https://www.facebook.com/VillaPamphiliPadelClub,120,4.6,https://www.google.com/maps?cid=16890023277477027038,41.8829062,12.4324866,http://villapamphilipadel.com/,villapamphilipadel.com,https://lh3.googleusercontent.com/gps-cs-s/AG0ilSz-IWWmAmYVufo2nICEftE1uTrNT3NT9w54KxF7ptVBCGMC0YO9lkSQ30MPjIq5s5PwUgbNEun8N9vCtMYMy7yxOAr_Uw6jB4LKQvcUafZVyE_wDQKFAuBH12ioV2jHKkZ1GQM,ChIJddRCdKBfLxMR3twYBq9qZeo,padel
Smash Padel Roma,"Via Bosco Marengo, 15",00166 Roma RM,Padel court,Europe/Rome,+39 320 979 5699,"320 979 5699, +39 320 979 5699",Smash Padel Roma (Owner),,,32,4.1,https://www.google.com/maps?cid=5743830359417601138,41.8931305,12.3646441,,,https://lh3.googleusercontent.com/gps-cs-s/AG0ilSz9A7FHQ2WdTQZDvscIHKBgmH5NzBv-ikku3qXK-LbEBTXPW54WpmzYQRyBLBi0msqTw4OX5Pe7EBwCWe3c4V5aana2hMaNTfjaa6C8NZGPYmi3ZBXL7_dJ-Dcoum5x9SAQjkE-,ChIJKd5_oehfLxMRcrwwn0cvtk8,padel
Atletico Padel Club,"Via di Centocelle, 195","c/o Atletico, 2000",Padel club,Europe/Rome,+39 328 069 6775,"328 069 6775, +39 328 069 6775",Atletico Padel Club (Owner),,,97,4.3,https://www.google.com/maps?cid=7991109905605215078,41.8698521,12.5510569,https://www.facebook.com/atleticopadel/?modal=composer&notif_id=1520367202802566&notif_t=aymt_make_page_post_tip&ref=notif,facebook.com,https://lh3.googleusercontent.com/p/AF1QipPdffm_8asneT3U0D7Q1bcFvN5MJM_5rzS4R0hI,ChIJIWoZeQ1iLxMRZkO01B4g5m4,padel
WORLD Aurelio PADEL Center,"Via S. Vitaliano, 30",00168 Roma RM,Padel court,Europe/Rome,+39 377 311 7923,"377 311 7923, +39 377 311 7923",WORLD Aurelio PADEL Center (Owner),segreteria@worldaureliopadelcenter.it,"facebook: https://www.facebook.com/worldcenteraurelio
instagram: https://www.instagram.com/worldaurelio_padelcenter",19,4.6,https://www.google.com/maps?cid=17930874913129696785,41.9090677,12.4111042,https://www.worldaureliopadelcenter.it/,worldaureliopadelcenter.it,https://lh3.googleusercontent.com/gps-cs-s/AG0ilSxLLLanoYzofC47jBOqyufaKLfdfRd6XEQW1EMgcBGAEkWaIcKGXQmf_h3XkPnibogkDLv0cR_i07aNLVYRcPELAeThwY9oPDHb_1whYJvX4JtzEEcyknHRmnP16hvsHtpkysIOog,ChIJ5xeFLE1fLxMREQ4PTbtD1_g,padel
Padel club Tivoli Terme,"Via Cesurni, 14",00019 Tivoli Terme RM,"Sports club, Padel club, Padel court, Sports complex, Sports school",Europe/Rome,+39 351 910 5855,"351 910 5855, +39 351 910 5855",Padel club Tivoli Terme (Owner),,,60,4.6,https://www.google.com/maps?cid=13314820361652452421,41.937817,12.7162603,http://www.padelclubtivoliterme.it/,padelclubtivoliterme.it,https://lh3.googleusercontent.com/p/AF1QipNeABIYZnIcJYiD3vAn2p_iM_7yFTTJ6uijtOTl,ChIJzbtEJGR5LxMRRbxu8JK-x7g,padel
Play! Padel,"Via Matteo Bartoli, 153",00143 Roma RM,Sports club,Europe/Rome,+39 342 339 2287,"342 339 2287, +39 342 339 2287",Play! Padel (Owner),segreteriaplaypadel@gmail.com,,41,4.5,https://www.google.com/maps?cid=14754693307536550384,41.8189647,12.4906858,https://playpadel-it.matchpoint.com.es/,playpadel-it.matchpoint.com.es,https://lh3.googleusercontent.com/gps-cs-s/AG0ilSw3z6vrw2JL444c1oOi5y1u3rABN9Z0j7-GU6B-bk390PLa8L9yPh0yu6tS7JT4xpW-u7eSWkHLx9ZdlfGSb_VtHUfEMvRxigdkWR-XL_9rqRFJQygTvZHS6gWDrxf6gKOFFntQ,ChIJHTL2LW-LJRMR8KmMtWMzw8w,padel
Padel Star Talenti,"Via Nomentana, 858",00137 Roma RM,Sports club,Europe/Rome,+39 345 229 3339,"345 229 3339, +39 345 229 3339",Padel Star Talenti (Owner),,,146,4.6,https://www.google.com/maps?cid=2289906574607997634,41.9396087,12.5516757,,,https://lh3.googleusercontent.com/gps-cs-s/AG0ilSxm0aLz0j3wVJgPRdN1tM87C5_DBA10KR__fGVzA-8CoyJF_9w8ZA-cjAS4yHoA6MU40_FzTJE48LdeVVAu0R2qXOVxasGPlVh3gtpDptfHUWNMNxm6wFtmcmFUKHFllRy8o2pR,ChIJSwSgVOBjLxMRwlpXrOVhxx8,padel
Pro Padel Academy - Guidonia,"Via Enzo Ferrari, 19",00012 Guidonia Montecelio RM,Sports club,Europe/Rome,+39 353 393 7771,"353 393 7771, +39 353 393 7771",Pro Padel Academy - Guidonia (Owner),info@pro-padel.it,"facebook: https://www.facebook.com/ProPadelAcademy,https://www.facebook.com/Pro-Padel-Academy-101370492710911
instagram: https://www.instagram.com/pro_padel_academy",69,4.8,https://www.google.com/maps?cid=2635714645425707406,41.9457855,12.6826286,https://www.pro-padel.it/,pro-padel.it,https://lh3.googleusercontent.com/gps-cs-s/AG0ilSykTuxaBUgibEiJlYbwCm1wNSYjMb62XG2o0yk_mohVMHGAwPzBfuzsCgdQjc50eyObtn6lpN1Y52ToC9wWgYEOfGRQsraXbGMKwOPvpsJKNLeRadn5_weq2eaqxF6e26O2-yq4,ChIJ-0XxTP17LxMRjtnkYYHwkyQ,padel
Aurelia Padel,"Via del Casale di S. Pio V, 34",00165 Roma RM,"Padel club, Social club, Sports complex",Europe/Rome,+39 347 826 9488,"347 826 9488, +39 347 826 9488",Aurelia Padel (Owner),,"facebook: https://www.facebook.com/playtomic.io,https://www.facebook.com/AureliaPadel
instagram: https://www.instagram.com/playtomic
linkedin: https://www.linkedin.com/company/playtomic
youtube: https://www.youtube.com/@playtomic_app",214,4.2,https://www.google.com/maps?cid=17537531057753575112,41.8919017,12.4339343,https://playtomic.io/tenant/a8805520-c0d6-4ef4-9e1e-ddcd4c751c36?utm_source=app_ios&utm_medium=share,playtomic.io,https://lh3.googleusercontent.com/p/AF1QipNM_gF9BAJwf-em-QTMUk5mDjRrUnCIjM4AquJv,ChIJvVKD2eBfLxMRyE7IRpTTYfM,padel
Padel Club Casalotti,"Via Borgosesia, 315",00166 Roma RM,Sports club,Europe/Rome,+39 351 385 7373,"351 385 7373, +39 351 385 7373",Padel Club Casalotti (Owner),,,89,4.5,https://www.google.com/maps?cid=2864866346697684164,41.907537,12.3622388,,,https://lh3.googleusercontent.com/gps-cs-s/AG0ilSwnM5BFYipe-2xYVKDmAIKXRymthDOI7rXek49vdZA3QqHv7dPvXFKW1Ln9eONNTLB53yAIzS2TM4aMSxYJthOc70SW0STS02bA50Q02eh8u0T8crR2kV6r4dK28dK4jl_hh263yQ,ChIJaakv6jtfLxMRxPTie8MMwic,padel
Padel Colli Portuensi 2,"Via di Affogalasino, 28",00148 Roma RM,Padel court,Europe/Rome,+39 351 714 2677,"351 714 2677, +39 351 714 2677",Padel Colli Portuensi 2 (Owner),,,88,4.6,https://www.google.com/maps?cid=236285739750263558,41.8641166,12.4347505,,,https://lh3.googleusercontent.com/gps-cs-s/AG0ilSzoL6I2iQZyMHZqor-UG_PrzQQGXgVc1fdOijIqAMTn5PmJUeTXgZqj625LiCaF5se40L4lVPuY2QjigbrVcAtsvzxzRKKQz552_ocNvf-eDkBP7cnhCSGh10teta_rfG8EOjjU,ChIJ05426gv1JRMRBgtO36B0RwM,padel
Pro Roma Padel Club,"Via Verrio Flacco, 41",00177 Roma RM,Padel club,Europe/Rome,+39 347 551 0063,"347 551 0063, +39 347 551 0063",Pro Roma Padel Club (Owner),,,27,4.7,https://www.google.com/maps?cid=1341749348603946250,41.8953268,12.5434947,,,https://lh3.googleusercontent.com/gps-cs-s/AG0ilSzkPuJe4SaMjtmGdXt1S2pnw5Y37CRbbv6gMDGk_xAjTToFt9D9p-C27CWFO5nyyAcDuMbG-LECTHnb3t0IBlqrcTLayEMXIZ1PWxKKhQMJLlOuDi9NozD_jauH3Ljt-am9TsA,ChIJdRiRXK9jLxMRCmUmdezZnhI,padel
King Padel Academy,"Viale della Primavera, 64",00172 Roma RM,Tennis club,Europe/Rome,+39 375 700 3898,"375 700 3898, +39 375 700 3898",King Padel Academy (Owner),,,62,4.8,https://www.google.com/maps?cid=15066453716267393647,41.8850412,12.55959,https://www.instagram.com/kingpadelacademy/,instagram.com,https://lh3.googleusercontent.com/p/AF1QipMNilBF6bUnFocSdVupdShvyNXnJcqz3xa9c8mq,ChIJVxDM7jFjLxMRb2L7VtTLFtE,padel
Stella Azzurra Padel Club,"Via dei Cocchieri, 11",00146 Roma RM,Padel club,Europe/Rome,+39 328 430 7288,"328 430 7288, +39 328 430 7288",Stella Azzurra Padel Club (Owner),stellaazzurrapadleclub@gmail.com,"facebook: https://www.facebook.com/stellaazzurrapadelclub
instagram: https://www.instagram.com/stellaazzurra_padelclub",48,4.9,https://www.google.com/maps?cid=13203591884164862854,41.8500206,12.4709015,https://campipadelroma.it/,campipadelroma.it,https://lh3.googleusercontent.com/p/AF1QipOlVnLpR_GPP1EO-8pQo-o4SoTzJFt6sX0M2lrw,ChIJg6iPGnO1WkwRhpPg7tyUPLc,padel
Màs Padel,"Via della Bufalotta, 663",00139 Roma RM,"Padel club, Padel court",Europe/Rome,+39 339 597 4978,"339 597 4978, +39 339 597 4978",Màs Padel (Owner),,,113,4.5,https://www.google.com/maps?cid=1002579064033464648,41.9648213,12.5452022,,,https://lh3.googleusercontent.com/gps-cs-s/AG0ilSxYB0oiQM5SwuBQC2H2VIEgVrin1nCnx29k-wLilasirvBgarFvTT4ttIbZumrTNoHo5C3ysUCfDGMThMs6VF-INKsje_p1GSd8u0u1XLHvfHfanxH8dHFPPtyaoQAtvoYNnSgl,ChIJE4Tk8jtkLxMRSFH1yljg6Q0,padel
The One Padel - Campi di Padel Indoor climatizzati,"Via di Vigna Girelli, 88",00148 Roma RM,Padel club,Europe/Rome,+39 351 596 7851,"351 596 7851, +39 351 596 7851",The One Padel - Campi di Padel Indoor climatizzati (Owner),"the.one.i@gmail.com,the.one.padel.1@gmail.com","facebook: https://www.facebook.com/TheOnePadelClub
instagram: https://www.instagram.com/theonepadelclub",137,4.6,https://www.google.com/maps?cid=13947135576678149882,41.8412855,12.4283299,https://theoneit.matchpoint.com.es/,theoneit.matchpoint.com.es,https://lh3.googleusercontent.com/gps-cs-s/AG0ilSziXtcqo5qKj_3-BxiLia_m_T2vNdLzuQVx9X8d4qsSdga7U1W4Hu-EnkIY8sUErEWz5lGCKhYRaUcV0-mK6JETOJaH0xstpuwnpRxwcjkdlCkC6IeiMLBQiDphQna5Tba59NM-NQ,ChIJzdE9WRH1JRMR-i4dcuktjsE,padel
Old Tower Padel,"Via di Torrevecchia, 672",00168 Roma RM,Padel club,Europe/Rome,+39 393 031 1976,"393 031 1976, +39 393 031 1976",Old Tower Padel (Owner),,,134,4.4,https://www.google.com/maps?cid=18346874463982205490,41.92099,12.4101597,,,https://lh3.googleusercontent.com/gps-cs-s/AG0ilSwpiv_BL_p3Ls6weAcgu114N0_oXsG0tflydkA9Hf7WhdNBHJdaQRehfF1C2CC7l0_cJJRhE7_7Nm6CBVTIToKn8NpihEWBhgPvrRfdMLsEQkgfxCrIFF4WcJv_Z2UBsmu5S8x6,ChIJ0XU5X41fLxMRMjpYfB4xnf4,padel
Montesacro Padel,"Via Clelia Bertini Attilj, 35",00137 Roma RM,Padel club,Europe/Rome,+39 349 453 5487,"349 453 5487, +39 349 453 5487",Montesacro Padel (Owner),,,116,4.6,https://www.google.com/maps?cid=10661212028110248720,41.9411807,12.5432482,https://instagram.com/montesacro_padelclub?igshid=q8zptt9itltc,instagram.com,https://lh3.googleusercontent.com/gps-cs-s/AG0ilSx5EbDfgxk8MIJu3r4WGEaT59OkwzW3O5fiovi8dkL-i9HirR_2DUntvSD93hBgk2w81YvO7zOI33JUW_TsmMiG1KmpA46Zjz0-TF9VBTgPy7ILEDRyIEuVjfpQ7fHLUnendp-1,ChIJnaiQ_NllLxMREBuioto79JM,padel
Atletico Lodigiani Padel,"Via Giuseppe Rosaccio, 100",00156 Roma RM,Sports club,Europe/Rome,+39 327 381 3723,"327 381 3723, +39 327 381 3723",Atletico Lodigiani Padel (Owner),segreteria@atleticolodigianipadel.it,"facebook: https://www.facebook.com/AtleticoLodigianiOfficial
instagram: https://www.instagram.com/atletico.lodigiani",70,4.3,https://www.google.com/maps?cid=4003538547392905958,41.93404,12.5816602,https://www.atleticolodigiani.eu/padel/,atleticolodigiani.eu,https://lh3.googleusercontent.com/p/AF1QipMMgM8i8eD4DnvXxwzfrgZJqmyVPX_pW99as2Dh,ChIJs4IDy_VjLxMR5gLw4Rhtjzc,padel
Infinito Padel Club,"Via di Santa Cornelia, 238",00188 Roma RM,"Padel court, Playground",Europe/Rome,+39 327 956 9904,"327 956 9904, +39 327 956 9904",Infinito Padel Club (Owner),,,49,4.6,https://www.google.com/maps?cid=4010317875697315936,42.0235529,12.4571595,https://www.facebook.com/infinitopadelclub/,facebook.com,https://lh3.googleusercontent.com/gps-cs-s/AG0ilSxQweZJzIr2SG8EWiVzl1mo9X1stVxzZ5vARLwt_Q3LQV6UHgyc74s2BsBJ5Cups9kpzMAU7P1-5OcrBNVa6w1cM1gV64FYniFKKENtax4H3KPvLh-Amx0A8AL7YtgipFFMyOZVVw,ChIJo_q8TeFnLxMRYHBWQdyCpzc,padel
World Aurelio Padel Center,"Via Giambattista Soria, 19",00168 Roma RM,"Padel court, Futsal court, Outdoor swimming pool, Sports complex, Playground",Europe/Rome,+39 345 522 7951,"345 522 7951, +39 345 522 7951",World Aurelio Padel Center (Owner),segreteria@worldaureliopadelcenter.it,"facebook: https://www.facebook.com/worldcenteraurelio
instagram: https://www.instagram.com/worldaurelio_padelcenter",95,4.4,https://www.google.com/maps?cid=10834261301288873982,41.9091192,12.4101116,https://www.worldaureliopadelcenter.it/,worldaureliopadelcenter.it,https://lh3.googleusercontent.com/gps-cs-s/AG0ilSw19H-Anixls5k_aD5Wv2vNHdEfUpLoVYOehndoNyL7Qa3QGlAK22NlrY_QeFfguoLFZZfW9MstIj4T7xQ-XnEyJeLLsD0ktjGfG0iOoaY0HpwgItoK8kJkwQ1YnQ7bfJViiH-0-Q,ChIJWUiUDlVfLxMR_q8VS0AHW5Y,padel
Jolly Padel Club,"Via Concesio, 64",00188 Roma RM,Sports club,Europe/Rome,+39 351 501 3062,"351 501 3062, +39 351 501 3062",Jolly Padel Club (Owner),,,125,4.6,https://www.google.com/maps?cid=774297165137897580,42.0063638,12.4858085,,,https://lh3.googleusercontent.com/gps-cs-s/AG0ilSxtvg8l-Ux-xR2QYGAiQeT2Z6J_do2NXVz9OKxPYbSQ82-W9Ba6JwG0qyvZVJWh52cocAJ6AMk2XxzmY2PM3ovqHuGAR-1_x7s07z3M9RXKkXh5rWa1D6t6BNA0HydOwGaIbVIR,ChIJhxN0f1FnLxMRbOiiVivbvgo,padel
Fly Padel,"Via Appia Nuova, 1",00043 Zona Industriale Appia Nuova RM,Sports club,Europe/Rome,+39 351 532 4825,"351 532 4825, +39 351 532 4825",Fly Padel (Owner),,,57,4.8,https://www.google.com/maps?cid=1843734318829630349,41.7859657,12.598876,https://m.facebook.com/FlyPadelCiampino/?tsid=0.5936325623103352&source=result,m.facebook.com,https://lh3.googleusercontent.com/p/AF1QipOCwmYyl0LeSfOte15C4B8Xk3zybjsx7JZ0S0GC,ChIJr-zYxlSJJRMRjXMJLphClhk,padel
ROMA PADEL TEAM,"Via di Tor Pagnotta, 351",00143 Roma RM,"Padel club, Association / Organization, Padel court, Travel agency",Europe/Rome,+39 347 516 1597,"347 516 1597, +39 347 516 1597",ROMA PADEL TEAM (Owner),romapadelteam@libero.it,,18,5,https://www.google.com/maps?cid=14149743102155862325,41.8045737,12.5166273,https://www.romapadelteam.com/,romapadelteam.com,https://lh3.googleusercontent.com/gps-cs-s/AG0ilSwfGfmdI2h9kXhQ0gCYPNvemaKN59FyGV7LrIA4SYW4_gjdZxVn8vXP5YMtGViEwv7ZFh2Hgvy6gXhb2Sgu2J3FvMsgr82H4BOraFF3FLRVTdP6x04OQzdxFL5wTUwg5XseW1A,ChIJkaWdKF2NJRMRNbEIA2L8XcQ,padel
Mava Padel club,"Via Gussago, snc",00188 Roma RM,Padel club,Europe/Rome,+39 335 613 2960,"335 613 2960, +39 335 613 2960",Mava Padel club (Owner),,,22,4.8,https://www.google.com/maps?cid=12359021731059095033,41.9978445,12.4872053,,,https://lh3.googleusercontent.com/p/AF1QipN33XwRkA0Qud0rG84j_lzwu6iF8w9StkmSgfOG,ChIJ1Y9sAR5nLxMR-VUck8gQhKs,padel
Royal Padel asd,"Viale Esperia Sperani, 112",00135 Roma RM,Sports club,Europe/Rome,+39 351 919 1730,"351 919 1730, +39 351 919 1730",Royal Padel asd (Owner),,,47,4.4,https://www.google.com/maps?cid=4093918564499778273,41.9614455,12.3961823,https://www.facebook.com/Royal-padel-asd-102912755469579/,facebook.com,https://lh3.googleusercontent.com/gps-cs-s/AG0ilSzJLFraODHENx-14PwKTcX0RmTfqOzvrfqIOQhCR8d2LW0E7CE8jyu8ZZv9wx3e6IgPho9Ig5E2o2S7lzuJEDD2heWJ9K2PIGRM9sUazqR5aRudTlHPwX9wjLIiwcQbcWr-d5o4,ChIJS4k9L2ZdLxMR4epicD6F0Dg,padel
Tor di Quinto Padel Club,"Via del Baiardo, 25",00191 Roma RM,Sports club,Europe/Rome,+39 349 777 5878,"349 777 5878, +39 349 777 5878",Tor di Quinto Padel Club (Owner),,,59,4.1,https://www.google.com/maps?cid=14376869618112119183,41.9431144,12.4917014,https://www.facebook.com/tordiquintopadelclub,facebook.com,https://lh3.googleusercontent.com/p/AF1QipNX-UQV2m1rx-SXuLQTGUxMzbf7OinJ31MIqdym,ChIJV26XmcxgLxMRj8Gt6b7mhMc,padel
Eur Paddle Club,"Via dei Georgofili, 26/30",00147 Roma RM,Sports club,Europe/Rome,+39 392 696 4717,"392 696 4717, +39 392 696 4717",Eur Paddle Club (Owner),,,220,4.3,https://www.google.com/maps?cid=7829061257207052957,41.8536924,12.4906432,,,https://lh3.googleusercontent.com/gps-cs-s/AG0ilSwyNHyu7wj9ijUyyKDBzqy3925yqGAuVRXc_5u_wnSGRbMXOU3N90cekVc5SMOyO80_3v1HUw_tl129qlq50faLDZc1w6N94lxO1xUuP7qNRwtkO3TqFr8kB8aXL7cTzOTa78Gomw,ChIJdbIcF2SKJRMRnXqZuLtppmw,padel
Tweener Padel Club,"Via delle Cisternole, 12",00044 Frascati RM,Padel club,Europe/Rome,+39 379 112 2080,"379 112 2080, +39 379 112 2080",Tweener Padel Club (Owner),,"facebook: https://www.facebook.com/p/Tweener-Padel-Club-61557884255337
instagram: https://www.instagram.com/tweenerpadelclub
tiktok: https://www.tiktok.com/@tweenerpadelclub",28,4.8,https://www.google.com/maps?cid=15063864150581251679,41.8231293,12.6802718,https://tweenerpadelclub.it/,tweenerpadelclub.it,https://lh3.googleusercontent.com/p/AF1QipMmCCvb6OhI_qwPZZATUr8XsVch6M77V2gkSela,ChIJW7fyN7mHJRMRXw4jGKKYDdE,padel
Blu Padel Club Roma,"V. di Settebagni, 336",00139 Roma RM,Sports club,Europe/Rome,+39 331 743 7850,"331 743 7850, +39 331 743 7850",Blu Padel Club Roma (Owner),,"instagram: https://www.instagram.com/bluvillageroma,https://www.instagram.com/acr_footballclub",66,4.5,https://www.google.com/maps?cid=9576127509982903931,41.9677843,12.5457477,http://www.bluvillage.it/,bluvillage.it,https://lh3.googleusercontent.com/p/AF1QipM1YVK5PgvBGZwKI_9kfE-ozovbPMgmUQv9TtfL,ChIJPcFkdellLxMRe35g3Ds95YQ,padel
Padel Colli Portuensi,"Viale dei Colli Portuensi, 250",00151 Roma RM,Sports club,Europe/Rome,+39 348 072 5836,"348 072 5836, +39 348 072 5836",Padel Colli Portuensi (Owner),,,226,4.3,https://www.google.com/maps?cid=6316825360961880636,41.8678853,12.4435672,https://www.facebook.com/padelcolliportuensi,facebook.com,https://lh3.googleusercontent.com/gps-cs-s/AG0ilSw3rnYmpPXGvnPXBU7ojErJAMcbNSU9gg97OCU6y4YsKZeIQA1DkdI-dYF0Vfc6EmrI0aecv7HlXGjuRm9TGXcwi22JBzbLtCEDqThRhwV3GPkor5I869toPPr6Jw5Z-wSAGtBIkA,ChIJ7divA6yKJRMRPMJPpDLfqVc,padel
Padel Maximo,"Via di Casal Boccone, 283",00137 Roma RM,"Padel court, Playground, Sports complex",Europe/Rome,+39 06 8880 5808,"06 8880 5808, +39 06 8880 5808",Padel Maximo (Owner),,,645,4.2,https://www.google.com/maps?cid=1975673471042888373,41.9655829,12.5509619,https://i78573.wixsite.com/maximo2020,i78573.wixsite.com,https://lh3.googleusercontent.com/p/AF1QipPVom6ej4PM1o4o__hPNl5qNNStO0kQhGgGFy6w,ChIJG6hUox5lLxMRtaKs6Y0Aaxs,padel
Caesars Club Padel Roma,"Via Guarene, 36",00148 Piana del Sole RM,Sports club,Europe/Rome,+39 346 479 8003,"346 479 8003, +39 346 479 8003",Caesars Club Padel Roma (Owner),caesarspadel@gmail.com,instagram: https://www.instagram.com/caesarspadelroma,69,4.7,https://www.google.com/maps?cid=4052697788081944179,41.8163681,12.3171234,https://www.caesarspadel.com/,caesarspadel.com,https://lh3.googleusercontent.com/gps-cs-s/AG0ilSxl13Rr6nzeHq_heyAts_8sDooKK5ANjCzAqrD6enGfjl6EvuUJCMD0WB5aqNfNtqJqJ3V1gr8Pz9inIbD1_w1H5I8_NvXGJEzK6RDoJbSer9bdXDQAF0-TBQh57_CmgCopMph4,ChIJAQMxES_3JRMRc7aiiCoTPjg,padel
Evodia Padel,"Via Evodia, 36",00178 Roma RM,Sports club,Europe/Rome,+39 375 622 3883,"375 622 3883, +39 375 622 3883",Evodia Padel (Owner),,,83,4.6,https://www.google.com/maps?cid=2843672277715963511,41.826869,12.5274649,,,https://lh3.googleusercontent.com/gps-cs-s/AG0ilSyXrUv1R9mRISGC9d7VxykR43qoPvmPsfwdUwiha5REnRH6-R4jxdzGnml7ax9m5R_Px1I_PuCCQyyDpU_Ax3bQOBKsNJ8uSkhxwCO077kPNUYRf_sdYlIDaxtYIJQv5SogBMEEaQ,ChIJISUeIzSLJRMRd87iwt7Adic,padel
Tiburtino Padel Club - Campi Padel,"Via F.lli Gualandi, 50",00012 Guidonia Montecelio RM,Padel club,Europe/Rome,+39 339 181 4290,"339 181 4290, +39 339 181 4290",Tiburtino Padel Club - Campi Padel (Owner),,,31,4.7,https://www.google.com/maps?cid=2143293911954417723,41.9582046,12.6961001,https://tiburtino.taykus.com/bookingTypes,tiburtino.taykus.com,https://lh3.googleusercontent.com/gps-cs-s/AG0ilSwNpTYQEGA5LwFtG4lZKqfPxGkABIxWBA7NH00yKsPyOSqkQJbj-KpT59CDzxYZEH-EpD338Wjxvg8SUu9deHOLXI8UNFEGWunoiIUzqjysB6oSjdPvr_EbQ5oJK6pBEguCOQAC,ChIJCYEb1at7LxMRO-hMD3WCvh0,padel
Country Padel Palidoro Fiumicino,Via Andrea Torresani,00054 Fiumicino RM,"Padel court, Indoor snowcenter, Padel club",Europe/Rome,+39 348 243 0833,"348 243 0833, +39 348 243 0833",Country Padel Palidoro Fiumicino (Owner),countrypadel@gmail.com,,36,4.7,https://www.google.com/maps?cid=761248072732651070,41.9469795,12.1939573,http://www.countrypadel.club/,countrypadel.club,https://lh3.googleusercontent.com/p/AF1QipNWmj51B0j3ssO9iH0kxiZugXOEqROUXF0IBORB,ChIJ7VvLsvJXLxMRPi4uwRZ_kAo,padel
Paddle Club Vis Aurelia,"Via Gioacchino Ventura, 54",00167 Roma RM,Sports club,Europe/Rome,+39 347 653 0795,"347 653 0795, +39 347 653 0795",Paddle Club Vis Aurelia (Owner),,,99,4.4,https://www.google.com/maps?cid=15483945605098335136,41.9129771,12.4256697,,,https://lh3.googleusercontent.com/gps-cs-s/AG0ilSy5PeqeBprSeuveS-X5raklErWYlivo_rILYVkd7eMWcbb7WuOXjUnVq812yyDhT131HXbYocgvNjG2QQhN48be8RetxRMjfwaO7tblsGhjlNtw31mkLK4IiujEYDTL4AYNN8EL,ChIJWSTsIs1fLxMRoGtbiX0G4tY,padel
Village Fregene Padel,"V. Agropoli, 85",00054 Fregene RM,Sports club,Europe/Rome,+39 327 284 4757,"327 284 4757, +39 327 284 4757",Village Fregene Padel (Owner),,,51,5,https://www.google.com/maps?cid=16978957954938448807,41.85459,12.2088771,https://m.facebook.com/villagefregenepadel/,m.facebook.com,https://lh3.googleusercontent.com/p/AF1QipOe1sYLx_KuZwqMSlIxQeXWSm0DN3fadJZ58N0z,ChIJHSOy9Hz5JRMRpytmOE1goes,padel
Padel-Roma,"Via di Tor Pagnotta, 351",00143 Roma RM,"Sports club, Rugby club",Europe/Rome,+39 347 516 1597,"347 516 1597, +39 347 516 1597",Padel-Roma (Owner),rrpolisportiva@gmail.com,"facebook: https://www.facebook.com/RRPadelRoma
instagram: https://www.instagram.com/__padel__roma__",13,4.6,https://www.google.com/maps?cid=13967664140142835858,41.8056083,12.5147958,https://padelroma.matchpoint.com.es/,padelroma.matchpoint.com.es,https://lh3.googleusercontent.com/p/AF1QipPbALcxy9oSjMpQKmgLtQhNdrLK4GB3tooVJGu9,ChIJu6u7yjmLJRMRkvgsF4gc18E,padel
Acsi padel Alessandrino,"Via Francesco Bonafede, 65",00172 Roma RM,Padel court,Europe/Rome,+39 348 143 9322,"348 143 9322, +39 348 143 9322",Acsi padel Alessandrino (Owner),,,45,4.3,https://www.google.com/maps?cid=14846170923195483645,41.8773861,12.5818219,,,https://lh3.googleusercontent.com/gps-cs-s/AG0ilSyhGpZ9DXuJlLS3TLU3qeao0Da84QQKIY84D9VwsGx0X5SGWImTpaKKTosFSAj689NwpZuX-QVIj7mRf2phmjHefClUtiFlsDiIEIjk7Fqeo33sBMQ4G2ZgJ9gx6LiRdsJyChM-,ChIJ4WyRrIxiLxMR_cXM18sxCM4,padel
Eucaliptos Padel Club SSD,"Via dei Monti di S. Paolo, 140",00125 Roma RM,Padel club,Europe/Rome,+39 349 665 9582,"349 665 9582, +39 349 665 9582",Eucaliptos Padel Club SSD (Owner),,,109,4.7,https://www.google.com/maps?cid=17826102166633028598,41.7940292,12.3614654,,,https://lh3.googleusercontent.com/p/AF1QipMVRVXVfVIvGwHzQ3uYZQFUSUPXM6BvTKsSIIg,ChIJXVBZmwbzJRMR9pv7S3kJY_c,padel
Flower Padel Village indoor,"Via Licio Giorgieri, 50",00163 Roma RM,Sports club,Europe/Rome,+39 320 575 2555,"320 575 2555, +39 320 575 2555",Flower Padel Village indoor (Owner),flowerpadelaurelia@gmail.com,,46,4.3,https://www.google.com/maps?cid=5947047716341314383,41.8850334,12.38741,http://www.flowerpadel.com/,flowerpadel.com,https://lh3.googleusercontent.com/p/AF1QipN9nTTJeapmJJWvCZFJwUbtHU56d0lMiMYQpvc,ChIJtyh_ZlRfLxMRT3PSomMoiFI,padel
A.S.D. Valle Giulia Padel,Viale delle Belle Arti 14A,"Via di Villa Giulia, 47",Sports club,Europe/Rome,+39 328 936 6123,"328 936 6123, +39 328 936 6123",A.S.D. Valle Giulia Padel (Owner),,,25,4.4,https://www.google.com/maps?cid=14976374330767116902,41.9184,12.4762388,,,https://lh3.googleusercontent.com/gps-cs-s/AG0ilSw92pm8NXkj_UWZbn1sTrnT_tGejh8DN4qpYhdEZKiWi8z0Tt6Odfp2cB6e6U_KyBm-WiHWlr9mWZa245v3x52_vIvkP0betc_F-tnPjkpijaPN9Z7_AbE1SGe90gelxK6mYOql,ChIJ4UNoCDthLxMRZgqnCBvF1s8,padel
A.S.D. PADEL ALBUCCETO,"V.Albucceto, 40",00061 Albucceto RM,Sports club,Europe/Rome,+39 351 501 8909,"351 501 8909, +39 351 501 8909",A.S.D. PADEL ALBUCCETO (Owner),,,56,5,https://www.google.com/maps?cid=4609322310252083258,42.0213127,12.2165384,https://www.facebook.com/asdpadelalbucceto/,facebook.com,https://lh3.googleusercontent.com/p/AF1QipNJz3H1jQDLNdoTyLbSaFRnK5JHOSSB8emYhuhc,ChIJHT7VF5tRLxMROrjbTTia9z8,padel
Roma Padel Star,"Via della Magliana, 1066",00148 Roma RM,Padel court,Europe/Rome,+39 351 797 7794,"351 797 7794, +39 351 797 7794",Roma Padel Star (Owner),,,13,4.5,https://www.google.com/maps?cid=10497202486718770894,41.8235783,12.3830631,,,https://lh3.googleusercontent.com/gps-cs-s/AG0ilSzgJEoWamOR3piVm0Uu77THbiyP6JDRjUf987njk7LZ-rXnRGLyz8C-8iBJSjk_FpOXFArYT-y4-qmlGm7-mQlm1ECM4uMuJGK4RYZ2vCUnZWsymBiqlTv9iKPeJ8nOP6KtjNhy,ChIJUddiiRz1JRMRzi44jAuOrZE,padel
Viboras Padel,"Via Guglielmo Girardi, 250",00166 Roma RM,Padel club,Europe/Rome,+39 351 992 1535,"351 992 1535, +39 351 992 1535",Viboras Padel (Owner),,,12,4.9,https://www.google.com/maps?cid=11909495580065822296,41.9460112,12.3600126,http://playselvacandida.it/,playselvacandida.it,https://lh3.googleusercontent.com/p/AF1QipPwBOsIrjqyGtlGX9VtViEkM3FVMdhXFaF4ThsS,ChIJS3Eiz85fLxMRWHbofyEHR6U,padel
My Padel F84,"Via del Casale di S. Basilio, 92c",00156 Roma RM,Padel club,Europe/Rome,+39 388 864 0377,"388 864 0377, +39 388 864 0377",My Padel F84 (Owner),,,30,4.6,https://www.google.com/maps?cid=10696505802508998619,41.9401361,12.5744705,https://playtomic.io/my-padel-f84/36b2e3b7-07a1-4257-a0ea-6b0399492e38?q=PADEL~2023-10-27~~~,playtomic.io,https://lh3.googleusercontent.com/p/AF1QipOLb4K2Q16W-LJwvQ5mhPv-Sl5XFLanARf_XpQp,ChIJ9SU8RxFlLxMR2xd02FqfcZQ,padel
Padel Zone Collatino,"Via dei Gordiani, 191",00177 Roma RM,Social club,Europe/Rome,+39 351 519 5617,"351 519 5617, +39 351 519 5617",Padel Zone Collatino (Owner),,,98,4.3,https://www.google.com/maps?cid=3667614607572896576,41.8856669,12.5527925,,,https://lh3.googleusercontent.com/gps-cs-s/AG0ilSxCgQS7BoO2Eag5qcMaNqk0Uqmc_TjlGyu-w3IVpg6uLclA7Dw_M6XoYbrUrrkdr8vJKdsGFoSEk6P_zdPjMQ8u8AW9m3SLtdXo0ssXGpCJ62p2Q4ktb5tfB1itbqmQ3EYVJgoh,ChIJ46dcVUdiLxMRQItqwQ385TI,padel
Bailey Padel club & Eventi,"Viale di Tor di Quinto, 56/a",00191 Roma RM,Sports club,Europe/Rome,+39 339 542 5766,"339 542 5766, +39 339 542 5766",Bailey Padel club & Eventi (Owner),baileypadelclub@gmail.com,"facebook: https://www.facebook.com/baileypadelclub
instagram: https://www.instagram.com/incomiacommunication",233,4.4,https://www.google.com/maps?cid=16948307453470609512,41.9370841,12.4733381,https://www.baileyclub.it/,baileyclub.it,https://lh3.googleusercontent.com/p/AF1QipMU4aIgclKNjLRYWLJVxqN6ZvBh-tk4RB6UIhIK,ChIJoc5f7zRhLxMRaJA4PNV7NOs,padel
American Padel,"Via della Cecchignola, 239",00143 Roma RM,"Padel court, Sports club",Europe/Rome,+39 327 296 2283,"327 296 2283, +39 327 296 2283",American Padel (Owner),,,27,4.9,https://www.google.com/maps?cid=4673608576530307103,41.8061828,12.5111923,,,https://lh3.googleusercontent.com/p/AF1QipOVHagxXoLPmOYpPS2-6Jvh0FiCc7NNtKUO__hf,ChIJawgLGa2LJRMRH9hODz3-20A,padel
Sunset Padel Club,"Via dei Monti di Primavalle, 164","Via dei Monti di Primavalle, 134/Ingresso Pedonale",Sports club,Europe/Rome,+39 376 211 0859,"376 211 0859, +39 376 211 0859",Sunset Padel Club (Owner),segreteria@sunsetpadelclub.com,,15,4.3,https://www.google.com/maps?cid=9300905927177394183,41.9090559,12.4132196,http://www.sunsetpadelclub.com/,sunsetpadelclub.com,https://lh3.googleusercontent.com/p/AF1QipNO6DvgNLBzo9ETo_p3dckJNqFic-TgjyBnVYBC,ChIJM2IkD-xfLxMRB9i7lql0E4E,padel
"Padel Club, Tennis Club, Paddle Tennis Club Pro Roma","Via di Sant'Agapito, 8",00177 Roma RM,Padel club,Europe/Rome,+39 06 2171 0100,"06 2171 0100, +39 06 2171 0100","Padel Club, Tennis Club, Paddle Tennis Club Pro Roma (Owner)",,,139,4.5,https://www.google.com/maps?cid=4012462597658613870,41.8946798,12.5440981,,,https://lh3.googleusercontent.com/gps-cs-s/AG0ilSyPBfSCN4ZaYbWqmSlA2LiyeTqyj47wvDFHlVb898DanM0WIS_iuHP0B1GLe0WXgveGwPe0ziGcG8jxe9UhaDQI2d5eoObE_qg8CJJrQDqZnXLeeDAsBzk163Itlj-wIaEOuTi7qw,ChIJP0zeSjBiLxMRbpj7P3khrzc,padel
Villa Mercede Padel Club,"Via Tuscolana, 20",00044 Frascati RM,Sports club,Europe/Rome,+39 06 942 4760,"06 942 4760, +39 06 942 4760",Villa Mercede Padel Club (Owner),commerciale@villamercede.com,"facebook: https://www.facebook.com/villamercedepadelclub
instagram: https://www.instagram.com/villamercedepadelclub,https://www.instagram.com/themerex_net
twitter: https://x.com/ThemerexThemes",50,4.3,https://www.google.com/maps?cid=6794437659298577709,41.8104296,12.6711895,https://villamercedepadelclub.com/,villamercedepadelclub.com,https://lh3.googleusercontent.com/p/AF1QipNLd6rpkVZDrfaj2rdeERFQrY5hICG9enJCYN2N,ChIJ2x0PYpBhLxMRLT0Hew2xSl4,padel
Dabliu Padel,"Viale Egeo, 98",00144 Roma RM,"Padel club, Sports activity location",Europe/Rome,+39 06 591 1985,"06 591 1985, +39 06 591 1985",Dabliu Padel (Owner),,"facebook: https://www.facebook.com/DabliuFitnessClub
instagram: https://www.instagram.com/dabliufitnessclub",57,4.3,https://www.google.com/maps?cid=15402026000837946013,41.8306321,12.4551597,https://www.dabliu.com/padel/,dabliu.com,https://lh3.googleusercontent.com/gps-cs-s/AG0ilSxcosvD-JIk21h2KLvfP5p5c22X-UFu1DtrLpXVXPYCTPr94Ey_yx6ni9UdzMxJ7ObSrQGyqX0MGWSmpJGG0aVgxOORwMZqtaqbVe2v0cTzpHSzlYr7UexEF_h-pvMrhLk1AXyf9Q,ChIJvxhgKyeLJRMRnapGWQv9vtU,padel
Padel Doria,"Via del Baiardo, 26",00191 Roma RM,Padel court,Europe/Rome,+39 351 365 5878,"351 365 5878, +39 351 365 5878",Padel Doria (Owner),info@doriapadel.it,"facebook: https://www.facebook.com/padeldoria
instagram: https://www.instagram.com/padeldoria,https://www.instagram.com/p",3,5,https://www.google.com/maps?cid=4604138509786391527,41.9431792,12.4963092,https://www.doriapadel.it/,doriapadel.it,https://lh3.googleusercontent.com/p/AF1QipNm2GTPgpq1mdiyw1JEo_W0GTPhhYUANGMSj6ZW,ChIJXdXk0R1hLxMR56ODtJQv5T8,padel
New Padel Panda,"Via Nomentana, 1070",00137 Roma RM,"Padel club, Fitness center, Restaurant",Europe/Rome,+39 379 119 0299,"379 119 0299, +39 379 119 0299",New Padel Panda (Owner),,,51,4.1,https://www.google.com/maps?cid=6347988429671149782,41.951795,12.5731344,http://newpadelpanda.it/,newpadelpanda.it,https://lh3.googleusercontent.com/p/AF1QipPDuuen1zYPwBDI9ZddcIUsk-EoA8nJP5uzph4r,ChIJX9GkgGFkLxMR1rDW_NeVGFg,padel
Villa York Padel Club,"Via di Affogalasino, 40",00148 Roma RM,Padel club,Europe/Rome,+39 06 657 0535,"06 657 0535, +39 06 657 0535",Villa York Padel Club (Owner),,,7,4.9,https://www.google.com/maps?cid=11387045728071043332,41.8620611,12.4331115,https://playtomic.io/villa-york-padel-club/00a643a7-01ac-46c4-8a90-e1b6117e0e84?q=PADEL~2023-01-27~~~,playtomic.io,https://lh3.googleusercontent.com/p/AF1QipMQDowtRtfx_8pfVzH59yiXC1Y1lLkBGa2Vuimf,ChIJD1qzj3D1JRMRBMnNLsLpBp4,padel
Bel Poggio Padel Hub,"Via del Monte di Casa, 72/B",00138 Roma RM,Sports club,Europe/Rome,+39 351 301 0670,"351 301 0670, +39 351 301 0670",Bel Poggio Padel Hub (Owner),info@prenotauncampo.it,"facebook: https://www.facebook.com/prenotauncampo
instagram: https://www.instagram.com/prenotauncampo
twitter: https://x.com/prenotauncampo",121,4.2,https://www.google.com/maps?cid=13232463621079840733,41.9934539,12.5258951,https://www.prenotauncampo.it/centri-sportivi/roma/roma/padelhub/,prenotauncampo.it,https://lh3.googleusercontent.com/p/AF1QipMULZnHL00lqGlNBD2INwjN0dSHrmFSh7gKTGOu,ChIJQ58TpaRlLxMR3Te-BY4no7c,padel
The Champ Padel Club - Campi coperti,"Via dell'Acqua Traversa, 251",00135 Roma RM,Padel club,Europe/Rome,+39 351 481 9546,"351 481 9546, +39 351 481 9546",The Champ Padel Club - Campi coperti (Owner),,"facebook: https://www.facebook.com/Thechampclub.it
instagram: https://www.instagram.com/thechampclub.it
twitter: https://x.com/Thechampclub_it
youtube: https://www.youtube.com/channel/UC3_7gQwKbagaT9oZz2MbA4g",12,4.4,https://www.google.com/maps?cid=3670655501640881524,41.9537643,12.4540361,https://www.thechampclub.it/,thechampclub.it,https://lh3.googleusercontent.com/p/AF1QipMnLKlbvS6zAtAaVtdRUO48S1KLWKWI6ceUV02a,ChIJxyp_MgBnLxMRdFUjFLvJ8DI,padel
Padel Labarvm,Via Chiusaforte,00188 Roma RM,Sports club,Europe/Rome,+39 335 539 6267,"335 539 6267, +39 335 539 6267",Padel Labarvm (Owner),,,19,4.7,https://www.google.com/maps?cid=17973810026244579442,41.9964256,12.4892044,http://labarvm.it/,labarvm.it,https://lh3.googleusercontent.com/p/AF1QipPdqxYmWprkUNfJOXNfCVzulVCMgMzATja0OOys,ChIJ99tjfs9nLxMRcqCpUv3Mb_k,padel
PIANETA ROMA PADEL CLUB,"Via Artimino, 38",00148 Roma RM,Sports club,Europe/Rome,+39 338 774 3475,"338 774 3475, +39 338 774 3475",PIANETA ROMA PADEL CLUB (Owner),,,17,4.2,https://www.google.com/maps?cid=15271879363075620720,41.8403,12.4233313,,,https://lh3.googleusercontent.com/gps-cs-s/AG0ilSzF62qm30wnophfBIzZoR09m8ubGJ4jy2RlSy0dBNudZ4Si6oUiuMyt5fsC3p4o0BVuYO6MvgsXj3QU4RShGkkv2Xm1xq7Y8A58eYSgeMPt5iLBZEyLazHhIjmp9YPzXKuga0JV,ChIJj-1zV6D1JRMRcL-96F2d8NM,padel
Cinecittà Bettini Padel,Via Quinto Publicio,00175 Roma RM,Padel court,Europe/Rome,+39 373 898 2994,"373 898 2994, +39 373 898 2994",Cinecittà Bettini Padel (Owner),,,147,4.3,https://www.google.com/maps?cid=11402779330178782600,41.856656,12.575895,,,https://lh3.googleusercontent.com/p/AF1QipM6BBAITVeTCjcfMDqIZSEl9tI-hYtO4xYGZIE,ChIJpTgAxSqIJRMRiBV542LPPp4,padel
Casa Viola Padel Club,"Via della Camilluccia, 120",00135 Roma RM,Sports club,Europe/Rome,+39 376 238 5076,"376 238 5076, +39 376 238 5076",Casa Viola Padel Club (Owner),,,35,5,https://www.google.com/maps?cid=12712867167627706531,41.9333912,12.4442472,,,https://lh3.googleusercontent.com/gps-cs-s/AG0ilSxkvydg6xiFOg_a-ZuUI_weBcHH0WTj8rQAB8cH1qbD-q3b8t5HrZMDb0QGK5HiysEhcSCRYTqghndzuvi_4K1qIjeEPHyUqrDzys-zSoN8yw3ARwIdl2FfDtGGsAkErp96d-NJjdnmLtki,ChIJ8-TV8v1hLxMRowAtU1UtbbA,padel
Padel Club La Quercia,"Via del Fosso della Castelluccia, 84",00134 Roma RM,Padel club,Europe/Rome,+39 375 547 3192,"375 547 3192, +39 375 547 3192",Padel Club La Quercia (Owner),,,3,5,https://www.google.com/maps?cid=17065984180566879516,41.7801049,12.5037681,,,https://lh3.googleusercontent.com/p/AF1QipOoRCiUKfCy8YBvelgsHlODL6x4DM_TVZnxHnOs,ChIJny4nfT-NJRMRHO0fWTGO1uw,padel
K PADEL SSD,"Via dei Dentali, 122",00054 Focene RM,Sports club,Europe/Rome,+39 339 144 8868,"339 144 8868, +39 339 144 8868",K PADEL SSD (Owner),,,56,4.7,https://www.google.com/maps?cid=3474470776911596659,41.8116889,12.2170541,http://www.kpadel.it/,kpadel.it,https://lh3.googleusercontent.com/p/AF1QipOuacsIieOFN-Ctd0XGy5LTgjhm4RCMbKF8dKOj,ChIJ0_OKscn7JRMRc4xKWMPMNzA,padel
Cortina Padel Club,Via Malcesine,00135 Roma RM,Sports club,Europe/Rome,+39 06 3550 2230,"06 3550 2230, +39 06 3550 2230",Cortina Padel Club (Owner),,,8,4,https://www.google.com/maps?cid=9413500483604555031,41.941754,12.4317382,,,https://lh3.googleusercontent.com/p/AF1QipOjizLyk4Y8zOX2-JfAXYUBWtfrNsSFrrdyqdg,ChIJz_aTArVfLxMRF6U3otB4o4I,padel
Il Club de Padel,"Via del Baiardo, 28",00191 Roma RM,Padel court,Europe/Rome,+39 348 906 4451,"348 906 4451, +39 348 906 4451",Il Club de Padel (Owner),,,4,4.3,https://www.google.com/maps?cid=8034237857200412962,41.9423885,12.4876321,,,https://lh3.googleusercontent.com/p/AF1QipPlkrCfsqoghNOPsF33ilb-qUmC8YH4SSmzMDTy,ChIJeZ7PaUxhLxMRIhltj8NYf28,padel
Padel Gentili,"Via Vittorio Trucchi, 15",00189 Roma RM,Sports club,Europe/Rome,+39 379 258 4889,"379 258 4889, +39 379 258 4889",Padel Gentili (Owner),,,10,4.5,https://www.google.com/maps?cid=519526764912322869,41.99225,12.41572,,,https://lh3.googleusercontent.com/p/AF1QipMnyTM3OdBmxgYWEhoKD5YZZcQz1R-ZUflHy30g,ChIJueMS4lRdLxMRNSnoEde6NQc,padel
Sama Sporting Padel,"Via dei Dumas, snc",00168 Roma RM,Padel club,Europe/Rome,+39 348 292 7331,"348 292 7331, +39 348 292 7331",Sama Sporting Padel (Owner),,,6,4.8,https://www.google.com/maps?cid=15477846974231642855,41.9230429,12.4054875,https://samasporting.it/sama-sporting-padel/,samasporting.it,https://lh3.googleusercontent.com/p/AF1QipPra7XmwAXtpdLQcySkPIy5T-R2o5yxA8vZFueR,ChIJRR0S_hGcPoUR54LuYtFbzNY,padel
VOLÉE PADEL Roma Tor Tre Teste,"Via Raimondo Targetti, 10",00155 Roma RM,Sports club,Europe/Rome,+39 379 119 7081,"379 119 7081, +39 379 119 7081",VOLÉE PADEL Roma Tor Tre Teste (Owner),,,1,5,https://www.google.com/maps?cid=15488090223258775174,41.891705,12.5837261,,,https://lh3.googleusercontent.com/p/AF1QipPhdgRFbD0rnmJzPwpkq-RozQ7Mo-WwANC6tPJK,ChIJBZMpNwBjLxMRhi6Kpv-_8NY,padel
Augustea Padel & Pickleball Club,"Via Armando Luciani, 57",00169 Roma RM,Sports club,Europe/Rome,+39 351 801 4349,"351 801 4349, +39 351 801 4349",Augustea Padel & Pickleball Club (Owner),,"facebook: https://www.facebook.com/playtomic.io
instagram: https://www.instagram.com/playtomic
linkedin: https://www.linkedin.com/company/playtomic
youtube: https://www.youtube.com/@playtomic_app",16,4.1,https://www.google.com/maps?cid=14548988975524144873,41.8665832,12.5698157,https://playtomic.io/augustea-padel-club/1816c8db-e3fa-4a84-8dbe-f824e81c6b09?q=PADEL~2024-01-17~~~,playtomic.io,https://lh3.googleusercontent.com/p/AF1QipMUtK7-KQzuQkaSWgcUuw-WWgaB3ep5xJ-uRwYX,ChIJPwCf5dBjLxMR6eYwr2Nk6Mk,padel
Tiempo Padel Club ASD,"Via Leone XIII, 95",00165 Roma RM,Padel court,Europe/Rome,+39 338 264 0252,"338 264 0252, +39 338 264 0252",Tiempo Padel Club ASD (Owner),,,28,3.8,https://www.google.com/maps?cid=8188755389776999534,41.8899219,12.4393255,https://www.facebook.com/TiempoPadelClub,facebook.com,https://lh3.googleusercontent.com/p/AF1QipN9-8-Q4sekaPHz6iXbKIJB4EkF-wINg7VSzsN5,ChIJQxCv405hLxMRbjQ5IKRNpHE,padel
Fioranello Padel,"Via di Fioranello, 68",00134 Roma RM,Padel court,Europe/Rome,+39 366 483 8524,"366 483 8524, +39 366 483 8524",Fioranello Padel (Owner),,,23,4.3,https://www.google.com/maps?cid=13262411483003255485,41.7826673,12.5667327,,,https://lh3.googleusercontent.com/gps-cs-s/AG0ilSysyMVCsTh9lDLEpfbm_t32V35u7yGW416WnTKUxUpF30HPpZlqpVSP6veZsdbscU-KH63Ez2MS6t_dRiRzbOyzv4aLjdTVhVEwzxzlNFuhrfRSac_QCrJ_NviXogK1g7ePJ5SD,ChIJPV-VFc-JJRMRvXp4_fmMDbg,padel
TOP PADEL ROMA,"Via di Mostacciano, 12",00144 Roma RM,Sports club,Europe/Rome,+39 377 399 0998,"377 399 0998, +39 377 399 0998",TOP PADEL ROMA (Owner),info@toppadel.it,instagram: https://www.instagram.com/top_padel_roma,23,4.6,https://www.google.com/maps?cid=7624234682081967684,41.814477,12.4305402,https://toppadel.it/,toppadel.it,https://lh3.googleusercontent.com/gps-cs-s/AG0ilSwiweMiuwEHd-RZTssZT0NgQgb8pbqIynNcjMvaLMce0F9qeTN_aA6kYO7I1ZZUQyjEtswBqLD5ydSU6wQuzN5Xotk-zCj9dJPcica95i2wFmPZvGLsMl_w0Uvp2amurIgg5Be8E4sw9YAe,ChIJD2zeMgD1JRMRRH61ZQy5zmk,padel
SSD VITA PADEL,"Via del Fontanile Arenato, 66",00163 Roma RM,Padel court,Europe/Rome,,,SSD VITA PADEL (Owner),,,5,4.6,https://www.google.com/maps?cid=4730654988797769516,41.8866754,12.4196572,https://www.vitaclub.it/paddle-tennis/,vitaclub.it,https://streetviewpixels-pa.googleapis.com/v1/thumbnail?panoid=OexKPTMvtwzhHKCKT7NmIA&cb_client=search.gws-prod.gps&w=80&h=92&yaw=302.00595&pitch=0&thumbfov=100,ChIJl0ewSlpfLxMRLHc48qWppkE,padel
Montecitorio Padel,Via Ugo Ceccarelli,00197 Roma RM,Sports club,Europe/Rome,+39 327 626 9513,"327 626 9513, +39 327 626 9513",Montecitorio Padel (Owner),info@padelmontecitorio.com,"facebook: https://www.facebook.com/montecitoriopadel
instagram: https://www.instagram.com/montecitorio.padel",15,4.7,https://www.google.com/maps?cid=7186736818611011335,41.9335731,12.488051,https://www.padelmontecitorio.com/,padelmontecitorio.com,https://lh3.googleusercontent.com/p/AF1QipMkkjYjmulmMEoF3bCJ1TqR9jMHcrcA1O81ExNW,ChIJB-LTXMJhLxMRB7-HPw9rvGM,padel
AS Luiss - Padel,"Via Martino Longhi, 2",00196 Roma RM,Padel court,Europe/Rome,+39 331 595 3938,"331 595 3938, +39 331 595 3938",AS Luiss - Padel (Owner),sport@luiss.it,"facebook: https://www.facebook.com/sportluiss,https://www.facebook.com/facebook
instagram: https://www.instagram.com/sportluiss
twitter: https://x.com/SportLUISS",4,4.8,https://www.google.com/maps?cid=5010684990606530456,41.9322097,12.4643465,https://sport.luiss.it/padel/,sport.luiss.it,https://lh3.googleusercontent.com/gps-cs-s/AG0ilSzXgrdDKAI89Y0ElgNUHANXZYZmEa2YyLjGzSZteyOPAGFTfjoqfaVVEYdPhrB6waYyOZ_lRxBeLl9V11a0u9EYG4ZMzIMGqGwdDInQb6pv9cNWsLPakttHfwy7vU7FzHKSIEmmkQ,ChIJSbBA9A1hLxMRmNd7gnOHiUU,padel
Eqvo Padel Club,"Via Fratelli Maristi, 14",00137 Roma RM,Sports club,Europe/Rome,+39 320 087 6670,"320 087 6670, +39 320 087 6670",Eqvo Padel Club (Owner),,,8,5,https://www.google.com/maps?cid=3570591773234850019,41.9686225,12.6061001,https://playtomic.io/tenant/648fd60c-cff8-4994-b58d-70ab538b876c?utm_medium=share&utm_source=app_ios,playtomic.io,https://lh3.googleusercontent.com/p/AF1QipNDQOQljzVRpfQoYGPiExe7M17ZTFsBr14Yg-G1,ChIJqegdAyVlLxMR42iYyUxKjTE,padel
AQUA VIRGO PADEL CLUB,"Via di Salone, 290",00131 Roma RM,Sports club,Europe/Rome,+39 375 775 1212,"375 775 1212, +39 375 775 1212",AQUA VIRGO PADEL CLUB (Owner),,,18,4.1,https://www.google.com/maps?cid=16338108559944173457,41.9241669,12.6292178,,,https://lh3.googleusercontent.com/p/AF1QipOoq16jA6pwJ-_LhtMp59YY2RHgJCp1MeqFrzrC,ChIJCceGfFF9LxMRkcc9GSyfvOI,padel
Tutto Padel,"Via dei Platani, 159",00172 Roma RM,Padel club,Europe/Rome,+39 329 801 7180,"329 801 7180, +39 329 801 7180",Tutto Padel (Owner),edildesign05@yahoo.com,,1,5,https://www.google.com/maps?cid=16089632241863142618,41.8810242,12.5701942,https://tuttopadel.com/,tuttopadel.com,https://streetviewpixels-pa.googleapis.com/v1/thumbnail?panoid=2waD4Z9hzUxIBChPa6Bb-g&cb_client=search.gws-prod.gps&w=80&h=92&yaw=46.016743&pitch=0&thumbfov=100,ChIJy7qhDu5jLxMR2qzsBkfbSd8,padel
AT MORGANA PADEL CLUB,"Via Camarotta Adorno, 3",00012 Guidonia Montecelio RM,Padel club,Europe/Rome,+39 0774 304061,"0774 304061, +39 0774 304061",AT MORGANA PADEL CLUB (Owner),,,12,4.7,https://www.google.com/maps?cid=7115230350149171411,42.0005991,12.7286015,,,https://lh3.googleusercontent.com/p/AF1QipOlDgbyhmu_lK-U77SKkEVpQzM-fq-xQ407AjL9,ChIJwymwWGt3LxMR0zi4K05gvmI,padel
Padel Cat 2,Via Corrado Govoni,00144 Roma RM,Sports club,Europe/Rome,+39 338 150 8888,"338 150 8888, +39 338 150 8888",Padel Cat 2 (Owner),padelcat2@hotmail.com,"instagram: https://www.instagram.com/danicat95,https://www.instagram.com/niccolocatini",16,4.4,https://www.google.com/maps?cid=5705477799247166355,41.8133384,12.4752574,https://padelcatroma.it/padel-cat-2/,padelcatroma.it,https://lh3.googleusercontent.com/p/AF1QipPSqZF-PDSlYvfXgVsEiiCb-tL1-qIr1JX0boQz,ChIJ8b-VJgCLJRMRkzsBWtTtLU8,padel
Ceri Padel Club,"Via Cantagallo, 18",00052 Cerveteri RM,Sports club,Europe/Rome,+39 333 303 9980,"333 303 9980, +39 333 303 9980",Ceri Padel Club (Owner),,,8,4.9,https://www.google.com/maps?cid=18091763258799032113,41.9849522,12.1511436,https://www.facebook.com/Ceripadel/,facebook.com,https://lh3.googleusercontent.com/gps-cs-s/AG0ilSxC9W6HI-TfEZvDlA2veshLh-wP8M-zYN0_R0vQK_HxL3IZcHXHQYckvUQwKu6ELfJHYKLiB-uTesfll51TFuEVMXScL8vGbODOCBo7UY472-m3ynRn21aOnDcXA2hy4Iu38Pzu,ChIJO7yassRTLxMRMQcuYdTaEvs,padel
Vigor Perconti Padel,"Via di Grotta di Gregna, 100",00159 Roma RM,Sports club,Europe/Rome,+39 375 577 4041,"375 577 4041, +39 375 577 4041",Vigor Perconti Padel (Owner),,,80,4.4,https://www.google.com/maps?cid=1656533382738776779,41.9047919,12.5630908,,,https://lh3.googleusercontent.com/p/AF1QipOeJQQfpfl2zELh09THRlvOLLQ7clf0b2EuB12L,ChIJmTft3c9jLxMRy5K4vFUw_RY,padel
Horizon Padel,"Via del Casale di S. Basilio, 292",00156 Roma RM,Sports club,Europe/Rome,+39 351 943 7525,"351 943 7525, +39 351 943 7525",Horizon Padel (Owner),,,15,4,https://www.google.com/maps?cid=4554534466514356440,41.934369,12.582071,http://www.horizonpadel.it/,horizonpadel.it,https://lh3.googleusercontent.com/gps-cs-s/AG0ilSzwfY_MLT9OGZXDpSL71rbNU9zg3CehodPImqcsgUku1mR7gJjYcf0li_OTzWYB3obd5Zx-zzrjZFe-8bC5oRI4F0iHFDy1gwkjRgDv1sji64AnmjBONJn3niOQi_HwBXSiRLZ_Lg,ChIJYyluEzljLxMR2IjcYff0ND8,padel
Grifone Padel,"Via Portuense, 974",00148 Roma RM,"Padel court, Fitness center, Indoor cycling",Europe/Rome,+39 334 702 6528,"334 702 6528, +39 334 702 6528",Grifone Padel (Owner),,,91,4.5,https://www.google.com/maps?cid=5362256298159711881,41.842791,12.3858352,,,https://lh3.googleusercontent.com/p/AF1QipOQDK8gctU04nw6PizndT46kszzt4CMCu-rh6Xa,ChIJ_ypmpKr1JRMRiSZpVrGPako,padel
"Centro Sportivo Cavalieri ""PIO XII"" Primavalle - Padel",Via dei Monti di Primavalle,"c/o Cavalieri di Colombo, 134","Sports club, Padel court, Soccer field, Sports complex",Europe/Rome,+39 376 211 0859,"376 211 0859, +39 376 211 0859","Centro Sportivo Cavalieri ""PIO XII"" Primavalle - Padel (Owner)",segreteria@sunsetpadelclub.com,,4,5,https://www.google.com/maps?cid=876502892975996198,41.9104548,12.412047,http://www.sunsetpadelclub.com/,sunsetpadelclub.com,https://lh3.googleusercontent.com/p/AF1QipNE4Ay8L2inUblDbj3EZBnZD3rMsqvJG1zUr1ZH,ChIJbdSdHnpfLxMRJr1vvLz2KQw,padel
Green Club Roma,"Via Fratelli Maristi, 94",00137 Roma RM,"Sports club, Bar, Futsal court, Gym, Outdoor swimming pool, Padel court, Restaurant, Soccer field, Tennis court",Europe/Rome,+39 351 550 9098,"351 550 9098, +39 351 550 9098",Green Club Roma (Owner),,"facebook: https://www.facebook.com/GreenClubRoma
instagram: https://www.instagram.com/greenclubroma
youtube: https://www.youtube.com/channel/UC0IpCVbrO6ujX5jpx6zskAg",704,4.2,https://www.google.com/maps?cid=12308876743896406983,41.9638224,12.6062291,https://greenclubroma.it/,greenclubroma.it,https://lh3.googleusercontent.com/gps-cs-s/AG0ilSxwi6v1UCOxfqZnaJK83mtP81plcJiWaMUf7h2GZfqqhPLijNiulGCsvq_RzBsvdlkHjroTSVzXWU1BstS1-yGzd1X7uCNcDkCFE3eRnklJGfJbcs_oGisYSDCTalJYfjfiMS_R,ChIJf8akENtkLxMRxxsD8C7q0ao,padel
Enjoy Padel asd,Viale Luigi Guglielmi,00127 Roma RM,Padel court,Europe/Rome,+39 392 962 2118,"392 962 2118, +39 392 962 2118",Enjoy Padel asd (Owner),hello@pixelarity.com,facebook: https://www.facebook.com/enjoypadelasd,18,4.2,https://www.google.com/maps?cid=2527618396402063375,41.7998233,12.4317806,https://enjoypadel.it/,enjoypadel.it,https://lh3.googleusercontent.com/p/AF1QipOZwLkFnwVHIprPqAbI0ng_hXA_l7VppAxPtWGQ,ChIJxU1kLLuNJRMRD5hJJYrnEyM,padel
So Padel,Lventure,"Via Marsala, 29",Sports club,Europe/Rome,,,So Padel (Owner),,,,,https://www.google.com/maps?cid=2835607701310598817,41.9015448,12.5031056,,,https://lh3.googleusercontent.com/p/AF1QipMvQOjvy7fFqi1ovQ_WrrTjotSLMmFTLw_tRNSu,ChIJ2SR-FfdhLxMRoe76Pi4aWic,padel
La Rustica Padel,"Via Alessandro Castelli, 54",00155 Roma RM,Padel court,Europe/Rome,+39 339 509 2391,"339 509 2391, +39 339 509 2391",La Rustica Padel (Owner),,,10,4.4,https://www.google.com/maps?cid=16944506416538832241,41.9066301,12.6100649,,,https://lh3.googleusercontent.com/p/AF1QipNQPSChn_eKXyfexkQBDqm22ZuOMrlriFGqQm7U,ChIJSSCgqNJjLxMRcc0fXM_6Jus,padel
Padel Amatoriale,"Via Clitunno, 12/F",00198 Roma RM,Sports club,Europe/Rome,,,Padel Amatoriale (Owner),info@padelamatoriale.it,"facebook: https://www.facebook.com/AlessandroBorgheseOfficialPage,https://www.facebook.com/maxgiustiofficial,https://www.facebook.com/dilettaleotta.ufficiale,https://www.facebook.com/groups/PadelAmatoriale,https://www.facebook.com/privacy/policy
instagram: https://www.instagram.com/msp.roma",,,https://www.google.com/maps?cid=3155479771136721928,41.9211472,12.5016511,http://padelamatoriale.it/,padelamatoriale.it,https://streetviewpixels-pa.googleapis.com/v1/thumbnail?panoid=7kpC5HS0GLRYUI1uKOKpkw&cb_client=search.gws-prod.gps&w=80&h=92&yaw=216.9787&pitch=0&thumbfov=100,ChIJq6rZBBRhLxMRCASJJiKEyis,padel
Padel Mood Passoscuro,"Via di S. Carlo a Palidoro, 360",00050 Passoscuro RM,Padel court,Europe/Rome,+39 351 904 0551,"351 904 0551, +39 351 904 0551",Padel Mood Passoscuro (Owner),,,10,4.4,https://www.google.com/maps?cid=15736683356687623452,41.8974025,12.1671691,http://padelmoodpassoscuro.it/,padelmoodpassoscuro.it,https://lh3.googleusercontent.com/p/AF1QipNB7vqcWFWjfxvrbPxWo1ReyUe5qe1GbvDh-WeF,ChIJfdUJsI_5JRMRHOUq6iLuY9o,padel
Urban Padel Lausanne,Av. Bergières 10,1004 Lausanne,Padel court,Europe/Zurich,+41 21 551 78 52,"021 551 78 52, +41 21 551 78 52",Urban Padel Lausanne (Owner),info@urbanpadel.ch,,52,4.3,https://www.google.com/maps?cid=893552749275969008,46.5289825,6.6256077,http://www.urbanpadel.ch/,urbanpadel.ch,https://lh3.googleusercontent.com/gps-cs-s/AG0ilSyx8G4gUvWZkmnrSKWsnQcuR0C1GslbwhW1dmPllqeF23-eykR2QH3hBWsb6ApIyF3ZNKHHtKhieQFcGEDYkmJstgvBsi-YA0pyPwG20zcHMQxMQVE56FoTO2Crtdr2gVQtQhzATA,ChIJkelyZ7IvjEcR8PWqwH2JZgw,padel
Padel 25,45 Rue des Terres Rouges,25490 Allenjoie,Sports complex,Europe/Paris,+33 6 09 42 69 85,"06 09 42 69 85, +33 6 09 42 69 85",Padel 25 (Owner),"utilisateur@domaine.com,lepadel25@gmail.com",instagram: https://www.instagram.com/lepadel_25,43,5,https://www.google.com/maps?cid=3874653724966216269,47.5310654,6.878303,https://padel25.fr/,padel25.fr,https://lh3.googleusercontent.com/p/AF1QipOk3qJFRX860qTOVzT3lMYEH0rCrIi-Bigsssqn,ChIJIWrxGSsZkkcRTWJBuAiJxTU,padel
DIJON PADEL,allee jacque lafitte,21380 Norges-la-Ville,Padel court,Europe/Paris,+33 3 80 35 76 63,"03 80 35 76 63, +33 3 80 35 76 63",DIJON PADEL (Owner),"david@dl-c.fr,avenirtennis@yahoo.fr","facebook: https://www.facebook.com/DijonPadel
instagram: https://www.instagram.com/dijonpadel",52,4.8,https://www.google.com/maps?cid=841026516568332128,47.407207,5.0528093,http://dijon-padel.fr/,dijon-padel.fr,https://lh3.googleusercontent.com/p/AF1QipMLNd7rkqE3BY6SX3bBODYum1iqxg5my_Qx4RZb,ChIJCSevIp5h7UcRYFe9Lintqws,padel
Padel Park,1 Bd Maréchal de Lattre de Tassigny,21000 Dijon,Padel club,Europe/Paris,+33 9 73 88 43 96,"09 73 88 43 96, +33 9 73 88 43 96",Padel Park (Owner),padelpark21@gmail.com,"facebook: https://www.facebook.com/padelpark21,https://www.facebook.com/lapetitedoloise
instagram: https://www.instagram.com/padelpark21",39,4.5,https://www.google.com/maps?cid=7496767357528150475,47.3224176,5.0679933,https://www.padelpark.fr/,padelpark.fr,https://lh3.googleusercontent.com/p/AF1QipOosdmqIye1FUVymEharv10aYkNMIbKIx7ece3R,ChIJ9wEaNXmf8kcRy5E1LTHeCWg,padel
Pearl Padel Gerardmer,15 Chem. de la Cleurie,88400 Gérardmer,"Padel court, Function room facility, Futsal court, Restaurant",Europe/Paris,+33 6 45 90 49 59,"06 45 90 49 59, +33 6 45 90 49 59",Pearl Padel Gerardmer (Owner),,"facebook: https://www.facebook.com/p/PEARL-PADEL-G%C3%A9rardmer-100089760082169
instagram: https://www.instagram.com/pearlpadel88
tiktok: https://www.tiktok.com/@pearlpadelgerardmer",58,4.9,https://www.google.com/maps?cid=14158101900098506967,48.071121,6.815679,http://www.pearlpadel.fr/,pearlpadel.fr,https://lh3.googleusercontent.com/gps-cs-s/AG0ilSzCI14X4gyB2f2cFjh8UBxFyQyF8yjatQFhYdprkn9CUvJoZ99cNdw_nMny49yqcNKaIhAupPkhmCkTzPQT8lVF2LBq8SO2FmCszKVXjWz_mW1nSpHayiZ9XrzoFBKNV0LS6Sk,ChIJZ3y7bADHk0cR15AnUaque8Q,padel
Padel House Studen,Büetigenstrasse 80,2557 Studen,Padel court,Europe/Zurich,,,Padel House Studen (Owner),info@padel-house.ch,"facebook: https://www.facebook.com/padelhousestuden
instagram: https://www.instagram.com/padel_house_studen
youtube: https://www.youtube.com/@PadelHouseStuden",41,4.8,https://www.google.com/maps?cid=16971246719641358744,47.110802,7.3152209,https://www.padel-house.ch/,padel-house.ch,https://lh3.googleusercontent.com/p/AF1QipM_2Z_twp3c83a_jSSBnKfVWqgwtkYwQE5nFB5a,ChIJmY2L8y4ZjkcRmJG8V_n6hes,padel
Padel de Collonge-Bellerive,Chem. de Relion 15,1245 Collonge-Bellerive,Padel court,Europe/Zurich,+41 22 752 26 71,"022 752 26 71, +41 22 752 26 71",Padel de Collonge-Bellerive (Owner),,,1,5,https://www.google.com/maps?cid=13959207073556385693,46.253871,6.2000154,https://www.landagora.ch/,landagora.ch,https://lh3.googleusercontent.com/gps-cs-s/AG0ilSy2arIjMwGLM9_Sa3ahqZ7BH25_UACqNO-hQ0LOS5bQW-k-CgWU0gzUew8-Z9MGQGx_A0FdlV-7OoEwhsA0p9-7wcbGGOvIOGzJwyjs6xZr3U7T0MhPfOjnAG8uXKso_C7sGVM,ChIJk9xp3w5vjEcRnc9y1d8QucE,padel
Casa Padel Kingersheim,10 Rue du Bigarreau,68260 Kingersheim,Padel club,Europe/Paris,+33 3 62 26 01 20,"03 62 26 01 20, +33 3 62 26 01 20",Casa Padel Kingersheim (Owner),"saint-denis@casapadel.fr,asnieres@casapadel.fr,kingersheim@casapadel.fr,toulouse-st@casapadel.fr,vendenheim@casapadel.fr,commercial.saint-denis@casapadel.fr","facebook: https://www.facebook.com/centrecasapadel
instagram: https://www.instagram.com/casapadelsaintdenis,https://www.instagram.com/casapadelasnieres,https://www.instagram.com/casapadelkingersheim,https://www.instagram.com/casapadeltoulouse,https://www.instagram.com/casapadelvendenheim,https://www.instagram.com/groupecasapadel
linkedin: https://www.linkedin.com/company/casa-padel-uno
youtube: https://www.youtube.com/channel/UCew-Fy7mrGmNiWQ0wi-IBvQ",29,4.8,https://www.google.com/maps?cid=2306130492870565566,47.7910178,7.3068654,http://www.casapadel.fr/,casapadel.fr,https://lh3.googleusercontent.com/p/AF1QipNAbUAdv-kmRxt5EmkhdAXGtjs4lpEiCziy5CgY,ChIJdbWNJgCdkUcRvh4_AXcFASA,padel
Padel Parc Etoy,Rte Suisse 7,1163 Etoy,"Padel court, Tennis court",Europe/Zurich,+41 79 337 16 74,"079 337 16 74, +41 79 337 16 74",Padel Parc Etoy (Owner),info@padelparc.ch,"instagram: https://www.instagram.com/padel_parc
linkedin: https://www.linkedin.com/company/padel-parc",30,4.9,https://www.google.com/maps?cid=13213465331008704404,46.4745568,6.4095848,https://padelparc.ch/padel-parc-etoy/,padelparc.ch,https://lh3.googleusercontent.com/p/AF1QipMo4HFaPXrnP2JYD4-vkP5uLe50r-JZ1LiLOz28,ChIJvwbm7IRHjEcRlI-26rWoX7c,padel
Padel Parc Fribourg,Rte du Lac 12,1763 Granges-Paccot,Padel court,Europe/Zurich,+41 79 599 31 67,"079 599 31 67, +41 79 599 31 67",Padel Parc Fribourg (Owner),info@padelparc.ch,"instagram: https://www.instagram.com/padel_parc
linkedin: https://www.linkedin.com/company/padel-parc",79,4.7,https://www.google.com/maps?cid=15424488551996075501,46.8241734,7.153188,https://padelparc.ch/padel-parc-fribourg/,padelparc.ch,https://lh3.googleusercontent.com/p/AF1QipM_hS2-jdiWdUpVMlMdliGi56_KJZKQ361F1P_r,ChIJX_TFFIdpjkcR7S3Ol53KDtY,padel
Padel des ancises vichy,Rue des Ancises,03300 Creuzier-le-Neuf,Padel club,Europe/Paris,+33 9 78 80 96 66,"09 78 80 96 66, +33 9 78 80 96 66",Padel des ancises vichy (Owner),,"facebook: https://www.facebook.com/PADELdesAncisesVichy
instagram: https://www.instagram.com/padel_des_ancises",52,4.9,https://www.google.com/maps?cid=13914423160958770915,46.1826824,3.4551376,http://padel-ancises.fr/,padel-ancises.fr,https://lh3.googleusercontent.com/p/AF1QipM9bCrcDr1oWH4QK66d2OZNVXJWt0HWvzCdLs2K,ChIJC08msjIz8UcR415qoyT2GcE,padel
Padel Parc Yverdon,Av. des Sports 5,1400 Yverdon-les-Bains,Padel court,Europe/Zurich,,,Padel Parc Yverdon (Owner),info@padelparc.ch,"instagram: https://www.instagram.com/padel_parc
linkedin: https://www.linkedin.com/company/padel-parc",28,4.3,https://www.google.com/maps?cid=7871107425796522748,46.7823164,6.6488678,https://padelparc.ch/padel-parc-yverdon/,padelparc.ch,https://lh3.googleusercontent.com/gps-cs-s/AG0ilSyZ9UyFvJYvXIpqhLZIj33II2EIYEF8i6wZUDWU1jm6_ocayALCqvFV1rD9D-TQM3cvda3SYpvjcCJkxkJTje2Iy0JJFreke7FBjjW4qfLl2D1V8mPVvHTwiYBfrXbhFZgXV-JnJqptCzUx,ChIJ7SxEQ07PjUcR_IKKN4DKO20,padel
Casa de Padel in Murten,Hauptstrasse 171,3286 Muntelier,Sports complex,Europe/Zurich,,,Casa de Padel in Murten (Owner),info@cdpadel.ch,instagram: https://www.instagram.com/casadepadelmurten,39,4.9,https://www.google.com/maps?cid=5998570590490681823,46.9431705,7.1404033,https://www.cdpadel.ch/,cdpadel.ch,https://lh3.googleusercontent.com/gps-cs-s/AG0ilSwg0mqQbxLy3ea4Dyq54X38IwKEJxFxcZD8zjL0FD_uEbx_ggidjKPGP6jGRysmCd8VY2VY_dL5bjmjzMboVtBbkTPKCRLs8hY24xeUgHl-9Xg9KEjDGEiBJP13PInNEU11zDYr,ChIJLyU8zSETjkcR32FNlis0P1M,padel
4PADEL Annemasse,16 Rue Deux Montagnes (Québec),74100 Ville-la-Grand,"Padel club, Padel court",Europe/Paris,+33 4 50 84 59 03,"04 50 84 59 03, +33 4 50 84 59 03",4PADEL Annemasse (Owner),"annemasse@4padel.fr,argenteuil@4padel.fr,bordeaux@4padel.fr,boulogne-billancourt@4padel.fr,saint-denis@4padel.fr,challans@4padel.fr,creteil@4padel.fr,dunkerque@4padel.fr,epinay@4padel.fr,seclin@4padel.fr,limoges@4padel.fr,marville@4padel.fr,metz.sud@4padel.fr,montreuil@4padel.fr,mulhouse@4padel.fr,orleans@4padel.fr,paris20@4padel.fr,reims@4padel.fr,saint-louis@4padel.fr,sudreunion@4padel.fr,strasbourg@4padel.fr,colomiers@4padel.fr,vaires.torcy@4padel.fr,rouen@4padel.fr","facebook: https://www.facebook.com/4PADELFrance
instagram: https://www.instagram.com/4padel
linkedin: https://www.linkedin.com/company/groupelefive
twitter: https://x.com/4PADELFrance",68,2.8,https://www.google.com/maps?cid=1879237596198277820,46.2065902,6.2804372,https://4padel.fr/,4padel.fr,https://lh3.googleusercontent.com/p/AF1QipNXFA4TmArxSQdAnmHTCrPQf-Gl-Hxu4LWdn_C9,ChIJRZvGlE1tjEcRvBL1GaNkFBo,padel
4PADEL Mulhouse,"ZA du Carreau Anna, Decathlon Village",68270 Wittenheim,"Padel club, Athletic field, Padel court, Sports club, Squash court, Tennis court, Tennis store",Europe/Paris,+33 3 69 76 13 24,"03 69 76 13 24, +33 3 69 76 13 24",4PADEL Mulhouse (Owner),"annemasse@4padel.fr,argenteuil@4padel.fr,bordeaux@4padel.fr,boulogne-billancourt@4padel.fr,saint-denis@4padel.fr,challans@4padel.fr,creteil@4padel.fr,dunkerque@4padel.fr,epinay@4padel.fr,seclin@4padel.fr,limoges@4padel.fr,marville@4padel.fr,metz.sud@4padel.fr,montreuil@4padel.fr,mulhouse@4padel.fr,orleans@4padel.fr,paris20@4padel.fr,reims@4padel.fr,saint-louis@4padel.fr,sudreunion@4padel.fr,strasbourg@4padel.fr,colomiers@4padel.fr,vaires.torcy@4padel.fr,rouen@4padel.fr","facebook: https://www.facebook.com/4PADELFrance
instagram: https://www.instagram.com/4padel
linkedin: https://www.linkedin.com/company/groupelefive
twitter: https://x.com/4PADELFrance",19,4.6,https://www.google.com/maps?cid=18084014822338956273,47.7956631,7.3046583,https://4padel.fr/,4padel.fr,https://lh3.googleusercontent.com/p/AF1QipPWRS3jSlY2bxxXvn9dstD0inXDmL1REuxTFwy_,ChIJt_NoXGeDkUcR8Ytp7qpT9_o,padel
Padel REDSPORT-LANDAGORA,Av. du Curé Baud 84,1212 Lancy,Padel court,Europe/Zurich,+41 22 794 64 64,"022 794 64 64, +41 22 794 64 64",Padel REDSPORT-LANDAGORA (Owner),,,,,https://www.google.com/maps?cid=14136433454261498397,46.1742139,6.1147123,https://redsport.landagora.ch/,redsport.landagora.ch,https://lh3.googleusercontent.com/gps-cs-s/AG0ilSx20evXGj5iisheCNmoATV5YCV_Vjd_1_n5NK-HZK2gv0knI_pOv4sUxK9zjVBo7qY1x5cTHSfY_6sEwiFa-6bK_U9U_JrZO0lvp27zjf2ckSRfOmpBulTJS99ql5L_gW-oe42G-g,ChIJ09OCpjF7jEcRHXI0IFSzLsQ,padel
PADEL DIJON TCD - Fit Arena,21000 Dijon,France,Padel court,Europe/Paris,,,PADEL DIJON TCD - Fit Arena (Owner),,,1,5,https://www.google.com/maps?cid=15436598513659542288,47.3223139,5.0667044,,,https://streetviewpixels-pa.googleapis.com/v1/thumbnail?panoid=dUTygFjVBdB6oWcEPObMug&cb_client=search.gws-prod.gps&w=80&h=92&yaw=40.019997&pitch=0&thumbfov=100,ChIJe-e-SwCf8kcREPv_wo_QOdY,padel
Green Club,Chem. des Epinettes 1,1032 Romanel-sur-Lausanne,"Sports club, Badminton court, Fitness center, Gym, Indoor swimming pool, Padel court, Personal trainer, Squash court, Tennis court, Wellness center",Europe/Zurich,+41 21 648 34 54,"021 648 34 54, +41 21 648 34 54",Green Club (Owner),info@green-club.ch,"facebook: https://www.facebook.com/Green-Club-124907717554604
instagram: https://www.instagram.com/greenclub_romanel",371,4.4,https://www.google.com/maps?cid=8570264866366657364,46.5576795,6.6171598,https://www.green-club.ch/,green-club.ch,https://lh3.googleusercontent.com/p/AF1QipMnVs7rYiyhoPnVk9mSciU2BKf9QojAdWrC3AeY,ChIJc6dQmJ4zjEcRVJPLHn2y73Y,padel
PADEL DU LION,14 B,Rue des Nos,Sports club,Europe/Paris,+33 6 74 51 75 36,"06 74 51 75 36, +33 6 74 51 75 36",PADEL DU LION (Owner),,"facebook: https://www.facebook.com/p/Padel-du-lion-61573641447739
instagram: https://www.instagram.com/padeldulion",16,4.6,https://www.google.com/maps?cid=79205062555382310,47.6144205,6.8490051,https://padeldulion.fr/,padeldulion.fr,https://lh3.googleusercontent.com/p/AF1QipPYO-wpMWtMeCnpY-85fKOyp2A-nGstUr9auLRo,ChIJGR3Ofs09kkcRJrIGspVkGQE,padel
Padel Mâcon,233 Rue d'Ozenay,71000 Mâcon,Padel court,Europe/Paris,+33 3 85 22 07 82,"03 85 22 07 82, +33 3 85 22 07 82",Padel Mâcon (Owner),,,2,5,https://www.google.com/maps?cid=15544364540323236642,46.2875129,4.8131731,https://www.facebook.com/padelmacon,facebook.com,https://lh3.googleusercontent.com/p/AF1QipMB5axoc4FGMXPCq21EnqLIcnlyJ_OjZ8s1W85y,ChIJx5BjNj5v80cRIgslHTGtuNc,padel
Padel de Riddes,Rue du Canal 20,1908 Riddes,Sports complex,Europe/Zurich,+41 78 681 38 39,"078 681 38 39, +41 78 681 38 39",Padel de Riddes (Owner),info@padel-sportup.ch,"facebook: https://www.facebook.com/padelriddes
instagram: https://www.instagram.com/padelriddes",33,4.6,https://www.google.com/maps?cid=2698107786630276441,46.1724563,7.2158049,https://www.padel-sportup.ch/,padel-sportup.ch,https://lh3.googleusercontent.com/gps-cs-s/AG0ilSw8N5GAlJ2jjCQ6zqRjRsIlbE9AbuRJzbbSQw8FZzrOrNVbTBKYYcdiwR35DTf3Fbxrh8kuNSzVHydbIELOxaPTQaQelNxjsSZcWIGFrBjD_cH3vb1sCwgELB0UjBEKyjjM7HA,ChIJVzMS2oXfjkcRWSXQm7yacSU,padel
PadelUp21,Av. Noël Navoizat,21400 Châtillon-sur-Seine,Padel club,Europe/Paris,+33 7 86 46 33 19,"07 86 46 33 19, +33 7 86 46 33 19",PadelUp21 (Owner),,,,,https://www.google.com/maps?cid=1959260327168293799,47.8760623,4.5657524,,,https://streetviewpixels-pa.googleapis.com/v1/thumbnail?panoid=dVpCkOkBaZchDJvfUwNgfw&cb_client=search.gws-prod.gps&w=80&h=92&yaw=322.3371&pitch=0&thumbfov=100,ChIJdeALk2G37UcRp7thD-OwMBs,padel
Padel Club Colombier,All. des Marronniers 7,2013 Colombier,Sports club,Europe/Zurich,+41 78 214 82 02,"078 214 82 02, +41 78 214 82 02",Padel Club Colombier (Owner),contact@padelclub.ch,instagram: https://www.instagram.com/padelclub.ch,2,5,https://www.google.com/maps?cid=17647428086981969171,46.9607368,6.8670752,https://www.padelclub.ch/,padelclub.ch,https://lh3.googleusercontent.com/gps-cs-s/AG0ilSxB9wf7AsBYKehgNPgW3B6U0lKS6iHlJp_PAy1FnoWcY1KiZgp1OWJB9YzZWBplnc7TdV6bK76PpwsSsH3OOzPC69ZRwZxkd4K9XN7bZfu9ppXOEyPflC5AXsLn21Q76y2VG13WzQ,ChIJdyeYv47hjUcRE8XPU1hC6PQ,padel
Court de padel,1233 Bernex,Switzerland,Padel court,Europe/Zurich,,,Court de padel (Owner),info@bernex.ch,"facebook: https://www.facebook.com/bernex.ch
instagram: https://www.instagram.com/commune_de_bernex",5,4.8,https://www.google.com/maps?cid=3263413983588762677,46.1713653,6.0716109,https://www.bernex.ch/terrains-de-padel-608/,bernex.ch,https://lh3.googleusercontent.com/gps-cs-s/AG0ilSyCKybVZDET6rbVEZn06nnk6a3gRUA2P0MAfqw9HoTRlrzVa9ajUFmd-Q5aLig-UH-jV0_qFxCVaC_1Ncc_wGZzfg8k1w6ID6j8r-p_mf4LImtFmbBNLOTL7oZaPm2DYMimzkPi,ChIJd8-FP659jEcRNcTZTrr5SS0,padel
Urban Padel - Club de Padel Dijon,28 Rue de Cracovie,21850 Saint-Apollinaire,Padel club,Europe/Paris,+33 3 80 23 89 76,"03 80 23 89 76, +33 3 80 23 89 76",Urban Padel - Club de Padel Dijon (Owner),,"facebook: https://www.facebook.com/UrbanPadel-112095204880843
instagram: https://www.instagram.com/urbanpadelfr",7,3.7,https://www.google.com/maps?cid=1915369778737982860,47.3402826,5.0731326,https://www.urbanpadel.fr/les-centres/dijon/,urbanpadel.fr,https://lh3.googleusercontent.com/p/AF1QipN_L44cTCciIvKe8N04QE6fPg7DyY2teOYeRust,ChIJr9TaY-Vh7UcRjC0ya6rClBo,padel
AIRPAD La Praille,Rte des Jeunes 28,1212 Lancy,"Padel court, Recreation center",Europe/Zurich,+41 22 300 11 77,"022 300 11 77, +41 22 300 11 77",AIRPAD La Praille (Owner),info@airpad.ch,"instagram: https://instagram.com/airpadswiss
linkedin: https://www.linkedin.com/company/airpad
tiktok: https://www.tiktok.com/@airpadswiss
youtube: https://youtube.com/@AIRLOOPSWISS",4,4.8,https://www.google.com/maps?cid=15406105885801123765,46.1761782,6.1282757,https://www.airpad.ch/,airpad.ch,https://lh3.googleusercontent.com/p/AF1QipNbUrjHXRaIh_2eAllQM-Eba-tQ-gzlwAPOKGd-,ChIJ24O6scl7jEcRtQ87l617zdU,padel
The Padel to B,361 ZA du Verdier,71960 La Roche-Vineuse,Padel court,Europe/Paris,+33 6 16 96 29 08,"06 16 96 29 08, +33 6 16 96 29 08",The Padel to B (Owner),"utilisateur@domaine.com,thepadeltob@gmail.com",facebook: https://www.facebook.com/thepadeltob,2,5,https://www.google.com/maps?cid=13349220460954136811,46.3385419,4.721481,http://www.thepadeltob.com/,thepadeltob.com,https://lh3.googleusercontent.com/p/AF1QipOgRYKRyVURns_waKIRqevqPTHUuR0YcqdiCMya,ChIJp8gTlc9x80cR6zCMM0j1Qbk,padel
THE Paddle club,Quai 1,1844 Villeneuve,Sports club,Europe/Zurich,+41 79 667 03 75,"079 667 03 75, +41 79 667 03 75",THE Paddle club (Owner),,,2,4,https://www.google.com/maps?cid=4619308494021634721,46.3957558,6.920337,http://www.thepaddleclub.ch/,thepaddleclub.ch,,ChIJnZH-FGebjkcRoaoa5pkUG0A,padel
Padel Grandson,Camping Le Pécos,Chem. du Pécos 35,Padel court,Europe/Zurich,,,Padel Grandson (Owner),gaelle@gdsports.ch,facebook: https://www.facebook.com/pluginres,5,5,https://www.google.com/maps?cid=3349435827367950854,46.8021225,6.6349771,https://padelgrandson.plugin.ch/#,padelgrandson.plugin.ch,https://lh3.googleusercontent.com/gps-cs-s/AG0ilSx4IsSLChS8f-X-n0QJ0NHgSevTs9eMim-JmlbvPRj5dxnSIAdP2LoM6MfKBueIT4VJ3N-fjYa0BVB6Dkx11CGC4CvIUKaS0yOVUe0NQ0a9l6oZ2whDqOS1JwcssPOiesK5Gbk,ChIJTYEj9WXFjUcRBro7kCOWey4,padel
Esprit Padel Mâcon,60 ZONE DE LA TEPPE,01380 Saint-André-de-Bâgé,Padel club,Europe/Paris,+33 6 25 51 25 04,"06 25 51 25 04, +33 6 25 51 25 04",Esprit Padel Mâcon (Owner),contact-macon@espritpadel.com,"facebook: https://www.facebook.com/people/Esprit-Padel-Mcon/61570918346895,https://www.facebook.com/people/Esprit-Padel-M%C3%A2con/61570918346895
instagram: https://www.instagram.com/espritpadel_macon
tiktok: https://www.tiktok.com/@esprit.padel.mcon
youtube: https://www.youtube.com/@espritpadel9072",,,https://www.google.com/maps?cid=11702319625601056140,46.2919367,4.9140136,https://macon.espritpadel.com/,macon.espritpadel.com,,ChIJcbnT0tFp80cRjH0IrLL9ZqI,padel
Padelino Lyss,Südstrasse 16,3250 Lyss,"Padel court, Padel club, Sports complex",Europe/Zurich,,,Padelino Lyss (Owner),contact@padelino.ch,instagram: https://www.instagram.com/padelino.ch,,,https://www.google.com/maps?cid=9410849353560278157,47.065628,7.292775,https://www.padelino.ch/,padelino.ch,https://lh3.googleusercontent.com/p/AF1QipMuX9ZdSYlr3iGPY7E4Up-KyOSXV9_9U0SQrDl8,ChIJb99YJcwZjkcRjcSsUaANmoI,padel
ACE PADEL JURA,5 Rue Nicolas Appert,39800 Poligny,Padel club,Europe/Paris,,,ACE PADEL JURA (Owner),"utilisateur@domaine.com,acepadeljura@gmail.com",instagram: https://www.instagram.com/acepadeljura,,,https://www.google.com/maps?cid=1460913519402144041,46.8445205,5.6991902,https://www.acepadeljura.fr/,acepadeljura.fr,,ChIJeRQYIAA9jUcRKdGHCxs1RhQ,padel
AIRPAD Les Acacias,Rue Boissonnas 11,1227 Genève,Padel court,Europe/Zurich,,,AIRPAD Les Acacias (Owner),info@airpad.ch,"instagram: https://instagram.com/airpadswiss
linkedin: https://www.linkedin.com/company/airpad
tiktok: https://www.tiktok.com/@airpadswiss
youtube: https://youtube.com/@AIRLOOPSWISS",8,4.3,https://www.google.com/maps?cid=6347812176017943817,46.1922498,6.1305872,https://www.airpad.ch/,airpad.ch,https://lh3.googleusercontent.com/gps-cs-s/AG0ilSy3ZF6Szbk5DH0EGFFrfLEDhyrxsxzHAledPzNR2gCmGJUusffgmqxEL7Ae55I1npQ4ZAUe-nhtIORHTe5HkoGVFDmoB1NOY9YvaZYO3hYVBajmm98KYTg2GpK4HjbgZ4ymZ1K8,ChIJU4fkIAB7jEcRCe1yvIr1F1g,padel
Padel/Squash Dijon/Quetigny,7 Rue de la Gouge,21800 Quetigny,"Padel court, Squash court",Europe/Paris,+33 3 73 27 57 40,"03 73 27 57 40, +33 3 73 27 57 40",Padel/Squash Dijon/Quetigny (Owner),"info@dijon.battlekart.com,om@padel.com",,17,4,https://www.google.com/maps?cid=10759258643859092085,47.305772,5.1048426,https://padelsquashquetigny.fr/,padelsquashquetigny.fr,https://lh3.googleusercontent.com/p/AF1QipO5YJDA_0bDUSF_HMsiIKrsmNGQa2gSzJj4n7D0,ChIJJV62NKmf8kcRdbLFSbuQUJU,padel
Ascor Padel,11 Rue des Bouquières,25400 Exincourt,Padel court,Europe/Paris,+33 6 37 47 78 60,"06 37 47 78 60, +33 6 37 47 78 60",Ascor Padel (Owner),,,,,https://www.google.com/maps?cid=12732532460188272817,47.5030873,6.8340449,https://www.ascorpadel.fr/,ascorpadel.fr,https://lh3.googleusercontent.com/p/AF1QipPdI7Y8gpM_4tBW4eKmt19d8iUA6zAfz25pV7NY,ChIJBapoTA0XkkcRsQinDNAKs7A,padel
Tennis Padel Grand Besançon,Rte de Belfort,25220 Thise,Tennis club,Europe/Paris,,,Tennis Padel Grand Besançon (Owner),,,49,4.2,https://www.google.com/maps?cid=17763984068345354783,47.2675021,6.0725833,https://tenup.fft.fr/club/51250356/offres,tenup.fft.fr,https://lh3.googleusercontent.com/gps-cs-s/AG0ilSzNlPDsdbeERkfi3knjxt4Nh4-S-9d-5DRyr952hVAHRMtYFxg8PBJGYYC3IRx0iey81nxUy-4z8wBL1BbyIA2JF-rjf9-vMr3MgCF6bk1G9EhrQJkbDz-2nuwfvuMI0OORybtoSg,ChIJR3AS3PF9jUcRH1psfWRZhvY,padel
Padel Swiss,Rue de Champréveyres 14,2000 Neuchâtel,Sports activity location,Europe/Zurich,+41 79 728 78 28,"079 728 78 28, +41 79 728 78 28",Padel Swiss (Owner),info@padelswiss.com,facebook: https://www.facebook.com/PadelSwiss,1,5,https://www.google.com/maps?cid=2634417668006003942,47.0065907,6.9643138,http://www.padelswiss.com/contact_it.html,padelswiss.com,https://streetviewpixels-pa.googleapis.com/v1/thumbnail?panoid=0r0ChmvKIW-LPDBAxC19EA&cb_client=search.gws-prod.gps&w=80&h=92&yaw=121.10593&pitch=0&thumbfov=100,ChIJAQAw6YEJjkcR5sSCS-lUjyQ,padel
Tennis Padel Crans VD,Chem. des Sports 3,1299 Crans (VD),"Tennis club, Padel club",Europe/Zurich,,,Tennis Padel Crans VD (Owner),"ecole@tpcrans.ch,info@tpcrans.ch,padel@tpcrans.ch,compta@tpcrans.ch",instagram: https://www.instagram.com/tpcrans,24,4.5,https://www.google.com/maps?cid=3439497666338450898,46.3607186,6.2030153,http://www.tpcrans.ch/,tpcrans.ch,https://lh3.googleusercontent.com/p/AF1QipOhNt-zNNmBjrjmCelGPczKA_IaJ-aKXApI4HVk,ChIJ9-I10bldjEcR0m3jf-eMuy8,padel
SO Club,39 Chem. des Liavoles,01440 Viriat,"Sports complex, Badminton court, Children's club, Fitness center, Padel club, Restaurant, Soccer field, Sports bar, Squash court",Europe/Paris,+33 4 74 23 37 44,"04 74 23 37 44, +33 4 74 23 37 44",SO Club (Owner),infosoclub@gmail.com,"facebook: https://www.facebook.com/SOCLUBourgenbresse
instagram: https://www.instagram.com/soclubviriat",944,4.4,https://www.google.com/maps?cid=12460439745930423069,46.2338708,5.206006,http://www.so-club.fr/,so-club.fr,https://lh3.googleusercontent.com/p/AF1QipOHkOqlssLc9pOSpHWfGfYFHlHXqPnCh2X815mD,ChIJK328EfBR80cRHWtXQe5f7Kw,padel
Club de Tennis-Padel Aigle,Allée Ferdi-Kübler 6,1860 Aigle,Tennis club,Europe/Zurich,,,Club de Tennis-Padel Aigle (Owner),e.sessa@bluewin.ch,,31,4.2,https://www.google.com/maps?cid=16097606366522304824,46.3184642,6.9358303,http://tcaigle.ch/,tcaigle.ch,https://lh3.googleusercontent.com/gps-cs-s/AG0ilSwJazqW7D2pT8Nr0mpuMf8GgUQsaf5Hqhu8wmL6NhzwGAtnwhcj-Fqpf0267ON03ttKMJX-JG0EizEx1o639HGtt32UlT00gAknwuMqbOKnzW8o8xVngRkahZmxK0ZYinLQFBY,ChIJ1dy_LvaXjkcROOmgmrMvZt8,padel
La Bulle aux Prés Verts,14 Rue des Prés Verts,89113 Charbuy,"Padel club, Bar, Live music venue, Padel court, Brasserie, Squash court",Europe/Paris,+33 3 86 34 32 29,"03 86 34 32 29, +33 3 86 34 32 29",La Bulle aux Prés Verts (Owner),,,23,4.7,https://www.google.com/maps?cid=4253019447619916635,47.8176839,3.4635327,https://www.labulleauxpresverts.fr/,labulleauxpresverts.fr,https://lh3.googleusercontent.com/gps-cs-s/AG0ilSyv4mGg40DD8qL_5aVe5xt60KyBDbpC1AAcXNEX_K0C1cFq8Ziiihgn7WXN-2NBuf0JfIZRFcQaQP7B0HV_ySaRLRxp-vxA9e9qluu0Pof-Dt0sj9B2itQWjVzi1UVMJU8kb2WiD3SIcRg,ChIJm1pS9hxN7kcRW5M2dqfCBTs,padel
TC Biel-Bienne,Chem. du Tennis 2,2504 Bienne,"Sports club, Restaurant",Europe/Zurich,+41 32 341 16 41,"032 341 16 41, +41 32 341 16 41",TC Biel-Bienne (Owner),info@tpcbiel-bienne.ch,"facebook: https://www.facebook.com/TC-Biel-Bienne-1557528281205625
instagram: https://www.instagram.com/tc_bielbienne
linkedin: https://www.linkedin.com/company/tc-biel",137,4.5,https://www.google.com/maps?cid=5539338251273153451,47.1565368,7.2782054,http://www.tpcbiel-bienne.ch/,tpcbiel-bienne.ch,https://lh3.googleusercontent.com/gps-cs-s/AG0ilSzYYEv0zTBxANg9ZqEOaFWXrnajALkTcKJYzeUOBPBuJB7Y9nO1vU-5wz_UBfN5gvx0YdmSDN3eZ165WJ9d5nkWYWV3Kke_HZK3Ip1O-URdwjw-c-zIpGkltUwa4W9njxhNpQ0,ChIJeYaC-qsYjkcRq6vedcqu30w,padel
Tennis de Vernier,Via Monnet 10,1214 Vernier,"Padel court, Badminton court, Tennis court",Europe/Zurich,+41 22 306 07 76,"022 306 07 76, +41 22 306 07 76",Tennis de Vernier (Owner),"ssp@vernier.ch,mairie@vernier.ch","facebook: https://www.facebook.com/VilledeVernier
instagram: https://www.instagram.com/villedevernier",96,4.4,https://www.google.com/maps?cid=14205299506804464068,46.2186304,6.0814083,https://www.vernier.ch/lieux/tennis-badminton-et-padel-de-vernier,vernier.ch,https://lh3.googleusercontent.com/gps-cs-s/AG0ilSwHgRUdwVxiaPQz8dAWvL3Zqiv0LGs0_OBIvVQDpvqIPmNCpzrDyd7qQhLyMgPjbwMJ9klsCn4Fa8c4VscM4IfqZSPCqqdKYTRXO4htSGmiRBBo1Hhe4O4P9yLx-KfxqsOkXbs,ChIJ-8VgkUFjjEcRxJkcd6NcI8U,padel
Padel Tennis,Rte de Crevel 301,1468 Cheyres,Sports club,Europe/Zurich,,,Padel Tennis (Owner),,,1,5,https://www.google.com/maps?cid=14587622270661279569,46.8096942,6.7738133,,,https://streetviewpixels-pa.googleapis.com/v1/thumbnail?panoid=itQGtzck4pu7v1CB9uV7JA&cb_client=search.gws-prod.gps&w=80&h=92&yaw=287.17065&pitch=0&thumbfov=100,ChIJsw83fQDbjUcRUb9XqCqlcco,padel
Sportunity Padel - TC Chavornay,Prom. de l'Abbaye,1373 Chavornay,Sports club,Europe/Zurich,+41 21 323 29 29,"021 323 29 29, +41 21 323 29 29",Sportunity Padel - TC Chavornay (Owner),info@sportunity.ch,"facebook: https://www.facebook.com/sportunitysarl
instagram: https://www.instagram.com/sportunityapp
linkedin: https://www.linkedin.com/company/sportunity-sarl
twitter: https://x.com/sportunityapp
youtube: https://www.youtube.com/channel/UCUxriN0QQpU6Rx3n0F6Ybaw",11,4.5,https://www.google.com/maps?cid=13699266964816658971,46.7045556,6.577165,https://sportunity.com/fr/chavornay,sportunity.com,https://lh3.googleusercontent.com/gps-cs-s/AG0ilSyR7Aai5ynKnaJwPHIt86YF_rVR9flraq__ywfGtTaV9MTekg-vVwN4vzrk5eEiELgvVONq8nXxU677BUBE2FKOcKrS1YRkMSMtAsM9DHfVZmTVjQtEp9k1lJ5yrrPgY7uh55gE8w-62vw,ChIJA0budjLNjUcRGwIkAbmSHb4,padel
Centre de Sports et Loisirs des Îles,Route d'Aproz,Centre de Sports et Loisirs,"Sports complex, Badminton court, Miniature golf course, Squash court, Tennis center, Tennis club, Tennis court",Europe/Zurich,+41 27 346 19 29,"027 346 19 29, +41 27 346 19 29",Centre de Sports et Loisirs des Îles (Owner),,,239,4.1,https://www.google.com/maps?cid=8198207141331533498,46.2134599,7.3223773,http://www.loisiles.ch/,loisiles.ch,https://lh3.googleusercontent.com/p/AF1QipO55IojUo5bo2SV3AoWXuGdKwlSa4sp6te0ZPbp,ChIJtfQFG2_cjkcRuv4ihvXhxXE,padel
Tennis Padel de Clairvaux-les-Lacs,Chem. des Tilleuls,39130 Clairvaux-les-Lacs,"Tennis club, Padel club",Europe/Paris,+33 9 50 69 45 76,"09 50 69 45 76, +33 9 50 69 45 76",Tennis Padel de Clairvaux-les-Lacs (Owner),,,13,4.4,https://www.google.com/maps?cid=11620613653424934636,46.575375,5.740795,https://tenup.fft.fr/club/51390097,tenup.fft.fr,https://lh3.googleusercontent.com/gps-cs-s/AG0ilSzz5d6XIbNKBYR6kdENybBHfNn9C9_IQF0ZfPXtk-ijkwUQItVL8NmKzGnRUB47cjM6l8ERyKl7px_51phusbdD4hA9skTg2i7huJEqJsymYIfWx_9yzdwlM0QcX4jStWrgNCoX,ChIJD9JS-xLnjEcR7I5ylIy2RKE,padel
Tennis Padel Langres,Rue du Caporal Albert Arty,52200 Langres,"Tennis club, Padel club, Sports club",Europe/Paris,+33 6 76 47 80 29,"06 76 47 80 29, +33 6 76 47 80 29",Tennis Padel Langres (Owner),,,1,5,https://www.google.com/maps?cid=3802552576047884233,47.8524787,5.333051,https://tenup.fft.fr/club/55520039?utm_source=gmb,tenup.fft.fr,https://lh3.googleusercontent.com/p/AF1QipNtRUA2-7Lj2Q0iZFyU7FPcaRLr78qIEY2FoPyn,ChIJR0U7gvAj7UcRyacUz2thxTQ,padel
Tennis Rouffach,Rue du Stade,68250 Rouffach,Tennis club,Europe/Paris,+33 6 84 05 51 46,"06 84 05 51 46, +33 6 84 05 51 46",Tennis Rouffach (Owner),,,38,4.8,https://www.google.com/maps?cid=11423782010073899931,47.9519579,7.2997708,http://tennisrouffach.fr/,tennisrouffach.fr,https://lh3.googleusercontent.com/p/AF1QipPPGGeQIJF8UW3uwhWi_wI8vSnw9BXFbr698hEk,ChIJC_3obkt6kUcRm-PzXTZtiZ4,padel
Padel Helvetia,Via Monnet 10,1214 Vernier,,Europe/Zurich,+41 22 306 07 76,"022 306 07 76, +41 22 306 07 76",Padel Helvetia (Owner),,,,,https://www.google.com/maps?cid=7409260122431783923,46.2186844,6.0823462,,,,ChIJ58sKjEFjjEcR84MDTtP60mY,padel
CIS Marin Sports & Loisirs,Rte des Marais 10,2074 Marin-Epagnier,Sports complex,Europe/Zurich,+41 32 755 71 71,"032 755 71 71, +41 32 755 71 71",CIS Marin Sports & Loisirs (Owner),,"facebook: https://www.facebook.com/CISmarin
instagram: https://www.instagram.com/padel_school_neuchatel,https://www.instagram.com/cis__marin",393,4.1,https://www.google.com/maps?cid=2043480555994084300,47.0072762,7.0207901,http://www.cis-marin.ch/,cis-marin.ch,https://lh3.googleusercontent.com/gps-cs-s/AG0ilSw4iQ7GSILSuEa7sLkToWYE-F-UUYHatZ6vEv6noZgAtsSRCVp4vAi3S_duRGzmOMmMZIhL71Jn7ezbX5vTzCy5aQ_AmwO4MKE83KFWFgm9bPeku-G0AE3JzEVnYFv2cDaMdXkn,ChIJA6x0Ua4OjkcRzPNxJb3mWxw,padel
LA CHAPELLE DE GUINCHAY T.C.,Cidex 317B,71570 La Chapelle-de-Guinchay,"Tennis club, Sports club",Europe/Paris,,,LA CHAPELLE DE GUINCHAY T.C. (Owner),,,9,4.7,https://www.google.com/maps?cid=9013304657142495113,46.211323,4.755402,https://tenup.fft.fr/club/51710156?utm_source=gmb,tenup.fft.fr,https://streetviewpixels-pa.googleapis.com/v1/thumbnail?panoid=EtkMB9vRDYwCCsraYk50jg&cb_client=search.gws-prod.gps&w=80&h=92&yaw=340.1155&pitch=0&thumbfov=100,ChIJH4_RhKt780cRiTdaxdSwFX0,padel
Terrain de padel vert,Chem. du Gamay,1233 Bernex,Padel court,Europe/Zurich,,,Terrain de padel vert (Owner),info@bernex.ch,"facebook: https://www.facebook.com/bernex.ch
instagram: https://www.instagram.com/commune_de_bernex",,,https://www.google.com/maps?cid=5513135866730315570,46.1718071,6.0722822,https://www.bernex.ch/terrains-de-padel-608/,bernex.ch,https://streetviewpixels-pa.googleapis.com/v1/thumbnail?panoid=RFZ8R_DCrivjrmdz6CzLUA&cb_client=search.gws-prod.gps&w=80&h=92&yaw=248.54736&pitch=0&thumbfov=100,ChIJy7UvRwB9jEcRMv_sZtyXgkw,padel
Centre sportif d'En-Bord,Centre sportif En Bord,1196 Gland,Sports club,Europe/Zurich,,,Centre sportif d'En-Bord (Owner),,,9,4.6,https://www.google.com/maps?cid=2969520217634178459,46.4278359,6.2768506,,,https://lh3.googleusercontent.com/gps-cs-s/AG0ilSw4duZ1WShewbx-LE37oVbAIN3t_5nWx3L-JlV5hYv-Cp-b38ExzGX-VGFMeyYthS94l5kkmP7Gt4AHik3WTGrXdogmIagEHs8lGc2D8xu-7YEi1I_INz7CgWG6ADQmgeinHa6f08XLjXp1,ChIJqTqSBtdFjEcRmwVtnefaNSk,padel
Tennis Padel Courtedoux,Sur la Côte,2905 Courtedoux,"Tennis club, Padel court, Sports complex, Tennis court",Europe/Zurich,+41 79 260 50 78,"079 260 50 78, +41 79 260 50 78",Tennis Padel Courtedoux (Owner),,"facebook: https://www.facebook.com/tenniscourtedoux
instagram: https://www.instagram.com/tenniscourtedoux",6,4.7,https://www.google.com/maps?cid=7269032309341309354,47.4062918,7.0386667,https://tenniscourtedoux.ch/,tenniscourtedoux.ch,https://lh3.googleusercontent.com/p/AF1QipM9cSlYwNiwKGssLw0xGGIqxy45UkCp7Q-i1rJP,ChIJTbojFev3kUcRqkkgU1_K4GQ,padel
Divona Pump Foil Club,Rue du Port,01220 Divonne-les-Bains,Sports club,Europe/Paris,+33 7 84 58 15 42,"07 84 58 15 42, +33 7 84 58 15 42",Divona Pump Foil Club (Owner),,,2,4.5,https://www.google.com/maps?cid=16622883416283536689,46.352497,6.146043,https://www.helloasso.com/associations/divona-pump-foil-club,helloasso.com,https://lh3.googleusercontent.com/p/AF1QipMSxKnyObY_IKv_8TJGaz84yeZ3oV9HzXczo5HW,ChIJDyBbRbhdjEcRMd1PMmVYsOY,padel
CRECHES CHAINTRE T.C.,le parc du coteau,71680 Crêches-sur-Saône,"Tennis club, Sports club",Europe/Paris,,,CRECHES CHAINTRE T.C. (Owner),,,3,5,https://www.google.com/maps?cid=9603017773849529776,46.240356,4.781023,https://tenup.fft.fr/club/51710221?utm_source=gmb,tenup.fft.fr,https://streetviewpixels-pa.googleapis.com/v1/thumbnail?panoid=AFSpbVS2DgH73g3HZi8edg&cb_client=search.gws-prod.gps&w=80&h=92&yaw=230.27673&pitch=0&thumbfov=100,ChIJGww-SAll80cRsE0QTsnFRIU,padel
TC Lancy-Fraisiers,Av. du Curé Baud 84,1212 Lancy,Sports club,Europe/Zurich,+41 22 794 64 64,"022 794 64 64, +41 22 794 64 64",TC Lancy-Fraisiers (Owner),"greg@tcfraisiers.ch,nicolas@tcfraisiers.ch,info@tcfraisiers.ch,ecole@tcfraisiers.ch","facebook: https://www.facebook.com/TC-Lancy-Fraisiers-183775214970656
instagram: https://www.instagram.com/p,https://www.instagram.com/tclancyfraisiers",6,4.8,https://www.google.com/maps?cid=15493141183066503945,46.1748274,6.1149794,https://tcfraisiers.ch/,tcfraisiers.ch,https://lh3.googleusercontent.com/p/AF1QipNHvZ7Pll2pta1nKFVOWcccFQ9gRAzqPLUSBE5l,ChIJA_OciB57jEcRCXun39GxAtc,padel
Tennis Club,All. des Prés Buffard,39100 Dole,Tennis club,Europe/Paris,+33 3 84 79 16 89,"03 84 79 16 89, +33 3 84 79 16 89",Tennis Club (Owner),,,19,4.9,https://www.google.com/maps?cid=1034482318873340117,47.0729802,5.487041,https://tenup.fft.fr/club/51390012?utm_source=gmb,tenup.fft.fr,https://lh3.googleusercontent.com/gps-cs-s/AG0ilSw98Gw84mxHSGcc-JYM5cuU2pHHWVDCEvv3lfnwhcgYubIrUplOc-986WQpWkl-OqZm-fuYk6GQQhdRn3Hog_XbVey9clB4nZcHmF1L41jOXfzfvMuoFc0_xDCwzLTJbqX8YOdF7w,ChIJcwvsvNlLjUcR1SjeJjA4Ww4,padel
ASCAP Padel & Tennis,1 rue bis du bois de la dame,25200 Montbéliard,"Tennis club, Padel club, Padel court, Tennis court",Europe/Paris,+33 7 61 51 59 36,"07 61 51 59 36, +33 7 61 51 59 36",ASCAP Padel & Tennis (Owner),,,34,4.7,https://www.google.com/maps?cid=7641137700091950977,47.521556,6.8080658,https://tenup.fft.fr/club/51250008?utm_source=gmb,tenup.fft.fr,https://lh3.googleusercontent.com/p/AF1QipM7Ymxu0MmMfpcPGBfYcySVtHsF7njycNfr5NuI,ChIJZc_4nJUXkkcRgXfT9UDGCmo,padel
Tennis Club Collombey-Muraz,Chem. de Nandillier,1868 Collombey-Muraz,Tennis club,Europe/Zurich,+41 79 684 22 34,"079 684 22 34, +41 79 684 22 34",Tennis Club Collombey-Muraz (Owner),,"facebook: https://www.facebook.com/Facebook
instagram: https://www.instagram.com/tennispadelcm
tiktok: https://www.tiktok.com/@tennispadelcm
twitter: https://x.com/Twitter",22,4.3,https://www.google.com/maps?cid=947145491117087421,46.2782794,6.9409821,http://www.tccm.ch/,tccm.ch,https://lh3.googleusercontent.com/gps-cs-s/AG0ilSwMHRqiISvSNA_Oxj2sMvrPDLWhHjMCcu6s4LOT_PX1HlyYvUx33HGbQUnbyyl8pZV-3cKXBb88pNqi6XqcNEG8IVrK9vmcF5QywXHfjjmGiJTOcOuB-HkCKjyBnUnGD43zmYU,ChIJnSwCFzu9jkcRvZqlVM7vJA0,padel
Padel Tennis Gland,En Bord 1,1196 Gland,Padel court,Europe/Zurich,+41 22 364 74 03,"022 364 74 03, +41 22 364 74 03",Padel Tennis Gland (Owner),tcg@tcgland.ch,"facebook: https://www.facebook.com/TCGland
instagram: https://www.instagram.com/tcgland,https://instagram.com/tcgland",4,3,https://www.google.com/maps?cid=14963087489504970389,46.4277509,6.2769334,https://tcgland.ch/,tcgland.ch,https://streetviewpixels-pa.googleapis.com/v1/thumbnail?panoid=l5P_iAQ3miVTj0sw6BrAGQ&cb_client=search.gws-prod.gps&w=80&h=92&yaw=104.80113&pitch=0&thumbfov=100,ChIJ38xTfABFjEcRlQYJO8uQp88,padel
Parc Écologique et Sportif Eugène Freyssinet - Le Grand Chalon,16 Rte de Lyon,71100 Saint-Rémy,"Park, Country club",Europe/Paris,,,Parc Écologique et Sportif Eugène Freyssinet - Le Grand Chalon (Owner),,"facebook: https://facebook.com/legrandchalon
instagram: https://instagram.com/legrandchalon
linkedin: https://linkedin.com/company/legrandchalon",26,4.4,https://www.google.com/maps?cid=9518540016532814015,46.7704162,4.8434472,http://kaleidoscope.fr/2020/09/22/parc-eugene-freyssinet-a-saint-remy-mode-demploi/,kaleidoscope.fr,https://lh3.googleusercontent.com/gps-cs-s/AG0ilSw86yBbqm9oIYXK5LJi5UTDBZHqksusr1S3l0yVEUsGroViNPxaY5P-nNE4OV0Rh5mvCSFBeYwnFN_1Z2eWYz2aSqosv6U096mZx8FsmlpRloYZB20CsR5wUsdb9wdeXFMce4fn,ChIJD1yO_HH98kcRv3jHsbalGIQ,padel
Padel Helvetia,Rte de Collex 47,1293 Bellevue,Tennis club,Europe/Zurich,+41 78 897 71 00,"078 897 71 00, +41 78 897 71 00",Padel Helvetia (Owner),,,,,https://www.google.com/maps?cid=10382550559226217735,46.2599254,6.1421144,,,https://streetviewpixels-pa.googleapis.com/v1/thumbnail?panoid=jBZlMM3xbC7O-4xoiKtqew&cb_client=search.gws-prod.gps&w=80&h=92&yaw=338.58084&pitch=0&thumbfov=100,ChIJ2UdIVDdkjEcRB0U2ebk6FpA,padel
Conceptball,5 Rue Sadi Carnot et L J Thénard,71530 Champforgeuil,Sports complex,Europe/Paris,+33 3 85 92 94 41,"03 85 92 94 41, +33 3 85 92 94 41",Conceptball (Owner),,"facebook: https://www.facebook.com/p/Conceptball-100063674405446
instagram: https://www.instagram.com/concept_ball71",143,4.6,https://www.google.com/maps?cid=16634594080229252616,46.8198042,4.8450066,http://www.conceptball.fr/,conceptball.fr,https://lh3.googleusercontent.com/gps-cs-s/AG0ilSyOpTjpnExov8RhOIhafatRx_FTSbrEWcW1LP7ORc3Rb94vjpr1NF2LWbZCbXkrSADAkg4XCbTOyUyd8CjZ0oHQhLbXv3iZQLnEhK1btzL_sMgetecVlZJnMppxZ5q6ZZcvcsQu,ChIJXQmfVW378kcRCF7hni7z2eY,padel
Padel Helvetia,Rte des Marais 10,2074 Marin-Epagnier,,Europe/Zurich,+41 32 755 71 71,"032 755 71 71, +41 32 755 71 71",Padel Helvetia (Owner),,,,,https://www.google.com/maps?cid=3257807298811486828,47.0070033,7.0203338,,,https://streetviewpixels-pa.googleapis.com/v1/thumbnail?panoid=yX4SJN8FOptSqTy3sAXf2w&cb_client=search.gws-prod.gps&w=80&h=92&yaw=143.71832&pitch=0&thumbfov=100,ChIJBax0Ua4OjkcRbGJVSHoONi0,padel
THONON LES BAINS TC,Av. de la Grangette,74200 Thonon-les-Bains,"Tennis club, Sports club",Europe/Paris,+33 4 50 71 69 51,"04 50 71 69 51, +33 4 50 71 69 51",THONON LES BAINS TC (Owner),,,2,5,https://www.google.com/maps?cid=5422930053930939096,46.362514,6.466714,https://tenup.fft.fr/club/50740069?utm_source=gmb,tenup.fft.fr,https://streetviewpixels-pa.googleapis.com/v1/thumbnail?panoid=Ewy0Rnl01ZhZDe14ztl6_w&cb_client=search.gws-prod.gps&w=80&h=92&yaw=51.562794&pitch=0&thumbfov=100,ChIJ5xuWyf8_jEcR2PJX8iYeQks,padel
TCM Tennis Club Marly,Chem. des Sources 21,1723 Marly,"Sports club, Tennis court",Europe/Zurich,+41 26 436 35 95,"026 436 35 95, +41 26 436 35 95",TCM Tennis Club Marly (Owner),,,116,4.3,https://www.google.com/maps?cid=1986929191281432780,46.7698622,7.1689447,http://www.tennismarly.ch/,tennismarly.ch,https://lh3.googleusercontent.com/p/AF1QipM-lQTOkXf7DezSh6MwFmJK1r_2UzrkFwAmecRb,ChIJ2wEFu8xpjkcRzBgvgJL9khs,padel
ALLINGES TENNIS PADEL,Av. des Châtaigniers,74200 Allinges,Tennis club,Europe/Paris,+33 4 50 70 53 83,"04 50 70 53 83, +33 4 50 70 53 83",ALLINGES TENNIS PADEL (Owner),tenniscluballinges@orange.fr,instagram: https://www.instagram.com/allinges.tennis.padel,19,4.3,https://www.google.com/maps?cid=15823566099460405199,46.3442625,6.4800688,https://www.tenniscluballinges.com/,tenniscluballinges.com,https://lh3.googleusercontent.com/gps-cs-s/AG0ilSx6DXZCBDkWN6z0XJJELbKWYgaFUI019gkDYaCzAkBjjw7n1enR0tqr_oGYIyp_kS3vLgFTJ6k86APg1I2PV_VwVksOL93ORfrpmwHREFjQc6IJKekD95niDzqZKgWou7dfZubB,ChIJVW_nMQk-jEcRzzdA1oeZmNs,padel
CHALON T.C,22 Rue Pierre de Coubertin,71150 Farges-lès-Chalon,"Tennis club, Sports club",Europe/Paris,+33 6 79 05 65 26,"06 79 05 65 26, +33 6 79 05 65 26",CHALON T.C (Owner),,,8,4.8,https://www.google.com/maps?cid=8165209123157701834,46.807442,4.849267,https://tenup.fft.fr/club/51710384?utm_source=gmb,tenup.fft.fr,https://lh3.googleusercontent.com/gps-cs-s/AG0ilSyRX--yEQHQvl5B4pCxB8Tb0jMlse4HUcETRJPu0tv50cMRWnOt8Asdby7iNeWUB4VTxrPNg4SqhhsZEtrylL1sMXXGCKf_LTB4fqv8xw81kRWq4f0j3_CbPmX5TWxi_vBmGQua,ChIJrd2kr9D78kcRyvSXtm-mUHE,padel
Src Section Tennis,Ingersheimer weg,68000 Colmar,Tennis club,Europe/Paris,+33 3 89 24 56 55,"03 89 24 56 55, +33 3 89 24 56 55",Src Section Tennis (Owner),secretariat.srctennis@gmail.com,,25,4.7,https://www.google.com/maps?cid=11938236628689655810,48.1113708,7.3344155,https://www.sr-colmar-tennis.fr/,sr-colmar-tennis.fr,https://lh3.googleusercontent.com/gps-cs-s/AG0ilSx2OsGhtH2XY8WxPUBacEveX9pkLHDjGZUtcjcFbcSDYavI0Z0Jhi-D8bIPOE3RG9rqJFjBHhLArYdb2Ix8YazWRDqK1r24GozbdT2Cbo2et4dLbxa_fUehWBvJSAq4NtYlnLaGnQ,ChIJNyt7Ao1mkUcRApiaWfYiraU,padel
Padel Tennis,14 Rue des Champs Naves,88540 Bussang,Tennis club,Europe/Paris,,,Padel Tennis (Owner),,,,,https://www.google.com/maps?cid=3478855506428915549,47.8887585,6.8575627,,,https://streetviewpixels-pa.googleapis.com/v1/thumbnail?panoid=ReyYl7iZPmWghQuq0HMB6g&cb_client=search.gws-prod.gps&w=80&h=92&yaw=163.87622&pitch=0&thumbfov=100,ChIJVVVpUKTMk0cRXW-bvaZgRzA,padel
SAINT FLORENTIN E.S.,58 Rue des Bruyères,89600 Vergigny,"Tennis club, Sports club",Europe/Paris,,,SAINT FLORENTIN E.S. (Owner),,,1,5,https://www.google.com/maps?cid=3285498067944141794,47.9647594,3.7216309,https://tenup.fft.fr/club/51890048?utm_source=gmb,tenup.fft.fr,https://lh3.googleusercontent.com/gps-cs-s/AG0ilSxAmhaLQSe_T_bgPXDw9nOYIrj39R8gZd7fpXQG9cNcZbwM_bKUhtP_DJwulSD1IVFirrC5lPmtAHAhY255HXzm5zE4AsS_byEACja1khW94TeQjhaj_yzQ12l7bpdljLOkCoEwjw,ChIJP4saF7Bf7kcR4vMK4hVvmC0,padel
International Tennis Club,Chem. de l'Impératrice 27,1292 Pregny-Chambésy,"Tennis club, Bar, Restaurant",Europe/Zurich,+41 22 733 14 05,"022 733 14 05, +41 22 733 14 05",International Tennis Club (Owner),"cs@internationaltennis.club,contact@molti.com",,83,4.5,https://www.google.com/maps?cid=11854232906566283928,46.2319413,6.1395569,https://internationaltennisclub.ch/,internationaltennisclub.ch,https://lh3.googleusercontent.com/p/AF1QipO4QeLmA04wbqt_Pfr0cZ3XRhBGbEnY5q-lFqPh,ChIJMfBKevlkjEcRmDKhqAWygqQ,padel
Tennis club de Prissé,372 Rue de la Fontaine,71960 Prissé,Tennis club,Europe/Paris,+33 3 85 37 83 15,"03 85 37 83 15, +33 3 85 37 83 15",Tennis club de Prissé (Owner),,,20,4.8,https://www.google.com/maps?cid=2416937902565093605,46.3245735,4.7434949,https://tennis-club-prisse.com/,tennis-club-prisse.com,https://lh3.googleusercontent.com/p/AF1QipOJ8GE86gUQAFaUzyLjfqDfVbSI0r85bTdK_1by,ChIJU8qRCXNx80cR5fCRhjewiiE,padel
VAUZELLES A.S.A.,6 Rue Benoît Frachon,58600 Fourchambault,"Tennis club, Sports club",Europe/Paris,,,VAUZELLES A.S.A. (Owner),,,1,5,https://www.google.com/maps?cid=3279978563303953661,47.005962,3.1414,https://tenup.fft.fr/club/51580032?utm_source=gmb,tenup.fft.fr,https://streetviewpixels-pa.googleapis.com/v1/thumbnail?panoid=dKuIYGmmdl8KWvenx_GDeg&cb_client=search.gws-prod.gps&w=80&h=92&yaw=30.668167&pitch=0&thumbfov=100,ChIJn_S4IsBF8EcR_dSgECDThC0,padel
Padel club reconvilier,2732 Reconvilier,Switzerland,Sport tour agency,Europe/Zurich,,,Padel club reconvilier (Owner),,,,,https://www.google.com/maps?cid=12619023384596187238,47.2347446,7.2259167,,,,ChIJixU8CwDjkUcRZgg06-jGH68,padel
ASAV TENNIS-PADEL,6 Rue Benoît Frachon,58640 Varennes-Vauzelles,Tennis club,Europe/Paris,+33 6 74 58 77 61,"06 74 58 77 61, +33 6 74 58 77 61",ASAV TENNIS-PADEL (Owner),,,30,4,https://www.google.com/maps?cid=2973689750617364574,47.0064574,3.1412823,https://tenup.fft.fr/club/51580032,tenup.fft.fr,https://lh3.googleusercontent.com/p/AF1QipM9aFtbyue9gk6i4AH0YScBVkeapamJXxLAkvWm,ChIJjYWzYuVF8EcRXpjEqRKrRCk,padel
Tennis Club universitaire,Chem. Edouard-Tavan 7,1206 Genève,Tennis club,Europe/Zurich,,,Tennis Club universitaire (Owner),,"facebook: https://www.facebook.com/viedecampusunige,https://www.facebook.com/unigeneve
instagram: https://www.instagram.com/viedecampus.unige,https://instagram.com/unigeneve
linkedin: https://www.linkedin.com/company/university-of-geneva
twitter: https://x.com/UNIGEnews
youtube: https://www.youtube.com/channel/UCLVD78-qZV06ULrJ6eKJIiQ",12,3.8,https://www.google.com/maps?cid=13196029003556235864,46.1852602,6.1587957,https://unige.ch/dife/sports/activites-de-z/z/tennis-club-universitaire-tcu/,unige.ch,https://streetviewpixels-pa.googleapis.com/v1/thumbnail?panoid=FzTewv7XiHB737BiaLBZCw&cb_client=search.gws-prod.gps&w=80&h=92&yaw=297.09332&pitch=0&thumbfov=100,ChIJPTAULEh7jEcRWKq4kna2Ibc,padel
Tennis Club de Bossonnens,Rte des Sports 63,1615 Bossonnens,"Tennis club, Badminton club, Badminton court, Squash club, Squash court, Tennis court",Europe/Zurich,+41 21 947 50 57,"021 947 50 57, +41 21 947 50 57",Tennis Club de Bossonnens (Owner),,,61,3.3,https://www.google.com/maps?cid=7321299468250353541,46.5264235,6.8477943,,,https://lh3.googleusercontent.com/gps-cs-s/AG0ilSyRovh0WkezzwP8PWl1MHmGDk44wEJwJt_eZVkMcLiMzZ46uc1enYqHQseq05Ag0K9QxBaZHQSKbgcnSZwvvR_T0OlQkjztK9mipZCJhYIyddLSb9QprOpy_A3UY1YSk_x4QAkj-Q,ChIJbcd__TSCjkcRhY9RkxN7mmU,padel
NEVERS A.S.P.T.T. Tennis,Impasse Gui,8 Av. Patrick Guillot,"Tennis club, Sports club",Europe/Paris,+33 6 07 27 72 72,"06 07 27 72 72, +33 6 07 27 72 72",NEVERS A.S.P.T.T. Tennis (Owner),,,41,4.3,https://www.google.com/maps?cid=17016589566885354060,46.9796142,3.1261918,http://tennis-nevers-asptt.fr/,tennis-nevers-asptt.fr,https://lh3.googleusercontent.com/gps-cs-s/AG0ilSxfm9hsviQZT5iJ8BY2ms-_-VVDhEoVnSRNCSRvCc_RXQoQU15ipr29OV5H6QA9wbW5pI2sYPZ-nhFjCOJx24PQ9W4dHfZ3plvd7ti_uPtdfglbpydP2Mgj7GKOe_Ym7ZVvpsn0qg,ChIJ_99m2-lF8EcRTNrRpg0SJ-w,padel
PARAY LE MONIAL T.C.,17 Bd Henri Régnier,71600 Paray-le-Monial,Tennis club,Europe/Paris,+33 3 85 81 19 13,"03 85 81 19 13, +33 3 85 81 19 13",PARAY LE MONIAL T.C. (Owner),,,8,4.9,https://www.google.com/maps?cid=12435881047131739808,46.4540655,4.1097036,https://tenup.fft.fr/club/51710083?utm_source=gmb,tenup.fft.fr,https://lh3.googleusercontent.com/gps-cs-s/AG0ilSybGGkJBJJOjivzq7oFZ6PV1pWv8Jm3R0U-_KX8Po0oOEpFuQSbixOdqx5vm1gxreAc_ebURNRuX3BZYJTdoprxMOz08b86Lb8zUBDc2D5QOht92dtJZ4PbThc-elL_zXzWV3vW,ChIJx1l3e2vd80cRoNZMm-wflaw,padel
Champagnole Jura Tennis Padel - CJTP,123 Rue des Tennis,39300 Champagnole,Tennis club,Europe/Paris,+33 6 75 11 91 42,"06 75 11 91 42, +33 6 75 11 91 42",Champagnole Jura Tennis Padel - CJTP (Owner),,,4,4.5,https://www.google.com/maps?cid=9171448340385667501,46.7475854,5.8989949,https://tenup.fft.fr/club/51390233,tenup.fft.fr,https://lh3.googleusercontent.com/gps-cs-s/AG0ilSw6iy4k9ej91QuXbZg_5PxLgEfAZc0t4FT0Clwk_gxz-mumvi3sd5dn2JqgQm3JHgJjbDTe1HarLnXwcEZRAd62QNMUUE2ilMLNzEQFMIr6zlL02-VqJjayyUh8qhCwvQ4Q4QG7LR_uQckk,ChIJoeECDp8djUcRrZmIVKyHR38,padel
Tennis Vergigny,56 Rue des Bruyères,89600 Vergigny,Sports club,Europe/Paris,,,Tennis Vergigny (Owner),,,13,4.6,https://www.google.com/maps?cid=18119522852521665401,47.9647774,3.7216331,,,https://lh3.googleusercontent.com/gps-cs-s/AG0ilSwiPqJ_-nyHYzR7l0BA2M630XJ-PopgsBiQV9UoyDa47QnBnaaC-CLpDOObRbFpJxky7MhheXJc6ISjLJH8z4sUSrE7wl83ilASKM3S4thjuBOmj2942E75BHmbgXljuIFtBPX3,ChIJU9U7VUVf7kcReWMgdAh6dfs,padel
Tennis-Club La Chaux-de-Fonds,Rue du Grenier 52,2300 La Chaux-de-Fonds,Tennis club,Europe/Zurich,+41 32 914 12 10,"032 914 12 10, +41 32 914 12 10",Tennis-Club La Chaux-de-Fonds (Owner),tennisclub@tcchx-de-fds.ch,"facebook: https://www.facebook.com/tc.cdf
instagram: https://www.instagram.com/tennisclub.cdf",102,4.5,https://www.google.com/maps?cid=5773211970528460692,47.0958002,6.8326665,http://www.tcchx-de-fds.ch/,tcchx-de-fds.ch,https://lh3.googleusercontent.com/p/AF1QipN7e_B9rxxg7ykxdvJY997XOq-hnFjnYxGVqW-y,ChIJ-crHUE77jUcRlL9hDLORHlA,padel
Equip Sport Location (Padel),Chem. du Gamay,1233 Bernex,"Sports equipment rental service, Adventure sports center, Athletic field",Europe/Zurich,+41 21 539 16 49,"021 539 16 49, +41 21 539 16 49",Equip Sport Location (Padel) (Owner),,"facebook: https://www.facebook.com/Equip.Sport.Application
instagram: https://www.instagram.com/equip.sport.app
linkedin: https://www.linkedin.com/company/equipsport
youtube: https://www.youtube.com/@equip_sport",,,https://www.google.com/maps?cid=2638316711331394895,46.1716944,6.0723933,https://equip.sport/?utm_source=uberall,equip.sport,https://lh3.googleusercontent.com/p/AF1QipPiPXrzqWL5pKakRhJA_zDMkLvLoZPlvdWNOg8i,ChIJ1YwBp8B9jEcRT3XiDxIvnSQ,padel
Padel Academy,,,"Padel club, Service establishment",Europe/Zurich,+33 6 51 71 23 46,"06 51 71 23 46, +33 6 51 71 23 46",Padel Academy (Owner),hello@padel-academy.ch,"facebook: https://www.facebook.com/padelacademyswitzerland
instagram: https://www.instagram.com/_padelacademy_",2,5,https://www.google.com/maps?cid=4962903297204186812,46.8131873,8.224119,https://www.padel-academy.ch/,padel-academy.ch,,ChIJ9TBnKN97jEcRvG54FEHG30Q,padel
Tennis Club De Brunstatt,11 Rue du Bitz,68350 Brunstatt-Didenheim,"Sports club, Horse riding school",Europe/Paris,+33 3 89 06 09 04,"03 89 06 09 04, +33 3 89 06 09 04",Tennis Club De Brunstatt (Owner),,"facebook: https://www.facebook.com/tcbrunstatt,https://facebook.com/169374093670,https://www.facebook.com/169374093670",20,4.4,https://www.google.com/maps?cid=2663639507176580201,47.7248611,7.3133049,http://www.tcbrunstatt.net/,tcbrunstatt.net,https://lh3.googleusercontent.com/gps-cs-s/AG0ilSwYBJMWXvVJ96X4N06iG9jtS5-U6OvdQQc5Hzgchq6zf6D8sxxnwYEm0hUShE_4fJj5t0QJkxNn5AdDUBAmGMU7Gu_0wnIWOCg8CtiaDLMoHlieY6Ejnr3sKqIAVE-L4p9fel1C,ChIJJbymx-CakUcRaeT06gQm9yQ,padel
Equip Sport Location (Padel),Chem. des Sources 21,1723 Marly,"Sports equipment rental service, Adventure sports center, Athletic field",Europe/Zurich,+41 21 539 16 49,"021 539 16 49, +41 21 539 16 49",Equip Sport Location (Padel) (Owner),,"facebook: https://www.facebook.com/Equip.Sport.Application
instagram: https://www.instagram.com/equip.sport.app
linkedin: https://www.linkedin.com/company/equipsport
youtube: https://www.youtube.com/@equip_sport",,,https://www.google.com/maps?cid=1396865904274253323,46.7698776,7.1689596,https://equip.sport/?utm_source=uberall,equip.sport,https://lh3.googleusercontent.com/p/AF1QipOkAiyniTjA6RSmXJ3KFzDWAoW4CYW162JB9W22,ChIJmSz6ButpjkcRCyYflyOqYhM,padel
Equip Sport Location (Padel),Centre sportif En Bord,1196 Gland,"Sports equipment rental service, Adventure sports center, Athletic field",Europe/Zurich,+41 21 539 16 49,"021 539 16 49, +41 21 539 16 49",Equip Sport Location (Padel) (Owner),,"facebook: https://www.facebook.com/Equip.Sport.Application
instagram: https://www.instagram.com/equip.sport.app
linkedin: https://www.linkedin.com/company/equipsport
youtube: https://www.youtube.com/@equip_sport",,,https://www.google.com/maps?cid=3352790938735221894,46.4282352,6.2769364,https://equip.sport/?utm_source=uberall,equip.sport,https://lh3.googleusercontent.com/p/AF1QipNw6wxWbAO6Y8u1bIQ8ZfBQrM3wJT9FUwvu7qkc,ChIJW1zhHThFjEcRhhx2TZiBhy4,padel
Tennis Club De Thonon,Av. de la Grangette,74200 Thonon-les-Bains,"Tennis club, Sports, Tennis instructor",Europe/Paris,+33 4 50 71 69 51,"04 50 71 69 51, +33 4 50 71 69 51",Tennis Club De Thonon (Owner),,,16,4.6,https://www.google.com/maps?cid=17493572623742027162,46.3624051,6.4680129,http://www.club.fft.fr/,club.fft.fr,https://lh3.googleusercontent.com/gps-cs-s/AG0ilSynzS9W_HNOokebmQSRxr_Xsk7qN7sOyb3MDZThBPJYyLiPZp0UdbUobDIttteFhBlz_0BkSjn1eUZ6lOjYhl449-02tQkfYZmMRNQQbij_IwqDAquGnJu7lvBTdBOLMtjnBP0,ChIJWwYkK10-jEcRmkWkyp2nxfI,padel
Equip Sport Location (Padel),Chem. de Nandillier,1868 Collombey,"Sports equipment rental service, Adventure sports center, Athletic field",Europe/Zurich,+41 21 539 16 49,"021 539 16 49, +41 21 539 16 49",Equip Sport Location (Padel) (Owner),,"facebook: https://www.facebook.com/Equip.Sport.Application
instagram: https://www.instagram.com/equip.sport.app
linkedin: https://www.linkedin.com/company/equipsport
youtube: https://www.youtube.com/@equip_sport",,,https://www.google.com/maps?cid=7253771820685868564,46.279021,6.9411215,https://equip.sport/?utm_source=uberall,equip.sport,https://lh3.googleusercontent.com/p/AF1QipNBrSingVCLPW1P3JCinmV8ZjTMjBuWB_7a-YDB,ChIJlRtoHd69jkcRFD647QmTqmQ,padel
Tennis et padel,1899 Vionnaz,Switzerland,Tennis club,Europe/Zurich,,,Tennis et padel (Owner),,,,,https://www.google.com/maps?cid=11558936176019797372,46.3138599,6.8699082,,,https://streetviewpixels-pa.googleapis.com/v1/thumbnail?panoid=1FTg_U0u3iP07Swz5lF4Sw&cb_client=search.gws-prod.gps&w=80&h=92&yaw=329.90326&pitch=0&thumbfov=100,ChIJg5IeUQCZjkcRfHUS0TWXaaA,padel
Tennis Club Grandson,Chem. du Pécos,1422 Grandson,Tennis club,Europe/Zurich,,,Tennis Club Grandson (Owner),,,15,4.3,https://www.google.com/maps?cid=3249602540587251514,46.8019139,6.6346693,,,https://lh3.googleusercontent.com/gps-cs-s/AG0ilSxZ0nCvkDwNExBqia2xR7n8vm5md7hfrfJ8iEhx1WjTow3nTnzMjSXDK7hKa1VxVgS6OeS_pvg-yXYa2BrBv4nxBqwTo-QC53Bbltk_xs4HBiyrrKf6MU-TFmDvtwMN0L5Gyuo,ChIJUcCHN5zFjUcROvfoJEvoGC0,padel
FLEYRIAT (TENNIS SQUASH),Le Vieux Fleyriat,01440 Viriat,"Tennis club, Sports club",Europe/Paris,+33 6 21 43 13 10,"06 21 43 13 10, +33 6 21 43 13 10",FLEYRIAT (TENNIS SQUASH) (Owner),,,1,5,https://www.google.com/maps?cid=11612807503076134347,46.2336195,5.2065016,https://tenup.fft.fr/club/50010156?utm_source=gmb,tenup.fft.fr,https://lh3.googleusercontent.com/gps-cs-s/AG0ilSwE_UCOupjJVXkp7nruPwFwMyizgr7zUMKqsm5RHWLTQRTzOORkYfGGc3yZXcUagC7jzaxCdXk34iLu3rUdk4NmiaV2sZMMxNtd1trVmE0IWOBrFH0axnbZUEXlmQUGSokOCeHWig,ChIJYas9QCBR80cRyw3YkeX6KKE,padel
Equip Sport Location (Padel),Rte de Crevel 301,1468 Cheyres-Châbles,"Sports equipment rental service, Adventure sports center, Athletic field",Europe/Zurich,+41 21 539 16 49,"021 539 16 49, +41 21 539 16 49",Equip Sport Location (Padel) (Owner),,"facebook: https://www.facebook.com/Equip.Sport.Application
instagram: https://www.instagram.com/equip.sport.app
linkedin: https://www.linkedin.com/company/equipsport
youtube: https://www.youtube.com/@equip_sport",,,https://www.google.com/maps?cid=10496322027895687075,46.8096419,6.7736515,https://equip.sport/?utm_source=uberall,equip.sport,https://lh3.googleusercontent.com/p/AF1QipMOOWT-QLycwQTorzjixrGe0GgNqFLRkKSVGjLU,ChIJS8RRqF3bjUcRo4fUwEVtqpE,padel
Tennis Club Mâcon,202 Rue Pierre de Coubertin,71000 Mâcon,Tennis club,Europe/Paris,+33 7 67 27 09 80,"07 67 27 09 80, +33 7 67 27 09 80",Tennis Club Mâcon (Owner),,"facebook: https://www.facebook.com/tennismacon
instagram: https://www.instagram.com/tennismacon",30,4.4,https://www.google.com/maps?cid=6661736715426198078,46.318645,4.840315,https://www.tennismacon.fr/,tennismacon.fr,https://lh3.googleusercontent.com/p/AF1QipMTI9n_FpWs6LJZF8QXIJNhBUbY5wJ_YUS9DgKD,ChIJn97kJtxv80cRPvInTj8-c1w,padel
TENNIS CLUB OYONNAX,146 Bis Cr de Verdun,01100 Oyonnax,"Tennis club, Padel club",Europe/Paris,+33 4 74 77 81 96,"04 74 77 81 96, +33 4 74 77 81 96",TENNIS CLUB OYONNAX (Owner),,,21,4.7,https://www.google.com/maps?cid=4184248794995296408,46.2546826,5.6420545,https://tenup.fft.fr/club/50010044?utm_source=gmb,tenup.fft.fr,https://lh3.googleusercontent.com/p/AF1QipMq55zdE8tg7PSomtv33S3DsdfXdTQcTOaQDgg,ChIJua5GrUm9jEcRmAiNJRxwETo,padel
Tennis Club de Gravelone Sion,Chem. de l'Agasse 11,1950 Sion,Tennis club,Europe/Zurich,+41 76 497 39 36,"076 497 39 36, +41 76 497 39 36",Tennis Club de Gravelone Sion (Owner),info@tcgravelone.ch,"facebook: https://www.facebook.com/Tennis-Club-Gravelone-185788674786875
instagram: https://www.instagram.com/tc_gravelone",17,4.5,https://www.google.com/maps?cid=1694246422579841881,46.2352205,7.3509669,http://www.tcgravelone.ch/,tcgravelone.ch,https://lh3.googleusercontent.com/p/AF1QipNQpw7I4PufEmR97Br52laG7_7PGuydRwUVgWMH,ChIJU0YgOTbcjkcRWQvZEyUsgxc,padel
TENNIS CLUB DE GEX,161 Rue Georges Charpak,01170 Gex,"Tennis club, Sports club",Europe/Paris,+33 4 50 41 43 20,"04 50 41 43 20, +33 4 50 41 43 20",TENNIS CLUB DE GEX (Owner),,,13,4.6,https://www.google.com/maps?cid=10731243438569755200,46.3355111,6.065575,https://tenup.fft.fr/club/50010086?utm_source=gmb,tenup.fft.fr,https://streetviewpixels-pa.googleapis.com/v1/thumbnail?panoid=NNBHSnHkiX5_V0JcqCcIcw&cb_client=search.gws-prod.gps&w=80&h=92&yaw=352.3248&pitch=0&thumbfov=100,ChIJ01FBhgphjEcRQBIxAg0J7ZQ,padel
CTT Gland,Chem. de la Perroude 1,1196 Gland,Table tennis club,Europe/Zurich,,,CTT Gland (Owner),,,5,5,https://www.google.com/maps?cid=14039606060357099868,46.4250975,6.2601206,http://www.ctt-gland.ch/,ctt-gland.ch,https://lh3.googleusercontent.com/gps-cs-s/AG0ilSyz_wr4WyjxivxCh2P7YTHkF9n6G0hOcD5nGwadWNCDdDe4wEDdwI-sZ9EDbVXgAtpqdlDlixmyuEVKzrtitd4wadC1NfjaRb8lPENgQIm-94zYYt04ZPcpQwyR7__0X4yUHh61,ChIJBd198J5EjEcRXKEBrlOz1sI,padel
Tennisclub Wohlensee,TC Wohlensee,Araweg 4,"Tennis club, Padel court",Europe/Zurich,+41 31 901 07 77,"031 901 07 77, +41 31 901 07 77",Tennisclub Wohlensee (Owner),"admin@tcwohlensee.ch,spielbetrieb@tcwohlensee.ch","facebook: https://www.facebook.com/WohlenseeCup
instagram: https://www.instagram.com/tcwohlensee",34,4.6,https://www.google.com/maps?cid=16778943457471425113,46.960843,7.3746259,https://www.tcwohlensee.ch/,tcwohlensee.ch,https://lh3.googleusercontent.com/p/AF1QipNd9RQuQrpCMUxqkeEY06EYT3d6-WAt8Y71taec,ChIJSX0srbQ-jkcRWeryCC3I2ug,padel
Equip Sport Rental (Padel),Chem. du Pécos 35,1422 Grandson,"Sports equipment rental service, Adventure sports center, Athletic field",Europe/Zurich,+41 21 539 16 49,"021 539 16 49, +41 21 539 16 49",Equip Sport Rental (Padel) (Owner),,"facebook: https://www.facebook.com/Equip.Sport.Application
instagram: https://www.instagram.com/equip.sport.app
linkedin: https://www.linkedin.com/company/equipsport
youtube: https://www.youtube.com/@equip_sport",,,https://www.google.com/maps?cid=11727398989560479285,46.8022465,6.6345135,https://equip.sport/?utm_source=uberall,equip.sport,https://lh3.googleusercontent.com/p/AF1QipN8aGWVjuXU0BcrUJIrVgVjX1VWBkUYnwG5lJGo,ChIJV2l_DzHFjUcRNf4GID8XwKI,padel
Tennis Club,17 Rue de la Cigogne,68310 Wittelsheim,Tennis club,Europe/Paris,+33 6 17 38 88 47,"06 17 38 88 47, +33 6 17 38 88 47",Tennis Club (Owner),,,25,4.5,https://www.google.com/maps?cid=319071770664562781,47.7984102,7.227564,https://tenup.fft.fr/club/55680049?utm_source=gmb,tenup.fft.fr,https://lh3.googleusercontent.com/gps-cs-s/AG0ilSzlaIWm9FpDXdpvwSZRcZOoghSCwmbOUrRiX15lQZoih19OoPjnUZbKCBKO62pZ5E0H-HxIygv334RLLXnRSUyLbymYco93kND3JotIFn634NBEFzPym06MkJg5-7ms3BRjP_U,ChIJvd6HfQyDkUcRXfBQvBWSbQQ,padel
"Centre de tennis, de squash et de padel-tennis",Chem. des Sports 21,1523 Granges-près-Marnand,"Padel court, Badminton court, Tennis court, Squash court",Europe/Zurich,+41 26 668 22 98,"026 668 22 98, +41 26 668 22 98","Centre de tennis, de squash et de padel-tennis (Owner)",,,19,4,https://www.google.com/maps?cid=4268048603141553257,46.7647395,6.895006,https://tennisgranges.ch/,tennisgranges.ch,https://lh3.googleusercontent.com/p/AF1QipPiJED94KoIX2mmlueoSnJGAMVZ7CAt_1wXj7eT,ChIJ9z0llcN5jkcRabxaapcnOzs,padel
Doubs Paddle,2 Rue du Pont,25720 Avanne-Aveney,Sports club,Europe/Paris,+33 6 51 24 35 46,"06 51 24 35 46, +33 6 51 24 35 46",Doubs Paddle (Owner),,,,,https://www.google.com/maps?cid=10571148350933794320,47.1991611,5.9604983,,,https://lh3.googleusercontent.com/p/AF1QipO4QxrZTBJ_8bYLomKQeAMAptQYZtaiut5h7ssJ,ChIJ1R28nIdljUcREH5dtWpDtJI,padel
AS ENTREMONT RIXHEIM,2 Rue du Dr Albert Schweitzer,68170 Rixheim,"Tennis club, Sports club",Europe/Paris,+33 3 89 64 27 37,"03 89 64 27 37, +33 3 89 64 27 37",AS ENTREMONT RIXHEIM (Owner),,,8,4.1,https://www.google.com/maps?cid=18178007664204320659,47.7539367,7.3884344,https://tenup.fft.fr/club/55680062?utm_source=gmb,tenup.fft.fr,https://streetviewpixels-pa.googleapis.com/v1/thumbnail?panoid=0au7DmQiq3UT63IMzk71Hw&cb_client=search.gws-prod.gps&w=80&h=92&yaw=57.351063&pitch=0&thumbfov=100,ChIJvwc6lC-bkUcRkw86zahBRfw,padel
MOULINS TENNIS,13 Rue de la Baigneuse,03000 Moulins,"Tennis club, Sports club",Europe/Paris,+33 4 70 44 34 93,"04 70 44 34 93, +33 4 70 44 34 93",MOULINS TENNIS (Owner),,,27,4.6,https://www.google.com/maps?cid=14898933379705309313,46.562969,3.349578,https://tenup.fft.fr/club/50030010?utm_source=gmb,tenup.fft.fr,https://lh3.googleusercontent.com/gps-cs-s/AG0ilSwgXFLm9M4p5vFNERND8DwKMhKj1A1l0ZS1akkrHI0KNzW1oxVCIx1g92KRplL0m46u3NdVww8VOLpsGd2boCblanAllwMVwkqNMn03XD6YKtaiwfpRSRznHsTGZjyPSaOfpv60,ChIJPQcDLowd8UcRgYiLjfikw84,padel
Pro-Tennis Bern,Austrasse 36,3176 Bern,"Tennis club, Tennis center, Tennis court, Tennis instructor, Tennis store",Europe/Zurich,+41 79 885 55 36,"079 885 55 36, +41 79 885 55 36",Pro-Tennis Bern (Owner),,,1,5,https://www.google.com/maps?cid=1215788621498181562,46.8941495,7.3090385,http://www.facebook.com/protennisbernofficial,facebook.com,https://lh3.googleusercontent.com/gps-cs-s/AG0ilSyckvov0ID6wHJnvGMNFblzOi0tPSCY3f9juZkrdBW8V2Xa5dULxHOaRlse5ckRx1biaQvQWdO72kRlzNFUcgmWLj7EEuybXorv6ksEaY2Dn_ozprZms4Nak9GzYF2IMg0bvJw,ChIJb_tfOX1AjkcRumdcSk9Z3xA,padel
CHALON SUR SAONE GAZELEC A.S.,16 Avenue Victor Hugo,71100 Chalon-sur-Saône,Tennis club,Europe/Paris,+33 3 85 93 70 00,"03 85 93 70 00, +33 3 85 93 70 00",CHALON SUR SAONE GAZELEC A.S. (Owner),,,,,https://www.google.com/maps?cid=1802966523804649234,46.7889052,4.8445335,https://tenup.fft.fr/club/51710088?utm_source=gmb,tenup.fft.fr,https://streetviewpixels-pa.googleapis.com/v1/thumbnail?panoid=peD93FoD7JbfRSlgPkk6JA&cb_client=search.gws-prod.gps&w=80&h=92&yaw=18.141981&pitch=0&thumbfov=100,ChIJSyAJMp798kcREgdMOYBsBRk,padel
Comité Départemental de Tennis de la Haute Marne,7 Rue Nicolas Mougeot,52000 Chaumont,Tennis club,Europe/Paris,+33 3 25 32 32 60,"03 25 32 32 60, +33 3 25 32 32 60",Comité Départemental de Tennis de la Haute Marne (Owner),,,1,5,https://www.google.com/maps?cid=11936689600470933502,48.1129469,5.137692,,,https://streetviewpixels-pa.googleapis.com/v1/thumbnail?panoid=YIcd0TZLCAcVNod8ldxJfQ&cb_client=search.gws-prod.gps&w=80&h=92&yaw=293.15875&pitch=0&thumbfov=100,ChIJW87itm_l7EcR_l8rxvKjp6U,padel
Peak Tennis International,Av. Rollier 2a,1854 Leysin,"Tennis club, Physical fitness program, Retreat center, Sports school, Summer camp organizer, Tennis store, Wellness program",Europe/Zurich,+41 79 137 56 79,"079 137 56 79, +41 79 137 56 79",Peak Tennis International (Owner),info@peaktennisinternational.com,"facebook: https://www.facebook.com/peak.tennis.international
instagram: https://www.instagram.com/peak_tennis_international
linkedin: https://www.linkedin.com/company/peak-tennis-international
tiktok: https://www.tiktok.com/@peaktennisinternational
youtube: https://www.youtube.com/@peaktennisinternational",15,5,https://www.google.com/maps?cid=13482977133475864577,46.3439238,7.01317,https://www.peaktennisinternational.com/,peaktennisinternational.com,https://lh3.googleusercontent.com/p/AF1QipOAmnXlHX_Ab5Evjid0DkQm3mvYsmgtlfXIlCAb,ChIJ3RWmEzCXjkcRASCLW0QoHbs,padel
Tennisclub Lyss,Wannersmattweg 1,3250 Lyss,Tennis club,Europe/Zurich,+41 32 384 12 80,"032 384 12 80, +41 32 384 12 80",Tennisclub Lyss (Owner),,,15,4.3,https://www.google.com/maps?cid=6494827101116326784,47.0637895,7.3154726,,,https://lh3.googleusercontent.com/gps-cs-s/AG0ilSx8GQupZ6BB_pzbUBm2C4YwgE_sEhMIuTuPMZJIaf8f1jzOffgbFb4odvmDiKnPBgGW_hXHJ7RPAez_UzHrU-njZSO689unf708Rd21NcxB2nXdkrB23AyDsEuZy2zKkKBV4bBk2A,ChIJPdKDJ6wijkcRgGOeX9ZCIlo,padel
ETUEFFONT T.C. MUNICIPAL,Rue Principale,90000 Belfort,"Tennis club, Sports club",Europe/Paris,+33 3 84 54 66 12,"03 84 54 66 12, +33 3 84 54 66 12",ETUEFFONT T.C. MUNICIPAL (Owner),,,,,https://www.google.com/maps?cid=9247531077915758564,47.6437604,6.8437053,https://tenup.fft.fr/club/51900074?utm_source=gmb,tenup.fft.fr,https://lh3.googleusercontent.com/gps-cs-s/AG0ilSwC5z5uz2sAVzWba1eUVuzKyykOKx-4n_bjjVRb85n-2DB74hqdF6lRPI3hD3-idcHPEvF2dIomNjYF7TJJK2wO0rdNwYyUkLcGF9ms_CYTTSIPzzWoaCOaejMHDADq0E9cducE_w,ChIJEwUwFR87kkcR5M-NFIXUVYA,padel
FRANOIS-SERRE-LES SAPINS T.C.,24 Rue du Four À Chaux,25320 Torpes,"Tennis club, Sports club",Europe/Paris,,,FRANOIS-SERRE-LES SAPINS T.C. (Owner),,,,,https://www.google.com/maps?cid=16863914665865283357,47.227413,5.921062,https://tenup.fft.fr/club/51250139?utm_source=gmb,tenup.fft.fr,https://streetviewpixels-pa.googleapis.com/v1/thumbnail?panoid=eq54ZRfCOU8UyoE65ID2lw&cb_client=search.gws-prod.gps&w=80&h=92&yaw=171.89932&pitch=0&thumbfov=100,ChIJd0GibnxhjUcRHYdmLQqpCOo,padel
G Padel Strasbourg,4 Rue de l'Industrie,67450 Mundolsheim,Padel club,Europe/Paris,+33 3 88 38 69 69,"03 88 38 69 69, +33 3 88 38 69 69",G Padel Strasbourg (Owner),contact@g-padel.fr,"instagram: https://www.instagram.com/p,https://www.instagram.com/gpadel.strasbourg",294,4.9,https://www.google.com/maps?cid=475580924573875714,48.636124,7.7227827,https://gpadel.fr/,gpadel.fr,https://lh3.googleusercontent.com/gps-cs-s/AG0ilSwbPj5AP3ircEpNwQVC_pvoFJb29YbdzUE0MD23ZTScgOmoCPuhKJfjll8fGxiBZGafSITlDeZkmZc83yjCEo1PCFJo18xMlIGxDiEyw7uM5ru4qL0VgOxBJggcqfgi6RMomck43A,ChIJJw5ErEe5lkcRAn4tx1SamQY,padel
4PADEL Strasbourg,8 Rue Emile Mathis,67201 Eckbolsheim,Padel club,Europe/Paris,+33 3 69 23 44 09,"03 69 23 44 09, +33 3 69 23 44 09",4PADEL Strasbourg (Owner),"annemasse@4padel.fr,argenteuil@4padel.fr,bordeaux@4padel.fr,boulogne-billancourt@4padel.fr,saint-denis@4padel.fr,challans@4padel.fr,creteil@4padel.fr,dunkerque@4padel.fr,epinay@4padel.fr,seclin@4padel.fr,limoges@4padel.fr,marville@4padel.fr,metz.sud@4padel.fr,montreuil@4padel.fr,mulhouse@4padel.fr,orleans@4padel.fr,paris20@4padel.fr,reims@4padel.fr,saint-louis@4padel.fr,sudreunion@4padel.fr,strasbourg@4padel.fr,colomiers@4padel.fr,vaires.torcy@4padel.fr,rouen@4padel.fr","facebook: https://www.facebook.com/4PADELFrance
instagram: https://www.instagram.com/4padel
linkedin: https://www.linkedin.com/company/groupelefive
twitter: https://x.com/4PADELFrance",141,4.7,https://www.google.com/maps?cid=13430971359378433165,48.5898704,7.68052,http://www.4padel.fr/,4padel.fr,https://lh3.googleusercontent.com/p/AF1QipP9yd7LVWhyEgXykfFf-z1-xV7g1dsn01Cd2GdD,ChIJpdhqUrW3lkcRjWQygEplZLo,padel
Vidapadel,11 Rue Jean Jaurès,54320 Maxéville,"Padel club, Badminton complex, Badminton court, Bar, Padel court, Pickleball court, Restaurant, Seminary, Sports bar, Sports complex",Europe/Paris,+33 3 72 47 23 23,"03 72 47 23 23, +33 3 72 47 23 23",Vidapadel (Owner),vidapadelnancy@gmail.com,"instagram: https://www.instagram.com/vidapadel_
linkedin: https://www.linkedin.com/company/vidapadel-nancy
tiktok: https://www.tiktok.com/@vidapadel",79,4.9,https://www.google.com/maps?cid=14668574506062145528,48.7090876,6.1697104,https://www.vidapadel.fr/,vidapadel.fr,https://lh3.googleusercontent.com/p/AF1QipNRRG3zHyCIaNxcjNGovySBC0cG2BumWCbCAxTv,ChIJQXK0ZpajlEcR-Gcvu8s-kcs,padel
PadelShot Metz,10 Avenue de Thionville,Parc des Varimonts,Padel club,Europe/Paris,+33 6 52 89 71 65,"06 52 89 71 65, +33 6 52 89 71 65",PadelShot Metz (Owner),"metz@padelshot.fr,frederic.casci@padelshot.fr","facebook: https://www.facebook.com/people/PadelShot-Metz/61555689470931
instagram: https://www.instagram.com/padelshot_metz,https://www.instagram.com/p
linkedin: https://www.linkedin.com/company/padelshot",185,4.9,https://www.google.com/maps?cid=1582298538439582684,49.1451678,6.1589423,http://metz.padelshot.fr/,metz.padelshot.fr,https://lh3.googleusercontent.com/p/AF1QipMeuiTm2Lx8QB6K54IHh2TuyHseuMtLicNnabIc,ChIJocn6bwDZlEcR3KNPKCN09RU,padel
maba! padel Mannheim GmbH,Wattstraße 23,68199 Mannheim,Padel court,Europe/Berlin,+49 160 91112486,"0160 91112486, +49 160 91112486",maba! padel Mannheim GmbH (Owner),"info@padelmannheim.de,shop@padelmannheim.de",instagram: https://www.instagram.com/padel.mannheim,102,4.8,https://www.google.com/maps?cid=9368180049010204001,49.4647616,8.4953228,https://padelmannheim.de/,padelmannheim.de,https://lh3.googleusercontent.com/gps-cs-s/AG0ilSzLX8__4UpjVb6PdoD82A3F9DUTgAaFSnKzwxZ0A3t9wNbQfJuUAPqEVNEL7fY1W8miB5S938iyd3LHeahfY4bOv2hi0aldvmoUaWo-xbda-Bty2E4BLCMXQkFkU80urNAi_3Ps,ChIJuXPpIK7Pl0cRYZ0nrR52AoI,padel
4PADEL Metz,Zone d'aménagement concerté de la Rotonde,Rte de Jouy,"Padel court, Amusement center, Padel club, Sports bar, Tennis store",Europe/Paris,+33 3 55 74 82 69,"03 55 74 82 69, +33 3 55 74 82 69",4PADEL Metz (Owner),"annemasse@4padel.fr,argenteuil@4padel.fr,bordeaux@4padel.fr,boulogne-billancourt@4padel.fr,saint-denis@4padel.fr,challans@4padel.fr,creteil@4padel.fr,dunkerque@4padel.fr,epinay@4padel.fr,seclin@4padel.fr,limoges@4padel.fr,marville@4padel.fr,metz.sud@4padel.fr,montreuil@4padel.fr,mulhouse@4padel.fr,orleans@4padel.fr,paris20@4padel.fr,reims@4padel.fr,saint-louis@4padel.fr,sudreunion@4padel.fr,strasbourg@4padel.fr,colomiers@4padel.fr,vaires.torcy@4padel.fr,rouen@4padel.fr","facebook: https://www.facebook.com/4PADELFrance
instagram: https://www.instagram.com/4padel
linkedin: https://www.linkedin.com/company/groupelefive
twitter: https://x.com/4PADELFrance",111,4.8,https://www.google.com/maps?cid=5179475689290054341,49.0860445,6.118558,https://4padel.fr/,4padel.fr,https://lh3.googleusercontent.com/p/AF1QipMMi5WJVP7yM5_ECZyIG1gQQhq5Bl7caFruXNiC,ChIJvatSTtTblEcRxbrnhrIx4Uc,padel
PADFIVE,13/17 espace des 4 chemins,54720 Lexy,"Padel court, Padel club, Soccer field, Sports complex",Europe/Paris,+33 7 89 42 11 14,"07 89 42 11 14, +33 7 89 42 11 14",PADFIVE (Owner),,,98,4.6,https://www.google.com/maps?cid=16563616683634105648,49.5086297,5.7136605,https://padfive.fr/,padfive.fr,https://lh3.googleusercontent.com/p/AF1QipNCo9mRJKuHIAgHW6AHSPmeMkDyNUR7UqrAEu3T,ChIJNfyVNd3H6kcRMJ2-r53J3eU,padel
Le Spark Padel,325 Rue Lavoisier,54710 Ludres,Padel club,Europe/Paris,+33 3 65 67 51 30,"03 65 67 51 30, +33 3 65 67 51 30",Le Spark Padel (Owner),,"instagram: https://www.instagram.com/le_spark_padel,https://www.instagram.com/p
linkedin: https://www.linkedin.com/company/le-spark",22,4.8,https://www.google.com/maps?cid=11827479789246566272,48.6161261,6.1857992,https://le-spark.fr/,le-spark.fr,https://lh3.googleusercontent.com/p/AF1QipP_vouwZDpc8bF9zCrhrLmwBEf9x9d3BafOmXbJ,ChIJNVLPm-uflEcRgE8nIjSmI6Q,padel
Padel 360,2g Rue Poincaré,67800 Bischheim,Padel court,Europe/Paris,+33 7 80 91 69 43,"07 80 91 69 43, +33 7 80 91 69 43",Padel 360 (Owner),direction@padel360.fr,"facebook: https://www.facebook.com/Padel360France
instagram: https://www.instagram.com/padel__360
linkedin: https://www.linkedin.com/company/padel-360
youtube: https://youtube.com/@padel360,https://www.youtube.com/@Padel360",8,5,https://www.google.com/maps?cid=15474373153423111724,48.6136933,7.7322574,http://www.padel360.fr/,padel360.fr,https://lh3.googleusercontent.com/p/AF1QipM3L8uU9dyyub_fwj1vUsgxQOBKSfxtHNpCgolB,ChIJ2eZyKTzJlkcRLDagc2UEwNY,padel
Live Padel,42 Rte de Bergheim,67600 Sélestat,Padel court,Europe/Paris,+33 7 44 92 18 77,"07 44 92 18 77, +33 7 44 92 18 77",Live Padel (Owner),contact@livepadel.fr,"facebook: https://facebook.com/livepadelselestat
instagram: https://www.instagram.com/live_padel_selestat",10,4.8,https://www.google.com/maps?cid=2121946536660290225,48.252041,7.432844,https://www.livepadel.fr/,livepadel.fr,https://lh3.googleusercontent.com/p/AF1QipOS6ukU8bI1-75GN2Gzrto5znHJECUOK6eqciQU,ChIJU4V0BI9FkUcRscoB7iGrch0,padel
Club Padel - La Wantzenau,1C Rte du Golf,67610 La Wantzenau,"Padel club, Padel court",Europe/Paris,+33 3 69 61 29 21,"03 69 61 29 21, +33 3 69 61 29 21",Club Padel - La Wantzenau (Owner),contact@club-padel.fr,instagram: https://www.instagram.com/club_padel_strasbourg,4,4.5,https://www.google.com/maps?cid=13513260522608832870,48.6705907,7.7986647,http://www.club-padel.fr/,club-padel.fr,https://lh3.googleusercontent.com/p/AF1QipNW2TlkDVG2Ory81FpP2YjCeofiPVb4dCTf1xkr,ChIJu7JbXUrHlkcRZrFoV9m-iLs,padel
padel2leon,Breitenfeldstraße 51,79341 Kenzingen,"Padel court, Gym, Padel club, Spa and health club",Europe/Berlin,,,padel2leon (Owner),info@padel2leon.de,"instagram: https://www.instagram.com/padel2leon
tiktok: https://www.tiktok.com/@padel2leon6,https://www.tiktok.com/@padel2leon",21,4.8,https://www.google.com/maps?cid=4309960550146696453,48.2008967,7.7661376,https://padel2leon.de/,padel2leon.de,https://lh3.googleusercontent.com/p/AF1QipN37oG5T1C_PB5tSWVwbNZz3cK86G4Cbi2Alqsi,ChIJS6bvSOY9kUcRBeVwA0kO0Ds,padel
Freiburg Padel am Silbersee,Seestraße 20,79108 Freiburg im Breisgau,Padel court,Europe/Berlin,,,Freiburg Padel am Silbersee (Owner),info@freiburgpadel.de,"instagram: https://instagram.com/Freiburgpadel,https://instagram.com/freiburgpadel,https://instagram.com/padelvibesfreiburg",7,5,https://www.google.com/maps?cid=6219884663300874721,48.0606463,7.8222159,https://www.freiburgpadel.de/,freiburgpadel.de,https://lh3.googleusercontent.com/p/AF1QipMdOYQ5pjqDIaGVNbGOus-kT4HbhkJxjExlwqJI,ChIJz7S8ZksZkUcR4eHymyV4UVY,padel
Terrain de padel,Rue Jean-Baptiste Drouet,51000 Châlons-en-Champagne,Padel court,Europe/Paris,,,Terrain de padel (Owner),,,2,5,https://www.google.com/maps?cid=16943804541750962502,48.9436452,4.367567,,,https://lh3.googleusercontent.com/p/AF1QipM-UCQ2FUlbg71TRswMbqB3Bxafyj5CSNbpZ1Yw,ChIJ38Dvy_Hh60cRRmm3ZnV8JOs,padel
Gravity Padel Arena,6 Rue Apollo,Z.A. Ariane,Athletic field,Europe/Paris,,,Gravity Padel Arena (Owner),contact@gravityarena.fr,"instagram: https://www.instagram.com/gravity.padel.arena
twitter: https://x.com/Gravity_padel67",5,5,https://www.google.com/maps?cid=14861196385807202636,48.7330606,7.0837535,https://www.gravityarena.fr/,gravityarena.fr,https://lh3.googleusercontent.com/p/AF1QipM-uY65GRqP2V7ZS9oo4nrq064YzOSCRr5V2jNO,ChIJfUHSmcERlEcRTHlb-V-TPc4,padel
Padel Paradise,91 Rue de la Mine,57860 Montois-la-Montagne,Padel club,Europe/Paris,+33 3 87 72 00 40,"03 87 72 00 40, +33 3 87 72 00 40",Padel Paradise (Owner),contact@padelparadise.eu,"facebook: https://www.facebook.com/padelparadise57
instagram: https://www.instagram.com/padelparadise57
linkedin: https://www.linkedin.com/in/valentine-lelievre-79293b190",2,5,https://www.google.com/maps?cid=5493906819731120668,49.2142784,6.0088079,https://padelparadise.eu/,padelparadise.eu,https://lh3.googleusercontent.com/gps-cs-s/AG0ilSy6qLNtR_0yYo1KJmFjXIn5z_UldWdl9jahKse0uRcuIpPzMGl3rVEPLLOB7oDZKW59s4Yj8OSaKyBpmUapAVMioCEoZynnGjjaT2Lkfud24e40H0TLDFyPpgsoBsi9VL5x4eh-C28Ls7zg,ChIJAzq3WgAplUcRHGIrAyVHPkw,padel
JUST PADEL CLUB,Nachtwaid 4,79241 Ihringen,Sports complex,Europe/Berlin,,,JUST PADEL CLUB (Owner),info@justpadelclub.de,,19,4.5,https://www.google.com/maps?cid=12610408148435421978,48.030065,7.6558263,http://www.justpadelclub.de/,justpadelclub.de,https://lh3.googleusercontent.com/gps-cs-s/AG0ilSwGzdHDk0V9RZBJw9ygm-DHagYfzWak8XMwlt2_rU_gdZlJV2Tj_5P6qbLBjL4yYnomqPHgxG2uIQg3A46iB0jUhTZLTDVrf8XTdLX9_K-LH1OrrVylV1FA066Fnk53nP0RZagB_N53PAu5,ChIJPbKvx_QTkUcRGksv8GUrAa8,padel
Padel-Karlsruhe,Am Baufeld 11,76149 Karlsruhe,Padel court,Europe/Berlin,+49 721 72234,"0721 72234, +49 721 72234",Padel-Karlsruhe (Owner),"mail@court4.de,info@tennis-klenert.de","facebook: https://www.facebook.com/padelkarlsruhe,https://www.facebook.com/tcgroetzingen,https://www.facebook.com/Padeltenniscramercourt.spvgg,https://www.facebook.com/cramerpadelindoorcourt,https://www.facebook.com/Court4Padel",1,5,https://www.google.com/maps?cid=14939891914067396572,49.0372837,8.3961821,http://www.padel-karlsruhe.com/,padel-karlsruhe.com,https://lh3.googleusercontent.com/p/AF1QipOxIMfv51iJ4amqRSDuhGZ_oUTwSI-szbwurAjR,ChIJhQWJrrMHl0cR3Me3eIooVc8,padel
PADEL CLUB BADEN-BADEN e.V.,Am Grünbach 4,76534 Baden-Baden,"Padel club, Padel court",Europe/Berlin,,,PADEL CLUB BADEN-BADEN e.V. (Owner),,,3,5,https://www.google.com/maps?cid=4209024634767590126,48.74188,8.18061,,,https://lh3.googleusercontent.com/p/AF1QipOZVTASbu3fAb7-xAi7OE0mdG4m_pUwDV_B0D1T,ChIJ0wfK8Gkhl0cR7sIw3pp1aTo,padel
Padelschmiede,Karlsruher Str. 31,76437 Rastatt,Padel court,Europe/Berlin,+49 7222 9342060,"07222 9342060, +49 7222 9342060",Padelschmiede (Owner),,"instagram: https://www.instagram.com/padelschmiede
tiktok: https://www.tiktok.com/@padelschmiede
youtube: https://youtube.com/@padelschmiede",19,5,https://www.google.com/maps?cid=18437345821551725773,48.8663623,8.220516,https://www.padelschmiede.de/,padelschmiede.de,https://lh3.googleusercontent.com/gps-cs-s/AG0ilSxm8kocHz8NBPULWEA-iXTOkXyoePlNMRMZGe_I4ccsJTHuvDOHBSAmmIRdOgb8z1MBECcvcXQ3dWNPijNxh5QBSaJFsJUgV7GsBQkY20pC91ayjl_Xzz8YMZ6RzYg5Z0JWtLaAPQEoFIAo,ChIJn5TZU0Mdl0cRzYyf5lac3v8,padel
BlackForest Padel,Baggerlochweg 2,77972 Mahlberg,Padel court,Europe/Berlin,,,BlackForest Padel (Owner),info@blackforest-padel.net,,11,5,https://www.google.com/maps?cid=9930913772539698801,48.2803251,7.7919247,https://www.blackforest-padel.net/,blackforest-padel.net,https://lh3.googleusercontent.com/p/AF1QipPZhWm7S0JkYj8kJTmQxuAAV3nxHSVj7wtkYTp0,ChIJ2fQ2gOQ7kUcRcV5Du3Wx0Yk,padel
padelexpert,Am Stadion 1,54292 Trier,Padel club,Europe/Berlin,+49 651 25876,"0651 25876, +49 651 25876",padelexpert (Owner),,,1,5,https://www.google.com/maps?cid=1452597272556616985,49.76882,6.6506601,http://padelexpert.de/,padelexpert.de,https://streetviewpixels-pa.googleapis.com/v1/thumbnail?panoid=G4KYw1rmjxjQYbMzmEQXow&cb_client=search.gws-prod.gps&w=80&h=92&yaw=83.59399&pitch=0&thumbfov=100,ChIJ4UaMAfN8lUcRGT1w8IWpKBQ,padel
Sportin67 - Schweighouse sur Moder,17 Rue de la Sablière,67590 Schweighouse-sur-Moder,"Sports club, Badminton court, Padel court, Restaurant, Soccer field, Sports bar, Sports complex",Europe/Paris,+33 3 90 55 37 78,"03 90 55 37 78, +33 3 90 55 37 78",Sportin67 - Schweighouse sur Moder (Owner),,"facebook: https://www.facebook.com/Footliveschweighouse
instagram: https://www.instagram.com/sportin67_schweighouse",128,4.6,https://www.google.com/maps?cid=15769641914220400691,48.8282951,7.7503622,https://www.sportin67.fr/,sportin67.fr,https://lh3.googleusercontent.com/p/AF1QipMHKY9eosFRe_aL-uif6TFnkM8ACyC8iIgeeWTZ,ChIJQ7_mWtqVlkcRM9A3FMUF2do,padel
CASA PADEL Vendenheim Strasbourg,Bd des Enseignes,67550 Vendenheim,Padel club,Europe/Paris,+33 3 67 61 01 20,"03 67 61 01 20, +33 3 67 61 01 20",CASA PADEL Vendenheim Strasbourg (Owner),"saint-denis@casapadel.fr,asnieres@casapadel.fr,kingersheim@casapadel.fr,toulouse-st@casapadel.fr,vendenheim@casapadel.fr,commercial.saint-denis@casapadel.fr","facebook: https://www.facebook.com/centrecasapadel
instagram: https://www.instagram.com/casapadelsaintdenis,https://www.instagram.com/casapadelasnieres,https://www.instagram.com/casapadelkingersheim,https://www.instagram.com/casapadeltoulouse,https://www.instagram.com/casapadelvendenheim,https://www.instagram.com/groupecasapadel
linkedin: https://www.linkedin.com/company/casa-padel-uno
youtube: https://www.youtube.com/channel/UCew-Fy7mrGmNiWQ0wi-IBvQ",10,4.4,https://www.google.com/maps?cid=8921543096598113898,48.6571621,7.7312125,https://casapadel.fr/,casapadel.fr,https://lh3.googleusercontent.com/gps-cs-s/AG0ilSyyfoQDc3nXw9hXMxhfWp9kx-iEcvG1YipRg31YIIthgVROV0ZECJxPV2g3SYRbWz6ohtyxUY-JU1qbrUroQSCkOAOs5jaRlikJUEmjO2It4jQLmRU23NShqC6RISTXmy8dzMB6S_YRZx_p,ChIJJdZRFIHHlkcRaq4RkS2wz3s,padel
Spin padel 88,9 bis Av. Pierre Blanck,88000 Épinal,Padel club,Europe/Paris,,,Spin padel 88 (Owner),"utilisateur@domaine.com,spinpadel88@gmail.com",instagram: https://www.instagram.com/spinpadel88,5,5,https://www.google.com/maps?cid=1469230049484176385,48.203931,6.457613,https://www.spinpadel88.fr/,spinpadel88.fr,https://lh3.googleusercontent.com/gps-cs-s/AG0ilSyZ8C5ZLWwS4qvA1dBaRoqZHBJ7815w2dMmXOX-v_nG1mWsws6IcrzQisZOji_ZP4nhTmH85PPYBqSCCoC2aD5SCpC3usY7ZI0XWXEDw0j_foXjan00fcLulhGpW93o53W3DgTwMA,ChIJAc8yY_qhk0cRAXzVGPLAYxQ,padel
PadelBase Ludwigshafen,Weiherstraße 39,67063 Ludwigshafen am Rhein,Sports club,Europe/Berlin,,,PadelBase Ludwigshafen (Owner),,,11,4.7,https://www.google.com/maps?cid=14332288671927781713,49.4967412,8.399134,http://www.instagram.com/padelbase_ludwigshafen/,instagram.com,https://lh3.googleusercontent.com/gps-cs-s/AG0ilSyzos-Kqe8NqtFAqEkadflfFlArQ3nStX8DeGlFOwS3XgLLTlOLsNmbpD-sBb3qBoI3gghM6TEvliMPn8e5fX2arp7eP88zy0XLJMAwfjVfmJkLob8g03YQFB2PP6mepdZMfoA,ChIJFyLeQwDNl0cRUUmchJyE5sY,padel
Padel-Tennisschule Heidelberg,Direkt an der Tennisanlage der TSG Rohrbach,Graues Gebäude / grauer Container,"Tennis instructor, Padel club, Padel court, Sports equipment rental service, Tennis store",Europe/Berlin,,,Padel-Tennisschule Heidelberg (Owner),info@padel-tennisschule.de,,4,5,https://www.google.com/maps?cid=14881270046662779549,49.3741315,8.6759068,https://www.padel-tennisschule.de/,padel-tennisschule.de,https://lh3.googleusercontent.com/p/AF1QipO1NtY4MCx7Jt1dOj20RzPgGxzEusiwP9KDN0O-,ChIJ_e93MxvJl0cRneL-WUPkhM4,padel
TPC Grötzingen - Padelplatz,TPC Grötzingen,Bruchwaldstraße 72,Padel court,Europe/Berlin,+49 721 483200,"0721 483200, +49 721 483200",TPC Grötzingen - Padelplatz (Owner),office@tpc-groetzingen.de,"instagram: https://www.instagram.com/allfinanz_joerger,https://www.instagram.com/mehrhalt,https://www.instagram.com/tpc_groetzingen
youtube: https://www.youtube.com/channel/UCix7QOANhyxoCDqnNaGQCiw",10,4.9,https://www.google.com/maps?cid=4118353416856643403,49.0217405,8.4970247,http://www.tpc-groetzingen.de/,tpc-groetzingen.de,https://lh3.googleusercontent.com/gps-cs-s/AG0ilSw_ZL9teZgjTKAPKwV6ukhcODxwWIuuM_cCCXJ7bqVrowz-1R1Hxmgw-0YrPQbWH9RwI1CHYdsm99QOdU4YAXeDL84pRuFDfuuB7Hhst5oM0ad7g9DI7X5du7UvXwOVE2ofL15qSg,ChIJsVd1NJgJl0cRS6dB15xUJzk,padel
TOUL PADEL CLUB,819 Rue Maurice Bokanowski,54200 Toul,Sports complex,Europe/Paris,+33 6 79 91 60 12,"06 79 91 60 12, +33 6 79 91 60 12",TOUL PADEL CLUB (Owner),,,,,https://www.google.com/maps?cid=13355400277498499209,48.7025505,5.9296671,https://www.toul-padel-club.fr/,toul-padel-club.fr,https://streetviewpixels-pa.googleapis.com/v1/thumbnail?panoid=rbSqB_wT5QwQGEnRMUrLvw&cb_client=search.gws-prod.gps&w=80&h=92&yaw=334.616&pitch=0&thumbfov=100,ChIJXbiFuuuvlEcRiZBz3crpV7k,padel
AS Électricité de Strasbourg Tennis & Padel,Chem. de la Holtzmatt,67200 Strasbourg,"Tennis club, Padel club, Sports club",Europe/Paris,+33 3 88 30 43 70,"03 88 30 43 70, +33 3 88 30 43 70",AS Électricité de Strasbourg Tennis & Padel (Owner),,"facebook: https://www.facebook.com/ases.tennis.58
youtube: https://www.youtube.com/user/asestennis",45,4.7,https://www.google.com/maps?cid=12235902390165912680,48.5702434,7.7041726,https://www.ases-tennis.fr/,ases-tennis.fr,https://lh3.googleusercontent.com/p/AF1QipPj-ogthhr7SDCFZKRIdJ8qiqdhKNR-o2a4ec3q,ChIJ4cZWpSe2lkcRaDwxMGWozqk,padel
"Pfrimmparkarena | Tennis, Padel, Badminton & Beachvolleyball",Wehrgasse 20,67549 Worms,Sports complex,Europe/Berlin,+49 6241 78065,"06241 78065, +49 6241 78065","Pfrimmparkarena | Tennis, Padel, Badminton & Beachvolleyball (Owner)",info@pfrimmparkarena.de,"facebook: https://www.facebook.com/Pfrimmparkarena
instagram: https://www.instagram.com/pfrimmpark_arena",96,4.6,https://www.google.com/maps?cid=7256109700250774896,49.6357599,8.3272581,https://www.pfrimmpark-arena.de/,pfrimmpark-arena.de,https://lh3.googleusercontent.com/gps-cs-s/AG0ilSwuGr0y1X9OLhf4p84fK2QqXhr-CDhpM5FjV-zTqcuoe-_MhmZleU6JaxGbWCsAUDMu87Jva7olMaB9zQqPWnbYw2WRatUYZDTN3qDI5ktN_fdRTHAYVVBp-75djw9ZZtbTYvS7,ChIJW9JA3wcslkcRcK227lPhsmQ,padel
Court 4 - Tennis - Padel - Fitness,Am Grünbach 4,76534 Baden-Baden,Tennis court,Europe/Berlin,+49 1523 3621937,"01523 3621937, +49 1523 3621937",Court 4 - Tennis - Padel - Fitness (Owner),mail@court4.de,,19,4.2,https://www.google.com/maps?cid=9922178593979866831,48.74188,8.18061,http://www.court4.de/,court4.de,https://lh3.googleusercontent.com/gps-cs-s/AG0ilSxnmzHAI5XlLtGT07Lm3gRDFIylL_v07KWADnSi-gffTycP494d9TK2FV7bHZ9s2yYxqxbQvMBFd2Rr6UJgL4Jg9Fd3nwJCtkIpU4fdBcYINkg_B5psf5275G4kqRb97vt6NoAW,ChIJ-ResvCIgl0cRz54nfNyosok,padel
Padel Cuvry,17 D5A,57420 Cuvry,Playground,Europe/Paris,,,Padel Cuvry (Owner),,,1,4,https://www.google.com/maps?cid=17362301092812942561,49.0388681,6.1611764,,,https://lh3.googleusercontent.com/p/AF1QipMMOzLBoda0vWvCj1t_ocNN5vSGBUdPTg-h-ltZ,ChIJs0FsmY3DlEcR4ex9wNpI8_A,padel
Tennis Club de Strasbourg,20 Rue Pierre de Coubertin,67000 Strasbourg,"Tennis club, Sports club",Europe/Paris,+33 3 88 35 29 23,"03 88 35 29 23, +33 3 88 35 29 23",Tennis Club de Strasbourg (Owner),accueil.tcs@gmail.com,"facebook: https://www.facebook.com/TennisClubdeStrasbourg
instagram: https://www.instagram.com/tennisclubdestrasbourg",212,4.4,https://www.google.com/maps?cid=16885915511021055007,48.6010169,7.7697668,https://www.tcstrasbourg.fr/,tcstrasbourg.fr,https://lh3.googleusercontent.com/gps-cs-s/AG0ilSzBQjUWLkUtZR5OjGMvNgr5pGHbcO1YwqdIWJQS6mB_r7d8cUXieqZgpOVHIzKlMu24LhnvCZihqRhkaiUF1MIK19pbQ0zGwH6rBdAKVGNy4POt9BOCJR4D5OjDVnuvMLuipQKdcQ,ChIJMxwqtorJlkcRHyyrHbHSVuo,padel
Padel Move Club Karlsruhe,Stuttgarter Str. 59,76137 Karlsruhe,Sports complex,Europe/Berlin,,,Padel Move Club Karlsruhe (Owner),office@padelmoveclub.de,,,,https://www.google.com/maps?cid=5112166442777014922,49.0020463,8.4227334,https://www.padelmoveclub.de/,padelmoveclub.de,https://lh3.googleusercontent.com/p/AF1QipOPUJKhrekhjdbrgkoInGtgvBzmE7nPdOMfAMkX,ChIJoc-GukcHl0cRinJlVksQ8kY,padel
Tennis Club Hagondange,Rue du Hassel,57300 Hagondange,Tennis club,Europe/Paris,+33 3 87 72 15 47,"03 87 72 15 47, +33 3 87 72 15 47",Tennis Club Hagondange (Owner),,,37,4.6,https://www.google.com/maps?cid=1460723122691954315,49.2513656,6.1555571,http://www.club.fft.fr/club-hagondange,club.fft.fr,https://lh3.googleusercontent.com/gps-cs-s/AG0ilSxCJIf7AKUhoFxvSqQngdD-hgq8f0bxrVcdX8xoRSF9SfPfwvUxCqO29-eXuNAI45jtp4myrmMkZR7_s7bCpvITzDm3xm1FCCT_1fOF_ivZyMqZ50Zf-l7WkDXzNBUCWydmYTuT,ChIJV2vhs_omlUcRi9ZA2_CHRRQ,padel
Kaiser Foot Padel Metz,8 Rue des Forgerons,57300 Hagondange,Sports complex,Europe/Paris,+33 6 27 18 31 59,"06 27 18 31 59, +33 6 27 18 31 59",Kaiser Foot Padel Metz (Owner),info@kaiserfootpadel.com,"facebook: https://www.facebook.com/ThemeRexStudio,https://www.facebook.com/kaiserfootpadel
instagram: https://www.instagram.com/themerex_net,https://www.instagram.com/kaiserfootpadel
twitter: https://x.com/ThemerexThemes",258,4.6,https://www.google.com/maps?cid=200649024853199224,49.2446752,6.1638465,http://www.kaiserfootpadel.com/,kaiserfootpadel.com,https://lh3.googleusercontent.com/gps-cs-s/AG0ilSwSPDAthYrf0D_WvyoblAwBfUO8d-AhxXHLqCTqu3bvQuUkEC0gFwcOBFZeXbanEpX_3bVvrti-suM4JRPG5O6DvkUibdAY3SJ5ZJkJjMjRyHhAIgaVIzhNvLztVb9Sbmex0FHN,ChIJc6UF2wwnlUcReEnnmjnZyAI,padel
CK Sportcenter Kockelscheuer,20 Rte de Bettembourg,1899 Kockelscheuer Luxembourg,"Padel court, Badminton court, Bowling alley, Golf driving range, Sports complex, Squash court, Tennis court",Europe/Luxembourg,+352 55 22 40 100,"55 22 40 100, +352 55 22 40 100",CK Sportcenter Kockelscheuer (Owner),reception.sportcenter@ck.lu,,722,4.3,https://www.google.com/maps?cid=14989574897246146239,49.5730778,6.1098018,http://www.ck-sportcenter.lu/,ck-sportcenter.lu,https://lh3.googleusercontent.com/p/AF1QipMdKhs93YVuFz7_BotKhhdZts5BntsfyOCaycJi,ChIJBZvUUZxJlUcRvw54bPOqBdA,padel
Tennis Club Saint Avold Padel TECSAP,57500 Rue de la Piscine,57500 Saint-Avold,Tennis club,Europe/Paris,+33 3 87 92 99 51,"03 87 92 99 51, +33 3 87 92 99 51",Tennis Club Saint Avold Padel TECSAP (Owner),,,46,4.6,https://www.google.com/maps?cid=2747627947402960198,49.1070431,6.7004234,https://club.fft.fr/tecsa.st.avold/55570023_a/cms/index_public.php?us_action=show_note_site&login_off=1&ui_id_site=1,club.fft.fr,https://lh3.googleusercontent.com/gps-cs-s/AG0ilSxQGU5P8IygO5TWGug2iFij-p9P-aZVbdH3gcvMkMAB33tkS_0F-LbQ5H1-YYp5cH-b_RpLqPdnpMOTR_6VPAosbZAiqQP1YEfwjbmiu3T9rxo0wRqoDGh64uq3n3JRsk7Z4rxl,ChIJH10hkDFUlEcRRp3jgw-JISY,padel
Terrain Padel n°1 - ASES Tennis,7 Chem. de la Holtzmatt,67200 Strasbourg,Sports club,Europe/Paris,,,Terrain Padel n°1 - ASES Tennis (Owner),,,,,https://www.google.com/maps?cid=278215183786035860,48.5695717,7.7041217,,,https://streetviewpixels-pa.googleapis.com/v1/thumbnail?panoid=2sj5BGKVv7vm1rGdnwjeLQ&cb_client=search.gws-prod.gps&w=80&h=92&yaw=176.68608&pitch=0&thumbfov=100,ChIJLyLSpsq3lkcRlMqvUDxr3AM,padel
Tennis Club Reichstett | Tennis & Padel,Rue de Picardie,67116 Reichstett,"Tennis club, Padel club",Europe/Paris,+33 3 88 20 34 76,"03 88 20 34 76, +33 3 88 20 34 76",Tennis Club Reichstett | Tennis & Padel (Owner),0fd2930120484402ac9adfb9e05cacd5@o37417.ingest.sentry.io,"facebook: https://www.facebook.com/tennisclubpadelreichstett/posts/pfbid0HafyVdtGSGcVqjU7Uj5vBEDX6gADmv5MWMZEMTRHfLbSi7Abq4bs6rDzqHVxxdjql,https://www.facebook.com/tennisclubpadelreichstett/posts/pfbid02MyHkNsqLav1By8PK4UYQi8gDtWNbBXqkPkrTzXtrA6hboeC73zVJScbfWTm3KSRKl,https://www.facebook.com/tennisclubpadelreichstett/posts/pfbid02isAMjF9pjW9StYtTBV11BrT12HfPe6qz1bVUEYh2fPrwnDhBS6FoAb9VCiaPTsyDl,https://www.facebook.com/Italiantradingwine,https://www.facebook.com/tennisclubpadelreichstett
instagram: https://www.instagram.com/tennisclubpadelreichstett",70,4.6,https://www.google.com/maps?cid=3756565591230031157,48.642773,7.760512,https://www.tcpr67.com/,tcpr67.com,https://lh3.googleusercontent.com/p/AF1QipM0Vq3aUZT7A34emVt2qK7XyYRNTfWRYngOmU38,ChIJg2kqCrnHlkcRNaW4iIAAIjQ,padel
Sport4lux Sàrl,34 Rue Gabriel Lippmann,5365 Munsbach Schuttrange,"Sports club, Athletic field, Children hall, Indoor playground, Playground, Recreation center, Sports bar, Sports complex",Europe/Luxembourg,+352 28 83 18,"28 83 18, +352 28 83 18",Sport4lux Sàrl (Owner),contact@sport4lux.lu,"facebook: https://www.facebook.com/sport4lux
instagram: https://www.instagram.com/sport4lux
linkedin: https://www.linkedin.com/company/sport4lux",253,4.6,https://www.google.com/maps?cid=16592649226494618428,49.6437,6.27228,https://sport4lux.lu/,sport4lux.lu,https://lh3.googleusercontent.com/gps-cs-s/AG0ilSwWsfgDiYB_ZgZrVQEROzA0PoZpraNu6oYs6LbpwWbaBRW9yRlxxt9-KIWvSBbvIclZZbPavlkpUifv_oqWoGK0jgOvnfDGTnHsFOGN7F4vYVQITkVw88b6fTU9cX_ik3BhW-U,ChIJd9NajLNFlUcRPCvfU4_uROY,padel
Tennis Padel Club Soufflenheim,Rue de Koenigsbruck,67620 Soufflenheim,Tennis club,Europe/Paris,+33 6 10 14 60 39,"06 10 14 60 39, +33 6 10 14 60 39",Tennis Padel Club Soufflenheim (Owner),"president.tpcs@gmail.com,secretariat.tpcs@gmail.com","facebook: https://www.facebook.com/TPCSOUFFLENHEIM
instagram: https://www.instagram.com/tennis_padel_club_soufflenheim
tiktok: https://www.tiktok.com/@tennispadelsoufflenheim
youtube: https://www.youtube.com/@tennispadelclubsoufflenheim",16,4.6,https://www.google.com/maps?cid=13936529717398944326,48.8332216,7.9603756,https://tennispadelclubsou.wixsite.com/tpcsoufflenheim,tennispadelclubsou.wixsite.com,https://lh3.googleusercontent.com/gps-cs-s/AG0ilSxsrg4CTLF1U8BMlN_PQFar9GXUp7lkTy7FIzkl7QMgSa8A4xbz_6LYPobO3r-e4POYXqdk6nKQyu4dQLQNGz0x8OqVw7L80TdgJ4rxPjvy_e02bbaBRDuVtJVgD7dxqLTOS4w4Lg,ChIJ5XSJDLvolkcRRjo9Z_B_aME,padel
Tennis club Padel Saverne,Rue du Général Leclerc,67700 Saverne,"Tennis club, Padel court",Europe/Paris,+33 7 71 68 32 38,"07 71 68 32 38, +33 7 71 68 32 38",Tennis club Padel Saverne (Owner),,,10,4.5,https://www.google.com/maps?cid=8836238783020112258,48.7332305,7.3536911,https://club.fft.fr/tcsaverne/,club.fft.fr,https://lh3.googleusercontent.com/gps-cs-s/AG0ilSxrwxgIlLqB013wefV7izpjN77w_ChsbGgCrGVple5EJnEE78F4NGZhyJKnxGJ1-m_F8BZp-xxap8Uy8od4rLsc_o06ehOzWaRA4RVg_ONCD5p9NqOkPZTgWRjHaZfUlQNbVMVA-lKUcnu4,ChIJCXDpcUahlkcRgplxVFugoHo,padel
66 Padel GmbH,Am Schanzenberg 3,66117 Saarbrücken,Sports complex,Europe/Berlin,+49 173 8193883,"0173 8193883, +49 173 8193883",66 Padel GmbH (Owner),,"instagram: https://www.instagram.com/66padel_saarbrucken
tiktok: https://www.tiktok.com/@66padel",,,https://www.google.com/maps?cid=3251590504018957988,49.2332501,6.9603433,https://66padel.de/,66padel.de,https://lh3.googleusercontent.com/p/AF1QipPFOSx1e1t50xgh06Ldu-6esc9AsPW_4fErMDiL,ChIJV0r0RNOzlUcRpFYV81X4Hy0,padel
Padel Fleury,11 Chem. de Metz,57420 Fleury,Playground,Europe/Paris,,,Padel Fleury (Owner),,,,,https://www.google.com/maps?cid=8857173756948046964,49.0432478,6.192024,,,https://lh3.googleusercontent.com/gps-cs-s/AG0ilSxEkLk7J3luV-kNTHx39uHDr9hebNDKYztatningMDnvT4lsMnKklZuMSiB_pn09UJ_W_Bq94JvB2Yrq51jeKBy0PHDzvb98Cb3y9VcRFbwVoFPMqC_KpFq1QMwr9R5uygFhYBL,ChIJ14uyUwDdlEcRdOTMyJoA63o,padel
Tsb Jarville,34 Rue de la Sablière,54140 Jarville-la-Malgrange,Tennis club,Europe/Paris,,,Tsb Jarville (Owner),,"facebook: https://www.facebook.com/letsbjarville
linkedin: https://linkedin.com/company/tsbjarville",33,4.6,https://www.google.com/maps?cid=3241336738259438273,48.658329,6.20968,https://www.tsbjarville.com/page/2167488-presentation,tsbjarville.com,https://lh3.googleusercontent.com/gps-cs-s/AG0ilSz8D-3VOV6c0ii3qS-TlxyXSwr0Dood5exRIIKL_FCnM9y03sBqIvupQs-to9QNfPZ-RBXAsA1MuFGOHmB1wlMOMVcr4G200itr5DcTjSNlKc6bUWTEx8IAQwgoKEgWV0JfLpkgeA,ChIJrUWQjOGYlEcRwYpgEZeK-yw,padel
Garisart Sports Club,ZA 30,6700 Arlon,"Tennis club, Padel club, Sports club",Europe/Brussels,+32 63 22 74 40,"063 22 74 40, +32 63 22 74 40",Garisart Sports Club (Owner),info@garisart.be,facebook: https://www.facebook.com/TennisClubGarisart,163,4.1,https://www.google.com/maps?cid=17063880728580424619,49.6502971,5.8231075,http://www.garisart.be/,garisart.be,https://lh3.googleusercontent.com/gps-cs-s/AG0ilSxLV_4L-DjgJP7jASE4CyswqdvqYMIs15gNeAdxnf2Kv4T_zdYnMPs-UL2y5G4yrJMTo48jxwdWduGlEZTcBw0XzYYGCvJn5CJ6m_B10upTjHqpdbQZMqDddQy7dZCHalhy4eqQ,ChIJUwucOeaw6kcRq4OrRB0Vz-w,padel
hef beratung,Carl-Theodor-Straße 7,68723 Schwetzingen,Padel court,Europe/Berlin,,,hef beratung (Owner),info@hefberatung.de,instagram: https://instagram.com/padelbyhef,,,https://www.google.com/maps?cid=6560375270070665401,49.3847972,8.5745786,http://www.hefberatung.de/,hefberatung.de,https://streetviewpixels-pa.googleapis.com/v1/thumbnail?panoid=MMq_CNr-6jQdClWgV6O6LA&cb_client=search.gws-prod.gps&w=80&h=92&yaw=353.0133&pitch=0&thumbfov=100,ChIJm-ekxrPHl0cRucDRvYwiC1s,padel
HAGUENAU TENNIS PADEL CLUB,21/25 Rue de la Piscine,67500 Haguenau,"Tennis club, Padel club",Europe/Paris,+33 3 90 59 05 22,"03 90 59 05 22, +33 3 90 59 05 22",HAGUENAU TENNIS PADEL CLUB (Owner),,,28,4.5,https://www.google.com/maps?cid=17159881078619269492,48.8006731,7.7608949,https://tenup.fft.fr/club/55670354?utm_source=gmb,tenup.fft.fr,https://lh3.googleusercontent.com/gps-cs-s/AG0ilSyXIboA7_izu9vVvGwNzrO9dQH1psPTzVaZtPVF6m16eG2NcqMzKxGs_isXyaTTWfxnQ8lbeymrULwIzRkzc4KrCEiFXrU8xExPAPx67xkIXSxNMMKzrLjub_xi1eRcYyAIGsZh,ChIJv4N6SM-VlkcRdGkMj-wkJO4,padel
Tennis Padel Weyersheim,Rue des Prés,67720 Weyersheim,"Tennis club, Padel club, Padel court, Recreation center, Sports club, Sports complex, Tennis court, Tennis instructor, Tennis store",Europe/Paris,+33 6 80 65 90 92,"06 80 65 90 92, +33 6 80 65 90 92",Tennis Padel Weyersheim (Owner),,,5,5,https://www.google.com/maps?cid=12073567739160242930,48.715857,7.809034,https://tpweyersheim.forumactif.com/,tpweyersheim.forumactif.com,https://lh3.googleusercontent.com/p/AF1QipPleVNX079CpOEYTboUHk39msaVMItdRnCW6MNF,ChIJxay6UHDBlkcR8ipD6OPtjac,padel
Tennis Club Dudelange | Tennis & Padel,52 Rue Stade John F. Kennedy,3502 Dudelange,Tennis court,Europe/Luxembourg,+352 621 380 630,"621 380 630, +352 621 380 630",Tennis Club Dudelange | Tennis & Padel (Owner),info@tcdudelange.lu,"facebook: https://www.facebook.com/tcdudelange,https://www.facebook.com/ateliergourmanddudelange",23,4.4,https://www.google.com/maps?cid=9908808635531197433,49.4887935,6.0915406,http://tcdudelange.lu/,tcdudelange.lu,https://lh3.googleusercontent.com/gps-cs-s/AG0ilSwDqOXHclVb1BOPeJZ_pS3QuSrST0Ap6O-uU12g_xNayvEwQ7FgZBNhVTK2WKAbjkiV0UUxpo8xyA7wwHCFemE-h_fV8pJz_mZDtuFA_O9hTDFUMET-OBMox2qNoJVEqUx5i4s-3A,ChIJock_P_82lUcR-fsodPQog4k,padel
Tennis Squash Badminton Jarville (TSB),Rue du Collège,54180 Heillecourt,"Tennis club, Badminton club, Padel club, Squash club",Europe/Paris,+33 6 02 41 42 38,"06 02 41 42 38, +33 6 02 41 42 38",Tennis Squash Badminton Jarville (TSB) (Owner),,"facebook: https://www.facebook.com/letsbjarville
linkedin: https://linkedin.com/company/tsbjarville",94,4.6,https://www.google.com/maps?cid=7145841191736854996,48.6573154,6.2068988,http://www.tsbjarville.com/,tsbjarville.com,https://lh3.googleusercontent.com/gps-cs-s/AG0ilSxukz9Z0S8pmhCjRe5kSGJKnjXcN63XYICjOHxuT44GlbM6fENi7ZHuh8xT227Pv8saaBFsNAK_dAWEgnKoHpyQSND7G6cyrge-ydZxmO3D5xLKIDQxZjsqgY9x3pMkiseVIXRwrQ,ChIJ_-rBkB2ZlEcR1EnUHrQgK2M,padel
C.O.S.D Tennis Club Bragard Club Omnisports Saint Dizier,39Bis Rue des Capucins,52100 Saint-Dizier,"Tennis club, Padel club",Europe/Paris,+33 3 25 56 59 94,"03 25 56 59 94, +33 3 25 56 59 94",C.O.S.D Tennis Club Bragard Club Omnisports Saint Dizier (Owner),,,28,4.7,https://www.google.com/maps?cid=10651085063645236908,48.6282081,4.9451141,http://www.club.fft.fr/co-saint-dizier/,club.fft.fr,https://lh3.googleusercontent.com/gps-cs-s/AG0ilSzNX6AOKyxIczcLGznC7PwmxrxzJa_ib4YmCLxObwSNnv8T779Dq5YlDseFZjIpzj5z3W2aX2uPoFTIwTvFSIagsrL6P9_KjNSAy2F7dyhQ-U3fk3NqHEwVhzPmiEvtOmvpZoTHlw,ChIJj5zU7pOA60cRrA4L-25B0JM,padel
Günter Kadel Tenniscenter,c/o TC Weinheim 1902 e.V Tennishalle,Breslauer Str. 44,"Tennis center, Sports bar, Tennis club, Tennis court, Tennis instructor, Tennis store",Europe/Berlin,+49 6201 63791,"06201 63791, +49 6201 63791",Günter Kadel Tenniscenter (Owner),,,1,5,https://www.google.com/maps?cid=6945610158378784790,49.54246,8.64664,https://www.tc02weinheim.de/tennishalle/,tc02weinheim.de,https://lh3.googleusercontent.com/gps-cs-s/AG0ilSx8WmRuynF62AGlP1NmDdvhjeS_FH6hfsqhqWmvmwDvEN_UgQTLnydIUbdEhnaCULqxvwT473bhOaCCQmNOSK64vO0x3Y1KGI-WWNe0S5Vft0zeCxzDPEOxLUcEP5wb-NfURR_W,ChIJMe3Lg1jbl0cRFhiDvqPDY2A,padel
Erster Tennisclub Edingen-Neckarhausen,Mannheimer Str. 50,68535 Edingen-Neckarhausen,Tennis club,Europe/Berlin,,,Erster Tennisclub Edingen-Neckarhausen (Owner),info@etc-en.de,"facebook: https://www.facebook.com/ErsterTCEN
instagram: https://www.instagram.com/etc_edingenneckarhausen",11,4.8,https://www.google.com/maps?cid=10347352658840664616,49.4516406,8.6033248,https://etc-edingen-neckarhausen.de/,etc-edingen-neckarhausen.de,https://lh3.googleusercontent.com/gps-cs-s/AG0ilSzR4tMTfT6WPuiv7sUSeWLFLm0LAvwaup8nFzTy8sUQ4-EIkwhKPyfYXxH9AtKsqXjNXP3ETTjsrw7f9x8jQCUOdgFZNz8LjmV3spG80wGaqmRxfNCZrds_9FjVJlxp9LQLUbc,ChIJV58yPyrHl0cRKDrkq2sumY8,padel
Tennisclub Kappelrodeck e. V.,Weinstraße 67,77876 Kappelrodeck,Padel club,Europe/Berlin,+49 7841 709239,"07841 709239, +49 7841 709239",Tennisclub Kappelrodeck e. V. (Owner),info@tc-kappelrodeck.de,instagram: https://www.instagram.com/tckappelrodeck,4,4.8,https://www.google.com/maps?cid=5041941146383582036,48.586367,8.1030441,https://www.tc-kappelrodeck.de/,tc-kappelrodeck.de,https://lh3.googleusercontent.com/p/AF1QipOAKeYwn2gThCifxv7wOPh0GhF81jDs_48MyE4s,ChIJ7_bNX7fXlkcRVIOeYMKS-EU,padel
Tennis de la Saussaie | Tennis & Padel,Zone de Loisirs de la Saussaie,57160 Moulins-lès-Metz,"Tennis club, Badminton club, Sports club",Europe/Paris,+33 9 72 62 05 10,"09 72 62 05 10, +33 9 72 62 05 10",Tennis de la Saussaie | Tennis & Padel (Owner),,,80,4.3,https://www.google.com/maps?cid=12914920820304737576,49.102728,6.113859,,,https://lh3.googleusercontent.com/gps-cs-s/AG0ilSzrr2tbcuAcCNX9ZDU3tLEuz6oENIKc7_xVZlJV9EFS2w51HYiqy47vYZpL2X9Zv8gxcdwOduy6sBsWajaHXomNZc-bVhHpJZWzx50iphRIOkkET6nWAtUJu4z5fJ0-NjWght8K,ChIJd8ERhcrblEcRKHWPVA8EO7M,padel
Tennis- und Padel-Club (TPC) Grötzingen e.V.,TPC Grötzingen,Bruchwaldstraße 72,"Tennis club, Padel club",Europe/Berlin,+49 721 483200,"0721 483200, +49 721 483200",Tennis- und Padel-Club (TPC) Grötzingen e.V. (Owner),office@tpc-groetzingen.de,"instagram: https://www.instagram.com/allfinanz_joerger,https://www.instagram.com/mehrhalt,https://www.instagram.com/tpc_groetzingen
youtube: https://www.youtube.com/channel/UCix7QOANhyxoCDqnNaGQCiw",128,4.5,https://www.google.com/maps?cid=17471176052069654969,49.0221704,8.4975283,http://www.tpc-groetzingen.de/,tpc-groetzingen.de,https://lh3.googleusercontent.com/gps-cs-s/AG0ilSy2cvTwLx-7oREx07OY1pz7UsWD5PKVLRd3JJJg4eRpNBGtIfgceeZXoLX-B-TdZQrzhkA422imZWyVjKfDLG1nQX07qbkGuu2SVFI4rqD9pr5M9AwS_hgCD4cBR2B5m9gqzfEi,ChIJA_al-bEJl0cRuWHslw0WdvI,padel
Padel Shop 24,Westmarkstraße 78,76227 Karlsruhe,"Padel court, Sporting goods store",Europe/Berlin,+49 160 90246905,"0160 90246905, +49 160 90246905",Padel Shop 24 (Owner),,instagram: https://www.instagram.com/padelshop24,10,5,https://www.google.com/maps?cid=688551726602517726,48.9890517,8.4575294,https://www.padel-shop24.com/,padel-shop24.com,https://lh3.googleusercontent.com/p/AF1QipMCWriKxvhFHyKX96m4kZAWVz8kP09gt7JnWUUe,ChIJVVVhhb4Il0cR3vyfsSU6jgk,padel
Handyladen,Hauptstraße 33,67433 Neustadt an der Weinstraße,Padel club,Europe/Berlin,+49 176 63478460,"0176 63478460, +49 176 63478460",Handyladen (Owner),,,7,5,https://www.google.com/maps?cid=4123140912096696615,49.3512966,8.13682,,,https://lh3.googleusercontent.com/p/AF1QipM0BKRsi1iq-8gv7OvkjTmbNTq2g_7pGjfreyPU,ChIJgW5JitRJlkcRJ1lncNBWODk,padel
Tennis - Padel - Badminton - Fitness - Gärtner Sportpark GmbH,Alte Poststraße 41,76698 Ubstadt-Weiher,"Sports complex, Badminton court, Gym, Padel court, Restaurant, Sportswear store, Tennis center, Tennis club, Tennis court",Europe/Berlin,+49 7251 6612,"07251 6612, +49 7251 6612",Tennis - Padel - Badminton - Fitness - Gärtner Sportpark GmbH (Owner),email@gaertner-sportpark.de,"facebook: https://facebook.com/GaertnerSportpark,https://www.facebook.com/GaertnerSportpark
instagram: https://www.instagram.com/gaertnersportpark",281,4.7,https://www.google.com/maps?cid=12790669846021793282,49.17754,8.6273,https://www.gaertner-sportpark.de/,gaertner-sportpark.de,https://lh3.googleusercontent.com/gps-cs-s/AG0ilSyedpYs62bB2W8C2QHm613lMrb0APtckyqtVECa8Vf06Rgj915MFItpzqxHXykekUDOeW3KiDrBkBEsJTKyc1fftiamdRFnuYuHn6cOhGxWVVwXn2--B8KmH7HRkF5IgBJIKpU,ChIJo4LvfBCjl0cRAuZtA3WWgbE,padel
"Karlsruher Eislauf- Und Tennis-Verein e.V. | Eislauf, Tennis & Padel",Kriegsstraße 300,76185 Karlsruhe,Tennis club,Europe/Berlin,+49 721 552089,"0721 552089, +49 721 552089","Karlsruher Eislauf- Und Tennis-Verein e.V. | Eislauf, Tennis & Padel (Owner)",info@ketv.de,,38,4.6,https://www.google.com/maps?cid=18066610063692996817,49.0071525,8.3638067,http://www.ketv.de/,ketv.de,https://lh3.googleusercontent.com/gps-cs-s/AG0ilSz9UtrWMD0p5CYlPLiwvqHh2NTOi4oPI2cGo_pFBQnYXW4gMwAwzYye9mkaxh2DuaaaQx6JIZzZGo9dN7QdjtgaPFmE09eGfyZKjQzk7MXeZYDN8RJCfg163KAZSzgwwO_mK5JZ,ChIJ47xZVukGl0cR0SDrxSF-ufo,padel
TC ST MARTIN SUR LE PRE,Rue Clovis Jacquiert,51520 Saint-Martin-sur-le-Pré,Tennis club,Europe/Paris,+33 3 26 64 47 71,"03 26 64 47 71, +33 3 26 64 47 71",TC ST MARTIN SUR LE PRE (Owner),,,22,4.6,https://www.google.com/maps?cid=12909197696714239616,48.9752313,4.3408898,https://tenup.fft.fr/club/55510155?utm_source=gmb,tenup.fft.fr,https://lh3.googleusercontent.com/gps-cs-s/AG0ilSzge_diyWZL2Q0RwdAN28l1TQo2MrgGloZa336yHQDf_VglgjY30F20MaC7LW7wrfpvpy73g140zczOauR0Hr1QrW1GX3MQ5hrA0LHjhjk1rI0TjS54YVHgFFOFS1P0Jhw6u9GSJA,ChIJ-UqVG43f60cRgG7xx-iuJrM,padel
Tennis Club De Benfeld,Rue d'Ettenheim,67230 Benfeld,"Tennis club, Gym",Europe/Paris,+33 3 88 74 37 03,"03 88 74 37 03, +33 3 88 74 37 03",Tennis Club De Benfeld (Owner),"secretariat.tcbenfeld@gmail.com,edt.tcbenfeld@gmail.com",,12,4.1,https://www.google.com/maps?cid=11135730210155283094,48.3711097,7.6038826,http://www.tcbenfeld.fr/,tcbenfeld.fr,https://lh3.googleusercontent.com/gps-cs-s/AG0ilSzuJhj7mVxynikontB_X-oQPfR_R-9qaDn4HSIbWiKrPDEYIkTxGY-b2KTWAgD-FJOT9H895I_RVt-K6u99YwhC1Da20aPGBLs4tiIOWWS9A1Ef1ysMGoaICTs82f6iDVmUnAE,ChIJTbZqjnVJkUcRlkLkYqAPipo,padel
Tennis Club Déodatien - Saint-Dié-Des-Vosges,Chem. du Coucheux,88100 Saint-Dié-des-Vosges,"Tennis club, Padel club, Squash club, Tennis instructor",Europe/Paris,+33 3 29 55 20 40,"03 29 55 20 40, +33 3 29 55 20 40",Tennis Club Déodatien - Saint-Dié-Des-Vosges (Owner),tennis.club.deodatien@orange.fr,"facebook: https://www.facebook.com/tennisclubsaintdie
instagram: https://www.instagram.com/FFTennis",14,4.9,https://www.google.com/maps?cid=7814246153582376099,48.2813687,6.9713965,http://www.tennis-club-deodatien.fr/,tennis-club-deodatien.fr,https://lh3.googleusercontent.com/p/AF1QipOuyJq8VF7SZZNdIeEi4a_KBDMiKVppVibUOdA4,ChIJq5PAZsfuk0cRo3S9m3nHcWw,padel
ESTESS Sports Club Luxembourg asbl,20 Rue de Bettembourg,1899 Gasperich Luxemburg,Tennis club,Europe/Luxembourg,+49 1516 4513533,"01516 4513533, +49 1516 4513533",ESTESS Sports Club Luxembourg asbl (Owner),evamaria.riml@estess.eu,"facebook: https://www.facebook.com/estesstennisacademy,https://www.facebook.com/estess.tennis.academy.seefeld,https://facebook.com/200016290019250,https://www.facebook.com/privacy/explanation
instagram: https://www.instagram.com/estesstennisacademy,https://www.instagram.com/p,https://www.instagram.com/legal
twitter: https://x.com/estesstennis,https://x.com/privacy",14,4.6,https://www.google.com/maps?cid=14142781282016881515,49.573574,6.1094098,http://www.estess.com/,estess.com,https://lh3.googleusercontent.com/p/AF1QipNULxOJ3wB_NzjUkPQI9MZUZniOW2SGiLffZNFF,ChIJ6Zbg3gBJlUcRa-uo8qRARcQ,padel
BASF Tennisclub e.V.,Weiherstraße 39,67063 Ludwigshafen am Rhein,"Tennis club, Padel court",Europe/Berlin,+49 621 12184522,"0621 12184522, +49 621 12184522",BASF Tennisclub e.V. (Owner),mail@lu-tennis.de,,412,4.5,https://www.google.com/maps?cid=6128777710926222875,49.497687,8.399791,http://www.lu-tennis.de/,lu-tennis.de,https://lh3.googleusercontent.com/p/AF1QipO8usoDF7wB6IkPnaIntJj6_pOPpM8Hh8gZOTxz,ChIJQR7ryMLMl0cRG9YWP9vKDVU,padel
TC Bad Schönborn - Padel,Schönborn-Allee 3,76669 Bad Schönborn,Sports club,Europe/Berlin,,,TC Bad Schönborn - Padel (Owner),,,9,5,https://www.google.com/maps?cid=9151412597400889483,49.2113038,8.6583175,https://www.tc-badschoenborn.de/,tc-badschoenborn.de,https://lh3.googleusercontent.com/gps-cs-s/AG0ilSzV3rLevGoK4DBFA0ShE4UtWExkarmmv7erQvy8OWhHAgVt2_qYKLYB25cwQoIPDvj3d0aVZqjkQYHMMcYrOEXlPKeWi1Rk1o7_t8aKcBACg2KCPEMDqwPpkoSaqpltsvX4jJEsB55vI18,ChIJ7d-5NgC9l0cRi2gdZUVZAH8,padel
Coach Loïc,8 Rue Emile Mathis,67201 Eckbolsheim,"Personal trainer, Sports club",Europe/Paris,+33 6 46 85 75 66,"06 46 85 75 66, +33 6 46 85 75 66",Coach Loïc (Owner),,,25,5,https://www.google.com/maps?cid=13340961559328108259,48.5904382,7.6806055,,,https://streetviewpixels-pa.googleapis.com/v1/thumbnail?panoid=uAT1S25BOARug62BDaGCkQ&cb_client=search.gws-prod.gps&w=80&h=92&yaw=20.617752&pitch=0&thumbfov=100,ChIJRRSlixW3lkcR467k0dqdJLk,padel
JARVILLE TSB,Av. du Général de Gaulle,54140 Jarville-la-Malgrange,"Tennis club, Sports club",Europe/Paris,+33 3 83 54 41 65,"03 83 54 41 65, +33 3 83 54 41 65",JARVILLE TSB (Owner),,,2,4,https://www.google.com/maps?cid=5730824399760127222,48.6574545,6.2075369,https://tenup.fft.fr/club/55540513?utm_source=gmb,tenup.fft.fr,https://lh3.googleusercontent.com/gps-cs-s/AG0ilSziZPRzYp--JNWCeUSyb_hV0Faqi-1xhfkaEgAI5iTfweO5xntfxpXK6_R-0NdUpDFFqII5umVjHKU6iRB5_iA-hklUIxLaxFT3VcI74qVMv9T-6ZcTfYwQQVFgANJakDgr8cWyKeNMNcHa,ChIJe8lEuX6ZlEcR9vTXqW36h08,padel
TC BISCHWILLER,46 Rue du Stade,67240 Bischwiller,"Tennis club, Padel club, Squash court",Europe/Paris,,,TC BISCHWILLER (Owner),,,26,4.7,https://www.google.com/maps?cid=1091538265987065039,48.778751,7.844747,https://tenup.fft.fr/club/55670089,tenup.fft.fr,https://lh3.googleusercontent.com/gps-cs-s/AG0ilSzhjEiYChD-H25adcVLHKzjdIhngtY7VLss2pLnV-Cn3OmBgKHnAlSzzTmWGdf5Hc3N3-cLcdt5ZXNCflh-_M2q3g8_LOhOHDcqnPdgFpaVBrOH2UJlDLJF15QDljQcLJF-AQG4,ChIJe9kj1tHrlkcRz6TnCkXsJQ8,padel
TC Birkenfeld e.V. (Tennis & Padel),Stadionstraße 10,75217 Birkenfeld,"Padel club, Tennis center, Tennis court",Europe/Berlin,+49 7231 480126,"07231 480126, +49 7231 480126",TC Birkenfeld e.V. (Tennis & Padel) (Owner),info@tc-birkenfeld.de,,39,4.7,https://www.google.com/maps?cid=7700202379708652941,48.8729418,8.6217424,http://www.tc-birkenfeld.de/,tc-birkenfeld.de,https://lh3.googleusercontent.com/gps-cs-s/AG0ilSy_3YLa1fegTptMbkbecmku8djq3JJC_Mcgwo3GLIftsb5EHAyHexXK3mTouO9x6BSIy8Y5FF36FxO4x3x9bWiU9Scd-VORlXI_QhFQQoVNUXN6P-4shg45jxbHQ1HA8vR4jASRkQ,ChIJdZdg2Fxtl0cRjd0mVUSd3Go,padel
Tennis Club,15 Rue Jacques Kablé,67540 Ostwald,Tennis club,Europe/Paris,+33 3 90 23 35 56,"03 90 23 35 56, +33 3 90 23 35 56",Tennis Club (Owner),,,1,5,https://www.google.com/maps?cid=5019160568910775688,48.592743,7.747374,https://tenup.fft.fr/club/55670067?utm_source=gmb,tenup.fft.fr,https://streetviewpixels-pa.googleapis.com/v1/thumbnail?panoid=tja9ZXIKD3owLhkStH4vlg&cb_client=search.gws-prod.gps&w=80&h=92&yaw=11.460023&pitch=0&thumbfov=100,ChIJM096dubJlkcRiAWT3PGjp0U,padel
MOULINS LES METZ TC,Zone de Loisirs de la Saussaie,57160 Moulins-lès-Metz,"Tennis club, Sports club",Europe/Paris,+33 3 87 60 34 70,"03 87 60 34 70, +33 3 87 60 34 70",MOULINS LES METZ TC (Owner),,,3,4.7,https://www.google.com/maps?cid=12176660699429252935,49.1027625,6.1140649,https://tenup.fft.fr/club/55570179?utm_source=gmb,tenup.fft.fr,https://lh3.googleusercontent.com/gps-cs-s/AG0ilSymp9uYipb6fOVVU4xAIfGYHOHQRYOUwy_8HFHVKafjRrgmhcRMkczZRL4Dof952kEbIWdBWwMCeIcMZXsPLLTE7uSm3SWT8kKLfecrrmChv8FgvC87xFUYcQZbCXGjCzis4Pdjxg,ChIJ0c1ikKnblEcRR6_wM2Qw_Kg,padel
FAREBERSVILLER TC,Rue du Stade,57450 Farébersviller,"Tennis club, Sports club",Europe/Paris,+33 3 87 89 63 25,"03 87 89 63 25, +33 3 87 89 63 25",FAREBERSVILLER TC (Owner),,,2,5,https://www.google.com/maps?cid=5561697608645454381,49.1172142,6.8687915,https://tenup.fft.fr/club/55570286?utm_source=gmb,tenup.fft.fr,https://streetviewpixels-pa.googleapis.com/v1/thumbnail?panoid=lZIn8967INwBitlWfpBBsg&cb_client=search.gws-prod.gps&w=80&h=92&yaw=291.83508&pitch=0&thumbfov=100,ChIJaQYsnYZNlEcRLapzB4IeL00,padel
L'ETINCELLE - Club de sports & Restaurant,Allee Georges Charpak,67600 Sélestat,"Sports club, Badminton court, Fitness center, Futsal court, Hammam, Indoor swimming pool, Padel court, Rock climbing, Sauna, Sports bar",Europe/Paris,+33 3 88 82 68 05,"03 88 82 68 05, +33 3 88 82 68 05",L'ETINCELLE - Club de sports & Restaurant (Owner),contact@letincelle-sport.fr,,501,4.4,https://www.google.com/maps?cid=9909690052950665307,48.2542193,7.4311586,http://www.letincelle-sport.fr/,letincelle-sport.fr,https://lh3.googleusercontent.com/gps-cs-s/AG0ilSyXXLl82sBmQRWRs3Bkm9O3S0KLuKpr57GpnFA5a612Nm3KQQyWiwCYhx5X9_mkuiC-RuEPfed7m0e_AZzPvssXOjreJ3tW8ulMT_E9bdqNWbOSa0fG0WYWr-zlGcH28qs_NDXssQ,ChIJm3RgQeRFkUcRW6hYcJlKhok,padel
Tennis Club Herbitzheim,Rue de Keskastel,67260 Herbitzheim,"Tennis club, Tennis court, Tennis instructor",Europe/Paris,+33 3 88 00 51 67,"03 88 00 51 67, +33 3 88 00 51 67",Tennis Club Herbitzheim (Owner),,"facebook: https://www.facebook.com/tennis.herbitzheim
instagram: https://www.instagram.com/tennis.herbitzheim",13,4.9,https://www.google.com/maps?cid=16900477932335329952,49.008625,7.07632,http://www.tennis-herbitzheim.fr/,tennis-herbitzheim.fr,https://lh3.googleusercontent.com/p/AF1QipOCoJWUrTygO8AMV1_o2gEFLUsy5ZIzIK5xuryw,ChIJC9nc15g3lEcRoPIsCyOPiuo,padel
Tennisfreunde Bruchsal,Giesgrabenweg,76646 Bruchsal,Tennis club,Europe/Berlin,+49 1514 6315998,"01514 6315998, +49 1514 6315998",Tennisfreunde Bruchsal (Owner),,"facebook: https://www.facebook.com/tennisfreundebruchsal
instagram: https://www.instagram.com/tennisfreundebruchsal",3,5,https://www.google.com/maps?cid=13200167233130969053,49.1313428,8.5923174,https://tfbruchsal.de/,tfbruchsal.de,https://lh3.googleusercontent.com/gps-cs-s/AG0ilSwStwrHO-iTA9jR37cidyoJKZNINJuQ5smI2Falrg-90MxYmPL_1O7O0LINPk3gjfcBI9ZSDAvhD1wn-FxL74E69zob-kU7vN1aD7TAHdvRN4ftPgHFeuSBSKOUoh0s5xBX0s-jSw,ChIJ49u5Vt-jl0cR3beFOilqMLc,padel
1. TC RW Wiesloch e. V. | Tennishalle & Padel,Am Schwimmbad 6,69168 Wiesloch,Association / Organization,Europe/Berlin,,,1. TC RW Wiesloch e. V. | Tennishalle & Padel (Owner),club@tcwiesloch.de,,53,4.3,https://www.google.com/maps?cid=6732575179224832663,49.28573,8.69001,http://www.tc-wiesloch.de/,tc-wiesloch.de,https://lh3.googleusercontent.com/p/AF1QipMx9usEoz-dilY9cBcTpyBTS6gYJBcJwnA00AAP,ChIJa28gA3e-l0cRl9pObXTpbl0,padel
Club Pétanque - Les Waps,Rue Saint-Orban,6860 Léglise,Sports club,Europe/Brussels,,,Club Pétanque - Les Waps (Owner),,,4,5,https://www.google.com/maps?cid=8077274826248601760,49.7916279,5.634379,https://www.facebook.com/profile.php?id=100063700987156,facebook.com,https://lh3.googleusercontent.com/gps-cs-s/AG0ilSyTvxKsubvdq-ORLtb2EXwTBBjNYjmdhMmWIcO4xP264L0_0XayltYkci4zHnJvbKaaHLf8k3VFfm10BO2M5Wumreo-cYVnnY3cz1kSkdt-pUItLezsNmUQwl3JTIQfkQkmElevCg,ChIJw678mRmi6kcRoMDAw6g-GHA,padel
Tennis Club Hockenheim,Dresdener Str. 3,68766 Hockenheim,Tennis club,Europe/Berlin,+49 6205 8118,"06205 8118, +49 6205 8118",Tennis Club Hockenheim (Owner),,"facebook: https://www.facebook.com/people/TC-Hockenheim/61571815890976
instagram: https://www.instagram.com/tc_hockenheim",29,4.4,https://www.google.com/maps?cid=7529870601451866204,49.3297533,8.5453579,https://www.tc-hockenheim.de/,tc-hockenheim.de,https://lh3.googleusercontent.com/p/AF1QipNAjDmWhbUYNPjbpVUVojUQq7j3dhXsaLJbnZWd,ChIJARp6-M25l0cRXAgyxGp5f2g,padel
Tennis-Club Walldorf Astoria,Schwetzinger Str. 93,69190 Walldorf,Tennis club,Europe/Berlin,+49 6227 358481,"06227 358481, +49 6227 358481",Tennis-Club Walldorf Astoria (Owner),,"instagram: https://www.instagram.com/tc_walldorf_astoria,https://www.instagram.com/padelinwalldorf",39,4.2,https://www.google.com/maps?cid=11772181335143924212,49.3133659,8.6376886,http://www.tenniswalldorf.de/,tenniswalldorf.de,https://lh3.googleusercontent.com/gps-cs-s/AG0ilSzjo4xCrsOe85UVef1OHEZqFYcwzZH4Z33oFCKbcT8GeLf_ieO209rDK-nhGLcHBBpYSpQcoK9uA0gSf6xkPHwRWeWz_hW2sqP6tWHFgB1QnLSu8m8P43PbzB2Q8NAqssuTOOQt,ChIJ2RvRmc6-l0cR9MG8eI0wX6M,padel
AS GEISPOLSHEIM-GARE,rue de l'ehn 67118,Geispolsheim,"Tennis club, Sports club",Europe/Paris,+33 3 88 66 76 02,"03 88 66 76 02, +33 3 88 66 76 02",AS GEISPOLSHEIM-GARE (Owner),,,,,https://www.google.com/maps?cid=10961326061919895783,48.515789,7.688835,https://tenup.fft.fr/club/55670059?utm_source=gmb,tenup.fft.fr,,ChIJpS_NTsC1lkcR54D3S_pzHpg,padel
FLEURY TC,Rue du Limousin,57420 Fleury,"Tennis club, Sports club",Europe/Paris,+33 3 87 52 63 21,"03 87 52 63 21, +33 3 87 52 63 21",FLEURY TC (Owner),,,3,3.7,https://www.google.com/maps?cid=18252258155262526697,49.0435256,6.1907258,https://tenup.fft.fr/club/55570259?utm_source=gmb,tenup.fft.fr,https://streetviewpixels-pa.googleapis.com/v1/thumbnail?panoid=rKywBTjkt9FuXSZiX3Inng&cb_client=search.gws-prod.gps&w=80&h=92&yaw=112.56737&pitch=0&thumbfov=100,ChIJi4nNmIrdlEcR6UQmbRYMTf0,padel
TSG Heidelberg-Rohrbach e. V. - Geschäftsstelle,Am Rohrbach 57,69126 Heidelberg,Sports club,Europe/Berlin,+49 6221 37030,"06221 37030, +49 6221 37030",TSG Heidelberg-Rohrbach e. V. - Geschäftsstelle (Owner),info@tsgrohrbach.de,"facebook: https://www.facebook.com/TSGRohrbach
instagram: https://www.instagram.com/tsgrohrbach1889
youtube: https://www.youtube.com/channel/UCF6aSs-r_770jZcFprGcsLA",43,4.1,https://www.google.com/maps?cid=14382341324605189464,49.3820463,8.6829423,http://www.tsgrohrbach.de/,tsgrohrbach.de,https://lh3.googleusercontent.com/gps-cs-s/AG0ilSwrDluZb2NRusJOlX4YHQxs6O277JYsqhCjHgdi4QMJqzTPRpVtY04meQ2bS9f5fwpvJqYLDy8gFkslApliw1U5WyrmO-AKbMWKQitnZibySpMXz2nDMJlqJJyF_ATGwv5lrsgVBw,ChIJrXSzaZTAl0cRWG2D2ztXmMc,padel
Tennis Club Zimmerbach,15 Rue Saint-Gilles,68230 Zimmerbach,Tennis club,Europe/Paris,+33 6 80 30 02 90,"06 80 30 02 90, +33 6 80 30 02 90",Tennis Club Zimmerbach (Owner),,facebook: https://www.facebook.com/TennisClubZimmerbach,15,4.1,https://www.google.com/maps?cid=11021417659970717096,48.0707091,7.2396309,http://tennisclubzimmerbach.e-monsite.com/,e-monsite.com,https://lh3.googleusercontent.com/gps-cs-s/AG0ilSzyEM-k-TeHFyN-E9L7udwiOdRoudxKjFpZiE88zoTogJZMWqEmJz2fbZqimNKIapgzDIidBDESpLZaYq_-H8cZt_GWpTJYT_xs6tAonuGiuur1SB8_oJJUBrelbs00pyu4Lqhvrw,ChIJkyN9JbZjkUcRqIXFv_fw85g,padel
Tennis Association Geispolsheim,3 All. du Stade,67118 Geispolsheim,Tennis club,Europe/Paris,,,Tennis Association Geispolsheim (Owner),,,66,4.4,https://www.google.com/maps?cid=12708351777885903625,48.5156738,7.6880242,,,https://lh3.googleusercontent.com/gps-cs-s/AG0ilSxrWeb5yMpCmwoMSbMyRO9-Qt4QIBB2N5m_QuoeWBMsc7P1DZ8Ykc89JIRcnCIzYQaTmDFSEXkY3kcjDQtMpeG1-W80dtHKPvFWb_uwaU7cWCYtHs6FrjYSV5DH1N61dX6Quq3l,ChIJyTE8BIm1lkcRCduXOZwiXbA,padel
"Ski-Club Ettlingen e.V. | Tennis, Squash, Ski & Padel",Im Sportpark 11,76275 Ettlingen,"Sports club, Club",Europe/Berlin,+49 7243 17377,"07243 17377, +49 7243 17377","Ski-Club Ettlingen e.V. | Tennis, Squash, Ski & Padel (Owner)",info@skiclub-ettlingen.de,"instagram: https://www.instagram.com/ski_club_ettlingen,https://www.instagram.com/accounts",96,4.2,https://www.google.com/maps?cid=17941149596861576677,48.93771,8.388711,http://www.ski-club-ettlingen.de/,ski-club-ettlingen.de,https://lh3.googleusercontent.com/gps-cs-s/AG0ilSwg1RHxPO58G5A70anGP53ezlWPtLy7uk-w3GSRiP8HHmwHkiQhuY463n_knoDhhLGzShAck3Ib5vyicAnrmWoTCM5hxBJS2NDTomQJFoUqVTlVtBsq7IV7Cp_-q1ytLDvyGyE3,ChIJK8JBsQoFl0cR5bUTh4DE-_g,padel
Tennis-Club Gundelfingen,Im Zollgarten 3,79194 Gundelfingen,"Club, Tennis club",Europe/Berlin,,,Tennis-Club Gundelfingen (Owner),info@tc-gundelfingen.de,,16,4.7,https://www.google.com/maps?cid=16383368420867803823,48.0338,7.86989,https://tc-gundelfingen.de/,tc-gundelfingen.de,https://lh3.googleusercontent.com/p/AF1QipPikEOvvKCqN5qLtylTwXvKS5I2EE2JGLaIwTmn,ChIJr8m3jhMckUcRr4otpsZqXeM,padel
Centre de Ligue de Tennis,Rue du Stade,57050 Longeville-lès-Metz,Tennis club,Europe/Paris,+33 3 83 67 60 10,"03 83 67 60 10, +33 3 83 67 60 10",Centre de Ligue de Tennis (Owner),,,2,5,https://www.google.com/maps?cid=7853965575954409695,49.1079654,6.1565823,https://tenup.fft.fr/club/55L00006,tenup.fft.fr,https://lh3.googleusercontent.com/gps-cs-s/AG0ilSyyc2tILuJ4EEnWqSl5nTxIvPeCiYvaMf-su-xmsHcrM7dKAHkEhGZxszyj1PvLevd5zplfxyAnWgY3TDg9_LjNHWXT5vpzM6uIeOqQspnmDjJyPc2F7odVVbFsgw7D06x_9JG2,ChIJ_XiiyjDblEcR36joSBTk_mw,padel
Tennispro Sélestat,31A Quai des Pêcheurs,67600 Sélestat,"Tennis store, Badminton club, Badminton court, Padel club, Padel court, Pickleball court, Sporting goods store, Sportswear store, Tennis club",Europe/Paris,+33 9 73 29 96 80,"09 73 29 96 80, +33 9 73 29 96 80",Tennispro Sélestat (Owner),,,59,4.6,https://www.google.com/maps?cid=16161285210857225405,48.2564499,7.4555705,https://www.facebook.com/Tennispro-S%C3%A9lestat-1605406393034060/?fref=ts,facebook.com,https://lh3.googleusercontent.com/p/AF1QipMWPU3BLYkokyr1Sca0wJ-8L_GWp1kxBtdol9ZI,ChIJEc1UpB9FkUcRvTzr6kVrSOA,padel
Tennisclub Hexental Merzhausen e.V.,Alte Str. 99,79249 Merzhausen,Tennis club,Europe/Berlin,,,Tennisclub Hexental Merzhausen e.V. (Owner),,,11,4.6,https://www.google.com/maps?cid=175618533816865655,47.9607424,7.8331463,http://www.tchexental.de/,tchexental.de,https://lh3.googleusercontent.com/gps-cs-s/AG0ilSz4rMPHISdGaUbMKeXf9TqY7t_gD4h1Bp-O9YxQGpxI4m9z4h5O29tieIYMa8DBce_nmxSfDvfYFS-DNdNV3OKWtc4-ub9qMpnppeDMYmkUaz1MzBDZRGQAXrXJrPsVU3G6QQScfLobo5mP,ChIJnbt0l6cEkUcRdxMhRCDsbwI,padel
Tero Padel Club Garisart,,,"Padel club, Service establishment",Europe/Brussels,+32 488 98 95 00,"0488 98 95 00, +32 488 98 95 00",Tero Padel Club Garisart (Owner),,,5,5,https://www.google.com/maps?cid=399533061369489441,49.6745416,5.7945684,https://teropadelclub.be/fr/tero-padel-club-garisart,teropadelclub.be,,ChIJVSCYbayKLQgRIejz1jNtiwU,padel
Tennis-Gemeinschaft Rosenfeld eV,Auf dem Bochinger 1,72348 Rosenfeld,"Tennis club, Padel club",Europe/Berlin,+49 7428 8536,"07428 8536, +49 7428 8536",Tennis-Gemeinschaft Rosenfeld eV (Owner),,,17,4.7,https://www.google.com/maps?cid=10443392481679932698,48.2804832,8.7247791,http://www.tg-rosenfeld.de/,tg-rosenfeld.de,https://lh3.googleusercontent.com/gps-cs-s/AG0ilSyeI_jT0rfCJOCUqpUR1fSrHi60B3mSCOeYtrZIW_sCulg4yyGq4eY4UFUxbBOk6rfa4ES-Vsz-fKXqanuGXxiQCmSBWMQg8ML2yclPQEwig98Uq2eXOunDIb7yXUJJ8AECw2P2,ChIJJU4OtDOpkEcRGn2EcCFi7pA,padel
TCM - Tennis et Cyclisme Mérévillois,Complexe municipal Michel Vernier,54850 Méréville,"Tennis club, Padel club",Europe/Paris,,,TCM - Tennis et Cyclisme Mérévillois (Owner),,,2,5,https://www.google.com/maps?cid=5414507441709407094,48.5990499,6.1511652,https://tenup.fft.fr/club/55540526?utm_source=gmb,tenup.fft.fr,https://lh3.googleusercontent.com/p/AF1QipNCpS3LqiSuuT1h5IM2O__biY8zpN4dj7b_P0hn,ChIJoTZZ5suflEcRdlvMuNQxJEs,padel
Christophe Mazauric Coach 4padel Metz And Tennis And Preparation Mental,,,"Tennis instructor, Service establishment, Padel club",Europe/Paris,+33 6 70 09 16 34,"06 70 09 16 34, +33 6 70 09 16 34",Christophe Mazauric Coach 4padel Metz And Tennis And Preparation Mental (Owner),,,13,5,https://www.google.com/maps?cid=9855631652665736323,48.715081,6.264212,,,https://lh3.googleusercontent.com/p/AF1QipMMeCb5m3IubLGxwl81laBa6WMFigOk9iogPbDJ,ChIJm_iLrbJUIq0Rg7w8TsU8xog,padel
HOMBOURG-HAUT TC,Rue de Metz,57470 Hombourg-Haut,Sports club,Europe/Paris,+33 6 41 45 18 19,"06 41 45 18 19, +33 6 41 45 18 19",HOMBOURG-HAUT TC (Owner),,,2,5,https://www.google.com/maps?cid=3520018701631632974,49.1255214,6.770489,,,https://lh3.googleusercontent.com/p/AF1QipPstBxVN2LP8MtxDFk0R7uTc-22AKJPXcMA3Q9u,ChIJTdGd7BhTlEcRTjZ8-Vue2TA,padel
TC Viktoria St.Ingbert e.V.,Friedel-Heintz-Straße 1 a,66386 St. Ingbert,"Tennis club, Gastropub, Tennis center, Tennis court",Europe/Berlin,+49 6894 7414,"06894 7414, +49 6894 7414",TC Viktoria St.Ingbert e.V. (Owner),"info@tcviktoria.com,ma@tcviktoria.com,jer@tcviktoria.com,mu@tcviktoria.com,sk@tcviktoria.com,jr@tcviktoria.com,oh@tcviktoria.com,sp@tcviktoria.com,pj@tcviktoria.com","facebook: https://www.facebook.com/TCViktoriaSt.Ingbert/photos_by
instagram: https://www.instagram.com/tc_viktoria_st.ingbert",40,4.3,https://www.google.com/maps?cid=16992450284582155625,49.265435,7.119458,https://www.tcviktoria.com/,tcviktoria.com,https://lh3.googleusercontent.com/gps-cs-s/AG0ilSzdntiSHENcz_XocAYUl-Et1ivzMnzpjz5tAljdx3jA0eMjhYVGdKdVZkqEwjJLGHFHnLyrwG5DMoen8iXvbsV0SDZYEot8WcD59tZftbqDqlc_Njxus3O9zn_nd0CdYZ13iH9Y,ChIJQ8saVrTJlUcRaTUBBIFP0es,padel
Comité Départemental des Vosges de Tennis,24 All. des Marronniers,88190 Golbey,Tennis club,Europe/Paris,+33 6 70 51 20 43,"06 70 51 20 43, +33 6 70 51 20 43",Comité Départemental des Vosges de Tennis (Owner),,,1,5,https://www.google.com/maps?cid=12680251281001681030,48.2038869,6.4356713,https://comite.fft.fr/vosges/,comite.fft.fr,https://lh3.googleusercontent.com/gps-cs-s/AG0ilSzayTBSIXhyopCSJ6vzv64-_vKitXdkvBWqhmyUADjshbRrTi_m33KJZHISh-pv73t_Kv8Oxiy_t-FBPePkK3zTkU4gc3HEuHU1rWVg0mBZhWlPn6Vwq8mK4DOzz8APYMTp1tEVmg,ChIJSQAekKQKk0cRhhDMcltN-a8,padel
Courts du Tennis Club de Toul,All. de l'Île des Sables,54200 Dommartin-lès-Toul,"Tennis court, Tennis club",Europe/Paris,,,Courts du Tennis Club de Toul (Owner),,,18,4.7,https://www.google.com/maps?cid=593694644398575580,48.6746406,5.9011044,http://www.club.fft.fr/tctoul/16540057_a/cms/index_public.php?PHPSESSID=82e4969338e21a50b34afc47cac834f9&us_action=show_note_site&ui_id_site=1,club.fft.fr,https://lh3.googleusercontent.com/gps-cs-s/AG0ilSymbFRP6c89W9dJOXyZ8EK5B6izHH5ruYWS_91X0aKhNxpkUukkFkrIi85g65OAO-84YKVgNKjVi1iBzq-pNcX1LPqaAUhXjPK7tGHKWcV_wJ5wzn7nX0lwFmzfZ2l93uIQpZqgjg,ChIJtxRykuyulEcR3M9tMCI6PQg,padel
CUVRY TENNIS CLUB,24 Chem. de Champagne,57420 Cuvry,"Tennis club, Sports club",Europe/Paris,+33 3 87 52 51 38,"03 87 52 51 38, +33 3 87 52 51 38",CUVRY TENNIS CLUB (Owner),,,2,4.5,https://www.google.com/maps?cid=16669471375134657296,49.039387,6.16264,https://tenup.fft.fr/club/55570494?utm_source=gmb,tenup.fft.fr,https://streetviewpixels-pa.googleapis.com/v1/thumbnail?panoid=YaOBWLyb_yq5JL7JqDg3Sg&cb_client=search.gws-prod.gps&w=80&h=92&yaw=152.5417&pitch=0&thumbfov=100,ChIJ0Y_lPnrdlEcREItxpOXbVec,padel
Club de Tennis Raketka,Bd Hubert Clément,4064 Esch-sur-Alzette,Tennis club,Europe/Luxembourg,+352 621 310 302,"621 310 302, +352 621 310 302",Club de Tennis Raketka (Owner),,,,,https://www.google.com/maps?cid=1681140866127062022,49.5103086,5.9859832,,,,ChIJyZalbhw1lUcRBmTl7rWcVBc,padel
Tennis Club,Rue du Bac,57570 Cattenom,Tennis club,Europe/Paris,+33 6 79 09 89 46,"06 79 09 89 46, +33 6 79 09 89 46",Tennis Club (Owner),,,31,4.4,https://www.google.com/maps?cid=6068479457345171728,49.4025306,6.2493839,https://tenup.fft.fr/club/55570201?utm_source=gmb,tenup.fft.fr,https://lh3.googleusercontent.com/gps-cs-s/AG0ilSyONcjNBUBiArgR6AbM5gpBii5LDaNyv5QochT3SN9a68N_5AMU43aK4eRnoDL44KSVoSAGGxByE31E8CRASY2vvSokYKkkd9gFq1MSZnn9EDKsBX2l1RHLC_f5erskdZa02vs,ChIJ2ydIsHI9lUcREHHQDeqRN1Q,padel
Padel Campus Arena,415 Rue d'Athènes,62138 Billy-Berclau,Sports complex,Europe/Paris,+33 6 26 31 33 79,"06 26 31 33 79, +33 6 26 31 33 79",Padel Campus Arena (Owner),,"facebook: https://www.facebook.com/PadelCampusArena
instagram: https://www.instagram.com/padel_campus_arena",80,4.9,https://www.google.com/maps?cid=13528267654945659591,50.5162506,2.851,https://www.padel-campus-arena.fr/,padel-campus-arena.fr,https://lh3.googleusercontent.com/gps-cs-s/AG0ilSxIOgXKg0naBiOUsio8olKhLP-Ypug2F82gpdCH8WzZ1Lh0WQ1JhK0mDlq9qKH1uNkVvVL8Kjzu7-qxH7zwlI_KsjE5nVK8ltbakWrwaWaI0plKiNAwQDFPjCPrnZkdZKNDiJjl,ChIJ7a-8e0cv3UcRx1pxn8EPvrs,padel
Paquito Padelclub,Gentse Steenweg 128b,9420 Erpe-Mere,Padel club,Europe/Brussels,,,Paquito Padelclub (Owner),info@paquitopadel.club,"facebook: https://www.facebook.com/PadelclubPaquito
instagram: https://www.instagram.com/padelclub_paquito",116,4.8,https://www.google.com/maps?cid=2630463794791959458,50.9439147,3.9836781,https://www.paquitopadel.club/,paquitopadel.club,https://lh3.googleusercontent.com/gps-cs-s/AG0ilSyaypliaowKl10HgzqnOzZNeGAvS9w2ocz0kjLaTGAyyrRxiyU5gCtgY4OGkpTe6yl7_2xG2UJCNIuIsRSxVVTqnBmWDvf7lb7eqfOE9vrF8ojgkqbQtuZ69CpilUTO423zIAaIbg,ChIJl3rQvIWjw0cRossZc-JIgSQ,padel
Topadel,171 Rue Carnot Premier étage,59155 Faches-Thumesnil,"Corporate campus, Coaching service, Coaching center, Padel club",Europe/Paris,+33 3 74 44 09 50,"03 74 44 09 50, +33 3 74 44 09 50",Topadel (Owner),,,207,5,https://www.google.com/maps?cid=6448304365114984252,50.6025775,3.0676205,https://topadel.fr/,topadel.fr,https://lh3.googleusercontent.com/p/AF1QipPws2SrFaBfqE1S_xnG7vfH3lShlcRofLVef-Bh,ChIJRcfGVffVwkcRPIdHzqf6fFk,padel
Padel District,Av. de la Boutillerie,59320 Sequedin,"Padel club, Restaurant",Europe/Paris,,,Padel District (Owner),contact@padel-district.fr,"facebook: https://www.facebook.com/people/Padel-District-Lille/61578374641166,https://www.facebook.com/61578374641166
instagram: https://www.instagram.com/padeldistrict_lille",39,5,https://www.google.com/maps?cid=18053368368735654956,50.6278538,2.9757821,https://www.padel-district.fr/,padel-district.fr,https://lh3.googleusercontent.com/gps-cs-s/AG0ilSz4X-Q2coNVc7HEY0tcWrdmWd0GVMexahyOsI2uS4tnJJmXpaG-fZRyQO6E8RfJt0XyjQ9BHdFjCZbLvhyp6l37sc3XwAn58nrTqukN5HGTJlQ5il_F2LMBr2ubBNWCixy_NUc3CBAz1Nc1,ChIJgSnYkZ4r3UcRLBTDaeFyivo,padel
PadelBreak Lille Bondues,5C Rdpt des Ravennes,59910 Bondues,Padel club,Europe/Paris,+33 3 62 27 93 49,"03 62 27 93 49, +33 3 62 27 93 49",PadelBreak Lille Bondues (Owner),,instagram: https://www.instagram.com/padelbreak.fr,59,4.8,https://www.google.com/maps?cid=8971840152466581428,50.7224184,3.1255239,https://www.padelbreak.fr/,padelbreak.fr,https://lh3.googleusercontent.com/gps-cs-s/AG0ilSw81_uXm4tVZIRVoxXK47o32ac4dhVyszCUTlx8xWL7W1oculVGgbsJWgrhBNNhsvHuyDZ5WKxpPgTnpqbN2BpRy_57DiD6Mpb1SBPAvF4XSTIS3f0XrLmgcxIRp4RPUR8rtpI1hw,ChIJUcGc3Owvw0cRtGdbdRVhgnw,padel
Cap Padel,Rue du Cap O,62231 Coquelles,Padel court,Europe/Paris,+33 7 89 71 12 37,"07 89 71 12 37, +33 7 89 71 12 37",Cap Padel (Owner),,"instagram: https://www.instagram.com/cap_padel
youtube: https://www.youtube.com/channel/UCZ7cdx7uay7tLjvGKXIPNng",50,4.8,https://www.google.com/maps?cid=8386591082767040215,50.9299759,1.8499853,http://cap-padel.fr/,cap-padel.fr,https://lh3.googleusercontent.com/gps-cs-s/AG0ilSxSH9pVXH85RZp5or3Yi-ig3uRj50zP8GQZJIaTQ2clV5oVf85FdkICNKhRRFaXt5ezVhO8V9iJgckl9zKPuqNfFiV7DP4uUNk5GXVeaeg5UyEfH1AyJLym2qDjo5VybhaCgqkH,ChIJ21HNem4_3EcR177J3CcoY3Q,padel
Padel Club Melle,Kouterslag 1,9090 Merelbeke-Melle,Padel club,Europe/Brussels,+32 469 24 46 26,"0469 24 46 26, +32 469 24 46 26",Padel Club Melle (Owner),info@padelclubmelle.be,"facebook: https://www.facebook.com/PadelclubMelle
instagram: https://www.instagram.com/p,https://www.instagram.com/padelclub_melle",51,4.7,https://www.google.com/maps?cid=1830784254002884299,50.996437,3.808784,https://www.padelclubmelle.be/,padelclubmelle.be,https://lh3.googleusercontent.com/p/AF1QipPHEDyPwtYPrUsTTmHJIKpBtnB8JwhWLRTI_aI,ChIJrX9PSb91w0cRy244QJRAaBk,padel
Urban Padel - Club de Padel Lille Lezennes,4 Rue Paul Langevin ZI du Hellu,59260 Lezennes,"Padel club, Athletic field, Padel court, Sports bar, Sports complex",Europe/Paris,+33 3 20 91 11 11,"03 20 91 11 11, +33 3 20 91 11 11",Urban Padel - Club de Padel Lille Lezennes (Owner),lezennes@urbanpadel.fr,"facebook: https://www.facebook.com/UrbanPadel-112095204880843
instagram: https://www.instagram.com/urbanpadelfr",30,4.4,https://www.google.com/maps?cid=18443411615863975034,50.616536,3.099011,https://www.urbanpadel.fr/les-centres/lille-lezennes-padel/,urbanpadel.fr,https://lh3.googleusercontent.com/p/AF1QipONR7GiDFwE1EnkWOHGWX0hfz8uk2I51vHnc-P7,ChIJ8ZLdKwXXwkcReqzisSUp9P8,padel
Padel City,ZA Champs Sainte Marie,62140,Padel court,Europe/Paris,+33 6 68 17 87 26,"06 68 17 87 26, +33 6 68 17 87 26",Padel City (Owner),,,21,5,https://www.google.com/maps?cid=15709119393261682562,50.3647956,2.0308232,http://www.padelcity.fr/,padelcity.fr,https://lh3.googleusercontent.com/p/AF1QipMISHkC2jEChlYZaVxvwzITWfF3YJeAMgInvsBW,ChIJtRxRllyj3UcRgv-PkdsAAto,padel
Cysoing Padel Club,189 Imp. de la Briqueterie,59830 Cysoing,Padel club,Europe/Paris,,,Cysoing Padel Club (Owner),cysoingpadelclub@gmail.com,instagram: https://www.instagram.com/cysoingpadelclub,58,5,https://www.google.com/maps?cid=3256239702134556426,50.5738575,3.2127175,https://padelclubcysoin-fr.matchpoint.com.es/#1,matchpoint.com.es,https://lh3.googleusercontent.com/gps-cs-s/AG0ilSzoYBQSHlCjfjO2PTnow0VNkLLOv6Xm9xasywiQCOUcK3Dbz9QaIJ3xMndDC2XMj5Zw5OyXuXU-OwTaXvmltAE0OCycnQUwl0EZ1gpB7fNEXeEAcsRAip9Bc2G_guXcIr8b3xnTjueuUKI,ChIJF3PzOXbZwkcRCgdBvcF8MC0,padel
Padel Family Club,1 Rue Jean Monnet ZI Horizon 2000,62117 Brebières,"Padel court, Bar",Europe/Paris,+33 3 21 07 55 96,"03 21 07 55 96, +33 3 21 07 55 96",Padel Family Club (Owner),,"instagram: https://www.instagram.com/padelfamilyclubbrebieres
linkedin: https://www.linkedin.com/company/padel-family-club
tiktok: https://www.tiktok.com/@padel.family.club",10,5,https://www.google.com/maps?cid=8343074359005701014,50.3423155,3.0313691,https://padelfamilyclub.fr/,padelfamilyclub.fr,https://lh3.googleusercontent.com/p/AF1QipOD1Q8yKQxahEmBItPYq9J9yQQ_KZHCm9WiLwxf,ChIJjZ_NMGfLwkcRlmM0D-2NyHM,padel
4PADEL Lille Seclin,104 Av. de la République,59113 Seclin,Padel club,Europe/Paris,+33 3 59 22 91 81,"03 59 22 91 81, +33 3 59 22 91 81",4PADEL Lille Seclin (Owner),"annemasse@4padel.fr,argenteuil@4padel.fr,bordeaux@4padel.fr,boulogne-billancourt@4padel.fr,saint-denis@4padel.fr,challans@4padel.fr,creteil@4padel.fr,dunkerque@4padel.fr,epinay@4padel.fr,seclin@4padel.fr,limoges@4padel.fr,marville@4padel.fr,metz.sud@4padel.fr,montreuil@4padel.fr,mulhouse@4padel.fr,orleans@4padel.fr,paris20@4padel.fr,reims@4padel.fr,saint-louis@4padel.fr,sudreunion@4padel.fr,strasbourg@4padel.fr,colomiers@4padel.fr,vaires.torcy@4padel.fr,rouen@4padel.fr","facebook: https://www.facebook.com/4PADELFrance
instagram: https://www.instagram.com/4padel
linkedin: https://www.linkedin.com/company/groupelefive
twitter: https://x.com/4PADELFrance",19,4.8,https://www.google.com/maps?cid=7158400434894399723,50.5459326,3.0456563,https://4padel.fr/,4padel.fr,https://lh3.googleusercontent.com/p/AF1QipMELjjogFk4tOtkgapYpqGHu_O1kOd45GjhOu5A,ChIJ3UnE5ZfTwkcR6-jhyUS_V2M,padel
Padel Idegem,9506 Geraardsbergen,Belgium,Padel club,Europe/Brussels,+32 486 39 84 95,"0486 39 84 95, +32 486 39 84 95",Padel Idegem (Owner),,"facebook: https://facebook.com/PadelIdegem
instagram: https://instagram.com/padel_idegem",52,4.8,https://www.google.com/maps?cid=10734563426937453133,50.8056278,3.9319747,https://www.padel-idegem.be/,padel-idegem.be,https://lh3.googleusercontent.com/p/AF1QipPbawng20ovDQZFbwgnRyP0bQ21N5vx45Me57Na,ChIJ3d19P92lw0cRTbqBCZDU-JQ,padel
Athois le padel,Rue André Delzenne 4,7800 Ath,Sports club,Europe/Brussels,,,Athois le padel (Owner),info@athoislepadel.be,,51,4.7,https://www.google.com/maps?cid=17137236979275227907,50.6370785,3.7819559,https://www.athoislepadel.be/,athoislepadel.be,https://lh3.googleusercontent.com/gps-cs-s/AG0ilSyamKLSY2VuQxEmaynbgKua1ROEcjCx0OuqA6khJkwvRdQx_p14QKW3Zqw5LZjk9wIa6yqRK7ZOvDmo07p7WXJeQd74FxRYwQ1kzGs9F767m2ed7oGA8deHY6ymIQ1lrWur5Z9f,ChIJGRScGV4Bw0cRA2NjVTyy0-0,padel
De Padelver,Boezingestraat 130,8906 Ieper,Padel club,Europe/Brussels,+32 494 85 80 10,"0494 85 80 10, +32 494 85 80 10",De Padelver (Owner),,,13,4.8,https://www.google.com/maps?cid=17725781091208426815,50.8871149,2.8207084,https://www.facebook.com/DePadelver,facebook.com,https://lh3.googleusercontent.com/p/AF1QipOLj60dj3oWivOEnoiC8sgkuhNKbCl06rlRJEbp,ChIJSZP3z8DF3EcRP3XQu_yf_vU,padel
Pa'Padel,Accès via,392 Rue de l'Épinette,Padel court,Europe/Paris,+33 6 35 50 82 55,"06 35 50 82 55, +33 6 35 50 82 55",Pa'Padel (Owner),contact@pa-padel.fr,"facebook: https://www.facebook.com/people/PaPadel/61560030758587
instagram: https://www.instagram.com/papadel_nieppe",34,4.9,https://www.google.com/maps?cid=5461174751811123024,50.6867465,2.8380547,https://www.pa-padel.fr/,pa-padel.fr,https://lh3.googleusercontent.com/p/AF1QipOP1_1jtwtFbT0xVPBy6di2R3n6tG46-nQ7CgSh,ChIJ5e2Jh2vX3EcRULcIkoD9yUs,padel
Padel 30,62100 Calais,France,Padel court,Europe/Paris,+33 6 85 72 77 51,"06 85 72 77 51, +33 6 85 72 77 51",Padel 30 (Owner),,,9,4.9,https://www.google.com/maps?cid=5335017048197799673,50.9548795,1.9100966,,,https://lh3.googleusercontent.com/gps-cs-s/AG0ilSz-7LPPplw1kBffBL6JPTMVDn6GCqjQmvFGT0RhodbTZjcM4o3rjJwQTp0pxHT5sWaTBjXXW6ysUfnOggpi0KvuIK4yLNnNlSQvy4fXAEkCq7VPz2GNab-cIk0d-tajbSIJdDzvTnpqFLs,ChIJjwT6agBB3EcR-Z57PL3JCUo,padel
Estaim Padel Club,Rue du Moulin Masure 7,7730 Estaimpuis,Padel club,Europe/Brussels,+32 488 05 74 69,"0488 05 74 69, +32 488 05 74 69",Estaim Padel Club (Owner),simon@ballejaune.com,,5,4.8,https://www.google.com/maps?cid=12961590530116343136,50.7042447,3.2660056,https://ballejaune.com/club/estaimpadel,ballejaune.com,https://lh3.googleusercontent.com/p/AF1QipOPw_m7cd7oPO65hvHgL80WSCbfDpE4KLBGzijs,ChIJVyRTt2gnw0cRYNWm5-nR4LM,padel
Padel Point hulste,Tieltsestraat 54,8531 Harelbeke,Padel court,Europe/Brussels,,,Padel Point hulste (Owner),info@padelpointhulste.be,"facebook: https://www.facebook.com/padelpointhulste
instagram: https://www.instagram.com/padelpointhulste",16,4.8,https://www.google.com/maps?cid=2097240254919995198,50.8862915,3.2972795,https://padelpointhulste.be/,padelpointhulste.be,https://lh3.googleusercontent.com/p/AF1QipMOBxeMQDqcbaNmxNLd0PS-wMzjwBeKjZQ2KoVD,ChIJYQGhvSE5w0cRPu8nc-bkGh0,padel
BONAIR SPORT,Evendael 32,9550 Herzele,Padel club,Europe/Brussels,,,BONAIR SPORT (Owner),bonair.padel@gmail.com,"facebook: https://www.facebook.com/bonair.sport
instagram: https://www.instagram.com/bonairsport",46,4.8,https://www.google.com/maps?cid=2948390258521035230,50.8805663,3.893928,http://www.bonairsport.be/,bonairsport.be,https://lh3.googleusercontent.com/gps-cs-s/AG0ilSwrEqf2bd9PDeo4hmfOGKzbTccbs4WKezGeMdEjvZ_FoGeHcsAm1-8QXy2f3xpB6PLPVFlZczh5SA9Da8HFaaOZMgPOxtycluq9SmdOVfPvbh2Fu7Okz0of5dbYSocUlGKwVrqK,ChIJ3QaSIB-hw0cR3lFeolHJ6ig,padel
UrbanPadel - Club de Padel Lille Bondues,5 Chem. des Grands Obeaux,59910 Bondues,Padel court,Europe/Paris,+33 3 61 58 97 50,"03 61 58 97 50, +33 3 61 58 97 50",UrbanPadel - Club de Padel Lille Bondues (Owner),,"facebook: https://www.facebook.com/UrbanPadel-112095204880843
instagram: https://www.instagram.com/urbanpadelfr",9,4.1,https://www.google.com/maps?cid=6250753986807526100,50.6909069,3.0849232,https://www.urbanpadel.fr/les-centres/lille-bondues/,urbanpadel.fr,https://lh3.googleusercontent.com/p/AF1QipOQuq-GXGoj_SL2IWbtCndvLbKgd37g2p3t0bQk,ChIJofXoQdUrw0cR1PIEEqIjv1Y,padel
Indoor Padel by Vision 21 @ Adirack,Liebeekstraat 15,8800 Roeselare,Padel court,Europe/Brussels,,,Indoor Padel by Vision 21 @ Adirack (Owner),"padel@vision21.be,info@vision21.be","facebook: https://www.facebook.com/padelclubvision21,https://www.facebook.com/vision21rsl
instagram: https://www.instagram.com/padelclubvision21,https://www.instagram.com/vision21rsl
youtube: https://www.youtube.com/channel/UCUnMpDvaQBxYle_RwGYF-5A",16,4.9,https://www.google.com/maps?cid=10937670198724969561,50.978299,3.1199393,http://vision21.be/padel,vision21.be,https://lh3.googleusercontent.com/gps-cs-s/AG0ilSwPsj6AdvfNoTXuXSx0k8izP1qqhp8pJ3FLFFUQ9rvxGWnVoYhD4Zw_dZ0-BzjqmgQrikFVTM9ru9cfrmqRd33qG0UewH0vfozhoLfY41xASNZl20duWgfhBzYB0vdvoISisodTLw,ChIJR2ZWhUxLw0cRWcRgcRhpypc,padel
Arenal Waregem,Franklin Rooseveltlaan 155,8790 Waregem,"Padel club, Sports complex",Europe/Brussels,+32 56 49 81 97,"056 49 81 97, +32 56 49 81 97",Arenal Waregem (Owner),waregem@arenal.be,"facebook: https://www.facebook.com/arenalwaregem
instagram: https://www.instagram.com/arenalwaregem",115,4.5,https://www.google.com/maps?cid=12350214616127399322,50.875568,3.4429487,https://waregem.arenal.be/,waregem.arenal.be,https://lh3.googleusercontent.com/p/AF1QipNG_WyyZRS3XYnhH3QL3g2c23YJNKxyT4_SwKXi,ChIJ19id8VwXw0cRmmUcVsLGZKs,padel
Padel Erpe-Mere,Industrieweg 2a,9420 Erpe-Mere,Padel club,Europe/Brussels,+32 478 93 60 19,"0478 93 60 19, +32 478 93 60 19",Padel Erpe-Mere (Owner),info@padelerpemere.be,"facebook: https://www.facebook.com/Padelerpemere,https://www.facebook.com/padelerpemere
instagram: https://www.instagram.com/padelerpemere",31,4.7,https://www.google.com/maps?cid=6735918889643293236,50.9297582,3.9612368,http://www.padelerpemere.be/,padelerpemere.be,https://lh3.googleusercontent.com/p/AF1QipN5FwIWkdw4v8wL_RpQsvLzGHmfSTCF4WxKhJvF,ChIJm2OZDLSjw0cRNDoIrYrKel0,padel
Padel garden,50 Rue de Péronne,59400 Cambrai,Adaptive sports center,Europe/Paris,,,Padel garden (Owner),,,4,5,https://www.google.com/maps?cid=13844181509182936945,50.1670273,3.2335711,,,https://lh3.googleusercontent.com/gps-cs-s/AG0ilSzfh8Xv3nLuUyMFUsl2tdRtixUztBugLEkxTaMqCF0TxL3znT6_ayHUyu_k-Bb4tqYaQDKb9m6g0gcfmbt4wRhE5E3x7V53VMyN4pqaWnCYt3gBjQiI7CARVcqYJpQTtCTlSBHiXdlKvrgu,ChIJA4lkNAC7wkcRcVfhpLtpIMA,padel
GARRINCHA Kortrijk,Leynvaalsstraat 2,8501 Kortrijk,Padel club,Europe/Brussels,+32 2 887 08 44,"02 887 08 44, +32 2 887 08 44",GARRINCHA Kortrijk (Owner),hello@garrincha.be,"facebook: https://www.facebook.com/garrinchabelgium
instagram: https://www.instagram.com/garrincha_belgium
linkedin: https://linkedin.com/company/garrincha",76,4.6,https://www.google.com/maps?cid=13253808370289002784,50.8352443,3.2472329,http://www.garrincha.be/,garrincha.be,https://lh3.googleusercontent.com/p/AF1QipP3hs3GK_3d2_UpKvjbYobdlY1o1Sq17KT-k6LM,ChIJp48Qq7s7w0cRIMksuH387rc,padel
MIRAS PADEL,1454 Chem. du Lobel,62510 Arques,Sports club,Europe/Paris,+33 6 33 11 64 49,"06 33 11 64 49, +33 6 33 11 64 49",MIRAS PADEL (Owner),,,2,5,https://www.google.com/maps?cid=3486018475332646508,50.718916,2.324269,https://www.facebook.com/share/1AXsQV8ZDW/?mibextid=wwXIfr,facebook.com,https://streetviewpixels-pa.googleapis.com/v1/thumbnail?panoid=Nmis3V20wzmgA-Nb3ALDTw&cb_client=search.gws-prod.gps&w=80&h=92&yaw=187.51425&pitch=0&thumbfov=100,ChIJt6bRRwD_3EcRbLamZlXTYDA,padel
Paddle Football Club,130 Rue du Marais,59282 Noyelles-sur-Selle,"Athletic field, Function room facility, Seminary",Europe/Paris,+33 3 10 45 43 45,"03 10 45 43 45, +33 3 10 45 43 45",Paddle Football Club (Owner),,"facebook: https://www.facebook.com/padelfootballclub.59282
instagram: https://www.instagram.com/padel.footballclub
linkedin: https://www.linkedin.com/in/padel-football-club-8a23502b2
tiktok: https://www.tiktok.com/@padelfootballclub59",26,5,https://www.google.com/maps?cid=14432076595995283555,50.2835885,3.3884767,https://www.padelfootballclub.fr/,padelfootballclub.fr,https://lh3.googleusercontent.com/p/AF1QipMmdVOXT4i2_6OIUAs9jO00nwZowjHm4x8Ot-pD,ChIJpXxRbZGVwkcRYxCHGzMJScg,padel
Aalst Padel,Affligemdreef 183,9300 Aalst,Padel club,Europe/Brussels,,,Aalst Padel (Owner),info@aalstpadel.be,"facebook: https://www.facebook.com/Aalst-padel-2320409388215312
instagram: https://www.instagram.com/aalstpadel9300",65,4.6,https://www.google.com/maps?cid=11873107591026319537,50.935117,4.0851247,https://www.aalstpadel.be/nl/,aalstpadel.be,https://lh3.googleusercontent.com/gps-cs-s/AG0ilSwe2ZuaAGuXnLzbI_njVYo7334_-Ck3GqFtyqlf2xdOP4HHxVR2FNZhPbtR5HEj3FWIP6O8Y1LZRkaVp60el3rpvonRffbAsyAwB5-ZdWnWekcdGl9roTH3aKM-09Jl55yBuei3,ChIJLX9FlT29w0cRsSAel3LAxaQ,padel
4PADEL Valenciennes,60 Rue Michel Chasles,59494 Petite-Forêt,"Sports club, Amusement center, Padel club, Sports bar, Tennis club, Tennis court, Tennis store",Europe/Paris,+33 3 61 25 81 44,"03 61 25 81 44, +33 3 61 25 81 44",4PADEL Valenciennes (Owner),"annemasse@4padel.fr,argenteuil@4padel.fr,bordeaux@4padel.fr,boulogne-billancourt@4padel.fr,saint-denis@4padel.fr,challans@4padel.fr,creteil@4padel.fr,dunkerque@4padel.fr,epinay@4padel.fr,seclin@4padel.fr,limoges@4padel.fr,marville@4padel.fr,metz.sud@4padel.fr,montreuil@4padel.fr,mulhouse@4padel.fr,orleans@4padel.fr,paris20@4padel.fr,reims@4padel.fr,saint-louis@4padel.fr,sudreunion@4padel.fr,strasbourg@4padel.fr,colomiers@4padel.fr,vaires.torcy@4padel.fr,rouen@4padel.fr","facebook: https://www.facebook.com/4PADELFrance
instagram: https://www.instagram.com/4padel
linkedin: https://www.linkedin.com/company/groupelefive
twitter: https://x.com/4PADELFrance",40,4,https://www.google.com/maps?cid=15705859286452538466,50.3825187,3.4717584,https://4padel.fr/,4padel.fr,https://lh3.googleusercontent.com/p/AF1QipOUtDTijhcJaMg20tEiH2T01Rdj5o6XQEgdsgzd,ChIJDyLqV-PvwkcRYgxGzc5r9tk,padel
Bellpadel,Omer de Vidtslaan 52,1760 Roosdaal,Padel club,Europe/Brussels,+32 54 67 19 92,"054 67 19 92, +32 54 67 19 92",Bellpadel (Owner),info@bellpadel.be,"facebook: https://www.facebook.com/Bellpadel
instagram: https://www.instagram.com/bellpadel_roosdaal",16,4.2,https://www.google.com/maps?cid=14718085377112851535,50.8329994,4.089102,http://bellpadel.be/,bellpadel.be,https://lh3.googleusercontent.com/p/AF1QipNhm3kSEietLBpJOfqmsDxd99dJa7QuVFV2Iw7I,ChIJu3p8GAy7w0cRT8SutKskQcw,padel
Dropshot Berlare,Bollewerkstraat 32,9290 Berlare,Padel club,Europe/Brussels,,,Dropshot Berlare (Owner),caroline@dropshotberlare.be,,62,4.7,https://www.google.com/maps?cid=11696421409880940914,51.0207816,3.9972246,http://www.dropshotberlare.be/,dropshotberlare.be,https://streetviewpixels-pa.googleapis.com/v1/thumbnail?panoid=GRc7_ltkuiO5jVXERyLryg&cb_client=search.gws-prod.gps&w=80&h=92&yaw=327.80252&pitch=0&thumbfov=100,ChIJJVEVJCiZw0cRciE6T00JUqI,padel
Padelclub Avelgem,Scheldelaan 8,8580 Avelgem,Padel club,Europe/Brussels,+32 475 66 67 56,"0475 66 67 56, +32 475 66 67 56",Padelclub Avelgem (Owner),info@padelclubavelgem.be,"facebook: https://facebook.com/padelavelgem
instagram: https://instagram.com/padelavelgem",3,4.3,https://www.google.com/maps?cid=5157501569213404562,50.7757645,3.4493342,http://www.padelclubavelgem.be/,padelclubavelgem.be,https://lh3.googleusercontent.com/p/AF1QipPE8emjXtHlOhP_WMZ7XjFqWtwc9C4rHBin0hsU,ChIJadXJehwZw0cRkhV8AVogk0c,padel
Tennis & Padel Club Quiévrain,Chem. des Manages 999/Z,7380 Quiévrain,Sports club,Europe/Brussels,+32 65 45 89 87,"065 45 89 87, +32 65 45 89 87",Tennis & Padel Club Quiévrain (Owner),,,63,4.6,https://www.google.com/maps?cid=2899218738930340421,50.4028601,3.678406,,,,ChIJfxCHc-r2wkcRRVIZFBUYPCg,padel
Padel Brakel,Watermolenstraat 108,9660 Brakel,Sports club,Europe/Brussels,+32 474 67 79 06,"0474 67 79 06, +32 474 67 79 06",Padel Brakel (Owner),,,1,5,https://www.google.com/maps?cid=5034143313232867355,50.8106329,3.7699612,http://www.padelbrakel.com/,padelbrakel.com,https://lh3.googleusercontent.com/gps-cs-s/AG0ilSxVXKUyOenjUrBbrYDi8RPCnDu2zL6dDczFUEKJs_Tm42ODXO-uUj9zQX5jcRCiipasIk_3NlauDlpIwjYvBlCv7Q9_LZFRZsKaCizfKta1siH9T7_oe9rQJX0rOOdHeI-U-cc,ChIJdazYtl4Jw0cRGzCn3ave3EU,padel
Padel Rumbeke 🥎,Wervikhovestraat 7A,8800 Roeselare,Padel club,Europe/Brussels,+32 51 24 87 62,"051 24 87 62, +32 51 24 87 62",Padel Rumbeke 🥎 (Owner),info@tprumbeke.be,"facebook: https://www.facebook.com/tprumbeke
instagram: https://www.instagram.com/tprumbeke
tiktok: https://www.tiktok.com/@tennisenpadelrumbeke
youtube: https://www.youtube.com/channel/UC_DZVfC7l9vRQDjgKxTiIAg",7,4.7,https://www.google.com/maps?cid=9041797119629757584,50.92771,3.1595251,https://www.tprumbeke.be/,tprumbeke.be,https://lh3.googleusercontent.com/gps-cs-s/AG0ilSxHZFkLsC7KiQXw6qAg7bFEho53Oiy8rfOmM4ip5_B_FNR_wV2_J0t3R-uQXlCllXqf-iY0_yzHUChJ0XYaGG21kTctbKzPysBZv8tI8JGZRpAsAuP5bt1LHGXXyGn3zFkw9FipGa9mBMyl,ChIJ58OlbvU2w0cRkIyuJpPqen0,padel
PADEL ESTATE,Rue Mathys 15,7020 Mons,Sports club,Europe/Brussels,+32 498 52 60 33,"0498 52 60 33, +32 498 52 60 33",PADEL ESTATE (Owner),dc@padel.estate,"facebook: https://www.facebook.com/61563278199564
instagram: https://www.instagram.com/padel_estate_mons",39,4.4,https://www.google.com/maps?cid=6897247143785004898,50.4729408,3.9533589,https://www.padel.estate/,padel.estate,https://lh3.googleusercontent.com/gps-cs-s/AG0ilSzA8WrCW5bzR9RW9kMj2G6S_oS146dctnvWnBE0Eh8ejECIpGAoUWNJbGkfC7IwV4_p0oRvQtK7RyX7f9-_VXU4gJv3Bxb-7iR7FxnGovtwkdYhS-irQjgxH9Lw0gJYRs4ZeVj5LOCbC2M4,ChIJtZobyY9RwkcRYv9h7bvxt18,padel
Padel Flobecq,Rue de la Crête 28b,7880 Flobecq,Padel court,Europe/Brussels,+32 68 84 07 27,"068 84 07 27, +32 68 84 07 27",Padel Flobecq (Owner),,"facebook: https://www.facebook.com/playtomic.io
instagram: https://www.instagram.com/playtomic
linkedin: https://www.linkedin.com/company/playtomic
youtube: https://www.youtube.com/@playtomic_app",15,4.3,https://www.google.com/maps?cid=413528205005712778,50.7328147,3.7376031,http://padel.asfe.be/,padel.asfe.be,https://lh3.googleusercontent.com/gps-cs-s/AG0ilSxfpsVLeTpIrN-AaoqMcV-AqS5Sjh5WL45siAUUDyO2aGzjqWU1yulkOvSJUwjKsPBfnrPc2XsgBOSbCiSmi1MWAgduCgQ5tT1czBtBZ7HcMhv00Q2BChLEIOwkWgOKb9VwYJ2DQg,ChIJiSs7jvFfwEcRim34I7YlvQU,padel
Y-Padel,Augustijnenstraat 35,8900 Ieper,Padel court,Europe/Brussels,+32 472 94 31 56,"0472 94 31 56, +32 472 94 31 56",Y-Padel (Owner),,,6,4.8,https://www.google.com/maps?cid=4475212752954917747,50.8534004,2.8689773,,,https://lh3.googleusercontent.com/p/AF1QipMD1LM3UpRetpvGQwZc7b5snPufd4_wkv7XwPsz,ChIJuwwsg5zP3EcRcwMtwkkmGz4,padel
Platform Padel,Beneluxlaan 1,8500 Kortrijk,Padel court,Europe/Brussels,+32 486 79 44 85,"0486 79 44 85, +32 486 79 44 85",Platform Padel (Owner),,,17,5,https://www.google.com/maps?cid=5329098023065511061,50.8003085,3.2828379,http://platformpadel.be/,platformpadel.be,https://lh3.googleusercontent.com/p/AF1QipPchaGo2skWHZe8o6c2JC2pTbxwL_B0C2Q1AsS-,ChIJQ_iGT987w0cRlWQOzmrC9Ek,padel
Padel Club des Herbières 🥎,Rue de la Hamaide 75,7333 Saint-Ghislain,Padel court,Europe/Brussels,+32 471 88 05 85,"0471 88 05 85, +32 471 88 05 85",Padel Club des Herbières 🥎 (Owner),contact@padeldesherbieres.be,,15,4.6,https://www.google.com/maps?cid=18063628418819220851,50.4623786,3.7888178,https://www.padeldesherbieres.be/,padeldesherbieres.be,https://lh3.googleusercontent.com/p/AF1QipOEf30sKlhhLA0eAcbvj6y8ur2ISAJySToDGLHh,ChIJv0-4QQxXwkcRc-Veelfmrvo,padel
CS BRIGODE - PADEL,59650 Villeneuve-d'Ascq,France,Sports club,Europe/Paris,,,CS BRIGODE - PADEL (Owner),,,3,4.7,https://www.google.com/maps?cid=16580263319474008373,50.633099,3.1559397,,,https://streetviewpixels-pa.googleapis.com/v1/thumbnail?panoid=D3bWXuxKJQljQ8bJbCL4mA&cb_client=search.gws-prod.gps&w=80&h=92&yaw=319.72302&pitch=0&thumbfov=100,ChIJXy2_kZrXwkcRNfGvn6TtGOY,padel
Padel & Vous,7063 Soignies,Belgium,Padel club,Europe/Brussels,,,Padel & Vous (Owner),,,55,4.6,https://www.google.com/maps?cid=17383913303062967326,50.5454109,4.0110773,https://www.padeletvous.be/,padeletvous.be,https://lh3.googleusercontent.com/gps-cs-s/AG0ilSxHu4i-NridX24CSlUTRO74QcfgevBZuXsEstd7UqQmjOIUipcQs01-img2SFznAOvoGwqFIUeJQ3KyiU96j3xW133Eg4WMaqNbOu4eu-Z5FqP0MP9Ft0LENNCNIjkLlOvH0pH1dOPJJQ25,ChIJUQ_x27xNwkcRHnRBkwsRQPE,padel
Padel Pittem,Egemstraat 47,8740 Pittem,Athletic club,Europe/Brussels,,,Padel Pittem (Owner),,"facebook: https://www.facebook.com/Vis-Ateljee-106882805063121,https://www.facebook.com/Transport-Spriet-1406665902995463,https://www.facebook.com/padelpittem
instagram: https://instagram.com/padelpittem",9,4.3,https://www.google.com/maps?cid=11793377941367999444,50.9992668,3.265469,http://www.padelpittem.be/,padelpittem.be,https://lh3.googleusercontent.com/p/AF1QipNiNQNzrtCCzcRcS0bCq3WL2fJHguypuB84JMgt,ChIJQ7R0fERHw0cR1Msq8cB-qqM,padel
Smashing Club Le Roeulx | Tennis & Padel,Rue de la Station 142,7070 Le Rœulx,"Tennis club, Padel club, Sports bar, Tennis court, Tennis instructor",Europe/Brussels,+32 64 28 21 32,"064 28 21 32, +32 64 28 21 32",Smashing Club Le Roeulx | Tennis & Padel (Owner),,"facebook: https://www.facebook.com/ateliersmarin,https://www.facebook.com/smashingclubleroeulx
instagram: https://www.instagram.com/smashingclub_leroeulx",64,4.5,https://www.google.com/maps?cid=16899044894885894315,50.511403,4.1177223,http://www.smashing-leroeulx.be/,smashing-leroeulx.be,https://lh3.googleusercontent.com/gps-cs-s/AG0ilSx6MQFMGOUjToEt7LC1Rq8ALHBKBWFexfBsZpakQ1NDryvBFW5LBEqzgb50vAHkWUhhPAXjow7HmjJxiPakATMuW15zscM35L9NyOBtAXVMzM_FBSwUE7VO1i3rL8WwsKR70DQy,ChIJfa7seZlJwkcRq1gNA8x3heo,padel
Padel Osbroek-Aalst Sport,9300 Aalst,Belgium,Padel court,Europe/Brussels,,,Padel Osbroek-Aalst Sport (Owner),,,2,4.5,https://www.google.com/maps?cid=5092215398553990358,50.9295617,4.0428658,,,https://lh3.googleusercontent.com/gps-cs-s/AG0ilSwsPMLniLKyttlqzm2UK5hW5UvaRkafdI3COasE0Jd4oJVdc96YRisWCwRQl2K_vOx7Emq06nnpJAEaQJR8BKtGXcc4Aw_qQypv6bK072_aYlFb-qnMQZAa26FJqeAQmvDJr4LX,ChIJxUzeA4m9w0cR1rSV3uwuq0Y,padel
Padel Academy Oudenaarde,Eindrieskaai 26,9700 Oudenaarde,Sports club,Europe/Brussels,+32 472 92 37 72,"0472 92 37 72, +32 472 92 37 72",Padel Academy Oudenaarde (Owner),,"facebook: https://www.facebook.com/kristof.vanderheggen
instagram: https://www.instagram.com/pao_padelacademyoudenaarde",6,5,https://www.google.com/maps?cid=12178215452294212424,50.8514305,3.6171697,https://www.pao-padel.be/,pao-padel.be,https://lh3.googleusercontent.com/p/AF1QipNugZiBonhgZWUQ_bCO1LVezcoKtTl17xZD-Ivc,ChIJVVgVFJwPw0cRSGsrUG62Aak,padel
Padel Passe-Partout,Breestraat 31A,8540 Deerlijk,Athletic club,Europe/Brussels,+32 56 77 83 03,"056 77 83 03, +32 56 77 83 03",Padel Passe-Partout (Owner),bestuur@padelpassepartout.be,"facebook: https://www.facebook.com/padelpassepartout
instagram: https://www.instagram.com/padelpassepartout",11,4.1,https://www.google.com/maps?cid=1159513958520169223,50.8545112,3.3810167,https://www.padelpassepartout.be/,padelpassepartout.be,https://lh3.googleusercontent.com/p/AF1QipNb0gLkkHkzLY8i4GSjFQJH3vB_jziiyHfVZQor,ChIJN6LZAh09w0cRB6OzSc1rFxA,padel
Starpadel,Rue Achille Delattre,7340 Colfontaine,Padel court,Europe/Brussels,,,Starpadel (Owner),info@starpadel.be,instagram: https://www.instagram.com/starpadelcolfontaine,7,4.9,https://www.google.com/maps?cid=6987412329871674920,50.404208,3.8569613,https://starpadel.be/,starpadel.be,https://lh3.googleusercontent.com/gps-cs-s/AG0ilSwf7OCOPdtZlTjOcR8x5JF8anGVG_1S47MipaY8Xg0xNtAbGL8y9hnkFrzXVuR2SHsooYLaiWImSshq52nzM1pSAsj-BEIrRjssyRaa3J-qY_e4J-2EdplVh0JncgcY0WvgcqUz1Q,ChIJl0OjFABbwkcRKI4vPX5G-GA,padel
Bajada Padel Pepingen,Grasmeerstraat,1670 Pepingen,Padel court,Europe/Brussels,,,Bajada Padel Pepingen (Owner),info@bajadapadel.be,"facebook: https://www.facebook.com/bajada.padel.pepingen
instagram: https://www.instagram.com/bajada_padel_pepingen,https://www.instagram.com/robindesaeger",1,1,https://www.google.com/maps?cid=15242522104808549666,50.7557552,4.1629228,https://bajadapadel.be/,bajadapadel.be,https://lh3.googleusercontent.com/p/AF1QipNpMhcReIjaawcwfeKL25UXAn4lx7KTy-UQ_hRP,ChIJYdkAQ0m3w0cRIi0nkhhRiNM,padel
T.C. Lierde | Tennis & Padel,Nieuwstraat 21,9570 Lierde,"Padel club, Tennis club",Europe/Brussels,,,T.C. Lierde | Tennis & Padel (Owner),,,37,4.7,https://www.google.com/maps?cid=14966371766406918692,50.8113398,3.8249987,https://tclierde.be/nl/node/102,tclierde.be,https://lh3.googleusercontent.com/gps-cs-s/AG0ilSyXm8uiWcTt1YB5sg6vwyRRKOQSLJroFoDD0977W9VjhxkX-ljoUOIWY0BdyOpkcvGzpRmi2pscx784OryjBQqVNrTxGbT_KkpE6ml8nTwUsMD_VxbCKFdyPvhpGJKgjGng8Lzp,ChIJk-guYLunw0cRJLIeidM7s88,padel
Chapelle Lions Club Padel,Rue du Calvaire 11,7903 Leuze-en-Hainaut,Sports club,Europe/Brussels,,,Chapelle Lions Club Padel (Owner),,,3,3.7,https://www.google.com/maps?cid=11426044994778217001,50.6145845,3.6490646,,,https://streetviewpixels-pa.googleapis.com/v1/thumbnail?panoid=S6AEhgQf_CDtb88utsfEcg&cb_client=search.gws-prod.gps&w=80&h=92&yaw=49.173866&pitch=0&thumbfov=100,ChIJgcWHHQD9wkcRKbpijWJ3kZ4,padel
Us Neufvilles Padel,Rte de Montignies 1,7063 Soignies,"Padel court, Padel club",Europe/Brussels,+32 470 72 49 06,"0470 72 49 06, +32 470 72 49 06",Us Neufvilles Padel (Owner),usnlog@gmail.com,,1,5,https://www.google.com/maps?cid=14928777902132435905,50.5660971,3.9980414,http://www.tiepadel.com/USNeufvilles,tiepadel.com,https://lh3.googleusercontent.com/p/AF1QipNPXEnsidZNDL6sVaEswNIswKei9HW8G9vVEcI,ChIJkcuh_TNNwkcRwRtO62esLc8,padel
Dock 79 Padel Club,Rue de la Hamaide 79,7333 Saint-Ghislain,Padel club,Europe/Brussels,+32 65 66 25 07,"065 66 25 07, +32 65 66 25 07",Dock 79 Padel Club (Owner),vasb@qbpx79.or,"facebook: https://www.facebook.com/Dock79,https://www.facebook.com/N7TPadelAcademy
instagram: https://www.instagram.com/dock_79_park
linkedin: https://www.linkedin.com/company/dock-79-parc-de-loisirs",6,4.2,https://www.google.com/maps?cid=4406798009561140505,50.4601888,3.7920528,https://dock79.be/activite/padel-tennis/,dock79.be,https://lh3.googleusercontent.com/gps-cs-s/AG0ilSypBMDI-MSM2wA3Y3kN2XkgrC7rUMu0Z8XNOg5C_WiOs156ZhIZoCIQaiF8NYxcSdDFqu8owBfflhe4tewc_RDAsFanEO23isNdqGf95mwsq-LB2TJ5KqwA6iAqEsaMY6xDiDkwRw,ChIJvXjTURJXwkcRGU3KBHEXKD0,padel
Tennis Club de Wasquehal | Tennis & Padel,1 Bis Imp. du Plomeux,59290 Wasquehal,"Tennis club, Sports",Europe/Paris,+33 3 59 52 72 21,"03 59 52 72 21, +33 3 59 52 72 21",Tennis Club de Wasquehal | Tennis & Padel (Owner),,facebook: https://www.facebook.com/TCWasquehal,130,4.2,https://www.google.com/maps?cid=8520804018349243036,50.6773741,3.1268573,http://tennisclubwasquehal.fr/,tennisclubwasquehal.fr,https://lh3.googleusercontent.com/gps-cs-s/AG0ilSzVvEKotlNzbcnIW8gWESI2o-mtptUUnnkZwO1cET2rC1wGzU6CJgxo50uocjpqW646yc5_REZwCeHTw25tmuVQt6k5K8IrM4Zaq0z2WV62M8TbA1rc7nUexmK23NlfZwMcUG8Z,ChIJ0R-muJ8pw0cRnHptChz6P3Y,padel
C-Padel Indoor,Diksmuidseweg 61,8900 Ieper,Padel club,Europe/Brussels,+32 491 59 62 56,"0491 59 62 56, +32 491 59 62 56",C-Padel Indoor (Owner),,,3,4.7,https://www.google.com/maps?cid=6078960015645900104,50.8595893,2.877391,,,https://lh3.googleusercontent.com/p/AF1QipPrCkK2UsX42ht7JeexdVpXfpOrIl7uFu_yOvZL,ChIJ-Y1CS2DP3EcRSH1gMO3NXFQ,padel
Le Chantilly Club,1 Rue Hoche,59491 Villeneuve-d'Ascq,"Sports complex, Badminton club, Basketball club, Caterer, Event planner, French restaurant, Padel club, Restaurant",Europe/Paris,+33 6 82 82 83 03,"06 82 82 83 03, +33 6 82 82 83 03",Le Chantilly Club (Owner),ligue.hautsdefrance@fft.fr,"facebook: https://www.facebook.com/lechantillyvilleneuvedascq
instagram: https://www.instagram.com/le_chantilly_club
youtube: https://youtube.com/@le_chantilly_sport",424,3.6,https://www.google.com/maps?cid=16616714395729361823,50.6588383,3.1496136,https://chantilly-club.onepage.me/,chantilly-club.onepage.me,https://lh3.googleusercontent.com/p/AF1QipPtCDLK1UmEjdEBQ_ru8RukGWDTdtaOznFu4e-i,ChIJ3w4VSLUpw0cRn3uRK7RtmuY,padel
Tennis & Padel Club Sportec,Warandestraat 2/A,9770 Kruisem,"Tennis club, Sports club",Europe/Brussels,+32 9 383 64 31,"09 383 64 31, +32 9 383 64 31",Tennis & Padel Club Sportec (Owner),info@tcsportec.be,facebook: https://www.facebook.com/TC-Sportec-Kruisem-100296811356751,32,4.6,https://www.google.com/maps?cid=10449443574696197937,50.9009132,3.524755,http://tcsportec.be/,tcsportec.be,https://lh3.googleusercontent.com/gps-cs-s/AG0ilSz2YMT3TWhbIJPOFK4OOeNv30Qm8gr6lCSfo2xUt-x05OwRQd4HV-P-xL3SOfqX8cLDLVtiIfRxRyFuau5i4MNA31qj-kydtbP4HurSPeQY22SxLl-yMJbngv1pdnWJ29KzHL9Y,ChIJNZhn2osTw0cRMT9BUpHhA5E,padel
GARRINCHA Gent,Pauline van Pottelsberghelaan 25,9051 Gent,Padel club,Europe/Brussels,+32 2 887 08 44,"02 887 08 44, +32 2 887 08 44",GARRINCHA Gent (Owner),hello@garrincha.be,"facebook: https://www.facebook.com/garrinchabelgium
instagram: https://www.instagram.com/garrincha_belgium
linkedin: https://linkedin.com/company/garrincha",111,4.7,https://www.google.com/maps?cid=10236670886990024578,51.026606,3.6851509,http://www.garrincha.be/,garrincha.be,https://lh3.googleusercontent.com/p/AF1QipMf_dVtblQ2SO9vFDk90rRWAUGg5tJ9cyS-tsga,ChIJK7FWt3Nzw0cRgo-ffe_1D44,padel
Le Shaft - club de padel et de badminton,4 Rue Professeur Langevin,59000 Lille,"Sports complex, Badminton club, Padel club",Europe/Paris,+33 3 20 22 18 01,"03 20 22 18 01, +33 3 20 22 18 01",Le Shaft - club de padel et de badminton (Owner),,"facebook: https://www.facebook.com/Le-SHAFT-Badminton-Padel-486873051503167
instagram: https://www.instagram.com/leshaftpadelbadminton",472,4.5,https://www.google.com/maps?cid=7583786840207129467,50.6170381,3.0844275,http://www.le-shaft.fr/,le-shaft.fr,https://lh3.googleusercontent.com/p/AF1QipNdLAkUfp1NB63k8eb4_Ht5XcgfiITbYk79XhO1,ChIJ88ZuHOjVwkcRe_vTVvMFP2k,padel
Tennisclub De Pinte | Tennis & Padel,Polderbos 3,9840 Nazareth-De Pinte,"Tennis club, Padel club",Europe/Brussels,+32 476 98 30 03,"0476 98 30 03, +32 476 98 30 03",Tennisclub De Pinte | Tennis & Padel (Owner),tcdp@tcdp.be,"facebook: https://www.facebook.com/TCDePinte
instagram: https://www.instagram.com/tcdepinte",44,4.3,https://www.google.com/maps?cid=8651305547397628047,50.9913805,3.6423621,https://tcdp.be/,tcdp.be,https://lh3.googleusercontent.com/gps-cs-s/AG0ilSxQIT2wR8tEFlTFNRI4bFZRbWSw-7KDrpl0Dc0TAwEm11x4WB48POWEqQ20951soFy-E1v0HWeSp6waRvLFUD-NnfyReBGkGPw9ghl9GZVVMTPtdLMCmwK5YkjbTzClSmoQKc72rA,ChIJNw--xIVyw0cRj4AADI-cD3g,padel
Happy Waregem,Bergstraat 41,8790 Waregem,"Sports complex, Hockey club, Padel club, Padel court, Pickleball court, Sports bar, Squash court, Tennis court",Europe/Brussels,+32 56 60 52 79,"056 60 52 79, +32 56 60 52 79",Happy Waregem (Owner),info@happywaregem.be,"facebook: https://www.facebook.com/WaregemSportCenter-220377714653757,https://www.facebook.com/220377714653757
instagram: https://www.instagram.com/waregemsportcenter",122,4.4,https://www.google.com/maps?cid=17599120039610677492,50.8820934,3.4677344,http://www.waregemsportcenter.be/,waregemsportcenter.be,https://lh3.googleusercontent.com/p/AF1QipM_-mL6ZUM_DiuiOWp2lQ485AoN6qVqJ9qqj8JG,ChIJ64diYtQVw0cR9PhzkG6iPPQ,padel
TC For Ever | Tennis & Padel,Leebeeklaan 9,9890 Gavere,Tennis club,Europe/Brussels,+32 9 384 29 46,"09 384 29 46, +32 9 384 29 46",TC For Ever | Tennis & Padel (Owner),,,48,4.1,https://www.google.com/maps?cid=4512302536482805798,50.9310417,3.6327817,http://www.tcforever.be/,tcforever.be,https://lh3.googleusercontent.com/gps-cs-s/AG0ilSwNUGKWjuWDNEDNHyP3L6x_aTWgT69ACbFJqmjkCrdRbwxP7ou_3FUjM8EF1kCWy3zYUQR4lwzQd-waxus7KyS9M2r7YsdAlIQA3zET0TjhUVuok8813km6hOPjvO_7aN7HmoyaQw,ChIJo0jJ7WYNw0cRJtgm7j_rnj4,padel
Denain Tennis Padel la Porte du Hainaut,Parc Lebret,2ter All. des Gloriettes,"Tennis club, Padel club, Padel court, Tennis court",Europe/Paris,+33 3 10 45 45 05,"03 10 45 45 05, +33 3 10 45 45 05",Denain Tennis Padel la Porte du Hainaut (Owner),,,6,4.7,https://www.google.com/maps?cid=14659528995460635141,50.324485,3.403694,,,https://lh3.googleusercontent.com/p/AF1QipPNzX8VMJzxYedBBfwMJ3jz_6rP_ZDYBtYV_pCD,ChIJv2GDSQDrwkcRBVr4rPMbccs,padel
OLYMPIQUE GRANDE-SYNTHE,3 Rue de l'Écureuil,59760 Grande-Synthe,"Tennis club, Sports club",Europe/Paris,+33 3 28 21 60 32,"03 28 21 60 32, +33 3 28 21 60 32",OLYMPIQUE GRANDE-SYNTHE (Owner),,,44,4.4,https://www.google.com/maps?cid=1105148700141983154,51.01046,2.288954,https://tenup.fft.fr/club/56590085?utm_source=gmb,tenup.fft.fr,https://lh3.googleusercontent.com/gps-cs-s/AG0ilSxPiM7ORCFHHV6jcRHkdABi3HaQlcwpuI__8ITWQkUCU2JqN8Z83eSA59QyuGQsVL28XItAcZ4ef_uTuoOEa-2dQs22tyNBTNGn2omwrAOCBTjYCCWwv-hojklDrxZOkhm_RIsY,ChIJWenkXLeL3EcRspXyL-NGVg8,padel
Tennis Club Mouscron | Tennis & Padel,Rue des Olympiades 50,7700 Mouscron,Tennis club,Europe/Brussels,+32 56 33 62 91,"056 33 62 91, +32 56 33 62 91",Tennis Club Mouscron | Tennis & Padel (Owner),,,75,4.6,https://www.google.com/maps?cid=11961732114049864392,50.7282445,3.206197,http://tcmouscron.tennisweb.be/,tcmouscron.tennisweb.be,https://lh3.googleusercontent.com/gps-cs-s/AG0ilSzbMjXMGdnrp7camby07kX219tMobL6-iC2yPqqg4YgvusKCD7lBhNz4dW6ONoNJDDPgaH6hJhem8kPJQxmt2Q4uFuFLryX01DhXWAT6HTShOoEpylHy4ZTipsXjAz-BDqjKGFZ,ChIJKZzC5Vcvw0cRyBJTVPubAKY,padel
Padel Solutions | Constructeur Terrains de Padel,22 Rue Dupleix,59260 Lille,Padel court,Europe/Paris,+33 7 56 83 75 62,"07 56 83 75 62, +33 7 56 83 75 62",Padel Solutions | Constructeur Terrains de Padel (Owner),,,,,https://www.google.com/maps?cid=13776229084517920625,50.6274076,3.0963243,https://padel-solutions.com/,padel-solutions.com,https://lh3.googleusercontent.com/p/AF1QipP3CVQ5nrrquh9xLSoSF7BFSB0MEEeRnfPBOw35,ChIJq_gvh8jVwkcRcW8Y31z_Lr8,padel
Tennis Padel Club Plainchamp,Rue du Jeu de Balle 11,7100 La Louvière,Tennis club,Europe/Brussels,+32 64 44 65 50,"064 44 65 50, +32 64 44 65 50",Tennis Padel Club Plainchamp (Owner),tpcplainchamp@gmail.com,"facebook: https://www.facebook.com/tennisclubplainchamp
instagram: https://www.instagram.com/tpc.plainchamp",153,4.5,https://www.google.com/maps?cid=8021033371362768239,50.456403,4.1600844,https://tennispadelclubplainchamp.be/?fbclid=IwY2xjawH9uAtleHRuA2FlbQIxMAABHZwlt9Y0ADghLo7XAokZkf_vHFxOi9wc3epEyp4rE3_38lqOxAKLkps4HA_aem_xZewOjJYHR0UZLAwg_TCHQ,tennispadelclubplainchamp.be,https://lh3.googleusercontent.com/gps-cs-s/AG0ilSxJifq9433aYgREBWa7UvU2bpweLPT_kmg1u13mAikdewaL4eqqEdH0xoIKNGOqVPrErac_n-IL4QiSxiwZMy8AlL8opz_KN7UlhLhWSFmUqQGCJCfR-GmhE0LDe2lxHzSL4aaK,ChIJFbJJb-Y3wkcRb7Whn1pvUG8,padel
Deb'Ace,Ouderdomseweg 9A,8970 Poperinge,"Padel club, Bar",Europe/Brussels,+32 468 27 46 48,"0468 27 46 48, +32 468 27 46 48",Deb'Ace (Owner),info@debace.be,instagram: https://www.instagram.com/debace_,4,5,https://www.google.com/maps?cid=15878271547538554608,50.8453937,2.7415148,https://www.debace.be/,debace.be,https://lh3.googleusercontent.com/p/AF1QipMWDvTFISRgJzDE-7aAxcUr-6CZHPfQWsGkctCf,ChIJ2--UmTnF3EcR8D46htjzWtw,padel
Velina Complex SA,Hogeweg 139,9500 Geraardsbergen,Tennis club,Europe/Brussels,+32 54 41 58 27,"054 41 58 27, +32 54 41 58 27",Velina Complex SA (Owner),,,96,4.2,https://www.google.com/maps?cid=10285771453179666228,50.7634725,3.8535482,https://www.tcvelina.com/,tcvelina.com,https://lh3.googleusercontent.com/gps-cs-s/AG0ilSwmx4-YZYA6S7sS8DbPFpXrcwIJNitPQ1D_9kblPlAuZmumw5XvItINA4fEJiDevghRFNV5kD5GLasCpTpb-oj4jspuvOUhSwYoFbHjl1tYOtFYxLcQGv1_cYLVcasRJKSIN4Q,ChIJncoIPWCow0cRNJ-g66Nmvo4,padel
Padel 2020,Stuypenberg 13,9406 Ninove,Padel club,Europe/Brussels,+32 496 73 71 25,"0496 73 71 25, +32 496 73 71 25",Padel 2020 (Owner),,"facebook: https://www.facebook.com/padel2020
instagram: https://www.instagram.com/club_padel2020",1,4,https://www.google.com/maps?cid=13125307190562516703,50.8640362,3.9824377,https://www.padel2020.be/,padel2020.be,,ChIJ7TUcAQCjw0cR3-5bVVl1JrY,padel
TC Kenta | Tennis & Padel,Paddestraat 40,9340 Lede,Tennis club,Europe/Brussels,+32 485 72 37 82,"0485 72 37 82, +32 485 72 37 82",TC Kenta | Tennis & Padel (Owner),info@kentalede.be,"facebook: https://www.facebook.com/KentaTennisPadel
instagram: https://www.instagram.com/kenta_tennis_padel",124,4.4,https://www.google.com/maps?cid=13313403494465284113,50.9855842,4.0116295,http://kentalede.be/,kentalede.be,https://lh3.googleusercontent.com/gps-cs-s/AG0ilSyOF9oqipdo2HXjGpo7xILdYO5rR4vmDoBYaKt-yKsoqKqumPZR3beVyBPiNIk6lMD4txRiZtpgR-N1k94E3R_M0XzsOlexLsL_4GegM__YuSrAkUD5r4TCeKnFkZnmUYpHBu9C,ChIJ_TEay8yZw0cRESgM1_C1wrg,padel
Padel houthulst,Jonkershovestraat 101R,8650 Houthulst,Sports club,Europe/Brussels,,,Padel houthulst (Owner),,,,,https://www.google.com/maps?cid=2727196182765498490,50.9715642,2.9342522,,,,ChIJKTadWADJ3EcRevCJmnry2CU,padel
Terrain de Padel Tennis,Rue du,Av. du Parc des Sports,"Tennis club, Padel court",Europe/Paris,,,Terrain de Padel Tennis (Owner),contact@tcapm.fr,"instagram: https://www.instagram.com/tennismazamet,https://www.instagram.com/tennispadelmazamet,https://www.instagram.com/p
twitter: https://x.com/tcapm81
youtube: https://www.youtube.com/channel/UCGWX3nA_HIUmefcckSadNZA",,,https://www.google.com/maps?cid=3936792659239764151,50.6817459,3.2110389,https://www.tcapm.fr/,tcapm.fr,https://streetviewpixels-pa.googleapis.com/v1/thumbnail?panoid=UQ1d0iZ7ZrAh2conn4xeog&cb_client=search.gws-prod.gps&w=80&h=92&yaw=200.21921&pitch=0&thumbfov=100,ChIJ4zKpTVsnw0cRtwBayBBMojY,padel
Ter Eiken Padel en Squash Lede,Grote Steenweg 304,9340 Lede,Sports club,Europe/Brussels,+32 3 457 42 47,"03 457 42 47, +32 3 457 42 47",Ter Eiken Padel en Squash Lede (Owner),,,8,4.6,https://www.google.com/maps?cid=6326486485178725278,50.9540978,3.9191064,https://www.tereiken.be/,tereiken.be,https://lh3.googleusercontent.com/p/AF1QipNzVN1oxHNb22e0366XUdRFNrTonSVle9I-S-kU,ChIJw9GtUcafw0cRnjNjafAxzFc,padel
Tennis & Padel Club Merelbeke,Sportstraat 7,9820 Merelbeke-Melle,Tennis club,Europe/Brussels,+32 9 231 18 42,"09 231 18 42, +32 9 231 18 42",Tennis & Padel Club Merelbeke (Owner),secretariaat@tcmerelbeke.be,"facebook: https://www.facebook.com/TennisClubMerelbeke,https://www.facebook.com/Maranni-1733537370220812
instagram: https://instagram.com/tc_merelbeke",176,4.4,https://www.google.com/maps?cid=14131875975016150476,50.9964615,3.7419921,http://www.tcmerelbeke.be/,tcmerelbeke.be,https://lh3.googleusercontent.com/gps-cs-s/AG0ilSzNHop5An1WSMa0E6fCtprMgCGNuvcIBGnryZR4yKn5sm8hziKoBqoKLXG-T5UC5u4RmWVw2lkhq9k_f7yarsgw1TUD4HkDU9W4A32uqe7xpaeFtWNPoh4n9AT5R2hgWffcIkA,ChIJfayOqX10w0cRzPW2TFOCHsQ,padel
Venga Padel,Groteweg 521,9500 Geraardsbergen,Sports club,Europe/Brussels,+32 476 42 04 45,"0476 42 04 45, +32 476 42 04 45",Venga Padel (Owner),,,,,https://www.google.com/maps?cid=11056772354570766343,50.7489513,3.8464869,,,https://lh3.googleusercontent.com/p/AF1QipO4S2tbq1z5XTuvR1TspkZSXjwh2X0SvfbVBBMo,ChIJKXt5w4Spw0cRB8iMDOCLcZk,padel
Sportaculair Wielsbeke,Tumulusstraat 1,8710 Wielsbeke,Padel club,Europe/Brussels,,,Sportaculair Wielsbeke (Owner),wielsbeke@sportaculair.be,"facebook: https://www.facebook.com/people/BarBeke/61576106249419,https://facebook.com/SportaculairWielsbeke
instagram: https://www.instagram.com/_bar.beke_,https://instagram.com/SportaculairWielsbeke",6,3.7,https://www.google.com/maps?cid=13278717090213466858,50.905193,3.3720944,https://sportaculair.be/Wielsbeke,sportaculair.be,https://streetviewpixels-pa.googleapis.com/v1/thumbnail?panoid=hdsFc-Qy7jIYwSxVPnxOZg&cb_client=search.gws-prod.gps&w=80&h=92&yaw=248.357&pitch=0&thumbfov=100,ChIJk-4Bglo_w0cR6hIVA9d6R7g,padel
Vautour TC | Tennis & Padel,Rue de la Trondeloire 18A,7536 Tournai,"Tennis club, Padel club",Europe/Brussels,+32 69 21 51 33,"069 21 51 33, +32 69 21 51 33",Vautour TC | Tennis & Padel (Owner),,,117,4.4,https://www.google.com/maps?cid=17233131622661361632,50.5911714,3.4336408,http://www.vautour.be/,vautour.be,https://lh3.googleusercontent.com/gps-cs-s/AG0ilSwdQ3n1CQaDXa0Mzx1qluIiu7woiOyLQmovi9mwInoVl-9NWJsnZZpc6W_mS8jv15rzevMRqYijG2Q2Dzqc6ivtXMfJ3fLS7MZZIm-9Js2Et15dp3rgVOjnCVfkf-55_zNzZYM6,ChIJNbt741DgwkcR4A9I4OdhKO8,padel
Sport Club de l'Abbaye SPRL,Chem. des Peupliers 19,7800 Ath,Tennis club,Europe/Brussels,+32 68 28 71 33,"068 28 71 33, +32 68 28 71 33",Sport Club de l'Abbaye SPRL (Owner),,,94,4.3,https://www.google.com/maps?cid=16138997251003197865,50.637591,3.7775365,http://peupliers.tennisweb.be/,peupliers.tennisweb.be,https://lh3.googleusercontent.com/gps-cs-s/AG0ilSy82GFfpyI9l3LsrqLcQTmaGTY5TT2ek4UF5t25rNJv_ex7w3Ba9nY2pJXQZG-mByVZKxwXPDSX5fv1U46ZEYRUqnB0wILAp8_Z3SIYBWUakwt0-S6unDYYH6RHsXJh0KPkJ_Jn,ChIJ-XnysgsAw0cRqSkN4X08-d8,padel
TPS Club La Vénerie,Chau. de Ghislenghien 124,7830 Silly,"Sports club, Padel club, Tennis club",Europe/Brussels,+32 499 60 72 04,"0499 60 72 04, +32 499 60 72 04",TPS Club La Vénerie (Owner),info@tpsvenerie.be,,17,4.9,https://www.google.com/maps?cid=3358994242899698547,50.6249563,3.9696166,https://www.tpsvenerie.be/,tpsvenerie.be,,ChIJ4TnoaZetw0cRc2OemneLnS4,padel
Kain Tennis Club | Tennis & Padel,Rue de Breuze 26/B,7540 Tournai,Sports club,Europe/Brussels,+32 69 21 47 29,"069 21 47 29, +32 69 21 47 29",Kain Tennis Club | Tennis & Padel (Owner),,,110,4.5,https://www.google.com/maps?cid=5632569478366785032,50.6268733,3.4064044,http://kaintennisclub.be/,kaintennisclub.be,https://lh3.googleusercontent.com/gps-cs-s/AG0ilSxtm_vsuBwihMNdxX4g5tvQXTmIYTD7ppcwq0VW0qhomg-xiAWIWztf_hlXcePJaECPG0tGTH77tSEul3eHC-Lc-azSdsp8sP_3AAlyy5bgFsV-3vqSTP8gzPqz2siRSjNm_3BM,ChIJrRSX7hzgwkcRCG7CEhnoKk4,padel
"Anybuddy, réserve un terrain de sport à la carte, à la cool !",29 Rue Brûle Maison,59000 Lille,Tennis club,Europe/Paris,,,"Anybuddy, réserve un terrain de sport à la carte, à la cool ! (Owner)",,"facebook: https://www.facebook.com/anybuddyapp
instagram: https://www.instagram.com/anybuddy_app
linkedin: https://www.linkedin.com/company/anybuddy
twitter: https://x.com/anybuddy_app",30,4.1,https://www.google.com/maps?cid=11296897348605243092,50.626168,3.0581745,https://anybuddyapp.com/,anybuddyapp.com,https://lh3.googleusercontent.com/p/AF1QipMFWnDBUkIJlvJa2wzKI8XdCoXg4UaBsEZcoBgc,ChIJfdfQY1zVwkcR1O6q90ikxpw,padel
tennispadel.fr - Magasin spécialisé tennis & padel,5C Rdpt des Ravennes,59910 Bondues,"Tennis store, Sporting goods store",Europe/Paris,+33 7 82 59 91 37,"07 82 59 91 37, +33 7 82 59 91 37",tennispadel.fr - Magasin spécialisé tennis & padel (Owner),guillaume@tennispadel.fr,"facebook: https://www.facebook.com/tennispadelfr
instagram: https://www.instagram.com/tennispadelfr
linkedin: https://www.linkedin.com/company/tennispadelfr",156,5,https://www.google.com/maps?cid=15477987484250308393,50.722405,3.1255324,https://www.tennispadel.fr/,tennispadel.fr,https://lh3.googleusercontent.com/p/AF1QipNVQKP_zzEeWCVReVTodEP7_FO5E2_Xt8a-eIaf,ChIJKzLw8v0ow0cRKX-ubJzbzNY,padel
EEG Padel,Gentse Steenweg 111,9620 Zottegem,Padel club,Europe/Brussels,,,EEG Padel (Owner),info@eegpadel.be,"facebook: https://www.facebook.com/tennisvlaanderen,https://www.facebook.com/padelvlaanderenofficial,https://www.facebook.com/pickleballvlaanderen
instagram: https://www.instagram.com/tennisvlaanderen,https://www.instagram.com/padelvlaanderen,https://www.instagram.com/pickleballvlaanderen
youtube: https://www.youtube.com/@padelvlaanderen,https://www.youtube.com/@PickleballVlaanderen",,,https://www.google.com/maps?cid=12409409561635283426,50.8714456,3.836976,https://www.tennisenpadelvlaanderen.be/nl/clubdashboard/over-club?clubId=1952898,tennisenpadelvlaanderen.be,https://lh3.googleusercontent.com/p/AF1QipNP1Lxb1btz8j6QIlMbutogAM_M0iGoppo34Pil,ChIJRT9orRahw0cR4mGbmT8UN6w,padel
TC Denderleeuw | Tennis & Padel,Walleken 6,9470 Denderleeuw,Tennis club,Europe/Brussels,+32 53 66 35 00,"053 66 35 00, +32 53 66 35 00",TC Denderleeuw | Tennis & Padel (Owner),"tennisschool@tcdenderleeuw.be,info@tcdenderleeuw.be",facebook: https://www.facebook.com/TennisclubDenderleeuw,43,4.5,https://www.google.com/maps?cid=688401072626794583,50.8839142,4.0690591,https://www.tcdenderleeuw.be/,tcdenderleeuw.be,https://lh3.googleusercontent.com/gps-cs-s/AG0ilSxopQCCH4Nh-7doJDSbvK97Od3w1dy9UVpzRs9eiQQpoZURvcL5xChnjH2mAO2vc0ToO1xf9gnef6o931TzSzVJKBgWHgcdsncokrNaLEzbkI4QNMibzeU9FtK2k65-dtcmIkyX,ChIJ8ZI9JV-8w0cRVwDr1CCxjQk,padel
Padel Galmaarden,1570 Pajottegem,Belgium,Sports club,Europe/Brussels,+32 54 89 04 00,"054 89 04 00, +32 54 89 04 00",Padel Galmaarden (Owner),,,,,https://www.google.com/maps?cid=12232098641034565308,50.7456534,3.9657724,https://galmaarden.zaalreservatie.be/,galmaarden.zaalreservatie.be,https://lh3.googleusercontent.com/gps-cs-s/AG0ilSzOzdLFTMwC0UnfVugIcpYeUMeHwqpGCpN1ay_LrF4b2GdckvX06P9e2QnfKTCcDd_17Gwb5kxTO6Iv_cnt7FzR54xpcxVDW8mgoLZYdxq2YqAf9-YNehQT2bNBDZ8Sg99P_HI9,ChIJadXusYuvw0cRvFZn1Ockwak,padel
Tennis- en padelclub d'Hoeve,Populierenlaan 37,8520 Kuurne,"Tennis club, Lawn bowls club, Padel club",Europe/Brussels,+32 476 74 90 72,"0476 74 90 72, +32 476 74 90 72",Tennis- en padelclub d'Hoeve (Owner),tcdhoeve@gmail.com,"facebook: https://facebook.com/tennisclub.dhoeve
instagram: https://instagram.com/tennis_padel_dhoeve_kuurne",16,4.5,https://www.google.com/maps?cid=15118894437772104652,50.859692,3.2767501,https://www.tcdhoeve.be/,tcdhoeve.be,https://lh3.googleusercontent.com/gps-cs-s/AG0ilSwRR7B7wTFJqBhCSf5BeMciaBxVvlQAsOtPQ9AS5_qpy2N9mjaU4YdGf2ZJaJjiq2i3is88qm0pLYl1MfBA289CCjPU3s1eAxYfaYHYzYSaBljjvx0DHZdLH7C-QOsTlZvC2ijv,ChIJP-8wM7Q7w0cRzBMJSGMa0dE,padel
Wam,PARC D'ACTIVITÉ DU CHAT,75 Rue Marie Curie,"Squash club, Badminton court, Padel club, Padel court, Sporting goods store, Squash court",Europe/Paris,+33 3 20 42 20 42,"03 20 42 20 42, +33 3 20 42 20 42",Wam (Owner),accueil@lewam.com,"facebook: https://www.facebook.com/LEWAM
instagram: https://www.instagram.com/wamclub",453,4.5,https://www.google.com/maps?cid=17035976827992959412,50.67831,3.0477494,http://www.lewam.com/,lewam.com,https://lh3.googleusercontent.com/gps-cs-s/AG0ilSxG2RWeqNo69qf8vnDPYREXUKgiEVGWYzIE_1p67tP8Ebjk9mnY49hW1sxcMVhKayzIu62e-n5_K3ZxHtJbW_bjQ3yfY4IIlcLqsgmqcdyRmYnjaNO4GkUC1r8_yx9kn2FdwNjO,ChIJG9bb-fwqw0cRtGlOIqrya-w,padel
Tenniscentrum De Snas | Tennis & Padel,Affligemdreef 185,9300 Aalst,"Sports club, Tennis court",Europe/Brussels,+32 53 78 58 98,"053 78 58 98, +32 53 78 58 98",Tenniscentrum De Snas | Tennis & Padel (Owner),tc.desnas@telenet.be,,52,4.3,https://www.google.com/maps?cid=17773583460892054468,50.9349797,4.0859691,https://tcdesnas.be/,tcdesnas.be,https://lh3.googleusercontent.com/gps-cs-s/AG0ilSweeBGVsSy7dtLRsMYz_AYG81qBMLcJBfBmUUKCQuOw_biPfZzLnBqhD4SP-ab050HzGfKyhp2WzdzxBif4MOmkvABkHntdCwu0rQnAjstqqqMnaRh6Bq7I6d-PK0MxbTFc2JdDXQ,ChIJZdVOn4a9w0cRxJM6PP1zqPY,padel
Tennis Padel Club de Gondecourt,2 Rue Joseph Poissonnier,59147 Gondecourt,Tennis club,Europe/Paris,+33 9 51 98 50 84,"09 51 98 50 84, +33 9 51 98 50 84",Tennis Padel Club de Gondecourt (Owner),,"facebook: https://www.facebook.com/tcgondecourt
instagram: https://www.instagram.com/lesage_fils
twitter: https://x.com/FFTennis",45,4.4,https://www.google.com/maps?cid=11459359717299366627,50.5414871,2.990327,https://tcgondecourt.fr/,tcgondecourt.fr,https://lh3.googleusercontent.com/gps-cs-s/AG0ilSybizD9VcaBgbd2rRKqAF8UuDeBTxc6Ig23ISbOpYH_yblpfw6gxm0ZByS2OvveX533CmU_cD9jdbIv4GodOg5eIFZKrgHRIVJhuWsmuqYQ7-CR-4sbV8emR0s6ZyvBBrhJ4Y-EPA,ChIJ86u-k7Qs3UcR46oM1_LSB58,padel
Sivry Rance Padel Club,6470 Sivry-Rance,Belgium,Sports club,Europe/Brussels,,,Sivry Rance Padel Club (Owner),,,16,4.8,https://www.google.com/maps?cid=16433248654578259474,50.1689128,4.1818088,,,https://lh3.googleusercontent.com/gps-cs-s/AG0ilSxieSQ_34t24wEuxUMqqciNbw-GuM-UKG9yqxUNghoH8M1nyFSC2_xITE7zPNcwmp_lNX5s7FVk4CQeUeLc1bWl5eUCUijeGHKKE6jULEgIa8RzjUfuTu133sgPT-GZUDtEfdMx1g,ChIJNeQK1SMTwkcREpbNkZWgDuQ,padel
Acasa Padel Laarne,Lange Meire 56,9270 Laarne,Athletic club,Europe/Brussels,,,Acasa Padel Laarne (Owner),info@acasapadel.be,"facebook: https://facebook.com/acasapadellaarne
instagram: https://instagram.com/acasa_padel_laarne",69,4.6,https://www.google.com/maps?cid=9406541630884864134,51.0299873,3.8691859,http://www.acasapadel.be/,acasapadel.be,https://lh3.googleusercontent.com/p/AF1QipNhDa6ii6CSlClvLC4SWjFLBDTNoFyJiSUyDgxe,ChIJO-kcDtKfw0cRhuDQeca_ioI,padel
Tenniscentrum Hof Ter Burst,Hof-ter-Burstbaan 13,9280 Lebbeke,Tennis club,Europe/Brussels,+32 472 01 40 40,"0472 01 40 40, +32 472 01 40 40",Tenniscentrum Hof Ter Burst (Owner),info@hofterburst.be,facebook: https://www.facebook.com/hofterburst,211,4.3,https://www.google.com/maps?cid=7874535439490499372,50.9833503,4.1479245,https://www.hofterburst.be/,hofterburst.be,https://lh3.googleusercontent.com/gps-cs-s/AG0ilSwFQpXSsFl_BnUS2xY8cZWUh3W36uCL4pYL4RosjjJSnq4s9m0nq9YZaUnlfJttOZeF0xqLWcTIkmmm21W2wX6vrNZTFEUPjJc2tXLPncDESavUi48WypQaViudCBp_QIU5Fxw7,ChIJ8bsNvjOUw0cRLEMO2kL4R20,padel
Padelterreinen YoPadel bv,Centrumstraat 15 E,9870 Zulte,"Padel club, Construction company, General contractor",Europe/Brussels,+32 479 94 94 05,"0479 94 94 05, +32 479 94 94 05",Padelterreinen YoPadel bv (Owner),,facebook: https://www.facebook.com/YoPadel-Courts-457578731475927,4,3,https://www.google.com/maps?cid=12339544112570044465,50.935689,3.4666226,https://yopadel.be/,yopadel.be,https://lh3.googleusercontent.com/p/AF1QipPCqc4IPgETaQmsC3DdWuvYHmHUGO8wOa_GSb78,ChIJ7f1jU4YVw0cRMRAAIP7dPqs,padel
Royal Albert-Elisabeth Club Tennis Mons,Rue Valenciennoise 29,7000 Mons,Tennis club,Europe/Brussels,+32 65 35 43 97,"065 35 43 97, +32 65 35 43 97",Royal Albert-Elisabeth Club Tennis Mons (Owner),info@raect-mons.be,"facebook: https://www.facebook.com/people/Dadianabar-du-RAECT-Mons/100069072380373,https://www.facebook.com/raectmonstennisetpadel",95,4.4,https://www.google.com/maps?cid=8376704453854240685,50.458909,3.9657641,http://www.raect-mons.be/,raect-mons.be,https://lh3.googleusercontent.com/gps-cs-s/AG0ilSzgVOeAGBehMm77BzK7xQPlbDequoUZKVykPfoH-uTdYWliuJHRSJh8jch64iLrypVf0CW_FpLiL10wtwk_J_K1zAwEw2F-Uw8GJ2cZLEXF_ysCwzSyGp9aH0rgfoqaWpjgIupXEg,ChIJX9L5luRPwkcRrR9qsFEIQHQ,padel
TC DOUAI (TENNIS PADEL SQUASH BADMINTON),86 Rue de la République,59552 Lambres-lez-Douai,"Tennis club, Sports club",Europe/Paris,+33 3 27 87 48 09,"03 27 87 48 09, +33 3 27 87 48 09",TC DOUAI (TENNIS PADEL SQUASH BADMINTON) (Owner),,,42,4.2,https://www.google.com/maps?cid=944931502021888493,50.3547521,3.0742666,https://tenup.fft.fr/club/56590037?utm_source=gmb,tenup.fft.fr,https://lh3.googleusercontent.com/gps-cs-s/AG0ilSzEZ8j5v6ScXJq4mvD7dC-27aQcA0Hjnbpm3YlnMkWqXsulKSTO8uYkNSr_fC0S8RXcANrr0pd0bZ4h5awBE2JAjT9_AnXhZTJpFaBzYltkqa8lML05Aq0KMGRhAOC601Bx6eJF,ChIJ_fUbj7jJwkcR7UkX0zESHQ0,padel
WGTC | Tennis & Padel,Zuiderlaan 43,8790 Waregem,"Athletic club, Tennis club",Europe/Brussels,+32 9 388 89 56,"09 388 89 56, +32 9 388 89 56",WGTC | Tennis & Padel (Owner),,,5,4.8,https://www.google.com/maps?cid=3818250274769337292,50.882343,3.4325898,http://www.wgtc.be/,wgtc.be,https://lh3.googleusercontent.com/gps-cs-s/AG0ilSzW6VAIN2jkzy3iUbpZU0e-nbnFq6u2dhUVJB5qdhJIZ5rrmEaDZWiPO3LdOXqdze3hQGc3Omm3WOTkxuamaycq01m7nHDAL-cIhbqllmumukbkYyQ2sLQIoHXaIjMA5vGlw1Re,ChIJF6prAKYVw0cRzPspG2Um_TQ,padel
Da Diana bar,Rue Valenciennoise 29,7000 Mons,"Tennis club, Padel court",Europe/Brussels,+32 483 23 98 57,"0483 23 98 57, +32 483 23 98 57",Da Diana bar (Owner),,,3,5,https://www.google.com/maps?cid=4663032040886772211,50.4589568,3.9657771,,,https://lh3.googleusercontent.com/p/AF1QipNfUgcnnaD6D7M5qiYUb-xai9EWz2Mrhh0Zy_28,ChIJZZXJheFPwkcR8yFSde9qtkA,padel
Tennisclub Roeselare | Tennis & Padel,Langebrugstraat 3,8800 Roeselare,Sports complex,Europe/Brussels,+32 51 22 03 03,"051 22 03 03, +32 51 22 03 03",Tennisclub Roeselare | Tennis & Padel (Owner),roeselare@arenal.be,"facebook: https://www.facebook.com/ArenalRoeselare
instagram: https://www.instagram.com/arenalroeselare",111,4.3,https://www.google.com/maps?cid=1715242600399310120,50.9444541,3.1397447,http://roeselare.arenal.be/,roeselare.arenal.be,https://lh3.googleusercontent.com/p/AF1QipM37Qtj3FXAnReLF8TfQ5FW6Ex4s4HmTzVXZCK5,ChIJSc2wH3Q2w0cRKA1rrA7EzRc,padel
T.C. Vichte | Tennis & Padel,Ommersheimplein 4,8570 Anzegem,Sports club,Europe/Brussels,+32 56 77 42 41,"056 77 42 41, +32 56 77 42 41",T.C. Vichte | Tennis & Padel (Owner),info@tcvichte.be,"facebook: https://www.facebook.com/tcvichte
instagram: https://www.instagram.com/tennis.padel.vichte",31,4.7,https://www.google.com/maps?cid=9724229508851356839,50.8381462,3.399333,http://www.tcvichte.be/,tcvichte.be,https://lh3.googleusercontent.com/gps-cs-s/AG0ilSzuCLewrUx_MUG-vn3DWxfHOZTpT_r2D6buqXAUL1azaLuQoXXuSQhGWN__iyUrtYxJL4lMDWoR5XSRJl2orDcSeu6gND3S6pyTqWZJmPCpisAAqmZCepunzEnerOvNnf5yTtuD,ChIJfQiciYI9w0cRp9R0lTdn84Y,padel
Vision 21 | Fitness & Padel,Vierwegstraat 194,8800 Roeselare,"Gym, Boxing club, Padel club, Sports complex, Squash club",Europe/Brussels,+32 51 20 20 30,"051 20 20 30, +32 51 20 20 30",Vision 21 | Fitness & Padel (Owner),info@vision21.be,"facebook: https://www.facebook.com/vision21rsl
instagram: https://www.instagram.com/vision21rsl
youtube: https://www.youtube.com/channel/UCUnMpDvaQBxYle_RwGYF-5A",350,4.6,https://www.google.com/maps?cid=5103727301197028190,50.9513885,3.1540873,http://www.vision21.be/,vision21.be,https://lh3.googleusercontent.com/gps-cs-s/AG0ilSwsJFd8Boo5JJL9SyWZuaaflFcy11De8qOjok8peFe5aUr4EnVmvKFGNGidCqLknd4-pyih1kvkak6WB5FFu2hymNFeL1uO9OMQHE7gdSF_Hr-zRykOW12hML3kaJO7DjJ4rk-H,ChIJOUpXihQ2w0cRXttPkvAU1EY,padel
Livinus Planet,Polbroek 62 B,9520 Sint-Lievens-Houtem,Athletic club,Europe/Brussels,+32 499 46 85 95,"0499 46 85 95, +32 499 46 85 95",Livinus Planet (Owner),play@livinus-planet.be,"facebook: https://www.facebook.com/LivinusPlanet,https://www.facebook.com/goudenleeuwhoutem
instagram: https://www.instagram.com/livinusplanet",43,4.7,https://www.google.com/maps?cid=5485363282350111437,50.9157298,3.8495211,http://www.livinus-planet.be/,livinus-planet.be,https://lh3.googleusercontent.com/p/AF1QipPKJBMjAAh_x2v3mLzx1J_tR1y0csz4RM54h_wS,ChIJs49VSS6hw0cRzfpytNfsH0w,padel
TC Rumbeke | Tennis & Padel 🎾🥎,Wervikhovestraat 7,8800 Roeselare,Tennis club,Europe/Brussels,,,TC Rumbeke | Tennis & Padel 🎾🥎 (Owner),,,55,4.5,https://www.google.com/maps?cid=16950656584699410423,50.9276036,3.1579723,https://www.tcrumbeke.be/,tcrumbeke.be,https://lh3.googleusercontent.com/gps-cs-s/AG0ilSzPtwVyJZix-V63Uj9FKpkK57xbBZr7DOs_pUl_PKJnIEsRM-lePUVshD4H50pr3ILqlgX5e830GteVMIYmgWEfWDD9MvPe7Yl94m0hELRywvKGiwviEluSyieGkqNP89Kr1FAdSA,ChIJ58OlbvU2w0cR9_ek-FrUPOs,padel
KDTC | Tennis & Padel,Kouterlosstraat 125,9800 Deinze,Tennis club,Europe/Brussels,+32 9 386 20 60,"09 386 20 60, +32 9 386 20 60",KDTC | Tennis & Padel (Owner),"club@kdtc.be,tennisschool@kdtc.be,sponsoring@kdtc.be",,62,4.4,https://www.google.com/maps?cid=703315124772710213,50.9788322,3.5460403,http://www.kdtc.be/,kdtc.be,https://lh3.googleusercontent.com/gps-cs-s/AG0ilSwZepMpHDMNIo8rWsqc2YK67cHRkhOUSSWlfel9Jc1Bxnfj1bOQgWBNMezQY4zWwu-Sb_1KlbP_gj79chp4_4OLAIOk8yLaqFc6CmGKWaa3AhoEb4dm1p5fdZLcQQTE4BLasvHr,ChIJ9fNmC71sw0cRRac8MWGtwgk,padel
"TC Olympos | Tennis, Padel & Fitness",Ten Brielensesteenweg 55/A,8940 Wervik,"Tennis club, Padel club",Europe/Brussels,+32 479 85 06 19,"0479 85 06 19, +32 479 85 06 19","TC Olympos | Tennis, Padel & Fitness (Owner)",info@tcolympos.be,"facebook: https://www.facebook.com/TC-Olympos-598032034012675
instagram: https://www.instagram.com/Olympos_tp",88,4.7,https://www.google.com/maps?cid=5446890477520469493,50.7825677,3.0258383,http://www.tcolympos.be/,tcolympos.be,https://lh3.googleusercontent.com/gps-cs-s/AG0ilSwEcTV--S69MzXNNWq7oXsztIS4qPARqGcsO8mJ3cf_bEte-HDYl-eAiWVl8XTU7aWtoIsldeIT5p-5vQ_xbYtUVnaMyd_DBB0h5tLy81UTQ6Qi5-bDXXG885aIRAD7kpl4y_6F,ChIJC3JM5TYtw0cR9b0Qywc-l0s,padel
Tennisclub Beukenhof | Tennis & Padel,Langestraat 12,9300 Aalst,Tennis club,Europe/Brussels,,,Tennisclub Beukenhof | Tennis & Padel (Owner),yannick@tennisschool-aalst.be,"facebook: https://www.facebook.com/tennisschoolaalst
instagram: https://www.instagram.com/tennisschool_aalst",75,4.3,https://www.google.com/maps?cid=8582042669566018599,50.9427203,4.0607772,https://www.tennisschool-aalst.be/,tennisschool-aalst.be,https://lh3.googleusercontent.com/gps-cs-s/AG0ilSy41vywrdaOz1cdHGvNOGxNbYEW2-8qCx3BXhjn0hcDHN5OYPO_6fMSyx1S9gupc3N_w_5TyTUEt3IGEgFqeCWHwRV0PIMmPJUg9fJF-FZ-pU8rLjPj1xNBmxx2nQb5QKTfoxUgwA,ChIJHQvgVH29w0cRJ0S6nlaKGXc,padel
Tennisclub Leiemeers Kuurne | Tennis & Padel,Lt.-Gen. Gérardstraat 62,8520 Kuurne,Tennis club,Europe/Brussels,+32 56 72 79 75,"056 72 79 75, +32 56 72 79 75",Tennisclub Leiemeers Kuurne | Tennis & Padel (Owner),,,200,4.1,https://www.google.com/maps?cid=14468228681283784575,50.8470306,3.2883501,http://www.tcleiemeers.be/,tcleiemeers.be,https://lh3.googleusercontent.com/gps-cs-s/AG0ilSxhxBZA4j_pONJututVpV1nBX3jzO0rv6D1PoAS99rHbgP4qc9zcGDKiGzoLT2ePCNDNrW9vYS3Khvmhqsj_5HtxxUStQ2Gfzr6Vvz64PUBNXS8rwjqeqVRnxaL8Z4g-bmX-_0uWA,ChIJLbFWTKI7w0cRf88JZVR5ycg,padel
Tennis Squash Badminton Padel Valenciennes,4 Rue de l'Oiseau-Blanc,59300 Valenciennes,"Sports complex, Badminton club, Padel club, Restaurant, Squash club, Tennis club",Europe/Paris,+33 3 27 46 14 03,"03 27 46 14 03, +33 3 27 46 14 03",Tennis Squash Badminton Padel Valenciennes (Owner),tsbv@tsbvalenciennes.com,facebook: https://www.facebook.com/tsbv.valenciennes,210,4.6,https://www.google.com/maps?cid=7612264946714426198,50.3483686,3.5292063,http://www.tsbvalenciennes.com/,tsbvalenciennes.com,https://lh3.googleusercontent.com/gps-cs-s/AG0ilSwqv2DUPcqpzzJZDraih7YJxjs2cdMphLIE_01I93nomhN-RkwfZcaoSM1p4h-h2MRvpk5SvMcFN0_Gab0mR-hofa97xQfE3zoUMrknf9DyVCcutbk3WPjoMI_DPPsDJNkbQix1-Q,ChIJpTd6bZftwkcRVjsSNaMypGk,padel
Tennis Club Park | Tennis & Padel,Spinstersstraat 117,9600 Ronse,Sports club,Europe/Brussels,+32 479 49 97 85,"0479 49 97 85, +32 479 49 97 85",Tennis Club Park | Tennis & Padel (Owner),info@tcpark.be,"facebook: https://www.facebook.com/TennisclubPark
instagram: https://www.instagram.com/tennisclub_ronse",60,4.2,https://www.google.com/maps?cid=12227447868713985771,50.7503753,3.5879403,https://www.tcpark.be/,tcpark.be,https://lh3.googleusercontent.com/gps-cs-s/AG0ilSyIGHd_bi_Pha-YwP2FLZrAvlMzWa-qqPusiU9Pf3XDnKxey1DTBrSY4PppsTy0wiPP_Zx-6j2bErwobtUxwUG6ornSy4vvZirRmXdmJZoImhVJP4HVIsfoHmc9kvFlsc5gbMI,ChIJMYJzGNgaw0cR6-ZNhA2fsKk,padel
Tennisclub Isis | Tennis & Padel,Kokelarestraat 115,8870 Izegem,Sports club,Europe/Brussels,+32 51 30 29 95,"051 30 29 95, +32 51 30 29 95",Tennisclub Isis | Tennis & Padel (Owner),info@ktc-isis.be,"facebook: https://www.facebook.com/KTC.ISIS
instagram: https://www.instagram.com/ktc_isis",133,4.3,https://www.google.com/maps?cid=365934653198125704,50.9088687,3.1861948,http://www.ktc-isis.be/,ktc-isis.be,https://lh3.googleusercontent.com/gps-cs-s/AG0ilSwpU3sVhx-CrMYECB1wkljGZNqX5L5PY8ySx9JRYD2vTdgLno6nyoquuU_IvkaIbV42n3w14YiK1BcyLtwzble-jcUxiu7vmsnMBwvb7i3qRAsq4EGzrNQWUIRnsGQBGoUCIXg,ChIJ3w6RbRk3w0cRiErh1qAPFAU,padel
Casa des Aviateurs,Rue d'Ath 35,7950 Chièvres,Padel court,Europe/Brussels,+32 498 54 79 02,"0498 54 79 02, +32 498 54 79 02",Casa des Aviateurs (Owner),simon@ballejaune.com,facebook: https://www.facebook.com/casadesaviateurs,26,4.6,https://www.google.com/maps?cid=10420323027765781946,50.590651,3.8078412,https://ballejaune.com/club/casadesaviateurs,ballejaune.com,https://lh3.googleusercontent.com/gps-cs-s/AG0ilSz2_TcHoaXh6Li9zHNGW1JixGuyVYwJp8rAKjEJQ36pXaV6vZWVKgYC3To25Hu6cPEWu71pmg6tw-j5PQfahtiVEUcqRL1owf0zeXNdfFf35w_Gznr8IcRipwkTMCyK4bsiFdo,ChIJh6GHAgVVwkcRumXNopVsnJA,padel
KGTC Zwevegem | Tennis & Padel,Bekaertstraat 11,8550 Zwevegem,Tennis club,Europe/Brussels,+32 56 75 62 88,"056 75 62 88, +32 56 75 62 88",KGTC Zwevegem | Tennis & Padel (Owner),info@kgtczwevegem.be,"facebook: https://www.facebook.com/kgtcflow,https://www.facebook.com/groups/246886605448808",100,4.5,https://www.google.com/maps?cid=3989045757043467812,50.8165867,3.3338576,http://www.kgtczwevegem.be/,kgtczwevegem.be,https://lh3.googleusercontent.com/gps-cs-s/AG0ilSzZOYq4slHTUQKCRibibu5lME23cnpTawCjh80GXQ8eYGnr6ZDcRNxc0rYtvo7dhJ2cyBXNCXTjLFPinov5YQlQNsW-BuUL87RBWPF_DaAvM_sPx8XXd2BLYtqo5Ppr8qpi6x0,ChIJP5u-fL48w0cRJOZaLfvvWzc,padel
TC Players | Tennis & Padel,Okegembaan 212,9400 Ninove,Tennis club,Europe/Brussels,+32 54 32 15 21,"054 32 15 21, +32 54 32 15 21",TC Players | Tennis & Padel (Owner),playerstennispadel@gmail.com,,93,4.4,https://www.google.com/maps?cid=6491600722044446256,50.8510845,4.0410845,http://www.tcplayers.be/,tcplayers.be,https://lh3.googleusercontent.com/gps-cs-s/AG0ilSxZf-JdBauoHuOb5cPSkye1lfSJDQpOszX-WWNhzACPAxtp7qRtjN9XweV4rZQb_R1yN3hnfNRCace9ke1iQz1zVyQSlWMreA4RAHDoRh2xzeQyvDzVAZl7WjBAOFcCKTn4abk,ChIJHbId1mW7w0cRMOYgdXbMFlo,padel
TC Sterrenbos | Tennis & Padel,Drapstraat 119b,9810 Nazareth-De Pinte,"Tennis club, Sports club, Sports complex, Tennis",Europe/Brussels,+32 9 385 77 45,"09 385 77 45, +32 9 385 77 45",TC Sterrenbos | Tennis & Padel (Owner),"info@tcsterrenbos.be,academy@tcsterrenbos.be","facebook: https://www.facebook.com/TCSterrenbos
instagram: https://www.instagram.com/tcsterrenbos
twitter: https://www.twitter.com/tcsterrenbos",55,4.3,https://www.google.com/maps?cid=1338015272135951707,50.9583819,3.6117547,http://www.tcsterrenbos.be/,tcsterrenbos.be,https://lh3.googleusercontent.com/gps-cs-s/AG0ilSxQaawPHhQwzNV7hEx8UhkBpDb1sz71fXLj24mS5H6wtllbXfh-TaLF5sYbGPyN7-Z6bCAtDRYl9GPPxziWK6pn1hN3sCIwvnoKsKLG3Wm43r63UTpHBUmVJ6xEjmqiZF4QyZTl,ChIJFWo780ttw0cRWwW2B82VkRI,padel
Anzegemse Tennisclub,Landergemstraat 1,8570 Anzegem,"Padel court, Tennis court",Europe/Brussels,+32 56 68 02 02,"056 68 02 02, +32 56 68 02 02",Anzegemse Tennisclub (Owner),info@tcanzegem.be,"facebook: https://www.facebook.com/atcanzegem
instagram: https://www.instagram.com/anzegemsetennisclub
twitter: https://x.com/ATCAnzegem",28,4.1,https://www.google.com/maps?cid=11076540610750593297,50.8374369,3.4733477,http://www.tcanzegem.be/,tcanzegem.be,https://lh3.googleusercontent.com/p/AF1QipOr7gUJ9xOYUSSTmvKqHKg1afmaJfkhcroDh9Bc,ChIJ4wySpf0Ww0cRETn62__Gt5k,padel
Sportaculair Shop,Heidestraat 74,1742 Ternat,"Store, Padel club",Europe/Brussels,,,Sportaculair Shop (Owner),hallo@sportaculair.shop,"facebook: https://www.facebook.com/Sportaculair.Shop
instagram: https://www.instagram.com/Sportaculair.Shop",2,5,https://www.google.com/maps?cid=4467053022202756787,50.8695622,4.1421901,https://www.sportaculair.shop/,sportaculair.shop,https://lh3.googleusercontent.com/p/AF1QipMsTa4qRrLn11eEzRiRKj3MHed6LRU15FiMTcLO,ChIJgeGNmZu_w0cRs_46ZQ4p_j0,padel
TC Zottegem | Tennis & Padel,Bevegemstraat 1,9620 Zottegem,Tennis club,Europe/Brussels,+32 9 360 23 53,"09 360 23 53, +32 9 360 23 53",TC Zottegem | Tennis & Padel (Owner),,"facebook: https://www.facebook.com/tczottegem
instagram: https://www.instagram.com/padelzottegem",70,4.6,https://www.google.com/maps?cid=3113342470072564936,50.865918,3.8237213,http://www.tczottegem.be/,tczottegem.be,https://lh3.googleusercontent.com/gps-cs-s/AG0ilSyG2rdy7zURRduxPfuWiEHoS7cKePbC4QD7AHY8GgsCMFX07EjRVtye_0kldmN-HTZLwMTBdADryr8lnDiagWcxL_Pab8nz7lS5sSrqYMgI92VnmkeedyrMMIY2dMMcpK8nlqDZ,ChIJo-bkvlKnw0cRyPzPOHvQNCs,padel
Coach & Coördination Team BV,Oudburgweg 25,9830 Sint-Martens-Latem,Padel club,Europe/Brussels,+32 473 33 89 24,"0473 33 89 24, +32 473 33 89 24",Coach & Coördination Team BV (Owner),,,,,https://www.google.com/maps?cid=3994479324685773407,51.0176729,3.6465384,,,https://lh3.googleusercontent.com/p/AF1QipMaPtVFFSlbo4gfzpZjLbGkvBbRPDVqFvrh6fZk,ChIJ-R-gE-tzw0cRX6qJOsg9bzc,padel
Toulouse Padel Club & Squash,11 Rue Marie-Louise Dissard,31300 Toulouse,"Sports complex, Padel club, Squash club",Europe/Paris,+33 9 86 14 54 35,"09 86 14 54 35, +33 9 86 14 54 35",Toulouse Padel Club & Squash (Owner),toulousepadelclub@gmail.com,"facebook: https://www.facebook.com/Toulouse-Padel-Club-Squash-362706140597992
instagram: https://www.instagram.com/toulousepadelclub
twitter: https://x.com/padeltoulouse
youtube: https://www.youtube.com/channel/UCTasnJNXA_8rJKWHB4XztCQ",1121,4.7,https://www.google.com/maps?cid=5330085151135008978,43.6015083,1.366907,http://www.toulousepadelclub.com/,toulousepadelclub.com,https://lh3.googleusercontent.com/gps-cs-s/AG0ilSyjvRKLJn5A_pql1RSUo4aWGbn72vJMr0dfiL33D9Xm8O_0XqdZXTJdkr7ciMzYfi7gyhg1QcvEotu8oKXHfdSqCvMm0CV70nK6uX7crSrdYcZk2MwjtgwkJDfeKAsuBz0ICZUdAA,ChIJyZoOdJ26rhIR0oj8dzRE-Ek,padel
Padel Tolosa,55 Av. Louis Breguet,31400 Toulouse,Padel club,Europe/Paris,+33 6 73 61 05 45,"06 73 61 05 45, +33 6 73 61 05 45",Padel Tolosa (Owner),,"facebook: https://www.facebook.com/groups/324746811361833,https://www.facebook.com/Padeltolosa,https://www.facebook.com/sport.espaceindoor,https://www.facebook.com/people/Padel-Tolosa-Albi/100089565182613,https://www.facebook.com/padeltolosamontauban,https://www.facebook.com/sevensisterspub
instagram: https://www.instagram.com/padel_tolosa,https://www.instagram.com/padeltolosarodez,https://www.instagram.com/padeltolosaalbi,https://www.instagram.com/padeltolosacarcassonne,https://www.instagram.com/padeltolosamontauban",230,4.4,https://www.google.com/maps?cid=5901090984240576921,43.5781488,1.4762702,http://www.padeltolosa.fr/,padeltolosa.fr,https://lh3.googleusercontent.com/p/AF1QipNRM9ATpletuYjFXSCXkyk_TjAJJ6aFa5qE-8Rp,ChIJR6cDoeO9rhIRmXnrHvzi5FE,padel
4PADEL Toulouse-Colomiers,19 Av. Georges Guynemer,31770 Colomiers,"Sports club, Amusement center, Padel club, Recreation center, Sports bar, Tennis court, Tennis store",Europe/Paris,+33 5 61 16 06 06,"05 61 16 06 06, +33 5 61 16 06 06",4PADEL Toulouse-Colomiers (Owner),"annemasse@4padel.fr,argenteuil@4padel.fr,bordeaux@4padel.fr,boulogne-billancourt@4padel.fr,saint-denis@4padel.fr,challans@4padel.fr,creteil@4padel.fr,dunkerque@4padel.fr,epinay@4padel.fr,seclin@4padel.fr,limoges@4padel.fr,marville@4padel.fr,metz.sud@4padel.fr,montreuil@4padel.fr,mulhouse@4padel.fr,orleans@4padel.fr,paris20@4padel.fr,reims@4padel.fr,saint-louis@4padel.fr,sudreunion@4padel.fr,strasbourg@4padel.fr,colomiers@4padel.fr,vaires.torcy@4padel.fr,rouen@4padel.fr","facebook: https://www.facebook.com/4PADELFrance
instagram: https://www.instagram.com/4padel
linkedin: https://www.linkedin.com/company/groupelefive
twitter: https://x.com/4PADELFrance",304,4.7,https://www.google.com/maps?cid=13849227999784020403,43.6188031,1.3434,https://4padel.fr/,4padel.fr,https://lh3.googleusercontent.com/p/AF1QipPgZyWy7zOIsNO2PPjIfOc0EBpr_IjeKrteng-j,ChIJEQ_4HPCxrhIRsymFTH1XMsA,padel
Club On padel,465 Rue de l'Hers,31750 Escalquens,Padel club,Europe/Paris,+33 5 67 63 17 29,"05 67 63 17 29, +33 5 67 63 17 29",Club On padel (Owner),,"facebook: https://www.facebook.com/groups/350398311227875,https://www.facebook.com/people/On-Padel/100086149311805",28,4.8,https://www.google.com/maps?cid=12161661396224173119,43.5187891,1.5327805,https://onpadel.fr/,onpadel.fr,https://lh3.googleusercontent.com/p/AF1QipMR5ZFmR6odE2_gDso6KO7bbZ5gWc72nqsQ61F0,ChIJRTSsH3mVrhIRP-SFyJrmxqg,padel
Top Padel,1 Rue Isaac Newton,31830 Plaisance-du-Touch,Sports complex,Europe/Paris,+33 5 62 75 08 04,"05 62 75 08 04, +33 5 62 75 08 04",Top Padel (Owner),contact@toppadel.fr,"facebook: https://www.facebook.com/groups/1932488303813011
instagram: https://www.instagram.com/toppadel_toulouse",104,4.8,https://www.google.com/maps?cid=12790521587706747306,43.5968356,1.2892541,https://www.toppadel.fr/,toppadel.fr,https://lh3.googleusercontent.com/p/AF1QipOOE3PFK6KyHBFWyOapWWPaxIXOCb-tavhfByK4,ChIJjbACAw2xrhIRqtk5750PgbE,padel
Village Padel,Chem. de la Belle Gabrielle,82170 Grisolles,Padel court,Europe/Paris,+33 7 49 15 74 01,"07 49 15 74 01, +33 7 49 15 74 01",Village Padel (Owner),,,18,5,https://www.google.com/maps?cid=12688978396866152283,43.820459,1.2875232,https://villagepadel.fr/,villagepadel.fr,https://lh3.googleusercontent.com/gps-cs-s/AG0ilSz2Ke1PjZzMO8rPzODRRQlAWIIumqK_WfureVNs-MrSRYeT2Z-dAQDwYcOTWzSTYSo-_YXJcacXevzzscfpV9581fPREfjchO4D3gs_wfLdcSGD3QjzYCRThD4BhdLEEDYpEZs,ChIJmSCuf3kDrBIRWwfQc59OGLA,padel
Padel Tolosa Montauban,11 Rue Karl Marx,82000 Montauban,Padel club,Europe/Paris,+33 6 70 47 34 77,"06 70 47 34 77, +33 6 70 47 34 77",Padel Tolosa Montauban (Owner),,"facebook: https://www.facebook.com/groups/324746811361833,https://www.facebook.com/Padeltolosa,https://www.facebook.com/sport.espaceindoor,https://www.facebook.com/people/Padel-Tolosa-Albi/100089565182613,https://www.facebook.com/padeltolosamontauban,https://www.facebook.com/sevensisterspub
instagram: https://www.instagram.com/padel_tolosa,https://www.instagram.com/padeltolosarodez,https://www.instagram.com/padeltolosaalbi,https://www.instagram.com/padeltolosacarcassonne,https://www.instagram.com/padeltolosamontauban",97,4.8,https://www.google.com/maps?cid=16508500663689739390,44.0414276,1.3626989,https://www.padeltolosa.fr/,padeltolosa.fr,https://lh3.googleusercontent.com/p/AF1QipOpqK5ZTPvhXd_NA08s7Hcj9NFeR8b_d2leCSIO,ChIJNa83pakNrBIRfvyGSeP5GeU,padel
Padel Club Albigeois,3 rue Aimé Cathala,81990 Puygouzon,Padel club,Europe/Paris,+33 5 63 79 01 24,"05 63 79 01 24, +33 5 63 79 01 24",Padel Club Albigeois (Owner),,"facebook: https://www.facebook.com/search/top,https://www.facebook.com/padelclubalbi",66,4.7,https://www.google.com/maps?cid=8153439439378618794,43.8929373,2.1640911,https://www.casadepadel.fr/,casadepadel.fr,https://lh3.googleusercontent.com/p/AF1QipNtYEOGgChSHBCap7ieXyjG2qIOJC7MVZriJLaG,ChIJUR3mf5nnrRIRqpnSqfjVJnE,padel
Ariège Padel Club,2152 Chem. de Lasserre,09100 La Tour-du-Crieu,Sports complex,Europe/Paris,+33 6 38 41 17 42,"06 38 41 17 42, +33 6 38 41 17 42",Ariège Padel Club (Owner),"utilisateur@domaine.com,ariegepadelclub@gmail.com",instagram: https://www.instagram.com/ariege_padel_club,50,4.8,https://www.google.com/maps?cid=11241383489820316268,43.0985262,1.6812235,https://www.ariegepadelclub.fr/,ariegepadelclub.fr,https://lh3.googleusercontent.com/p/AF1QipN6HKyURz2_WnU8usG0NDR1D4Vwc887Pra_ETyC,ChIJk_eAlRQDrxIRbFKufrlqAZw,padel
Padel Tolosa Albi,24 Rue Evariste Galois,81000 Albi,Sports complex,Europe/Paris,+33 6 49 13 65 65,"06 49 13 65 65, +33 6 49 13 65 65",Padel Tolosa Albi (Owner),,"facebook: https://www.facebook.com/groups/324746811361833,https://www.facebook.com/Padeltolosa,https://www.facebook.com/sport.espaceindoor,https://www.facebook.com/people/Padel-Tolosa-Albi/100089565182613,https://www.facebook.com/padeltolosamontauban,https://www.facebook.com/sevensisterspub
instagram: https://www.instagram.com/padel_tolosa,https://www.instagram.com/padeltolosarodez,https://www.instagram.com/padeltolosaalbi,https://www.instagram.com/padeltolosacarcassonne,https://www.instagram.com/padeltolosamontauban",44,4.7,https://www.google.com/maps?cid=17862856125831426021,43.933464,2.1895017,https://www.padeltolosa.fr/,padeltolosa.fr,https://lh3.googleusercontent.com/p/AF1QipPu2DFx_F-L3shge1r2O7ZIm_C02U-r7_s_lOoH,ChIJ2_2QbHPprRIR5a8XRgGd5fc,padel
Stade Toulousain Padel,31200 Toulouse,France,Padel court,Europe/Paris,,,Stade Toulousain Padel (Owner),,,7,4.7,https://www.google.com/maps?cid=10047170534857805891,43.6222503,1.4118421,,,https://lh3.googleusercontent.com/gps-cs-s/AG0ilSxWo_NJq58bmCq2rcn69bGuGD8HQe9FUOfesrOhhZ5bhv1-eJmX7YzxuKNHjNaXggCkZKfdgpkkPtT4vzB4GOO-kw21xQwGkLSTq4nSL6-RkEyBfQ8Vn8dwlFunDX6uyRh3dIt7,ChIJve3RpkG7rhIRQ5D4h164bos,padel
Olympe Tennis Padel Club Toulouse,200 Rte de Blagnac,31200 Toulouse,Tennis club,Europe/Paris,+33 5 61 45 53 16,"05 61 45 53 16, +33 5 61 45 53 16",Olympe Tennis Padel Club Toulouse (Owner),,,100,4.6,https://www.google.com/maps?cid=2938867204791389140,43.6258027,1.402732,https://tenup.fft.fr/club/60310794,tenup.fft.fr,https://lh3.googleusercontent.com/gps-cs-s/AG0ilSy7_3ymrMGflJcTibIPsie6fh_spclmZPvrZH5uFRODDOM20TKE9-2JJ4SkewmL5I09JIAkJM0D36kiYhfIePBgSat74AbAZ8s3cpZMOW-rDp7GyElqv4lCrw4DYkrRjE7O_w8Zug,ChIJ-Z73zNW6rhIR1Mui5yb0yCg,padel
PADEL TOLOSA CARCASSONNE,341 Rue Vauban,11000 Carcassonne,"Sports club, Padel club, Recreation center, Sporting goods store, Sports complex",Europe/Paris,+33 6 31 26 01 28,"06 31 26 01 28, +33 6 31 26 01 28",PADEL TOLOSA CARCASSONNE (Owner),,"facebook: https://www.facebook.com/groups/324746811361833,https://www.facebook.com/Padeltolosa,https://www.facebook.com/sport.espaceindoor,https://www.facebook.com/people/Padel-Tolosa-Albi/100089565182613,https://www.facebook.com/padeltolosamontauban,https://www.facebook.com/sevensisterspub
instagram: https://www.instagram.com/padel_tolosa,https://www.instagram.com/padeltolosarodez,https://www.instagram.com/padeltolosaalbi,https://www.instagram.com/padeltolosacarcassonne,https://www.instagram.com/padeltolosamontauban",21,5,https://www.google.com/maps?cid=7230862263281231043,43.2332696,2.3188619,https://padeltolosa.fr/,padeltolosa.fr,https://lh3.googleusercontent.com/p/AF1QipPcWIxv9qSEW7wMJEbflFXWXpBuVmV_1d5UJTrW,ChIJu1PjEsQvrhIRw6Sn7uouWWQ,padel
CASTRES OCCITAN PADEL,Rue Marcel Burgun,81100 Castres,Tennis club,Europe/Paris,,,CASTRES OCCITAN PADEL (Owner),,,14,4.8,https://www.google.com/maps?cid=6069687418770370968,43.6308207,2.2618441,https://tenup.fft.fr/club/60810750?utm_source=gmb,tenup.fft.fr,https://lh3.googleusercontent.com/gps-cs-s/AG0ilSyntWiZwEc_m47Znp4DC7U9yhq2YVNGCzLXw5mZ4Xcfrz307kU14bEVxuYF5yPE1VI_kRP78vwntfeeeCwiugghjpEiZ3qU-6_UZjOYyS0-903WgO6Y6rDdd5QmTuGa7X60qFzc,ChIJhcxRtZ4PrhIRmDF3fYzcO1Q,padel
Oustal padel Carcassonne,2095 Bd François-Xavier Fafeur,11000 Carcassonne,"Sports club, Restaurant",Europe/Paris,+33 4 48 49 05 77,"04 48 49 05 77, +33 4 48 49 05 77",Oustal padel Carcassonne (Owner),"contact@gestion-sports.com,olivier@gestion-sports.com",,69,4.9,https://www.google.com/maps?cid=6843715892833314702,43.2125015,2.294595,https://play.google.com/store/apps/details?id=fr.gestionsports.oustapadel,play.google.com,https://lh3.googleusercontent.com/gps-cs-s/AG0ilSwguEKvXfU3wMEIDElKVUjM8XeCBu9qIZWDmmFCl2Ff5wy3rs75ms7w6GnjI-d3rgfehh9AozFefOkI69qL7iFwZSAi_EsaDOef3FfpvisDxavEx1M_8SNhOcJUWuwZrnyJNl4WkA,ChIJl95O-0ozrhIRjmcGUFjD-V4,padel
Padel Occitanie,6 Imp. Georges Courteline,82000 Montauban,"Padel club, Padel court",Europe/Paris,+33 5 63 91 89 34,"05 63 91 89 34, +33 5 63 91 89 34",Padel Occitanie (Owner),contact@sun-elec.fr,instagram: https://www.instagram.com/padeloccitanie,44,4.5,https://www.google.com/maps?cid=4541959407504485901,44.0326761,1.3720689,https://padeloccitanie.com/,padeloccitanie.com,https://lh3.googleusercontent.com/p/AF1QipOP89h220TNeSrbs_4_znKM_9puoOX9APPo7KoO,ChIJyW4_SicTrBIRDW6MTARICD8,padel
TOAC Padel,20 Chem. de Garric,31200 Toulouse,Sports club,Europe/Paris,,,TOAC Padel (Owner),toacpadel@gmail.com,,3,5,https://www.google.com/maps?cid=7304111810400846166,43.6219434,1.4100392,https://sites.google.com/view/toac-padel/accueil,sites.google.com,https://lh3.googleusercontent.com/p/AF1QipO2OV-6AloNTYna04WRFQZA1pTyFEOG6Hv0wkwW,ChIJ0Vj2kb67rhIRVoGtIv5qXWU,padel
Padel des Marcoujans,75 route de Lafitte,31430 Saint-Élix-le-Château,Padel court,Europe/Paris,+33 7 66 99 36 02,"07 66 99 36 02, +33 7 66 99 36 02",Padel des Marcoujans (Owner),dpo@ciup.fr,,6,5,https://www.google.com/maps?cid=10435483435141356204,43.2812596,1.1408531,https://toulousepadelclub.gestion-sports.com/connexion.php,gestion-sports.com,https://lh3.googleusercontent.com/p/AF1QipNq4-3bS2tjJdgKutiHI8SavWGNarndCNJZBNve,ChIJbQeju2YtqRIRrNoSC-VI0pA,padel
Paddle Plus,39 Chem. du Moulin de Naudin,31700 Blagnac,"Padel club, Volunteer organization",Europe/Paris,,,Paddle Plus (Owner),,,16,4.8,https://www.google.com/maps?cid=7375284565014405183,43.6522903,1.3880343,http://padel-plus.com/,padel-plus.com,https://lh3.googleusercontent.com/p/AF1QipOZTWeFyMS6ucs_T9oUHu9QON_6dxV0FrZ8xkFk,ChIJJXF-dRSlrhIRP-AaZzxGWmY,padel
Padel Time,ZI Lavigne,6 Voie Hélios,"Padel club, Badminton court, Bar, Pickleball court, Snack bar, Tapas bar",Europe/Paris,+33 5 61 99 30 58,"05 61 99 30 58, +33 5 61 99 30 58",Padel Time (Owner),contact@padel-time.fr,"facebook: https://www.facebook.com/padeltime31
instagram: https://www.instagram.com/padeltime31
linkedin: https://www.linkedin.com/company/padel-time",45,3.6,https://www.google.com/maps?cid=8895546542247815978,43.3658732,1.4485967,http://www.padel-time.fr/,padel-time.fr,https://lh3.googleusercontent.com/gps-cs-s/AG0ilSzSsYcefC9y0iQU_pWj1pETb3LZT3SQVZQMR4ANdOZUP17wvt8-M3_8cemwNsdYWzP0Hn9WsuIDK22wF6i3quhCBSMAJrfZn84MMSlz-4DN7CiUUoMRX7hcUpNzkJCp6c4u7-VZ,ChIJW5aT5FrDrhIRKquiFXNUc3s,padel
Padel eaunes,1220 Chem. des Bertoulots,31600 Eaunes,Padel court,Europe/Paris,,,Padel eaunes (Owner),,,6,4.7,https://www.google.com/maps?cid=9948250873242860087,43.435639,1.35807,https://www.instagram.com/padel_eaunes?igsh=MTk1MnFpaHhzczhyOQ==&utm_source=qr,instagram.com,https://streetviewpixels-pa.googleapis.com/v1/thumbnail?panoid=-QVyoGxKXTCnHI-XWsddfw&cb_client=search.gws-prod.gps&w=80&h=92&yaw=207.00801&pitch=0&thumbfov=100,ChIJDYkju5bJrhIRNzocDHZJD4o,padel
Domaine Padel Gaillac,75 Av. Charles de Gaulle,81600 Gaillac,Padel club,Europe/Paris,+33 6 50 03 91 79,"06 50 03 91 79, +33 6 50 03 91 79",Domaine Padel Gaillac (Owner),"utilisateur@domaine.com,domaine.padel.gaillac@gmail.com",instagram: https://www.instagram.com/domainepadelgaillac,4,5,https://www.google.com/maps?cid=713698340149100777,43.9092249,1.9176286,https://www.domainepadelgaillac.fr/,domainepadelgaillac.fr,https://lh3.googleusercontent.com/gps-cs-s/AG0ilSwR_-P6fFDFmO6mb6RyW21L4Hih4IHYxyGEVhnq5FhxpKfOjXFcuN1v1EyU1Bkx-xIeIa6vZl7_Y8r_0evFSshSrRbrVq2KK1oT1up562fxpl898rEROShFLW-IZ2tndEvtszb6BEW16aNp,ChIJ6c0yeyDTrRIR6YBf6duQ5wk,padel
Solsportif Padel,9 Av. du Pont Saint-Roch,81500 Lavaur,Padel court,Europe/Paris,+20 11 51902751,"011 51902751, +20 11 51902751",Solsportif Padel (Owner),contact@solsportifpadel.fr,"facebook: https://www.facebook.com/Solsportif-Padel-113876574633934,https://facebook.com/Sol-Sportif-1527776583930051
instagram: https://www.instagram.com/solsportifpadel",10,4.6,https://www.google.com/maps?cid=14475837166808560253,43.7014857,1.8215676,http://www.solsportifpadel.fr/,solsportifpadel.fr,https://lh3.googleusercontent.com/p/AF1QipMrdFhvqQDe68UFodSYfjAmhPNkhkFHgQFKXxDj,ChIJZfXJF4SBrhIRfXIF-jSB5Mg,padel
Padel In Graulhet,22 Chem. du Sirou,81300 Graulhet,Padel court,Europe/Paris,+33 7 82 08 88 30,"07 82 08 88 30, +33 7 82 08 88 30",Padel In Graulhet (Owner),"utilisateur@domaine.com,padelingraulhet@gmail.com",instagram: https://www.instagram.com/padel_in_graulhet,2,4.5,https://www.google.com/maps?cid=3540372778015441184,43.7614768,1.9727881,https://www.padelingraulhet.fr/,padelingraulhet.fr,https://lh3.googleusercontent.com/p/AF1QipOvVWB90Cp5sxkenRoPiHpsivkMobRsKoOYPwOk,ChIJi-vRdwB5rhIRIMESrkjuITE,padel
Padel and co,953 Chem. du Mercadel Bas,81710 Saïx,Sports club,Europe/Paris,+33 6 89 37 62 66,"06 89 37 62 66, +33 6 89 37 62 66",Padel and co (Owner),,,3,5,https://www.google.com/maps?cid=10280791280996949673,43.59152,2.154327,https://www.padelandco.fr/,padelandco.fr,https://lh3.googleusercontent.com/p/AF1QipM3KUaZoP1Kkk_EMDRcjjPpqCHfSsnoIY6PGDsP,ChIJhYIoDLgTrhIRqZ7BOTO1rI4,padel
Padel Campsas - Village Padel,82370 Campsas,France,Sports club,Europe/Paris,+33 6 08 71 95 92,"06 08 71 95 92, +33 6 08 71 95 92",Padel Campsas - Village Padel (Owner),,,5,5,https://www.google.com/maps?cid=16229318804903031847,43.8980536,1.3183267,https://villagepadel.fr/campsas,villagepadel.fr,https://lh3.googleusercontent.com/gps-cs-s/AG0ilSz-DaZBVZMgwEZkt27FRY-jbbWdZITvLVOxFjlZM2YePDeismER5pAmq5LQBkAWpr0-A3hOuc8N6Qz6aT77-vcB6ooHobx5fL5BpINSbVr2xmRo3lgfwksYvj5OWOhLUMF35Q1Q,ChIJGZpCLgAFrBIRJ_TPaHcfOuE,padel
Estan Padel,5075F Chem. de Marion,31800 Estancarbon,"Padel court, Padel club",Europe/Paris,+33 7 56 90 91 86,"07 56 90 91 86, +33 7 56 90 91 86",Estan Padel (Owner),contact@estanpadel.fr,"instagram: https://www.instagram.com/estan.padel
youtube: https://www.youtube.com/channel/UCQTpsdmPLVws4gQLNcy7pSA",4,5,https://www.google.com/maps?cid=7397527024158418983,43.109814,0.8013796,https://estanpadel.fr/,estanpadel.fr,https://lh3.googleusercontent.com/p/AF1QipM-PdbkbVx46BCE45jWm0UEnDYK5Yd4utNTQpY6,ChIJY3zI8_3jqBIRJ6hQe6JLqWY,padel
Padel Castanet,ZONE DE VIC,18 Rue des Transports,Padel court,Europe/Paris,,,Padel Castanet (Owner),,instagram: https://www.instagram.com/padelcastanet,5,4.8,https://www.google.com/maps?cid=15605505919640158513,43.5180909,1.5212498,https://padel-castanet.fr/,padel-castanet.fr,https://lh3.googleusercontent.com/p/AF1QipPNcmGnIxkcV9PBIWqcsw1ubaDG-ZZFr9iI1A-A,ChIJLWxqJNqVrhIRMUFo0PPkkdg,padel
PADEL GARONA,1 Rue Claude Chappe,31520 Ramonville-Saint-Agne,Padel club,Europe/Paris,+33 5 31 61 28 07,"05 31 61 28 07, +33 5 31 61 28 07",PADEL GARONA (Owner),contact@padelgarona.fr,"facebook: https://www.facebook.com/people/Padel-Garona/61563337907300
instagram: https://www.instagram.com/padelgaronatoulouse",16,4.5,https://www.google.com/maps?cid=15498026094041204706,43.5518116,1.4792627,https://www.padelgarona.fr/,padelgarona.fr,https://lh3.googleusercontent.com/p/AF1QipOvwMXI87_CV_fq26nAGxl3gE0DK86dkBPlQqsX,ChIJydKC2iy9rhIR4ocP154MFNc,padel
Stade Toulousain Tennis Padel,116 Rue des Troènes,31200 Toulouse,"Tennis club, Restaurant, Sports complex, Sports school",Europe/Paris,+33 5 34 40 24 24,"05 34 40 24 24, +33 5 34 40 24 24",Stade Toulousain Tennis Padel (Owner),contact@asttp.com,"facebook: https://www.facebook.com/stadetoulousaintennisclubofficiel
instagram: https://www.instagram.com/stade_toulousain_tennis_club
linkedin: https://www.linkedin.com/company/stade-toulousain-tennis-club",59,4.1,https://www.google.com/maps?cid=12515287753246286649,43.6216171,1.4136815,https://stadetoulousain-tennis-padel.com/,stadetoulousain-tennis-padel.com,https://lh3.googleusercontent.com/p/AF1QipN4mEN2UQJpvlTkgsuEuZ3lb8JVjBM2HSDoiVGZ,ChIJuQhqPTC7rhIROaMKGuc7r60,padel
UrbanPadel Toulouse - Sept Deniers,2 Rue de l'Égalité,31200 Toulouse,Padel club,Europe/Paris,+33 5 32 11 08 40,"05 32 11 08 40, +33 5 32 11 08 40",UrbanPadel Toulouse - Sept Deniers (Owner),,"facebook: https://www.facebook.com/UrbanPadel-112095204880843
instagram: https://www.instagram.com/urbanpadelfr",8,4.9,https://www.google.com/maps?cid=10473820016405928215,43.6321354,1.4123698,https://www.urbanpadel.fr/les-centres/toulouse-sept-deniers/,urbanpadel.fr,https://lh3.googleusercontent.com/p/AF1QipPSzURigyBqVmdRcoy4_2_a1b5AO13ZIbMAd5D2,ChIJhT4ryPWlrhIRF1lA7897WpE,padel
Open de France de Padel,16 Rue de Bayard,31000 Toulouse,Tennis club,Europe/Paris,+33 5 34 25 83 64,"05 34 25 83 64, +33 5 34 25 83 64",Open de France de Padel (Owner),,,,,https://www.google.com/maps?cid=683331974380355968,43.6086905,1.44783,,,https://streetviewpixels-pa.googleapis.com/v1/thumbnail?panoid=4lvzi8niY_qFTgrl3HXnGg&cb_client=search.gws-prod.gps&w=80&h=92&yaw=139.11137&pitch=0&thumbfov=100,ChIJq6pOUJ-8rhIRgIGbbM-uewk,padel
Club de l'Hers,23 Av. de la Marqueille,31650 Saint-Orens-de-Gameville,"Sports club, Badminton club, Children's amusement center, Soccer club, Tennis club",Europe/Paris,+33 5 61 39 10 00,"05 61 39 10 00, +33 5 61 39 10 00",Club de l'Hers (Owner),,facebook: https://www.facebook.com/padel.badminton.31,193,4.6,https://www.google.com/maps?cid=1643781958139658379,43.5619196,1.5271317,http://www.clubdelhers.fr/,clubdelhers.fr,https://lh3.googleusercontent.com/gps-cs-s/AG0ilSwZM0okJGac8on1BK25hLNbu2sOpgsZq8BDP9Vq_vTLrRyi0Y3Ge-CJbvtUPrmhxdU13cwf09H9qNvGUS0wbpadXY6BJnCTsuV6PeHgqgj5lNQpLqUiTcEgizVbLL3hCjchHqgU,ChIJEQnkIBCWrhIRi0AcV_vizxY,padel
club briolet padel tennis,Rue Al Parré,11570 Palaja,Club,Europe/Paris,,,club briolet padel tennis (Owner),,,6,5,https://www.google.com/maps?cid=3552360786213719164,43.1712693,2.3867065,,,https://streetviewpixels-pa.googleapis.com/v1/thumbnail?panoid=0ecMdrtoRWRrmnCVUTHQcw&cb_client=search.gws-prod.gps&w=80&h=92&yaw=356.49167&pitch=0&thumbfov=100,ChIJp5wv3RUrrhIRfMxLWFCFTDE,padel
Padel Karma,Bordeneuve,31560 Caignac,Padel club,Europe/Paris,+33 6 59 06 93 04,"06 59 06 93 04, +33 6 59 06 93 04",Padel Karma (Owner),,,,,https://www.google.com/maps?cid=17452385965304217050,43.326675,1.694716,,,https://lh3.googleusercontent.com/p/AF1QipMHx0tV-OQi5ysTiBtfZGkV5wMZgmC5zKMqJTTh,ChIJkQiMMYPxrhIR2n34mJFUM_I,padel
RacketZone32,53 Rte de Mirande,32230 Marciac,Padel court,Europe/Paris,+33 6 63 60 20 79,"06 63 60 20 79, +33 6 63 60 20 79",RacketZone32 (Owner),,,4,5,https://www.google.com/maps?cid=5613085004538983255,43.5179339,0.1759167,https://racketzone32.fr/,racketzone32.fr,https://lh3.googleusercontent.com/p/AF1QipN4rVF9L1ZAdWfxMq0q_i1ITuS8AQdnvk-phJz-,ChIJLYzcK-bpqRIRVzOefRKv5U0,padel
Incourts padel france,5 Rue des Frères Seigneurie,31830 Plaisance-du-Touch,Padel court,Europe/Paris,+33 6 19 13 30 97,"06 19 13 30 97, +33 6 19 13 30 97",Incourts padel france (Owner),info@incourtspadel.fr,"facebook: https://www.facebook.com/inCourtsPadel
instagram: https://www.instagram.com/incourts.padel,https://www.instagram.com/incourts.padel.france
linkedin: https://www.linkedin.com/company/incourts-padel
twitter: https://x.com/incourtsp",,,https://www.google.com/maps?cid=3667536660536231572,43.560407,1.281825,https://incourtspadel.fr/,incourtspadel.fr,https://lh3.googleusercontent.com/p/AF1QipOiT5lBoVNvblUx1dxToTh_bODT5ZE1jCtD6s-i,ChIJM2bOBiGzrhIRlAb8Sym15TI,padel
Gimont Padel,11 ZA Lafourcade N,32200 Gimont,Padel club,Europe/Paris,,,Gimont Padel (Owner),,,,,https://www.google.com/maps?cid=9825224129588313401,43.62358,0.9154125,,,https://lh3.googleusercontent.com/p/AF1QipMYII2FRbAanaFuGdVWlTSfzKT7wPCnE5bYm4cL,ChIJw28I_wpDqRIROT21Iko1Wog,padel
Tennis Du Vieux Cèdre,453 Chemin du Clot,Lacaze Haute,"Padel club, Badminton court, Pickleball court, Squash court, Tennis court",Europe/Paris,+33 6 82 48 54 84,"06 82 48 54 84, +33 6 82 48 54 84",Tennis Du Vieux Cèdre (Owner),"utilisateur@domaine.com,cedrescoteclub@gmail.com","facebook: https://www.facebook.com/cedrescoteclub
instagram: https://www.instagram.com/cedrescoteclub,https://www.instagram.com/p",76,4.9,https://www.google.com/maps?cid=14135992550669943818,43.590924,2.224805,https://cedrescoteclub.fr/,cedrescoteclub.fr,https://lh3.googleusercontent.com/p/AF1QipOKRbnMGD7OqqISJuiWsszWDzML6WIl9RlWjV4B,ChIJ2WZUrxMQrhIRCgRAQlQiLcQ,padel
Cap Loisirs,Av. de Saint-Caprais,31240 L'Union,"Padel court, Badminton court, Event planner, Sports complex, Recreation center, Store",Europe/Paris,+33 5 61 09 32 48,"05 61 09 32 48, +33 5 61 09 32 48",Cap Loisirs (Owner),,"facebook: https://www.facebook.com/caploisirs
instagram: https://www.instagram.com/caploisirs",362,4.2,https://www.google.com/maps?cid=3544248270347527195,43.6438327,1.4795826,http://www.caploisirs-lunion.fr/,caploisirs-lunion.fr,https://lh3.googleusercontent.com/gps-cs-s/AG0ilSz_PhtS_P5rcm5yQGuvRW9Vhg0iH1fCawXWumBYVsr_3FRph5mJKVLkXRtj75CbZqGe46Xbhc6G8Nyq6QCgQ2KvvhM1ih9Wnwvbm0caATLdYo2KaEOBARZszDBiwI5j4tNYOvUXcg,ChIJ6xl7EP2irhIRG2TbDQazLzE,padel
Tennis Padel Club d'Albi,283 Av. Colonel Teyssier,81000 Albi,Tennis club,Europe/Paris,+33 5 63 54 26 05,"05 63 54 26 05, +33 5 63 54 26 05",Tennis Padel Club d'Albi (Owner),"tennisclubalbipadel@gmail.com,tennisclub-albi@orange.fr","facebook: https://www.facebook.com/tennisclub.albi
instagram: https://www.instagram.com/tennisclubalbi",31,4.5,https://www.google.com/maps?cid=16278906740452288716,43.921671,2.1678059,https://www.tennisclubalbipadel.fr/,tennisclubalbipadel.fr,https://lh3.googleusercontent.com/gps-cs-s/AG0ilSzZz_F509cp4d0-FNiFkljF-ik4sXpEIbdslBL_aGoAf-j_CMrc9QYLNPn2gmGUMN-0geaG3RHh6FsTsCd-uzOUTffq33DWNA_R8_X97V5vKXtw92ttAJ8XonE7DpslQYYx9iY,ChIJOfosx9_nrRIRzOheXG5L6uE,padel
Usce Tennis Club,Chem. de Lagarrigue,31620 Castelnau-d'Estrétefonds,Tennis club,Europe/Paris,+33 6 68 51 78 99,"06 68 51 78 99, +33 6 68 51 78 99",Usce Tennis Club (Owner),,,29,4.6,https://www.google.com/maps?cid=8598296466513429960,43.7814276,1.3550789,https://tenup.fft.fr/club/60310155,tenup.fft.fr,https://lh3.googleusercontent.com/gps-cs-s/AG0ilSxdMUZCJ8itK66FV6nq3cU8x0BSxjyufY3bf7oBZpIyDlHM0tWZ0hskh22EEUoaPK7sy7zBDcytpX9UtT_k6CkO-dew5_PtzJ27_SgWGJCWKH1s2modOhwtmmuz2ouki0S8lKzzUQ,ChIJ38gSFB2orhIRyIUHoBRJU3c,padel
The country club,6 Rue Emile Dewoitine,31700 Cornebarrieu,"Sports club, Sports complex",Europe/Paris,+33 7 44 76 00 64,"07 44 76 00 64, +33 7 44 76 00 64",The country club (Owner),dpo@ciup.fr,,83,4.8,https://www.google.com/maps?cid=11563783922254238246,43.6480222,1.336594,https://the-country-club-toulouse.gestion-sports.com/connexion.php?,gestion-sports.com,https://lh3.googleusercontent.com/gps-cs-s/AG0ilSzeIc3yS5_0HozyvtBoGk0WKci9H5j3iR_9vdma_-LZSMnHktVn6lZkgO5yzKwwE8DjLqyhQRF_KZf1YioEBFrvr0SeUA4Cw1TpSEp0_ObTp-YHGR-RCvXTrhW-yHAZsa4asEHM4EC8RTRt,ChIJg8Jw2M6vrhIRJlJWsTXQeqA,padel
ExtremaPadel,70 Rte de Villeneuve,09100 Pamiers,Padel court,Europe/Paris,+33 7 86 16 28 84,"07 86 16 28 84, +33 7 86 16 28 84",ExtremaPadel (Owner),extremapadelaluminio@gmail.com,"facebook: https://www.facebook.com/extremapadel.extremapadelextremapadel
instagram: https://www.instagram.com/extremapadel
youtube: https://www.youtube.com/channel/UCdlmdGOZTT_-QOT-L0098DA",,,https://www.google.com/maps?cid=8503869930884315488,43.129406,1.619502,https://extremapadel.com/,extremapadel.com,https://streetviewpixels-pa.googleapis.com/v1/thumbnail?panoid=HVvE0WN-cL8WseQu-gUa0g&cb_client=search.gws-prod.gps&w=80&h=92&yaw=129.69261&pitch=0&thumbfov=100,ChIJaZsm0VcdrxIRYDl8jqXQA3Y,padel
Tennis Club de Portet sur Garonne,Rue de l'Hôtel de Ville,31120 Portet-sur-Garonne,"Tennis club, Recreation center, Sports club",Europe/Paris,,,Tennis Club de Portet sur Garonne (Owner),,,38,4.4,https://www.google.com/maps?cid=16794669511039610179,43.5206904,1.4001897,http://www.club.fft.fr/tc.portet,club.fft.fr,https://lh3.googleusercontent.com/p/AF1QipPlQebhQFh5_Hx-ddx6O9R6vWUFHKhPD02mY5Y2,ChIJJ9BQ2K65rhIRQ22ZNfCmEuk,padel
FONSORBES TENNIS CLUB,Rue Luigi Amadio,31470 Fonsorbes,"Tennis club, Sports club",Europe/Paris,+33 5 61 91 25 37,"05 61 91 25 37, +33 5 61 91 25 37",FONSORBES TENNIS CLUB (Owner),,,48,4.4,https://www.google.com/maps?cid=11845643244929612148,43.5327773,1.2363367,https://tenup.fft.fr/club/60310451?utm_source=gmb,tenup.fft.fr,https://lh3.googleusercontent.com/gps-cs-s/AG0ilSxETvRQ8__Xxvj4BUijMgEQ7aM7bYlHwSlAzLGjlO7v8zArmLiKnzbbwYJmJ7ywjEOSRiGm7wS7b0zSPGlnF4z3NoNoySWpuCzi1DCWzFBuAuo93yk3dF_S_p1DRRNIjGdx4iKo,ChIJf94jPiy1rhIRdPkINsUtZKQ,padel
Tennis Padel Club de Quint-Fonsegrives,60 Rte de la Saune,31130 Quint-Fonsegrives,Tennis club,Europe/Paris,+33 5 61 24 59 20,"05 61 24 59 20, +33 5 61 24 59 20",Tennis Padel Club de Quint-Fonsegrives (Owner),,"facebook: https://www.facebook.com/tennis.quintfonsegrives
instagram: https://www.instagram.com/tennispadelquint",27,4.1,https://www.google.com/maps?cid=1772273392011471415,43.5824453,1.5333713,https://www.tennispadelquint.com/,tennispadelquint.com,https://lh3.googleusercontent.com/gps-cs-s/AG0ilSxRzIEVs9A0lcbWm81xaJgZA36fRBF3g_RRqK0uddw9FRQ27iXjBKFL2yaezyzBYb8ODii-YprwVsCG8qUEmX9T9WsowBPg7SVFyTkjrRI_VUpOfOfuCf8vKPylgy-7jC503ls,ChIJC-7uFzGWrhIRN2q4l0JhmBg,padel
BALMA TENNIS CLUB,17 Av. des Aérostiers,31130 Balma,"Tennis club, Sports club",Europe/Paris,+33 5 61 24 35 15,"05 61 24 35 15, +33 5 61 24 35 15",BALMA TENNIS CLUB (Owner),,"facebook: https://www.facebook.com/TCBalma,https://www.facebook.com/493305152601500/posts/1292567376008603,https://www.facebook.com/493305152601500/posts/1291697222762285,https://www.facebook.com/493305152601500/posts/1286924943239513
instagram: https://www.instagram.com/tennis_club_balma
youtube: https://www.youtube.com/@tennisclubbalma",67,4.5,https://www.google.com/maps?cid=16440184283645818839,43.6083954,1.4867639,https://www.tcbalma.fr/,tcbalma.fr,https://lh3.googleusercontent.com/gps-cs-s/AG0ilSyt2TD2wa28R723FH-Qe_2VULscvi6bD50YgHISPx2Pv_ofPhhka-3x4WedmvB1U2oKLIaVTWHr8yrS4QUoYbj-ISdnMSL2PNFZPe03BOXAz9zrC6jnm_I7vuHoYPuctD3xZ92H,ChIJl9IK-ri9rhIR1zerjIBEJ-Q,padel
Tennis Club de Muret,90 Av. Bernard IV,31600 Muret,Tennis club,Europe/Paris,+33 5 61 51 41 37,"05 61 51 41 37, +33 5 61 51 41 37",Tennis Club de Muret (Owner),tcmuret@gmail.com,"facebook: https://www.facebook.com/people/Tennis-Club-Muret/100054982735266
instagram: https://www.instagram.com/tennisclubmuret",42,4.4,https://www.google.com/maps?cid=3282004414228340326,43.4720115,1.3382904,https://tennisclubmuret.com/,tennisclubmuret.com,https://lh3.googleusercontent.com/p/AF1QipMAorQaVQoFaqipeJPVu4Sye3W6lTzXglUZswup,ChIJDemcDibIrhIRZh5YPaAFjC0,padel
Les Peupliers,21 Grande Rue,65250 La Barthe-de-Neste,"Fitness center, Bar, Padel club, Padel court, Pilates studio, Tennis club, Tennis court, Yoga studio",Europe/Paris,+33 5 62 98 81 84,"05 62 98 81 84, +33 5 62 98 81 84",Les Peupliers (Owner),,,20,4.9,https://www.google.com/maps?cid=13943233262648884307,43.0812504,0.3825972,,,https://lh3.googleusercontent.com/p/AF1QipPVIyMZhixgCtBSDp8189SL0NJk9SwWAjBYWv4F,ChIJEbrGpb9OqBIRU_yYKMdQgME,padel
Côté Padel,55 Av. Louis Breguet Bat 5,31400 Toulouse,French restaurant,Europe/Paris,+33 7 74 09 00 22,"07 74 09 00 22, +33 7 74 09 00 22",Côté Padel (Owner),,,2,4,https://www.google.com/maps?cid=6814939062812655305,43.5782231,1.4765577,,,https://lh3.googleusercontent.com/gps-cs-s/AG0ilSyFbWqJ0SC3TK5nufLgxwkv-ZuRpjc7CZNhcFiWVvSmfZEBrUAI7IYqnSXSalMGVqqWiPr9lzdAkM_ulLVbpB80_UT8CEF2U-akDbQq941dFKRQWH_H32cbR8e9YwLn8tmiMyzy,ChIJHzvK-Ke9rhIRyb7hdPiGk14,padel
CARAMAN TENNIS CLUB,Lac de l'Orme Blanc,31460 Caraman,Tennis club,Europe/Paris,+33 5 62 18 81 60,"05 62 18 81 60, +33 5 62 18 81 60",CARAMAN TENNIS CLUB (Owner),,,7,4.4,https://www.google.com/maps?cid=13185218767374664180,43.5289325,1.7483413,https://tenup.fft.fr/club/60310767?utm_source=gmb,tenup.fft.fr,https://lh3.googleusercontent.com/gps-cs-s/AG0ilSwYRMdqimC9wXaDNVVbmEMizitq7-FKfUcd_NHxREq7chpTcYkC61v5gPvKQ9Wfa6rudrwFBYG463w4Ibw5cDshGTT9l1TjPPiMxUW_xfsjhZlhYvW-liXo5Mf0aDJeiDTWrrtO,ChIJYUJ-23mNrhIR9EEuU5xO-7Y,padel
Tennis Club Tournefeuille,All. des Sports,31170 Tournefeuille,Tennis club,Europe/Paris,+33 9 64 06 13 66,"09 64 06 13 66, +33 9 64 06 13 66",Tennis Club Tournefeuille (Owner),,,20,4.3,https://www.google.com/maps?cid=475216676101575120,43.5792868,1.3439547,https://tenup.fft.fr/club/60310150?utm_source=gmb,tenup.fft.fr,https://lh3.googleusercontent.com/gps-cs-s/AG0ilSxfgmZD-NYxNlD1NmVQ00aHAenZz1VFVWnDFxTtMbSyALItH3vo4D2Kh0WFB3-cmmnxMFK13Upr-4dZxIlQSNvIUqd0Qb11SyOofVQSRO8zrUo1xWHA5oF4muX_5AZlVRdGIYDi,ChIJMbxmlIGxrhIR0FFgkgxPmAY,padel
Asptt Carcassonne,1 Rue Marceau Perrutel Prolongé,11000 Carcassonne,"Club, Badminton club, Dance hall, Fitness center, Gymnastics center, Padel court, Ski club, Tennis club",Europe/Paris,+33 4 68 25 37 84,"04 68 25 37 84, +33 4 68 25 37 84",Asptt Carcassonne (Owner),,,51,4.6,https://www.google.com/maps?cid=7176928813076215749,43.206315,2.3485326,https://carcassonne.asptt.com/,carcassonne.asptt.com,https://lh3.googleusercontent.com/gps-cs-s/AG0ilSxYl2IKXULhvb2ejXLXZKA0Eg-BJyHVT5jxnNxt__UkxNuKipOVzZCRKNcwjUfLQIZv9yjI1ZkzG0x9a4JUi2dDv-_8DKhc6L2vA_Fz_dNhpTStguNDRPGgolSjoJoAEzh4I-1TFw,ChIJcbS9mEksrhIRxXesAbuSmWM,padel
TOAC Omnisports,20 Chem. de Garric,31200 Toulouse,Sports club,Europe/Paris,+33 5 61 57 04 13,"05 61 57 04 13, +33 5 61 57 04 13",TOAC Omnisports (Owner),bureau@toacsquash.com,,249,4.3,https://www.google.com/maps?cid=4687098166483024167,43.6217,1.4091,http://www.toacsquash.com/,toacsquash.com,https://lh3.googleusercontent.com/gps-cs-s/AG0ilSwcp731YyeZ70MfXmeYOBgYin1k-oVFinTCn3wwn_PIWtU0riYndnfuwBKYrsDnYDgIRp-gwI20GfkPbTR4tAaRbJ0QD0y8jK9m928zi-cu2cV6PRl-TqbOIzAA177NHnsKQHzfvQ,ChIJSyIYzi67rhIRJ_ma-PLqC0E,padel
Padel Pont de Larn,Rue du Parc des Sports,81660 Pont-de-Larn,Padel court,Europe/Paris,,,Padel Pont de Larn (Owner),contact@tcapm.fr,"instagram: https://www.instagram.com/tennismazamet,https://www.instagram.com/tennispadelmazamet
twitter: https://x.com/tcapm81
youtube: https://www.youtube.com/channel/UCGWX3nA_HIUmefcckSadNZA",2,5,https://www.google.com/maps?cid=17017152993598978,43.5071587,2.4000296,https://www.tcapm.fr/2022/12/29/nouveaute-ouverture-du-padel-a-pont-de-larn-le-2-janvier/,tcapm.fr,https://lh3.googleusercontent.com/gps-cs-s/AG0ilSzOw7Z60WdvsfPD8Txp3RWWGtg4tqwGkfCp0Z17SGdhi14h1xRVOeF4lUZoYx3pP5BwEEYdLiUz7Dzqjs0A_UpCsxdNTKBfjUbPuX87tjVAEIz8pkOn8-E21Wid0_mKvk_f4G2G,ChIJoeQpE60frhIRAp5FrwJ1PAA,padel
PIN BALMA TENNIS CLUB,Rte des Sports,31130 Pin-Balma,"Tennis club, Sports club",Europe/Paris,+33 5 61 84 74 93,"05 61 84 74 93, +33 5 61 84 74 93",PIN BALMA TENNIS CLUB (Owner),,,2,5,https://www.google.com/maps?cid=6389808126133389864,43.6230353,1.5316973,https://tenup.fft.fr/club/60310559?utm_source=gmb,tenup.fft.fr,https://streetviewpixels-pa.googleapis.com/v1/thumbnail?panoid=SSKUNqFIOBwcJDDZzCm5Rg&cb_client=search.gws-prod.gps&w=80&h=92&yaw=313.69675&pitch=0&thumbfov=100,ChIJkRIRxciZrhIRKMoV1aIorVg,padel
Tennis Club Auscitain T.C.A,Rue de Barran,32000 Auch,Tennis club,Europe/Paris,+33 5 62 05 06 48,"05 62 05 06 48, +33 5 62 05 06 48",Tennis Club Auscitain T.C.A (Owner),,"facebook: https://www.facebook.com/tennisclubauscitain,https://www.facebook.com/250757911452489,https://www.facebook.com/122095661744236568/posts/122267800040236568,https://www.facebook.com/122095661744236568/posts/122257519226236568,https://www.facebook.com/61557097040107,https://www.facebook.com/adamcoiffureauch
instagram: https://www.instagram.com/tennispadelclubauscitain",39,4.8,https://www.google.com/maps?cid=17745339295938281238,43.6409467,0.5787154,https://tcauch.org/,tcauch.org,https://streetviewpixels-pa.googleapis.com/v1/thumbnail?panoid=Q9MXQVMURK_nymKw5HOoWg&cb_client=search.gws-prod.gps&w=80&h=92&yaw=29.403126&pitch=0&thumbfov=100,ChIJOYwVmMuCqRIRFn8uIRIcRPY,padel
"Tennis"" Entente tennistique de la Malepère""",Av. du Stade,11290 Alairac,Tennis club,Europe/Paris,,,"Tennis"" Entente tennistique de la Malepère"" (Owner)",,,19,4.7,https://www.google.com/maps?cid=4512874360902679260,43.1879525,2.2507717,,,https://lh3.googleusercontent.com/gps-cs-s/AG0ilSyNr8Ejt6rMdSe8MhpzBrQrMw8YUGo6tRPR2a69sEPHoPy0V63XM38vBhjW4xAMtX3phSi2nxSOaECN_1_xV5EJT_purYwZZNVzI99qViJtjoe8gnO3iz5udb3HmiHpBuPRNkFg,ChIJ93CE4QgzrhIR3HqSLVLzoD4,padel
Tennis Club Pamiers,6 Av. de la Rijole,09100 Pamiers,Tennis club,Europe/Paris,+33 5 61 60 21 50,"05 61 60 21 50, +33 5 61 60 21 50",Tennis Club Pamiers (Owner),,,49,4.7,https://www.google.com/maps?cid=12599564895947249929,43.1190719,1.6223307,http://www.club.fft.fr/tcpamiers/,club.fft.fr,https://lh3.googleusercontent.com/gps-cs-s/AG0ilSy3lLDOp_BaJDZb7fjQkSXL_PVSaADCYlLClr86CX44iYXhFrYomcwb_3lw-edBwvlUebbcJ99dnQYmRMD3nbPgF91youEjX6cvj0geQOmid2aUwKIedjfa26enwkbOiaY66vH0,ChIJx7yAF0scrxIRCdlqe4Sl2q4,padel
Midi Pyrénées Tennis League,Siège Social - Zone Pyrénées,5 Av. Suzanne Lenglen,"Tennis court, Tennis club",Europe/Paris,+33 5 62 72 32 00,"05 62 72 32 00, +33 5 62 72 32 00",Midi Pyrénées Tennis League (Owner),,"facebook: https://www.facebook.com/LigueOccitanieTennis
instagram: https://www.instagram.com/ligueoccitanietennis
tiktok: https://www.tiktok.com/@ligueoccitanietennis",79,4.3,https://www.google.com/maps?cid=14822302301211635363,43.5960715,1.4954058,https://occitanie.fft.fr/,occitanie.fft.fr,https://lh3.googleusercontent.com/gps-cs-s/AG0ilSxEfHN262-oCsPWJAE_8KLQtv43QG0XIZw2r9kz_q26e0VGpWAhrlhQxafOVSKqFTsiCjSvBc503tYamK9-l2hsHWUqq9QGc0EjJOATLWMJYLzDsiDee9Wdux3novB4CaAEMnVH,ChIJkwaNKgy9rhIRo64sOWlls80,padel
USSPA Tennis Club Albi,Rue de la Poudrière,81000 Albi,Tennis club,Europe/Paris,+33 9 53 07 21 54,"09 53 07 21 54, +33 9 53 07 21 54",USSPA Tennis Club Albi (Owner),"usspa.albi@gmail.com,simon@bioui.fr,contact@usspa.fr","facebook: https://www.facebook.com/p/USSPA-Tennis-Albi-100041636966520,https://www.facebook.com/USSPA-Tennis-Albi-1797490907154914,https://www.facebook.com/USSPA-Tennis-Albi-100041636966520
instagram: https://www.instagram.com/usspatennis",40,4.5,https://www.google.com/maps?cid=18324978394080643330,43.917981,2.1346412,http://usspa-tennis.fr/,usspa-tennis.fr,https://lh3.googleusercontent.com/gps-cs-s/AG0ilSzsECuKgQadIDJwOY9mIvgF96NKsbWBJYRFBQpU_wvQApJNg8VM_nXukW3gPHnFJb6igZ5JZ_MKKtmIVb6ff3wtcDM-pbdQ5DKv9Q1clBJ4YI9WWL8LMI4upWnK3EWcYM9xqB5-,ChIJw-UMRU7drRIRAonib8JmT_4,padel
Condom Tennis Club,49 Av. des Mousquetaires,32100 Condom,Tennis club,Europe/Paris,+33 5 62 68 19 91,"05 62 68 19 91, +33 5 62 68 19 91",Condom Tennis Club (Owner),,facebook: https://www.facebook.com/groups/161197637301912,31,4.5,https://www.google.com/maps?cid=1347955102453190706,43.9494152,0.3623349,https://tenniscondom.fr/,tenniscondom.fr,https://lh3.googleusercontent.com/gps-cs-s/AG0ilSyCVkTuhXCkAo8WzldcZthPBXXypl0PE8lOY5Bsi5V2yR6sURZKLGD2LcSUW07X_-KNf8UUD14Jv_gJCjWDT-AAZPJ2RUh3Kx9agLS_wGj7MWNT7_MACV-8uBPqxeNcxeFbgUxaMA,ChIJWz10FbE8qhIRMtDlHgbmtBI,padel
Tennis Club Grenade,Av. de Gascogne,31330 Grenade,Tennis club,Europe/Paris,,,Tennis Club Grenade (Owner),,,8,4.1,https://www.google.com/maps?cid=17630972214646593347,43.7718372,1.2864038,https://tenup.fft.fr/club/60310156,tenup.fft.fr,https://lh3.googleusercontent.com/gps-cs-s/AG0ilSwwF6TS3KyUA38caQd9ZNyPyLWQWCpcRHvGKBARaHLXsjBfI4yzTw6SfdJ3PlgktJBMFAJa7ca_bXnYaAHADFOGGMGISKl2km9ljQM13NGLHylBFzXd81_rxGCdcaVPfZwuJFfe,ChIJd_jKiGuqrhIRQ9fK-tDLrfQ,padel
TENNIS CLUB COLOMIERS,2 Bis All. des Alpilles,31770 Colomiers,Tennis club,Europe/Paris,+33 5 61 78 16 78,"05 61 78 16 78, +33 5 61 78 16 78",TENNIS CLUB COLOMIERS (Owner),uscolomierstennis@fft.fr,"facebook: https://www.facebook.com/tennis.colomiers
instagram: https://www.instagram.com/uscolomierstennis",142,4.6,https://www.google.com/maps?cid=8845177391391532545,43.5979876,1.3359732,https://www.uscolomierstennis.com/,uscolomierstennis.com,https://lh3.googleusercontent.com/gps-cs-s/AG0ilSyvF3kyNGIdCWDZV8EKLRUX__4NJPZzJ-gZKbNfEP5qeQFdMnkjkoU6O8d4Mf8wLcU3n9pJcMS0WI9ACoNq70gzC5vABKiny5SwxfEfzvOaKSrLYjIOk_q0qwIEmSdxqRo1JOLH,ChIJeawULlewrhIRAWY1RflhwHo,padel
Tennis Club Lauragais,Stade des Pyrénées,11150 Bram,"Tennis club, Sports club",Europe/Paris,+33 4 68 76 14 50,"04 68 76 14 50, +33 4 68 76 14 50",Tennis Club Lauragais (Owner),,,2,4,https://www.google.com/maps?cid=1609351996658271038,43.2367002,2.1043329,https://tenup.fft.fr/club/60110273?utm_source=gmb,tenup.fft.fr,https://lh3.googleusercontent.com/gps-cs-s/AG0ilSxTHOQg30_epFtmKXtTpG8Cn-954C3Uyr7F7v_V39AFDf2kXp4Xkx3Hj829UM3eku84GTTmDq9-SRHrX2NOj_5BMPKoMSFckBEeTP0lpbTM0iUHVo1uYgIagy2mu93ylXwtCV_ZHw,ChIJr5HnXzNLrhIRPsNhPx2RVRY,padel
Padel4You,,,"Padel club, Service establishment",Europe/Paris,,,Padel4You (Owner),contact@padel4you.net,"instagram: https://www.instagram.com/padel4you.official
linkedin: https://www.linkedin.com/company/padel4you",3,5,https://www.google.com/maps?cid=1975032753780054357,30.6959409,-49.8171262,https://www.padel4you.net/,padel4you.net,https://lh3.googleusercontent.com/p/AF1QipOffKDiG4gFdkqmzOsJsoOvaDqeOcLYjwgfW53b,ChIJTxKIqVK3rhIRVVnSTNO5aBs,padel
Tennis Club Association Pays Mazamétain,Tennis La Chevalière,21 Bis Avenue Charles de Gaulle,"Tennis club, Padel court",Europe/Paris,+33 6 36 14 16 71,"06 36 14 16 71, +33 6 36 14 16 71",Tennis Club Association Pays Mazamétain (Owner),contact@tcapm.fr,"instagram: https://www.instagram.com/tennismazamet,https://www.instagram.com/tennispadelmazamet,https://www.instagram.com/p
twitter: https://x.com/tcapm81
youtube: https://www.youtube.com/channel/UCGWX3nA_HIUmefcckSadNZA",31,4.6,https://www.google.com/maps?cid=1190034361981947674,43.4975414,2.3864252,http://www.tcapm.fr/,tcapm.fr,https://lh3.googleusercontent.com/p/AF1QipN8sxqtmDH8XrfWO-KhFtoDGmFw9oLoSdRZrqW_,ChIJkS865SkfrhIRGk9xePLZgxA,padel
Plaisance Tennis Club,8 Rue des Pêcheurs,31830 Plaisance-du-Touch,Tennis club,Europe/Paris,+33 5 61 07 44 47,"05 61 07 44 47, +33 5 61 07 44 47",Plaisance Tennis Club (Owner),,"facebook: https://www.facebook.com/686538190137459/posts/1206829631441643,https://www.facebook.com/686538190137459/posts/1206830001441606,https://www.facebook.com/686538190137459/posts/1206707041453902,https://www.facebook.com/chainous.plaisance",72,4.4,https://www.google.com/maps?cid=9574791132608183310,43.5662599,1.3052286,http://www.plaisancetennisclub.fr/,plaisancetennisclub.fr,https://lh3.googleusercontent.com/p/AF1QipNJE3U50HlfRnvMgg9WeeqdKfYLoWUtrt7TYC_E,ChIJ-14niUSxrhIRDryrQc594IQ,padel
TOEC Association TENNIS,8 Rue Ernest Dufer,31300 Toulouse,Tennis club,Europe/Paris,+33 5 61 49 20 42,"05 61 49 20 42, +33 5 61 49 20 42",TOEC Association TENNIS (Owner),toectennis@gmail.com,,161,4.7,https://www.google.com/maps?cid=13113596300490524908,43.5992271,1.4000129,http://toectennis.fr/,toectennis.fr,https://lh3.googleusercontent.com/p/AF1QipMbM92SjzB1PpJQJC5j48BMZ9BtXLfAfUjc0lfb,ChIJH1JHaPu6rhIR7EidQlva_LU,padel
Acacia Tennis Academy,cité des sports,10 Av. du Général Sarrail,Tennis club,Europe/Paris,+33 4 65 84 21 31,"04 65 84 21 31, +33 4 65 84 21 31",Acacia Tennis Academy (Owner),,,21,4.5,https://www.google.com/maps?cid=4376683490615460447,43.2170711,2.3655713,,,,ChIJUQUfoBcsrhIRX4JzMHIavTw,padel
MIREPOIX TENNIS CLUB,Camping Municipal,09500 Mirepoix,"Tennis club, Sports club",Europe/Paris,+33 5 61 68 14 88,"05 61 68 14 88, +33 5 61 68 14 88",MIREPOIX TENNIS CLUB (Owner),,,1,5,https://www.google.com/maps?cid=6786652928245725204,43.088226,1.873725,https://tenup.fft.fr/club/60090427?utm_source=gmb,tenup.fft.fr,https://lh3.googleusercontent.com/gps-cs-s/AG0ilSxSDEzO5jZh51sczEEdNzVo2-GnExCLwLXEfXpJcaMxGmtuxCDxUMepwVifFgc0DknU9DkNHSa3ODdbj8lIhPeMFSqit2XBCjBrexkwqiTpqs-7FkHQjK-Smir6-giZ0iYC-fQ,ChIJAWk3vHyrrxIRFHjzieEIL14,padel
SAINT GAUDENS TENNIS CLUB,60 Av. de l'Isle,31800 Saint-Gaudens,"Tennis club, Sports club",Europe/Paris,+33 5 61 89 41 41,"05 61 89 41 41, +33 5 61 89 41 41",SAINT GAUDENS TENNIS CLUB (Owner),,,5,4.8,https://www.google.com/maps?cid=5581691770589376937,43.1162385,0.7268807,https://tenup.fft.fr/club/60310099?utm_source=gmb,tenup.fft.fr,https://lh3.googleusercontent.com/gps-cs-s/AG0ilSxVvGAS5woUQWWIFH1PN1ozihnIPuFDv3mooZnjkg8eBkJzK5f_HLg18CQiKu8miNVqtU5YT4P5Mktery-dl_w2XPt1033DrDJps7kXCdqZrgmHARfAkU4Oevlp8qfEr4cLHncK_8GRd8om,ChIJT_Ku9WH9qBIRqXGznxcndk0,padel
ISLE JOURDAIN TENNIS CLUB,route du Bataillon d'Armagnac,32600 L'Isle-Jourdain,"Tennis club, Sports club",Europe/Paris,+33 5 62 07 21 08,"05 62 07 21 08, +33 5 62 07 21 08",ISLE JOURDAIN TENNIS CLUB (Owner),,,29,4.8,https://www.google.com/maps?cid=17915811627350159272,43.6176434,1.0739404,https://tenup.fft.fr/club/60320135?utm_source=gmb,tenup.fft.fr,https://lh3.googleusercontent.com/gps-cs-s/AG0ilSzT0kJbhe9SBSd6CgQRt0VPZcs1qDepezkmaZUOLoB63AeLwpOfFjtQ52G9r81ojN4PdPxYUk_cjwQBwgJbYiDcUoy2d-XuwXXMiy3DrKvmHPbqP4yOjrocjjaSkYmAarkLmovZ,ChIJr9tO1MhPqRIRqO8Ex8C_ofg,padel
AUCH TENNIS CLUB,Bassin de Lescat,Rue de Barran,"Tennis club, Sports club",Europe/Paris,+33 5 62 05 06 48,"05 62 05 06 48, +33 5 62 05 06 48",AUCH TENNIS CLUB (Owner),,,2,2.5,https://www.google.com/maps?cid=11273699338296731697,43.6408271,0.5786705,https://tenup.fft.fr/club/60320016?utm_source=gmb,tenup.fft.fr,https://lh3.googleusercontent.com/gps-cs-s/AG0ilSykgp3xLd3URJVB4fP-SuUSnwoLc_2w26KV00KErvtLC1muVPBwD_dDcvRcmjir9p1xInlr7BI7xznDBdP_cEDdB2AuA8gOGznESqf1Y_G8JeshgTsmraB9eyx5_lcu461VPmAlnCSTjXY8,ChIJMx_1NsqDqRIRMai7S9E5dJw,padel
Tennis Club Fenouillet,30 Chem. du Bocage,31150 Fenouillet,Tennis club,Europe/Paris,+33 5 62 75 10 07,"05 62 75 10 07, +33 5 62 75 10 07",Tennis Club Fenouillet (Owner),,,14,4.3,https://www.google.com/maps?cid=9169112453598327491,43.695287,1.3896329,,,https://lh3.googleusercontent.com/gps-cs-s/AG0ilSzbMrnE-IEpdWMQFHD48gErtm0EondxnEDU_6-o43nHSV2z1lxqb2su-qZF2gvdnRhVu4LLsTIquk3-WmsEsO-a6_AICrxbtxVW5ov87oSLiAOoOMLe9zjFgKqx4nx0FAngPpx9Cg,ChIJ4_gZQ8OlrhIRw7JWTjI7P38,padel
Tennis Club de Fronton,Av. Jean Bouin,31620 Fronton,Tennis club,Europe/Paris,+33 9 50 65 76 74,"09 50 65 76 74, +33 9 50 65 76 74",Tennis Club de Fronton (Owner),,,21,4.6,https://www.google.com/maps?cid=12457787373740288760,43.838067,1.383256,http://club.fft.fr/tennisclubdefronton,club.fft.fr,https://lh3.googleusercontent.com/p/AF1QipOfN_W09G3RJ4kgDaPLfK6kpex-yX5npLI9wko-,ChIJ52V_V8AcrBIR-Ooiu5zz4qw,padel
REVEL SAINT FERREOL TCM,Av. Julien Nouguier,31250 Revel,"Tennis club, Sports club",Europe/Paris,+33 5 61 27 54 28,"05 61 27 54 28, +33 5 61 27 54 28",REVEL SAINT FERREOL TCM (Owner),,,2,4.5,https://www.google.com/maps?cid=17292490436678119621,43.452339,2.01356,https://tenup.fft.fr/club/60310331?utm_source=gmb,tenup.fft.fr,https://streetviewpixels-pa.googleapis.com/v1/thumbnail?panoid=QLH5Kz9Dlfk2Tj8J4RL6uw&cb_client=search.gws-prod.gps&w=80&h=92&yaw=119.29985&pitch=0&thumbfov=100,ChIJGb3gY9pDrhIRxfAJwG5E--8,padel
Tennis Club,4 Rue du Puy de Sancy,31240 L'Union,Tennis club,Europe/Paris,+33 5 62 89 22 00,"05 62 89 22 00, +33 5 62 89 22 00",Tennis Club (Owner),,,5,5,https://www.google.com/maps?cid=9874364176594846379,43.6576818,1.4889614,https://tenup.fft.fr/club/60310104?utm_source=gmb,tenup.fft.fr,https://streetviewpixels-pa.googleapis.com/v1/thumbnail?panoid=ayLUSu6EM4gfzb6e4A60ng&cb_client=search.gws-prod.gps&w=80&h=92&yaw=34.77733&pitch=0&thumbfov=100,ChIJO67usQqjrhIRq0LH6ObJCIk,padel
CASTELNAU D'ESTRETEFONDS,3 Chem. de Lagarrigue,31620 Castelnau-d'Estrétefonds,"Tennis club, Sports club",Europe/Paris,+33 6 68 51 78 99,"06 68 51 78 99, +33 6 68 51 78 99",CASTELNAU D'ESTRETEFONDS (Owner),,,6,4.2,https://www.google.com/maps?cid=11086510159507932870,43.783897,1.35767,https://tenup.fft.fr/club/60310155?utm_source=gmb,tenup.fft.fr,https://lh3.googleusercontent.com/gps-cs-s/AG0ilSyYYaBT2iMrwVkbQ8ZmF19FwJ7tvUSWbJI7A0S0RsJZDbB0cn-r_kGWxtjYhrObo8hiGtPNSeL2YU9WrKW4ndX2Lz_wAyhoUDu1A94LszfiSH7ekZlyd2_O88C50y6Gst6oertlsw,ChIJ5xnUyX4DrBIRxsY6UEAy25k,padel
VIGOULET TENNIS CLUB,Pl. André Marty,31320 Vigoulet-Auzil,"Tennis club, Sports club",Europe/Paris,,,VIGOULET TENNIS CLUB (Owner),,,6,4.8,https://www.google.com/maps?cid=4126175073629761672,43.509043,1.4567313,https://club.fft.fr/tc.vigoulet-auzil,club.fft.fr,https://lh3.googleusercontent.com/gps-cs-s/AG0ilSzwiA4l52JNlmr8M_KcLRfFzBFR2WDvPXugk5gl4mj6NUW5LOL_MoDC-aF779eEhJ-TYzttz88FtIjIgBwu0kmBNXguqIlRb1x2o9uR1itVH5hDGuYYnc2Te8F1vHPH4JeBuKB5,ChIJA5NLnSG_rhIRiPDFOF4eQzk,padel
PIBRAC TENNIS CLUB,Av. du Balardou,31820 Pibrac,"Tennis club, Sports club",Europe/Paris,+33 5 61 86 92 94,"05 61 86 92 94, +33 5 61 86 92 94",PIBRAC TENNIS CLUB (Owner),,,28,4.7,https://www.google.com/maps?cid=3129680799697838556,43.6144681,1.2783928,https://tenup.fft.fr/club/60310234?utm_source=gmb,tenup.fft.fr,https://lh3.googleusercontent.com/gps-cs-s/AG0ilSxFbkRfn1eHwbnEUEm5McJsK3-hmIaN27KlUsAT4mEaLLdD9ZBffpnTAeMnl-LizE7nBgqYbi94G5zgvdpXEuSeqInMZwY5eKVvS2-H0R3AVFaDJpkHWv9aEi4DwspF9CoebwQy,ChIJsSokMUGzrhIR3KFZBhvcbis,padel
JSC Tennis Club Cugnaux,22 ter Rue du Stade,31270 Cugnaux,"Tennis club, Tennis court",Europe/Paris,+33 5 61 92 17 33,"05 61 92 17 33, +33 5 61 92 17 33",JSC Tennis Club Cugnaux (Owner),jsctennis@orange.fr,"facebook: https://www.facebook.com/JSC-Tennis-714302552105522
instagram: https://www.instagram.com/jsctenniscugnaux
youtube: https://www.youtube.com/channel/UCNEoaUCN4L3FH6mgBHibAMA",14,4.2,https://www.google.com/maps?cid=9034523880998491468,43.5402727,1.3539994,https://tennisclub-cugnaux.fr/,tennisclub-cugnaux.fr,https://lh3.googleusercontent.com/p/AF1QipOBScx0BSWj2nTnGR6wGeLt5Mu6PyjbeOUH9Ox4,ChIJV_kAf263rhIRTNWyUZoTYX0,padel
PENNE AS TENNIS CLUB,81140 Penne,France,Tennis club,Europe/Paris,+33 5 63 56 32 37,"05 63 56 32 37, +33 5 63 56 32 37",PENNE AS TENNIS CLUB (Owner),,,3,4.7,https://www.google.com/maps?cid=6543009270942454072,44.062977,1.721325,https://tenup.fft.fr/club/60810637?utm_source=gmb,tenup.fft.fr,,ChIJOwACXDA3rBIRONGc_ENwzVo,padel
Tennis-Club Fleurance,Rhin-Danube,Rue de la 1ère Armée,Tennis club,Europe/Paris,+33 5 62 06 06 95,"05 62 06 06 95, +33 5 62 06 06 95",Tennis-Club Fleurance (Owner),tennis.fleurance@gmail.com,"facebook: https://www.facebook.com/villedefleurance,https://www.facebook.com/INTERSPORTAUCH32,https://www.facebook.com/boulangeriepatisseriecazeneuve,https://www.facebook.com/ayraudsarl
instagram: https://www.instagram.com/tennisfleurance",9,4.8,https://www.google.com/maps?cid=12600501099633168253,43.8469082,0.6702197,http://tennisfleurance.fr/,tennisfleurance.fr,https://lh3.googleusercontent.com/gps-cs-s/AG0ilSwuFKpnA5ZOl34ArJLHa5mQ4t0y5rMUB3y4sl5iAe_Mcsn0KBIOJxfFz3uWty7seBl8TUkMsFbv-m400-VT-Qc0Cg5mS33m5GifYcc-ORgBiV4_4-BJMtY5gYXe7RlOHK1azQ3A,ChIJQyYaiBjUqxIRfc-NY_343a4,padel
ASPTT AUCH TENNIS CLUB,14 Chem. de la Rethourie,32000 Auch,Tennis club,Europe/Paris,,,ASPTT AUCH TENNIS CLUB (Owner),"support@webador.fr,secretaire.asptt.32@gmail.com,pguyasptt32@yaho.fr","facebook: https://facebook.com/FumseckTennis
instagram: https://instagram.com/aspttennis_auch,https://www.instagram.com/asptt_auch_tennis",3,5,https://www.google.com/maps?cid=12221869807173155427,43.6432199,0.5992221,https://www.asptt-tennis-auch.com/,asptt-tennis-auch.com,https://lh3.googleusercontent.com/p/AF1QipPYH_b6rdY-P1_peD5qSV8e2klUSBZRjq8y5x-A,ChIJ-zAfxJmDqRIRY7qg29XNnKk,padel
VIC FEZENSAC TENNIS CLUB,Route de Condom,32190 Vic-Fezensac,"Tennis club, Sports club",Europe/Paris,+33 5 62 06 50 69,"05 62 06 50 69, +33 5 62 06 50 69",VIC FEZENSAC TENNIS CLUB (Owner),,,3,4,https://www.google.com/maps?cid=13684595476686313448,43.759274,0.301594,https://tenup.fft.fr/club/60320023?utm_source=gmb,tenup.fft.fr,https://lh3.googleusercontent.com/gps-cs-s/AG0ilSzH3ToY2Rg8BPEx9am99rmOSGRxMDJe9o4teSWCy4AivNKh3yN7FPjwm86ZxjcUHJefrL0ZIcXDS7dL501_uEQRk3kVhyra8x4DbFy-hqamQwyD8IwiAOzUu5E9IyMqqSsT9FMqxG3Q4t_B,ChIJD2n_efuLqRIR6BfO-hRz6b0,padel
Tennis Club,Complexe Tennis Squash,Chem. de Lacassagne,Tennis club,Europe/Paris,+33 6 01 77 73 15,"06 01 77 73 15, +33 6 01 77 73 15",Tennis Club (Owner),,,1,5,https://www.google.com/maps?cid=7816083669339117273,43.1941996,1.0033639,https://tenup.fft.fr/club/60310151?utm_source=gmb,tenup.fft.fr,https://streetviewpixels-pa.googleapis.com/v1/thumbnail?panoid=peGHbHoSqSm-HgHKK13UeA&cb_client=search.gws-prod.gps&w=80&h=92&yaw=26.694485&pitch=0&thumbfov=100,ChIJrQNh21YnqRIR2Zawla9OeGw,padel
Comité Départemental Tennis Haute Garonne,3 Av. Suzanne Lenglen,31130 Balma,Tennis club,Europe/Paris,+33 5 62 57 74 10,"05 62 57 74 10, +33 5 62 57 74 10",Comité Départemental Tennis Haute Garonne (Owner),,"facebook: https://www.facebook.com/comitetennis.hautegaronne
instagram: https://www.instagram.com/comitetennishautegaronne
linkedin: https://www.linkedin.com/company/98530007,https://www.linkedin.com/company/comit
youtube: https://www.youtube.com/channel/UC39Hz9mYEphqpVvaoJjX8AQ",13,4.8,https://www.google.com/maps?cid=1389425370916920805,43.5952908,1.4965385,https://haute-garonne.fft.fr/,haute-garonne.fft.fr,https://streetviewpixels-pa.googleapis.com/v1/thumbnail?panoid=LazLd9ToM5ErTiHA0kHj4Q&cb_client=search.gws-prod.gps&w=80&h=92&yaw=304.88574&pitch=0&thumbfov=100,ChIJkwaNKgy9rhIR5R1rawM7SBM,padel
Tennis Club de Cambon,Rue de l'École,81990 Cambon,Tennis club,Europe/Paris,+33 5 63 45 20 99,"05 63 45 20 99, +33 5 63 45 20 99",Tennis Club de Cambon (Owner),simon@ballejaune.com,"facebook: https://facebook.com/TennisClubCambon,https://www.facebook.com/TennisClubCambon",3,4.7,https://www.google.com/maps?cid=16490435332934109406,43.913449,2.2143161,https://ballejaune.com/club/tccambon,ballejaune.com,https://lh3.googleusercontent.com/gps-cs-s/AG0ilSymbFQxmkgofVLeN5TmpdF1j-_UlXdicSr_shldurnUMWS_CGc8nAHYvpV5ABJBkfkymLxwJhqUY-uG5fDiPWIkebywu9T6nJkk642JXK72GphJ29j54Z1hIFgo1l_qSX1L2881VthUp5vI,ChIJMxjbRQXmrRIR3ogWs5DL2eQ,padel
Tennis Club Lagardelle sur Lèze,7 Chem. Neuf,31870 Lagardelle-sur-Lèze,Tennis club,Europe/Paris,+33 5 61 08 74 75,"05 61 08 74 75, +33 5 61 08 74 75",Tennis Club Lagardelle sur Lèze (Owner),,,8,4.3,https://www.google.com/maps?cid=4366434063017544477,43.4134245,1.3887153,https://tenup.fft.fr/club/60310373,tenup.fft.fr,https://lh3.googleusercontent.com/p/AF1QipNuRz3CukCyJJYdJrxNwl6kFFTYh1AliEwYwRmK,ChIJ7_OwkWvGrhIRHYtTXaWwmDw,padel
Tennis Club Graulhet,All. des Pins,81300 Graulhet,"Tennis club, Sports",Europe/Paris,+33 9 54 11 95 49,"09 54 11 95 49, +33 9 54 11 95 49",Tennis Club Graulhet (Owner),,,15,4.6,https://www.google.com/maps?cid=4271986858360680777,43.7643377,1.9957781,,,https://lh3.googleusercontent.com/gps-cs-s/AG0ilSxDRNYQvslQxxPftRR_GmhjzzmfulAlAj5dHVK38f9dl0p5oRj2ZY9JQ9YPzDVJDjgVimTXgJ-_ycwqHA7NDoT52YYXWj5DTWV5aa5S4YA7nbnzkBsVR3tF3fJ3cI0rrt1Qv2oY,ChIJsRqEhvp3rhIRSbG56WklSTs,padel
TENNIS CLUB BEAUMONTOIS,Rue le Blanc,82500 Beaumont-de-Lomagne,Sports club,Europe/Paris,+33 5 63 65 23 32,"05 63 65 23 32, +33 5 63 65 23 32",TENNIS CLUB BEAUMONTOIS (Owner),,,21,4.7,https://www.google.com/maps?cid=17960810959389209413,43.8781242,0.9839136,http://club.fft.fr/tcbeaumont82/,club.fft.fr,https://lh3.googleusercontent.com/p/AF1QipMnH0zL12TMyMMfNcMy6qjlBUbf5l_N7WXj30GL,ChIJV4fWZB7kqxIRRTNWOGieQfk,padel
SAINT JEAN TENNIS CLUB,7 Av. du Bois,31240 Saint-Jean,"Tennis club, Sports club, Tennis court",Europe/Paris,+33 6 62 28 28 45,"06 62 28 28 45, +33 6 62 28 28 45",SAINT JEAN TENNIS CLUB (Owner),,,14,4.4,https://www.google.com/maps?cid=9797340194722721553,43.6692693,1.5041547,https://tenup.fft.fr/club/60310258,tenup.fft.fr,https://lh3.googleusercontent.com/gps-cs-s/AG0ilSyIuC3hh9TOL5m4gjI74WknwtGyPWYSSUcJbpbgFUNzb_CrFuS2QlLypN3RMHhmuF1sn7G8Mh68o9b72V7FjZlxxnjLIZRlhBBCuAN1HceA57T56Tl5j3oSkiU8dGJ9hlVJ2p__RA,ChIJG1YNIhyjrhIREa8aov8k94c,padel
NOÉ TENNIS CLUB,156 Rte de Toulouse,31410 Noé,"Tennis club, Sports club",Europe/Paris,+33 7 71 78 06 11,"07 71 78 06 11, +33 7 71 78 06 11",NOÉ TENNIS CLUB (Owner),,,2,3,https://www.google.com/maps?cid=14437977674500990720,43.358074,1.274831,https://tenup.fft.fr/club/60310224?utm_source=gmb,tenup.fft.fr,https://lh3.googleusercontent.com/p/AF1QipNUuh9_A8XvSaFmp7Zj2mwFcdzFLXCXHkHscdQT,ChIJX_rNIDvNrhIRAOemAzMAXsg,padel
ENTENTE TENNISTIQUE MALEPERE,LE,Rue du Colombier,"Tennis club, Sports club",Europe/Paris,,,ENTENTE TENNISTIQUE MALEPERE (Owner),,,,,https://www.google.com/maps?cid=3112220201549650874,43.185364,2.241255,https://tenup.fft.fr/club/60110525?utm_source=gmb,tenup.fft.fr,https://streetviewpixels-pa.googleapis.com/v1/thumbnail?panoid=taeclEAOim0q2Qmpa45x1Q&cb_client=search.gws-prod.gps&w=80&h=92&yaw=12.183953&pitch=0&thumbfov=100,ChIJl8XCcsQzrhIRulspuMjTMCs,padel
Boussens Cassagne Mazères Tennis,7 Imp. du Stade,31360 Boussens,Tennis club,Europe/Paris,+33 5 61 90 32 99,"05 61 90 32 99, +33 5 61 90 32 99",Boussens Cassagne Mazères Tennis (Owner),,,19,4.5,https://www.google.com/maps?cid=4868395279830969884,43.1775283,0.9732978,https://club.fft.fr/bcm-tennis/,club.fft.fr,https://lh3.googleusercontent.com/p/AF1QipOzdRqZSqcxIL035NN_QjfDvxdROy1QuhQ8FA0a,ChIJLTVdnK8gqRIRHG6DkLYDkEM,padel
Tennis Club du Travet Castres,27 Rue Edouard Herriot,81100 Castres,"Tennis club, Recreation center",Europe/Paris,+33 6 85 01 32 22,"06 85 01 32 22, +33 6 85 01 32 22",Tennis Club du Travet Castres (Owner),tennisclubdutravet@gmail.com,facebook: https://www.facebook.com/TennisClubduTravetCastres,25,4.9,https://www.google.com/maps?cid=7187322321499073632,43.6146138,2.2291787,https://tennis-club-castres-tct.fr/,tennis-club-castres-tct.fr,https://lh3.googleusercontent.com/p/AF1QipM2HEaOtJOpVNUTptQVpHlVrzPSyJPTEiRnkQwV,ChIJUawa7f0RrhIRYCwwQ5J_vmM,padel
CARBONNE OLYMPIQUE TENNIS CLUB,Stade Alfred Prévost,31390 Carbonne,Tennis club,Europe/Paris,+33 5 61 87 98 48,"05 61 87 98 48, +33 5 61 87 98 48",CARBONNE OLYMPIQUE TENNIS CLUB (Owner),,,2,5,https://www.google.com/maps?cid=5778743159641387186,43.2909662,1.2303538,https://tenup.fft.fr/club/60310064?utm_source=gmb,tenup.fft.fr,https://streetviewpixels-pa.googleapis.com/v1/thumbnail?panoid=IcdPFyDR3UR5GFj25BJGug&cb_client=search.gws-prod.gps&w=80&h=92&yaw=152.05614&pitch=0&thumbfov=100,ChIJjX3kqR7TrhIRsrCkXkk4MlA,padel
Union Sportive Ramonville Tennis,2 All. des Sports,31520 Ramonville-Saint-Agne,Tennis club,Europe/Paris,+33 5 61 75 63 13,"05 61 75 63 13, +33 5 61 75 63 13",Union Sportive Ramonville Tennis (Owner),,,25,4.6,https://www.google.com/maps?cid=16397768870302639076,43.546125,1.481307,https://tenup.fft.fr/club/60310152?utm_source=gmb,tenup.fft.fr,https://lh3.googleusercontent.com/gps-cs-s/AG0ilSwt6FW4zzmn3DOE1JB0bSsiPbdQLk8szreeFcCdDc5safsOaLhMb_AlNYduLN_elXwy09pIiHnp1SX-N-WJigOJaruLcxKBTaQ7GSvUwhjzO4hcOh0BqBIzO4NFbT727b5cpzCG,ChIJoe7uR1i_rhIR5ONYj-iTkOM,padel
Tennis-briolet,300 Cazaban,11570 Cazilhac,Tennis club,Europe/Paris,,,Tennis-briolet (Owner),,,1,5,https://www.google.com/maps?cid=10044431099707071566,43.1798063,2.3700304,,,https://streetviewpixels-pa.googleapis.com/v1/thumbnail?panoid=cvKFAn4OSJ1i7dgxKV-N0g&cb_client=search.gws-prod.gps&w=80&h=92&yaw=31.77854&pitch=0&thumbfov=100,ChIJ_xzTewAtrhIRThztFN78ZIs,padel
Tennis Club Saint Orens,Rue du Stade,31650 Saint-Orens-de-Gameville,"Tennis club, Sports school",Europe/Paris,+33 7 67 50 98 71,"07 67 50 98 71, +33 7 67 50 98 71",Tennis Club Saint Orens (Owner),,,28,4.6,https://www.google.com/maps?cid=17580132776434833917,43.55457,1.54063,https://tenup.fft.fr/club/60310194,tenup.fft.fr,https://lh3.googleusercontent.com/gps-cs-s/AG0ilSxa9F-I-mPqfKN-Qc3VKuGC4zb2JY_Fii45x45BILE28qwogC5TOmYO-G_AyPwZhVpjToQGiG4T7PpDXhJpk29MEgiOj_lGvzG_3tXVtELgbd8F1nibouSqeZ8K70tcMtXQlmMF,ChIJ55UEqwuWrhIR_ZmZ250t-fM,padel
Tennis club de Pechbonnieu,Chem. de la Seille,31140 Pechbonnieu,Tennis club,Europe/Paris,,,Tennis club de Pechbonnieu (Owner),tcpechbonnieu@gmail.com,"facebook: https://www.facebook.com/TCPechbonnieu
instagram: https://www.instagram.com/tcpechbonnieu",5,4.6,https://www.google.com/maps?cid=2697571170218106336,43.7079479,1.4602516,https://tcpechbonnieu.fr/,tcpechbonnieu.fr,https://lh3.googleusercontent.com/gps-cs-s/AG0ilSzZy_q4dcAcYaBIGGq3hQlMvlrkC9PXI2dd5CPNjXUAe6IszH8TRh2CovtReusQGJWUTWkVaUXnWYOaf2hwUCEGB6DgbJKsboMilYl_04-XnpJVtw0JirAi0FUzwUqsxv5zbG8,ChIJOw73Ew-hrhIR4F0v3a-ybyU,padel
OMEPS CASTRES,Domaine de Gourjade,81100 Castres,Sports club,Europe/Paris,+33 5 63 59 26 09,"05 63 59 26 09, +33 5 63 59 26 09",OMEPS CASTRES (Owner),contact@omeps-castres.fr,"facebook: https://www.facebook.com/omeps.castres
instagram: https://www.instagram.com/omepscastres",11,4.7,https://www.google.com/maps?cid=7096558212543067302,43.61979,2.251349,http://www.omeps-castres.fr/,omeps-castres.fr,https://lh3.googleusercontent.com/p/AF1QipN-vthkCt5q729OcyFMmbMMow3E2bYC-3KLHjvZ,ChIJ5ySAcCYOrhIRprSCWhgKfGI,padel
Tennis Club,Rte de Lavalette,11290 Alairac,Tennis club,Europe/Paris,+33 4 68 71 81 04,"04 68 71 81 04, +33 4 68 71 81 04",Tennis Club (Owner),,,3,3.3,https://www.google.com/maps?cid=3748673701991339376,43.1856848,2.2504186,,,https://streetviewpixels-pa.googleapis.com/v1/thumbnail?panoid=Tf8BN3a0p6j86kBotsdryg&cb_client=search.gws-prod.gps&w=80&h=92&yaw=18.403555&pitch=0&thumbfov=100,ChIJlSzC3A4zrhIRcNUK4t72BTQ,padel
T.A.C Toulouse Athletic Club,37 Rue de Gironis,31100 Toulouse,"Tennis club, Restaurant",Europe/Paris,+33 5 62 14 08 97,"05 62 14 08 97, +33 5 62 14 08 97",T.A.C Toulouse Athletic Club (Owner),tactennis@orange.fr,"facebook: https://www.facebook.com/fbtactennis,https://www.facebook.com/TAC-TENNIS-307068032999
instagram: https://www.instagram.com/tac.tennistoulouse
youtube: https://www.youtube.com/channel/UCCMDxclI6XBjC_rFUgbdGcA",95,4.5,https://www.google.com/maps?cid=12941279702048216418,43.5645053,1.4178558,https://www.tactennis.fr/,tactennis.fr,https://lh3.googleusercontent.com/p/AF1QipN7Gz3UfMXd7MuhamsssLuVJUgv3_TCbNrUij8A,ChIJK2SYO-i7rhIRYpWOu1KpmLM,padel
Tennis Club Castres,2 Av. du Sidobre,81100 Castres,Tennis club,Europe/Paris,+33 7 88 02 41 17,"07 88 02 41 17, +33 7 88 02 41 17",Tennis Club Castres (Owner),contact@tccastres.com,"facebook: https://www.facebook.com/tenniscastres
instagram: https://www.instagram.com/tenniscastres",14,4.6,https://www.google.com/maps?cid=14770914081744398155,43.6060894,2.2534284,https://www.tccastres.com/,tccastres.com,https://lh3.googleusercontent.com/gps-cs-s/AG0ilSyyUtnkbLNrqIzhrlXRrGC_Hg3tC7Ss3Qr1xSResIOungC5AdapmZmHA0xR9DeGkRxjIwEkDEaeAGLT2jesWSMHtVyb6OIjIcEvet8HgFWUxaun5H-LIM22d0HXzTYIjC17Eqk5,ChIJa2xya9ARrhIRS6cwAhnU_Mw,padel
ASSOCIATION TENNIS MONTAUBAN A.T.M,2145 Rte de Saint-Antonin,82000 Montauban,Tennis club,Europe/Paris,+33 5 63 03 30 38,"05 63 03 30 38, +33 5 63 03 30 38",ASSOCIATION TENNIS MONTAUBAN A.T.M (Owner),,,45,4.4,https://www.google.com/maps?cid=478819533114101786,44.0394185,1.41276,https://tenup.fft.fr/club/60820058?utm_source=gmb,tenup.fft.fr,https://lh3.googleusercontent.com/gps-cs-s/AG0ilSzLurP5-1lAMZqMzkLL6hrcBpSuVLYlw9a0w7z-nTr9WLRRawCNCtxRy3YILN6rPLmvftPMI6AH3dz9d0go59RTRNUXw5FlXnr8SUE0EyzHgkzGnhjQ65s2QMj-B0tp7BsmUMPRrA,ChIJNeOKKBsTrBIRGtDIFtQbpQY,padel
CASTELSARRASIN TENNIS CLUB,Rue Baptiste Marcet,82100 Castelsarrasin,Tennis club,Europe/Paris,,,CASTELSARRASIN TENNIS CLUB (Owner),,,4,4.5,https://www.google.com/maps?cid=3575569423757119617,44.050143,1.095806,,,https://lh3.googleusercontent.com/gps-cs-s/AG0ilSz-J3YGsz0II-D5WF1TEZZD7es6UL_LxZfI5peF7f05y-M0gbgY2GmolLs-PsKUvbi45K5Cn3H7LopdTQ4h14BOOMPwtP7ldbZHw680r7yt9HXzjWOo3iD0w9TF-iyJHyvD0B5vFw,ChIJBeVxwvDzqxIRgZDKXHL5njE,padel
BLAGNAC TENNIS CLUB,11 Av. des Tilleuls,31700 Blagnac,"Tennis club, Sports club",Europe/Paris,+33 5 61 71 24 24,"05 61 71 24 24, +33 5 61 71 24 24",BLAGNAC TENNIS CLUB (Owner),tcblagnac@fft.fr,"facebook: https://www.facebook.com/p/Blagnac-Tennis-Club-BTC-100076066698863
instagram: https://www.instagram.com/blagnac_tc",111,4,https://www.google.com/maps?cid=6349559838794605604,43.633652,1.380718,https://www.blagnactennisclub.fr/,blagnactennisclub.fr,https://lh3.googleusercontent.com/gps-cs-s/AG0ilSxK7TA7qj7ofSV5UPdzsA02bSUcoeoafUfSHbmfcQlzAtZ2dJUpj5z4fcGIKDuxlxs5KBwEq0anqwLUVTdPLSnbP88QZ5RIgSSSPro_CzpS9az9jQanwGWcs7UdhlKcKoWHxcSU,ChIJ2_NDQzClrhIRJGRwLwgrHlg,padel
Sporting Form Toulouse,Complexe Sporting Village,272 Rte de Launaguet,"Sports club, Gym, Pilates studio, Fitness center, Yoga instructor",Europe/Paris,+33 5 34 40 50 60,"05 34 40 50 60, +33 5 34 40 50 60",Sporting Form Toulouse (Owner),contact@sporting-form.fr,"facebook: https://www.facebook.com/sportingform
instagram: https://www.instagram.com/sportingform
youtube: https://www.youtube.com/channel/UCWMbffJlCx2oaTAnMw12xYQ",446,4.4,https://www.google.com/maps?cid=5927172302168318789,43.6519312,1.4388016,https://www.sporting-form.fr/,sporting-form.fr,https://lh3.googleusercontent.com/p/AF1QipO54gjtQK1bUFMuWQrtRPAAmbs6iWimca8ZeXos,ChIJP1WwUpmkrhIRReNGKc6LQVI,padel
MAGNOAC TENNIS CLUB,Stade Municipal,65230 Castelnau-Magnoac,"Tennis club, Sports club",Europe/Paris,,,MAGNOAC TENNIS CLUB (Owner),,,8,4.9,https://www.google.com/maps?cid=18202135755060102420,43.290963,0.510386,https://tenup.fft.fr/club/60650389?utm_source=gmb,tenup.fft.fr,https://lh3.googleusercontent.com/gps-cs-s/AG0ilSzpvt-v3fEQNAlLbnLv4jOKb9BGQV43PVfkIdQ9xmL_DJumFGtEJpQGATdf0jEj98jAY2ZIB37TeIG8K21yUz7oysB8GWJUyAcNaSAcTYuS8yx8x8du5S4IsSqQTW6NJzNezBi8aHvCktRW,ChIJr54YcG-vqRIRFEXLuQf6mvw,padel
Arsenal Padel,25 Av. des Forges,65000 Tarbes,Sports club,Europe/Paris,+33 5 62 31 40 02,"05 62 31 40 02, +33 5 62 31 40 02",Arsenal Padel (Owner),contact@arsenalpadel.fr,"facebook: https://www.facebook.com/p/Arsenal-Padel-61553689462449
instagram: https://www.instagram.com/arsenal_padel
linkedin: https://www.linkedin.com/company/arsenal-padel-tarbes",27,4.8,https://www.google.com/maps?cid=7658725189085650161,43.2414853,0.0828877,https://www.arsenalpadel.fr/,arsenalpadel.fr,https://lh3.googleusercontent.com/gps-cs-s/AG0ilSxdwV0lo-VnpQ0Xx2v6NVwBs3XK7bzf3rBTdVLfVjceOTv6atbVyEu61YUmJLxpftPnNLPCRs-yU8KfUA_yYt-AT2PopCctj_h9zXKstbHC0CMBvLOzscu_ThLSVgjfwSbHEhky,ChIJx4dU-AvTqRIR8VzJV_tBSWo,padel
DAUPHINS DU TOEC,54 Rue des 7 Troubadours,31000 Toulouse,Sports club,Europe/Paris,+33 5 61 99 10 10,"05 61 99 10 10, +33 5 61 99 10 10",DAUPHINS DU TOEC (Owner),administratif@lesdauphinsdutoec.com,"facebook: https://www.facebook.com/lesdauphinsdutoec31
instagram: https://www.instagram.com/dauphinsdutoec
linkedin: https://www.linkedin.com/in/les-dauphins-du-toec-90a99122b",40,4.4,https://www.google.com/maps?cid=7497860506808894020,43.6074926,1.4550615,https://dauphins-toec.com/,dauphins-toec.com,https://lh3.googleusercontent.com/gps-cs-s/AG0ilSzHGRXGLm2X58KU10Ez6R7XgV6ewOcnsQ_aprt9_XFK1L3jSdrfFGrAGjcY51h5PhqONu-Gc4teWEs1gjrJO-ALyadBgwL07vvKLy72Dd8vq9m2p2UZzu1DrgjSy3aUBMZgSq-L3Q,ChIJUyZ6OBO9rhIRRELG02fADWg,padel
TRIE SUR BAISE TENNIS CLUB,36 Rue de Francingue,65220 Trie-sur-Baïse,"Tennis club, Sports club",Europe/Paris,+33 5 62 35 50 21,"05 62 35 50 21, +33 5 62 35 50 21",TRIE SUR BAISE TENNIS CLUB (Owner),,,,,https://www.google.com/maps?cid=14474097436235288464,43.320721,0.37036,https://tenup.fft.fr/club/60650033?utm_source=gmb,tenup.fft.fr,https://lh3.googleusercontent.com/gps-cs-s/AG0ilSy7VedY0BK48lIiR9cn_RlquSRwxYbncw1bYMY27qSQtCpdzWMoAKvqWSJoaTe1CB4XZskqTU44Ggb4Tr-J9k37Ijxw9qNQEsKm0bDPN_SMFcGvQ_q-m0nl3sBaBkm58ydXI4MWZw,ChIJpX_vKCe3qRIRkE8yY-5S3sg,padel
LHERM TENNIS CLUB,2 Av. de Gascogne,31600 Lherm,"Tennis club, Sports club",Europe/Paris,+33 5 61 56 72 23,"05 61 56 72 23, +33 5 61 56 72 23",LHERM TENNIS CLUB (Owner),,,9,4.8,https://www.google.com/maps?cid=1889294731056467259,43.4275282,1.224767,https://tenup.fft.fr/club/60310652?utm_source=gmb,tenup.fft.fr,https://lh3.googleusercontent.com/gps-cs-s/AG0ilSyqfAWmc-omGAFPM4lawP3hKUkwHKAwOZEFBgTnDzyp03nEUFRhidO5pFCjHa2xFXrKw6cVuA751VpqrF77qwVwYgEhhcgosrfR_MHM4VOx2bIoR2xqL2YVzQAK4Zn0-Im0wJUb,ChIJlXTvOj3LrhIRO02jSIwfOBo,padel
TENNIS PUYGOUZON ASSOCIATION,14 Rue Ampère,81990 Puygouzon,"Tennis club, Sports club",Europe/Paris,+33 5 63 54 95 81,"05 63 54 95 81, +33 5 63 54 95 81",TENNIS PUYGOUZON ASSOCIATION (Owner),,,9,4.6,https://www.google.com/maps?cid=3026727377066804541,43.8904266,2.1663372,https://tenup.fft.fr/club/60810643?utm_source=gmb,tenup.fft.fr,https://streetviewpixels-pa.googleapis.com/v1/thumbnail?panoid=KjSHACEdZ1GF02svEzIWIQ&cb_client=search.gws-prod.gps&w=80&h=92&yaw=305.69644&pitch=0&thumbfov=100,ChIJW8dAhJbnrRIRPUUEXoMYASo,padel
LABARTHE RIVIERE TENNIS CLUB,Town Hall,31800 Labarthe-Rivière,"Tennis club, Sports club",Europe/Paris,,,LABARTHE RIVIERE TENNIS CLUB (Owner),,,,,https://www.google.com/maps?cid=5194863428352711318,43.0819991,0.6751771,http://tenup.fft.fr/,tenup.fft.fr,https://streetviewpixels-pa.googleapis.com/v1/thumbnail?panoid=06_z2XdRcPlq3hPlP6VnYw&cb_client=search.gws-prod.gps&w=80&h=92&yaw=167.38463&pitch=0&thumbfov=100,ChIJcwbzYob5qBIRlpqht8PcF0g,padel
Centre Départemental de Padel des Hautes-Pyrénées,Rue de l'Agriculture,65310 Horgues,Sports club,Europe/Paris,+33 6 80 54 79 33,"06 80 54 79 33, +33 6 80 54 79 33",Centre Départemental de Padel des Hautes-Pyrénées (Owner),,,27,4.5,https://www.google.com/maps?cid=10314688866408372587,43.1856641,0.0800482,,,https://lh3.googleusercontent.com/gps-cs-s/AG0ilSxSONLMCqEHP2qJ7RGt97pX0J8Xp0fejMu-0YLt-Yfcl7mFFcUeExof7GNILB3vyoj3daF1fRm3ztEarTLOcz9VAcB9_2y2s46iL6YBSgeaJ9DhnO1XfSi491FDCRroJYOFB88A,ChIJ9cPM-r7TqRIRa5ny2t8iJY8,padel
SAS PADEL RIVIERA,762 Av. de Tournamy,06250 Mougins,Sports club,Europe/Paris,+33 6 64 80 60 65,"06 64 80 60 65, +33 6 64 80 60 65",SAS PADEL RIVIERA (Owner),contact@padel-riviera.com,"facebook: https://www.facebook.com/people/Padel-Riviera/100078176466271
instagram: https://www.instagram.com/padel_riviera_mougins",104,4.6,https://www.google.com/maps?cid=670684895771790668,43.6046758,6.9878478,https://padel-riviera.com/,padel-riviera.com,https://lh3.googleusercontent.com/gps-cs-s/AG0ilSwH-jz7XUuIMxVEoE0XN3rjO3z9eHpx0NHGIW6OXWVvexRSf-uJheUl-4xq2g1oW4oGsQMNcEidmHKUJwK6R2_qp2-hbo3oRnxaIm0TpBKoqSzBz-IDp1LdNXFABjpVT8TBJgI,ChIJi5RShycpzBIRTI2y-FvATgk,padel
South padel park,2100 Chem. des Wagonnets,83480 Puget-sur-Argens,Padel court,Europe/Paris,+33 7 43 37 38 62,"07 43 37 38 62, +33 7 43 37 38 62",South padel park (Owner),,"instagram: https://www.instagram.com/southpadelpark
tiktok: https://www.tiktok.com/@south.padel.park",41,4.9,https://www.google.com/maps?cid=10286470288169624279,43.4442213,6.6944596,https://www.southpadelpark.fr/,southpadelpark.fr,https://lh3.googleusercontent.com/p/AF1QipM4w4ahqZ2f3L7HEOt-nmkM0_pGwnOjd0YHDCdS,ChIJdYR6__qjzhIR1-L1HjriwI4,padel
TMO Padel,568 Rte de la Gare,83190 Ollioules,Sports club,Europe/Paris,+33 6 65 15 15 22,"06 65 15 15 22, +33 6 65 15 15 22",TMO Padel (Owner),,,239,5,https://www.google.com/maps?cid=17358021678057663434,43.1253801,5.8307536,https://tmo-padel.fr/index.php/padel-accueil.html,tmo-padel.fr,https://lh3.googleusercontent.com/gps-cs-s/AG0ilSyJtATccfTDg9h3xtjEZ4RFKUVWBF8H5iBXGG83XZEgSHotU6aAAxhpqdlrOlMmViyE_o1vO0qJGv-rY-CKrLjus8TR3mgQAkLm1KdhxoDbZGLQU1MGtcjzigPe2YJbg2GVp_j8Emc_8szW,ChIJ8ZavLb8FyRIRyiso3L8U5PA,padel
Padel Eze - Côte d'Azur,861 Bd du Maréchal Leclerc,06360 Èze,Sports club,Europe/Paris,+33 4 93 41 16 91,"04 93 41 16 91, +33 4 93 41 16 91",Padel Eze - Côte d'Azur (Owner),michel.borfiga@gmail.com,facebook: https://www.facebook.com/PadelEze,132,4.9,https://www.google.com/maps?cid=3484784378784994678,43.7334965,7.3531997,http://www.padelcotedazur-ezevillage.com/,padelcotedazur-ezevillage.com,https://lh3.googleusercontent.com/p/AF1QipM7eASsWZy0U6n1dSrYn__BSOtO8CY5NMy5JFjy,ChIJ826y4DjDzRIRdlVP6O1wXDA,padel
Padel Marseille,92 Chem. des Accates,13011 Marseille,Padel club,Europe/Paris,+33 7 89 44 24 11,"07 89 44 24 11, +33 7 89 44 24 11",Padel Marseille (Owner),,facebook: https://www.facebook.com/padelmarseille,96,4.5,https://www.google.com/maps?cid=12703222022513270117,43.3013962,5.4925027,http://padelmarseille.fr/,padelmarseille.fr,https://lh3.googleusercontent.com/gps-cs-s/AG0ilSwDge27qc_6hSPJvJFRq80DZmakGuTbPdxH-VMfwjWXXXPKDNvKBgy5usS5SJ1fy48Wyoonab-Z2wn3k0eMX4HpdYgBNqyri2-lHF2cYG55oxTwBC7C6bKAp1onPRHJGiVRO0xMVA,ChIJC9kcJjq8yRIRZZ3S-h_pSrA,padel
Padel Indoor Arena 83,19 Rue Claudette Brenguier,83260 La Crau,Padel club,Europe/Paris,+33 6 65 32 55 52,"06 65 32 55 52, +33 6 65 32 55 52",Padel Indoor Arena 83 (Owner),,,47,5,https://www.google.com/maps?cid=13609302302432635590,43.1313426,6.0735478,https://ballejaune.com/club/padelarena,ballejaune.com,https://lh3.googleusercontent.com/p/AF1QipM_9vXOMVv39XAurFVk3tGIWJAYxB2BnfjM8hPX,ChIJIUN1ytYjyRIRxipnwVb03bw,padel
ALL IN PADEL SPORTS,La Petite Bastide,Decathlon Village (Parking Sud) Rn 8,Padel club,Europe/Paris,+33 6 49 86 89 55,"06 49 86 89 55, +33 6 49 86 89 55",ALL IN PADEL SPORTS (Owner),contacts@allinpadelsports.club,"facebook: https://www.facebook.com/allinpadelsports
instagram: https://www.instagram.com/allinpadelsports
twitter: https://x.com/padelsports
youtube: https://www.youtube.com/channel/UCyW6L9Cn9aDG55E35PkBODQ",67,4.6,https://www.google.com/maps?cid=6413028093836736388,43.430164,5.400238,http://www.allinpadelsports.com/,allinpadelsports.com,https://lh3.googleusercontent.com/gps-cs-s/AG0ilSxE-G0wbF2PqhBMRj4depjApIrX4nlZnu2c--W0Rv5hrcYSTyHfEJW3E_OkdCHop88PK6twpnvQSEyxnC1yCxSda3WHmPbzvlJXj5AK2z8MGIJvI7a02pxBo7Stw_2gusGMyCmF,ChIJFcENbKmUyRIRhDe92xKn_1g,padel
Padel Bocage,All. Pierre de Coubertin,13380 Plan-de-Cuques,Padel club,Europe/Paris,+33 6 51 37 33 82,"06 51 37 33 82, +33 6 51 37 33 82",Padel Bocage (Owner),contact@padelbocage.fr,"facebook: https://www.facebook.com/padel.bocage.5,https://www.facebook.com/padel.bocage,https://www.facebook.com/palmares.sport",76,4.8,https://www.google.com/maps?cid=13124776669282249131,43.3396911,5.4599962,https://padelbocage.fr/,padelbocage.fr,https://lh3.googleusercontent.com/p/AF1QipORVmabGsKyRSUYmRE_GdtuC1ZG5sJRcwfehCbi,ChIJC84nYxa-yRIRqynnuNeSJLY,padel
Padel des 11&12 - Richard Miron,39 Av. Alfred Blachere,13012 Marseille,Padel court,Europe/Paris,+33 6 32 28 90 80,"06 32 28 90 80, +33 6 32 28 90 80",Padel des 11&12 - Richard Miron (Owner),padel-11-12@marseille.fr,"facebook: https://www.facebook.com/marseille1112
instagram: https://www.instagram.com/marseillemairie1112
linkedin: https://www.linkedin.com/company/marseille-1112
twitter: https://x.com/marseille1112
youtube: https://www.youtube.com/@marseille1112",34,4.9,https://www.google.com/maps?cid=7597295212228379482,43.3208207,5.4667427,https://marseille1112.fr/padel-des-1112,marseille1112.fr,https://lh3.googleusercontent.com/p/AF1QipMBZR_A6X7zSFRXnnaAMUZRl6sJouvvLjBJH8jt,ChIJwXMSQgC_yRIRWgOmSr4Db2k,padel
ULTRA FABRON - PADEL et FOOTBALL,279 Av. de Fabron,06200 Nice,Padel club,Europe/Paris,+33 7 85 84 62 56,"07 85 84 62 56, +33 7 85 84 62 56",ULTRA FABRON - PADEL et FOOTBALL (Owner),"cimiez@sports-ultra.com,fabron@sports-ultra.com,cagnes@sports-ultra.com,capesterel@sports-ultra.com,auron@sports-ultra.com,valberg@sports-ultra.com,isola@sports-ultra.com","facebook: https://www.facebook.com/ultra.club.multisports
instagram: https://www.instagram.com/ultra.club.multisports
linkedin: https://www.linkedin.com/company/ultra-france",117,4.5,https://www.google.com/maps?cid=6936497751112907047,43.6927075,7.2102779,http://www.sports-ultra.com/,sports-ultra.com,https://lh3.googleusercontent.com/gps-cs-s/AG0ilSxxoZc1paVFX4V932N3nCIX-ekCqvjZsWQwGyn9dF8yNuT_MUQUpElujgQWvC0HU24VasgNvdm_pPMkrIHvJjcz3kroyNDszbpj-08pd-A8pG7X4Q9ZHk-DV-e6dN9vIGlTEx9x,ChIJQdaRXN3RzRIRJ3lhGPRjQ2A,padel
Country Club Padel,1195 Chem. des Cruyes,13090 Aix-en-Provence,Padel club,Europe/Paris,+33 4 13 65 80 06,"04 13 65 80 06, +33 4 13 65 80 06",Country Club Padel (Owner),"olivier.tolisano@fft.fr,christian.collange@fft.fr",facebook: https://www.facebook.com/WordPresscom,46,4.8,https://www.google.com/maps?cid=17888358205521621220,43.5687446,5.416697,http://countryclubpadel.com/,countryclubpadel.com,https://lh3.googleusercontent.com/p/AF1QipNExZFGQ3BXPPsttNJv2ys7ARN4MKFhs_CSyQwF,ChIJ_eUGH5WMyRIR5HAP5wI3QPg,padel
LE COURT - Padel Indoor Hyères,271 Rue de la Forge,83400 Hyères,"Padel court, Padel club",Europe/Paris,+33 6 12 53 02 09,"06 12 53 02 09, +33 6 12 53 02 09",LE COURT - Padel Indoor Hyères (Owner),lecourt@padel-indoor.fr,"facebook: https://www.facebook.com/lecourtpadelindoor
instagram: https://www.instagram.com/lecourt_padel_indoor,https://www.instagram.com/p",59,4.7,https://www.google.com/maps?cid=3967497855146423678,43.109767,6.103683,https://padel-indoor.fr/,padel-indoor.fr,https://lh3.googleusercontent.com/p/AF1QipMtGoB6H0h4ubPNb_4yiTelgFSo6WkgDXN7Ir7x,ChIJuQqnNtMjyRIRfnUgT0diDzc,padel
Le Cercle du Padel,1578 Rte de siège,13109 Simiane-Collongue,"Padel club, Padel court, Sports club",Europe/Paris,+33 6 52 65 71 35,"06 52 65 71 35, +33 6 52 65 71 35",Le Cercle du Padel (Owner),contact@lecercledupadel.com,"instagram: https://www.instagram.com/lecercledupadel
tiktok: https://www.tiktok.com/@lecercledupadel",65,4.8,https://www.google.com/maps?cid=4806552209642442480,43.4292177,5.4186345,https://www.lecercledupadel.com/,lecercledupadel.com,https://lh3.googleusercontent.com/p/AF1QipNlH3uUxRLirxD2m4uVkM2i-K4iYNr51nb3Cyt2,ChIJUdlGELiVyRIR8E4busRNtEI,padel
Z5 Padel Aix,205 Av. du 12 Juillet 1998,13290 Aix-en-Provence,"Padel court, Padel club",Europe/Paris,+33 4 42 20 55 55,"04 42 20 55 55, +33 4 42 20 55 55",Z5 Padel Aix (Owner),contact@z5padel.com,"facebook: https://www.facebook.com/z5padelofficial
instagram: https://www.instagram.com/z5padel,https://www.instagram.com/p",93,4.3,https://www.google.com/maps?cid=7974112735984655827,43.4791322,5.3971455,http://z5padel.com/,z5padel.com,https://lh3.googleusercontent.com/p/AF1QipMw8WMEeFFBL8PcX_fgpZgIOOeb8FPbEES58lZ3,ChIJr-UfxZ6TyRIR051I40i9qW4,padel
CAP 7 PADEL,41 Rue Gustave Eiffel,13010 Marseille,Padel court,Europe/Paris,+33 6 19 70 86 98,"06 19 70 86 98, +33 6 19 70 86 98",CAP 7 PADEL (Owner),,instagram: https://www.instagram.com/cap7padel,94,4.6,https://www.google.com/maps?cid=15654778552023771508,43.2757763,5.4068253,https://www.cap7padel.fr/,cap7padel.fr,https://lh3.googleusercontent.com/gps-cs-s/AG0ilSxMO203VfHzx-fXYnPwNbxt_ddvEuxzhtxv2n0JEyEyThy9E3vr3vdTzWUVSU8GhPJTTTndgET4DgfYcIe5neQqTN5esuekoA-6YJdH9DVeNq1G2h4VBXHgMCJGN8533tFBmfJRRyt66Gxz,ChIJPSbQY365yRIRdOnHhibyQNk,padel
Padel Tennis Nice Valrose,65 Av. Valrose,06000 Nice,"Tennis club, Sports complex, Tennis court",Europe/Paris,+33 6 46 23 09 43,"06 46 23 09 43, +33 6 46 23 09 43",Padel Tennis Nice Valrose (Owner),,"facebook: https://www.facebook.com/padelnice
instagram: https://www.instagram.com/padelnice",100,4.4,https://www.google.com/maps?cid=16475629659486654447,43.7170524,7.2652192,https://www.padel-tennis-nice.fr/,padel-tennis-nice.fr,https://lh3.googleusercontent.com/p/AF1QipNOoTBb5hEMK0rSpmy94C7aK6HSMJD_1_a4nq2V,ChIJz10e_dbFzRIR74-XOOIxpeQ,padel
Padel Pioline,Chem. de la Pioline,13290 Aix-en-Provence,"Padel club, Bar, Cafe, Restaurant",Europe/Paris,+33 6 27 67 38 55,"06 27 67 38 55, +33 6 27 67 38 55",Padel Pioline (Owner),,,18,4.2,https://www.google.com/maps?cid=14913500659074400951,43.5085107,5.4087401,https://workandpadel-pioline.doinsport.club/home,doinsport.club,https://lh3.googleusercontent.com/gps-cs-s/AG0ilSxa8a5nLXg4at_5OxCzdoMFFWj7yzu89HKlPSa7SZ9GSYPvZC3AAYgVchGbMZx1uywNOGFgxKtV30kpUteAGSId8Q50AjshdwODa1-55rm9M4wjMencE9x954Tlb5pmJsDkVoDH,ChIJ6WaGooiTyRIRtwKvldVl984,padel
Padel Club Mimet,877 Rte de Puits Gérard,13105 Mimet,Sports club,Europe/Paris,+33 6 20 90 20 90,"06 20 90 20 90, +33 6 20 90 20 90",Padel Club Mimet (Owner),,,34,4.6,https://www.google.com/maps?cid=11756324086671273747,43.4290466,5.4694775,http://www.padelclubmimet.fr/,padelclubmimet.fr,https://lh3.googleusercontent.com/p/AF1QipM1iBwntKB1Q3CIdFhwACAWlYfmy6K_q7dT7tNs,ChIJ08TUm7mVyRIRE-9oGnjaJqM,padel
UrbanPadel - Club de Padel Marseille La Valentine,1 Mnt Commandant de Robien,13011 Marseille,Padel court,Europe/Paris,+33 4 84 32 00 30,"04 84 32 00 30, +33 4 84 32 00 30",UrbanPadel - Club de Padel Marseille La Valentine (Owner),,"facebook: https://www.facebook.com/UrbanPadel-112095204880843
instagram: https://www.instagram.com/urbanpadelfr",3,4.7,https://www.google.com/maps?cid=11245627269504511874,43.2859661,5.4883647,https://www.urbanpadel.fr/,urbanpadel.fr,https://lh3.googleusercontent.com/p/AF1QipN3UJOrnON_zmatIAyrSmybHVSsv7yl5grRrUjZ,ChIJ8SUfzs-9yRIRgi9Dc2t-EJw,padel
Park Club Arbois - Padel Tennis,Rte de Calas,13480 Cabriès,Sports complex,Europe/Paris,+33 4 69 96 80 60,"04 69 96 80 60, +33 4 69 96 80 60",Park Club Arbois - Padel Tennis (Owner),contact@winwin-padel.com,"facebook: https://www.facebook.com/winwinpadel
twitter: https://x.com/WorldPadelTour,https://x.com/winwinpadel
youtube: https://www.youtube.com/channel/UCzPAcA_D5hdME2brB4Docdw",238,4.2,https://www.google.com/maps?cid=1207107395362369379,43.4269173,5.3663571,https://www.winwin-padel.com/,winwin-padel.com,https://lh3.googleusercontent.com/gps-cs-s/AG0ilSxaLbp_58JH6IzqlDKyhVBu7D_wC7aIJqdOKxJUlSiD8m8dPBUps8zmK3GX1LJ-_BQ-hOIeHL04gRsdnY6JQpyZXHw2Rmhugs6Y3WKLJWqlkT5NS1AcxMopuGnXRP_xmNuXCGMx,ChIJF8Q3dWnryRIRYy9S0seBwBA,padel
Pad&Ball | Padel | Frejus,1810 Rte de Malpasset,83600 Fréjus,Padel court,Europe/Paris,+33 7 49 07 40 50,"07 49 07 40 50, +33 7 49 07 40 50",Pad&Ball | Padel | Frejus (Owner),contact@padandball.fr,"instagram: https://www.instagram.com/padandball,https://www.instagram.com/pad_ball",61,4.4,https://www.google.com/maps?cid=6691074901210973043,43.4593408,6.7416797,http://www.padandball.fr/,padandball.fr,https://lh3.googleusercontent.com/p/AF1QipNc6FhLX2UWUXCvxqPKio7G1bpOED_6DcRUHykp,ChIJ4defAhqjzhIRc0M2_Ct521w,padel
Smash Padel Le Castellet,Parc d'activité du plateau de Signes,Allée de Vienne,"Padel club, Padel court",Europe/Paris,+33 6 85 77 07 92,"06 85 77 07 92, +33 6 85 77 07 92",Smash Padel Le Castellet (Owner),club@smash-padel.fr,"facebook: https://www.facebook.com/people/Smash-Padel/100091145942028
instagram: https://www.instagram.com/smashpadelcastellet
linkedin: https://www.linkedin.com/company/smash-padel-signes",6,5,https://www.google.com/maps?cid=17714174443186321242,43.2590619,5.7953928,http://www.smash-padel.fr/,smash-padel.fr,https://lh3.googleusercontent.com/p/AF1QipPgnKsYIINV8K86HLhq8rIQYAhoxpreZ1SvK0IV,ChIJqUphiHYNyRIRWndsZ81j1fU,padel
La Pista Padel Club,408 All. du Golf,13480 Cabriès,Padel club,Europe/Paris,+33 6 15 48 79 98,"06 15 48 79 98, +33 6 15 48 79 98",La Pista Padel Club (Owner),contact@lapistapadel.fr,"instagram: https://www.instagram.com/lapistapadelclub,https://www.instagram.com/laura_clergue
linkedin: https://www.linkedin.com/company/la-pista-padel-club
tiktok: https://www.tiktok.com/@lapistapadelclub",23,5,https://www.google.com/maps?cid=13057865670841981155,43.4481759,5.350922,http://www.lapistapadel.fr/,lapistapadel.fr,https://streetviewpixels-pa.googleapis.com/v1/thumbnail?panoid=kzvVvDFvfOu9XUsaNXxNeg&cb_client=search.gws-prod.gps&w=80&h=92&yaw=135.36887&pitch=0&thumbfov=100,ChIJz_8oCsrtyRIR49hN46TbNrU,padel
P3 By Marina / Padel Peypin,ZA Valdonne,13124 Peypin,Padel club,Europe/Paris,+33 6 19 97 47 86,"06 19 97 47 86, +33 6 19 97 47 86",P3 By Marina / Padel Peypin (Owner),,,14,4.9,https://www.google.com/maps?cid=7275301442163136572,43.395846,5.5647283,,,https://lh3.googleusercontent.com/gps-cs-s/AG0ilSzsMKX4Wn88S5TeUMNdvm3eeLtXLIho9ucoKSbKA0ZB65vilrWBWeIMrkrhbvKYucfLSP21moRgAJQe-kZ3ad74SqgpPFT18SSpRlNGf9Vdmw9BaVrsh0Ij9HdoODuxDLdRwcUEtsR87cA,ChIJDShuxzSZyRIRPFgFjh0Q92Q,padel
LB13 Padel Tennis Club Allauch,Domaine de la Bauquière,Av. Jean Giono,Padel club,Europe/Paris,+33 7 52 08 26 22,"07 52 08 26 22, +33 7 52 08 26 22",LB13 Padel Tennis Club Allauch (Owner),,instagram: https://www.instagram.com/lb13_padeltennis,22,4.9,https://www.google.com/maps?cid=2506645879988910536,43.3338615,5.4804638,https://lb13padeltennis.fr/,lb13padeltennis.fr,https://lh3.googleusercontent.com/gps-cs-s/AG0ilSzcmHEeHO9uzxJf0Vg3dpbxg5YzGSe06RjQrMOmcUvL0qtGDumxx5Ndi3GPwYbXuK9JbHV3gHnHXY0jGIiqcFVsL5Ewg4JUY2vwSTG9c-raR5ctXXRiP0l14qhWYnzXVWy3Uwk,ChIJzRs1fc69yRIRyHlvpiVlySI,padel
V Indomitus Padel Nice la Trinité,51 Bd Fuon Santa,06340 La Trinité,Padel club,Europe/Paris,+33 4 89 22 46 89,"04 89 22 46 89, +33 4 89 22 46 89",V Indomitus Padel Nice la Trinité (Owner),,,50,4.5,https://www.google.com/maps?cid=2445237305102030803,43.7400662,7.3244011,,,https://lh3.googleusercontent.com/gps-cs-s/AG0ilSwj_Bk-TK9CkIvhiEXepNzC0FTlnsoMStOOociJ-OAixGgesdpm-KtBgpm_hTay68HB6hJV5hZFMdQ8bGIR50QONDlhRbif40Up-R3wdj1sFQNlW584sqZe1YI4SMChgCluSOqYwoANyXzD,ChIJoU8JOHjFzRIR09cjol867yE,padel
Padel Indoor Marseille,189 Bd de la Valbarelle,13011 Marseille,Padel club,Europe/Paris,+33 6 12 01 76 65,"06 12 01 76 65, +33 6 12 01 76 65",Padel Indoor Marseille (Owner),contact@padelindoormarseille.com,"instagram: https://www.instagram.com/p,https://www.instagram.com/padelindoormarseille",25,3.6,https://www.google.com/maps?cid=5865370146044691903,43.2886804,5.4536995,https://padelindoormarseille.com/,padelindoormarseille.com,https://lh3.googleusercontent.com/gps-cs-s/AG0ilSx7BaSSo6J1Dia1cdDiNaZ8U4LbDa7qABUqFsiO-Q9kIouWk9RyGtDudJgfBHPk2hUS-k1_3G6k_tst-2S-bqkYpNvpTT9rxoWfxvnHB4mrAeqWGf3MI1LiooqXkQ5y66hns9s5,ChIJLR_gBgC_yRIRv8UsXxL7ZVE,padel
Greenpoint Carlone,52 Route de Saint-Antoine,06200 Nice,"Padel club, Pilates studio, Tennis club, Yoga studio",Europe/Paris,+33 7 62 17 46 91,"07 62 17 46 91, +33 7 62 17 46 91",Greenpoint Carlone (Owner),,,71,4.8,https://www.google.com/maps?cid=3696386395671939990,43.6942151,7.2355715,,,https://lh3.googleusercontent.com/p/AF1QipN19R0-LN6JPAFkbJEFqF5pQyxakiFnpUc0tAoF,ChIJWWinOQDRzRIRlsucstczTDM,padel
Tennis Padel Soleil,1690 Avenue des Combattants en Afrique du N,06240 Beausoleil,"Padel club, Tennis club",Europe/Paris,+33 4 93 78 06 41,"04 93 78 06 41, +33 4 93 78 06 41",Tennis Padel Soleil (Owner),"utilisateur@domaine.com,contact@tennispadelsoleil.fr","facebook: https://www.facebook.com/tennispadelsoleil
instagram: https://www.instagram.com/tennispadelsoleil
youtube: https://www.youtube.com/channel/UCKUprefZ1hqn0jXzgwVabpQ",124,4.4,https://www.google.com/maps?cid=13244898774615613461,43.7474014,7.4195652,https://www.tennispadelsoleil.club/,tennispadelsoleil.club,https://lh3.googleusercontent.com/gps-cs-s/AG0ilSyUL3q1PvdIMUzpBEoCXPNU3eze64x14AUnbpurWo1AvVmJd9v5t1e5mXrTeANAzIdXPFZhRkQJT4HC9Go7WPksc_8r37ytX-kHUL_9oYHi_g3i0-9dUwPB0VUlV1OSDgWIGl_5TQ,ChIJf2CsMVTCzRIRFWD40kJVz7c,padel
"Leçons de Tennis & Padel au Cap d'Antibes, Côte d'Azur",Chem. de la Garoupe,06160 Antibes,Sports club,Europe/Paris,+33 6 18 06 04 22,"06 18 06 04 22, +33 6 18 06 04 22","Leçons de Tennis & Padel au Cap d'Antibes, Côte d'Azur (Owner)",,,13,5,https://www.google.com/maps?cid=10360542791722036246,43.556141,7.1317197,http://www.tennis-padel-cotedazur.com/,tennis-padel-cotedazur.com,https://streetviewpixels-pa.googleapis.com/v1/thumbnail?panoid=G3dp752BccQBUSUVZOF7pQ&cb_client=search.gws-prod.gps&w=80&h=92&yaw=200.99765&pitch=0&thumbfov=100,ChIJO5cmMmx_zhIRFmzTzMYKyI8,padel
ALL IN PADEL Mougins | Club de padel by Jo-Wilfried Tsonga & Thierry Ascione,1028 Av. Notre Dame de Vie,06250 Mougins,Padel club,Europe/Paris,+33 6 74 35 08 36,"06 74 35 08 36, +33 6 74 35 08 36",ALL IN PADEL Mougins | Club de padel by Jo-Wilfried Tsonga & Thierry Ascione (Owner),"lyondecines@allin-padel.com,villefranche@allin-padel.com,mougins@allin-padel.com,plv@allin-padel.com","facebook: https://www.facebook.com/allinpadel
instagram: https://www.instagram.com/allin_padel
twitter: https://x.com/Allin_Group_",26,4.6,https://www.google.com/maps?cid=15216537336019816867,43.5969424,7.0013942,https://www.allin-padel.com/mougins/,allin-padel.com,https://lh3.googleusercontent.com/p/AF1QipPSIujWqM_z3tu_OzPw17JxQKV8Kby2tF23UzGl,ChIJ66pUL2MpzBIRoxHuIBYALNM,padel
Padel Hopps,PARC PICHAURY,1330 Avenue de la Lauzière,"Padel club, Seminary, Sports club",Europe/Paris,+33 6 43 44 58 75,"06 43 44 58 75, +33 6 43 44 58 75",Padel Hopps (Owner),,,22,3.9,https://www.google.com/maps?cid=10836476833096110166,43.4744435,5.3670886,https://workandpadel-hopps.doinsport.club/home,doinsport.club,https://lh3.googleusercontent.com/p/AF1QipP6gZSKCdi_mOq3tcJXD9JZsYYC87pzn6tncikG,ChIJD36YwSG5yRIRVpBx_UPmYpY,padel
Ultimate Provence - Padel var,Rte du Luc,83680 La Garde-Freinet,Padel court,Europe/Paris,+33 4 94 85 29 10,"04 94 85 29 10, +33 4 94 85 29 10",Ultimate Provence - Padel var (Owner),"spa@ultimateprovence.com,contact@ultimateprovence.com","instagram: https://www.instagram.com/ultimate_provence
linkedin: https://www.linkedin.com/company/ultimate-provence-vineyard",5,5,https://www.google.com/maps?cid=3242059979985582926,43.3365419,6.4321912,https://www.ultimateprovence.com/activites/,ultimateprovence.com,https://lh3.googleusercontent.com/gps-cs-s/AG0ilSxTtuHfThEB4cnYvebg9tovmNPLFobvUygkZ7eoT7Soy-cn86SMgpGJJpn7XiwAfA0ZPEq2HX3Hxn5V0h8TpJDwxSKOCa7do2b_11z_ejT8tQb4uM4Ps6etVR3hInYZ7NlEMvAB,ChIJTYrNCOy1zhIRTvuM518c_iw,padel
Tennis Padel Club la Roseraie Antibes Juan-les-Pins,245 Trav. Fontmerle,06600 Antibes,"Tennis club, Padel club",Europe/Paris,+33 4 93 33 19 79,"04 93 33 19 79, +33 4 93 33 19 79",Tennis Padel Club la Roseraie Antibes Juan-les-Pins (Owner),"fabrice.ravaux@wanadoo.fr,fabrice.ravaux@wandoo.fr","facebook: https://www.facebook.com/Tennis-Padel-Club-la-Roseraie-Antibes-134857787177361,https://www.facebook.com/groupecavallari,https://www.facebook.com/groups/19147339955,https://facebook.com/webestriviera,https://www.facebook.com/LaVieClaire
instagram: https://www.instagram.com/tennis_club_roseraie_antibes,https://www.instagram.com/groupe_cavallari,https://www.instagram.com/enfant_star_et_match_esm,https://www.instagram.com/webestriviera,https://www.instagram.com/lavieclaireantibes
twitter: https://x.com/tennisroseraie,https://x.com/GroupeCavallari,https://x.com/enfantstarmatch",142,4.7,https://www.google.com/maps?cid=11132182345039702282,43.5811873,7.0959021,http://www.tennisantibes.com/,tennisantibes.com,https://lh3.googleusercontent.com/gps-cs-s/AG0ilSypUjQhAWsBLR1ZlyFcceS_bzTWh5mqWnE7KbFTTBSfkML9BJo8TmjbSwtSyZBKjVB6iA7GOgopr6R6nYuIHWXlv9NO1njYiObyvdINW7aQ4TnCQrdHJSGKcgbwiTJgN_jO244,ChIJG8u2Ck3VzRIRCmn3qtx0fZo,padel
Sporting Club Cassis Tennis & Padel,Av. des Gorguettes,13260 Cassis,"Tennis club, Padel club",Europe/Paris,+33 7 49 63 54 46,"07 49 63 54 46, +33 7 49 63 54 46",Sporting Club Cassis Tennis & Padel (Owner),,facebook: https://www.facebook.com/SportingClubCassisTennisPadel,53,4.5,https://www.google.com/maps?cid=9407804160917682541,43.2301354,5.5344393,https://sp-cassis-tennis-padel.com/,sp-cassis-tennis-padel.com,https://lh3.googleusercontent.com/gps-cs-s/AG0ilSy6FoRMTUbCwgmhCEEKbv5mhsS4f8xWj8hfGFu9nYCZ7_OXlZ9icd9xRYZDR0jQl6VkWTu6p7zE86JPY1Py8U0CoEWNf4tZFY2WcGaMLoG5ypKQGQ3FDi-QkMnieijlkQzyiZKrJ6vubC0,ChIJ8_NOpFq7yRIRbbnwJwo8j4I,padel
Tennis Padel Club Agay,55 Av. du Cap-Roux,83700 Saint-Raphaël,Sports club,Europe/Paris,+33 4 94 82 07 99,"04 94 82 07 99, +33 4 94 82 07 99",Tennis Padel Club Agay (Owner),simon@ballejaune.com,facebook: https://www.facebook.com/tennisclubagay,12,4.9,https://www.google.com/maps?cid=9267538087461736074,43.4311322,6.871192,https://ballejaune.com/club/tcagay,ballejaune.com,https://lh3.googleusercontent.com/p/AF1QipNqWnRLo17cjHEwpw2AnNvdG0W7-44DLKusHxgj,ChIJb0Kj5BORzhIRik6P_cnonIA,padel
PADEL DU SEVAN,914 Rte de la Bastidonne,84120 Pertuis,Padel court,Europe/Paris,+33 4 90 79 19 30,"04 90 79 19 30, +33 4 90 79 19 30",PADEL DU SEVAN (Owner),contact@padel-du-sevan.fr,,1,5,https://www.google.com/maps?cid=2254303778945889227,43.6956277,5.5252768,https://www.padel-du-sevan.fr/,padel-du-sevan.fr,https://lh3.googleusercontent.com/p/AF1QipPX2U1EdTd5Zk5U25HYxpKopwENRpm3YqNm9MSY,ChIJBSnSHTknyhIRy_Pj11flSB8,padel
My Center Cogolin - Tennis - Padel - Pickleball,215 Chem. des Pasquiers,83310 Cogolin,"Padel club, Tennis club",Europe/Paris,+33 4 94 54 61 16,"04 94 54 61 16, +33 4 94 54 61 16",My Center Cogolin - Tennis - Padel - Pickleball (Owner),,"facebook: https://www.facebook.com/mycenterpalavas
instagram: https://www.instagram.com/mycenterpalavas",47,4.6,https://www.google.com/maps?cid=7087349950330784363,43.2439617,6.551017,https://mycenterpadel.fr/,mycenterpadel.fr,https://lh3.googleusercontent.com/p/AF1QipNDA0UwT6FXQnjqGTfsB6Ci6EvvSaRKK63biu-k,ChIJjwg4s-zIzhIRa0pZvDpTW2I,padel
Vence Tennis Padel Club (VTPC),10 Chem. de la Plaine,06140 Vence,"Tennis club, Bar, Padel club, Padel court, Restaurant, Tennis court, Tennis instructor, Tennis store",Europe/Paris,+33 4 93 58 15 50,"04 93 58 15 50, +33 4 93 58 15 50",Vence Tennis Padel Club (VTPC) (Owner),,,46,4.5,https://www.google.com/maps?cid=1926401150141462724,43.7067303,7.1307644,https://www.touterrain.com/clubs/34-tennis-padel-vence,touterrain.com,https://lh3.googleusercontent.com/gps-cs-s/AG0ilSyHXjHd69Riii9VCjria0j4jcr_6-mf9zlyMxmxvkVLef2SGYMwCKzVedK-IHINBRPRm6Yt0nOa0u0qiJrv11ACnI6y_nvghCAsENenJgWJSNiIoyWVIDZwg8UvaGzxuD_MLpA1Mw,ChIJ8UBo-IvSzRIRxPgVuaPzuxo,padel
Padel de la Bergerie,1960 D8,1960 RD 8,Sports club,Europe/Paris,+33 4 98 11 45 45,"04 98 11 45 45, +33 4 98 11 45 45",Padel de la Bergerie (Owner),,,3,4.7,https://www.google.com/maps?cid=5397719690501997607,43.3996123,6.6759526,https://padel-labergerie.mymobileapp.fr/installation,mymobileapp.fr,https://lh3.googleusercontent.com/gps-cs-s/AG0ilSwLcYRM1tHaWBsV5wtwn4S_ypvQy0a6M4fxFkqY9NDuH1Y_PsGYbb9NZJFx6amY_tqKpM-yfYFZP9TkrqtTM9EX8bJOM4P1e7G1466mB1yxCb02AecO4mGqol6IWCbrH7U-N5k,ChIJKeoJScG9zhIRJ8SAzXWN6Eo,padel
ULTRA CAP ESTEREL,2975 Bd de la 36ème division du Texas,83700 Saint-Raphaël,"Padel club, Tennis club",Europe/Paris,+33 6 77 44 98 00,"06 77 44 98 00, +33 6 77 44 98 00",ULTRA CAP ESTEREL (Owner),"cimiez@sports-ultra.com,fabron@sports-ultra.com,cagnes@sports-ultra.com,capesterel@sports-ultra.com,auron@sports-ultra.com,valberg@sports-ultra.com,isola@sports-ultra.com","facebook: https://www.facebook.com/ultra.club.multisports
instagram: https://www.instagram.com/ultra.club.multisports
linkedin: https://www.linkedin.com/company/ultra-france",27,4.4,https://www.google.com/maps?cid=17103133715991627728,43.4280556,6.8478489,https://sports-ultra.com/,sports-ultra.com,https://lh3.googleusercontent.com/gps-cs-s/AG0ilSwl-I0wYc01vckwsKHQGTDq2KFjyeS9ZCQNapqdDpJEx2xcK2UPTlTF0ptzXOaSZDA7zdG8daB0_fnIrmzia4KkkoqXRzmEDzd3dQ0dbU4k0QiVihpKhl01yb97WYBrbIX93FD4,ChIJQVIJTUaRzhIR0Aewl3-JWu0,padel
Tennis Padel Club Montaleigne,1 Chem. de l'Estelle,06800 Cagnes-sur-Mer,Sports club,Europe/Paris,+33 4 93 31 70 89,"04 93 31 70 89, +33 4 93 31 70 89",Tennis Padel Club Montaleigne (Owner),tennis@agasc.fr,,139,4.5,https://www.google.com/maps?cid=1458210134761269389,43.6930046,7.1748671,https://tennis.agasc.fr/,tennis.agasc.fr,https://lh3.googleusercontent.com/p/AF1QipO21955XVdiUKlzZ36McO162u-xHTRfXrBQDKiK,ChIJ51vZkSbSzRIRjehRQmSaPBQ,padel
GT Padel,480 Chem. de Coulombe,83300 Draguignan,Padel court,Europe/Paris,,,GT Padel (Owner),,,2,5,https://www.google.com/maps?cid=8128557123039632329,43.5377786,6.4115893,,,https://lh3.googleusercontent.com/p/AF1QipP1XUs6CvZTdGDlBHZUbwEjXjv0FUJ2_SLEMYTt,ChIJu-mcFKOrzhIRyZs_76JvznA,padel
TENNIS PADEL DE LORGUES,Bd Réal Calamar,83510 Lorgues,"Tennis club, Padel club",Europe/Paris,+33 4 94 73 24 50,"04 94 73 24 50, +33 4 94 73 24 50",TENNIS PADEL DE LORGUES (Owner),,"facebook: https://www.facebook.com/tennisclubdelorgues,https://www.facebook.com/tennisclubdelorgues/photos",34,4.6,https://www.google.com/maps?cid=11274049362767071734,43.4940797,6.3679364,https://tennis-padel-lorgues.fr/,tennis-padel-lorgues.fr,https://lh3.googleusercontent.com/p/AF1QipMQRuRNDEBY6Y-MBdY5ACpQo75NETqnjzTlqIvW,ChIJU9P5J_lSyRIR9knztyl4dZw,padel
PX Padel,30 Av. Jean Médecin,06000 Nice,Padel club,Europe/Paris,,,PX Padel (Owner),,,,,https://www.google.com/maps?cid=8817661106685555603,43.7016025,7.2678146,,,https://lh3.googleusercontent.com/p/AF1QipMgQjsrLq9wDJY4c0eyiMmrrGku0TanptsO09pr,ChIJDczuHiPbzRIRkzPF_Q6gXno,padel
Tennis padel Quadrifoglio,"Via Roma, 189",18019 Vallecrosia IM,Sports club,Europe/Rome,+39 0184 294506,"0184 294506, +39 0184 294506",Tennis padel Quadrifoglio (Owner),tcquadrifoglio@yahoo.it,,47,4.5,https://www.google.com/maps?cid=13114948827548319564,43.7978897,7.6463999,https://www.tcquadrifoglio.it/,tcquadrifoglio.it,https://lh3.googleusercontent.com/p/AF1QipNVGhmIOjywDqUmgXkZkIpQWLMH_UkbhE4jNY0i,ChIJg80Td5XzzRIRTH9xAXmoAbY,padel
AS Tennis Padel Ceyreste,42 Av. Eugène Julien,13600 Ceyreste,Tennis club,Europe/Paris,+33 6 62 29 62 54,"06 62 29 62 54, +33 6 62 29 62 54",AS Tennis Padel Ceyreste (Owner),,,98,4.5,https://www.google.com/maps?cid=15162321718528199088,43.2226918,5.6301327,,,https://lh3.googleusercontent.com/p/AF1QipO7F-ZQOwnWZu4wIzk0ycBBbjBWcVcgMiL7LBQ8,ChIJgcdtJcmlyRIRsEkQA0Vja9I,padel
ALL IN PADEL ASSOCIATION,Petite Bastide Village Decathlon,13320 Bouc-Bel-Air,"Tennis club, Sports club",Europe/Paris,+33 6 49 86 89 55,"06 49 86 89 55, +33 6 49 86 89 55",ALL IN PADEL ASSOCIATION (Owner),,,5,4.6,https://www.google.com/maps?cid=5234093716099007733,43.430161,5.400237,https://tenup.fft.fr/club/62130603?utm_source=gmb,tenup.fft.fr,https://streetviewpixels-pa.googleapis.com/v1/thumbnail?panoid=UdmeVIA5hdOiVBsnsI_Qjg&cb_client=search.gws-prod.gps&w=80&h=92&yaw=114.74809&pitch=0&thumbfov=100,ChIJC28gqr2VyRIR9YQv3YA8o0g,padel
Terrain de padel tennis - Les prairies de la Mer,1910 Rte du Littoral,83310 Grimaud,Padel court,Europe/Paris,+33 4 94 79 09 09,"04 94 79 09 09, +33 4 94 79 09 09",Terrain de padel tennis - Les prairies de la Mer (Owner),"prairies@riviera-villages.com,kontiki@riviera-villages.com,toison@riviera-villages.com","facebook: https://www.facebook.com/lesprairiesdelamer
instagram: https://www.instagram.com/prairiesdelamer
linkedin: https://www.linkedin.com/company/riviera-villages
youtube: https://www.youtube.com/user/RivieraVillages",1,5,https://www.google.com/maps?cid=6624336432129093720,43.2777943,6.5772704,https://www.riviera-villages.com/Les-Prairies-de-la-Mer/Les-Activites,riviera-villages.com,https://lh3.googleusercontent.com/gps-cs-s/AG0ilSxSmatO1cv8wuOm2JAJj1gIWp7bvwichlaOesGcYsiamLI-4rbJq7Meo0ITp-QB5Uk0Xdisdu0HUfYXTWF-P1ETK9BHDmxBCzyl7mp48l_pxf2XyQbR3RDfzATO2dj0_De1d8U,ChIJjQTefgDJzhIRWLC7ReNe7ls,padel
Complexe St Charles,519B Av. du 14 Juillet 1789,83130 La Garde,"Sports complex, Banquet hall, Soccer club, Tennis club",Europe/Paris,+33 4 94 08 53 65,"04 94 08 53 65, +33 4 94 08 53 65",Complexe St Charles (Owner),simon@ballejaune.com,,68,4.5,https://www.google.com/maps?cid=4179264264047038585,43.1160776,6.0124423,https://ballejaune.com/club/tpsaintcharles,ballejaune.com,https://lh3.googleusercontent.com/gps-cs-s/AG0ilSyx-LgBNaoL2BHYViUouk-Q6p3xhDkyszJoTATI25BbzV_jMD9TEvh-_Dm0oC2urZqCU5ICQmPewsnq5Lss8mTP8h3PZOCUf7dzXdqQ6iNYYAJocucvZzwxxoWa9MkvcZkwy4Hp,ChIJHyhWWBYZyRIReRACmbS6_zk,padel
Padel SMI,4 Bd Gueidon,13013 Marseille,Padel court,Europe/Paris,+33 4 91 66 18 35,"04 91 66 18 35, +33 4 91 66 18 35",Padel SMI (Owner),"contact@doinsport.com,guillaume.deslot@doinsport.com",,5,4.2,https://www.google.com/maps?cid=6609974695997488345,43.3219912,5.4197738,https://play.google.com/store/apps/details?id=com.trenicom.padelsmi,play.google.com,,ChIJd37bYAC_yRIR2TxAAfdYu1s,padel
WinWin Padel - Manosque,86 Rue de l'Origan,04100 Manosque,Sports complex,Europe/Paris,+33 4 92 74 49 39,"04 92 74 49 39, +33 4 92 74 49 39",WinWin Padel - Manosque (Owner),manosque@winwin-padel.com,"facebook: https://www.facebook.com/winwinpadel
instagram: https://www.instagram.com/winwinpadel.manosque
tiktok: https://www.tiktok.com/@winwin_padel,https://www.tiktok.com/@winwinpadel.manosque",7,5,https://www.google.com/maps?cid=4892643497476524705,43.8015722,5.810088,https://winwinpadel-manosque.com/,winwinpadel-manosque.com,https://lh3.googleusercontent.com/p/AF1QipPpK1WTXhSJL-rPcKx7AYIsgiTbKhYKrJHpJiZY,ChIJAX4zToHNyxIRoYq2r1Yp5kM,padel
Tennis et Padel club presqu'île,Unnamed Road,13260 Cassis,Sports club,Europe/Paris,+33 6 20 63 21 40,"06 20 63 21 40, +33 6 20 63 21 40",Tennis et Padel club presqu'île (Owner),,,23,4.8,https://www.google.com/maps?cid=885138394239967461,43.2049825,5.5174964,,,https://lh3.googleusercontent.com/gps-cs-s/AG0ilSwsC7IvmwjRhi3f5Mtel1TMQiLPaaWOaxlPLv2AC6C4hZ2LSkHDjqsHMtd5yFm5M1cfBnTTIQN-QDtjTi6Kcmx1NxX_mFui0bosAvyBVHgr7hCVAZQFoHI-pNCYtVmXor5eO-TZ,ChIJJZ2K9Ne7yRIR5aC7Da6kSAw,padel
Azur Calcetto,1737 Rte des Cabrolles,06500 Sainte-Agnès,Padel court,Europe/Paris,+33 6 89 99 71 63,"06 89 99 71 63, +33 6 89 99 71 63",Azur Calcetto (Owner),azur-calcetto@orange.fr,,122,4.4,https://www.google.com/maps?cid=9949913428459660387,43.7949485,7.4757503,https://www.touterrain.com/clubs/172-azur-calcetto,touterrain.com,https://lh3.googleusercontent.com/p/AF1QipOIYaZT9rzCRPuCI-SvsegEiSvjqtL-xhRJqW9j,ChIJ_wOOAjbqzRIRYyQ62YsxFYo,padel
TENNIS PADEL CLUB PUGETOIS,Bd Robert Martinez,83480 Puget-sur-Argens,Tennis club,Europe/Paris,+33 4 94 45 65 89,"04 94 45 65 89, +33 4 94 45 65 89",TENNIS PADEL CLUB PUGETOIS (Owner),,,16,4.5,https://www.google.com/maps?cid=10520190412179491957,43.4594953,6.683578,,,https://lh3.googleusercontent.com/p/AF1QipP0cXNe6F1Chn0Qk7ZbzHlohE1Rz7saJ1MtR_eP,ChIJ-a2c9KWjzhIRdcxtB3E5_5E,padel
Tennis Padel Club Peynier,La Garenne,13790 Peynier,"Tennis club, Padel court",Europe/Paris,+33 7 44 73 81 13,"07 44 73 81 13, +33 7 44 73 81 13",Tennis Padel Club Peynier (Owner),,,36,4.6,https://www.google.com/maps?cid=2306644845849621622,43.4465903,5.633185,https://club.fft.fr/tpcpeynier,club.fft.fr,https://lh3.googleusercontent.com/gps-cs-s/AG0ilSxwwxWNp4xTrF9M8ZbP4OWFLVQOkg8a0Ax3rR9Lc9hQ-qVVlRld7C6hWDZ5IgS4LREpKuinIvgf_Bmr5pWXGL7sWpSocLEteZbJiW-rVfkaCsCY5soLNwoNDVHwIEz78kK4zLLywA,ChIJmW5PhZGbyRIRdjTaI0TZAiA,padel
TC TOULONNAIS,342 Av. Éole,83160 La Valette-du-Var,Tennis club,Europe/Paris,+33 4 94 14 12 90,"04 94 14 12 90, +33 4 94 14 12 90",TC TOULONNAIS (Owner),,,190,4.5,https://www.google.com/maps?cid=11351055598031323401,43.134029,6.000001,https://tenup.fft.fr/club/62830081?utm_source=gmb,tenup.fft.fr,https://lh3.googleusercontent.com/gps-cs-s/AG0ilSwlqUXa1d_3-RQAQ5zLDzKA-z_0xuI85bAy1ppvTeAYE_bd9T6QonZxtmiIPitPSq34fnnx7Thvln3vkmX9-GIS9XnmdG0FUGz89atifcp88icO1kZMcHKyuBXVmMgHh8QCMBI,ChIJnQfXSIgZyRIRCcFdCu0Mh50,padel
AIX AUC Tennis Padel,"Gymnase du Val de l'Arc, Complexe Sportif de",33 Av. des Infirmeries,"Tennis club, Padel club",Europe/Paris,+33 6 41 52 91 60,"06 41 52 91 60, +33 6 41 52 91 60",AIX AUC Tennis Padel (Owner),,,258,4.1,https://www.google.com/maps?cid=6927564909382830155,43.5109793,5.466856,https://tenup.fft.fr/club/62130600?utm_source=gmb,tenup.fft.fr,https://lh3.googleusercontent.com/p/AF1QipM20qJhJAxKLMdhxZPwGpDXohrZktV7ByjFzkB4,ChIJXbMJdfGNyRIRS4g5zpSnI2A,padel
Tennis Padel Club Gémenos,161 Chem. du Puits,13420 Gémenos,Tennis club,Europe/Paris,+33 4 42 32 84 90,"04 42 32 84 90, +33 4 42 32 84 90",Tennis Padel Club Gémenos (Owner),,,66,4.6,https://www.google.com/maps?cid=6840203200331235860,43.2863453,5.6176913,http://www.club.fft.fr/tcgemenos/62130274_a/cms/index_public.php?us_action=show_note_site&login_off=1&ui_id_site=1,club.fft.fr,https://lh3.googleusercontent.com/p/AF1QipMsGlP-9MADBXJOqWxxVPIyQDEPUoClqXbxgkvb,ChIJsXOcLI-jyRIRFMI725FI7V4,padel
"US CAGNES - TENNIS, PADEL et MULTI-SPORTS",Av. Colonel Jeanpierre,06800 Cagnes-sur-Mer,"Tennis club, Padel club",Europe/Paris,+33 6 32 28 89 22,"06 32 28 89 22, +33 6 32 28 89 22","US CAGNES - TENNIS, PADEL et MULTI-SPORTS (Owner)","cimiez@sports-ultra.com,fabron@sports-ultra.com,cagnes@sports-ultra.com,capesterel@sports-ultra.com,auron@sports-ultra.com,valberg@sports-ultra.com,isola@sports-ultra.com","facebook: https://www.facebook.com/ultra.club.multisports
instagram: https://www.instagram.com/ultra.club.multisports
linkedin: https://www.linkedin.com/company/ultra-france",21,4.6,https://www.google.com/maps?cid=12446338161980273288,43.6709767,7.1512807,http://www.sports-ultra.com/,sports-ultra.com,https://lh3.googleusercontent.com/gps-cs-s/AG0ilSz6p_aVqXqbD6ijVH2FbIDfn2WdIlAsfXA0WlperOK5FJI7pguzl4muOLWZzniP92aAfCoR6gIXYBs1vLSr-iFdwytb-qS3NsPATVVWg9JXi11IAl7A4VIwO57bKtqOc5a5Jnk,ChIJPTlOzkLTzRIRiPI4Y51Guqw,padel
Padel Carnoules La Tuilière,1956 route de Toulon,RD 97,Padel court,Europe/Paris,+33 4 94 48 32 39,"04 94 48 32 39, +33 4 94 48 32 39",Padel Carnoules La Tuilière (Owner),,,2,4.5,https://www.google.com/maps?cid=15652467846117286979,43.2959249,6.152447,,,https://lh3.googleusercontent.com/p/AF1QipPfpg0NGAxIrLTH7sK7zDregdnFsi6X9GoZKfwY,ChIJj2L7kqc5yRIRQ2QLYpO8ONk,padel
Tennis Club des Combes | Tennis & Padel,768 Bd du Mercantour,06200 Nice,"Tennis club, Sports",Europe/Paris,+33 4 97 10 23 30,"04 97 10 23 30, +33 4 97 10 23 30",Tennis Club des Combes | Tennis & Padel (Owner),,,353,4.3,https://www.google.com/maps?cid=10466192157600543648,43.7451388,7.1875632,,,https://lh3.googleusercontent.com/gps-cs-s/AG0ilSzO_YUIoEvM95Nn9EFWHs7DrbJOZ5LTqlW67PxZtqqrnKOWK7kRQOu5_etgMKAH73STZRF0GkcGY--BUDT597kR50lmV1PFotMQPmyMGWpag9nrM2oW68jUe3kzatG_iUL30HA,ChIJI5-KbHDOzRIRoHPCqFBiP5E,padel
Galactic Padel,1250 Rte de la Pointe RD 2204,06390 Contes,Padel court,Europe/Paris,+33 6 21 77 05 19,"06 21 77 05 19, +33 6 21 77 05 19",Galactic Padel (Owner),,instagram: https://www.instagram.com/galactic_padel,46,4.8,https://www.google.com/maps?cid=10881370181686793860,43.7894453,7.3485133,https://galactic-padel.com/,galactic-padel.com,https://lh3.googleusercontent.com/p/AF1QipO6aD8Jw3vMlsZmymBpNDjjhcT6ayPZ3PP-I3hj,ChIJ_doj5OLHzRIRhBb4PIdkApc,padel
UrbanPadel Villeneuve Loubet,2284 Rte de Grasse,06270 Villeneuve-Loubet,Padel court,Europe/Paris,+33 4 22 17 00 10,"04 22 17 00 10, +33 4 22 17 00 10",UrbanPadel Villeneuve Loubet (Owner),,,17,3.5,https://www.google.com/maps?cid=11175548338976424258,43.6615703,7.0952666,,,https://lh3.googleusercontent.com/p/AF1QipPZ8CfE6367WwCG7nW3D3dEb_dloKvw10VsSiW_,ChIJ8UdU-jTTzRIRQoHl8gCGF5s,padel
Tennis Club Les Acacias | Tennis & Padel & Calcetto & Piscine & Snack,2500 Chem. du Vallon des Vaux,06800 Cagnes-sur-Mer,"Tennis club, Padel court, Snack bar, Soccer field, Sports club, Tennis court",Europe/Paris,+33 4 93 07 77 84,"04 93 07 77 84, +33 4 93 07 77 84",Tennis Club Les Acacias | Tennis & Padel & Calcetto & Piscine & Snack (Owner),tennisclubacacias@sfr.fr,"facebook: https://www.facebook.com/tennisclub.lesacacias
instagram: https://www.instagram.com/tc_acacias",150,4.7,https://www.google.com/maps?cid=16046400674831689841,43.6951253,7.1585522,https://les-acacias-tennis-padel-foot.com/,les-acacias-tennis-padel-foot.com,https://lh3.googleusercontent.com/gps-cs-s/AG0ilSyGLwTz27ofo0-ZGZMLhl9_dGPzLKUHYoDMUXH5O66360mwwoHUle6nEDfM2NkiYtM-w-EII2zafmolPCKrtPlq2qWIsZBoMlVXduD7mvtHVH3cx7UglDzHd1mINLSDkmjaLVYG,ChIJ_Xt2otzTzRIRcWjucmVEsN4,padel
Le Logge Padel Hub,"Via Cornelio Tacito, 13b",18039 Ventimiglia IM,Padel club,Europe/Rome,+39 351 449 9699,"351 449 9699, +39 351 449 9699",Le Logge Padel Hub (Owner),,,1,5,https://www.google.com/maps?cid=8638209844063800098,43.7863366,7.6204485,,,https://streetviewpixels-pa.googleapis.com/v1/thumbnail?panoid=_JJrSh6nRa264gxXVALi_g&cb_client=search.gws-prod.gps&w=80&h=92&yaw=102.2647&pitch=0&thumbfov=100,ChIJsW2ZIADzzRIRIou0AhYW4Xc,padel
Nice Lawn Tennis Club | Tennis & Padel,5 Av. Suzanne Lenglen,06000 Nice,"Tennis court, Tennis, Tennis club, Tennis instructor",Europe/Paris,+33 4 92 15 58 00,"04 92 15 58 00, +33 4 92 15 58 00",Nice Lawn Tennis Club | Tennis & Padel (Owner),contact@niceltc.com,"facebook: https://www.facebook.com/nice.lawn.tennis.club
instagram: https://www.instagram.com/lelenglen_byltc,https://www.instagram.com/niceltc",90,4.4,https://www.google.com/maps?cid=2201429463963458586,43.7046361,7.251908,https://niceltc.com/,niceltc.com,https://lh3.googleusercontent.com/gps-cs-s/AG0ilSxABcd97F-8YsAWWwB7j9dhF4eKGpRpUWPqu_HOAviEt-09uFWq9wJVaRX-IVXnMLWZUsVy9Fm1P9P0Kye62JjYFtZBnoDgmSFAtea8mUQTerXFk2jbUvTqXujT6kiIAKAqDYw,ChIJ3SngnBrQzRIRGtyeDW8MjR4,padel
Padel Galis,15 Rue Maccarani,06000 Nice,Padel court,Europe/Paris,+33 6 17 08 21 99,"06 17 08 21 99, +33 6 17 08 21 99",Padel Galis (Owner),,,,,https://www.google.com/maps?cid=18210189466659806162,43.6984259,7.2642548,,,https://streetviewpixels-pa.googleapis.com/v1/thumbnail?panoid=37lzXuerx_fMrNXrwGtlog&cb_client=search.gws-prod.gps&w=80&h=92&yaw=176.66989&pitch=0&thumbfov=100,ChIJvXRNlCDRzRIR0lvRlNaWt_w,padel
TC DE BANDOL,Av. Albert 1 Er,83150 Bandol,"Tennis club, Sports club",Europe/Paris,+33 4 94 29 55 40,"04 94 29 55 40, +33 4 94 29 55 40",TC DE BANDOL (Owner),,,120,4.7,https://www.google.com/maps?cid=13120702494436792068,43.1350212,5.7401361,https://tenup.fft.fr/club/62830032?utm_source=gmb,tenup.fft.fr,https://lh3.googleusercontent.com/gps-cs-s/AG0ilSym_ub4zR3s4ep-xeg-_5TYuSOFUWrohiFQ7JdokqAyUBkQ4In7RjKRyBNPsJXiuF3y3Q8MpZ_g-tQgxkzNkLBZtlDoUdl4z3H3hSnd_ncHDPAHV0Tb1vO70HndzXE7hR1WQSYtjg,ChIJm9AxB1sHyRIRBJd8-GYZFrY,padel
"Tc Roquebrune Les Issambres | Tennis, Padel Pickleball",3345 RD 559,83380 Roquebrune-sur-Argens,"Tennis club, Padel court, Pickleball court, Sports school",Europe/Paris,+33 4 94 81 17 44,"04 94 81 17 44, +33 4 94 81 17 44","Tc Roquebrune Les Issambres | Tennis, Padel Pickleball (Owner)",marketing@macaan-communication.com,,30,4.2,https://www.google.com/maps?cid=11840865777158800475,43.345317,6.703037,http://www.tennis-roquebrune.fr/,tennis-roquebrune.fr,https://lh3.googleusercontent.com/gps-cs-s/AG0ilSwAaPdwTlhCLLcSiiUoDxeLUuBdeCweiadpzhhUJpnbMKsYjDDZ_h0l7VGyErtwDstVD9UbOF0KfW82LbJTm9DVd8sGk3R2-9Uzk2N817_2D6UpIRtlZzcuEJHoEVKw8JcgI6Ej,ChIJT-VqSGe-zhIRW0ShULA0U6Q,padel
Vamos Padel Sospel,41 Impasse des Fusillés de l’Albarea,06380 Sospel,Sports club,Europe/Paris,,,Vamos Padel Sospel (Owner),,,4,5,https://www.google.com/maps?cid=14470571343245961991,43.875951,7.4549205,https://www.facebook.com/profile.php?id=100090625068197,facebook.com,https://lh3.googleusercontent.com/p/AF1QipMf-3LAD3d4nrJe-BaiBlfFx0G-WH51WFnUZmhT,ChIJ84NTSyKVzRIRB2sf4_fL0cg,padel
Tennis Club de Grasse,190 Rte de Cannes,06130 Grasse,"Tennis club, Tennis court, Tennis instructor",Europe/Paris,+33 6 62 59 23 70,"06 62 59 23 70, +33 6 62 59 23 70",Tennis Club de Grasse (Owner),contact@allin-grasse.com,"facebook: https://www.facebook.com/allingrasse
instagram: https://www.instagram.com/allingrasse",173,4.4,https://www.google.com/maps?cid=7489478352579846326,43.6319704,6.9522272,https://www.allin-grasse.com/,allin-grasse.com,https://lh3.googleusercontent.com/gps-cs-s/AG0ilSyTtbuCRuwKv9aeYpakSyL9qghJcZxhMfAM8AGwCTEy1MWvbOm3GNQUFZsiPaouptbOrYOOuYO2_yIKGGVZvs8oFr5HhjQFLC6Lgjxi-dlUNjR03AMri7yqKqub596ILZnWmuNX,ChIJYUeCH-QozBIRtuB_duH472c,padel
Tennis Padel Club de Nans Les Pins,100 Allée Paulette et Jacques Tomei Route de,Chem. de Pierrefeu,"Tennis club, Padel court",Europe/Paris,+33 7 68 12 25 79,"07 68 12 25 79, +33 7 68 12 25 79",Tennis Padel Club de Nans Les Pins (Owner),tennis.nans@wanadoo.fr,,19,4.6,https://www.google.com/maps?cid=8231928990901757333,43.3743221,5.7776007,http://www.tennisclubdenans.fr/,tennisclubdenans.fr,https://lh3.googleusercontent.com/p/AF1QipPqPdemNs1RmrvJpW3M2H0KB1EvpczzD4Sc1pp8,ChIJxSRqY1F0yRIRlWXwds2vPXI,padel
Caucasia Sports France,753 Av. de la Colle,06270 Villeneuve-Loubet,Padel court,Europe/Paris,+33 6 56 77 71 15,"06 56 77 71 15, +33 6 56 77 71 15",Caucasia Sports France (Owner),,,1,5,https://www.google.com/maps?cid=11657452498509063143,43.6682153,7.1187774,,,https://lh3.googleusercontent.com/p/AF1QipOFQyAXrfNw2KcnZF_9HnxWGMWSdImAKGo5cV_b,ChIJjdUHWsLTzRIR52Ofl0iXx6E,padel
Padel Evasion,244 Av. de la Croix du S,83110 Sanary-sur-Mer,Padel club,Europe/Paris,+33 6 61 67 44 42,"06 61 67 44 42, +33 6 61 67 44 42",Padel Evasion (Owner),,,,,https://www.google.com/maps?cid=11350165470311815718,43.1300871,5.799603,https://www.instagram.com/stories/padel_evasion_/3444990488464787347?utm_source=ig_story_item_share&igsh=M2RjYzZ2YTd5M2o4,instagram.com,https://streetviewpixels-pa.googleapis.com/v1/thumbnail?panoid=35_wTQ-Cjro7slyglGn5aA&cb_client=search.gws-prod.gps&w=80&h=92&yaw=340.6866&pitch=0&thumbfov=100,ChIJKeXFYscHyRIRJhrXB1zjg50,padel
Tennis Padel Club La Seyne sur Mer,903 Chem. d'Artaud à Pignet,83500 La Seyne-sur-Mer,Tennis club,Europe/Paris,+33 4 22 91 60 03,"04 22 91 60 03, +33 4 22 91 60 03",Tennis Padel Club La Seyne sur Mer (Owner),tpclaseynesurmer@gmail.com,"facebook: https://www.facebook.com/p/Tennis-Padel-Club-La-Seyne-sur-Mer-61564274653947
instagram: https://www.instagram.com/tpclaseynesurmer",51,5,https://www.google.com/maps?cid=5970287829726972386,43.0953787,5.8573341,https://tennispadelclublaseynesurmer.fr/,tennispadelclublaseynesurmer.fr,https://lh3.googleusercontent.com/p/AF1QipPUooOdyZ9ae_GAxDWuF7_wSu3aLnQGLd7-ncLb,ChIJyXhSvLAPEgAR4sm2MSa52lI,padel
Centre de ligue padel,1195 Chem. des Cruyes,13090 Aix-en-Provence,Sports club,Europe/Paris,,,Centre de ligue padel (Owner),,,,,https://www.google.com/maps?cid=7003982434183976478,43.568429,5.4163017,,,,ChIJBXliEQCNyRIRHpacSuokM2E,padel
Country Club de Barbossi | Tennis & Padel,23 Chem. de Maure-Vieil,06210 Mandelieu-la-Napoule,"Sports club, Bicycle rental service, Fitness center, Padel club, Pool hall, Tennis club",Europe/Paris,+33 9 82 34 43 45,"09 82 34 43 45, +33 9 82 34 43 45",Country Club de Barbossi | Tennis & Padel (Owner),countryclubdebarbossi@orange.fr,"facebook: https://www.facebook.com/countryclubbarbossi
instagram: https://www.instagram.com/countryclubbarbossi
youtube: https://www.youtube.com/channel/UCfMaY3GG6ZSCJDxXADv8Jew",72,4.1,https://www.google.com/maps?cid=1257441267655086436,43.5249068,6.9151195,http://www.countryclubdebarbossi.com/,countryclubdebarbossi.com,https://lh3.googleusercontent.com/p/AF1QipON3eqWJc3eTQaO4gXAgniULPpmRjosM35kDpRX,ChIJC-VnWmWdzhIRZJF_tCtUcxE,padel
Floréal Azur Padel & Tennis Coach,,,"Personal trainer, Coaching service, Service establishment, Padel club, Tennis club, Tennis instructor",Europe/Paris,+33 6 76 83 06 19,"06 76 83 06 19, +33 6 76 83 06 19",Floréal Azur Padel & Tennis Coach (Owner),support@webador.fr,"facebook: https://facebook.com/Floreal
instagram: https://instagram.com/floreal_coach_tennispadel",21,5,https://www.google.com/maps?cid=14097762086703320138,43.3954555,6.294747,https://www.floreal-azur-padel-tenniscoach.fr/,floreal-azur-padel-tenniscoach.fr,https://lh3.googleusercontent.com/gps-cs-s/AG0ilSxp5uUESr6u4hxiAvr2JlLJPBnSwLXLAokVa6X-wqCKxItwdmN5IjySVygK2iRw9nmHImEFv-RsnbrOz31Jviv0337Egk4fbEKaj5Ucd2s3U8w_tyXRaZzShRXqyQg7ORcWO9V1YYzPdNll,ChIJKw9a8BqoSaARSszruexPpcM,padel
BLUE PADEL,58 Chem. Alphonse Daudet,06800 Cagnes-sur-Mer,Sports club,Europe/Paris,+33 6 80 02 24 63,"06 80 02 24 63, +33 6 80 02 24 63",BLUE PADEL (Owner),,,,,https://www.google.com/maps?cid=5800339659349925541,43.6715647,7.1744089,https://bluepadel06.com/contacts,bluepadel06.com,https://streetviewpixels-pa.googleapis.com/v1/thumbnail?panoid=nvcagoakJyDg0XR0EbnZ_g&cb_client=search.gws-prod.gps&w=80&h=92&yaw=217.9959&pitch=0&thumbfov=100,ChIJ6QTJWtfTzRIRpZ4pTDDyflA,padel
Parking padel,856 Chem. des Terriers,06600 Antibes,Padel court,Europe/Paris,,,Parking padel (Owner),,,,,https://www.google.com/maps?cid=1393458130645873297,43.5958409,7.0826928,,,https://streetviewpixels-pa.googleapis.com/v1/thumbnail?panoid=wpvJ6IlGzXU_3NVv5VYndQ&cb_client=search.gws-prod.gps&w=80&h=92&yaw=7.2271953&pitch=0&thumbfov=100,ChIJn9XSVwArzBIRkfKGdsmOVhM,padel
Tennis & Padel La Romarine – Ramatuelle | Saint-Tropez,57 impasse des Marres,Rte des Plages,Sports club,Europe/Paris,+33 060726475,"060726475, +33 060726475",Tennis & Padel La Romarine – Ramatuelle | Saint-Tropez (Owner),,,30,5,https://www.google.com/maps?cid=776697962771096564,43.25414,6.636161,,,https://lh3.googleusercontent.com/p/AF1QipP_vD-D0qOqK1ae8OyT_AxMvBZ0V2Tpo2wBNU8A,ChIJrQC0oQvHzhIR9KO9mK5ixwo,padel
"NICE SMASH 06. Magasin de Padel, Tennis, Squash à Nice",Smash 06 à 100 mètres du Parking les Bosquets,200 Av. de la Californie,"Padel court, Hobby store, Tennis store, Shoe store, Sportswear store",Europe/Paris,+33 4 93 86 95 04,"04 93 86 95 04, +33 4 93 86 95 04","NICE SMASH 06. Magasin de Padel, Tennis, Squash à Nice (Owner)",nicesmah06@gmail.com,"facebook: https://www.facebook.com/nicesmash06
instagram: https://www.instagram.com/nicesmash06",74,4.7,https://www.google.com/maps?cid=555432068177833644,43.6820589,7.231574,https://nice-smash.fr/,nice-smash.fr,https://lh3.googleusercontent.com/p/AF1QipNjoDZREOeKVEgVcLw-3ruGZ9UA-syau2XEQtCd,ChIJu2zZyVDQzRIRrK6Z8IVKtQc,padel
E-Padel,Av. du Col-de l'Ange,13420 Gémenos,Sports club,Europe/Paris,,,E-Padel (Owner),,,,,https://www.google.com/maps?cid=4704688682811913041,43.2792989,5.6239341,,,https://streetviewpixels-pa.googleapis.com/v1/thumbnail?panoid=kPlDJQsAGtdWf6kouWsx2w&cb_client=search.gws-prod.gps&w=80&h=92&yaw=317.83078&pitch=0&thumbfov=100,ChIJxR_GjiWjyRIRUfPNNW5pSkE,padel
Nice Mercantour Sports Complex,114 Bd du Mercantour,06200 Nice,Sports complex,Europe/Paris,+33 4 92 29 46 56,"04 92 29 46 56, +33 4 92 29 46 56",Nice Mercantour Sports Complex (Owner),,,163,4.3,https://www.google.com/maps?cid=14691737549084873520,43.6717787,7.2031418,https://www.nice.fr/fr/sports/complexe-nice-mercantour,nice.fr,https://lh3.googleusercontent.com/gps-cs-s/AG0ilSzX-W9E7xbC7hkSbKhXbIVCm49CLhxvPd1nC7zwxJlRC6caaHDOmIMhWBPKapPT3Uz4JELY_aSw5fRAiR6EvPZcQTROSU1HLbHvebWp3GhVx-aSvq5abK9eb7Z_bxej82nRCX9IOg,ChIJg4rVTAzRzRIRMNN48nWJ48s,padel
TC ANTIBES JUAN LES PINS,330 Av. Jules Grec,06600 Antibes,"Tennis club, Sports club",Europe/Paris,+33 4 93 65 80 95,"04 93 65 80 95, +33 4 93 65 80 95",TC ANTIBES JUAN LES PINS (Owner),,,22,4.6,https://www.google.com/maps?cid=6842960968951662474,43.5907783,7.1178584,https://tenup.fft.fr/club/62060016?utm_source=gmb,tenup.fft.fr,https://lh3.googleusercontent.com/gps-cs-s/AG0ilSx1iWUQ8eueA33Uz9NLO6ApUo0gBkMytiIX1KJE_4XhYEckhZKQ55DpUxSXKwZPZHBRuiK6palvK26O0Uj2TV6WTtzGWIW029BA4zLvdyY6biFXjUvNyTYv3LU_lT5_myOi4ZYXOA,ChIJoxA0XGHVzRIRigc65r4U914,padel
TCT,48 Av. des Frères Lumière,83160 La Valette-du-Var,Tennis club,Europe/Paris,+33 4 94 14 12 90,"04 94 14 12 90, +33 4 94 14 12 90",TCT (Owner),,,46,4.5,https://www.google.com/maps?cid=12219748101009761711,43.1341896,5.9996628,,,https://lh3.googleusercontent.com/gps-cs-s/AG0ilSyQD56fFvuCAAk3W1uCZiEujDKOAnlxrGqqd0e_64lOTDcUrxdumo9-g5rTNBJhEc5MMnJ_78RBjSLYcbin6rx-co94D6MuegjbGSPBrjWIKM3CXFlk8UDfwUmj0egpbDlwBdAhiA,ChIJaz2VW54ZyRIRr-VwpSdElak,padel
"Dynamic'Sports : Padel, Tennis, Trail, Salle Fitness, Beach-Park, Marche Nordique",All. Thierry Combe,06690 Tourrette-Levens,"Sports complex, Beach club, Fitness center, Outdoor activity organiser, Padel court, Recreation center, Tennis club",Europe/Paris,+33 4 22 13 84 27,"04 22 13 84 27, +33 4 22 13 84 27","Dynamic'Sports : Padel, Tennis, Trail, Salle Fitness, Beach-Park, Marche Nordique (Owner)",info@dynamicsports.fr,"facebook: https://www.facebook.com/people/DynamicSports-Tourrette-Levens/100093099217030
instagram: https://www.instagram.com/dynamicsports06
linkedin: https://www.linkedin.com/company/wix-com",102,5,https://www.google.com/maps?cid=4008355503176267665,43.8006734,7.2712428,https://www.dynamicsports.fr/,dynamicsports.fr,https://lh3.googleusercontent.com/p/AF1QipME7GZGw3br4YyQOE-TJ-iBhKH-MjW4lG2kxWCE,ChIJ_dEsSKPFzRIRkbdNzBeKoDc,padel
Saint-Raphaël Country Club,940 Bd de l'Aspé,83700 Saint-Raphaël,"Tennis club, Padel court, Pickleball court, Squash club",Europe/Paris,+33 4 94 95 43 00,"04 94 95 43 00, +33 4 94 95 43 00",Saint-Raphaël Country Club (Owner),srcc@orange.fr,instagram: https://www.instagram.com/invites,43,4.6,https://www.google.com/maps?cid=10425433138953567328,43.4296702,6.8031349,https://www.country-club.fr/,country-club.fr,https://lh3.googleusercontent.com/p/AF1QipNNXP_NP2ASw69AWOZ2mC1fm7tW_AUneK4T5b2c,ChIJE2oq8ouXzhIRYLzpHDSUrpA,padel
TC CARROS,37 Route Rte de la ZA de la Grave,06510 Carros,"Tennis club, Sports club",Europe/Paris,+33 7 49 46 09 29,"07 49 46 09 29, +33 7 49 46 09 29",TC CARROS (Owner),,,55,4.5,https://www.google.com/maps?cid=4848861737754383761,43.766769,7.201972,https://tenup.fft.fr/club/62060305?utm_source=gmb,tenup.fft.fr,https://lh3.googleusercontent.com/gps-cs-s/AG0ilSy9P0eHcDcJi8dZ-0Nyp0r5QzspUywKPRXhDZLFa8E_dVCGcZrJVKNplehDpeXXYRrnS0knShyTsLoBDLPkKB1zy4a_u3Z_YyXU1If6eu3gszSz04ObkvCzIXTVHnBCOUD7X1WX,ChIJxbn6ZFvPzRIRkVXVYw-eSkM,padel
Tennis Club Lavandou,Avenue Vincent Auriol,83980 Le Lavandou,"Tennis club, Padel club",Europe/Paris,+33 4 94 64 83 79,"04 94 64 83 79, +33 4 94 64 83 79",Tennis Club Lavandou (Owner),,,68,4.3,https://www.google.com/maps?cid=1137244645689291844,43.1334472,6.3633732,https://fr-fr.facebook.com/Tennis.club.du.Lavandou,fr-fr.facebook.com,https://lh3.googleusercontent.com/gps-cs-s/AG0ilSwjWCnLaHVUQZO0P0bb4yeL1m7YFZkqvIPdD7xhlKwxYBWxSqnjHLs80ENBa0VW8h5AgqjL9ckhBHJA_ZE3iPy2tE6tL479g8Ju829DWGYWiL3TpS1eC8aL1WjmJGpNWaMhbhYjpA,ChIJKTDI758tyRIRRHQG2fpNyA8,padel
la Ciotat Tennis Club,Av. Léo Lagrange,13600 La Ciotat,"Tennis club, Sports bar, Tennis court, Tennis instructor",Europe/Paris,+33 7 64 43 63 88,"07 64 43 63 88, +33 7 64 43 63 88",la Ciotat Tennis Club (Owner),,,48,4,https://www.google.com/maps?cid=12073025947709847828,43.1961944,5.6314634,http://www.club.fft.fr/laciotat.tc,club.fft.fr,https://lh3.googleusercontent.com/gps-cs-s/AG0ilSyzeoNwYBlaY4JEpOp9Z61vDDWX5wXK9wo4FXhOZqb_swpBjYvlTa2kCffsENjHAIWHWFPT-8M2BiIxhaxnILphYj3Vjgb9EJa8PuZxSBmhAAush6_-x3cSwfJE_6mjNsODUnZ5,ChIJQ1iotfalyRIRFLlRQSIBjKc,padel
Tennis Padel Club Saint-Joseph - AGASC - Saint-Laurent-du-Var,Espl. Edmond Jouhaud,06700 Saint-Laurent-du-Var,Tennis club,Europe/Paris,+33 4 93 31 70 89,"04 93 31 70 89, +33 4 93 31 70 89",Tennis Padel Club Saint-Joseph - AGASC - Saint-Laurent-du-Var (Owner),,,,,https://www.google.com/maps?cid=8280647437861015696,43.679659,7.1900361,https://www.facebook.com/share/14QNf9xDUvc/,facebook.com,https://lh3.googleusercontent.com/gps-cs-s/AG0ilSyWMhQXxMaP1bskpO5x3O846epaMRr-5hukEV3D3I07sMHdmSgK0FZ_1_hy_FLLlFFYdttDEODMgDeTFj8Fk_lXo_fh1qYzHaqAMN-ZDeQ2UrfmmBaaVew-bDL1yk3oVBXm83tCkh1kHQEY,ChIJ2dkjbQDRzRIRkFD00_jE6nI,padel
Gsem Tennis,Chem. du Cimetière de l'Est,06300 Nice,"Tennis club, Padel club",Europe/Paris,+33 7 66 68 34 10,"07 66 68 34 10, +33 7 66 68 34 10",Gsem Tennis (Owner),club@gsemtennis.fr,"facebook: https://www.facebook.com/gsemtennis
instagram: https://www.instagram.com/tennisgsem",55,4.2,https://www.google.com/maps?cid=13494757004059964690,43.7450337,7.303041,http://www.gsemtennis.fr/,gsemtennis.fr,https://lh3.googleusercontent.com/p/AF1QipMVh9tKFYCUnttH-ftvYMUaEgdfWTILF0d8EZXI,ChIJA2DWtAbFzRIREnU1Nf8BR7s,padel
Tennis Pádel Galliéni Fréjus,800 Av. du Général d'armée Jean Calliès,83600 Fréjus,Tennis club,Europe/Paris,+33 4 94 53 24 22,"04 94 53 24 22, +33 4 94 53 24 22",Tennis Pádel Galliéni Fréjus (Owner),tennis@amslfrejus.com,"facebook: https://www.facebook.com/Amslfrejus1974,https://facebook.com/TennisClubGallieniFrejus,https://www.facebook.com/TennisClubGallieniFrejus",122,4.4,https://www.google.com/maps?cid=13025081522617119976,43.4446202,6.751193,https://www.amslfrejus.com/tennis/,amslfrejus.com,https://lh3.googleusercontent.com/gps-cs-s/AG0ilSznPwH2YvUMc34yS1bjZkT6i8Lgoqz3iZp3X-GrNLWJ7vIt7VHFlgni9C1ZrEahGyOPxwkIRCFkQiOdk1YfoiqucyzZaPpTyZrmXVIFXMw0-p1fjpO3hp0zvwjbPt9rse6o3Qho,ChIJKaFXIgeYzhIR6PQYjqJiwrQ,padel
"Trets Tennis Club (tennis, padel et pickleball)",Av. Marius Joly,13530 Trets,Tennis club,Europe/Paris,+33 7 81 52 07 82,"07 81 52 07 82, +33 7 81 52 07 82","Trets Tennis Club (tennis, padel et pickleball) (Owner)",,,23,4.5,https://www.google.com/maps?cid=10390804655963221063,43.4452428,5.6993677,https://club.fft.fr/tretstennisclub/62130559_a/cms/index_public.php?PHPSESSID=c9411598110f3b534d725f7e6835ed74&us_action=show_note_rubrique&ui_id_site=1&ui_id_rubrique=10203,club.fft.fr,https://lh3.googleusercontent.com/p/AF1QipNAcxek3guyv4UirOKlOVOOuAXq98tqcl7pCfHz,ChIJicaTrcydyRIRR6wpIciNM5A,padel
Tennis Stage Et Leçons | Tennis & Padel,330 Av. Jules Grec,06600 Antibes,"Tennis club, Padel club",Europe/Paris,+33 4 93 65 80 95,"04 93 65 80 95, +33 4 93 65 80 95",Tennis Stage Et Leçons | Tennis & Padel (Owner),"email@exemple.com,tcantibes@orange.fr","facebook: https://www.facebook.com/tennisclubantibes
instagram: https://instagram.com/tennis_club_antibes
linkedin: https://www.linkedin.com/company/tennisclubantibes",192,4.6,https://www.google.com/maps?cid=5806569612194802554,43.5906006,7.1178119,https://www.tennisclubantibes.com/?utm_source=google&utm_medium=wix_google_business_profile&utm_campaign=2064353063633673487,tennisclubantibes.com,https://lh3.googleusercontent.com/gps-cs-s/AG0ilSxcW3XkdmtSLJwyWDdONlf_FPLB0ewRy7AViq-ngxu1xK6u6OLzKu4lkY8aAOnece3Kd-ErALHG2O4pOrNfszLyHXiymVvBQlHNqGHwyhLy9EI6a4z0rRBpxa_sHZVOplN35ey21Q,ChIJp3k5qhXVzRIReutyOkwUlVA,padel
Tennis & Padel Ramatuelle,54 Chem. du Tennis,83350 Ramatuelle,"Sports club, Tennis instructor",Europe/Paris,+33 4 94 79 29 38,"04 94 79 29 38, +33 4 94 79 29 38",Tennis & Padel Ramatuelle (Owner),,,10,4.8,https://www.google.com/maps?cid=17343117480857528094,43.2152366,6.6167469,https://tenup.fft.fr/club/62830183,tenup.fft.fr,https://lh3.googleusercontent.com/gps-cs-s/AG0ilSyolkHsQWxsdJ3JghMBn6OjI-7sunuNWsjP4RfEMxBWoS0X9OV8Yim0tVDlMavBa0EuSUWdQRDVYgafgYdVwfYDLH4q4hKgtyMZ7b42syghTrugrg8X4k1KMlETEOVSzuFvoPsG,ChIJIer22tfFzhIRHmdhCHYhr_A,padel
TENNIS CLUB LA FOURRAGERE ASPTT,13012 Marseille,France,Tennis club,Europe/Paris,+33 4 91 93 85 85,"04 91 93 85 85, +33 4 91 93 85 85",TENNIS CLUB LA FOURRAGERE ASPTT (Owner),,,211,4.4,https://www.google.com/maps?cid=12969566104254587926,43.2994158,5.4275829,https://tenup.fft.fr/club/62130007?utm_source=gmb,tenup.fft.fr,https://lh3.googleusercontent.com/gps-cs-s/AG0ilSzULyVYYmh6O_418lKhmHvKpK7MzP_0fQzVnaQhtz-ChlJuOYtcFRavdYTw2wO45u19wYyc4_JfHCymxOtHljr-mHTjZx7pprQ4mlHPYPhAXTr_HiAcQLdsjRXU5tDBmLsRJFKZ,ChIJx1cLURi_yRIRFqQK96cn_bM,padel
TC ROQUETTAN,1691 Av. de la République,06550 La Roquette-sur-Siagne,"Tennis club, Sports club",Europe/Paris,+33 4 92 19 10 50,"04 92 19 10 50, +33 4 92 19 10 50",TC ROQUETTAN (Owner),tennispadelroquettan@gmail.com,"facebook: https://www.facebook.com/PATFOUQS
instagram: https://www.instagram.com/tennisclub.roquettan,https://instagram.com/tennisclub.roquettan",58,4.4,https://www.google.com/maps?cid=13384803654675671797,43.584839,6.941669,http://tennispadelroquettan.com/,tennispadelroquettan.com,https://lh3.googleusercontent.com/gps-cs-s/AG0ilSynDX_D3LpyflEKhXUkmOTa7lfe6WUzIiE4mr7VfxFVIvRiiLqVk9v9CePWYqL9uWUldwt3l2TP0iWx4vYgsJvUOlt3_SOEwymYgQDH3wOn3O4XWBIqQEyKUlxb0Svsk2ktWncm,ChIJVbL-JvYpzBIR9SpLGQJgwLk,padel
TENNIS CLUB LE MUY,Bd Charles de Gaulle,83490 Le Muy,"Tennis club, Sports club",Europe/Paris,+33 7 62 45 08 08,"07 62 45 08 08, +33 7 62 45 08 08",TENNIS CLUB LE MUY (Owner),,,40,4.6,https://www.google.com/maps?cid=15969053062954869693,43.4699156,6.5549274,https://tenup.fft.fr/club/62830140?utm_source=gmb,tenup.fft.fr,https://lh3.googleusercontent.com/gps-cs-s/AG0ilSw3FY4BGbcLQsh_1_tiUuy-kA5vcCNSYOygUAzjMvIEYIgNeA4M5QSZYzMLK0oa16oxlJYqgFpORbceMzdyQzQjB3Daoyqkc_wCmhrwX3qIhX9dt-D2VoAV2h2g0x0oeu0w4w_a,ChIJXxwiymGvzhIRvePJMCd5nd0,padel
Tennis Park de Marseille | Tennis & Padel,92 Chem. des Accates,13011 Marseille,Tennis club,Europe/Paris,+33 6 21 36 88 04,"06 21 36 88 04, +33 6 21 36 88 04",Tennis Park de Marseille | Tennis & Padel (Owner),contact@tennispark-marseille.com,"facebook: https://www.facebook.com/TennisParkMarseille
instagram: https://www.instagram.com/tennispark.marseille",250,4.4,https://www.google.com/maps?cid=15115025146091410397,43.3020412,5.4926866,http://www.tennispark-marseille.com/,tennispark-marseille.com,https://lh3.googleusercontent.com/gps-cs-s/AG0ilSxS_IKO6Iejw08D4PHEXgxah93pvTqPSZEFr_LW1tw2_98syQWHo9tKzE5BLyvCNWE5MvlQBBgv-tff7LX9QNKdyyoc6aon97qlilZ8PC7eI5xd_26gaEAfDZ5pUuRXBdq4rhAB,ChIJFec6JTq8yRIR3RPgm0lbw9E,padel
Igor padel coach,,,"Padel club, Service establishment, Personal trainer",Europe/Paris,+33 6 74 76 50 21,"06 74 76 50 21, +33 6 74 76 50 21",Igor padel coach (Owner),,,26,5,https://www.google.com/maps?cid=11716350054760451956,43.2115177,6.6449718,https://www.instagram.com/igorpadelcoach?igsh=MThwMDFoMGhrZ3hnOA%3D%3D&utm_source=qr,instagram.com,https://lh3.googleusercontent.com/p/AF1QipPwWiz8B7zLQ5dap_DS91JLrmdifMW7FDDGFHy5,ChIJHQjTRPEDHm8RdA8ghkzWmKI,padel
WORK AND PADEL,255 Av. Galilée,13290 Aix-en-Provence,"Padel court, Corporate office",Europe/Paris,+33 7 83 46 56 07,"07 83 46 56 07, +33 7 83 46 56 07",WORK AND PADEL (Owner),contact@workandpadel.fr,"instagram: https://www.instagram.com/workandpadel
linkedin: https://www.linkedin.com/company/workandpadel
youtube: https://www.youtube.com/@workandpadel2440",,,https://www.google.com/maps?cid=16925581553578947390,43.48861,5.3414211,https://workandpadel.fr/,workandpadel.fr,https://streetviewpixels-pa.googleapis.com/v1/thumbnail?panoid=nfiD0og-t3wxcA5EKQ9l6w&cb_client=search.gws-prod.gps&w=80&h=92&yaw=110.492546&pitch=0&thumbfov=100,ChIJk5lNorztyRIRPjP6Vb--4-o,padel
Tennis Club de Mouans-Sartoux | Tennis & Padel,578 Chem. de la Chapelle,06370 Mouans-Sartoux,"Tennis club, Padel club",Europe/Paris,+33 4 93 75 76 55,"04 93 75 76 55, +33 4 93 75 76 55",Tennis Club de Mouans-Sartoux | Tennis & Padel (Owner),,facebook: https://www.facebook.com/TCMOUANS,127,4.5,https://www.google.com/maps?cid=10835469148613296764,43.6262596,6.9548607,https://www.tcmouans.com/,tcmouans.com,https://lh3.googleusercontent.com/p/AF1QipOvSnO82TBzUckmn4pHZqJmDmzo4PjErY7uSU8B,ChIJuTgCyvkozBIRfMLMKchRX5Y,padel
TENNIS PADEL CLUB PEYNIER,34 Résidence Lotissement les Audrics,13530 Trets,Tennis club,Europe/Paris,+33 4 42 53 13 34,"04 42 53 13 34, +33 4 42 53 13 34",TENNIS PADEL CLUB PEYNIER (Owner),,,,,https://www.google.com/maps?cid=14930625255757216610,43.447826,5.641302,https://tenup.fft.fr/club/62130347?utm_source=gmb,tenup.fft.fr,https://streetviewpixels-pa.googleapis.com/v1/thumbnail?panoid=7F0OxIit_uRV87aJQ5QdgQ&cb_client=search.gws-prod.gps&w=80&h=92&yaw=7.1480966&pitch=0&thumbfov=100,ChIJC5ZGh0GbyRIRYnvic5A8NM8,padel
Tennis Club Dolceacqua,Via Roma,18035 Dolceacqua IM,"Tennis club, Padel club",Europe/Rome,+39 0184 195 7443,"0184 195 7443, +39 0184 195 7443",Tennis Club Dolceacqua (Owner),,"facebook: https://www.facebook.com/TCDolceacqua
instagram: https://instagram.com/tennisclubdolceacqua,https://www.instagram.com/tennisclubdolceacqua",128,4.7,https://www.google.com/maps?cid=7486951104772747220,43.8444786,7.6250925,https://linktr.ee/tennisclubdolceacqua,linktr.ee,https://lh3.googleusercontent.com/gps-cs-s/AG0ilSwtPifEJFo2Sa__mtO_j8sJQezHv-bmBeQAE1OxkI7mp7yyi8-8D8VhzHK1IQ0iIjLPwmKeSnlney-Ce2iRBdzm28cU0vatXiy0aSpPAbdIwNIMHX6PwmV8wfxJd2trQVIGtxuS1A,ChIJ8V1CXVCNzRIR1K-yulz-5mc,padel
US CAGNES TENNIS | PADEL,Parc des Sports,Avenue Pierre Sauvaigo,"Tennis club, Sports club",Europe/Paris,+33 4 93 73 02 52,"04 93 73 02 52, +33 4 93 73 02 52",US CAGNES TENNIS | PADEL (Owner),,,71,4.4,https://www.google.com/maps?cid=12834101042844239354,43.6725262,7.1507109,https://tenup.fft.fr/club/62060107?utm_source=gmb,tenup.fft.fr,https://lh3.googleusercontent.com/gps-cs-s/AG0ilSzlzYNrlIF4jqt9d1SFsUD1Rs2OF8N3dku_1KzuhSdjKiazd7hsfGd0WZu0Ut8h593TpCwYu8cl8vpmij_5e13e4_8s0VTqaBDZ6Tpgq2cfqwrOu0YFZKYr5qbYaj3zhrM_jRu4,ChIJW2khy6fTzRIR-oUzhubiG7I,padel
ASSOCIATION TCP PADEL,MIOU,"TENNIS CLUB DE LA PRESQU'ILE, QUARTIER PORT","Tennis club, Sports club",Europe/Paris,+33 6 20 63 21 40,"06 20 63 21 40, +33 6 20 63 21 40",ASSOCIATION TCP PADEL (Owner),,,,,https://www.google.com/maps?cid=574460424501018935,43.21143,5.516852,https://tenup.fft.fr/club/62130609?utm_source=gmb,tenup.fft.fr,,ChIJb-5kWGO7yRIRN0HnY7bk-Ac,padel
Association Tennis Vauban,Rue Maréchal Vauban,06300 Nice,Tennis club,Europe/Paris,+33 4 93 55 43 34,"04 93 55 43 34, +33 4 93 55 43 34",Association Tennis Vauban (Owner),,,9,4.8,https://www.google.com/maps?cid=12947900481297139216,43.7113043,7.2886347,,,https://streetviewpixels-pa.googleapis.com/v1/thumbnail?panoid=TlSI9hxrSn265VKEtQaQqQ&cb_client=search.gws-prod.gps&w=80&h=92&yaw=200.66689&pitch=0&thumbfov=100,ChIJz2tZtcrazRIREEbTBuMusLM,padel
Bandeja Shop - Boutique de Padel,181 Chem. du Puissanton,06220 Vallauris,"Tennis store, Padel club, Store",Europe/Paris,,,Bandeja Shop - Boutique de Padel (Owner),,,18,4.6,https://www.google.com/maps?cid=9769382231040548606,43.5912703,7.058295,https://www.bandeja-shop.com/fr/,bandeja-shop.com,https://lh3.googleusercontent.com/p/AF1QipOuKrTSMUrys8ug_jTqbag_Zjh1suB3fFyIUzOO,ChIJW9gFDoErzBIR_l4v9GDRk4c,padel
Tennis Jacqueline Weisweller,370 Av. Weisweiller,06600 Antibes,"Tennis club, Padel court",Europe/Paris,+33 4 93 33 49 87,"04 93 33 49 87, +33 4 93 33 49 87",Tennis Jacqueline Weisweller (Owner),,,38,4.8,https://www.google.com/maps?cid=2174046403891967965,43.5964973,7.0835145,http://www.tcantibes-weisweiller.fr/,tcantibes-weisweiller.fr,https://lh3.googleusercontent.com/p/AF1QipOg_Ib-ylSyrNV0Kv6n10MbaRP1zVoYMsTRxa1o,ChIJPaQa_84qzBIR3Tcyja_DKx4,padel
Tennis Club Saint-Tropez TC UST,Centre Philippot,79 Rte des Plages,Tennis club,Europe/Paris,+33 4 94 97 15 52,"04 94 97 15 52, +33 4 94 97 15 52",Tennis Club Saint-Tropez TC UST (Owner),,,73,4.5,https://www.google.com/maps?cid=15143090732803960281,43.2589058,6.63302,,,https://lh3.googleusercontent.com/gps-cs-s/AG0ilSwRu6RdmwLGU4M5LUuQ6nYmKQfXRGUBoa29imQfOnoRXkiYM4rR2wjN6zR49xyPgr6az1v2vGu1w-0cUYxEhdyhISqnUaUv329EK_LNidZu-r-ciO7BPsmCYQrzCjekwLnEeuk1TQ,ChIJb3jsQRvHzhIR2S1KOsoQJ9I,padel
Tennis Club Nice Giordan,Complexe sportif Les,Rte des Combes,Tennis club,Europe/Paris,+33 4 93 08 26 75,"04 93 08 26 75, +33 4 93 08 26 75",Tennis Club Nice Giordan (Owner),,,21,4.8,https://www.google.com/maps?cid=5569425194823004411,43.7467384,7.1900444,https://tenup.fft.fr/club/62060022?utm_source=gmb,tenup.fft.fr,https://lh3.googleusercontent.com/gps-cs-s/AG0ilSx9M_y8ghKkPYPj-36lCEmIA56G32gEXhP5d25QJsmrrf99IuixVvHnB9AmMNFudkoQo1wSd_NvplkAL8RAnZJai23EgXhdlY6Qj2d7Qx1ZG6txeN_3020IglWWuVAl8S2YZdw,ChIJs7bJ-e7PzRIR-zCJ5LSSSk0,padel
Tennis Club de Solliès-Pont,Av. Didier Daurat,83210 Solliès-Pont,"Tennis club, Padel club, Sports club",Europe/Paris,+33 4 94 28 71 76,"04 94 28 71 76, +33 4 94 28 71 76",Tennis Club de Solliès-Pont (Owner),,,26,4.5,https://www.google.com/maps?cid=14589279366104527148,43.1939411,6.0402024,https://tenup.fft.fr/club/62830230?utm_source=gmb,tenup.fft.fr,https://lh3.googleusercontent.com/gps-cs-s/AG0ilSw_JuSzvR_TxjQxPH3yIgI_cNz7tZd9_32nM3fDBM9ejWR_tHv3ecUYtf2cJ_yM0CT2nwYnWDC4hvKcSAxoRH6cJ9S6W029k0GdhsreCjBlzXSI4-El0Bxq5IkNhNIpBEtENDwv,ChIJXZliieYXyRIRLLGYQUmId8o,padel
Assoc Sportive Tennis Lucois,"Avenue Pierre Mendès France, Quartier",Les Basses Retraches,"Sports club, Padel club, Tennis club",Europe/Paris,+33 4 94 73 43 86,"04 94 73 43 86, +33 4 94 73 43 86",Assoc Sportive Tennis Lucois (Owner),,"facebook: https://www.facebook.com/astennispadellucois
instagram: https://www.instagram.com/astennispadel
youtube: https://www.youtube.com/channel/UC7H8tC9m7MB6vtycuKeTUkw",48,4.6,https://www.google.com/maps?cid=577263051909950105,43.3864127,6.3069044,http://www.astennislucois.fr/,astennislucois.fr,https://lh3.googleusercontent.com/p/AF1QipMJWSBNR5uUuhtas1CSIncR3_YpitHwVdGLh6NQ,ChIJtW4sCK9OyRIRmeoM76_ZAgg,padel
Tc Roquebrune Le Village / Tennis & Paddle,chemin de l'iscle,Imp. des Anges,"Tennis club, Sports school",Europe/Paris,+33 4 94 45 47 41,"04 94 45 47 41, +33 4 94 45 47 41",Tc Roquebrune Le Village / Tennis & Paddle (Owner),marketing@macaan-communication.com,,8,4.3,https://www.google.com/maps?cid=16528220953762384007,43.4425582,6.6477155,http://www.tennis-roquebrune.fr/,tennis-roquebrune.fr,https://lh3.googleusercontent.com/p/AF1QipOqwuTnT1_ym_-rWaZ53lMQHRI9ePEzTkeDmV9Z,ChIJpeHLaEu7zhIRh8gsHmMJYOU,padel
Tennis Club St Cyrien,238 Chem. de Sorba,83270 Saint-Cyr-sur-Mer,"Tennis club, Tennis instructor",Europe/Paris,+33 4 94 26 13 54,"04 94 26 13 54, +33 4 94 26 13 54",Tennis Club St Cyrien (Owner),,,25,4.5,https://www.google.com/maps?cid=3378065038893265796,43.1847947,5.6845773,https://tennispadelsaintcyr.com/#galerie,tennispadelsaintcyr.com,https://lh3.googleusercontent.com/gps-cs-s/AG0ilSxlSz3sFyhpKUGfFXXkKzSX8o9tNuDJV_D95APP__9Ll3A5QTdvwx0Q6wlnIuTArBdvg8EAWqQZDJd_4S0GN2ihP70Da9MFn0vvklqacA2_isS2QAdltXFMkjZtA0eN75AodJ4,ChIJOWq34YOoyRIRhDNmT0FM4S4,padel
TC DES ADRETS,83600 D237,83600 Les Adrets-de-l'Estérel,"Tennis club, Sports club",Europe/Paris,+33 4 94 40 92 62,"04 94 40 92 62, +33 4 94 40 92 62",TC DES ADRETS (Owner),,,10,4.9,https://www.google.com/maps?cid=7230637789634059318,43.5291425,6.8271423,https://tenup.fft.fr/club/62830347?utm_source=gmb,tenup.fft.fr,https://lh3.googleusercontent.com/gps-cs-s/AG0ilSxIhkHHs_elODdvjTAtXUM6NorLKHtI4hfEBrsLmJph_VPYAEnm0avJGD3HjpjRLO_xNmw-FkGUWLKwMOa87WjR8h2rCYhviB75leb2guU7_zU8RJQSwy9OA6wfhuCYmziOls_h,ChIJo2PXaHOfzhIRNlynlsJiWGQ,padel
ALL IN TENNIS ACADEMY,2195 Rte de Grasse,06270 Villeneuve-Loubet,Tennis club,Europe/Paris,+33 4 97 02 34 04,"04 97 02 34 04, +33 4 97 02 34 04",ALL IN TENNIS ACADEMY (Owner),contact@allin.academy,"facebook: https://www.facebook.com/allinacademy
instagram: https://www.instagram.com/allin_tennis_academy
linkedin: https://www.linkedin.com/company/all-in-tennis-academy
twitter: https://x.com/Allin_Group_
youtube: https://www.youtube.com/channel/UC01WEvJQGt7Hxq-RtWX9Idg",64,4.6,https://www.google.com/maps?cid=18057467482770778805,43.6588534,7.0941344,https://www.allin-cotedazur.com/,allin-cotedazur.com,https://lh3.googleusercontent.com/p/AF1QipNpaMcYtLa_B7pDScy-6gOlkj0cLHc-00NmyTRb,ChIJU96rIZli5kcRtSq4xQADmfo,padel
The Monkey Padel,2331 Vieux Chemin de Lambesc,13330 Pélissanne,Padel club,Europe/Paris,+33 6 95 61 67 71,"06 95 61 67 71, +33 6 95 61 67 71",The Monkey Padel (Owner),,instagram: https://www.instagram.com/the_monkey_padel,88,4.9,https://www.google.com/maps?cid=17516845480547362359,43.6438293,5.1638598,http://www.themonkeypadel.com/,themonkeypadel.com,https://lh3.googleusercontent.com/p/AF1QipM07i5D6LQSXVnYJ4DYhFLUeIG7ixQXBAi5fSrV,ChIJGZLWmy35yRIRN6ZuBShWGPM,padel
Padel Performance Center - Parc Praden,Chem. Bas de Marguerittes,30320 Marguerittes,Padel club,Europe/Paris,+33 6 87 46 07 04,"06 87 46 07 04, +33 6 87 46 07 04",Padel Performance Center - Parc Praden (Owner),,"facebook: https://www.facebook.com/ppc.parcpraden
instagram: https://www.instagram.com/makeitnow.live,https://www.instagram.com/ppc_parcpraden
tiktok: https://www.tiktok.com/@ppc.parcpraden",32,4.9,https://www.google.com/maps?cid=9981638343728735678,43.857953,4.4325055,https://padelperformancecenter.com/parcpraden,padelperformancecenter.com,https://lh3.googleusercontent.com/gps-cs-s/AG0ilSyJ5LmuiXT71qryqkbGsrakWaJyrTCS8zR7rI5xRioKVAL6Jgf_84Vo1T4FjajIFkTq-duz3C8I8mjhRSGieHfUzPH1sUPOLHoEcBAyH4MZBLdhKGmqR8PauudzXMHol5ryqEJQLdQ9tIJE,ChIJx0jWebzNtRIRvqVeSjDnhYo,padel
Winwin Padel Club Des Haut De Nimes,620 Chem. des Hauts de Nîmes,30900 Nîmes,"Padel club, Gym",Europe/Paris,+33 6 71 23 54 46,"06 71 23 54 46, +33 6 71 23 54 46",Winwin Padel Club Des Haut De Nimes (Owner),hautsdenimes@winwin-padel.com,"facebook: https://www.facebook.com/winwinpadel
twitter: https://x.com/winwinpadel
youtube: https://www.youtube.com/channel/UCzPAcA_D5hdME2brB4Docdw",71,4.7,https://www.google.com/maps?cid=17513788885923186852,43.8614564,4.2922449,https://winwin-padel.com/club/nimes-club-des-hauts-de-nimes-padel-30900,winwin-padel.com,https://lh3.googleusercontent.com/gps-cs-s/AG0ilSxU4jbMsrI3sGJxj_x3b7OUQqDlW4uWR_f6a86G1vS_8Vw4KttgwCX16hA80WcVqoKzslmUvS-wzz_ubFK_79TKUsLPNOI0pSodNLPO6RfiuaKumnLvf-4-d-hUC_uwiuweZC_rMg,ChIJXfiGu7IvtBIRpMiiIDN6DfM,padel
Enjoy Padel,200 Rue des Oliviers,13680 Lançon-Provence,Padel club,Europe/Paris,+33 4 90 56 40 36,"04 90 56 40 36, +33 4 90 56 40 36",Enjoy Padel (Owner),contact.enjoypadel@gmail.com,instagram: https://www.instagram.com/enjoypadel_,30,5,https://www.google.com/maps?cid=3663508916648247627,43.5811202,5.2104361,https://www.enjoypadel.fr/,enjoypadel.fr,https://lh3.googleusercontent.com/p/AF1QipPujwAcOKUXMd7aAGHftl2gCpRoKsCwCNve-zEu,ChIJFzxIS137yRIRS4FLGPNl1zI,padel
PADEL TWINS COUDOUX,1050 Rte de Velaux,13111 Coudoux,Padel club,Europe/Paris,+33 6 84 18 60 20,"06 84 18 60 20, +33 6 84 18 60 20",PADEL TWINS COUDOUX (Owner),,"facebook: https://www.facebook.com/padel.twins.coudoux
instagram: https://www.instagram.com/padel_twins_coudoux
tiktok: https://www.tiktok.com/@padel.twins.coudoux",15,4.9,https://www.google.com/maps?cid=11327399878485259846,43.5493733,5.2563953,https://padel-twins-coudoux.fr/,padel-twins-coudoux.fr,https://lh3.googleusercontent.com/p/AF1QipMd2m0NSIWC5tabRmVEUXeyTCwXAiUZOkEMdmXD,ChIJTQjyARvxyRIRRrbqoSwCM50,padel
Break Padel Club,Zone,440 Chem. des Canaux,Padel club,Europe/Paris,+33 6 50 41 50 92,"06 50 41 50 92, +33 6 50 41 50 92",Break Padel Club (Owner),,,47,4.7,https://www.google.com/maps?cid=2963775977022143220,43.816246,4.4243462,https://breakpadelclub.gestion-sports.com/,gestion-sports.com,https://lh3.googleusercontent.com/p/AF1QipP7XkkZiQootSNu4V3V7EluDMD_frjwHUQyCc7x,ChIJtez6NYfTtRIR9Lo9YIxyISk,padel
P4 PADEL INDOOR,ZI les Sardenas,133 Allée de la carreto LOT A,Padel club,Europe/Paris,+33 4 90 55 83 50,"04 90 55 83 50, +33 4 90 55 83 50",P4 PADEL INDOOR (Owner),,,21,4.8,https://www.google.com/maps?cid=12805811781056053618,43.5864461,5.1093806,https://p4-padel-indoor.gestion-sports.com/,gestion-sports.com,https://lh3.googleusercontent.com/p/AF1QipMMq_r2572BPGqkqpMmPzAMES5xFwRCO0yYVm2u,ChIJg3S87W_9yRIRcsFbfvdht7E,padel
Tennis Padel Club Tarascon,Chem. des Prės Verts,13150 Tarascon,"Tennis club, Sports club",Europe/Paris,+33 4 90 91 18 04,"04 90 91 18 04, +33 4 90 91 18 04",Tennis Padel Club Tarascon (Owner),,,49,4.5,https://www.google.com/maps?cid=17842472790469476098,43.809959,4.673903,https://tenup.fft.fr/club/62130037?utm_source=gmb,tenup.fft.fr,https://lh3.googleusercontent.com/gps-cs-s/AG0ilSx7_RIaRZEaGDmlWSsywsTcG5F_Ub-zsSzhzJ5lln2unRlL31YUTHuo6j6uMW6a_k-J_nC-aG1leN303110YRQ-rvupdhQEie3qROgWvphoXX574_DBhuvfWIkOiWlrP3to5Cbd8A,ChIJm_k6Y07dtRIRAn-BLngynfc,padel
UNIVERS PADEL,ZA Lavalduc,70 All. Marie Curie,Padel club,Europe/Paris,+33 4 42 86 50 56,"04 42 86 50 56, +33 4 42 86 50 56",UNIVERS PADEL (Owner),contact@universpadel.fr,instagram: https://www.instagram.com/univers_padel,13,5,https://www.google.com/maps?cid=2560592991922425006,43.4728919,4.945125,https://www.universpadel.net/,universpadel.net,https://lh3.googleusercontent.com/p/AF1QipPTBhRb5XkjM8sdSyq4VhDcudW5f3lJ826fuS3c,ChIJCR_crhMbthIRrgzkccINiSM,padel
ZE PADEL,ZA du Colombier,Rue des micocouliers,Padel club,Europe/Paris,+33 4 13 41 82 29,"04 13 41 82 29, +33 4 13 41 82 29",ZE PADEL (Owner),contact@zepadel.com,"facebook: https://www.facebook.com/p/ZE-PADEL-61556107944425
instagram: https://www.instagram.com/zepadel",38,4.4,https://www.google.com/maps?cid=7250465375905714220,43.8940129,4.7068697,https://zepadel.com/,zepadel.com,https://lh3.googleusercontent.com/p/AF1QipMhPBtCZS0wWrJzbl-h3ObSHfZiQfyFgYJ91Li0,ChIJqdxx8zvDtRIRLBAhQ9jTnmQ,padel
Tennis Padel Club Carreau de Lanes,1530 Chem. du Carreau de Lanes,30900 Nîmes,"Sports club, Outdoor swimming pool, Padel court, Workers' club",Europe/Paris,+33 6 59 12 94 90,"06 59 12 94 90, +33 6 59 12 94 90",Tennis Padel Club Carreau de Lanes (Owner),,,93,4.7,https://www.google.com/maps?cid=3543331961123424594,43.826416,4.3055219,https://carreaudelanes.gestion-sports.com/,gestion-sports.com,https://lh3.googleusercontent.com/gps-cs-s/AG0ilSx1J_yaw9Gb85JONDm4Nty7V1UJ1LOEtH8jxJYr-o0ZEoLjdDha1Yd3ljsySUNj-X46Vej5nLlreP-Z1ImyNTXSGQc59hUtIq-MLN0OsE7Vbsf0-vpNdb8K15mbeiYxwVepSHBw,ChIJdRF0Sn0utBIRUskMMKVxLDE,padel
Tennis Padel Club de Mauguio,182 Rue Henri Barbusse,34130 Mauguio,"Tennis club, Padel club",Europe/Paris,+33 7 69 43 89 42,"07 69 43 89 42, +33 7 69 43 89 42",Tennis Padel Club de Mauguio (Owner),,,60,4.7,https://www.google.com/maps?cid=17069653073178537406,43.611816,4.0125789,https://tenup.fft.fr/club/60340023,tenup.fft.fr,https://lh3.googleusercontent.com/gps-cs-s/AG0ilSyGk6nc0fV6pX-qy7Di_tsk1NhLMtStl8OpxoP916BchwC4cxAntRNBhDohCx-LCU2JDBdVAY11Z5ldwzvXJV7kQg-5OPpDOdJ2JACdLRuwyoLWwmQA_UmtzH4lvzFBnbVPzMp7Aw,ChIJwydikqOjthIRvi32-QeX4-w,padel
Jerem Lac - Coach Padel,Le Complexe,Rue de l'Estamaire,Padel club,Europe/Paris,+33 6 07 38 12 33,"06 07 38 12 33, +33 6 07 38 12 33",Jerem Lac - Coach Padel (Owner),,,59,5,https://www.google.com/maps?cid=17284142974747183032,43.629691,5.0962071,https://www.instagram.com/jeremlacpadel/,instagram.com,https://lh3.googleusercontent.com/p/AF1QipN2WlhV3bFDS-MmwBI0q4SWNlvoPU62WCH0WJqs,ChIJge-n62f_yRIRuIfe0HWc3e8,padel
Club 45 - Padel & Golf,Rte de la Crau,13160 Châteaurenard,Padel club,Europe/Paris,+33 6 22 05 29 73,"06 22 05 29 73, +33 6 22 05 29 73",Club 45 - Padel & Golf (Owner),club45padel@gmail.com,instagram: https://www.instagram.com/club45padel,26,4.6,https://www.google.com/maps?cid=2749170706838523569,43.8935913,4.8213485,http://club45padel.fr/,club45padel.fr,https://lh3.googleusercontent.com/p/AF1QipO4nCtRAVRKjEYydHzIxiLoo5RIIqfQflx0n6-U,ChIJfdn4LQDvtRIRsQ4FMDEEJyY,padel
Z5 Padel Istres,Rte de la Cabane Noire,13800 Istres,Padel court,Europe/Paris,+33 4 86 17 68 99,"04 86 17 68 99, +33 4 86 17 68 99",Z5 Padel Istres (Owner),contact@z5padel.com,"facebook: https://www.facebook.com/z5padelofficial
instagram: https://www.instagram.com/z5padel,https://www.instagram.com/p",21,4.6,https://www.google.com/maps?cid=5400262199628059328,43.4750366,4.9955387,http://www.z5padel.com/,z5padel.com,https://lh3.googleusercontent.com/p/AF1QipMR4XTAUuASX_jxQJAAY5GySU_gitu-ny5L6gI-,ChIJkYBn5y8dthIRwNLM1tuV8Uo,padel
HAUTS DE NIMES PADEL CLUB,620 Chem. des Hauts de Nîmes,30900 Nîmes,"Tennis club, Sports club",Europe/Paris,+33 6 71 23 54 46,"06 71 23 54 46, +33 6 71 23 54 46",HAUTS DE NIMES PADEL CLUB (Owner),,,6,4.3,https://www.google.com/maps?cid=13420560669061585037,43.861893,4.292629,https://tenup.fft.fr/club/60308000?utm_source=gmb,tenup.fft.fr,,ChIJn3-iVaAvtBIRjZj-xdJoP7o,padel
GM SQUASH PADEL,Chemin bas de valergues,7 impasse des Courrens,"Squash club, Padel club",Europe/Paris,+33 4 34 11 16 50,"04 34 11 16 50, +33 4 34 11 16 50",GM SQUASH PADEL (Owner),,,96,4.9,https://www.google.com/maps?cid=4733914711680243089,43.6730581,4.0821976,https://gmsquash.fr/,gmsquash.fr,https://lh3.googleusercontent.com/gps-cs-s/AG0ilSwlbm5vYZFcgVp-Z-h4vsPU_EcsmugSiPskjFbBO8HQmoYQgCV3X90Tdafbnroycvp3Egy8gEgqjG6CKKk4uD2x7fHYK0rd2ocHZGdruJH-dn2y8w6qscX__Ra-Di5bMp5v5Omu,ChIJJ3CFTaifthIRkVWyUlk-skE,padel
Futsal Padel Nimes,389,349 Av. Jean Prouvé,"Padel court, Futsal court, Sports complex",Europe/Paris,+33 9 84 28 41 70,"09 84 28 41 70, +33 9 84 28 41 70",Futsal Padel Nimes (Owner),futsalpadelnimes@gmail.com,"facebook: https://www.facebook.com/lefutsalnimes,https://www.facebook.com/groups/651311888592865,https://www.facebook.com/groups/1069222294205229
instagram: https://instagram.com/futsalpadelnimes
youtube: https://www.youtube.com/@futsalnimes738",294,4.5,https://www.google.com/maps?cid=1472973411589331086,43.8144876,4.3515756,http://www.futsalpadelnimes.com/,futsalpadelnimes.com,https://lh3.googleusercontent.com/p/AF1QipMiwuj2jES1x-dC_MFZj8-1ASNHDGbiCwYpxcZw,ChIJTX-ZtVAstBIRjphggYMNcRQ,padel
Padel & Compagnie,350 Av. de la Capelette,13560 Sénas,Sports complex,Europe/Paris,+33 6 50 79 83 95,"06 50 79 83 95, +33 6 50 79 83 95",Padel & Compagnie (Owner),,"facebook: https://www.facebook.com/appstore
instagram: https://www.instagram.com/appstore
twitter: https://x.com/AppStore",1,5,https://www.google.com/maps?cid=7701113564631699414,43.7437199,5.0848106,https://apps.apple.com/app/id6749621990,apps.apple.com,https://lh3.googleusercontent.com/p/AF1QipNZv3Jb7nS6dosdgOVJlvmo0b3rsmu7sMBOU6IU,ChIJZfFKakYByhIR1o_QGvzZ32o,padel
Alpilles Club,75 bis Av. de la Vall. des Baux,13520 Paradou,"Padel club, Pilates studio, Snack bar, Yoga studio",Europe/Paris,+33 6 95 45 98 33,"06 95 45 98 33, +33 6 95 45 98 33",Alpilles Club (Owner),,instagram: https://www.instagram.com/alpilles.club,22,5,https://www.google.com/maps?cid=18011725521098237931,43.7211096,4.7769277,http://www.alpillesclub.com/,alpillesclub.com,https://lh3.googleusercontent.com/gps-cs-s/AG0ilSxJB-Wv4jdwRyOmLTToUHqcGTX_WksTIjZpSyBvTKvsxesdEuejgQCHegl_I9asPPX7LBiSUVpyh5rig1JRr64Er0bS3eDw9JCbsVP5Y9eKZ2M5npCzDPaq5rj37qmDilxtVeD6Qg,ChIJEUDpLEzhtRIR6-flZO6A9vk,padel
Tennis Club et Padel Charleval,Av. du Bois,13350 Charleval,Tennis club,Europe/Paris,+33 4 42 28 40 80,"04 42 28 40 80, +33 4 42 28 40 80",Tennis Club et Padel Charleval (Owner),,,45,4.6,https://www.google.com/maps?cid=1198178572934962979,43.713559,5.2475988,https://tenup.fft.fr/club/62130481?utm_source=gmb,tenup.fft.fr,https://lh3.googleusercontent.com/gps-cs-s/AG0ilSwZs-gE8HUe-stZOM8kvmJbBWEmu044pFSVAZxrvi6G07hzVwIdyI9oUWjahAfSDjDQ8K057OrZvLpElAl9sCAhWIQMFcHTW64sVQLwZ95mIHD9VQp19BW9u1PVsyAlY1vLxVCB,ChIJIwm7zs0dyhIRI99FWRDJoBA,padel
PADEL CLUB ST CESAIRE,23 Chem. Jules Lissajous,30900 Nîmes,Padel club,Europe/Paris,+33 6 74 61 83 72,"06 74 61 83 72, +33 6 74 61 83 72",PADEL CLUB ST CESAIRE (Owner),"utilisateur@domaine.com,hugodrai@padelclub30.com",instagram: https://www.instagram.com/padelclub.st.cesaire,,,https://www.google.com/maps?cid=5937929008941365563,43.8145206,4.3094417,http://www.padelclubstcesaire.com/,padelclubstcesaire.com,https://lh3.googleusercontent.com/p/AF1QipOjRIy2vANCIMVKnM8l-YyO9RUeZcG2Zyff9AfH,ChIJoyr_4vovtBIRO_lvH_nCZ1I,padel
Le temple du sport,1446 Av. du Vidourle,34400 Lunel,Sports complex,Europe/Paris,+33 4 67 50 60 77,"04 67 50 60 77, +33 4 67 50 60 77",Le temple du sport (Owner),,,57,4.7,https://www.google.com/maps?cid=16382460797324767274,43.6895277,4.1578777,http://facebook.com/letempledusportlunel/,facebook.com,https://lh3.googleusercontent.com/p/AF1QipMln2o6jxT575eT0ncx732oZrC0XuvdtFQkWyhI,ChIJo8VOttudthIRKjBOE0wxWuM,padel
Padel les Cabanes,121 Av. Jacqueline Auriol,34130 Mauguio,Padel club,Europe/Paris,+33 4 34 48 12 20,"04 34 48 12 20, +33 4 34 48 12 20",Padel les Cabanes (Owner),hb4t2@accor.com,instagram: https://www.instagram.com/padel.lescabanes,,,https://www.google.com/maps?cid=17991561584585365801,43.5801394,3.949623,https://www.padellescabanes.fr/,padellescabanes.fr,https://lh3.googleusercontent.com/p/AF1QipMQtfbRHHpmDjtN-89VO2zEJqOiTYM3ryNjNlhU,ChIJsdEdIyilthIRKVnGE_Ddrvk,padel
Padel Gentle,Quartier de la Garenne,RN 113,Padel court,Europe/Paris,+33 7 78 43 59 43,"07 78 43 59 43, +33 7 78 43 59 43",Padel Gentle (Owner),,"facebook: https://www.facebook.com/padelgentle
instagram: https://www.instagram.com/padelgentle",5,3.4,https://www.google.com/maps?cid=2807877344692753467,43.6052928,5.0983912,https://padel-gentle.fr/,padel-gentle.fr,https://lh3.googleusercontent.com/p/AF1QipNuMhACb9d1SLvpsnNsyzf8VLh3pmI3b5ZlFs2l,ChIJIX2v55z_yRIRO1RHd5GV9yY,padel
Boxtobox Saint Victoret,87 Bd Charles de Gaulle,13730 Saint-Victoret,"Tennis club, Sports club",Europe/Paris,+33 6 86 90 12 62,"06 86 90 12 62, +33 6 86 90 12 62",Boxtobox Saint Victoret (Owner),,,30,4.5,https://www.google.com/maps?cid=4245804890321526333,43.4134263,5.242891,http://saintvictoret.fr/mes-activites/sport/le-tennis-padel-municipal,saintvictoret.fr,https://lh3.googleusercontent.com/p/AF1QipPc29KJbBT0Kq4TiNV09-y8DOwYz-_uY7pNZHqM,ChIJKZEXGnvpyRIRPR47cQ0h7Do,padel
Tennis & Padel Club De Castries,297 Chem. de Fondespierre,34160 Castries,"Tennis club, Padel club, Padel court, Tennis instructor",Europe/Paris,+33 4 67 87 35 10,"04 67 87 35 10, +33 4 67 87 35 10",Tennis & Padel Club De Castries (Owner),"jap.padel.castries@gmail.com,tennis.castries@gmail.com",,25,4.7,https://www.google.com/maps?cid=9465753784985431022,43.693864,3.993873,http://www.tennis-castries.fr/,tennis-castries.fr,https://lh3.googleusercontent.com/gps-cs-s/AG0ilSysiePXC9Ud__L3MzdJqIhDF3lNXdQFC79Svv-dGtAPKh1UGVW53v76ciuE3jl7ax3N4zYiqwXyuqwSUPSY5EqGEICE3nzxrpU5i9PUJ2BYku3AJRMUaVR1J0ehb37JLyXoH6xS,ChIJJ2HJSMWgthIR7qtdbeocXYM,padel
GARD O PADEL,13 BIS Lot. du Mas de Serre,30510 Générac,Padel club,Europe/Paris,+33 7 67 51 47 23,"07 67 51 47 23, +33 7 67 51 47 23",GARD O PADEL (Owner),gardopadel@gmail.com,instagram: https://www.instagram.com/gard.o.padel,,,https://www.google.com/maps?cid=14221139499327683808,43.7439522,4.343818,https://www.gardopadel.fr/,gardopadel.fr,,ChIJsfwo0cQrtBIR4PyzHgejW8U,padel
DAOUD PADEL,,,"Padel club, Service establishment, Personal trainer",Europe/Paris,+33 7 68 38 61 58,"07 68 38 61 58, +33 7 68 38 61 58",DAOUD PADEL (Owner),,,63,5,https://www.google.com/maps?cid=401338754945206661,37.656698,-1.6258641,,,https://lh3.googleusercontent.com/gps-cs-s/AG0ilSyXvnPLTLoRihwLLmjZTU20SN-Fx5aaATSJsT52068UC_33I_PUEjf9v05T-BJpBHyxD3rxhW02dWQDgivzIaFbwbEXnqBG9VfnPYwm8GVb-ChhPAunLbqDzM45A6dO1lHvmZK8,ChIJrax6di5TqI8RhUkbo3jXkQU,padel
TC SAINT CHARLES,Av. du 14 Juillet 1789,83130 La Garde,"Tennis club, Sports club",Europe/Paris,+33 4 94 08 53 65,"04 94 08 53 65, +33 4 94 08 53 65",TC SAINT CHARLES (Owner),,,11,4.9,https://www.google.com/maps?cid=5137900834414386653,43.1163863,6.0114881,,,https://lh3.googleusercontent.com/gps-cs-s/AG0ilSybXu45pa7yx802obEIWfl8s-BpQlEX_KXjbiUBT6YsVoql2w_U85I5ZFxTmxCdA72jQzjtcdUxwFyRzB6y4BRyIxN6fTQJcttzb23zoRti9wIV2DVIaznjBm42cxNgg00ewOGg,ChIJeXM6tFcZyRIR3d1zTpZ9TUc,padel
CST La Tourrache,328 Rue François Arago,83130 La Garde,Tennis club,Europe/Paris,+33 7 83 47 81 84,"07 83 47 81 84, +33 7 83 47 81 84",CST La Tourrache (Owner),,,19,4.3,https://www.google.com/maps?cid=6709294124412855491,43.1485663,6.0454837,https://5f36fd0d0aad6.site123.me/,5f36fd0d0aad6.site123.me,https://lh3.googleusercontent.com/gps-cs-s/AG0ilSx5BS1-lS-GCJnCBIAy72EdEucZ3-p1FeZGWRT4lO-S6SnTJbFyWQDSmVQCNXqI9RUya5c3lz6OR9BhxYrUd3kyN8zxDy5R3akjvZm8DzwLh41aBMiHlHz2JoPUN7pu_-ExsoBKJA,ChIJ55X9C3MZyRIRw2Q-c3UzHF0,padel
Tennis & Padel Saint-Drézéry,17 Av. Croix de Mounié,34160 Saint-Drézéry,Tennis club,Europe/Paris,+33 4 67 86 15 67,"04 67 86 15 67, +33 4 67 86 15 67",Tennis & Padel Saint-Drézéry (Owner),,,6,4.2,https://www.google.com/maps?cid=14022688369957816023,43.7332496,3.9783151,https://tenup.fft.fr/club/60340496?utm_source=gmb,tenup.fft.fr,https://streetviewpixels-pa.googleapis.com/v1/thumbnail?panoid=28lK27tsstDgEmr8_KCkpQ&cb_client=search.gws-prod.gps&w=80&h=92&yaw=145.7805&pitch=0&thumbfov=100,ChIJTQWrJGUdtBIR10ZW78aYmsI,padel
Tennis et Padels de Toursainte,100 Chem. des Bessons,13014 Marseille,Tennis club,Europe/Paris,+33 4 91 02 42 01,"04 91 02 42 01, +33 4 91 02 42 01",Tennis et Padels de Toursainte (Owner),,,52,4.4,https://www.google.com/maps?cid=16277712526881591778,43.3481826,5.3933281,https://club.fft.fr/toursainte/,club.fft.fr,https://lh3.googleusercontent.com/p/AF1QipP8H-JZ35bGZkZIVAPmIt49Xj3MArpO55dHeMtm,ChIJA43JHDvByRIR4hG02EwN5uE,padel
My Center La Grande Motte,"La Plaine des Jeux, Route du Grau du Roi",34280 La Grande-Motte,Padel club,Europe/Paris,+33 6 83 93 43 25,"06 83 93 43 25, +33 6 83 93 43 25",My Center La Grande Motte (Owner),,"facebook: https://www.facebook.com/mycenterpalavas
instagram: https://www.instagram.com/mycenterpalavas",11,3.2,https://www.google.com/maps?cid=11506848085721691628,43.5596394,4.0987143,https://mycenterpadel.fr/,mycenterpadel.fr,https://lh3.googleusercontent.com/p/AF1QipP0F2_cRbCNZQAb7zopuSTEQ6T5f8j8U-7w1tnP,ChIJjUhJFMCXthIR7DXTOV6JsJ8,padel
Lattes Padel Club - Montpellier,816 Av. Georges Frêche,34970 Lattes,"Padel club, Bar, Restaurant",Europe/Paris,+33 4 67 58 15 85,"04 67 58 15 85, +33 4 67 58 15 85",Lattes Padel Club - Montpellier (Owner),,"instagram: https://www.instagram.com/lattes_padel_club
linkedin: https://www.linkedin.com/company/lattes-padel-club",144,4.8,https://www.google.com/maps?cid=4829167144832062176,43.587274,3.916036,https://lattes-padel-club.fr/,lattes-padel-club.fr,https://lh3.googleusercontent.com/gps-cs-s/AG0ilSwtN9DycZ8JnnjWV2zanHtE0wvJE5aZiyDiyfRg1_9n8sY_F4duN0RFuRkN1B_Spktl_yA0EFhcA8AdSNJS2YP6mfqruqUOYMElKf9jjGz2NDQQQmY4X5c7UIo1qdddoJ9C-xkEvOV7Na4w,ChIJv_upLQylthIR4NKzpO6lBEM,padel
Provence Padel,126 Chem. des Confinés,84470 Châteauneuf-de-Gadagne,Padel club,Europe/Paris,+33 7 67 46 64 63,"07 67 46 64 63, +33 7 67 46 64 63",Provence Padel (Owner),,,49,4.8,https://www.google.com/maps?cid=15455944374927301525,43.9377975,4.9504351,http://provencepadel.gestion-sports.com/,gestion-sports.com,https://lh3.googleusercontent.com/p/AF1QipMHSKeK2OU2yTu7_3xbilGdPISyHofW_IxgPpXL,ChIJzyieSGTztRIRlRu9F4WLftY,padel
TC BAILLARGUES,Chem. du Pradas,34670 Baillargues,"Tennis club, Sports club",Europe/Paris,+33 4 67 87 10 50,"04 67 87 10 50, +33 4 67 87 10 50",TC BAILLARGUES (Owner),contact@tennispadelbaillargues.fr,"facebook: https://www.facebook.com/p/Tennis-Padel-Club-Baillargues-100091951747889
instagram: https://www.instagram.com/tennis_padel_baillargues",47,4.8,https://www.google.com/maps?cid=12403075766759706658,43.6680426,4.0193297,https://tennispadelbaillargues.fr/,tennispadelbaillargues.fr,https://lh3.googleusercontent.com/gps-cs-s/AG0ilSzLVk9jyP0DOfuEhybde6iYm8lExie-pyYpfLbNZ9O61IRUvbnDQ0nqBWvPd6OVtCSwjLrxXMWc00_da2d2k9k0vt96tp74ZXYzBrBqQiGGuZQNXTVk9BxGpMbb11bwJnGaaXXp,ChIJN_39EUOhthIRItD3D7KTIKw,padel
Soccer Ball City,Chem. de la Gravière,30210 Sernhac,"Padel court, Sports complex, Soccer field",Europe/Paris,+33 6 71 40 34 62,"06 71 40 34 62, +33 6 71 40 34 62",Soccer Ball City (Owner),contact@cityball.fr,facebook: https://www.facebook.com/cityball.fr,224,4.7,https://www.google.com/maps?cid=13831643963819614540,43.9148864,4.5674285,https://cityball.fr/,cityball.fr,https://lh3.googleusercontent.com/p/AF1QipNygc0i4jQu04tV9WO2LQzmFLQhLS0-vY2WjOwb,ChIJPZ3c-fPFtRIRTOEk4-be878,padel
AS ROGNAC TENNIS,19 Mnt du Belvédère,13340 Rognac,Tennis club,Europe/Paris,+33 9 71 57 14 94,"09 71 57 14 94, +33 9 71 57 14 94",AS ROGNAC TENNIS (Owner),,,81,4.7,https://www.google.com/maps?cid=10485792503184398,43.4767856,5.2445776,https://tenup.fft.fr/club/62130134?utm_source=gmb,tenup.fft.fr,https://lh3.googleusercontent.com/gps-cs-s/AG0ilSxbjXpj_f0FdGQnzqm0x_4qNhvr1wEATDR5ynNwZSublKdTuJjI0wnfRtQeEyqedsYB-1fvNohTuCiEM-Yuq0jB68vpgGGQt0qCIZmzr8pVxaCxn43pVz9nw1E9KJ6P5gSxTffgTQ,ChIJD68XgYTvyRIRDjxX0cVAJQA,padel
HDN Academy,620 Chem. des Hauts de Nîmes,30900 Nîmes,"Sports school, Educational institution, Restaurant, Tennis club, Tennis store",Europe/Paris,+33 4 66 64 48 23,"04 66 64 48 23, +33 4 66 64 48 23",HDN Academy (Owner),bienvenue@hdnacademy.com,"facebook: https://www.facebook.com/HDN.Academy
instagram: https://www.instagram.com/hdnacademy
linkedin: https://www.linkedin.com/company/hdn-academy
tiktok: https://www.tiktok.com/@hdnacademy
youtube: https://www.youtube.com/c/HDNAcademy",97,4.4,https://www.google.com/maps?cid=4426551479339685015,43.8619561,4.2919155,http://www.hdnacademy.com/,hdnacademy.com,https://lh3.googleusercontent.com/p/AF1QipMqU5D_U46iGFqVFMPoyyTfLcx516710QblSSlF,ChIJdUavXyAutBIRl5QFGh5Fbj0,padel
My Center Palavas - Tennis - Padel - Badminton,Av. de l'Abbé Brocardi,34250 Palavas-les-Flots,"Padel club, Tennis club",Europe/Paris,+33 9 77 38 54 82,"09 77 38 54 82, +33 9 77 38 54 82",My Center Palavas - Tennis - Padel - Badminton (Owner),,"facebook: https://www.facebook.com/mycenterpalavas
instagram: https://www.instagram.com/mycenterpalavas",95,4.5,https://www.google.com/maps?cid=4225650804772182736,43.5326995,3.9290561,https://mycenterpadel.fr/,mycenterpadel.fr,https://lh3.googleusercontent.com/p/AF1QipMDXBd731wiYZM-5EftSjbh-KOvGyIhj3GDMww,ChIJhU-ho_W6thIR0BpKuwSHpDo,padel
Tennis Club de Marseille | Tennis,10 Bd de Tunis,13008 Marseille,"Tennis club, Restaurant",Europe/Paris,+33 4 91 77 84 86,"04 91 77 84 86, +33 4 91 77 84 86",Tennis Club de Marseille | Tennis (Owner),,,173,4.2,https://www.google.com/maps?cid=17013948443646434584,43.2678952,5.3807777,https://www.lestennisdu8eme.fr/,lestennisdu8eme.fr,https://lh3.googleusercontent.com/gps-cs-s/AG0ilSyLWbQPzCaAYfyFfOT-KmHCM1_ZUd7ETRVjP0z18I-MfIqRY8sfUPmY2JFY_37gVxXRU14PDVSBgozmzMTwq-3KiygEXh8R9eX-NEAvK32uhQIWor2-ykxw_QyxTiiePNbrp7nj,ChIJQSnIUETHyRIRGB1bOvevHew,padel
Tennis Club de Cavaillon,Rue Chantiers de Jeunesse,84300 Cavaillon,Sports club,Europe/Paris,+33 4 90 71 73 69,"04 90 71 73 69, +33 4 90 71 73 69",Tennis Club de Cavaillon (Owner),tennisclub.cavaillon@gmail.com,facebook: https://www.facebook.com/Tennis-Padel-Club-Cavaillon-105279050876138,25,4.7,https://www.google.com/maps?cid=10633399092159587989,43.8224716,5.0369939,http://www.tennisclubcavaillon.fr/,tennisclubcavaillon.fr,https://streetviewpixels-pa.googleapis.com/v1/thumbnail?panoid=mBQKSesZf7DHqsoFssjbLA&cb_client=search.gws-prod.gps&w=80&h=92&yaw=65.043106&pitch=0&thumbfov=100,ChIJ8bJ6Mz34tRIRlSYi2yJskZM,padel
Aquazen,12 Rue des Tamaris,13920 Saint-Mitre-les-Remparts,Athletic field,Europe/Paris,,,Aquazen (Owner),support@webador.fr,,11,4.6,https://www.google.com/maps?cid=11243469070778872586,43.4417858,5.0363413,https://www.aquazenles3c.fr/,aquazenles3c.fr,https://lh3.googleusercontent.com/p/AF1QipN3xklaAQ10d2c2qyKCFdiFatSlVEaMiQ1nJQpo,ChIJa-6qxSMfthIRCrPdpozTCJw,padel
MHSC Padel & Tennis,Rte de Pérols,34970 Lattes,Sports complex,Europe/Paris,,,MHSC Padel & Tennis (Owner),contact@mhsc-padeltennis.com,"instagram: https://www.instagram.com/mhscpadeltennis
linkedin: https://www.linkedin.com/company/mhsc-padel-tennis",,,https://www.google.com/maps?cid=13898539389755691077,43.5592717,3.9361777,https://www.mhsc-padeltennis.com/,mhsc-padeltennis.com,https://lh3.googleusercontent.com/gps-cs-s/AG0ilSz94_2PNr9H2dW6U2SaOxtkQLvprdFhfzACbd0joWh5UoVk3xChoDEwRxN_FDhn7fbapSWrEvjf5Jr8ZU_2HR5Hhbqs82J62Mi64_pkga1ZHqVfNGnwOSBxkHBmCez2UH2WpQB2RB9OVXKr,ChIJlTIo0Je7thIRRZAp9--H4cA,padel
Bali Padel Academy,Jl. Babakan Kubu,Canggu,"Padel club, Sports club",Asia/Makassar,0817-1710-7000,"0817-1710-7000, +62 817-1710-7000",Bali Padel Academy (Owner),hello@balipadelacademy.com,instagram: https://www.instagram.com/p,324,4.8,https://www.google.com/maps?cid=7380260098373723607,-8.6277604,115.1480045,http://www.balipadelacademy.com/,balipadelacademy.com,https://lh3.googleusercontent.com/p/AF1QipPKYzEdFtPYgbnk_QF-hfFNch02tpeOdPa7dtp5,ChIJBRtS-K850i0R1yWOCXXza2Y,padel
Jungle Padel Pererenan,Jl. Raya Canggu Jl. Sempol,Canggu,Sports club,Asia/Makassar,0812-3666-4126,"0812-3666-4126, +62 812-3666-4126",Jungle Padel Pererenan (Owner),,"facebook: https://www.facebook.com/junglepadelbali
instagram: https://www.instagram.com/junglepadel
tiktok: https://www.tiktok.com/@junglepadel_",196,4.6,https://www.google.com/maps?cid=11583329311780412116,-8.6347915,115.139773,https://www.junglepadel.com/,junglepadel.com,https://lh3.googleusercontent.com/gps-cs-s/AG0ilSzCFk7UyQ497yi2ek6WK4eGIOrZU7mDjAtRQHuK0V9-AGsNf11YSRfTe2QxyRh1XZgFsYyTfz3iS2HKfvtR9wUAGgESSbUOv8LosST_cYFO-5IetjDJ9O8aQShprvtqraDQPog9Gw,ChIJ-eERz8M50i0R1JoKUaNAwKA,padel
Bali Social Club - Padel & Wellness,Jl. Kayu Tulang Selatan No.188,Canggu,"Padel club, Gym, Pilates studio, Sports club, Wellness center",Asia/Makassar,0853-3807-3377,"0853-3807-3377, +62 853-3807-3377",Bali Social Club - Padel & Wellness (Owner),,"instagram: https://www.instagram.com/bali.socialclub
tiktok: https://www.tiktok.com/@bali.social.club",272,4.5,https://www.google.com/maps?cid=3334259621174611416,-8.6432626,115.1441161,http://www.balisocialclub.co/,balisocialclub.co,https://lh3.googleusercontent.com/p/AF1QipNQTDBCNk-Ybk_z286K7zGHX8sbKDYXMN3zOTA,ChIJ6X9eFjk50i0R2I0KtXWrRS4,padel
Canggu Padel,Jl. Pantai Berawa No.15,"Canggu, Tibubeneng",Padel court,Asia/Makassar,0811-3810-0210,"0811-3810-0210, +62 811-3810-0210",Canggu Padel (Owner),info@canggupadelcentre.com,,69,3.4,https://www.google.com/maps?cid=16671916803359961983,-8.6624293,115.1473943,https://canggupadelcentre.com/,canggupadelcentre.com,https://lh3.googleusercontent.com/p/AF1QipOIP3pRnaV8bxnHVRD5jpTVXroYnIKXbarKeXAO,ChIJzYpi9AZH0i0Rf_MiRQCMXuc,padel
Liga.Tennis Padel Umalas,85W2+2P6,Jl. Bumbak Dauh,"Padel club, Padel court",Asia/Makassar,0877-7140-0500,"0877-7140-0500, +62 877-7140-0500",Liga.Tennis Padel Umalas (Owner),,,55,4.5,https://www.google.com/maps?cid=7417740405600653159,-8.6548462,115.1518152,https://www.liga.tennis/,liga.tennis,https://lh3.googleusercontent.com/gps-cs-s/AG0ilSyKvbwDwxZeQ3fqDatfPcAhwICWgGYTDXHgnlL8ck2W_c9kZmv5zuAW27uBb5R2_S1TM1F3nhmowUvCQQI9SIeYlTkT7QwL1RlA9VhS7FiMmAoRLb2u_EvUWfb9iSpOy0hptIec,ChIJA7G3YDtH0i0RZ4_jF5kb8WY,padel
Pro Padel Bali,Jl. Raya Kerobokan No.264,Kerobokan Kelod,"Padel club, Sports club",Asia/Makassar,0813-3090-7839,"0813-3090-7839, +62 813-3090-7839",Pro Padel Bali (Owner),,"facebook: https://www.facebook.com/playtomic.io
instagram: https://www.instagram.com/playtomic
linkedin: https://www.linkedin.com/company/playtomic
youtube: https://www.youtube.com/@playtomic_app",88,4.6,https://www.google.com/maps?cid=3191191051841176698,-8.6670118,115.1657079,https://playtomic.io/tenant/f3af5750-0e8f-47a0-a649-e9ea551ca03b,playtomic.io,https://lh3.googleusercontent.com/gps-cs-s/AG0ilSxj3kv5aUzc3fgWnuZ2JMCKW4ebjuGer-nZOtJurdGLOWlTEl_UcvEr9ITfpCLW5_70NKoyIk7UOTjG9KeJXFW7t-zlEj5bkSW1o9jqQQrBAV72W_M8wsjwB3E1-l16eMIJtttdnQ,ChIJgbBpVABH0i0RegRmn1pjSSw,padel
Jungle Padel Canggu Shortcut,Jl. Subak Canggu,Canggu,Padel club,Asia/Makassar,0812-3666-4126,"0812-3666-4126, +62 812-3666-4126",Jungle Padel Canggu Shortcut (Owner),,"facebook: https://www.facebook.com/junglepadelbali
instagram: https://www.instagram.com/junglepadel
tiktok: https://www.tiktok.com/@junglepadel_",51,4.2,https://www.google.com/maps?cid=8640967656950340309,-8.6532824,115.137647,https://www.junglepadel.com/,junglepadel.com,https://lh3.googleusercontent.com/p/AF1QipN_VN5CiYCimSBipH67-aJRdo3KNiWe9048b1uw,ChIJn_PgCiY50i0R1RoqXE3i6nc,padel
"Island Sports Canggu: Padel, Tennis, Fitness & Indoor Golf",Jl. Karang Suwung,Tibubeneng,"Padel club, Fitness center, Gym, Indoor golf course, Padel court, Restaurant, Sports club, Tennis club, Tennis store, Wellness center",Asia/Makassar,0823-4002-7007,"0823-4002-7007, +62 823-4002-7007","Island Sports Canggu: Padel, Tennis, Fitness & Indoor Golf (Owner)",,"instagram: https://www.instagram.com/theislandsportsclub,https://www.instagram.com/p
tiktok: https://www.tiktok.com/@theislandsportsclub
youtube: https://youtube.com/@theislandsportsclub",447,4.7,https://www.google.com/maps?cid=2699250714145442904,-8.6554222,115.1448311,http://www.iscbali.com/,iscbali.com,https://lh3.googleusercontent.com/p/AF1QipNmT26VcZ--oYV4ybnUU797O7Mj6D_-koAnvS-s,ChIJh5tyzctH0i0RWMxbKDmqdSU,padel
Jungle Padel Kerobokan,Jl. Merta Agung No.n° 99,Kerobokan,Padel club,Asia/Makassar,0823-4088-2866,"0823-4088-2866, +62 823-4088-2866",Jungle Padel Kerobokan (Owner),,"facebook: https://www.facebook.com/junglepadelbali
instagram: https://www.instagram.com/junglepadel
tiktok: https://www.tiktok.com/@junglepadel_",56,4.7,https://www.google.com/maps?cid=13067179710798269852,-8.6666886,115.1673372,https://www.junglepadel.com/,junglepadel.com,https://lh3.googleusercontent.com/gps-cs-s/AG0ilSzk1uqXqXLEGWukhOxm0at7VYKJrxTxrxp-h2WWcmYas2hN86tCoDuRZNw8gWougClPizdQenmMhqOrX1fbRvMHgqKITGuN1FYzlWexJrqkvdSbSjDQB_7Tj-pdFSPEUC4GqSDsKw,ChIJV8CtGllH0i0RnI1SzrbyV7U,padel
Amare Padel Club Umalas,Jl. Dukuh Indah No.71,Kerobokan Kelod,Padel court,Asia/Makassar,0812-6313-6000,"0812-6313-6000, +62 812-6313-6000",Amare Padel Club Umalas (Owner),,,159,4.2,https://www.google.com/maps?cid=18058061901250289506,-8.6659765,115.1587651,https://www.instagram.com/amarepadelumalas?utm_source=ig_web_button_share_sheet&igsh=ZDNlZDc0MzIxNw==,instagram.com,https://lh3.googleusercontent.com/gps-cs-s/AG0ilSya4tr3m8hVPsjwL6NwDpobSH4-JggUPaix3oAJ1layjtIaVw3bwQYgm5JBGR4OR3Et7oIbU_WZWRuA8qubXV4iASLHJeEhMpJu4k6r9MY_IARXPXDLOw6oNKcMfF4qf7OxwOqA,ChIJy7KOHgBH0i0RYt8JnJ8fm_o,padel
City Padel & Pickleball,Jl. Pura Demak,Tegal Harum,Padel court,Asia/Makassar,0853-3774-3889,"0853-3774-3889, +62 853-3774-3889",City Padel & Pickleball (Owner),,,131,4.7,https://www.google.com/maps?cid=12277589732661388605,-8.6781361,115.1922379,https://www.citytennispadel.com/,citytennispadel.com,https://lh3.googleusercontent.com/p/AF1QipPH3ppf5ewkgdHWKA9U9jwGFIf2UENzPqRSO7rI,ChIJ11GjC01B0i0RPeVD-c_CYqo,padel
Paradise Padel Bali,Jl. Subak Sari,Tibubeneng,Padel club,Asia/Makassar,0896-5060-2505,"0896-5060-2505, +62 896-5060-2505",Paradise Padel Bali (Owner),,,34,4.3,https://www.google.com/maps?cid=11345918109189187214,-8.6711549,115.1450222,,,https://lh3.googleusercontent.com/gps-cs-s/AG0ilSxQIh2kPoDLchNjlqVjIE8dYeVdUFaeqTtgnXAWiOkcFK_e-wWajKfi2xPVqpFjeZGlbTXurfeKKjZN0593dOlqEQZxZq4493VCVqSuxAI4nOJyVKr65y0OASmXNlfLbjef3-Q,ChIJz-Z5ib9H0i0RjqbkNGjMdJ0,padel
break point DEPOT | everything PADEL,Br. Tiying Tutul Jl. Raya Tumbakbayuh,Tumbak Bayuh,Padel club,Asia/Makassar,0881-0372-07710,"0881-0372-07710, +62 881-0372-07710",break point DEPOT | everything PADEL (Owner),,,115,5,https://www.google.com/maps?cid=4629692033277552933,-8.6245544,115.1449226,,,https://lh3.googleusercontent.com/p/AF1QipOkOca7E3Y2rXRhFeTUl2Xe5CZ8nrH0-I2qIHrG,ChIJQeoTKuU50i0RJen2BmD4P0A,padel
OBSIDIAN PADEL,Pererenan,Kec. Mengwi,"Padel club, Padel court",Asia/Makassar,0821-3329-5469,"0821-3329-5469, +62 821-3329-5469",OBSIDIAN PADEL (Owner),,,1,5,https://www.google.com/maps?cid=6443630626146816866,-8.6323196,115.136882,,,https://lh3.googleusercontent.com/gps-cs-s/AG0ilSxkRFYyWuXSmTHy-_uVNFT2X7T_v4zQMZClrIjrv0qjzXx_4-DI8lEp6Xt4IS7jysN0TuCPadi27UFG7SZhfLsiwgo3f2K4vsjqK4yup3LFvp2vBuN2Gr6xHxS_rcaIsQquW5ODAUbS75g,ChIJ7xtrMQA50i0RYhNPJ-pfbFk,padel
INDOPADEL,Jl. Teuku Umar Barat Z No.88,Padangsambian,"Padel club, Padel court, Sports club",Asia/Makassar,0823-4003-8633,"0823-4003-8633, +62 823-4003-8633",INDOPADEL (Owner),play@indopadel.com,"facebook: https://www.facebook.com/balipadelclub,https://www.facebook.com/Indo-Padel-105494715198906
instagram: https://www.instagram.com/indopadel
linkedin: https://www.linkedin.com/company/indo-padel
youtube: https://www.youtube.com/channel/UClWXN9-__PzBjpFYVrXOWqA",232,4.4,https://www.google.com/maps?cid=1845212980477446732,-8.674605,115.184422,https://indopadel.com/,indopadel.com,https://lh3.googleusercontent.com/gps-cs-s/AG0ilSwVY0pIbOaNZRhlIlSSwynxGoiIXOLzP038vlQqTeye9BSotVgrFpwdhR4Je7p1omA0ofJeraWVE136OYlOIzCEgfHX6Xx0aeLxJRcpOJfy9DO85ft4RhomykZUrGXWaLW18vvHMg,ChIJQyv5NNo50i0RTEpM7G2Dmxk,padel
Fifteen Padel Canggu,No.1B,Jl. Raya Tumbakbayuh - Pererenan,Padel club,Asia/Makassar,,,Fifteen Padel Canggu (Owner),,,,,https://www.google.com/maps?cid=4424802863889167573,-8.6275138,115.1350335,,,https://streetviewpixels-pa.googleapis.com/v1/thumbnail?panoid=A-VZ7to-hg8uAZYs3JudNg&cb_client=search.gws-prod.gps&w=80&h=92&yaw=141.41864&pitch=0&thumbfov=100,ChIJf-4mFAA50i0R1bQ-18IOaD0,padel
Liga.Tennis Padel Seminyak,Jl. Kayu Aya No.1,Seminyak,"Padel club, Padel court",Asia/Makassar,0823-3388-4496,"0823-3388-4496, +62 823-3388-4496",Liga.Tennis Padel Seminyak (Owner),,,31,4.6,https://www.google.com/maps?cid=17156761814728130783,-8.6837999,115.1557175,https://liga.tennis/seminyak-club,liga.tennis,https://lh3.googleusercontent.com/p/AF1QipMvuech29Sg32zETB9xdFQ1_ZiruPTrbK2nNG7N,ChIJ_wUb9WNH0i0R30DbVvgPGe4,padel
"THE LUXE PADEL - Kerobokan, Bali",Jl. Merta Agung,Kerobokan,Padel court,Asia/Makassar,0822-1344-2222,"0822-1344-2222, +62 822-1344-2222","THE LUXE PADEL - Kerobokan, Bali (Owner)",,,,,https://www.google.com/maps?cid=10467173720800759725,-8.6639429,115.168337,,,https://lh3.googleusercontent.com/p/AF1QipMdsi2BfKOyU6l1X6hnaG8O5Pa8XY_5zRotMv1d,ChIJhWuGZyxH0i0RrQ-ipgrfQpE,padel
Jungle Padel Seseh,946C+QGP,Munggu,Padel club,Asia/Makassar,0812-3666-4126,"0812-3666-4126, +62 812-3666-4126",Jungle Padel Seseh (Owner),,"facebook: https://www.facebook.com/junglepadelbali
instagram: https://www.instagram.com/junglepadel
tiktok: https://www.tiktok.com/@junglepadel_",3,3.7,https://www.google.com/maps?cid=5777725410141178352,-8.6380625,115.1213125,https://www.junglepadel.com/,junglepadel.com,https://lh3.googleusercontent.com/p/AF1QipP98iuRQWhmzYBeCcgG0BNOpyeVN5BS0PDEDZze,ChIJa2JX01E50i0R8Ik2GaaaLlA,padel
Liga.Tennis & Padel Umalas,Kerobokan,Kuta Utara,"Tennis club, Cafe, Padel club, Padel court, Recreation center, Sportswear store, Squash club, Squash court, Tennis court",Asia/Makassar,0877-7140-0500,"0877-7140-0500, +62 877-7140-0500",Liga.Tennis & Padel Umalas (Owner),,,344,4.5,https://www.google.com/maps?cid=14010320829272897027,-8.6549335,115.1517221,https://liga.tennis/umalas,liga.tennis,https://lh3.googleusercontent.com/p/AF1QipNYuR3ccKh0Cu4s5Oib_Ze3fDkVpsaIdCE9Tmv3,ChIJDftOFMJH0i0RAzYRepCobsI,padel
Bali Sports Club,Jl. Grand Dewi Sri,Legian,"Padel court, Coaching center, Padel club, Sports club, Table tennis club",Asia/Makassar,0821-9558-2946,"0821-9558-2946, +62 821-9558-2946",Bali Sports Club (Owner),,"facebook: https://www.facebook.com/playtomic.io
instagram: https://www.instagram.com/playtomic,https://www.instagram.com/bali.sportsclub
linkedin: https://www.linkedin.com/company/playtomic
youtube: https://www.youtube.com/@playtomic_app",57,4.8,https://www.google.com/maps?cid=17719372115788582653,-8.700336,115.1757409,https://playtomic.io/bali-sports-club/9f9b1cd8-0278-4ec7-8512-c504d4976e28?q=PADEL~2025-04-29~~~,playtomic.io,https://lh3.googleusercontent.com/p/AF1QipNqR-Gi3q3yOyQtMvbxGD1ifLZgNrAyCxLlAHg7,ChIJRxQfbVhH0i0R_U6K3A7b5_U,padel
Lob Padel & Wellness Retreats Bali | Powered by Jungle Padel,Jl. Raya Pererenan Tanah Lot No.98B,Pererenan,"Retreat center, Sports complex, Training center, Wellness center",Asia/Makassar,0812-1803-1893,"0812-1803-1893, +62 812-1803-1893",Lob Padel & Wellness Retreats Bali | Powered by Jungle Padel (Owner),lobpadelbali@gmail.com,instagram: https://www.instagram.com/lob_padelretreatsbali,6,5,https://www.google.com/maps?cid=15143588747092775737,-8.6348293,115.139795,https://lobpadelretreats.com/,lobpadelretreats.com,https://lh3.googleusercontent.com/p/AF1QipPBHVcIIkEziv6WAPd7cxBXTPkh9viOu1aY6NaV,ChIJqdeC8J050i0ROVMRN7vVKNI,padel
Jungle Padel Sanur,Jl. Tukad Balian,Renon,"Sports club, Padel club, Padel court",Asia/Makassar,0812-2712-6262,"0812-2712-6262, +62 812-2712-6262",Jungle Padel Sanur (Owner),,,57,4.7,https://www.google.com/maps?cid=10807169997081587311,-8.7022658,115.2398151,,,https://lh3.googleusercontent.com/gps-cs-s/AG0ilSy2AZzy61vtdhb5YAglxWmORE03ZluyxWIGzxPWfYDHhretRdZ0Rhi-Y9PdZCs2gljJXLTR1J36yZoAkS7mSJWit0A7VhS-__RAAjiXkpTglqKfaZQjCtmwQWlOFqxa9TZ2A3Z3,ChIJ67N505ZB0i0Rb65Of9rH-pU,padel
Simply Padel Sanur,Jl. Danau Tondano,Sanur,Sports club,Asia/Makassar,0877-7842-6977,"0877-7842-6977, +62 877-7842-6977",Simply Padel Sanur (Owner),play@simply-padel.com,instagram: https://www.instagram.com/simply.padel.bali,54,4.8,https://www.google.com/maps?cid=4587436977595334718,-8.6844399,115.258647,https://simply-padel.com/,simply-padel.com,https://lh3.googleusercontent.com/gps-cs-s/AG0ilSxVtgMI53rGiqGNSRYm5JYphUSDvr3P7SEIS8vd9E1wGV2QuHon8krV_jo_t0nVo2X-siQLbU6cYb11P6c5zCCNdIBWY3qxgy4isfrUzlW_ycHqmnQ2YmjuiI4aO_y6dgLBVkEtXbUCNo8,ChIJf5awzdxB0i0RPsAPN6DZqT8,padel
Sky Padel Kuta,Jl. Kartika Plaza,Kuta,Padel court,Asia/Makassar,0813-3977-4029,"0813-3977-4029, +62 813-3977-4029",Sky Padel Kuta (Owner),reservations@bdr.pphotels.com,"facebook: https://www.facebook.com/balidynastyresort
instagram: https://instagram.com/balidynastyresort
tiktok: https://www.tiktok.com/@balidynastyresort
twitter: https://x.com/BaliDynasty
youtube: https://www.youtube.com/@balidynastyresort4869",18,5,https://www.google.com/maps?cid=7092894571303110988,-8.7322673,115.1673892,https://bdr.pphotels.com/resort-facilities/skypadelkuta/,bdr.pphotels.com,https://lh3.googleusercontent.com/gps-cs-s/AG0ilSzrVPTBWy7pXfjkU1d30TUg9G0gmMUT8Dncqk-6lv-LNKCJ4vjtnIXPJrjrZjwjsOuYMAjTYTcfkhtoQYXJWBvPtguuQKUgYiRBRwFXMXW0_Jsj2MAo-Y4Oz7LwkePYcZ5jCdFq-X5TCF0,ChIJh-9iAr5H0i0RTInRZwgGb2I,padel
Sanur Padel Club,Jl. Danau Poso No.58,Sanur Kauh,Padel club,Asia/Makassar,0877-7760-0050,"0877-7760-0050, +62 877-7760-0050",Sanur Padel Club (Owner),info@sanurpadel.com,"facebook: https://www.facebook.com/sanurpadelclub
instagram: https://www.instagram.com/sanurpadelclub",120,4.6,https://www.google.com/maps?cid=3036235310878145231,-8.7057614,115.2545878,http://www.sanurpadel.com/,sanurpadel.com,https://lh3.googleusercontent.com/gps-cs-s/AG0ilSwv4--qDAKkOmT1OWLdyMmapmE9xDR0uEa5vYCyap4rnDcgluH6Eo8B4EZF7EKhPbDcfjpAkqBpZ2SyI-6Fo1lh1QypvxoGb5Pxm7ha_uBoEjd6z034fK_luFyjjSfnjgL-fXbh,ChIJT0-Rur5B0i0Rz7pjt-3fIio,padel
Island Padel Uluwatu,Jl. Labuansait No.250,Pecatu,Sports club,Asia/Makassar,0813-3705-2325,"0813-3705-2325, +62 813-3705-2325",Island Padel Uluwatu (Owner),,"instagram: https://www.instagram.com/theislandsportsclub,https://www.instagram.com/p
tiktok: https://www.tiktok.com/@theislandsportsclub
youtube: https://youtube.com/@theislandsportsclub",314,4.7,https://www.google.com/maps?cid=15053788908324987250,-8.8145892,115.1007738,https://www.iscbali.com/,iscbali.com,https://lh3.googleusercontent.com/gps-cs-s/AG0ilSxgjJPjZmszrGnTOjMzW-R3fFxWLtybutirzO1ka-E0Bi_obnVGFXUkxVueQ2cLHt7rWVZFFtYDRTTgU2iPLMqiWjgGlfjT4ICQPsJig_zfQtcqXT9MBZmiTLLZk-NoB-egX5Wv4w,ChIJG-I2p_NF0i0RciFt9EDN6dA,padel
Tanah sewa bs utk padel pickle,Jl. Taman Sari Bunga II No.2,Kerobokan Kelod,Sports club,Asia/Makassar,,,Tanah sewa bs utk padel pickle (Owner),,,,,https://www.google.com/maps?cid=7036290200048508012,-8.6726868,115.1765445,,,https://streetviewpixels-pa.googleapis.com/v1/thumbnail?panoid=zGZDKjM4HMzFQS8nOU0Mxw&cb_client=search.gws-prod.gps&w=80&h=92&yaw=205.72452&pitch=0&thumbfov=100,ChIJp5YlPQBH0i0RbBx0NqjspWE,padel
Jungle Padel Kedungu,Jl. Nirjhara No.3,Belalang,Sports club,Asia/Makassar,0877-2601-4088,"0877-2601-4088, +62 877-2601-4088",Jungle Padel Kedungu (Owner),,"facebook: https://www.facebook.com/junglepadelbali
instagram: https://www.instagram.com/junglepadel
tiktok: https://www.tiktok.com/@junglepadel_",35,4.8,https://www.google.com/maps?cid=11608189119726421127,-8.6013576,115.0910454,https://www.junglepadel.com/,junglepadel.com,https://lh3.googleusercontent.com/p/AF1QipPvV_10r2GvCkBlrK3p5CQcVfu-uvcYQXmBkN1H,ChIJGe7CPAo30i0RhwTZZoCSGKE,padel
Dewata Padel,Gg. IV No.1B,Penatih,Padel club,Asia/Makassar,0812-3901-8142,"0812-3901-8142, +62 812-3901-8142",Dewata Padel (Owner),,,,,https://www.google.com/maps?cid=18213438368962291031,-8.627183,115.2390962,https://www.instagram.com/dewata_padel,instagram.com,https://lh3.googleusercontent.com/p/AF1QipO_78AzMsmmtOxqhwBz8TgsZq9bNeIaKpp2LP0B,ChIJBzD3msA_0i0RV6V3mLIhw_w,padel
Prime Padel & Pickle Sanur,Jl. Hang Tuah No.46,Sanur Kaja,Sports club,Asia/Makassar,(0361) 281781,"(0361) 281781, +62 361 281781",Prime Padel & Pickle Sanur (Owner),reservation@sanur.pphotels.com,"facebook: https://www.facebook.com/PrimePlazaHotelSanur
instagram: https://www.instagram.com/primeplazahotelsanur",,,https://www.google.com/maps?cid=1637828883664560342,-8.675257,115.2599422,https://spph.pphotels.com/facilities/prime-padel-pickle/,spph.pphotels.com,https://lh3.googleusercontent.com/gps-cs-s/AG0ilSznoQr9QVTw8UvuzgpoeT-hgDhvAqqFVZX1tRA3VRy2BIoO3YTfRb0o-qNSGQM_S6TTGj1gUVFqj2v5eyAcv6-IP4bB6dVVIDX1Wuddw8d2WQHqZZfTLOkVzFxsavK3jskEbjqN_we7WdzC,ChIJYzaYegBB0i0R1mCzLbG8uhY,padel
TAMORA PADEL CUB,Jl. Padang Lingjong No.8,Canggu,Bed & breakfast,Asia/Makassar,,,TAMORA PADEL CUB (Owner),,,,,https://www.google.com/maps?cid=16912664053484430414,-8.6373591,115.1426285,,,https://streetviewpixels-pa.googleapis.com/v1/thumbnail?panoid=xZmVmWIzIOpaChnMUKGaxg&cb_client=search.gws-prod.gps&w=80&h=92&yaw=133.3287&pitch=0&thumbfov=100,ChIJC0H1EgA50i0RTiR1eVnateo,padel
Monkey Padel Bali Ubud,Jl. Raya Sayan,Singakerta,"Padel court, Cafe, Sporting goods store",Asia/Makassar,0822-3535-8310,"0822-3535-8310, +62 822-3535-8310",Monkey Padel Bali Ubud (Owner),info@monkeypadelbali.com,"instagram: https://www.instagram.com/monkeypadelbali
linkedin: https://www.linkedin.com/in/monkey-padel-bali-8a101b291
tiktok: https://www.tiktok.com/@monkeypadelbali
youtube: https://www.youtube.com/@MonkeyPadelBali",148,4.9,https://www.google.com/maps?cid=8753377185625518425,-8.5222912,115.2391498,https://www.monkeypadelbali.com/,monkeypadelbali.com,https://lh3.googleusercontent.com/p/AF1QipNiwaYagEvt4WA69KoQ550nGZxL4xfM2CZlEgyZ,ChIJLbuHpAU90i0RWbE3Riw-enk,padel
"Padel Club Indonesia - Jimbaran, Bali",Kawasan Jimbaran Hub Jalan Karang Mas Sejahtera,Jl. Pura Taksu,Padel court,Asia/Makassar,0813-2581-5559,"0813-2581-5559, +62 813-2581-5559","Padel Club Indonesia - Jimbaran, Bali (Owner)",,"facebook: https://www.facebook.com/playtomic.io
instagram: https://www.instagram.com/playtomic
linkedin: https://www.linkedin.com/company/playtomic
youtube: https://www.youtube.com/@playtomic_app",51,4.4,https://www.google.com/maps?cid=17651983049790133747,-8.7919746,115.151465,https://playtomic.com/clubs/padel-club-indonesia-jimbaran-bali,playtomic.com,https://lh3.googleusercontent.com/p/AF1QipP3ZG9YJPjjtwho63fCT7-ttKU6GXv0rR-y8HIm,ChIJJxsGRd9F0i0R8xX1Pw9x-PQ,padel
"Nusa Padel Club - Nusa Dua, Bali",Jl. Siligita,Benoa,"Padel court, Restaurant",Asia/Makassar,0821-3527-2700,"0821-3527-2700, +62 821-3527-2700","Nusa Padel Club - Nusa Dua, Bali (Owner)",nusapadel@gmail.com,"instagram: https://www.instagram.com/p,https://www.instagram.com/nusapadelclub",62,4.8,https://www.google.com/maps?cid=13056467781472472557,-8.7985621,115.2171273,https://nusapadelclub.com/,nusapadelclub.com,https://lh3.googleusercontent.com/p/AF1QipO_MAJRC_5o-Qi4bd3wjjw5V3_Ip1D-NotXL6Bw,ChIJDcrt_spD0i0R7c3_Z0XkMbU,padel
Bam Bam Padel,Jl. Cempaka,Mas,"Padel club, Padel court",Asia/Makassar,0811-3909-010,"0811-3909-010, +62 811-3909-010",Bam Bam Padel (Owner),,"facebook: https://www.facebook.com/bambampadel
instagram: https://www.instagram.com/bambampadel
youtube: https://www.youtube.com/@bambampadel,https://www.youtube.com/@BamBamPadel",73,4.7,https://www.google.com/maps?cid=17342847121578089825,-8.5369866,115.2667949,https://www.bambampadel.com/,bambampadel.com,https://lh3.googleusercontent.com/p/AF1QipNjYHWsfoHBT6zxLYNxg-jyCJHnmBK6mYnR2Xbf,ChIJFeHx5e490i0RYV2RG5IrrvA,padel
Ayomainpadel,80361,Legian,"Padel court, Coaching center, Padel club, Racquetball club, Seal shop, Table tennis club, Table tennis facility, Training center",Asia/Makassar,0821-9558-2946,"0821-9558-2946, +62 821-9558-2946",Ayomainpadel (Owner),,,3,5,https://www.google.com/maps?cid=3095101605432780845,-8.700337,115.1757366,https://www.instagram.com/ayomainpadel/?hl=es,instagram.com,https://lh3.googleusercontent.com/p/AF1QipNLpih9usHlF3ovJNp60uEMTxs99TfoXgF63S-E,ChIJ3f4B9NpH0i0RLeiP94IC9Co,padel
Jungle Padel Ubud,Jl. Raya Laplapan No.17,Petulu,Sports club,Asia/Makassar,0811-3886-2555,"0811-3886-2555, +62 811-3886-2555",Jungle Padel Ubud (Owner),hello@junglepadelubud.com,"instagram: https://www.instagram.com/junglepadelubud,https://www.instagram.com/p",141,4.8,https://www.google.com/maps?cid=9555557311455668474,-8.498533,115.2792879,https://junglepadelubud.com/,junglepadelubud.com,https://lh3.googleusercontent.com/gps-cs-s/AG0ilSwWDYj9JRyGXzc3jzk8-Ftak4C96XZiDnWEDsrhmpQ_pMycQIhrx-YGKM7ifuNwHB56zSvqwrP4sJ6MWsNjKZ-5GW4UKG_fDR2cJ5qc7eP1xM0X9RA4ga8LJJM0vMTk3nTcPOmp,ChIJNd7gNu490i0R-qgzTL8onIQ,padel
Padel Xchoo,Dekat PT.Lestari Jaya Dewata,Jl. Raya Kuta No.5,Padel court,Asia/Makassar,,,Padel Xchoo (Owner),,,,,https://www.google.com/maps?cid=5027988807789352370,-8.7222058,115.1768618,,,https://lh3.googleusercontent.com/p/AF1QipMG54axaUup04aXhJSTjhDp1G-AHpTLNA1_3aST,ChIJzQ6oMmBH0i0RspXsZi4Bx0U,padel
Padel of Gods,80571,Ubud,Padel court,Asia/Makassar,0878-1517-8860,"0878-1517-8860, +62 878-1517-8860",Padel of Gods (Owner),info@padelofgods.com,"facebook: https://www.facebook.com/padelofgods
instagram: https://www.instagram.com/padelofgods,https://www.instagram.com/matiascariboni",59,4.8,https://www.google.com/maps?cid=1146886818136944865,-8.5224671,115.2495132,http://padelofgodsbali.com/,padelofgodsbali.com,https://lh3.googleusercontent.com/p/AF1QipN-y7-Y2HkqwVwAzHMDbhWALfgTG2PVbsoIZFGo,ChIJ-fiNjw090i0R4XChEHyP6g8,padel
Match point padel,Jl. Taman Kebo Iwa,Taman mumbul,Padel court,Asia/Makassar,0819-2916-2316,"0819-2916-2316, +62 819-2916-2316",Match point padel (Owner),,,14,5,https://www.google.com/maps?cid=2296274562812196261,-8.7961225,115.2061672,https://bali-padel.com/,bali-padel.com,https://lh3.googleusercontent.com/p/AF1QipOagRrHMR11s56ouyRbF-2_yTHzocwtqaYDtQGW,ChIJdQaRqAtD0i0RpbUvd4wB3h8,padel
Rodri Ovide Padel Academy,Jl. Raya Tebongkang No.500,Singakerta,Padel club,Asia/Makassar,0813-3755-5230,"0813-3755-5230, +62 813-3755-5230",Rodri Ovide Padel Academy (Owner),play@rodriovideacademy.com,,61,4.8,https://www.google.com/maps?cid=12591318125324488713,-8.52309,115.2423371,https://www.rodriovideacademy.com/,rodriovideacademy.com,https://lh3.googleusercontent.com/gps-cs-s/AG0ilSwXbrSWrqSYxTtp8ep23hcN1A3bonj58cqGYfdHG6zuXHz77WsSIfg3tbtl6LpUf5XweW76e-b_dTpAzm8_PvnQl43Nsfkfct2fxUB_2QsXRQBy_auWlQozawNz-cFSdet7AuyBkPaMsAMg,ChIJ1Xdroxs90i0RCVDnkR9Zva4,padel
Padel Dise Bali,86WR+557,Nuansa Anyelir II,Sports club,Asia/Makassar,,,Padel Dise Bali (Owner),,,4,5,https://www.google.com/maps?cid=15285541155415846168,-8.6545873,115.240421,,,https://lh3.googleusercontent.com/gps-cs-s/AG0ilSy8Fowauk2ovbN2Ikjtvjnz3CqRbDpmb7ULLu3W3RZ22ftXsAesJ6AiJBP5GEtwMOQjSC2PrY5j8nKzfcioOOBZO3BZ9zrMMHa9gNNe8UkSSCl8Jb2Yc6sAj1GiI66twXQEr2dyzSIySPab,ChIJv0foAgBB0i0RGO0s0LEmIdQ,padel
Bisma Padel,Jl. Bisma,Ubud,Sports club,Asia/Makassar,0823-4088-3191,"0823-4088-3191, +62 823-4088-3191",Bisma Padel (Owner),,,35,4.5,https://www.google.com/maps?cid=14513623354692416618,-8.5153687,115.2581646,,,https://lh3.googleusercontent.com/p/AF1QipO2ImuwmUQad9pyOIfPgVU7OyJxK5PbERNwaC8U,ChIJf8uDjv890i0RajRBbIu_ask,padel
The Ground Bali,The Ground Gang,Pecatu,Padel club,Asia/Makassar,0812-3790-3231,"0812-3790-3231, +62 812-3790-3231",The Ground Bali (Owner),,,80,4.7,https://www.google.com/maps?cid=13147655794508884332,-8.8136508,115.1241481,,,https://lh3.googleusercontent.com/gps-cs-s/AG0ilSwo1dvL-T6Ga2Qg7IHMiv9cncCADLtxT9mZ3KaC3CIxWERS8FPc9VC7-0V1hCTJW9iE9KZ0QdNW2q3UNiylZ0UYkc3e7Xwx2LmPtjA02og8XSNU8kVchl3i9H-87jhA6kWB_LqssQ,ChIJh2Vh1tlF0i0RbOnOLEnbdbY,padel
SLC Sinergi (Padel Court),8539+H8H,Jl. Raya Seminyak No.10,Sports club,Asia/Makassar,,,SLC Sinergi (Padel Court) (Owner),,,,,https://www.google.com/maps?cid=650506318541114622,-8.6959865,115.1685683,,,https://lh3.googleusercontent.com/gps-cs-s/AG0ilSzYbttzrmaWtEgrIp3G1UMMN-zY5UCRqppvax3ky29oNRRVgnhEnrZwx42PA5rpqAbN2dRBKJxSkXPbZsK7d_GMejJDNKIbM23upgGWHRLyENvHK7aiz-SveI7fSa4RZGKf9lbWd6egfvqD,ChIJWyRgHgBH0i0R_kzK2AwQBwk,padel
UNIVERSE PADEL,Jl. Puri Gading,Jimbaran,"Padel club, Disco club, Gym, Pool billard club, Restaurant, Swimming pool",Asia/Makassar,,,UNIVERSE PADEL (Owner),contact@universe-padel.com,,6,5,https://www.google.com/maps?cid=605259877785625917,-8.803111,115.1567347,http://universe-padel.com/,universe-padel.com,https://lh3.googleusercontent.com/p/AF1QipMdmHXU_5H9vsw5SoYv6aUv_G5PhpW5ziDs7__x,ChIJZwaDZytF0i0RPWU17KZQZgg,padel
Island Sports Cemagi,Jl. Pantai Mengening No.1,Cemagi,Sports club,Asia/Makassar,,,Island Sports Cemagi (Owner),,"instagram: https://www.instagram.com/theislandsportsclub,https://www.instagram.com/p
tiktok: https://www.tiktok.com/@theislandsportsclub
youtube: https://youtube.com/@theislandsportsclub",275,4.9,https://www.google.com/maps?cid=11672420784942374945,-8.6297829,115.1102843,https://www.iscbali.com/,iscbali.com,https://lh3.googleusercontent.com/gps-cs-s/AG0ilSxFQIlfWgIslESoBzihpfFTQJtI-BeTha5rpBFSFOeIBWz-1D4-Br-3-Wu0OISdhQKaEdJerm5uOw5VEKd9-pOn_YHsdzSezqavmXlzYVAwwTxssYbYH2vYXAMR65NK_3HHuypS,ChIJp-lSGmQ50i0RIWBgW9zE_KE,padel
Villa Padel,95V2+J77,Buduk,Villa,Asia/Makassar,,,Villa Padel (Owner),,,1,5,https://www.google.com/maps?cid=2596320032390433002,-8.6059585,115.1506855,,,,ChIJT7D2NE450i0R6sjcRVD7ByQ,padel
"Mahima Tennis, Padel & Gym",Jl. Blumbang,Sayan,"Sports club, Fitness center, Padel club, Padel court, Personal trainer, Restaurant, Sports school, Tennis club, Tennis court, Wellness center",Asia/Makassar,0813-3758-2672,"0813-3758-2672, +62 813-3758-2672","Mahima Tennis, Padel & Gym (Owner)",,instagram: https://www.instagram.com/mahima.ubud,67,4.9,https://www.google.com/maps?cid=16101741808124357936,-8.5031964,115.2427361,https://www.mahimabali.com/,mahimabali.com,https://lh3.googleusercontent.com/gps-cs-s/AG0ilSz84Gx_9IcmBdo2T57cNjZ1Qt4lRgLuDIAW-ZRe9tZYIkkjqqP-IjzskuoEtVqUHgjbXqJknNe2nVkH7HdCQ-3oBZllkqzlyVMb6RmWZLtrfEjUO4fjcuFP8-SD1mVRnqnVobKBO-P9SoY,ChIJwU3Yzcs90i0RMO1OIt3gdN8,padel
Casa Padel Bali,6557+29M,Jl. Raya Uluwatu Gg. Bambu No.97,Sports club,Asia/Makassar,,,Casa Padel Bali (Owner),,,2,5,https://www.google.com/maps?cid=4508793740040495076,-8.7921819,115.1635526,https://www.instagram.com/casapadelbali?igsh=NGQ4MjVvNTN6a2Ji,instagram.com,https://streetviewpixels-pa.googleapis.com/v1/thumbnail?panoid=dub0bj3aVaToSsNGqAbJ-Q&cb_client=search.gws-prod.gps&w=80&h=92&yaw=311.18405&pitch=0&thumbfov=100,ChIJvYRIEgBF0i0R5F-emAR0kj4,padel
PLAY by Uluwatu Estate,Jl. Batu Nunggul,Pecatu,Padel club,Asia/Makassar,0811-8423-399,"0811-8423-399, +62 811-8423-399",PLAY by Uluwatu Estate (Owner),,,17,5,https://www.google.com/maps?cid=8174690654765092666,-8.8382799,115.0987542,https://www.instagram.com/play.uluwatu,instagram.com,https://lh3.googleusercontent.com/gps-cs-s/AG0ilSzKUsUbR2xjP1B5Xf4KGYWcIG0-s00Ymndj68_79lRDFm0hUiIifFbsglq7FQIsOvNpciBNfhEwWWK66rA5fN5mTyWwOGq4osPtH_nmflsKbMaaoYfAo-y_1cPsd0UTjMRQKJxvTOz1sP6l,ChIJOSTGcgBb0i0ROo_60dZVcnE,padel
BODY CRAFT ELEMENTS BALI,Jl. Sempol No.999,Pererenan,"Fitness center, Gym",Asia/Makassar,0822-2522-2380,"0822-2522-2380, +62 822-2522-2380",BODY CRAFT ELEMENTS BALI (Owner),info@bodycraftelements.com,"facebook: https://www.facebook.com/BodyCraftElements/about
instagram: https://www.instagram.com/bodycraftelements.bali
tiktok: https://www.tiktok.com/@bodycraftelements",136,4.9,https://www.google.com/maps?cid=6800010564417679013,-8.6383645,115.1383392,http://www.bodycraftelements.com/,bodycraftelements.com,https://lh3.googleusercontent.com/p/AF1QipNmDFf9_2F2rNoOfiabEiYIkWbivF0GglAusTwi,ChIJV6pKRwA50i0Rpe4EkZR9Xl4,padel
1st Padel,94GC+V6Q,Jl. By Pass Tanah Lot,Sports complex,Asia/Makassar,,,1st Padel (Owner),,,,,https://www.google.com/maps?cid=15290520987604103499,-8.6228125,115.1205625,,,https://lh3.googleusercontent.com/p/AF1QipPKY5EEPUbMEOwtulUv7hgWWNJrV367WUA3npqD,ChIJzzegi4s50i0RSzHMWNPXMtQ,padel
Heartbeat Bali Fitness Boutique Indoor Cycling Club & HIIT Box,Jl. Sempol,Pererenan,"Sports club, Athletic club, Bicycle club, Gym, Indoor cycling, Personal trainer, Fitness center, Sports massage therapist, Training center",Asia/Makassar,0813-5333-1146,"0813-5333-1146, +62 813-5333-1146",Heartbeat Bali Fitness Boutique Indoor Cycling Club & HIIT Box (Owner),,"facebook: https://www.facebook.com/HeartbeatBali
instagram: https://www.instagram.com/heartbeat_bali
youtube: https://www.youtube.com/channel/UChj6_xyD-dXIpB_crs7KvAQ",112,5,https://www.google.com/maps?cid=13367808481198990418,-8.6349111,115.1394726,http://www.heartbeatbali.com/,heartbeatbali.com,https://lh3.googleusercontent.com/p/AF1QipOoLEcOMYjM6Y2WsDIUhJXRE7xFIDjiOONKNzRq,ChIJHaQHO2w50i0RUuRR6_z-g7k,padel
Liga.Tennis & Padel Ubud,Jl. Katik Lantang,Singakerta,"Padel court, Tennis court",Asia/Makassar,0823-3888-8701,"0823-3888-8701, +62 823-3888-8701",Liga.Tennis & Padel Ubud (Owner),,,37,4.8,https://www.google.com/maps?cid=38431193473935117,-8.5133218,115.2501386,https://liga.tennis/venue/ligatennis-padel-ubud,liga.tennis,https://lh3.googleusercontent.com/p/AF1QipNWSyZy67P6focM9s7Pa_QMuzrN74COoHyFkA2z,ChIJj7je9Yw90i0RDedOg_eIiAA,padel
Kanana Padel Club,"Kanana Village, Perumahan Bali Kencana Resort I",Jimbaran - Uluwatu,Padel court,Asia/Makassar,0851-3883-8787,"0851-3883-8787, +62 851-3883-8787",Kanana Padel Club (Owner),,,,,https://www.google.com/maps?cid=8684438692209565215,-8.8184646,115.1638372,,,https://lh3.googleusercontent.com/p/AF1QipPHhmZJqdcYJm-niT-imQ-8v-rQBYIwApPm31OX,ChIJZU-fJbhb0i0RHx7PevpShXg,padel
Basketball Canggu,Jl Green,Pererenan,Sports club,Asia/Makassar,,,Basketball Canggu (Owner),,,48,4.4,https://www.google.com/maps?cid=11057451112424025096,-8.6361717,115.1399381,,,https://lh3.googleusercontent.com/gps-cs-s/AG0ilSy4twmbnJim-CZcCXQceOmMRnRqdTGzAHkTIBrCjGD3qyycc4Jcs5UG9gwEUfs4oTMgbC5DrD_DrdUsQZQlj3Mhn-bDePcHhENQNYosY4hU9c9DX0VWrWp2dbH6M-8SzBm_6ePBWw,ChIJnQuu3Yw50i0RCCxIrTP1c5k,padel
Liga.Tennis & Padel Sanur,Jl. Bypass Ngurah Rai No.314,Sanur,"Tennis club, Cafe, Dance school, Gym, Gymnastics center, Padel club, Pickleball court, Sports club, Sportswear store, Squash court",Asia/Makassar,0877-1440-0500,"0877-1440-0500, +62 877-1440-0500",Liga.Tennis & Padel Sanur (Owner),,,231,4.7,https://www.google.com/maps?cid=13155832610136852486,-8.6881295,115.2577365,https://liga.tennis/sanur,liga.tennis,https://lh3.googleusercontent.com/p/AF1QipOiHKhBSRwNenNAitjUGzVjHUqMEhr4n9CXA7gM,ChIJubaCyUxB0i0RBgi1aw7okrY,padel
Padel Court in Swan Paradise,C74V+7P5,Saba,Padel court,Asia/Makassar,,,Padel Court in Swan Paradise (Owner),,,1,5,https://www.google.com/maps?cid=15273673529017818852,-8.5943658,115.2943645,,,https://lh3.googleusercontent.com/gps-cs-s/AG0ilSxR6eJOhlT9R8UdBaYPbHCuLZ8JBOWWoABPWpgs-VJRUvF73tIxKTTtNTYCGctka634Mg5vu-kjsKhCsYF4q9WZYHprwE0hp-YMmqzB-Rp7jYVzwLuIFKkOPt1Gdb3o7L72QQeOaxCf1ks,ChIJh5fyVgAV0i0R5N5kuCb99tM,padel
Sibang Social | Padel Club | Pool Restaurant | Coworking | Playground,Jl. Green School Bali,Sibang Kaja,Social club,Asia/Makassar,0811-3811-6796,"0811-3811-6796, +62 811-3811-6796",Sibang Social | Padel Club | Pool Restaurant | Coworking | Playground (Owner),,"instagram: https://www.instagram.com/Sibangsocial
tiktok: https://www.tiktok.com/@sibangsocial",,,https://www.google.com/maps?cid=16152780045275018429,-8.566854,115.2127366,https://sibangsocial.com/,sibangsocial.com,https://lh3.googleusercontent.com/p/AF1QipOlJjHPTcgD3iuUkQm5mmPsL-uRyZUMLJovPwQA,ChIJl85Npmg90i0RvbSivd4zKuA,padel
Surya Gym Bali,Jl. Raya Canggu,"Tanah Lot, Pererenan","Gym, Fitness center, Health food restaurant, Martial arts club, Martial arts school, Muay Thai boxing gym, Pool billard club, Self defense school",Asia/Makassar,0823-4092-8751,"0823-4092-8751, +62 823-4092-8751",Surya Gym Bali (Owner),,"facebook: https://www.facebook.com/suryagymbali
instagram: https://instagram.com/suryagymbali
tiktok: https://tiktok.com/@suryagymbali_",516,4.6,https://www.google.com/maps?cid=9249675533866986027,-8.6339461,115.1381557,https://linktr.ee/suryagymbali,linktr.ee,https://lh3.googleusercontent.com/gps-cs-s/AG0ilSxxrGkjUKtX7_ge-YuE9MRLZjGjEORBFVQblEpqxIQ1tcrZPmTLaFw5hMtBGgTAuAgxnAVG0JbrgAv_fEENOb0TAL14aAkrHJT2hDQcL437xxZmTVD4_qnxasFFHmy9pjgRmxyfhQ,ChIJ1RqsSF440i0RK2rDI-RyXYA,padel
Padel Society by Aayan,Jl. Gapura Vista Gg. Wibisana No.88,Kutuh,"Padel court, Sports club",Asia/Makassar,0857-3746-9900,"0857-3746-9900, +62 857-3746-9900",Padel Society by Aayan (Owner),,,,,https://www.google.com/maps?cid=5659211410397088843,-8.8305576,115.1833019,,,https://lh3.googleusercontent.com/p/AF1QipNOh4luEtVTiuQbec2cAFkiRaQGtgOjcPwAhEIP,ChIJf1iuXgBb0i0RS0yOQcuOiU4,padel
Liga Padel Club Nusa Dua,Beach,Jl. Pantai Mengiat Jl. Raya Nusa Dua Selatan No.4,Sports club,Asia/Makassar,(0361) 771102,"(0361) 771102, +62 361 771102",Liga Padel Club Nusa Dua (Owner),"info@ayodyaresortbali.com,reservation@ayodyaresortbali.com","facebook: https://www.facebook.com/ayodyaresortbali
instagram: https://www.instagram.com/ayodyabali
youtube: https://www.youtube.com/@ayodyaresortbali",,,https://www.google.com/maps?cid=5124419710009991360,-8.8077936,115.2296302,https://ayodyaresortbali.com/,ayodyaresortbali.com,https://lh3.googleusercontent.com/p/AF1QipOdVKh9Z3lbJ2fgHoo-hYGkeOzaVOOVJDhbIDqd,ChIJkwhgLzFD0i0RwOAnb5OYHUc,padel
Gymnastics Bali by Liga.Tennis Sports Club,Studio 1 Jl. Bypass Ngurah Rai No.314,Sanur,"Gymnastics club, Sports club",Asia/Makassar,0877-1440-2500,"0877-1440-2500, +62 877-1440-2500",Gymnastics Bali by Liga.Tennis Sports Club (Owner),,,27,5,https://www.google.com/maps?cid=8517419769277355825,-8.687442,115.2578316,https://liga.tennis/gymnastics,liga.tennis,https://lh3.googleusercontent.com/gps-cs-s/AG0ilSyqH3F_ZsO8UpU_lz77mZnI3pTxAgxQTlbCPepaW7uYImEAfqhn74T9YQyO02wE1Teik-3i4uX_3Py-zd9HINgUreQxMe9yShmBpxn497b6x8lp5KTHn5CCe4pDNFeandeXZvIQjA,ChIJ526D0PVB0i0RMZeqJif0M3Y,padel
Jackfruit Racquet Club,Gg. Bangsing Jl. Pantai Cemongkak,Pecatu,Padel court,Asia/Makassar,,,Jackfruit Racquet Club (Owner),,,,,https://www.google.com/maps?cid=3531159410662684081,-8.8192079,115.1239265,,,https://streetviewpixels-pa.googleapis.com/v1/thumbnail?panoid=KZeH67BaJI9dXnx2unmOCw&cb_client=search.gws-prod.gps&w=80&h=92&yaw=359.9254&pitch=0&thumbfov=100,ChIJS29pqOZb0i0RsbXTbcYyATE,padel
PANORAMIC - Padel Consulting,,,"Padel club, Service establishment",Asia/Makassar,+34 687 70 83 69,"687 70 83 69, +34 687 70 83 69",PANORAMIC - Padel Consulting (Owner),info@panoramicpadel.com,"instagram: https://www.instagram.com/mkt_studios,https://www.instagram.com/panoramic.padel
linkedin: https://www.linkedin.com/company/panoramic-padel",,,https://www.google.com/maps?cid=7052025639239847774,-8.6192444,115.1427264,https://panoramicpadel.com/,panoramicpadel.com,,ChIJ09Zj2BTVLUARXo_WpfTT3WE,padel
IND PADEL ACADEMY,,,"Sports club, Service establishment",Asia/Makassar,0811-1801-825,"0811-1801-825, +62 811-1801-825",IND PADEL ACADEMY (Owner),,,,,https://www.google.com/maps?cid=11325947392859039378,-8.4554714,115.071577,,,,ChIJm6V70nOk3iwRkuYfeCXZLZ0,padel
Havana Padel Club,Jl. PB Sudirman No.52,"Dusun Kp. Baru, Jajag","Sports club, Padel court",Asia/Jakarta,0823-4283-5653,"0823-4283-5653, +62 823-4283-5653",Havana Padel Club (Owner),,"facebook: https://www.facebook.com/ayo.indonesia.sports
instagram: https://www.instagram.com/ayo.indonesia
linkedin: https://www.linkedin.com/company/ayo-indonesia
tiktok: https://www.tiktok.com/@ayo.indonesia
twitter: https://x.com/ayosportapp
youtube: https://www.youtube.com/channel/UCzcL2gtj47A384gBKM1p13w",1,5,https://www.google.com/maps?cid=7993149706337813626,-8.4398568,114.1878639,https://link.ayo.co.id/l/fbsxBnOEdl-Havana-Padel-Club,link.ayo.co.id,https://lh3.googleusercontent.com/p/AF1QipOYZoqHprNiAPUezwdrH1JuW7LGsnBfS6JvpRpt,ChIJN4fGV83_0y0ReoTI8k5f7W4,padel
EDITED.,S10,Jl. Raya Kayutulang,Clothing store,Asia/Makassar,0821-1450-7969,"0821-1450-7969, +62 821-1450-7969",EDITED. (Owner),"info@edited-bali.com,kat@edited-bali.com",instagram: https://www.instagram.com/edited.bali,85,5,https://www.google.com/maps?cid=11058117685294758323,-8.643951,115.1434742,http://www.edited-bali.com/,edited-bali.com,https://lh3.googleusercontent.com/p/AF1QipP7RmKQ1gKZ7IW8sCXSM_9-B2CCU5wbDZJE5KUP,ChIJrdgRGQA50i0Rs3l1RHJTdpk,padel
Geenas Arena,Jl. Penyaringan,Sanur Kauh,"Padel court, Badminton court",Asia/Makassar,0878-6067-8353,"0878-6067-8353, +62 878-6067-8353",Geenas Arena (Owner),,,126,4.7,https://www.google.com/maps?cid=10058483939266419298,-8.6874005,115.2494552,,,https://lh3.googleusercontent.com/gps-cs-s/AG0ilSwZ4l8Vv89aHM2q1b39EHwgerzzQ4taok_NKQvyitV0alroOmPqxdJzzJX_s2kBVdtr4rjvJlrZ926mTrEbpvujvaLei4-TwbxJcBiwJEFryiFiL-fIEr9jn5lp7vwQbAiLsjAM,ChIJy7WdnIhB0i0RYlrywtnplos,padel
Villa Akari + Padel,G73Q+5XG,Pejeng Kaja,Villa,Asia/Makassar,,,Villa Akari + Padel (Owner),,,,,https://www.google.com/maps?cid=6178790272236351295,-8.4982538,115.2904304,,,https://streetviewpixels-pa.googleapis.com/v1/thumbnail?panoid=8QLkQdGoaTkpDeoowRPZag&cb_client=search.gws-prod.gps&w=80&h=92&yaw=135.35092&pitch=0&thumbfov=100,ChIJgxF4GwAX0i0RP29JFgR5v1U,padel
Mangroove Bay Padel,Jl. Bangsal,Sumberkima,Sports club,Asia/Makassar,0822-1339-9380,"0822-1339-9380, +62 822-1339-9380",Mangroove Bay Padel (Owner),,,4,5,https://www.google.com/maps?cid=9390267100294065763,-8.1388936,114.5997351,,,https://lh3.googleusercontent.com/gps-cs-s/AG0ilSxB0QEBl_ScDBlHVgk9GZu9auPxvkJMm4cBeSvkBwKElcRtMqt6-ZF4OEMCLO1g5y13PyFxWXXv0o6obZ1yaofZ5NEx6BQzHIU_WqXBZukot8NTlsIDy3zUwKvbRbyKScyuAZGAmslXKNVK,ChIJ82qeOwBp0S0RY64QCy3uUII,padel
Lembongan Padel Club,Jungutbatu,Jl. Raya Lembongan,Sports complex,Asia/Makassar,0813-2525-7669,"0813-2525-7669, +62 813-2525-7669",Lembongan Padel Club (Owner),,,,,https://www.google.com/maps?cid=3693670405734992899,-8.6853311,115.4441794,,,https://lh3.googleusercontent.com/p/AF1QipN9-xwsTzDWUpq3sTiDmSsV4VKAX3Eij3OLUwF8,ChIJVexLT8xt0i0RAww1A6qNQjM,padel
Dewata Padel,Jl. Uluwatu II No.88X,Jimbaran,"Padel club, Padel court",Asia/Makassar,0813-1116-798,"0813-1116-798, +62 813-1116-798",Dewata Padel (Owner),dewatapadel@gmail.com,,,,https://www.google.com/maps?cid=15696097033997341024,-8.782438,115.1740626,https://dewatapadel.com/,dewatapadel.com,https://lh3.googleusercontent.com/p/AF1QipOZx7sjcX_438BlWFwRwxzwkfjXo3SRVnBlkd5E,ChIJZ0TpWvhF0i0RYFF5Rxe909k,padel
FINNS Recreation Club,Jl. Pantai Berawa No.15,"Canggu, Tibubeneng","Recreation center, Coworking space, Swim club, Water park",Asia/Makassar,(0361) 8483939,"(0361) 8483939, +62 361 8483939",FINNS Recreation Club (Owner),,,565,4,https://www.google.com/maps?cid=241666871832160653,-8.6624692,115.1478448,https://www.finnsrecclub.com/,finnsrecclub.com,https://lh3.googleusercontent.com/p/AF1QipPQVU7M8S8Xzre5NpH-5OWoCtOHARX2rkJV-fNU,ChIJ-2owK5Q50i0RjSmJUb2SWgM,padel
Jungle Padel Lembongan,Desa Lembongan Kecamatan,Jalan Pantai Jl. Songlambung,Sports club,Asia/Makassar,,,Jungle Padel Lembongan (Owner),,,5,4.4,https://www.google.com/maps?cid=15144911662856309945,-8.6833184,115.4430143,,,https://lh3.googleusercontent.com/gps-cs-s/AG0ilSx4QaoddVcADmUITLq_5LOIusE8M-4yEo80mh67wBXPYJY7zqo6rvETT2wkR9MkovJTQcUzX-EPnMECfuK_LEsEGj2R3qEoiNRM4YvVO01qMplZh0Mxb7C6CGfSO5nsQ9kPLFRehVCt3bA,ChIJy13qOABt0i0RuYw4i-qILdI,padel
Esprit Padel,155 Rte de Grenoble,69800 Saint-Priest,"Sports complex, Restaurant, Sports bar",Europe/Paris,+33 4 37 54 76 15,"04 37 54 76 15, +33 4 37 54 76 15",Esprit Padel (Owner),"contact@espritpadel.com,alexis@espritpadel.com,cours@espritpadel.com,commercial@espritpadel.com,inscription@espritpadel.com,jerome@espritpadel.com","facebook: https://www.facebook.com/EspritPadel,https://www.facebook.com/sebastien.cornet,https://www.facebook.com/joffrey.gilant,https://www.facebook.com/francois.authier.75,https://www.facebook.com/alexis.bayard.5
instagram: https://www.instagram.com/espritpadel_la_boisse,https://www.instagram.com/espritpadel,https://www.instagram.com/authier_francois,https://www.instagram.com/alex_bayard86
linkedin: https://www.linkedin.com/in/cornets
youtube: https://www.youtube.com/@espritpadel9072,https://www.youtube.com/@joffreygilant",311,4.7,https://www.google.com/maps?cid=10987425958258249518,45.7103467,4.9744574,https://www.lyon.espritpadel.com/,lyon.espritpadel.com,https://lh3.googleusercontent.com/gps-cs-s/AG0ilSzsrbbqteJ20FYZ2fbwtgqUKtpGeoZ-2UvkMdyKCMk3QCb5jkMUufUcAoEsHvhepRslYhR0hUbBhsrlVVo9M4DKlMpKM0w9trkkP2ZTLH65yFTttttUrnH0aNiSlbej_jF50vGi5A,ChIJ5cuxNCPE9EcRLo_j9bEte5g,padel
PadelShot Saint-Etienne,19 All. Jean Lauer,42000 Saint-Étienne,"Sports club, Badminton club, Bar, Padel club, Pool hall, Restaurant, Sports complex, Table tennis club",Europe/Paris,+33 7 83 31 50 05,"07 83 31 50 05, +33 7 83 31 50 05",PadelShot Saint-Etienne (Owner),saint-etienne@padelshot.fr,"facebook: https://www.facebook.com/padelshotsaintetienne
instagram: https://www.instagram.com/padelshot_saint_etienne,https://www.instagram.com/p
linkedin: https://www.linkedin.com/company/padelshot",285,4.7,https://www.google.com/maps?cid=3854018283867706369,45.4606692,4.3928783,http://www.saint-etienne.padelshot.fr/,saint-etienne.padelshot.fr,https://lh3.googleusercontent.com/p/AF1QipNzMN7vTuZ4_VvynMWPFAJghM_vik4KYUSn55xM,ChIJu-RKKx2t9UcRAZTLrzU5fDU,padel
Access Padel,Rte de Châteaugay,63200 Malauzat,Padel court,Europe/Paris,+33 7 49 54 97 87,"07 49 54 97 87, +33 7 49 54 97 87",Access Padel (Owner),contact@accesspadel.fr,"facebook: https://www.facebook.com/accesspadel
instagram: https://www.instagram.com/accesspadel",34,4.9,https://www.google.com/maps?cid=16711664286797754689,45.8453175,3.0621546,https://accesspadel.fr/,accesspadel.fr,https://lh3.googleusercontent.com/p/AF1QipNz_fIY6zRiWvPqNDB9QLcnCZBvhw8FnQRoVhnh,ChIJjcd1Nc8Z90cRQXEpbCDC6-c,padel
Maison Padel,199 Rue Stéphane Hessel,38440 Saint-Jean-de-Bournay,Sports complex,Europe/Paris,+33 4 74 20 85 80,"04 74 20 85 80, +33 4 74 20 85 80",Maison Padel (Owner),,,15,4.9,https://www.google.com/maps?cid=10170809244471997577,45.5007236,5.1195373,https://maison-padel.mymobileapp.fr/,maison-padel.mymobileapp.fr,https://lh3.googleusercontent.com/p/AF1QipMt0sF9wQTOxjtg6alycfuF0YSJOW7yvX_WPUs,ChIJof0bh5jV9EcRiTQD3x75JY0,padel
UrbanPadel - Club de Padel Lyon Dardilly,11 Chem. des Pins,69570 Dardilly,Padel court,Europe/Paris,+33 4 81 88 46 30,"04 81 88 46 30, +33 4 81 88 46 30",UrbanPadel - Club de Padel Lyon Dardilly (Owner),,"facebook: https://www.facebook.com/UrbanPadel-112095204880843
instagram: https://www.instagram.com/urbanpadelfr",30,4.4,https://www.google.com/maps?cid=13297002983467085038,45.792426,4.738842,https://www.urbanpadel.fr/les-centres/lyon-dardilly/,urbanpadel.fr,https://lh3.googleusercontent.com/p/AF1QipMzqdlnQaQkQzejejA9JTsozN7GcXNEqHPq2x5r,ChIJ87-6iw_t9EcR7mzdTsNxiLg,padel
ALL IN PADEL Portes-Lès-Valence,911 Av. du Président Salvador Allende,26800 Portes-lès-Valence,Padel club,Europe/Paris,+33 4 75 80 37 85,"04 75 80 37 85, +33 4 75 80 37 85",ALL IN PADEL Portes-Lès-Valence (Owner),"lyondecines@allin-padel.com,villefranche@allin-padel.com,mougins@allin-padel.com,plv@allin-padel.com","facebook: https://www.facebook.com/allinpadel
instagram: https://www.instagram.com/allin_padel
twitter: https://x.com/Allin_Group_",45,5,https://www.google.com/maps?cid=13711163549397287813,44.8858914,4.88043,https://www.allin-padel.com/portes-les-valence/,allin-padel.com,https://lh3.googleusercontent.com/gps-cs-s/AG0ilSzg4Q9fwCqXIVW162T9-ibESbGh0Oyxnrakvv-E-HvWRQAbU7io-Jvy1EuhcGTIGLvYMQ3VGY5s1V0hSrNizSr1D_baqBdSUWcewtPy6y94WLd1ckO6jjlJ_Ky5_1c81P8c5RZuTmOStUg,ChIJh8mDEs5NtRIRhQMcc5rWR74,padel
ALL IN PADEL Villefranche | Club de padel by Jo-Wilfried Tsonga & Thierry Ascione,1099 Bd Burdeau,69400 Villefranche-sur-Saône,Sports club,Europe/Paris,+33 4 74 66 57 63,"04 74 66 57 63, +33 4 74 66 57 63",ALL IN PADEL Villefranche | Club de padel by Jo-Wilfried Tsonga & Thierry Ascione (Owner),"lyondecines@allin-padel.com,villefranche@allin-padel.com,mougins@allin-padel.com,plv@allin-padel.com","facebook: https://www.facebook.com/allinpadel
instagram: https://www.instagram.com/allin_padel
twitter: https://x.com/Allin_Group_",64,4.8,https://www.google.com/maps?cid=1458875719397266869,45.9982943,4.732181,https://www.allin-padel.com/villefranche-sur-saone/,allin-padel.com,https://lh3.googleusercontent.com/p/AF1QipOhs1gRZFD-VifBdCAQjN2PXqYpc7Ag80D1tqiK,ChIJXRmAwV-F9EcRtdUdwrz3PhQ,padel
ALL IN PADEL Décines | Club de padel à Lyon | Jo-Wilfried Tsonga & Thierry Ascione,2 Av. Simone Veil,69150 Décines-Charpieu,"Padel club, Badminton club, Badminton complex, Badminton court, Padel court",Europe/Paris,+33 4 26 17 68 27,"04 26 17 68 27, +33 4 26 17 68 27",ALL IN PADEL Décines | Club de padel à Lyon | Jo-Wilfried Tsonga & Thierry Ascione (Owner),"lyondecines@allin-padel.com,villefranche@allin-padel.com,mougins@allin-padel.com,plv@allin-padel.com","facebook: https://www.facebook.com/allinpadel
instagram: https://www.instagram.com/allin_padel
twitter: https://x.com/Allin_Group_",134,4.5,https://www.google.com/maps?cid=15690791690150041021,45.7682805,4.9803532,https://www.allin-padel.com/,allin-padel.com,https://lh3.googleusercontent.com/p/AF1QipMf-M08oylt6S5PRJcvAZYrr8k98rkg9JYfnukI,ChIJ8SlMHiHH9EcRvVULqOjjwNk,padel
Padel Hermanos,53 Rue des Vallières,69390 Vourles,Padel club,Europe/Paris,+33 7 55 59 14 89,"07 55 59 14 89, +33 7 55 59 14 89",Padel Hermanos (Owner),"padel.hermanos.vourles@gmail.com,padel.hermanos@orange.fr",instagram: https://www.instagram.com/padel_hermanos,31,5,https://www.google.com/maps?cid=15716681767275356436,45.6700301,4.782384,https://padelhermanos-fr.matchpoint.com.es/#1,matchpoint.com.es,https://lh3.googleusercontent.com/gps-cs-s/AG0ilSxkUOPbnBvXQA4TPpbcBeLxhLyCxctG69yb-uAtRmVZXaEXOLUxbFFVyle1XhpiADlXkkfoIiyWJz5jjnP9y9o-3diJSV-rOI7aGBwmX-i2uaZLOQrLwzjDjrm6LaQnYRG3soQ,ChIJ5SZansrp9EcRFGFO-sveHNo,padel
Lyon V&V Padel,11 Imp. Frédéric Chopin,69120 Vaulx-en-Velin,Sports club,Europe/Paris,+33 7 56 92 44 87,"07 56 92 44 87, +33 7 56 92 44 87",Lyon V&V Padel (Owner),utilisateur@domaine.com,"facebook: https://www.facebook.com/p/MORET-PADEL-61573941748072
instagram: https://www.instagram.com/moretpadel
tiktok: https://www.tiktok.com/@city.padel1",48,4.9,https://www.google.com/maps?cid=13901089273207662989,45.7748712,4.9096776,https://www.citypadel.fr/lyonvvpadel,citypadel.fr,https://lh3.googleusercontent.com/gps-cs-s/AG0ilSziwZJuL8fzgPJGhit3bsuESsKj1_VCo6CsTU2J-CcukkPuVHcLX9Qc9jntfUs9jf48wZ5Yy6t2dLvcnjY8i4mpNzJPHKwL6_xKwIhOZJ5_geQYqYpMoUj3ukNAsFxO0yKAYSMWm7TV8_Q,ChIJIYHTGvTB9EcRjSmJ-AqX6sA,padel
PadelShot - Saint-Genis-Laval,70 Rue des Sources,69230 Saint-Genis-Laval,Athletic field,Europe/Paris,+33 4 22 91 71 26,"04 22 91 71 26, +33 4 22 91 71 26",PadelShot - Saint-Genis-Laval (Owner),"lyon@padelshot.fr,saint-genis-laval@padelshot.fr","instagram: https://www.instagram.com/padelshot_lyon,https://www.instagram.com/p
linkedin: https://www.linkedin.com/company/padelshot",332,5,https://www.google.com/maps?cid=13139578402318012277,45.6920539,4.8141575,https://lyon.padelshot.fr/saint-genis-laval/,lyon.padelshot.fr,https://lh3.googleusercontent.com/gps-cs-s/AG0ilSwT2XGNbC9J3SB5vUcAe1G5KSO7y7sq7ifem2s3ay_DjbDFtwBoZbzCrv8SAiQgqdg5VG9y1OFKBkkUHwZwutXvuLgxt-fpBpfNXSRYXGFZidXayzsfA_UTXA19yRdSubGq8SVRTA,ChIJX4AA6W3p9EcRdU-PwPAoWbY,padel
Terrapadel,4 All. d'Icare,42160 Andrézieux-Bouthéon,Padel court,Europe/Paris,+33 4 77 92 93 12,"04 77 92 93 12, +33 4 77 92 93 12",Terrapadel (Owner),,,57,4.7,https://www.google.com/maps?cid=13563870933672989837,45.5316973,4.2898497,http://www.terrapadel.fr/?utm_source=gmb,terrapadel.fr,https://lh3.googleusercontent.com/gps-cs-s/AG0ilSyPD1G2xSofsQI4plvRI_bN8d8zUcXzXI3Ig1KG021bkysWAqPDu19QUjgzwQqyLkIe379XEs6b0cW2bfYu7mTPfTOiCEckm5myrJEilGh3Xj5ucdZlJ-RM9hNWETIYmim6p0hC,ChIJrRoeGdxN9EcRjRTT7L-MPLw,padel
Urban Padel - Club de Padel Clermont,Rue de l'Eminee,63000 Clermont-Ferrand,"Padel club, Athletic field, Padel court, Sports bar, Sports complex",Europe/Paris,+33 4 73 91 40 31,"04 73 91 40 31, +33 4 73 91 40 31",Urban Padel - Club de Padel Clermont (Owner),,"facebook: https://www.facebook.com/UrbanPadel-112095204880843
instagram: https://www.instagram.com/urbanpadelfr",85,4.5,https://www.google.com/maps?cid=12225499893213230915,45.7623484,3.1420748,https://www.urbanpadel.fr/,urbanpadel.fr,https://lh3.googleusercontent.com/p/AF1QipPRguKzmXRGq6v6sZuUZzu2QseJHAypVtcW5fHv,ChIJbw5hsusd90cRQ_eMIGGzqak,padel
Lempdes Padel,23 Rue de la Rochelle,63370 Lempdes,Padel court,Europe/Paris,+33 4 73 61 72 00,"04 73 61 72 00, +33 4 73 61 72 00",Lempdes Padel (Owner),contact@lempdespadel.fr,"facebook: https://www.facebook.com/people/Lempdes-Padel/61578527607767
instagram: https://www.instagram.com/lempdespadel
linkedin: https://www.linkedin.com/company/lempdes-padelfr",13,5,https://www.google.com/maps?cid=10686163915852615028,45.7806411,3.1985792,https://lempdespadel.fr/,lempdespadel.fr,https://lh3.googleusercontent.com/gps-cs-s/AG0ilSw8xJZqgj5zIke9Ce_ZbZmlRflyXJ85L1aNyRjsv_nJlIx2iEmEe1hzMvourH__YUNF2YCvL0Yjk4OaCuWI554O8k8uY4l9oaayf74ff_Xsge6_PzSYDjQFNXCU1feugQu5IvcHMWyWEUU,ChIJtRnXONvj9kcRdA3-t3bhTJQ,padel
Urban Padel - Club de Padel Lyon Barolles,36 Chem. de Sacuny,69530 Brignais,Sports complex,Europe/Paris,+33 4 78 05 09 85,"04 78 05 09 85, +33 4 78 05 09 85",Urban Padel - Club de Padel Lyon Barolles (Owner),,"facebook: https://www.facebook.com/UrbanPadel-112095204880843
instagram: https://www.instagram.com/urbanpadelfr",3,5,https://www.google.com/maps?cid=5670446145200393695,45.6836115,4.7720212,https://www.urbanpadel.fr/lyon-barolles/,urbanpadel.fr,https://lh3.googleusercontent.com/p/AF1QipMxTJs_ernAwN8RVGptUpHipr8OgZEfAkPyxQ1-,ChIJrY3fLPnv9EcR3w2nyrl4sU4,padel
Gones Padel,2 Rue d'Yvours Bâtiment B8,69540 Irigny,Sports complex,Europe/Paris,+33 6 70 76 49 13,"06 70 76 49 13, +33 6 70 76 49 13",Gones Padel (Owner),contact@gonespadel.fr,"instagram: https://www.instagram.com/gonespadel
linkedin: https://www.linkedin.com/company/gonespadel",20,4.8,https://www.google.com/maps?cid=4922871867737542498,45.6928888,4.8255401,https://www.gonespadel.fr/,gonespadel.fr,https://lh3.googleusercontent.com/gps-cs-s/AG0ilSwJ1sBL45dktj3_wxm6t5Ce-wDbGC4fVLjMett-mlKjSfugw0Ba8ZiMcc4K0YJ47N50lBTe2U7E4tI6DynNPxH2gu3DJbwDPb2nhQXcAegUEBRT14yFRp5Fj2sr44MkdJ373wrcY8oEdm1l,ChIJF6iux8Hp9EcRYo9Cl-GNUUQ,padel
Access Padel,Rue du Marais,63370 Lempdes,Padel court,Europe/Paris,+33 7 49 54 97 87,"07 49 54 97 87, +33 7 49 54 97 87",Access Padel (Owner),contact@accesspadel.fr,"facebook: https://www.facebook.com/accesspadel
instagram: https://www.instagram.com/accesspadel",47,4.9,https://www.google.com/maps?cid=9077105730374751353,45.7816961,3.1945968,http://www.accesspadel.fr/,accesspadel.fr,https://lh3.googleusercontent.com/p/AF1QipPvXyvyvf4vrmbsn6zbjxV1YWtUW67GAbJ6mDBy,ChIJs1RRt-nj9kcReVSmt5Fb-H0,padel
Padel Château Brachet,397 Rte de Droise,73100 Grésy-sur-Aix,Playground,Europe/Paris,,,Padel Château Brachet (Owner),,,5,4.8,https://www.google.com/maps?cid=5198005239535996400,45.7291609,5.9248724,,,https://lh3.googleusercontent.com/gps-cs-s/AG0ilSxPjG0lrc-twAclWUiFfJFKNo5o-k2G0xb1zunYbE683XJKrDwvFKpu2GniYzpAt3jdkBzQdLcIXxy3X3iNHXbtDGME6njSnkaRCv1sPSoVVItkDwNYhUDsf79l7th1NrNLGKZbbw,ChIJFTFc7Buhi0cR8I0pozkGI0g,padel
PADEL EVOLUTION,13 Bd Sagnat,42230 Roche-la-Molière,Padel club,Europe/Paris,+33 6 74 35 48 58,"06 74 35 48 58, +33 6 74 35 48 58",PADEL EVOLUTION (Owner),padel.evolution42@gmail.com,"facebook: https://www.facebook.com/p/PADEL-Evolution-61557918643458
instagram: https://www.instagram.com/padel_evolution42",18,4.9,https://www.google.com/maps?cid=14968904327999353079,45.4352796,4.3286364,https://www.padel42.fr/,padel42.fr,https://lh3.googleusercontent.com/p/AF1QipPalGsSaM-cEgMTN7AVQfoaad5ktfzS1Yg9Ska8,ChIJJY9MOSiv9UcR93A1ey07vM8,padel
Valserhône Tennis Padel,23 Rue de l'Industrie,01200 Valserhône,Club,Europe/Paris,+33 4 50 48 54 77,"04 50 48 54 77, +33 4 50 48 54 77",Valserhône Tennis Padel (Owner),,,12,4.9,https://www.google.com/maps?cid=17933602479662750591,46.1022443,5.8176565,http://www.club.fft.fr/tc.bellegarde/,club.fft.fr,https://streetviewpixels-pa.googleapis.com/v1/thumbnail?panoid=oosSKDH5xWft76ALxpfh4A&cb_client=search.gws-prod.gps&w=80&h=92&yaw=112.95187&pitch=0&thumbfov=100,ChIJW27clcmcjEcRf9tcX3D04Pg,padel
Tennis & Padel Club du Bois d'Ars (Limonest),1038 Rte du Bois d'Ars,69760 Limonest,"Tennis club, Padel club",Europe/Paris,+33 6 27 04 75 21,"06 27 04 75 21, +33 6 27 04 75 21",Tennis & Padel Club du Bois d'Ars (Limonest) (Owner),,"facebook: https://www.facebook.com/111086952008354,https://facebook.com/111086952008354,https://facebook.com/491364724256889,https://facebook.com/3000112126686917,https://facebook.com/1072222386233162,https://facebook.com/788987217885764,https://facebook.com/542796422452744,https://facebook.com/747816971967085,https://facebook.com/437910196287343,https://facebook.com/24669317549369900,https://www.facebook.com/111086952008354/posts/698201309975380,https://facebook.com/24180464378308263,https://facebook.com/138375636335174,https://facebook.com/339738036148646,https://facebook.com/219945081481557,https://facebook.com/119486651569720,https://facebook.com/491471944243097,https://facebook.com/574033852658936,https://facebook.com/510612032313477
instagram: https://www.instagram.com/club_bois_dars,https://www.instagram.com/tennispadel_bois_dars",48,5,https://www.google.com/maps?cid=14970813227954447524,45.842285,4.756917,http://www.clubduboisdars.fr/,clubduboisdars.fr,https://lh3.googleusercontent.com/p/AF1QipPGC7Me772ww4OoC2Q5u2Oh7z-CWtQ5ic9F2cSb,ChIJJd6_hS2T9EcRpKTx4k8Dw88,padel
Le Padel Français,ZA de Chalmazel,42130 Montverdun,Padel court,Europe/Paris,,,Le Padel Français (Owner),cocorico@lepadelfrancais.fr,"facebook: https://www.facebook.com/lepadelfrancais
instagram: https://www.instagram.com/lepadelfrancais,https://instagram.com/lepadelfrancais
linkedin: https://www.linkedin.com/company/le-padel-francais
twitter: https://x.com/lepadelfrancais",,,https://www.google.com/maps?cid=2962578042680337635,45.7185537,4.0537322,http://www.lepadelfrancais.fr/,lepadelfrancais.fr,https://lh3.googleusercontent.com/p/AF1QipOctTtvsOYkruKdy160ZKz1hsFdpwQn4p06ci5U,ChIJw23MpNU79EcR42RVjQgxHSk,padel
R'Padel,Rue de Larjaller,43200 Saint-Maurice-de-Lignon,Padel club,Europe/Paris,+33 4 71 75 46 53,"04 71 75 46 53, +33 4 71 75 46 53",R'Padel (Owner),,,19,4.7,https://www.google.com/maps?cid=17967458630440390036,45.2294293,4.135249,https://r-padel.livexperience.fr/,r-padel.livexperience.fr,https://lh3.googleusercontent.com/gps-cs-s/AG0ilSxdc6c9hVfHYmyHv3SMtjxWKMw43OBv5pthzb0XmthClpMZLqV1cN-E8Rbw7sarwAI_qhZfYzk1qfxRV1IHlrj9LOmVGgiUl0ob8q08nHHY98zKWf7frF83xSQl1284ZdOkQClb4l6yqm8,ChIJcXoT3k6_9UcRlA3tv208Wfk,padel
Padel Marcy,834 Av. Marcel Mérieux,69280 Marcy-l'Étoile,Sports club,Europe/Paris,,,Padel Marcy (Owner),,,,,https://www.google.com/maps?cid=868528952799109278,45.7834052,4.7038451,,,https://streetviewpixels-pa.googleapis.com/v1/thumbnail?panoid=lJpiyRtxkaYMux7iEIiwQg&cb_client=search.gws-prod.gps&w=80&h=92&yaw=211.87242&pitch=0&thumbfov=100,ChIJ8XyykWnz9EcRnqC7HHuiDQw,padel
Nautic Padel,285 Chem. des Tourettes,42230 Saint-Étienne,"Padel club, Padel court, Recreation center",Europe/Paris,+33 4 77 12 51 58,"04 77 12 51 58, +33 4 77 12 51 58",Nautic Padel (Owner),,,8,5,https://www.google.com/maps?cid=2757637982844780660,45.4456766,4.2642008,https://www.nautic-padel.fr/,nautic-padel.fr,https://lh3.googleusercontent.com/p/AF1QipMDE0yveJthtTmpp6CBabdh0AJpRC7K1e78j9v7,ChIJ6fbtwuix9UcRdICWgiIZRSY,padel
Terrains Le Padel Français Bonson,Rue du Stade,42160 Bonson,Padel court,Europe/Paris,,,Terrains Le Padel Français Bonson (Owner),cocorico@lepadelfrancais.fr,"facebook: https://www.facebook.com/lepadelfrancais
instagram: https://www.instagram.com/lepadelfrancais,https://instagram.com/lepadelfrancais
linkedin: https://www.linkedin.com/company/le-padel-francais
twitter: https://x.com/lepadelfrancais",2,5,https://www.google.com/maps?cid=8442430490489438733,45.5200176,4.2189493,https://lepadelfrancais.fr/,lepadelfrancais.fr,https://lh3.googleusercontent.com/p/AF1QipPZ0CUs_jeYtZp3jnpOaE510COL8u5NL0GyTm_u,ChIJ4_y6w-i19UcRDcKMGs2JKXU,padel
POLE PADEL,Rue Gabriel Voisin,69220 Belleville-en-Beaujolais,Padel club,Europe/Paris,+33 4 37 55 04 19,"04 37 55 04 19, +33 4 37 55 04 19",POLE PADEL (Owner),kellianleclercq@gmail.com,,18,5,https://www.google.com/maps?cid=133238199126998629,46.1013767,4.7306835,https://polepadel.fr/,polepadel.fr,https://lh3.googleusercontent.com/p/AF1QipN_Welx9wegghTdO64-26YHre5PTpuzsM1tuQgi,ChIJcw1ISLKD9EcRZT56qW9b2QE,padel
Padel Club Bardonecchia,"Via Mallen, 1",10052 Bardonecchia TO,Padel court,Europe/Rome,+39 346 301 3937,"346 301 3937, +39 346 301 3937",Padel Club Bardonecchia (Owner),,"facebook: https://www.facebook.com/WansportCom
instagram: https://www.instagram.com/wansport
linkedin: https://www.linkedin.com/company/wansport,https://www.linkedin.com/company/enterprise-digital-solutions-s-r-l-
twitter: https://x.com/WansportCom
youtube: https://www.youtube.com/channel/UCCMZTs5sjyFpbKjcKkCydGg",1,5,https://www.google.com/maps?cid=17398149623811800257,45.072977,6.6954096,https://wansport.com/venues?venue=hjkf74k3hm368uw66nfaoj3a,wansport.com,https://lh3.googleusercontent.com/p/AF1QipNDn2TITD0_XAiJZqdYmVcY8TpozRnlKbJirCI,ChIJ1aQcpaDtiUcRwfxlTOekcvE,padel
Tennis Club Bourg Les Valence,15 Rue des Loisirs,26500 Bourg-lès-Valence,"Tennis club, Padel club, Padel court, Tennis court, Tennis instructor",Europe/Paris,+33 4 75 56 00 69,"04 75 56 00 69, +33 4 75 56 00 69",Tennis Club Bourg Les Valence (Owner),,"facebook: https://www.facebook.com/tennisblv,https://www.facebook.com/p/Atelier-55-100057346762748,https://www.facebook.com/people/Frc-Automobiles/100092463158178
youtube: https://www.youtube.com/channel/UCNPj2XgtVjltFKJ16JtEh5Q",38,4.4,https://www.google.com/maps?cid=10257126281529021860,44.9510787,4.9054538,https://www.tpblv.fr/,tpblv.fr,https://lh3.googleusercontent.com/p/AF1QipNkFf7jID5SXKLVyh8flpM2U0JpQubbnhv51YFf,ChIJqTmx2V9X9UcRpFXcKgKiWI4,padel
"SPORT SET Padel, Bar & Evenement à Issoire",7 Imp. Marie Marvingt,63500 Issoire,Sports complex,Europe/Paris,+33 7 43 67 66 56,"07 43 67 66 56, +33 7 43 67 66 56","SPORT SET Padel, Bar & Evenement à Issoire (Owner)",contact@sport-set.com,"facebook: https://www.facebook.com/people/SPORT-SET/61579580663347
instagram: https://www.instagram.com/sport_set_issoire
linkedin: https://www.linkedin.com/company/sport-set",64,5,https://www.google.com/maps?cid=1643878232060789752,45.532435,3.258287,http://sport-set.com/,sport-set.com,https://lh3.googleusercontent.com/p/AF1QipNQYAVpmkmGmen9Kbauz7TQgDsxoylSaWmKBdW5,ChIJPyctaGhX9kcR-AP724o60BY,padel
Padel club Marignier,266 Imp. des Acacias,74970 Marignier,Sports club,Europe/Paris,,,Padel club Marignier (Owner),,,1,4,https://www.google.com/maps?cid=16167364642683376530,46.0834785,6.4968939,,,,ChIJZ4w5eRcJjEcRklNa8XsEXuA,padel
Tennis Padel Club La Tronche,5 Rue Doyen Gosse,38700 La Tronche,"Tennis club, Padel club, Padel court, Pickleball court, Recreation center",Europe/Paris,+33 6 83 07 90 50,"06 83 07 90 50, +33 6 83 07 90 50",Tennis Padel Club La Tronche (Owner),info@tennis-latronche.fr,"facebook: https://www.facebook.com/tennislatronche
instagram: https://www.instagram.com/tennispadel.latronche",54,4.6,https://www.google.com/maps?cid=15487845957910918369,45.2048633,5.7502091,http://www.tennis-latronche.fr/,tennis-latronche.fr,https://lh3.googleusercontent.com/gps-cs-s/AG0ilSy_2ai5Geqm_rjjPfjQt3Fa5Q6uBLHCquUfpDygJ0UPp9gyTvQtTUSH3NVC0FpuaBCb36Uv6gY5l3faR9zw3GIo3FbtJZDWMMMNIca_G6TEMPtg9jbLytqRZ_cpy_NU81J0BLkBzMu2NfS_,ChIJL4BW5E70ikcR4fQ_Mdfh79Y,padel
Sportfield Lyon 7,15 Rue Pré-Gaudry,69007 Lyon,Padel court,Europe/Paris,+33 1 89 71 56 91,"01 89 71 56 91, +33 1 89 71 56 91",Sportfield Lyon 7 (Owner),"jean.maleyrat@sportfield.fr,contact@sportfield.fr","instagram: https://www.instagram.com/sport__field
linkedin: https://www.linkedin.com/company/87251673
twitter: https://x.com/Sportfieldfr",43,3.4,https://www.google.com/maps?cid=13175415635985640930,45.741172,4.834447,https://www.sportfield.fr/lyon-7,sportfield.fr,https://lh3.googleusercontent.com/p/AF1QipMDqC1aow8dim38TRprc6rLSYYdkoGalEmjWplF,ChIJyzrGhQPr9EcR4i0N77Z62LY,padel
"Padel Chazay ( 2 intérieurs, 2 extérieurs)",69380 Chazay-d'Azergues,France,Padel court,Europe/Paris,,,"Padel Chazay ( 2 intérieurs, 2 extérieurs) (Owner)",,,2,3,https://www.google.com/maps?cid=6310916640473037286,45.8872497,4.7231619,,,,ChIJ3yxR8haR9EcR5jl_cj_hlFc,padel
Padel Chaponnay,Rue du Stade,69970 Chaponnay,Padel court,Europe/Paris,,,Padel Chaponnay (Owner),,,2,3,https://www.google.com/maps?cid=17830486208914896191,45.6374415,4.9295479,https://www.fit-arena.fr/fit-arena/padel_chaponnay,fit-arena.fr,https://lh3.googleusercontent.com/gps-cs-s/AG0ilSxY_QTT-23pZo3GXb5HkKF_BC7v19659fZYKv1dJRoYILZ3Sfaaoy9ysabj7kw3K2Y7fcZf3Ua9EtlWAuB58gRxFqAmZiMHQP_3dM0kWdyuqB_GfcMkG7DkmrYyFPQFFBPR8a70MAfPyPil,ChIJJzAWSQDd9EcRP7Xfrryccvc,padel
PADEL Satolas et Bonce,Mnt des Lurons,38290 Satolas-et-Bonce,Playground,Europe/Paris,,,PADEL Satolas et Bonce (Owner),simon@ballejaune.com,,3,4,https://www.google.com/maps?cid=5843759087920487922,45.6950935,5.1248278,https://ballejaune.com/inscription/tennissatolas,ballejaune.com,https://lh3.googleusercontent.com/gps-cs-s/AG0ilSzksJk21h_mgMq0INLkXU-xuD4lUpEORHpaCw-prcwLKB0njeUhbTNZ3BMJYReANdPbTMLPEqBbFA0s7lIzvVxpOJMy9NU73ivOsoDNlMnIdxBj1s0-CET0ZJtIXbPeIpxvtAw,ChIJW_bLARPN9EcR8h12zO0zGVE,padel
Tennis PADEL Clonas sur Varèze,38550 Clonas-sur-Varèze,France,"Tennis club, Padel club, Sports complex",Europe/Paris,+33 4 74 84 94 90,"04 74 84 94 90, +33 4 74 84 94 90",Tennis PADEL Clonas sur Varèze (Owner),,,41,4.6,https://www.google.com/maps?cid=8556709964244077945,45.413298,4.786129,https://tcclonas.fr/,tcclonas.fr,https://lh3.googleusercontent.com/gps-cs-s/AG0ilSxeX_WZe0J9LR_uGC9cXw6NgM7A1rM5iKyHAUV_3R6YlHMI3U22O-Wm_Qosjfau-vnRe6daVQsrKdZap-8uzvInpJu4GIuBKmThv_qXpuP6xs86ktnoSrl4j_oYVBkI-DcPiobJZg,ChIJlekdK8QY9UcReU3QiGCKv3Y,padel
Padel Tennis Club Roussillonnais,1 Rue Anatole France,38150 Roussillon,"Tennis club, Sports club",Europe/Paris,+33 6 64 88 62 10,"06 64 88 62 10, +33 6 64 88 62 10",Padel Tennis Club Roussillonnais (Owner),tennis.roussillon@gmail.com,"facebook: https://www.facebook.com/groups/175744368162
instagram: https://www.instagram.com/tcroussillon",11,4.7,https://www.google.com/maps?cid=1267657432348589505,45.3634901,4.8061199,https://tennisroussillon.wixsite.com/tcroussillon,tennisroussillon.wixsite.com,https://lh3.googleusercontent.com/p/AF1QipNnwLKKcqEb1NZlXmtaqWJ--d8DjvD2dwUeKR0N,ChIJubOM0Y0Z9UcRwX0F6LeflxE,padel
Vindry Padel Club,1583 Chem. de Grange Louis,69490 Vindry-sur-Turdine,Padel club,Europe/Paris,,,Vindry Padel Club (Owner),,,,,https://www.google.com/maps?cid=14428695666378469006,45.885241,4.49043,,,https://streetviewpixels-pa.googleapis.com/v1/thumbnail?panoid=1rWqZzZicfMjgnMZzyBkfQ&cb_client=search.gws-prod.gps&w=80&h=92&yaw=233.09254&pitch=0&thumbfov=100,ChIJqbB3C_ph9EcRju60FkMGPcg,padel
CNE Padel,21 Rue François Perrin,03700 Bellerive-sur-Allier,Padel club,Europe/Paris,,,CNE Padel (Owner),,"facebook: https://www.facebook.com/FFTennis
instagram: https://www.instagram.com/fftennis
linkedin: https://www.linkedin.com/company/fft
tiktok: https://www.tiktok.com/@fftennis
twitter: https://www.twitter.com/fftennis
youtube: https://www.youtube.com/channel/UC39Hz9mYEphqpVvaoJjX8AQ",,,https://www.google.com/maps?cid=7389495337394849060,46.1191497,3.4132498,https://www.fft.fr/actualites/padel-inauguration-cne-vichy-pistes-president-gilles-moretton,fft.fr,,ChIJYTBsZgDN9kcRJEXTrtvCjGY,padel
Ace One,32 Rue d'Yvours,69540 Irigny,Padel club,Europe/Paris,+33 6 05 25 44 32,"06 05 25 44 32, +33 6 05 25 44 32",Ace One (Owner),,,,,https://www.google.com/maps?cid=16360623665835570170,45.6893899,4.8265679,,,https://streetviewpixels-pa.googleapis.com/v1/thumbnail?panoid=Ljs1Nj0m2XmqiTiQ1KdRyw&cb_client=search.gws-prod.gps&w=80&h=92&yaw=298.1833&pitch=0&thumbfov=100,ChIJ3-sq72zp9EcR-nP6sYqcDOM,padel
DARDILLY CHAMPAGNE (TENNIS CLUB),All. des Tennis,69410 Champagne-au-Mont-d'Or,Tennis club,Europe/Paris,+33 4 78 66 18 74,"04 78 66 18 74, +33 4 78 66 18 74",DARDILLY CHAMPAGNE (TENNIS CLUB) (Owner),,,107,4.1,https://www.google.com/maps?cid=4089915502315673723,45.801586,4.7713272,https://www.tennisclubdardillychampagne.com/,tennisclubdardillychampagne.com,https://lh3.googleusercontent.com/p/AF1QipMNiQZklb95e_U-7quGRWEdlJecNJVpGo8hYZ-R,ChIJU0zhCTnt9EcRe5jj5HpMwjg,padel
Fournisseur Terrain Padel x WeOui. Padel,764 Av. du Président Salvador Allende,26800 Portes-lès-Valence,Padel court,Europe/Paris,+33 7 44 72 32 97,"07 44 72 32 97, +33 7 44 72 32 97",Fournisseur Terrain Padel x WeOui. Padel (Owner),weoui.padel@gmail.com,"instagram: https://www.instagram.com/weoui.padel
tiktok: https://www.tiktok.com/@weoui.padel",3,5,https://www.google.com/maps?cid=15455123568166296448,44.8871384,4.8786196,https://www.terrain-padel.com/,terrain-padel.com,https://lh3.googleusercontent.com/p/AF1QipNoXZs_yiwgL95GSnKFyQObJ2qrFLwJaMCIbDa2,ChIJ8dBpRb1NtRIRgNtRIAChe9Y,padel
Terrain Le Padel Français Boën-sur-Lignon,Chem. de Giraud,42130 Boën-sur-Lignon,Padel court,Europe/Paris,,,Terrain Le Padel Français Boën-sur-Lignon (Owner),cocorico@lepadelfrancais.fr,"facebook: https://www.facebook.com/lepadelfrancais
instagram: https://www.instagram.com/lepadelfrancais,https://instagram.com/lepadelfrancais
linkedin: https://www.linkedin.com/company/le-padel-francais
twitter: https://x.com/lepadelfrancais",2,3,https://www.google.com/maps?cid=322557978499615662,45.735993,4.0098069,https://lepadelfrancais.fr/,lepadelfrancais.fr,https://lh3.googleusercontent.com/p/AF1QipOYto1O_BbgghCrH1POls0bmxQla8WrL9jfJiIL,ChIJxcD0NT0l9EcRrgvwv8X0eQQ,padel
Matacena Padel,599 All. de la Mouche,Le Villaret ZA du,Padel club,Europe/Paris,+33 4 76 30 42 60,"04 76 30 42 60, +33 4 76 30 42 60",Matacena Padel (Owner),,instagram: https://www.instagram.com/matacenapadel,,,https://www.google.com/maps?cid=14675426825867476908,44.9262965,5.7820196,https://matacena-padel.mymobileapp.fr/installation?q=31102025104659,matacena-padel.mymobileapp.fr,,ChIJU8KC6aF_ikcRrL8Rw_GWqcs,padel
Tennis Club La Pape,323 Bd Marcel Yves André,69140 Rillieux-la-Pape,Tennis club,Europe/Paris,+33 4 78 88 76 64,"04 78 88 76 64, +33 4 78 88 76 64",Tennis Club La Pape (Owner),tclapape@gmail.com,"facebook: https://www.facebook.com/tennisclub.delapape
instagram: https://www.instagram.com/tennislapape",63,4.6,https://www.google.com/maps?cid=18278810942081421780,45.806297,4.898543,https://tclapape.fr/,tclapape.fr,https://lh3.googleusercontent.com/gps-cs-s/AG0ilSz_abrqlDMcPVVJ_ZjGZ-Uqa_V7-7_KDZIG4HM1yuKjDQrwlpfrLQk7HqNtDaDA7dtzM8d2odJ0MJ5R2pU0M7HgDLQO89dL2ga-wJcccvpx0xZOgqjXTQorhN9lSA55D_kh6xx1bHpWHL9x,ChIJ_R-nX6S_9EcR1FFJ37Rhq_0,padel
Lyon Platinum Padel - Compétition internationale,Palais des Sports de Gerland,350 Av. Jean Jaurès,"Sports complex, Event venue",Europe/Paris,,,Lyon Platinum Padel - Compétition internationale (Owner),hello@lyonpadel.fr,"instagram: https://www.instagram.com/lyonfipplatinumpadel
linkedin: https://www.linkedin.com/company/lyon-fip-platinum-padel",,,https://www.google.com/maps?cid=8731444230286595250,45.723582,4.828498,https://www.lyonpadel.fr/,lyonpadel.fr,https://lh3.googleusercontent.com/p/AF1QipPffzY27CdfM89nODBdjrY4l0gBUFAVIMoqTr_k,ChIJO4i0Ierp9EcRstRdKkRSLHk,padel
Constructeur terrain Padel - Padel Solutions,28 Rue des Noyers,69005 Lyon,Padel court,Europe/Paris,+33 7 56 88 80 09,"07 56 88 80 09, +33 7 56 88 80 09",Constructeur terrain Padel - Padel Solutions (Owner),,,,,https://www.google.com/maps?cid=10583707922579132455,45.7524123,4.785208,,,https://lh3.googleusercontent.com/p/AF1QipMRfDZYozlP08rkTDY_KGeuuFb3NlnICHO-tTVg,ChIJiYDWX07r9EcRJxDR20fi4JI,padel
Padel Cusset,Rue de Banville,03300 Cusset,Padel club,Europe/Paris,,,Padel Cusset (Owner),,,,,https://www.google.com/maps?cid=7895309234553390122,46.133793,3.4692155,,,,ChIJc-KGSiHN9kcRKoRq7erFkW0,padel
Terrain de Padel de Saint-Loup,69490 Vindry-sur-Turdine,France,Padel court,Europe/Paris,,,Terrain de Padel de Saint-Loup (Owner),,,,,https://www.google.com/maps?cid=17615446033699716804,45.8863664,4.490342,,,https://streetviewpixels-pa.googleapis.com/v1/thumbnail?panoid=u1qVw1depn3Xmwys7pMMJg&cb_client=search.gws-prod.gps&w=80&h=92&yaw=108.54366&pitch=0&thumbfov=100,ChIJZfd1awBh9EcRxD68RtaidvQ,padel
Foot Time Echirolles,9 Rue du Maréchal Leclerc,38130 Le Pont-de-Claix,"Sports complex, Badminton club, Padel club, Padel court",Europe/Paris,+33 6 77 90 82 51,"06 77 90 82 51, +33 6 77 90 82 51",Foot Time Echirolles (Owner),contact@foottime.fr,"facebook: https://www.facebook.com/foottimeechirolles
instagram: https://www.instagram.com/foottime_echirolles",443,4.6,https://www.google.com/maps?cid=5177566176671114113,45.1377252,5.7089519,https://foottime.fr/,foottime.fr,https://lh3.googleusercontent.com/gps-cs-s/AG0ilSznBdSuJtLUc5TzZ5wJ60BUwFe0oGmJB9c8_JGbIX3larjg7H7NAhezLauiKN3TWViO53bwIm91zdJQF4LWkmg_Wlwsm6ChzqWmRy6_NU5OwL4I1ElsZanY_bGff5Ut6oWRx2c,ChIJ066LgmeLikcRgSOPeQFp2kc,padel
Tennis Padel Samauritain,16 Rue Victor Renelle,38550 Saint-Maurice-l'Exil,"Tennis club, Padel club",Europe/Paris,+33 6 64 01 41 27,"06 64 01 41 27, +33 6 64 01 41 27",Tennis Padel Samauritain (Owner),,instagram: https://www.instagram.com/christophe_besson38,19,4.7,https://www.google.com/maps?cid=5294951310569558855,45.3961351,4.7693388,https://tpsamauritain.fr/,tpsamauritain.fr,https://lh3.googleusercontent.com/gps-cs-s/AG0ilSyb3meYqQzJYsStXnL3ZoDDU5JJCqSoqzWTTjqRrDcF1-Ggsoojq2utCDLQ7gOSLKpFrMfBmVNmjQs4gBII7R_smh8SU9DEBsY1M_gTVoHtgJ5i5Sc5CqJSbEWFEIYNnYlqfC_m,ChIJFRwiFv0Y9UcRR9N8wSlye0k,padel
Marignier Tennis & Padel,600 Av. du Stade,74970 Marignier,Padel club,Europe/Paris,,,Marignier Tennis & Padel (Owner),,,,,https://www.google.com/maps?cid=16286738189429205035,46.08498,6.5000858,,,https://streetviewpixels-pa.googleapis.com/v1/thumbnail?panoid=KKN90HSxvUq3_bBehTj0dQ&cb_client=search.gws-prod.gps&w=80&h=92&yaw=271.7095&pitch=0&thumbfov=100,ChIJCzYjpswJjEcRK2i3qhceBuI,padel
Lou Tennis Club,1 Quai Fillon,69007 Lyon,"Tennis club, Tennis court",Europe/Paris,+33 4 78 72 77 77,"04 78 72 77 77, +33 4 78 72 77 77",Lou Tennis Club (Owner),"loutennisparc@orange.fr,contact@loutennis.fr","facebook: https://www.facebook.com/lou.tennisparc,https://www.facebook.com/lou.tennisparc/videos/2559340697674041",83,4.3,https://www.google.com/maps?cid=10066271249931967750,45.7196346,4.8238906,http://loutennisparc.fr/,loutennisparc.fr,https://lh3.googleusercontent.com/gps-cs-s/AG0ilSzxHzthm7gmcUz_9CovHTaQGwOYvHFmwI-x5HP4qB1TMkhfTXaYSnZ8l1_dNVZXLVo26UKjqX-ncnUwXKC1a8vlW9caxQ4rMlmi23b1qNEWrtTw9Wz15knfp17gR8pjldy9lN1C,ChIJYdOwsYPp9EcRBh3sUF6Usos,padel
SAINT BONNET LES OULES (TC),Stade,Lapra,Tennis club,Europe/Paris,,,SAINT BONNET LES OULES (TC) (Owner),,,18,4.7,https://www.google.com/maps?cid=14508716800295783153,45.5397644,4.3215332,https://tenup.fft.fr/club/50420391?utm_source=gmb,tenup.fft.fr,https://streetviewpixels-pa.googleapis.com/v1/thumbnail?panoid=rto-28xIyXs7VMS1FXM_fw&cb_client=search.gws-prod.gps&w=80&h=92&yaw=308.818&pitch=0&thumbfov=100,ChIJiQhufnJN9EcR8UpfNA9RWck,padel
Padel,69410 Champagne-au-Mont-d'Or,France,Playground,Europe/Paris,,,Padel (Owner),,,1,3,https://www.google.com/maps?cid=1141826567392141404,45.801431,4.7717705,,,https://streetviewpixels-pa.googleapis.com/v1/thumbnail?panoid=NoJwaWdBSlysLpI4KMitvw&cb_client=search.gws-prod.gps&w=80&h=92&yaw=22.424473&pitch=0&thumbfov=100,ChIJpYkyKgDt9EcRXCCDoDaV2A8,padel
UrbanPadel Saint-Etienne,19 All. Jean Lauer,42000 Saint-Étienne,Padel club,Europe/Paris,+33 4 77 92 77 05,"04 77 92 77 05, +33 4 77 92 77 05",UrbanPadel Saint-Etienne (Owner),stetienne@urbanpadel.fr,"facebook: https://www.facebook.com/UrbanPadel-112095204880843
instagram: https://www.instagram.com/urbanpadelfr",1,2,https://www.google.com/maps?cid=16872120974974288087,45.4609977,4.3921003,https://www.urbanpadel.fr/les-centres/saint-etienne/,urbanpadel.fr,https://streetviewpixels-pa.googleapis.com/v1/thumbnail?panoid=aoSlMroq28OuSDv9zByuQg&cb_client=search.gws-prod.gps&w=80&h=92&yaw=16.119564&pitch=0&thumbfov=100,ChIJZ6MJqkmt9UcR14DCaKLQJeo,padel
Grenoble Tennis Padel,100 Av. de la Mogne,38100 Grenoble,"Tennis club, Padel club, Recreation center",Europe/Paris,+33 4 76 25 22 52,"04 76 25 22 52, +33 4 76 25 22 52",Grenoble Tennis Padel (Owner),accueil@grenobletennis.fr,"facebook: https://www.facebook.com/grenobletennis
instagram: https://www.instagram.com/grenobletennispadel,https://www.instagram.com/lagoguette38
linkedin: https://www.linkedin.com/company/93289504,https://www.linkedin.com/company/grenoble-tennis-padel
tiktok: https://www.tiktok.com/@grenobletennispadel
youtube: https://www.youtube.com/@GrenobleTennisPadel",67,4.1,https://www.google.com/maps?cid=10054870655457963078,45.1712403,5.7511099,http://www.grenobletennis.fr/,grenobletennis.fr,https://lh3.googleusercontent.com/gps-cs-s/AG0ilSzDMZZ58CCC1jYaMFUChqgx0rqZ2yzbK3Ma8NdSnPR6Q52Vk4evDotv09GAv6liOOVGSKT1QakqYa80kkMP9U4CG6OH9tfiil7T7gwtAWBUwTrEZxt4r76iAyhqwnvib_0EKbHT,ChIJIQPmEN_0ikcRRiwSkZYTios,padel
French&Padel,530 Rue Jean Rostand,26800 Portes-lès-Valence,Athletic field,Europe/Paris,+33 7 56 47 54 95,"07 56 47 54 95, +33 7 56 47 54 95",French&Padel (Owner),,instagram: https://www.instagram.com/frenchpadelplv,7,4.6,https://www.google.com/maps?cid=1853139336703805280,44.892386,4.87612,https://www.french-padel.fr/,french-padel.fr,https://lh3.googleusercontent.com/p/AF1QipPEBPVtoQIXxb9H9_B7Oo4PtV7jLrYbjY1ZDf5w,ChIJDclnSQRNtRIRYIeIi2istxk,padel
Tennis Club Andrézieux-Bouthéon : Tennis et Padel,22 Rue des Bullieux,42160 Andrézieux-Bouthéon,"Tennis club, Padel club, Sports club",Europe/Paris,+33 4 77 55 18 13,"04 77 55 18 13, +33 4 77 55 18 13",Tennis Club Andrézieux-Bouthéon : Tennis et Padel (Owner),contact@tcab42.fr,"facebook: https://facebook.com/tcab42
instagram: https://instagram.com/tcab42
youtube: https://youtube.com/channel/UCW5gg6ZtyQDfSxMqk-f5asA",75,4.5,https://www.google.com/maps?cid=16592745216463987311,45.5293947,4.273661,https://www.tcab42.fr/,tcab42.fr,https://lh3.googleusercontent.com/p/AF1QipPC8zkmaYPO_XhXb_sNFsZve-ao46wIcdUXHBzJ,ChIJj8Oi1NFM9EcRb-Llu9xFReY,padel
aux points du jour,Lachamp ZA de,Lachamp,"Padel court, Badminton court, Beach volleyball court, Bicycle rental service, Soccer field, Sports bar, Squash club",Europe/Paris,+33 4 71 00 81 86,"04 71 00 81 86, +33 4 71 00 81 86",aux points du jour (Owner),,"facebook: https://facebook.com/auxpointsdujour
instagram: https://instagram.com/auxpointsdujour
twitter: https://x.com/APDJ43",87,4.6,https://www.google.com/maps?cid=4381878984381232809,45.061118,4.0060807,http://www.auxpointsdujour.fr/,auxpointsdujour.fr,https://lh3.googleusercontent.com/p/AF1QipNqAfSaJGmkSksPxck5H0KhPOBIpN5elpb2zVoL,ChIJV37A-B_y9UcRqfbKWLiPzzw,padel
BOURG DE PEAGE TC,15 Av. de la 1ère Armée,26300 Bourg-de-Péage,"Tennis club, Sports club",Europe/Paris,+33 6 88 59 74 64,"06 88 59 74 64, +33 6 88 59 74 64",BOURG DE PEAGE TC (Owner),,"facebook: https://www.facebook.com/tcbdp,https://facebook.com/tcbdp",30,4.7,https://www.google.com/maps?cid=17382451345953787369,45.0341925,5.0646053,https://tcbdp.org/,tcbdp.org,https://lh3.googleusercontent.com/gps-cs-s/AG0ilSxd7yYiAmFHlZNKQCsCrdTitXz2QURmPrzJe_5pF9Av7V4RaLmCtjJw_49xwTBZKQtms1W1kIufYQA5UJJwS-exzhALP8_HHNdoCiqhu0XDV6D2VvlklXVK1kajENEEmrjMe_6EKw,ChIJocd8zZZN9UcR6Q0WKWffOvE,padel
Elan Sport,46 Route de l'Etrat (proche de Saint Etienne Proche de St Etienne,42580 L'Étrat,"Padel court, Badminton court, Bar, Fast food restaurant, Fitness center, Pickleball court, Squash court",Europe/Paris,+33 4 77 52 43 08,"04 77 52 43 08, +33 4 77 52 43 08",Elan Sport (Owner),contact@elan-sport.fr,"facebook: https://www.facebook.com/elansport42
instagram: https://www.instagram.com/elansport42",178,4.7,https://www.google.com/maps?cid=9182626906738591196,45.4800872,4.3821911,http://elan-sport.fr/,elan-sport.fr,https://lh3.googleusercontent.com/p/AF1QipPinIdJ6yG3YDgxITUWCdx22H6-ZR1FaBcE8gHo,ChIJBQGUtnit9UcR3AUZIYU-b38,padel
ESPRIT PADEL CLUB,155 Rte de Grenoble,69800 Saint-Priest,Tennis club,Europe/Paris,+33 9 63 58 76 15,"09 63 58 76 15, +33 9 63 58 76 15",ESPRIT PADEL CLUB (Owner),,,,,https://www.google.com/maps?cid=12830747731721049212,45.710693,4.972189,https://tenup.fft.fr/club/50690609?utm_source=gmb,tenup.fft.fr,,ChIJlT0fvT7F9EcRfNTh7xT5D7I,padel
Tennis-Padel-Club Bourgoin Jallieu,Place Henri Drevet,38300 Bourgoin-Jallieu,Tennis club,Europe/Paris,+33 4 74 93 13 92,"04 74 93 13 92, +33 4 74 93 13 92",Tennis-Padel-Club Bourgoin Jallieu (Owner),contact@tpbj.fr,instagram: https://www.instagram.com/tennis.padel.bourgoin.jallieu,59,4.5,https://www.google.com/maps?cid=13066786041906283985,45.590542,5.2888091,https://tcbj.fr/,tcbj.fr,https://lh3.googleusercontent.com/gps-cs-s/AG0ilSw1M1kC2jW_9qyOH0GVT0ES7e0m9gdDlxl1Ar7tb0zww_-HGakrNvPWaD6aV60D8B6CaQGBRrPzzrTeBnXuxmowRQVoGkb88oXBlhJeygGMFOXEI3ESk2p_5sZpWw6TcXLpWAhs,ChIJ3_wreoQui0cR0UXbn6yMVrU,padel
Tennis club de Chambéry,Buisson Rond,"193, allée du Colombier Parc des Loisirs de","Tennis club, Sports club",Europe/Paris,+33 4 79 33 22 82,"04 79 33 22 82, +33 4 79 33 22 82",Tennis club de Chambéry (Owner),,,16,4.3,https://www.google.com/maps?cid=529360661139687461,45.564544,5.9400258,https://tenup.fft.fr/club/50730046?utm_source=gmb,tenup.fft.fr,https://lh3.googleusercontent.com/gps-cs-s/AG0ilSwSk2q-14wI687nnQXZkO3MjTF1yDG0zhMBqHEVJbAy7DKcrhVOSwpzqsvTjfTI1O88PD7mPB7_nGcGxqwFDZDWNJ4tMr6tQG2GQuxl9yhjifAH4bijFb0_86j99Q7Iaogqee4,ChIJJWwFaLGpi0cRJQhMdbeqWAc,padel
Tennis Padel Club d'Unieux,5 Rue Jean Jaurès,42240 Unieux,"Tennis club, Padel club",Europe/Paris,+33 4 77 61 05 04,"04 77 61 05 04, +33 4 77 61 05 04",Tennis Padel Club d'Unieux (Owner),contact@tc-unieux.fr,"facebook: https://www.facebook.com/tc.unieux,https://www.facebook.com/tennisclubunieux
instagram: https://www.instagram.com/tcunieux",42,4.3,https://www.google.com/maps?cid=5986842396446527587,45.3948707,4.2796101,http://www.tc-unieux.fr/,tc-unieux.fr,https://lh3.googleusercontent.com/p/AF1QipM9q0N1Pa25MnmEjlKbpC45Orl1Gm18n0faxh5t,ChIJQQjmBEew9UcRY5BxnnCJFVM,padel
ASPTT Grand Lyon Tennis / Padel,chemin des bouchets,69800 Saint-Priest,"Tennis club, Sports complex",Europe/Paris,+33 4 78 26 92 83,"04 78 26 92 83, +33 4 78 26 92 83",ASPTT Grand Lyon Tennis / Padel (Owner),"asptt-lyon-tennis@wanadoo.fr,tournoi-asptt-lyon-tennis@orange.fr,tournoi-asptt-lyon-tennis@orange.frpr","facebook: https://www.facebook.com/ASPTT-Tennis-Lyon-487209074722316
instagram: https://www.instagram.com/asptt_tennis_lyon",77,4.6,https://www.google.com/maps?cid=17459430481194668157,45.722684,4.936503,http://asptt-lyon-tennis.fr/,asptt-lyon-tennis.fr,https://lh3.googleusercontent.com/p/AF1QipOzRYSgIuUSArYFPTbkddY92LEKgVyRjEIASwHi,ChIJue5OLFnB9EcRfVA8xIRbTPI,padel
TCM5 (Tennis Club Municipal 5ème),57 Rue des Aqueducs,69005 Lyon,Tennis club,Europe/Paris,+33 4 78 36 39 20,"04 78 36 39 20, +33 4 78 36 39 20",TCM5 (Tennis Club Municipal 5ème) (Owner),tcm5eme@wanadoo.fr,"facebook: https://www.facebook.com/tcm5tennis
instagram: https://www.instagram.com/tcm5lyon,https://www.instagram.com/p",43,4.1,https://www.google.com/maps?cid=3202657224411157731,45.7590619,4.7912308,https://tcm5.fr/,tcm5.fr,https://lh3.googleusercontent.com/p/AF1QipMjl0SzA0O2pKfSrg42wtw7diKkzwrsBMHRZAjZ,ChIJt5StKITr9EcR45Rd9sYfciw,padel
TENNIS PADEL CLUB SAINT RAMBERT D'ALBON,Imp. des Mésanges,26140 Saint-Rambert-d'Albon,"Tennis club, Padel court, Sports club",Europe/Paris,+33 7 81 79 63 79,"07 81 79 63 79, +33 7 81 79 63 79",TENNIS PADEL CLUB SAINT RAMBERT D'ALBON (Owner),,,5,4.8,https://www.google.com/maps?cid=3666304760551458245,45.3009384,4.8173208,https://tenup.fft.fr/club/50260084?utm_source=gmb,tenup.fft.fr,https://lh3.googleusercontent.com/p/AF1QipMxYRkWaXK_7EQ1iRFxQWpuf5JR298CoWtMJS96,ChIJz0VNPbg99UcRxUX-OsFU4TI,padel
ANNECY TENNIS,58 Rue des Marquisats,74000 Annecy,Tennis club,Europe/Paris,+33 6 02 59 37 29,"06 02 59 37 29, +33 6 02 59 37 29",ANNECY TENNIS (Owner),,,45,4.2,https://www.google.com/maps?cid=4174810524053913096,45.8920795,6.137786,https://tenup.fft.fr/club/50740558?utm_source=gmb,tenup.fft.fr,https://lh3.googleusercontent.com/gps-cs-s/AG0ilSwdtIB_JfhXQGY5pfO_UgQB_r7zu-f6OZFpAVO3Zx-599PCaDSsncIOrEjOscsmaSRws_mb83-DDHSOKiz4BIojn2ncC1I6i9BpKSnPiOjU-9nShaFfntp1HNkkrC9uXu-KUMLToYOEw4Lg,ChIJS31d4_GRi0cRCL7Lcg3o7zk,padel
TC SAINT ROMANS Tennis-Padel,Base loisirs du Marandan,118 Chem. des Étangs,"Tennis club, Sports club",Europe/Paris,+33 6 18 88 33 39,"06 18 88 33 39, +33 6 18 88 33 39",TC SAINT ROMANS Tennis-Padel (Owner),,,1,5,https://www.google.com/maps?cid=75580199872240633,45.1025406,5.2939369,https://tenup.fft.fr/club/50380372?utm_source=gmb,tenup.fft.fr,https://lh3.googleusercontent.com/gps-cs-s/AG0ilSy7k2j07l87e7U_EVdrz6ih3QmN5PEcLW4gA_WR666HYs9xUFLS4_KKhZRS2H6VFek-KhJWQCghE4spbQmAB0QyuwnFyYz_lrnLr8U1uI5RNt9C7K5DJ1Osm7Zply6eN8d4dlqt,ChIJ7RFGqvq5ikcR-RtwlcqDDAE,padel
Tennis/Padel Club de la Tour en Jarez,918 Rte de Bayard,42580 La Tour-en-Jarez,Tennis club,Europe/Paris,+33 7 66 24 49 63,"07 66 24 49 63, +33 7 66 24 49 63",Tennis/Padel Club de la Tour en Jarez (Owner),,,4,4.8,https://www.google.com/maps?cid=10647239485629257459,45.479421,4.396816,https://www.facebook.com/TC-Tour-En-Jarez-LEtrat-149508862258658,facebook.com,https://lh3.googleusercontent.com/p/AF1QipOE67g5CTrPIhp3ZSwCZP6H4l9Fumt8p0K7Yz2U,ChIJz4phT8Wt9UcR89Zxk-aXwpM,padel
BRIGNAIS-CHAPONOST (TENNIS CLUB DE),6 rues des,Rue des Iris,"Tennis club, Sports club",Europe/Paris,+33 4 78 45 29 50,"04 78 45 29 50, +33 4 78 45 29 50",BRIGNAIS-CHAPONOST (TENNIS CLUB DE) (Owner),,,8,4.9,https://www.google.com/maps?cid=1216298564163202036,45.704037,4.750185,https://tenup.fft.fr/club/50690206?utm_source=gmb,tenup.fft.fr,https://streetviewpixels-pa.googleapis.com/v1/thumbnail?panoid=lnAfO7VMxxbByiMlxkNlNA&cb_client=search.gws-prod.gps&w=80&h=92&yaw=307.2692&pitch=0&thumbfov=100,ChIJ6fVUCTzv9EcR9OvDkRkp4RA,padel
Padel Tennis Club Faramans,Chem. du Stade,38260 Faramans,Padel club,Europe/Paris,+33 7 45 11 97 96,"07 45 11 97 96, +33 7 45 11 97 96",Padel Tennis Club Faramans (Owner),,,,,https://www.google.com/maps?cid=12027631840813764997,45.393588,5.1760021,https://tenup.fft.fr/club/50380652/offres,tenup.fft.fr,https://lh3.googleusercontent.com/p/AF1QipPME19kLtRxSNIC2R5hqMCDO2kYgKXkboIIMf8X,ChIJBWq0gSafZ6gRhdHhIG-76qY,padel
Moniteur de padel Thomas Rey (DFMP),Rte de Châteaugay,63200 Malauzat,Sports club,Europe/Paris,,,Moniteur de padel Thomas Rey (DFMP) (Owner),,,,,https://www.google.com/maps?cid=11720462979888072871,45.8453024,3.0620085,https://www.superprof.fr/n73-francais-diplome-dfmp-tfp-padel-passionne-enseignement-niveaux-10ans-tennis.html,superprof.fr,https://streetviewpixels-pa.googleapis.com/v1/thumbnail?panoid=tKKU4xLXpYavl0I-spmMMg&cb_client=search.gws-prod.gps&w=80&h=92&yaw=154.81631&pitch=0&thumbfov=100,ChIJHRBiUAAZ90cRp0hYh_typ6I,padel
Tennis Squash Padel de Saint-Chamond,Bd de la Grande Terre,42400 Saint-Chamond,"Tennis club, Padel club, Padel court, Squash club, Squash court, Tennis court",Europe/Paris,+33 4 77 29 00 87,"04 77 29 00 87, +33 4 77 29 00 87",Tennis Squash Padel de Saint-Chamond (Owner),tennis.st.chamond@gmail.com,,53,4.3,https://www.google.com/maps?cid=7262765599194315980,45.471268,4.5318159,https://tspsc42.wixsite.com/tennis-squash-padel,tspsc42.wixsite.com,https://lh3.googleusercontent.com/p/AF1QipO1TyXZmkYEMeXGLa_RbjiT4gcLlTaBInze0xw8,ChIJwbqIjagB9UcRzHznKtWGymQ,padel
Tennis Club De Lagnieu,Allée des Sports,01150 Lagnieu,Tennis club,Europe/Paris,+33 4 74 35 91 44,"04 74 35 91 44, +33 4 74 35 91 44",Tennis Club De Lagnieu (Owner),,facebook: https://www.facebook.com/TennisClubLagnieu,37,4.9,https://www.google.com/maps?cid=16805860869398967973,45.8966913,5.3526485,https://www.tclagnieu.fr/,tclagnieu.fr,https://lh3.googleusercontent.com/p/AF1QipP-A-f9MFaeo7pIjFlakqeiCUhgYrz8NgSXeG5X,ChIJxdv3VWdOi0cRpbYpYWtpOuk,padel
tennis club,352 Rue des Écoles,38500 La Buisse,"Tennis club, Sports club",Europe/Paris,+33 6 03 34 46 92,"06 03 34 46 92, +33 6 03 34 46 92",tennis club (Owner),,,22,4.8,https://www.google.com/maps?cid=9964455521591380983,45.3327248,5.6148035,https://tenup.fft.fr/club/50380588?utm_source=gmb,tenup.fft.fr,https://lh3.googleusercontent.com/gps-cs-s/AG0ilSxwxkdiCBv74QTD2XURJlx4-f3v7mHHwqlflWWu5ScI3DDnLvkPfHRXRgmyRbKbeit5eStJ_kRBqtBFg93FUvTBNy1yA0VWZ8G9lAhx9ib968SBQBgo-38lk3FRCUuGUq2MqYlbJw,ChIJZ4o3cgvlikcR90uiwIDbSIo,padel
Tennis Club De Seynod,44 Rue des Sports,74600 Annecy,"Tennis club, Tennis instructor",Europe/Paris,+33 4 50 69 04 79,"04 50 69 04 79, +33 4 50 69 04 79",Tennis Club De Seynod (Owner),contact@tcseynod.com,"facebook: https://www.facebook.com/tennisclub.seynod
instagram: https://www.instagram.com/tcseynod",21,3.5,https://www.google.com/maps?cid=17386830733462482861,45.8848087,6.0889222,http://www.tcseynod.com/,tcseynod.com,https://lh3.googleusercontent.com/gps-cs-s/AG0ilSydFKFxFrj_ebQx8clJB0xw85mBZ-lE-EQErZ7j3tTVsSucyAbjsvDGb-7nFd5bna9GRQQYN4bJCsGfCR8lvzgjgPH6_qoQQwheLEzWWmidLLet8shMjUECyH67PpdEU3BiOgDtF8LQhlRK,ChIJMQkzRc-ai0cRrS_gxW5uSvE,padel
Sporting Vichy Tennis Padel,2 bis Av. de la République,03700 Bellerive-sur-Allier,"Tennis court, Padel club, Padel court",Europe/Paris,+33 7 83 97 69 98,"07 83 97 69 98, +33 7 83 97 69 98",Sporting Vichy Tennis Padel (Owner),,,97,4.1,https://www.google.com/maps?cid=7449555651998136383,46.1183746,3.4134562,https://tenup.fft.fr/club/50L00005/offres,tenup.fft.fr,https://lh3.googleusercontent.com/gps-cs-s/AG0ilSx284SX2PjQA7lpNvu-NchMvo5q7BQSzxnC2dvFC83IN3hj2uMDkrGmDbeVpvhT7TvqlB0NbRUCtewEjT4M0oExyqh4k6z2EnHWbggtZXn9Au1DAWEWn40hMep_nekFVOGnhCE7XLrntde6,ChIJQ3M5GUTN9kcRPzjaY2UjYmc,padel
Pôle raquette,63140 Châtel-Guyon,France,Tennis club,Europe/Paris,+33 7 81 86 22 40,"07 81 86 22 40, +33 7 81 86 22 40",Pôle raquette (Owner),,,15,4.5,https://www.google.com/maps?cid=2934516346203346039,45.9155504,3.0723664,,,https://lh3.googleusercontent.com/gps-cs-s/AG0ilSw5A_7uEQeaTswLC5hMHkFtFxFDYNqaNJHYcd6MxNzBC-wMfxrZY_u7-u_fgNgRbnSVks_EoCPrX0PfRof0Okh8vpMcbjp88ucv6mG3fb221VwSGAAVEx3Q-PT23SkB9O5jTxQaFRhFwtIs,ChIJE-gwNKcj90cRdxQHsxF_uSg,padel
Terrain de padel,69130 Lyon,France,Playground,Europe/Paris,,,Terrain de padel (Owner),,,1,1,https://www.google.com/maps?cid=1753284793275132829,45.7816316,4.7695349,,,https://streetviewpixels-pa.googleapis.com/v1/thumbnail?panoid=5hboQoWlqJjANDLuteccrg&cb_client=search.gws-prod.gps&w=80&h=92&yaw=295.425&pitch=0&thumbfov=100,ChIJ6aPMbgDt9EcRnStC7TrrVBg,padel
Tennis Club Montanay,577 Rue des Échets,69250 Montanay,"Tennis club, Padel club, Padel court, Tennis court",Europe/Paris,+33 7 66 20 85 57,"07 66 20 85 57, +33 7 66 20 85 57",Tennis Club Montanay (Owner),,,25,4.5,https://www.google.com/maps?cid=11588370676434745349,45.8820838,4.8727068,https://tenup.fft.fr/club/50690258,tenup.fft.fr,https://lh3.googleusercontent.com/p/AF1QipMWeasBfaS36QQQzHldRqGMBGPgji-w-rRRv9ai,ChIJm17V3wyW9EcRBThyfrsp0qA,padel
MAUBEC TENNIS CLUB,39 Chem. du Paternos,38300 Maubec,"Tennis club, Sports club",Europe/Paris,+33 4 74 93 16 76,"04 74 93 16 76, +33 4 74 93 16 76",MAUBEC TENNIS CLUB (Owner),,,9,4.9,https://www.google.com/maps?cid=11992746112089044418,45.5668924,5.26405,https://tenup.fft.fr/club/50380596?utm_source=gmb,tenup.fft.fr,https://lh3.googleusercontent.com/gps-cs-s/AG0ilSzuKjjH3ifEICC_75LVJOAnzP73SB45AS9THb9phxXJB-hDvF8uUEUIRdICddBD-sSen_cryqOAHQehtpbQ1YHnFpubo9yfq2g2rbcmetYCHBw3wAYOwAIW_SUek9nyJBVT-kf2,ChIJZ_9o_Jgti0cRwrWDdAzLbqY,padel
ROANNE TENNIS CLUB,103 Rue du Moulin À Vent,42300 Roanne,Tennis club,Europe/Paris,+33 4 77 71 49 77,"04 77 71 49 77, +33 4 77 71 49 77",ROANNE TENNIS CLUB (Owner),,,24,4.6,https://www.google.com/maps?cid=1017347529638486164,46.0203552,4.0557417,https://tenup.fft.fr/club/50420055?utm_source=gmb,tenup.fft.fr,https://lh3.googleusercontent.com/gps-cs-s/AG0ilSzQzW0a92zIylkv7k7Dcc7kFiv0OtlOYGLQPZKJRQQJpvzgfvf4vE2NqxymPu2AMR-CjvMJRAaMfxBOvnaOn0-9dzvuA_wm-AT8JLLHq3YAInKgrm5ULo7sRg4wUR5AMWNlvq6M,ChIJLZbRcCsF9EcRlCA5JTBYHg4,padel
Tennis Club DOMMARTIN,Rue du Complexe de Maligny,69380 Dommartin,Tennis club,Europe/Paris,+33 6 51 15 81 07,"06 51 15 81 07, +33 6 51 15 81 07",Tennis Club DOMMARTIN (Owner),contact@tcdommartin.com,instagram: https://www.instagram.com/tennisclubdommartin,3,5,https://www.google.com/maps?cid=13990082598759732072,45.831967,4.7175112,http://www.tcdommartin.com/,tcdommartin.com,,ChIJS2Y7oT2T9EcRaJNyPQDCJsI,padel
MARIGNIER TENNIS CLUB,Av. du Stade,74970 Marignier,"Tennis club, Sports club",Europe/Paris,+33 4 50 34 09 65,"04 50 34 09 65, +33 4 50 34 09 65",MARIGNIER TENNIS CLUB (Owner),,,12,4.8,https://www.google.com/maps?cid=14971550830479669201,46.0852396,6.5001144,https://tenup.fft.fr/club/50740246?utm_source=gmb,tenup.fft.fr,https://lh3.googleusercontent.com/gps-cs-s/AG0ilSz6QZa7Gjw-ASNDlaNYx_DJcaqGjkWdO4c_zZBUpzikCPHEI357IJ6Y7rs5yqBDZPE8y73pjRdPMGIUVY1t0zqIx7Qk5Mg_wZSbMqhFqSu2MXF9dF2cCNntR5kbTJc7TIwnr4HV-A,ChIJef18KGoJjEcR0fdxWyiixc8,padel
Tennis Club Saint Priest,16 Av. Pierre Mendès-France,69800 Saint-Priest,"Tennis club, Padel club, Sports",Europe/Paris,+33 4 78 20 38 33,"04 78 20 38 33, +33 4 78 20 38 33",Tennis Club Saint Priest (Owner),tennisclub.tcsp@gmail.com,,78,4.4,https://www.google.com/maps?cid=4887872481541652854,45.6946182,4.9567222,https://www.tennisclubsaintpriest.fr/,tennisclubsaintpriest.fr,https://lh3.googleusercontent.com/gps-cs-s/AG0ilSyogULO6c3pQfGV4IrDFiDiDm2UrNxx5P7cY47GbjCJ9qgp_9-Li6kk3f2sVf1a8fNSZljHfZHm9bxukDokh8Vem7yKy5nee9Q317Rpy0HcOdukyrD5ey1i6KZ0iRJCwJuDcSg,ChIJuako1W_E9EcRdoGy-R821UM,padel
VALLIERES TENNIS CLUB,Rte sur les Marais,74150 Vallières-sur-Fier,"Tennis club, Sports club",Europe/Paris,+33 7 56 87 84 74,"07 56 87 84 74, +33 7 56 87 84 74",VALLIERES TENNIS CLUB (Owner),,facebook: https://www.facebook.com/tcvallieres,22,4.5,https://www.google.com/maps?cid=10203343801158966094,45.89319,5.937045,http://www.tennisclubdevallieres.com/,tennisclubdevallieres.com,https://lh3.googleusercontent.com/p/AF1QipM-G5Ul1jfCPvM9YY9jTd5D7mBbRw5v8BmQVOpG,ChIJK4-EWCl3i0cRTptDpSCPmY0,padel
Tennis Club,397 Rte du Laudon,74410 Saint-Jorioz,"Tennis club, Sports club",Europe/Paris,+33 7 62 71 64 48,"07 62 71 64 48, +33 7 62 71 64 48",Tennis Club (Owner),,,15,4.9,https://www.google.com/maps?cid=7645195669866553008,45.8365126,6.1666855,https://tenup.fft.fr/club/50740367?utm_source=gmb,tenup.fft.fr,https://streetviewpixels-pa.googleapis.com/v1/thumbnail?panoid=RRGrFvD4iXZVsqjDtIDHLA&cb_client=search.gws-prod.gps&w=80&h=92&yaw=320.07785&pitch=0&thumbfov=100,ChIJlbHiPHeRi0cRsB7ArPQwGWo,padel
All In Country Club | Sports Complex Premium Par Jo-Wilfried Tsonga Thierry Ascione,Entrée côté P5 Groupama Stadium,13 Rue Marceau,"Sports club, Amusement center, Fitness center, Padel court, Pilates studio, Swimming pool, Tennis club, Tennis court, Tennis store",Europe/Paris,+33 4 85 70 00 00,"04 85 70 00 00, +33 4 85 70 00 00",All In Country Club | Sports Complex Premium Par Jo-Wilfried Tsonga Thierry Ascione (Owner),contact@allin-countryclub.com,"facebook: https://www.facebook.com/people/All-In-Country-Club/100088415529496
instagram: https://www.instagram.com/allin_country_club
linkedin: https://www.linkedin.com/company/all-in-tennis-academy
twitter: https://x.com/Allin_Group_
youtube: https://www.youtube.com/channel/UC01WEvJQGt7Hxq-RtWX9Idg",105,4.7,https://www.google.com/maps?cid=13048609151643371703,45.7627445,4.9769953,https://www.allin-countryclub.com/,allin-countryclub.com,https://lh3.googleusercontent.com/p/AF1QipN9SqbRr9KSBFsoeMDvc16EDtny7ffTcYuV4FI0,ChIJsXNcavbH9EcRt0idkOP4FbU,padel
GANNAT (TENNIS CLUB),47 Rue Jules Bertin,03800 Gannat,"Tennis club, Sports club",Europe/Paris,,,GANNAT (TENNIS CLUB) (Owner),,,32,4.7,https://www.google.com/maps?cid=11545467171045804620,46.0827834,3.1978019,https://tenup.fft.fr/club/50030004?utm_source=gmb,tenup.fft.fr,https://lh3.googleusercontent.com/gps-cs-s/AG0ilSznYML7tkPaJk1F6oBN3gXPUVjrjGH6I1NYKDk_eq5o1klOCKS1fcwdcyeLIShVNE6kv_BUoRYyWJtbhKbEvym02lm40rfzLz8DbGSYPBBFdchSdY7awepd74jBXMmvGtNQST0,ChIJK07D8LIp90cRTIoeuDi9OaA,padel
Paris Padel,340 Rue des Pyrénées,75020 Paris,Sports club,Europe/Paris,+33 7 80 95 22 56,"07 80 95 22 56, +33 7 80 95 22 56",Paris Padel (Owner),utilisateur@domaine.com,"facebook: https://www.facebook.com/p/MORET-PADEL-61573941748072
instagram: https://www.instagram.com/moretpadel,https://www.instagram.com/paris_padel_
linkedin: https://www.linkedin.com/company/hkl-padel
tiktok: https://www.tiktok.com/@city.padel1",97,4.1,https://www.google.com/maps?cid=5351859132928314632,48.8742397,2.3888057,https://www.citypadel.fr/parispadel,citypadel.fr,https://lh3.googleusercontent.com/p/AF1QipOBBnYF-xhvmiZ6z-hTGlEsU6OfcQJkSYt_YAU4,ChIJQzPN8tRt5kcRCE0fqoafRUo,padel
Padel-Horizon,3 Bis Rue de Paris,94370 Sucy-en-Brie,"Padel club, Badminton club, Cafe, Coffee shop, Event venue, Fast food restaurant, Squash club",Europe/Paris,+33 7 64 02 79 91,"07 64 02 79 91, +33 7 64 02 79 91",Padel-Horizon (Owner),"licenceph@padel-horizon.com,information@padel-horizon.com","facebook: https://www.facebook.com/padelhorizon
instagram: https://www.instagram.com/padel_horizon
linkedin: https://www.linkedin.com/company/padel-horizon",345,4.7,https://www.google.com/maps?cid=2330972514723098852,48.7741462,2.5036557,https://www.padel-horizon.com/,padel-horizon.com,https://lh3.googleusercontent.com/gps-cs-s/AG0ilSwyRxs7THRbWN6OU88Uw44F2QU5HYsjI52WkwxWp42Tj1Y6aY1gqyQdLeYoOcOf5b7vnGLqsOJPNsEEn1n8eMpfkSJKaDgpAY8wfr5P9S1NJ6aK66Y4MwBW9xlR5SbkMlz3dVfI,ChIJwaCGIWMN5kcR5PBE8SZHWSA,padel
Padel 15,115 Rue Castagnary,75015 Paris,"Padel club, Restaurant, Tapas bar",Europe/Paris,+33 1 45 31 58 76,"01 45 31 58 76, +33 1 45 31 58 76",Padel 15 (Owner),contact@padel15.fr,instagram: https://www.instagram.com/padel15club,94,4.6,https://www.google.com/maps?cid=8185094076479380183,48.8298304,2.3047983,https://www.padel15.fr/,padel15.fr,https://lh3.googleusercontent.com/p/AF1QipMymsuGcZY_Pm0_XlF_DkU62FDn0djF_arGFsQ,ChIJLdPHepNx5kcR1xq1MbJLl3E,padel
New Padel Club,326 Rue Henri Becquerel BAT A6,60230 Chambly,Sports complex,Europe/Paris,+33 3 65 67 02 27,"03 65 67 02 27, +33 3 65 67 02 27",New Padel Club (Owner),contact@newpadelclub.fr,"instagram: https://www.instagram.com/newpadel_club
linkedin: https://www.linkedin.com/company/new-padel-club
tiktok: https://www.tiktok.com/@newpadel_club",109,5,https://www.google.com/maps?cid=2628715149109724227,49.1593322,2.2499776,http://www.newpadelclub.fr/,newpadelclub.fr,https://lh3.googleusercontent.com/p/AF1QipPFPEo5odKnCzzJfTbGY6ZHvpiNWaP_PfmIDpmQ,ChIJyytx_uJb5kcRQ4RfJoASeyQ,padel
Padel World à Maurepas,3 Av. Louis Pasteur,78310 Maurepas,Padel club,Europe/Paris,+33 1 86 22 32 10,"01 86 22 32 10, +33 1 86 22 32 10",Padel World à Maurepas (Owner),bienvenue@padelworld.fr,instagram: https://www.instagram.com/padelworld_maurepas,29,5,https://www.google.com/maps?cid=3159008819771255528,48.7621082,1.9131084,https://padelworld.fr/,padelworld.fr,https://lh3.googleusercontent.com/p/AF1QipNreDnhY59tgT4u5akZYh4iPq6Sz5bqEtDVI1pL,ChIJKRsfnS6D5kcR6KrK0MgN1ys,padel
Smash Padel,2951 Rte de Sandillon,45560 Saint-Denis-en-Val,Padel club,Europe/Paris,+33 2 19 23 11 08,"02 19 23 11 08, +33 2 19 23 11 08",Smash Padel (Owner),"utilisateur@domaine.com,contact@smashpadelclub.fr",instagram: https://www.instagram.com/smashpadel_stdenisenval,43,4.8,https://www.google.com/maps?cid=17264802987723351843,47.8660477,1.9670469,https://www.smashpadel-stdenisenval.fr/,smashpadel-stdenisenval.fr,https://lh3.googleusercontent.com/gps-cs-s/AG0ilSzT7mj7NqYt3dI7CTeoSPscyAI_DoiMhZSQBjQjyYmWs1KX-5gHmKWLMMAgPXXNX9rDAeL4mtCtZKxR-huye2QJ4U099b9FIBcravgPro0u7pntoC_EPV4CNrvsK7PVczPPccAo,ChIJxWJdZ_Dj5EcRI2daMNjmmO8,padel
Let Padel,10 Rue des Moines,45750 Saint-Pryvé-Saint-Mesmin,"Padel club, Indoor playground, Modern French restaurant, Tennis club",Europe/Paris,+33 2 18 69 31 69,"02 18 69 31 69, +33 2 18 69 31 69",Let Padel (Owner),,,108,4.6,https://www.google.com/maps?cid=1563338360205412258,47.8876176,1.8739884,http://www.letpadel.fr/,letpadel.fr,https://lh3.googleusercontent.com/gps-cs-s/AG0ilSyhGtAelGFSPS5vXuE5pob0O1L7DPoHXDNunSH_7F4dKWnvw158qM1xs4OGHL1xEUd4Jf5bUPZvpnysc54v-BycMrx7bf_yt3XvK36DSmWRoV_B5H1yT5xlDO5ITolLk8H38sQ,ChIJHdAnRzXl5EcRogfJp_QXshU,padel
CASA PADEL UNO,103 Rue Charles Michels,93200 Saint-Denis,"Padel club, Athletic field, French restaurant, Restaurant, Spanish restaurant",Europe/Paris,+33 1 84 21 49 00,"01 84 21 49 00, +33 1 84 21 49 00",CASA PADEL UNO (Owner),"saint-denis@casapadel.fr,asnieres@casapadel.fr,kingersheim@casapadel.fr,toulouse-st@casapadel.fr,vendenheim@casapadel.fr,commercial.saint-denis@casapadel.fr","facebook: https://www.facebook.com/centrecasapadel
instagram: https://www.instagram.com/casapadelsaintdenis,https://www.instagram.com/casapadelasnieres,https://www.instagram.com/casapadelkingersheim,https://www.instagram.com/casapadeltoulouse,https://www.instagram.com/casapadelvendenheim,https://www.instagram.com/groupecasapadel
linkedin: https://www.linkedin.com/company/casa-padel-uno
youtube: https://www.youtube.com/channel/UCew-Fy7mrGmNiWQ0wi-IBvQ",568,4.3,https://www.google.com/maps?cid=14876963217055273036,48.9296578,2.3454707,https://casapadel.fr/,casapadel.fr,https://lh3.googleusercontent.com/gps-cs-s/AG0ilSyoxw4xW7kyZ1IaOw91dv2TFnveduyNB18AZxUe_SvInXKOa65WZ00ELOjZss903LPqImfCO2fNs-BUAZWRi8YG7p36Q9TelDHZPA8cG9mGYHun1hwUHZq59OAOpAsCXtxTrhDo,ChIJ_XAmMc9u5kcRTNAhcTmXdc4,padel
Padel @UCPA Sport Station,28 All. Rose Dieng-Kuntz,75019 Paris,Padel court,Europe/Paris,+33 1 82 39 55 84,"01 82 39 55 84, +33 1 82 39 55 84",Padel @UCPA Sport Station (Owner),,"facebook: https://www.facebook.com/UCPA-Sport-Station-Paris-110361908206755
instagram: https://www.instagram.com/ucpa_sport_station_paris",32,4.2,https://www.google.com/maps?cid=9895247276605109535,48.89652,2.3713132,https://www.ucpa.com/sport-station/paris-19/padel?utm_source=google&utm_medium=organic&utm_campaign=gmb-listing-padel,ucpa.com,https://lh3.googleusercontent.com/p/AF1QipNAuxWQ3XXix6MMbUyMUDrsmK2rJ1XUDeCBv-ko,ChIJc6F_bZNt5kcRH_Wyhvj6Uok,padel
West Padel,4 Rue Fernand Forest,78520 Limay,Padel club,Europe/Paris,+33 6 26 84 19 49,"06 26 84 19 49, +33 6 26 84 19 49",West Padel (Owner),,,18,4.9,https://www.google.com/maps?cid=13379631066736476592,48.9899683,1.760398,,,https://lh3.googleusercontent.com/gps-cs-s/AG0ilSysf8IChcTtWu6wSViVQkXworvhaHdmGX3O6MVtWuz3mQZNROpcRvko_jCYEE6dugvYhe8rg1g3_w0oLfWd5Q4eTf1hEXuRYlb1N4xWNjL9fNCmiwmL55QE-5cqZL9NgHH0RFuz,ChIJPc5PjpeV5kcRsMGbHpH_rbk,padel
Padel Sphère - Sens,2 Rue de Bourgogne,89140 Cuy,Padel club,Europe/Paris,+33 3 65 67 16 01,"03 65 67 16 01, +33 3 65 67 16 01",Padel Sphère - Sens (Owner),cuy@padel-sphere.com,"facebook: https://www.facebook.com/padelsphere
instagram: https://www.instagram.com/padel_sphere",45,5,https://www.google.com/maps?cid=15414518387017512757,48.2545717,3.2755146,https://www.padel-sphere.com/,padel-sphere.com,https://lh3.googleusercontent.com/gps-cs-s/AG0ilSzt7a3UKUpqd_QgmNDrhjF8K4Fj8QTZSfX5ytYVvfF2Vi3n7DnUwIZw8dULS6F4llZBMaqPrwvFc8FUfashz_MexgYTht4fpmzo8Lm9a-XyEwjv8o6LRUiB_uFtZsMkrOZqDA7h,ChIJNXSZYcoR70cRNffnqc1e69U,padel
4PADEL Rouen Petit-Quevilly,4 All. de l'Industrie,76140 Le Petit-Quevilly,"Padel club, Padel court, Sports bar, Squash court, Tennis court, Tennis store",Europe/Paris,+33 6 98 68 38 95,"06 98 68 38 95, +33 6 98 68 38 95",4PADEL Rouen Petit-Quevilly (Owner),"annemasse@4padel.fr,argenteuil@4padel.fr,bordeaux@4padel.fr,boulogne-billancourt@4padel.fr,saint-denis@4padel.fr,challans@4padel.fr,creteil@4padel.fr,dunkerque@4padel.fr,epinay@4padel.fr,seclin@4padel.fr,limoges@4padel.fr,marville@4padel.fr,metz.sud@4padel.fr,montreuil@4padel.fr,mulhouse@4padel.fr,orleans@4padel.fr,paris20@4padel.fr,reims@4padel.fr,saint-louis@4padel.fr,sudreunion@4padel.fr,strasbourg@4padel.fr,colomiers@4padel.fr,vaires.torcy@4padel.fr,rouen@4padel.fr","facebook: https://www.facebook.com/4PADELFrance
instagram: https://www.instagram.com/4padel
linkedin: https://www.linkedin.com/company/groupelefive
twitter: https://x.com/4PADELFrance",76,4.7,https://www.google.com/maps?cid=4441886748586964543,49.4277687,1.0475222,https://4padel.fr/,4padel.fr,https://lh3.googleusercontent.com/p/AF1QipPNCA6mp4QJMqL7KAAyIKkbBFo54pJUGsRcbEqK,ChIJhRCCSJvh4EcRP3YKtnbApD0,padel
Coquelicot Padel,3 All. des Coquelicots,94470 Boissy-Saint-Léger,Padel club,Europe/Paris,+33 6 89 97 57 83,"06 89 97 57 83, +33 6 89 97 57 83",Coquelicot Padel (Owner),"contact@livexperience.fr,ncontact@livexperience.fr","facebook: https://www.facebook.com/appstore
instagram: https://www.instagram.com/appstore
twitter: https://x.com/AppStore",11,5,https://www.google.com/maps?cid=15187998296207957898,48.7598477,2.4963897,https://apps.apple.com/fr/app/coquelicot-padel/id6749621120,apps.apple.com,https://lh3.googleusercontent.com/p/AF1QipM76pc6FkCDHHgRn00mwcaik5jMGO27HL41y8pE,ChIJ_bsC_WEL5kcRip-2HvubxtI,padel
Padel 91,10 Av. de la Résistance,91700 Sainte-Geneviève-des-Bois,Sports club,Europe/Paris,+33 6 82 40 65 06,"06 82 40 65 06, +33 6 82 40 65 06",Padel 91 (Owner),contact@padel91.fr,"instagram: https://www.instagram.com/p,https://www.instagram.com/padel91_",49,4.8,https://www.google.com/maps?cid=12130208332853055812,48.6240075,2.3362063,http://www.padel91.fr/,padel91.fr,https://lh3.googleusercontent.com/gps-cs-s/AG0ilSzQwArxOK-h6tGeLCYZlCDbjd5KiuDDVAZO510aAElyRV1QALV9GVB4h5gKZegs4nq-MEmRLwnyRTft0ZegdzNI8ThRYOtiUyRI_DHhJnXXSGYx5um-c9hva4FH11XFObsvMGMtcg,ChIJx4vfJwDZ5UcRRJEwyzUoV6g,padel
4PADEL Rouen Quais de Seine,181 Av. du Grand Cours,76100 Rouen,"Padel club, Athletic field, Padel court, Sports bar, Sports club, Squash court, Tennis court, Tennis store",Europe/Paris,+33 2 35 36 58 48,"02 35 36 58 48, +33 2 35 36 58 48",4PADEL Rouen Quais de Seine (Owner),"annemasse@4padel.fr,argenteuil@4padel.fr,bordeaux@4padel.fr,boulogne-billancourt@4padel.fr,saint-denis@4padel.fr,challans@4padel.fr,creteil@4padel.fr,dunkerque@4padel.fr,epinay@4padel.fr,seclin@4padel.fr,limoges@4padel.fr,marville@4padel.fr,metz.sud@4padel.fr,montreuil@4padel.fr,mulhouse@4padel.fr,orleans@4padel.fr,paris20@4padel.fr,reims@4padel.fr,saint-louis@4padel.fr,sudreunion@4padel.fr,strasbourg@4padel.fr,colomiers@4padel.fr,vaires.torcy@4padel.fr,rouen@4padel.fr","facebook: https://www.facebook.com/4PADELFrance
instagram: https://www.instagram.com/4padel
linkedin: https://www.linkedin.com/company/groupelefive
twitter: https://x.com/4PADELFrance",19,4.7,https://www.google.com/maps?cid=8013954718532938431,49.4277261,1.1036454,https://4padel.fr/,4padel.fr,https://lh3.googleusercontent.com/p/AF1QipOw8r-YIpsxOIbytrNWojtEUr0rYMC7BjqmHmXE,ChIJwQHM4Kvf4EcRv6o4VFtJN28,padel
Padel Sporting Club - Evreux,281 Rue Vulcain,27000 Évreux,Padel club,Europe/Paris,+33 7 65 27 49 68,"07 65 27 49 68, +33 7 65 27 49 68",Padel Sporting Club - Evreux (Owner),"utilisateur@domaine.com,padelscevreux@gmail.com,pscaccueil@gmail.com","facebook: https://www.facebook.com/padel.sporting.club.evreux
instagram: https://www.instagram.com/padelsportingclub.evreux",26,5,https://www.google.com/maps?cid=12687109840240690113,49.019478,1.175679,https://padelsportingclub.fr/,padelsportingclub.fr,https://lh3.googleusercontent.com/p/AF1QipN3c_DxMSn8Sp3IAqg795cjg0bsjMTSIaa8iltz,ChIJKz3DDStH4UcRwcPoNS6rEbA,padel
4PADEL CAO Saint-Denis,361 Av. du Président Wilson,93200 Saint-Denis,Padel club,Europe/Paris,+33 1 84 21 12 04,"01 84 21 12 04, +33 1 84 21 12 04",4PADEL CAO Saint-Denis (Owner),"annemasse@4padel.fr,argenteuil@4padel.fr,bordeaux@4padel.fr,boulogne-billancourt@4padel.fr,saint-denis@4padel.fr,challans@4padel.fr,creteil@4padel.fr,dunkerque@4padel.fr,epinay@4padel.fr,seclin@4padel.fr,limoges@4padel.fr,marville@4padel.fr,metz.sud@4padel.fr,montreuil@4padel.fr,mulhouse@4padel.fr,orleans@4padel.fr,paris20@4padel.fr,reims@4padel.fr,saint-louis@4padel.fr,sudreunion@4padel.fr,strasbourg@4padel.fr,colomiers@4padel.fr,vaires.torcy@4padel.fr,rouen@4padel.fr","facebook: https://www.facebook.com/4PADELFrance
instagram: https://www.instagram.com/4padel
linkedin: https://www.linkedin.com/company/groupelefive
twitter: https://x.com/4PADELFrance",31,4.5,https://www.google.com/maps?cid=6788644292287209088,48.9233247,2.3548182,https://4padel.fr/,4padel.fr,https://lh3.googleusercontent.com/p/AF1QipNlrgjtgQHnpnZytrapiakUrmKmmiPg4JW87aJh,ChIJ58seEjdv5kcRgB5DHAQcNl4,padel
4PADEL Orléans-Fleury,113 Rue de Curembourg Etage 0,45400 Fleury-les-Aubrais,"Padel club, Athletic field, Padel court, Sports bar, Sports club, Squash court, Tennis court, Tennis store",Europe/Paris,+33 2 34 08 63 20,"02 34 08 63 20, +33 2 34 08 63 20",4PADEL Orléans-Fleury (Owner),"annemasse@4padel.fr,argenteuil@4padel.fr,bordeaux@4padel.fr,boulogne-billancourt@4padel.fr,saint-denis@4padel.fr,challans@4padel.fr,creteil@4padel.fr,dunkerque@4padel.fr,epinay@4padel.fr,seclin@4padel.fr,limoges@4padel.fr,marville@4padel.fr,metz.sud@4padel.fr,montreuil@4padel.fr,mulhouse@4padel.fr,orleans@4padel.fr,paris20@4padel.fr,reims@4padel.fr,saint-louis@4padel.fr,sudreunion@4padel.fr,strasbourg@4padel.fr,colomiers@4padel.fr,vaires.torcy@4padel.fr,rouen@4padel.fr","facebook: https://www.facebook.com/4PADELFrance
instagram: https://www.instagram.com/4padel
linkedin: https://www.linkedin.com/company/groupelefive
twitter: https://x.com/4PADELFrance",50,4.8,https://www.google.com/maps?cid=9659155529446676422,47.9415708,1.9358297,https://4padel.fr/,4padel.fr,https://lh3.googleusercontent.com/p/AF1QipNEHYRoB7--glFl4LdmNPM2f3bzkAFRWKL1cr1J,ChIJH7zV7vj75EcRxlfrEsc2DIY,padel
PADEL CAMP Achères,10 Rue des Communes,78260 Achères,"Padel club, Sports complex",Europe/Paris,+33 1 34 01 58 48,"01 34 01 58 48, +33 1 34 01 58 48",PADEL CAMP Achères (Owner),,,47,5,https://www.google.com/maps?cid=550858707794863177,48.9650871,2.0608321,,,https://lh3.googleusercontent.com/p/AF1QipOBtPMh0tm5akgkLUPRt7NghpwqyXShNp82p-TF,ChIJiymV7wGL5kcRSSSLfxMLpQc,padel
Padel 3,11 Rue Antoine Lumière,10600 La Chapelle-Saint-Luc,Padel club,Europe/Paris,+33 3 51 53 14 61,"03 51 53 14 61, +33 3 51 53 14 61",Padel 3 (Owner),padel3@padel3.fr,,60,4.8,https://www.google.com/maps?cid=8863990429129034894,48.324153,4.034946,http://www.padel3.fr/,padel3.fr,https://lh3.googleusercontent.com/p/AF1QipM7l8bJQA1dwZDQaLZBv3TDwLSumQWd0lFDN2tm,ChIJ34s6YQ2Z7kcRjsyy9FQ4A3s,padel
Ace Padel - Club de Padel à Évry (91),4 Av. du Bois de l'Épine,91080 Évry-Courcouronnes,Padel club,Europe/Paris,+33 1 83 63 93 12,"01 83 63 93 12, +33 1 83 63 93 12",Ace Padel - Club de Padel à Évry (91) (Owner),,,117,4.9,https://www.google.com/maps?cid=14515510425365403539,48.6269257,2.4068161,https://www.acepadel.info/,acepadel.info,https://lh3.googleusercontent.com/gps-cs-s/AG0ilSzxM3qSzr7GoTTLmCOlnmnG4cZr_LODkcO5rwaa4IepSP7S5RtGt_Ks1k8YimOjX_29EYKe3Q87efAcAlGKtqG3t-0YwsPW0u8mdCyfSn1G5iqxDSdMQNBjSokxcHWizm6gTSCP,ChIJIaPsy9Lf5UcRk1diTdNzcck,padel
Padel Arena,16 ZA du gros chêne,19 Rte de Dieppe,"Sports complex, Badminton club, Badminton court, Bar, Fitness center, Padel club, Padel court, Restaurant, Squash club, Squash court",Europe/Paris,+33 7 82 85 78 82,"07 82 85 78 82, +33 7 82 85 78 82",Padel Arena (Owner),,"facebook: https://www.facebook.com/padelarena
instagram: https://www.instagram.com/padel_arena
linkedin: https://www.linkedin.com/in/padel-arena-768946bb",204,4.8,https://www.google.com/maps?cid=2713598692476869438,49.5037812,1.1497911,https://www.padel-arena.com/,padel-arena.com,https://lh3.googleusercontent.com/gps-cs-s/AG0ilSwkrWUYawjTiIcySq_ksAmQ5voE_5vbelW72-sGeKh-R5mKnrRIRup6Ej4rw6_Vw_vziLvJOWvvTUduXPRevZ-sQW2hPP42B7jNRSvLWk77NoQPk1m9FQ5IUsBqaS8psNRYUgnKbg,ChIJHwowcKDc4EcRPlsMMKKjqCU,padel
NO AD PADEL CLUB,Zac Croix Blandin,9 Rue des Terres,Padel club,Europe/Paris,+33 6 66 44 63 49,"06 66 44 63 49, +33 6 66 44 63 49",NO AD PADEL CLUB (Owner),contact@noadpadelclub.fr,"facebook: https://www.facebook.com/noadpadelcub
instagram: https://www.instagram.com/noad_padelclub
linkedin: https://www.linkedin.com/company/no-ad-padel-club",37,4.9,https://www.google.com/maps?cid=3425033222218688968,49.2406779,4.0910118,https://noadpadelclub.fr/,noadpadelclub.fr,https://lh3.googleusercontent.com/p/AF1QipN5vRwrek4e_f6LtQCH7SVFrsEeE8xUNIF7a6ys,ChIJIRknfd936UcRyKlBqpEpiC8,padel
4PADEL Montreuil,156 Rue de la Nouvelle France,93100 Montreuil,Sports complex,Europe/Paris,+33 1 80 60 95 72,"01 80 60 95 72, +33 1 80 60 95 72",4PADEL Montreuil (Owner),"annemasse@4padel.fr,argenteuil@4padel.fr,bordeaux@4padel.fr,boulogne-billancourt@4padel.fr,saint-denis@4padel.fr,challans@4padel.fr,creteil@4padel.fr,dunkerque@4padel.fr,epinay@4padel.fr,seclin@4padel.fr,limoges@4padel.fr,marville@4padel.fr,metz.sud@4padel.fr,montreuil@4padel.fr,mulhouse@4padel.fr,orleans@4padel.fr,paris20@4padel.fr,reims@4padel.fr,saint-louis@4padel.fr,sudreunion@4padel.fr,strasbourg@4padel.fr,colomiers@4padel.fr,vaires.torcy@4padel.fr,rouen@4padel.fr","facebook: https://www.facebook.com/4PADELFrance
instagram: https://www.instagram.com/4padel
linkedin: https://www.linkedin.com/company/groupelefive
twitter: https://x.com/4PADELFrance",105,4.8,https://www.google.com/maps?cid=5367555117255177361,48.8606652,2.4650138,https://4padel.fr/,4padel.fr,https://lh3.googleusercontent.com/p/AF1QipM5zkJpy8M3S0DAQyxVLdAJ-eMs5IVmFSssvmRe,ChIJ0cyr7xwT5kcRkTRTzPBifUo,padel
PADELMAX95,11 Rue Marguerite Aumerle Batiment D - Cellule 3-4,95340 Persan,Padel club,Europe/Paris,+33 9 75 34 71 39,"09 75 34 71 39, +33 9 75 34 71 39",PADELMAX95 (Owner),padelmax95@gmail.com,,61,4.9,https://www.google.com/maps?cid=17761694297708781743,49.1508634,2.2574258,https://www.padelmax95.fr/,padelmax95.fr,https://lh3.googleusercontent.com/gps-cs-s/AG0ilSwsamuHAt99bi6qiXJxBrJaD7jbbmRfyHOA-6mDOYOvheXBE7JPwXnYB3TzD7L6dHWynQiYrjzjANvbRdxGmGlvrR6CMVxPIdxrzDWwW9a97XzlmIHIuqViy8tCkiuhauUKt2IFCw,ChIJ18Ld3w5b5kcRr2ADuNs2fvY,padel
Padel Football Club,15 Rue Denis Papin,95250 Beauchamp,Padel court,Europe/Paris,+33 1 39 78 64 03,"01 39 78 64 03, +33 1 39 78 64 03",Padel Football Club (Owner),,,76,4.6,https://www.google.com/maps?cid=12147014707679406217,49.0175597,2.1775182,http://padelfootball.club/,padelfootball.club,https://lh3.googleusercontent.com/gps-cs-s/AG0ilSx_QMK93y7K90kfEvkK8sltP708XaJggMrjpuweYq6XLfmGQ93eL4s5T_khe020Bt_DZgN4jWu1b9L0XYzEycqu-89U0sVPkH006_qnEOgKScHivOpZ8tAFpcWmbZslXNJ1AEBQ,ChIJ62K5YQBh5kcRiSit3ITdkqg,padel
PADEL AC Roissy,58 Rue de la Belle Étoile,93290 Tremblay-en-France,Sports club,Europe/Paris,+33 1 48 63 01 48,"01 48 63 01 48, +33 1 48 63 01 48",PADEL AC Roissy (Owner),,,15,4.7,https://www.google.com/maps?cid=17166892393217617241,48.9787442,2.5010171,http://www.padelac.fr/,padelac.fr,https://lh3.googleusercontent.com/gps-cs-s/AG0ilSwbrZQbbquOE1kd_DaSrt9O-pdQZ-YC3ntahl8nWfjNZkBcZ7bRj0SXE91Rlhud-flvWRYsV-3YyixxC-YjnSK0YpCRaUp2fvCM9VRw-SxNYcHiX1KPu_J5bB-eI4ozyJkuYwnVZUBnMwnV,ChIJlyTbEwAV5kcRWW0Xc60NPe4,padel
Casa Padel DOS,19 Rue du Jardin Modèle,92600 Asnières-sur-Seine,Sports club,Europe/Paris,+33 1 85 78 19 79,"01 85 78 19 79, +33 1 85 78 19 79",Casa Padel DOS (Owner),"saint-denis@casapadel.fr,asnieres@casapadel.fr,kingersheim@casapadel.fr,toulouse-st@casapadel.fr,vendenheim@casapadel.fr,commercial.saint-denis@casapadel.fr","facebook: https://www.facebook.com/centrecasapadel
instagram: https://www.instagram.com/casapadelsaintdenis,https://www.instagram.com/casapadelasnieres,https://www.instagram.com/casapadelkingersheim,https://www.instagram.com/casapadeltoulouse,https://www.instagram.com/casapadelvendenheim,https://www.instagram.com/groupecasapadel
linkedin: https://www.linkedin.com/company/casa-padel-uno
youtube: https://www.youtube.com/channel/UCew-Fy7mrGmNiWQ0wi-IBvQ",74,3.4,https://www.google.com/maps?cid=899185646279588636,48.9144067,2.3056859,https://casapadel.fr/,casapadel.fr,https://lh3.googleusercontent.com/gps-cs-s/AG0ilSzP9zfbFYlM2vgyiQouAyCn1_bO6KBC8kA_dErERaPorYTicfUyz5X8OLN2dIvN5yRjrQH9KmU-HG2mfRThy-rdc1pJQ72-ZOK30lAVgcU-yCbC9vx93ZWyIwiVEaae4vc_4SPDeg,ChIJS6HYUQ1v5kcRHPufyZSMegw,padel
PadelShot Saint-Quentin-en-Yvelines,7 Av. Roger Hennequin,78190 Trappes,Padel club,Europe/Paris,+33 6 89 16 73 70,"06 89 16 73 70, +33 6 89 16 73 70",PadelShot Saint-Quentin-en-Yvelines (Owner),"sqy@padelshot.fr,pierre.clemot@padelshot.fr","instagram: https://www.instagram.com/padelshot_saint_quentin,https://www.instagram.com/p
linkedin: https://www.linkedin.com/company/padelshot",11,5,https://www.google.com/maps?cid=17965323208298669853,48.7691073,1.9988067,https://saint-quentin-en-yvelines.padelshot.fr/,padelshot.fr,https://lh3.googleusercontent.com/p/AF1QipN4IN1LOlIaIBg2e1poCCJiGW2Sl9g_cWqHEAI,ChIJ1zyx9f2D5kcRHSe5CUamUfk,padel
Make it Padel,970 Rue de la Bergeresse,45160 Olivet,"Padel club, Bar, Snack bar",Europe/Paris,+33 2 38 47 71 55,"02 38 47 71 55, +33 2 38 47 71 55",Make it Padel (Owner),contact@makeitpadel.fr,"facebook: https://www.facebook.com/makeitpadel%20
instagram: https://www.instagram.com/makeitpadel
linkedin: https://www.linkedin.com/company/makeitpadel",53,5,https://www.google.com/maps?cid=9927319231913816799,47.8474537,1.9128332,https://www.makeitpadel.fr/,makeitpadel.fr,https://lh3.googleusercontent.com/gps-cs-s/AG0ilSw0DRMea91N9ZcnzwhFYUHa4GO4pj71kP4_2_soOvzX_bewyPE8L35lPUGwM7Gy9X99GbnO5W5ghidlLEOsivPzLjfbErm7WNVB2jXhIAB3p7vPzW6D73nJ1cBFIyf1tx2TQ1YV30umMTw,ChIJxeDySvvl5EcR33Ighj7sxIk,padel
4PADEL Marville - La Courneuve,51 Av. Roger Salengro,93120 La Courneuve,Padel club,Europe/Paris,+33 1 70 32 29 35,"01 70 32 29 35, +33 1 70 32 29 35",4PADEL Marville - La Courneuve (Owner),"annemasse@4padel.fr,argenteuil@4padel.fr,bordeaux@4padel.fr,boulogne-billancourt@4padel.fr,saint-denis@4padel.fr,challans@4padel.fr,creteil@4padel.fr,dunkerque@4padel.fr,epinay@4padel.fr,seclin@4padel.fr,limoges@4padel.fr,marville@4padel.fr,metz.sud@4padel.fr,montreuil@4padel.fr,mulhouse@4padel.fr,orleans@4padel.fr,paris20@4padel.fr,reims@4padel.fr,saint-louis@4padel.fr,sudreunion@4padel.fr,strasbourg@4padel.fr,colomiers@4padel.fr,vaires.torcy@4padel.fr,rouen@4padel.fr","facebook: https://www.facebook.com/4PADELFrance
instagram: https://www.instagram.com/4padel
linkedin: https://www.linkedin.com/company/groupelefive
twitter: https://x.com/4PADELFrance",88,4.1,https://www.google.com/maps?cid=8668030443788466498,48.9365158,2.3866021,http://www.4padel.fr/,4padel.fr,https://lh3.googleusercontent.com/p/AF1QipMLD-buGYtPqpNYWj_NO9rZWjxDQXcA0ySirSdD,ChIJ29_2MDNr5kcRQnlIcMMHS3g,padel
Padelshot Caen Mondeville Padel Et Badminton Bar Restaurant,6 Rue des Frères Lumière,14120 Mondeville,"Sports complex, Badminton court, Bar, Coworking space, Padel court, Pool billard club, Restaurant, Seminary, Table tennis facility",Europe/Paris,+33 7 68 14 85 69,"07 68 14 85 69, +33 7 68 14 85 69",Padelshot Caen Mondeville Padel Et Badminton Bar Restaurant (Owner),"caenmondeville@padelshot.fr,nathan.deslandes@padelshot.fr,nelson.petit@padelshot.fr","facebook: https://www.facebook.com/padelshotcaenmondeville
instagram: https://www.instagram.com/padelshot_caen_mondeville,https://www.instagram.com/p
linkedin: https://www.linkedin.com/company/padelshot",134,4.8,https://www.google.com/maps?cid=18280264939561820704,49.1568298,-0.3091582,http://www.caenmondeville.padelshot.fr/,caenmondeville.padelshot.fr,https://lh3.googleusercontent.com/p/AF1QipO3-ugJ-Ud0GJK6W7oMOYfHw5wBbscfA5l2D2Cm,ChIJa40sxGppCkgRICKcChyMsP0,padel
4PADEL Créteil,1 Rue le Corbusier,94000 Créteil,"Padel club, Sports club",Europe/Paris,+33 1 80 51 41 38,"01 80 51 41 38, +33 1 80 51 41 38",4PADEL Créteil (Owner),"annemasse@4padel.fr,argenteuil@4padel.fr,bordeaux@4padel.fr,boulogne-billancourt@4padel.fr,saint-denis@4padel.fr,challans@4padel.fr,creteil@4padel.fr,dunkerque@4padel.fr,epinay@4padel.fr,seclin@4padel.fr,limoges@4padel.fr,marville@4padel.fr,metz.sud@4padel.fr,montreuil@4padel.fr,mulhouse@4padel.fr,orleans@4padel.fr,paris20@4padel.fr,reims@4padel.fr,saint-louis@4padel.fr,sudreunion@4padel.fr,strasbourg@4padel.fr,colomiers@4padel.fr,vaires.torcy@4padel.fr,rouen@4padel.fr","facebook: https://www.facebook.com/4PADELFrance
instagram: https://www.instagram.com/4padel
linkedin: https://www.linkedin.com/company/groupelefive
twitter: https://x.com/4PADELFrance",57,4.4,https://www.google.com/maps?cid=2740917207361165073,48.7641541,2.4706335,https://4padel.fr/,4padel.fr,https://lh3.googleusercontent.com/p/AF1QipMIt6lyoHLt5ZZfusEmhWk6XJ2AomN6hd0k1h3x,ChIJGxrfs4gL5kcREZeEl62xCSY,padel
Urban Padel - Club de Padel Puteaux-Ile,1 All. des Sports,92800 Puteaux,Padel court,Europe/Paris,+33 1 79 36 38 50,"01 79 36 38 50, +33 1 79 36 38 50",Urban Padel - Club de Padel Puteaux-Ile (Owner),iledeputeaux@urbanpadel.fr,"facebook: https://www.facebook.com/UrbanPadel-112095204880843
instagram: https://www.instagram.com/urbanpadelfr",32,4.2,https://www.google.com/maps?cid=430826468097112954,48.8762619,2.243941,https://www.urbanpadel.fr/les-centres/ile-puteaux/,urbanpadel.fr,https://lh3.googleusercontent.com/p/AF1QipNGBIc1lygRuSM_g57dAEABUpDhwv2tySIVmFbH,ChIJ_dGMMjZl5kcRervD3mOa-gU,padel
Moret Padel,5 Rue des Vignes,77250 Moret-Loing-et-Orvanne,Sports club,Europe/Paris,+33 7 56 97 51 36,"07 56 97 51 36, +33 7 56 97 51 36",Moret Padel (Owner),"utilisateur@domaine.com,contact@citypadel.fr","facebook: https://www.facebook.com/p/MORET-PADEL-61573941748072
instagram: https://www.instagram.com/moretpadel
tiktok: https://www.tiktok.com/@city.padel1",24,5,https://www.google.com/maps?cid=4667840861737570141,48.3701163,2.8395262,https://moret-padel.fr/,moret-padel.fr,https://lh3.googleusercontent.com/p/AF1QipN36FKbNk3AikiV8sT_AAE1K30NvXbOR_A_I958,ChIJkxQgAABf70cRXc_rT4iAx0A,padel
Royal Padel Club,Trianon Palace,1 Bd de la Reine,Padel court,Europe/Paris,+33 7 56 81 10 11,"07 56 81 10 11, +33 7 56 81 10 11",Royal Padel Club (Owner),,,12,4.3,https://www.google.com/maps?cid=13535052886618268337,48.8093542,2.1314021,https://royalpadelclub.doinsport.club/,royalpadelclub.doinsport.club,https://lh3.googleusercontent.com/gps-cs-s/AG0ilSy12fctTlLbFUa9WS_9oeHB1NuekiZIt8necwZoIepkgJUgQvtHkIP8lZZ_gHYuDiZApBHkXpIHU_iuUWg-klq2JwNOgarIgMCQzhNHdhq_GjMTCVw5wB955GIVSvBlkSktctbI,ChIJWVIHPSd95kcRseIBe-Mq1rs,padel
Padel 95,29 Chau. Jules César,95300 Pontoise,Sports complex,Europe/Paris,+33 1 30 30 12 60,"01 30 30 12 60, +33 1 30 30 12 60",Padel 95 (Owner),contact@padel95.fr,"facebook: https://www.facebook.com/padel95
instagram: https://www.instagram.com/padel_95,https://www.instagram.com/p",67,4.6,https://www.google.com/maps?cid=14826221242945316255,49.0477337,2.0788481,https://padel95.fr/,padel95.fr,https://lh3.googleusercontent.com/gps-cs-s/AG0ilSwyofnTYjKxZ5aOmVlh0F_dEMJ8QekJ5cpHcz3wR8-7-HGx2IMo1sMRfq59JctMBBsDnuL5tYCCYKFeGy2T4eMYQ00hdoUxvsonU2WnNLFjxQfnDvVtUJh6dOoIRMx6z4XCXKYVHLUmtJtW,ChIJjz8ip-715kcRnyUb86pRwc0,padel
R Padel,377 Av. du Président Wilson,93210 Saint-Denis,Padel club,Europe/Paris,+33 6 18 82 60 03,"06 18 82 60 03, +33 6 18 82 60 03",R Padel (Owner),utilisateur@domaine.com,instagram: https://www.instagram.com/rpadelparis,5,5,https://www.google.com/maps?cid=14559514565164947459,48.9253216,2.3562911,https://www.rpadel.com/,rpadel.com,https://lh3.googleusercontent.com/p/AF1QipM_jSe-Fr0OG_eYUv5HLJjsgy9dlbKT7aNzh95K,ChIJAUE7FXFv5kcRA1jIflvJDco,padel
Home Padel,20 Rue Gutenberg,77100 Meaux,"Sports complex, Padel club, Padel court",Europe/Paris,+33 1 83 88 92 25,"01 83 88 92 25, +33 1 83 88 92 25",Home Padel (Owner),example@gmail.com,instagram: https://www.instagram.com/homepadelmeaux,83,5,https://www.google.com/maps?cid=16277126316535288073,48.9605204,2.9137276,https://www.home-padel.fr/,home-padel.fr,https://lh3.googleusercontent.com/gps-cs-s/AG0ilSx7GtrdhwpUmMGsmiJVW-qKPUI2ONhzUsrSmDTfloeQhVQwTXiPMGOoNPLyEcQVousuoSnGBfg5tPCJYItiYvhMWEyoAYcLjHXpo6_LLjPEnleU3dhn2w6IQ5paor3zmsL0c2AE,ChIJWdPM-bqh6EcRCZE_HSX44-E,padel
Vuelta Padel,17 All. des Rousselets,77400 Thorigny-sur-Marne,Padel club,Europe/Paris,+33 1 81 22 40 08,"01 81 22 40 08, +33 1 81 22 40 08",Vuelta Padel (Owner),padelloisir77@gmail.com,instagram: https://www.instagram.com/vuelta_padel,15,4.7,https://www.google.com/maps?cid=15546158225091500070,48.8960856,2.7169768,https://vueltapadel.fr/,vueltapadel.fr,https://lh3.googleusercontent.com/p/AF1QipNaotmfRXX-kaazQ2Uy_Tnsu9mmyp4kF6uEddot,ChIJB59q3zEb5kcRJpiY5IkMv9c,padel
2V2 Padel Club,1 Bd du Parisis ZAC des Bois Rochefort,95240 Cormeilles-en-Parisis,Padel club,Europe/Paris,+33 6 87 54 54 78,"06 87 54 54 78, +33 6 87 54 54 78",2V2 Padel Club (Owner),,"facebook: https://www.facebook.com/2v2Padel
instagram: https://www.instagram.com/2v2padelclub",17,4.9,https://www.google.com/maps?cid=4749571423852050869,48.9549688,2.1869589,http://www.2v2padel.com/,2v2padel.com,https://lh3.googleusercontent.com/p/AF1QipPMmTDiHz6YMoiF8qxby35uhBUa9ef8nPuXAf9T,ChIJW6Dwinxh5kcRtTkMsgve6UE,padel
Padel Amigos Club,Rue Rigaud,92200 Neuilly-sur-Seine,Padel club,Europe/Paris,+33 6 00 00 00 00,"06 00 00 00 00, +33 6 00 00 00 00",Padel Amigos Club (Owner),contact@padelamigosclub.com,"instagram: https://www.instagram.com/padelamigos
linkedin: https://www.linkedin.com/company/padel-amigos-club
twitter: https://x.com/padelamigos",6,5,https://www.google.com/maps?cid=11453172321332751338,48.8834433,2.2668979,https://padelamigosclub.com/,padelamigosclub.com,https://lh3.googleusercontent.com/p/AF1QipNQRM0BkE5NZy-kfh9pW-UokcjImfQD8fvl5d59,ChIJozLPIDJl5kcR6utfdIvX8Z4,padel
BADPAD,16 Rue du Dr Jean Charcot,91420 Morangis,Padel club,Europe/Paris,+33 9 61 24 94 86,"09 61 24 94 86, +33 9 61 24 94 86",BADPAD (Owner),contact@badpad.fr,instagram: https://www.instagram.com/badpad_morangis,14,4.9,https://www.google.com/maps?cid=7800517352199912267,48.6943535,2.3377682,https://badpad.fr/,badpad.fr,https://lh3.googleusercontent.com/gps-cs-s/AG0ilSw4e06T-eXB9xsCXL8yZKpwlPhKOvOAg99XQX177a7gFOVjyE1UWjVzIOdkJGFL_OrSqcpU7StC-S272vNMypXxg0XRVR6AVn2e8U3Ey7FeSqwvtepsUpcP03IotmNBUCfCl1K0JbA4ivqc,ChIJN9TRzgPZ5UcRS3sl8jMBQWw,padel
Espace Padel Argentan,145 rue réage des carrés,61200 Écouché-les-Vallées,Padel club,Europe/Paris,+33 2 33 39 83 35,"02 33 39 83 35, +33 2 33 39 83 35",Espace Padel Argentan (Owner),,"facebook: https://www.facebook.com/people/Espace-Padel-Argentan/61578867887860
instagram: https://www.instagram.com/espacepadelargentan
linkedin: https://www.linkedin.com/company/espace-padel-argentan",7,5,https://www.google.com/maps?cid=16627770435990814826,48.7262309,-0.0537803,https://espace-padel.com/,espace-padel.com,https://lh3.googleusercontent.com/p/AF1QipOw34o135LsgMq1ScMT2x72kDo5hsDTXB3-W_Jr,ChIJIelSj80BCkgRaoD5Ix21weY,padel
Urban Padel - Club de Padel Evry,3 Av. du Bois de l'Épine,91080 Évry-Courcouronnes,"Padel club, Padel court, Sports bar",Europe/Paris,+33 1 74 05 60 80,"01 74 05 60 80, +33 1 74 05 60 80",Urban Padel - Club de Padel Evry (Owner),evry@urbanpadel.fr,"facebook: https://www.facebook.com/UrbanPadel-112095204880843
instagram: https://www.instagram.com/urbanpadelfr",24,4,https://www.google.com/maps?cid=3190362200381910772,48.629018,2.4061598,https://www.urbanpadel.fr/les-centres/evry-courcouronnes/,urbanpadel.fr,https://lh3.googleusercontent.com/p/AF1QipPP0QHXmqMOSaTQJ4Hd8kFzwjMFHU3DsmueioJv,ChIJB0atyQjf5UcR9O6YmoRxRiw,padel
4PADEL Vaires Torcy,Rte de Torcy,77360 Vaires-sur-Marne,"Sports complex, Padel club, Pickleball court, Recreation center, Squash court, Tennis court",Europe/Paris,+33 1 72 84 75 03,"01 72 84 75 03, +33 1 72 84 75 03",4PADEL Vaires Torcy (Owner),"annemasse@4padel.fr,argenteuil@4padel.fr,bordeaux@4padel.fr,boulogne-billancourt@4padel.fr,saint-denis@4padel.fr,challans@4padel.fr,creteil@4padel.fr,dunkerque@4padel.fr,epinay@4padel.fr,seclin@4padel.fr,limoges@4padel.fr,marville@4padel.fr,metz.sud@4padel.fr,montreuil@4padel.fr,mulhouse@4padel.fr,orleans@4padel.fr,paris20@4padel.fr,reims@4padel.fr,saint-louis@4padel.fr,sudreunion@4padel.fr,strasbourg@4padel.fr,colomiers@4padel.fr,vaires.torcy@4padel.fr,rouen@4padel.fr","facebook: https://www.facebook.com/4PADELFrance
instagram: https://www.instagram.com/4padel
linkedin: https://www.linkedin.com/company/groupelefive
twitter: https://x.com/4PADELFrance",415,4.2,https://www.google.com/maps?cid=13390265348053727703,48.863919,2.6364162,https://4padel.fr/,4padel.fr,https://lh3.googleusercontent.com/p/AF1QipNoay4F5kxF6HSlbCFz_47T4UU4pFAlIsRO6NZS,ChIJBdsNo6Ya5kcR1_n2rmPH07k,padel
Urban Padel - Club de Padel Le Mans,27 Av. du Panorama,72100 Le Mans,Padel club,Europe/Paris,+33 2 52 22 02 40,"02 52 22 02 40, +33 2 52 22 02 40",Urban Padel - Club de Padel Le Mans (Owner),lemans@urbanpadel.fr,"facebook: https://www.facebook.com/UrbanPadel-112095204880843
instagram: https://www.instagram.com/urbanpadelfr",8,5,https://www.google.com/maps?cid=1460900243961479686,47.962904,0.2185836,https://www.urbanpadel.fr/les-centres/centre-padel-mans/,urbanpadel.fr,https://lh3.googleusercontent.com/p/AF1QipPLp4kZ3Q0vftLrDEnFLdkIJv4xzXSeB_9oaSL2,ChIJ7UljDaiP4kcRBgKbHQgpRhQ,padel
4PADEL Boulogne-Billancourt,1 Rue Victor Griffuelhes,92100 Boulogne-Billancourt,Padel club,Europe/Paris,+33 1 78 76 44 97,"01 78 76 44 97, +33 1 78 76 44 97",4PADEL Boulogne-Billancourt (Owner),"annemasse@4padel.fr,argenteuil@4padel.fr,bordeaux@4padel.fr,boulogne-billancourt@4padel.fr,saint-denis@4padel.fr,challans@4padel.fr,creteil@4padel.fr,dunkerque@4padel.fr,epinay@4padel.fr,seclin@4padel.fr,limoges@4padel.fr,marville@4padel.fr,metz.sud@4padel.fr,montreuil@4padel.fr,mulhouse@4padel.fr,orleans@4padel.fr,paris20@4padel.fr,reims@4padel.fr,saint-louis@4padel.fr,sudreunion@4padel.fr,strasbourg@4padel.fr,colomiers@4padel.fr,vaires.torcy@4padel.fr,rouen@4padel.fr","facebook: https://www.facebook.com/4PADELFrance
instagram: https://www.instagram.com/4padel
linkedin: https://www.linkedin.com/company/groupelefive
twitter: https://x.com/4PADELFrance",57,3.2,https://www.google.com/maps?cid=10877469836748427642,48.8299075,2.24208,https://4padel.fr/,4padel.fr,https://lh3.googleusercontent.com/p/AF1QipOarcM_VETAzzf5cSlFEjzQhqAuA4AhmwzvKN1P,ChIJv7H9thN75kcRepFqai-J9JY,padel
Mouratoglou Padel - Paris Ouest - Yvelines,2 Rte de Thiverval,78850 Thiverval-Grignon,Padel club,Europe/Paris,+33 1 34 89 38 36,"01 34 89 38 36, +33 1 34 89 38 36",Mouratoglou Padel - Paris Ouest - Yvelines (Owner),accueil@mouratoglou.com,instagram: https://www.instagram.com/liberty.country.club,22,4.4,https://www.google.com/maps?cid=18031525039352010868,48.8384332,1.9113937,https://www.libertycountryclub.fr/raquette/padel/,libertycountryclub.fr,https://lh3.googleusercontent.com/p/AF1QipPgpZE1CX_VO9rA9Hf5KMaFdSjm0hGh_hXVrr7o,ChIJAQDvRH6b5kcRdFgj-XzYPPo,padel
Padel@Le Club le Village,1 Rue Ondine,78180 Montigny-le-Bretonneux,Sports complex,Europe/Paris,,,Padel@Le Club le Village (Owner),,"facebook: https://www.facebook.com/clublevillagemontigny
instagram: https://www.instagram.com/clublevillagemontigny.ucpa",10,3.7,https://www.google.com/maps?cid=3504765441517552503,48.766805,2.026255,https://www.ucpa.com/centres-sportifs/montigny-le-bretonneux-club-le-village/padel,ucpa.com,https://lh3.googleusercontent.com/p/AF1QipN6Ncdy8tgQiEUHvAidCodeVFXGUjDlxvmSHnWF,ChIJd-GDQ0yB5kcRdwO4mpltozA,padel
US Pecq Tennis & Padel,3 Bd de la Libération,78230 Le Pecq,Roller skating club,Europe/Paris,+33 1 39 76 91 14,"01 39 76 91 14, +33 1 39 76 91 14",US Pecq Tennis & Padel (Owner),,,50,4.4,https://www.google.com/maps?cid=15072914279615363736,48.8917022,2.1092207,http://www.club.fft.fr/us.pecq,club.fft.fr,https://lh3.googleusercontent.com/gps-cs-s/AG0ilSyro_oz4CfF_B0HUjntnlxVpJsHNbkNEY9MzfyR9F3zJA6fBE_LnVoFZSN8LIUFapanbD_7Z2PArlQA9IWNLHRv2Ht57jHfWVezTJuP1RlooU9nISC9I7TlYfNvQAQnSvW632MqcA,ChIJU76MGoVi5kcRmPpidq2_LdE,padel
Club Sportif et Artistique Fort du Kremlin Bicêtre,Fort de,94270 Le Kremlin-Bicêtre,"Padel club, Sports club, Tennis club",Europe/Paris,+33 1 86 93 61 32,"01 86 93 61 32, +33 1 86 93 61 32",Club Sportif et Artistique Fort du Kremlin Bicêtre (Owner),,"facebook: https://www.facebook.com/Csafkb-Tennis-1057870840903607
instagram: https://www.instagram.com/csafkb_tennis",2,5,https://www.google.com/maps?cid=141935670359398393,48.806228,2.354684,http://csafkb.e-monsite.com/,csafkb.e-monsite.com,https://lh3.googleusercontent.com/gps-cs-s/AG0ilSxn4L2gB9PfmjgcX3iT0dmnRkNHQVJ92suiN5MOuUXx0sUy3D85PoU9CAOLirwbidJ1z7MBbEO6Z0IeTsZvphGKw0LgwgS82GivoR3741uT3zFBDG5lWziivTxKeH7EnBF_PCimaA,ChIJA2Hu1BVx5kcR-Ze6fL1B-AE,padel
Terrain de PADEL,26-28 Av. Georges Pompidou,92390 Villeneuve-la-Garenne,Padel court,Europe/Paris,,,Terrain de PADEL (Owner),,,1,5,https://www.google.com/maps?cid=12172592550861103493,48.942586,2.324799,,,https://lh3.googleusercontent.com/gps-cs-s/AG0ilSx3Q3xD9vGjVp0v3w6LaWDrlvxRetClC7POp9WZJL7zZjPG9qIMqwMeAYNKp_MYN3JaDU1b9aU0wc1z1TS7LDNOSwK6hJmhSh-STmZZjzrh-2tbavj3OlrlwDOF2DYS3WkjEQ2hZyVWf_4,ChIJ0StcdABp5kcRhWGkjW687ag,padel
Sportfield,4 Rue Maurice Bourdet,75016 Paris,"Padel court, Padel club, Sports club, Sports complex",Europe/Paris,,,Sportfield (Owner),"jean.maleyrat@sportfield.fr,contact@sportfield.fr","instagram: https://www.instagram.com/sport__field
linkedin: https://www.linkedin.com/company/87251673
twitter: https://x.com/Sportfieldfr",22,4.2,https://www.google.com/maps?cid=1951972278577852411,48.851219,2.278951,https://www.sportfield.fr/,sportfield.fr,https://lh3.googleusercontent.com/gps-cs-s/AG0ilSxwP1zhUTURyuTI44XkH9oNRGWdzMXEad1q1KsJy4C-JDTZbhBy8wgNCrkXyLbXvlv5jnjHqeY8TOjHi3L4a5cwf1NKwblSNyQR69eFz83UOKKHPU_pj9rVmivQtRNiJpT5_EKb1w,ChIJ_anqCkRx5kcR--8KBHLMFhs,padel
Let Padel Fleury,20 Rue André Dessaux,45400 Fleury-les-Aubrais,"Padel court, Bar, Fast food restaurant, Tapas bar",Europe/Paris,+33 2 18 69 32 22,"02 18 69 32 22, +33 2 18 69 32 22",Let Padel Fleury (Owner),,,9,4.9,https://www.google.com/maps?cid=1480451763098863888,47.9281944,1.8982341,https://www.letpadel.fr/,letpadel.fr,https://lh3.googleusercontent.com/p/AF1QipOEAGs8VI01k1yoWOlTPWDZ1gHJaQdb5_49JISL,ChIJpVjRjcP75EcREMmb5gifixQ,padel
Padelmax,Rue Marie Curie,60740 Saint-Maximin,Padel court,Europe/Paris,+33 3 44 25 33 94,"03 44 25 33 94, +33 3 44 25 33 94",Padelmax (Owner),,,23,4.9,https://www.google.com/maps?cid=10718184516243936368,49.2388472,2.4577875,https://footmax-saintmaximin.fr/,footmax-saintmaximin.fr,https://lh3.googleusercontent.com/p/AF1QipMXrSZPpPIg0gCX99RsGYoACxTaJ-S2bfSiCCwn,ChIJCTl91b1J5kcRcNTPtwekvpQ,padel
Padel Club Flavacourtois,10 Rue Saint-Nicolas,60590 Flavacourt,Sports club,Europe/Paris,,,Padel Club Flavacourtois (Owner),,,6,5,https://www.google.com/maps?cid=2262316316535121851,49.340223,1.8300669,,,https://lh3.googleusercontent.com/gps-cs-s/AG0ilSwG-vbjWLeZl-yvOXokr2uxhxIJmcWtbl6c1akEgIO3hMLxR9828kKln7ljoeUvIUZLJ1sLmQeK7YGw0Lx7K715T81-jjeEkMSAwfa9efpgHOVY4TuiIWezp7hgrPi9Br3vvjg7NwnXmdsZ,ChIJ5c_YNgDh5kcRu2elILRcZR8,padel
4PADEL Champigny,111 Rue Alexandre Fourny,94500 Champigny-sur-Marne,Padel court,Europe/Paris,+33 1 47 06 64 85,"01 47 06 64 85, +33 1 47 06 64 85",4PADEL Champigny (Owner),"annemasse@4padel.fr,argenteuil@4padel.fr,bordeaux@4padel.fr,boulogne-billancourt@4padel.fr,saint-denis@4padel.fr,challans@4padel.fr,creteil@4padel.fr,dunkerque@4padel.fr,epinay@4padel.fr,seclin@4padel.fr,limoges@4padel.fr,marville@4padel.fr,metz.sud@4padel.fr,montreuil@4padel.fr,mulhouse@4padel.fr,orleans@4padel.fr,paris20@4padel.fr,reims@4padel.fr,saint-louis@4padel.fr,sudreunion@4padel.fr,strasbourg@4padel.fr,colomiers@4padel.fr,vaires.torcy@4padel.fr,rouen@4padel.fr","facebook: https://www.facebook.com/4PADELFrance
instagram: https://www.instagram.com/4padel
linkedin: https://www.linkedin.com/company/groupelefive
twitter: https://x.com/4PADELFrance",17,3.8,https://www.google.com/maps?cid=18238943379054848449,48.8194266,2.5252567,https://4padel.fr/,4padel.fr,https://lh3.googleusercontent.com/p/AF1QipPiByerDgkmtR67gmfN4RVpufKqKXn0zwTBblE-,ChIJIXpsfHYN5kcRwekGg16-Hf0,padel
Padel LOB,1 Imp. de Grieu,14130 Pont-l'Évêque,Sports complex,Europe/Paris,+33 2 31 65 80 84,"02 31 65 80 84, +33 2 31 65 80 84",Padel LOB (Owner),padellob14@gmail.com,"instagram: https://www.instagram.com/padel__lob
linkedin: https://www.linkedin.com/company/padel-lob",21,5,https://www.google.com/maps?cid=10311927561347533186,49.2831,0.202481,https://padellob.fr/,padellob.fr,https://lh3.googleusercontent.com/p/AF1QipPR3sNNE7hbw3mkhkL0z0J7_RZ3fn9n67BlPJjY,ChIJJUPuAYnP4UcRggmua3tTG48,padel
PALATIUM Sport & Life,Lieu dit les Dames Blanches,zone de Décathlon,"Padel club, Sports club",Europe/Paris,+33 3 53 63 10 63,"03 53 63 10 63, +33 3 53 63 10 63",PALATIUM Sport & Life (Owner),contact@palatium-club.com,"instagram: https://www.instagram.com/palatium_club
linkedin: https://www.linkedin.com/in/didier-de-amorin",49,4.7,https://www.google.com/maps?cid=17433555177049858838,48.3305526,4.1024295,https://palatium-club.com/,palatium-club.com,https://lh3.googleusercontent.com/gps-cs-s/AG0ilSzOuC7F89ZJTf4ZoQQpgFybvb5xRL_o1MXsvWEGytcNHOj_k9UDfP7gojHfZRXaT3mikBaTPqy7c5Cfo0zjEgr9YuZgnrebj5aMeAcLzvgFTexFUMCE1NvRZDqZ4V6eqIolLFg,ChIJhaQecgCj7kcRFqM6DBFu8PE,padel
CSM section Paddle,24 Rue Arnold Géraux,93450 L'Île-Saint-Denis,Padel club,Europe/Paris,+33 6 49 42 94 04,"06 49 42 94 04, +33 6 49 42 94 04",CSM section Paddle (Owner),,,8,4.6,https://www.google.com/maps?cid=2681984735056686038,48.9404465,2.3374828,,,https://lh3.googleusercontent.com/gps-cs-s/AG0ilSzX8DhNr3venodq7cTvMCkc5bPDKn2QNWqnpjZeHAsh5IETTZ92zZ3PSNKfi3Kl3TA21Stdre2BkUToeaJ2vrgPIDxEP5ukCf_GOAEfbGkzQSnKVGHlZUHorTO2s7kSf3fwFFux,ChIJewDvsi1p5kcR1usSIuhSOCU,padel
HiLo Padel,14 Rue Yvan Tourgueneff,78380 Bougival,Sports club,Europe/Paris,,,HiLo Padel (Owner),,,,,https://www.google.com/maps?cid=6867281371162766835,48.8678165,2.1467203,,,https://streetviewpixels-pa.googleapis.com/v1/thumbnail?panoid=oi39PcGNA2cUnx_Xc2KVzQ&cb_client=search.gws-prod.gps&w=80&h=92&yaw=153.05525&pitch=0&thumbfov=100,ChIJtxzfrTVj5kcR823QzAV8TV8,padel
PADEL et TENNIS club de Germigny,Rue Degas,77910 Germigny-l'Évêque,"Tennis club, Padel club",Europe/Paris,+33 7 83 12 91 51,"07 83 12 91 51, +33 7 83 12 91 51",PADEL et TENNIS club de Germigny (Owner),,,85,4.8,https://www.google.com/maps?cid=3850479954928486956,48.9972597,2.9544388,,,https://lh3.googleusercontent.com/p/AF1QipO5jBBwrzWi3C2NJabhkSVsweDD4eg9VaUHY5TS,ChIJ8RBXFXGi6EcRLEpGSB6nbzU,padel
Le Passo,5 Rue René Cassin,28000 Chartres,"Sports complex, Bar, Fitness center, Padel club, Padel court, Seminary, Snack bar",Europe/Paris,+33 6 82 74 49 31,"06 82 74 49 31, +33 6 82 74 49 31",Le Passo (Owner),"utilisateur@domaine.com,passo.chartres@gmail.com",instagram: https://www.instagram.com/passoclub,32,4.9,https://www.google.com/maps?cid=9960070031848484893,48.4398912,1.5223404,https://www.padelpasso.com/,padelpasso.com,https://lh3.googleusercontent.com/p/AF1QipNIIRMyoYqhzWPmujrckCJJjKYo12YvY_U7ptOj,ChIJxZ9qQyAN5EcRHbBXWuxGOYo,padel
padel Club,10 Rue Gustave Eiffel,78710 Rosny-sur-Seine,Padel club,Europe/Paris,+33 1 30 98 65 11,"01 30 98 65 11, +33 1 30 98 65 11",padel Club (Owner),,,,,https://www.google.com/maps?cid=16089635041361928106,48.9949452,1.6488998,,,https://streetviewpixels-pa.googleapis.com/v1/thumbnail?panoid=755riJfQo-9RzSncncDiYw&cb_client=search.gws-prod.gps&w=80&h=92&yaw=337.4699&pitch=0&thumbfov=100,ChIJHzkDGLm55kcRqh8O1tLdSd8,padel
Tennis Padel Club de Magnanville,Pl. Pierre Mendès France,78200 Magnanville,Tennis club,Europe/Paris,,,Tennis Padel Club de Magnanville (Owner),,,21,4.7,https://www.google.com/maps?cid=14039569972962641643,48.969329,1.686251,,,https://lh3.googleusercontent.com/gps-cs-s/AG0ilSwuf9uduLjMWcKpofUOrmRneLRqWLW30GPQxmoCUZvCMKnPSkWcvIRyBEBzbw7hfaXUJZP-8OLSKrdExVEZr5WJCRDO7Z6I8P8VN_Y6sB7roXtUUZr3B6QuBEsMcA8ghWnE27SJEjQgPz_0,ChIJg6X9JJO-5kcR68atbYGS1sI,padel
Padel LESIGNY,77150 Lésigny,France,Padel court,Europe/Paris,,,Padel LESIGNY (Owner),,,10,3.8,https://www.google.com/maps?cid=5684253985742533567,48.7404399,2.6091544,,,https://streetviewpixels-pa.googleapis.com/v1/thumbnail?panoid=_svcPyhFfT02ruFaqVDEbQ&cb_client=search.gws-prod.gps&w=80&h=92&yaw=121.58222&pitch=0&thumbfov=100,ChIJ-8gLbIYJ5kcRvzNIMeKG4k4,padel
Carré Padel,70 Av. Albert Einstein,77550 Moissy-Cramayel,Padel court,Europe/Paris,+33 7 78 78 94 06,"07 78 78 94 06, +33 7 78 78 94 06",Carré Padel (Owner),,,2,5,https://www.google.com/maps?cid=4572979918617601981,48.619926,2.5716198,,,https://lh3.googleusercontent.com/p/AF1QipPr_R1OQIf_9kruD7qYmkBG27CwVru2bHcbzgWr,ChIJOzqUqjrj5UcRvWcy3gF9dj8,padel
Padel Paradise Le Mans,La Brosse,72700 Spay,Padel court,Europe/Paris,+33 2 43 28 49 38,"02 43 28 49 38, +33 2 43 28 49 38",Padel Paradise Le Mans (Owner),,"facebook: https://www.facebook.com/people/Padel-Paradise/61556650613290
instagram: https://www.instagram.com/padel_paradise_lemans",8,3.5,https://www.google.com/maps?cid=11199464690256948566,47.9352307,0.1631731,https://padel-paradise.fr/,padel-paradise.fr,https://lh3.googleusercontent.com/p/AF1QipMFGmE-GaZGjzhCMTexOxM-sbsA0Le8CVvZit-_,ChIJHQoZAeuF4kcRVq1Lacx9bJs,padel
UrbanPadel Lognes - Marne-la-Vallée,29 Rue de la Maison Rouge,77185 Lognes,Padel club,Europe/Paris,+33 1 83 61 61 80,"01 83 61 61 80, +33 1 83 61 61 80",UrbanPadel Lognes - Marne-la-Vallée (Owner),,"facebook: https://www.facebook.com/UrbanPadel-112095204880843
instagram: https://www.instagram.com/urbanpadelfr",3,5,https://www.google.com/maps?cid=14574502098510832797,48.8268364,2.6300186,https://www.urbanpadel.fr/les-centres/lognes/,urbanpadel.fr,https://lh3.googleusercontent.com/gps-cs-s/AG0ilSwftVBM3XJB6z06H9lOYr1nhREV3qzVsNxgRtBxi74wmY1F0odfl1AaQ7tNCZQieypxG7l0PiZq94PQwQpgl5bOglJsl6bwX9hEruc0ePm5XScbmTiwMcGjjjCc7RQinv_UsVr34NwKtDEv,ChIJw9GaMGMP5kcRnWTsh3AIQ8o,padel
Padel Arena - Saint Aubin sur Gaillon,1 Les Champs Chouette,27600 Saint-Aubin-sur-Gaillon,Sports complex,Europe/Paris,,,Padel Arena - Saint Aubin sur Gaillon (Owner),,,,,https://www.google.com/maps?cid=14563687234337759383,49.1429648,1.3111658,,,https://lh3.googleusercontent.com/p/AF1QipOCkoqwOFGmk1_yppq-YIHxf9nvvrj0RXmDzp-2,ChIJYc4LcOsz4UcRl-CXvmCcHMo,padel
Open Padel,10 Rue Bernard de Fontenelle,02000 Chambry,Padel court,Europe/Paris,+33 3 23 29 42 48,"03 23 29 42 48, +33 3 23 29 42 48",Open Padel (Owner),,,1,4,https://www.google.com/maps?cid=14051782375952085385,49.5899616,3.6509093,,,https://lh3.googleusercontent.com/p/AF1QipP1f6hzpyjVN4Cq_fGmoTSl89xx4nT0LJ_94LZ-,ChIJdbjsIbC16UcRifG3E5_1AcM,padel
Constructeur Padel,20 Rue de la Pointe,93230 Noisy-le-Sec,Padel court,Europe/Paris,+33 1 48 45 04 29,"01 48 45 04 29, +33 1 48 45 04 29",Constructeur Padel (Owner),contact@constructeur-padel.fr,linkedin: https://www.linkedin.com/in/florentin-doreau,2,5,https://www.google.com/maps?cid=1792031228334728199,48.8942404,2.4397672,https://www.constructeur-padel.fr/,constructeur-padel.fr,https://lh3.googleusercontent.com/p/AF1QipPVXd31ylb5vxyspwrSQzyiX5a-pH-68c66W58Z,ChIJfa9YJgBt5kcRB2RMV-iS3hg,padel
Padel Amigos,92100 Rue le Corbusier,92100 Boulogne-Billancourt,Sports club,Europe/Paris,,,Padel Amigos (Owner),,,,,https://www.google.com/maps?cid=1444252255521707344,48.8375028,2.2387936,,,https://lh3.googleusercontent.com/p/AF1QipOO3J4AgCSusbTWSwOYrtfz-G9CY8y-rwk0rfOj,ChIJEyRi_n975kcRUJVtQMYDCxQ,padel
WRC PADEL,3 Rue Johannes Kepler,78190 Trappes,Padel club,Europe/Paris,+33 7 59 54 07 69,"07 59 54 07 69, +33 7 59 54 07 69",WRC PADEL (Owner),,,22,4.9,https://www.google.com/maps?cid=9036877855942266447,48.7654991,1.9849776,https://wrcpadel.fr/,wrcpadel.fr,https://lh3.googleusercontent.com/gps-cs-s/AG0ilSyVufm06SsCJIvp4TPpVfSseiEnjzBw95bp4nPFJyEcPgkTcNvY4DslLkVZE-IF8xQD-7faRe-wQ4eDt9sf7ruvywDzVFWOvEnuHqnThHtbYque_mmMODvtQI__oYZWh_dF5mRXkbLQv7rS,ChIJWfItHQCD5kcRT04I0odwaX0,padel
Forest Hill - La Défense,9 Av. de la Liberté,92000 Nanterre,"Gym, Badminton club, Badminton court, Hammam, Padel club, Padel court, Sauna, Sports complex, Table tennis club, Tennis club",Europe/Paris,+33 1 47 24 67 67,"01 47 24 67 67, +33 1 47 24 67 67",Forest Hill - La Défense (Owner),,"facebook: https://www.facebook.com/ForestHill.fb
instagram: https://www.instagram.com/clubsforesthill
twitter: https://x.com/clubsforesthill",398,3.4,https://www.google.com/maps?cid=8313848755540142257,48.888326,2.2083021,http://www.forest-hill.fr/,forest-hill.fr,https://lh3.googleusercontent.com/gps-cs-s/AG0ilSyXQIo6nNEoc7pwJGnbLM7Rimx7Yw4T7dMeUhQ_M6EA2b79rJKydB9Hs48QcCFqmaHGJZ8b__V3WPDjMiJw1yOvjQp-HEuX3N-XhPQl8xiKAdHzF6L_gmpYXX3aGcXs-zCy8mP9vDFtizEs,ChIJzTqhapJk5kcRsShL_mS5YHM,padel
La Pommeraie - Padel Badminton,4 Chem. de Beauregard,14112 Biéville-Beuville,"Sports club, Badminton court, Padel court, Personal trainer, Pickleball court",Europe/Paris,+33 2 31 44 31 54,"02 31 44 31 54, +33 2 31 44 31 54",La Pommeraie - Padel Badminton (Owner),,"facebook: https://www.facebook.com/lapommeraiepadel
instagram: https://www.instagram.com/la_pommeraie_padel",69,4.8,https://www.google.com/maps?cid=9514012409484742790,49.2293142,-0.3305224,https://www.lapommeraie-padel.fr/,lapommeraie-padel.fr,https://lh3.googleusercontent.com/p/AF1QipOh1XNM4RErnCmL0WYoIhX10nRwJXNgMgy6raQ4,ChIJ0Wh1hpNnCkgRhhD_B-GPCIQ,padel
A.T. LES ULIS,6 Av. du Hoggar,91940 Les Ulis,"Tennis club, Sports club",Europe/Paris,+33 1 69 28 24 98,"01 69 28 24 98, +33 1 69 28 24 98",A.T. LES ULIS (Owner),,,22,4.5,https://www.google.com/maps?cid=14357167623464995795,48.6866302,2.2019495,https://tenup.fft.fr/club/57910403?utm_source=gmb,tenup.fft.fr,https://lh3.googleusercontent.com/p/AF1QipOQ_2yL5Gv10gHA1F6TWYO2n94OQlLGREk0yNUV,ChIJD1SOFJ3X5UcR08te0eLnPsc,padel
UCPA Sport Station Paris,28 All. Rose Dieng-Kuntz,75019 Paris,"Padel court, Athletic field, Badminton complex, Badminton court, Fitness center, Gym, Sports complex, Rock climbing, Rock climbing gym, Squash court",Europe/Paris,+33 9 75 18 11 80,"09 75 18 11 80, +33 9 75 18 11 80",UCPA Sport Station Paris (Owner),hello-paris19@ucpasportstation.com,"facebook: https://www.facebook.com/UCPA-Sport-Station-Paris-110361908206755
instagram: https://www.instagram.com/ucpa_sport_station_paris",320,4.4,https://www.google.com/maps?cid=682916550357921272,48.8960327,2.3717558,https://www.ucpa.com/sport-station/paris-19?utm_source=google&utm_medium=organic&utm_campaign=gmb-listing,ucpa.com,https://lh3.googleusercontent.com/gps-cs-s/AG0ilSyMQJ1UsGr7S3U7uUqHXX0OT0pvi-QtAVMfvo1BzLI2aUkToxzoaBOZ7LD4r1bESKOVencQ0jYkWjbm_FoURkrPUSspb2U5gnBm9Xw0hDnIeP3jRm5OfVIryb-P5iZ64BaKuZA_,ChIJD6Uqjntt5kcR-K1R-_s0egk,padel
Padel Up,26 Rue de l'Aubetin,77120 Coulommiers,Padel court,Europe/Paris,,,Padel Up (Owner),contact@padel-up.fr,"instagram: https://www.instagram.com/padel_up77
linkedin: https://www.linkedin.com/company/padel-up77",1,5,https://www.google.com/maps?cid=12432525797383859912,48.801991,3.0935,https://www.padel-up.fr/,padel-up.fr,https://lh3.googleusercontent.com/p/AF1QipND4sYg44PThsvUjUo30uvrsvz1aaBdqAmo-y0o,ChIJxQZhEmm36EcRyO7xpVc0iaw,padel
ASA TENNIS PADEL AGNETZ,60600 Agnetz,France,Tennis club,Europe/Paris,,,ASA TENNIS PADEL AGNETZ (Owner),,,19,4.5,https://www.google.com/maps?cid=2036175650564282406,49.3870964,2.3853299,http://www.club.fft.fr/as.agnetz-tennis/56600266_a/cms/index_public.php?us_action=show_note_site&login_off=1&ui_id_site=1,club.fft.fr,https://streetviewpixels-pa.googleapis.com/v1/thumbnail?panoid=WSDAxt3GeSKInAi3W2PAjQ&cb_client=search.gws-prod.gps&w=80&h=92&yaw=325.51584&pitch=0&thumbfov=100,ChIJtyzV1Kez50cRJhgvUPfyQRw,padel
Forest Hill - La Marche,1Bis Bd de la République,92430 Marnes-la-Coquette,"Fitness center, Gym, Hammam, Padel club, Padel court, Sauna, Soccer field, Tennis club, Tennis court",Europe/Paris,+33 1 47 41 13 68,"01 47 41 13 68, +33 1 47 41 13 68",Forest Hill - La Marche (Owner),,"facebook: https://www.facebook.com/ForestHill.fb
instagram: https://www.instagram.com/clubsforesthill
twitter: https://x.com/clubsforesthill",285,3.7,https://www.google.com/maps?cid=4177329278325759308,48.8349227,2.1664516,http://www.forest-hill.fr/,forest-hill.fr,https://lh3.googleusercontent.com/gps-cs-s/AG0ilSxXVw1Sm4fvOErPgagLubreId-N9qFpPIt-QHKP5GPtprHlAZzLqXcVHd-1xQ-WLGsN1av5Mm7ijox1qhUe-8yVli6vKP_P8J2GhnL4Y7Hz1WGElW9P18FBLRjTdY815FoT1fez,ChIJ5x1zBZV85kcRTB1yoNja-Dk,padel
Padel-Rsb-Tour,63 Av. du 18 Juin 1940,92500 Rueil-Malmaison,Sports complex,Europe/Paris,+33 7 68 85 24 46,"07 68 85 24 46, +33 7 68 85 24 46",Padel-Rsb-Tour (Owner),,,,,https://www.google.com/maps?cid=2831953471100612564,48.8682028,2.1932893,,,https://streetviewpixels-pa.googleapis.com/v1/thumbnail?panoid=NNOYwBTlvmsSzAOz-HFbGg&cb_client=search.gws-prod.gps&w=80&h=92&yaw=12.104083&pitch=0&thumbfov=100,ChIJd0V8X55l5kcR1O9iea0eTSc,padel
Infinite Padel Courts,9 Rue Gustave Eiffel,60000 Beauvais,Sports complex,Europe/Paris,+33 3 44 03 29 23,"03 44 03 29 23, +33 3 44 03 29 23",Infinite Padel Courts (Owner),infinitepadelcourts@gmail.com,"instagram: https://www.instagram.com/infinitepadelcourts
linkedin: https://www.linkedin.com/company/infinite-padel-courts",,,https://www.google.com/maps?cid=8224087926252281459,49.4136899,2.119216,https://infinitepadelcourts.com/,infinitepadelcourts.com,https://lh3.googleusercontent.com/p/AF1QipNwkPzjHCefOfgSJjHomvlaaUZJzx02IUsT0PaA,ChIJxY1mSw4H50cRc57YVWXUIXI,padel
Tennis Padel Bois Colombes,136 Rue de l'Abbé Jean Glatz,92270 Bois-Colombes,Sports club,Europe/Paris,+33 1 86 04 80 09,"01 86 04 80 09, +33 1 86 04 80 09",Tennis Padel Bois Colombes (Owner),,instagram: https://www.instagram.com/tennispadelboiscolombes,3,5,https://www.google.com/maps?cid=13602208014772627910,48.9232756,2.2700596,https://tpbc.fr/,tpbc.fr,,ChIJFWecn8Nl5kcRxml-MR_AxLw,padel
Au Fil des Courts,2 Rue Guy Boulet,60600 Breuil-le-Sec,Padel court,Europe/Paris,+33 6 79 44 45 24,"06 79 44 45 24, +33 6 79 44 45 24",Au Fil des Courts (Owner),aufildescourts@gmail.com,"facebook: https://www.facebook.com/aufildescourts
instagram: https://www.instagram.com/aufildescourts",10,4.3,https://www.google.com/maps?cid=14181948752004662477,49.381192,2.438622,https://www.aufildescourts.com/,aufildescourts.com,https://lh3.googleusercontent.com/p/AF1QipNQ5y648mdWB4igEY06XjI7IrT77qj91Gu4IzMs,ChIJo1YHm8y150cRzUQIMkBn0MQ,padel
Forest Hill - Versailles,11 Rue Exelmans,78000 Versailles,"Fitness center, Badminton club, Badminton court, Gym, Padel club, Padel court, Sauna, Squash club, Squash court",Europe/Paris,+33 1 39 53 09 09,"01 39 53 09 09, +33 1 39 53 09 09",Forest Hill - Versailles (Owner),,"facebook: https://www.facebook.com/ForestHill.fb
instagram: https://www.instagram.com/clubsforesthill
twitter: https://x.com/clubsforesthill",169,3.7,https://www.google.com/maps?cid=3311320445937734321,48.8136018,2.1251427,http://www.forest-hill.fr/,forest-hill.fr,https://lh3.googleusercontent.com/gps-cs-s/AG0ilSy7uKVPH0RfR0zUpAL1GrJ_RkUz1b8j8cbK3pM4D7aivquwwpObIMlK7f66UhOOn7z3XlyTG9wG3I8-Y3Y8zDCHWLVaCRsOxfIseaHfiI2Ayptpawesh57_7y1-SaTnKc3O-AyP,ChIJ059CUqR95kcRsVKbxWYs9C0,padel
Tennis Club de Paris,15 Av. Félix d'Herelle,75016 Paris,Tennis club,Europe/Paris,+33 1 46 47 73 90,"01 46 47 73 90, +33 1 46 47 73 90",Tennis Club de Paris (Owner),"contact@tennisclubdeparis.fr,jhaehnel@tennisclubdeparis.fr,fgonzalez@tennisclubdeparis.fr,cgoldie@tennisclubdeparis.fr","facebook: https://www.facebook.com/tennisclubdeparis
instagram: https://www.instagram.com/tennisclubdeparis
linkedin: https://www.linkedin.com/company/tennis-club-de-paris-tcp
twitter: https://x.com/TennisClubParis",149,4.5,https://www.google.com/maps?cid=13899465047666525913,48.8347397,2.257086,https://www.tennisclubdeparis.fr/,tennisclubdeparis.fr,https://lh3.googleusercontent.com/gps-cs-s/AG0ilSzFGXiSBqRxApFtOTFXO-utB1v1wQmhC4f7MdSqUXFeiwrLRJ96iRBZKYKfCy61X8q3aCKl5L-bOeEFxduSChIAN2BJakF2xOc0lhw4eiEk0_4rLI9JYYAkAVmvi4Bufoo1VkKniw,ChIJdfSB-ZR65kcR2QYfftHR5MA,padel
Padel de Guignicourt,9 Rue du Moulin,02190 Villeneuve-sur-Aisne,Sports club,Europe/Paris,,,Padel de Guignicourt (Owner),,,,,https://www.google.com/maps?cid=10996443878894651161,49.4400324,3.9631087,,,https://streetviewpixels-pa.googleapis.com/v1/thumbnail?panoid=i2qtODPiT9fsCqyQcxpkOw&cb_client=search.gws-prod.gps&w=80&h=92&yaw=341.50317&pitch=0&thumbfov=100,ChIJZSu3XQCj6UcRGccIOnI3m5g,padel
OSS Tennis Squash Badminton Padel Pickleball,Chem. des Luzernes,95110 Sannois,Sports complex,Europe/Paris,+33 1 34 10 98 42,"01 34 10 98 42, +33 1 34 10 98 42",OSS Tennis Squash Badminton Padel Pickleball (Owner),osstennis@wanadoo.fr,"facebook: https://www.facebook.com/OS.Sannois.Tennis.Squash.Badminton.Padel
instagram: https://www.instagram.com/os.sannois",445,4.6,https://www.google.com/maps?cid=15217438011935304807,48.9764459,2.2428978,https://www.ossannois.fr/,ossannois.fr,https://lh3.googleusercontent.com/gps-cs-s/AG0ilSyfdl5VNR8SPMZFcUGBqWsp7AQznMPx5GKVGGCGCUfHL9BgSU7TfF4rAhjYX37Chn8WeIPY6i1Ip5xVy_niRNNyW2BSXIp2WH9VxTPZOxY4T4XyCgJHgQQrqMTzNZ9jtdYAju4,ChIJPbFCC1Vm5kcRZyzuFD8zL9M,padel
Padel Ballainvilliers,9 Chem. de la Guy,91160 Ballainvilliers,Padel court,Europe/Paris,,,Padel Ballainvilliers (Owner),,,,,https://www.google.com/maps?cid=8865148880881401734,48.675272,2.299071,,,https://lh3.googleusercontent.com/p/AF1QipOtriilj6P8uKHQJireT4JfFHI0Iue_Awothfct,ChIJ81p7rK_Z5UcRhj_jBfBVB3s,padel
Tennis Club Padel du Pays de l'Ourcq (TC2PO ) et Dojo Frédérique Jossinet,Rue Louis Benoist,77440 Ocquerre,Sports club,Europe/Paris,+33 1 60 61 55 00,"01 60 61 55 00, +33 1 60 61 55 00",Tennis Club Padel du Pays de l'Ourcq (TC2PO ) et Dojo Frédérique Jossinet (Owner),sport@paysdelourcq.fr,"facebook: https://www.facebook.com/CCPaysOurcq
instagram: https://www.instagram.com/ccpaysourcq
linkedin: https://www.linkedin.com/company/73893777
youtube: https://www.youtube.com/channel/UC41WgfJdzXhk9bKPt7LVvOQ",4,4.5,https://www.google.com/maps?cid=15964036498779892551,49.024346,3.0334759,https://www.paysdelourcq.fr/mes-activites/les-equipements-sportifs/le-complexe-sportif-guy-michaux/,paysdelourcq.fr,https://lh3.googleusercontent.com/gps-cs-s/AG0ilSwfX2VoxA0giZycF1MiYpCAsD3wQUYnO4nN_8mI1V71_SAbqfPQM385RXln0ZCA2HsniwDRRS-zkL67TRFOho-CvE4VMyZJqpga5jMwy2z5H2HJnm5ydXV7SfsX2pqjQGgXTtMqNQ,ChIJCaPQ-_yX6EcRR2slU52mi90,padel
Padel Solutions | Constructeur Terrain Padel,20 Rue Villiers de L'Isle-Adam,60000 Beauvais,Padel court,Europe/Paris,+33 7 56 85 07 60,"07 56 85 07 60, +33 7 56 85 07 60",Padel Solutions | Constructeur Terrain Padel (Owner),,,,,https://www.google.com/maps?cid=14837577908404329580,49.4276325,2.0858437,https://padel-solutions.com/,padel-solutions.com,https://lh3.googleusercontent.com/p/AF1QipNScM51Wkx1uMSKkIOBlH-QAbOS86TdsAiQ68KO,ChIJnec1R4MB50cRbJyfrX6q6c0,padel
Verneuil Padel Club,Av. de la Forêt d'Halatte,60550 Verneuil-en-Halatte,Padel club,Europe/Paris,,,Verneuil Padel Club (Owner),,,,,https://www.google.com/maps?cid=959124373412651028,49.2632418,2.509976,,,https://streetviewpixels-pa.googleapis.com/v1/thumbnail?panoid=TyL5Fvfq0FCTbljEiFyHTw&cb_client=search.gws-prod.gps&w=80&h=92&yaw=242.25223&pitch=0&thumbfov=100,ChIJ6UtUCwA15kcRFCCuNIl-Tw0,padel
E.S. Massy Tennis,Rue Georges Mandel,91300 Massy,"Tennis club, Padel club, Sports club",Europe/Paris,+33 1 60 11 42 79,"01 60 11 42 79, +33 1 60 11 42 79",E.S. Massy Tennis (Owner),,,17,4.5,https://www.google.com/maps?cid=5368958259128761135,48.7364977,2.2532309,https://tenup.fft.fr/club/57910003,tenup.fft.fr,https://lh3.googleusercontent.com/gps-cs-s/AG0ilSzvcQcOYd0c6u-Rttz-pIkM6-786CPcOOy2ZfO1iY5n6SQUV2zVH6Wn9VNTFMJlihAD8RLDnkvH-SYeR2laYCjbmqE98AUgdE5CPOPb_gtBwSNs4ulS-KNvGxQq9McqRwv58kk,ChIJnZC3ptV55kcRL_tEORdfgko,padel
Terrains Padel,3 Rue de Montdidier,60120 Breteuil,Sports club,Europe/Paris,,,Terrains Padel (Owner),,,,,https://www.google.com/maps?cid=12320886421214513041,49.6297887,2.3002712,,,https://streetviewpixels-pa.googleapis.com/v1/thumbnail?panoid=7buaZX6TWkXu-7_tT0VY0Q&cb_client=search.gws-prod.gps&w=80&h=92&yaw=330.45294&pitch=0&thumbfov=100,ChIJU6jNcwCj50cRkcds1uuU_Ko,padel
TENNIS CLUB DE PONTOISE,18 Chem. de la Pelouse,95300 Pontoise,Sports club,Europe/Paris,+33 6 76 50 06 87,"06 76 50 06 87, +33 6 76 50 06 87",TENNIS CLUB DE PONTOISE (Owner),,,39,4.4,https://www.google.com/maps?cid=15556736861306686274,49.03747,2.095021,https://club.fft.fr/tc.pontoise/,club.fft.fr,https://lh3.googleusercontent.com/gps-cs-s/AG0ilSzopjsnI2wzD3ZbZC1OWW3eM0rxQ_z3ewQwIdt6k7KIitVGYmyyWFxHa0O_gFDYk96Dd44dY06gz5JdbTqtchIE1iJ3BjVW7LSmQRWYVA9rUVFKT5w6gdCYnb4WZNuT28LJGqdLGw,ChIJGXPRpjP15kcRQgtpksCh5Nc,padel
ASCA Tennis Padel,Rue de Coup de Pied,72000 Le Mans,"Tennis club, Sports club",Europe/Paris,+33 6 37 50 04 03,"06 37 50 04 03, +33 6 37 50 04 03",ASCA Tennis Padel (Owner),,,7,5,https://www.google.com/maps?cid=11368231131101104285,48.0321491,0.1689298,https://tenup.fft.fr/club/61720678,tenup.fft.fr,https://lh3.googleusercontent.com/gps-cs-s/AG0ilSwA0eZ48obzROQlUbuK2uFQDxC0iIyM2UsxxXt-DFxySuPxiWglgqmBK_YO7wUPLdZJWJfFn-9sAv_eFNaDr-TsMtSgeNTNV5ti1V19BhR8Ow1L4zhYEmfeIPqmIIUJlX5pOSoptQ,ChIJgXCAgqeJ4kcRnYjRdfsRxJ0,padel
T.C. BAILLY NOISY LE ROI,Stade du Sibano,Av. des Moulineaux,"Tennis club, Padel club",Europe/Paris,+33 1 34 62 63 13,"01 34 62 63 13, +33 1 34 62 63 13",T.C. BAILLY NOISY LE ROI (Owner),tcbaillynoisy@gmail.com,"facebook: https://www.facebook.com/tcbn.baillynoisy
instagram: https://instagram.com/tcbn_tennispadel_baillynoisy",47,4.5,https://www.google.com/maps?cid=6411202456315964530,48.8393626,2.0652364,https://tcbaillynoisy.fr/,tcbaillynoisy.fr,https://lh3.googleusercontent.com/p/AF1QipO2RAHPl0V3I3vnrrI5n7jNQQjyd-Q1YIlRvBaF,ChIJXTPvEUKH5kcRcizTf6oq-Vg,padel
Padel Deauville,22 Rue Raynaldo Hahn,14800 Deauville,Padel court,Europe/Paris,+33 6 26 99 09 96,"06 26 99 09 96, +33 6 26 99 09 96",Padel Deauville (Owner),,,,,https://www.google.com/maps?cid=8442222439291545222,49.3617795,0.0697713,,,https://streetviewpixels-pa.googleapis.com/v1/thumbnail?panoid=I9v4HJ7nrg8Vj6kDoSOQpA&cb_client=search.gws-prod.gps&w=80&h=92&yaw=232.40977&pitch=0&thumbfov=100,ChIJCTBtRQDV4UcRhubNaJTMKHU,padel
Unlock Padel,Chem. de la Bellerie,27260 Épaignes,Padel court,Europe/Paris,,,Unlock Padel (Owner),,,,,https://www.google.com/maps?cid=12768824491798129735,49.2834652,0.4271988,https://www.padel-epaignes.fr/,padel-epaignes.fr,https://lh3.googleusercontent.com/p/AF1QipNsnEveKbpfDIHXZVzOy4BlQ9T1zoI1kxB1b8Of,ChIJ6bmkcyy14UcRR2zvIDn6M7E,padel
Forest Hill - Aquaboulevard de Paris,4-6 Rue Louis Armand,75015 Paris,"Sports complex, Badminton court, Hammam, Padel club, Padel court, Sauna, Squash court, Table tennis facility, Tennis court",Europe/Paris,+33 1 40 60 10 00,"01 40 60 10 00, +33 1 40 60 10 00",Forest Hill - Aquaboulevard de Paris (Owner),,"facebook: https://www.facebook.com/ForestHill.fb
instagram: https://www.instagram.com/clubsforesthill
twitter: https://x.com/clubsforesthill",2418,3.3,https://www.google.com/maps?cid=12517982303680245612,48.8310432,2.2758336,http://www.forest-hill.fr/,forest-hill.fr,https://lh3.googleusercontent.com/p/AF1QipOtfS88lwkLEb4Kapqkxyb5aeZz1SUTO-MG_cuN,ChIJpYo1znVw5kcRbK98A5XOuK0,padel
Padel Solutions | Constructeur Terrains Padel,18 Rue de la Paix,92270 Bois-Colombes,Padel court,Europe/Paris,+33 7 56 83 50 86,"07 56 83 50 86, +33 7 56 83 50 86",Padel Solutions | Constructeur Terrains Padel (Owner),,,,,https://www.google.com/maps?cid=17715298690831899997,48.9155436,2.2738776,https://padel-solutions.com/,padel-solutions.com,https://lh3.googleusercontent.com/p/AF1QipPS5BVMIDxPKfTDj9l7u0yt09nlYFJfSWA5eFIV,ChIJVS3tALtl5kcRXV36tExi2fU,padel
Padel Institut,53 Rue du Gros Raisin,45100 Orléans,Sports club,Europe/Paris,,,Padel Institut (Owner),,,,,https://www.google.com/maps?cid=6991156321317118134,47.8881238,1.8874605,,,https://streetviewpixels-pa.googleapis.com/v1/thumbnail?panoid=5q9lSuvCkqAlzwF9nJ5Epg&cb_client=search.gws-prod.gps&w=80&h=92&yaw=61.33854&pitch=0&thumbfov=100,ChIJ4Wkh45rl5EcRtmBVLaKTBWE,padel
Club des Cedres,Le,Chem. de la Pecquenardière,"Sports complex, Athletic field, Badminton club, Padel club, Soccer club, Soccer field, Squash club",Europe/Paris,+33 2 43 89 63 95,"02 43 89 63 95, +33 2 43 89 63 95",Club des Cedres (Owner),,,411,4.4,https://www.google.com/maps?cid=5585347212273124643,48.0131759,0.2504251,http://lescedreslemans.net/,lescedreslemans.net,https://lh3.googleusercontent.com/gps-cs-s/AG0ilSxmPvHpGOsZwVdfaf-MOx_2QNIn6hV0SoXuY7KupRb02V8pPU-ipoBM1EIWBVuxdRbItKCHZN1ZQS4_j8YNAibn9Z5KcKNBC-p7vN8WECIQgMsg-sY3C9UnG5zwq7uHyB8dvHtf,ChIJTaad1VWJ4kcRIwXCdrIjg00,padel
Tennis padel noisy,11 Rue de la Fossé Verte,78590 Noisy-le-Roi,Sports club,Europe/Paris,,,Tennis padel noisy (Owner),,,,,https://www.google.com/maps?cid=8319759025855696151,48.8401574,2.0633334,,,https://streetviewpixels-pa.googleapis.com/v1/thumbnail?panoid=7Os6ZThLbVLR5AftbNspag&cb_client=search.gws-prod.gps&w=80&h=92&yaw=68.75813&pitch=0&thumbfov=100,ChIJARRVGACH5kcRF436CMG4dXM,padel
Inside Sport,8 Rue André François J Rieg,51100 Reims,"Padel court, Event venue, Sports complex, Soccer field, Sporting goods store",Europe/Paris,+33 3 26 35 89 11,"03 26 35 89 11, +33 3 26 35 89 11",Inside Sport (Owner),contact@insidesport.fr,"facebook: https://www.facebook.com/InsideSportReims
instagram: https://www.instagram.com/insidereims
linkedin: https://www.linkedin.com/company/inside-sport-reims",249,4.5,https://www.google.com/maps?cid=6734310662419596360,49.2307434,4.0793776,https://www.insidesport.fr/,insidesport.fr,https://lh3.googleusercontent.com/p/AF1QipPmmg9-b6IgkdhakmtBjS9sqmtiGvdvLr2SbUid,ChIJAQz10KJ26UcRSESlGN4TdV0,padel
Tennis Club Des Loges St Germain,3 Av. du Président John Fitzgerald Kennedy,78100 Saint-Germain-en-Laye,Tennis club,Europe/Paris,+33 1 34 51 44 01,"01 34 51 44 01, +33 1 34 51 44 01",Tennis Club Des Loges St Germain (Owner),club@tennisclubdesloges.fr,"facebook: https://www.facebook.com/tennisclubdesloges
instagram: https://www.instagram.com/tcdesloges",39,4.4,https://www.google.com/maps?cid=1864041855921304616,48.9129827,2.0829248,http://www.tennisclubdesloges.fr/,tennisclubdesloges.fr,https://lh3.googleusercontent.com/p/AF1QipO4CwpOFLtdQowOwURL0Tk6wRM3l6kCVJL5c3yh,ChIJW7GTqseJ5kcRKDSmHDFo3hk,padel
UCPA - Club Le Village Montigny,1 Rue Ondine,78180 Montigny-le-Bretonneux,"Padel court, Badminton court, Bar, Beach volleyball court, Sports complex, Snack bar, Soccer field, Squash court, Table tennis facility, Tennis court",Europe/Paris,+33 9 71 05 73 14,"09 71 05 73 14, +33 9 71 05 73 14",UCPA - Club Le Village Montigny (Owner),club-le-village@ucpa.asso.fr,"facebook: https://www.facebook.com/clublevillagemontigny
instagram: https://www.instagram.com/clublevillagemontigny.ucpa",273,4.3,https://www.google.com/maps?cid=9732108951365899920,48.7667203,2.0263974,http://bit.ly/40vPZhz,bit.ly,https://lh3.googleusercontent.com/p/AF1QipOr5BTpJFWd15zyeTpoUkb1lCBDAKqZYbsFrDcX,ChIJA6cEuiWB5kcRkFaQQYdlD4c,padel
Tennis Paddle Conflans,1 Rue de Stalingrad,78700 Conflans-Sainte-Honorine,"Tennis club, Sports complex, Tennis instructor",Europe/Paris,+33 1 39 19 65 25,"01 39 19 65 25, +33 1 39 19 65 25",Tennis Paddle Conflans (Owner),contact@tcconflans.fr,"facebook: https://www.facebook.com/tcconflans
instagram: https://instagram.com/tcconflans",14,4.7,https://www.google.com/maps?cid=16354154951971118237,48.994003,2.101831,http://tcconflans.fr/,tcconflans.fr,https://lh3.googleusercontent.com/p/AF1QipOvJMc2_Ehysn39a2KdyONL23k8vIBybeESivxH,ChIJVZNpYpuK5kcRnRzv4Ueh9eI,padel
Planète Raquettes,21 Rue Gambetta,77870 Vulaines-sur-Seine,"Padel court, Sporting goods store, Snack bar",Europe/Paris,+33 6 85 83 09 14,"06 85 83 09 14, +33 6 85 83 09 14",Planète Raquettes (Owner),,facebook: https://www.facebook.com/PlaneteRaquettes,58,4.9,https://www.google.com/maps?cid=13536444025575837997,48.4247398,2.7690043,http://www.planete-raquettes.fr/,planete-raquettes.fr,https://lh3.googleusercontent.com/p/AF1QipPVWAqLY3-_F6TTy5vxLK0BlKu1h8KoxdKITlxe,ChIJx_NI86T15UcRLRFoQh8c27s,padel
La Châtaigneraie Tennis & Padel,6 - 12 Av. de la Châtaigneraie,92500 Rueil-Malmaison,"Sports club, Club, Tennis court",Europe/Paris,+33 1 47 51 66 72,"01 47 51 66 72, +33 1 47 51 66 72",La Châtaigneraie Tennis & Padel (Owner),,,126,4.4,https://www.google.com/maps?cid=14727776428909758001,48.8613807,2.1729444,http://www.tennisclubdelachataigneraie.com/fr/page/,tennisclubdelachataigneraie.com,https://lh3.googleusercontent.com/gps-cs-s/AG0ilSym9juHSDdtCbX8_lPns5ReD9VHfZCOFd9YFA2b3azy8pdDjOtWty-wnSP5uWor7aVtEiJk9kkPwx81eXIDsmJQOobo7Sthqm3OZeh9FPXcizQwes_SCZUFO8yjQw7TK6GTF6JqSA,ChIJOS-8F-Zj5kcRMYaJiKGSY8w,padel
ASSOA Tennis,Bd Ducher,95310 Saint-Ouen-l'Aumône,"Tennis club, Padel club",Europe/Paris,+33 1 30 37 10 72,"01 30 37 10 72, +33 1 30 37 10 72",ASSOA Tennis (Owner),,,19,4.1,https://www.google.com/maps?cid=17501783982050619803,49.042228,2.103399,http://www.club.fft.fr/assoa-tennis,club.fft.fr,https://lh3.googleusercontent.com/p/AF1QipP_NhNQh1CMQgPAATSFKYSMj3DeeeFUWegYzc32,ChIJ3cwCgV315kcRm7G_oc3T4vI,padel
Tennis Padel Club La Ferté sous Jouarre,170 Rue du 8 Mai 1945,77260 Reuil-en-Brie,Tennis club,Europe/Paris,+33 1 60 22 11 14,"01 60 22 11 14, +33 1 60 22 11 14",Tennis Padel Club La Ferté sous Jouarre (Owner),tc.fertesousjouarre@fft.fr,"facebook: https://www.facebook.com/p/Tennis-Club-de-la-Fert%C3%A9-sous-Jouarre-100054449022274
instagram: https://www.instagram.com/tennis_padel_club_la_ferte",45,4.5,https://www.google.com/maps?cid=17321341550081895127,48.9524339,3.137864,https://tennis-club-la-ferte.fr/,tennis-club-la-ferte.fr,https://lh3.googleusercontent.com/p/AF1QipMVol9kNJyJvB5j1_Yj-rU0BoAeU8MM4o2QzynT,ChIJl0x1Jfq-6EcR12rYDV7EYfA,padel
Padel Trade,1 All. du Commandant Cousteau,14100 Lisieux,Padel court,Europe/Paris,+33 6 32 40 87 41,"06 32 40 87 41, +33 6 32 40 87 41",Padel Trade (Owner),utilisateur@domaine.com,"instagram: https://instagram.com/squarespace
twitter: https://x.com/squarespace",,,https://www.google.com/maps?cid=1121093706394125265,49.141817,0.27951,http://www.padel-trade.com/,padel-trade.com,https://lh3.googleusercontent.com/p/AF1QipO4gVO8XzAIQGChQYey1aweRVvS8bExoS8WW2Xv,ChIJSbE8XJfH4UcR0UOMQcnsjg8,padel