CREATED;TIMES;USER;WEEKDAYS;PLACES
07/03/2024;16:00 17:00 16:30 17:30;00PkXp5nu1eHrDKo4yXB;6 7 3;UrbanSoccer - Rennes Cap Malo-ChIJ-Ro0hr3nDkgRA0q2y4bBD30 UrbanSoccer Rennes Vern-ChIJS5VW0FUnD0gRUd2xV2pEeKY
25/02/2024;20:00 20:30 19:00 19:30 18:00 18:30 21:00 21:30;01QgzmXqkcutZzdNYIU9;1 2 5 4 3 6 7;Allianz Riviera-ChIJxXWpN-_RzRIR0-hEuFMBoOU By foot-ChIJYz1iXyDOzRIRSLYYLDIpmsc Stade du Ray-ChIJ-QMcU-PPzRIRLbYnzXedx48 ULTRA FABRON - PADEL et FOOTBALL-ChIJQdaRXN3RzRIRJ3lhGPRjQ2A Complexe sportif Sam Joubij-ChIJvzKXYf3EzRIRAuQ2kcYYsA4 Stade de l'Ouest-ChIJvblFMwzRzRIRo3CwghjAXYo Ogc Nice Football-ChIJgYEcApzRzRIRPPBbAQuJzGQ OGC Nice Stade Entrainement-ChIJvywHX5DRzRIRpg4sAp8eCM8 Mini Stade Falicon-ChIJxVYuxfHPzRIRzt3dOhvtUzw Stade Méarelli-ChIJKzA2DQXRzRIRZot3pNRyy58 UrbanSoccer - Villeneuve Loubet-ChIJVVVVEU3TzRIRX9_gbFDSBj0 Foot Korner Nice-ChIJAQBU-qfazRIRjkfaivBlSOU Complexe Sportif Municipal Vauban-ChIJxcqiVLXazRIRH4-XnCKuxes Cavigal Nice Sports Section Football-ChIJn0ctJzHFzRIRG9er_M0mtYQ Usonac Saint Roch Vieux Nice Football-ChIJN6ZNRbbFzRIRjbdXr5LHvTE Stade Nicolaï-ChIJ85Nr-y7QzRIRPMHIv9mZkdQ Foot Locker-ChIJh9PAuKfazRIRlt4JuiCkvJk Plateau Sportif Leclerc-ChIJzYMZdDnFzRIRghko4vhmEO4 Stade du Vallon des Fleurs-ChIJAy-VAF_FzRIRpDMo4NhhGHo Stade Saint-Roch-ChIJz5vYujDFzRIRc3Ea40SAfGI
03/03/2024;9:00 23:00;01XJcKnnbFbz10diBiRa;1 2 3 4 5 6 7;UrbanSoccer - Asnières-ChIJi5LkLT9v5kcRSlhScqEFNWs
04/02/2024;18:00 18:30 19:00 19:30 20:00 20:30;01t9IYlsYznmbzzhmtGU;2 1 7;LE FIVE Bezons-ChIJ71Mv0Wpk5kcRg-H9x7L-dXo
08/03/2024;9:00 9:30 10:00 10:30 11:30 11:00 12:00 12:30 13:00 13:30 14:00 14:30 15:00 15:30 16:00 16:30 17:00 17:30 18:00 18:30 19:30 19:00 20:30 21:30 21:00 20:00 22:00 22:30 23:00 23:30;02DkWO8KdgureMEb73Wc;1 2 3 4 5 6 7;UrbanSoccer Guyancourt-ChIJmdX-2c-A5kcRj1wtOS8rZmo
26/02/2024;9:00 9:30 10:30 10:00 11:30 11:00 12:00 12:30 13:30 13:00 14:00 14:30 15:30 15:00 16:00 16:30 17:30 17:00 18:00 18:30 19:30 19:00 20:00 20:30;06gNsl3Cvs97XzJl9mDb;1 2 3 4 5 6 7;Sport dans la Ville Rhône-Alpes-ChIJoUEDcmvr9EcRILCz6hDCQ2o F5 Foot Five-ChIJjUbM5G7A9EcRW3mlkrhyXxY We Are Sports-ChIJFZU5oBHC9EcRJTFrSkI1xxg UrbanSoccer - Lyon Parilly-ChIJx3FQWjLC9EcRrrQb2eV7i_4 LE 5 DE LEGENDE-ChIJAQNaA3nc9EcRYvB35x41mBs UrbanSoccer - Lyon Barolles-ChIJN4l-IC3v9EcRf9QJKIVC_aY LE FIVE OL-ChIJmz3whejH9EcR3j9ApNRukKE Sun Set Soccer-ChIJ-2jOt33D9EcRLZL2mS5Gvz4 Factory Sport Games-ChIJNcDntQGO9EcR3CbXF7xfc5o
09/03/2024;12:00 12:30 13:00 13:30 14:00 14:30 15:00 15:30 16:00 16:30 17:00 17:30 18:00 18:30 19:00 19:30;06y7KuEWOeMO9RTsTWXp;1 2 3 4 5 6 7;LE FIVE Montreuil-ChIJJdTQjr0T5kcRZmGxtIJVy44
23/02/2024;0,875;07iNXukozvfP3FstfVNg;1 2 3 4 6 7 5;Events Five-ChIJf8cSCJG5rhIRoQadPH-wW1U Play Soccer-ChIJQ-UxZn-5rhIRKWoQydM5T9s LE FIVE Colomiers-ChIJ8wxhgGexrhIRm698kMPQIRw Classico Foot-ChIJFV442oCxrhIRgsZy5aIbkNs
28/02/2024;20:00 19:30 19:00 18:30 18:00 17:30 17:00 16:30 16:00 15:30 15:00 14:00 14:30 13:30 13:00 12:30 12:00;0HpMk3oLkGvIrbu24Ymh;1 2 3 4 5 6 7;LE FIVE Montreuil-ChIJJdTQjr0T5kcRZmGxtIJVy44 UrbanSoccer - Puteaux-ChIJM_sC0-Nk5kcRhL1y_EFIje8 UrbanSoccer La Défense-ChIJh4rnfVhk5kcRV2Q-ZKdm8vA LE FIVE Champigny-ChIJsXi1PLYN5kcRTVVDuczgS2s LE FIVE Créteil-ChIJ88lx3VwL5kcRVxCh4lD6_Gk
13/02/2024;12:00 12:30 13:00 13:30 14:00 14:30 15:30 15:00 16:00 16:30 17:00 18:00 20:00 21:00 19:00 21:30 20:30 19:30 18:30 17:30;0I9TGykzLOUJQZEAHAvq;4 5 6 7;UrbanSoccer - Puteaux-ChIJM_sC0-Nk5kcRhL1y_EFIje8
03/02/2024;0,5;0KQOTX4IxjyBMXzHM1Rv;2 4;Halle Georges Carpentier-ChIJnXkSwCty5kcR-nlHXNFQlg4
01/03/2024;0,583333333;0L5E3CINRal7jLUozj32;6;GOPARK Pontoise-ChIJ2cJmdhf15kcRQ4mUOxIVzd0
04/03/2024;18:00 18:30 19:00;0Pjdsc61iS5uw8Pd9nel;1;LE FIVE Paris 13-ChIJ_bOSChhz5kcRZMTeq_6Gdzg UrbanSoccer - Quai d'Ivry-ChIJfXxYJ0xy5kcRw9xTkF6-FZQ
20/03/2024;9:00 9:30 10:30 10:00 11:00 11:30 12:30 12:00 13:00 13:30 14:30 14:00 15:00;0REhrBExXx0jFB82y8rb;6;UrbanSoccer La Défense-ChIJh4rnfVhk5kcRV2Q-ZKdm8vA UrbanSoccer - Puteaux-ChIJM_sC0-Nk5kcRhL1y_EFIje8 UrbanSoccer Meudon-ChIJ0WKvjbh75kcRoqSmyWwW2jQ Foot POWER 5-ChIJuTCIFshm5kcRBtEQJ76dAzc
12/03/2024;18:00 19:00 20:00 12:00 13:00 14:00 15:00 16:00 17:00 10:00 11:00;0RWgoK2gran8V4xQ184Z;5 6;LE FIVE Bezons-ChIJ71Mv0Wpk5kcRg-H9x7L-dXo UrbanSoccer La Défense-ChIJh4rnfVhk5kcRV2Q-ZKdm8vA UrbanSoccer - Puteaux-ChIJM_sC0-Nk5kcRhL1y_EFIje8 LE FIVE Carrières-sous-Poissy-ChIJ9T4fWfyL5kcRCBX-FyZLvEE UrbanSoccer Guyancourt-ChIJmdX-2c-A5kcRj1wtOS8rZmo LE FIVE Paris 17-ChIJ7eI8sFNv5kcR5xy52Wc57NU GOPARK Pontoise-ChIJ2cJmdhf15kcRQ4mUOxIVzd0 LE FIVE Paris 13-ChIJ_bOSChhz5kcRZMTeq_6Gdzg Foot-Max Argenteuil-ChIJi9oIzaRm5kcRJYcK7QsdRMU Foot POWER 5-ChIJuTCIFshm5kcRBtEQJ76dAzc UrbanSoccer - Asnières-ChIJi5LkLT9v5kcRSlhScqEFNWs
19/03/2024;23:30 23:00 22:30 22:00 21:30 21:00 20:30 20:00;0Ueji7qbgHb4Lv940F2D;1 2 3 4 6 5 7;LE FIVE Bobigny-ChIJV8UONORs5kcRXxR5Qd7x130
03/03/2024;0,791666667;0V52eGr8XFpKcbA01iy1;7;B14 - Sports et Loisirs Indoor-ChIJaeLKMYXe5UcRHyWJ8X8FaPA UrbanSoccer Evry-ChIJW0Ut1G7e5UcRt621n2fRQ5M
15/02/2024;23:30 23:00 22:00 22:30 21:00 21:30 20:00 20:30 19:00 19:30 18:00 18:30 17:00 17:30 16:00 16:30 15:00 15:30 14:00 14:30 13:00 13:30 12:00 12:30 11:00 11:30 10:00 10:30 9:00 9:30;0WCW1wfp2N6BFz55Kklj;1 2 3 4 5 6 7;UrbanSoccer - Porte d'Aubervilliers-ChIJ0dXjDCZs5kcRvX0EpMwxsUY UrbanSoccer - Asnières-ChIJi5LkLT9v5kcRSlhScqEFNWs UrbanSoccer La Défense-ChIJh4rnfVhk5kcRV2Q-ZKdm8vA UrbanSoccer - Puteaux-ChIJM_sC0-Nk5kcRhL1y_EFIje8
12/02/2024;13:00 13:30 14:00 14:30 15:00 15:30 16:00 16:30 17:00 17:30 18:00 18:30 19:00 19:30 20:00 20:30 21:00 21:30 22:00 22:30 9:00 9:30 10:00 10:30 11:00 12:00 11:30 12:30;0f73xg0Th6QXUqYMQpqS;6;Stade Olympique Yves du Manoir-ChIJYeUIntpl5kcRZsN35flVVAY
08/02/2024;0,5;0fqNFlCJOu5LLuC2W24F;3;UrbanSoccer Meudon-ChIJ0WKvjbh75kcRoqSmyWwW2jQ
17/03/2024;12:00 12:30;0h2tDSteHzWA29eeOL7S;2 4;UrbanSoccer - Toulouse Montaudran-ChIJl772e0u8rhIR2foRX4Xa2CI
02/02/2024;0,708333333;0jDjMz30bG9MfX1A6WBs;4;LE FIVE Paris 17-ChIJ7eI8sFNv5kcR5xy52Wc57NU
01/03/2024;11:00 11:30 12:00 12:30 13:00 13:30 14:00 14:30 15:00 15:30 16:00 16:30 17:00 17:30 10:00 18:00 18:30 19:00 19:30 20:00 20:30 21:00 21:30 22:00;0jptK9MZR9JZAPbJxVOg;1 2 3 4 5 6 7;Massilia Foot Indoor 2-ChIJxZ6UmMW-yRIRfYNGGPPJfIU Le 13 - Foot en salle - Marseille-ChIJR62kUm_ByRIRDnGQqGCeUVQ STADIUM FOOT 5 VILLAGE-ChIJbbOWFtC4yRIR0WXVerbWmnE Le Mercato FOOT INDOOR-ChIJzRK7HJy_yRIRqEreyEiAfC0 Massilia Five-ChIJxZ6UmMW-yRIR7ot5DChYj4w MONCLUB 2.0-ChIJv9owGLm-yRIRfuDnd3G6nR4 FOOT INDOOR Marseille-ChIJ41AMCxC8yRIRLHLGt11sc-U Evolution Football-ChIJX0YulIi8yRIRnGh62u3UXTQ Game 13 foot indoor-ChIJNSDvlsXryRIRUXao9hwB79I Monclub Futbol-ChIJGbxxaamUyRIRgGvhHnhJStA LE FIVE Vitrolles-ChIJi4A-IrHoyRIRunoYLEGNeYI
06/02/2024;10:00 11:00 12:00 13:00 14:00 15:00 16:00 17:00 18:00 19:00 20:00 21:00 10:30 11:30 12:30 13:30 14:30 15:30 16:30 17:30 18:30 19:30 20:30 21:30 22:00;0kGqbMd4MaHLQyc6c76d;1 2 3 4 5 6 7;UrbanSoccer - Marne-La-Vallée-ChIJ6bDBiosP5kcROXiloHzSdhc Top Ten-ChIJfXprBx4b5kcRmhe-5pLZUek
27/02/2024;20:00 19:00 19:30 20:30 21:00 21:30;0ko1wjmjzgLiApVNsjVP;3;FOOT IN FIVE-ChIJoUR0syFp5kcRUlStnwluaYY LE FIVE Sarcelles-ChIJ6_q3Fxhq5kcRCpoEwnoXX1Q BIG5-ChIJsb_7TJFp5kcRSPL5VqZulr4
02/03/2024;20:00 21:00;0mu7eDJpLRFUcUolGpZ5;2 4;UrbanSoccer - Toulouse Sept Deniers-ChIJk5nUBdOkrhIRP-1aUJzo-lA UrbanSoccer - Toulouse Montaudran-ChIJl772e0u8rhIR2foRX4Xa2CI LE FIVE Colomiers-ChIJ8wxhgGexrhIRm698kMPQIRw Play Soccer-ChIJQ-UxZn-5rhIRKWoQydM5T9s Events Five-ChIJf8cSCJG5rhIRoQadPH-wW1U
01/03/2024;19:00 20:00 21:00 22:00 23:00 19:30 20:30 21:30 22:30 23:30;0nWHG6mFxcMAxFXMdvZE;5;UrbanSoccer - Quai d'Ivry-ChIJfXxYJ0xy5kcRw9xTkF6-FZQ
08/03/2024;0,875;0o7aIqJe8NP99ayJb7G7;5 6 7;Foot-Max Argenteuil-ChIJi9oIzaRm5kcRJYcK7QsdRMU
13/03/2024;0,75;0uNzPJ264tkec9j1KTVJ;3;Game 13 foot indoor-ChIJNSDvlsXryRIRUXao9hwB79I
10/03/2024;11:00 10:00;0y1asfqNUKbjqzfbPORZ;2 1;LE FIVE Morangis-ChIJA4uAhOXZ5UcRp-vZXZP-ovY LE FIVE Paris 13-ChIJ_bOSChhz5kcRZMTeq_6Gdzg LE FIVE Créteil-ChIJ88lx3VwL5kcRVxCh4lD6_Gk VERSUSFOOT Thiais-ChIJn2R2NT905kcRjqB29qldBxk Speed Soccer Five-ChIJ2xTNglV25kcR3UDi4AXGfDU B14 - Sports et Loisirs Indoor-ChIJaeLKMYXe5UcRHyWJ8X8FaPA
03/03/2024;10:00 10:30 11:00 11:30 12:00 12:30 13:00 13:30 14:00 14:30 15:00 15:30 16:00 16:30 17:00 17:30 18:00 18:30 19:00 19:30 20:00;0zoYhmgdPZQaAANBIkBR;1 5 7;UrbanSoccer Bordeaux-Pessac-ChIJTZ1wTCnZVA0Ra5hHoMEPn3I Bordeaux Soccer-ChIJCRHQufUoVQ0RmXgf8oHOE08 Futbol Futbol Artigues-ChIJZziKe5cvVQ0R5tJa9BeDd8o LE FIVE Bordeaux-ChIJteaBh_koVQ0RqH2VtN-qL5I
27/02/2024;20:00 19:00 19:30 20:30 21:00;14PRSHp89uAIHmtbUUee;3 5;LE FIVE Bezons-ChIJ71Mv0Wpk5kcRg-H9x7L-dXo Foot-Max Argenteuil-ChIJi9oIzaRm5kcRJYcK7QsdRMU UrbanSoccer La Défense-ChIJh4rnfVhk5kcRV2Q-ZKdm8vA
26/02/2024;0,791666667;1AFCGshNh0FizPAQiu1k;2 4;UrbanSoccer - Quai d'Ivry-ChIJfXxYJ0xy5kcRw9xTkF6-FZQ
28/02/2024;18:00 19:00 20:00 21:00;1BIirGWrMEJ3PXIclxnA;4 3 5;LE PARK Servon-ChIJMU8gErUJ5kcRSnpvacKwFtM
18/02/2024;17:00 16:00 18:00 19:00 20:00 21:00 22:00 16:30 17:30 18:30 19:30 20:30 21:30;1DmxTh8UDz9chkly4UpO;1 2 3 4 5 6 7;Foot-Max Argenteuil-ChIJi9oIzaRm5kcRJYcK7QsdRMU Foot POWER 5-ChIJuTCIFshm5kcRBtEQJ76dAzc
08/03/2024;14:00 14:30 15:00 15:30 16:00 16:30 17:00 17:30 18:00 18:30 19:30 19:00 20:30 20:00 21:30 21:00 22:00 22:30;1H5y6yCuWNGSnOiydNtl;1 2 3 4 5 6 7;L’arena 25-ChIJ71LolYsXkkcR7VdcRrTaovo
19/03/2024;18:30 19:00 19:30;1IOyCjk9dUAmSD4ZtnXp;1 2 3 4 5;UrbanSoccer Evry-ChIJW0Ut1G7e5UcRt621n2fRQ5M LE PARK Servon-ChIJMU8gErUJ5kcRSnpvacKwFtM B14 - Sports et Loisirs Indoor-ChIJaeLKMYXe5UcRHyWJ8X8FaPA
02/02/2024;13:00 12:30;1IbLHkJopTaCkJ5wDIVQ;5;LE FIVE Paris 17-ChIJ7eI8sFNv5kcR5xy52Wc57NU LE FIVE Paris 18-ChIJPVT4_n1u5kcRzji6FdTBXXo UrbanSoccer - Porte d'Aubervilliers-ChIJ0dXjDCZs5kcRvX0EpMwxsUY UrbanSoccer - Asnières-ChIJi5LkLT9v5kcRSlhScqEFNWs
23/02/2024;9:00 9:30 10:00 10:30 11:00 11:30 12:00 12:30 13:00 13:30 14:00 14:30 15:00 15:30 16:30 16:00 17:00 17:30 18:30 19:00 20:30 19:30 18:00 21:00 20:00 21:30 23:00 22:00 22:30 23:30;1IxsaKn7oFMCpGRnsBxR;1 2 3 4 5 6 7;UrbanSoccer - Lille Lezennes-ChIJR3ro5nTWwkcRfM_S3Be9HjI Spot FUTSAL-ChIJwdUawmfVwkcRaNLo_CmNii0
23/02/2024;0,75;1JSEm3VV5yHd7YqvDDCW;3 7 6;LE FIVE Reims-ChIJad8c0qR16UcRMPDMaa34XJ8
19/03/2024;10:00 11:00 12:00 13:00 14:00 9:00 15:00;1PVenIHciKrygg2f6u97;1 2 3 4 7;Five Pizza Original - Issy les Moulineaux-ChIJ4yj4Le5x5kcRB6yo1ZhfC0I FC ISSY-ChIJpcE1CoV65kcRuwjI9KaIg6E Stade de l'Ile Billancourt-ChIJ_VzHyPZ65kcRie3KTzFg37c GPSO 92 Issy-ChIJJY_9CoV65kcRFetH1cQZUgw Cité des Sports-ChIJ70UPf6R75kcRGb3NAV9k7Ww
24/02/2024;0,791666667;1ZacEgx7QhFHzsLJkctC;2;Monclub Futbol-ChIJGbxxaamUyRIRgGvhHnhJStA
23/02/2024;0,708333333;1dQMAoiWdxbQY2ZRVepQ;5 6 7;UrbanSoccer - Quai d'Ivry-ChIJfXxYJ0xy5kcRw9xTkF6-FZQ UrbanSoccer - Porte d'Aubervilliers-ChIJ0dXjDCZs5kcRvX0EpMwxsUY LE FIVE Paris 17-ChIJ7eI8sFNv5kcR5xy52Wc57NU LE FIVE Champigny-ChIJsXi1PLYN5kcRTVVDuczgS2s
15/03/2024;12:00 12:30 13:30 13:00 14:00 14:30 15:30 15:00 16:30 16:00 17:00 17:30;1eYPI8Fhiq3XHSryJ8bY;2 1 3 4 5 6 7;UrbanSoccer Guyancourt-ChIJmdX-2c-A5kcRj1wtOS8rZmo UrbanSoccer Meudon-ChIJ0WKvjbh75kcRoqSmyWwW2jQ
04/03/2024;16:00 16:30 17:00 17:30 18:00;1k42nNKWRU4uoR5mT7YB;6;LE FIVE Paris 18-ChIJPVT4_n1u5kcRzji6FdTBXXo LE FIVE Paris 17-ChIJ7eI8sFNv5kcR5xy52Wc57NU
14/03/2024;18:30 19:00 19:30 20:30 20:00 21:00 22:00 22:30 23:00 21:30 23:30;1lFvH7J4VsrYH9622oDQ;1 3 2 5 6 4 7;UrbanSoccer Evry-ChIJW0Ut1G7e5UcRt621n2fRQ5M B14 - Sports et Loisirs Indoor-ChIJaeLKMYXe5UcRHyWJ8X8FaPA LE FIVE Morangis-ChIJA4uAhOXZ5UcRp-vZXZP-ovY LE FIVE Créteil-ChIJ88lx3VwL5kcRVxCh4lD6_Gk Stadium Thiais-ChIJ64X9jzx05kcRsHvSfOv6UcA
09/03/2024;21:30 21:00 20:00 20:30 19:30 19:00 18:00 18:30 17:30 17:00 16:00 16:30 15:30 15:00 14:00 14:30 13:30 13:00 12:00 12:30 11:30 11:00;1p16GhrYtTIra3Z72YyT;1 2 3 4 5 6 7;UrbanSoccer - Montpellier-ChIJVXFMq4ylthIRtrZPBHOMTAc Insport Montpellier - Près d'arènes-ChIJJWIca-qvthIRHxcGJpAq4kA
15/03/2024;21:00 22:00 23:00 21:30 22:30 23:30;1q2IhzAlVQ8iZvnhOz5C;1 2 3 4 5 6 7;UrbanSoccer - Toulouse Sept Deniers-ChIJk5nUBdOkrhIRP-1aUJzo-lA UrbanSoccer - Toulouse Montaudran-ChIJl772e0u8rhIR2foRX4Xa2CI Play Soccer-ChIJQ-UxZn-5rhIRKWoQydM5T9s
03/03/2024;0,6875;1ru99KEenL7d2eF7K2sL;1 2 3 4;LE 5 DE LEGENDE-ChIJAQNaA3nc9EcRYvB35x41mBs F5 Foot Five-ChIJjUbM5G7A9EcRW3mlkrhyXxY UrbanSoccer - Lyon Parilly-ChIJx3FQWjLC9EcRrrQb2eV7i_4 We Are Sports-ChIJFZU5oBHC9EcRJTFrSkI1xxg LE FIVE OL-ChIJmz3whejH9EcR3j9ApNRukKE Sun Set Soccer-ChIJ-2jOt33D9EcRLZL2mS5Gvz4 Sport dans la Ville Rhône-Alpes-ChIJoUEDcmvr9EcRILCz6hDCQ2o
10/03/2024;18:00 19:00 20:00 21:00;1uoKuAxYMXteHSF87hml;5;LE FIVE Paris 17-ChIJ7eI8sFNv5kcR5xy52Wc57NU
13/03/2024;17:30 18:00 18:30 19:00 19:30 20:00;1wU6hlMo6m837I1nN7Bz;1 2 3 4 5;Stadium Thiais-ChIJ64X9jzx05kcRsHvSfOv6UcA
19/03/2024;14:00 13:00 13:30;1xATynmDuliJQcTTPFQh;6;Parc Charles Fenain-ChIJtSLAPQrMwkcReSd0ChE_7J0
16/03/2024;0,708333333;24gcfd5UZ9QoRasQXj44;7;UrbanSoccer - Porte d'Aubervilliers-ChIJ0dXjDCZs5kcRvX0EpMwxsUY
17/03/2024;9:00 9:30 10:00 10:30 11:00 11:30 12:00 12:30 13:00 13:30 14:00 14:30 15:00 15:30 16:00 16:30 17:00 17:30 18:00 18:30 19:00 19:30 20:00 20:30 21:00 21:30 22:00 22:30 23:00 23:30;27yQqjqYAGfjDcARh4aX;1 2 3 4 5 6 7;LE FIVE Marville - La Courneuve-ChIJ2dHdMZxr5kcR0aKYHYsp0pY LE FIVE Sarcelles-ChIJ6_q3Fxhq5kcRCpoEwnoXX1Q LE FIVE Villette-ChIJTUFnQjps5kcR0pHITLTw1PI UrbanSoccer - Porte d'Aubervilliers-ChIJ0dXjDCZs5kcRvX0EpMwxsUY LE FIVE Paris 18-ChIJPVT4_n1u5kcRzji6FdTBXXo UrbanSoccer - Asnières-ChIJi5LkLT9v5kcRSlhScqEFNWs LE FIVE Paris 17-ChIJ7eI8sFNv5kcR5xy52Wc57NU Footbox-ChIJY-WkusIR5kcR-tEad3UtaSQ LE FIVE Montreuil-ChIJJdTQjr0T5kcRZmGxtIJVy44 Foot-Max Argenteuil-ChIJi9oIzaRm5kcRJYcK7QsdRMU Foot POWER 5-ChIJuTCIFshm5kcRBtEQJ76dAzc LE FIVE Bezons-ChIJ71Mv0Wpk5kcRg-H9x7L-dXo BIG5-ChIJsb_7TJFp5kcRSPL5VqZulr4 OHSPORT-ChIJHeG9fA4X5kcRbGNzVY5Ud5I FOOT IN FIVE-ChIJoUR0syFp5kcRUlStnwluaYY LE FIVE Bobigny-ChIJV8UONORs5kcRXxR5Qd7x130 UrbanSoccer - Quai d'Ivry-ChIJfXxYJ0xy5kcRw9xTkF6-FZQ LE PARK Noisy-ChIJdUHbID8O5kcRV5lQhiHTvhs UrbanSoccer La Défense-ChIJh4rnfVhk5kcRV2Q-ZKdm8vA LE FIVE Champigny-ChIJsXi1PLYN5kcRTVVDuczgS2s
17/02/2024;18:00 18:30 19:00 19:30 20:00 20:30;2Aqhh2sx2nOf8U7YbFpA;1 3 5 6 7;UrbanSoccer - Puteaux-ChIJM_sC0-Nk5kcRhL1y_EFIje8 UrbanSoccer La Défense-ChIJh4rnfVhk5kcRV2Q-ZKdm8vA UrbanSoccer - Asnières-ChIJi5LkLT9v5kcRSlhScqEFNWs
03/03/2024;17:00 18:00 19:00;2EaV8sTM1ssPcHcsVnkh;1 2 3 4 5;UrbanSoccer Evry-ChIJW0Ut1G7e5UcRt621n2fRQ5M Stadium Thiais-ChIJ64X9jzx05kcRsHvSfOv6UcA LE PARK Servon-ChIJMU8gErUJ5kcRSnpvacKwFtM LE FIVE Créteil-ChIJ88lx3VwL5kcRVxCh4lD6_Gk
24/02/2024;0,583333333;2FHN5O9d3wFTYDoGi59X;6 7;Terrain André Calcoen-ChIJM2RViuaK3EcR5QZ91WanJ_A
02/03/2024;10:00 10:30 11:00 11:30 12:00 19:00 19:30 20:00 20:30;2GYWz2dyu9Jsc9jnSDNs;1 2 3 4 5 6 7;LE FIVE Paris 13-ChIJ_bOSChhz5kcRZMTeq_6Gdzg LE FIVE Paris 18-ChIJPVT4_n1u5kcRzji6FdTBXXo UrbanSoccer - Quai d'Ivry-ChIJfXxYJ0xy5kcRw9xTkF6-FZQ LE FIVE Paris 17-ChIJ7eI8sFNv5kcR5xy52Wc57NU UrbanSoccer - Porte d'Aubervilliers-ChIJ0dXjDCZs5kcRvX0EpMwxsUY LE FIVE Villette-ChIJTUFnQjps5kcR0pHITLTw1PI LE FIVE Bobigny-ChIJV8UONORs5kcRXxR5Qd7x130 UrbanSoccer - Asnières-ChIJi5LkLT9v5kcRSlhScqEFNWs LE FIVE Montreuil-ChIJJdTQjr0T5kcRZmGxtIJVy44 UrbanSoccer - Puteaux-ChIJM_sC0-Nk5kcRhL1y_EFIje8 UrbanSoccer La Défense-ChIJh4rnfVhk5kcRV2Q-ZKdm8vA FOOT IN FIVE-ChIJoUR0syFp5kcRUlStnwluaYY LE FIVE Champigny-ChIJsXi1PLYN5kcRTVVDuczgS2s LE FIVE Créteil-ChIJ88lx3VwL5kcRVxCh4lD6_Gk Speed Soccer Five-ChIJ2xTNglV25kcR3UDi4AXGfDU
14/03/2024;9:00 23:30 10:00 11:00 12:00 13:00 15:00 14:00 16:00 17:00 18:00 19:00 20:00 21:00 22:00 23:00 22:30 21:30 20:30 19:30 18:30 17:30 16:30 15:30 14:30 13:30 12:30 11:30 10:30 9:30;2HzgRgkoVawfxy52ELGY;1 2 3 4 5 6 7;LE FIVE Carrières-sous-Poissy-ChIJ9T4fWfyL5kcRCBX-FyZLvEE
02/02/2024;19:00 19:30 20:00 20:30 21:00 21:30 22:00 22:30 23:00 23:30;2PG0MNo6UwR6udnM7MI6;1 2 3 4 5 6 7;UrbanSoccer Orsay-ChIJpZIJg7J45kcRrKWKhtbfnEQ UrbanSoccer Guyancourt-ChIJmdX-2c-A5kcRj1wtOS8rZmo UrbanSoccer Meudon-ChIJ0WKvjbh75kcRoqSmyWwW2jQ
06/03/2024;14:00 15:00 16:00 17:00 18:00 19:00 20:00 21:00 22:00;2QTb4BWbFbnMEUwCfJ2n;1 2 3 4 5 6 7;Massilia Foot Indoor 2-ChIJxZ6UmMW-yRIRfYNGGPPJfIU Le 13 - Foot en salle - Marseille-ChIJR62kUm_ByRIRDnGQqGCeUVQ STADIUM FOOT 5 VILLAGE-ChIJbbOWFtC4yRIR0WXVerbWmnE Le Mercato FOOT INDOOR-ChIJzRK7HJy_yRIRqEreyEiAfC0 Massilia Five-ChIJxZ6UmMW-yRIR7ot5DChYj4w MONCLUB 2.0-ChIJv9owGLm-yRIRfuDnd3G6nR4 FOOT INDOOR Marseille-ChIJ41AMCxC8yRIRLHLGt11sc-U Evolution Football-ChIJX0YulIi8yRIRnGh62u3UXTQ Game 13 foot indoor-ChIJNSDvlsXryRIRUXao9hwB79I Le B3 Soccer-ChIJa69uraDryRIRRlY7a07cUqU Monclub Futbol-ChIJGbxxaamUyRIRgGvhHnhJStA LE FIVE Vitrolles-ChIJi4A-IrHoyRIRunoYLEGNeYI
12/02/2024;17:30 18:30 19:30 20:30;2S69RoAUW1AtAF7Ljtgk;1 2 3 4 5;UrbanSoccer Meudon-ChIJ0WKvjbh75kcRoqSmyWwW2jQ
23/02/2024;19:30 19:00 20:00;2TtIekS6ZqNssuPpWCmQ;3 2 4 5;UrbanSoccer La Défense-ChIJh4rnfVhk5kcRV2Q-ZKdm8vA UrbanSoccer - Puteaux-ChIJM_sC0-Nk5kcRhL1y_EFIje8 LE FIVE Bezons-ChIJ71Mv0Wpk5kcRg-H9x7L-dXo Foot-Max Argenteuil-ChIJi9oIzaRm5kcRJYcK7QsdRMU UrbanSoccer - Asnières-ChIJi5LkLT9v5kcRSlhScqEFNWs LE FIVE Paris 17-ChIJ7eI8sFNv5kcR5xy52Wc57NU LE FIVE Marville - La Courneuve-ChIJ2dHdMZxr5kcR0aKYHYsp0pY LE FIVE Bobigny-ChIJV8UONORs5kcRXxR5Qd7x130 Le Street Foot en Salle-ChIJt_AXL6Jg5kcRu6rBmnrmeUM
06/03/2024;0,875;2YjzPM1sfBNKoae52gWW;3;Foot POWER 5-ChIJuTCIFshm5kcRBtEQJ76dAzc Foot-Max Argenteuil-ChIJi9oIzaRm5kcRJYcK7QsdRMU Le Street Foot en Salle-ChIJt_AXL6Jg5kcRu6rBmnrmeUM LE FIVE Bezons-ChIJ71Mv0Wpk5kcRg-H9x7L-dXo Kaiser Park-ChIJsRLZzKFg5kcRBCfNws9nssw
18/02/2024;17:30 18:00 18:30 19:30 19:00 20:30 20:00 21:30 21:00 22:30 23:30 23:00 22:00;2Z2oMkIjEmxXuoe37DJd;1 2 3 4 5 6 7;LE FIVE Champigny-ChIJsXi1PLYN5kcRTVVDuczgS2s LE PARK Complexe Multisports-ChIJdUHbID8O5kcRV5lQhiHTvhs UrbanSoccer - Quai d'Ivry-ChIJfXxYJ0xy5kcRw9xTkF6-FZQ
15/03/2024;0,75;2Z9DXPeEVACA07qJ8DkW;6 1 2 3 4 5 7;KIPSTADIUM-ChIJydcoT88ow0cRLnHvlF-Z_jE Footsal Cousinerie-ChIJXQyb1d8pw0cRLO_Ed5xHTIQ UrbanSoccer - Lille Bondues-ChIJ58ZerMgrw0cR2Jyp7tZjBn4 Footsal-ChIJa7HS298pw0cRMoVDj0XqVdI Arena Club-ChIJeWJWRjYvw0cRbnJR4ZXAKMA Spot FUTSAL-ChIJwdUawmfVwkcRaNLo_CmNii0 UrbanSoccer - Lille Lezennes-ChIJR3ro5nTWwkcRfM_S3Be9HjI
29/02/2024;13:30 14:00 13:00 14:30 15:00 15:30 16:00 16:30 17:00 17:30 18:00 18:30;2ZPWP3xDERlUSUdpgc5b;6 7;LE FIVE Morangis-ChIJA4uAhOXZ5UcRp-vZXZP-ovY UrbanSoccer Evry-ChIJW0Ut1G7e5UcRt621n2fRQ5M LE FIVE Créteil-ChIJ88lx3VwL5kcRVxCh4lD6_Gk Speed Soccer Five-ChIJ2xTNglV25kcR3UDi4AXGfDU Stadium Thiais-ChIJ64X9jzx05kcRsHvSfOv6UcA
19/03/2024;19:00 19:30 20:00 20:30 21:00 21:30 22:00 22:30 23:00 23:30;2bS1wTA5M1MvJjCXRI8x;4 7;LE FIVE Bezons-ChIJ71Mv0Wpk5kcRg-H9x7L-dXo UrbanSoccer La Défense-ChIJh4rnfVhk5kcRV2Q-ZKdm8vA Foot-Max Argenteuil-ChIJi9oIzaRm5kcRJYcK7QsdRMU UrbanSoccer - Puteaux-ChIJM_sC0-Nk5kcRhL1y_EFIje8 Foot POWER 5-ChIJuTCIFshm5kcRBtEQJ76dAzc UrbanSoccer - Asnières-ChIJi5LkLT9v5kcRSlhScqEFNWs LE FIVE Paris 17-ChIJ7eI8sFNv5kcR5xy52Wc57NU Le Street Foot en Salle-ChIJt_AXL6Jg5kcRu6rBmnrmeUM
12/02/2024;9:00 9:30 10:00 10:30 11:00 11:30 12:00 12:30 13:00 13:30 14:00 14:30 15:00 15:30 16:00 16:30 17:00 17:30 18:00 18:30 19:00 19:30 20:00 20:30 21:00;2f6LfBfJkRIAnvYktQAP;4;Footsal Cousinerie-ChIJXQyb1d8pw0cRLO_Ed5xHTIQ
09/02/2024;10:00 9:00 18:00 19:00 20:00 21:00;2m2HLqtpQOmmTe1EjwfI;3 2 4 6 7;LE FIVE Bobigny-ChIJV8UONORs5kcRXxR5Qd7x130 LE FIVE Villette-ChIJTUFnQjps5kcR0pHITLTw1PI UrbanSoccer - Porte d'Aubervilliers-ChIJ0dXjDCZs5kcRvX0EpMwxsUY LE FIVE Marville - La Courneuve-ChIJ2dHdMZxr5kcR0aKYHYsp0pY LE FIVE Paris 18-ChIJPVT4_n1u5kcRzji6FdTBXXo LE FIVE Montreuil-ChIJJdTQjr0T5kcRZmGxtIJVy44 LE FIVE Paris 17-ChIJ7eI8sFNv5kcR5xy52Wc57NU
10/03/2024;0,791666667;2mVqy3TosxmZ8ib2aAL0;2 4;LE FIVE OL-ChIJmz3whejH9EcR3j9ApNRukKE UrbanSoccer - Lyon Parilly-ChIJx3FQWjLC9EcRrrQb2eV7i_4
03/03/2024;10:00 11:00 15:00 16:00 17:00 10:30 11:30 15:30 16:30 17:30;2n48cII9w1cOgwTkMR63;6 7 5;UrbanSoccer Evry-ChIJW0Ut1G7e5UcRt621n2fRQ5M LE FIVE Champigny-ChIJsXi1PLYN5kcRTVVDuczgS2s
05/03/2024;9:00 23:30;2q1npCbyALkO3YGJ39wn;1 2 3 4 5 6 7;Sport dans la Ville Rhône-Alpes-ChIJoUEDcmvr9EcRILCz6hDCQ2o F5 Foot Five-ChIJjUbM5G7A9EcRW3mlkrhyXxY UrbanSoccer - Lyon Parilly-ChIJx3FQWjLC9EcRrrQb2eV7i_4 We Are Sports-ChIJFZU5oBHC9EcRJTFrSkI1xxg LE 5 DE LEGENDE-ChIJAQNaA3nc9EcRYvB35x41mBs UrbanSoccer - Lyon Barolles-ChIJN4l-IC3v9EcRf9QJKIVC_aY LE FIVE OL-ChIJmz3whejH9EcR3j9ApNRukKE Sun Set Soccer-ChIJ-2jOt33D9EcRLZL2mS5Gvz4 Factory Sport Games-ChIJNcDntQGO9EcR3CbXF7xfc5o
09/03/2024;9:00 10:00 9:30 10:30 11:00 11:30 12:00 12:30 13:00 13:30 14:00 14:30 15:00 15:30 16:00 16:30 17:00 18:00 17:30 18:30 20:00 21:30 23:00 22:30 23:30 22:00 19:00 21:00 19:30 20:30;2qS7UhC8sSvu0zAgZ4z6;1 2 3 4 5 6 7;UrbanSoccer - Puteaux-ChIJM_sC0-Nk5kcRhL1y_EFIje8 UrbanSoccer La Défense-ChIJh4rnfVhk5kcRV2Q-ZKdm8vA LE FIVE Bezons-ChIJ71Mv0Wpk5kcRg-H9x7L-dXo UrbanSoccer Meudon-ChIJ0WKvjbh75kcRoqSmyWwW2jQ UrbanSoccer Guyancourt-ChIJmdX-2c-A5kcRj1wtOS8rZmo Foot à 5 @ Le club le Village-ChIJwU28MyyB5kcRHVcpV1mkYVo UrbanSoccer - Asnières-ChIJi5LkLT9v5kcRSlhScqEFNWs Foot-Max Argenteuil-ChIJi9oIzaRm5kcRJYcK7QsdRMU Foot POWER 5-ChIJuTCIFshm5kcRBtEQJ76dAzc LE FIVE Paris 17-ChIJ7eI8sFNv5kcR5xy52Wc57NU UrbanSoccer Orsay-ChIJpZIJg7J45kcRrKWKhtbfnEQ Le Street Foot en Salle-ChIJt_AXL6Jg5kcRu6rBmnrmeUM Kaiser Park-ChIJsRLZzKFg5kcRBCfNws9nssw Firefoot-ChIJ0zSROfj15kcR4l0wrCcYPMk LE FIVE Paris 13-ChIJ_bOSChhz5kcRZMTeq_6Gdzg FOOT IN FIVE-ChIJoUR0syFp5kcRUlStnwluaYY LE FIVE Paris 18-ChIJPVT4_n1u5kcRzji6FdTBXXo UrbanSoccer - Porte d'Aubervilliers-ChIJ0dXjDCZs5kcRvX0EpMwxsUY LE FIVE Carrières-sous-Poissy-ChIJ9T4fWfyL5kcRCBX-FyZLvEE Élite 5 Soccer-ChIJ5-jfdlZk5kcRYIaELgvikaM ESN FOOTBALL-ChIJRyZx0YRl5kcRet30xMXHRxE Le Monde Stadium-ChIJlwskKv5l5kcRvGu--qUHKJQ Stade Vincent Pascucci-ChIJGXsJnGZk5kcRm2DmAQH0b6I City Nanterre-ChIJlzmmeXJl5kcRdS-WVrqzcco
06/02/2024;9:00 9:30 10:00 10:30 11:30 11:00 12:00 12:30 13:30 13:00 14:30 14:00 15:00 15:30 16:30 16:00 17:00 17:30 18:30 18:00 19:00 19:30 20:30 20:00 21:00 21:30 22:30 22:00 23:00 23:30;2u0khxQ2G2AyRS6b4gxe;1 2 3 4 5 6 7;futsal-ChIJn60gyVIbyRIRketR3glNnMM Toulon Elite Futsal-ChIJeTCk-zwbyRIRC9XISUQvDJU Stade de foot-ChIJK5XI778FyRIRWU0MUalkosE Stade de Bon Rencontre-ChIJJUPfTDIbyRIRLaVs4CD5is4 Sporting Club Toulon-ChIJnV6aTTIbyRIR7OaNoH8rYmo Stades des Routes-ChIJbe5LktcayRIRGbxniMeczT4 High Five - CBD Toulon-ChIJXR4bBXYbyRIRvzjVV_gl320 FOOTKORNER TOULON-ChIJ71lrrRobyRIRMdFYz2Evskc Stade Delaune-ChIJOSGEuQUbyRIR7ORH0hedPGk City Stade Porte d'Italie-ChIJm8tOVrobyRIRdkjqKoGDPLE Stade Léo Lagrange-ChIJX2AdLdAbyRIRK4WdtsuQ3fs Stade Saurin-ChIJR1-O5s0EyRIRYGtITHRKMc0 Stade Mercheyer-ChIJdy2z9iUbyRIR9agdG4hPvss Stade Abbé Sasia ou Stade du Temple-ChIJ2WgGXS8byRIR3JSC-iFgMTo Goal In d'Or-ChIJHT4IIT8YyRIREI_EDEAf9gE Palais des sports Jauréguiberry-ChIJHWG8oDsbyRIRoUZzqQhA5RA Stade Football-ChIJRc786s0EyRIRScSMfNcR-C0 Stade de la Beaucaire-ChIJlYgA7dsEyRIRm4fE3LY_AdY Stade des Lices-ChIJ4RodMgUbyRIRy7tuPgzoSWc Stade Jean-Alex Fernandez-ChIJeceDR58byRIRTm1_yihyG3w Garden Soccer-ChIJB1Epk28EyRIRXiphlsMqnOU
12/02/2024;12:00 12:30 13:00 18:00 18:30 19:00 19:30;30USFTNW6UjMICb6rLQ8;1 3 2 5 4;UrbanSoccer - Puteaux-ChIJM_sC0-Nk5kcRhL1y_EFIje8
07/02/2024;0,520833333;325rlvWUpw187ufKhlq0;1 2 5 4 3;UrbanSoccer - Puteaux-ChIJM_sC0-Nk5kcRhL1y_EFIje8
17/02/2024;18:00 23:30 18:30 19:30 19:00 20:00 21:00 21:30 20:30 22:30 22:00 23:00;32lBXh01WyVr9sZZhm5h;1 2 3 4 5 6;UrbanSoccer - Puteaux-ChIJM_sC0-Nk5kcRhL1y_EFIje8 UrbanSoccer - Asnières-ChIJi5LkLT9v5kcRSlhScqEFNWs UrbanSoccer - Porte d'Aubervilliers-ChIJ0dXjDCZs5kcRvX0EpMwxsUY
08/03/2024;9:00 9:30 10:00 10:30 11:00 11:30 12:00 12:30 13:30 13:00 14:00 14:30 17:00 16:30 16:00 15:00 15:30 17:30 18:00 18:30 19:00 19:30 20:00 20:30 21:00 22:00 23:00 23:30 22:30 21:30;34KRoyvZy8Jgk1DNdKiL;6 7;UrbanSoccer - Marne-La-Vallée-ChIJ6bDBiosP5kcROXiloHzSdhc LE PARK Servon-ChIJMU8gErUJ5kcRSnpvacKwFtM
13/02/2024;19:00 20:00 21:00 22:00 23:00;380sW1S8kPm0OQMYBa0A;1 2 3 4 5 6 7;Monclub Futbol-ChIJGbxxaamUyRIRgGvhHnhJStA STADIUM FOOT 5 VILLAGE-ChIJbbOWFtC4yRIR0WXVerbWmnE Olympic Foot Indoor Foot Salle Marseille-ChIJU7i7umfAyRIRjtbVNC30spc FOOT INDOOR Marseille-ChIJ41AMCxC8yRIRLHLGt11sc-U Massilia FIVE-ChIJxZ6UmMW-yRIR7ot5DChYj4w Massilia Foot Indoor 2-ChIJxZ6UmMW-yRIRfYNGGPPJfIU Le Temple du Soccer Indoor Marseille Carnoux - Centre de Foot en Salle-ChIJd2VpFTm7yRIRmqSv9EUPuF4
23/02/2024;18:00 18:30 19:30 19:00 20:00 20:30;39c3tJ28NYzZXoOaZSLl;2 4 5;UrbanSoccer La Défense-ChIJh4rnfVhk5kcRV2Q-ZKdm8vA GOPARK Pontoise-ChIJ2cJmdhf15kcRQ4mUOxIVzd0 LE FIVE Bezons-ChIJ71Mv0Wpk5kcRg-H9x7L-dXo Firefoot-ChIJ0zSROfj15kcR4l0wrCcYPMk Kaiser Park-ChIJsRLZzKFg5kcRBCfNws9nssw Le Street Foot en Salle-ChIJt_AXL6Jg5kcRu6rBmnrmeUM Foot POWER 5-ChIJuTCIFshm5kcRBtEQJ76dAzc Foot-Max Argenteuil-ChIJi9oIzaRm5kcRJYcK7QsdRMU Élite 5 Soccer-ChIJ5-jfdlZk5kcRYIaELgvikaM
19/03/2024;11:00 11:30 12:00 12:30 13:00 13:30 14:00 14:30 19:00 19:30;3BIqKj0Eb0MyrHuveA7O;1 2 3 4 5 6 7;UrbanSoccer - Lille Bondues-ChIJ58ZerMgrw0cR2Jyp7tZjBn4 UrbanSoccer - Lille Lezennes-ChIJR3ro5nTWwkcRfM_S3Be9HjI
02/03/2024;0,625;3CM0xkPmH1wLOlrrlh0r;7;B14 - Sports et Loisirs Indoor-ChIJaeLKMYXe5UcRHyWJ8X8FaPA
16/03/2024;19:30 20:00 20:30 21:00 21:30 22:00 22:30 23:00 23:30;3DJ374QIbBSNTO5Ejg2F;2 3 4 5 6;UrbanSoccer - Puteaux-ChIJM_sC0-Nk5kcRhL1y_EFIje8 LE FIVE Bezons-ChIJ71Mv0Wpk5kcRg-H9x7L-dXo UrbanSoccer Meudon-ChIJ0WKvjbh75kcRoqSmyWwW2jQ
25/02/2024;12:00 14:00 12:30 13:00 13:30;3EWAuaf51tSbAaS0bazf;6 7;UrbanSoccer - Puteaux-ChIJM_sC0-Nk5kcRhL1y_EFIje8 UrbanSoccer La Défense-ChIJh4rnfVhk5kcRV2Q-ZKdm8vA Élite 5 Soccer-ChIJ5-jfdlZk5kcRYIaELgvikaM LE FIVE Bezons-ChIJ71Mv0Wpk5kcRg-H9x7L-dXo UrbanSoccer Meudon-ChIJ0WKvjbh75kcRoqSmyWwW2jQ LE FIVE Paris 17-ChIJ7eI8sFNv5kcR5xy52Wc57NU UrbanSoccer - Asnières-ChIJi5LkLT9v5kcRSlhScqEFNWs
07/03/2024;9:00 9:30 10:00 10:30 11:30 11:00 12:30 12:00 13:00 13:30 14:30 14:00 15:30 15:00 16:30 16:00 17:30 17:00 18:30 18:00 19:30 19:00 20:30 20:00 21:30 21:00 22:00;3HKZY3PoicNTtvjwKlS6;1 2 3 5 4 6 7;Top Ten-ChIJfXprBx4b5kcRmhe-5pLZUek
22/02/2024;18:00 18:30 19:00 19:30 20:00 20:30 21:00 21:30;3PFhSHZI5dQ8apUeIxvT;1 2 3 4 5 6 7;UrbanSoccer - Puteaux-ChIJM_sC0-Nk5kcRhL1y_EFIje8 UrbanSoccer Meudon-ChIJ0WKvjbh75kcRoqSmyWwW2jQ UrbanSoccer La Défense-ChIJh4rnfVhk5kcRV2Q-ZKdm8vA Élite 5 Soccer-ChIJ5-jfdlZk5kcRYIaELgvikaM
05/03/2024;0,791666667;3QBX0XmYHRnGF8Ii1zSQ;5;VERSUSFOOT Thiais-ChIJn2R2NT905kcRjqB29qldBxk
07/02/2024;18:00 18:30 19:00 19:30 20:00 20:30;3RhhJoMENvzC3jLq8U3r;4;LE FIVE OL-ChIJmz3whejH9EcR3j9ApNRukKE UrbanSoccer - Lyon Parilly-ChIJx3FQWjLC9EcRrrQb2eV7i_4 Terrain de foot five-ChIJVccaQ7rr9EcR8Ub44Do2SbQ F5 Foot Five-ChIJjUbM5G7A9EcRW3mlkrhyXxY UrbanSoccer - Lyon Barolles-ChIJN4l-IC3v9EcRf9QJKIVC_aY We Are Sports-ChIJFZU5oBHC9EcRJTFrSkI1xxg
07/02/2024;0,5;3TqRsxq2NwSSTyGSk3RH;1 2 3 4 5;UrbanSoccer - Puteaux-ChIJM_sC0-Nk5kcRhL1y_EFIje8
19/03/2024;19:00 20:00 21:00 22:00 23:00 20:30 21:30 22:30 23:30;3XoMq7CCRhQqwdE5p7rw;7 6 5 4 3 2 1;LE PARK Servon-ChIJMU8gErUJ5kcRSnpvacKwFtM
09/03/2024;15:00 16:00 17:00 18:00 19:00 15:30 16:30 17:30 18:30 19:30;3XqaBgE65dcuSFy1Sstz;6 7;LE FIVE Créteil-ChIJ88lx3VwL5kcRVxCh4lD6_Gk
20/02/2024;22:30 22:00 21:30 21:00 20:30 20:00 19:30 19:00 18:30 18:00;3bo4lt2pXRB8vRjuJupJ;1 2 3 4 5;UrbanSoccer - Puteaux-ChIJM_sC0-Nk5kcRhL1y_EFIje8 UrbanSoccer La Défense-ChIJh4rnfVhk5kcRV2Q-ZKdm8vA
14/03/2024;0,375;3eAnfKT6KIh7ZWJfUxFj;1 2 3 4 5 6 7;LE FIVE Orléans Fleury-ChIJsYfwe3n75EcRnjpH9sw356Q LE FIVE Orléans Ingré-ChIJzUFPDv_v5EcRG6gmhm_t_HA
12/03/2024;21:30 21:00 20:30 20:00 19:30 19:00 18:30 18:00 17:30 17:00 16:30 16:00 15:30 15:00 14:30 14:00 13:30 13:00 12:30 12:00;3gR3F9qdgn5n87YyEc2F;1 2 3 4 5 6 7;LE FIVE Paris 18-ChIJPVT4_n1u5kcRzji6FdTBXXo UrbanSoccer - Porte d'Aubervilliers-ChIJ0dXjDCZs5kcRvX0EpMwxsUY
23/02/2024;23:00 23:30 18:30 17:30 18:00 17:00 19:00 19:30;3iTQ8fKpr4KcBRnnuDZ2;1 2 3 5 4 7 6;Spot FUTSAL-ChIJwdUawmfVwkcRaNLo_CmNii0 UrbanSoccer - Lille Lezennes-ChIJR3ro5nTWwkcRfM_S3Be9HjI Footsal-ChIJa7HS298pw0cRMoVDj0XqVdI Footsal Cousinerie-ChIJXQyb1d8pw0cRLO_Ed5xHTIQ UrbanSoccer - Lille Bondues-ChIJ58ZerMgrw0cR2Jyp7tZjBn4 Arena Club-ChIJeWJWRjYvw0cRbnJR4ZXAKMA
17/03/2024;14:00 14:30 16:00 16:30;3ljtcHqVe1hpORp9OHpW;1 2 6 7;LE FIVE Paris 18-ChIJPVT4_n1u5kcRzji6FdTBXXo LE FIVE Paris 13-ChIJ_bOSChhz5kcRZMTeq_6Gdzg LE FIVE Villette-ChIJTUFnQjps5kcR0pHITLTw1PI LE FIVE Marville - La Courneuve-ChIJ2dHdMZxr5kcR0aKYHYsp0pY
28/02/2024;0,708333333;3mimSLokKIo01tRKwHDt;3;Fit Five - Bockstael-ChIJ04XFdbvDw0cRS0mwr4OaC1s
24/02/2024;18:30 19:00 19:30 20:00 20:30;3ohHICb18D5QESwHhce6;1 2 3 4;UrbanSoccer - Quai d'Ivry-ChIJfXxYJ0xy5kcRw9xTkF6-FZQ
14/03/2024;19:00 20:00 21:00;3tQeMVk2YFXw6yJcAhRa;5;Le Street Foot en Salle-ChIJt_AXL6Jg5kcRu6rBmnrmeUM
24/02/2024;9:00 9:30 10:00 10:30 11:00 11:30 15:00 15:30 16:00 16:30 17:00 17:30 18:00 18:30 19:00 19:30 20:00 20:30;3ujCXytWYq4bM2q5SAwk;6 7;UrbanSoccer - Quai d'Ivry-ChIJfXxYJ0xy5kcRw9xTkF6-FZQ
11/02/2024;9:00am 9:30am 10:00am 10:30am 11:00am 11:30am 12:00pm 12:30pm 1:00pm 1:30pm 2:00pm 2:30pm 3:00pm 3:30pm 4:00pm 4:30pm 5:00pm 5:30pm 6:00pm 6:30pm 7:00pm 7:30pm;3wZFARUF1K7RRpB77u3T;1 2 3 4 5 6 7;Stade Élisabeth-ChIJkXj9tq5x5kcROlxynHzTh9o Centre sportif Elisabeth-ChIJSzIHrNBx5kcR72ruDwqu-NQ
01/03/2024;9:00 9:30 10:30 10:00 11:30 11:00 12:30 12:00 13:30 13:00 14:30 14:00 15:30 16:30 15:00 17:30 16:00 18:30 17:00 18:00 19:00 19:30 20:30 20:00 21:00 21:30 22:30 23:30 22:00 23:00;3zDo4mltW42sFGLzFEIv;1 2 3 4 5 6 7;Sport dans la Ville Rhône-Alpes-ChIJoUEDcmvr9EcRILCz6hDCQ2o
15/02/2024;9:00 9:30 10:00 10:30 11:00 11:30 12:00 12:30 13:00 13:30 14:00 14:30 15:00 15:30 16:00 16:30 17:30 17:00 18:00 18:30 19:30 19:00 20:00 20:30 21:00 21:30 22:00 22:30 23:00 23:30;44iacND9G5suY7Qbhsj2;1 2 3 4 5 6 7;LE FIVE Marville - La Courneuve-ChIJ2dHdMZxr5kcR0aKYHYsp0pY FOOT IN FIVE-ChIJoUR0syFp5kcRUlStnwluaYY LE FIVE Sarcelles-ChIJ6_q3Fxhq5kcRCpoEwnoXX1Q UrbanSoccer La Défense-ChIJh4rnfVhk5kcRV2Q-ZKdm8vA LE FIVE Bezons-ChIJ71Mv0Wpk5kcRg-H9x7L-dXo Foot POWER 5-ChIJuTCIFshm5kcRBtEQJ76dAzc
02/02/2024;12:00 12:30 13:00 13:30 11:30 11:00 14:00 14:30 15:00 15:30;48vzR87tRbpnUlNIp8RG;1 2 3 4 5;Play Soccer-ChIJQ-UxZn-5rhIRKWoQydM5T9s
22/02/2024;9:00 9:30 10:00 10:30 11:00 11:30 12:00 12:30 13:00 13:30 14:00 14:30 15:00 15:30 16:30 16:00 17:00 17:30 18:30 18:00 19:00 19:30 20:30 20:00 21:00 21:30 22:30 22:00 23:30 23:00;49JzPOLtHbvSdVoN4lAb;1 2 3 4 5 6 7;LE FIVE Rouen-ChIc7ot9ESvGhIRqni6q0J6B4fY Le Temple du Foot-ChIJX6tTCaTg4EcREj-uKrMtLMc
26/02/2024;17:00 18:00 19:00 20:00;49XW76nkz5PebywKfJFe;4;Anse Foot-ChIJc_uyt2s92jERFAD6KeKs66c Sport dans la Ville Rhône-Alpes-ChIJoUEDcmvr9EcRILCz6hDCQ2o Factory Sport Games-ChIJNcDntQGO9EcR3CbXF7xfc5o UrbanSoccer - Lyon Parilly-ChIJx3FQWjLC9EcRrrQb2eV7i_4 F5 Foot Five-ChIJjUbM5G7A9EcRW3mlkrhyXxY Sun Set Soccer-ChIJ-2jOt33D9EcRLZL2mS5Gvz4
13/02/2024;18:00 19:00 20:00 21:00 22:00 23:00 18:30 17:30 19:30 20:30 21:30 22:30 23:30 12:00 11:00 11:30 12:30 13:00 13:30 14:00 14:30 17:00;4E8oNrnVPV3mdgBkdnwu;1 2 3 4 5 6 7;UrbanSoccer Meudon-ChIJ0WKvjbh75kcRoqSmyWwW2jQ
04/02/2024;18:00 11:00 10:00 19:00 20:00 12:00;4ExYY6OEHZQXjXXk7hZp;1 2 3 4 5 6;Sport dans la Ville Rhône-Alpes-ChIJoUEDcmvr9EcRILCz6hDCQ2o F5 Foot Five-ChIJjUbM5G7A9EcRW3mlkrhyXxY Terrain de foot five-ChIJVccaQ7rr9EcR8Ub44Do2SbQ We Are Sports-ChIJFZU5oBHC9EcRJTFrSkI1xxg
16/02/2024;6:30pm 7:00pm 8:00pm 8:30pm 7:30pm 9:00pm 9:30pm 10:00pm 10:30pm;4HAb3wX5gCovaz7UxFir;1 2 3 4 5;LE FIVE Paris 13-ChIJ_bOSChhz5kcRZMTeq_6Gdzg LE FIVE Paris 18-ChIJPVT4_n1u5kcRzji6FdTBXXo UrbanSoccer - Quai d'Ivry-ChIJfXxYJ0xy5kcRw9xTkF6-FZQ LE FIVE Paris 17-ChIJ7eI8sFNv5kcR5xy52Wc57NU LE FIVE Villette-ChIJTUFnQjps5kcR0pHITLTw1PI LE FIVE Montreuil-ChIJJdTQjr0T5kcRZmGxtIJVy44 UrbanSoccer - Puteaux-ChIJM_sC0-Nk5kcRhL1y_EFIje8 UrbanSoccer La Défense-ChIJh4rnfVhk5kcRV2Q-ZKdm8vA
28/02/2024;18:00 18:30 19:00 19:30 20:00 20:30 21:00 21:30 22:00;4JOx2q90yz4Rykd0ePhM;5 6;LE FIVE Paris 13-ChIJ_bOSChhz5kcRZMTeq_6Gdzg LE FIVE Paris 18-ChIJPVT4_n1u5kcRzji6FdTBXXo UrbanSoccer - Quai d'Ivry-ChIJfXxYJ0xy5kcRw9xTkF6-FZQ LE FIVE Paris 17-ChIJ7eI8sFNv5kcR5xy52Wc57NU UrbanSoccer - Porte d'Aubervilliers-ChIJ0dXjDCZs5kcRvX0EpMwxsUY LE FIVE Villette-ChIJTUFnQjps5kcR0pHITLTw1PI LE FIVE Bobigny-ChIJV8UONORs5kcRXxR5Qd7x130 UrbanSoccer - Asnières-ChIJi5LkLT9v5kcRSlhScqEFNWs LE FIVE Montreuil-ChIJJdTQjr0T5kcRZmGxtIJVy44 LE FIVE Marville - La Courneuve-ChIJ2dHdMZxr5kcR0aKYHYsp0pY UrbanSoccer - Puteaux-ChIJM_sC0-Nk5kcRhL1y_EFIje8 Élite 5 Soccer-ChIJ5-jfdlZk5kcRYIaELgvikaM UrbanSoccer La Défense-ChIJh4rnfVhk5kcRV2Q-ZKdm8vA FOOT IN FIVE-ChIJoUR0syFp5kcRUlStnwluaYY Stadium Thiais-ChIJ64X9jzx05kcRsHvSfOv6UcA UrbanSoccer Meudon-ChIJ0WKvjbh75kcRoqSmyWwW2jQ VERSUSFOOT Thiais-ChIJn2R2NT905kcRjqB29qldBxk LE FIVE Bezons-ChIJ71Mv0Wpk5kcRg-H9x7L-dXo LE FIVE Champigny-ChIJsXi1PLYN5kcRTVVDuczgS2s LE FIVE Créteil-ChIJ88lx3VwL5kcRVxCh4lD6_Gk
03/02/2024;23:30 23:00 22:30 22:00 21:00 21:30 20:30 20:00 19:00 19:30 18:30 18:00 17:00 17:30 16:30 16:00 15:00 15:30 14:30 14:00 13:30 13:00 12:00 12:30 11:30 11:00 10:30 10:00 9:30 9:00;4NHqzyv7U6xcyZgsO5ul;1 2 3 4 5 6 7;Game 13 foot indoor-ChIJNSDvlsXryRIRUXao9hwB79I LE FIVE VITROLLES-ChIJi4A-IrHoyRIRunoYLEGNeYI Monclub Futbol-ChIJGbxxaamUyRIRgGvhHnhJStA
12/03/2024;20:30 23:30 21:30 21:00 22:00 22:30 23:00;4P70zQUG0yjGBbQuAZ5K;5;Le Street Foot en Salle-ChIJt_AXL6Jg5kcRu6rBmnrmeUM
06/03/2024;19:00 19:30 20:00 20:30 21:00 21:30 22:00;4QCKlBJ8vXkqQ2pnZWxL;1 2 3 4 5;UrbanSoccer La Défense-ChIJh4rnfVhk5kcRV2Q-ZKdm8vA UrbanSoccer - Puteaux-ChIJM_sC0-Nk5kcRhL1y_EFIje8 UrbanSoccer - Quai d'Ivry-ChIJfXxYJ0xy5kcRw9xTkF6-FZQ
23/02/2024;18:00 19:00 20:00 21:00 22:00 18:30 19:30 20:30 21:30 22:30;4Sf3vTSS1LrSo7HPNIgg;6 5 7;Foot-Max Argenteuil-ChIJi9oIzaRm5kcRJYcK7QsdRMU LE FIVE Bezons-ChIJ71Mv0Wpk5kcRg-H9x7L-dXo UrbanSoccer La Défense-ChIJh4rnfVhk5kcRV2Q-ZKdm8vA BIG5-ChIJsb_7TJFp5kcRSPL5VqZulr4
11/03/2024;9:00 10:00 9:30 10:30 11:00 11:30 12:00 12:30 13:00 13:30 14:00 15:00 15:30 14:30 16:00 16:30 17:30 17:00 18:00 18:30 20:00 20:30 19:00 19:30;4V8rc6dpYQ3Y2B92Y9sR;1 2 3 4 5;UrbanSoccer - Montpellier-ChIJVXFMq4ylthIRtrZPBHOMTAc
10/03/2024;15:00 17:00 18:00 19:00 21:00;4bHc6gjWikMwg8cPpOSY;1 2 3 4 5 6 7;Foot-Max Argenteuil-ChIJi9oIzaRm5kcRJYcK7QsdRMU
22/02/2024;9:00 9:30 10:00 10:30 11:00 12:00 11:30 13:00 12:30 13:30 14:00 14:30 15:00 15:30 22:00 22:30 23:00 23:30 21:30;4bZ1w02qyn41fxRJDr2w;6 7 3 1 2 4 5;Massilia Foot Indoor 2-ChIJxZ6UmMW-yRIRfYNGGPPJfIU Le 13 - Foot en salle - Marseille-ChIJR62kUm_ByRIRDnGQqGCeUVQ STADIUM FOOT 5 VILLAGE-ChIJbbOWFtC4yRIR0WXVerbWmnE Le Mercato FOOT INDOOR-ChIJzRK7HJy_yRIRqEreyEiAfC0 Massilia Five-ChIJxZ6UmMW-yRIR7ot5DChYj4w MONCLUB 2.0-ChIJv9owGLm-yRIRfuDnd3G6nR4 FOOT INDOOR Marseille-ChIJ41AMCxC8yRIRLHLGt11sc-U Evolution Football-ChIJX0YulIi8yRIRnGh62u3UXTQ Le B3 Soccer-ChIJa69uraDryRIRRlY7a07cUqU Game 13 foot indoor-ChIJNSDvlsXryRIRUXao9hwB79I Monclub Futbol-ChIJGbxxaamUyRIRgGvhHnhJStA LE FIVE Vitrolles-ChIJi4A-IrHoyRIRunoYLEGNeYI
02/03/2024;9:30 12:00 10:30 11:30 11:00 10:00;4bkzph8Ipo7ks0cD4J31;7 6;LE FIVE Morangis-ChIJA4uAhOXZ5UcRp-vZXZP-ovY Stadium Thiais-ChIJ64X9jzx05kcRsHvSfOv6UcA LE FIVE Créteil-ChIJ88lx3VwL5kcRVxCh4lD6_Gk UrbanSoccer Evry-ChIJW0Ut1G7e5UcRt621n2fRQ5M
27/02/2024;19:00 19:30 20:00 20:30 21:30 21:00;4bvqJs3Nj8fUcvRzC74Z;1 2 6 7;Sport dans la Ville Rhône-Alpes-ChIJoUEDcmvr9EcRILCz6hDCQ2o UrbanSoccer - Lyon Parilly-ChIJx3FQWjLC9EcRrrQb2eV7i_4 We Are Sports-ChIJFZU5oBHC9EcRJTFrSkI1xxg
11/02/2024;18:00 19:00 20:00 18:30 19:30 20:30;4dfFSQcmm9kUk58ans0i;1 3 4 5;F5 Foot Five-ChIJjUbM5G7A9EcRW3mlkrhyXxY LE 5 DE LEGENDE-ChIJU_aXKN_A9EcRHCY74rI9i4Y LE FIVE OL-ChIJmz3whejH9EcR3j9ApNRukKE UrbanSoccer - Lyon Parilly-ChIJx3FQWjLC9EcRrrQb2eV7i_4 We Are Sports-ChIJFZU5oBHC9EcRJTFrSkI1xxg
10/02/2024;18:00 19:00 18:30 19:30 15:00 15:30 16:00 16:30 17:00 17:30 14:00 14:30;4eRtvhVsuzjPmecLvgvZ;1 2 3 4 5 6 7;UrbanSoccer - Quai d'Ivry-ChIJfXxYJ0xy5kcRw9xTkF6-FZQ Stadium Thiais-ChIJ64X9jzx05kcRsHvSfOv6UcA LE FIVE Créteil-ChIJ88lx3VwL5kcRVxCh4lD6_Gk LE FIVE Champigny-ChIJsXi1PLYN5kcRTVVDuczgS2s UrbanSoccer - Marne-La-Vallée-ChIJ6bDBiosP5kcROXiloHzSdhc
25/02/2024;10:00 11:00 12:00 13:00 14:00 15:00 16:00;4h1hqc9JVcjuZ4FhdSoh;6 7;LE FIVE OL-ChIJmz3whejH9EcR3j9ApNRukKE LE 5 DE LEGENDE-ChIJAQNaA3nc9EcRYvB35x41mBs
24/02/2024;16:00 17:00 18:00 19:00 14:00 15:00 20:00 21:00;4hXJqGxFxZgMA4gVLOPD;7;UrbanSoccer - Quai d'Ivry-ChIJfXxYJ0xy5kcRw9xTkF6-FZQ LE FIVE Paris 13-ChIJ_bOSChhz5kcRZMTeq_6Gdzg Stadium Thiais-ChIJ64X9jzx05kcRsHvSfOv6UcA
10/02/2024;20:00 20:30 21:00 21:30 22:00 22:30 23:00 23:30;4mgXjRlzpPXTaSxVXvb5;5 6 7;S-FIVE5-ChIJqzie9xRL5kcRyg89AlwL55E LE FIVE Sarcelles-ChIJ6_q3Fxhq5kcRCpoEwnoXX1Q
19/02/2024;18:00 19:00 20:00 21:00 22:00;4qHrTQ4dk3LNFBCRYXnM;7 6 5 4 3 2 1;Footsal Cousinerie-ChIJXQyb1d8pw0cRLO_Ed5xHTIQ Villeneuve d'Ascq Football-ChIJ32K5BrXXwkcRa4xGjYXqTz4 Footsal-ChIJa7HS298pw0cRMoVDj0XqVdI Futsal Ascq-ChIJD183MMfXwkcReSSEmdLMFEc
20/03/2024;0,5625;4qoOiEjssz9OjBwM5cwV;7 6 5;LE FIVE Champigny-ChIJsXi1PLYN5kcRTVVDuczgS2s LE FIVE Créteil-ChIJ88lx3VwL5kcRVxCh4lD6_Gk
22/02/2024;0,791666667;4sSfK8Bl3wsZMbkQmEjU;1;UrbanSoccer - Lyon Parilly-ChIJx3FQWjLC9EcRrrQb2eV7i_4
27/02/2024;12:00 12:30 11:30 18:00 17:30 18:30 19:00 19:30 20:30 20:00 21:00;4tQVNcaMKViRsSN10X2x;1 2 4 5 6;UrbanSoccer Orsay-ChIJpZIJg7J45kcRrKWKhtbfnEQ UrbanSoccer Guyancourt-ChIJmdX-2c-A5kcRj1wtOS8rZmo LE FIVE Morangis-ChIJA4uAhOXZ5UcRp-vZXZP-ovY UrbanSoccer Meudon-ChIJ0WKvjbh75kcRoqSmyWwW2jQ
09/03/2024;20:30 21:00 20:00 21:30 22:00 22:30 23:00 23:30;4tTEGr9CExlr4nSp7KEh;1 2 3 4 5 6 7;UrbanSoccer Guyancourt-ChIJmdX-2c-A5kcRj1wtOS8rZmo UrbanSoccer - Puteaux-ChIJM_sC0-Nk5kcRhL1y_EFIje8 UrbanSoccer La Défense-ChIJh4rnfVhk5kcRV2Q-ZKdm8vA LE FIVE Carrières-sous-Poissy-ChIJ9T4fWfyL5kcRCBX-FyZLvEE
27/02/2024;14:00 23:00 22:00 22:30 21:30 21:00 20:30 20:00 19:00 19:30 18:30 17:30 18:00 17:00 16:00 16:30 15:30 14:30 15:00;4txlUHg6kkpALI2ibkXW;7 6 5 4 3 2 1;Le Street Foot en Salle-ChIJt_AXL6Jg5kcRu6rBmnrmeUM Kaiser Park-ChIJsRLZzKFg5kcRBCfNws9nssw GOPARK Pontoise-ChIJ2cJmdhf15kcRQ4mUOxIVzd0 LE FIVE Sarcelles-ChIJ6_q3Fxhq5kcRCpoEwnoXX1Q FOOT IN FIVE-ChIJoUR0syFp5kcRUlStnwluaYY
06/03/2024;18:00 18:30 19:00 19:30 15:00 15:30 16:00 16:30;4vRbF0EAWUYCKm6lU6rH;2 3 4 5 6 7;Stadium Thiais-ChIJ64X9jzx05kcRsHvSfOv6UcA UrbanSoccer Orsay-ChIJpZIJg7J45kcRrKWKhtbfnEQ UrbanSoccer - Quai d'Ivry-ChIJfXxYJ0xy5kcRw9xTkF6-FZQ Speed Soccer Five-ChIJ2xTNglV25kcR3UDi4AXGfDU
27/02/2024;10:00 9:30 9:00 10:30 14:00 11:00 13:00 13:30 12:30 12:00 11:30 15:30 14:30 15:00 17:00 16:00 16:30 20:00 18:00 19:00 19:30 23:30 23:00 22:00 21:00 21:30 22:30 20:30 17:30 18:30;4zAmxQUBVK41ff1NLQgF;1 2 4 3 5 7 6;Foot à 5 @ Le club le Village-ChIJwU28MyyB5kcRHVcpV1mkYVo UrbanSoccer Guyancourt-ChIJmdX-2c-A5kcRj1wtOS8rZmo UrbanSoccer Orsay-ChIJpZIJg7J45kcRrKWKhtbfnEQ UrbanSoccer Meudon-ChIJ0WKvjbh75kcRoqSmyWwW2jQ LE FIVE Carrières-sous-Poissy-ChIJ9T4fWfyL5kcRCBX-FyZLvEE
01/03/2024;0,375;515ITnWN9tU6YsxP35QS;1 2 3 4 5 6 7;LE FIVE Créteil-ChIJ88lx3VwL5kcRVxCh4lD6_Gk LE PARK Servon-ChIJMU8gErUJ5kcRSnpvacKwFtM UrbanSoccer Evry-ChIJW0Ut1G7e5UcRt621n2fRQ5M UrbanSoccer - Quai d'Ivry-ChIJfXxYJ0xy5kcRw9xTkF6-FZQ LE FIVE Paris 13-ChIJ_bOSChhz5kcRZMTeq_6Gdzg
10/02/2024;0,75;54pz2qfjn6G1DkHtvZS9;1 2 3 4 5;LE FIVE Paris 13-ChIJ_bOSChhz5kcRZMTeq_6Gdzg
07/03/2024;19:30 20:00 20:30 21:00 21:30 17:30 18:00 18:30 19:00 17:00 16:30;5AJf0cZl8RuPguXNB93C;4;Play Soccer-ChIJQ-UxZn-5rhIRKWoQydM5T9s UrbanSoccer - Toulouse Sept Deniers-ChIJk5nUBdOkrhIRP-1aUJzo-lA UrbanSoccer - Toulouse Montaudran-ChIJl772e0u8rhIR2foRX4Xa2CI Classico Foot-ChIJFV442oCxrhIRgsZy5aIbkNs Events Five-ChIJf8cSCJG5rhIRoQadPH-wW1U LE FIVE Colomiers-ChIJ8wxhgGexrhIRm698kMPQIRw
09/03/2024;0,375;5FCr8WC9zqX63e8EB3BP;7 6;LE FIVE Paris 17-ChIJ7eI8sFNv5kcR5xy52Wc57NU LE FIVE Paris 13-ChIJ_bOSChhz5kcRZMTeq_6Gdzg LE FIVE Paris 18-ChIJPVT4_n1u5kcRzji6FdTBXXo UrbanSoccer - Porte d'Aubervilliers-ChIJ0dXjDCZs5kcRvX0EpMwxsUY LE FIVE Bobigny-ChIJV8UONORs5kcRXxR5Qd7x130 UrbanSoccer La Défense-ChIJh4rnfVhk5kcRV2Q-ZKdm8vA UrbanSoccer - Puteaux-ChIJM_sC0-Nk5kcRhL1y_EFIje8
25/02/2024;19:00 20:00 16:00 17:00;5KwBOcYjwqr4L7842pwT;4 5 6 7;LE FIVE Paris 18-ChIJPVT4_n1u5kcRzji6FdTBXXo LE FIVE Paris 13-ChIJ_bOSChhz5kcRZMTeq_6Gdzg UrbanSoccer - Quai d'Ivry-ChIJfXxYJ0xy5kcRw9xTkF6-FZQ
18/02/2024;9:00 23:30;5NiVUJH8qB2AuW4JyzpZ;1 2 3 4 5 6 7;UrbanSoccer - Montpellier-ChIJVXFMq4ylthIRtrZPBHOMTAc Le Five Football Club-ChIJ2alyFouvthIR-e3SgdzFnwE GGL Stadium-ChIJq8eCukCuthIRjnxyAMXgn84 BUBBLE FOOT MONTPELLIER BUL'FOOT-ChIJy7XMFDylthIRn6TeXm2Z4JE Insport Montpellier - Près d'arènes-ChIJJWIca-qvthIRHxcGJpAq4kA FDI Stadium-ChIJD26YbyWvthIRkxW-k1Kq76o Stade Rachid Malla-ChIJZSdggI6uthIRQMhiblgL7YI UrbanVillage Montpellier-ChIJcZlHDFilthIR7hRJJwgCpD8 AR'SOCCER-ChIJK8zAN7ivthIR35hQJsramBE Stade Municipal-ChIJ6aDhBPWuthIRaT-z5XyIDdk Stade de la Mosson-ChIJK1IpmDqsthIRawA9nhlW4Jk Terrain de football-ChIJVTcCLM6vthIRUrO7ZCnumys Stade Bernard Giambronne-ChIJJ4CE_smvthIRzecaW-crpFo Terrain de Football de la Cité Astruc-ChIJcQgO2veuthIR-XR0Pz8RQAg Centre d'Entraînement MHSC Bernard-Gasset Diadora Utility-ChIJQyi5U5-lthIRVEHbIdrp9bo Five Pizza Original - Montpellier-ChIJ9c-D2fOvthIRPLa0E9GJFiY Stade Eric Béchu-ChIJY0LnjkCuthIR4Jt2tBkm6uE MUC Football-ChIJ89vvgSOvthIRzrjpvaftRVY Sudsport 34-ChIJh-FIwF9MsRIRUsGpL0o88QE Terrain de foot Jeannot Véga-ChIJf-9hPZmvthIRo5mI6dlPlhc
28/02/2024;16:00 17:00 16:30 17:30 18:00 18:30 19:00 19:30 20:00 20:30 21:00 21:30 22:00;5SjlBl9B4UfK1epUjGQO;1 2 3 4;UrbanSoccer - Quai d'Ivry-ChIJfXxYJ0xy5kcRw9xTkF6-FZQ
22/02/2024;9:00 10:00 11:00 12:00 13:00 14:00 15:00 16:00 18:00 17:00 18:30 17:30 16:30 15:30 14:30 13:30 12:30 11:30 10:30 9:30 19:00 20:00 21:00 22:00 23:00 23:30 22:30 21:30 19:30 20:30;5Tts0ZjqwE7bI70tKygo;1 2 3 4 5 6 7;LE FIVE Villette-ChIJTUFnQjps5kcR0pHITLTw1PI UrbanSoccer - Porte d'Aubervilliers-ChIJ0dXjDCZs5kcRvX0EpMwxsUY LE FIVE Paris 18-ChIJPVT4_n1u5kcRzji6FdTBXXo LE FIVE Marville - La Courneuve-ChIJ2dHdMZxr5kcR0aKYHYsp0pY LE FIVE Bobigny-ChIJV8UONORs5kcRXxR5Qd7x130 LE FIVE Paris 17-ChIJ7eI8sFNv5kcR5xy52Wc57NU UrbanSoccer - Asnières-ChIJi5LkLT9v5kcRSlhScqEFNWs FOOT IN FIVE-ChIJoUR0syFp5kcRUlStnwluaYY LE FIVE Montreuil-ChIJJdTQjr0T5kcRZmGxtIJVy44 BIG5-ChIJsb_7TJFp5kcRSPL5VqZulr4 LE FIVE Sarcelles-ChIJ6_q3Fxhq5kcRCpoEwnoXX1Q UrbanSoccer - Quai d'Ivry-ChIJfXxYJ0xy5kcRw9xTkF6-FZQ
21/02/2024;0,4375;5UO9Ea4reAFBvBCGiUJN;7;Stadium Thiais-ChIJ64X9jzx05kcRsHvSfOv6UcA
18/03/2024;0,729166667;5VeehrCWBy4a5eQ8L0Xn;6;UrbanSoccer - Saint Etienne-ChIJ6xFIgPWr9UcRxo6t2gZwcZM
17/02/2024;16:00 16:30 17:00 17:30 18:00 18:30 19:30 19:00 20:30 21:30 20:00 21:00;5ZcgnanwkiLwYsspVHUb;1 2 3 4 5 6 7;UrbanSoccer - Montpellier-ChIJVXFMq4ylthIRtrZPBHOMTAc Insport Montpellier - Près d'arènes-ChIJJWIca-qvthIRHxcGJpAq4kA
20/02/2024;0,916666667;5fgJ3B6NWzZRUdMZzI9M;3 4 5 6 7;LE FIVE Paris 18-ChIJPVT4_n1u5kcRzji6FdTBXXo
28/02/2024;19:00 19:30 20:00 20:30 21:00 21:30 22:00 22:30 18:00 18:30 17:00 17:30 16:00 16:30 15:00 15:30 14:00 14:30 13:00 13:30 12:00 12:30 11:00 11:30 10:00 10:30 9:00 9:30;5ftlvJJKiH747FQXddSE;1 2 3 4 5 6 7;Massilia Foot Indoor 2-ChIJxZ6UmMW-yRIRfYNGGPPJfIU Massilia Five-ChIJxZ6UmMW-yRIR7ot5DChYj4w MONCLUB 2.0-ChIJv9owGLm-yRIRfuDnd3G6nR4 FOOT INDOOR Marseille-ChIJ41AMCxC8yRIRLHLGt11sc-U
01/03/2024;0,375;5i6Ys4RaWPlH7MjaEbs7;1 2 3 4 5 6 7;LE FIVE Créteil-ChIJ88lx3VwL5kcRVxCh4lD6_Gk LE PARK Servon-ChIJMU8gErUJ5kcRSnpvacKwFtM UrbanSoccer Evry-ChIJW0Ut1G7e5UcRt621n2fRQ5M UrbanSoccer - Quai d'Ivry-ChIJfXxYJ0xy5kcRw9xTkF6-FZQ LE FIVE Paris 13-ChIJ_bOSChhz5kcRZMTeq_6Gdzg
14/03/2024;9:00 9:30;5iPevcHSSgnoYV53dIMF;6 7;Foot-Max Argenteuil-ChIJi9oIzaRm5kcRJYcK7QsdRMU LE FIVE Bezons-ChIJ71Mv0Wpk5kcRg-H9x7L-dXo UrbanSoccer La Défense-ChIJh4rnfVhk5kcRV2Q-ZKdm8vA UrbanSoccer - Puteaux-ChIJM_sC0-Nk5kcRhL1y_EFIje8 LE FIVE Carrières-sous-Poissy-ChIJ9T4fWfyL5kcRCBX-FyZLvEE Foot POWER 5-ChIJuTCIFshm5kcRBtEQJ76dAzc
24/02/2024;10:00 10:30;5iRWmEJ8biATHw9U2gSe;7;LE FIVE Créteil-ChIJ88lx3VwL5kcRVxCh4lD6_Gk
04/03/2024;11:00 18:00;5nwMvJ0U6s0nfqHK5mc1;1 7 3;LE FIVE Créteil-ChIJ88lx3VwL5kcRVxCh4lD6_Gk LE FIVE Champigny-ChIJsXi1PLYN5kcRTVVDuczgS2s LE PARK Servon-ChIJMU8gErUJ5kcRSnpvacKwFtM
16/03/2024;20:30 21:00 21:30 22:00;5qCuvrJfgeXdoiylQHnW;6 7;Stadium Thiais-ChIJ64X9jzx05kcRsHvSfOv6UcA
01/03/2024;21:00 21:30 22:00 22:30 23:00 23:30;5qHP5FVBRsYeu09nC3Hx;1 2 3 4 5 7 6;OHSPORT-ChIJHeG9fA4X5kcRbGNzVY5Ud5I LE FIVE Sarcelles-ChIJ6_q3Fxhq5kcRCpoEwnoXX1Q LE FIVE Bobigny-ChIJV8UONORs5kcRXxR5Qd7x130 LE FIVE Marville - La Courneuve-ChIJ2dHdMZxr5kcR0aKYHYsp0pY Top Ten-ChIJfXprBx4b5kcRmhe-5pLZUek UrbanSoccer - Marne-La-Vallée-ChIJ6bDBiosP5kcROXiloHzSdhc
02/03/2024;12:00 13:00 12:30 13:30;5qSBkpQD1ELb0fCVazpH;1 2 3 4 5;KIPSTADIUM-ChIJydcoT88ow0cRLnHvlF-Z_jE UrbanSoccer - Lille Bondues-ChIJ58ZerMgrw0cR2Jyp7tZjBn4 Footsal Cousinerie-ChIJXQyb1d8pw0cRLO_Ed5xHTIQ Footsal-ChIJa7HS298pw0cRMoVDj0XqVdI
25/02/2024;0,791666667;5qu6RjEz2t396yp746uT;7 6 3;Footsal-ChIJa7HS298pw0cRMoVDj0XqVdI
13/03/2024;0,958333333;5tfUkFpQvjEDyegmyyF4;3;LE FIVE Bobigny-ChIJV8UONORs5kcRXxR5Qd7x130 LE FIVE Marville - La Courneuve-ChIJ2dHdMZxr5kcR0aKYHYsp0pY LE FIVE Villette-ChIJTUFnQjps5kcR0pHITLTw1PI UrbanSoccer - Porte d'Aubervilliers-ChIJ0dXjDCZs5kcRvX0EpMwxsUY OHSPORT-ChIJHeG9fA4X5kcRbGNzVY5Ud5I LE FIVE Sarcelles-ChIJ6_q3Fxhq5kcRCpoEwnoXX1Q
01/03/2024;9:00 9:30 10:00 10:30 11:00 11:30;5tnpop8qUjf6m8IDszE0;6 7;LE FIVE Paris 18-ChIJPVT4_n1u5kcRzji6FdTBXXo
16/03/2024;0,8125;5tyHnkAKCxImevssyGxS;6 7 5;LE FIVE Montreuil-ChIJJdTQjr0T5kcRZmGxtIJVy44 LE FIVE Paris 18-ChIJPVT4_n1u5kcRzji6FdTBXXo LE FIVE Paris 13-ChIJ_bOSChhz5kcRZMTeq_6Gdzg LE FIVE Paris 17-ChIJ7eI8sFNv5kcR5xy52Wc57NU LE FIVE Villette-ChIJTUFnQjps5kcR0pHITLTw1PI
05/02/2024;0,75;5yhXU3wmt78S2BP8GcIy;1 3 4;UrbanSoccer Guyancourt-ChIJmdX-2c-A5kcRj1wtOS8rZmo
21/02/2024;9:00 9:30 10:30 10:00 11:00 11:30 12:30 12:00 13:00 13:30 14:30 14:00 15:00 15:30 16:30 16:00 17:00 17:30 18:30 19:30 21:30 23:30 22:00 21:00 19:00 18:00 20:30 20:00 22:30 23:00;62b8wqoDWUwiFWXvVc9O;1 2 3 4 5 6 7;UrbanSoccer - Lyon Parilly-ChIJx3FQWjLC9EcRrrQb2eV7i_4 We Are Sports-ChIJFZU5oBHC9EcRJTFrSkI1xxg LE 5 DE LEGENDE-ChIJU_aXKN_A9EcRHCY74rI9i4Y LE FIVE OL-ChIJmz3whejH9EcR3j9ApNRukKE Sun Set Soccer-ChIJ-2jOt33D9EcRLZL2mS5Gvz4 F5 Foot Five-ChIJjUbM5G7A9EcRW3mlkrhyXxY
21/02/2024;19:00 20:00 19:30 20:30 21:30 21:00 22:00 22:30 23:00;64UYV4CxzWZSKc7u6FZ2;1 2 3 4 5 6;UrbanSoccer - Quai d'Ivry-ChIJfXxYJ0xy5kcRw9xTkF6-FZQ
27/02/2024;0,895833333;64y6KQphT8vNWkvbU6wd;7;Cité des Sports-ChIJ70UPf6R75kcRGb3NAV9k7Ww
16/02/2024;18:30 19:00 19:30 20:00;651uP8oexYljNdncsIkg;5;LE FIVE Paris 18-ChIJPVT4_n1u5kcRzji6FdTBXXo
16/03/2024;14:00 14:30 15:00 15:30 16:00 16:30 17:00 17:30 11:00 11:30 12:00 12:30 13:00 13:30 18:00 18:30 19:00 19:30 20:00;69kO8rKzzlwGIDYj6i6r;6;LE FIVE Reims-ChIJad8c0qR16UcRMPDMaa34XJ8
06/03/2024;18:00 19:00 20:00;6BuOvbyzQMf24jvsUECn;1 2 3 4 5 6 7;Kinka sport et gourmandise-ChIJV6RvXb8XUQ0RCfeic1jzeCE Club 64-ChIJI8XHJrpAUQ0RwHsCw8HJ2NY Stade Didier Deschamps-ChIJmTK1acdAUQ0Rse3Rm7Mrq8o
11/03/2024;13:00 12:30 12:00 11:30 11:00 10:30 10:00 9:30 9:00 13:30 14:00 14:30 15:00 15:30 16:00 16:30;6CBgG1vtQySaMOs1npcu;1 2 3 4 5;UrbanSoccer - Toulouse Sept Deniers-ChIJk5nUBdOkrhIRP-1aUJzo-lA UrbanSoccer - Toulouse Montaudran-ChIJl772e0u8rhIR2foRX4Xa2CI Play Soccer-ChIJQ-UxZn-5rhIRKWoQydM5T9s LE FIVE Colomiers-ChIJ8wxhgGexrhIRm698kMPQIRw Events Five-ChIJf8cSCJG5rhIRoQadPH-wW1U Classico Foot-ChIJFV442oCxrhIRgsZy5aIbkNs
20/02/2024;20:30 21:00 21:30 22:00 22:30 23:00;6DfJx0ZPbcLYwWoRKVkh;1 2 3 4 5 6 7;LE FIVE Carrières-sous-Poissy-ChIJ9T4fWfyL5kcRCBX-FyZLvEE
07/02/2024;15:00 19:00 20:00 18:30 18:00 19:30 20:30 21:00 21:30 22:30 22:00 23:00 23:30 17:30 17:00;6E1l0cAnKqmFPQ8YFmg1;1 2 3 4 5 6 7;UrbanSoccer - Marne-La-Vallée-ChIJ6bDBiosP5kcROXiloHzSdhc Top Ten-ChIJfXprBx4b5kcRmhe-5pLZUek
04/03/2024;16:00 17:00 18:00 19:00 20:00 21:00 22:00 23:00 16:30 17:30 18:30 19:30 20:30 21:30 22:30 23:30;6GPzIUmVfa5Oc4xTt2Kx;1 2 3 4 5 6 7;Sport dans la Ville Rhône-Alpes-ChIJoUEDcmvr9EcRILCz6hDCQ2o F5 Foot Five-ChIJjUbM5G7A9EcRW3mlkrhyXxY LE 5 DE LEGENDE-ChIJAQNaA3nc9EcRYvB35x41mBs UrbanSoccer - Lyon Barolles-ChIJN4l-IC3v9EcRf9QJKIVC_aY LE FIVE OL-ChIJmz3whejH9EcR3j9ApNRukKE Sun Set Soccer-ChIJ-2jOt33D9EcRLZL2mS5Gvz4
09/03/2024;18:30 19:00 19:30 20:00 20:30 21:00;6HK5m99jcrOPGZSQjH8v;6 7 1 2 3 4 5;LE FIVE Paris 13-ChIJ_bOSChhz5kcRZMTeq_6Gdzg LE FIVE Montreuil-ChIJJdTQjr0T5kcRZmGxtIJVy44 LE FIVE Paris 17-ChIJ7eI8sFNv5kcR5xy52Wc57NU LE FIVE Villette-ChIJTUFnQjps5kcR0pHITLTw1PI LE FIVE Paris 18-ChIJPVT4_n1u5kcRzji6FdTBXXo UrbanSoccer - Porte d'Aubervilliers-ChIJ0dXjDCZs5kcRvX0EpMwxsUY
24/02/2024;9:00 10:00 11:00 13:00 14:00 12:00 15:00 16:00 17:00 18:00 20:00 19:00 21:00 22:00 23:00 9:30 10:30 11:30 12:30 13:30 14:30 15:30 17:30 18:30 16:30 19:30 21:30 20:30 22:30 23:30;6Kf62c6IewdmqTujMiJv;6 7;LE FIVE Paris 18-ChIJPVT4_n1u5kcRzji6FdTBXXo LE FIVE Villette-ChIJTUFnQjps5kcR0pHITLTw1PI LE FIVE Bobigny-ChIJV8UONORs5kcRXxR5Qd7x130 LE FIVE Marville - La Courneuve-ChIJ2dHdMZxr5kcR0aKYHYsp0pY
22/02/2024;10:00 10:30 11:00 11:30 12:00 12:30 13:00;6XwKYU0nPp5SyieSdapN;1 3 7 2 5;LE FIVE Paris 17-ChIJ7eI8sFNv5kcR5xy52Wc57NU UrbanSoccer - Puteaux-ChIJM_sC0-Nk5kcRhL1y_EFIje8 UrbanSoccer La Défense-ChIJh4rnfVhk5kcRV2Q-ZKdm8vA LE FIVE Paris 18-ChIJPVT4_n1u5kcRzji6FdTBXXo
10/03/2024;21:00 19:00 23:00;6eiD9ZmhwXCtE02rWDVU;7 2;LE FIVE Bobigny-ChIJV8UONORs5kcRXxR5Qd7x130 LE FIVE Villette-ChIJTUFnQjps5kcR0pHITLTw1PI UrbanSoccer - Porte d'Aubervilliers-ChIJ0dXjDCZs5kcRvX0EpMwxsUY
02/03/2024;9:00 9:30 10:00 10:30 11:00 11:30 12:00 12:30 13:00 13:30 14:00 14:30 15:00 15:30 16:00 16:30 17:30 17:00 18:00 18:30 19:00;6fayxrCDE3yIbHgMLgKk;6;LE FIVE Bobigny-ChIJV8UONORs5kcRXxR5Qd7x130 LE FIVE Montreuil-ChIJJdTQjr0T5kcRZmGxtIJVy44 UrbanSoccer - Porte d'Aubervilliers-ChIJ0dXjDCZs5kcRvX0EpMwxsUY LE FIVE Paris 18-ChIJPVT4_n1u5kcRzji6FdTBXXo LE FIVE Marville - La Courneuve-ChIJ2dHdMZxr5kcR0aKYHYsp0pY
15/02/2024;17:30 18:00 18:30 19:00 19:30 20:00 20:30 21:00 21:30 22:30 22:00 23:30 23:00;6g49opsnZdYinCDwDuQw;1 2 3 4 5 6 7;LE FIVE Annemasse-ChIJVc4JI-FtjEcRkBpWIDCVoII Union Sportive Annemasse Ambilly Gaillard-ChIJwcUpkP1xjEcR9-0zaUNgmUQ
19/03/2024;19:00 19:30 20:00 20:30 21:00 21:30 22:00;6gZqFJRncFnntCKrIkUU;1 2 3 4 5;UrbanSoccer - Marne-La-Vallée-ChIJ6bDBiosP5kcROXiloHzSdhc
08/02/2024;14:00 14:30 15:00 15:30 16:00 16:30 17:00 17:30 18:00 18:30 19:00 19:30 20:00;6jiU3R104FRgFbU0marz;1 2 3 4 5;UrbanSoccer Bordeaux-Pessac-ChIJTZ1wTCnZVA0Ra5hHoMEPn3I UrbanSoccer - Bordeaux Mérignac-ChIJxWBxmALaVA0Rop0OWS3Q3fY
06/02/2024;0,5;6k1oWwCr5knh5ixuqgXd;4;UrbanSoccer - Puteaux-ChIJM_sC0-Nk5kcRhL1y_EFIje8
24/02/2024;0,416666667;6pcP5vub6xQez64TJjrx;2 3 4 5 6;UrbanSoccer - Toulouse Sept Deniers-ChIJk5nUBdOkrhIRP-1aUJzo-lA UrbanSoccer - Toulouse Montaudran-ChIJl772e0u8rhIR2foRX4Xa2CI Play Soccer-ChIJQ-UxZn-5rhIRKWoQydM5T9s
03/02/2024;19:00 19:30 20:00 20:30 21:00;6qDRTJxIg5kWPq1jRPRL;1 2 3 4 5 6 7;UrbanSoccer - Montpellier-ChIJVXFMq4ylthIRtrZPBHOMTAc Le Five Football Club-ChIJ2alyFouvthIR-e3SgdzFnwE GGL Stadium-ChIJq8eCukCuthIRjnxyAMXgn84 BUBBLE FOOT MONTPELLIER BUL'FOOT-ChIJy7XMFDylthIRn6TeXm2Z4JE Insport Montpellier - Près d'arènes-ChIJJWIca-qvthIRHxcGJpAq4kA Stade Rachid Malla-ChIJZSdggI6uthIRQMhiblgL7YI FDI Stadium-ChIJD26YbyWvthIRkxW-k1Kq76o UrbanVillage Montpellier-ChIJcZlHDFilthIR7hRJJwgCpD8 AR'SOCCER-ChIJK8zAN7ivthIR35hQJsramBE Stade de la Mosson-ChIJK1IpmDqsthIRawA9nhlW4Jk Stade Municipal-ChIJ6aDhBPWuthIRaT-z5XyIDdk Stade Bernard Giambronne-ChIJJ4CE_smvthIRzecaW-crpFo Terrain de football-ChIJVTcCLM6vthIRUrO7ZCnumys Centre d'Entraînement MHSC Bernard-Gasset Diadora Utility-ChIJQyi5U5-lthIRVEHbIdrp9bo Terrain de Football de la Cité Astruc-ChIJcQgO2veuthIR-XR0Pz8RQAg Five Pizza Original - Montpellier-ChIJ9c-D2fOvthIRPLa0E9GJFiY Stade Eric Béchu-ChIJY0LnjkCuthIR4Jt2tBkm6uE Sudsport 34-ChIJh-FIwF9MsRIRUsGpL0o88QE Terrain de foot Jeannot Véga-ChIJf-9hPZmvthIRo5mI6dlPlhc Urban Padel - Club de Padel Montpellier-ChIJ57O9asmlthIR9L7LO01nxWQ
07/02/2024;16:00 20:30 16:30 17:00 17:30 18:30 18:00 19:00 19:30 20:00 15:00 15:30 14:00 14:30 13:00 13:30 12:00 12:30;6qjbtrQdJ7fLGEMFskWZ;3 4 1 2;UrbanSoccer - Porte d'Aubervilliers-ChIJ0dXjDCZs5kcRvX0EpMwxsUY UrbanSoccer La Défense-ChIJh4rnfVhk5kcRV2Q-ZKdm8vA
01/03/2024;14:00 15:00 14:30 15:30 16:00 16:30 17:30 19:00 17:00 18:00 18:30 19:30 20:00 20:30 21:00 21:30 22:00;6yzk9Xwds2WXs3R2TzB8;6 7 5;Sport dans la Ville Rhône-Alpes-ChIJoUEDcmvr9EcRILCz6hDCQ2o F5 Foot Five-ChIJjUbM5G7A9EcRW3mlkrhyXxY We Are Sports-ChIJFZU5oBHC9EcRJTFrSkI1xxg UrbanSoccer - Lyon Parilly-ChIJx3FQWjLC9EcRrrQb2eV7i_4
02/03/2024;19:30 20:00 20:30 21:00;7DcXLW1pN8G5n5al1PiW;2;LE FIVE Paris 18-ChIJPVT4_n1u5kcRzji6FdTBXXo UrbanSoccer - Quai d'Ivry-ChIJfXxYJ0xy5kcRw9xTkF6-FZQ LE FIVE Paris 17-ChIJ7eI8sFNv5kcR5xy52Wc57NU UrbanSoccer - Porte d'Aubervilliers-ChIJ0dXjDCZs5kcRvX0EpMwxsUY LE FIVE Villette-ChIJTUFnQjps5kcR0pHITLTw1PI LE FIVE Bobigny-ChIJV8UONORs5kcRXxR5Qd7x130 UrbanSoccer - Asnières-ChIJi5LkLT9v5kcRSlhScqEFNWs LE FIVE Montreuil-ChIJJdTQjr0T5kcRZmGxtIJVy44 FOOT IN FIVE-ChIJoUR0syFp5kcRUlStnwluaYY UrbanSoccer La Défense-ChIJh4rnfVhk5kcRV2Q-ZKdm8vA UrbanSoccer - Puteaux-ChIJM_sC0-Nk5kcRhL1y_EFIje8 LE FIVE Marville - La Courneuve-ChIJ2dHdMZxr5kcR0aKYHYsp0pY
17/03/2024;9:00 9:30 10:00 10:30 11:00 11:30 12:00 12:30 13:00 13:30 14:00 14:30 15:00 15:30 16:00 17:30 16:30 18:00 20:00 20:30 19:30 18:30 17:00 19:00 23:00 22:00 21:00 21:30 22:30 23:30;7Ei92a6hoDKwOd8B5vHu;7 6 5 4 3 2 1;Sport dans la Ville Rhône-Alpes-ChIJoUEDcmvr9EcRILCz6hDCQ2o F5 Foot Five-ChIJjUbM5G7A9EcRW3mlkrhyXxY We Are Sports-ChIJFZU5oBHC9EcRJTFrSkI1xxg UrbanSoccer - Lyon Parilly-ChIJx3FQWjLC9EcRrrQb2eV7i_4 LE 5 DE LEGENDE-ChIJAQNaA3nc9EcRYvB35x41mBs UrbanSoccer - Lyon Barolles-ChIJN4l-IC3v9EcRf9QJKIVC_aY LE FIVE OL-ChIJmz3whejH9EcR3j9ApNRukKE Sun Set Soccer-ChIJ-2jOt33D9EcRLZL2mS5Gvz4 Factory Sport Games-ChIJNcDntQGO9EcR3CbXF7xfc5o
14/03/2024;9:00 10:00 11:00 9:30 10:30 12:30 11:30 12:00 13:30 14:00 15:30 14:30 13:00 16:30 15:00 18:30 17:30 16:00 17:00 18:00 19:30 21:30 20:30 19:00 20:00 21:00 22:00 23:30 22:30 23:00;7Fjn7SyyoqxNXFKUKzPg;1 2 3 4 5 6 7;UrbanSoccer - Grenoble-ChIJX6YWdrz1ikcRwdG7lUc49fg
10/03/2024;0,8125;7JgZ20OaumGq77dQOesi;5 6 7 4 3 2 1;Play Soccer-ChIJQ-UxZn-5rhIRKWoQydM5T9s Events Five-ChIJf8cSCJG5rhIRoQadPH-wW1U UrbanSoccer - Toulouse Sept Deniers-ChIJk5nUBdOkrhIRP-1aUJzo-lA
28/02/2024;12:00 12:30 13:00 18:00 18:30 19:00 19:30;7NJeIicw5V6qmX4WSRYa;3 2 1;LE FIVE Paris 17-ChIJ7eI8sFNv5kcR5xy52Wc57NU LE FIVE Paris 13-ChIJ_bOSChhz5kcRZMTeq_6Gdzg
09/02/2024;23:30 23:00 22:30 22:00 21:30 21:00 20:30 20:00 19:30 19:00 18:30 18:00 17:30 17:00;7T3RpDU9v9FjlQCihs0A;7 6 5 4 3 2 1;Champions Five-ChIJX7pTGkosi0cR22J6MKLnxdw
05/02/2024;0,833333333;7VrElkEXE6guaEq8iejV;2;Game 13 foot indoor-ChIJNSDvlsXryRIRUXao9hwB79I
05/03/2024;10:00 11:00 12:00 13:00 15:00 14:00 10:30 11:30 12:30 13:30 14:30 15:30 16:30 16:00 17:30 17:00 18:00 18:30 19:30 19:00 20:00 20:30 21:30 21:00 22:00 22:30;7XcBJjVxRHiKAlVWBOBS;6 7;LE PARK Noisy-ChIJdUHbID8O5kcRV5lQhiHTvhs
27/02/2024;10:00 11:00;7YGTY8ebMe9LTsL9JVVR;7;UrbanSoccer - Marne-La-Vallée-ChIJ6bDBiosP5kcROXiloHzSdhc LE PARK Noisy-ChIJdUHbID8O5kcRV5lQhiHTvhs
21/02/2024;9:00 9:30 10:30 11:30 10:00 11:00 12:30 12:00 13:00 13:30 14:30 14:00 15:30 15:00 16:00 16:30 17:30 17:00 18:30 18:00 19:00 19:30 20:30 20:00 21:00 21:30 22:30 22:00 23:30 23:00;7aliqX3YhPEurzvCJS2D;7 6 5 4 3 2 1;UrbanSoccer - Quai d'Ivry-ChIJfXxYJ0xy5kcRw9xTkF6-FZQ LE FIVE Paris 13-ChIJ_bOSChhz5kcRZMTeq_6Gdzg LE FIVE Montreuil-ChIJJdTQjr0T5kcRZmGxtIJVy44 LE FIVE Créteil-ChIJ88lx3VwL5kcRVxCh4lD6_Gk LE FIVE Paris 18-ChIJPVT4_n1u5kcRzji6FdTBXXo LE FIVE Villette-ChIJTUFnQjps5kcR0pHITLTw1PI LE FIVE Paris 17-ChIJ7eI8sFNv5kcR5xy52Wc57NU UrbanSoccer - Puteaux-ChIJM_sC0-Nk5kcRhL1y_EFIje8
14/03/2024;21:30 22:00 22:30 23:00 23:30;7hMgNzqs3TkaaH6RfeFV;5 6 7;BIG5-ChIJsb_7TJFp5kcRSPL5VqZulr4 LE FIVE Sarcelles-ChIJ6_q3Fxhq5kcRCpoEwnoXX1Q FOOT IN FIVE-ChIJoUR0syFp5kcRUlStnwluaYY LE FIVE Marville - La Courneuve-ChIJ2dHdMZxr5kcR0aKYHYsp0pY LE FIVE Bobigny-ChIJV8UONORs5kcRXxR5Qd7x130
06/03/2024;22:00 22:30 23:00 23:30;7kSpmLnjr4Z7N7VRblYo;1 2 3 4 5 6 7;UrbanSoccer - Quai d'Ivry-ChIJfXxYJ0xy5kcRw9xTkF6-FZQ LE FIVE Paris 13-ChIJ_bOSChhz5kcRZMTeq_6Gdzg LE FIVE Montreuil-ChIJJdTQjr0T5kcRZmGxtIJVy44 LE FIVE Villette-ChIJTUFnQjps5kcR0pHITLTw1PI UrbanSoccer - Porte d'Aubervilliers-ChIJ0dXjDCZs5kcRvX0EpMwxsUY LE FIVE Paris 18-ChIJPVT4_n1u5kcRzji6FdTBXXo LE FIVE Paris 17-ChIJ7eI8sFNv5kcR5xy52Wc57NU
01/03/2024;18:00 18:30 19:00 19:30 20:30 20:00 21:00 21:30 22:30 22:00 23:00 23:30;7lBHJCy3nJcmyxzgrcNS;1 2 3 4 5 6 7;LE FIVE Paris 18-ChIJPVT4_n1u5kcRzji6FdTBXXo LE FIVE Paris 17-ChIJ7eI8sFNv5kcR5xy52Wc57NU
02/03/2024;0,791666667;7o8OozoaYfQyHTIAsGkz;1;Stade Gilles Joye-ChIJw2BPcJnzyRIRLzzgcSTD9TM
11/02/2024;21:30 20:30 19:30 18:30 17:00 17:30 18:00 19:00 20:00 21:00;7oqFK6PXOPMOSFOT0Pm7;1 2 3 4 5 6 7;UrbanSoccer - Lyon Parilly-ChIJx3FQWjLC9EcRrrQb2eV7i_4 Urban Soccer-ChIJQa9SIC3v9EcR6KzO4cOApok F5 Foot Five-ChIJjUbM5G7A9EcRW3mlkrhyXxY Sun Set Soccer-ChIJ-2jOt33D9EcRLZL2mS5Gvz4 Grand terrain de foot-ChIJCTmfZAg99UcR9od2EU722qM
09/03/2024;19:00 20:00 21:00 22:00 23:00 23:30 22:30 21:30 20:30 19:30 18:30 17:30 18:00 17:00 16:00 15:30 16:30 15:00 14:00 14:30 13:30 13:00 12:00 12:30 11:00 11:30 10:30 10:00 9:30 9:00;7pw2DN9xi8HPxSPSiX8q;1 2 3 4 5 6 7;LE FIVE Bobigny-ChIJV8UONORs5kcRXxR5Qd7x130 OHSPORT-ChIJHeG9fA4X5kcRbGNzVY5Ud5I LE FIVE Villette-ChIJTUFnQjps5kcR0pHITLTw1PI LE FIVE Paris 18-ChIJPVT4_n1u5kcRzji6FdTBXXo LE FIVE Marville - La Courneuve-ChIJ2dHdMZxr5kcR0aKYHYsp0pY TEAMS 5-ChIJMwJ3mggV5kcRQVflQLRJ4Ow
18/03/2024;14:30 15:00 15:30 16:00 16:30 17:00 17:30 18:00 18:30;7rpMRj3xAO07fW2TVbxG;1 6 7;Terrain de football Synthétique n°1-ChIJqfdoIdFl5kcRqwddHG1PcBc Stade Olympique Yves du Manoir-ChIJYeUIntpl5kcRZsN35flVVAY Stade Yves du Manoir-ChIJkWzZ9ol45kcRWLj2sGNm3R4
02/02/2024;19:00 19:30 20:00 20:30 21:00;7vCED0ZnAHWUwGpWMtha;1 2 3 4 5 6 7;KIPSTADIUM : Centre de Pratique dédié aux Sports Collectifs-ChIJydcoT88ow0cRLnHvlF-Z_jE
29/02/2024;16:00 20:30 20:00 19:30 19:00 18:30 18:00 17:30 17:00 16:30;7xxj5Uyi8OnlGBQraNiY;4 5;Sport dans la Ville Rhône-Alpes-ChIJoUEDcmvr9EcRILCz6hDCQ2o F5 Foot Five-ChIJjUbM5G7A9EcRW3mlkrhyXxY UrbanSoccer - Lyon Parilly-ChIJx3FQWjLC9EcRrrQb2eV7i_4 UrbanSoccer - Lyon Barolles-ChIJN4l-IC3v9EcRf9QJKIVC_aY
06/03/2024;17:00 18:00 19:00 20:00 21:00 17:30 18:30 19:30 20:30 21:30 22:00 9:00 10:00 11:00 12:00 13:00 14:00 15:00 16:00 16:30 15:30 14:30 13:30 12:30 11:30 10:30 9:30 22:30 23:00 23:30;80Qv5qCcBWwt9xGO8p0E;5 6 7;UrbanSoccer - Toulouse Sept Deniers-ChIJk5nUBdOkrhIRP-1aUJzo-lA UrbanSoccer - Toulouse Montaudran-ChIJl772e0u8rhIR2foRX4Xa2CI Play Soccer-ChIJQ-UxZn-5rhIRKWoQydM5T9s LE FIVE Colomiers-ChIJ8wxhgGexrhIRm698kMPQIRw Events Five-ChIJf8cSCJG5rhIRoQadPH-wW1U Classico Foot-ChIJFV442oCxrhIRgsZy5aIbkNs
24/02/2024;9:00 10:30 9:30 10:00 11:30 11:00 12:00 12:30 13:00 14:30 23:30 23:00 22:30 22:00 21:30 21:00 20:30 20:00 19:30 19:00 18:30 18:00 17:30 17:00 16:30 16:00 15:30 15:00 14:00 13:30;81tNKfLcOEtkfRYzfNAE;6 7;UrbanSoccer - Marne-La-Vallée-ChIJ6bDBiosP5kcROXiloHzSdhc
21/02/2024;9:00 9:30 10:00 10:30 11:00 11:30 12:30 12:00 13:30 13:00 14:30 14:00 15:00 15:30 16:30 16:00 17:30 17:00 18:30 18:00 19:00 19:30 20:30 20:00 21:30 21:00 22:30 22:00 23:30 23:00;85bldFmDq9B64KUHo7zb;1 2 4 3 5 6 7;Speed Soccer Five-ChIJ2xTNglV25kcR3UDi4AXGfDU LE FIVE Morangis-ChIJA4uAhOXZ5UcRp-vZXZP-ovY UrbanSoccer Orsay-ChIJpZIJg7J45kcRrKWKhtbfnEQ Stadium Thiais-ChIJ64X9jzx05kcRsHvSfOv6UcA UrbanSoccer Meudon-ChIJ0WKvjbh75kcRoqSmyWwW2jQ LE FIVE Paris 13-ChIJ_bOSChhz5kcRZMTeq_6Gdzg UrbanSoccer - Quai d'Ivry-ChIJfXxYJ0xy5kcRw9xTkF6-FZQ LE FIVE Créteil-ChIJ88lx3VwL5kcRVxCh4lD6_Gk UrbanSoccer Evry-ChIJW0Ut1G7e5UcRt621n2fRQ5M UrbanSoccer Guyancourt-ChIJmdX-2c-A5kcRj1wtOS8rZmo UrbanSoccer - Puteaux-ChIJM_sC0-Nk5kcRhL1y_EFIje8 UrbanSoccer La Défense-ChIJh4rnfVhk5kcRV2Q-ZKdm8vA Élite 5 Soccer-ChIJ5-jfdlZk5kcRYIaELgvikaM LE FIVE Paris 17-ChIJ7eI8sFNv5kcR5xy52Wc57NU LE FIVE Paris 18-ChIJPVT4_n1u5kcRzji6FdTBXXo
25/02/2024;19:00 19:30 9:30 10:00 10:30;88UxSMEtEKZN3KL1JpvJ;6 7;LE FIVE Bobigny-ChIJV8UONORs5kcRXxR5Qd7x130 LE FIVE Montreuil-ChIJJdTQjr0T5kcRZmGxtIJVy44 LE FIVE Paris 18-ChIJPVT4_n1u5kcRzji6FdTBXXo UrbanSoccer - Porte d'Aubervilliers-ChIJ0dXjDCZs5kcRvX0EpMwxsUY
07/03/2024;10:00 9:00 10:30;890fLAO7kCj9IifEjr8X;6;VERSUSFOOT Thiais-ChIJn2R2NT905kcRjqB29qldBxk Stadium Thiais-ChIJ64X9jzx05kcRsHvSfOv6UcA LE FIVE Créteil-ChIJ88lx3VwL5kcRVxCh4lD6_Gk LE FIVE Morangis-ChIJA4uAhOXZ5UcRp-vZXZP-ovY
16/03/2024;17:30 17:00 18:00;8CfQPcDBcW4QpBZA8rxM;2 1 3 4 5;LE FIVE Paris 18-ChIJPVT4_n1u5kcRzji6FdTBXXo LE FIVE Paris 13-ChIJ_bOSChhz5kcRZMTeq_6Gdzg LE FIVE Paris 17-ChIJ7eI8sFNv5kcR5xy52Wc57NU
17/02/2024;0,8125;8EAV5wqgJT6169X7bbqU;1 2 3 4;UrbanSoccer - Toulouse Montaudran-ChIJl772e0u8rhIR2foRX4Xa2CI UrbanSoccer - Toulouse Sept Deniers-ChIJk5nUBdOkrhIRP-1aUJzo-lA Events Five-ChIJf8cSCJG5rhIRoQadPH-wW1U Play Soccer-ChIJQ-UxZn-5rhIRKWoQydM5T9s Classico Foot-ChIJFV442oCxrhIRgsZy5aIbkNs
29/02/2024;11:00 11:30 12:00 12:30 13:00 13:30 14:00 14:30 15:30 15:00 16:30 16:00 17:00 17:30 18:00 18:30 19:00 19:30 20:00;8Euz8fFMw3Zefh6cCk6p;6 7;UrbanSoccer - Quai d'Ivry-ChIJfXxYJ0xy5kcRw9xTkF6-FZQ
03/02/2024;9:00 9:30 10:00 10:30 11:00 11:30 12:00 12:30 13:00 13:30 14:00 14:30 15:00 15:30 16:00 16:30 17:00 17:30 18:00 18:30 19:00 19:30 20:00 20:30 21:00 21:30 22:30 22:00 23:00 23:30;8IL4lP2EOF9yFz6wOIbP;7;UrbanSoccer Orsay-ChIJpZIJg7J45kcRrKWKhtbfnEQ
16/03/2024;18:00 18:30 19:00 19:30 20:00 20:30 21:00 21:30 22:00;8IZvwv5Ios1A2z0JwiHp;1 2 3 4;UrbanSoccer - Quai d'Ivry-ChIJfXxYJ0xy5kcRw9xTkF6-FZQ LE FIVE Paris 13-ChIJ_bOSChhz5kcRZMTeq_6Gdzg Stadium Thiais-ChIJ64X9jzx05kcRsHvSfOv6UcA VERSUSFOOT Thiais-ChIJn2R2NT905kcRjqB29qldBxk LE FIVE Créteil-ChIJ88lx3VwL5kcRVxCh4lD6_Gk
15/03/2024;0,541666667;8OYj05TxDH4LAig1DmBD;1 2 3 4 5 6 7;Foot POWER 5-ChIJuTCIFshm5kcRBtEQJ76dAzc Foot-Max Argenteuil-ChIJi9oIzaRm5kcRJYcK7QsdRMU UrbanSoccer - Asnières-ChIJi5LkLT9v5kcRSlhScqEFNWs LE FIVE Bezons-ChIJ71Mv0Wpk5kcRg-H9x7L-dXo UrbanSoccer La Défense-ChIJh4rnfVhk5kcRV2Q-ZKdm8vA
06/03/2024;10:00 10:30 11:00 9:30;8OltRpNpIT8r6LuEKFSC;7;UrbanSoccer - Porte d'Aubervilliers-ChIJ0dXjDCZs5kcRvX0EpMwxsUY UrbanSoccer La Défense-ChIJh4rnfVhk5kcRV2Q-ZKdm8vA UrbanSoccer - Puteaux-ChIJM_sC0-Nk5kcRhL1y_EFIje8 UrbanSoccer - Asnières-ChIJi5LkLT9v5kcRSlhScqEFNWs UrbanSoccer Meudon-ChIJ0WKvjbh75kcRoqSmyWwW2jQ
04/03/2024;19:00 19:30 20:00 20:30 21:00 21:30;8Rsge3lmgeJ5gLwwgoSa;1 2 3;LE FIVE Paris 17-ChIJ7eI8sFNv5kcR5xy52Wc57NU UrbanSoccer - Asnières-ChIJi5LkLT9v5kcRSlhScqEFNWs LE FIVE Paris 18-ChIJPVT4_n1u5kcRzji6FdTBXXo UrbanSoccer - Porte d'Aubervilliers-ChIJ0dXjDCZs5kcRvX0EpMwxsUY
04/03/2024;0,5625;8Uk5X0PuplQxM2cD6mYx;7;FIVE ARENA MEAUX-ChIJ02bKSuih6EcRb796CXVbkVs
07/03/2024;0,916666667;8W9bdJHlSdlCDxCpMq6f;4;Stadium Thiais-ChIJ64X9jzx05kcRsHvSfOv6UcA
19/03/2024;15:00 18:00 19:00 20:00 13:00;8b9bTE62EW9mVGtNxMpY;2 4 5;Massilia Foot Indoor 2-ChIJxZ6UmMW-yRIRfYNGGPPJfIU Le 13 - Foot en salle - Marseille-ChIJR62kUm_ByRIRDnGQqGCeUVQ STADIUM FOOT 5 VILLAGE-ChIJbbOWFtC4yRIR0WXVerbWmnE Le Mercato FOOT INDOOR-ChIJzRK7HJy_yRIRqEreyEiAfC0 Massilia Five-ChIJxZ6UmMW-yRIR7ot5DChYj4w MONCLUB 2.0-ChIJv9owGLm-yRIRfuDnd3G6nR4 Game 13 foot indoor-ChIJNSDvlsXryRIRUXao9hwB79I Evolution Football-ChIJX0YulIi8yRIRnGh62u3UXTQ FOOT INDOOR Marseille-ChIJ41AMCxC8yRIRLHLGt11sc-U LE FIVE Vitrolles-ChIJi4A-IrHoyRIRunoYLEGNeYI Monclub Futbol-ChIJGbxxaamUyRIRgGvhHnhJStA Le B3 Soccer-ChIJa69uraDryRIRRlY7a07cUqU Z5 Aix-ChIJKb-U_9KSyRIRKIFKbH5mW18
18/03/2024;11:00 14:00 13:00 15:00;8gR5Op3jxw8ZFNfQawCy;1 2 3 4 5 6 7;Sporting Club Municipal Châtillonnais - Football-ChIJrUCkXI5w5kcR3IVQ7VKP1As
26/02/2024;0,791666667;8h2Bzo73gcsqh3PFw00s;1;BALL CONCEPT Monplaisir-ChIJn7xJyorytRIR5fCxB3seBOs EFIVE Avignon Vedene-ChIJd-UEcsXztRIRA9jWoQe2RtU Avisports-ChIJMW5LP0fstRIR1RUOcG2lvwY FOOT INDOOR 84-ChIJ_fXJygyNtRIRWrG_JSu4V3w
10/03/2024;0,791666667;8iVz4XyambxUZpO0QfHL;6 7 3 5;LE FIVE Bezons-ChIJ71Mv0Wpk5kcRg-H9x7L-dXo UrbanSoccer La Défense-ChIJh4rnfVhk5kcRV2Q-ZKdm8vA
13/03/2024;0,75;8n1Xd4hIGBkjXwv9Fkya;3;LE FIVE Bezons-ChIJ71Mv0Wpk5kcRg-H9x7L-dXo
28/02/2024;9:00 10:00 11:00 12:00 13:00 14:00 15:00 16:00 17:00 18:00 19:00 20:00 21:00 22:00 23:00 23:30 22:30 21:30 20:30 19:30 18:30 17:30 16:30 15:30 14:30 13:30 12:30 11:30 10:30 9:30;8nuzZDD4TSMpSsahEo0P;1 2 3 4 5 6 7;GOPARK Pontoise-ChIJ2cJmdhf15kcRQ4mUOxIVzd0
16/03/2024;9:00 9:30 10:00 10:30 11:00 11:30 12:00 12:30 13:00 13:30 14:00 14:30 15:30 15:00 16:00 16:30 17:00 17:30 18:00 18:30 19:00 19:30 20:00 20:30 21:00 21:30 22:00 22:30 23:00 23:30;8sWWB0JiaODLWRFsg6w7;1 2 3 4 5 6 7;Foot en salle Montauban - THE SOC5CER-ChIJUc4N5XYSrBIRidC7hrwrqJ0 Montauban Football Club-ChIJ-40MDQISrBIR57tb_ZEHREk Urban Fit Center salle de sport-ChIJdSnfKPcNrBIRms4Rckkxe7s Stade du Port Canal-ChIJhdEgjHcPrBIRPdsaQQ0BPDw Stade de Capou-ChIJU8u0ieMNrBIRaj1QOG3lx44 District du Tarn et Garonne de Football-ChIJWaIFuVkOrBIRNkIJzO7IP9k UrbanSoccer - Toulouse Montaudran-ChIJl772e0u8rhIR2foRX4Xa2CI UrbanSoccer - Toulouse Sept Deniers-ChIJk5nUBdOkrhIRP-1aUJzo-lA Stadium TFC-ChIJrdOmQoS7rhIRzeO9R0fpiiU Stadium de Toulouse-ChIJ-UhgLMC7rhIRf3C4uNwHcfU Toulouse Futsal-ChIJTb6B0f66rhIREO_CI5byZpI Toulouse Futsal Club-ChIJTb6B0f66rhIR9469VoAJe7A Stade des Fontaines-ChIJMach8hK7rhIRL5qkNjCidv0 Terrain de foot-ChIJiRAsghi9rhIR26HPkjTfwAQ Espaces du Stadium-ChIJAQDAA4W7rhIReNwRtLIGNSA Terrain de Football-ChIJR6zFBAq9rhIR50E3fb8GV60 Union Sportive Montbartier Section Football-ChIJgV3kemkGrBIRZqIA643hsp0 Stade de Montbeton-ChIJP1NVTQANrBIRrl1ieFWkbkw Stade Jean Bourdette-ChIJxcvQyHAJrBIRUlyzMIi6Rao Stade Chemin de Montagne-ChIJcR2aTW4LrBIRUQm8AYhvUeQ
09/02/2024;9:00 10:00 11:00 12:00 13:00 14:00 15:00 16:00 17:00 18:00 9:30 10:30 11:30 12:30 13:30 14:30 15:30 16:30 17:30 18:30 19:00 19:30 20:00 20:30 21:00 22:00 23:00 23:30 22:30 21:30;8wIbV6eOXFA49CitcmrF;1 2 3 4 5 6 7;UrbanSoccer - Marne-La-Vallée-ChIJ6bDBiosP5kcROXiloHzSdhc
17/03/2024;0,875;8xDyLKolnwVv9drZnZUF;5 6 7;UrbanSoccer - Puteaux-ChIJM_sC0-Nk5kcRhL1y_EFIje8 UrbanSoccer La Défense-ChIJh4rnfVhk5kcRV2Q-ZKdm8vA
25/02/2024;0,75;8yGUIv2YVfZ9eXGKMNV6;2 3;Sport dans la Ville Rhône-Alpes-ChIJoUEDcmvr9EcRILCz6hDCQ2o
06/02/2024;17:30 18:00 18:30 19:00 19:30 20:00 20:30 21:00;91XYUAEH9WCOnfWk9hKJ;5;LE FIVE Paris 13-ChIJ_bOSChhz5kcRZMTeq_6Gdzg LE FIVE Paris 18-ChIJPVT4_n1u5kcRzji6FdTBXXo UrbanSoccer - Quai d'Ivry-ChIJfXxYJ0xy5kcRw9xTkF6-FZQ LE FIVE Paris 17-ChIJ7eI8sFNv5kcR5xy52Wc57NU UrbanSoccer - Porte d'Aubervilliers-ChIJ0dXjDCZs5kcRvX0EpMwxsUY UrbanSoccer - Asnières-ChIJi5LkLT9v5kcRSlhScqEFNWs UrbanSoccer La Défense-ChIJh4rnfVhk5kcRV2Q-ZKdm8vA
04/03/2024;14:00 14:30 15:00 15:30 16:00;92FbhtNqrKuOzA312LHQ;7;Foot-Max Argenteuil-ChIJi9oIzaRm5kcRJYcK7QsdRMU LE FIVE Bezons-ChIJ71Mv0Wpk5kcRg-H9x7L-dXo UrbanSoccer - Asnières-ChIJi5LkLT9v5kcRSlhScqEFNWs Foot POWER 5-ChIJuTCIFshm5kcRBtEQJ76dAzc
04/02/2024;11:00 11:30 12:00 12:30 13:00 13:30 14:00 14:30 15:00 15:30 16:00 16:30 17:00 17:30 18:00 18:30 19:00 19:30 20:00 20:30 21:00 21:30 22:00;930HV8r1zeNDZpU8JzbR;1 2 3 4 5 6 7;UrbanSoccer - Montpellier-ChIJVXFMq4ylthIRtrZPBHOMTAc Le Five Football Club-ChIJ2alyFouvthIR-e3SgdzFnwE GGL Stadium-ChIJq8eCukCuthIRjnxyAMXgn84 BUBBLE FOOT MONTPELLIER BUL'FOOT-ChIJy7XMFDylthIRn6TeXm2Z4JE Insport Montpellier - Près d'arènes-ChIJJWIca-qvthIRHxcGJpAq4kA FDI Stadium-ChIJD26YbyWvthIRkxW-k1Kq76o Stade Rachid Malla-ChIJZSdggI6uthIRQMhiblgL7YI UrbanVillage Montpellier-ChIJcZlHDFilthIR7hRJJwgCpD8 AR'SOCCER-ChIJK8zAN7ivthIR35hQJsramBE Stade Municipal-ChIJ6aDhBPWuthIRaT-z5XyIDdk Stade de la Mosson-ChIJK1IpmDqsthIRawA9nhlW4Jk Stade Bernard Giambronne-ChIJJ4CE_smvthIRzecaW-crpFo Terrain de football-ChIJVTcCLM6vthIRUrO7ZCnumys Centre d'Entraînement MHSC Bernard-Gasset Diadora Utility-ChIJQyi5U5-lthIRVEHbIdrp9bo Terrain de Football de la Cité Astruc-ChIJcQgO2veuthIR-XR0Pz8RQAg Five Pizza Original - Montpellier-ChIJ9c-D2fOvthIRPLa0E9GJFiY Stade Eric Béchu-ChIJY0LnjkCuthIR4Jt2tBkm6uE Sudsport 34-ChIJh-FIwF9MsRIRUsGpL0o88QE Terrain de foot Jeannot Véga-ChIJf-9hPZmvthIRo5mI6dlPlhc Urban Padel - Club de Padel Montpellier-ChIJ57O9asmlthIR9L7LO01nxWQ MUC Football-ChIJ51zPleGuthIRSRtPS6T5688 MUC Football-ChIJ89vvgSOvthIRzrjpvaftRVY
17/02/2024;18:00 19:00 20:00 18:30 19:30 17:00 17:30;97bjoszUWp9bPSUohK8Z;1 2 3 4 5;LE FIVE Villette-ChIJTUFnQjps5kcR0pHITLTw1PI LE FIVE Paris 18-ChIJPVT4_n1u5kcRzji6FdTBXXo LE FIVE Paris 17-ChIJ7eI8sFNv5kcR5xy52Wc57NU LE FIVE Paris 13-ChIJ_bOSChhz5kcRZMTeq_6Gdzg UrbanSoccer - Porte d'Aubervilliers-ChIJ0dXjDCZs5kcRvX0EpMwxsUY LE FIVE Montreuil-ChIJJdTQjr0T5kcRZmGxtIJVy44
08/03/2024;20:00 20:30 21:00 21:30;98aM3qzkD4TCqIsHBSU5;5 6 7;LE FIVE Créteil-ChIJ88lx3VwL5kcRVxCh4lD6_Gk
19/03/2024;9:00 22:00;98gDWJx8wKH7y5EOTom7;5 2;UrbanSoccer - Marne-La-Vallée-ChIJ6bDBiosP5kcROXiloHzSdhc LE PARK Noisy-ChIJdUHbID8O5kcRV5lQhiHTvhs LE FIVE Champigny-ChIJsXi1PLYN5kcRTVVDuczgS2s Top Ten-ChIJfXprBx4b5kcRmhe-5pLZUek LE PARK Servon-ChIJMU8gErUJ5kcRSnpvacKwFtM LE FIVE Créteil-ChIJ88lx3VwL5kcRVxCh4lD6_Gk LE FIVE Montreuil-ChIJJdTQjr0T5kcRZmGxtIJVy44 Footbox-ChIJY-WkusIR5kcR-tEad3UtaSQ OHSPORT-ChIJHeG9fA4X5kcRbGNzVY5Ud5I Stadium Thiais-ChIJ64X9jzx05kcRsHvSfOv6UcA LE FIVE Paris 13-ChIJ_bOSChhz5kcRZMTeq_6Gdzg LE FIVE Bobigny-ChIJV8UONORs5kcRXxR5Qd7x130 VERSUSFOOT Thiais-ChIJn2R2NT905kcRjqB29qldBxk UrbanSoccer - Quai d'Ivry-ChIJfXxYJ0xy5kcRw9xTkF6-FZQ Power Five-ChIJ6ULNmyh15kcRV9cjbnBjGr8
17/03/2024;20:00 20:30 21:00 21:30 22:00 22:30 19:30;98lsgryDfOY2JkDByaFR;7 6 5 4 3 2 1;LE FIVE Montreuil-ChIJJdTQjr0T5kcRZmGxtIJVy44 LE FIVE Paris 13-ChIJ_bOSChhz5kcRZMTeq_6Gdzg LE FIVE Champigny-ChIJsXi1PLYN5kcRTVVDuczgS2s LE FIVE Créteil-ChIJ88lx3VwL5kcRVxCh4lD6_Gk C S Meaux Academy Football-ChIJ9x-_lUGh6EcRBaxFufu2s3Y CS MEAUX ACADEMY FOOTBALL CLUB-ChIJTTtzEGqh6EcR5vBN53JqNCk FOOT 4 ALL-ChIJg7UjQYah6EcRB8LwD4Z6BuM FIVE ARENA-ChIJ02bKSuih6EcRb796CXVbkVs
29/02/2024;18:30 19:00 19:30 20:00 20:30 21:00 21:30;99S37R82ixTuiYfGD5Ex;5 3 7;F5 Foot Five-ChIJjUbM5G7A9EcRW3mlkrhyXxY LE 5 DE LEGENDE-ChIJAQNaA3nc9EcRYvB35x41mBs LE FIVE OL-ChIJmz3whejH9EcR3j9ApNRukKE UrbanSoccer - Lyon Parilly-ChIJx3FQWjLC9EcRrrQb2eV7i_4 We Are Sports-ChIJFZU5oBHC9EcRJTFrSkI1xxg
11/03/2024;19:00 19:30 18:30 20:00 20:30 18:00 21:00 21:30;9E1jhET56theK0CqQXsv;2;Sport dans la Ville Rhône-Alpes-ChIJoUEDcmvr9EcRILCz6hDCQ2o
23/02/2024;19:00 18:30 19:30 20:00 20:30 18:00;9EG05sHe7ocAE2QtNwqA;2 3 4;Sun Set Soccer-ChIJ-2jOt33D9EcRLZL2mS5Gvz4 UrbanSoccer - Lyon Barolles-ChIJN4l-IC3v9EcRf9QJKIVC_aY
11/03/2024;0,833333333;9IpgAY5wECqTF1mjtIuV;4;LE FIVE Champigny-ChIJsXi1PLYN5kcRTVVDuczgS2s LE FIVE Montreuil-ChIJJdTQjr0T5kcRZmGxtIJVy44 LE PARK Noisy-ChIJdUHbID8O5kcRV5lQhiHTvhs LE FIVE Créteil-ChIJ88lx3VwL5kcRVxCh4lD6_Gk UrbanSoccer - Quai d'Ivry-ChIJfXxYJ0xy5kcRw9xTkF6-FZQ UrbanSoccer - Marne-La-Vallée-ChIJ6bDBiosP5kcROXiloHzSdhc LE FIVE Paris 13-ChIJ_bOSChhz5kcRZMTeq_6Gdzg LE FIVE Bobigny-ChIJV8UONORs5kcRXxR5Qd7x130 Footbox-ChIJY-WkusIR5kcR-tEad3UtaSQ Power Five-ChIJ6ULNmyh15kcRV9cjbnBjGr8 VERSUSFOOT Thiais-ChIJn2R2NT905kcRjqB29qldBxk Stadium Thiais-ChIJ64X9jzx05kcRsHvSfOv6UcA LE FIVE Villette-ChIJTUFnQjps5kcR0pHITLTw1PI LE FIVE Paris 18-ChIJPVT4_n1u5kcRzji6FdTBXXo UrbanSoccer - Porte d'Aubervilliers-ChIJ0dXjDCZs5kcRvX0EpMwxsUY LE PARK Servon-ChIJMU8gErUJ5kcRSnpvacKwFtM Top Ten-ChIJfXprBx4b5kcRmhe-5pLZUek LE FIVE Marville - La Courneuve-ChIJ2dHdMZxr5kcR0aKYHYsp0pY LE FIVE Paris 17-ChIJ7eI8sFNv5kcR5xy52Wc57NU Speed Soccer Five-ChIJ2xTNglV25kcR3UDi4AXGfDU
27/02/2024;17:00 17:30 18:00 18:30 19:00 19:30 20:00 20:30 21:00;9LVmOjcEfy8GzBKvawuB;1 2 3 4 5;LE FIVE Paris 13-ChIJ_bOSChhz5kcRZMTeq_6Gdzg UrbanSoccer - Quai d'Ivry-ChIJfXxYJ0xy5kcRw9xTkF6-FZQ Stadium Thiais-ChIJ64X9jzx05kcRsHvSfOv6UcA
03/03/2024;16:00 17:00 18:00 19:00 20:00 21:00 22:00 16:30 17:30 18:30 21:30 20:30 19:30 22:30;9MBhtsjrVYon6FMd03ps;1;Sport dans la Ville Rhône-Alpes-ChIJoUEDcmvr9EcRILCz6hDCQ2o F5 Foot Five-ChIJjUbM5G7A9EcRW3mlkrhyXxY We Are Sports-ChIJFZU5oBHC9EcRJTFrSkI1xxg UrbanSoccer - Lyon Parilly-ChIJx3FQWjLC9EcRrrQb2eV7i_4 LE 5 DE LEGENDE-ChIJAQNaA3nc9EcRYvB35x41mBs UrbanSoccer - Lyon Barolles-ChIJN4l-IC3v9EcRf9QJKIVC_aY LE FIVE OL-ChIJmz3whejH9EcR3j9ApNRukKE Sun Set Soccer-ChIJ-2jOt33D9EcRLZL2mS5Gvz4
21/02/2024;12:00 13:00 14:00 15:00 16:00 17:00;9NxgODMHvtjSm37OYnlS;6 7;UrbanSoccer Meudon-ChIJ0WKvjbh75kcRoqSmyWwW2jQ LE FIVE Créteil-ChIJ88lx3VwL5kcRVxCh4lD6_Gk UrbanSoccer Guyancourt-ChIJmdX-2c-A5kcRj1wtOS8rZmo
25/02/2024;20:00 20:30 21:00;9Vgygw0agfW8eTqoJ3tE;3 2 4;FOOT IN FIVE-ChIJoUR0syFp5kcRUlStnwluaYY BIG5-ChIJsb_7TJFp5kcRSPL5VqZulr4 Foot POWER 5-ChIJuTCIFshm5kcRBtEQJ76dAzc Foot-Max Argenteuil-ChIJi9oIzaRm5kcRJYcK7QsdRMU Le Street Foot en Salle-ChIJt_AXL6Jg5kcRu6rBmnrmeUM Kaiser Park-ChIJsRLZzKFg5kcRBCfNws9nssw UrbanSoccer - Asnières-ChIJi5LkLT9v5kcRSlhScqEFNWs LE FIVE Sarcelles-ChIJ6_q3Fxhq5kcRCpoEwnoXX1Q GOPARK Pontoise-ChIJ2cJmdhf15kcRQ4mUOxIVzd0 LE FIVE Bezons-ChIJ71Mv0Wpk5kcRg-H9x7L-dXo LE FIVE Marville - La Courneuve-ChIJ2dHdMZxr5kcR0aKYHYsp0pY
06/02/2024;18:00 19:00 18:30 19:30 20:00 20:30 21:00;9W66IekHI9GaR2NoBFYY;1 2 3 5 4;Footsal Cousinerie-ChIJXQyb1d8pw0cRLO_Ed5xHTIQ UrbanSoccer - Lille Lezennes-ChIJR3ro5nTWwkcRfM_S3Be9HjI Footsal-ChIJa7HS298pw0cRMoVDj0XqVdI Spot FUTSAL-ChIJwdUawmfVwkcRaNLo_CmNii0 UrbanSoccer - Lille Bondues-ChIJ58ZerMgrw0cR2Jyp7tZjBn4 KIPSTADIUM-ChIJydcoT88ow0cRLnHvlF-Z_jE Arena Club-ChIJeWJWRjYvw0cRbnJR4ZXAKMA
02/02/2024;10:00 9:00 14:00 15:00 16:00 17:00 11:00 18:00 9:30 10:30 14:30 15:30 16:30 17:30 18:30;9YZicW7IJQ1Fwtklnw8I;7 6;UrbanSoccer - Lyon Parilly-ChIJx3FQWjLC9EcRrrQb2eV7i_4 LE FIVE OL-ChIJmz3whejH9EcR3j9ApNRukKE Stade Sonny anderson-ChIJhwWrIsjr9EcRXzfmLKL7YT4 F5 Foot Five-ChIJjUbM5G7A9EcRW3mlkrhyXxY Groupama Stadium-ChIJpe_WHiLH9EcRwtLfRNh9iS8 We Are Sports-ChIJFZU5oBHC9EcRJTFrSkI1xxg
08/02/2024;9:00 9:30 10:00 10:30 11:00 11:30 12:00 12:30 13:00 13:30 14:00 14:30 15:00 15:30 16:00 16:30 17:00 17:30 18:00 18:30;9aRG4BH6ie0qky0a0A4r;1 2 3 4 5 7 6;LE FIVE Paris 13-ChIJ_bOSChhz5kcRZMTeq_6Gdzg
06/02/2024;14:00 17:30 17:00 14:30 15:00 15:30 16:00 16:30 18:00 18:30 19:00 19:30;9aS6us5KDisK7QCrr9LI;5;UrbanSoccer La Défense-ChIJh4rnfVhk5kcRV2Q-ZKdm8vA UrbanSoccer - Puteaux-ChIJM_sC0-Nk5kcRhL1y_EFIje8
02/02/2024;17:00 17:30 18:00 18:30 19:00 19:30 20:00 20:30 21:00 21:30 22:00 22:30;9bsrdaYW20iRUn0AIB33;6 7;LE FIVE Reims-ChIJad8c0qR16UcRMPDMaa34XJ8 Stade de Reims Champagne-ChIJXZFavld06UcR8kg0fAnfaDc
20/02/2024;19:00 19:30 20:00 20:30;9jZ7PHaoZL64OwZs7Hhz;1 2 3 4;LE FIVE Bezons-ChIJ71Mv0Wpk5kcRg-H9x7L-dXo
12/02/2024;9:00 9:30 10:00 10:30 12:00 12:30 11:00 13:00 13:30 11:30 14:00 14:30 15:00 15:30 16:00 16:30 17:00 17:30 18:30 18:00 19:00 20:00 20:30 19:30 21:00 21:30;9k5wEv5DiDIqqPv3tT09;1 2 3 4 5 6 7;District Drôme-Ardèche de Football-ChIJ6z9ySUtY9UcRerXn9WsZ2DM Aureats Footindoor-ChIJZVNb4kJZ9UcRWeuEWo6PjkU Terrain de Football de Livron-sur-Drôme-ChIJBS163iFPtRIRqu0SIThobvQ Terrain de Football de Loriol-sur-Drôme-ChIJmyiexVVPtRIRDTxgLrkrzYg Power Soccer-ChIJx2v7w-9NtRIRnIFdG1Mf4w4 Squash et Foot Indoor-ChIJUWOoesNqtRIRAm3Xwm_D-ss FC Chabeuil-ChIJP2Js_TxV9UcR4R8lu77b3i8 Bourg Les Valence Futsal-ChIJkz6Ul4BZ9UcRi61lUI2eIng Terrain de Football-ChIJ76ekMWRX9UcR-dCTsrLM6Ek Entente Sportive Nord Drôme - ESND - Stade d'Albon-ChIJ5cUH96M59UcRl7tzppcCvyg Stade Gabriel Coullaud-ChIJlZeOPXlNtRIRWxrhPCtk47A
16/02/2024;18:00 18:30 19:00 19:30 20:00 20:30 21:00 21:30;9oQ7OhXCtJ7OUaCNRBqq;5;Sport dans la Ville Rhône-Alpes-ChIJoUEDcmvr9EcRILCz6hDCQ2o
28/02/2024;23:30 23:00 22:30 22:00 21:00 21:30 20:00 20:30 19:30 19:00 18:00 18:30 17:00 17:30 16:00 16:30 15:00 15:30 14:00 14:30;9r1q2JNG6474srW6bz1P;1 2 3 4 5;UrbanSoccer - Asnières-ChIJi5LkLT9v5kcRSlhScqEFNWs LE FIVE Paris 17-ChIJ7eI8sFNv5kcR5xy52Wc57NU FOOT IN FIVE-ChIJoUR0syFp5kcRUlStnwluaYY Élite 5 Soccer-ChIJ5-jfdlZk5kcRYIaELgvikaM UrbanSoccer La Défense-ChIJh4rnfVhk5kcRV2Q-ZKdm8vA LE FIVE Bezons-ChIJ71Mv0Wpk5kcRg-H9x7L-dXo UrbanSoccer - Porte d'Aubervilliers-ChIJ0dXjDCZs5kcRvX0EpMwxsUY Foot-Max Argenteuil-ChIJi9oIzaRm5kcRJYcK7QsdRMU LE FIVE Marville - La Courneuve-ChIJ2dHdMZxr5kcR0aKYHYsp0pY LE FIVE Villette-ChIJTUFnQjps5kcR0pHITLTw1PI
22/02/2024;16:00 17:00 18:00;9rUnRzE2IYDczy30ukRi;5;Classico Foot-ChIJFV442oCxrhIRgsZy5aIbkNs Events Five-ChIJf8cSCJG5rhIRoQadPH-wW1U LE FIVE Colomiers-ChIJ8wxhgGexrhIRm698kMPQIRw Play Soccer-ChIJQ-UxZn-5rhIRKWoQydM5T9s UrbanSoccer - Toulouse Montaudran-ChIJl772e0u8rhIR2foRX4Xa2CI UrbanSoccer - Toulouse Sept Deniers-ChIJk5nUBdOkrhIRP-1aUJzo-lA
02/03/2024;20:00 21:00;9tgtfYAvv8wfUYgvW1K5;2 4;UrbanSoccer - Toulouse Sept Deniers-ChIJk5nUBdOkrhIRP-1aUJzo-lA UrbanSoccer - Toulouse Montaudran-ChIJl772e0u8rhIR2foRX4Xa2CI LE FIVE Colomiers-ChIJ8wxhgGexrhIRm698kMPQIRw Play Soccer-ChIJQ-UxZn-5rhIRKWoQydM5T9s Events Five-ChIJf8cSCJG5rhIRoQadPH-wW1U Classico Foot-ChIJFV442oCxrhIRgsZy5aIbkNs
10/02/2024;17:00 17:30 18:30 18:00 19:00 20:00 19:30 20:30;9y9tqRhylaHcyihKlSa3;3 4 5 6 7;LE FIVE OL-ChIJmz3whejH9EcR3j9ApNRukKE
14/03/2024;9:00 9:30 10:00 10:30 11:00 11:30 23:00 23:30 22:00 22:30 21:00 21:30 20:00 20:30 19:00 19:30 18:00 18:30 17:30 17:00 16:30 16:00 15:30 15:00 14:30 14:00 13:30 13:00 12:30 12:00;A0Ur4yFM6psY7hzPsgg5;1 2 3 4 5 6 7;Stade Georges Carpentier-ChIJDcRAPQZz5kcRRfIYvk9rvQQ Halle Georges Carpentier-ChIJnXkSwCty5kcR-nlHXNFQlg4
04/03/2024;21:30 22:00 22:30;A0k14MPh6WnveWwNkVsR;1;UrbanSoccer - Lille Lezennes-ChIJR3ro5nTWwkcRfM_S3Be9HjI
15/03/2024;0,770833333;A3aHyYeoA4qUjiVW3dD5;6 7 5;LE FIVE Paris 13-ChIJ_bOSChhz5kcRZMTeq_6Gdzg LE FIVE Paris 18-ChIJPVT4_n1u5kcRzji6FdTBXXo LE FIVE Paris 17-ChIJ7eI8sFNv5kcR5xy52Wc57NU
24/02/2024;0,854166667;A6UUgOlNySJRKPtHyOwc;6;FOOT IN FIVE-ChIJoUR0syFp5kcRUlStnwluaYY
25/02/2024;19:00 19:30 20:00 20:30 21:00 21:30 22:00 22:30 23:00 23:30;A7ORbPBdI63dxh6PTMJK;1;Classico Foot-ChIJFV442oCxrhIRgsZy5aIbkNs Play Soccer-ChIJQ-UxZn-5rhIRKWoQydM5T9s LE FIVE Colomiers-ChIJ8wxhgGexrhIRm698kMPQIRw
18/03/2024;14:30 15:30 16:30 17:30 18:30 19:30 20:30 22:30 21:30 23:30 23:00 22:00 21:00 20:00 19:00 18:00 17:00 16:00 15:00 14:00;A7eok5r5w4mRHAvnrdbu;1 2 3 4 5 6 7;Kaiser Foot Padel Metz-ChIJc6UF2wwnlUcReEnnmjnZyAI Terrain de foot à Champey-sur-Moselle-ChIJxerPsLXHlEcRjGTym7TbdOY Sierck Futsal Club - Association sportive-ChIJFWnXuLYVlUcReTTV2C6rvCE District Mosellan de Football-ChIJPfEj8YDelEcRNBjvihXTubQ Stade de foot Hayange-ChIJwz_5QRUvlUcRFK2wcYgV5VY Stade Ancy-sur-Moselle-ChIJl--1EIjblEcRtlHrrSiPU-8 FC Metz Stadium-ChIJ1XDSUzLblEcRHBBOQJHdeik
07/03/2024;12:00 13:00 14:00 15:00 16:00 17:00 18:00 19:00 20:00 21:00 22:00;A9gKgToYxnllclYHSndp;1 2 3 4 5 6 7;LE FIVE Paris 13-ChIJ_bOSChhz5kcRZMTeq_6Gdzg LE FIVE Paris 18-ChIJPVT4_n1u5kcRzji6FdTBXXo UrbanSoccer - Quai d'Ivry-ChIJfXxYJ0xy5kcRw9xTkF6-FZQ LE FIVE Paris 17-ChIJ7eI8sFNv5kcR5xy52Wc57NU UrbanSoccer - Porte d'Aubervilliers-ChIJ0dXjDCZs5kcRvX0EpMwxsUY LE FIVE Villette-ChIJTUFnQjps5kcR0pHITLTw1PI LE FIVE Bobigny-ChIJV8UONORs5kcRXxR5Qd7x130 UrbanSoccer - Asnières-ChIJi5LkLT9v5kcRSlhScqEFNWs LE FIVE Montreuil-ChIJJdTQjr0T5kcRZmGxtIJVy44 LE FIVE Marville - La Courneuve-ChIJ2dHdMZxr5kcR0aKYHYsp0pY UrbanSoccer - Puteaux-ChIJM_sC0-Nk5kcRhL1y_EFIje8 UrbanSoccer La Défense-ChIJh4rnfVhk5kcRV2Q-ZKdm8vA FOOT IN FIVE-ChIJoUR0syFp5kcRUlStnwluaYY Stadium Thiais-ChIJ64X9jzx05kcRsHvSfOv6UcA UrbanSoccer Meudon-ChIJ0WKvjbh75kcRoqSmyWwW2jQ VERSUSFOOT Thiais-ChIJn2R2NT905kcRjqB29qldBxk LE FIVE Bezons-ChIJ71Mv0Wpk5kcRg-H9x7L-dXo LE FIVE Champigny-ChIJsXi1PLYN5kcRTVVDuczgS2s LE FIVE Créteil-ChIJ88lx3VwL5kcRVxCh4lD6_Gk Speed Soccer Five-ChIJ2xTNglV25kcR3UDi4AXGfDU
02/03/2024;18:30 19:30 20:30 19:00 18:00 17:00 20:00 17:30;AENZQ96hgP57w6bTDsVq;1 2 3 4 5 6 7;Spot FUTSAL-ChIJwdUawmfVwkcRaNLo_CmNii0 UrbanSoccer - Lille Lezennes-ChIJR3ro5nTWwkcRfM_S3Be9HjI Footsal-ChIJa7HS298pw0cRMoVDj0XqVdI Footsal Cousinerie-ChIJXQyb1d8pw0cRLO_Ed5xHTIQ UrbanSoccer - Lille Bondues-ChIJ58ZerMgrw0cR2Jyp7tZjBn4 KIPSTADIUM-ChIJydcoT88ow0cRLnHvlF-Z_jE Arena Club-ChIJeWJWRjYvw0cRbnJR4ZXAKMA
11/02/2024;10:00 10:30 11:00 11:30 12:00 12:30 13:30 13:00 14:00 15:00 14:30 15:30 16:30 17:30 18:30 19:30 19:00 20:00 18:00 17:00 16:00 20:30 21:00;AFbQMSPgCd70JVyFcPot;2 3 1 4 5 6 7;Terrain de foot five-ChIJVccaQ7rr9EcR8Ub44Do2SbQ UrbanSoccer - Lyon Parilly-ChIJx3FQWjLC9EcRrrQb2eV7i_4 Jorkyball Club Lyon foot 2 contre 2-ChIJiV0p1RTq9EcRMO6ggtkqFPQ ALF Futsal-ChIJC-3Y4-zr9EcRfICYoripvxQ Bubble Foot Lyon-ChIJ1bKvSv3D9EcRM2JRwwr4974 LE FIVE OL-ChIJmz3whejH9EcR3j9ApNRukKE Stade Sonny anderson-ChIJhwWrIsjr9EcRXzfmLKL7YT4 F5 Foot Five-ChIJjUbM5G7A9EcRW3mlkrhyXxY Matmut Stadium-ChIJi0P7QIfp9EcRKVpdxZRYyWI Stade Marc-Vivien Foé-ChIJh5TQVtrB9EcRN5kZmEU5QgM Groupama Stadium-ChIJpe_WHiLH9EcRwtLfRNh9iS8 Stade Edgar Quinet-ChIJm6CB2vXq9EcRW37uosD7CIM Stade Vuillermet-ChIJww1_c_bB9EcRTeKjACScPm0 UrbanSoccer - Lyon Barolles-ChIJN4l-IC3v9EcRf9QJKIVC_aY City Stade-ChIJYQxyCtDB9EcRXYqfcynnEnI Football Club de Gerland-ChIJh08LwjHq9EcRi8fzu5Z3cBQ Foot.FR Lyon-ChIJLc2UbAXr9EcRu0VShz67thU We Are Sports-ChIJFZU5oBHC9EcRJTFrSkI1xxg Stade Xavier Guillemet-ChIJ0dGO07zq9EcR2advRM7wDTM Five Pizza Original - Lyon-ChIJZaMrXrDr9EcRicCSuaK-3kc
24/02/2024;16:00 17:00 18:00 19:00 14:00 15:00 20:00 21:00;AGkan1YWjPCNObDy8Pdb;7;UrbanSoccer - Quai d'Ivry-ChIJfXxYJ0xy5kcRw9xTkF6-FZQ LE FIVE Paris 13-ChIJ_bOSChhz5kcRZMTeq_6Gdzg Stadium Thiais-ChIJ64X9jzx05kcRsHvSfOv6UcA
09/03/2024;0,916666667;AHSarODhN0ytYNgEFZIR;5 6;LE FIVE Créteil-ChIJ88lx3VwL5kcRVxCh4lD6_Gk
02/02/2024;12:00 12:30 13:00 13:30 14:00 14:30 15:00 15:30 16:00 16:30 17:00 17:30 18:00 18:30 19:00 19:30 20:00 20:30 21:00 21:30 22:00;ALkzkfJkRrcCamFsQtZC;4 5 6 7;UrbanSoccer - Puteaux-ChIJM_sC0-Nk5kcRhL1y_EFIje8
20/03/2024;16:00 17:00 18:00;ALyQc1UI8xcC7hr37Nph;6;Game 13 foot indoor-ChIJNSDvlsXryRIRUXao9hwB79I Monclub Futbol-ChIJGbxxaamUyRIRgGvhHnhJStA
04/02/2024;10:00 10:30 11:00 11:30;AP9Dhwhwn47pB76a0ahG;6 7;UrbanSoccer Meudon-ChIJ0WKvjbh75kcRoqSmyWwW2jQ UrbanSoccer Guyancourt-ChIJmdX-2c-A5kcRj1wtOS8rZmo
09/03/2024;18:00 18:30 19:00 19:30 20:00 20:30 21:00 21:30 22:00;ARipfJ0BW0PBb9q2Stiu;3 5 6 7;UrbanSoccer La Défense-ChIJh4rnfVhk5kcRV2Q-ZKdm8vA UrbanSoccer - Puteaux-ChIJM_sC0-Nk5kcRhL1y_EFIje8
18/02/2024;18:30 19:00 19:30 20:00 20:30 21:00 21:30 22:00 22:30 18:00 17:30 23:00 23:30;ARwaSP0DlRdXD7pMMDM0;1;Monclub Futbol-ChIJGbxxaamUyRIRgGvhHnhJStA LE FIVE VITROLLES-ChIJi4A-IrHoyRIRunoYLEGNeYI
03/03/2024;14:00 15:30 14:30 16:30 17:30 17:00 18:00 18:30 16:00 15:00 19:00 19:30;ASUnDc2412thEAqhFsGZ;1 2 3 4 5 6 7;UrbanSoccer - Lille Lezennes-ChIJR3ro5nTWwkcRfM_S3Be9HjI
03/02/2024;22:00 22:30 10:00 10:30 11:00 11:30 12:00 12:30 13:00 13:30 14:30 14:00 16:00 19:00 17:00 18:00 16:30 17:30 18:30;ATr9eiCnzr3j40jVhUOC;3 2 4 5 6;Monclub Futbol-ChIJGbxxaamUyRIRgGvhHnhJStA LE FIVE VITROLLES-ChIJi4A-IrHoyRIRunoYLEGNeYI Massilia FIVE-ChIJxZ6UmMW-yRIR7ot5DChYj4w FOOT INDOOR Marseille-ChIJ41AMCxC8yRIRLHLGt11sc-U
07/03/2024;18:00 18:30 19:00 19:30 20:00;AXJmLCTXUK7uShmn1tt2;4 2 3 1;Massilia Foot Indoor 2-ChIJxZ6UmMW-yRIRfYNGGPPJfIU Le 13 - Foot en salle - Marseille-ChIJR62kUm_ByRIRDnGQqGCeUVQ STADIUM FOOT 5 VILLAGE-ChIJbbOWFtC4yRIR0WXVerbWmnE Massilia Five-ChIJxZ6UmMW-yRIR7ot5DChYj4w MONCLUB 2.0-ChIJv9owGLm-yRIRfuDnd3G6nR4 FOOT INDOOR Marseille-ChIJ41AMCxC8yRIRLHLGt11sc-U
24/02/2024;12:00 12:30 13:00;AXKJbhoT15V8y6kdJLVL;1 2 3 4 5;LE FIVE Paris 13-ChIJ_bOSChhz5kcRZMTeq_6Gdzg
07/02/2024;18:00 18:30 19:00 19:30 20:00;AisMIFPrAjuMPixk9uZK;1 3 7 6 2 4 5;UrbanSoccer - Marne-La-Vallée-ChIJ6bDBiosP5kcROXiloHzSdhc UrbanSoccer - Quai d'Ivry-ChIJfXxYJ0xy5kcRw9xTkF6-FZQ
26/02/2024;10:30 11:00 11:30 12:00 12:30 13:00 13:30 14:00 14:30 15:00 15:30 16:00 16:30 17:00 17:30 18:00 18:30 19:00 19:30;AjDXn1qCK00RYH1XMKnp;6 7;LE FIVE Paris 13-ChIJ_bOSChhz5kcRZMTeq_6Gdzg LE FIVE Paris 18-ChIJPVT4_n1u5kcRzji6FdTBXXo UrbanSoccer - Puteaux-ChIJM_sC0-Nk5kcRhL1y_EFIje8 UrbanSoccer La Défense-ChIJh4rnfVhk5kcRV2Q-ZKdm8vA
01/03/2024;14:00 15:00 16:00 17:00 18:00 14:30 15:30 16:30 17:30 18:30;AlAVdPJhOLVuNTxaFmVL;1 2 3 4 5;Le Stadium Compiègne-ChIJDX03WfbX50cR_4gqKIFvcqk
09/03/2024;0,375;An2vfyXMdDTadvNeDx1t;7 6;LE FIVE Paris 17-ChIJ7eI8sFNv5kcR5xy52Wc57NU LE FIVE Paris 13-ChIJ_bOSChhz5kcRZMTeq_6Gdzg LE FIVE Paris 18-ChIJPVT4_n1u5kcRzji6FdTBXXo UrbanSoccer - Porte d'Aubervilliers-ChIJ0dXjDCZs5kcRvX0EpMwxsUY LE FIVE Bobigny-ChIJV8UONORs5kcRXxR5Qd7x130 UrbanSoccer La Défense-ChIJh4rnfVhk5kcRV2Q-ZKdm8vA UrbanSoccer - Puteaux-ChIJM_sC0-Nk5kcRhL1y_EFIje8
25/02/2024;19:00 20:00 16:00 17:00;An7C0b5deubCuBtRbyUz;4 5 6 7;LE FIVE Paris 18-ChIJPVT4_n1u5kcRzji6FdTBXXo LE FIVE Paris 13-ChIJ_bOSChhz5kcRZMTeq_6Gdzg UrbanSoccer - Quai d'Ivry-ChIJfXxYJ0xy5kcRw9xTkF6-FZQ
22/02/2024;19:30 20:00 20:30 21:00 19:00;AnsiVc2mYNHdTLy7s7Hg;4;LE FIVE Montreuil-ChIJJdTQjr0T5kcRZmGxtIJVy44
19/03/2024;18:00 18:30 19:00 17:00 17:30 19:30 20:00 20:30 21:00 21:30 22:00 22:30;AoU7HT8rObC44drDihQQ;1 2 3 4 5 6 7;LE FIVE Valenciennes-ChIJs_yKhaPvwkcRtt71kMRaz8A
21/02/2024;0,791666667;ApR2Zk1yxt6gqMnTA5xz;1 2 3 4 5 6;UrbanSoccer Meudon-ChIJ0WKvjbh75kcRoqSmyWwW2jQ LE FIVE Paris 13-ChIJ_bOSChhz5kcRZMTeq_6Gdzg UrbanSoccer - Quai d'Ivry-ChIJfXxYJ0xy5kcRw9xTkF6-FZQ
25/02/2024;20:00 19:30 20:30;ApzGwKtLCmHjYxS79Yj4;4;Footsal-ChIJa7HS298pw0cRMoVDj0XqVdI Spot FUTSAL-ChIJwdUawmfVwkcRaNLo_CmNii0
04/03/2024;19:00 23:30;AsVq1opziJ8OsfHh4Baz;4 5;UrbanSoccer - Lyon Parilly-ChIJx3FQWjLC9EcRrrQb2eV7i_4 LE FIVE OL-ChIJmz3whejH9EcR3j9ApNRukKE We Are Sports-ChIJFZU5oBHC9EcRJTFrSkI1xxg
02/02/2024;18:00 19:00 20:00 21:00 22:00;AwPQsNKJdVBMGzRqRB9P;4;LE FIVE Bezons-ChIJ71Mv0Wpk5kcRg-H9x7L-dXo UrbanSoccer La Défense-ChIJh4rnfVhk5kcRV2Q-ZKdm8vA UrbanSoccer - Puteaux-ChIJM_sC0-Nk5kcRhL1y_EFIje8 Élite 5 Soccer-ChIJ5-jfdlZk5kcRYIaELgvikaM Foot POWER 5-ChIJuTCIFshm5kcRBtEQJ76dAzc Foot-Max Argenteuil-ChIJi9oIzaRm5kcRJYcK7QsdRMU
07/02/2024;15:00 16:00 17:00 18:00;AyZeN49CsZrV4n9DXHZP;6;Z5 Aix-ChIJKb-U_9KSyRIRKIFKbH5mW18
16/02/2024;19:30 20:00 20:30 21:00 21:30 18:30 19:00 18:00 22:00 22:30 23:00;Az5mhRSubHOpq38GbwCa;1 2 3 4 5 6 7;UrbanSoccer La Défense-ChIJh4rnfVhk5kcRV2Q-ZKdm8vA
24/02/2024;10:00 11:00 12:00 13:00 14:00 15:00 16:00 17:00 18:00 19:00 20:00 21:00 10:30 11:30 12:30 13:30 14:30 15:30 16:30 17:30 18:30 19:30 20:30;B3eHwEnlZ48TZR5IlR5u;1 2 3 4 5 6 7;Sport dans la Ville Rhône-Alpes-ChIJoUEDcmvr9EcRILCz6hDCQ2o F5 Foot Five-ChIJjUbM5G7A9EcRW3mlkrhyXxY We Are Sports-ChIJFZU5oBHC9EcRJTFrSkI1xxg UrbanSoccer - Lyon Parilly-ChIJx3FQWjLC9EcRrrQb2eV7i_4 LE 5 DE LEGENDE-ChIJAQNaA3nc9EcRYvB35x41mBs UrbanSoccer - Lyon Barolles-ChIJN4l-IC3v9EcRf9QJKIVC_aY LE FIVE OL-ChIJmz3whejH9EcR3j9ApNRukKE Sun Set Soccer-ChIJ-2jOt33D9EcRLZL2mS5Gvz4 Factory Sport Games-ChIJNcDntQGO9EcR3CbXF7xfc5o
23/02/2024;20:00 19:00 19:30 20:30 21:00 21:30 22:00 18:30 11:00 11:30 12:00 12:30 13:00 13:30 14:00 14:30 15:30 15:00 16:00 16:30 17:30 17:00 18:00 10:30 10:00 9:00 9:30;B4YCKxOQwXbvc1iTEtXd;5 6 1 2 3 4 7;UrbanSoccer Orsay-ChIJpZIJg7J45kcRrKWKhtbfnEQ UrbanSoccer Guyancourt-ChIJmdX-2c-A5kcRj1wtOS8rZmo UrbanSoccer Meudon-ChIJ0WKvjbh75kcRoqSmyWwW2jQ Foot à 5 @ Le club le Village-ChIJwU28MyyB5kcRHVcpV1mkYVo Speed Soccer Five-ChIJ2xTNglV25kcR3UDi4AXGfDU
04/03/2024;19:30 20:30 21:30;BAJoVJcYxdInV9QkUhPT;1;STADIUM FOOT 5 VILLAGE-ChIJbbOWFtC4yRIR0WXVerbWmnE Massilia Five-ChIJxZ6UmMW-yRIR7ot5DChYj4w MONCLUB 2.0-ChIJv9owGLm-yRIRfuDnd3G6nR4 Massilia Foot Indoor 2-ChIJxZ6UmMW-yRIRfYNGGPPJfIU Le 13 - Foot en salle - Marseille-ChIJR62kUm_ByRIRDnGQqGCeUVQ FOOT INDOOR Marseille-ChIJ41AMCxC8yRIRLHLGt11sc-U Le Mercato FOOT INDOOR-ChIJzRK7HJy_yRIRqEreyEiAfC0 Evolution Football-ChIJX0YulIi8yRIRnGh62u3UXTQ Game 13 foot indoor-ChIJNSDvlsXryRIRUXao9hwB79I Le B3 Soccer-ChIJa69uraDryRIRRlY7a07cUqU Monclub Futbol-ChIJGbxxaamUyRIRgGvhHnhJStA
09/02/2024;0,833333333;BAuV2JOJoGsgbI0SyehJ;5 6 7;Stadium Thiais-ChIJ64X9jzx05kcRsHvSfOv6UcA
09/03/2024;23:30 23:00 22:30 22:00 21:30 21:00 20:30 20:00 19:30 19:00 18:30 17:30 16:30 16:00 18:00 17:00 15:00 15:30 14:30 14:00 13:00 13:30 12:30 12:00 11:30 11:00;BBppcarkwz1XUcD2RfBg;1 2 3 4 5 6 7;LE FIVE Paris 17-ChIJ7eI8sFNv5kcR5xy52Wc57NU LE FIVE Paris 18-ChIJPVT4_n1u5kcRzji6FdTBXXo UrbanSoccer - Asnières-ChIJi5LkLT9v5kcRSlhScqEFNWs UrbanSoccer - Porte d'Aubervilliers-ChIJ0dXjDCZs5kcRvX0EpMwxsUY LE FIVE Villette-ChIJTUFnQjps5kcR0pHITLTw1PI LE FIVE Paris 13-ChIJ_bOSChhz5kcRZMTeq_6Gdzg UrbanSoccer - Puteaux-ChIJM_sC0-Nk5kcRhL1y_EFIje8 LE FIVE Marville - La Courneuve-ChIJ2dHdMZxr5kcR0aKYHYsp0pY FOOT IN FIVE-ChIJoUR0syFp5kcRUlStnwluaYY UrbanSoccer La Défense-ChIJh4rnfVhk5kcRV2Q-ZKdm8vA LE FIVE Bobigny-ChIJV8UONORs5kcRXxR5Qd7x130 LE FIVE Bezons-ChIJ71Mv0Wpk5kcRg-H9x7L-dXo UrbanSoccer - Quai d'Ivry-ChIJfXxYJ0xy5kcRw9xTkF6-FZQ Foot-Max Argenteuil-ChIJi9oIzaRm5kcRJYcK7QsdRMU Foot POWER 5-ChIJuTCIFshm5kcRBtEQJ76dAzc LE FIVE Montreuil-ChIJJdTQjr0T5kcRZmGxtIJVy44 BIG5-ChIJsb_7TJFp5kcRSPL5VqZulr4 UrbanSoccer Meudon-ChIJ0WKvjbh75kcRoqSmyWwW2jQ LE FIVE Sarcelles-ChIJ6_q3Fxhq5kcRCpoEwnoXX1Q Stadium Thiais-ChIJ64X9jzx05kcRsHvSfOv6UcA
01/03/2024;0,791666667;BGRqXgH2akRezuEhAHS8;6;Play Soccer-ChIJQ-UxZn-5rhIRKWoQydM5T9s
27/02/2024;17:00 19:30;BHirHfGfP5iuMqzzGirl;1 2 3 4 5 6 7;F5 Foot Five-ChIJjUbM5G7A9EcRW3mlkrhyXxY UrbanSoccer - Lyon Parilly-ChIJx3FQWjLC9EcRrrQb2eV7i_4 UrbanSoccer - Lyon Barolles-ChIJN4l-IC3v9EcRf9QJKIVC_aY We Are Sports-ChIJFZU5oBHC9EcRJTFrSkI1xxg Sport dans la Ville Rhône-Alpes-ChIJoUEDcmvr9EcRILCz6hDCQ2o LE 5 DE LEGENDE-ChIJAQNaA3nc9EcRYvB35x41mBs Sun Set Soccer-ChIJ-2jOt33D9EcRLZL2mS5Gvz4 Factory Sport Games-ChIJNcDntQGO9EcR3CbXF7xfc5o LE FIVE OL-ChIJmz3whejH9EcR3j9ApNRukKE
07/03/2024;14:30 15:00 15:30 16:00 16:30 17:00 17:30 18:00 18:30 19:00 19:30 20:00 20:30;BLzeI44UtcZjJ8AF75KU;1 2 3 4 6 5;Footbox-ChIJY-WkusIR5kcR-tEad3UtaSQ OHSPORT-ChIJHeG9fA4X5kcRbGNzVY5Ud5I LE FIVE Montreuil-ChIJJdTQjr0T5kcRZmGxtIJVy44 LE FIVE Bobigny-ChIJV8UONORs5kcRXxR5Qd7x130 LE PARK Noisy-ChIJdUHbID8O5kcRV5lQhiHTvhs LE FIVE Champigny-ChIJsXi1PLYN5kcRTVVDuczgS2s Top Ten-ChIJfXprBx4b5kcRmhe-5pLZUek UrbanSoccer - Marne-La-Vallée-ChIJ6bDBiosP5kcROXiloHzSdhc LE FIVE Villette-ChIJTUFnQjps5kcR0pHITLTw1PI LE FIVE Marville - La Courneuve-ChIJ2dHdMZxr5kcR0aKYHYsp0pY UrbanSoccer - Porte d'Aubervilliers-ChIJ0dXjDCZs5kcRvX0EpMwxsUY LE FIVE Paris 18-ChIJPVT4_n1u5kcRzji6FdTBXXo LE FIVE Créteil-ChIJ88lx3VwL5kcRVxCh4lD6_Gk LE FIVE Paris 13-ChIJ_bOSChhz5kcRZMTeq_6Gdzg LE FIVE Paris 17-ChIJ7eI8sFNv5kcR5xy52Wc57NU FOOT IN FIVE-ChIJoUR0syFp5kcRUlStnwluaYY BIG5-ChIJsb_7TJFp5kcRSPL5VqZulr4 UrbanSoccer - Quai d'Ivry-ChIJfXxYJ0xy5kcRw9xTkF6-FZQ LE FIVE Sarcelles-ChIJ6_q3Fxhq5kcRCpoEwnoXX1Q UrbanSoccer - Asnières-ChIJi5LkLT9v5kcRSlhScqEFNWs
09/03/2024;20:00 21:00;BNq5xbE0srvuCB0VpPkD;7 6 5;TEAMS 5-ChIJMwJ3mggV5kcRQVflQLRJ4Ow
26/02/2024;22:00 21:30;BOryH6E2B2HYEVHTPQWR;5;VERSUSFOOT Thiais-ChIJn2R2NT905kcRjqB29qldBxk
05/03/2024;17:30 18:00 18:30 19:00 19:30 20:00 21:00 20:30 21:30 22:30 22:00 23:00 23:30;BTImfBeayIg9N3ycDFn0;5 6 7 1 2 3 4;DK Park / LE FIVE Dunkerque-ChIJj70TyWiL3EcR7iZ1fa-JRNk
20/02/2024;9:00 9:30 11:30 12:00 12:30 13:00 13:30;BUR3IkdLkSRgypWPXiyj;6 7;FOOT INDOOR Marseille-ChIJ41AMCxC8yRIRLHLGt11sc-U Massilia FIVE-ChIJxZ6UmMW-yRIR7ot5DChYj4w
16/02/2024;14:00 14:30 15:00 15:30 16:00 16:30 17:00 17:30 18:00 18:30;BVPUcEHumiAycKjNowoY;5;UrbanSoccer - Lille Bondues-ChIJ58ZerMgrw0cR2Jyp7tZjBn4
18/03/2024;16:00 16:30 17:00 17:30 18:00 18:30 19:00 19:30 20:00 20:30;BWJswyI5i1IuO2vvL6Su;1 2 3 4 5 6 7;Z5 Aix-ChIJKb-U_9KSyRIRKIFKbH5mW18 Monclub Futbol-ChIJGbxxaamUyRIRgGvhHnhJStA Le B3 Soccer-ChIJa69uraDryRIRRlY7a07cUqU Game 13 foot indoor-ChIJNSDvlsXryRIRUXao9hwB79I Aix Université Club Football-ChIJ4XLnbPeNyRIRlKffuIPM9YU Stade Marius Requier-ChIJZ99DmFPtyRIRo93gYYOp8b8 City-ChIJNdHaUYCNyRIRAMbmYo4rMLk Aix les milles-ChIJMybVaiftyRIRxrlD_ves7GU Association Amicale et Sportive du Val St André-ChIJ_YwE2uSNyRIRmvKvjRlTgYA Stade Joël Chevalier-ChIJmQpc4zmMyRIR0Nu346muw24 Stade Fernand Bouteille-ChIJ_U3_xZCMyRIR9qRHMhA8n68 Football Club Aixois-ChIJX4t4SQuNyRIRwVVFDrKnmLs ASNA Football - Alliance Sportive Nord Aix-ChIJUUwjzFKNyRIRznO7W8kJ69Q Avenir Sportif Meyrarguais-ChIJexHhKUiIyRIRfIRrLtLJStk Stade synthétiques et pelouse et city stade-ChIJ7VVAyJGHyRIRDt6ZmPk_22U USV Skatepark-ChIJqeXGeISJyRIRfhap4-ovGQI Urban Kids-ChIJh1u77_2LyRIR7EbcOyiha9s
01/03/2024;17:00 18:00 19:00 20:00;BYBrHkO4KNRjRuLMTPU1;7 6 5 4 3 2 1;UrbanSoccer - Toulouse Montaudran-ChIJl772e0u8rhIR2foRX4Xa2CI
24/02/2024;0,5;BZ14YuxcwMIJ91lgiNou;7;UrbanSoccer - Lille Bondues-ChIJ58ZerMgrw0cR2Jyp7tZjBn4
04/03/2024;19:30 20:30 21:30 22:30 23:30;BaIqt1MeZuQ7r98tWTHy;1 2 3 4 5 6 7;Fun Foot Ajaccio-ChIJMYDG2oxr2hIR2VIfssGUycU
05/03/2024;0,833333333;BdF3C16dZlJCLGSa2h0P;2;GOPARK Pontoise-ChIJ2cJmdhf15kcRQ4mUOxIVzd0
08/03/2024;20:30 23:30 22:30 21:30;Bdv9t5Y8RTafWNtE59Ui;1 2 3 4 5 6 7;LE PARK Noisy-ChIJdUHbID8O5kcRV5lQhiHTvhs UrbanSoccer - Marne-La-Vallée-ChIJ6bDBiosP5kcROXiloHzSdhc LE FIVE Champigny-ChIJsXi1PLYN5kcRTVVDuczgS2s
03/03/2024;16:30 17:00 17:30 18:00 18:30 19:00 19:30 20:00;Bej48GIGvcEtKPWhYD7f;1 2 3 4;UrbanSoccer - Lyon Barolles-ChIJN4l-IC3v9EcRf9QJKIVC_aY Sport dans la Ville Rhône-Alpes-ChIJoUEDcmvr9EcRILCz6hDCQ2o Sun Set Soccer-ChIJ-2jOt33D9EcRLZL2mS5Gvz4 LE FIVE OL-ChIJmz3whejH9EcR3j9ApNRukKE We Are Sports-ChIJFZU5oBHC9EcRJTFrSkI1xxg UrbanSoccer - Lyon Parilly-ChIJx3FQWjLC9EcRrrQb2eV7i_4 F5 Foot Five-ChIJjUbM5G7A9EcRW3mlkrhyXxY LE 5 DE LEGENDE-ChIJAQNaA3nc9EcRYvB35x41mBs Bubble Foot Lyon-ChIJ1bKvSv3D9EcRM2JRwwr4974 ALF Futsal-ChIJC-3Y4-zr9EcRfICYoripvxQ Terrain de foot five-ChIJVccaQ7rr9EcR8Ub44Do2SbQ Football Club de Gerland-ChIJh08LwjHq9EcRi8fzu5Z3cBQ
16/03/2024;11:00 11:30 12:00 12:30 10:30 10:00 13:00 13:30 14:00 14:30 15:00 15:30;BfkEi4TnIRDQRtYT97xg;5 6 7;UrbanSoccer - Toulouse Sept Deniers-ChIJk5nUBdOkrhIRP-1aUJzo-lA UrbanSoccer - Toulouse Montaudran-ChIJl772e0u8rhIR2foRX4Xa2CI Play Soccer-ChIJQ-UxZn-5rhIRKWoQydM5T9s
08/02/2024;18:30 19:00;BfwzUbUoHdkt09hCW4BA;1 2 3 4 5;Sport dans la Ville Rhône-Alpes-ChIJoUEDcmvr9EcRILCz6hDCQ2o
18/03/2024;17:00 17:30 18:00 18:30 19:00 19:30 20:00 20:30 21:00;BhzG66m90uhyEuu1mDJI;3 4 5;LE FIVE Paris 17-ChIJ7eI8sFNv5kcR5xy52Wc57NU UrbanSoccer - Quai d'Ivry-ChIJfXxYJ0xy5kcRw9xTkF6-FZQ
08/03/2024;9:00 9:30 10:30 10:00 11:00 11:30 12:00 12:30 13:30 13:00 14:00 14:30 15:00 15:30 16:30 16:00 17:00 17:30 18:00 18:30 19:30 19:00 20:00;BmFPjKEMKnzjdjdalSVj;1 2 3 4 5 6 7;Z5 Aix-ChIJKb-U_9KSyRIRKIFKbH5mW18 LE FIVE Vitrolles-ChIJi4A-IrHoyRIRunoYLEGNeYI Monclub Futbol-ChIJGbxxaamUyRIRgGvhHnhJStA Le B3 Soccer-ChIJa69uraDryRIRRlY7a07cUqU Game 13 foot indoor-ChIJNSDvlsXryRIRUXao9hwB79I
13/02/2024;20:30 20:00 19:30 19:00 18:30 18:00 12:00 12:30 13:00 21:00;BoMq9xFOJQm3myGh7Ily;1 2 3 4 5 6 7;LE FIVE Montreuil-ChIJJdTQjr0T5kcRZmGxtIJVy44 LE FIVE Champigny-ChIJsXi1PLYN5kcRTVVDuczgS2s UrbanSoccer - Quai d'Ivry-ChIJfXxYJ0xy5kcRw9xTkF6-FZQ UrbanSoccer - Marne-La-Vallée-ChIJ6bDBiosP5kcROXiloHzSdhc LE PARK Complexe Multisports-ChIJdUHbID8O5kcRV5lQhiHTvhs
04/03/2024;0,791666667;Bq6d55O4xnpkPhCtOKO3;3;Fives Solios-ChIJlwk3AWNi5kcRv_SJtI6IqLw Jeunesse du Stade Olympique de Givors-ChIJExIg25Dm9EcRZzO0alwPG1Q Palais des Sports Salvador Allende-ChIJk7Sispfm9EcRfkPhIb5hEfo Gymnase Jacques Anquetil-ChIJS03NAJrm9EcRhwlvczD_Mag Gymnase de Bans-ChIJYbUABynh9EcRTI51wCCYmbc SO Givors basket-ChIJyWAQyF_n9EcR1oUJMBN6cwA UrbanSoccer - Lyon Barolles-ChIJN4l-IC3v9EcRf9QJKIVC_aY UrbanSoccer - Lyon Parilly-ChIJx3FQWjLC9EcRrrQb2eV7i_4
19/03/2024;11:00 11:30 12:00 13:30 12:30 13:00 14:30 14:00 15:30 15:00 16:30 16:00 17:30 17:00 18:30 19:30 18:00 19:00 20:30 20:00 21:00;BrExJCs94M9h9SrmCsRF;1 2 3 4 5 6 7;LE FIVE Morangis-ChIJA4uAhOXZ5UcRp-vZXZP-ovY Speed Soccer Five-ChIJ2xTNglV25kcR3UDi4AXGfDU Stadium Thiais-ChIJ64X9jzx05kcRsHvSfOv6UcA VERSUSFOOT Thiais-ChIJn2R2NT905kcRjqB29qldBxk Power Five-ChIJ6ULNmyh15kcRV9cjbnBjGr8 UrbanSoccer Orsay-ChIJpZIJg7J45kcRrKWKhtbfnEQ B14 - Sports et Loisirs Indoor-ChIJaeLKMYXe5UcRHyWJ8X8FaPA UrbanSoccer Evry-ChIJW0Ut1G7e5UcRt621n2fRQ5M LE FIVE Paris 13-ChIJ_bOSChhz5kcRZMTeq_6Gdzg UrbanSoccer Meudon-ChIJ0WKvjbh75kcRoqSmyWwW2jQ LE FIVE Créteil-ChIJ88lx3VwL5kcRVxCh4lD6_Gk UrbanSoccer - Quai d'Ivry-ChIJfXxYJ0xy5kcRw9xTkF6-FZQ Le CR5-ChIJnVE47IHn5UcRr5XRwCaPE38 UrbanSoccer Guyancourt-ChIJmdX-2c-A5kcRj1wtOS8rZmo LE PARK Servon-ChIJMU8gErUJ5kcRSnpvacKwFtM
07/02/2024;17:00 17:30 18:00 18:30 19:00 19:30 20:00 20:30 21:00 21:30 22:00 22:30 23:00 23:30;Bsh4gIGohVFICyC6SDZn;4 5 6 7;Events Five-ChIJf8cSCJG5rhIRoQadPH-wW1U UrbanSoccer - Toulouse Sept Deniers-ChIJk5nUBdOkrhIRP-1aUJzo-lA UrbanSoccer - Toulouse Montaudran-ChIJl772e0u8rhIR2foRX4Xa2CI Play Soccer-ChIJQ-UxZn-5rhIRKWoQydM5T9s
28/02/2024;19:00 20:00 21:00 21:30 22:00 23:30 22:30 23:00 20:30 19:30;BuVg40BZAclWb8AXdImL;1 2 3 4 5 6 7;LE FIVE Créteil-ChIJ88lx3VwL5kcRVxCh4lD6_Gk LE FIVE Bezons-ChIJ71Mv0Wpk5kcRg-H9x7L-dXo LE FIVE Champigny-ChIJsXi1PLYN5kcRTVVDuczgS2s UrbanSoccer Meudon-ChIJ0WKvjbh75kcRoqSmyWwW2jQ VERSUSFOOT Thiais-ChIJn2R2NT905kcRjqB29qldBxk Stadium Thiais-ChIJ64X9jzx05kcRsHvSfOv6UcA FOOT IN FIVE-ChIJoUR0syFp5kcRUlStnwluaYY UrbanSoccer La Défense-ChIJh4rnfVhk5kcRV2Q-ZKdm8vA Élite 5 Soccer-ChIJ5-jfdlZk5kcRYIaELgvikaM UrbanSoccer - Puteaux-ChIJM_sC0-Nk5kcRhL1y_EFIje8 LE FIVE Marville - La Courneuve-ChIJ2dHdMZxr5kcR0aKYHYsp0pY LE FIVE Montreuil-ChIJJdTQjr0T5kcRZmGxtIJVy44 UrbanSoccer - Asnières-ChIJi5LkLT9v5kcRSlhScqEFNWs LE FIVE Bobigny-ChIJV8UONORs5kcRXxR5Qd7x130 LE FIVE Villette-ChIJTUFnQjps5kcR0pHITLTw1PI UrbanSoccer - Porte d'Aubervilliers-ChIJ0dXjDCZs5kcRvX0EpMwxsUY LE FIVE Paris 13-ChIJ_bOSChhz5kcRZMTeq_6Gdzg LE FIVE Paris 18-ChIJPVT4_n1u5kcRzji6FdTBXXo UrbanSoccer - Quai d'Ivry-ChIJfXxYJ0xy5kcRw9xTkF6-FZQ LE FIVE Paris 17-ChIJ7eI8sFNv5kcR5xy52Wc57NU
08/02/2024;19:30 20:00 20:30 21:00 21:30 18:00 19:00 18:30;BwJZ3FF2hovAQfxODBmK;6 7;Massilia FIVE-ChIJxZ6UmMW-yRIR7ot5DChYj4w FOOT INDOOR Marseille-ChIJ41AMCxC8yRIRLHLGt11sc-U
01/03/2024;9:00 9:30 10:00 10:30 11:00 11:30 12:00 12:30 13:00 13:30 14:00 14:30 15:00 15:30 16:00 16:30 17:00 17:30;BxbqFSRB1W672c5AMZUI;7 6 5 4 3 2 1;Massilia Foot Indoor 2-ChIJxZ6UmMW-yRIRfYNGGPPJfIU Le 13 - Foot en salle - Marseille-ChIJR62kUm_ByRIRDnGQqGCeUVQ STADIUM FOOT 5 VILLAGE-ChIJbbOWFtC4yRIR0WXVerbWmnE Le Mercato FOOT INDOOR-ChIJzRK7HJy_yRIRqEreyEiAfC0 Massilia Five-ChIJxZ6UmMW-yRIR7ot5DChYj4w MONCLUB 2.0-ChIJv9owGLm-yRIRfuDnd3G6nR4 FOOT INDOOR Marseille-ChIJ41AMCxC8yRIRLHLGt11sc-U Evolution Football-ChIJX0YulIi8yRIRnGh62u3UXTQ Game 13 foot indoor-ChIJNSDvlsXryRIRUXao9hwB79I Monclub Futbol-ChIJGbxxaamUyRIRgGvhHnhJStA Le B3 Soccer-ChIJa69uraDryRIRRlY7a07cUqU LE FIVE Vitrolles-ChIJi4A-IrHoyRIRunoYLEGNeYI
25/02/2024;0,791666667;BzNOD2HkqvCyhwsoJ7rA;1;UrbanSoccer - Lyon Parilly-ChIJx3FQWjLC9EcRrrQb2eV7i_4
20/03/2024;0,375;C16u4STrry7R3hT7SRI2;7;LE FIVE Paris 13-ChIJ_bOSChhz5kcRZMTeq_6Gdzg
06/03/2024;18:00 18:30 19:00 19:30 20:00 20:30 21:00 21:30 22:00 22:30 23:00 23:30;C3Chp8E8aFGJ9XA0JKht;1 2 3 4 5 6 7;UrbanSoccer Meudon-ChIJ0WKvjbh75kcRoqSmyWwW2jQ
13/03/2024;0,958333333;C4wtH3IJwJrtX3LFfcg0;3;LE FIVE Bobigny-ChIJV8UONORs5kcRXxR5Qd7x130 LE FIVE Marville - La Courneuve-ChIJ2dHdMZxr5kcR0aKYHYsp0pY LE FIVE Villette-ChIJTUFnQjps5kcR0pHITLTw1PI UrbanSoccer - Porte d'Aubervilliers-ChIJ0dXjDCZs5kcRvX0EpMwxsUY OHSPORT-ChIJHeG9fA4X5kcRbGNzVY5Ud5I LE FIVE Sarcelles-ChIJ6_q3Fxhq5kcRCpoEwnoXX1Q
01/03/2024;18:00 18:30 19:00 19:30 20:00 20:30 21:00 21:30 22:00 22:30 23:00 23:30;CMIFV50Fi2sBx1yi5P7T;1 2 3 4 5 6 7;Stadium Thiais-ChIJ64X9jzx05kcRsHvSfOv6UcA VERSUSFOOT Thiais-ChIJn2R2NT905kcRjqB29qldBxk Speed Soccer Five-ChIJ2xTNglV25kcR3UDi4AXGfDU LE FIVE Paris 13-ChIJ_bOSChhz5kcRZMTeq_6Gdzg UrbanSoccer - Quai d'Ivry-ChIJfXxYJ0xy5kcRw9xTkF6-FZQ Power Five-ChIJ6ULNmyh15kcRV9cjbnBjGr8
12/03/2024;0,75;CPBcVQpG0Q2ju4zQmmys;2;LE FIVE Paris 18-ChIJPVT4_n1u5kcRzji6FdTBXXo
22/02/2024;19:00 19:30 20:00 20:30;CWNP4TKdoxM4FXN2AYCP;4;LE FIVE Paris 18-ChIJPVT4_n1u5kcRzji6FdTBXXo UrbanSoccer - Porte d'Aubervilliers-ChIJ0dXjDCZs5kcRvX0EpMwxsUY LE FIVE Bobigny-ChIJV8UONORs5kcRXxR5Qd7x130 UrbanSoccer - Asnières-ChIJi5LkLT9v5kcRSlhScqEFNWs LE FIVE Montreuil-ChIJJdTQjr0T5kcRZmGxtIJVy44 LE FIVE Marville - La Courneuve-ChIJ2dHdMZxr5kcR0aKYHYsp0pY
29/02/2024;23:30 23:00 22:30 21:30 21:00 22:00 20:00 19:00 18:00 18:30 19:30 20:30;CWSkVqVoRalnJFCNs5Lj;6 5 7;LE FIVE Bezons-ChIJ71Mv0Wpk5kcRg-H9x7L-dXo
28/02/2024;9:00 9:30 10:00 10:30 11:00 12:00 12:30 13:00 13:30 14:00 14:30 11:30 15:30 15:00 16:30 17:30 17:00 18:00 16:00 18:30 19:00 19:30 20:00 20:30;Cea8FBBwRhGIXWKBtFmV;1 2 3 4 5 6 7;Kaiser Park-ChIJsRLZzKFg5kcRBCfNws9nssw Le Street Foot en Salle-ChIJt_AXL6Jg5kcRu6rBmnrmeUM GOPARK Pontoise-ChIJ2cJmdhf15kcRQ4mUOxIVzd0
10/02/2024;17:00 17:30 18:00 18:30 19:00 19:30 20:00 20:30 21:00 21:30 22:00 22:30;CfonzNjvywqzqDpoFcGa;1 2 3 4 5 6 7;LE FIVE Paris 18-ChIJPVT4_n1u5kcRzji6FdTBXXo UrbanSoccer - Porte d'Aubervilliers-ChIJ0dXjDCZs5kcRvX0EpMwxsUY LE FIVE Villette-ChIJTUFnQjps5kcR0pHITLTw1PI
08/03/2024;0,4375;ClDOfM1yc29htVBBVApQ;6;LE FIVE Champigny-ChIJsXi1PLYN5kcRTVVDuczgS2s
08/03/2024;0,833333333;Crulsl6XLjPp8N71EL1d;4;Monclub Futbol-ChIJGbxxaamUyRIRgGvhHnhJStA
28/02/2024;17:00 18:00 19:00 20:00 21:00 22:00 18:30 19:30 20:30 21:30 17:30;CrzCN5Wmn7RKbdjmjKpI;4 3 5 6 7;SAS Soccer Club-ChIJD2bIoFTM9kcRRhwpHbLUJDk
04/03/2024;9:00 17:00 10:00 11:00 12:00 13:00 14:00 15:00 16:00 9:30 10:30 11:30 12:30 13:30 14:30 15:30 16:30 17:30;CsKoSPpMxkT2VBhEss5q;3 4 5;F5 Foot Five-ChIJjUbM5G7A9EcRW3mlkrhyXxY
05/03/2024;0,791666667;CsY1bELkMGqIzYMBFQJu;1 3 2 4 5 6;Sport dans la Ville Rhône-Alpes-ChIJoUEDcmvr9EcRILCz6hDCQ2o UrbanSoccer - Lyon Parilly-ChIJx3FQWjLC9EcRrrQb2eV7i_4 We Are Sports-ChIJFZU5oBHC9EcRJTFrSkI1xxg F5 Foot Five-ChIJjUbM5G7A9EcRW3mlkrhyXxY LE 5 DE LEGENDE-ChIJAQNaA3nc9EcRYvB35x41mBs UrbanSoccer - Lyon Barolles-ChIJN4l-IC3v9EcRf9QJKIVC_aY LE FIVE OL-ChIJmz3whejH9EcR3j9ApNRukKE Sun Set Soccer-ChIJ-2jOt33D9EcRLZL2mS5Gvz4 Factory Sport Games-ChIJNcDntQGO9EcR3CbXF7xfc5o
09/03/2024;9:30 22:30 19:00;CwWmPK4adxpwmeeWxGbc;1;LE FIVE Paris 13-ChIJ_bOSChhz5kcRZMTeq_6Gdzg
20/02/2024;18:00 19:00 20:00 18:30 19:30 20:30;D2epg7fzvwWethJmrYqQ;2 5;Etoile Sportive De Trappes-ChIJPfHtf_GD5kcRsFtjr3QqjRo Stade Gravaud.-ChIJ96ILgPWD5kcR7sm9NAHU-QQ Trappes futsal-ChIJmSRpz_-D5kcR59dqhCezcLQ
16/02/2024;10:30 11:00 11:30 10:00 12:00 12:30 13:00 13:30 14:00 14:30 15:00 15:30 16:00 16:30 17:00 17:30 18:00 18:30 19:00 19:30 20:00 20:30;D3RhoBbsP1OOrqwTS6rV;7 6;LE FIVE Paris 13-ChIJ_bOSChhz5kcRZMTeq_6Gdzg LE FIVE Paris 18-ChIJPVT4_n1u5kcRzji6FdTBXXo LE FIVE Paris 17-ChIJ7eI8sFNv5kcR5xy52Wc57NU UrbanSoccer - Asnières-ChIJi5LkLT9v5kcRSlhScqEFNWs UrbanSoccer - Puteaux-ChIJM_sC0-Nk5kcRhL1y_EFIje8 UrbanSoccer La Défense-ChIJh4rnfVhk5kcRV2Q-ZKdm8vA UrbanSoccer Meudon-ChIJ0WKvjbh75kcRoqSmyWwW2jQ UrbanSoccer - Quai d'Ivry-ChIJfXxYJ0xy5kcRw9xTkF6-FZQ UrbanSoccer - Porte d'Aubervilliers-ChIJ0dXjDCZs5kcRvX0EpMwxsUY
06/03/2024;18:00 18:30 19:00 19:30 15:00 15:30 16:00 16:30;D94qZCZtX7l57ggci0Hg;2 3 4 5 6 7;Stadium Thiais-ChIJ64X9jzx05kcRsHvSfOv6UcA UrbanSoccer Orsay-ChIJpZIJg7J45kcRrKWKhtbfnEQ UrbanSoccer - Quai d'Ivry-ChIJfXxYJ0xy5kcRw9xTkF6-FZQ Speed Soccer Five-ChIJ2xTNglV25kcR3UDi4AXGfDU
01/03/2024;20:00 19:00 18:00 19:30 18:30 21:00 21:30 20:30;DAE9HbxvB1dc1rjpVWEN;1 2 3 4 5 7 6;LE FIVE Paris 17-ChIJ7eI8sFNv5kcR5xy52Wc57NU LE FIVE Paris 13-ChIJ_bOSChhz5kcRZMTeq_6Gdzg FOOT IN FIVE-ChIJoUR0syFp5kcRUlStnwluaYY
10/02/2024;19:30 20:00 20:30 21:00 21:30 22:00 22:30 23:00 23:30;DByaqjJF0luLQLvFRCI4;1 2 3 4 5 6 7;UrbanSoccer - Puteaux-ChIJM_sC0-Nk5kcRhL1y_EFIje8 UrbanSoccer La Défense-ChIJh4rnfVhk5kcRV2Q-ZKdm8vA Élite 5 Soccer-ChIJ5-jfdlZk5kcRYIaELgvikaM
29/02/2024;18:30 19:00 19:30 20:00 20:30 21:00 21:30 22:00 22:30 23:00;DH8TLyGehMhA6tFNMvph;4 5 1 2 3;UrbanSoccer - Lille Lezennes-ChIJR3ro5nTWwkcRfM_S3Be9HjI
03/02/2024;9:00 9:30 10:00 10:30 11:00 11:30 12:00 12:30 13:00 13:30 14:00 14:30 15:00 15:30 16:00 16:30 17:00 17:30 18:00 18:30 19:00 19:30 20:00 20:30 21:00 21:30 22:00 22:30 23:00 23:30;DHHfZT6Xzp3ShfM9qdBj;6;UrbanSoccer Orsay-ChIJpZIJg7J45kcRrKWKhtbfnEQ
03/03/2024;9:30 9:00 10:30 11:30 12:00 13:30 11:00 12:30 10:00 13:00 14:30 14:00 15:00 17:30 15:30 16:00 16:30 17:00 18:00 18:30 19:00 20:00 21:30 19:30 20:30 21:00 22:30 22:00 23:00 23:30;DKNs15CZ4kp4PA2UqNAH;6 7;UrbanSoccer - Bordeaux Mérignac-ChIJxWBxmALaVA0Rop0OWS3Q3fY GINGA Foot Mérignac-ChIJyfJZiyPaVA0RlY6_mDcql7U UrbanSoccer Bordeaux-Pessac-ChIJTZ1wTCnZVA0Ra5hHoMEPn3I LE FIVE Bordeaux-ChIJteaBh_koVQ0RqH2VtN-qL5I Bordeaux Soccer-ChIJCRHQufUoVQ0RmXgf8oHOE08 Futbol Futbol Artigues-ChIJZziKe5cvVQ0R5tJa9BeDd8o
06/02/2024;9:00 9:30 10:00 10:30 11:30 11:00 12:30 12:00 13:30 13:00 14:30 14:00 15:30 15:00 16:30 16:00 17:30 17:00 18:30 18:00 19:30 19:00 20:30 20:00 21:00 21:30 22:00 22:30 23:00 23:30;DKe9lF0E27gpgw2OFexd;2 1 3 4 5 6 7;LE FIVE OL-ChIJmz3whejH9EcR3j9ApNRukKE
15/03/2024;19:30 20:00 20:30 21:00 21:30 22:00 22:30 23:00 23:30;DKeIj4h43RMkEqQQT6sh;6;UrbanSoccer - Toulouse Sept Deniers-ChIJk5nUBdOkrhIRP-1aUJzo-lA UrbanSoccer - Toulouse Montaudran-ChIJl772e0u8rhIR2foRX4Xa2CI Play Soccer-ChIJQ-UxZn-5rhIRKWoQydM5T9s LE FIVE Colomiers-ChIJ8wxhgGexrhIRm698kMPQIRw Events Five-ChIJf8cSCJG5rhIRoQadPH-wW1U Classico Foot-ChIJFV442oCxrhIRgsZy5aIbkNs
25/02/2024;17:00 17:30 18:00 18:30 19:00 19:30 20:00 20:30 21:00 21:30 22:00 22:30 23:00 23:30;DLyGakYVodiO9iA3vEtH;6 7 5 4 3 2 1;LE PARK Noisy-ChIJdUHbID8O5kcRV5lQhiHTvhs
17/03/2024;19:00 19:30 20:00 20:30 21:00 21:30;DRoMKFQMt8UFctPeOSUM;2 5 6 7;LE FIVE Paris 17-ChIJ7eI8sFNv5kcR5xy52Wc57NU LE FIVE Paris 13-ChIJ_bOSChhz5kcRZMTeq_6Gdzg LE FIVE Paris 18-ChIJPVT4_n1u5kcRzji6FdTBXXo LE FIVE Montreuil-ChIJJdTQjr0T5kcRZmGxtIJVy44 UrbanSoccer - Porte d'Aubervilliers-ChIJ0dXjDCZs5kcRvX0EpMwxsUY UrbanSoccer - Asnières-ChIJi5LkLT9v5kcRSlhScqEFNWs UrbanSoccer - Puteaux-ChIJM_sC0-Nk5kcRhL1y_EFIje8 UrbanSoccer La Défense-ChIJh4rnfVhk5kcRV2Q-ZKdm8vA
09/02/2024;19:00 19:30;DY4OY9sRQw7llsa7pw6V;5 2 4;LE FIVE Paris 18-ChIJPVT4_n1u5kcRzji6FdTBXXo LE FIVE Villette-ChIJTUFnQjps5kcR0pHITLTw1PI UrbanSoccer - Porte d'Aubervilliers-ChIJ0dXjDCZs5kcRvX0EpMwxsUY LE FIVE Bobigny-ChIJV8UONORs5kcRXxR5Qd7x130 LE FIVE Montreuil-ChIJJdTQjr0T5kcRZmGxtIJVy44 LE FIVE Paris 17-ChIJ7eI8sFNv5kcR5xy52Wc57NU UrbanSoccer - Quai d'Ivry-ChIJfXxYJ0xy5kcRw9xTkF6-FZQ LE FIVE Paris 13-ChIJ_bOSChhz5kcRZMTeq_6Gdzg LE FIVE Marville - La Courneuve-ChIJ2dHdMZxr5kcR0aKYHYsp0pY UrbanSoccer - Asnières-ChIJi5LkLT9v5kcRSlhScqEFNWs FOOT IN FIVE-ChIJoUR0syFp5kcRUlStnwluaYY LE FIVE Champigny-ChIJsXi1PLYN5kcRTVVDuczgS2s UrbanSoccer - Puteaux-ChIJM_sC0-Nk5kcRhL1y_EFIje8 Élite 5 Soccer-ChIJ5-jfdlZk5kcRYIaELgvikaM UrbanSoccer La Défense-ChIJh4rnfVhk5kcRV2Q-ZKdm8vA LE FIVE Créteil-ChIJ88lx3VwL5kcRVxCh4lD6_Gk LE FIVE Sarcelles-ChIJ6_q3Fxhq5kcRCpoEwnoXX1Q LE PARK Complexe Multisports-ChIJdUHbID8O5kcRV5lQhiHTvhs
24/02/2024;21:00 20:00 19:00 19:30 20:30 18:00 18:30 17:00 17:30 16:00 16:30 15:00 15:30 14:00 14:30 13:00 13:30 12:00 12:30 11:00 11:30;DYD2swD3SZT0rJy26REW;7 1 2 3 4 5 6;UrbanSoccer Guyancourt-ChIJmdX-2c-A5kcRj1wtOS8rZmo
18/02/2024;19:00 20:00;DaiPN9JeoLgw0Utzvlq7;1 2 3 5;Parc de Choisy-ChIJ7RWNzpZ05kcRTkknDj8Df-I Terrain n°23 du Parc Interdépartemental Des Sports de Choisy-ChIJvZZjB3515kcRzK_dHETXJkc Stade de La Prairie-ChIJ22fGQd115kcRLoTW4WfFN0Q FC Massy 91-ChIJxbktIaJ35kcRqdEQMgb9__o Terrain de football - Massy-ChIJt79Po6F35kcRvjoF-ctKJdU terrain de foot de la Poterne-ChIJmRblrYF35kcRxqJXvtqEbbU Terrain de football-ChIJW-rv4VB35kcRi-K_rCf6h6o Office Municipal des Sports de Vitry-sur-Seine-ChIJl_Z2MJRz5kcRWDR3jRZYD_Q Terrain de sport-ChIJ2Y5Sulxz5kcRWOswkKrAyTk Complexe sportif Arrighi - Stade - Gymnase - Tennis-ChIJdY7UfIRz5kcRyDIR404fW5A Stade Roger Couderc-ChIJuaOL6MRz5kcRNLPC-fr-9NI Complexe Sportif d'Orly-ChIJqY9BYjh05kcR77g6gQSMMLA
19/02/2024;19:00 19:30 20:00 20:30 21:00;Db3Q2BqQmkXClhqz9U14;4;Classico Foot-ChIJFV442oCxrhIRgsZy5aIbkNs
07/03/2024;19:00 19:30 20:00 20:30;DbloN3qTwu2DSCv8Q2DW;1 5 2;Sport dans la Ville Rhône-Alpes-ChIJoUEDcmvr9EcRILCz6hDCQ2o F5 Foot Five-ChIJjUbM5G7A9EcRW3mlkrhyXxY
06/03/2024;11:00 12:00;Dcin8HWVNaBwYNWfNCPz;6;Plaine des Jeux de Gerland-ChIJBYG18IPp9EcRUNpTJFdu8f0
06/03/2024;18:00 19:00 20:00 17:00 21:00 16:00 15:00 14:00 13:00;Dd1xmRz34eqRCCcWHLkN;1;LE FIVE Villette-ChIJTUFnQjps5kcR0pHITLTw1PI LE FIVE Paris 18-ChIJPVT4_n1u5kcRzji6FdTBXXo UrbanSoccer - Porte d'Aubervilliers-ChIJ0dXjDCZs5kcRvX0EpMwxsUY
09/03/2024;23:00 23:30 22:30 22:00 21:30 21:00 20:30 20:00;DdzEV5u2fCfG7IeuL9eW;5 6 7;Foot-Max Argenteuil-ChIJi9oIzaRm5kcRJYcK7QsdRMU
24/02/2024;17:00 18:00 22:00 21:00 20:00 20:30 22:30 23:30 10:00 11:00 12:00 13:00 15:00 23:00;DfPTaWNrM3GlQvcodyd1;6 7 5;Dourdan-ChIJe4bq6X_Z5UcRXmFdlAMdZLE
08/03/2024;14:00 14:30 15:00 15:30 16:00 16:30 17:00 17:30 18:00 18:30 19:30 19:00 20:30 20:00 21:30 21:00 22:00 22:30;Di4VJvBCzU9RwvjD439j;1 2 3 4 5 6 7;L’arena 25-ChIJ71LolYsXkkcR7VdcRrTaovo
03/03/2024;16:00 16:30 17:00 17:30 18:00 18:30 19:00 19:30 20:00 20:30 21:30 21:00 22:30 22:00 23:30 23:00;Dj7hHZgm0apA8DPtj4Mb;5 4 3 1 2;Futbol Futbol Artigues-ChIJZziKe5cvVQ0R5tJa9BeDd8o Bordeaux Soccer-ChIJCRHQufUoVQ0RmXgf8oHOE08 LE FIVE Bordeaux-ChIJteaBh_koVQ0RqH2VtN-qL5I GINGA Foot Mérignac-ChIJyfJZiyPaVA0RlY6_mDcql7U UrbanSoccer Bordeaux-Pessac-ChIJTZ1wTCnZVA0Ra5hHoMEPn3I UrbanSoccer - Bordeaux Mérignac-ChIJxWBxmALaVA0Rop0OWS3Q3fY
10/03/2024;15:00 17:00 18:00 19:00 21:00;DkUbYmIyGwY5MOrs39eN;1 2 3 4 5 6 7;Foot-Max Argenteuil-ChIJi9oIzaRm5kcRJYcK7QsdRMU
28/02/2024;0,791666667;DlBonPJd9iMUY5CpvoO3;2;FOOT INDOOR Marseille-ChIJ41AMCxC8yRIRLHLGt11sc-U
07/03/2024;12:00 13:30;Dqkdutmpx6X80sa1A3hF;6 7 5 4 3 2 1;VERSUSFOOT Thiais-ChIJn2R2NT905kcRjqB29qldBxk Stadium Thiais-ChIJ64X9jzx05kcRsHvSfOv6UcA LE FIVE Créteil-ChIJ88lx3VwL5kcRVxCh4lD6_Gk LE FIVE Morangis-ChIJA4uAhOXZ5UcRp-vZXZP-ovY UrbanSoccer - Quai d'Ivry-ChIJfXxYJ0xy5kcRw9xTkF6-FZQ Speed Soccer Five-ChIJ2xTNglV25kcR3UDi4AXGfDU Power Five-ChIJ6ULNmyh15kcRV9cjbnBjGr8
12/03/2024;19:00 19:30;Dtkskqk9qYKhH1pLtA40;2 3 4;UrbanSoccer - Porte d'Aubervilliers-ChIJ0dXjDCZs5kcRvX0EpMwxsUY LE FIVE Villette-ChIJTUFnQjps5kcR0pHITLTw1PI
01/03/2024;18:30 19:30 19:00;DvubiTch5aOzZX2JCm59;5;LE FIVE Paris 13-ChIJ_bOSChhz5kcRZMTeq_6Gdzg UrbanSoccer - Quai d'Ivry-ChIJfXxYJ0xy5kcRw9xTkF6-FZQ
11/03/2024;18:30 19:00 19:30 18:00;DxteEeh5uoOcSYbamDib;3 4;Z5 Aix-ChIJKb-U_9KSyRIRKIFKbH5mW18 Monclub Futbol-ChIJGbxxaamUyRIRgGvhHnhJStA
09/03/2024;12:00 13:00 16:30 17:30;Dzal9IFR4v8HWIWKLAIr;1 2 3 4 5 6 7;BIG5-ChIJsb_7TJFp5kcRSPL5VqZulr4
04/03/2024;12:00 10:00 11:00 10:30 11:30 12:30 13:00 13:30 14:00 14:30 15:00 15:30 16:00;E1coeAhwiOB8OnSsuLJQ;7;LE FIVE Paris 18-ChIJPVT4_n1u5kcRzji6FdTBXXo LE FIVE Paris 17-ChIJ7eI8sFNv5kcR5xy52Wc57NU
09/03/2024;0,5;E36prvQZHQR5TZjtPnCQ;3;UrbanSoccer - Toulouse Sept Deniers-ChIJk5nUBdOkrhIRP-1aUJzo-lA LE FIVE Colomiers-ChIJ8wxhgGexrhIRm698kMPQIRw UrbanSoccer - Toulouse Montaudran-ChIJl772e0u8rhIR2foRX4Xa2CI
02/03/2024;0,4375;E8x8t3kQ04xk6Egq3rY5;7;Stadium Thiais-ChIJ64X9jzx05kcRsHvSfOv6UcA
16/03/2024;0,854166667;E8yaVjn0UyPmu6JzYahC;6;Stadium Thiais-ChIJ64X9jzx05kcRsHvSfOv6UcA
14/03/2024;17:30 18:30 18:00 19:00 19:30 20:00 20:30;E9dinxI5onZbMTVJhlBb;7;LE FIVE Bezons-ChIJ71Mv0Wpk5kcRg-H9x7L-dXo UrbanSoccer - Asnières-ChIJi5LkLT9v5kcRSlhScqEFNWs Foot-Max Argenteuil-ChIJi9oIzaRm5kcRJYcK7QsdRMU
24/02/2024;23:30 17:00 17:30 18:00 18:30 19:00 19:30 20:00 20:30 21:00 21:30 22:00 22:30 23:00 9:00 9:30 10:00;EDTgCMoKX5XQIh7LcvZg;1 2 3 4 5 6 7;Stade Francis Le Basser/ quartier des pommeraies-ChIJX-nCHQECCUgRoSBLZJVEvmw Gymnase Pierre-Emerick Aubameyang-ChIJ9W4NorYDCUgRMXZUV5GEf3Q Sport In Park-ChIJ5_dzKnv9CEgRgClZzUhJsOo Stade Lavallois Mayenne F C-ChIJl-nCHQECCUgR82j5INJHI7Y Terrain synthétique Louis Béchu-ChIJVfClMwECCUgRK0_XlyNitK8 USL football-ChIJke3x4YMDCUgRXR678zzrDgw Terrain de foot / Rue de la Senelle-ChIJH2VEWb39CEgRJ3BJ7E441S4 Stade Lavallois Omnisports-ChIJ6YPJLl4DCUgR_Gy6Fa0p4ho As Bourny Laval-ChIJjTgBKgv9CEgRNJ8_btb0Nvw Terrain Jean Yvinec-ChIJv4ScIQcCCUgRAAndWjVNYZM Entente Sportive Bonchamp Football - ES Bonchamp foot-ChIJI0mlgOz_CEgRvUAYJCNGkME URBAN FITNESS®️-ChIJx1dyz379CEgRXqbF2D42I-M District de Football de la Mayenne-ChIJvb9tDAECCUgRDgQaosq6HWM Les Socios Stade Lavallois-ChIJ7RMsS6_9CEgRW6v-4DRRkUg Union Sportive Lavalloise-ChIJN-1CQHUCCUgRji6e7aAUh-k Francs-Archers Laval-ChIJIxXqN3P9CEgRH-EVGUcEzkE Urban Style Laval coiffure et esthetique-ChIJZWMEReP9CEgRwew_bOV0I9Q
11/02/2024;0,791666667;EEZlrsWDF75yGZWZ2jPQ;7;Stadium Thiais-ChIJ64X9jzx05kcRsHvSfOv6UcA
24/02/2024;18:00 19:00 20:00 18:30 19:30 20:30 21:00;EIACRq1XyEEpRlqv45TV;1 2 3 4 5 6 7;LE FIVE Vitrolles-ChIJi4A-IrHoyRIRunoYLEGNeYI Olive et Tom Foot-ChIJM91frs_gyRIR0DmRNXYM0hc Mondial Soccer Martigues-ChIJxSxBZ0rmyRIRD43lI6mPqdE Game 13 foot indoor-ChIJNSDvlsXryRIRUXao9hwB79I Massilia Foot Indoor 2-ChIJxZ6UmMW-yRIRfYNGGPPJfIU Z5 Istres-ChIJg2T7dqcdthIRsQBEO9wiews
05/03/2024;13:00 11:00 11:30 12:00 12:30 13:30 14:00 14:30 15:00 15:30 16:30 16:00 17:30 17:00 18:30 18:00 19:30 19:00 20:30 20:00 21:00;EIerXwxkgsbI2DTy141N;4 5 6 7;KG5 Strasbourg-Mundolsheim-ChIJRSG64gm4lkcRPQTZbn3M85Q LE FIVE Strasbourg-ChIJ934qQbG3lkcRm6TibMl6fgg UrbanSoccer - Strasbourg-ChIJbeF8CznIlkcRkTmqhGiUECc Padel and Foot Strasbourg-ChIJE9ZciNLHlkcRF9bBiXbLuYk
05/03/2024;19:30 20:30;EL4mIp8pY5lOEtHILlAn;1 2 3 4 5;Massilia Foot Indoor 2-ChIJxZ6UmMW-yRIRfYNGGPPJfIU Le 13 - Foot en salle - Marseille-ChIJR62kUm_ByRIRDnGQqGCeUVQ Massilia Five-ChIJxZ6UmMW-yRIR7ot5DChYj4w MONCLUB 2.0-ChIJv9owGLm-yRIRfuDnd3G6nR4 FOOT INDOOR Marseille-ChIJ41AMCxC8yRIRLHLGt11sc-U Game 13 foot indoor-ChIJNSDvlsXryRIRUXao9hwB79I
06/02/2024;16:00 16:30 17:00 17:30 18:00 18:30 19:00;EOJySePBt3WOuU1l9hv1;1 2 3 4 6 7;LE FIVE Paris 18-ChIJPVT4_n1u5kcRzji6FdTBXXo LE FIVE Villette-ChIJTUFnQjps5kcR0pHITLTw1PI
17/03/2024;13:00 12:00 12:30 13:30 14:00 15:00 16:00 16:30 15:30 14:30;EONUgDfGhNvqWNEqxzsF;2 1 3 4 5;Speed Soccer Five-ChIJ2xTNglV25kcR3UDi4AXGfDU LE FIVE Créteil-ChIJ88lx3VwL5kcRVxCh4lD6_Gk LE FIVE Champigny-ChIJsXi1PLYN5kcRTVVDuczgS2s LE FIVE Bezons-ChIJ71Mv0Wpk5kcRg-H9x7L-dXo VERSUSFOOT Thiais-ChIJn2R2NT905kcRjqB29qldBxk UrbanSoccer Meudon-ChIJ0WKvjbh75kcRoqSmyWwW2jQ Stadium Thiais-ChIJ64X9jzx05kcRsHvSfOv6UcA FOOT IN FIVE-ChIJoUR0syFp5kcRUlStnwluaYY UrbanSoccer La Défense-ChIJh4rnfVhk5kcRV2Q-ZKdm8vA UrbanSoccer - Puteaux-ChIJM_sC0-Nk5kcRhL1y_EFIje8 LE FIVE Marville - La Courneuve-ChIJ2dHdMZxr5kcR0aKYHYsp0pY LE FIVE Montreuil-ChIJJdTQjr0T5kcRZmGxtIJVy44 UrbanSoccer - Asnières-ChIJi5LkLT9v5kcRSlhScqEFNWs LE FIVE Bobigny-ChIJV8UONORs5kcRXxR5Qd7x130 LE FIVE Villette-ChIJTUFnQjps5kcR0pHITLTw1PI UrbanSoccer - Porte d'Aubervilliers-ChIJ0dXjDCZs5kcRvX0EpMwxsUY LE FIVE Paris 17-ChIJ7eI8sFNv5kcR5xy52Wc57NU UrbanSoccer - Quai d'Ivry-ChIJfXxYJ0xy5kcRw9xTkF6-FZQ LE FIVE Paris 18-ChIJPVT4_n1u5kcRzji6FdTBXXo LE FIVE Paris 13-ChIJ_bOSChhz5kcRZMTeq_6Gdzg
03/03/2024;19:00 18:30 18:00 19:30;EP9ckwpJZNAsNS3xHBQY;1 2 3 4 5 6 7;Smash Goal Nantes-ChIJ2yg06abuBUgRixLY3NLRh14 UrbanSoccer - Nantes St-Sébastien-ChIJAyKrntzoBUgRF09hrORC2nc Le Sporting Nantes-ChIJo-3LeLXsBUgRu6gtAgQ6sJA Le Smile Sautron-ChIJ9Wv9FbuTBUgRQNYd2r8vvrI UrbanSoccer Nantes - Carquefou-ChIJEWyPupv7BUgRBqnhym4EyLk
10/02/2024;19:00 19:30 20:00 20:30 21:00 21:30;ESycNIPRqq0pPgl3FO5d;1 2 3 4 5;UrbanSoccer - Lille Lezennes-ChIJR3ro5nTWwkcRfM_S3Be9HjI
02/03/2024;9:00 9:30 10:30 10:00 11:00 11:30 12:00 12:30 13:30 13:00 14:00 14:30 15:30 15:00 16:00 16:30 17:30 17:00 18:00 18:30 19:30 19:00 20:00 21:00 21:30 22:30 22:00 23:00 23:30 20:30;EZ1Kzw82xmDVOc8ZRKv7;6 7;Pharmacie Henriville-ChIJq2VOagKD5kcR6ThwZG6xlLs Pharmacie de la Gare-ChIJwfwPyA-D5kcR-2OPfxM1tCY Association sportive du Mesnil Saint Denis-ChIJ1-Ut7wGD5kcRwOHspPtmNlw Intermarché SUPER La Verrière-ChIJ75Z4GBCD5kcReIze1GPb-yc Le CHYLL 78-ChIJT6lwy_aD5kcR9ZKsIDTwAh8 Sports Etudes Academy - Paris Ouest - Le Mesnil-Saint-Denis-ChIJodSDPEGD5kcRZJomW_MvfAs ASMD Gymnastique : Gymnastique Artistique, Baby Gym, Urban Gym et Gym+ santé Adultes-ChIJRRxymAGD5kcRROT3lV432ns Stade Municipal-ChIJQTCYZ4WD5kcRXw-C8bE4m7U Parc Sportif Guy Lefébure-ChIJP-JJOqmD5kcRQOJtF7WEroI Stade du Château-ChIJXWtFR1SC5kcRidiyCs7NR1s A.s.m.d.-foot-ChIJk4cVP6mD5kcRdpAeR0Gczjo
20/02/2024;0,5;EZbZbXuFDsvUPOCswjOH;4 1 2 3 5;UrbanSoccer La Défense-ChIJh4rnfVhk5kcRV2Q-ZKdm8vA ESN FOOTBALL-ChIJRyZx0YRl5kcRet30xMXHRxE Élite 5 Soccer-ChIJ5-jfdlZk5kcRYIaELgvikaM Le Monde Stadium-ChIJlwskKv5l5kcRvGu--qUHKJQ
09/03/2024;20:00 20:30 21:00 21:30 22:00 22:30 23:00 23:30 19:00 19:30;EaSB72clZ7jdaYtBS7x1;7 5 6 4 3 2 1;UrbanSoccer - Marne-La-Vallée-ChIJ6bDBiosP5kcROXiloHzSdhc LE PARK Noisy-ChIJdUHbID8O5kcRV5lQhiHTvhs
02/03/2024;0,625;EaWxMnfLQJg3PzGyCZgL;7;B14 - Sports et Loisirs Indoor-ChIJaeLKMYXe5UcRHyWJ8X8FaPA
20/03/2024;18:00 19:00 20:00 21:00 17:30 18:30 19:30 20:30 21:30;EalM19njvpNy9Ulu35uN;1 3 5 4 2 6 7;Massilia Foot Indoor 2-ChIJxZ6UmMW-yRIRfYNGGPPJfIU Le 13 - Foot en salle - Marseille-ChIJR62kUm_ByRIRDnGQqGCeUVQ
26/02/2024;0,9375;EgDGVECyrW1JSmnTsxIW;6;LE FIVE Paris 18-ChIJPVT4_n1u5kcRzji6FdTBXXo
12/03/2024;18:00 18:30 19:00 19:30 20:00 20:30 21:00 21:30 22:00;Ei05kcKbH3mVHwqwN6Vp;1 2 3 4 5 6 7;Stade Paul Faber-ChIJp_c0xY5v5kcR4NcErTC7XUQ
02/02/2024;1:00pm 1:30pm 2:00pm 2:30pm 3:00pm 3:30pm 4:00pm 4:30pm 5:00pm 5:30pm 6:00pm;ElUXMLwoMbF8JZEVkqPk;6;UrbanSoccer - Toulouse Sept Deniers-ChIJk5nUBdOkrhIRP-1aUJzo-lA UrbanSoccer - Toulouse Montaudran-ChIJl772e0u8rhIR2foRX4Xa2CI Play Soccer-ChIJQ-UxZn-5rhIRKWoQydM5T9s Classico Foot-ChIJFV442oCxrhIRgsZy5aIbkNs
16/03/2024;17:00 18:00 19:00 20:00 21:00 17:30 18:30 19:30 20:30 21:30;EmKMURVJ9GgXBOR38QiD;5 6 7;Sport dans la Ville Rhône-Alpes-ChIJoUEDcmvr9EcRILCz6hDCQ2o F5 Foot Five-ChIJjUbM5G7A9EcRW3mlkrhyXxY We Are Sports-ChIJFZU5oBHC9EcRJTFrSkI1xxg UrbanSoccer - Lyon Parilly-ChIJx3FQWjLC9EcRrrQb2eV7i_4 LE 5 DE LEGENDE-ChIJAQNaA3nc9EcRYvB35x41mBs UrbanSoccer - Lyon Barolles-ChIJN4l-IC3v9EcRf9QJKIVC_aY LE FIVE OL-ChIJmz3whejH9EcR3j9ApNRukKE Sun Set Soccer-ChIJ-2jOt33D9EcRLZL2mS5Gvz4 Factory Sport Games-ChIJNcDntQGO9EcR3CbXF7xfc5o Football Club de Gerland-ChIJh08LwjHq9EcRi8fzu5Z3cBQ
16/03/2024;18:00 18:30 19:00 19:30 20:00 20:30 21:00 21:30 22:00 22:30 23:00 23:30 9:00 9:30 10:00 10:30 11:00 11:30 12:00 12:30 13:00 13:30 14:00 14:30 15:00 15:30 16:00 16:30 17:00 17:30;EmUNfi6eQ4oqftpFL1Bt;1 2 3 4 5 6 7;Classico Foot-ChIJFV442oCxrhIRgsZy5aIbkNs Events Five-ChIJf8cSCJG5rhIRoQadPH-wW1U Play Soccer-ChIJQ-UxZn-5rhIRKWoQydM5T9s UrbanSoccer - Toulouse Sept Deniers-ChIJk5nUBdOkrhIRP-1aUJzo-lA UrbanSoccer - Toulouse Montaudran-ChIJl772e0u8rhIR2foRX4Xa2CI
06/02/2024;18:00 18:30 19:00 19:30 20:00 20:30 21:00 21:30;EnVtnNx2XX58Bagu3MPn;5 4 3 2 1;UrbanSoccer Guyancourt-ChIJmdX-2c-A5kcRj1wtOS8rZmo
02/03/2024;16:00 16:30 17:00 17:30 18:00 18:30 19:00 19:30 20:00 20:30;EnZryStG3X8AIE3G7vFR;5 6 7;Stadium Thiais-ChIJ64X9jzx05kcRsHvSfOv6UcA
11/03/2024;0,583333333;EoIaR6QAS6d94jfw3S20;7 6;GOPARK Pontoise-ChIJ2cJmdhf15kcRQ4mUOxIVzd0
05/03/2024;20:30 21:00 21:30 22:00;EpowaeuCwtbHA9lgTnBP;2;KG5 Strasbourg-Mundolsheim-ChIJRSG64gm4lkcRPQTZbn3M85Q
16/03/2024;17:00 17:30 18:00 18:30 19:00 19:30;EtL298jT9pzA9crVpsPT;1 2 3 4 5;LE PARK Servon-ChIJMU8gErUJ5kcRSnpvacKwFtM
12/03/2024;9:00 10:00 11:00 12:00 14:00 13:00 15:00 16:00 17:00 18:00 19:00 20:00 21:00 22:00 23:00 23:30 22:30 21:30 20:30 19:30 18:30 17:30 16:30 15:30 14:30 13:30 12:30 11:30 10:30 9:30;EvEUqmYVsVTQSI3cN3By;1 2 3 4 5 6 7;LE FIVE Paris 13-ChIJ_bOSChhz5kcRZMTeq_6Gdzg UrbanSoccer - Quai d'Ivry-ChIJfXxYJ0xy5kcRw9xTkF6-FZQ LE FIVE Montreuil-ChIJJdTQjr0T5kcRZmGxtIJVy44 Speed Soccer Five-ChIJ2xTNglV25kcR3UDi4AXGfDU LE FIVE Créteil-ChIJ88lx3VwL5kcRVxCh4lD6_Gk LE FIVE Paris 17-ChIJ7eI8sFNv5kcR5xy52Wc57NU LE FIVE Villette-ChIJTUFnQjps5kcR0pHITLTw1PI UrbanSoccer - Porte d'Aubervilliers-ChIJ0dXjDCZs5kcRvX0EpMwxsUY UrbanSoccer La Défense-ChIJh4rnfVhk5kcRV2Q-ZKdm8vA LE FIVE Marville - La Courneuve-ChIJ2dHdMZxr5kcR0aKYHYsp0pY UrbanSoccer - Puteaux-ChIJM_sC0-Nk5kcRhL1y_EFIje8 LE FIVE Bobigny-ChIJV8UONORs5kcRXxR5Qd7x130 LE FIVE Champigny-ChIJsXi1PLYN5kcRTVVDuczgS2s UrbanSoccer - Asnières-ChIJi5LkLT9v5kcRSlhScqEFNWs Power Five-ChIJ6ULNmyh15kcRV9cjbnBjGr8
10/03/2024;19:00 13:00;Evv0XODDHJYQpoggjgrM;5 6 7;UrbanSoccer - Lille Lezennes-ChIJR3ro5nTWwkcRfM_S3Be9HjI Spot FUTSAL-ChIJwdUawmfVwkcRaNLo_CmNii0 Footsal-ChIJa7HS298pw0cRMoVDj0XqVdI Footsal Cousinerie-ChIJXQyb1d8pw0cRLO_Ed5xHTIQ UrbanSoccer - Lille Bondues-ChIJ58ZerMgrw0cR2Jyp7tZjBn4 KIPSTADIUM-ChIJydcoT88ow0cRLnHvlF-Z_jE Arena Club-ChIJeWJWRjYvw0cRbnJR4ZXAKMA
23/02/2024;21:00 20:30;Ex84JfnimGQc3EU6dxpj;5;OHSPORT-ChIJHeG9fA4X5kcRbGNzVY5Ud5I UrbanSoccer - Porte d'Aubervilliers-ChIJ0dXjDCZs5kcRvX0EpMwxsUY
18/02/2024;19:00 19:30 20:00 20:30 21:00;F0nCAK0VDBflC4a163J3;1 2 3 4 5 6 7;LE FIVE Bezons-ChIJ71Mv0Wpk5kcRg-H9x7L-dXo UrbanSoccer La Défense-ChIJh4rnfVhk5kcRV2Q-ZKdm8vA UrbanSoccer - Puteaux-ChIJM_sC0-Nk5kcRhL1y_EFIje8 UrbanSoccer - Asnières-ChIJi5LkLT9v5kcRSlhScqEFNWs LE FIVE Paris 17-ChIJ7eI8sFNv5kcR5xy52Wc57NU LE FIVE Paris 18-ChIJPVT4_n1u5kcRzji6FdTBXXo
02/03/2024;12:30 13:00 13:30 14:00 14:30 15:00 15:30 16:00 16:30 17:00 17:30 18:00 18:30 19:30 20:00 19:00;F17s5t5JNNq1qQkbjoj4;1 2 3 4 5 6 7;Top Ten-ChIJfXprBx4b5kcRmhe-5pLZUek
18/03/2024;17:00 17:30 18:00 18:30 19:00 19:30 20:00 20:30 21:00 21:30 22:00 22:30;F3rTp01zz0VbHxReMA5V;1 2 3 4 5 6 7;LE FIVE Paris 17-ChIJ7eI8sFNv5kcR5xy52Wc57NU
06/03/2024;18:00 18:30 19:30 19:00 20:00 20:30 21:00 21:30;F41lvyIyAdzac6hi49mi;1 2 3 4 5 6 7;LE FIVE Sarcelles-ChIJ6_q3Fxhq5kcRCpoEwnoXX1Q BIG5-ChIJsb_7TJFp5kcRSPL5VqZulr4 LE FIVE Marville - La Courneuve-ChIJ2dHdMZxr5kcR0aKYHYsp0pY Foot POWER 5-ChIJuTCIFshm5kcRBtEQJ76dAzc Foot-Max Argenteuil-ChIJi9oIzaRm5kcRJYcK7QsdRMU Le Street Foot en Salle-ChIJt_AXL6Jg5kcRu6rBmnrmeUM Kaiser Park-ChIJsRLZzKFg5kcRBCfNws9nssw FOOT IN FIVE-ChIJoUR0syFp5kcRUlStnwluaYY UrbanSoccer - Porte d'Aubervilliers-ChIJ0dXjDCZs5kcRvX0EpMwxsUY
25/02/2024;21:00 20:00 19:00 18:00;F45oY0sX0T6sSFVlxIip;1 7 6 5 4 3 2;UrbanSoccer - Porte d'Aubervilliers-ChIJ0dXjDCZs5kcRvX0EpMwxsUY LE FIVE Villette-ChIJTUFnQjps5kcR0pHITLTw1PI UrbanSoccer - Quai d'Ivry-ChIJfXxYJ0xy5kcRw9xTkF6-FZQ LE FIVE Paris 18-ChIJPVT4_n1u5kcRzji6FdTBXXo LE FIVE Bobigny-ChIJV8UONORs5kcRXxR5Qd7x130 LE FIVE Montreuil-ChIJJdTQjr0T5kcRZmGxtIJVy44
27/02/2024;0,645833333;F5kPPkYo25Bd1dZfpNX7;3;Stadium Thiais-ChIJ64X9jzx05kcRsHvSfOv6UcA
19/02/2024;19:00 19:30 20:00 20:30;FAAxiqAvUFhGZ14vkboO;2 3;LE FIVE OL-ChIJmz3whejH9EcR3j9ApNRukKE Sun Set Soccer-ChIJ-2jOt33D9EcRLZL2mS5Gvz4 We Are Sports-ChIJFZU5oBHC9EcRJTFrSkI1xxg UrbanSoccer - Lyon Parilly-ChIJx3FQWjLC9EcRrrQb2eV7i_4
16/03/2024;17:00 17:30 18:00 18:30 19:00 19:30;FAgN1X8Lu0eTLsZoqUfb;1 2 3 4 5;LE PARK Servon-ChIJMU8gErUJ5kcRSnpvacKwFtM
08/03/2024;14:00 20:00 14:30 15:30 15:00 16:00 16:30 17:30 17:00 18:00 18:30 19:30 19:00 20:30 21:00 21:30;FGBrD0wOyqenGErWUXJn;5 7 6;LE PARK Noisy-ChIJdUHbID8O5kcRV5lQhiHTvhs UrbanSoccer - Marne-La-Vallée-ChIJ6bDBiosP5kcROXiloHzSdhc Top Ten-ChIJfXprBx4b5kcRmhe-5pLZUek Footbox-ChIJY-WkusIR5kcR-tEad3UtaSQ
29/02/2024;9:00 23:30 9:30 10:00 10:30 11:00 11:30 12:30 13:30 12:00 13:00 14:30 14:00 15:30 16:30 15:00 16:00 17:30 17:00 18:30 19:30 19:00 18:00 20:30 20:00 21:30 21:00 22:30 22:00 23:00;FHETZwsUtS6NLl8UuN6V;1 2 3 4 5 6 7;Stadium Thiais-ChIJ64X9jzx05kcRsHvSfOv6UcA LE FIVE Paris 13-ChIJ_bOSChhz5kcRZMTeq_6Gdzg UrbanSoccer - Quai d'Ivry-ChIJfXxYJ0xy5kcRw9xTkF6-FZQ Speed Soccer Five-ChIJ2xTNglV25kcR3UDi4AXGfDU UrbanSoccer Meudon-ChIJ0WKvjbh75kcRoqSmyWwW2jQ VERSUSFOOT Thiais-ChIJn2R2NT905kcRjqB29qldBxk LE FIVE Morangis-ChIJA4uAhOXZ5UcRp-vZXZP-ovY LE FIVE Créteil-ChIJ88lx3VwL5kcRVxCh4lD6_Gk
28/02/2024;20:00 20:30;FLiYrDCeOXubbNxkJOBb;3 4;UrbanSoccer Meudon-ChIJ0WKvjbh75kcRoqSmyWwW2jQ Speed Soccer Five-ChIJ2xTNglV25kcR3UDi4AXGfDU Stadium Thiais-ChIJ64X9jzx05kcRsHvSfOv6UcA
04/02/2024;13:00 13:30 14:00 14:30 15:00 15:30 16:00 16:30 17:00 17:30 18:00 18:30 19:00 19:30 20:00 20:30 21:00 21:30 22:00 22:30 23:30 23:00;FPDk9n4iQJwEfyZO1v3j;1 2 3 4 5 6 7;Stadium Thiais-ChIJ64X9jzx05kcRsHvSfOv6UcA
09/03/2024;21:00 22:00 23:00 23:30 9:30 10:30 11:30;FQ0vDt5rDgNJe25whjTj;6;LE FIVE Vitrolles-ChIJi4A-IrHoyRIRunoYLEGNeYI Le B3 Soccer-ChIJa69uraDryRIRRlY7a07cUqU Game 13 foot indoor-ChIJNSDvlsXryRIRUXao9hwB79I Z5 Aix-ChIJKb-U_9KSyRIRKIFKbH5mW18 Olive et Tom Foot-ChIJM91frs_gyRIR0DmRNXYM0hc Monclub Futbol-ChIJGbxxaamUyRIRgGvhHnhJStA Le 13 - Foot en salle - Marseille-ChIJR62kUm_ByRIRDnGQqGCeUVQ Le Mercato FOOT INDOOR-ChIJzRK7HJy_yRIRqEreyEiAfC0 Massilia Foot Indoor 2-ChIJxZ6UmMW-yRIRfYNGGPPJfIU Sports and Play Lançon de Provence-ChIJN_Jhj3P9yRIRB_PmaXuccA0 Mondial Soccer Martigues-ChIJxSxBZ0rmyRIRD43lI6mPqdE
17/02/2024;13:00 13:30 14:00 14:30 15:00 15:30 17:00 16:30 16:00 17:30 18:30 18:00 19:30 19:00 20:30 20:00 21:30 21:00 22:30 22:00 23:30 23:00 12:00 12:30 10:00 11:00 11:30 10:30 9:30 9:00;FSLJ7YbL30pOX1jPZtxO;7 1 2 3 4 5 6;UrbanSoccer - Puteaux-ChIJM_sC0-Nk5kcRhL1y_EFIje8 Cité des Sports-ChIJ70UPf6R75kcRGb3NAV9k7Ww UrbanSoccer Meudon-ChIJ0WKvjbh75kcRoqSmyWwW2jQ Stade Suzanne Lenglen-ChIJvTSVwnVw5kcR9CmKGXIcwtA Centre sportif Suzanne Lenglen-ChIJjyw8lw975kcRB8dEmGn3P0Q Stade de l'Ile Billancourt-ChIJ_VzHyPZ65kcRie3KTzFg37c
09/02/2024;20:00 21:00;FShjLr6Rc66GQAh85fPY;4;Massilia FIVE-ChIJxZ6UmMW-yRIR7ot5DChYj4w
06/02/2024;9:00 9:30 10:00 10:30 11:00 11:30 12:00 12:30 13:00 13:30 14:30 14:00 15:00 15:30 16:00 16:30 17:00 17:30 18:00 18:30 19:00 19:30 20:00 21:00 22:00 23:00 23:30 22:30 21:30 20:30;FTX6JFFhbzpSy5drX5uw;1 2 3 4 5 6 7;UrbanSoccer - Puteaux-ChIJM_sC0-Nk5kcRhL1y_EFIje8 LE FIVE Paris 17-ChIJ7eI8sFNv5kcR5xy52Wc57NU UrbanSoccer La Défense-ChIJh4rnfVhk5kcRV2Q-ZKdm8vA
13/03/2024;0,375;FUth1GgvkuMKJSXfLSBY;1 2 3 4 5 6 7;Massilia Foot Indoor 2-ChIJxZ6UmMW-yRIRfYNGGPPJfIU Le 13 - Foot en salle - Marseille-ChIJR62kUm_ByRIRDnGQqGCeUVQ STADIUM FOOT 5 VILLAGE-ChIJbbOWFtC4yRIR0WXVerbWmnE Le Mercato FOOT INDOOR-ChIJzRK7HJy_yRIRqEreyEiAfC0 Massilia Five-ChIJxZ6UmMW-yRIR7ot5DChYj4w MONCLUB 2.0-ChIJv9owGLm-yRIRfuDnd3G6nR4 FOOT INDOOR Marseille-ChIJ41AMCxC8yRIRLHLGt11sc-U Evolution Football-ChIJX0YulIi8yRIRnGh62u3UXTQ Game 13 foot indoor-ChIJNSDvlsXryRIRUXao9hwB79I Le B3 Soccer-ChIJa69uraDryRIRRlY7a07cUqU Monclub Futbol-ChIJGbxxaamUyRIRgGvhHnhJStA
13/03/2024;14:00 14:30 15:00 15:30 16:00 16:30 17:00 17:30 18:00 18:30 19:00 19:30 20:00 20:30 21:00 21:30 22:00;FWcoFbuVIIs6voFCfTHL;1 2 3 4 5 6 7;UrbanSoccer - Asnières-ChIJi5LkLT9v5kcRSlhScqEFNWs LE FIVE Paris 17-ChIJ7eI8sFNv5kcR5xy52Wc57NU FOOT IN FIVE-ChIJoUR0syFp5kcRUlStnwluaYY UrbanSoccer - Puteaux-ChIJM_sC0-Nk5kcRhL1y_EFIje8 Foot-Max Argenteuil-ChIJi9oIzaRm5kcRJYcK7QsdRMU
08/03/2024;10:30 11:00 10:00;FZvnaXGjEsVciWLci9Uh;6;UrbanSoccer - Marne-La-Vallée-ChIJ6bDBiosP5kcROXiloHzSdhc LE PARK Noisy-ChIJdUHbID8O5kcRV5lQhiHTvhs
11/02/2024;19:30 20:00 20:30 21:00 21:30;FaJ3MocBhRtf89jff5Rb;5;F5 Foot Five-ChIJjUbM5G7A9EcRW3mlkrhyXxY UrbanSoccer - Lyon Parilly-ChIJx3FQWjLC9EcRrrQb2eV7i_4 LE FIVE OL-ChIJmz3whejH9EcR3j9ApNRukKE Urban Soccer-ChIJQa9SIC3v9EcR6KzO4cOApok Sun Set Soccer-ChIJ-2jOt33D9EcRLZL2mS5Gvz4 Sport dans la Ville Rhône-Alpes-ChIJoUEDcmvr9EcRILCz6hDCQ2o Terrain de foot five-ChIJVccaQ7rr9EcR8Ub44Do2SbQ
11/02/2024;13:00 13:30 14:00 14:30 15:00 15:30 16:00 16:30 17:00 17:30 18:00 18:30 19:00 19:30 20:00 20:30 21:00 21:30 22:00 22:30 23:00 23:30;Fks6jSygZzmKjho78LRY;6 7;LE FIVE Challans-ChIJlzcVBa-rBUgRPi6QxwBTcsg UrbanSoccer - Nantes St-Sébastien-ChIJAyKrntzoBUgRF09hrORC2nc UrbanSoccer Nantes - Carquefou-ChIJEWyPupv7BUgRBqnhym4EyLk LIGUA FIVE-ChIJ_____yNwBUgRSG7Jc1nxPmY Le Smile (ex Sautron Foot Indoor)-ChIJ9Wv9FbuTBUgRQNYd2r8vvrI Terrain de football-ChIJh4bH9PbtBUgRUTskGsWUnu4 Terrains de foot-ChIJYyPY8RvtBUgRA2w4Ai_DkXc UrbanVillage Carquefou-ChIJQ7EwR5TxBUgRAyWm0Y2KgM4
29/02/2024;18:00 19:00 20:00 21:00 17:00;FmpmmQxSqNUojphMsVsC;1 2 3 4 5 6;Events Five-ChIJf8cSCJG5rhIRoQadPH-wW1U Play Soccer-ChIJQ-UxZn-5rhIRKWoQydM5T9s UrbanSoccer - Toulouse Sept Deniers-ChIJk5nUBdOkrhIRP-1aUJzo-lA LE FIVE Colomiers-ChIJ8wxhgGexrhIRm698kMPQIRw UrbanSoccer - Toulouse Montaudran-ChIJl772e0u8rhIR2foRX4Xa2CI
12/02/2024;16:30 19:30 18:30 17:30 15:30;G2wArmNZHxSc51UUZKz9;1 2 3 4 5;Élite 5 Soccer-ChIJ5-jfdlZk5kcRYIaELgvikaM UrbanSoccer La Défense-ChIJh4rnfVhk5kcRV2Q-ZKdm8vA UrbanSoccer - Puteaux-ChIJM_sC0-Nk5kcRhL1y_EFIje8 LE FIVE Bezons-ChIJ71Mv0Wpk5kcRg-H9x7L-dXo UrbanSoccer - Asnières-ChIJi5LkLT9v5kcRSlhScqEFNWs
15/03/2024;19:00 19:30 20:00 20:30 21:00 21:30;G4vhXX2TqaxJ3ZfmyFCn;5;UrbanSoccer Meudon-ChIJ0WKvjbh75kcRoqSmyWwW2jQ UrbanSoccer Guyancourt-ChIJmdX-2c-A5kcRj1wtOS8rZmo UrbanSoccer - Puteaux-ChIJM_sC0-Nk5kcRhL1y_EFIje8 UrbanSoccer La Défense-ChIJh4rnfVhk5kcRV2Q-ZKdm8vA Foot à 5 @ Le club le Village-ChIJwU28MyyB5kcRHVcpV1mkYVo
04/02/2024;0,729166667;G71mduuAOEmpG16CJv35;2 3 1 4 5 6 7;UrbanSoccer La Défense-ChIJh4rnfVhk5kcRV2Q-ZKdm8vA UrbanSoccer - Puteaux-ChIJM_sC0-Nk5kcRhL1y_EFIje8
04/02/2024;18:30 18:00 19:00 19:30 20:00;G7SxHez0D4rtQhTCSqph;2;UrbanSoccer Meudon-ChIJ0WKvjbh75kcRoqSmyWwW2jQ UrbanSoccer Guyancourt-ChIJmdX-2c-A5kcRj1wtOS8rZmo UrbanSoccer - Puteaux-ChIJM_sC0-Nk5kcRhL1y_EFIje8 UrbanSoccer Orsay-ChIJpZIJg7J45kcRrKWKhtbfnEQ
19/03/2024;19:30 20:00 20:30 21:00 21:30 22:00 22:30 23:00 23:30;GBLoqG7l6vR3UwySkFmP;2;UrbanSoccer - Toulouse Sept Deniers-ChIJk5nUBdOkrhIRP-1aUJzo-lA UrbanSoccer - Toulouse Montaudran-ChIJl772e0u8rhIR2foRX4Xa2CI Play Soccer-ChIJQ-UxZn-5rhIRKWoQydM5T9s LE FIVE Colomiers-ChIJ8wxhgGexrhIRm698kMPQIRw Events Five-ChIJf8cSCJG5rhIRoQadPH-wW1U Classico Foot-ChIJFV442oCxrhIRgsZy5aIbkNs
06/02/2024;9:00 9:30 10:00 10:30 11:00 11:30 12:00 12:30 13:00 13:30 14:00 14:30 15:00 15:30 16:00 17:00 18:00 16:30 17:30 18:30 19:00 19:30 20:30 21:30 22:30 23:00 22:00 21:00 20:00 23:30;GBM2uQigUISe0hmcwXsR;7 1 2;UrbanSoccer - Lyon Parilly-ChIJx3FQWjLC9EcRrrQb2eV7i_4 Terrain de foot five-ChIJVccaQ7rr9EcR8Ub44Do2SbQ Jorkyball Club Lyon foot 2 contre 2-ChIJiV0p1RTq9EcRMO6ggtkqFPQ ALF Futsal-ChIJC-3Y4-zr9EcRfICYoripvxQ Bubble Foot Lyon-ChIJ1bKvSv3D9EcRM2JRwwr4974 LE FIVE OL-ChIJmz3whejH9EcR3j9ApNRukKE Stade Sonny anderson-ChIJhwWrIsjr9EcRXzfmLKL7YT4 F5 Foot Five-ChIJjUbM5G7A9EcRW3mlkrhyXxY Matmut Stadium-ChIJi0P7QIfp9EcRKVpdxZRYyWI Stade Marc-Vivien Foé-ChIJh5TQVtrB9EcRN5kZmEU5QgM Groupama Stadium-ChIJpe_WHiLH9EcRwtLfRNh9iS8 Stade Edgar Quinet-ChIJm6CB2vXq9EcRW37uosD7CIM UrbanSoccer - Lyon Barolles-ChIJN4l-IC3v9EcRf9QJKIVC_aY Stade Vuillermet-ChIJww1_c_bB9EcRTeKjACScPm0 Football Club de Gerland-ChIJh08LwjHq9EcRi8fzu5Z3cBQ Foot.FR Lyon-ChIJLc2UbAXr9EcRu0VShz67thU We Are Sports-ChIJFZU5oBHC9EcRJTFrSkI1xxg Stade Xavier Guillemet-ChIJ0dGO07zq9EcR2advRM7wDTM Five Pizza Original - Lyon-ChIJZaMrXrDr9EcRicCSuaK-3kc Stade de Football-ChIJdfUv_mvB9EcRwfpy60MC_HU
24/02/2024;19:00 19:30 20:00 20:30 21:00;GCGYIWjRbBu8BqHXjTuU;5;Sport dans la Ville Rhône-Alpes-ChIJoUEDcmvr9EcRILCz6hDCQ2o We Are Sports-ChIJFZU5oBHC9EcRJTFrSkI1xxg F5 Foot Five-ChIJjUbM5G7A9EcRW3mlkrhyXxY UrbanSoccer - Lyon Barolles-ChIJN4l-IC3v9EcRf9QJKIVC_aY UrbanSoccer - Lyon Parilly-ChIJx3FQWjLC9EcRrrQb2eV7i_4 LE 5 DE LEGENDE-ChIJAQNaA3nc9EcRYvB35x41mBs LE FIVE OL-ChIJmz3whejH9EcR3j9ApNRukKE Factory Sport Games-ChIJNcDntQGO9EcR3CbXF7xfc5o Sun Set Soccer-ChIJ-2jOt33D9EcRLZL2mS5Gvz4
22/02/2024;0,375;GEZBaTIo8clWw269l8ZV;6;Stade Dominique Duvauchelle-ChIJXewCD1oL5kcRZ-TKl50UlKk
17/03/2024;19:00 19:30 20:00 20:30 21:00 21:30 22:00 22:30 23:00 23:30;GIGo8OcAJ6UTkVsaW0EX;3;Stadium Thiais-ChIJ64X9jzx05kcRsHvSfOv6UcA VERSUSFOOT Thiais-ChIJn2R2NT905kcRjqB29qldBxk Speed Soccer Five-ChIJ2xTNglV25kcR3UDi4AXGfDU
29/02/2024;0,708333333;GKGYABHTSD4QXvZEt4dF;4;UrbanSoccer - Marne-La-Vallée-ChIJ6bDBiosP5kcROXiloHzSdhc
15/02/2024;12:00 12:30 18:00 18:30 19:00 19:30 20:00 20:30 21:00;GLTW26m282txmxOdxQbW;3 2 4;Foot-Max Argenteuil-ChIJi9oIzaRm5kcRJYcK7QsdRMU Foot POWER 5-ChIJuTCIFshm5kcRBtEQJ76dAzc LE FIVE Bezons-ChIJ71Mv0Wpk5kcRg-H9x7L-dXo LE FIVE Paris 18-ChIJPVT4_n1u5kcRzji6FdTBXXo
06/03/2024;0,583333333;GPPKJdiQctq9zI7MTIBP;3 1;LE FIVE Paris 13-ChIJ_bOSChhz5kcRZMTeq_6Gdzg LE FIVE Paris 18-ChIJPVT4_n1u5kcRzji6FdTBXXo
10/03/2024;9:00 9:30 10:00 10:30 11:00 11:30 12:00 12:30 13:00 13:30 14:00 14:30 15:00 15:30 16:00 16:30 17:30 17:00 18:00 18:30 19:00 19:30 20:00 20:30 21:00 21:30 22:00 22:30 23:00 23:30;GTnfPeBFV46AblzfH2CE;1 2 3 4 5 6 7;UrbanSoccer - Toulouse Sept Deniers-ChIJk5nUBdOkrhIRP-1aUJzo-lA UrbanSoccer - Toulouse Montaudran-ChIJl772e0u8rhIR2foRX4Xa2CI Play Soccer-ChIJQ-UxZn-5rhIRKWoQydM5T9s LE FIVE Colomiers-ChIJ8wxhgGexrhIRm698kMPQIRw Events Five-ChIJf8cSCJG5rhIRoQadPH-wW1U Classico Foot-ChIJFV442oCxrhIRgsZy5aIbkNs
06/03/2024;13:00 14:00 15:00 16:00 17:00 18:00 13:30 14:30 15:30 16:30 17:30;GaPYFfjynaUS1l2JDPyJ;1 2 3 4 5 6 7;UrbanSoccer - Toulouse Sept Deniers-ChIJk5nUBdOkrhIRP-1aUJzo-lA UrbanSoccer - Toulouse Montaudran-ChIJl772e0u8rhIR2foRX4Xa2CI Play Soccer-ChIJQ-UxZn-5rhIRKWoQydM5T9s LE FIVE Colomiers-ChIJ8wxhgGexrhIRm698kMPQIRw Events Five-ChIJf8cSCJG5rhIRoQadPH-wW1U Classico Foot-ChIJFV442oCxrhIRgsZy5aIbkNs
03/02/2024;16:30 16:00 17:00 17:30 18:00 18:30 14:00 14:30 15:30 15:00 19:00 19:30 20:00 20:30 21:00 21:30 22:00 22:30 23:00 23:30;GbtJ62zsA6cgxXEzdzOg;6;LE FIVE Nancy-ChIJ84QrCMaYlEcRF5c_hb5H97c
26/02/2024;9:00 9:30 10:00 10:30 11:30 11:00 12:30 12:00 13:00 13:30 14:00 14:30 15:00 15:30 16:00 16:30 17:00 17:30 18:00 18:30 19:00 19:30 20:00 20:30 21:00 21:30;GcsVUiuSlBHR9rneI85L;1 2 3 4 5 6 7;Sport dans la Ville Rhône-Alpes-ChIJoUEDcmvr9EcRILCz6hDCQ2o F5 Foot Five-ChIJjUbM5G7A9EcRW3mlkrhyXxY We Are Sports-ChIJFZU5oBHC9EcRJTFrSkI1xxg UrbanSoccer - Lyon Parilly-ChIJx3FQWjLC9EcRrrQb2eV7i_4 LE 5 DE LEGENDE-ChIJAQNaA3nc9EcRYvB35x41mBs UrbanSoccer - Lyon Barolles-ChIJN4l-IC3v9EcRf9QJKIVC_aY LE FIVE OL-ChIJmz3whejH9EcR3j9ApNRukKE Sun Set Soccer-ChIJ-2jOt33D9EcRLZL2mS5Gvz4 Factory Sport Games-ChIJNcDntQGO9EcR3CbXF7xfc5o
06/02/2024;18:00 18:30 19:00 19:30 20:00 20:30;GcxXW5uCU0WzexnSvmFv;2 3 4 5 1;UrbanSoccer - Quai d'Ivry-ChIJfXxYJ0xy5kcRw9xTkF6-FZQ
04/02/2024;15:00 15:30 16:00 16:30 17:00 17:30 18:00 18:30 19:00 19:30 20:00 20:30 21:00 21:30 22:00 22:30;Gf6ndfjxcQuNnxXrQdLI;2 4 3;UrbanSoccer - Dijon-ChIJT3z7m-Nh7UcRm7VB5bhK3d0 My Soccer-ChIJ2Rx06GWc8kcREHKZx6xKyxc
09/03/2024;12:00 12:30 13:00 13:30 14:00 14:30 15:00 15:30 16:00 16:30 17:00 17:30;Gg8EiC14Xpa65XuCwOTK;1 2 3 4 5 6 7;Parc des sports des Maisons Rouges-ChIJlRgC-MAN5kcRniSfE7KINi8
17/02/2024;10:00 10:30 11:00 11:30 12:00 12:30 13:00 13:30 20:00 20:30 21:00 21:30 22:00 22:30;GniQ7S9KSDeMDjoAjA3O;6 7;UrbanSoccer - Asnières-ChIJi5LkLT9v5kcRSlhScqEFNWs
19/02/2024;11:00 12:00 13:00;GuD5CYiaz5f4OXq5q2VU;7;Game 13 foot indoor-ChIJNSDvlsXryRIRUXao9hwB79I
28/02/2024;22:00 21:30 21:00 20:30 20:00 19:30 19:00 18:30 18:00 22:30 17:00 17:30 16:30 16:00 15:30 15:00 14:30 14:00 13:30 13:00 12:30 12:00 11:30 11:00 10:30 10:00 9:30 9:00 23:00 23:30;H0xVnr6aPRlEb8LumxKp;6 7 5 4 3 2 1;Stade Eric Carrière-ChIJj31d-z6dqRIRM9ilJjdUdIc Stade Jacques Fouroux-ChIJI_P1EkudqRIRiawARpn_anY Stade du Pitous-ChIJHXyMO3qCqRIRBqIaBGMHAH0 District Du Gers de Football-ChIJnXkjtMCCqRIR8GG5X3RilZo Stade du Bourrec-ChIJg0H2RUudqRIRUv5YB-nZzWM Stade Du Moulias-ChIJVWUj-1CDqRIRlWLoFOIiFZo Terrain Raymond Cripia-ChIJNbJ7xkudqRIRdjsYSTR3jM0
24/02/2024;18:00 18:30 19:00;H4i81227rwHB9ZLoImn5;1 2 5;LE FIVE Villette-ChIJTUFnQjps5kcR0pHITLTw1PI UrbanSoccer - Porte d'Aubervilliers-ChIJ0dXjDCZs5kcRvX0EpMwxsUY
16/03/2024;18:00 18:30 19:30 19:00 20:00 20:30 21:30 21:00 22:00 22:30 23:30 23:00 15:00 15:30 16:00 16:30 17:00 17:30;HAJ9yJ26sVkAQGgLlODj;1 2 3 4 5 6 7;UrbanSoccer - Toulouse Sept Deniers-ChIJk5nUBdOkrhIRP-1aUJzo-lA LE FIVE Colomiers-ChIJ8wxhgGexrhIRm698kMPQIRw UrbanSoccer - Toulouse Montaudran-ChIJl772e0u8rhIR2foRX4Xa2CI Play Soccer-ChIJQ-UxZn-5rhIRKWoQydM5T9s Classico Foot-ChIJFV442oCxrhIRgsZy5aIbkNs Events Five-ChIJf8cSCJG5rhIRoQadPH-wW1U
13/03/2024;9:00 23:00;HDTqwYhocnXit4KYpmfU;6 7 3;LE FIVE Paris 13-ChIJ_bOSChhz5kcRZMTeq_6Gdzg Stadium Thiais-ChIJ64X9jzx05kcRsHvSfOv6UcA
02/03/2024;16:00 18:30 17:30;HFKZiTSYB4WBkvZUXgA9;6 7;UrbanSoccer - Asnières-ChIJi5LkLT9v5kcRSlhScqEFNWs LE FIVE Paris 17-ChIJ7eI8sFNv5kcR5xy52Wc57NU FOOT IN FIVE-ChIJoUR0syFp5kcRUlStnwluaYY LE FIVE Bezons-ChIJ71Mv0Wpk5kcRg-H9x7L-dXo
11/03/2024;20:00 20:30 19:00 18:00 18:30 19:30 9:30 9:00 10:00 10:30;HFt1ERar2US9WAbgbNCa;6 7 5 1 2 3 4;LE FIVE Montreuil-ChIJJdTQjr0T5kcRZmGxtIJVy44 LE FIVE Bobigny-ChIJV8UONORs5kcRXxR5Qd7x130 UrbanSoccer - Porte d'Aubervilliers-ChIJ0dXjDCZs5kcRvX0EpMwxsUY
05/02/2024;20:00 21:00 22:00 19:30 19:00;HLXZl3G39T5eCvUVSWPR;3 4 5 7;UrbanSoccer - Puteaux-ChIJM_sC0-Nk5kcRhL1y_EFIje8 UrbanSoccer La Défense-ChIJh4rnfVhk5kcRV2Q-ZKdm8vA
05/02/2024;19:00 19:30 20:00 20:30 21:00 21:30 22:00;HOhld4vNnPqPF7ANulZn;1 2 3 4 5;Sport dans la Ville Rhône-Alpes-ChIJoUEDcmvr9EcRILCz6hDCQ2o Sport Dans La Ville Villeurbanne-ChIJe33MVUHA9EcRYGgjz_gA-EM UrbanSoccer - Lyon Parilly-ChIJx3FQWjLC9EcRrrQb2eV7i_4
11/03/2024;0,708333333;HPFL1jOUtoWxqnji7De6;3 4;Sport dans la Ville Rhône-Alpes-ChIJoUEDcmvr9EcRILCz6hDCQ2o
21/02/2024;12:00 11:00 11:30 12:30 13:00 13:30 14:00 14:30 15:00 15:30 16:00 16:30 17:00 17:30 18:00 18:30 19:00 19:30 20:00 20:30 21:00 21:30 22:00 22:30 23:00 23:30;HQ76njmFNFKUbKuEVjUO;5 6 7;OHSPORT-ChIJHeG9fA4X5kcRbGNzVY5Ud5I
12/02/2024;18:00 18:30 19:00;HQhPrrWefS8moL0GMCLH;1 2 3 4 5;FOOT INDOOR Marseille-ChIJ41AMCxC8yRIRLHLGt11sc-U Evolution Football-ChIJX0YulIi8yRIRnGh62u3UXTQ Le Temple du Soccer Indoor Marseille Carnoux - Centre de Foot en Salle-ChIJd2VpFTm7yRIRmqSv9EUPuF4
29/02/2024;9:00 10:00 9:30 10:30 11:30 11:00 12:00 12:30 13:30 13:00 14:00 14:30 16:30 17:00 16:00 17:30 15:00 15:30 18:30 18:00 19:30 19:00 20:30 20:00 21:00 21:30 22:30 22:00 23:00 23:30;HUsHpQpoUnEXcpbqVE92;1 2 3 4 5 6 7;Sport dans la Ville Rhône-Alpes-ChIJoUEDcmvr9EcRILCz6hDCQ2o Factory Sport Games-ChIJNcDntQGO9EcR3CbXF7xfc5o F5 Foot Five-ChIJjUbM5G7A9EcRW3mlkrhyXxY We Are Sports-ChIJFZU5oBHC9EcRJTFrSkI1xxg UrbanSoccer - Lyon Parilly-ChIJx3FQWjLC9EcRrrQb2eV7i_4 LE 5 DE LEGENDE-ChIJAQNaA3nc9EcRYvB35x41mBs UrbanSoccer - Lyon Barolles-ChIJN4l-IC3v9EcRf9QJKIVC_aY Sun Set Soccer-ChIJ-2jOt33D9EcRLZL2mS5Gvz4
13/02/2024;17:00 18:00 19:00 20:00;HZF14Ulsr9iGNvNCYD6t;3 4 5;LE PARK Complexe Multisports-ChIJdUHbID8O5kcRV5lQhiHTvhs
27/02/2024;10:00 13:00;Hceo1VpqTMafzX0ji3YZ;6 7;LE FIVE Bobigny-ChIJV8UONORs5kcRXxR5Qd7x130 UrbanSoccer - Porte d'Aubervilliers-ChIJ0dXjDCZs5kcRvX0EpMwxsUY LE FIVE Paris 18-ChIJPVT4_n1u5kcRzji6FdTBXXo LE FIVE Paris 17-ChIJ7eI8sFNv5kcR5xy52Wc57NU Foot-Max Argenteuil-ChIJi9oIzaRm5kcRJYcK7QsdRMU UrbanSoccer - Puteaux-ChIJM_sC0-Nk5kcRhL1y_EFIje8 UrbanSoccer La Défense-ChIJh4rnfVhk5kcRV2Q-ZKdm8vA LE FIVE Bezons-ChIJ71Mv0Wpk5kcRg-H9x7L-dXo
25/02/2024;0,708333333;HeGi2Uk7GmAEH8wU7yVK;1 3 5 6;LE FIVE Morangis-ChIJA4uAhOXZ5UcRp-vZXZP-ovY Stadium Thiais-ChIJ64X9jzx05kcRsHvSfOv6UcA
14/03/2024;16:30 17:00 17:30 16:00;Hh02fdwcWHHiF0u85bjt;1 2 3 4 5 6 7;LE FIVE Paris 13-ChIJ_bOSChhz5kcRZMTeq_6Gdzg UrbanSoccer - Quai d'Ivry-ChIJfXxYJ0xy5kcRw9xTkF6-FZQ Stadium Thiais-ChIJ64X9jzx05kcRsHvSfOv6UcA
25/02/2024;21:00 20:00 20:30 21:30 19:00 22:00 22:30 23:00 23:30 19:30 18:00 18:30 9:00 9:30 10:00 10:30 11:00 11:30 12:00 12:30 13:00 13:30 14:00 14:30 15:00 15:30 16:00 16:30 17:00 17:30;Hj0T73ppUu0eMG84bHKz;7 6 5 4 3 2 1;LE FIVE Nancy-ChIJ84QrCMaYlEcRF5c_hb5H97c
10/03/2024;21:00 22:00 20:00;HlNtfafL226Ajjd2usND;5 6 7;LE FIVE Paris 17-ChIJ7eI8sFNv5kcR5xy52Wc57NU UrbanSoccer - Asnières-ChIJi5LkLT9v5kcRSlhScqEFNWs UrbanSoccer La Défense-ChIJh4rnfVhk5kcRV2Q-ZKdm8vA LE FIVE Paris 18-ChIJPVT4_n1u5kcRzji6FdTBXXo UrbanSoccer - Puteaux-ChIJM_sC0-Nk5kcRhL1y_EFIje8
16/03/2024;17:00 16:30 17:30 16:00;HoA4rnyeIlxR0UvTQyuX;6;LE FIVE Paris 18-ChIJPVT4_n1u5kcRzji6FdTBXXo UrbanSoccer - Porte d'Aubervilliers-ChIJ0dXjDCZs5kcRvX0EpMwxsUY UrbanSoccer - Puteaux-ChIJM_sC0-Nk5kcRhL1y_EFIje8 UrbanSoccer La Défense-ChIJh4rnfVhk5kcRV2Q-ZKdm8vA
09/03/2024;9:00 10:00 9:30 10:30 11:00 11:30 12:00 12:30 13:00 13:30 14:00 14:30 15:30 15:00 16:00 16:30 17:30 17:00 18:00 18:30 20:00 19:00 19:30 20:30 21:30 21:00 22:00 23:30 22:30 23:00;Hp2SIeCARdLr2TUrRyyJ;3 5 6 7;By foot-ChIJYz1iXyDOzRIRSLYYLDIpmsc Allianz Riviera-ChIJxXWpN-_RzRIR0-hEuFMBoOU Stade du Ray-ChIJ-QMcU-PPzRIRLbYnzXedx48 Mini Stade Falicon-ChIJxVYuxfHPzRIRzt3dOhvtUzw ULTRA FABRON - PADEL et FOOTBALL-ChIJQdaRXN3RzRIRJ3lhGPRjQ2A Kaiser Foot 5-ChIJhf-_e_HEzRIReJ_50-XA-Wg Stade de l'Ouest-ChIJvblFMwzRzRIRo3CwghjAXYo Centre de Formation OGC Nice-ChIJFxtxoZ_RzRIRyFCgD7DE3ew Complexe sportif Sam Joubij-ChIJvzKXYf3EzRIRAuQ2kcYYsA4 Ogc Nice Football-ChIJgYEcApzRzRIRPPBbAQuJzGQ Stade Méarelli-ChIJKzA2DQXRzRIRZot3pNRyy58 OGC Nice Stade Entrainement-ChIJvywHX5DRzRIRpg4sAp8eCM8 Teqball Nice-ChIJF2cDsW3RzRIRFGlOT_80QGE Complexe Sportif Municipal Vauban-ChIJxcqiVLXazRIRH4-XnCKuxes Foot Korner Nice-ChIJAQBU-qfazRIRjkfaivBlSOU Allianz Riviera-ChIJszevd-nRzRIRjhSktdBpm28 UrbanSoccer - Villeneuve Loubet-ChIJVVVVEU3TzRIRX9_gbFDSBj0 Stade Nicolaï-ChIJ85Nr-y7QzRIRPMHIv9mZkdQ Stade Saint-Roch-ChIJz5vYujDFzRIRc3Ea40SAfGI Uscca Football-ChIJj1TGgmvFzRIRJcgNYtF9Pbo
12/03/2024;19:00 19:30 20:00 20:30 21:00 21:30 22:00 22:30 23:00 23:30;Hr0sDwpjHPt9ZudW2HyE;1 2 3 4 5 6 7;B14 - Sports et Loisirs Indoor-ChIJaeLKMYXe5UcRHyWJ8X8FaPA UrbanSoccer Evry-ChIJW0Ut1G7e5UcRt621n2fRQ5M LE FIVE Morangis-ChIJA4uAhOXZ5UcRp-vZXZP-ovY VERSUSFOOT Thiais-ChIJn2R2NT905kcRjqB29qldBxk Stadium Thiais-ChIJ64X9jzx05kcRsHvSfOv6UcA
19/03/2024;0,416666667;HrFfHKYv9Injrx4sQmlR;2;LE FIVE Annemasse-ChIJVc4JI-FtjEcRkBpWIDCVoII
20/03/2024;18:00 19:00 20:00 18:30 19:30 20:30;Ht6ymMxlpGv8edxqR7OO;3 1 5;LE PARK Servon-ChIJMU8gErUJ5kcRSnpvacKwFtM Le CR5-ChIJnVE47IHn5UcRr5XRwCaPE38 UrbanSoccer Evry-ChIJW0Ut1G7e5UcRt621n2fRQ5M
01/03/2024;16:30 17:00;I4DCThstE1b4Vowuzn6z;6;GOPARK Pontoise-ChIJ2cJmdhf15kcRQ4mUOxIVzd0
24/02/2024;0,6875;I71pNfIj8dWrXHddoX6F;7;UrbanSoccer - Lille Bondues-ChIJ58ZerMgrw0cR2Jyp7tZjBn4
03/03/2024;16:00 16:30 17:30 17:00 18:00 18:30 19:30 19:00 20:30 20:00 21:30 21:00 22:30 22:00 23:30 23:00;ICDvuLd9eT0ZyE8Lam5o;1 2 3 4 5 6 7;Futbol Futbol Artigues-ChIJZziKe5cvVQ0R5tJa9BeDd8o Bordeaux Soccer-ChIJCRHQufUoVQ0RmXgf8oHOE08 LE FIVE Bordeaux-ChIJteaBh_koVQ0RqH2VtN-qL5I GINGA Foot Mérignac-ChIJyfJZiyPaVA0RlY6_mDcql7U UrbanSoccer Bordeaux-Pessac-ChIJTZ1wTCnZVA0Ra5hHoMEPn3I UrbanSoccer - Bordeaux Mérignac-ChIJxWBxmALaVA0Rop0OWS3Q3fY
05/03/2024;9:00 23:30;ICr1joXCiqG0ZT41fDL2;1 2 3 4 5 6 7;Sport dans la Ville Rhône-Alpes-ChIJoUEDcmvr9EcRILCz6hDCQ2o F5 Foot Five-ChIJjUbM5G7A9EcRW3mlkrhyXxY UrbanSoccer - Lyon Parilly-ChIJx3FQWjLC9EcRrrQb2eV7i_4 We Are Sports-ChIJFZU5oBHC9EcRJTFrSkI1xxg LE 5 DE LEGENDE-ChIJAQNaA3nc9EcRYvB35x41mBs UrbanSoccer - Lyon Barolles-ChIJN4l-IC3v9EcRf9QJKIVC_aY LE FIVE OL-ChIJmz3whejH9EcR3j9ApNRukKE Sun Set Soccer-ChIJ-2jOt33D9EcRLZL2mS5Gvz4 Factory Sport Games-ChIJNcDntQGO9EcR3CbXF7xfc5o
07/02/2024;10:00 10:30 11:00 11:30 12:00 12:30 13:00 13:30 14:00 14:30 15:30 16:00 15:00 16:30 17:00 17:30 18:00 18:30 19:00 19:30 20:00 20:30 21:00 21:30;IDOovoQVeymPZQp6d7s8;1 2 3 4 5;UrbanSoccer La Défense-ChIJh4rnfVhk5kcRV2Q-ZKdm8vA
25/02/2024;19:00 20:00 16:00 17:00;IEnHQjHSq0Af9qDgqEqW;4 5 6 7;LE FIVE Paris 18-ChIJPVT4_n1u5kcRzji6FdTBXXo LE FIVE Paris 13-ChIJ_bOSChhz5kcRZMTeq_6Gdzg UrbanSoccer - Quai d'Ivry-ChIJfXxYJ0xy5kcRw9xTkF6-FZQ
25/02/2024;0,375;IEz9j2LesAsrHieAdyNo;7 6 5 4 3 2 1;UrbanSoccer La Défense-ChIJh4rnfVhk5kcRV2Q-ZKdm8vA Élite 5 Soccer-ChIJ5-jfdlZk5kcRYIaELgvikaM UrbanSoccer - Puteaux-ChIJM_sC0-Nk5kcRhL1y_EFIje8
20/03/2024;10:00 10:30 11:00 12:00 12:30 11:30 13:00 13:30 14:00 14:30;IG4jvM02QHh9QCZ8dEjJ;1 2 3 4 5 6 7;LE FIVE Valenciennes-ChIJs_yKhaPvwkcRtt71kMRaz8A
12/02/2024;20:30 21:00 21:30;IGEEHFZQNwi0PSTMqpKz;1 2;Monclub Futbol-ChIJGbxxaamUyRIRgGvhHnhJStA LE FIVE VITROLLES-ChIJi4A-IrHoyRIRunoYLEGNeYI
09/03/2024;19:30 20:00 20:30 21:00;IHKvUXB6ojwQF7KLK0yL;1;UrbanSoccer - Porte d'Aubervilliers-ChIJ0dXjDCZs5kcRvX0EpMwxsUY LE FIVE Paris 18-ChIJPVT4_n1u5kcRzji6FdTBXXo
29/02/2024;0,791666667;IILRFpbcYn4STRjY7vIb;1 2 3 4 5 6 7;F5 Foot Five-ChIJjUbM5G7A9EcRW3mlkrhyXxY Sport dans la Ville Rhône-Alpes-ChIJoUEDcmvr9EcRILCz6hDCQ2o We Are Sports-ChIJFZU5oBHC9EcRJTFrSkI1xxg UrbanSoccer - Lyon Parilly-ChIJx3FQWjLC9EcRrrQb2eV7i_4 LE 5 DE LEGENDE-ChIJAQNaA3nc9EcRYvB35x41mBs UrbanSoccer - Lyon Barolles-ChIJN4l-IC3v9EcRf9QJKIVC_aY LE FIVE OL-ChIJmz3whejH9EcR3j9ApNRukKE Sun Set Soccer-ChIJ-2jOt33D9EcRLZL2mS5Gvz4 Factory Sport Games-ChIJNcDntQGO9EcR3CbXF7xfc5o
20/03/2024;9:00 9:30 10:00 10:30 11:30 11:00 12:00 12:30 13:00 13:30 14:30 14:00 16:00 15:30 15:00 16:30 17:00 17:30 18:30 19:30 20:30 21:00 20:00 18:00 19:00;IIjj5UK1r5GRTvTnxYWU;1 2 3 4 5 6 7;CLERMONT FIVE - with Clermont Foot 63-ChIJha9mGXof90cRZOniE8FyLGo Stade Universitaire-ChIJ___bmpUb90cRVzs6YXRWiUQ Clermont Foot 63-ChIJ7YTyLMwe90cRFXEtakcwMRE Stade Gabriel-Montpied-ChIJKa9VCNAe90cRkuq5YnabRfk Urban Padel - Club de Padel Clermont-ChIJbw5hsusd90cRQ_eMIGGzqak Stadium Bar-ChIJS8Yko84e90cRfBF7MzTacfo Foot Korner Clermont Ferrand-ChIJNWUU52gb90cRFuIQ8aUYAdM Stade Camille et Edmond Leclanché-ChIJ-Z4Xnsse90cRX1L6Ss4HTw8 Clermont Metropole Fc-ChIJfxSJkM8e90cR-IknljYJndw Stade de l'espérance-ChIJ70kRUogb90cRkBZmPXeqKTU Stade Marcel-Michelin-ChIJASNCq1QZ90cRKUKAJuvMXOs CARRE FOOT-ChIJp38S5jnAqkERIpLY7PeKW70 Stade Daniel Papillaud-ChIJNyuVKmoc90cROpbxg6yuhI8 Stade Tremonteix-ChIJq7IXzngZ90cR4pehYQ52Z7I As Clermont Saint-Jacques-ChIJi7zDV4gb90cRmsTXb-Fv18o
18/03/2024;19:00 19:30 20:00 20:30 21:00 21:30;ILsFh8vyjxQraQT4oH6x;1 2;UrbanSoccer La Défense-ChIJh4rnfVhk5kcRV2Q-ZKdm8vA UrbanSoccer - Puteaux-ChIJM_sC0-Nk5kcRhL1y_EFIje8 LE FIVE Bezons-ChIJ71Mv0Wpk5kcRg-H9x7L-dXo UrbanSoccer - Asnières-ChIJi5LkLT9v5kcRSlhScqEFNWs LE FIVE Paris 17-ChIJ7eI8sFNv5kcR5xy52Wc57NU Foot-Max Argenteuil-ChIJi9oIzaRm5kcRJYcK7QsdRMU
09/03/2024;22:00 22:30 23:00 23:30;IOtqAeEGLk9yFIOY1wEh;6 5;LE FIVE Champigny-ChIJsXi1PLYN5kcRTVVDuczgS2s LE FIVE Montreuil-ChIJJdTQjr0T5kcRZmGxtIJVy44 LE FIVE Bobigny-ChIJV8UONORs5kcRXxR5Qd7x130
02/03/2024;18:00 20:00 19:00 18:30 19:30 20:30;IPKGkg0t8G0qd2erCbiX;1 2 3 4 5 6 7;GOPARK Pontoise-ChIJ2cJmdhf15kcRQ4mUOxIVzd0 Firefoot-ChIJ0zSROfj15kcR4l0wrCcYPMk Kaiser Park-ChIJsRLZzKFg5kcRBCfNws9nssw Le Street Foot en Salle-ChIJt_AXL6Jg5kcRu6rBmnrmeUM LE FIVE Carrières-sous-Poissy-ChIJ9T4fWfyL5kcRCBX-FyZLvEE Foot POWER 5-ChIJuTCIFshm5kcRBtEQJ76dAzc
09/02/2024;15:00 14:00 17:00 20:00 17:30;IT1adjIQkqafNhvdHUNi;3 5 7 6;UrbanSoccer - Saint Etienne-ChIJ6xFIgPWr9UcRxo6t2gZwcZM SUC Terrenoire (Saint-Etienne Université Club de Terrenoire)-ChIJPfykm52p9UcRUtL2kyxJBVI Five Pizza Original - Saint-Etienne-ChIJx4HkRbGv9UcREN1KPbR9FO4
14/03/2024;0,979166667;IUla3GBTdj2q42sRaUtd;7;UrbanSoccer Evry-ChIJW0Ut1G7e5UcRt621n2fRQ5M
23/02/2024;0,833333333;IXmR1aMHbjo8ufLLvKqF;5;Sun Set Soccer-ChIJ-2jOt33D9EcRLZL2mS5Gvz4
09/03/2024;9:00 9:30 10:00 10:30 11:00 11:30 12:00 12:30 13:00 15:30 16:30 15:00 14:30 13:30 14:00 17:30 16:00 17:00 18:00 19:30 18:30 19:00 20:30 20:00 21:00 21:30 22:00;IfY75X2tKf1EFCTlTH3K;6 7;UrbanSoccer La Défense-ChIJh4rnfVhk5kcRV2Q-ZKdm8vA UrbanSoccer - Puteaux-ChIJM_sC0-Nk5kcRhL1y_EFIje8 UrbanSoccer - Asnières-ChIJi5LkLT9v5kcRSlhScqEFNWs UrbanSoccer - Porte d'Aubervilliers-ChIJ0dXjDCZs5kcRvX0EpMwxsUY Élite 5 Soccer-ChIJ5-jfdlZk5kcRYIaELgvikaM
20/03/2024;0,833333333;Ih4YzUNIXMIT6FUHF623;2;LE FIVE Paris 18-ChIJPVT4_n1u5kcRzji6FdTBXXo
02/03/2024;18:00 18:30 19:00 19:30 20:00 20:30;IheFNdbzDu3kk9EMGYBz;7;Power Five-ChIJ6ULNmyh15kcRV9cjbnBjGr8
25/02/2024;13:00 13:30 14:00 14:30 15:00 15:30 16:00 16:30;IhgPhMXab1jC9DgXIyQD;1 2;LE FIVE Bobigny-ChIJV8UONORs5kcRXxR5Qd7x130 LE FIVE Marville - La Courneuve-ChIJ2dHdMZxr5kcR0aKYHYsp0pY LE FIVE Villette-ChIJTUFnQjps5kcR0pHITLTw1PI LE FIVE Montreuil-ChIJJdTQjr0T5kcRZmGxtIJVy44 UrbanSoccer - Porte d'Aubervilliers-ChIJ0dXjDCZs5kcRvX0EpMwxsUY
11/03/2024;15:00 15:30 16:00 16:30 17:00 17:30 18:00 18:30 19:00 19:30 20:00 20:30 14:00 14:30 21:00;IjIAQMd7BgsibwQ9j1G2;7 6 5 4 3 2 1;Sport dans la Ville Rhône-Alpes-ChIJoUEDcmvr9EcRILCz6hDCQ2o
04/03/2024;14:00 14:30 15:00 15:30 16:00 16:30 17:00 17:30 18:00 18:30;IkXu4LQ60c41p9GRNw73;3;Sport dans la Ville Rhône-Alpes-ChIJoUEDcmvr9EcRILCz6hDCQ2o We Are Sports-ChIJFZU5oBHC9EcRJTFrSkI1xxg F5 Foot Five-ChIJjUbM5G7A9EcRW3mlkrhyXxY LE 5 DE LEGENDE-ChIJAQNaA3nc9EcRYvB35x41mBs UrbanSoccer - Lyon Parilly-ChIJx3FQWjLC9EcRrrQb2eV7i_4 UrbanSoccer - Lyon Barolles-ChIJN4l-IC3v9EcRf9QJKIVC_aY LE FIVE OL-ChIJmz3whejH9EcR3j9ApNRukKE Sun Set Soccer-ChIJ-2jOt33D9EcRLZL2mS5Gvz4 Factory Sport Games-ChIJNcDntQGO9EcR3CbXF7xfc5o
18/02/2024;20:00 21:00 19:00 19:30 20:30 21:30;InhSjjGVgd9lgL7Ya9u9;3 4 2;UrbanSoccer - Lille Lezennes-ChIJR3ro5nTWwkcRfM_S3Be9HjI UrbanSoccer - Lille Bondues-ChIJ58ZerMgrw0cR2Jyp7tZjBn4
02/02/2024;21:30 22:00 21:00;IqNjRpE9b0zmYtBpYrTc;2 3 4 5 6 7;LE FIVE Morangis-ChIJA4uAhOXZ5UcRp-vZXZP-ovY Speed Soccer Five-ChIJ2xTNglV25kcR3UDi4AXGfDU Stadium Thiais-ChIJ64X9jzx05kcRsHvSfOv6UcA UrbanSoccer Orsay-ChIJpZIJg7J45kcRrKWKhtbfnEQ UrbanSoccer Meudon-ChIJ0WKvjbh75kcRoqSmyWwW2jQ LE FIVE Créteil-ChIJ88lx3VwL5kcRVxCh4lD6_Gk
07/02/2024;18:00 19:00;Iqqd1D19npKcr2Z1FXfv;4 5 3;Z5 Aix-ChIJKb-U_9KSyRIRKIFKbH5mW18
07/03/2024;0,583333333;IrIlqWUbg2uCqXy0PJsV;7;Cercle Paul Bert Bréquigny-ChIJpxKffN7fDkgRV088zP99JnY
07/03/2024;0,916666667;IslMUDQwqG3p5mPfXr5w;4;Stadium Thiais-ChIJ64X9jzx05kcRsHvSfOv6UcA
16/03/2024;17:00 18:00 19:00 20:00 21:00 22:00 17:30 18:30 19:30 20:30 21:30 16:00 16:30;ItpWPGXiPy3ThkMdaoj3;1 2 3 4 5 6 7;UrbanSoccer - Lyon Parilly-ChIJx3FQWjLC9EcRrrQb2eV7i_4 F5 Foot Five-ChIJjUbM5G7A9EcRW3mlkrhyXxY We Are Sports-ChIJFZU5oBHC9EcRJTFrSkI1xxg LE 5 DE LEGENDE-ChIJAQNaA3nc9EcRYvB35x41mBs LE FIVE OL-ChIJmz3whejH9EcR3j9ApNRukKE
26/02/2024;0,375;IwF1FJ9HjpgK8H6QBr2z;6 7 1 2 3 4 5;UrbanSoccer - Quai d'Ivry-ChIJfXxYJ0xy5kcRw9xTkF6-FZQ LE FIVE Paris 13-ChIJ_bOSChhz5kcRZMTeq_6Gdzg Stadium Thiais-ChIJ64X9jzx05kcRsHvSfOv6UcA VERSUSFOOT Thiais-ChIJn2R2NT905kcRjqB29qldBxk LE FIVE Créteil-ChIJ88lx3VwL5kcRVxCh4lD6_Gk LE FIVE Montreuil-ChIJJdTQjr0T5kcRZmGxtIJVy44 Power Five-ChIJ6ULNmyh15kcRV9cjbnBjGr8
15/02/2024;18:00 19:00 20:00;IxiUJLkR0mowQb1mFrxL;5;LE FIVE OL-ChIJmz3whejH9EcR3j9ApNRukKE UrbanSoccer - Lyon Parilly-ChIJx3FQWjLC9EcRrrQb2eV7i_4
06/02/2024;10:00 11:00 11:30 10:30 9:30 9:00 18:00 18:30 19:30 19:00 20:00 20:30 21:00 21:30;IyUJ4GfoyhOwqi17Bcw6;6 7;UrbanSoccer Meudon-ChIJ0WKvjbh75kcRoqSmyWwW2jQ UrbanSoccer - Puteaux-ChIJM_sC0-Nk5kcRhL1y_EFIje8 UrbanSoccer La Défense-ChIJh4rnfVhk5kcRV2Q-ZKdm8vA Speed Soccer Five-ChIJ2xTNglV25kcR3UDi4AXGfDU
18/02/2024;18:30 19:30 10:00 11:00 12:00;J09vI1qNnChZ92ba60gt;1;LE FIVE Paris 13-ChIJ_bOSChhz5kcRZMTeq_6Gdzg UrbanSoccer - Quai d'Ivry-ChIJfXxYJ0xy5kcRw9xTkF6-FZQ LE FIVE Paris 17-ChIJ7eI8sFNv5kcR5xy52Wc57NU
15/02/2024;23:00 23:30 22:00 22:30 21:00 21:30 20:00 20:30 19:00 19:30 18:00 18:30 17:00 17:30;J3L1nJh0bfRY3yNKm5wl;7 6 5 4 3 2 1;UrbanSoccer - Asnières-ChIJi5LkLT9v5kcRSlhScqEFNWs
19/03/2024;0,708333333;J4h97EE4qEwXVNyLzgxP;6;UrbanSoccer - Lyon Parilly-ChIJx3FQWjLC9EcRrrQb2eV7i_4
12/03/2024;20:00 20:30 21:00 19:30;J53JirNn6I35gKUZt71J;3 4 5;LE FIVE Montreuil-ChIJJdTQjr0T5kcRZmGxtIJVy44 LE FIVE Champigny-ChIJsXi1PLYN5kcRTVVDuczgS2s LE FIVE Bobigny-ChIJV8UONORs5kcRXxR5Qd7x130
21/02/2024;0,645833333;J7sbmSZrSitx1OyFaasp;7;LE FIVE Paris 13-ChIJ_bOSChhz5kcRZMTeq_6Gdzg
07/02/2024;9:00 9:30 10:00 10:30 11:00 11:30 12:00 12:30 13:00 13:30 14:00 14:30 15:00 15:30 16:00 16:30 17:00 17:30 18:00 18:30 19:00 19:30 20:00 20:30 21:00 21:30 22:00;J8ZC6J4AquMKGSjaeZNV;1 2 3 4 5 6 7;Terrain de football-ChIJFyBVpBC_5kcRr3djTY9PH54 FUTSAL LA TOILE-ChIJ54mqq-S-5kcRE-dJBGSckm0 Stade de la butte Verte-ChIJt9s2eC6_5kcRYIEmOm1FuyI Football Club Mantois-ChIJl4GU9_e-5kcRzSWqARCGGqY Alain Polaniok-ChIJDXCMF0--5kcRJEQhuR9Y6v0 Complexe Sportif Félicien Dantan-ChIJlYsD21K-5kcR4SAj0VEHPzU Foot Indoor Limay-ChIJAQDAMXiV5kcRrL5fPp5Dj7g Football 5 Club-ChIJTcHVp4S55kcRUD4Mh5Pro98 Social Sport & Performance-ChIJSfqLLw6_5kcRdAr5ZJ6jYjY Five time-ChIJ-4jxk6q_5kcRriITPC0j4Hg Stade du Moulin Des Rades-ChIJfQCrglq-5kcRiz_G1BAWd1o
07/03/2024;17:30 18:00 18:30 19:00 19:30 20:00 20:30 21:00 21:30 22:00 22:30;J9W0fPqPP3djyGVBuPDa;1 2 3 4 5 6 7;UrbanSoccer - Marne-La-Vallée-ChIJ6bDBiosP5kcROXiloHzSdhc LE PARK Noisy-ChIJdUHbID8O5kcRV5lQhiHTvhs LE FIVE Champigny-ChIJsXi1PLYN5kcRTVVDuczgS2s LE PARK Servon-ChIJMU8gErUJ5kcRSnpvacKwFtM LE FIVE Créteil-ChIJ88lx3VwL5kcRVxCh4lD6_Gk UrbanSoccer - Quai d'Ivry-ChIJfXxYJ0xy5kcRw9xTkF6-FZQ VERSUSFOOT Thiais-ChIJn2R2NT905kcRjqB29qldBxk Stadium Thiais-ChIJ64X9jzx05kcRsHvSfOv6UcA
14/02/2024;9:00 9:30 10:00 10:30 11:00 12:00 12:30 11:30 13:30 13:00 14:30 14:00 15:00 15:30 16:00 16:30 17:30 17:00 18:00 18:30 19:00 20:00 20:30 19:30 21:30 21:00 22:00 23:00 23:30 22:30;J9aqNSUDO2FfP7lIOnFE;1 2 3 4 5 6 7;LE FIVE OL-ChIJmz3whejH9EcR3j9ApNRukKE Sport dans la Ville Rhône-Alpes-ChIJoUEDcmvr9EcRILCz6hDCQ2o F5 Foot Five-ChIJjUbM5G7A9EcRW3mlkrhyXxY UrbanSoccer - Lyon Barolles-ChIJN4l-IC3v9EcRf9QJKIVC_aY LE 5 DE LEGENDE-ChIJAQNaA3nc9EcRYvB35x41mBs UrbanSoccer - Lyon Parilly-ChIJx3FQWjLC9EcRrrQb2eV7i_4 We Are Sports-ChIJFZU5oBHC9EcRJTFrSkI1xxg Sun Set Soccer-ChIJ-2jOt33D9EcRLZL2mS5Gvz4 Factory Sport Games-ChIJNcDntQGO9EcR3CbXF7xfc5o
09/02/2024;17:00 18:00 19:00 20:00 21:00 23:00 22:00;JBhGyP4ybcnifSR0ZHYr;5;Stadium Thiais-ChIJ64X9jzx05kcRsHvSfOv6UcA
08/03/2024;9:00 10:00 11:00 13:00 14:00 12:00 15:00 17:00 18:00 20:00 10:30 12:30 18:30 13:30 14:30 15:30 22:00 23:00;JDpJxdDmJa7fuHklKXYS;1 2 3 4 5 6 7;LE FIVE Bobigny-ChIJV8UONORs5kcRXxR5Qd7x130 LE FIVE Villette-ChIJTUFnQjps5kcR0pHITLTw1PI UrbanSoccer - Porte d'Aubervilliers-ChIJ0dXjDCZs5kcRvX0EpMwxsUY LE FIVE Marville - La Courneuve-ChIJ2dHdMZxr5kcR0aKYHYsp0pY LE FIVE Paris 18-ChIJPVT4_n1u5kcRzji6FdTBXXo LE FIVE Montreuil-ChIJJdTQjr0T5kcRZmGxtIJVy44 LE FIVE Paris 17-ChIJ7eI8sFNv5kcR5xy52Wc57NU FOOT IN FIVE-ChIJoUR0syFp5kcRUlStnwluaYY UrbanSoccer - Asnières-ChIJi5LkLT9v5kcRSlhScqEFNWs UrbanSoccer - Quai d'Ivry-ChIJfXxYJ0xy5kcRw9xTkF6-FZQ Footbox-ChIJY-WkusIR5kcR-tEad3UtaSQ LE FIVE Sarcelles-ChIJ6_q3Fxhq5kcRCpoEwnoXX1Q BIG5-ChIJsb_7TJFp5kcRSPL5VqZulr4 OHSPORT-ChIJHeG9fA4X5kcRbGNzVY5Ud5I LE FIVE Paris 13-ChIJ_bOSChhz5kcRZMTeq_6Gdzg LE FIVE Champigny-ChIJsXi1PLYN5kcRTVVDuczgS2s LE PARK Noisy-ChIJdUHbID8O5kcRV5lQhiHTvhs UrbanSoccer - Puteaux-ChIJM_sC0-Nk5kcRhL1y_EFIje8 UrbanSoccer La Défense-ChIJh4rnfVhk5kcRV2Q-ZKdm8vA LE FIVE Créteil-ChIJ88lx3VwL5kcRVxCh4lD6_Gk
29/02/2024;18:30 18:00 19:00 19:30;JERNVSgXrRWHS4cPKNs7;7;LE FIVE Bezons-ChIJ71Mv0Wpk5kcRg-H9x7L-dXo
23/02/2024;18:00 17:00 16:00 15:00 14:00 13:00 12:00 11:00 10:00 19:00 20:00 10:30 11:30 12:30 13:30 14:30 15:30 16:30 17:30 19:30 18:30 20:30 21:30 21:00;JHk8vgWJ2QQuHysneFAH;6 5 4 3 2 1;Plaine des Jeux de Gerland-ChIJBYG18IPp9EcRUNpTJFdu8f0
08/03/2024;18:30 19:00 19:30 20:00 20:30;JP9FbxyhfM4RDXBqu7d4;1 2 3 4 5 6 7;Foot-Max Argenteuil-ChIJi9oIzaRm5kcRJYcK7QsdRMU LE FIVE Bezons-ChIJ71Mv0Wpk5kcRg-H9x7L-dXo Foot POWER 5-ChIJuTCIFshm5kcRBtEQJ76dAzc
29/02/2024;19:00 20:00 21:00 19:30 20:30 21:30;JRkfxR4vnOev9ZhcIntx;6 7 5 4 3 2 1;UrbanSoccer - Toulouse Sept Deniers-ChIJk5nUBdOkrhIRP-1aUJzo-lA UrbanSoccer - Toulouse Montaudran-ChIJl772e0u8rhIR2foRX4Xa2CI Play Soccer-ChIJQ-UxZn-5rhIRKWoQydM5T9s LE FIVE Colomiers-ChIJ8wxhgGexrhIRm698kMPQIRw Events Five-ChIJf8cSCJG5rhIRoQadPH-wW1U Classico Foot-ChIJFV442oCxrhIRgsZy5aIbkNs
07/02/2024;18:00 18:30 19:00 19:30 20:00 20:30 21:00 21:30 22:00 22:30;JXLjXYlqstoFXGbQO3mv;1 2 3 4;DK Park-ChIJj70TyWiL3EcR7iZ1fa-JRNk
17/03/2024;13:00 12:00 12:30 13:30 14:00 15:00 16:00 16:30 15:30 14:30;JZUG8aqBEDfSwCKd6Z8W;2 1 3 4 5;Speed Soccer Five-ChIJ2xTNglV25kcR3UDi4AXGfDU LE FIVE Créteil-ChIJ88lx3VwL5kcRVxCh4lD6_Gk LE FIVE Champigny-ChIJsXi1PLYN5kcRTVVDuczgS2s LE FIVE Bezons-ChIJ71Mv0Wpk5kcRg-H9x7L-dXo VERSUSFOOT Thiais-ChIJn2R2NT905kcRjqB29qldBxk UrbanSoccer Meudon-ChIJ0WKvjbh75kcRoqSmyWwW2jQ Stadium Thiais-ChIJ64X9jzx05kcRsHvSfOv6UcA FOOT IN FIVE-ChIJoUR0syFp5kcRUlStnwluaYY UrbanSoccer La Défense-ChIJh4rnfVhk5kcRV2Q-ZKdm8vA UrbanSoccer - Puteaux-ChIJM_sC0-Nk5kcRhL1y_EFIje8 LE FIVE Marville - La Courneuve-ChIJ2dHdMZxr5kcR0aKYHYsp0pY LE FIVE Montreuil-ChIJJdTQjr0T5kcRZmGxtIJVy44 UrbanSoccer - Asnières-ChIJi5LkLT9v5kcRSlhScqEFNWs LE FIVE Bobigny-ChIJV8UONORs5kcRXxR5Qd7x130 LE FIVE Villette-ChIJTUFnQjps5kcR0pHITLTw1PI UrbanSoccer - Porte d'Aubervilliers-ChIJ0dXjDCZs5kcRvX0EpMwxsUY LE FIVE Paris 17-ChIJ7eI8sFNv5kcR5xy52Wc57NU UrbanSoccer - Quai d'Ivry-ChIJfXxYJ0xy5kcRw9xTkF6-FZQ LE FIVE Paris 18-ChIJPVT4_n1u5kcRzji6FdTBXXo LE FIVE Paris 13-ChIJ_bOSChhz5kcRZMTeq_6Gdzg
08/03/2024;0,5;JZm8hQcss61YUx6RTkev;2 3 4 5 1;LE FIVE Paris 13-ChIJ_bOSChhz5kcRZMTeq_6Gdzg LE FIVE Paris 17-ChIJ7eI8sFNv5kcR5xy52Wc57NU UrbanSoccer - Quai d'Ivry-ChIJfXxYJ0xy5kcRw9xTkF6-FZQ
02/02/2024;10:00 9:00 9:30 10:30 11:00 11:30 12:00 12:30 13:00 13:30 14:00 15:00 14:30 15:30 16:00 16:30;JjZjGwuiwio4Lodfzc9X;6 7;LE FIVE Paris 18-ChIJPVT4_n1u5kcRzji6FdTBXXo
05/03/2024;0,8125;Jjad07PgZRILOJCUgH9E;1;LE FIVE Paris 13-ChIJ_bOSChhz5kcRZMTeq_6Gdzg
17/03/2024;17:00 18:00 19:00 20:00 21:00;Jra9vKBzA36GNFnE8JFm;4 5 6;UrbanSoccer Evry-ChIJW0Ut1G7e5UcRt621n2fRQ5M LE PARK Complexe Multisports-ChIJMU8gErUJ5kcRSnpvacKwFtM B14 - Sports et Loisirs Indoor-ChIJaeLKMYXe5UcRHyWJ8X8FaPA
12/02/2024;18:00 18:30 19:00;Jrdbczj1FmC6v2BiejGL;2;Monclub Futbol-ChIJGbxxaamUyRIRgGvhHnhJStA
13/03/2024;18:00 18:30 19:00 19:30 20:00 20:30 21:00 21:30 22:00 22:30 23:00 23:30;JwHAwOoPq9Ch2zlcHiLW;1 2 3 4 5 6 7;Massilia Foot Indoor 2-ChIJxZ6UmMW-yRIRfYNGGPPJfIU Le 13 - Foot en salle - Marseille-ChIJR62kUm_ByRIRDnGQqGCeUVQ STADIUM FOOT 5 VILLAGE-ChIJbbOWFtC4yRIR0WXVerbWmnE Le Mercato FOOT INDOOR-ChIJzRK7HJy_yRIRqEreyEiAfC0 Massilia Five-ChIJxZ6UmMW-yRIR7ot5DChYj4w MONCLUB 2.0-ChIJv9owGLm-yRIRfuDnd3G6nR4 FOOT INDOOR Marseille-ChIJ41AMCxC8yRIRLHLGt11sc-U Evolution Football-ChIJX0YulIi8yRIRnGh62u3UXTQ Game 13 foot indoor-ChIJNSDvlsXryRIRUXao9hwB79I Le B3 Soccer-ChIJa69uraDryRIRRlY7a07cUqU Monclub Futbol-ChIJGbxxaamUyRIRgGvhHnhJStA LE FIVE Vitrolles-ChIJi4A-IrHoyRIRunoYLEGNeYI
06/03/2024;19:30 20:00 20:30 21:00 21:30 19:00 22:00;JzB6wFXI7Awhdq1ia4JV;3 1 5 2 4;Stade Suzanne Lenglen-ChIJvTSVwnVw5kcR9CmKGXIcwtA Court Suzanne Lenglen-ChIJq--YkcV65kcR0vYnVsKZPZg Cité des Sports-ChIJ70UPf6R75kcRGb3NAV9k7Ww Tennis Suzanne Lenglen-ChIJ-cU2UXh75kcRqMp-H43dumc
06/02/2024;12:00 12:30 17:00 16:00 16:30 17:30 18:00 18:30 19:00 19:30 20:00 13:00;K1NWyL67jOM5x3xKU8W4;1 2 3 4 5 6 7;Play Soccer-ChIJQ-UxZn-5rhIRKWoQydM5T9s Events Five-ChIJf8cSCJG5rhIRoQadPH-wW1U Classico Foot-ChIJFV442oCxrhIRgsZy5aIbkNs
06/02/2024;20:00 20:30 21:00 19:30;K1e30wfNRZ7KAKoKoAz0;3 2 1;LE FIVE Paris 13-ChIJ_bOSChhz5kcRZMTeq_6Gdzg LE FIVE Paris 18-ChIJPVT4_n1u5kcRzji6FdTBXXo UrbanSoccer - Quai d'Ivry-ChIJfXxYJ0xy5kcRw9xTkF6-FZQ UrbanSoccer - Porte d'Aubervilliers-ChIJ0dXjDCZs5kcRvX0EpMwxsUY
18/03/2024;11:00 9:00 9:30 10:00 10:30 11:30 12:00 12:30 13:00 13:30 14:00 14:30 15:00 15:30 16:00 16:30 17:00 17:30 18:00 18:30 19:00 19:30 20:00 20:30;K4SJNtAeRlYgjyBiLzzU;4 5 6 7;LE FIVE Paris 13-ChIJ_bOSChhz5kcRZMTeq_6Gdzg LE FIVE Paris 18-ChIJPVT4_n1u5kcRzji6FdTBXXo UrbanSoccer - Quai d'Ivry-ChIJfXxYJ0xy5kcRw9xTkF6-FZQ LE FIVE Paris 17-ChIJ7eI8sFNv5kcR5xy52Wc57NU UrbanSoccer - Porte d'Aubervilliers-ChIJ0dXjDCZs5kcRvX0EpMwxsUY LE FIVE Villette-ChIJTUFnQjps5kcR0pHITLTw1PI UrbanSoccer - Puteaux-ChIJM_sC0-Nk5kcRhL1y_EFIje8 UrbanSoccer La Défense-ChIJh4rnfVhk5kcRV2Q-ZKdm8vA UrbanSoccer - Asnières-ChIJi5LkLT9v5kcRSlhScqEFNWs
06/03/2024;0,75;K55cuLZMEWOayqNEmUb3;1 2 3 4 5 6 7;Communauté Urbaine d'Arras-ChIJ_R-1IsVH3UcRbX4SINLv8RM R.C Arras Omnisports-ChIJI818EtpH3UcRKwwFMNDyHIA Stade De Football-ChIJswoA5H1I3UcRJEA48MDdgIQ Stade Jean-Jacques Molo-ChIJY5Y_27NJ3UcRx7_5ClrhAmo Stade François Duriez-ChIJ2VBTBhRH3UcRtebtYKBIDyo Stade de Dainville-ChIJE-7iPKhH3UcRB4NWMnR92yk Terrain Synthétique ARRAS FA-ChIJgTYrENFH3UcRYyi6VFCqSqQ Stade Grimaldi, Terrain de Hockey sur Gazon-ChIJL5ukW2FI3UcRF1rBxfL8FV0 Stade Pierre Bolle-ChIJNwAC8otI3UcREWXkoCfbL0k Olympique Arras Football-ChIJnTXc25BH3UcRz25j2WNbGnw Football Club Feminin Arras-ChIJaR_gkotI3UcRhXStea2cPpE L PARK - LE FIVE - 4PADEL Lens Liévin-ChIJ291icE063UcR1gWGn8xhzpw Terrain de foot-ChIJse9IrGlI3UcRQd6LlIHbHCQ ASPTT Arras Football-ChIJzUFZ_WNI3UcR87U0Mt7IS-M Arras Football-ChIJwUPCGdpH3UcRqOKWRdHCEls Complexe Sportif Degouve Brabant, Picardie-ChIJD416d9pH3UcRahKAk3ab5Fc Urban Culture-ChIJu_AFtJ5H3UcRTemvLDLDNEc Etoile Sportive de Saint Laurent Blangy Feuchy-ChIJVZVUfj5I3UcRadf2i7dCIp0
24/02/2024;9:00 10:00 9:30 10:30 11:00;K8JeJ4wLWd8TYetdTqOh;7 6;LE FIVE Vitrolles-ChIJi4A-IrHoyRIRunoYLEGNeYI Olive et Tom Foot-ChIJM91frs_gyRIR0DmRNXYM0hc Game 13 foot indoor-ChIJNSDvlsXryRIRUXao9hwB79I Le B3 Soccer-ChIJa69uraDryRIRRlY7a07cUqU Le 13 - Foot en salle - Marseille-ChIJR62kUm_ByRIRDnGQqGCeUVQ Massilia Foot Indoor 2-ChIJxZ6UmMW-yRIRfYNGGPPJfIU Monclub Futbol-ChIJGbxxaamUyRIRgGvhHnhJStA Le Mercato FOOT INDOOR-ChIJzRK7HJy_yRIRqEreyEiAfC0 Mondial Soccer Martigues-ChIJxSxBZ0rmyRIRD43lI6mPqdE Z5 Istres-ChIJg2T7dqcdthIRsQBEO9wiews
06/02/2024;0,458333333;KAA9TDTBjyhyZA7JmgHx;1 3 6 7;Le Street Foot en Salle-ChIJt_AXL6Jg5kcRu6rBmnrmeUM
22/02/2024;18:00 18:30 19:00 19:30 20:00 20:30 21:00 21:30 22:00 22:30 23:00 23:30;KCsNEU0ZY1I4jz3Fs3a3;1 2 3 5 4 6 7;LE FIVE Paris 13-ChIJ_bOSChhz5kcRZMTeq_6Gdzg LE FIVE Paris 18-ChIJPVT4_n1u5kcRzji6FdTBXXo UrbanSoccer - Quai d'Ivry-ChIJfXxYJ0xy5kcRw9xTkF6-FZQ LE FIVE Paris 17-ChIJ7eI8sFNv5kcR5xy52Wc57NU UrbanSoccer - Porte d'Aubervilliers-ChIJ0dXjDCZs5kcRvX0EpMwxsUY LE FIVE Villette-ChIJTUFnQjps5kcR0pHITLTw1PI LE FIVE Bobigny-ChIJV8UONORs5kcRXxR5Qd7x130 LE FIVE Montreuil-ChIJJdTQjr0T5kcRZmGxtIJVy44 LE FIVE Marville - La Courneuve-ChIJ2dHdMZxr5kcR0aKYHYsp0pY
15/03/2024;0,833333333;KE64q1yJkaNRVy1Lmxyr;6 7;We Are Sports-ChIJFZU5oBHC9EcRJTFrSkI1xxg F5 Foot Five-ChIJjUbM5G7A9EcRW3mlkrhyXxY Sport dans la Ville Rhône-Alpes-ChIJoUEDcmvr9EcRILCz6hDCQ2o LE 5 DE LEGENDE-ChIJAQNaA3nc9EcRYvB35x41mBs UrbanSoccer - Lyon Parilly-ChIJx3FQWjLC9EcRrrQb2eV7i_4 UrbanSoccer - Lyon Barolles-ChIJN4l-IC3v9EcRf9QJKIVC_aY LE FIVE OL-ChIJmz3whejH9EcR3j9ApNRukKE Sun Set Soccer-ChIJ-2jOt33D9EcRLZL2mS5Gvz4 Factory Sport Games-ChIJNcDntQGO9EcR3CbXF7xfc5o
09/03/2024;19:00 20:00 21:00;KHBtvgyw9C133DW4C1hG;1 2 3 4 5 6 7;MONCLUB 2.0-ChIJv9owGLm-yRIRfuDnd3G6nR4 FOOT INDOOR Marseille-ChIJ41AMCxC8yRIRLHLGt11sc-U Massilia Five-ChIJxZ6UmMW-yRIR7ot5DChYj4w STADIUM FOOT 5 VILLAGE-ChIJbbOWFtC4yRIR0WXVerbWmnE Evolution Football-ChIJX0YulIi8yRIRnGh62u3UXTQ Le 13 - Foot en salle - Marseille-ChIJR62kUm_ByRIRDnGQqGCeUVQ
01/03/2024;14:00 15:00 14:30 15:30 16:00;KJDK96bspgyebaMtzldw;6;LE FIVE Marville - La Courneuve-ChIJ2dHdMZxr5kcR0aKYHYsp0pY LE FIVE Villette-ChIJTUFnQjps5kcR0pHITLTw1PI UrbanSoccer - Porte d'Aubervilliers-ChIJ0dXjDCZs5kcRvX0EpMwxsUY LE FIVE Bobigny-ChIJV8UONORs5kcRXxR5Qd7x130
09/03/2024;9:30 22:30 19:00;KLbPRPXfN84wGEqeEvtS;1;LE FIVE Paris 13-ChIJ_bOSChhz5kcRZMTeq_6Gdzg
11/02/2024;18:30 19:00 19:30;KMZ2uKfm0ZQ3QIkiLeUa;7;UrbanSoccer La Défense-ChIJh4rnfVhk5kcRV2Q-ZKdm8vA Élite 5 Soccer-ChIJ5-jfdlZk5kcRYIaELgvikaM LE FIVE Bezons-ChIJ71Mv0Wpk5kcRg-H9x7L-dXo
17/03/2024;20:00 20:30 21:00 21:30 22:00 22:30 23:00 23:30 19:30;KRUHwagJ67XunUY1wZlx;7 6 5;Foot-Max Argenteuil-ChIJi9oIzaRm5kcRJYcK7QsdRMU LE FIVE Bezons-ChIJ71Mv0Wpk5kcRg-H9x7L-dXo Foot POWER 5-ChIJuTCIFshm5kcRBtEQJ76dAzc FOOT IN FIVE-ChIJoUR0syFp5kcRUlStnwluaYY Le Street Foot en Salle-ChIJt_AXL6Jg5kcRu6rBmnrmeUM Kaiser Park-ChIJsRLZzKFg5kcRBCfNws9nssw
02/03/2024;17:00 18:00;KWVC1rY5KEI7ok7MNRNC;1;UrbanSoccer - Toulouse Sept Deniers-ChIJk5nUBdOkrhIRP-1aUJzo-lA Play Soccer-ChIJQ-UxZn-5rhIRKWoQydM5T9s UrbanSoccer - Toulouse Montaudran-ChIJl772e0u8rhIR2foRX4Xa2CI
10/03/2024;21:00 21:30 22:00 22:30;KXGdcZKTuYnc9ho41jN3;1 2 3 4 5 6 7;LE FIVE Bezons-ChIJ71Mv0Wpk5kcRg-H9x7L-dXo UrbanSoccer - Puteaux-ChIJM_sC0-Nk5kcRhL1y_EFIje8 UrbanSoccer - Asnières-ChIJi5LkLT9v5kcRSlhScqEFNWs LE FIVE Carrières-sous-Poissy-ChIJ9T4fWfyL5kcRCBX-FyZLvEE FOOT IN FIVE-ChIJoUR0syFp5kcRUlStnwluaYY
24/02/2024;14:00 14:30 15:00 15:30 16:00 16:30 17:00 17:30 18:00 18:30;KZlVEFFG8TiHVX7Y2ze3;6 7;UrbanSoccer - Villeneuve Loubet-ChIJVVVVEU3TzRIRX9_gbFDSBj0 Stadium Antibes-ChIJSSGxg-PUzRIRblID9ACQndc
17/02/2024;19:30 20:00 20:30 21:00;KacCH0FNWzzjV6kZE0F3;1 2 3 4;UrbanSoccer - Lille Bondues-ChIJ58ZerMgrw0cR2Jyp7tZjBn4 KIPSTADIUM : Centre de Pratique dédié aux Sports Collectifs-ChIJydcoT88ow0cRLnHvlF-Z_jE
03/02/2024;11:30 12:00 12:30 13:00 13:30 14:00 14:30 15:00 15:30 16:00 16:30 17:00 17:30 18:00 18:30 19:00 19:30 20:00 10:00 10:30 11:00;KgF0czA1oWM8oAIfEagA;6;UrbanSoccer - Quai d'Ivry-ChIJfXxYJ0xy5kcRw9xTkF6-FZQ LE FIVE Paris 13-ChIJ_bOSChhz5kcRZMTeq_6Gdzg
11/03/2024;17:30 18:30 17:00 18:00 19:00 19:30 20:00 20:30;KgteYpmkNjCVOKiJoWBg;1 2 3 4;Footsal Cousinerie-ChIJXQyb1d8pw0cRLO_Ed5xHTIQ Footsal-ChIJa7HS298pw0cRMoVDj0XqVdI UrbanSoccer - Lille Bondues-ChIJ58ZerMgrw0cR2Jyp7tZjBn4 KIPSTADIUM-ChIJydcoT88ow0cRLnHvlF-Z_jE UrbanSoccer - Lille Lezennes-ChIJR3ro5nTWwkcRfM_S3Be9HjI
03/03/2024;0,8125;KhS8AfMupaHplPtVoYDm;6 5 7;UrbanSoccer - Lyon Barolles-ChIJN4l-IC3v9EcRf9QJKIVC_aY We Are Sports-ChIJFZU5oBHC9EcRJTFrSkI1xxg Sun Set Soccer-ChIJ-2jOt33D9EcRLZL2mS5Gvz4 UrbanSoccer - Lyon Parilly-ChIJx3FQWjLC9EcRrrQb2eV7i_4
20/03/2024;0,4375;KiTp5HtFMd00FlRiZWAk;7;LE FIVE Paris 17-ChIJ7eI8sFNv5kcR5xy52Wc57NU LE FIVE Paris 18-ChIJPVT4_n1u5kcRzji6FdTBXXo
05/03/2024;15:00 16:00 9:00 10:00 11:00 12:00 13:00 14:00 17:00 18:00 19:00 20:00 21:00 22:00 23:00 23:30 22:30 21:30 20:30 16:30 19:30 18:30 17:30 15:30 14:30 13:30 12:30 11:30 10:30 9:30;Kie8WZdIH2L4imr411iR;1 2 3 4 5 6 7;UrbanSoccer - Toulouse Montaudran-ChIJl772e0u8rhIR2foRX4Xa2CI
13/02/2024;18:00 19:00 19:30 18:30 20:00 20:30 21:00 21:30 22:00;Kr3Fp7NusBKzPbKAbVa7;1 2 3 4 6 7;Sport dans la Ville Rhône-Alpes-ChIJoUEDcmvr9EcRILCz6hDCQ2o
26/02/2024;18:30 19:00 19:30;KreYW3UQmksD9hX6K1k5;3;Spot FUTSAL-ChIJwdUawmfVwkcRaNLo_CmNii0 UrbanSoccer - Lille Lezennes-ChIJR3ro5nTWwkcRfM_S3Be9HjI Footsal-ChIJa7HS298pw0cRMoVDj0XqVdI Footsal Cousinerie-ChIJXQyb1d8pw0cRLO_Ed5xHTIQ UrbanSoccer - Lille Bondues-ChIJ58ZerMgrw0cR2Jyp7tZjBn4 KIPSTADIUM-ChIJydcoT88ow0cRLnHvlF-Z_jE Arena Club-ChIJeWJWRjYvw0cRbnJR4ZXAKMA
15/03/2024;20:00 20:30 21:00 21:30 22:00 9:00 9:30 10:00 10:30;KxAaoPUNVex4bQMQSr2H;1 2 3 4 5 6 7;Gymnase des Noirettes-ChIJn1UN7mPA9EcRNthMNlEYkTc Grand terrain de football-ChIJXzvFa_ovi0cRDRpvMAOKJkU Plaine des Jeux de Gerland-ChIJBYG18IPp9EcRUNpTJFdu8f0 Stade le Plan du Loup-ChIJK8DOjvvr9EcR3eaghfSbnFo
13/02/2024;20:00 21:00 20:30 21:30;KytZESwpMPWRYJsBjVnQ;1 2 3 4 6 7;UrbanSoccer La Défense-ChIJh4rnfVhk5kcRV2Q-ZKdm8vA Élite 5 Soccer-ChIJ5-jfdlZk5kcRYIaELgvikaM UrbanSoccer - Puteaux-ChIJM_sC0-Nk5kcRhL1y_EFIje8 LE FIVE Bezons-ChIJ71Mv0Wpk5kcRg-H9x7L-dXo Foot-Max Argenteuil-ChIJi9oIzaRm5kcRJYcK7QsdRMU
16/02/2024;10:00 11:00 12:00 13:00 14:00 15:00 16:00 17:00 18:00 19:00 20:00 21:00;Kzpkign6Ks8pkbJTvjUL;6 7;Le Street Foot en Salle-ChIJt_AXL6Jg5kcRu6rBmnrmeUM BIG5-ChIJsb_7TJFp5kcRSPL5VqZulr4 LE FIVE Sarcelles-ChIJ6_q3Fxhq5kcRCpoEwnoXX1Q GOPARK INTERIEUR - Paintball et trampolines parc-ChIJ2cJmdhf15kcRQ4mUOxIVzd0
09/03/2024;10:00 11:00 12:00 13:00 14:00 15:00 16:00 17:00 18:00 19:00 20:00 21:00 22:00 23:00 10:30 11:30 12:30 13:30 14:30 15:30 16:30 17:30 18:30 19:30 20:30 21:30 22:30 23:30;L0HPQcXkd2kvxXRHrTdE;1 2 3 4 5 6 7;F5 Foot Five-ChIJjUbM5G7A9EcRW3mlkrhyXxY LE 5 DE LEGENDE-ChIJAQNaA3nc9EcRYvB35x41mBs We Are Sports-ChIJFZU5oBHC9EcRJTFrSkI1xxg UrbanSoccer - Lyon Parilly-ChIJx3FQWjLC9EcRrrQb2eV7i_4 Sport dans la Ville Rhône-Alpes-ChIJoUEDcmvr9EcRILCz6hDCQ2o LE FIVE OL-ChIJmz3whejH9EcR3j9ApNRukKE Sun Set Soccer-ChIJ-2jOt33D9EcRLZL2mS5Gvz4
11/03/2024;0,75;L17tNeIh457V7MH32PXG;1 2 3 4 5 6 7;UrbanSoccer - Toulouse Montaudran-ChIJl772e0u8rhIR2foRX4Xa2CI Play Soccer-ChIJQ-UxZn-5rhIRKWoQydM5T9s Events Five-ChIJf8cSCJG5rhIRoQadPH-wW1U
25/02/2024;11:00 11:30 10:30 16:30 17:00 17:30 18:00;L9UmLl9nTrTEPncHKbuh;6 7;UrbanSoccer Le Mans-ChIJV4SAsGqP4kcRQZ1u_kOCHfc Stade Marie-Marvingt-ChIJbelGKl-O4kcRJT9L-qLjqyg Urban Padel - Club de Padel Le Mans-ChIJ7UljDaiP4kcRBgKbHQgpRhQ Le Mans Foot A 7-ChIJWarzVjOP4kcR5HYNla-4CtE Éden Foot-ChIJMSWfDeGP4kcRDVsFwfUoMjQ Five Pizza Original - Le Mans-ChIJ-xJj4XSJ4kcRn-hgu1lV_Ww
13/03/2024;18:00 18:30 19:00 19:30 20:00;L9i5UbT1Qy2AEBgvN3ZU;1 2 3 4 5 6 7;Smash Goal Nantes-ChIJ2yg06abuBUgRixLY3NLRh14 UrbanSoccer - Nantes St-Sébastien-ChIJAyKrntzoBUgRF09hrORC2nc Le Sporting Nantes-ChIJo-3LeLXsBUgRu6gtAgQ6sJA Le Smile Sautron-ChIJ9Wv9FbuTBUgRQNYd2r8vvrI UrbanSoccer Nantes - Carquefou-ChIJEWyPupv7BUgRBqnhym4EyLk
01/03/2024;0,375;LE2tpYpH5eWWguc97MFW;1 2 3 4 5 6 7;LE FIVE Paris 18-ChIJPVT4_n1u5kcRzji6FdTBXXo LE FIVE Paris 17-ChIJ7eI8sFNv5kcR5xy52Wc57NU UrbanSoccer - Porte d'Aubervilliers-ChIJ0dXjDCZs5kcRvX0EpMwxsUY UrbanSoccer - Puteaux-ChIJM_sC0-Nk5kcRhL1y_EFIje8 UrbanSoccer La Défense-ChIJh4rnfVhk5kcRV2Q-ZKdm8vA
13/03/2024;12:00 13:00 14:00 15:00 16:00 17:00 12:30 13:30 14:30 15:30 16:30 17:30;LHYmnuTKlV27IUoSfN3V;1 2 4 6;UrbanSoccer La Défense-ChIJh4rnfVhk5kcRV2Q-ZKdm8vA LE FIVE Bezons-ChIJ71Mv0Wpk5kcRg-H9x7L-dXo
04/02/2024;12:00 13:00 11:30 12:30 13:30 17:00 18:00 19:00 20:00 17:30 18:30 19:30 20:30;LHenDQayrejM8mTx6V05;1 2 3 4 5 6 7;UrbanSoccer - Lyon Parilly-ChIJx3FQWjLC9EcRrrQb2eV7i_4 Stade Sonny anderson-ChIJhwWrIsjr9EcRXzfmLKL7YT4 City Stade-ChIJYQxyCtDB9EcRXYqfcynnEnI ALF Futsal-ChIJC-3Y4-zr9EcRfICYoripvxQ Bubble Foot Lyon-ChIJ1bKvSv3D9EcRM2JRwwr4974 F5 Foot Five-ChIJjUbM5G7A9EcRW3mlkrhyXxY Football Club de Gerland-ChIJh08LwjHq9EcRi8fzu5Z3cBQ Stade Edgar Quinet-ChIJm6CB2vXq9EcRW37uosD7CIM Stade Vuillermet-ChIJww1_c_bB9EcRTeKjACScPm0 Eveil de Lyon Football-ChIJQxmdbInq9EcRMOgSPVQILB0 UrbanSoccer - Lyon Barolles-ChIJN4l-IC3v9EcRf9QJKIVC_aY Stade des Channées-ChIJk_zhvzHq9EcRUpVVTV5gHcU FC Sainte Foy Lès Lyon-ChIJzyudj_vr9EcRNsB6fnG37m4 Terrain de la Sarra-ChIJCXkBVcbr9EcRASdAR_tHNpw
13/03/2024;9:00 9:30 10:00 10:30 11:00 12:00 11:30 12:30 13:30 13:00 14:00 14:30 15:00 15:30 16:00 16:30 17:00 17:30 18:30 18:00 19:00 19:30 20:30 20:00 21:00 21:30 22:00 22:30 23:30 23:00;LJu2VQxQgFP4Y9vfQlDC;1 2 3 4 5 6 7;LE FIVE Paris 18-ChIJPVT4_n1u5kcRzji6FdTBXXo UrbanSoccer - Porte d'Aubervilliers-ChIJ0dXjDCZs5kcRvX0EpMwxsUY LE FIVE Villette-ChIJTUFnQjps5kcR0pHITLTw1PI LE FIVE Paris 17-ChIJ7eI8sFNv5kcR5xy52Wc57NU
07/03/2024;0,729166667;LK27Qtg7aX2r8Zu0wVai;1 2 3 4 5;Play Soccer-ChIJQ-UxZn-5rhIRKWoQydM5T9s UrbanSoccer - Toulouse Montaudran-ChIJl772e0u8rhIR2foRX4Xa2CI
14/03/2024;9:00 9:30 10:00 10:30 11:00 11:30 12:30 14:30 13:00 12:00 13:30 15:30 15:00 14:00 16:30 16:00 17:30 17:00 18:30 18:00 19:30 19:00 23:00 23:30 22:00 22:30 21:00 21:30 20:00 20:30;LMZJ4YAXXZwSc6Pll3IA;1 2 3 4 5 6 7;UrbanSoccer - Asnières-ChIJi5LkLT9v5kcRSlhScqEFNWs UrbanSoccer - Porte d'Aubervilliers-ChIJ0dXjDCZs5kcRvX0EpMwxsUY LE FIVE Paris 18-ChIJPVT4_n1u5kcRzji6FdTBXXo LE FIVE Paris 17-ChIJ7eI8sFNv5kcR5xy52Wc57NU LE FIVE Paris 13-ChIJ_bOSChhz5kcRZMTeq_6Gdzg LE FIVE Villette-ChIJTUFnQjps5kcR0pHITLTw1PI LE FIVE Bobigny-ChIJV8UONORs5kcRXxR5Qd7x130 UrbanSoccer La Défense-ChIJh4rnfVhk5kcRV2Q-ZKdm8vA FOOT IN FIVE-ChIJoUR0syFp5kcRUlStnwluaYY Stadium Thiais-ChIJ64X9jzx05kcRsHvSfOv6UcA UrbanSoccer Meudon-ChIJ0WKvjbh75kcRoqSmyWwW2jQ
18/03/2024;13:00 13:30 14:00 14:30;LNo6DbUWawgBXtji1kGe;1 2 3 4 5 6 7;Stade Maurice David-ChIJaXQ_52yNyRIRTTyW4d4LcGc Aix Université Club Football-ChIJ4XLnbPeNyRIRlKffuIPM9YU Stade Xavier GAUTIER-ChIJbUXdR_aNyRIRoVC-GSZ7KSM Stade Gilles Joye-ChIJw2BPcJnzyRIRLzzgcSTD9TM Stade Ange Lassus-ChIJb0nDEsaTyRIRMcFylhsXUSg
08/02/2024;18:30 19:00 19:30 20:00 20:30;LNo9MPWiAdekCmzx23Fs;1 2 3 4 5;UrbanSoccer - Puteaux-ChIJM_sC0-Nk5kcRhL1y_EFIje8 UrbanSoccer La Défense-ChIJh4rnfVhk5kcRV2Q-ZKdm8vA
15/03/2024;14:00 14:30 15:30 15:00 16:00 16:30 17:30 17:00 18:00 18:30 19:30 19:00 20:00 20:30;LOnwg6GF0ynq2eHkwEcN;6 7;Foot-Max Argenteuil-ChIJi9oIzaRm5kcRJYcK7QsdRMU Foot POWER 5-ChIJuTCIFshm5kcRBtEQJ76dAzc LE FIVE Bezons-ChIJ71Mv0Wpk5kcRg-H9x7L-dXo UrbanSoccer - Asnières-ChIJi5LkLT9v5kcRSlhScqEFNWs
12/03/2024;12:00 23:30 12:30 13:00 13:30 14:30 14:00 15:30 15:00 16:30 16:00 17:30 17:00 18:30 18:00 19:30 19:00 20:30 20:00 21:00 22:30 21:30 22:00 23:00;LPH8CoaJpZoKq7yfHIu7;1 2 3 4 5 6 7;UrbanSoccer Le Mans-ChIJV4SAsGqP4kcRQZ1u_kOCHfc
11/03/2024;0,791666667;LRqdWrmWOMPwpoY15SNY;1 2 3 4 5;LE FIVE Bobigny-ChIJV8UONORs5kcRXxR5Qd7x130 LE FIVE Montreuil-ChIJJdTQjr0T5kcRZmGxtIJVy44 LE FIVE Villette-ChIJTUFnQjps5kcR0pHITLTw1PI LE FIVE Paris 18-ChIJPVT4_n1u5kcRzji6FdTBXXo UrbanSoccer - Porte d'Aubervilliers-ChIJ0dXjDCZs5kcRvX0EpMwxsUY LE FIVE Marville - La Courneuve-ChIJ2dHdMZxr5kcR0aKYHYsp0pY LE FIVE Champigny-ChIJsXi1PLYN5kcRTVVDuczgS2s LE PARK Noisy-ChIJdUHbID8O5kcRV5lQhiHTvhs VERSUSFOOT Thiais-ChIJn2R2NT905kcRjqB29qldBxk
16/02/2024;11:00 12:00 11:30 12:30 13:00 13:30 14:00 14:30 15:00 15:30 16:00 16:30 17:00 18:30 18:00 17:30 19:30 19:00 23:30 23:00 22:30 22:00 21:30 21:00 20:00 20:30;LSAiILyF2i0nCsvbhHRr;5 6 7;UrbanSoccer - Lille Lezennes-ChIJR3ro5nTWwkcRfM_S3Be9HjI
01/03/2024;9:00 9:30 10:00 10:30 11:00 11:30 12:00 12:30 13:00 13:30 14:00 14:30 15:00 15:30 16:00 16:30 17:00 17:30 18:00 18:30 19:00 19:30 20:00 20:30 21:00 21:30 22:00 23:30 23:00 22:30;LTEwm7emKpQQScMlfBS6;1 2 3 4 5 6 7;UrbanSoccer La Défense-ChIJh4rnfVhk5kcRV2Q-ZKdm8vA UrbanSoccer - Puteaux-ChIJM_sC0-Nk5kcRhL1y_EFIje8 LE FIVE Bezons-ChIJ71Mv0Wpk5kcRg-H9x7L-dXo Foot-Max Argenteuil-ChIJi9oIzaRm5kcRJYcK7QsdRMU UrbanSoccer - Asnières-ChIJi5LkLT9v5kcRSlhScqEFNWs
22/02/2024;19:00 19:30 20:00;LTiRaLUbTXHM1DIwLhXm;4 5 3 2 1;LE PARK Servon-ChIJMU8gErUJ5kcRSnpvacKwFtM
08/03/2024;9:00 9:30 10:00 10:30 11:00 13:00 12:00 11:30 12:30 13:30 14:00 14:30 15:30 15:00 16:00 16:30 17:30 17:00 18:00 18:30 19:00 19:30 20:00 20:30 21:00;LTreGvE1l2ZD7reixj33;6;LE FIVE Paris 17-ChIJ7eI8sFNv5kcR5xy52Wc57NU UrbanSoccer - Asnières-ChIJi5LkLT9v5kcRSlhScqEFNWs
03/03/2024;14:00 18:00 17:00 19:00 20:00 15:00 16:00;LZViQFOLLwHg9DOzg3ZC;1 3 5 6 7;KIPSTADIUM-ChIJydcoT88ow0cRLnHvlF-Z_jE Footsal Cousinerie-ChIJXQyb1d8pw0cRLO_Ed5xHTIQ UrbanSoccer - Lille Bondues-ChIJ58ZerMgrw0cR2Jyp7tZjBn4 Footsal-ChIJa7HS298pw0cRMoVDj0XqVdI Arena Club-ChIJeWJWRjYvw0cRbnJR4ZXAKMA UrbanSoccer - Lille Lezennes-ChIJR3ro5nTWwkcRfM_S3Be9HjI Spot FUTSAL-ChIJwdUawmfVwkcRaNLo_CmNii0 Five Pizza Original - Lille-ChIJ3YYrfg3VwkcRYEdUI9qFKj4 Lille Os Fives Football-ChIJ79wYpPrVwkcRqO32md8p99E Iris Club de Croix-ChIJdeYufqopw0cR3xHEr7pXL7w Tourcoing Football Club-ChIJUX9v4iEvw0cRVisQHI5TzPU Terrain de Football du Square des Mères-ChIJkymL9f7VwkcRC7yWxF2KsK0 Decathlon Arena - Stade Pierre Mauroy-ChIJaY0VekbWwkcRGiD0HDtqHRE Terrain de foot-porte de douai-ChIJX-gNCU3VwkcRk7yeCzDaSUg Stade Jean Baratte-ChIJd1qQWP3VwkcREbCotFV6-s8 F.c. Lille Sud-ChIJ_QhwTqrVwkcRyXoVLA_yrH4 Stade Julien Da Rui-ChIJ2dIBTRcqw0cRB3kfknLADJA
14/03/2024;9:00 9:30 10:00 10:30 11:00 11:30 12:00 12:30 13:00 13:30 14:00 14:30 15:00 15:30 16:00 16:30 17:00 17:30 18:00 18:30 19:00 19:30 20:00 20:30 21:00 21:30 22:00 22:30 23:00 23:30;LafwUr4phNv1dGRG160d;7 3;LE FIVE Paris 18-ChIJPVT4_n1u5kcRzji6FdTBXXo UrbanSoccer - Porte d'Aubervilliers-ChIJ0dXjDCZs5kcRvX0EpMwxsUY LE FIVE Villette-ChIJTUFnQjps5kcR0pHITLTw1PI UrbanSoccer - Asnières-ChIJi5LkLT9v5kcRSlhScqEFNWs UrbanSoccer - Puteaux-ChIJM_sC0-Nk5kcRhL1y_EFIje8 UrbanSoccer La Défense-ChIJh4rnfVhk5kcRV2Q-ZKdm8vA FOOT IN FIVE-ChIJoUR0syFp5kcRUlStnwluaYY
05/03/2024;0,875;LdPtxCPDCTcG8xZCA2EC;3;KG5 Strasbourg-Mundolsheim-ChIJRSG64gm4lkcRPQTZbn3M85Q
19/02/2024;19:00 20:00 21:00 19:30 20:30;LhuO3hflQ92thgoirX6G;1 2 4;UrbanSoccer - Lille Bondues-ChIJ58ZerMgrw0cR2Jyp7tZjBn4 UrbanSoccer - Lille Lezennes-ChIJR3ro5nTWwkcRfM_S3Be9HjI Footsal Cousinerie-ChIJXQyb1d8pw0cRLO_Ed5xHTIQ
17/02/2024;0,375;LiaaX5YTXy16ioFByzkn;7;Stadium Thiais-ChIJ64X9jzx05kcRsHvSfOv6UcA
25/02/2024;18:00 18:30 19:00 19:30 20:00 20:30 21:00 21:30 17:00 17:30;LkHJrBfGjtWPovqAEy84;1 2 3 4 5 6 7;Soccer Rennais-ChIJBWiWc1HgDkgRnIHJ7R5SVU0 UrbanSoccer Rennes Vern-ChIJS5VW0FUnD0gRUd2xV2pEeKY UrbanSoccer - Rennes Cap Malo-ChIJ-Ro0hr3nDkgRA0q2y4bBD30
01/03/2024;10:00 11:00 12:00 13:00 14:00;LlDPaFWc57SxYqhccdYy;7;CA Romainville-ChIJ6ZZX-Itt5kcRjhHfH1Jkgdc
27/02/2024;10:00 10:30 11:00 11:30 12:00 12:30 13:00 13:30 14:00 14:30 15:00 15:30;LlNnMzcG3LZErBDcvaNy;1 2 3 4;Le 13 - Foot en salle - Marseille-ChIJR62kUm_ByRIRDnGQqGCeUVQ Massilia Foot Indoor 2-ChIJxZ6UmMW-yRIRfYNGGPPJfIU STADIUM FOOT 5 VILLAGE-ChIJbbOWFtC4yRIR0WXVerbWmnE Le Mercato FOOT INDOOR-ChIJzRK7HJy_yRIRqEreyEiAfC0 Massilia Five-ChIJxZ6UmMW-yRIR7ot5DChYj4w FOOT INDOOR Marseille-ChIJ41AMCxC8yRIRLHLGt11sc-U Game 13 foot indoor-ChIJNSDvlsXryRIRUXao9hwB79I Le B3 Soccer-ChIJa69uraDryRIRRlY7a07cUqU Monclub Futbol-ChIJGbxxaamUyRIRgGvhHnhJStA
19/03/2024;19:00 19:30 20:00 20:30;LndOGJ9UydRMiSX83mYX;2 3 4;LE FIVE Paris 13-ChIJ_bOSChhz5kcRZMTeq_6Gdzg LE FIVE Paris 17-ChIJ7eI8sFNv5kcR5xy52Wc57NU UrbanSoccer - Puteaux-ChIJM_sC0-Nk5kcRhL1y_EFIje8 UrbanSoccer - Quai d'Ivry-ChIJfXxYJ0xy5kcRw9xTkF6-FZQ UrbanSoccer La Défense-ChIJh4rnfVhk5kcRV2Q-ZKdm8vA LE FIVE Paris 18-ChIJPVT4_n1u5kcRzji6FdTBXXo
13/02/2024;17:00 18:00;LpT3lGgl0nfzxISFXQAS;4 3;UrbanSoccer - Asnières-ChIJi5LkLT9v5kcRSlhScqEFNWs LE FIVE Bezons-ChIJ71Mv0Wpk5kcRg-H9x7L-dXo
27/02/2024;17:00 18:00 19:00 20:00;Lq7HridF9Pcfslovg7m8;2 3 4;LE FIVE Paris 18-ChIJPVT4_n1u5kcRzji6FdTBXXo LE FIVE Paris 17-ChIJ7eI8sFNv5kcR5xy52Wc57NU UrbanSoccer - Porte d'Aubervilliers-ChIJ0dXjDCZs5kcRvX0EpMwxsUY LE FIVE Villette-ChIJTUFnQjps5kcR0pHITLTw1PI
07/02/2024;18:00 18:30 19:00;LqTBqS60JyYsRsNOqVUK;2 3 4 5;LE FIVE Paris 17-ChIJ7eI8sFNv5kcR5xy52Wc57NU UrbanSoccer - Porte d'Aubervilliers-ChIJ0dXjDCZs5kcRvX0EpMwxsUY LE FIVE Villette-ChIJTUFnQjps5kcR0pHITLTw1PI LE FIVE Bobigny-ChIJV8UONORs5kcRXxR5Qd7x130
17/03/2024;0,833333333;Lr9at9YboNOivNxUnlOA;1 2 3 4 5 6 7;UrbanSoccer La Défense-ChIJh4rnfVhk5kcRV2Q-ZKdm8vA LE FIVE Paris 17-ChIJ7eI8sFNv5kcR5xy52Wc57NU
08/03/2024;19:30 20:00 20:30 21:00 19:00;LrJGSnTDtPhTZwqzQzzh;1 2 3 4 5;UrbanSoccer - Puteaux-ChIJM_sC0-Nk5kcRhL1y_EFIje8
03/02/2024;9:00 9:30 10:00 10:30 11:00 11:30 13:00 13:30 12:00 12:30 14:00 14:30 15:00 15:30 23:30 23:00 22:30 22:00 21:30 21:00 20:30 20:00 19:30 19:00 18:30 17:30 16:30 16:00 17:00 18:00;LvJSo2BbFhZpexSLJoqD;1 2 4 3 5 6 7;LE FIVE Annemasse-ChIJVc4JI-FtjEcRkBpWIDCVoII Union Sportive Annemasse Ambilly Gaillard-ChIJwcUpkP1xjEcR9-0zaUNgmUQ Stade de foot de Romagny-ChIJAcxnmSZujEcRqIVO8TZxrqA
06/02/2024;11:00 11:30 12:00 12:30 13:00 13:30 14:00 14:30 15:30 15:00 16:30 16:00 17:00 17:30 18:30 18:00 19:30 19:00 20:00 20:30 21:30 21:00 22:30 22:00 23:30 23:00;Lx5SYHCpxeqlL02UCt9C;1 2 3 4 5 6 7;LE FIVE Paris 17-ChIJ7eI8sFNv5kcR5xy52Wc57NU LE FIVE Paris 18-ChIJPVT4_n1u5kcRzji6FdTBXXo
06/03/2024;11:00 11:30 12:00 12:30 13:00 13:30 14:00 14:30 15:00 15:30 16:00 16:30 17:00;LxZKA9Uapxbhezo36twm;6;Foot&Balls - Foot en salle - Foot 5-ChIJrd55eqy9_UcRafBnS1pNdaU Five Cinco-ChIJbRqAI8Cp_UcRQebEKJRnhA0
16/03/2024;0,708333333;M0UkjRn517jxZsGNXIA1;7;UrbanSoccer - Porte d'Aubervilliers-ChIJ0dXjDCZs5kcRvX0EpMwxsUY
11/02/2024;17:30 18:00 17:00 18:30 19:00 19:30 20:00 16:30;M8j9YKrE7BVhKMzjqHuZ;7 6;UrbanSoccer La Défense-ChIJh4rnfVhk5kcRV2Q-ZKdm8vA UrbanSoccer - Asnières-ChIJi5LkLT9v5kcRSlhScqEFNWs Élite 5 Soccer-ChIJ5-jfdlZk5kcRYIaELgvikaM
12/03/2024;18:30 19:00;M9gMhvlmULrOY0dwEMK3;2;Sport dans la Ville Rhône-Alpes-ChIJoUEDcmvr9EcRILCz6hDCQ2o We Are Sports-ChIJFZU5oBHC9EcRJTFrSkI1xxg UrbanSoccer - Lyon Parilly-ChIJx3FQWjLC9EcRrrQb2eV7i_4
29/02/2024;18:00 18:30 19:00 19:30 20:00 20:30 21:00 21:30 22:00;MBOQymE74JodHGIM2lSt;1 2 3 4 5 6 7;UrbanSoccer - Puteaux-ChIJM_sC0-Nk5kcRhL1y_EFIje8 UrbanSoccer La Défense-ChIJh4rnfVhk5kcRV2Q-ZKdm8vA Élite 5 Soccer-ChIJ5-jfdlZk5kcRYIaELgvikaM LE FIVE Bezons-ChIJ71Mv0Wpk5kcRg-H9x7L-dXo
19/03/2024;17:30 18:00 18:30 19:00 19:30 20:00 20:30 21:00;MBTFV6J0cbetJfFzP0KB;1 2 4 3 5 6 7;Z5 Aix-ChIJKb-U_9KSyRIRKIFKbH5mW18 Le B3 Soccer-ChIJa69uraDryRIRRlY7a07cUqU
08/02/2024;10:00 10:30 11:00 11:30 12:00 12:30 13:00 13:30 14:00;MNGYVv2qBFhasuEvH0sD;6 7;LE FIVE Paris 13-ChIJ_bOSChhz5kcRZMTeq_6Gdzg UrbanSoccer - Quai d'Ivry-ChIJfXxYJ0xy5kcRw9xTkF6-FZQ LE FIVE Montreuil-ChIJJdTQjr0T5kcRZmGxtIJVy44
05/03/2024;17:00 18:00 19:00 19:30;MPc9FNXMsSdS2l9I6gFV;1 2 3 4 5 6 7;AIR SOCCER 5-ChIJE4YIywNdsRIR0zqWRTpwr6M UrbanSoccer - Montpellier-ChIJVXFMq4ylthIRtrZPBHOMTAc Insport Montpellier - Près d'arènes-ChIJJWIca-qvthIRHxcGJpAq4kA
04/03/2024;15:00 15:30 16:00 16:30 17:00 17:30 18:00 18:30 19:00 19:30 20:00 20:30 21:00 21:30 22:00 22:30;MSyAw78NbA0scZOCfH52;1 2 3 4 5 6 7;LE FIVE Champigny-ChIJsXi1PLYN5kcRTVVDuczgS2s UrbanSoccer - Marne-La-Vallée-ChIJ6bDBiosP5kcROXiloHzSdhc Top Ten-ChIJfXprBx4b5kcRmhe-5pLZUek LE PARK Complexe Multisports-ChIJdUHbID8O5kcRV5lQhiHTvhs
22/02/2024;10:00 10:30 11:00 11:30 12:00 12:30 13:00 13:30 14:00 14:30 15:00 15:30 16:00 16:30 17:00 17:30 18:00 18:30 19:00 19:30 20:00 20:30 21:00 21:30 22:00 22:30 23:00 23:30;MU8Eco76iMb6iHuGQB10;1 2 3 4 5 6 7;Stadium Antibes-ChIJSSGxg-PUzRIRblID9ACQndc Allianz Riviera-ChIJxXWpN-_RzRIR0-hEuFMBoOU By foot-ChIJYz1iXyDOzRIRSLYYLDIpmsc Stade de l'Ouest-ChIJvblFMwzRzRIRo3CwghjAXYo Stade du Ray-ChIJ-QMcU-PPzRIRLbYnzXedx48 ULTRA FABRON - PADEL et FOOTBALL-ChIJQdaRXN3RzRIRJ3lhGPRjQ2A Cavigal Nice Sports Section Football-ChIJn0ctJzHFzRIRG9er_M0mtYQ Ogc Nice Football-ChIJgYEcApzRzRIRPPBbAQuJzGQ Mini Stade Falicon-ChIJxVYuxfHPzRIRzt3dOhvtUzw OGC Nice Stade Entrainement-ChIJvywHX5DRzRIRpg4sAp8eCM8 UrbanSoccer - Villeneuve Loubet-ChIJVVVVEU3TzRIRX9_gbFDSBj0 Foot Locker-ChIJh9PAuKfazRIRlt4JuiCkvJk Stade Méarelli-ChIJKzA2DQXRzRIRZot3pNRyy58 Complexe sportif Sam Joubij-ChIJvzKXYf3EzRIRAuQ2kcYYsA4 Centre de Formation OGC Nice-ChIJFxtxoZ_RzRIRyFCgD7DE3ew Montet Bornala Club de Nice-ChIJ4Ro2NEfQzRIRbZRJHcNRbjQ Foot Korner Nice-ChIJAQBU-qfazRIRjkfaivBlSOU Usonac Saint Roch Vieux Nice Football-ChIJN6ZNRbbFzRIRjbdXr5LHvTE Allianz Riviera-ChIJszevd-nRzRIRjhSktdBpm28 Gazelec Sports Côte d'Azur-ChIJO-IdUTfFzRIRtg2ADbATt_4 Nice Baby-Foot-ChIJAXXe653bzRIRtL52sqmrp5k
09/03/2024;18:00 19:00 18:30 19:30 20:00 20:30;MVgPVruzUCtqqV6FlvV8;7;LE FIVE Bezons-ChIJ71Mv0Wpk5kcRg-H9x7L-dXo
29/02/2024;0,833333333;MbSawEs72jmHKrbJB6Mz;2;GOPARK Pontoise-ChIJ2cJmdhf15kcRQ4mUOxIVzd0
22/02/2024;9:00 9:30 10:00 10:30 11:00 11:30 12:00 12:30 13:00 13:30 14:00 14:30 15:00 15:30 16:00 16:30 17:00 17:30 18:00 18:30 19:00 19:30 20:00 20:30 21:00 21:30 22:00 22:30 23:00 23:30;MbTZn7U8EdclgOdNLi0d;1 2 3 4 5 6 7;LE PARK Noisy-ChIJdUHbID8O5kcRV5lQhiHTvhs LE FIVE Champigny-ChIJsXi1PLYN5kcRTVVDuczgS2s UrbanSoccer - Marne-La-Vallée-ChIJ6bDBiosP5kcROXiloHzSdhc Footbox-ChIJY-WkusIR5kcR-tEad3UtaSQ LE FIVE Montreuil-ChIJJdTQjr0T5kcRZmGxtIJVy44 Top Ten-ChIJfXprBx4b5kcRmhe-5pLZUek LE FIVE Bobigny-ChIJV8UONORs5kcRXxR5Qd7x130 LE FIVE Créteil-ChIJ88lx3VwL5kcRVxCh4lD6_Gk UrbanSoccer - Quai d'Ivry-ChIJfXxYJ0xy5kcRw9xTkF6-FZQ OHSPORT-ChIJHeG9fA4X5kcRbGNzVY5Ud5I LE FIVE Villette-ChIJTUFnQjps5kcR0pHITLTw1PI LE FIVE Paris 13-ChIJ_bOSChhz5kcRZMTeq_6Gdzg LE FIVE Paris 18-ChIJPVT4_n1u5kcRzji6FdTBXXo UrbanSoccer - Porte d'Aubervilliers-ChIJ0dXjDCZs5kcRvX0EpMwxsUY LE PARK Servon-ChIJMU8gErUJ5kcRSnpvacKwFtM LE FIVE Marville - La Courneuve-ChIJ2dHdMZxr5kcR0aKYHYsp0pY Power Five-ChIJ6ULNmyh15kcRV9cjbnBjGr8 VERSUSFOOT Thiais-ChIJn2R2NT905kcRjqB29qldBxk Stadium Thiais-ChIJ64X9jzx05kcRsHvSfOv6UcA LE FIVE Paris 17-ChIJ7eI8sFNv5kcR5xy52Wc57NU
03/03/2024;18:30 19:00 19:30 20:00 20:30;MhgVtgxbVs4pze3HMKLJ;1 2 3 4;Sport dans la Ville Rhône-Alpes-ChIJoUEDcmvr9EcRILCz6hDCQ2o
02/03/2024;17:30 18:30 18:00 19:30 19:00 20:30 20:00 21:30 21:00 22:30 22:00 23:30 23:00;MkSk7MDUzEOfKS6HBX4N;7 6 5 4 3 2 1;UrbanSoccer - Porte d'Aubervilliers-ChIJ0dXjDCZs5kcRvX0EpMwxsUY LE FIVE Champigny-ChIJsXi1PLYN5kcRTVVDuczgS2s LE FIVE Villette-ChIJTUFnQjps5kcR0pHITLTw1PI LE FIVE Montreuil-ChIJJdTQjr0T5kcRZmGxtIJVy44 LE FIVE Marville - La Courneuve-ChIJ2dHdMZxr5kcR0aKYHYsp0pY BIG5-ChIJsb_7TJFp5kcRSPL5VqZulr4 UrbanSoccer - Marne-La-Vallée-ChIJ6bDBiosP5kcROXiloHzSdhc LE PARK Noisy-ChIJdUHbID8O5kcRV5lQhiHTvhs LE FIVE Sarcelles-ChIJ6_q3Fxhq5kcRCpoEwnoXX1Q LE FIVE Bobigny-ChIJV8UONORs5kcRXxR5Qd7x130 Top Ten-ChIJfXprBx4b5kcRmhe-5pLZUek Footbox-ChIJY-WkusIR5kcR-tEad3UtaSQ OHSPORT-ChIJHeG9fA4X5kcRbGNzVY5Ud5I Élite 5 Soccer-ChIJ5-jfdlZk5kcRYIaELgvikaM UrbanSoccer La Défense-ChIJh4rnfVhk5kcRV2Q-ZKdm8vA Le Monde Stadium-ChIJlwskKv5l5kcRvGu--qUHKJQ ESN FOOTBALL-ChIJRyZx0YRl5kcRet30xMXHRxE
09/03/2024;17:00 15:00 14:00 16:00 18:00 19:00 20:00 21:00 22:00 14:30 15:30 16:30 17:30 18:30 19:30 20:30 21:30;Moyqz21bkcapDhKIMigI;1 2 3 4 5 6 7;LE FIVE Reims-ChIJad8c0qR16UcRMPDMaa34XJ8
06/03/2024;19:00 19:30 20:00 20:30 21:00 21:30 18:30 18:00 17:00 17:30 16:00 16:30 15:30 14:00 14:30 15:00 13:30 13:00 12:30 12:00 11:30;Mv6S5SjyGzUEhwus9IdT;1 2 3 4 5 6 7;UrbanSoccer - Toulouse Sept Deniers-ChIJk5nUBdOkrhIRP-1aUJzo-lA UrbanSoccer - Toulouse Montaudran-ChIJl772e0u8rhIR2foRX4Xa2CI Play Soccer-ChIJQ-UxZn-5rhIRKWoQydM5T9s Events Five-ChIJf8cSCJG5rhIRoQadPH-wW1U
09/03/2024;0,416666667;MwrrdLZgZazvaYSFDY6n;6 7;LE FIVE Paris 17-ChIJ7eI8sFNv5kcR5xy52Wc57NU
15/03/2024;9:00 16:00;N3NIznHeAdSqy0PejA5E;1 2 3 4 5 6 7;Complexe Sportif Paul Vauquelin-ChIJ50zhfF3n4EcRTWgYikeq3hE
04/02/2024;11:30 12:30 12:00 13:00 13:30 14:30 14:00 15:00 15:30 16:00 16:30 17:00 17:30 18:00 18:30 19:00 19:30 20:00;N3fZ10vbifVGWRR85c7z;7;UrbanSoccer - Quai d'Ivry-ChIJfXxYJ0xy5kcRw9xTkF6-FZQ LE FIVE Paris 13-ChIJ_bOSChhz5kcRZMTeq_6Gdzg
18/03/2024;17:00 17:30 18:00 18:30 19:00 19:30 20:00 20:30 21:00;N4k8h2rtIpxXAUZSmFw1;3 4 5;LE FIVE Paris 17-ChIJ7eI8sFNv5kcR5xy52Wc57NU UrbanSoccer - Quai d'Ivry-ChIJfXxYJ0xy5kcRw9xTkF6-FZQ
22/02/2024;17:00 18:00 19:00 20:00 21:00 22:00;N6VoFFYgReeTYmhRRwhc;4 5 6 7;LE FIVE Paris 13-ChIJ_bOSChhz5kcRZMTeq_6Gdzg UrbanSoccer - Quai d'Ivry-ChIJfXxYJ0xy5kcRw9xTkF6-FZQ Stadium Thiais-ChIJ64X9jzx05kcRsHvSfOv6UcA VERSUSFOOT Thiais-ChIJn2R2NT905kcRjqB29qldBxk LE FIVE Créteil-ChIJ88lx3VwL5kcRVxCh4lD6_Gk LE FIVE Montreuil-ChIJJdTQjr0T5kcRZmGxtIJVy44
11/03/2024;9:00 9:30 10:00 10:30 11:00 11:30 12:00 12:30 13:00 13:30 14:00 15:00 14:30 15:30 16:00 16:30 17:00 17:30 18:30 19:00 19:30 18:00 20:30 20:00 21:30 22:00 22:30 21:00 23:30 23:00;NDfrVjwGgi9Jw13kPNgA;1 2 3 4 5 6 7;LE FIVE Vitrolles-ChIJi4A-IrHoyRIRunoYLEGNeYI Le B3 Soccer-ChIJa69uraDryRIRRlY7a07cUqU Game 13 foot indoor-ChIJNSDvlsXryRIRUXao9hwB79I Olive et Tom Foot-ChIJM91frs_gyRIR0DmRNXYM0hc Z5 Aix-ChIJKb-U_9KSyRIRKIFKbH5mW18 Mondial Soccer Martigues-ChIJxSxBZ0rmyRIRD43lI6mPqdE Sports and Play Lançon de Provence-ChIJN_Jhj3P9yRIRB_PmaXuccA0 Massilia Foot Indoor 2-ChIJxZ6UmMW-yRIRfYNGGPPJfIU Le Mercato FOOT INDOOR-ChIJzRK7HJy_yRIRqEreyEiAfC0 Le 13 - Foot en salle - Marseille-ChIJR62kUm_ByRIRDnGQqGCeUVQ Monclub Futbol-ChIJGbxxaamUyRIRgGvhHnhJStA
25/02/2024;15:30 17:00 14:00 16:30;NDjWkHlliqDnLBfzLN4R;1 2 3 4 5 6 7;LE FIVE Paris 17-ChIJ7eI8sFNv5kcR5xy52Wc57NU UrbanSoccer - Asnières-ChIJi5LkLT9v5kcRSlhScqEFNWs UrbanSoccer - Puteaux-ChIJM_sC0-Nk5kcRhL1y_EFIje8
10/02/2024;23:00 22:00 21:00 20:00 19:00 18:00 17:00 17:30 18:30 19:30 20:30 21:30 22:30 23:30;NFJ0y5vkChk7ATWUblZf;1 2 3 4 5 6 7;L PARK - LE FIVE - 4PADEL Lens Liévin-ChIJ291icE063UcR1gWGn8xhzpw Arena Stade Couvert de Liévin-ChIJp4ckmBY63UcRG-VTUOU5XWs URBAN store Lievin-ChIJ36qaWXI63UcRA0sCP1JWD_U City Stade De Saint-Albert-ChIJx4hyBN073UcRlOgm3mmeQ8o Stade Louis Duflot-ChIJn72eMk463UcR22cv-VziFdo District Artois de Football-ChIJp4ckmBY63UcRH6_niqMP2I8
09/03/2024;23:30 23:00 22:30 22:00 21:30 21:00 20:30 20:00 19:30 19:00 18:30 17:30 16:30 16:00 18:00 17:00 15:00 15:30 14:30 14:00 13:00 13:30 12:30 12:00 11:30 11:00;NIJNeqelSeR0crwR9H9Z;1 2 3 4 5 6 7;LE FIVE Paris 17-ChIJ7eI8sFNv5kcR5xy52Wc57NU LE FIVE Paris 18-ChIJPVT4_n1u5kcRzji6FdTBXXo UrbanSoccer - Asnières-ChIJi5LkLT9v5kcRSlhScqEFNWs UrbanSoccer - Porte d'Aubervilliers-ChIJ0dXjDCZs5kcRvX0EpMwxsUY LE FIVE Villette-ChIJTUFnQjps5kcR0pHITLTw1PI LE FIVE Paris 13-ChIJ_bOSChhz5kcRZMTeq_6Gdzg UrbanSoccer - Puteaux-ChIJM_sC0-Nk5kcRhL1y_EFIje8 LE FIVE Marville - La Courneuve-ChIJ2dHdMZxr5kcR0aKYHYsp0pY FOOT IN FIVE-ChIJoUR0syFp5kcRUlStnwluaYY UrbanSoccer La Défense-ChIJh4rnfVhk5kcRV2Q-ZKdm8vA LE FIVE Bobigny-ChIJV8UONORs5kcRXxR5Qd7x130 LE FIVE Bezons-ChIJ71Mv0Wpk5kcRg-H9x7L-dXo UrbanSoccer - Quai d'Ivry-ChIJfXxYJ0xy5kcRw9xTkF6-FZQ Foot-Max Argenteuil-ChIJi9oIzaRm5kcRJYcK7QsdRMU Foot POWER 5-ChIJuTCIFshm5kcRBtEQJ76dAzc LE FIVE Montreuil-ChIJJdTQjr0T5kcRZmGxtIJVy44 BIG5-ChIJsb_7TJFp5kcRSPL5VqZulr4 UrbanSoccer Meudon-ChIJ0WKvjbh75kcRoqSmyWwW2jQ LE FIVE Sarcelles-ChIJ6_q3Fxhq5kcRCpoEwnoXX1Q Stadium Thiais-ChIJ64X9jzx05kcRsHvSfOv6UcA
08/03/2024;0,875;NL3LaGPt8HPC4o9mYVZQ;5 2;LE FIVE Marville - La Courneuve-ChIJ2dHdMZxr5kcR0aKYHYsp0pY
27/02/2024;9:00 9:30 10:00 10:30 11:00 11:30 12:00 12:30 13:00 13:30 14:00 14:30 15:00 15:30 16:00 16:30 17:30 17:00 18:00 18:30 19:30 19:00 20:30 20:00 21:30 21:00;NMB5K9elJzgr3JgRuxu0;1 2 3 4 5 6 7;GOPARK Pontoise-ChIJ2cJmdhf15kcRQ4mUOxIVzd0 Firefoot-ChIJ0zSROfj15kcR4l0wrCcYPMk Le Street Foot en Salle-ChIJt_AXL6Jg5kcRu6rBmnrmeUM Kaiser Park-ChIJsRLZzKFg5kcRBCfNws9nssw LE FIVE Carrières-sous-Poissy-ChIJ9T4fWfyL5kcRCBX-FyZLvEE Foot POWER 5-ChIJuTCIFshm5kcRBtEQJ76dAzc UrbanSoccer La Défense-ChIJh4rnfVhk5kcRV2Q-ZKdm8vA Élite 5 Soccer-ChIJ5-jfdlZk5kcRYIaELgvikaM LE FIVE Bezons-ChIJ71Mv0Wpk5kcRg-H9x7L-dXo Foot-Max Argenteuil-ChIJi9oIzaRm5kcRJYcK7QsdRMU
04/03/2024;19:30 20:00 20:30 21:00 19:00;NMqhMW7XB2ZVQFDHZU0I;1 2 3 4 5 6 7;Sport dans la Ville Rhône-Alpes-ChIJoUEDcmvr9EcRILCz6hDCQ2o F5 Foot Five-ChIJjUbM5G7A9EcRW3mlkrhyXxY We Are Sports-ChIJFZU5oBHC9EcRJTFrSkI1xxg UrbanSoccer - Lyon Parilly-ChIJx3FQWjLC9EcRrrQb2eV7i_4 LE 5 DE LEGENDE-ChIJAQNaA3nc9EcRYvB35x41mBs UrbanSoccer - Lyon Barolles-ChIJN4l-IC3v9EcRf9QJKIVC_aY LE FIVE OL-ChIJmz3whejH9EcR3j9ApNRukKE Sun Set Soccer-ChIJ-2jOt33D9EcRLZL2mS5Gvz4 Factory Sport Games-ChIJNcDntQGO9EcR3CbXF7xfc5o
01/03/2024;0,416666667;NQb8IG96KFqc3zJAulY7;7;LE FIVE Paris 13-ChIJ_bOSChhz5kcRZMTeq_6Gdzg
08/03/2024;21:00 21:30 20:30 19:00 19:30 18:30 18:00 17:30 17:00 16:30 16:00 22:00 20:00 22:30;NQiesVR4jEVx13IJXaeL;1 2 3 4 5 6 7;Massilia Foot Indoor 2-ChIJxZ6UmMW-yRIRfYNGGPPJfIU Le 13 - Foot en salle - Marseille-ChIJR62kUm_ByRIRDnGQqGCeUVQ Massilia Five-ChIJxZ6UmMW-yRIR7ot5DChYj4w
26/02/2024;17:00 18:00 17:30 18:30 19:00 19:30 20:00 20:30 21:00 21:30;NTMQlhnc1CKH6sySA8Y9;7 6 5 4;stade de foot-ChIJT6FasPUzBkgRwazlKLx6XsE
08/03/2024;18:00 13:00 14:00 13:30 15:30 15:00 14:30 17:30 19:00 18:30 19:30 20:00 12:00 12:30 20:30;NUiZLhHxgJ7Pil7M8t7Y;7 6 5 4 3 2 1;Monclub Futbol-ChIJGbxxaamUyRIRgGvhHnhJStA Z5 Aix-ChIJKb-U_9KSyRIRKIFKbH5mW18 City-ChIJNdHaUYCNyRIRAMbmYo4rMLk Five Guys - Aix-en-Provence-ChIJYVb7OZiNyRIRtvvz8T0SfVg Stade Georges Carcassonne-ChIJuWNR_8GNyRIR8n6AFzxdDHk Aix Université Club Football-ChIJ4XLnbPeNyRIRlKffuIPM9YU Association Amicale et Sportive du Val St André-ChIJ_YwE2uSNyRIRmvKvjRlTgYA
05/03/2024;18:00 18:30 19:00 19:30 20:00 20:30 21:00 21:30;NVMtxj919ryac6Rtvqvh;1 2 3 4 5 6 7;LE FIVE OL-ChIJmz3whejH9EcR3j9ApNRukKE UrbanSoccer - Lyon Parilly-ChIJx3FQWjLC9EcRrrQb2eV7i_4 Champions Five-ChIJX7pTGkosi0cR22J6MKLnxdw
12/02/2024;9:00 9:30 10:00 10:30 11:00 11:30 12:00 13:00 12:30 13:30 14:00 14:30 15:00 15:30 16:00 17:00 17:30 16:30 18:00 18:30 19:00 19:30 20:30 20:00 21:00 21:30 22:00;NahCpY8AGVNFbYb5PxnU;1 2 3 4 5 6 7;UrbanSoccer - Bordeaux Mérignac-ChIJxWBxmALaVA0Rop0OWS3Q3fY UCPA Aqua Stadium Mérignac-ChIJ3bEPZB7ZVA0Rzj19UU5HGrE GINGA-ChIJyfJZiyPaVA0RlY6_mDcql7U MEDICAL STADIUM-ChIJwRnYkEzbVA0Rpbgj2NSJpYY Full Soccer-ChIJQ_Oe6XbXVA0RoV0BsAfu_ao Stade Antoine Cruchon-ChIJAdAeZ6XZVA0RyrVzcx-UtF4 Espace Foot-ChIJu5FvjsjZVA0Rn8jOeRJuKC8 Stade De Foot-ChIJkzndZMrXVA0Rs6zxZ5i938w Complexe Sportif Arc en Ciel-ChIJX0d3HDkoVQ0RJnchSdQ2cws ES.EYSINES FOOTBALL-ChIJ0fTP-W_XVA0RSX8JDBHoZzI Stade du Pinsan-ChIJ16IbVhHXVA0RKWpTDJqr9JM Étoile Sportive Eysinaise Futsal-ChIJH4cjTtHXVA0RkkGNMKY2QOo
17/03/2024;13:30 14:30 15:30 16:30 17:30 18:30 17:00 18:00 16:00 19:00 15:00 14:00;NbOgtjJhWkgdz8uQ810J;1 2 3 4 5 6 7;LE FIVE OL-ChIJmz3whejH9EcR3j9ApNRukKE F5 Foot Five-ChIJjUbM5G7A9EcRW3mlkrhyXxY
21/02/2024;0,770833333;NiMJ0U5IHA9S5a7i02zL;3;Z5 Aix-ChIJKb-U_9KSyRIRKIFKbH5mW18
20/02/2024;19:00 20:00 19:30 20:30;NlFWfSalV78N7cA5SQ9U;2 5;Stade de la Couldre-ChIJKYn1U0-B5kcR7GV9zcHfaoM UrbanSoccer Guyancourt-ChIJmdX-2c-A5kcRj1wtOS8rZmo Foot à 5@Le club le Village-ChIJwU28MyyB5kcRHVcpV1mkYVo Foot korner-ChIJ57Yh02CD5kcRBtrZKEk_hrU Parc des Sports du Bout des Clos-ChIJFWFV1EqD5kcRhc_aIhkFg_0 Stade du Bois-ChIJI3nB-GuD5kcR7F7YNAmaSyM
09/03/2024;0,791666667;Nopi8TqnskE7UubuJBqz;6 7;UrbanSoccer - Toulouse Sept Deniers-ChIJk5nUBdOkrhIRP-1aUJzo-lA
07/02/2024;19:30 20:00 19:00 18:30 18:00;Np2UmngO4QkGLMoDpPMp;5;Sport dans la Ville Rhône-Alpes-ChIJoUEDcmvr9EcRILCz6hDCQ2o
24/02/2024;20:00 21:00 22:00 23:00 23:30 22:30 21:30 20:30 19:30;NzAj8hjjcxMab70PH1zF;6 7 5 4 3 2 1;UrbanSoccer La Défense-ChIJh4rnfVhk5kcRV2Q-ZKdm8vA Élite 5 Soccer-ChIJ5-jfdlZk5kcRYIaELgvikaM UrbanSoccer - Asnières-ChIJi5LkLT9v5kcRSlhScqEFNWs UrbanSoccer - Puteaux-ChIJM_sC0-Nk5kcRhL1y_EFIje8 LE FIVE Champigny-ChIJsXi1PLYN5kcRTVVDuczgS2s LE FIVE Bobigny-ChIJV8UONORs5kcRXxR5Qd7x130 LE FIVE Morangis-ChIJA4uAhOXZ5UcRp-vZXZP-ovY LE FIVE Villette-ChIJTUFnQjps5kcR0pHITLTw1PI UrbanSoccer - Porte d'Aubervilliers-ChIJ0dXjDCZs5kcRvX0EpMwxsUY LE FIVE Paris 17-ChIJ7eI8sFNv5kcR5xy52Wc57NU LE FIVE Paris 18-ChIJPVT4_n1u5kcRzji6FdTBXXo LE FIVE Montreuil-ChIJJdTQjr0T5kcRZmGxtIJVy44 UrbanSoccer Meudon-ChIJ0WKvjbh75kcRoqSmyWwW2jQ Power Five-ChIJ6ULNmyh15kcRV9cjbnBjGr8 LE FIVE Créteil-ChIJ88lx3VwL5kcRVxCh4lD6_Gk Speed Soccer Five-ChIJ2xTNglV25kcR3UDi4AXGfDU VERSUSFOOT Thiais-ChIJn2R2NT905kcRjqB29qldBxk Stadium Thiais-ChIJ64X9jzx05kcRsHvSfOv6UcA UrbanSoccer - Quai d'Ivry-ChIJfXxYJ0xy5kcRw9xTkF6-FZQ LE FIVE Paris 13-ChIJ_bOSChhz5kcRZMTeq_6Gdzg
29/02/2024;12:00 13:00 14:00 15:00 16:00 12:30 13:30 14:30 15:30 16:30 17:30 17:00 18:30 18:00 19:00 19:30 20:00;O0kwOMGqGUXnuvvYY1ZE;7 1 2 3 4 5 6;Footsal-ChIJa7HS298pw0cRMoVDj0XqVdI Footsal Cousinerie-ChIJXQyb1d8pw0cRLO_Ed5xHTIQ UrbanSoccer - Lille Lezennes-ChIJR3ro5nTWwkcRfM_S3Be9HjI Spot FUTSAL-ChIJwdUawmfVwkcRaNLo_CmNii0
09/02/2024;9:00 23:30;O1FxOZq7IOGKv7baGLqr;7;Top Ten-ChIJfXprBx4b5kcRmhe-5pLZUek UrbanSoccer - Marne-La-Vallée-ChIJ6bDBiosP5kcROXiloHzSdhc LE PARK Complexe Multisports-ChIJdUHbID8O5kcRV5lQhiHTvhs LE FIVE Champigny-ChIJsXi1PLYN5kcRTVVDuczgS2s FIVE ARENA MEAUX-ChIJ02bKSuih6EcRb796CXVbkVs
12/03/2024;9:00 10:00;O3eDckNzTE33n61LNoZU;7 6;UrbanSoccer Orsay-ChIJpZIJg7J45kcRrKWKhtbfnEQ UrbanSoccer Guyancourt-ChIJmdX-2c-A5kcRj1wtOS8rZmo Foot à 5 @ Le club le Village-ChIJwU28MyyB5kcRHVcpV1mkYVo
04/02/2024;19:00 19:30 20:00;O4AL1TcsTmHMaxADQK9l;1 2 3 4 5;UrbanSoccer Guyancourt-ChIJmdX-2c-A5kcRj1wtOS8rZmo UrbanSoccer Meudon-ChIJ0WKvjbh75kcRoqSmyWwW2jQ
11/02/2024;19:00 19:30 20:00 20:30 21:00 21:30;O6gBo9xeWm8bbRXA2JEs;5 6 7;Cité des Sports-ChIJ70UPf6R75kcRGb3NAV9k7Ww
07/03/2024;9:00 9:30 10:00 10:30 11:00 11:30 23:00 23:30 22:00 22:30 21:00 21:30 20:00 20:30 19:00 19:30 18:00 18:30 17:00 17:30 16:00 16:30 15:00 15:30 14:00 14:30 13:00 13:30 12:30 12:00;O8DMsua912Wc1eOIssGb;1 2 3 4 5 7;UrbanSoccer Meudon-ChIJ0WKvjbh75kcRoqSmyWwW2jQ
06/03/2024;10:00 9:00 9:30 10:30 11:00 11:30 12:00 12:30 13:00 13:30 14:00 14:30 15:00 15:30 16:00 16:30 17:00 17:30 18:30 18:00 19:00 19:30 20:00 20:30 21:00 21:30 22:00 22:30 23:00 23:30;OAy7jFzF2eU1ex2Q6qWt;1 2 3 4 5 6 7;FIVE ARENA MEAUX-ChIJ02bKSuih6EcRb796CXVbkVs
15/02/2024;18:30 18:00 19:30 19:00 20:00 20:30 21:30 21:00 22:00;OM1mvRzhS52sKuG4GOBO;4 5 3;LE FIVE Paris 13-ChIJ_bOSChhz5kcRZMTeq_6Gdzg LE FIVE Paris 18-ChIJPVT4_n1u5kcRzji6FdTBXXo LE FIVE Paris 17-ChIJ7eI8sFNv5kcR5xy52Wc57NU LE FIVE Marville - La Courneuve-ChIJ2dHdMZxr5kcR0aKYHYsp0pY LE FIVE Bezons-ChIJ71Mv0Wpk5kcRg-H9x7L-dXo LE FIVE Villette-ChIJTUFnQjps5kcR0pHITLTw1PI UrbanSoccer La Défense-ChIJh4rnfVhk5kcRV2Q-ZKdm8vA UrbanSoccer - Puteaux-ChIJM_sC0-Nk5kcRhL1y_EFIje8 LE FIVE Montreuil-ChIJJdTQjr0T5kcRZmGxtIJVy44 UrbanSoccer - Asnières-ChIJi5LkLT9v5kcRSlhScqEFNWs LE FIVE Bobigny-ChIJV8UONORs5kcRXxR5Qd7x130 UrbanSoccer - Porte d'Aubervilliers-ChIJ0dXjDCZs5kcRvX0EpMwxsUY UrbanSoccer - Quai d'Ivry-ChIJfXxYJ0xy5kcRw9xTkF6-FZQ FOOT IN FIVE-ChIJoUR0syFp5kcRUlStnwluaYY Élite 5 Soccer-ChIJ5-jfdlZk5kcRYIaELgvikaM UrbanSoccer Meudon-ChIJ0WKvjbh75kcRoqSmyWwW2jQ LE FIVE Champigny-ChIJsXi1PLYN5kcRTVVDuczgS2s Speed Soccer Five-ChIJ2xTNglV25kcR3UDi4AXGfDU LE FIVE Créteil-ChIJ88lx3VwL5kcRVxCh4lD6_Gk
24/02/2024;17:00 18:00 19:00 20:00 21:00;OOgskSRI34V0xI6Uq2tc;2 3 4;Le Complexe Manosque (Restaurant - Foot a 5 - Padel - Salles de séminaire)-ChIJ33wx0UrMyxIRabB0hcTFAz0 E.p.m.foot-ChIJrei0blHMyxIRScoLTXY-Jr0 Stade municipal Adrien Gilly-ChIJrwy2fa3NyxIR35spUjcCRPA Stade Jean Salobert-ChIJrwy2fa3NyxIRDOWmn-_jyuI
13/03/2024;9:00 10:00 11:00 12:00 13:00 14:00 15:00 16:00 17:00 18:00 19:00 20:00 21:00 22:00 23:00 23:30 22:30 21:30 20:30 19:30 18:30 17:30 16:30 15:30 14:30 13:30 12:30 11:30 10:30 9:30;OVT9vc6lAr1W9kYbVoFZ;1 2 3 4 5 6 7;OHSPORT-ChIJHeG9fA4X5kcRbGNzVY5Ud5I Top Ten-ChIJfXprBx4b5kcRmhe-5pLZUek Footbox-ChIJY-WkusIR5kcR-tEad3UtaSQ LE PARK Noisy-ChIJdUHbID8O5kcRV5lQhiHTvhs UrbanSoccer - Marne-La-Vallée-ChIJ6bDBiosP5kcROXiloHzSdhc UrbanSoccer - Quai d'Ivry-ChIJfXxYJ0xy5kcRw9xTkF6-FZQ FIVE ARENA-ChIJ02bKSuih6EcRb796CXVbkVs
05/03/2024;0,791666667;OcUpGtW6AX41I11EgWJ9;2;Terrain de foot five-ChIJVccaQ7rr9EcR8Ub44Do2SbQ UrbanSoccer - Lyon Parilly-ChIJx3FQWjLC9EcRrrQb2eV7i_4 ALF Futsal-ChIJC-3Y4-zr9EcRfICYoripvxQ Bubble Foot Lyon-ChIJ1bKvSv3D9EcRM2JRwwr4974 Jorkyball Club Lyon foot 2 contre 2-ChIJiV0p1RTq9EcRMO6ggtkqFPQ LE FIVE OL-ChIJmz3whejH9EcR3j9ApNRukKE F5 Foot Five-ChIJjUbM5G7A9EcRW3mlkrhyXxY Stade Marc-Vivien Foé-ChIJh5TQVtrB9EcRN5kZmEU5QgM Groupama Stadium-ChIJpe_WHiLH9EcRwtLfRNh9iS8 Matmut Stadium-ChIJi0P7QIfp9EcRKVpdxZRYyWI Football Club de Gerland-ChIJh08LwjHq9EcRi8fzu5Z3cBQ Stade Sonny anderson-ChIJhwWrIsjr9EcRXzfmLKL7YT4 Foot.FR Lyon-ChIJLc2UbAXr9EcRu0VShz67thU Stade Vuillermet-ChIJww1_c_bB9EcRTeKjACScPm0 UrbanSoccer - Lyon Barolles-ChIJN4l-IC3v9EcRf9QJKIVC_aY Mini terrain de foot-ChIJbXAbNfTr9EcRhprzvXDyUMc Stade des Channées-ChIJk_zhvzHq9EcRUpVVTV5gHcU We Are Sports-ChIJFZU5oBHC9EcRJTFrSkI1xxg Stade de Football-ChIJdfUv_mvB9EcRwfpy60MC_HU Stade Xavier Guillemet-ChIJ0dGO07zq9EcR2advRM7wDTM
08/03/2024;9:00 9:30 10:00 10:30 11:00 11:30 12:30 13:00 13:30 14:00 12:00;Oh6280RKMQl6RxNzro0N;6 7;LE FIVE Paris 18-ChIJPVT4_n1u5kcRzji6FdTBXXo
19/03/2024;18:00 23:00 23:30 22:30 22:00 21:00 21:30 20:00 20:30 19:00 19:30 18:30;OiZQKEHfQ9v2JPy5tZMT;1 2 3 4 5 6 7;OHSPORT-ChIJHeG9fA4X5kcRbGNzVY5Ud5I LE FIVE Bobigny-ChIJV8UONORs5kcRXxR5Qd7x130 Top Ten-ChIJfXprBx4b5kcRmhe-5pLZUek LE FIVE Marville - La Courneuve-ChIJ2dHdMZxr5kcR0aKYHYsp0pY LE FIVE Montreuil-ChIJJdTQjr0T5kcRZmGxtIJVy44 LE FIVE Paris 18-ChIJPVT4_n1u5kcRzji6FdTBXXo LE FIVE Paris 17-ChIJ7eI8sFNv5kcR5xy52Wc57NU UrbanSoccer - Porte d'Aubervilliers-ChIJ0dXjDCZs5kcRvX0EpMwxsUY
22/02/2024;16:00 15:00 15:30 16:30 17:30 17:00 18:00 18:30 19:00 19:30 20:00;OjHeraiPaKfS234GpA4w;7 2;Monclub Futbol-ChIJGbxxaamUyRIRgGvhHnhJStA
19/03/2024;18:30 19:00 19:30 20:00 20:30;OnObJibdpuuHAdL1CQlS;1 2 3 4 5;UrbanSoccer La Défense-ChIJh4rnfVhk5kcRV2Q-ZKdm8vA
04/03/2024;9:00 23:30 9:30 10:00 11:00 10:30 11:30 12:00 12:30 13:30 13:00 14:00 14:30 15:30 15:00 16:00 16:30 17:30 17:00 18:00 18:30 19:30 19:00 20:00 20:30 21:30 21:00 22:00 22:30 23:00;OwF8vbZdSoPnMFe5shAD;1 2 3 4 5 6 7;Massilia Foot Indoor 2-ChIJxZ6UmMW-yRIRfYNGGPPJfIU STADIUM FOOT 5 VILLAGE-ChIJbbOWFtC4yRIR0WXVerbWmnE Massilia Five-ChIJxZ6UmMW-yRIR7ot5DChYj4w MONCLUB 2.0-ChIJv9owGLm-yRIRfuDnd3G6nR4 LE FIVE Vitrolles-ChIJi4A-IrHoyRIRunoYLEGNeYI Monclub Futbol-ChIJGbxxaamUyRIRgGvhHnhJStA Le B3 Soccer-ChIJa69uraDryRIRRlY7a07cUqU Game 13 foot indoor-ChIJNSDvlsXryRIRUXao9hwB79I Evolution Football-ChIJX0YulIi8yRIRnGh62u3UXTQ FOOT INDOOR Marseille-ChIJ41AMCxC8yRIRLHLGt11sc-U Le Mercato FOOT INDOOR-ChIJzRK7HJy_yRIRqEreyEiAfC0 Le 13 - Foot en salle - Marseille-ChIJR62kUm_ByRIRDnGQqGCeUVQ
04/02/2024;20:00 19:00 18:00 18:30 19:30 20:30;P2DNM0NLlByznLjI9cMq;2 3 4 5 1 6 7;UrbanSoccer - Puteaux-ChIJM_sC0-Nk5kcRhL1y_EFIje8 UrbanSoccer Meudon-ChIJ0WKvjbh75kcRoqSmyWwW2jQ
27/02/2024;0,583333333;P344O6GOjh41W6GlVoTH;7;Foot-Max Argenteuil-ChIJi9oIzaRm5kcRJYcK7QsdRMU
10/02/2024;9:30 10:00 9:00;P7oLkTBVmM5pZG4xWGya;7;UrbanSoccer - Asnières-ChIJi5LkLT9v5kcRSlhScqEFNWs LE FIVE Paris 17-ChIJ7eI8sFNv5kcR5xy52Wc57NU UrbanSoccer - Quai d'Ivry-ChIJfXxYJ0xy5kcRw9xTkF6-FZQ UrbanSoccer - Puteaux-ChIJM_sC0-Nk5kcRhL1y_EFIje8 UrbanSoccer La Défense-ChIJh4rnfVhk5kcRV2Q-ZKdm8vA
20/02/2024;0,729166667;P9EtANRa0rEXDkxazUy9;3 7;UrbanSoccer - Porte d'Aubervilliers-ChIJ0dXjDCZs5kcRvX0EpMwxsUY
04/02/2024;18:00 18:30 19:00 19:30 20:00 20:30 21:00 21:30;PFoGnKcfNSHwvcYsz7Uk;2;UrbanSoccer - Quai d'Ivry-ChIJfXxYJ0xy5kcRw9xTkF6-FZQ
22/02/2024;23:30 23:00 22:30 22:00 21:30 21:00 20:30 20:00 19:30 18:30 19:00 18:00 17:30 17:00 16:30 15:30 16:00 15:00 14:00 14:30 13:00 13:30 12:00 12:30 11:00 11:30 10:00 10:30 9:00 9:30;PGiyjeGuBPLj9py16ItW;1 2 3 4 5 6 7;LE FIVE Villette-ChIJTUFnQjps5kcR0pHITLTw1PI
14/03/2024;18:30 19:00 19:30 20:00;PKJ0Sx3UkmJdXXRIuPyY;4 2;LE FIVE Paris 18-ChIJPVT4_n1u5kcRzji6FdTBXXo LE FIVE Paris 17-ChIJ7eI8sFNv5kcR5xy52Wc57NU UrbanSoccer - Asnières-ChIJi5LkLT9v5kcRSlhScqEFNWs UrbanSoccer - Porte d'Aubervilliers-ChIJ0dXjDCZs5kcRvX0EpMwxsUY LE FIVE Villette-ChIJTUFnQjps5kcR0pHITLTw1PI
08/02/2024;19:00 19:30 20:00;PLp45xebmjIVaLrjlXve;4 5;LE FIVE Bobigny-ChIJV8UONORs5kcRXxR5Qd7x130 LE FIVE Villette-ChIJTUFnQjps5kcR0pHITLTw1PI LE FIVE Paris 18-ChIJPVT4_n1u5kcRzji6FdTBXXo
27/02/2024;9:00 9:30 10:30 10:00 11:00 11:30 12:00 12:30 13:00 13:30 14:00 14:30 15:30 15:00 16:30 16:00 17:30 17:00 18:30 18:00 19:30 19:00 20:30 20:00 21:30 21:00 22:30 22:00 23:00 23:30;PONk5eRM2mQ4dWCePMtY;1 2 3 4 5 6 7;LE FIVE Bezons-ChIJ71Mv0Wpk5kcRg-H9x7L-dXo Foot-Max Argenteuil-ChIJi9oIzaRm5kcRJYcK7QsdRMU UrbanSoccer La Défense-ChIJh4rnfVhk5kcRV2Q-ZKdm8vA Foot POWER 5-ChIJuTCIFshm5kcRBtEQJ76dAzc Élite 5 Soccer-ChIJ5-jfdlZk5kcRYIaELgvikaM UrbanSoccer - Puteaux-ChIJM_sC0-Nk5kcRhL1y_EFIje8 UrbanSoccer - Asnières-ChIJi5LkLT9v5kcRSlhScqEFNWs LE FIVE Paris 17-ChIJ7eI8sFNv5kcR5xy52Wc57NU FOOT IN FIVE-ChIJoUR0syFp5kcRUlStnwluaYY Le Street Foot en Salle-ChIJt_AXL6Jg5kcRu6rBmnrmeUM Kaiser Park-ChIJsRLZzKFg5kcRBCfNws9nssw LE FIVE Paris 18-ChIJPVT4_n1u5kcRzji6FdTBXXo UrbanSoccer - Porte d'Aubervilliers-ChIJ0dXjDCZs5kcRvX0EpMwxsUY LE FIVE Marville - La Courneuve-ChIJ2dHdMZxr5kcR0aKYHYsp0pY LE FIVE Villette-ChIJTUFnQjps5kcR0pHITLTw1PI BIG5-ChIJsb_7TJFp5kcRSPL5VqZulr4 UrbanSoccer Meudon-ChIJ0WKvjbh75kcRoqSmyWwW2jQ Firefoot-ChIJ0zSROfj15kcR4l0wrCcYPMk LE FIVE Carrières-sous-Poissy-ChIJ9T4fWfyL5kcRCBX-FyZLvEE LE FIVE Sarcelles-ChIJ6_q3Fxhq5kcRCpoEwnoXX1Q
07/03/2024;19:00 19:30 20:00 20:30 21:00 21:30 22:00 22:30 23:00 23:30;PPMCFKi8ymp9ywQJxRGQ;1 2 3 4 5 6 7;UrbanSoccer - Marne-La-Vallée-ChIJ6bDBiosP5kcROXiloHzSdhc LE PARK Noisy-ChIJdUHbID8O5kcRV5lQhiHTvhs LE FIVE Champigny-ChIJsXi1PLYN5kcRTVVDuczgS2s LE FIVE Créteil-ChIJ88lx3VwL5kcRVxCh4lD6_Gk
10/03/2024;18:00 19:00 20:00 18:30 19:30;PQ5IxNFkKyVO5hXbzJh0;1 2 3 4 5;Monclub Futbol-ChIJGbxxaamUyRIRgGvhHnhJStA Z5 Aix-ChIJKb-U_9KSyRIRKIFKbH5mW18 Game 13 foot indoor-ChIJNSDvlsXryRIRUXao9hwB79I
16/02/2024;20:00 19:30;PVjrRzIYBYIHPMCz0K1M;7;LE FIVE Paris 13-ChIJ_bOSChhz5kcRZMTeq_6Gdzg LE FIVE Paris 18-ChIJPVT4_n1u5kcRzji6FdTBXXo LE FIVE Paris 17-ChIJ7eI8sFNv5kcR5xy52Wc57NU LE FIVE Villette-ChIJTUFnQjps5kcR0pHITLTw1PI LE FIVE Montreuil-ChIJJdTQjr0T5kcRZmGxtIJVy44
10/03/2024;12:00 12:30 13:00 13:30 14:00 14:30 15:00 15:30 16:00 16:30 22:00 21:30 21:00;PZRNmHnjpULde6D0zrK2;6 7;VERSUSFOOT Thiais-ChIJn2R2NT905kcRjqB29qldBxk Power Five-ChIJ6ULNmyh15kcRV9cjbnBjGr8 Stadium Thiais-ChIJ64X9jzx05kcRsHvSfOv6UcA Speed Soccer Five-ChIJ2xTNglV25kcR3UDi4AXGfDU UrbanSoccer Orsay-ChIJpZIJg7J45kcRrKWKhtbfnEQ Le CR5-ChIJnVE47IHn5UcRr5XRwCaPE38 LE FIVE Morangis-ChIJA4uAhOXZ5UcRp-vZXZP-ovY UrbanSoccer Evry-ChIJW0Ut1G7e5UcRt621n2fRQ5M B14 - Sports et Loisirs Indoor-ChIJaeLKMYXe5UcRHyWJ8X8FaPA
04/02/2024;17:30 18:00 18:30 19:00;PfW0SZJRrJRiawCq9p3K;3 4 5 6;LE FIVE VITROLLES-ChIJi4A-IrHoyRIRunoYLEGNeYI Monclub Futbol-ChIJGbxxaamUyRIRgGvhHnhJStA Game 13 foot indoor-ChIJNSDvlsXryRIRUXao9hwB79I Le 13 - Foot en salle - Marseille-ChIJR62kUm_ByRIRDnGQqGCeUVQ Olympic Foot Indoor Foot Salle Marseille-ChIJU7i7umfAyRIRjtbVNC30spc Massilia Foot Indoor 2-ChIJxZ6UmMW-yRIRfYNGGPPJfIU FOOT INDOOR Marseille-ChIJ41AMCxC8yRIRLHLGt11sc-U
17/03/2024;0,520833333;PieLpyUDRrF7OUVSkIoV;6 7 3;LE FIVE Paris 13-ChIJ_bOSChhz5kcRZMTeq_6Gdzg
16/02/2024;14:00 14:30 15:00 15:30 16:00 16:30 17:00 17:30 18:00 18:30;Pii4VSHJvNOWMJCQg739;5;UrbanSoccer - Lille Lezennes-ChIJR3ro5nTWwkcRfM_S3Be9HjI
21/02/2024;0,375;Pj9ixrdNMdqNffYnyytp;6 7 5 4 3 2;Élite 5 Soccer-ChIJ5-jfdlZk5kcRYIaELgvikaM LE FIVE Bezons-ChIJ71Mv0Wpk5kcRg-H9x7L-dXo UrbanSoccer La Défense-ChIJh4rnfVhk5kcRV2Q-ZKdm8vA UrbanSoccer - Asnières-ChIJi5LkLT9v5kcRSlhScqEFNWs Foot-Max Argenteuil-ChIJi9oIzaRm5kcRJYcK7QsdRMU UrbanSoccer - Puteaux-ChIJM_sC0-Nk5kcRhL1y_EFIje8 Foot POWER 5-ChIJuTCIFshm5kcRBtEQJ76dAzc
09/03/2024;11:00 20:00;PkNpCuRzRQcqxdyuxAqv;7 6 1 2 3 4 5;UrbanSoccer - Toulouse Sept Deniers-ChIJk5nUBdOkrhIRP-1aUJzo-lA UrbanSoccer - Toulouse Montaudran-ChIJl772e0u8rhIR2foRX4Xa2CI Classico Foot-ChIJFV442oCxrhIRgsZy5aIbkNs
25/02/2024;10:00 11:00 12:00 13:00 14:00;PlvCtk7eLy89HsoWSie4;7;OHSPORT-ChIJHeG9fA4X5kcRbGNzVY5Ud5I
04/02/2024;18:00 18:30 19:00 19:30 20:00 20:30 17:30 21:00;Pq38UIeugOpqNiggR8YI;1 2 4 5;B14 - Sports et Loisirs Indoor-ChIJaeLKMYXe5UcRHyWJ8X8FaPA LE PARK Complexe Multisports-ChIJMU8gErUJ5kcRSnpvacKwFtM UrbanSoccer Evry-ChIJW0Ut1G7e5UcRt621n2fRQ5M
16/02/2024;19:00 20:00 18:00;Pr7dtqKOPSljKgi2TcoP;5;LE FIVE Nancy-ChIJ84QrCMaYlEcRF5c_hb5H97c Foot Korner - Nancy-ChIJTywaW6SZlEcR3NzeVlrW7us
03/02/2024;23:00 18:00 17:00 22:30 17:30 16:30 16:00 23:30;PrMR4Xh31CKl6EYpjPX3;1 2 3 4 5 6 7;UrbanSoccer Guyancourt-ChIJmdX-2c-A5kcRj1wtOS8rZmo
17/03/2024;18:30 19:00 19:30 20:00 20:30 21:00;PuyamGbJQqg8ervrkdNp;1 2 3 4 5 6 7;UrbanSoccer Evry-ChIJW0Ut1G7e5UcRt621n2fRQ5M B14 - Sports et Loisirs Indoor-ChIJaeLKMYXe5UcRHyWJ8X8FaPA
18/02/2024;0,833333333;Pww5VyhGem4enumKWwVB;4;Footsal-ChIJa7HS298pw0cRMoVDj0XqVdI
28/02/2024;13:00 13:30 14:00 14:30 15:00 15:30 16:00 17:30 17:00 16:30 18:00 18:30 19:00 19:30 20:00 20:30 21:00 21:30 22:00 22:30 23:00 23:30;PxHdDTUyvlKuUAEYpsPS;4;UrbanSoccer - Quai d'Ivry-ChIJfXxYJ0xy5kcRw9xTkF6-FZQ
13/03/2024;12:00 12:30 13:00 13:30 14:00 14:30 15:00 15:30 16:00 16:30 17:00;PxKouJVXQX3f249kAiQC;6 7;UrbanSoccer - Toulouse Sept Deniers-ChIJk5nUBdOkrhIRP-1aUJzo-lA UrbanSoccer - Toulouse Montaudran-ChIJl772e0u8rhIR2foRX4Xa2CI Play Soccer-ChIJQ-UxZn-5rhIRKWoQydM5T9s LE FIVE Colomiers-ChIJ8wxhgGexrhIRm698kMPQIRw Events Five-ChIJf8cSCJG5rhIRoQadPH-wW1U Classico Foot-ChIJFV442oCxrhIRgsZy5aIbkNs
27/02/2024;11:00 11:30 12:00 12:30 13:00;Q0cKj1hyXHcpKbVXkOpI;5;Stade Suzanne Lenglen-ChIJvTSVwnVw5kcR9CmKGXIcwtA Centre sportif Suzanne Lenglen-ChIJjyw8lw975kcRB8dEmGn3P0Q
21/02/2024;0,791666667;Q6TfNbsruTxY2ISWFkFw;3;LE FIVE Paris 13-ChIJ_bOSChhz5kcRZMTeq_6Gdzg
15/03/2024;22:00 21:00 20:00 23:00 19:00 18:00 17:00 16:00 15:00 14:00 14:30 15:30 16:30 17:30 18:30 19:30 20:30 21:30 23:30 22:30;QAOCEBA2jB3w80DbSJx5;1 2 3 4 5 6 7;Monclub Futbol-ChIJGbxxaamUyRIRgGvhHnhJStA Le B3 Soccer-ChIJa69uraDryRIRRlY7a07cUqU Game 13 foot indoor-ChIJNSDvlsXryRIRUXao9hwB79I Evolution Football-ChIJX0YulIi8yRIRnGh62u3UXTQ FOOT INDOOR Marseille-ChIJ41AMCxC8yRIRLHLGt11sc-U MONCLUB 2.0-ChIJv9owGLm-yRIRfuDnd3G6nR4 Massilia Five-ChIJxZ6UmMW-yRIR7ot5DChYj4w Le Mercato FOOT INDOOR-ChIJzRK7HJy_yRIRqEreyEiAfC0 STADIUM FOOT 5 VILLAGE-ChIJbbOWFtC4yRIR0WXVerbWmnE Le 13 - Foot en salle - Marseille-ChIJR62kUm_ByRIRDnGQqGCeUVQ Massilia Foot Indoor 2-ChIJxZ6UmMW-yRIRfYNGGPPJfIU
24/02/2024;13:00 13:30 14:00 14:30 15:00 15:30 16:30 16:00 17:00 17:30 18:00 18:30 19:00 19:30 20:00 20:30 21:00 21:30 22:00;QB20EFueiPRLKHM1VKKF;1 2 3 4 5 6 7;F5 Foot Five-ChIJjUbM5G7A9EcRW3mlkrhyXxY LE 5 DE LEGENDE-ChIJAQNaA3nc9EcRYvB35x41mBs LE FIVE OL-ChIJmz3whejH9EcR3j9ApNRukKE UrbanSoccer - Lyon Parilly-ChIJx3FQWjLC9EcRrrQb2eV7i_4 Sun Set Soccer-ChIJ-2jOt33D9EcRLZL2mS5Gvz4 UrbanSoccer - Lyon Barolles-ChIJN4l-IC3v9EcRf9QJKIVC_aY
25/02/2024;0,75;QE1IQnMxgvDYxzBFJs4I;7;UrbanSoccer - Quai d'Ivry-ChIJfXxYJ0xy5kcRw9xTkF6-FZQ LE FIVE Paris 13-ChIJ_bOSChhz5kcRZMTeq_6Gdzg LE FIVE Paris 18-ChIJPVT4_n1u5kcRzji6FdTBXXo LE FIVE Paris 17-ChIJ7eI8sFNv5kcR5xy52Wc57NU UrbanSoccer - Porte d'Aubervilliers-ChIJ0dXjDCZs5kcRvX0EpMwxsUY LE FIVE Villette-ChIJTUFnQjps5kcR0pHITLTw1PI LE FIVE Bobigny-ChIJV8UONORs5kcRXxR5Qd7x130 UrbanSoccer - Asnières-ChIJi5LkLT9v5kcRSlhScqEFNWs LE FIVE Marville - La Courneuve-ChIJ2dHdMZxr5kcR0aKYHYsp0pY LE FIVE Montreuil-ChIJJdTQjr0T5kcRZmGxtIJVy44 UrbanSoccer La Défense-ChIJh4rnfVhk5kcRV2Q-ZKdm8vA FOOT IN FIVE-ChIJoUR0syFp5kcRUlStnwluaYY Stadium Thiais-ChIJ64X9jzx05kcRsHvSfOv6UcA UrbanSoccer Meudon-ChIJ0WKvjbh75kcRoqSmyWwW2jQ
14/03/2024;18:30 19:00 19:30 20:00;QJIWK4pgmdBOTutweIYN;4 2;LE FIVE Paris 18-ChIJPVT4_n1u5kcRzji6FdTBXXo LE FIVE Paris 17-ChIJ7eI8sFNv5kcR5xy52Wc57NU UrbanSoccer - Asnières-ChIJi5LkLT9v5kcRSlhScqEFNWs UrbanSoccer - Porte d'Aubervilliers-ChIJ0dXjDCZs5kcRvX0EpMwxsUY LE FIVE Villette-ChIJTUFnQjps5kcR0pHITLTw1PI
19/03/2024;20:00 20:30 21:00 21:30 22:00;QNGb5uZedB4X9FYHGCb9;4;B14 - Sports et Loisirs Indoor-ChIJaeLKMYXe5UcRHyWJ8X8FaPA UrbanSoccer Evry-ChIJW0Ut1G7e5UcRt621n2fRQ5M UrbanSoccer Orsay-ChIJpZIJg7J45kcRrKWKhtbfnEQ LE FIVE Morangis-ChIJA4uAhOXZ5UcRp-vZXZP-ovY Speed Soccer Five-ChIJ2xTNglV25kcR3UDi4AXGfDU
14/02/2024;18:30 19:00 18:00 19:30 20:00 20:30;QO70mj9yWLiidyiruD97;1 2 3 4 5;Élite 5 Soccer-ChIJ5-jfdlZk5kcRYIaELgvikaM UrbanSoccer La Défense-ChIJh4rnfVhk5kcRV2Q-ZKdm8vA UrbanSoccer - Puteaux-ChIJM_sC0-Nk5kcRhL1y_EFIje8
25/02/2024;20:00 20:30 19:00 19:30 12:30 13:00 12:00;QPfTKQTV6w0KITSeOcP1;3 4 5;UrbanSoccer - Puteaux-ChIJM_sC0-Nk5kcRhL1y_EFIje8 UrbanSoccer La Défense-ChIJh4rnfVhk5kcRV2Q-ZKdm8vA
22/02/2024;18:00 19:00 20:00 21:00 22:00 18:30 19:30 20:30 21:30 22:30;QQw7c1rSv8zMafQR4v44;1 2;UrbanSoccer Guyancourt-ChIJmdX-2c-A5kcRj1wtOS8rZmo
12/03/2024;12:00 12:30 13:00 13:30 14:00 14:30 11:00 11:30 9:00 9:30 10:00 10:30 20:00 23:30 23:00 22:30 22:00 21:00 21:30 20:30 19:30 19:00 18:30 17:30 18:00 17:00 16:00 15:00 15:30 16:30;QR7A9tmxW99qeJV9xScB;1 2 3 4 5 6 7;Parc Omnisport Suzanne Lenglen-ChIJ0_E6kcV65kcRpEn1nM0j_KU
26/02/2024;17:00 18:00 19:00 17:30 18:30 19:30 20:00 21:00 22:00 23:00 21:30 20:30 22:30 23:30;QTtuBaeTahQHsT4Olxkm;1 3 4 5 6;LE FIVE Paris 18-ChIJPVT4_n1u5kcRzji6FdTBXXo UrbanSoccer - Porte d'Aubervilliers-ChIJ0dXjDCZs5kcRvX0EpMwxsUY UrbanSoccer - Quai d'Ivry-ChIJfXxYJ0xy5kcRw9xTkF6-FZQ LE FIVE Paris 17-ChIJ7eI8sFNv5kcR5xy52Wc57NU LE FIVE Paris 13-ChIJ_bOSChhz5kcRZMTeq_6Gdzg UrbanSoccer - Asnières-ChIJi5LkLT9v5kcRSlhScqEFNWs UrbanSoccer - Puteaux-ChIJM_sC0-Nk5kcRhL1y_EFIje8
01/03/2024;0,833333333;QUq81x9ZZ9XkNHXSuyfG;1 2 3 4 5 6 7;LE FIVE Vitrolles-ChIJi4A-IrHoyRIRunoYLEGNeYI Olive et Tom Foot-ChIJM91frs_gyRIR0DmRNXYM0hc Z5 Aix-ChIJKb-U_9KSyRIRKIFKbH5mW18 Mondial Soccer Martigues-ChIJxSxBZ0rmyRIRD43lI6mPqdE Game 13 foot indoor-ChIJNSDvlsXryRIRUXao9hwB79I
02/02/2024;16:30 17:00 17:30 18:00 18:30 19:00 19:30 20:00 20:30 21:00 21:30 22:00;Qe181BOBdHAlBSM1zsgo;7;UrbanSoccer - Quai d'Ivry-ChIJfXxYJ0xy5kcRw9xTkF6-FZQ
23/02/2024;0,833333333;QgTriFMsdsT5zIQlKEYl;5 6 7;UrbanSoccer - Puteaux-ChIJM_sC0-Nk5kcRhL1y_EFIje8 UrbanSoccer Meudon-ChIJ0WKvjbh75kcRoqSmyWwW2jQ UrbanSoccer La Défense-ChIJh4rnfVhk5kcRV2Q-ZKdm8vA
04/03/2024;18:00 18:30 19:00 19:30 20:00 20:30 21:00 21:30;QmVx98a74n35O5Bb8DMK;1;UrbanSoccer - Puteaux-ChIJM_sC0-Nk5kcRhL1y_EFIje8
10/02/2024;12:30 12:00 13:00 13:30 14:00 14:30 17:00 17:30 18:00 18:30 19:00 19:30 15:00 15:30 16:00 16:30;QquZpPe86m41MTUAbGju;1 2 3 4 5;LE FIVE Carrières-sous-Poissy-ChIJ9T4fWfyL5kcRCBX-FyZLvEE
15/02/2024;19:00 19:30 20:00 20:30 21:00 21:30;Qr6Sy7jc3rkY1AierUhl;2 3 1;EFIVE Avignon Vedene-ChIJd-UEcsXztRIRA9jWoQe2RtU
06/02/2024;14:00 14:30 15:00 15:30 16:00 16:30 17:00 17:30 18:00 18:30;QuuJPxjAng66fVedMnW9;7;LE FIVE Paris 13-ChIJ_bOSChhz5kcRZMTeq_6Gdzg LE FIVE Paris 18-ChIJPVT4_n1u5kcRzji6FdTBXXo UrbanSoccer - Quai d'Ivry-ChIJfXxYJ0xy5kcRw9xTkF6-FZQ LE FIVE Paris 17-ChIJ7eI8sFNv5kcR5xy52Wc57NU UrbanSoccer - Porte d'Aubervilliers-ChIJ0dXjDCZs5kcRvX0EpMwxsUY UrbanSoccer La Défense-ChIJh4rnfVhk5kcRV2Q-ZKdm8vA UrbanSoccer - Asnières-ChIJi5LkLT9v5kcRSlhScqEFNWs
28/02/2024;9:00 10:00 9:30 11:00 10:30 11:30 12:00 12:30 13:00 13:30 14:00 14:30 15:30 15:00 16:30 17:30 17:00 16:00 18:30 18:00 19:30 19:00 21:30 20:00 20:30 21:00 22:30 23:30 22:00 23:00;QzVd6hQGqIIjW3AyJG3b;5 4 6 7;LE FIVE Morangis-ChIJA4uAhOXZ5UcRp-vZXZP-ovY Speed Soccer Five-ChIJ2xTNglV25kcR3UDi4AXGfDU B14 - Sports et Loisirs Indoor-ChIJaeLKMYXe5UcRHyWJ8X8FaPA
04/03/2024;9:00 9:30 10:00 10:30 11:00 11:30 13:00 12:30 12:00 14:00 13:30 14:30 15:30 15:00 16:00 16:30 17:30 17:00 18:00 18:30 19:00 19:30 20:30 20:00 21:00 21:30 22:30 23:30 23:00 22:00;R1cO7ZZahIfWiwapXrWL;1 2 3 4 5 6 7;FIVE ARENA MEAUX-ChIJ02bKSuih6EcRb796CXVbkVs Top Ten-ChIJfXprBx4b5kcRmhe-5pLZUek
12/03/2024;0,708333333;RAB4rERECgR3wXh5DBnd;1 2 3 4 5 6 7;Stadium Thiais-ChIJ64X9jzx05kcRsHvSfOv6UcA UrbanSoccer - Quai d'Ivry-ChIJfXxYJ0xy5kcRw9xTkF6-FZQ VERSUSFOOT Thiais-ChIJn2R2NT905kcRjqB29qldBxk
29/02/2024;18:00 19:00 20:00;RCFYTb3B79oit06vlNIO;1 2 3 4 5 6 7;UrbanSoccer - Grenoble-ChIJX6YWdrz1ikcRwdG7lUc49fg
08/03/2024;20:00 20:30 21:00 21:30;REXcYwHr2zSywxoTg95o;5;UrbanSoccer - Asnières-ChIJi5LkLT9v5kcRSlhScqEFNWs FOOT IN FIVE-ChIJoUR0syFp5kcRUlStnwluaYY BIG5-ChIJsb_7TJFp5kcRSPL5VqZulr4 Foot POWER 5-ChIJuTCIFshm5kcRBtEQJ76dAzc Foot-Max Argenteuil-ChIJi9oIzaRm5kcRJYcK7QsdRMU Le Street Foot en Salle-ChIJt_AXL6Jg5kcRu6rBmnrmeUM Kaiser Park-ChIJsRLZzKFg5kcRBCfNws9nssw LE FIVE Sarcelles-ChIJ6_q3Fxhq5kcRCpoEwnoXX1Q LE FIVE Bezons-ChIJ71Mv0Wpk5kcRg-H9x7L-dXo LE FIVE Marville - La Courneuve-ChIJ2dHdMZxr5kcR0aKYHYsp0pY
22/02/2024;19:00 19:30 20:00 20:30;RFvTC2lkpFvtkxcnhWgl;4 2 5 6 7 1;LE FIVE Orléans Fleury-ChIJsYfwe3n75EcRnjpH9sw356Q LE FIVE Orléans Ingré-ChIJzUFPDv_v5EcRG6gmhm_t_HA
11/03/2024;15:00 16:00 17:00 18:00 19:00 21:00 20:00 22:00 23:00 23:30;RHYrfTXlQTpnlzr3r2vb;1 2 3 4 5 6 7;Power Five-ChIJ6ULNmyh15kcRV9cjbnBjGr8 UrbanSoccer Evry-ChIJW0Ut1G7e5UcRt621n2fRQ5M LE FIVE Morangis-ChIJA4uAhOXZ5UcRp-vZXZP-ovY B14 - Sports et Loisirs Indoor-ChIJaeLKMYXe5UcRHyWJ8X8FaPA VERSUSFOOT Thiais-ChIJn2R2NT905kcRjqB29qldBxk Stadium Thiais-ChIJ64X9jzx05kcRsHvSfOv6UcA LE FIVE Créteil-ChIJ88lx3VwL5kcRVxCh4lD6_Gk Speed Soccer Five-ChIJ2xTNglV25kcR3UDi4AXGfDU
03/03/2024;18:00 18:30 19:00 19:30 20:00 20:30 21:00;RHtnIIIYVqxtQQkRBIeY;1 4 5;Futbol Futbol Artigues-ChIJZziKe5cvVQ0R5tJa9BeDd8o Bordeaux Soccer-ChIJCRHQufUoVQ0RmXgf8oHOE08 LE FIVE Bordeaux-ChIJteaBh_koVQ0RqH2VtN-qL5I GINGA Foot Mérignac-ChIJyfJZiyPaVA0RlY6_mDcql7U UrbanSoccer Bordeaux-Pessac-ChIJTZ1wTCnZVA0Ra5hHoMEPn3I UrbanSoccer - Bordeaux Mérignac-ChIJxWBxmALaVA0Rop0OWS3Q3fY
26/02/2024;15:00 15:30 14:00 14:30 13:00 13:30 16:00 12:30;RIhpALK7JbpA2gzvrMlN;7 6;LE FIVE Paris 17-ChIJ7eI8sFNv5kcR5xy52Wc57NU UrbanSoccer - Porte d'Aubervilliers-ChIJ0dXjDCZs5kcRvX0EpMwxsUY UrbanSoccer La Défense-ChIJh4rnfVhk5kcRV2Q-ZKdm8vA UrbanSoccer - Puteaux-ChIJM_sC0-Nk5kcRhL1y_EFIje8 UrbanSoccer - Asnières-ChIJi5LkLT9v5kcRSlhScqEFNWs
25/02/2024;9:00 9:30 10:00 10:30 11:30 11:00 12:00 12:30 14:30 13:00 13:30 14:00 15:00 15:30 16:30 16:00 17:00 17:30 18:30 18:00 19:30 19:00 20:00 20:30 21:30 21:00 22:00 22:30 23:30 23:00;RKZFLJmMbQmcfw99VP2u;7 6 5 4 3 2 1;LE FIVE Bezons-ChIJ71Mv0Wpk5kcRg-H9x7L-dXo Foot-Max Argenteuil-ChIJi9oIzaRm5kcRJYcK7QsdRMU UrbanSoccer La Défense-ChIJh4rnfVhk5kcRV2Q-ZKdm8vA Élite 5 Soccer-ChIJ5-jfdlZk5kcRYIaELgvikaM Foot POWER 5-ChIJuTCIFshm5kcRBtEQJ76dAzc UrbanSoccer - Puteaux-ChIJM_sC0-Nk5kcRhL1y_EFIje8 UrbanSoccer - Asnières-ChIJi5LkLT9v5kcRSlhScqEFNWs LE FIVE Paris 17-ChIJ7eI8sFNv5kcR5xy52Wc57NU FOOT IN FIVE-ChIJoUR0syFp5kcRUlStnwluaYY Le Street Foot en Salle-ChIJt_AXL6Jg5kcRu6rBmnrmeUM Kaiser Park-ChIJsRLZzKFg5kcRBCfNws9nssw LE FIVE Paris 18-ChIJPVT4_n1u5kcRzji6FdTBXXo UrbanSoccer - Porte d'Aubervilliers-ChIJ0dXjDCZs5kcRvX0EpMwxsUY LE FIVE Marville - La Courneuve-ChIJ2dHdMZxr5kcR0aKYHYsp0pY LE FIVE Villette-ChIJTUFnQjps5kcR0pHITLTw1PI BIG5-ChIJsb_7TJFp5kcRSPL5VqZulr4 UrbanSoccer Meudon-ChIJ0WKvjbh75kcRoqSmyWwW2jQ Firefoot-ChIJ0zSROfj15kcR4l0wrCcYPMk LE FIVE Carrières-sous-Poissy-ChIJ9T4fWfyL5kcRCBX-FyZLvEE LE FIVE Sarcelles-ChIJ6_q3Fxhq5kcRCpoEwnoXX1Q
09/03/2024;17:30 17:00 18:00 18:30 19:00 19:30 20:00 20:30 21:00 21:30 22:00;RKeOKTg55DCumnEzeten;1 2 3 4 5 6 7;Top Ten-ChIJfXprBx4b5kcRmhe-5pLZUek UrbanSoccer - Marne-La-Vallée-ChIJ6bDBiosP5kcROXiloHzSdhc
12/03/2024;17:00 17:30 18:00;RLWdsoNyCMInmv0JGqEY;1 2 3 4;LE FIVE Vitrolles-ChIJi4A-IrHoyRIRunoYLEGNeYI
04/03/2024;16:30 17:00 17:30 18:00 18:30 19:00 19:30 20:00;RM6gfvCPUeax7oLVD4kk;5 6 7;Footsal Cousinerie-ChIJXQyb1d8pw0cRLO_Ed5xHTIQ UrbanSoccer - Lille Lezennes-ChIJR3ro5nTWwkcRfM_S3Be9HjI
03/03/2024;19:00 19:30 20:00 20:30 21:00;ROHNb2mGK3b2ME0ByiTz;1 2 3 4 5 6 7;OHSPORT-ChIJHeG9fA4X5kcRbGNzVY5Ud5I
14/03/2024;18:00 18:30 19:00 19:30 20:00 20:30 21:00 17:00 17:30;RRZ4dNLTxFGrSYz0looZ;3 4 2 1;LE FIVE Reims-ChIJad8c0qR16UcRMPDMaa34XJ8
20/03/2024;0,75;RSqPnde5oUWk6APUdb9p;4;UrbanSoccer - Quai d'Ivry-ChIJfXxYJ0xy5kcRw9xTkF6-FZQ
10/03/2024;10:00 11:00 12:00 13:00 14:00 15:00 16:00 17:00 10:30 11:30 12:30 13:30 14:30 15:30 16:30 17:30 18:30;RUxFHQI7jrBbGU9XYdNl;6 7;LE FIVE Paris 18-ChIJPVT4_n1u5kcRzji6FdTBXXo LE FIVE Paris 17-ChIJ7eI8sFNv5kcR5xy52Wc57NU UrbanSoccer - Porte d'Aubervilliers-ChIJ0dXjDCZs5kcRvX0EpMwxsUY UrbanSoccer La Défense-ChIJh4rnfVhk5kcRV2Q-ZKdm8vA LE FIVE Villette-ChIJTUFnQjps5kcR0pHITLTw1PI UrbanSoccer - Asnières-ChIJi5LkLT9v5kcRSlhScqEFNWs
09/03/2024;19:00 19:30 20:00 20:30 21:30 21:00;RW7WRcRDd9R4jFNBZT4i;7 6 5 4;UrbanSoccer - Lille Lezennes-ChIJR3ro5nTWwkcRfM_S3Be9HjI UrbanSoccer - Lille Bondues-ChIJ58ZerMgrw0cR2Jyp7tZjBn4 Arena Club-ChIJeWJWRjYvw0cRbnJR4ZXAKMA
10/02/2024;0,375;RcfxqGbGavpwsAImZv7R;6 7;UrbanSoccer - Toulouse Montaudran-ChIJl772e0u8rhIR2foRX4Xa2CI Events Five-ChIJf8cSCJG5rhIRoQadPH-wW1U Play Soccer-ChIJQ-UxZn-5rhIRKWoQydM5T9s UrbanSoccer - Toulouse Sept Deniers-ChIJk5nUBdOkrhIRP-1aUJzo-lA
09/03/2024;18:30 19:00 19:30 20:00 20:30 21:00 21:30 22:00 22:30 11:30 12:00 12:30 13:00 13:30 14:00 14:30 15:30 15:00 16:30 16:00 17:30 17:00 18:00;RhB9AInkCW7n3JJ4I3NP;3 2 5 4 6 7 1;LE FIVE Paris 13-ChIJ_bOSChhz5kcRZMTeq_6Gdzg UrbanSoccer - Quai d'Ivry-ChIJfXxYJ0xy5kcRw9xTkF6-FZQ LE FIVE Paris 17-ChIJ7eI8sFNv5kcR5xy52Wc57NU LE FIVE Paris 18-ChIJPVT4_n1u5kcRzji6FdTBXXo LE FIVE Montreuil-ChIJJdTQjr0T5kcRZmGxtIJVy44 UrbanSoccer - Puteaux-ChIJM_sC0-Nk5kcRhL1y_EFIje8 UrbanSoccer - Porte d'Aubervilliers-ChIJ0dXjDCZs5kcRvX0EpMwxsUY LE FIVE Villette-ChIJTUFnQjps5kcR0pHITLTw1PI UrbanSoccer La Défense-ChIJh4rnfVhk5kcRV2Q-ZKdm8vA
09/03/2024;16:30 17:30 18:30 19:30 20:30 21:30 22:30 22:00 23:00 23:30 21:00 19:00 20:00 18:00 17:00 16:00 15:30 15:00;Rju1ZfclusFnoz0bNzJf;2 6 7 1;LE FIVE Paris 13-ChIJ_bOSChhz5kcRZMTeq_6Gdzg UrbanSoccer - Quai d'Ivry-ChIJfXxYJ0xy5kcRw9xTkF6-FZQ LE FIVE Créteil-ChIJ88lx3VwL5kcRVxCh4lD6_Gk Speed Soccer Five-ChIJ2xTNglV25kcR3UDi4AXGfDU UrbanSoccer - Porte d'Aubervilliers-ChIJ0dXjDCZs5kcRvX0EpMwxsUY LE FIVE Paris 18-ChIJPVT4_n1u5kcRzji6FdTBXXo Stadium Thiais-ChIJ64X9jzx05kcRsHvSfOv6UcA VERSUSFOOT Thiais-ChIJn2R2NT905kcRjqB29qldBxk
03/02/2024;0,5;RuQiHfFWZve0UozF5p0N;2 4;Stade Georges Carpentier-ChIJK1Ox8s9z5kcRbgUAZHwwCQA
07/02/2024;12:00 12:30 16:00 17:00 17:30 18:30 18:00 19:00 19:30 20:00 20:30 21:00 21:30 22:30 23:30 23:00 22:00 16:30;RuRi8ugq2owy71KhdzSC;4 5 3 7 6;Stade de la Tour aux Parachutes-ChIJbwsrhCpy5kcRca22Pnhr8MU
29/02/2024;0,75;Rvs12n7i5s22iEeSYGDf;4;UrbanSoccer - Marne-La-Vallée-ChIJ6bDBiosP5kcROXiloHzSdhc
22/02/2024;19:00 19:30 20:00 20:30;S0NngHiAB0iG6mpWu8il;1 2 3 4 5 6 7;LE FIVE Paris 13-ChIJ_bOSChhz5kcRZMTeq_6Gdzg LE FIVE Paris 18-ChIJPVT4_n1u5kcRzji6FdTBXXo UrbanSoccer - Quai d'Ivry-ChIJfXxYJ0xy5kcRw9xTkF6-FZQ LE FIVE Paris 17-ChIJ7eI8sFNv5kcR5xy52Wc57NU UrbanSoccer - Porte d'Aubervilliers-ChIJ0dXjDCZs5kcRvX0EpMwxsUY LE FIVE Villette-ChIJTUFnQjps5kcR0pHITLTw1PI LE FIVE Bobigny-ChIJV8UONORs5kcRXxR5Qd7x130 UrbanSoccer - Puteaux-ChIJM_sC0-Nk5kcRhL1y_EFIje8 UrbanSoccer La Défense-ChIJh4rnfVhk5kcRV2Q-ZKdm8vA LE FIVE Marville - La Courneuve-ChIJ2dHdMZxr5kcR0aKYHYsp0pY UrbanSoccer - Asnières-ChIJi5LkLT9v5kcRSlhScqEFNWs
21/02/2024;19:00 19:30 20:00 20:30 21:00;S4Xajs2e93KLavCn67AK;2 3 4 1 5;LE FIVE Bezons-ChIJ71Mv0Wpk5kcRg-H9x7L-dXo UrbanSoccer La Défense-ChIJh4rnfVhk5kcRV2Q-ZKdm8vA
10/03/2024;9:00 10:00 11:00 12:00;S4x02QmF2IlUwSHcPhGI;7 6;Stade Lilian Thuram-ChIJy0-vXf9l5kcRH4WAmpihUQE
10/03/2024;18:00 18:30;S5c4JtxGPMvN693RZtqQ;3;UrbanSoccer - Strasbourg-ChIJbeF8CznIlkcRkTmqhGiUECc
06/03/2024;20:00 19:30 19:00;S6lhdfoOXiSi5G6maKUt;3;KIPSTADIUM-ChIJydcoT88ow0cRLnHvlF-Z_jE Arena Club-ChIJeWJWRjYvw0cRbnJR4ZXAKMA UrbanSoccer - Lille Bondues-ChIJ58ZerMgrw0cR2Jyp7tZjBn4
04/03/2024;9:00 10:00 11:00 12:00 13:00 14:00 15:00 16:00 17:00 18:00 19:00 20:00 21:00 22:00 9:30 10:30 11:30 12:30 13:30 14:30 15:30 16:30 17:30 18:30 19:30 20:30 21:30 22:30 23:00 23:30;SE1pIPZWTKeTq19DL9Ne;1 2 3 4 5 6 7;UrbanSoccer - Toulouse Sept Deniers-ChIJk5nUBdOkrhIRP-1aUJzo-lA UrbanSoccer - Toulouse Montaudran-ChIJl772e0u8rhIR2foRX4Xa2CI Play Soccer-ChIJQ-UxZn-5rhIRKWoQydM5T9s LE FIVE Colomiers-ChIJ8wxhgGexrhIRm698kMPQIRw Events Five-ChIJf8cSCJG5rhIRoQadPH-wW1U Classico Foot-ChIJFV442oCxrhIRgsZy5aIbkNs
05/02/2024;0,791666667;SES8AFlhZsu1J37ThyVC;1 2 3 4 5 6 7;UrbanSoccer - Quai d'Ivry-ChIJfXxYJ0xy5kcRw9xTkF6-FZQ
11/03/2024;0,916666667;SHf6z54ofQtc1p50RjzH;1;LE FIVE Paris 18-ChIJPVT4_n1u5kcRzji6FdTBXXo
20/02/2024;16:00 16:30 14:00 14:30;SLX2tSmR7qlCxXY3NCvL;2 3 4 5 6 7 1;LE FIVE OL-ChIJmz3whejH9EcR3j9ApNRukKE Sun Set Soccer-ChIJ-2jOt33D9EcRLZL2mS5Gvz4 F5 Foot Five-ChIJjUbM5G7A9EcRW3mlkrhyXxY We Are Sports-ChIJFZU5oBHC9EcRJTFrSkI1xxg
03/02/2024;19:00 19:30 20:00 20:30 21:00 21:30 22:00 22:30 23:00 23:30 18:00 18:30 17:00 17:30 16:00 16:30 15:00 15:30 14:00 14:30 13:00 13:30 12:00 12:30 11:00 11:30 10:00 10:30 9:00 9:30;SLnHVnxnQUix4o7yAQri;2 1 3 4 5 6 7;Soccer Rennais-ChIJBWiWc1HgDkgRnIHJ7R5SVU0
10/03/2024;18:30 19:00 19:30 20:00 20:30 21:00 21:30;SQsbqmX1BeoQaUXIC7lZ;1 2 3 4 5;Foot à 5 @ Le club le Village-ChIJwU28MyyB5kcRHVcpV1mkYVo UrbanSoccer Guyancourt-ChIJmdX-2c-A5kcRj1wtOS8rZmo UrbanSoccer Orsay-ChIJpZIJg7J45kcRrKWKhtbfnEQ UrbanSoccer Meudon-ChIJ0WKvjbh75kcRoqSmyWwW2jQ UrbanSoccer - Puteaux-ChIJM_sC0-Nk5kcRhL1y_EFIje8 UrbanSoccer La Défense-ChIJh4rnfVhk5kcRV2Q-ZKdm8vA LE FIVE Carrières-sous-Poissy-ChIJ9T4fWfyL5kcRCBX-FyZLvEE
20/03/2024;20:00 22:30 22:00 21:00 21:30 20:30 23:00 23:30;SSAnxj1xkdX6srgINauM;5 6;Footbox-ChIJY-WkusIR5kcR-tEad3UtaSQ OHSPORT-ChIJHeG9fA4X5kcRbGNzVY5Ud5I LE FIVE Bobigny-ChIJV8UONORs5kcRXxR5Qd7x130 LE FIVE Marville - La Courneuve-ChIJ2dHdMZxr5kcR0aKYHYsp0pY
07/03/2024;15:00 16:00 17:00 15:30 16:30 17:30 18:00 18:30 19:00 19:30 20:00 20:30 21:00 21:30 22:00 22:30;SVJg1h2Mj9616sMU7vmo;1 2 3 4 5 6 7;UrbanSoccer - Toulouse Sept Deniers-ChIJk5nUBdOkrhIRP-1aUJzo-lA UrbanSoccer - Toulouse Montaudran-ChIJl772e0u8rhIR2foRX4Xa2CI
11/03/2024;0,5625;SeoTKeWOdunpfymnYjIE;7;LE FIVE Paris 13-ChIJ_bOSChhz5kcRZMTeq_6Gdzg
20/03/2024;12:00 12:30 18:30 19:00 19:30 20:00 18:00;ShUYu7fu2tqej3AnzZwv;1 2 3 4 5 7;Events Five-ChIJf8cSCJG5rhIRoQadPH-wW1U Play Soccer-ChIJQ-UxZn-5rhIRKWoQydM5T9s
07/03/2024;9:00 9:30 10:00 10:30 11:00 11:30 12:00 12:30 13:00 13:30 14:00 14:30 15:00 15:30 16:00 16:30 17:00 17:30 18:00 18:30 19:00 19:30 20:00 20:30 21:30 22:30 21:00 23:30 22:00 23:00;SiDkJb9IO3GggolYP9TC;1 2 3 4 5 6 7;MONCLUB 2.0-ChIJv9owGLm-yRIRfuDnd3G6nR4
05/03/2024;0,375;SmLH5vjLymPUBNwtEiHb;7;Le Street Foot en Salle-ChIJt_AXL6Jg5kcRu6rBmnrmeUM
18/02/2024;18:30 19:00;SmxOY71NsJDHrhIP6lfS;2;Le Street Foot en Salle-ChIJt_AXL6Jg5kcRu6rBmnrmeUM UrbanSoccer La Défense-ChIJh4rnfVhk5kcRV2Q-ZKdm8vA
03/02/2024;0,583333333;Spm6miat7jzppqQ8WfN1;7;UrbanSoccer - Quai d'Ivry-ChIJfXxYJ0xy5kcRw9xTkF6-FZQ
19/03/2024;21:30 22:00 22:30;SqjqX95vrAnw2XJer6I1;7 6 3 2 1 5;LE FIVE Paris 18-ChIJPVT4_n1u5kcRzji6FdTBXXo LE FIVE Paris 17-ChIJ7eI8sFNv5kcR5xy52Wc57NU UrbanSoccer La Défense-ChIJh4rnfVhk5kcRV2Q-ZKdm8vA UrbanSoccer - Puteaux-ChIJM_sC0-Nk5kcRhL1y_EFIje8 LE FIVE Paris 13-ChIJ_bOSChhz5kcRZMTeq_6Gdzg UrbanSoccer - Porte d'Aubervilliers-ChIJ0dXjDCZs5kcRvX0EpMwxsUY LE FIVE Bobigny-ChIJV8UONORs5kcRXxR5Qd7x130
06/02/2024;9:00 9:30 10:00 10:30 18:00 18:30 19:00 19:30 20:00 20:30 21:00;SyHeNCeW4FflvdmZIEVp;1 3 7;Footsal Cousinerie-ChIJXQyb1d8pw0cRLO_Ed5xHTIQ UrbanSoccer - Lille Bondues-ChIJ58ZerMgrw0cR2Jyp7tZjBn4
05/02/2024;18:30 19:00 19:30 20:00 20:30 21:30 21:00 22:00 22:30 23:00 23:30;SyirojnvbVvZJrhj2QaR;1 2 3 4 5 6 7;UrbanSoccer - Porte d'Aubervilliers-ChIJ0dXjDCZs5kcRvX0EpMwxsUY LE FIVE Villette-ChIJTUFnQjps5kcR0pHITLTw1PI
17/03/2024;23:30 22:00 22:30 21:00 21:30 20:00;T0gmD56a5yWZh10STc5v;1 2 3 5;LE FIVE Paris 13-ChIJ_bOSChhz5kcRZMTeq_6Gdzg UrbanSoccer - Quai d'Ivry-ChIJfXxYJ0xy5kcRw9xTkF6-FZQ UrbanSoccer - Puteaux-ChIJM_sC0-Nk5kcRhL1y_EFIje8 UrbanSoccer La Défense-ChIJh4rnfVhk5kcRV2Q-ZKdm8vA
01/03/2024;20:30 21:30 21:00;T2YRxdturMdPpiTLldga;2 4;LE FIVE Morangis-ChIJA4uAhOXZ5UcRp-vZXZP-ovY Stadium Thiais-ChIJ64X9jzx05kcRsHvSfOv6UcA UrbanSoccer Evry-ChIJW0Ut1G7e5UcRt621n2fRQ5M
16/02/2024;0,833333333;TBPYjJjWyx0iS19XS72t;5;GINGA-ChIJyfJZiyPaVA0RlY6_mDcql7U
08/03/2024;9:00 9:30 10:00 10:30 11:00 11:30 12:00 12:30 13:00 13:30 14:00 14:30 15:00 15:30 16:00 16:30 17:00 17:30 18:30 18:00 19:30 19:00 20:30 20:00 21:30 21:00 22:30 22:00 23:30 23:00;TCKeCLtPjcAkqujRIv8D;6 7;UrbanSoccer - Puteaux-ChIJM_sC0-Nk5kcRhL1y_EFIje8
13/02/2024;16:30 17:30 18:30 15:30 19:30 20:30;TJlrlfsUAdLuXSMZTqUN;3 4 5 1;We Are Sports-ChIJFZU5oBHC9EcRJTFrSkI1xxg UrbanSoccer - Lyon Parilly-ChIJx3FQWjLC9EcRrrQb2eV7i_4
19/03/2024;17:30 18:00 18:30 19:00 19:30;TLFnGol5l4Wlz0RCp05J;1 2 3 4 5;LE FIVE Valenciennes-ChIJs_yKhaPvwkcRtt71kMRaz8A
12/03/2024;21:30 22:00;TMOHuLlm6wbTazwT8PfK;2;UrbanSoccer La Défense-ChIJh4rnfVhk5kcRV2Q-ZKdm8vA UrbanSoccer - Porte d'Aubervilliers-ChIJ0dXjDCZs5kcRvX0EpMwxsUY
25/02/2024;19:00 19:30 20:00 20:30 21:00 21:30;TNj4FiAd8QFfeihP949c;7 1 4 5;F5 Foot Five-ChIJjUbM5G7A9EcRW3mlkrhyXxY We Are Sports-ChIJFZU5oBHC9EcRJTFrSkI1xxg UrbanSoccer - Lyon Parilly-ChIJx3FQWjLC9EcRrrQb2eV7i_4 LE 5 DE LEGENDE-ChIJAQNaA3nc9EcRYvB35x41mBs UrbanSoccer - Lyon Barolles-ChIJN4l-IC3v9EcRf9QJKIVC_aY LE FIVE OL-ChIJmz3whejH9EcR3j9ApNRukKE Sun Set Soccer-ChIJ-2jOt33D9EcRLZL2mS5Gvz4 Factory Sport Games-ChIJNcDntQGO9EcR3CbXF7xfc5o
19/03/2024;23:30 23:00 22:30 22:00 21:30 21:00 20:30 20:00;TRZW5tH4kKkiPfc9rIjR;1 2 3 4 6 5 7;LE FIVE Bobigny-ChIJV8UONORs5kcRXxR5Qd7x130
19/03/2024;20:00 20:30 21:00 21:30;TYbWGeDdB76fvlnDulwv;5 2;LE FIVE Créteil-ChIJ88lx3VwL5kcRVxCh4lD6_Gk UrbanSoccer - Quai d'Ivry-ChIJfXxYJ0xy5kcRw9xTkF6-FZQ LE FIVE Paris 13-ChIJ_bOSChhz5kcRZMTeq_6Gdzg
25/02/2024;0,833333333;TcMq4xPP5GJOJeyuYJ0q;1 2 3 4 5;LE FIVE Paris 18-ChIJPVT4_n1u5kcRzji6FdTBXXo LE FIVE Villette-ChIJTUFnQjps5kcR0pHITLTw1PI UrbanSoccer - Porte d'Aubervilliers-ChIJ0dXjDCZs5kcRvX0EpMwxsUY LE FIVE Montreuil-ChIJJdTQjr0T5kcRZmGxtIJVy44
04/03/2024;14:00 9:00 10:00 9:30 10:30 11:00 11:30 12:30 12:00 13:30 13:00 14:30 15:30 15:00 16:30 16:00;Teql96QtokG8HXEk4iLu;1 2 3 4 5 6 7;Anse Foot-ChIJc_uyt2s92jERFAD6KeKs66c Factory Sport Games-ChIJNcDntQGO9EcR3CbXF7xfc5o
12/03/2024;0,833333333;TgWJS3WicygG2moDnDdm;4;Footsal-ChIJa7HS298pw0cRMoVDj0XqVdI
15/03/2024;9:00 9:30 10:00 10:30 11:00 11:30 12:00 12:30 14:30 13:30 13:00 15:30 14:00 16:30 15:00 17:30 16:00 18:30 17:00 19:30 18:00 20:30 19:00 20:00 21:30 22:30 21:00 23:30 23:00 22:00;ThgJkLhevxkvZMxhXf42;6;Terrain De Football-ChIJL5VgF5JX9UcR5TKAFOEkO_k Aureats Footindoor-ChIJZVNb4kJZ9UcRWeuEWo6PjkU Power Soccer-ChIJx2v7w-9NtRIRnIFdG1Mf4w4 Terrain De Foot-ChIJEX69YH5X9UcRu8D8WJ6xP4g Bourg Les Valence Futsal-ChIJkz6Ul4BZ9UcRi61lUI2eIng Valence Football Club-ChIJ82KdfA9X9UcRO3a8vqs85j0 Terrain De Foot-ChIJx1_QxGtX9UcRJT2CQu8dgwE Stade Georges Pompidou-ChIJsdDGimtX9UcRI93qtp1RM-M Terrain de Football de Saint-Marcel-lès-Valence-ChIJT1uDN81W9UcRnQuJFbHGof0 Footbbb-ChIJrXLGTD1Z9UcR66ILi5j4OF8 Olympique de Valence-ChIJf8fphq1X9UcRp_2kAbVrXxA Terrain de Football-ChIJ76ekMWRX9UcR-dCTsrLM6Ek Football Club de Bourg-lès-Valence-ChIJf05wHd1Z9UcRicQA-BmHn4g Complexe Sportif Briffaut-ChIJZcRomb9X9UcRAqj_Vtioz2U Terrain De Football Plein Ciel-ChIJV-4tThRY9UcRyiSBMITQsuY UCPA Aqua Stadium Centre Aqualudique de l'Epervière-ChIJE0t4pUBY9UcRy7fS_i2gD-0
01/03/2024;9:00 10:00 10:30 12:00;TmP3WcxsnfqPLFYlSQ91;7;UrbanSoccer - Marne-La-Vallée-ChIJ6bDBiosP5kcROXiloHzSdhc Top Ten-ChIJfXprBx4b5kcRmhe-5pLZUek
15/03/2024;11:00 12:00 10:00 13:00 14:00 15:00 16:00 17:00 18:00 19:00 20:00;TuPUdt1Fm7N8FkEATMhW;7 6;Kaiser Park-ChIJsRLZzKFg5kcRBCfNws9nssw Le Street Foot en Salle-ChIJt_AXL6Jg5kcRu6rBmnrmeUM Foot-Max Argenteuil-ChIJi9oIzaRm5kcRJYcK7QsdRMU
12/02/2024;18:00 18:30 19:00 19:30 20:00 20:30 21:00 22:00 21:30 22:30;TuyaWYxoa1QwB0txMq3E;1 2 3 4 5 6 7;Z5 Istres-ChIJg2T7dqcdthIRsQBEO9wiews
29/02/2024;9:00 10:00 11:00 12:00 13:00 14:00 15:00 16:00 17:00 18:00 20:00 19:00 21:00 22:00 23:00 23:30 22:30 21:30 20:30 19:30 18:30 17:30 16:30 15:30 14:30 13:30 12:30 11:30 10:30 9:30;TxTehQ2ibaB9uPo6ERS6;1 2 3 4 5 6 7;Ball In d'Or Dreux-ChIJgRwhLzZV4UcRZ1kZ41ivPqU
01/03/2024;0,854166667;TxY7YvY4XlfhaQN13Vu6;5;UrbanSoccer - Porte d'Aubervilliers-ChIJ0dXjDCZs5kcRvX0EpMwxsUY
24/02/2024;0,75;U1Ap19KC0k2zeXVyNb0y;6;UrbanSoccer - Lille Bondues-ChIJ58ZerMgrw0cR2Jyp7tZjBn4
13/03/2024;18:00 23:00;U1ITbggtq46RJFgTvPNV;4;UrbanSoccer - Asnières-ChIJi5LkLT9v5kcRSlhScqEFNWs
16/02/2024;9:00 9:30 10:00 10:30 11:00 11:30 12:00 12:30 14:00 13:00 13:30 14:30 15:30 15:00 16:00 16:30 17:00 17:30 18:30 18:00 19:00 19:30 20:00 20:30 21:30 21:00 22:00 22:30 23:30 23:00;U1KaENKKDkSbe9fD8jVB;1 2 3 4 5 6 7;SoccerArena Soccafive-ChIJGU6_KmuYc0cRw3qGj9mwz0I Hofmann Personal Stadion - FC Blau-Weiß Linz-ChIJ6Yon216Zc0cRpSHIsBYxrPU Waldstadion-ChIJH9F4kSeUc0cRI_l-STIX8A0 Horst Lauß Stadium-ChIJvUdi3rK9c0cRPkwqUz2tQnQ Askö Fc Diamant Linz-ChIJfcp_SI-9c0cRcspUmWmmwhg voestalpine Stadion-ChIJmZWbmieUc0cREw32iTbueB0 Fussballschule Linz-ChIJ2Rn54xCWc0cRmvX0Z8xAeo4 FC Ljuti Krajisnici-ChIJpWQU82u9c0cRUoLkVzfmCJQ Fußballplatz und Basketballfeld-ChIJcfz88VSXc0cRvpeqXf-EfD0 Fußballplatz-ChIJ8Rru5meXc0cRobfDTrS6acQ Fußballplatz-ChIJlRpw53CZc0cRpCzTAtQnmUo Urban Hubert Ing KG-ChIJSd32JJCXc0cR54vO57VVNmg Fußballplatz-ChIJQ2pTG2OXc0cRww0uQ8ukvq4 Zero Limits Trendsporthalle-ChIJVzzHBgOZc0cRr5xNhde26E4 Linz Ag Arena-ChIJIyjWWoi9c0cR4DA56a5jwG8
08/03/2024;9:00 10:00 11:00 14:00 15:00 16:00;U36wjMZMr4u5oJ0ii9F6;7;Angoulême Charente Football Club-ChIJlWcTzFky_kcRWrk9CK1VLVM Stade Lebon-ChIJDeCj6V4y_kcRChT8r3rRbRk FOOTPARK / FOOTSPOT-ChIJn9ueiWMt_kcR1AYgPegBZHg Collectif Charente Angoulême Basseau-ChIJ4zG10B1wyCAR7CIy-1xqF-A MARAUDERS FOOTBALL AMERICAIN CHARENTE FOOT US-ChIJqyPQlfIt_kcRykCFKM8QVs0 Stadium-ChIJldcaYW8y_kcRpccYqTRoRtk Stade Leclerc Chauvin-ChIJ0wcBgoMt_kcRMTtzl3uDfzc Stade Pierre de Coubertin Marauders d'Angoulême-ChIJyXhYVE8t_kcR3H0DYidm-oM Stade Grand Angoulème Athlétisme-ChIJU6weN3ot_kcRzJYWyLgm-ww Stade des 3 Chênes-ChIJS-NA4Uos_kcRYQ_AsGe1NXI Footkorner Angoulême-ChIJRR6EmEoz_kcR3dl3H_tOBdw Union Sportive de Saint Martin-ChIJ0wcBgoMt_kcRQi0COpl1Z3U Stade Léonide Lacroix-ChIJxS3argoy_kcRxyTrQO7wiSg FUN FOOT-ChIJAzDllWMt_kcRMKxHX2_5gOo Foot Locker-ChIJ-Ty1h3Ay_kcRQPQO1GL0nsU Stadium-ChIJUwEiYW8y_kcRJEnLOc7frF8
04/02/2024;18:00 18:30 19:00 19:30 20:00 20:30;U8iY72nKEhQcCkKN4NjK;1 2 3 4 5 6 7;Sport dans la Ville Rhône-Alpes-ChIJoUEDcmvr9EcRILCz6hDCQ2o
27/02/2024;9:00 9:30 10:00 10:30 11:00 11:30 12:00 12:30 13:00 13:30 14:00 14:30 15:00 15:30 16:00 16:30 21:00 21:30 22:00 22:30 23:00 23:30;U9dUQThcVbxd9fvEnH47;3 4 5 7 6 2 1;UrbanSoccer La Défense-ChIJh4rnfVhk5kcRV2Q-ZKdm8vA Élite 5 Soccer-ChIJ5-jfdlZk5kcRYIaELgvikaM UrbanSoccer - Puteaux-ChIJM_sC0-Nk5kcRhL1y_EFIje8 LE FIVE Bezons-ChIJ71Mv0Wpk5kcRg-H9x7L-dXo
27/02/2024;17:00 17:30 18:00 18:30 19:00 19:30 20:00;UAPwGy8bxi3L5dE3s9gR;1 5 6 7;Stadium Thiais-ChIJ64X9jzx05kcRsHvSfOv6UcA
04/02/2024;15:00 15:30 16:00 16:30 17:00 17:30 18:00 18:30;UFOd0xitpfgOVBTg2oGd;7 1;UrbanSoccer - Lyon Parilly-ChIJx3FQWjLC9EcRrrQb2eV7i_4 Sport dans la Ville Rhône-Alpes-ChIJoUEDcmvr9EcRILCz6hDCQ2o
17/03/2024;16:00 16:30 17:00 17:30 18:00 22:00 22:30 23:00 23:30;UJq1Xkg9BVjUOarakuwe;1 2 3 4 5 6 7;Stadium Thiais-ChIJ64X9jzx05kcRsHvSfOv6UcA LE FIVE Paris 13-ChIJ_bOSChhz5kcRZMTeq_6Gdzg VERSUSFOOT Thiais-ChIJn2R2NT905kcRjqB29qldBxk UrbanSoccer - Quai d'Ivry-ChIJfXxYJ0xy5kcRw9xTkF6-FZQ LE FIVE Créteil-ChIJ88lx3VwL5kcRVxCh4lD6_Gk Speed Soccer Five-ChIJ2xTNglV25kcR3UDi4AXGfDU Power Five-ChIJ6ULNmyh15kcRV9cjbnBjGr8
04/03/2024;17:30 18:00 18:30 19:00 19:30 20:30 20:00 21:00 21:30;UNzVSQNa0wQPaybKJDzi;1 2 3 4 5 6 7;UrbanSoccer Orsay-ChIJpZIJg7J45kcRrKWKhtbfnEQ UrbanSoccer Meudon-ChIJ0WKvjbh75kcRoqSmyWwW2jQ UrbanSoccer Guyancourt-ChIJmdX-2c-A5kcRj1wtOS8rZmo Speed Soccer Five-ChIJ2xTNglV25kcR3UDi4AXGfDU Foot à 5 @ Le club le Village-ChIJwU28MyyB5kcRHVcpV1mkYVo
19/03/2024;19:00 20:00 20:30 21:00 19:30 21:30;UTMAiZgr2BQvuzxaBFRE;1 2 3 4 5 6 7;UrbanSoccer - Asnières-ChIJi5LkLT9v5kcRSlhScqEFNWs UrbanSoccer La Défense-ChIJh4rnfVhk5kcRV2Q-ZKdm8vA UrbanSoccer - Puteaux-ChIJM_sC0-Nk5kcRhL1y_EFIje8 LE FIVE Paris 17-ChIJ7eI8sFNv5kcR5xy52Wc57NU
23/02/2024;9:00 10:00 11:00 12:00 13:00 14:00 15:00 16:00 17:00 18:00 19:00 20:00 21:00 21:30 20:30 19:30 17:30 15:30 18:30 16:30 14:30 13:30 12:30 11:30 10:30 9:30;UUvW5YTj3iVH4LcVn0Oj;6 7;L'Arène Chartres-ChIJRaMGi5gN5EcR_sqZitCqLPY Stade James Delarue-ChIJf9pEnr4N5EcRjteodd0HLz0 Stade Jacques-Couvret-ChIJG5Gh5CQM5EcRK_ECef7OzRI Foot Locker-ChIJIxGRBEYM5EcRhZyPUOi1030 Stades Municipaux Bas Bourgs-ChIJLWIQwVIM5EcR9ZcPmg7O5oQ CS Mainvilliers Football-ChIJGaXmHxMN5EcR2TST67mD3Rg Stade et Gymnase Bernard Maroquin-ChIJMZFjh_YL5EcRjLnj5pylxjI Complexe sportif de la Madeleine-ChIJSZ2tjZQN5EcRpDsAZDSCcYA Ombeline Goubier-Boone-ChIJdbYnZjIN5EcR27FSFmIxE3Y KEEPCOOL CHARTRES-ChIJMW0oa0QM5EcRZD7E9ONx6Hs Direction de l'Archéologie-ChIJK2A120cM5EcR9JP_e1PFUYM Association Sportive de Rechèvres-ChIJYft2nEEN5EcRwLKkOMmAMtM Courir-ChIJxRP8BEYM5EcRHZH-ji8JFNQ Ab'Solu Soccer-ChIJ5ZZln5cN5EcRhp1Y_WbBqyQ
19/03/2024;0,708333333;UWkhoY9JTS4IfVwo8INn;1 2 3 4 5 6 7;LE FIVE Bezons-ChIJ71Mv0Wpk5kcRg-H9x7L-dXo UrbanSoccer La Défense-ChIJh4rnfVhk5kcRV2Q-ZKdm8vA UrbanSoccer - Puteaux-ChIJM_sC0-Nk5kcRhL1y_EFIje8
01/03/2024;19:00 20:00 21:00;UYQHrDqVPokt2KLdbE8W;6;Massilia Five-ChIJxZ6UmMW-yRIR7ot5DChYj4w FOOT INDOOR Marseille-ChIJ41AMCxC8yRIRLHLGt11sc-U Game 13 foot indoor-ChIJNSDvlsXryRIRUXao9hwB79I
12/03/2024;0,833333333;UZd8irka9Pp4jfkRW2Lt;1 2 3 4 5 6 7;Le Mercato FOOT INDOOR-ChIJzRK7HJy_yRIRqEreyEiAfC0
29/02/2024;0,979166667;UddN8gSva7VlE8lKRQiq;7;Élite 5 Soccer-ChIJ5-jfdlZk5kcRYIaELgvikaM
29/02/2024;0,791666667;Ueu0h8dsqidGTCamdhGo;4;FOOT INDOOR Marseille-ChIJ41AMCxC8yRIRLHLGt11sc-U
04/03/2024;9:00 10:00 11:00 12:00 13:00 14:00 15:00 16:00 17:00 18:00 19:00 20:00 21:00 22:00 9:30 10:30 11:30 12:30 13:30 14:30 15:30 16:30 17:30 18:30 19:30 20:30 21:30 22:30 23:00 23:30;UfSXkK7zyQw025bXSQZ7;1 2 3 4 5 6 7;UrbanSoccer - Toulouse Sept Deniers-ChIJk5nUBdOkrhIRP-1aUJzo-lA UrbanSoccer - Toulouse Montaudran-ChIJl772e0u8rhIR2foRX4Xa2CI Play Soccer-ChIJQ-UxZn-5rhIRKWoQydM5T9s LE FIVE Colomiers-ChIJ8wxhgGexrhIRm698kMPQIRw Events Five-ChIJf8cSCJG5rhIRoQadPH-wW1U Classico Foot-ChIJFV442oCxrhIRgsZy5aIbkNs
07/02/2024;9:00 9:30 10:00;UhFpxvS7lLKbgUUgL3i2;6 7;LE FIVE Paris 17-ChIJ7eI8sFNv5kcR5xy52Wc57NU UrbanSoccer - Porte d'Aubervilliers-ChIJ0dXjDCZs5kcRvX0EpMwxsUY LE FIVE Villette-ChIJTUFnQjps5kcR0pHITLTw1PI LE FIVE Bobigny-ChIJV8UONORs5kcRXxR5Qd7x130
25/02/2024;0,833333333;UiKuqkqPcT3gAtgcWpsb;4;UrbanSoccer - Puteaux-ChIJM_sC0-Nk5kcRhL1y_EFIje8
28/02/2024;14:00 16:00 15:00 12:30 13:30 14:30 16:30 17:30 15:30 17:00 18:00 18:30 19:30 19:00 20:00 20:30 12:00 13:00 11:30 11:00;Uin2QS50GokMjV9ao1Fp;4;UrbanSoccer La Défense-ChIJh4rnfVhk5kcRV2Q-ZKdm8vA UrbanSoccer - Puteaux-ChIJM_sC0-Nk5kcRhL1y_EFIje8
26/02/2024;0,791666667;UjSkQBAYfwGWORBEUTAH;1 2 3 4 5 6 7;Foot en salle-ChIJ6X4FZ3AxjEcROBhwQdfepjY Terrain de Football-ChIJ7aW-FdUxjEcRiOuvHSMWo2s
09/03/2024;16:00 16:30 17:00 17:30 18:00 18:30 19:00 19:30;UoGwRVZdKkQaJNHgxMwd;6;LE FIVE Marville - La Courneuve-ChIJ2dHdMZxr5kcR0aKYHYsp0pY FOOT IN FIVE-ChIJoUR0syFp5kcRUlStnwluaYY UrbanSoccer - Porte d'Aubervilliers-ChIJ0dXjDCZs5kcRvX0EpMwxsUY LE FIVE Villette-ChIJTUFnQjps5kcR0pHITLTw1PI UrbanSoccer - Asnières-ChIJi5LkLT9v5kcRSlhScqEFNWs
16/02/2024;18:00 19:00 20:00 21:00 22:00 23:00;UoSEnDrJ54XHjRYVen3I;5 6 7;UrbanSoccer - Nantes St-Sébastien-ChIJAyKrntzoBUgRF09hrORC2nc UrbanSoccer Nantes - Carquefou-ChIJEWyPupv7BUgRBqnhym4EyLk City stade-ChIJT3AcFQnvBUgREPDsp-Gz5lc
25/02/2024;18:00 19:00 18:30 19:30 17:00 17:30;UqdwmON7WSXs8MRoJ30S;1 2 3 4 5 6 7;Player 5M Bessan-ChIJKcIlfy4-sRIRQpnxhc225GU Arena Foot Béziers-ChIJ33melwQPsRIRJ7UFX-Rd8FM
01/03/2024;10:00 16:00;Ut0oyshA3rFWCkk6DzRi;7 6 5;Terrain de Draveil-ChIJ8TYAB93f5UcRtDLTkIEHl88 Draveil Football Club-ChIJK77_Ipjf5UcREMg2o2Frxgs
21/02/2024;19:00 19:30 20:00 20:30 21:00 21:30 22:30 22:00 23:00 23:30 10:00 11:00 12:00 10:30 11:30 12:30;Ut2sh5ktRBvUEaVN5D1I;1 2 3 4 5 6 7;Speed Soccer Five-ChIJ2xTNglV25kcR3UDi4AXGfDU LE FIVE Morangis-ChIJA4uAhOXZ5UcRp-vZXZP-ovY LE FIVE Paris 13-ChIJ_bOSChhz5kcRZMTeq_6Gdzg LE FIVE Paris 18-ChIJPVT4_n1u5kcRzji6FdTBXXo LE FIVE Paris 17-ChIJ7eI8sFNv5kcR5xy52Wc57NU
03/03/2024;17:00 17:30 18:00 18:30 19:00 19:30 20:00 20:30 21:00 21:30 22:00 22:30 23:00 23:30;Uzj7BAQXaDDruRchAWiO;1 2 3 4 5 6 7;UrbanSoccer Evry-ChIJW0Ut1G7e5UcRt621n2fRQ5M B14 - Sports et Loisirs Indoor-ChIJaeLKMYXe5UcRHyWJ8X8FaPA LE PARK Servon-ChIJMU8gErUJ5kcRSnpvacKwFtM
04/03/2024;18:00 18:30 19:00 19:30 20:00 20:30;V0YIyQb0ZMTTIYP1vND5;1 2 3 4 5 6 7;LE FIVE Bobigny-ChIJV8UONORs5kcRXxR5Qd7x130 LE FIVE Marville - La Courneuve-ChIJ2dHdMZxr5kcR0aKYHYsp0pY LE FIVE Montreuil-ChIJJdTQjr0T5kcRZmGxtIJVy44
14/03/2024;9:00 9:30 10:00 10:30 11:00 11:30 12:30 14:30 13:00 12:00 13:30 15:30 15:00 14:00 16:30 16:00 17:30 17:00 18:30 18:00 19:30 19:00 23:00 23:30 22:00 22:30 21:00 21:30 20:00 20:30;V3NAVGXiwbsbVTprAZ9O;1 2 3 4 5 6 7;UrbanSoccer - Asnières-ChIJi5LkLT9v5kcRSlhScqEFNWs UrbanSoccer - Porte d'Aubervilliers-ChIJ0dXjDCZs5kcRvX0EpMwxsUY LE FIVE Paris 18-ChIJPVT4_n1u5kcRzji6FdTBXXo LE FIVE Paris 17-ChIJ7eI8sFNv5kcR5xy52Wc57NU LE FIVE Paris 13-ChIJ_bOSChhz5kcRZMTeq_6Gdzg LE FIVE Villette-ChIJTUFnQjps5kcR0pHITLTw1PI LE FIVE Bobigny-ChIJV8UONORs5kcRXxR5Qd7x130 UrbanSoccer La Défense-ChIJh4rnfVhk5kcRV2Q-ZKdm8vA FOOT IN FIVE-ChIJoUR0syFp5kcRUlStnwluaYY Stadium Thiais-ChIJ64X9jzx05kcRsHvSfOv6UcA UrbanSoccer Meudon-ChIJ0WKvjbh75kcRoqSmyWwW2jQ
09/03/2024;0,416666667;V8A5XkyTtWchoPLxgLY7;6 7 5;LE FIVE Carrières-sous-Poissy-ChIJ9T4fWfyL5kcRCBX-FyZLvEE LE FIVE Bezons-ChIJ71Mv0Wpk5kcRg-H9x7L-dXo UrbanSoccer La Défense-ChIJh4rnfVhk5kcRV2Q-ZKdm8vA UrbanSoccer - Puteaux-ChIJM_sC0-Nk5kcRhL1y_EFIje8 UrbanSoccer - Asnières-ChIJi5LkLT9v5kcRSlhScqEFNWs
19/03/2024;11:00 12:00 13:00 14:00 15:00 16:00 17:00 10:30 11:30 12:30 13:30 14:30 15:30 16:30 17:30;V946LoWIBh7bsIwJktuK;6 7;LE FIVE Paris 18-ChIJPVT4_n1u5kcRzji6FdTBXXo LE FIVE Paris 17-ChIJ7eI8sFNv5kcR5xy52Wc57NU UrbanSoccer - Porte d'Aubervilliers-ChIJ0dXjDCZs5kcRvX0EpMwxsUY
24/02/2024;21:00 21:30 20:30 20:00;V9IpVJsRNG16rJ6Z7CBQ;1;LE PARK Servon-ChIJMU8gErUJ5kcRSnpvacKwFtM UrbanSoccer - Marne-La-Vallée-ChIJ6bDBiosP5kcROXiloHzSdhc
12/02/2024;0,833333333;V9lY0CUdJhYznfckeuFk;1 5;LE FIVE OL-ChIJmz3whejH9EcR3j9ApNRukKE
05/03/2024;0,791666667;VBvD5Fprq0rO9ebbRLRX;1 2 3 4;UrbanSoccer La Défense-ChIJh4rnfVhk5kcRV2Q-ZKdm8vA LE FIVE Paris 13-ChIJ_bOSChhz5kcRZMTeq_6Gdzg UrbanSoccer - Puteaux-ChIJM_sC0-Nk5kcRhL1y_EFIje8
24/02/2024;9:00 23:30 22:30 23:00 21:30 22:00 20:30 21:00 19:30 20:00 18:30 19:00 17:30 18:00 16:30 17:00 15:30 16:00 14:30 15:00 14:00 13:30 13:00 12:30 12:00 11:00 11:30 10:30 10:00 9:30;VGxJvwUtGVOj5Vy2zJRR;7 6 5 4 3 2 1;Gymnase Rosalind Franklin-ChIJeUB7Xqlz5kcR_akj6eEkBmk
04/02/2024;11:00 12:00 13:00 14:00 15:00 16:00 11:30 12:30 13:30 14:30 15:30 16:30 20:00 21:00 20:30 21:30 19:00 19:30;VKECMBzx3CCjRcvTRjN0;6 7;Monclub Futbol-ChIJGbxxaamUyRIRgGvhHnhJStA
05/03/2024;18:00 23:30 23:00 17:30;VOF6ieCrHzg6bYV8Tb4U;1 2 3 4 5 6 7;LE FIVE Lens-Liévin-ChIJ291icE063UcR1gWGn8xhzpw UrbanSoccer - Lille Lezennes-ChIJR3ro5nTWwkcRfM_S3Be9HjI Stadium Lille Métropole-ChIJC_BEICbWwkcRRXZz26jKVks Stade Marcel Duhoo-ChIJ08hMu_rVwkcRAvxCekDbITE Lille Os Fives Football-ChIJ79wYpPrVwkcRqO32md8p99E Lille Football Faubourg de Bethune-ChIJgUO_inLVwkcR9OZ3Xp9c_v0 Spot FUTSAL-ChIJwdUawmfVwkcRaNLo_CmNii0 Stade Julien Da Rui-ChIJ2dIBTRcqw0cRB3kfknLADJA Terrain de foot-porte de douai-ChIJX-gNCU3VwkcRk7yeCzDaSUg UrbanSoccer - Lille Bondues-ChIJ58ZerMgrw0cR2Jyp7tZjBn4 +2FOOT-ChIJnclxvIrVwkcRPNWExdy9eSk Footsal-ChIJa7HS298pw0cRMoVDj0XqVdI Five Pizza Original - Lille-ChIJ3YYrfg3VwkcRYEdUI9qFKj4
27/02/2024;21:30 22:00;VQaCkt9xBscIfvBNTdCi;2;Cité des Sports-ChIJ70UPf6R75kcRGb3NAV9k7Ww
13/03/2024;9:00 9:30 10:00 10:30 11:00 11:30 12:00 12:30 13:00 13:30 14:00 14:30 15:30 15:00 16:30 16:00 17:30 17:00 18:30 19:30 18:00 20:30 19:00 20:00 21:30 22:30 22:00 21:00 23:30 23:00;VRsFHzTJ8Ak77lgC2qkR;1 2 3 4 5 6 7;Spot FUTSAL-ChIJwdUawmfVwkcRaNLo_CmNii0 UrbanSoccer - Lille Lezennes-ChIJR3ro5nTWwkcRfM_S3Be9HjI Footsal-ChIJa7HS298pw0cRMoVDj0XqVdI Footsal Cousinerie-ChIJXQyb1d8pw0cRLO_Ed5xHTIQ UrbanSoccer - Lille Bondues-ChIJ58ZerMgrw0cR2Jyp7tZjBn4 KIPSTADIUM-ChIJydcoT88ow0cRLnHvlF-Z_jE Arena Club-ChIJeWJWRjYvw0cRbnJR4ZXAKMA
17/03/2024;12:00 12:30;VS91g11tw74pRf1M4pAj;2 4;UrbanSoccer - Toulouse Montaudran-ChIJl772e0u8rhIR2foRX4Xa2CI
21/02/2024;19:00 19:30 20:00 20:30 21:00;VSF0d3zygCD3pcqKrgXJ;2 3 4 1 5;LE FIVE Bezons-ChIJ71Mv0Wpk5kcRg-H9x7L-dXo UrbanSoccer La Défense-ChIJh4rnfVhk5kcRV2Q-ZKdm8vA
04/03/2024;18:00 18:30 19:00 19:30 20:00 17:30;VTgJu2sffNvXFXnH0oZB;4 5 6 7;LE FIVE Bezons-ChIJ71Mv0Wpk5kcRg-H9x7L-dXo UrbanSoccer La Défense-ChIJh4rnfVhk5kcRV2Q-ZKdm8vA UrbanSoccer - Asnières-ChIJi5LkLT9v5kcRSlhScqEFNWs UrbanSoccer - Puteaux-ChIJM_sC0-Nk5kcRhL1y_EFIje8
15/03/2024;14:00 15:00 16:00 17:00 18:00 14:30 15:30 16:30 17:30 18:30 13:30 13:00;VTsP5sPbhSvFE80eoa9u;6 7;LE FIVE Paris 13-ChIJ_bOSChhz5kcRZMTeq_6Gdzg LE FIVE Paris 18-ChIJPVT4_n1u5kcRzji6FdTBXXo LE FIVE Paris 17-ChIJ7eI8sFNv5kcR5xy52Wc57NU UrbanSoccer La Défense-ChIJh4rnfVhk5kcRV2Q-ZKdm8vA LE FIVE Créteil-ChIJ88lx3VwL5kcRVxCh4lD6_Gk
02/02/2024;11:00 12:00 13:00 14:00 15:00 16:00 17:00 18:00 19:00 20:00 21:00 22:00 23:00 11:30 12:30 13:30 10:00 10:30 14:30 15:30 16:30 17:30 18:30 19:30 20:30 21:30 22:30 23:30;VZBqxgZCLnVBQ35RdQlm;6;LE FIVE Paris 17-ChIJ7eI8sFNv5kcR5xy52Wc57NU LE FIVE Paris 18-ChIJPVT4_n1u5kcRzji6FdTBXXo UrbanSoccer - Porte d'Aubervilliers-ChIJ0dXjDCZs5kcRvX0EpMwxsUY UrbanSoccer - Asnières-ChIJi5LkLT9v5kcRSlhScqEFNWs
21/02/2024;12:00 12:30 13:00 13:30;VbLbMGqVtupdxbsAu1O5;1 2 3 4 5;UrbanSoccer - Strasbourg-ChIJbeF8CznIlkcRkTmqhGiUECc Football Club Strasbourg Loisirs- Foot Loisirs et Futsal Strasbourg-ChIJk95b0tDJlkcRmDnJKPTRVoc S.U.C. Football-ChIJefK9WVzIlkcRQrRbdlHbP7M Terrain de football synthétique-ChIJGeEX4HDJlkcR9M2VnL5a1GA KG5 - Foot en salle - Strasbourg / Mundolsheim-ChIJRSG64gm4lkcRPQTZbn3M85Q Stade Vauban-ChIJJX7ju-HIlkcRYh53P3Lvhzc Strasbourg football ground-ChIJ1y0XeKG3lkcR0atsX-nwuyk SUC Football gaélique - Strasbourg Gaels-ChIJBaDt5mHJlkcRSVIpoGk6RFw Stade de la Meinau Strasbourg-ChIJ3TKLvwrJlkcRlRbGO0_Ywws
01/03/2024;0,375;VbcUpkx8ThqA8FVuoH7W;1 2 3 4 5 6 7;LE FIVE Paris 18-ChIJPVT4_n1u5kcRzji6FdTBXXo LE FIVE Paris 17-ChIJ7eI8sFNv5kcR5xy52Wc57NU UrbanSoccer - Porte d'Aubervilliers-ChIJ0dXjDCZs5kcRvX0EpMwxsUY UrbanSoccer - Puteaux-ChIJM_sC0-Nk5kcRhL1y_EFIje8 UrbanSoccer La Défense-ChIJh4rnfVhk5kcRV2Q-ZKdm8vA
19/03/2024;18:00 19:00 18:30 19:30 20:30 20:00 21:00;ViSG6E0qZyMf1ZpqbMMI;4 5 6;LE FIVE Carrières-sous-Poissy-ChIJ9T4fWfyL5kcRCBX-FyZLvEE Firefoot-ChIJ0zSROfj15kcR4l0wrCcYPMk GOPARK Pontoise-ChIJ2cJmdhf15kcRQ4mUOxIVzd0 Foot POWER 5-ChIJuTCIFshm5kcRBtEQJ76dAzc Foot-Max Argenteuil-ChIJi9oIzaRm5kcRJYcK7QsdRMU LE FIVE Bezons-ChIJ71Mv0Wpk5kcRg-H9x7L-dXo UrbanSoccer La Défense-ChIJh4rnfVhk5kcRV2Q-ZKdm8vA UrbanSoccer - Puteaux-ChIJM_sC0-Nk5kcRhL1y_EFIje8 UrbanSoccer Guyancourt-ChIJmdX-2c-A5kcRj1wtOS8rZmo
18/03/2024;17:00 18:00 19:00;VmXkPQIhMDI8j6YMv2Rs;4 5 6;BIG5-ChIJsb_7TJFp5kcRSPL5VqZulr4 FOOT IN FIVE-ChIJoUR0syFp5kcRUlStnwluaYY LE FIVE Sarcelles-ChIJ6_q3Fxhq5kcRCpoEwnoXX1Q
18/03/2024;9:00 9:30 10:00 10:30 11:00 11:30 12:00 12:30 13:00 13:30 14:00 14:30 15:30 15:00 16:30 16:00 17:00 17:30 18:00 18:30 19:00 19:30 20:30 20:00 21:00 21:30 22:00 22:30 23:00 23:30;Vmcd0wwUfwyZWTOKwhTs;1 2 3 4 5 6;UrbanSoccer - Asnières-ChIJi5LkLT9v5kcRSlhScqEFNWs FOOT IN FIVE-ChIJoUR0syFp5kcRUlStnwluaYY UrbanSoccer La Défense-ChIJh4rnfVhk5kcRV2Q-ZKdm8vA LE FIVE Bezons-ChIJ71Mv0Wpk5kcRg-H9x7L-dXo UrbanSoccer - Porte d'Aubervilliers-ChIJ0dXjDCZs5kcRvX0EpMwxsUY UrbanSoccer - Puteaux-ChIJM_sC0-Nk5kcRhL1y_EFIje8 Foot-Max Argenteuil-ChIJi9oIzaRm5kcRJYcK7QsdRMU LE FIVE Marville - La Courneuve-ChIJ2dHdMZxr5kcR0aKYHYsp0pY LE FIVE Villette-ChIJTUFnQjps5kcR0pHITLTw1PI Foot POWER 5-ChIJuTCIFshm5kcRBtEQJ76dAzc
03/02/2024;16:00 17:00 17:30 16:30 19:00 19:30 20:00 20:30;Vn1wUua9NeM1DbXLTbI4;6 7;LE FIVE Créteil-ChIJ88lx3VwL5kcRVxCh4lD6_Gk LE FIVE Champigny-ChIJsXi1PLYN5kcRTVVDuczgS2s Stadium Thiais-ChIJ64X9jzx05kcRsHvSfOv6UcA
06/03/2024;0,708333333;VrFEP3Vj1ivzbb5xxWTU;3;LE FIVE Paris 18-ChIJPVT4_n1u5kcRzji6FdTBXXo
09/03/2024;19:00 20:00 21:00 22:00 23:00 18:00;Vsu1Gyk3GdSFb2ZVsJR5;1;Arena Club-ChIJeWJWRjYvw0cRbnJR4ZXAKMA KIPSTADIUM-ChIJydcoT88ow0cRLnHvlF-Z_jE UrbanSoccer - Lille Bondues-ChIJ58ZerMgrw0cR2Jyp7tZjBn4 Footsal Cousinerie-ChIJXQyb1d8pw0cRLO_Ed5xHTIQ Footsal-ChIJa7HS298pw0cRMoVDj0XqVdI UrbanSoccer - Lille Lezennes-ChIJR3ro5nTWwkcRfM_S3Be9HjI Spot FUTSAL-ChIJwdUawmfVwkcRaNLo_CmNii0
22/02/2024;21:30 23:30;VsxnK6zOPsEnN86uGmzO;4;LE FIVE Villette-ChIJTUFnQjps5kcR0pHITLTw1PI UrbanSoccer - Porte d'Aubervilliers-ChIJ0dXjDCZs5kcRvX0EpMwxsUY LE FIVE Bobigny-ChIJV8UONORs5kcRXxR5Qd7x130 LE FIVE Marville - La Courneuve-ChIJ2dHdMZxr5kcR0aKYHYsp0pY
11/03/2024;19:30 20:00 20:30 21:00;Vt1nyc7jXj6l0XNIppHW;1;LE FIVE Morangis-ChIJA4uAhOXZ5UcRp-vZXZP-ovY Speed Soccer Five-ChIJ2xTNglV25kcR3UDi4AXGfDU
17/03/2024;9:00 9:30 10:00 10:30 11:00 11:30 12:00 12:30 13:00 13:30 14:00 14:30 15:00 15:30 16:00 16:30 17:00 17:30 18:00 18:30 19:00 19:30 20:00 20:30 21:00 21:30 22:00 22:30 23:00 23:30;VtElAHNS22IjQjrYtAk9;1 2 3 4 5 6 7;LE FIVE Morangis-ChIJA4uAhOXZ5UcRp-vZXZP-ovY Speed Soccer Five-ChIJ2xTNglV25kcR3UDi4AXGfDU Stadium Thiais-ChIJ64X9jzx05kcRsHvSfOv6UcA UrbanSoccer Orsay-ChIJpZIJg7J45kcRrKWKhtbfnEQ VERSUSFOOT Thiais-ChIJn2R2NT905kcRjqB29qldBxk Power Five-ChIJ6ULNmyh15kcRV9cjbnBjGr8 LE FIVE CHILLY-ChIJBdSk69p35kcR2gcFLgHSSQg
23/02/2024;18:00 19:00 20:00 21:00 22:00 17:30 18:30 19:30 20:30 21:30;VvSMOvErLl7QgAb8ukw1;1 2 3 4 5;L'Arène Chartres-ChIJRaMGi5gN5EcR_sqZitCqLPY Stade James Delarue-ChIJf9pEnr4N5EcRjteodd0HLz0 Stade Jacques-Couvret-ChIJG5Gh5CQM5EcRK_ECef7OzRI Foot Locker-ChIJIxGRBEYM5EcRhZyPUOi1030 Stades Municipaux Bas Bourgs-ChIJLWIQwVIM5EcR9ZcPmg7O5oQ CS Mainvilliers Football-ChIJGaXmHxMN5EcR2TST67mD3Rg Stade et Gymnase Bernard Maroquin-ChIJMZFjh_YL5EcRjLnj5pylxjI Complexe sportif de la Madeleine-ChIJSZ2tjZQN5EcRpDsAZDSCcYA Ombeline Goubier-Boone-ChIJdbYnZjIN5EcR27FSFmIxE3Y KEEPCOOL CHARTRES-ChIJMW0oa0QM5EcRZD7E9ONx6Hs Direction de l'Archéologie-ChIJK2A120cM5EcR9JP_e1PFUYM Association Sportive de Rechèvres-ChIJYft2nEEN5EcRwLKkOMmAMtM Courir-ChIJxRP8BEYM5EcRHZH-ji8JFNQ Ab'Solu Soccer-ChIJ5ZZln5cN5EcRhp1Y_WbBqyQ
20/03/2024;19:00 19:30 20:30 20:00 21:00 21:30 22:00;VvWe7BrWkBHaAiniXNKw;1 2 3 4;LE FIVE Paris 13-ChIJ_bOSChhz5kcRZMTeq_6Gdzg UrbanSoccer - Quai d'Ivry-ChIJfXxYJ0xy5kcRw9xTkF6-FZQ LE FIVE Créteil-ChIJ88lx3VwL5kcRVxCh4lD6_Gk LE FIVE Montreuil-ChIJJdTQjr0T5kcRZmGxtIJVy44
01/03/2024;9:00 9:30 10:00 10:30 12:30 11:00 11:30 12:00 13:00 13:30 14:00 14:30 15:30 15:00 16:00 16:30 17:00 17:30 18:30 18:00 19:00 19:30 20:00;Vw0CNRJTiVNJsq7G2kdi;6 7;LE FIVE Paris 13-ChIJ_bOSChhz5kcRZMTeq_6Gdzg Stadium Thiais-ChIJ64X9jzx05kcRsHvSfOv6UcA UrbanSoccer - Quai d'Ivry-ChIJfXxYJ0xy5kcRw9xTkF6-FZQ VERSUSFOOT Thiais-ChIJn2R2NT905kcRjqB29qldBxk Speed Soccer Five-ChIJ2xTNglV25kcR3UDi4AXGfDU UrbanSoccer Meudon-ChIJ0WKvjbh75kcRoqSmyWwW2jQ Power Five-ChIJ6ULNmyh15kcRV9cjbnBjGr8 LE FIVE Créteil-ChIJ88lx3VwL5kcRVxCh4lD6_Gk LE FIVE Morangis-ChIJA4uAhOXZ5UcRp-vZXZP-ovY LE FIVE Paris 17-ChIJ7eI8sFNv5kcR5xy52Wc57NU LE FIVE Paris 18-ChIJPVT4_n1u5kcRzji6FdTBXXo LE FIVE Montreuil-ChIJJdTQjr0T5kcRZmGxtIJVy44 UrbanSoccer - Puteaux-ChIJM_sC0-Nk5kcRhL1y_EFIje8 UrbanSoccer - Porte d'Aubervilliers-ChIJ0dXjDCZs5kcRvX0EpMwxsUY LE FIVE Villette-ChIJTUFnQjps5kcR0pHITLTw1PI LE FIVE Bobigny-ChIJV8UONORs5kcRXxR5Qd7x130 UrbanSoccer La Défense-ChIJh4rnfVhk5kcRV2Q-ZKdm8vA LE FIVE Champigny-ChIJsXi1PLYN5kcRTVVDuczgS2s UrbanSoccer - Asnières-ChIJi5LkLT9v5kcRSlhScqEFNWs UrbanSoccer Orsay-ChIJpZIJg7J45kcRrKWKhtbfnEQ
07/03/2024;20:00 19:30 19:00 18:30 18:00 17:30 17:00 16:00 16:30 9:00 9:30 10:00 10:30 11:00 11:30 12:00 12:30 13:00 14:00 15:30 15:00 14:30 13:30 20:30;VwCvt7zvjFPrWHd2Io3H;1 2 3 4 5 6 7;LE FIVE Paris 18-ChIJPVT4_n1u5kcRzji6FdTBXXo
14/03/2024;9:00 9:30 10:30 11:00 10:00 11:30 12:00 12:30 13:00 13:30 14:00 14:30 15:00 15:30 16:00 16:30 17:00 17:30 18:30 18:00 19:00 19:30 20:30 20:00 21:00 21:30 22:30 22:00 23:00 23:30;VxBCZmh21O2tENcJdCDk;1 2 3 4 5 6 7;LE FIVE Bobigny-ChIJV8UONORs5kcRXxR5Qd7x130 LE FIVE Villette-ChIJTUFnQjps5kcR0pHITLTw1PI UrbanSoccer - Porte d'Aubervilliers-ChIJ0dXjDCZs5kcRvX0EpMwxsUY LE FIVE Paris 18-ChIJPVT4_n1u5kcRzji6FdTBXXo UrbanSoccer - Quai d'Ivry-ChIJfXxYJ0xy5kcRw9xTkF6-FZQ LE FIVE Paris 13-ChIJ_bOSChhz5kcRZMTeq_6Gdzg LE PARK Noisy-ChIJdUHbID8O5kcRV5lQhiHTvhs
15/02/2024;9:00 9:30 10:00 10:30 11:00 11:30 12:00 12:30;VxpIFzQlZ7fjPxFc6q3G;6;LE FIVE Paris 13-ChIJ_bOSChhz5kcRZMTeq_6Gdzg LE FIVE Paris 18-ChIJPVT4_n1u5kcRzji6FdTBXXo UrbanSoccer - Quai d'Ivry-ChIJfXxYJ0xy5kcRw9xTkF6-FZQ LE FIVE Paris 17-ChIJ7eI8sFNv5kcR5xy52Wc57NU UrbanSoccer - Porte d'Aubervilliers-ChIJ0dXjDCZs5kcRvX0EpMwxsUY LE FIVE Villette-ChIJTUFnQjps5kcR0pHITLTw1PI LE FIVE Bobigny-ChIJV8UONORs5kcRXxR5Qd7x130 UrbanSoccer - Asnières-ChIJi5LkLT9v5kcRSlhScqEFNWs LE FIVE Marville - La Courneuve-ChIJ2dHdMZxr5kcR0aKYHYsp0pY LE FIVE Montreuil-ChIJJdTQjr0T5kcRZmGxtIJVy44 UrbanSoccer - Puteaux-ChIJM_sC0-Nk5kcRhL1y_EFIje8 Élite 5 Soccer-ChIJ5-jfdlZk5kcRYIaELgvikaM Stadium Thiais-ChIJ64X9jzx05kcRsHvSfOv6UcA FOOT IN FIVE-ChIJoUR0syFp5kcRUlStnwluaYY UrbanSoccer La Défense-ChIJh4rnfVhk5kcRV2Q-ZKdm8vA UrbanSoccer Meudon-ChIJ0WKvjbh75kcRoqSmyWwW2jQ LE FIVE Bezons-ChIJ71Mv0Wpk5kcRg-H9x7L-dXo LE FIVE Champigny-ChIJsXi1PLYN5kcRTVVDuczgS2s LE FIVE Créteil-ChIJ88lx3VwL5kcRVxCh4lD6_Gk Speed Soccer Five-ChIJ2xTNglV25kcR3UDi4AXGfDU
17/02/2024;9:00 9:30 10:30 10:00 11:30 11:00 12:00 12:30 13:30 13:00 14:00 14:30 15:30 15:00 16:00 16:30 17:00 17:30 18:30 18:00 19:00 19:30 20:30 20:00 21:00 21:30 22:30 22:00 23:00 23:30;VzN57pCMNw2oMZvK1d1T;1 2 3 4 5 6 7;UrbanSoccer - Lille Lezennes-ChIJR3ro5nTWwkcRfM_S3Be9HjI UrbanSoccer - Lille Bondues-ChIJ58ZerMgrw0cR2Jyp7tZjBn4 Stadium Lille Métropole-ChIJC_BEICbWwkcRRXZz26jKVks Stade de football-ChIJzQbm3Asr3UcRWdpWfCTvLl0 Terrain de foot-ChIJse9IrGlI3UcRQd6LlIHbHCQ Stade de football-ChIJg0Eh7CtL3UcRQM0rkd2QgUg Stade De Foot-ChIJHRnqim803UcRu81FBC09puQ Terrain de football public-ChIJBT5bAQPNwkcRFiY9I1hyIwI Terrain de football public-ChIJpQhdR4wx3UcRKQk27BukyLE Stade De Football-ChIJswoA5H1I3UcRJEA48MDdgIQ terrain de foot-ChIJubhKRvDAwkcRQqKg4xwRZOE Stade universitaire - UPHF-ChIJD9D_t3XtwkcROMDrDBS9RnQ Stade de Football-ChIJs9dHMtw33UcRPxrV7TXkJBM
15/03/2024;17:30 18:30 19:30 20:30 21:30 22:30;W0vi80KKxlm5Iu17JTFS;6 7;LE PARK Noisy-ChIJdUHbID8O5kcRV5lQhiHTvhs UrbanSoccer - Marne-La-Vallée-ChIJ6bDBiosP5kcROXiloHzSdhc
18/03/2024;21:00 21:30 22:00 22:30 23:00 23:30;W1voHWakR0tkHinsuMPq;7 6 5 4 3;LE FIVE Paris 13-ChIJ_bOSChhz5kcRZMTeq_6Gdzg
05/02/2024;15:00 16:00 9:00 9:30 10:00 10:30 12:00 11:30 12:30 11:00 13:30 13:00 14:30 14:00 15:30 16:30 17:30 17:00 18:30 18:00 19:30 19:00 20:30 20:00 21:30 21:00 22:30 22:00 23:30 23:00;W30Mt34zRTeHanimkMyO;6 7;UrbanSoccer - Puteaux-ChIJM_sC0-Nk5kcRhL1y_EFIje8 UrbanSoccer Meudon-ChIJ0WKvjbh75kcRoqSmyWwW2jQ
09/03/2024;0,416666667;W4OBPRWkQbQOs30Ki9Je;6 7;LE FIVE Paris 17-ChIJ7eI8sFNv5kcR5xy52Wc57NU
27/02/2024;9:00 9:30 10:00 10:30 11:00 11:30 12:00 12:30 13:00 13:30 14:00 14:30 15:00 15:30 16:00 16:30 17:00 17:30 18:00 18:30 19:00;WEaAw3K1eX7oOekk3sSy;6 7;Footbox-ChIJY-WkusIR5kcR-tEad3UtaSQ OHSPORT-ChIJHeG9fA4X5kcRbGNzVY5Ud5I
07/03/2024;17:00 18:00 19:00 20:00 21:00 22:00 15:00;WGDv4DyPaADiibHfMvqa;5 6 4;Stadium Thiais-ChIJ64X9jzx05kcRsHvSfOv6UcA
04/03/2024;0,833333333;WGoNDTExkQ1unBWXtTWk;4;LE PARK Noisy-ChIJdUHbID8O5kcRV5lQhiHTvhs
17/03/2024;20:00 21:00 22:00 23:00 20:30 21:30 22:30 23:30 19:30;WHRydRTkZWY3H0CTZJxy;5 6;LE FIVE Carrières-sous-Poissy-ChIJ9T4fWfyL5kcRCBX-FyZLvEE Firefoot-ChIJ0zSROfj15kcR4l0wrCcYPMk
02/02/2024;9:00 10:00 9:30 10:30 11:00 12:00 13:00 14:00 16:00 15:00 11:30 12:30 13:30 15:30 14:30 16:30 17:30 17:00 18:30 18:00 19:30 19:00 20:30 20:00 21:30 22:30 22:00 21:00 23:30 23:00;WKWUzQChz3MN0vFuRyNG;1 2 3 4 5 6 7;Terrain de foot five-ChIJVccaQ7rr9EcR8Ub44Do2SbQ UrbanSoccer - Lyon Parilly-ChIJx3FQWjLC9EcRrrQb2eV7i_4 Jorkyball Club Lyon foot 2 contre 2-ChIJiV0p1RTq9EcRMO6ggtkqFPQ ALF Futsal-ChIJC-3Y4-zr9EcRfICYoripvxQ Bubble Foot Lyon-ChIJ1bKvSv3D9EcRM2JRwwr4974 LE FIVE OL-ChIJmz3whejH9EcR3j9ApNRukKE F5 Foot Five-ChIJjUbM5G7A9EcRW3mlkrhyXxY Stade Sonny anderson-ChIJhwWrIsjr9EcRXzfmLKL7YT4 Matmut Stadium-ChIJi0P7QIfp9EcRKVpdxZRYyWI Stade Marc-Vivien Foé-ChIJh5TQVtrB9EcRN5kZmEU5QgM Groupama Stadium-ChIJpe_WHiLH9EcRwtLfRNh9iS8 Five Pizza Original - Lyon-ChIJZaMrXrDr9EcRicCSuaK-3kc Stade Xavier Guillemet-ChIJ0dGO07zq9EcR2advRM7wDTM We Are Sports-ChIJFZU5oBHC9EcRJTFrSkI1xxg Foot.FR Lyon-ChIJLc2UbAXr9EcRu0VShz67thU City Stade-ChIJYQxyCtDB9EcRXYqfcynnEnI Football Club de Gerland-ChIJh08LwjHq9EcRi8fzu5Z3cBQ UrbanSoccer - Lyon Barolles-ChIJN4l-IC3v9EcRf9QJKIVC_aY Stade Vuillermet-ChIJww1_c_bB9EcRTeKjACScPm0 Stade Edgar Quinet-ChIJm6CB2vXq9EcRW37uosD7CIM
18/03/2024;17:00 17:30 18:00 18:30 19:00 19:30 20:00 20:30 21:00;WL5IdywdCqE2MDl5j5V4;3 4 5;LE FIVE Paris 17-ChIJ7eI8sFNv5kcR5xy52Wc57NU UrbanSoccer - Quai d'Ivry-ChIJfXxYJ0xy5kcRw9xTkF6-FZQ
28/02/2024;0,625;WNf3pddNoCP7p2KoqE5f;7;LE FIVE Paris 17-ChIJ7eI8sFNv5kcR5xy52Wc57NU
24/02/2024;9:00 9:30 10:00 10:30 11:00 11:30 12:00 12:30 13:00;WPkiZdAcEFGMJvavv3gJ;7;LE FIVE Paris 17-ChIJ7eI8sFNv5kcR5xy52Wc57NU LE FIVE Villette-ChIJTUFnQjps5kcR0pHITLTw1PI LE FIVE Marville - La Courneuve-ChIJ2dHdMZxr5kcR0aKYHYsp0pY UrbanSoccer La Défense-ChIJh4rnfVhk5kcRV2Q-ZKdm8vA UrbanSoccer - Puteaux-ChIJM_sC0-Nk5kcRhL1y_EFIje8
24/02/2024;15:00 16:00 17:00 18:00;WPr2DHW7B2XfgWevtifZ;6 7;LE FIVE Villette-ChIJTUFnQjps5kcR0pHITLTw1PI UrbanSoccer - Porte d'Aubervilliers-ChIJ0dXjDCZs5kcRvX0EpMwxsUY LE FIVE Marville - La Courneuve-ChIJ2dHdMZxr5kcR0aKYHYsp0pY
17/03/2024;20:00 20:30 21:00 21:30 22:00 22:30 19:30;WQnJK30HWvkVgHI6143p;7 6 5 4 3 2 1;LE FIVE Montreuil-ChIJJdTQjr0T5kcRZmGxtIJVy44 LE FIVE Paris 13-ChIJ_bOSChhz5kcRZMTeq_6Gdzg LE FIVE Champigny-ChIJsXi1PLYN5kcRTVVDuczgS2s LE FIVE Créteil-ChIJ88lx3VwL5kcRVxCh4lD6_Gk C S Meaux Academy Football-ChIJ9x-_lUGh6EcRBaxFufu2s3Y CS MEAUX ACADEMY FOOTBALL CLUB-ChIJTTtzEGqh6EcR5vBN53JqNCk FOOT 4 ALL-ChIJg7UjQYah6EcRB8LwD4Z6BuM FIVE ARENA-ChIJ02bKSuih6EcRb796CXVbkVs
20/02/2024;20:00 20:30 21:00 21:30 22:00 22:30 19:30;WRoFtoc1AIn4a4UIp9Ll;3 4 5 6 7;LE FIVE Paris 18-ChIJPVT4_n1u5kcRzji6FdTBXXo
26/02/2024;19:00 19:30 20:00 20:30 21:00;WSrtipgeWKzb7eNWAaxN;1 2 3 4 5;UrbanSoccer La Défense-ChIJh4rnfVhk5kcRV2Q-ZKdm8vA UrbanSoccer - Asnières-ChIJi5LkLT9v5kcRSlhScqEFNWs UrbanSoccer - Porte d'Aubervilliers-ChIJ0dXjDCZs5kcRvX0EpMwxsUY
28/02/2024;18:30 19:00 19:30;WWpF5VpA5K79Zgfr9ybU;3 4;Cité des Sports-ChIJ70UPf6R75kcRGb3NAV9k7Ww
23/02/2024;10:00 11:00 12:00 13:00;WaMLWoOKdtzxcIDFZ9MT;6 7;UrbanSoccer - Lille Lezennes-ChIJR3ro5nTWwkcRfM_S3Be9HjI
21/02/2024;19:30 20:00 20:30 21:00 21:30 22:00;WfS7INAuotzJLxnjs53z;3 4 5 6 7 2 1;LE FIVE Paris 13-ChIJ_bOSChhz5kcRZMTeq_6Gdzg LE FIVE Paris 18-ChIJPVT4_n1u5kcRzji6FdTBXXo LE FIVE Paris 17-ChIJ7eI8sFNv5kcR5xy52Wc57NU UrbanSoccer - Asnières-ChIJi5LkLT9v5kcRSlhScqEFNWs UrbanSoccer - Porte d'Aubervilliers-ChIJ0dXjDCZs5kcRvX0EpMwxsUY LE FIVE Créteil-ChIJ88lx3VwL5kcRVxCh4lD6_Gk
02/03/2024;9:00 9:30 10:00 10:30 11:00 11:30 12:00 13:00 13:30 12:30 14:30 14:00 15:30 15:00 16:30 16:00 17:30 17:00 18:30 18:00 19:30 19:00 20:00 20:30 21:00 21:30 22:00 22:30 23:00 23:30;WhAAMKK9CkabeycfcnGi;1 2 3 4 5 6 7;Kaiser Park-ChIJsRLZzKFg5kcRBCfNws9nssw Le Street Foot en Salle-ChIJt_AXL6Jg5kcRu6rBmnrmeUM FOOTMAX Saint-Maximin-ChIJJazitpdJ5kcRIN9wK_jwKUY GOPARK Pontoise-ChIJ2cJmdhf15kcRQ4mUOxIVzd0 Firefoot-ChIJ0zSROfj15kcR4l0wrCcYPMk BIG5-ChIJsb_7TJFp5kcRSPL5VqZulr4 LE FIVE Sarcelles-ChIJ6_q3Fxhq5kcRCpoEwnoXX1Q
25/02/2024;18:00 18:30 19:00 19:30 20:00 20:30 21:00 21:30 22:30 23:30 23:00 22:00;WjK8hFbHuomMseDszlhf;7 6 5;LE FIVE Paris 18-ChIJPVT4_n1u5kcRzji6FdTBXXo UrbanSoccer - Asnières-ChIJi5LkLT9v5kcRSlhScqEFNWs LE FIVE Bobigny-ChIJV8UONORs5kcRXxR5Qd7x130 UrbanSoccer - Porte d'Aubervilliers-ChIJ0dXjDCZs5kcRvX0EpMwxsUY
25/02/2024;0,645833333;Wk8QwJGWgRiqBFvTgksO;7;BIG5-ChIJsb_7TJFp5kcRSPL5VqZulr4
12/03/2024;18:30 19:00;Wnjsic4bZDYaQC0ERqGm;4 2;LE FIVE Paris 13-ChIJ_bOSChhz5kcRZMTeq_6Gdzg LE FIVE Paris 17-ChIJ7eI8sFNv5kcR5xy52Wc57NU LE FIVE Paris 18-ChIJPVT4_n1u5kcRzji6FdTBXXo
02/03/2024;12:00 12:30 13:00;Wnnu4zD7ZrHNF521qm5O;1 2 3 4 5;UrbanSoccer - Porte d'Aubervilliers-ChIJ0dXjDCZs5kcRvX0EpMwxsUY UrbanSoccer - Asnières-ChIJi5LkLT9v5kcRSlhScqEFNWs UrbanSoccer - Puteaux-ChIJM_sC0-Nk5kcRhL1y_EFIje8
20/03/2024;17:00 18:00 19:00 20:00 21:00 17:30 18:30 19:30 20:30 21:30 11:00 11:30 12:00 12:30 10:00 10:30 9:30 16:00 16:30;Wrtjgg0PQV9Fz3d4DrSg;1 2 3 4 5 6 7;LE FIVE Paris 13-ChIJ_bOSChhz5kcRZMTeq_6Gdzg LE FIVE Paris 18-ChIJPVT4_n1u5kcRzji6FdTBXXo LE FIVE Paris 17-ChIJ7eI8sFNv5kcR5xy52Wc57NU UrbanSoccer - Quai d'Ivry-ChIJfXxYJ0xy5kcRw9xTkF6-FZQ UrbanSoccer La Défense-ChIJh4rnfVhk5kcRV2Q-ZKdm8vA Colombes Stadium-ChIJlydSodxl5kcRBsdrLmtHOic Terrain de football Synthétique n°1-ChIJqfdoIdFl5kcRqwddHG1PcBc Etoile Sportive Colombienne-ChIJLSWJGTRk5kcRmGZfmBO5jkA Terrain n°4-ChIJmRGyAYNl5kcRK-d00eYIkIs
03/03/2024;0,8125;WskFkc2E3Pfr9hcn8TS4;7 6 5 4 3 2 1;Stadium Thiais-ChIJ64X9jzx05kcRsHvSfOv6UcA
12/02/2024;9:00 9:30 10:00 10:30 11:00 11:30 12:00 12:30 13:00 13:30 14:00 14:30 16:00 16:30 15:00 15:30 17:00 19:30 18:00 17:30 18:30 19:00 22:30 20:00 21:30 22:00 20:30 21:00 23:00 23:30;WuljwKqzmRiNRGBtM6JS;1 2 3 4 5 6 7;Garden Soccer-ChIJB1Epk28EyRIRXiphlsMqnOU Six Fours Le Brusc Football Club-ChIJS8KI5_kDyRIRz_gYAl6hrVg Stade Borely-ChIJqQSm6wYDyRIRlymf4RWlK5c Les Amis Du Foot-ChIJDfIJ0m4EyRIRvIOIDh9I3oM
19/03/2024;22:00 22:30 23:00 23:30;WvfrD7cemsOS7nmmB1ef;2;LE FIVE Paris 13-ChIJ_bOSChhz5kcRZMTeq_6Gdzg UrbanSoccer La Défense-ChIJh4rnfVhk5kcRV2Q-ZKdm8vA UrbanSoccer - Puteaux-ChIJM_sC0-Nk5kcRhL1y_EFIje8 UrbanSoccer Meudon-ChIJ0WKvjbh75kcRoqSmyWwW2jQ LE FIVE Paris 17-ChIJ7eI8sFNv5kcR5xy52Wc57NU LE FIVE Paris 18-ChIJPVT4_n1u5kcRzji6FdTBXXo UrbanSoccer - Asnières-ChIJi5LkLT9v5kcRSlhScqEFNWs
02/03/2024;9:00 9:30 10:00 10:30 11:00 11:30 12:00 13:00 13:30 12:30 14:30 14:00 15:30 15:00 16:30 16:00 17:30 17:00 18:30 18:00 19:30 19:00 20:00 20:30 21:00 21:30 22:00 22:30 23:00 23:30;WyAJqkPwJFIIQoWlv4pq;1 2 3 4 5 6 7;Kaiser Park-ChIJsRLZzKFg5kcRBCfNws9nssw Le Street Foot en Salle-ChIJt_AXL6Jg5kcRu6rBmnrmeUM FOOTMAX Saint-Maximin-ChIJJazitpdJ5kcRIN9wK_jwKUY GOPARK Pontoise-ChIJ2cJmdhf15kcRQ4mUOxIVzd0 Firefoot-ChIJ0zSROfj15kcR4l0wrCcYPMk BIG5-ChIJsb_7TJFp5kcRSPL5VqZulr4 LE FIVE Sarcelles-ChIJ6_q3Fxhq5kcRCpoEwnoXX1Q
13/03/2024;19:00 19:30 20:00 20:30 21:00 21:30 22:00 22:30 23:00 23:30;X1uxxhZJ3mmfmZuUzrMA;4 3 5 2;Stadium Thiais-ChIJ64X9jzx05kcRsHvSfOv6UcA VERSUSFOOT Thiais-ChIJn2R2NT905kcRjqB29qldBxk LE PARK Servon-ChIJMU8gErUJ5kcRSnpvacKwFtM LE FIVE Bobigny-ChIJV8UONORs5kcRXxR5Qd7x130 LE FIVE Créteil-ChIJ88lx3VwL5kcRVxCh4lD6_Gk
17/03/2024;15:00 16:00 17:00;X2GJcQx10cQbY9DPnqiX;7 1 2 3 4 5 6;Le 13 - Foot en salle - Marseille-ChIJR62kUm_ByRIRDnGQqGCeUVQ
10/03/2024;9:00 9:30 10:00 21:00;X57UtHdYC1Kw5CNDOW70;5 6 7;LE FIVE Bezons-ChIJ71Mv0Wpk5kcRg-H9x7L-dXo UrbanSoccer - Asnières-ChIJi5LkLT9v5kcRSlhScqEFNWs Foot-Max Argenteuil-ChIJi9oIzaRm5kcRJYcK7QsdRMU
02/02/2024;18:00 18:30 19:00 19:30 20:00 20:30 21:00 9:00 9:30 10:00 10:30 11:00 11:30 12:00 12:30 13:00 13:30 14:00 14:30 15:00 15:30 16:00 16:30 17:00 17:30 21:30 22:30 23:30 23:00 22:00;X6ksZBzKcLPMUOxK2HqB;1 2 3 4 5 6 7;UrbanSoccer - Puteaux-ChIJM_sC0-Nk5kcRhL1y_EFIje8 UrbanSoccer La Défense-ChIJh4rnfVhk5kcRV2Q-ZKdm8vA
13/03/2024;0,75;XCB1y6HQTofRdlkN0DsZ;7 6;Sport dans la Ville Rhône-Alpes-ChIJoUEDcmvr9EcRILCz6hDCQ2o
18/03/2024;16:00 16:30 17:00 17:30 18:00 18:30 19:00 19:30 20:00 20:30 21:00 21:30 22:00 22:30 23:00 23:30;XDDrvh4LSxHsllNoteJN;1 2 3 4 5 6 7;UrbanSoccer - Toulouse Sept Deniers-ChIJk5nUBdOkrhIRP-1aUJzo-lA UrbanSoccer - Toulouse Montaudran-ChIJl772e0u8rhIR2foRX4Xa2CI Play Soccer-ChIJQ-UxZn-5rhIRKWoQydM5T9s LE FIVE Colomiers-ChIJ8wxhgGexrhIRm698kMPQIRw Events Five-ChIJf8cSCJG5rhIRoQadPH-wW1U Classico Foot-ChIJFV442oCxrhIRgsZy5aIbkNs
03/03/2024;9:00 10:00 11:00 12:00 13:00 14:00 15:00 16:00 17:00 18:00 19:00 20:00 20:30 19:30 18:30 17:30 16:30 15:30 14:30 13:30 12:30 11:30 10:30 9:30;XEzz1qkrP9BFzlxI0sWi;4 5 6 7 3;LE FIVE Rouen-ChIc7ot9ESvGhIRqni6q0J6B4fY Le Temple du Foot-ChIJX6tTCaTg4EcREj-uKrMtLMc
20/02/2024;9:30 10:00 10:30 9:00 11:30 12:30 13:00 14:30 14:00 16:30 17:30 12:00 13:30 11:00 15:30 15:00 18:30 20:30 21:30 21:00 20:00 17:00 19:00 16:00 18:00 19:30 22:30 22:00 23:30 23:00;XF8jO3KlNJshtk9G6BS9;1 2 4 3 5 6 7;Stade Emile Anthoine-ChIJL9VLmh1w5kcRxPIaRtAwerM Centre sportif Émile Anthoine-ChIJGS88TMZx5kcRw1WySKNvYYk Terrain de Rugby et de football de l'Hippodrome d'Auteuil-ChIJCSzecLd65kcR5ZjhyyKieaE
01/03/2024;0,833333333;XFHde9iId4zmuxMAWBOe;1 2 3 4 5 6 7;LE FIVE Vitrolles-ChIJi4A-IrHoyRIRunoYLEGNeYI Olive et Tom Foot-ChIJM91frs_gyRIR0DmRNXYM0hc Z5 Aix-ChIJKb-U_9KSyRIRKIFKbH5mW18 Mondial Soccer Martigues-ChIJxSxBZ0rmyRIRD43lI6mPqdE Game 13 foot indoor-ChIJNSDvlsXryRIRUXao9hwB79I
22/02/2024;12:00 12:30 13:00 13:30 14:30 14:00 15:30 15:00;XGzuCmOnaoNZ5h8ucnir;6;Soccer Rennais-ChIJBWiWc1HgDkgRnIHJ7R5SVU0 UrbanSoccer Rennes Vern-ChIJS5VW0FUnD0gRUd2xV2pEeKY UrbanSoccer - Rennes Cap Malo-ChIJ-Ro0hr3nDkgRA0q2y4bBD30
22/02/2024;18:00 19:00 20:00 21:00 18:30 19:30 20:30 21:30;XKInGkd8rotnVlilRIwi;6 7;UrbanSoccer - Puteaux-ChIJM_sC0-Nk5kcRhL1y_EFIje8 LE FIVE Villette-ChIJTUFnQjps5kcR0pHITLTw1PI LE FIVE Paris 18-ChIJPVT4_n1u5kcRzji6FdTBXXo LE FIVE Paris 17-ChIJ7eI8sFNv5kcR5xy52Wc57NU UrbanSoccer La Défense-ChIJh4rnfVhk5kcRV2Q-ZKdm8vA
12/03/2024;21:00 22:00;XNJidapVCM31IIeyU2UH;4 5 6 7 3 2 1;UrbanSoccer - Puteaux-ChIJM_sC0-Nk5kcRhL1y_EFIje8 UrbanSoccer Meudon-ChIJ0WKvjbh75kcRoqSmyWwW2jQ UrbanSoccer La Défense-ChIJh4rnfVhk5kcRV2Q-ZKdm8vA
11/03/2024;10:00 11:00 12:00 13:00 14:00 15:00 9:30 10:30 11:30 12:30 13:30 14:30 15:30 9:00 16:00;XOyiWqCGU1omuw358njv;1 2 3 4 5 6 7;UrbanSoccer - Marne-La-Vallée-ChIJ6bDBiosP5kcROXiloHzSdhc LE PARK Noisy-ChIJdUHbID8O5kcRV5lQhiHTvhs Top Ten-ChIJfXprBx4b5kcRmhe-5pLZUek LE FIVE Champigny-ChIJsXi1PLYN5kcRTVVDuczgS2s LE PARK Servon-ChIJMU8gErUJ5kcRSnpvacKwFtM
09/03/2024;14:00 15:00 16:00 17:00 18:00 19:00 20:00 21:00 22:00 23:00 13:00 12:00 11:00 10:00 9:00;XR1D4JICTdivLS41AvIE;7;Massilia Foot Indoor 2-ChIJxZ6UmMW-yRIRfYNGGPPJfIU STADIUM FOOT 5 VILLAGE-ChIJbbOWFtC4yRIR0WXVerbWmnE Massilia Five-ChIJxZ6UmMW-yRIR7ot5DChYj4w Le 13 - Foot en salle - Marseille-ChIJR62kUm_ByRIRDnGQqGCeUVQ MONCLUB 2.0-ChIJv9owGLm-yRIRfuDnd3G6nR4 Le Mercato FOOT INDOOR-ChIJzRK7HJy_yRIRqEreyEiAfC0 FOOT INDOOR Marseille-ChIJ41AMCxC8yRIRLHLGt11sc-U Evolution Football-ChIJX0YulIi8yRIRnGh62u3UXTQ Game 13 foot indoor-ChIJNSDvlsXryRIRUXao9hwB79I LE FIVE Vitrolles-ChIJi4A-IrHoyRIRunoYLEGNeYI Monclub Futbol-ChIJGbxxaamUyRIRgGvhHnhJStA Le B3 Soccer-ChIJa69uraDryRIRRlY7a07cUqU
13/03/2024;18:00 18:30 19:00 19:30 20:00 20:30 21:00 21:30 22:00 22:30 23:00 23:30;XTAyVG0UDMT7S4LHrGHA;1 2 3 4 5 6 7;Massilia Foot Indoor 2-ChIJxZ6UmMW-yRIRfYNGGPPJfIU Le 13 - Foot en salle - Marseille-ChIJR62kUm_ByRIRDnGQqGCeUVQ STADIUM FOOT 5 VILLAGE-ChIJbbOWFtC4yRIR0WXVerbWmnE Le Mercato FOOT INDOOR-ChIJzRK7HJy_yRIRqEreyEiAfC0 Massilia Five-ChIJxZ6UmMW-yRIR7ot5DChYj4w MONCLUB 2.0-ChIJv9owGLm-yRIRfuDnd3G6nR4 FOOT INDOOR Marseille-ChIJ41AMCxC8yRIRLHLGt11sc-U Evolution Football-ChIJX0YulIi8yRIRnGh62u3UXTQ Game 13 foot indoor-ChIJNSDvlsXryRIRUXao9hwB79I Le B3 Soccer-ChIJa69uraDryRIRRlY7a07cUqU Monclub Futbol-ChIJGbxxaamUyRIRgGvhHnhJStA LE FIVE Vitrolles-ChIJi4A-IrHoyRIRunoYLEGNeYI
02/03/2024;14:00 14:30 15:00 15:30 16:00 16:30 17:30 18:30 20:00 19:00 18:00 17:00 21:00 21:30 20:30 19:30 22:30 22:00 23:00 23:30;XUDGF8R3Guaz4tceK2dF;7 6;UrbanSoccer Meudon-ChIJ0WKvjbh75kcRoqSmyWwW2jQ
09/03/2024;17:30 17:00 18:00 18:30 19:00 19:30 20:00 20:30 21:00 21:30 22:00;XWYaL67g5jqtbBLxtwWj;1 2 3 4 5 6 7;Top Ten-ChIJfXprBx4b5kcRmhe-5pLZUek UrbanSoccer - Marne-La-Vallée-ChIJ6bDBiosP5kcROXiloHzSdhc
09/03/2024;14:00 20:00 19:00 18:00 18:30 19:30 16:00 16:30 14:30 15:00 15:30;XZE3PVoTfMqEjR9afStL;7 6;LE FIVE Bezons-ChIJ71Mv0Wpk5kcRg-H9x7L-dXo Foot-Max Argenteuil-ChIJi9oIzaRm5kcRJYcK7QsdRMU UrbanSoccer - Puteaux-ChIJM_sC0-Nk5kcRhL1y_EFIje8 UrbanSoccer La Défense-ChIJh4rnfVhk5kcRV2Q-ZKdm8vA LE FIVE Carrières-sous-Poissy-ChIJ9T4fWfyL5kcRCBX-FyZLvEE
01/03/2024;18:00 17:30 17:00 18:30 19:00 19:30 16:30 16:00 15:30 15:00 14:30 14:00 13:00 13:30 12:00 11:00 10:30 10:00 11:30 12:30 9:30 9:00;XZnmKTtuTAJSnCw5C9Fl;2 1;Factory Sport Games-ChIJNcDntQGO9EcR3CbXF7xfc5o Sun Set Soccer-ChIJ-2jOt33D9EcRLZL2mS5Gvz4 LE FIVE OL-ChIJmz3whejH9EcR3j9ApNRukKE UrbanSoccer - Lyon Barolles-ChIJN4l-IC3v9EcRf9QJKIVC_aY LE 5 DE LEGENDE-ChIJAQNaA3nc9EcRYvB35x41mBs UrbanSoccer - Lyon Parilly-ChIJx3FQWjLC9EcRrrQb2eV7i_4 We Are Sports-ChIJFZU5oBHC9EcRJTFrSkI1xxg F5 Foot Five-ChIJjUbM5G7A9EcRW3mlkrhyXxY Sport dans la Ville Rhône-Alpes-ChIJoUEDcmvr9EcRILCz6hDCQ2o
20/02/2024;0,75;XaPcmJn0v897nMaubL4s;5;Monclub Futbol-ChIJGbxxaamUyRIRgGvhHnhJStA FOOT INDOOR Marseille-ChIJ41AMCxC8yRIRLHLGt11sc-U Massilia FIVE-ChIJxZ6UmMW-yRIR7ot5DChYj4w Massilia Foot Indoor 2-ChIJxZ6UmMW-yRIRfYNGGPPJfIU
21/02/2024;9:00 9:30 10:00 10:30 11:00 11:30 12:00 12:30 13:00 13:30 14:00 14:30 15:00 15:30 16:00 16:30 17:30 17:00 18:00 18:30 19:00 19:30 20:00;XaUJqvVZOMrGR4r0630j;6 7 5;LE FIVE Paris 18-ChIJPVT4_n1u5kcRzji6FdTBXXo LE FIVE Paris 13-ChIJ_bOSChhz5kcRZMTeq_6Gdzg LE FIVE Paris 17-ChIJ7eI8sFNv5kcR5xy52Wc57NU LE FIVE Villette-ChIJTUFnQjps5kcR0pHITLTw1PI UrbanSoccer - Porte d'Aubervilliers-ChIJ0dXjDCZs5kcRvX0EpMwxsUY LE FIVE Montreuil-ChIJJdTQjr0T5kcRZmGxtIJVy44 Élite 5 Soccer-ChIJ5-jfdlZk5kcRYIaELgvikaM FOOT IN FIVE-ChIJoUR0syFp5kcRUlStnwluaYY Speed Soccer Five-ChIJ2xTNglV25kcR3UDi4AXGfDU
14/03/2024;9:00 9:30 10:00 10:30 11:00 11:30 12:00 12:30 13:00 14:30 14:00 13:30 15:00 15:30 16:00 16:30 17:00 17:30 18:00 18:30 19:00 19:30 20:00 20:30 21:00;XatjNYEwW6syKRc1v8EX;6 7;Power Five-ChIJ6ULNmyh15kcRV9cjbnBjGr8 LE FIVE Villette-ChIJTUFnQjps5kcR0pHITLTw1PI UrbanSoccer - Quai d'Ivry-ChIJfXxYJ0xy5kcRw9xTkF6-FZQ LE FIVE Bobigny-ChIJV8UONORs5kcRXxR5Qd7x130 LE PARK Servon-ChIJMU8gErUJ5kcRSnpvacKwFtM LE FIVE Créteil-ChIJ88lx3VwL5kcRVxCh4lD6_Gk OHSPORT-ChIJHeG9fA4X5kcRbGNzVY5Ud5I LE FIVE Montreuil-ChIJJdTQjr0T5kcRZmGxtIJVy44 LE FIVE Champigny-ChIJsXi1PLYN5kcRTVVDuczgS2s Footbox-ChIJY-WkusIR5kcR-tEad3UtaSQ LE PARK Noisy-ChIJdUHbID8O5kcRV5lQhiHTvhs Top Ten-ChIJfXprBx4b5kcRmhe-5pLZUek UrbanSoccer - Marne-La-Vallée-ChIJ6bDBiosP5kcROXiloHzSdhc
20/02/2024;12:00 12:30;XcxQmwjSv3ZX0vUuHaY3;2 4;UrbanSoccer Guyancourt-ChIJmdX-2c-A5kcRj1wtOS8rZmo
19/03/2024;0,416666667;XfD1C4xbvU3UND2kKBs2;2;LE FIVE Annemasse-ChIJVc4JI-FtjEcRkBpWIDCVoII
19/03/2024;12:00 13:00 14:00 15:00 16:00 17:00 18:00;XkoNvamoccyOu35gYQjz;6 7;La Plaine des Sports - Université Paris-Saclay-ChIJv4ZkWb5_5kcRkQ23aJHNq24
16/03/2024;19:00 19:30 20:00 20:30 21:00;XmP9zU2H3ZgNpZ7zbHI4;5;LE FIVE Reims-ChIJad8c0qR16UcRMPDMaa34XJ8
08/03/2024;19:00 20:00 21:00 22:00 23:00 11:00 12:00 13:00 14:00 15:00 16:00 17:00 18:00 11:30 12:30 13:30 16:30 14:30 15:30 17:30 18:30 19:30 20:30 22:30 23:30 21:30;XmrN4Jdy0MiAvpBabzQW;5 6 4;We Are Sports-ChIJFZU5oBHC9EcRJTFrSkI1xxg UrbanSoccer - Lyon Parilly-ChIJx3FQWjLC9EcRrrQb2eV7i_4 Sport dans la Ville Rhône-Alpes-ChIJoUEDcmvr9EcRILCz6hDCQ2o UrbanSoccer - Lyon Barolles-ChIJN4l-IC3v9EcRf9QJKIVC_aY F5 Foot Five-ChIJjUbM5G7A9EcRW3mlkrhyXxY LE 5 DE LEGENDE-ChIJAQNaA3nc9EcRYvB35x41mBs Sun Set Soccer-ChIJ-2jOt33D9EcRLZL2mS5Gvz4 LE FIVE OL-ChIJmz3whejH9EcR3j9ApNRukKE Factory Sport Games-ChIJNcDntQGO9EcR3CbXF7xfc5o
03/03/2024;10:00 11:00 12:00 13:00 14:00 10:30 11:30 12:30 13:30 14:30;Xoy1sXBGbzLT5f4DoOk1;7 6;LE FIVE Paris 18-ChIJPVT4_n1u5kcRzji6FdTBXXo UrbanSoccer - Quai d'Ivry-ChIJfXxYJ0xy5kcRw9xTkF6-FZQ UrbanSoccer - Porte d'Aubervilliers-ChIJ0dXjDCZs5kcRvX0EpMwxsUY LE FIVE Villette-ChIJTUFnQjps5kcR0pHITLTw1PI LE FIVE Bobigny-ChIJV8UONORs5kcRXxR5Qd7x130 LE FIVE Montreuil-ChIJJdTQjr0T5kcRZmGxtIJVy44 LE FIVE Marville - La Courneuve-ChIJ2dHdMZxr5kcR0aKYHYsp0pY
02/03/2024;14:30 15:00 15:30 16:00 16:30 17:00 17:30 18:00 18:30 19:00 19:30;XqIL3wOzMcpvZBNsAU1n;5;Monclub Futbol-ChIJGbxxaamUyRIRgGvhHnhJStA Z5 Aix-ChIJKb-U_9KSyRIRKIFKbH5mW18
15/03/2024;0,916666667;XrJZ7ATJuHmLihEQkgTF;5;LE FIVE Bezons-ChIJ71Mv0Wpk5kcRg-H9x7L-dXo
11/03/2024;23:30 23:00 22:00 21:00 20:00 20:30 21:30 22:30 19:00 19:30;Xrp0qqM2vuYQgSqX341m;1 2 7 6 5 4 3;Stades de football Caen Nord-ChIJ23PYZDZdCkgROLGm2QF2IL8 Stade Michel d'Ornano-ChIJ01w4DRhDCkgRGCw6KmO2UeA club de foot caen-ChIJ_7rgUhNDCkgRz29b6ZzRSMs CFC Sports Caen-Carpiquet-ChIJTfeCF7dECkgRwzNPnwms5ro Conquérants de Caen Football Américain et Flag-ChIJRy5X2mJCCkgRBcWiUPQ_Lmw Stade René Bendif - Guérinière-ChIJ-QfFVSVoCkgRBAHSMj-mYdQ Stade de la Fossette-ChIJjWHuhytdCkgRKnYxJOFYDSQ AGC Avant Garde Caen Football-ChIJXxGQdjhdCkgRghwTykM4HJ4 terrain de basket et football outdoor-ChIJRQMxXLxDCkgRBRi82KLndxs Palais des Sports Caen la mer-ChIJbdGOkfFCCkgR5Tzu2O39SbQ ASPTT Caen Football-ChIJs5IQ7oxpCkgRuy8O0c4INj4 Stade Malherbe Caen-ChIJY_Mjyx5DCkgRJV0hqFbavXk Foot Indoor M-Arena Caen - Carpiquet-ChIJm_4DYKZECkgRFxn_ibqMjOo FOOT BULLE Caen (Soccer Indoor)-ChIJWVkOfNBoCkgRX09YJo0bO6k
10/03/2024;20:30 21:00 21:30 22:00 22:30 23:00 17:00 23:30;Y2mvZTbWnJLBwvlLxXCR;1 2 3 4 5 6 7;LE FIVE Sarcelles-ChIJ6_q3Fxhq5kcRCpoEwnoXX1Q BIG5-ChIJsb_7TJFp5kcRSPL5VqZulr4 LE FIVE Marville - La Courneuve-ChIJ2dHdMZxr5kcR0aKYHYsp0pY
15/03/2024;0,791666667;Y3xM2sTnKpDaOvKa9cBj;6 2 4 3 1;UrbanSoccer - Porte d'Aubervilliers-ChIJ0dXjDCZs5kcRvX0EpMwxsUY LE FIVE Villette-ChIJTUFnQjps5kcR0pHITLTw1PI LE FIVE Paris 18-ChIJPVT4_n1u5kcRzji6FdTBXXo LE FIVE Bobigny-ChIJV8UONORs5kcRXxR5Qd7x130 LE FIVE Montreuil-ChIJJdTQjr0T5kcRZmGxtIJVy44 LE FIVE Champigny-ChIJsXi1PLYN5kcRTVVDuczgS2s
13/02/2024;0,708333333;Y6skDPhakWNg34n3L0kG;1 2;Top Ten-ChIJfXprBx4b5kcRmhe-5pLZUek
20/02/2024;0,854166667;Y8hzGNDqrs3ncm6agvVm;3 4 5 6 7;LE FIVE Paris 18-ChIJPVT4_n1u5kcRzji6FdTBXXo
21/02/2024;18:00 18:30 19:00 19:30 20:00;Y9QVKt3C5pMFzWXXhG0D;1 5 6;LE FIVE OL-ChIJmz3whejH9EcR3j9ApNRukKE Sun Set Soccer-ChIJ-2jOt33D9EcRLZL2mS5Gvz4 UrbanSoccer - Lyon Barolles-ChIJN4l-IC3v9EcRf9QJKIVC_aY LE 5 DE LEGENDE-ChIJU_aXKN_A9EcRHCY74rI9i4Y F5 Foot Five-ChIJjUbM5G7A9EcRW3mlkrhyXxY
07/03/2024;17:00 18:00 19:00 20:00 17:30 18:30 19:30 20:30 21:00 12:00;YA2PRjLy3zjr3RwNJQyj;1 2 4 3 5 6 7;UrbanSoccer Meudon-ChIJ0WKvjbh75kcRoqSmyWwW2jQ Cité des Sports-ChIJ70UPf6R75kcRGb3NAV9k7Ww
22/02/2024;20:00 9:00 9:30 10:00 10:30 11:00 11:30 12:00 12:30 13:00 13:30 14:00 14:30 15:00 15:30 16:00 16:30 17:00 17:30 18:00 18:30 19:00 19:30 20:30 21:00 21:30 22:00 22:30 23:00 23:30;YAKxcTwKQ8JdAg8JLViI;6 1 2 3 4 5 7;Sofive Meadowlands-ChIJNx4uAWf4wokRSocDyrK32sk Socceroof New Rochelle-ChIJcTtBl5GNwokRUooEpetsCCc Sofive Brooklyn-ChIJvytTY_JdwokRVMSxK5pjEyU Socceroof LIC-ChIJ5QHjQedfwokRcvhei27HV1o Socceroof Sunset Park-ChIJrfgrMK9awokR-Z5O20hCD3w Socceroof Crown Heights-ChIJ_wfNJBVdwokRoU3ZUxM4oTc Chelsea Piers-ChIJNcurQqBZwokRYDgoFu6QXCI Soccer Center NYC-ChIJ1aOw95RfwokRe0fEYMdtNJg Brooklyn Force Soccer-ChIJ-S82HdRbwokRHcC6tN0__L4 Globall Sports Centers - Brooklyn-ChIJYVUE_J9bwokRuEBZfRYfobU
16/02/2024;20:00 21:00 19:00 18:00 18:30 19:30 20:30 21:30;YAr4cwAMO9LqnSh95eeE;1 2 3 4 5;LE FIVE Rouen-ChIJc7A1v4ne4EcRyi0mTJfk2WI Le Temple du Foot-ChIJX6tTCaTg4EcREj-uKrMtLMc
14/03/2024;0,729166667;YE7l7j6k0XaBhCJzuuyX;6;LE FIVE Paris 13-ChIJ_bOSChhz5kcRZMTeq_6Gdzg
28/02/2024;18:00 18:30 19:00 19:30 20:00 17:30;YFkwZNaHUDC6EefOAUag;5 6 7;UrbanSoccer Bordeaux-Pessac-ChIJTZ1wTCnZVA0Ra5hHoMEPn3I UrbanSoccer - Bordeaux Mérignac-ChIJxWBxmALaVA0Rop0OWS3Q3fY
25/02/2024;18:00 19:00 20:00 21:00 22:00;YIIglEkJcWqNLNmYeOaa;7 6 5;UrbanSoccer Evry-ChIJW0Ut1G7e5UcRt621n2fRQ5M
02/03/2024;18:00 18:30 19:00 19:30 20:00 20:30 21:00 21:30 22:00 22:30 23:00 23:30;YKgIBTJnMHnVN66uDATE;1 2 3 4 5 6 7;LE FIVE Marville - La Courneuve-ChIJ2dHdMZxr5kcR0aKYHYsp0pY LE FIVE Villette-ChIJTUFnQjps5kcR0pHITLTw1PI UrbanSoccer - Porte d'Aubervilliers-ChIJ0dXjDCZs5kcRvX0EpMwxsUY LE FIVE Bobigny-ChIJV8UONORs5kcRXxR5Qd7x130 LE FIVE Paris 18-ChIJPVT4_n1u5kcRzji6FdTBXXo FOOT IN FIVE-ChIJoUR0syFp5kcRUlStnwluaYY UrbanSoccer - Asnières-ChIJi5LkLT9v5kcRSlhScqEFNWs LE FIVE Paris 17-ChIJ7eI8sFNv5kcR5xy52Wc57NU
21/02/2024;18:00 18:30 19:00 19:30 20:00;YOQnbNSUWCNJBNIAkyBb;1 2 3 4 5;UrbanSoccer Evry-ChIJW0Ut1G7e5UcRt621n2fRQ5M LE FIVE Morangis-ChIJA4uAhOXZ5UcRp-vZXZP-ovY Speed Soccer Five-ChIJ2xTNglV25kcR3UDi4AXGfDU UrbanSoccer Orsay-ChIJpZIJg7J45kcRrKWKhtbfnEQ Stadium Thiais-ChIJ64X9jzx05kcRsHvSfOv6UcA
23/02/2024;22:00 22:30;YPj7kL0LalspYtNAqnsf;5;LE FIVE Paris 17-ChIJ7eI8sFNv5kcR5xy52Wc57NU UrbanSoccer - Asnières-ChIJi5LkLT9v5kcRSlhScqEFNWs LE FIVE Paris 18-ChIJPVT4_n1u5kcRzji6FdTBXXo UrbanSoccer - Porte d'Aubervilliers-ChIJ0dXjDCZs5kcRvX0EpMwxsUY Élite 5 Soccer-ChIJ5-jfdlZk5kcRYIaELgvikaM UrbanSoccer - Puteaux-ChIJM_sC0-Nk5kcRhL1y_EFIje8 LE FIVE Villette-ChIJTUFnQjps5kcR0pHITLTw1PI FOOT IN FIVE-ChIJoUR0syFp5kcRUlStnwluaYY UrbanSoccer La Défense-ChIJh4rnfVhk5kcRV2Q-ZKdm8vA LE FIVE Marville - La Courneuve-ChIJ2dHdMZxr5kcR0aKYHYsp0pY LE FIVE Bezons-ChIJ71Mv0Wpk5kcRg-H9x7L-dXo Foot-Max Argenteuil-ChIJi9oIzaRm5kcRJYcK7QsdRMU LE FIVE Bobigny-ChIJV8UONORs5kcRXxR5Qd7x130 Foot POWER 5-ChIJuTCIFshm5kcRBtEQJ76dAzc BIG5-ChIJsb_7TJFp5kcRSPL5VqZulr4 LE FIVE Paris 13-ChIJ_bOSChhz5kcRZMTeq_6Gdzg UrbanSoccer - Quai d'Ivry-ChIJfXxYJ0xy5kcRw9xTkF6-FZQ LE FIVE Sarcelles-ChIJ6_q3Fxhq5kcRCpoEwnoXX1Q LE FIVE Montreuil-ChIJJdTQjr0T5kcRZmGxtIJVy44 UrbanSoccer Meudon-ChIJ0WKvjbh75kcRoqSmyWwW2jQ
02/02/2024;17:00 18:00 19:00 20:00 21:00 22:00 23:00 17:30 18:30 19:30 20:30 21:30 22:30 23:30;YSbCdntDeyXcf2WcRox1;2 3 5;LE FIVE Paris 17-ChIJ7eI8sFNv5kcR5xy52Wc57NU LE FIVE Paris 18-ChIJPVT4_n1u5kcRzji6FdTBXXo UrbanSoccer - Porte d'Aubervilliers-ChIJ0dXjDCZs5kcRvX0EpMwxsUY UrbanSoccer - Asnières-ChIJi5LkLT9v5kcRSlhScqEFNWs
11/03/2024;9:00 10:00 11:00 12:00 13:00 14:00 15:00 16:00 17:00 18:00 9:30 10:30 11:30 12:30 13:30 14:30 15:30 16:30 17:30 18:30 19:30 19:00 20:00 20:30 21:30 21:00 22:00 22:30 23:30 23:00;YWy46Q7Kj3OsKXct8bho;1 2 3 4 5 6 7;LE FIVE Paris 13-ChIJ_bOSChhz5kcRZMTeq_6Gdzg LE FIVE Paris 18-ChIJPVT4_n1u5kcRzji6FdTBXXo UrbanSoccer - Quai d'Ivry-ChIJfXxYJ0xy5kcRw9xTkF6-FZQ LE FIVE Paris 17-ChIJ7eI8sFNv5kcR5xy52Wc57NU UrbanSoccer - Porte d'Aubervilliers-ChIJ0dXjDCZs5kcRvX0EpMwxsUY LE FIVE Villette-ChIJTUFnQjps5kcR0pHITLTw1PI LE FIVE Bobigny-ChIJV8UONORs5kcRXxR5Qd7x130 UrbanSoccer - Asnières-ChIJi5LkLT9v5kcRSlhScqEFNWs LE FIVE Montreuil-ChIJJdTQjr0T5kcRZmGxtIJVy44 LE FIVE Marville - La Courneuve-ChIJ2dHdMZxr5kcR0aKYHYsp0pY UrbanSoccer - Puteaux-ChIJM_sC0-Nk5kcRhL1y_EFIje8 UrbanSoccer La Défense-ChIJh4rnfVhk5kcRV2Q-ZKdm8vA FOOT IN FIVE-ChIJoUR0syFp5kcRUlStnwluaYY Stadium Thiais-ChIJ64X9jzx05kcRsHvSfOv6UcA UrbanSoccer Meudon-ChIJ0WKvjbh75kcRoqSmyWwW2jQ VERSUSFOOT Thiais-ChIJn2R2NT905kcRjqB29qldBxk LE FIVE Bezons-ChIJ71Mv0Wpk5kcRg-H9x7L-dXo LE FIVE Champigny-ChIJsXi1PLYN5kcRTVVDuczgS2s LE FIVE Créteil-ChIJ88lx3VwL5kcRVxCh4lD6_Gk Speed Soccer Five-ChIJ2xTNglV25kcR3UDi4AXGfDU
21/02/2024;9:00 9:30 10:00 10:30 11:00 11:30;YXuqCpemiLbg4KexEMVj;7 6;Colombes Stadium-ChIJlydSodxl5kcRBsdrLmtHOic Stade Charles Péguy I-ChIJy-2OGTRk5kcRM7gS0jwO9-Y Stade Olympique Yves du Manoir-ChIJYeUIntpl5kcRZsN35flVVAY
05/03/2024;17:00 17:30 18:00 18:30 19:00 19:30 20:00 20:30 21:00;Yd90q5EwkVKAP2LjEnrp;2 3 4;UrbanSoccer - Strasbourg-ChIJbeF8CznIlkcRkTmqhGiUECc
11/02/2024;19:00 20:00;Ydhag7qcNqbZdB28EyX4;4 5 6;LE FIVE Morangis-ChIJA4uAhOXZ5UcRp-vZXZP-ovY
04/02/2024;0,791666667;YfOF586eDDOcVEM9zQt2;1 3 5 6 7;UrbanSoccer - Lille Bondues-ChIJ58ZerMgrw0cR2Jyp7tZjBn4 UrbanSoccer - Lille Lezennes-ChIJR3ro5nTWwkcRfM_S3Be9HjI
14/02/2024;0,916666667;Yqf99fyY1vC4dgEm1pzw;6;LE FIVE Paris 18-ChIJPVT4_n1u5kcRzji6FdTBXXo UrbanSoccer - Porte d'Aubervilliers-ChIJ0dXjDCZs5kcRvX0EpMwxsUY LE FIVE Villette-ChIJTUFnQjps5kcR0pHITLTw1PI LE FIVE Paris 17-ChIJ7eI8sFNv5kcR5xy52Wc57NU LE FIVE Paris 13-ChIJ_bOSChhz5kcRZMTeq_6Gdzg UrbanSoccer - Asnières-ChIJi5LkLT9v5kcRSlhScqEFNWs LE FIVE Bobigny-ChIJV8UONORs5kcRXxR5Qd7x130 FOOT IN FIVE-ChIJoUR0syFp5kcRUlStnwluaYY LE FIVE Montreuil-ChIJJdTQjr0T5kcRZmGxtIJVy44 UrbanSoccer - Puteaux-ChIJM_sC0-Nk5kcRhL1y_EFIje8 Élite 5 Soccer-ChIJ5-jfdlZk5kcRYIaELgvikaM UrbanSoccer - Quai d'Ivry-ChIJfXxYJ0xy5kcRw9xTkF6-FZQ LE FIVE Champigny-ChIJsXi1PLYN5kcRTVVDuczgS2s
09/03/2024;18:30 19:00 19:30 20:00 20:30 21:00 21:30 22:00 22:30 11:30 12:00 12:30 13:00 13:30 14:00 14:30 15:30 15:00 16:30 16:00 17:30 17:00 18:00;YuaxDWmFnbCKIcHkt5hc;3 2 5 4 6 7 1;LE FIVE Paris 13-ChIJ_bOSChhz5kcRZMTeq_6Gdzg UrbanSoccer - Quai d'Ivry-ChIJfXxYJ0xy5kcRw9xTkF6-FZQ LE FIVE Paris 17-ChIJ7eI8sFNv5kcR5xy52Wc57NU LE FIVE Paris 18-ChIJPVT4_n1u5kcRzji6FdTBXXo LE FIVE Montreuil-ChIJJdTQjr0T5kcRZmGxtIJVy44 UrbanSoccer - Puteaux-ChIJM_sC0-Nk5kcRhL1y_EFIje8 UrbanSoccer - Porte d'Aubervilliers-ChIJ0dXjDCZs5kcRvX0EpMwxsUY LE FIVE Villette-ChIJTUFnQjps5kcR0pHITLTw1PI UrbanSoccer La Défense-ChIJh4rnfVhk5kcRV2Q-ZKdm8vA
19/02/2024;0,8125;YxDLsyc8PQplWFcQYFgH;4;Lille Football Faubourg de Bethune-ChIJgUO_inLVwkcR9OZ3Xp9c_v0
15/03/2024;20:00 20:30 21:00 21:30 22:00 22:30 23:00 23:30;Yys6VJ8osolxKQt1uFRi;6;Play Soccer-ChIJQ-UxZn-5rhIRKWoQydM5T9s
28/02/2024;9:00 9:30 10:00 10:30 11:00 11:30 12:00 12:30 13:00 13:30 14:00 14:30 15:00 15:30 16:00 16:30 17:00 17:30 18:00 18:30 19:30 19:00;YyyD1DqRcBcZDmXV2r6y;1 2 3 4 5 6 7;LE FIVE Paris 13-ChIJ_bOSChhz5kcRZMTeq_6Gdzg LE FIVE Paris 18-ChIJPVT4_n1u5kcRzji6FdTBXXo UrbanSoccer - Quai d'Ivry-ChIJfXxYJ0xy5kcRw9xTkF6-FZQ LE FIVE Paris 17-ChIJ7eI8sFNv5kcR5xy52Wc57NU UrbanSoccer - Porte d'Aubervilliers-ChIJ0dXjDCZs5kcRvX0EpMwxsUY LE FIVE Villette-ChIJTUFnQjps5kcR0pHITLTw1PI LE FIVE Bobigny-ChIJV8UONORs5kcRXxR5Qd7x130 UrbanSoccer - Asnières-ChIJi5LkLT9v5kcRSlhScqEFNWs LE FIVE Montreuil-ChIJJdTQjr0T5kcRZmGxtIJVy44 LE FIVE Marville - La Courneuve-ChIJ2dHdMZxr5kcR0aKYHYsp0pY UrbanSoccer - Puteaux-ChIJM_sC0-Nk5kcRhL1y_EFIje8 Élite 5 Soccer-ChIJ5-jfdlZk5kcRYIaELgvikaM UrbanSoccer La Défense-ChIJh4rnfVhk5kcRV2Q-ZKdm8vA FOOT IN FIVE-ChIJoUR0syFp5kcRUlStnwluaYY Stadium Thiais-ChIJ64X9jzx05kcRsHvSfOv6UcA UrbanSoccer Meudon-ChIJ0WKvjbh75kcRoqSmyWwW2jQ LE FIVE Créteil-ChIJ88lx3VwL5kcRVxCh4lD6_Gk LE FIVE Champigny-ChIJsXi1PLYN5kcRTVVDuczgS2s LE FIVE Bezons-ChIJ71Mv0Wpk5kcRg-H9x7L-dXo VERSUSFOOT Thiais-ChIJn2R2NT905kcRjqB29qldBxk
04/03/2024;19:30 22:30;YzEVrKZ77sjblEzlLLPj;6 7;Firefoot-ChIJ0zSROfj15kcR4l0wrCcYPMk Kaiser Park-ChIJsRLZzKFg5kcRBCfNws9nssw GOPARK Pontoise-ChIJ2cJmdhf15kcRQ4mUOxIVzd0
13/03/2024;19:00 19:30 18:30 18:00 20:00 20:30 21:00;Z52b0p7dbdSpRFAB2HxL;1 2 3 4 5 6 7;Le Street Foot en Salle-ChIJt_AXL6Jg5kcRu6rBmnrmeUM Foot POWER 5-ChIJuTCIFshm5kcRBtEQJ76dAzc Foot-Max Argenteuil-ChIJi9oIzaRm5kcRJYcK7QsdRMU Kaiser Park-ChIJsRLZzKFg5kcRBCfNws9nssw FOOT IN FIVE-ChIJoUR0syFp5kcRUlStnwluaYY BIG5-ChIJsb_7TJFp5kcRSPL5VqZulr4 UrbanSoccer - Asnières-ChIJi5LkLT9v5kcRSlhScqEFNWs GOPARK Pontoise-ChIJ2cJmdhf15kcRQ4mUOxIVzd0 LE FIVE Bobigny-ChIJV8UONORs5kcRXxR5Qd7x130 LE FIVE Bezons-ChIJ71Mv0Wpk5kcRg-H9x7L-dXo LE FIVE Sarcelles-ChIJ6_q3Fxhq5kcRCpoEwnoXX1Q LE FIVE Paris 18-ChIJPVT4_n1u5kcRzji6FdTBXXo UrbanSoccer - Porte d'Aubervilliers-ChIJ0dXjDCZs5kcRvX0EpMwxsUY LE FIVE Villette-ChIJTUFnQjps5kcR0pHITLTw1PI LE FIVE Paris 17-ChIJ7eI8sFNv5kcR5xy52Wc57NU UrbanSoccer La Défense-ChIJh4rnfVhk5kcRV2Q-ZKdm8vA LE FIVE Marville - La Courneuve-ChIJ2dHdMZxr5kcR0aKYHYsp0pY UrbanSoccer - Puteaux-ChIJM_sC0-Nk5kcRhL1y_EFIje8 Firefoot-ChIJ0zSROfj15kcR4l0wrCcYPMk
19/03/2024;9:00 9:30 10:30 10:00 11:30 12:00 12:30 11:00 13:30 13:00 14:30 14:00 15:30 16:30 15:00 16:00 17:30 17:00 18:30 18:00 19:00 20:00 21:30 21:00 22:30 23:30 22:00 19:30 20:30 23:00;ZAnHKSmJxmS0KalPUidO;7 1;LE FIVE Valenciennes-ChIJs_yKhaPvwkcRtt71kMRaz8A
21/02/2024;20:30 23:30;ZAuAokaPIZifaOAwwqF7;6 3;LE FIVE Bobigny-ChIJV8UONORs5kcRXxR5Qd7x130 LE FIVE Sarcelles-ChIJ6_q3Fxhq5kcRCpoEwnoXX1Q
17/03/2024;11:00 12:00 13:00 14:00 15:00 16:00 17:00;ZFnMXDDqhNNdTyXAXFPq;7;UrbanSoccer Guyancourt-ChIJmdX-2c-A5kcRj1wtOS8rZmo
05/02/2024;20:30 21:00 21:30 22:00 22:30 23:00 23:30;ZGkd7tabyDqhyzdzx715;1 4 2 3 5 6 7;Stadium Thiais-ChIJ64X9jzx05kcRsHvSfOv6UcA LE FIVE Créteil-ChIJ88lx3VwL5kcRVxCh4lD6_Gk
17/03/2024;14:00 15:00 16:00 18:00 17:00 19:00 20:00 21:00 22:00 23:00 14:30 15:30 16:30 17:30 18:30 19:30 20:30 21:30 22:30 23:30;ZHvXqcO5qTw0clNP2rVv;3 5 6 7;LE FIVE Morangis-ChIJA4uAhOXZ5UcRp-vZXZP-ovY UrbanSoccer Evry-ChIJW0Ut1G7e5UcRt621n2fRQ5M LE FIVE Paris 13-ChIJ_bOSChhz5kcRZMTeq_6Gdzg UrbanSoccer Orsay-ChIJpZIJg7J45kcRrKWKhtbfnEQ UrbanSoccer Guyancourt-ChIJmdX-2c-A5kcRj1wtOS8rZmo
08/02/2024;0,8125;ZMiOawzeAYPfE23RPP19;4;Lille Football Faubourg de Bethune-ChIJgUO_inLVwkcR9OZ3Xp9c_v0
14/03/2024;0,833333333;ZNcQi7RkJdISI78yGcIE;3;LE FIVE Paris 13-ChIJ_bOSChhz5kcRZMTeq_6Gdzg UrbanSoccer - Quai d'Ivry-ChIJfXxYJ0xy5kcRw9xTkF6-FZQ
05/03/2024;0,791666667;ZP9kNJyEWVHnJLX5JDIj;1 3 2 4 5 6;Sport dans la Ville Rhône-Alpes-ChIJoUEDcmvr9EcRILCz6hDCQ2o UrbanSoccer - Lyon Parilly-ChIJx3FQWjLC9EcRrrQb2eV7i_4 We Are Sports-ChIJFZU5oBHC9EcRJTFrSkI1xxg F5 Foot Five-ChIJjUbM5G7A9EcRW3mlkrhyXxY LE 5 DE LEGENDE-ChIJAQNaA3nc9EcRYvB35x41mBs UrbanSoccer - Lyon Barolles-ChIJN4l-IC3v9EcRf9QJKIVC_aY LE FIVE OL-ChIJmz3whejH9EcR3j9ApNRukKE Sun Set Soccer-ChIJ-2jOt33D9EcRLZL2mS5Gvz4 Factory Sport Games-ChIJNcDntQGO9EcR3CbXF7xfc5o
09/03/2024;10:00 10:30 11:00 11:30 9:30;ZPHx9YgWqncrxzmHlhiG;7;LE FIVE Bobigny-ChIJV8UONORs5kcRXxR5Qd7x130 LE FIVE Marville - La Courneuve-ChIJ2dHdMZxr5kcR0aKYHYsp0pY LE FIVE Villette-ChIJTUFnQjps5kcR0pHITLTw1PI UrbanSoccer - Porte d'Aubervilliers-ChIJ0dXjDCZs5kcRvX0EpMwxsUY
26/02/2024;19:30 19:00 20:00 20:30 18:30 21:00;ZWZsAmGxDxi1ebkpReUS;5;UrbanSoccer - Toulouse Sept Deniers-ChIJk5nUBdOkrhIRP-1aUJzo-lA UrbanSoccer - Toulouse Montaudran-ChIJl772e0u8rhIR2foRX4Xa2CI Play Soccer-ChIJQ-UxZn-5rhIRKWoQydM5T9s
09/02/2024;0,833333333;ZYyLlfBodhYH5PYHWTJJ;4 1;UrbanSoccer La Défense-ChIJh4rnfVhk5kcRV2Q-ZKdm8vA
12/03/2024;19:00 19:30 20:00 20:30;ZanCBLSAo0LACiOBZhJ2;3 4 5 6;LE FIVE Montreuil-ChIJJdTQjr0T5kcRZmGxtIJVy44 LE FIVE Villette-ChIJTUFnQjps5kcR0pHITLTw1PI LE FIVE Bobigny-ChIJV8UONORs5kcRXxR5Qd7x130 LE FIVE Marville - La Courneuve-ChIJ2dHdMZxr5kcR0aKYHYsp0pY
15/03/2024;9:00 23:30 23:00 22:00 22:30 21:30 21:00 20:00 20:30 19:00 18:00 17:00 16:00 15:00 14:00 13:00 12:00 11:00 10:00 9:30 10:30 11:30 12:30 13:30 14:30 15:30 16:30 17:30 18:30 19:30;ZhHIHzn3n8qUQQjX86WV;3 5 6 7;LE FIVE Créteil-ChIJ88lx3VwL5kcRVxCh4lD6_Gk VERSUSFOOT Thiais-ChIJn2R2NT905kcRjqB29qldBxk LE FIVE Morangis-ChIJA4uAhOXZ5UcRp-vZXZP-ovY UrbanSoccer Evry-ChIJW0Ut1G7e5UcRt621n2fRQ5M LE FIVE Champigny-ChIJsXi1PLYN5kcRTVVDuczgS2s UrbanSoccer - Marne-La-Vallée-ChIJ6bDBiosP5kcROXiloHzSdhc LE PARK Noisy-ChIJdUHbID8O5kcRV5lQhiHTvhs Speed Soccer Five-ChIJ2xTNglV25kcR3UDi4AXGfDU Stadium Thiais-ChIJ64X9jzx05kcRsHvSfOv6UcA Power Five-ChIJ6ULNmyh15kcRV9cjbnBjGr8
26/02/2024;18:00 18:30 19:00 19:30;ZhQW8R1W52QGm88YfSSW;3 1;UrbanSoccer La Défense-ChIJh4rnfVhk5kcRV2Q-ZKdm8vA Élite 5 Soccer-ChIJ5-jfdlZk5kcRYIaELgvikaM LE FIVE Bezons-ChIJ71Mv0Wpk5kcRg-H9x7L-dXo UrbanSoccer - Puteaux-ChIJM_sC0-Nk5kcRhL1y_EFIje8 Foot-Max Argenteuil-ChIJi9oIzaRm5kcRJYcK7QsdRMU
20/03/2024;19:00 19:30 20:00 20:30 21:00 21:30 22:00 22:30 23:00 23:30;ZrNAjJJwYUWDoo5qbBa5;3;LE FIVE Paris 18-ChIJPVT4_n1u5kcRzji6FdTBXXo LE FIVE Paris 17-ChIJ7eI8sFNv5kcR5xy52Wc57NU UrbanSoccer - Porte d'Aubervilliers-ChIJ0dXjDCZs5kcRvX0EpMwxsUY UrbanSoccer - Asnières-ChIJi5LkLT9v5kcRSlhScqEFNWs
05/02/2024;10:00am 10:30am 11:30am 11:00am;ZtdcWoWBetunXH3D6Vmn;1 2 3 4 5 6 7;Speed Soccer Five-ChIJ2xTNglV25kcR3UDi4AXGfDU UrbanSoccer Meudon-ChIJ0WKvjbh75kcRoqSmyWwW2jQ LE FIVE Morangis-ChIJA4uAhOXZ5UcRp-vZXZP-ovY
23/02/2024;19:00 20:00 21:00 22:00;ZuI8M1ed1y3hqkNVCDDR;1 2 3 4 5 6 7;Le 13 - Foot en salle - Marseille-ChIJR62kUm_ByRIRDnGQqGCeUVQ Massilia Five-ChIJxZ6UmMW-yRIR7ot5DChYj4w MONCLUB 2.0-ChIJv9owGLm-yRIRfuDnd3G6nR4 Le Mercato FOOT INDOOR-ChIJzRK7HJy_yRIRqEreyEiAfC0
21/02/2024;0,791666667;ZuzM5Q8Wc9Xyop5BGDYs;5;UrbanSoccer - Lille Lezennes-ChIJR3ro5nTWwkcRfM_S3Be9HjI
01/03/2024;10:00 11:00 12:00 13:00 14:00 15:00 16:00;a0lV7b4chpRNoMWKwe3O;1 2 3 4 5 6 7;Stade Olympique Yves du Manoir-ChIJYeUIntpl5kcRZsN35flVVAY Terrain de football Synthétique n°1-ChIJqfdoIdFl5kcRqwddHG1PcBc
25/02/2024;0,583333333;a1YJ8K77hKrnZqS20Ngu;1 2 3 4 5 6 7;LE FIVE Créteil-ChIJ88lx3VwL5kcRVxCh4lD6_Gk VERSUSFOOT Thiais-ChIJn2R2NT905kcRjqB29qldBxk Stadium Thiais-ChIJ64X9jzx05kcRsHvSfOv6UcA
05/03/2024;15:30 16:00 16:30 17:00 17:30 18:00 18:30 19:00 19:30;a24NlfBW1OhxMaPhckPw;1 2 3 4 5 6 7;LE FIVE Paris 13-ChIJ_bOSChhz5kcRZMTeq_6Gdzg
09/02/2024;0,75;a4Bs8JnW6IvbKZz7LVrW;1 2 3 4 5 6 7;LE FIVE Marville - La Courneuve-ChIJ2dHdMZxr5kcR0aKYHYsp0pY FOOT IN FIVE-ChIJoUR0syFp5kcRUlStnwluaYY LE FIVE Sarcelles-ChIJ6_q3Fxhq5kcRCpoEwnoXX1Q
20/02/2024;0,875;a5M27tuSGyjjeQaAbkIJ;3 4 5 6 7;LE FIVE Paris 18-ChIJPVT4_n1u5kcRzji6FdTBXXo
19/03/2024;17:30 18:00 18:30 19:00 19:30;a5tisTBiJUiOunbVprXt;1 2 3 4 5;LE FIVE Valenciennes-ChIJs_yKhaPvwkcRtt71kMRaz8A
15/03/2024;22:00 21:30 21:00 20:30 20:00 22:30 19:30 19:00 18:00 18:30;a8DshwqZyGH5t96a31gL;7 6 5 4 3 2 1;LE FIVE Paris 18-ChIJPVT4_n1u5kcRzji6FdTBXXo UrbanSoccer - Porte d'Aubervilliers-ChIJ0dXjDCZs5kcRvX0EpMwxsUY FOOT IN FIVE-ChIJoUR0syFp5kcRUlStnwluaYY
14/03/2024;16:00 17:00 16:30 17:30;a9F9L2aqE1exHgxQY175;5 2 3 4;UrbanSoccer Guyancourt-ChIJmdX-2c-A5kcRj1wtOS8rZmo
11/02/2024;9:00 9:30 10:00 10:30 11:00 11:30 12:00 12:30 13:00 13:30 14:00 14:30 15:00 15:30 16:00 16:30 17:00 17:30 18:00 18:30 19:00 19:30 20:00 20:30 21:00 21:30 22:00 22:30 23:00 23:30;a9wo4aY7qqr4B0KfkhUQ;1 2 3 4 5 6 7;Élite 5 Soccer-ChIJ5-jfdlZk5kcRYIaELgvikaM UrbanSoccer La Défense-ChIJh4rnfVhk5kcRV2Q-ZKdm8vA UrbanSoccer - Puteaux-ChIJM_sC0-Nk5kcRhL1y_EFIje8 LE FIVE Bezons-ChIJ71Mv0Wpk5kcRg-H9x7L-dXo Foot-Max Argenteuil-ChIJi9oIzaRm5kcRJYcK7QsdRMU LE FIVE Carrières-sous-Poissy-ChIJ9T4fWfyL5kcRCBX-FyZLvEE
03/03/2024;9:00 10:00 9:30 10:30 11:30 14:30 16:30 15:00 15:30 13:00 13:30 12:30 12:00 11:00 14:00 17:30 16:00 18:30 18:00 19:30 19:00 17:00 20:30 20:00 21:30 21:00 22:30 22:00 23:30 23:00;aAQ3nzZTUwxG1p1uwOvX;1 2 3 4 5 6 7;LE FIVE Champigny-ChIJsXi1PLYN5kcRTVVDuczgS2s
17/03/2024;9:00 9:30 10:00 10:30 11:00 11:30 12:00 12:30 13:00 13:30 14:00 14:30 15:00 15:30 16:00 17:30 16:30 18:00 20:00 20:30 19:30 18:30 17:00 19:00 23:00 22:00 21:00 21:30 22:30 23:30;aAiVOgRhJx66feMfRYyu;7 6 5 4 3 2 1;Sport dans la Ville Rhône-Alpes-ChIJoUEDcmvr9EcRILCz6hDCQ2o F5 Foot Five-ChIJjUbM5G7A9EcRW3mlkrhyXxY We Are Sports-ChIJFZU5oBHC9EcRJTFrSkI1xxg UrbanSoccer - Lyon Parilly-ChIJx3FQWjLC9EcRrrQb2eV7i_4 LE 5 DE LEGENDE-ChIJAQNaA3nc9EcRYvB35x41mBs UrbanSoccer - Lyon Barolles-ChIJN4l-IC3v9EcRf9QJKIVC_aY LE FIVE OL-ChIJmz3whejH9EcR3j9ApNRukKE Sun Set Soccer-ChIJ-2jOt33D9EcRLZL2mS5Gvz4 Factory Sport Games-ChIJNcDntQGO9EcR3CbXF7xfc5o
16/03/2024;15:00 16:00 15:30 16:30 17:00 17:30 18:00 18:30 19:00 19:30 20:00 20:30 21:00 21:30 22:00 22:30 23:30 23:00 14:00 14:30 13:00 13:30 12:00 12:30;aIqNnT4OusmofAzWQOuw;5 6 7;UrbanSoccer - Toulouse Sept Deniers-ChIJk5nUBdOkrhIRP-1aUJzo-lA UrbanSoccer - Toulouse Montaudran-ChIJl772e0u8rhIR2foRX4Xa2CI Events Five-ChIJf8cSCJG5rhIRoQadPH-wW1U Play Soccer-ChIJQ-UxZn-5rhIRKWoQydM5T9s LE FIVE Colomiers-ChIJ8wxhgGexrhIRm698kMPQIRw Classico Foot-ChIJFV442oCxrhIRgsZy5aIbkNs
27/02/2024;0,75;aKBWRw3GpTd2RBRvPY1i;1;Stadium Thiais-ChIJ64X9jzx05kcRsHvSfOv6UcA
19/03/2024;9:00 9:30 10:00 10:30 11:00 11:30 12:00 12:30 13:00 13:30 14:00 14:30 15:00 15:30 16:30 17:30 16:00 17:00 18:00 18:30 19:30 19:00 20:00 20:30 21:30 22:30 21:00 22:00 23:00 23:30;aL4P6NWTgGbF5HD4VllB;1 2 3 4 5 6 7;UrbanSoccer Guyancourt-ChIJmdX-2c-A5kcRj1wtOS8rZmo
20/03/2024;19:00 19:30;aM20tWRTDlPi0LiidDoC;2 3 1;Sport dans la Ville Rhône-Alpes-ChIJoUEDcmvr9EcRILCz6hDCQ2o
15/03/2024;16:00 16:30 17:30 17:00 18:30 18:00 19:00 20:00 20:30 21:30 21:00 19:30 22:00;aNZYIi3gOGg7JOCHyvWj;3 4 5 6 7;LE FIVE Villette-ChIJTUFnQjps5kcR0pHITLTw1PI LE FIVE Paris 18-ChIJPVT4_n1u5kcRzji6FdTBXXo LE FIVE Bobigny-ChIJV8UONORs5kcRXxR5Qd7x130 UrbanSoccer - Porte d'Aubervilliers-ChIJ0dXjDCZs5kcRvX0EpMwxsUY LE FIVE Paris 17-ChIJ7eI8sFNv5kcR5xy52Wc57NU UrbanSoccer - Asnières-ChIJi5LkLT9v5kcRSlhScqEFNWs UrbanSoccer - Puteaux-ChIJM_sC0-Nk5kcRhL1y_EFIje8 UrbanSoccer La Défense-ChIJh4rnfVhk5kcRV2Q-ZKdm8vA
08/03/2024;20:30 23:30 22:30 21:30;aSyjzoWm9TDiR8MutwdW;1 2 3 4 5 6 7;LE PARK Noisy-ChIJdUHbID8O5kcRV5lQhiHTvhs UrbanSoccer - Marne-La-Vallée-ChIJ6bDBiosP5kcROXiloHzSdhc LE FIVE Champigny-ChIJsXi1PLYN5kcRTVVDuczgS2s
18/02/2024;9:00 9:30 10:00 10:30;aVu5gZogMWPz70ytWxhl;7;UrbanSoccer Evry-ChIJW0Ut1G7e5UcRt621n2fRQ5M UrbanSoccer Orsay-ChIJpZIJg7J45kcRrKWKhtbfnEQ Speed Soccer Five-ChIJ2xTNglV25kcR3UDi4AXGfDU Antony Foot Evolution-ChIJIYtgSHZ35kcR137a05RtxzQ UrbanSoccer - Quai d'Ivry-ChIJfXxYJ0xy5kcRw9xTkF6-FZQ LE FIVE Morangis-ChIJA4uAhOXZ5UcRp-vZXZP-ovY FootBall Club Morangis Chilly-ChIJ0a4NKhB25kcRmd6NDyXzevE Stadium Thiais-ChIJ64X9jzx05kcRsHvSfOv6UcA
19/03/2024;22:00 22:30 23:00 23:30;aaPUCuRxo41JduXdqV0B;5 1 6;OHSPORT-ChIJHeG9fA4X5kcRbGNzVY5Ud5I LE FIVE Bobigny-ChIJV8UONORs5kcRXxR5Qd7x130 LE FIVE Sarcelles-ChIJ6_q3Fxhq5kcRCpoEwnoXX1Q LE FIVE Paris 18-ChIJPVT4_n1u5kcRzji6FdTBXXo FOOT IN FIVE-ChIJoUR0syFp5kcRUlStnwluaYY
08/03/2024;10:00 10:30 11:00 11:30;aei6KcyvxZ17FFrm0F4p;6 7;LE FIVE Montreuil-ChIJJdTQjr0T5kcRZmGxtIJVy44
28/02/2024;0,708333333;aeofp8FJ5Khf1WhFYsaQ;3;Fit Five - Bockstael-ChIJ04XFdbvDw0cRS0mwr4OaC1s
17/03/2024;17:00 18:00 19:00;afrP1eA65fBnP8HOAuBx;2 5 4;UrbanSoccer - Toulouse Sept Deniers-ChIJk5nUBdOkrhIRP-1aUJzo-lA UrbanSoccer - Toulouse Montaudran-ChIJl772e0u8rhIR2foRX4Xa2CI Play Soccer-ChIJQ-UxZn-5rhIRKWoQydM5T9s LE FIVE Colomiers-ChIJ8wxhgGexrhIRm698kMPQIRw Events Five-ChIJf8cSCJG5rhIRoQadPH-wW1U Classico Foot-ChIJFV442oCxrhIRgsZy5aIbkNs
20/02/2024;0,520833333;akQDgqDRgMQmhKsc2aRr;6 7;Stade Laneuveville-ChIJO75jQCqZlEcRfIB41VvUj3c Terrain libre accès-ChIJpe28MfWZlEcRe6IHFuUVTl8
19/02/2024;18:00 18:30 19:00 19:30 20:00 20:30 21:00;alrm6EuEvELAcAfYd27z;1 2 3 4 5 6 7;Footsal Cousinerie-ChIJXQyb1d8pw0cRLO_Ed5xHTIQ
01/03/2024;15:00 16:00 16:30 17:00 17:30 18:00 18:30 19:00 19:30 20:00 20:30 21:00 21:30 22:00 22:30;apy69pcejWFlVGHltcuS;5;Goal In d'Or La Farlède-ChIJHT4IIT8YyRIREI_EDEAf9gE Garden Soccer-ChIJB1Epk28EyRIRXiphlsMqnOU
29/02/2024;0,833333333;arcS97M4VGgKwxhmNScW;2;GOPARK Pontoise-ChIJ2cJmdhf15kcRQ4mUOxIVzd0
22/02/2024;9:00 9:30 10:00 10:30 11:00 11:30 12:00 12:30 13:00 13:30 14:00 14:30 15:00 15:30 16:00 16:30 17:00 17:30 18:00 18:30 19:00 19:30;au1NxWwCjGNHBUTPhSrm;6;Le CR5-ChIJnVE47IHn5UcRr5XRwCaPE38 B14 - Sports et Loisirs Indoor-ChIJaeLKMYXe5UcRHyWJ8X8FaPA LE FIVE Morangis-ChIJA4uAhOXZ5UcRp-vZXZP-ovY Power Five-ChIJ6ULNmyh15kcRV9cjbnBjGr8 LE PARK Servon-ChIJMU8gErUJ5kcRSnpvacKwFtM Futsal SCA 2000 Evry-ChIJLV1J_H_h5UcRQEZ3mVt5PvU EVRY FOOTBALL CLUB-ChIJSQMNUZbg5UcRhpqFvScOUjQ UrbanSoccer Evry-ChIJW0Ut1G7e5UcRt621n2fRQ5M Stade Jean-Louis Moulin-ChIJmal2wyHe5UcR7tHG0hzsRNQ
11/03/2024;14:00 14:30 15:30 15:00 16:00 16:30 17:30 17:00 11:00 11:30;avWqh23tfDNzrWYLbLbx;7 6 5 4 3 2 1;LE FIVE Paris 13-ChIJ_bOSChhz5kcRZMTeq_6Gdzg UrbanSoccer - Quai d'Ivry-ChIJfXxYJ0xy5kcRw9xTkF6-FZQ LE FIVE Montreuil-ChIJJdTQjr0T5kcRZmGxtIJVy44 UrbanSoccer La Défense-ChIJh4rnfVhk5kcRV2Q-ZKdm8vA
26/02/2024;20:00 21:00 20:30 21:30 22:00 19:30;ax7IbKUExGPLhF8U0vLQ;2 3 4;UrbanSoccer - Asnières-ChIJi5LkLT9v5kcRSlhScqEFNWs
14/03/2024;18:30 19:00 19:30 20:30 20:00 21:00 22:00 22:30 23:00 21:30 23:30;ay9RZ9v1s3d34pImnwDv;1 3 2 5 6 4 7;UrbanSoccer Evry-ChIJW0Ut1G7e5UcRt621n2fRQ5M B14 - Sports et Loisirs Indoor-ChIJaeLKMYXe5UcRHyWJ8X8FaPA LE FIVE Morangis-ChIJA4uAhOXZ5UcRp-vZXZP-ovY LE FIVE Créteil-ChIJ88lx3VwL5kcRVxCh4lD6_Gk Stadium Thiais-ChIJ64X9jzx05kcRsHvSfOv6UcA
03/03/2024;0,791666667;az8agRDg88Dq9rVmaxmr;7;B14 - Sports et Loisirs Indoor-ChIJaeLKMYXe5UcRHyWJ8X8FaPA UrbanSoccer Evry-ChIJW0Ut1G7e5UcRt621n2fRQ5M
06/02/2024;9:00 9:30 10:00 10:30 11:00 11:30 12:00 12:30 13:00 13:30 14:00 14:30 15:00 15:30 16:00 16:30 17:00 17:30 18:00 18:30;b1kG3TvgV8WyoVXwpkBE;1 2 3 4 5 6 7;UrbanSoccer - Asnières-ChIJi5LkLT9v5kcRSlhScqEFNWs Colombes Stadium-ChIJlydSodxl5kcRBsdrLmtHOic Terrain de football Synthétique n°1-ChIJqfdoIdFl5kcRqwddHG1PcBc
22/02/2024;18:00 18:30 19:00 19:30 20:00 20:30 21:00 21:30;bABLPJmswOiY3KLRGEvg;1 2 3 4 5 7 6;UrbanSoccer - Lyon Parilly-ChIJx3FQWjLC9EcRrrQb2eV7i_4
04/02/2024;10:00 10:30 11:00 11:30 16:00 16:30 17:00 17:30 18:00 18:30 9:00 9:30 19:00 19:30 20:00 20:30 15:00 15:30 14:00 14:30;bADY1e8GsfJmAOhx37DR;6 7;UrbanSoccer Meudon-ChIJ0WKvjbh75kcRoqSmyWwW2jQ UrbanSoccer Guyancourt-ChIJmdX-2c-A5kcRj1wtOS8rZmo UrbanSoccer - Puteaux-ChIJM_sC0-Nk5kcRhL1y_EFIje8 UrbanSoccer Orsay-ChIJpZIJg7J45kcRrKWKhtbfnEQ
09/03/2024;18:30 17:00 18:00 17:30 16:30 15:30 14:30 12:30 13:30 19:00 20:00 21:00 22:00 21:30 20:30 19:30 16:00;bAU5yneUVKUyDSFcP13O;6 7;Smash Goal Nantes-ChIJ2yg06abuBUgRixLY3NLRh14 UrbanSoccer - Nantes St-Sébastien-ChIJAyKrntzoBUgRF09hrORC2nc Le Sporting Nantes-ChIJo-3LeLXsBUgRu6gtAgQ6sJA Le Smile Sautron-ChIJ9Wv9FbuTBUgRQNYd2r8vvrI UrbanSoccer Nantes - Carquefou-ChIJEWyPupv7BUgRBqnhym4EyLk
22/02/2024;9:00 9:30 10:00 10:30 11:00 11:30 12:00 12:30 13:00 13:30 14:00 14:30 15:00 15:30 16:00 16:30 17:00 17:30 18:00 18:30 19:00 19:30 20:30 21:30 21:00 20:00 22:00 22:30 23:30 23:00;bBz3m2x96ivWU4Ikdueq;1 2 3 4 5 6 7;FOOTMAX Saint-Maximin-ChIJJazitpdJ5kcRIN9wK_jwKUY
02/03/2024;9:00 18:30 15:30 16:30 17:30 17:00 16:00 14:00 14:30 13:30 13:00 12:00 12:30 11:30 11:00 10:00 10:30 15:00 9:30;bFI4XH4oe4tbbpHmYaXt;1 2 3 4 5 6 7;Terrain de Futsal-ChIJoxpTSCQH50cRyEH7ZAuEcEs
26/02/2024;19:00 20:00 21:00 19:30 20:30;bFqg5JUtsUIS4X3CqEme;1 2 3 4 5 6 7;Le Mercato FOOT INDOOR-ChIJzRK7HJy_yRIRqEreyEiAfC0 Massilia Five-ChIJxZ6UmMW-yRIR7ot5DChYj4w MONCLUB 2.0-ChIJv9owGLm-yRIRfuDnd3G6nR4 Game 13 foot indoor-ChIJNSDvlsXryRIRUXao9hwB79I Le 13 - Foot en salle - Marseille-ChIJR62kUm_ByRIRDnGQqGCeUVQ
28/02/2024;14:00 16:00 15:00 12:30 13:30 14:30 16:30 17:30 15:30 17:00 18:00 18:30 19:30 19:00 20:00 20:30 12:00 13:00 11:30 11:00;bLETM2XKSEE0Jxvu41Ym;4;UrbanSoccer La Défense-ChIJh4rnfVhk5kcRV2Q-ZKdm8vA UrbanSoccer - Puteaux-ChIJM_sC0-Nk5kcRhL1y_EFIje8
27/02/2024;20:00 19:00 19:30 20:30 21:00;bOIDFLUWu3dgE6YMfK5J;3 5;LE FIVE Bezons-ChIJ71Mv0Wpk5kcRg-H9x7L-dXo Foot-Max Argenteuil-ChIJi9oIzaRm5kcRJYcK7QsdRMU UrbanSoccer La Défense-ChIJh4rnfVhk5kcRV2Q-ZKdm8vA
20/03/2024;20:00 19:00 21:00;bP5G8J3swUnKJNki5gV2;1 3 4 6 7;LE FIVE Sarcelles-ChIJ6_q3Fxhq5kcRCpoEwnoXX1Q BIG5-ChIJsb_7TJFp5kcRSPL5VqZulr4 FOOT IN FIVE-ChIJoUR0syFp5kcRUlStnwluaYY Le Street Foot en Salle-ChIJt_AXL6Jg5kcRu6rBmnrmeUM Kaiser Park-ChIJsRLZzKFg5kcRBCfNws9nssw
13/02/2024;18:00 17:00 19:00 20:00;bT2uSGAV1heLxZaHzDGx;2 4;UrbanSoccer Evry-ChIJW0Ut1G7e5UcRt621n2fRQ5M UrbanSoccer - Quai d'Ivry-ChIJfXxYJ0xy5kcRw9xTkF6-FZQ LE FIVE Paris 13-ChIJ_bOSChhz5kcRZMTeq_6Gdzg
26/02/2024;9:00 23:30;bggeDtdAtT0jG6Zxh7ff;1 2 3 4 5 6 7;UrbanSoccer - Lyon Parilly-ChIJx3FQWjLC9EcRrrQb2eV7i_4 We Are Sports-ChIJFZU5oBHC9EcRJTFrSkI1xxg LE 5 DE LEGENDE-ChIJAQNaA3nc9EcRYvB35x41mBs F5 Foot Five-ChIJjUbM5G7A9EcRW3mlkrhyXxY LE FIVE OL-ChIJmz3whejH9EcR3j9ApNRukKE Sun Set Soccer-ChIJ-2jOt33D9EcRLZL2mS5Gvz4 Sport dans la Ville Rhône-Alpes-ChIJoUEDcmvr9EcRILCz6hDCQ2o UrbanSoccer - Lyon Barolles-ChIJN4l-IC3v9EcRf9QJKIVC_aY
05/02/2024;19:00 19:30 18:30;bgsdfEJhtNPjUUCPdtoO;2 5;Sport dans la Ville Rhône-Alpes-ChIJoUEDcmvr9EcRILCz6hDCQ2o
24/02/2024;0,791666667;bh2uXTJlOwzHYRZTtQ3j;2;Monclub Futbol-ChIJGbxxaamUyRIRgGvhHnhJStA
29/02/2024;9:00 9:30 10:00 10:30 11:30 11:00 12:00 12:30 13:00 13:30 14:00 14:30 15:00 15:30 16:00 16:30 17:00 17:30 18:00 18:30 19:00 19:30 20:30 20:00 21:30 21:00 22:30 22:00 23:30 23:00;bjumTF1NDS1r4yKepFNP;1 2 3 4 5 6 7;LE PARK Servon-ChIJMU8gErUJ5kcRSnpvacKwFtM Le CR5-ChIJnVE47IHn5UcRr5XRwCaPE38 UrbanSoccer Evry-ChIJW0Ut1G7e5UcRt621n2fRQ5M Stadium Thiais-ChIJ64X9jzx05kcRsHvSfOv6UcA VERSUSFOOT-ChIJn2R2NT905kcRjqB29qldBxk LE FIVE Créteil-ChIJ88lx3VwL5kcRVxCh4lD6_Gk
04/03/2024;0,5625;bqKAsWhbcXbvkUXdtqoa;6 7;OHSPORT-ChIJHeG9fA4X5kcRbGNzVY5Ud5I LE FIVE Bobigny-ChIJV8UONORs5kcRXxR5Qd7x130 LE FIVE Marville - La Courneuve-ChIJ2dHdMZxr5kcR0aKYHYsp0pY LE FIVE Sarcelles-ChIJ6_q3Fxhq5kcRCpoEwnoXX1Q
03/03/2024;9:00 9:30 10:00 10:30 11:00 11:30 12:30 12:00 13:30 14:30 13:00 14:00 15:00 15:30 16:30 17:00 17:30 16:00 18:00 18:30 19:00;btfZaEqjxB61BSFxTOqF;7 6;LE FIVE Bezons-ChIJ71Mv0Wpk5kcRg-H9x7L-dXo Foot-Max Argenteuil-ChIJi9oIzaRm5kcRJYcK7QsdRMU UrbanSoccer - Puteaux-ChIJM_sC0-Nk5kcRhL1y_EFIje8 UrbanSoccer - Asnières-ChIJi5LkLT9v5kcRSlhScqEFNWs Foot POWER 5-ChIJuTCIFshm5kcRBtEQJ76dAzc LE FIVE Paris 17-ChIJ7eI8sFNv5kcR5xy52Wc57NU FOOT IN FIVE-ChIJoUR0syFp5kcRUlStnwluaYY LE FIVE Paris 18-ChIJPVT4_n1u5kcRzji6FdTBXXo UrbanSoccer - Porte d'Aubervilliers-ChIJ0dXjDCZs5kcRvX0EpMwxsUY LE FIVE Marville - La Courneuve-ChIJ2dHdMZxr5kcR0aKYHYsp0pY LE FIVE Villette-ChIJTUFnQjps5kcR0pHITLTw1PI Le Street Foot en Salle-ChIJt_AXL6Jg5kcRu6rBmnrmeUM BIG5-ChIJsb_7TJFp5kcRSPL5VqZulr4 Kaiser Park-ChIJsRLZzKFg5kcRBCfNws9nssw LE FIVE Sarcelles-ChIJ6_q3Fxhq5kcRCpoEwnoXX1Q UrbanSoccer Meudon-ChIJ0WKvjbh75kcRoqSmyWwW2jQ LE FIVE Bobigny-ChIJV8UONORs5kcRXxR5Qd7x130 LE FIVE Paris 13-ChIJ_bOSChhz5kcRZMTeq_6Gdzg Firefoot-ChIJ0zSROfj15kcR4l0wrCcYPMk UrbanSoccer La Défense-ChIJh4rnfVhk5kcRV2Q-ZKdm8vA Terrain n°4-ChIJmRGyAYNl5kcRK-d00eYIkIs Five Pizza Original - Colombes-ChIJB1FcuwZl5kcRyGlhp5HWG_4 Stade Olympique Yves du Manoir-ChIJYeUIntpl5kcRZsN35flVVAY Etoile Sportive Colombienne-ChIJLSWJGTRk5kcRmGZfmBO5jkA Colombes Stadium-ChIJlydSodxl5kcRBsdrLmtHOic Terrain de football n°11-ChIJd9ErhO9l5kcRrpDEWpcfH4A
24/02/2024;0,833333333;bxlZeRpeF0JViWnryqvQ;6;Le Street Foot en Salle-ChIJt_AXL6Jg5kcRu6rBmnrmeUM
16/03/2024;10:00 10:30;c1SPhiFnwddHd1bfTnkd;1;UrbanSoccer Meudon-ChIJ0WKvjbh75kcRoqSmyWwW2jQ
28/02/2024;10:00 10:30 11:00 11:30 12:00 12:30 13:00 13:30 14:00 14:30 15:00 15:30 16:00 16:30 17:00 17:30 18:00 18:30 19:00;c5XHHmvTHrCTi81p3yug;1 2 3 4 5;UrbanSoccer - Quai d'Ivry-ChIJfXxYJ0xy5kcRw9xTkF6-FZQ LE FIVE Paris 13-ChIJ_bOSChhz5kcRZMTeq_6Gdzg
15/02/2024;19:00 20:00 19:30 20:30 21:00 21:30;c7Oq9pxOn1IW98LwPjiy;1 2 3 4 5 6 7;LE PARK Complexe Multisports-ChIJdUHbID8O5kcRV5lQhiHTvhs
14/03/2024;19:30 20:00 20:30 21:00 21:30 19:00;cBLxfOZlQuFg0VdlmKjZ;7 6 5 4 3 2 1;LE FIVE Paris 17-ChIJ7eI8sFNv5kcR5xy52Wc57NU UrbanSoccer - Asnières-ChIJi5LkLT9v5kcRSlhScqEFNWs UrbanSoccer - Puteaux-ChIJM_sC0-Nk5kcRhL1y_EFIje8 UrbanSoccer - Porte d'Aubervilliers-ChIJ0dXjDCZs5kcRvX0EpMwxsUY LE FIVE Paris 18-ChIJPVT4_n1u5kcRzji6FdTBXXo UrbanSoccer Meudon-ChIJ0WKvjbh75kcRoqSmyWwW2jQ UrbanSoccer La Défense-ChIJh4rnfVhk5kcRV2Q-ZKdm8vA
09/02/2024;9:00 9:30 10:30 10:00 11:30 11:00 12:30 12:00 13:30 14:30 15:30 14:00 16:30 13:00 15:00 16:00 17:00 17:30 18:00 18:30 19:00 19:30 20:00 20:30 21:00 21:30 22:00 22:30 23:00 23:30;cDbPPhlUOE1lL48xOn4X;1 2 3 4 5 6 7;Stade Georges Carpentier-ChIJK1Ox8s9z5kcRbgUAZHwwCQA Stade de la Tour aux Parachutes-ChIJbwsrhCpy5kcRca22Pnhr8MU
09/03/2024;19:00 21:30;cERXgGLnisZxaaYFwIbV;1 2 3 4 5 6 7;LE FIVE Annemasse-ChIJVc4JI-FtjEcRkBpWIDCVoII CS Interstar Genève-ChIJff7JFedkjEcRJcE8FW1TsMU Swiss Geneva Futsal-ChIJFxaO_8VkjEcR2MMPdf5_OMg ACGF-Futsal-ChIJV7etdqJljEcRbhyI6XpAI-0 FC GENÈVE UNITED-ChIJp3-4AsF6jEcRdOgnvJ1ZnGQ Stade de Varembé-ChIJcyGsV8FljEcR7597_gmR2wE FC City-ChIJ4dM6DVZjjEcR1vGadb9Q7sY Stade du Bois-de-la-Bâtie-ChIJd_RQfTR7jEcRkR4vs_thCpA Club Atlético de Genève-ChIJLePbWvx7jEcRuNsvArbVFrw Terrain de Sport de L'école Internationale de Genève-ChIJQ4MgHS9ljEcR8xxikPE2T3o Stade de Genève-ChIJNZ-ndCJ7jEcRzq9IaB4k3iY Foot Junior-ChIJ61zdWjZljEcR0lRpwxCFbfY Genève Education Football-ChIJX_WkMNJkjEcRmi1MJmYIm_A Football Club Grand-Saconnex-ChIJlYEOdMBljEcRahO2D5nBE9M FC CHAMPEL-ChIJS5fPisB6jEcR2v72YayB4Ew AS Charmilles-ChIJoeUxfgJljEcRUJ9BmWVU1VI 11teamsports Genève-ChIJ263hotZ6jEcRTm91MZP60hw Stade de Balexert-ChIJqdB6sLxkjEcR-4Vi5GpKScI Five Night Club-ChIJSRNUUS1ljEcRQ4YcdRtSKOk Foot Factory-ChIJU1_HeLtkjEcR9PlxToCXN2I MCI Sport Sàrl-ChIJU5uoAiRljEcRzQi0pPqRu2g Union Sportive Annemasse Ambilly Gaillard-ChIJwcUpkP1xjEcR9-0zaUNgmUQ
19/03/2024;22:00 22:30 21:30;cFigGh04vssu1UHCx5Rv;1 2 3 4 5 6 7;Foot POWER 5-ChIJuTCIFshm5kcRBtEQJ76dAzc
17/03/2024;0,75;cFlSi8Bi5T4QDsbC56vL;2 3 4 1 5;Footsal Cousinerie-ChIJXQyb1d8pw0cRLO_Ed5xHTIQ
09/02/2024;12:00 12:30 18:30 19:00 19:30;cGM9I3jTrqW1ZvcHnaFT;3 5;LE FIVE Paris 17-ChIJ7eI8sFNv5kcR5xy52Wc57NU
03/03/2024;14:00 14:30 15:00 15:30 16:30 16:00 17:00 17:30 18:00 18:30 19:00 19:30;cGvYGtdPDPY7f0R5Kk9r;1 2 3 4 6 7;UrbanSoccer - Lille Lezennes-ChIJR3ro5nTWwkcRfM_S3Be9HjI
14/02/2024;0,8125;cHYC0kRQgLXtWAOHT3Gi;4;Lille Football Faubourg de Bethune-ChIJgUO_inLVwkcR9OZ3Xp9c_v0
20/02/2024;17:30 18:00 18:30 19:00 19:30 20:00;cIxB3Qsg9xNYcSWR0bbs;2;LE FIVE Metz-ChIJodpwmbLblEcRGk4-_FQorf4
05/03/2024;0,791666667;cMSpKyhDMPpxqwLS6KTK;5;VERSUSFOOT Thiais-ChIJn2R2NT905kcRjqB29qldBxk
27/02/2024;20:00 20:30 21:00 21:30 22:00 22:30 23:00 23:30;cMxfIj33yCrXxjPHBiwX;1 3 2 4 5 6 7;UrbanSoccer - Marne-La-Vallée-ChIJ6bDBiosP5kcROXiloHzSdhc LE PARK Noisy-ChIJdUHbID8O5kcRV5lQhiHTvhs Top Ten-ChIJfXprBx4b5kcRmhe-5pLZUek LE FIVE Champigny-ChIJsXi1PLYN5kcRTVVDuczgS2s LE PARK Servon-ChIJMU8gErUJ5kcRSnpvacKwFtM LE FIVE Créteil-ChIJ88lx3VwL5kcRVxCh4lD6_Gk Stadium Thiais-ChIJ64X9jzx05kcRsHvSfOv6UcA
04/02/2024;0,4375;cOCA4VOqEmRAHXRg438i;7;UrbanSoccer Evry-ChIJW0Ut1G7e5UcRt621n2fRQ5M LE FIVE Morangis-ChIJA4uAhOXZ5UcRp-vZXZP-ovY UrbanSoccer Orsay-ChIJpZIJg7J45kcRrKWKhtbfnEQ Speed Soccer Five-ChIJ2xTNglV25kcR3UDi4AXGfDU Stadium Thiais-ChIJ64X9jzx05kcRsHvSfOv6UcA Le CR5-ChIJnVE47IHn5UcRr5XRwCaPE38 B14 - Sports et Loisirs Indoor-ChIJaeLKMYXe5UcRHyWJ8X8FaPA Club Sportif Brétigny Football-ChIJ04frSyra5UcRixCO25ulwvM
01/03/2024;17:00 17:30 18:00 18:30 19:00 19:30 20:00 20:30 21:00 21:30 22:00 22:30 23:00 23:30 16:30;cOPhMZt5h2rdaYhmFzbr;5;UrbanSoccer Orsay-ChIJpZIJg7J45kcRrKWKhtbfnEQ UrbanSoccer Meudon-ChIJ0WKvjbh75kcRoqSmyWwW2jQ UrbanSoccer Guyancourt-ChIJmdX-2c-A5kcRj1wtOS8rZmo
15/03/2024;19:30 20:30 18:30 21:30 22:30 23:30;cSAi45zayuJcCX5NZ9Qm;1;UrbanSoccer - Toulouse Sept Deniers-ChIJk5nUBdOkrhIRP-1aUJzo-lA UrbanSoccer - Toulouse Montaudran-ChIJl772e0u8rhIR2foRX4Xa2CI Play Soccer-ChIJQ-UxZn-5rhIRKWoQydM5T9s Events Five-ChIJf8cSCJG5rhIRoQadPH-wW1U Classico Foot-ChIJFV442oCxrhIRgsZy5aIbkNs
05/02/2024;9:00 20:30;cTqNVpQ9275O7TOAdGYo;1 2 3 4;Le Five Vierzon-ChIJvalo6kna-kcRcZ5KYGutpbk Bourges Foot Indoor Ex Le Five-ChIJ83NC866V-kcR6DNZ4AYLF4c Stade de Foot-ChIJLTgJeEwo5UcRiAIibGakRRU Stade de Foot-ChIJA4xP7m1t-0cRIPwjLuCJj_g Stade municipal-ChIJlc7M5GCh-0cRQcUeO8wmXQU Vierzon Football Club-ChIJu-15wrXb-kcRWaC2v1H1Pm0 URBAN FORM-ChIJnXoirv4z-0cRNLfiVNdXGVY
18/02/2024;19:00 19:30 20:00 20:30 21:00 21:30 22:00 22:30;cUs7hObufXKB5oxhg8VT;1 2 3 4 5 6 7;LE PARK Complexe Multisports-ChIJMU8gErUJ5kcRSnpvacKwFtM
02/03/2024;20:00 19:00 21:00;cVg6lI7J50IJlDdOIKKz;4 2 7;UrbanSoccer - Toulouse Sept Deniers-ChIJk5nUBdOkrhIRP-1aUJzo-lA LE FIVE Colomiers-ChIJ8wxhgGexrhIRm698kMPQIRw Classico Foot-ChIJFV442oCxrhIRgsZy5aIbkNs Play Soccer-ChIJQ-UxZn-5rhIRKWoQydM5T9s UrbanSoccer - Toulouse Montaudran-ChIJl772e0u8rhIR2foRX4Xa2CI
05/02/2024;18:30 19:00 19:30 20:00 20:30 21:00 21:30 22:00 22:30 23:30 23:00;cVmF9aT1p1fiRifyOCYV;1 2 3 4 5 6 7;By foot-ChIJYz1iXyDOzRIRSLYYLDIpmsc Stadium Antibes-ChIJSSGxg-PUzRIRblID9ACQndc
19/03/2024;0,708333333;cWuyh7QrcE3LekX7CvQq;1 7 4;LE FIVE Marville - La Courneuve-ChIJ2dHdMZxr5kcR0aKYHYsp0pY
13/02/2024;17:00 18:00 19:00 16:00 15:00 14:00 13:00 13:30 14:30 15:30 16:30 17:30 18:30 19:30;cZJBSaAhrficlRvc7Qc9;5;LE FIVE Bezons-ChIJ71Mv0Wpk5kcRg-H9x7L-dXo
25/02/2024;14:00 18:00 18:30 17:30 17:00 16:30 16:00 15:30 15:00 14:30 19:00 19:30;ccaYtO5cTh2zrJN1UYQG;7;UrbanSoccer - Lyon Barolles-ChIJN4l-IC3v9EcRf9QJKIVC_aY We Are Sports-ChIJFZU5oBHC9EcRJTFrSkI1xxg UrbanSoccer - Lyon Parilly-ChIJx3FQWjLC9EcRrrQb2eV7i_4 Sport dans la Ville Rhône-Alpes-ChIJoUEDcmvr9EcRILCz6hDCQ2o Sun Set Soccer-ChIJ-2jOt33D9EcRLZL2mS5Gvz4 F5 Foot Five-ChIJjUbM5G7A9EcRW3mlkrhyXxY LE 5 DE LEGENDE-ChIJAQNaA3nc9EcRYvB35x41mBs
19/03/2024;19:30 20:00 20:30 21:00 21:30 22:00 22:30 23:00 23:30 19:00;ceSs8RS3QuLetnrs481t;2;UrbanSoccer La Défense-ChIJh4rnfVhk5kcRV2Q-ZKdm8vA UrbanSoccer - Puteaux-ChIJM_sC0-Nk5kcRhL1y_EFIje8 LE FIVE Bezons-ChIJ71Mv0Wpk5kcRg-H9x7L-dXo Foot-Max Argenteuil-ChIJi9oIzaRm5kcRJYcK7QsdRMU UrbanSoccer - Asnières-ChIJi5LkLT9v5kcRSlhScqEFNWs
07/03/2024;18:30 19:30 19:00 20:00 20:30 21:00 21:30 22:00 22:30 23:00 23:30;cgJXOsFFKuaU3Dqko1aW;1 2 3 4 5 6 7;UrbanSoccer - Lille Bondues-ChIJ58ZerMgrw0cR2Jyp7tZjBn4 KIPSTADIUM-ChIJydcoT88ow0cRLnHvlF-Z_jE Arena Club-ChIJeWJWRjYvw0cRbnJR4ZXAKMA UrbanSoccer - Lille Lezennes-ChIJR3ro5nTWwkcRfM_S3Be9HjI Footsal Cousinerie-ChIJXQyb1d8pw0cRLO_Ed5xHTIQ Footsal-ChIJa7HS298pw0cRMoVDj0XqVdI
01/03/2024;0,75;chHnC5qzjFstq1hqKFU8;5;Sport dans la Ville Rhône-Alpes-ChIJoUEDcmvr9EcRILCz6hDCQ2o
05/02/2024;0,854166667;chceljv1LqFku4C3550n;1 2 3 4 5 6 7;Stadium Antibes-ChIJSSGxg-PUzRIRblID9ACQndc
17/03/2024;10:00 11:00 12:00 13:00 14:00 15:00 16:00 17:00 18:00 10:30 11:30 12:30 13:30 14:30 15:30 16:30 17:30 18:30 19:00 19:30;chnZS7q5WtC4cybFWYuW;6 7;UrbanSoccer - Marne-La-Vallée-ChIJ6bDBiosP5kcROXiloHzSdhc LE FIVE Champigny-ChIJsXi1PLYN5kcRTVVDuczgS2s LE FIVE Montreuil-ChIJJdTQjr0T5kcRZmGxtIJVy44 LE FIVE Bobigny-ChIJV8UONORs5kcRXxR5Qd7x130 LE FIVE Villette-ChIJTUFnQjps5kcR0pHITLTw1PI LE FIVE Créteil-ChIJ88lx3VwL5kcRVxCh4lD6_Gk UrbanSoccer - Porte d'Aubervilliers-ChIJ0dXjDCZs5kcRvX0EpMwxsUY LE FIVE Marville - La Courneuve-ChIJ2dHdMZxr5kcR0aKYHYsp0pY LE FIVE Paris 18-ChIJPVT4_n1u5kcRzji6FdTBXXo LE FIVE Paris 13-ChIJ_bOSChhz5kcRZMTeq_6Gdzg LE PARK Servon-ChIJMU8gErUJ5kcRSnpvacKwFtM LE FIVE Sarcelles-ChIJ6_q3Fxhq5kcRCpoEwnoXX1Q LE FIVE Paris 17-ChIJ7eI8sFNv5kcR5xy52Wc57NU Power Five-ChIJ6ULNmyh15kcRV9cjbnBjGr8 UrbanSoccer - Quai d'Ivry-ChIJfXxYJ0xy5kcRw9xTkF6-FZQ OHSPORT-ChIJHeG9fA4X5kcRbGNzVY5Ud5I Top Ten-ChIJfXprBx4b5kcRmhe-5pLZUek LE PARK Noisy-ChIJdUHbID8O5kcRV5lQhiHTvhs Footbox-ChIJY-WkusIR5kcR-tEad3UtaSQ
17/03/2024;17:00 17:30;ci9iRK5b3iyXVYjTJT4y;1 2 3 4 5 6 7;Spot FUTSAL-ChIJwdUawmfVwkcRaNLo_CmNii0 UrbanSoccer - Lille Lezennes-ChIJR3ro5nTWwkcRfM_S3Be9HjI Footsal-ChIJa7HS298pw0cRMoVDj0XqVdI Footsal Cousinerie-ChIJXQyb1d8pw0cRLO_Ed5xHTIQ UrbanSoccer - Lille Bondues-ChIJ58ZerMgrw0cR2Jyp7tZjBn4 KIPSTADIUM-ChIJydcoT88ow0cRLnHvlF-Z_jE Arena Club-ChIJeWJWRjYvw0cRbnJR4ZXAKMA
24/02/2024;9:00 9:30 10:00 10:30 11:00 11:30 12:00;ciqGwTYgc2VoX4ypGqjP;7;City Sport-ChIJ4-oAkKQrEkgRnNNc8aHEAwQ City Stade-ChIJOf3IUdQtEkgRAeVg8dKhR-c City stade-ChIJ6XKvit_jEUgRrKEVE0n7VZE City Stade-ChIJu23cqfsrEkgR33kO4vwamZc
25/02/2024;17:30 18:00 18:30 19:00 19:30;clg6dFnVAhtLcNuBDFCU;1 2 3 4 5 6 7;LE FIVE Carrières-sous-Poissy-ChIJ9T4fWfyL5kcRCBX-FyZLvEE
19/03/2024;17:30 18:00 18:30 19:00 19:30 20:00 20:30 21:00;cm9Y2AlMpaL5Z4cyvRQ3;1 2 4 3 5 6 7;Z5 Aix-ChIJKb-U_9KSyRIRKIFKbH5mW18 Le B3 Soccer-ChIJa69uraDryRIRRlY7a07cUqU
20/03/2024;23:00 23:30 22:00 22:30 21:30 21:00 20:30 20:00 19:30 19:00 18:30 18:00 17:30 17:00 16:30 16:00 15:30 15:00 14:30 14:00 13:30 13:00 12:30 12:00 11:30 11:00 10:30 10:00;cpmN6feblTR3j957ioqU;6 7;LE PARK Noisy-ChIJdUHbID8O5kcRV5lQhiHTvhs LE FIVE Champigny-ChIJsXi1PLYN5kcRTVVDuczgS2s UrbanSoccer - Marne-La-Vallée-ChIJ6bDBiosP5kcROXiloHzSdhc Footbox-ChIJY-WkusIR5kcR-tEad3UtaSQ LE FIVE Montreuil-ChIJJdTQjr0T5kcRZmGxtIJVy44 Top Ten-ChIJfXprBx4b5kcRmhe-5pLZUek LE FIVE Bobigny-ChIJV8UONORs5kcRXxR5Qd7x130 LE FIVE Créteil-ChIJ88lx3VwL5kcRVxCh4lD6_Gk UrbanSoccer - Quai d'Ivry-ChIJfXxYJ0xy5kcRw9xTkF6-FZQ OHSPORT-ChIJHeG9fA4X5kcRbGNzVY5Ud5I LE FIVE Villette-ChIJTUFnQjps5kcR0pHITLTw1PI LE FIVE Paris 13-ChIJ_bOSChhz5kcRZMTeq_6Gdzg LE FIVE Paris 18-ChIJPVT4_n1u5kcRzji6FdTBXXo UrbanSoccer - Porte d'Aubervilliers-ChIJ0dXjDCZs5kcRvX0EpMwxsUY LE PARK Servon-ChIJMU8gErUJ5kcRSnpvacKwFtM LE FIVE Marville - La Courneuve-ChIJ2dHdMZxr5kcR0aKYHYsp0pY Power Five-ChIJ6ULNmyh15kcRV9cjbnBjGr8 VERSUSFOOT Thiais-ChIJn2R2NT905kcRjqB29qldBxk Stadium Thiais-ChIJ64X9jzx05kcRsHvSfOv6UcA LE FIVE Paris 17-ChIJ7eI8sFNv5kcR5xy52Wc57NU
29/02/2024;23:30 23:00 22:30 21:30 21:00 22:00 20:00 19:00 18:00 18:30 19:30 20:30;craxlyhNiluKlb6t0h0E;6 5 7;LE FIVE Bezons-ChIJ71Mv0Wpk5kcRg-H9x7L-dXo
25/02/2024;17:30 18:30 18:00 19:30 19:00 20:00;crydvtQZMbhEsI7Aa6q9;7;UrbanSoccer - Marne-La-Vallée-ChIJ6bDBiosP5kcROXiloHzSdhc LE PARK Noisy-ChIJdUHbID8O5kcRV5lQhiHTvhs LE FIVE Champigny-ChIJsXi1PLYN5kcRTVVDuczgS2s Top Ten-ChIJfXprBx4b5kcRmhe-5pLZUek LE PARK Servon-ChIJMU8gErUJ5kcRSnpvacKwFtM LE FIVE Créteil-ChIJ88lx3VwL5kcRVxCh4lD6_Gk Footbox-ChIJY-WkusIR5kcR-tEad3UtaSQ LE FIVE Montreuil-ChIJJdTQjr0T5kcRZmGxtIJVy44 Power Five-ChIJ6ULNmyh15kcRV9cjbnBjGr8 UrbanSoccer - Quai d'Ivry-ChIJfXxYJ0xy5kcRw9xTkF6-FZQ LE FIVE Bobigny-ChIJV8UONORs5kcRXxR5Qd7x130 VERSUSFOOT Thiais-ChIJn2R2NT905kcRjqB29qldBxk LE FIVE Paris 13-ChIJ_bOSChhz5kcRZMTeq_6Gdzg Stadium Thiais-ChIJ64X9jzx05kcRsHvSfOv6UcA OHSPORT-ChIJHeG9fA4X5kcRbGNzVY5Ud5I
29/02/2024;9:00 23:30 9:30 10:00 10:30 11:00 11:30 12:30 13:30 12:00 13:00 14:30 14:00 15:30 16:30 15:00 16:00 17:30 17:00 18:30 19:30 19:00 18:00 20:30 20:00 21:30 21:00 22:30 22:00 23:00;cunDOGawTZ2skSPGKhtE;1 2 3 4 5 6 7;Stadium Thiais-ChIJ64X9jzx05kcRsHvSfOv6UcA LE FIVE Paris 13-ChIJ_bOSChhz5kcRZMTeq_6Gdzg UrbanSoccer - Quai d'Ivry-ChIJfXxYJ0xy5kcRw9xTkF6-FZQ Speed Soccer Five-ChIJ2xTNglV25kcR3UDi4AXGfDU UrbanSoccer Meudon-ChIJ0WKvjbh75kcRoqSmyWwW2jQ VERSUSFOOT Thiais-ChIJn2R2NT905kcRjqB29qldBxk LE FIVE Morangis-ChIJA4uAhOXZ5UcRp-vZXZP-ovY LE FIVE Créteil-ChIJ88lx3VwL5kcRVxCh4lD6_Gk
09/03/2024;9:00 9:30 10:00 10:30 11:00 11:30 12:00 13:00 12:30 13:30 14:30 14:00 15:00 15:30 16:30 16:00 17:00 17:30 18:00 18:30 19:00 19:30 20:00 20:30 21:00 21:30 22:00 22:30 23:00 23:30;cwFulErtB7eqyqnW0Dbv;1 2 3 4 5 6 7;UrbanSoccer - Toulouse Montaudran-ChIJl772e0u8rhIR2foRX4Xa2CI UrbanSoccer - Toulouse Sept Deniers-ChIJk5nUBdOkrhIRP-1aUJzo-lA Play Soccer-ChIJQ-UxZn-5rhIRKWoQydM5T9s
25/02/2024;20:00 21:00 22:00 23:00 20:30 21:30 22:30 23:30 19:30 19:00;cy9kEdshdGKwsAKlAb8p;7 6 5 3 4 2 1;LE FIVE Paris 18-ChIJPVT4_n1u5kcRzji6FdTBXXo UrbanSoccer - Porte d'Aubervilliers-ChIJ0dXjDCZs5kcRvX0EpMwxsUY
07/02/2024;14:00 15:00 16:00 17:00 18:00;cyHldul1ufYRkh3yMe07;6;Monclub Futbol-ChIJGbxxaamUyRIRgGvhHnhJStA
18/03/2024;0,854166667;d1nBAmiBOQS9AyNykOZw;1;LE FIVE Paris 17-ChIJ7eI8sFNv5kcR5xy52Wc57NU
09/03/2024;17:00 17:30 18:00 18:30 19:00;d9WjQTp1neJJelObhsWH;7;UrbanSoccer - Puteaux-ChIJM_sC0-Nk5kcRhL1y_EFIje8 UrbanSoccer La Défense-ChIJh4rnfVhk5kcRV2Q-ZKdm8vA
03/03/2024;9:00 9:30 10:00 10:30 11:00 11:30 12:30 12:00 13:00 13:30 14:00 14:30 15:00 15:30 16:00 16:30 17:00 17:30 18:00 18:30 19:00 19:30 20:00 20:30 21:00 21:30 22:00 22:30 23:00 23:30;d9eaSrVP9jZKWKrSTELR;1 2 3 4 5 6 7;UrbanSoccer - Strasbourg-ChIJbeF8CznIlkcRkTmqhGiUECc LE FIVE Strasbourg-ChIJ934qQbG3lkcRm6TibMl6fgg Padel and Foot Strasbourg-ChIJE9ZciNLHlkcRF9bBiXbLuYk KG5 Strasbourg-Mundolsheim-ChIJRSG64gm4lkcRPQTZbn3M85Q
22/02/2024;0,770833333;dAI0nfD0xMmvA0Obbxi1;1;UrbanSoccer Meudon-ChIJ0WKvjbh75kcRoqSmyWwW2jQ LE FIVE Paris 13-ChIJ_bOSChhz5kcRZMTeq_6Gdzg
19/03/2024;19:00 20:00 19:30 20:30 18:00 18:30;dCYfNuqdUZEFPVlX3Rv9;3;Sport dans la Ville Rhône-Alpes-ChIJoUEDcmvr9EcRILCz6hDCQ2o
21/02/2024;0,833333333;dEEkQH4HIdb17o02mBqN;3;Arena Club-ChIJeWJWRjYvw0cRbnJR4ZXAKMA
17/03/2024;13:30 14:30 15:30 16:30 17:30 18:30 17:00 18:00 16:00 19:00 15:00 14:00;dKdZwnAE2Y4uGZHSLqz9;1 2 3 4 5 6 7;LE FIVE OL-ChIJmz3whejH9EcR3j9ApNRukKE F5 Foot Five-ChIJjUbM5G7A9EcRW3mlkrhyXxY
10/03/2024;9:00 23:30;dPnq1Zmwmi9EcsaZ0YeQ;3 2 1 4 5 6 7;Foot-Max Argenteuil-ChIJi9oIzaRm5kcRJYcK7QsdRMU Foot POWER 5-ChIJuTCIFshm5kcRBtEQJ76dAzc LE FIVE Bezons-ChIJ71Mv0Wpk5kcRg-H9x7L-dXo UrbanSoccer Meudon-ChIJ0WKvjbh75kcRoqSmyWwW2jQ LE FIVE Sarcelles-ChIJ6_q3Fxhq5kcRCpoEwnoXX1Q LE FIVE Villette-ChIJTUFnQjps5kcR0pHITLTw1PI LE FIVE Paris 18-ChIJPVT4_n1u5kcRzji6FdTBXXo LE FIVE Marville - La Courneuve-ChIJ2dHdMZxr5kcR0aKYHYsp0pY UrbanSoccer - Porte d'Aubervilliers-ChIJ0dXjDCZs5kcRvX0EpMwxsUY GOPARK Pontoise-ChIJ2cJmdhf15kcRQ4mUOxIVzd0 BIG5-ChIJsb_7TJFp5kcRSPL5VqZulr4 LE FIVE Carrières-sous-Poissy-ChIJ9T4fWfyL5kcRCBX-FyZLvEE LE FIVE Paris 17-ChIJ7eI8sFNv5kcR5xy52Wc57NU Firefoot-ChIJ0zSROfj15kcR4l0wrCcYPMk FOOT IN FIVE-ChIJoUR0syFp5kcRUlStnwluaYY UrbanSoccer - Asnières-ChIJi5LkLT9v5kcRSlhScqEFNWs UrbanSoccer - Puteaux-ChIJM_sC0-Nk5kcRhL1y_EFIje8 Kaiser Park-ChIJsRLZzKFg5kcRBCfNws9nssw Le Street Foot en Salle-ChIJt_AXL6Jg5kcRu6rBmnrmeUM UrbanSoccer La Défense-ChIJh4rnfVhk5kcRV2Q-ZKdm8vA
02/02/2024;14:00 14:30 15:00 15:30 16:00 16:30 17:00 17:30 18:00 18:30 19:00 19:30 20:00 20:30;dQuStrM6Wz1meSHV2kxx;2 3 4 5 6;UrbanSoccer Meudon-ChIJ0WKvjbh75kcRoqSmyWwW2jQ
19/03/2024;0,5;dTVfmPDaqsqTrOHXM5tC;3;Stade Suzanne Lenglen-ChIJvTSVwnVw5kcR9CmKGXIcwtA
25/02/2024;14:00 15:00 16:00 17:00 18:00 19:00 20:00 21:00 14:30 16:30 15:30 17:30 18:30 19:30 20:30 21:30;dV1L3g26POoc6lTiNlkN;2 3 4 5 6 7;LE FIVE Paris 13-ChIJ_bOSChhz5kcRZMTeq_6Gdzg LE FIVE Paris 18-ChIJPVT4_n1u5kcRzji6FdTBXXo UrbanSoccer - Quai d'Ivry-ChIJfXxYJ0xy5kcRw9xTkF6-FZQ LE FIVE Paris 17-ChIJ7eI8sFNv5kcR5xy52Wc57NU UrbanSoccer - Porte d'Aubervilliers-ChIJ0dXjDCZs5kcRvX0EpMwxsUY LE FIVE Villette-ChIJTUFnQjps5kcR0pHITLTw1PI LE FIVE Montreuil-ChIJJdTQjr0T5kcRZmGxtIJVy44 UrbanSoccer - Puteaux-ChIJM_sC0-Nk5kcRhL1y_EFIje8 UrbanSoccer La Défense-ChIJh4rnfVhk5kcRV2Q-ZKdm8vA
21/02/2024;21:30 22:00 21:00 20:30 20:00 19:30;dV4265CPqS1NOmEjyQVq;1 2 3 4 5;UrbanSoccer - Puteaux-ChIJM_sC0-Nk5kcRhL1y_EFIje8 UrbanSoccer La Défense-ChIJh4rnfVhk5kcRV2Q-ZKdm8vA Élite 5 Soccer-ChIJ5-jfdlZk5kcRYIaELgvikaM LE FIVE Paris 17-ChIJ7eI8sFNv5kcR5xy52Wc57NU LE FIVE Bezons-ChIJ71Mv0Wpk5kcRg-H9x7L-dXo LE FIVE Paris 18-ChIJPVT4_n1u5kcRzji6FdTBXXo
17/03/2024;18:00 18:30 19:00 19:30 20:30 20:00 21:00;dVfzK2E7MMWOrDfWx3HJ;1 3 4 6 7;Le 13 - Foot en salle - Marseille-ChIJR62kUm_ByRIRDnGQqGCeUVQ STADIUM FOOT 5 VILLAGE-ChIJbbOWFtC4yRIR0WXVerbWmnE Massilia Foot Indoor 2-ChIJxZ6UmMW-yRIRfYNGGPPJfIU MONCLUB 2.0-ChIJv9owGLm-yRIRfuDnd3G6nR4 FOOT INDOOR Marseille-ChIJ41AMCxC8yRIRLHLGt11sc-U Evolution Football-ChIJX0YulIi8yRIRnGh62u3UXTQ Massilia Five-ChIJxZ6UmMW-yRIR7ot5DChYj4w Z5 Aix-ChIJKb-U_9KSyRIRKIFKbH5mW18
25/02/2024;16:00 17:00 18:00 19:00 20:00 21:00 22:00 23:00 16:30 17:30 18:30 19:30 20:30 21:30 22:30 23:30;dYaW6DWMQESPQfDGA2f3;7 6 5 3 4 2 1;Le Street Foot en Salle-ChIJt_AXL6Jg5kcRu6rBmnrmeUM Kaiser Park-ChIJsRLZzKFg5kcRBCfNws9nssw Foot POWER 5-ChIJuTCIFshm5kcRBtEQJ76dAzc Foot-Max Argenteuil-ChIJi9oIzaRm5kcRJYcK7QsdRMU Firefoot-ChIJ0zSROfj15kcR4l0wrCcYPMk GOPARK Pontoise-ChIJ2cJmdhf15kcRQ4mUOxIVzd0 LE FIVE Bezons-ChIJ71Mv0Wpk5kcRg-H9x7L-dXo FOOT IN FIVE-ChIJoUR0syFp5kcRUlStnwluaYY BIG5-ChIJsb_7TJFp5kcRSPL5VqZulr4 Élite 5 Soccer-ChIJ5-jfdlZk5kcRYIaELgvikaM UrbanSoccer La Défense-ChIJh4rnfVhk5kcRV2Q-ZKdm8vA UrbanSoccer - Asnières-ChIJi5LkLT9v5kcRSlhScqEFNWs LE FIVE Carrières-sous-Poissy-ChIJ9T4fWfyL5kcRCBX-FyZLvEE LE FIVE Sarcelles-ChIJ6_q3Fxhq5kcRCpoEwnoXX1Q UrbanSoccer - Puteaux-ChIJM_sC0-Nk5kcRhL1y_EFIje8 LE FIVE Marville - La Courneuve-ChIJ2dHdMZxr5kcR0aKYHYsp0pY LE FIVE Paris 17-ChIJ7eI8sFNv5kcR5xy52Wc57NU UrbanSoccer - Porte d'Aubervilliers-ChIJ0dXjDCZs5kcRvX0EpMwxsUY LE FIVE Paris 18-ChIJPVT4_n1u5kcRzji6FdTBXXo LE FIVE Villette-ChIJTUFnQjps5kcR0pHITLTw1PI
14/03/2024;19:00 19:30 20:00 20:30 21:00 21:30 22:00;dZ9N9qTIdQqzqnKFHrma;4 5 6 7;UrbanSoccer La Défense-ChIJh4rnfVhk5kcRV2Q-ZKdm8vA
23/02/2024;0,770833333;dff6nKoYBuIo4MIkUaL0;1 7 4;LE FIVE Créteil-ChIJ88lx3VwL5kcRVxCh4lD6_Gk UrbanSoccer - Quai d'Ivry-ChIJfXxYJ0xy5kcRw9xTkF6-FZQ LE FIVE Champigny-ChIJsXi1PLYN5kcRTVVDuczgS2s UrbanSoccer - Marne-La-Vallée-ChIJ6bDBiosP5kcROXiloHzSdhc LE FIVE Morangis-ChIJA4uAhOXZ5UcRp-vZXZP-ovY UrbanSoccer - Porte d'Aubervilliers-ChIJ0dXjDCZs5kcRvX0EpMwxsUY LE PARK Servon-ChIJMU8gErUJ5kcRSnpvacKwFtM LE FIVE Montreuil-ChIJJdTQjr0T5kcRZmGxtIJVy44 LE PARK Noisy-ChIJdUHbID8O5kcRV5lQhiHTvhs Speed Soccer Five-ChIJ2xTNglV25kcR3UDi4AXGfDU VERSUSFOOT Thiais-ChIJn2R2NT905kcRjqB29qldBxk Power Five-ChIJ6ULNmyh15kcRV9cjbnBjGr8 LE FIVE Marville - La Courneuve-ChIJ2dHdMZxr5kcR0aKYHYsp0pY LE FIVE Paris 17-ChIJ7eI8sFNv5kcR5xy52Wc57NU Footbox-ChIJY-WkusIR5kcR-tEad3UtaSQ LE FIVE Villette-ChIJTUFnQjps5kcR0pHITLTw1PI LE FIVE Paris 18-ChIJPVT4_n1u5kcRzji6FdTBXXo LE FIVE Bobigny-ChIJV8UONORs5kcRXxR5Qd7x130 Stadium Thiais-ChIJ64X9jzx05kcRsHvSfOv6UcA LE FIVE Paris 13-ChIJ_bOSChhz5kcRZMTeq_6Gdzg
10/03/2024;18:30 19:00 19:30 20:00 20:30 21:00;dfwVcNG9sCuZDO2bobrW;1 2 3 4 5 6 7;LE FIVE Carrières-sous-Poissy-ChIJ9T4fWfyL5kcRCBX-FyZLvEE Kaiser Park-ChIJsRLZzKFg5kcRBCfNws9nssw Le Street Foot en Salle-ChIJt_AXL6Jg5kcRu6rBmnrmeUM
06/03/2024;12:30 17:30 18:00;dglI7eebYoZ8X43zu3kz;4 5 6;LE FIVE Villette-ChIJTUFnQjps5kcR0pHITLTw1PI LE FIVE Paris 17-ChIJ7eI8sFNv5kcR5xy52Wc57NU
05/03/2024;0,8125;dh9CdIUE7rkpIQh2Gpud;2;LE FIVE Paris 13-ChIJ_bOSChhz5kcRZMTeq_6Gdzg
14/03/2024;0,791666667;dhGCyg64g0hawwWCSQRL;1 2 3 4 7;LE FIVE Paris 18-ChIJPVT4_n1u5kcRzji6FdTBXXo UrbanSoccer - Porte d'Aubervilliers-ChIJ0dXjDCZs5kcRvX0EpMwxsUY LE FIVE Villette-ChIJTUFnQjps5kcR0pHITLTw1PI
29/02/2024;0,791666667;dj0x6zfrHICsmQsJRKKu;4;UrbanSoccer - Marne-La-Vallée-ChIJ6bDBiosP5kcROXiloHzSdhc
09/03/2024;14:30 19:30;djAOdgXnxL3TpAgFyQSO;1;LE FIVE Bobigny-ChIJV8UONORs5kcRXxR5Qd7x130
18/03/2024;20:00 21:00;dof5lQIuue902rqGFa9t;4;UrbanSoccer - Marne-La-Vallée-ChIJ6bDBiosP5kcROXiloHzSdhc LE PARK Noisy-ChIJdUHbID8O5kcRV5lQhiHTvhs
09/03/2024;9:30 9:00 10:30 11:00 11:30 12:00 10:00 13:00 13:30 12:30 14:00 16:00 14:30 15:00 15:30 16:30 18:30 17:00 17:30 18:00 19:30 20:30 19:00 20:00 21:30 21:00 22:30 22:00 23:00 23:30;dsHCIGE8sjWrW6OC72ZS;1 2 3 5 4 6 7;UrbanSoccer - Puteaux-ChIJM_sC0-Nk5kcRhL1y_EFIje8 UrbanSoccer La Défense-ChIJh4rnfVhk5kcRV2Q-ZKdm8vA LE FIVE Bezons-ChIJ71Mv0Wpk5kcRg-H9x7L-dXo UrbanSoccer Meudon-ChIJ0WKvjbh75kcRoqSmyWwW2jQ UrbanSoccer Guyancourt-ChIJmdX-2c-A5kcRj1wtOS8rZmo LE FIVE Carrières-sous-Poissy-ChIJ9T4fWfyL5kcRCBX-FyZLvEE UrbanSoccer - Porte d'Aubervilliers-ChIJ0dXjDCZs5kcRvX0EpMwxsUY LE FIVE Paris 18-ChIJPVT4_n1u5kcRzji6FdTBXXo FOOT IN FIVE-ChIJoUR0syFp5kcRUlStnwluaYY LE FIVE Paris 13-ChIJ_bOSChhz5kcRZMTeq_6Gdzg Firefoot-ChIJ0zSROfj15kcR4l0wrCcYPMk Kaiser Park-ChIJsRLZzKFg5kcRBCfNws9nssw Le Street Foot en Salle-ChIJt_AXL6Jg5kcRu6rBmnrmeUM LE FIVE Paris 17-ChIJ7eI8sFNv5kcR5xy52Wc57NU UrbanSoccer Orsay-ChIJpZIJg7J45kcRrKWKhtbfnEQ UrbanSoccer - Asnières-ChIJi5LkLT9v5kcRSlhScqEFNWs Foot POWER 5-ChIJuTCIFshm5kcRBtEQJ76dAzc Foot à 5 @ Le club le Village-ChIJwU28MyyB5kcRHVcpV1mkYVo Foot-Max Argenteuil-ChIJi9oIzaRm5kcRJYcK7QsdRMU
05/02/2024;0,791666667;e0r8tBKgXZoqWowHPcX3;1;LE FIVE Bezons-ChIJ71Mv0Wpk5kcRg-H9x7L-dXo Foot-Max Argenteuil-ChIJi9oIzaRm5kcRJYcK7QsdRMU UrbanSoccer La Défense-ChIJh4rnfVhk5kcRV2Q-ZKdm8vA Élite 5 Soccer-ChIJ5-jfdlZk5kcRYIaELgvikaM UrbanSoccer - Puteaux-ChIJM_sC0-Nk5kcRhL1y_EFIje8 UrbanSoccer - Asnières-ChIJi5LkLT9v5kcRSlhScqEFNWs
28/02/2024;16:00 17:00 18:00 19:00 20:00 21:00 22:00;e1XeeZIYCJP5yx1GFfQt;1 2 3 4 6 7;LE FIVE Paris 13-ChIJ_bOSChhz5kcRZMTeq_6Gdzg UrbanSoccer - Quai d'Ivry-ChIJfXxYJ0xy5kcRw9xTkF6-FZQ LE FIVE Paris 18-ChIJPVT4_n1u5kcRzji6FdTBXXo LE FIVE Paris 17-ChIJ7eI8sFNv5kcR5xy52Wc57NU LE FIVE Villette-ChIJTUFnQjps5kcR0pHITLTw1PI UrbanSoccer - Porte d'Aubervilliers-ChIJ0dXjDCZs5kcRvX0EpMwxsUY LE FIVE Bobigny-ChIJV8UONORs5kcRXxR5Qd7x130
13/03/2024;23:30 23:00 22:30 22:00 21:00 21:30 20:30 20:00 19:00 19:30 18:30 18:00 17:00 17:30 16:30 16:00 15:00 15:30 14:30 14:00 9:30 9:00 10:30 10:00 11:00 11:30 12:30 12:00 13:00 13:30;e6ZQKFRgeOM4VOzonpzF;7 6 5 4 3 2 1;Stade Adrar-ChIJN3ZYl97Jsw0Rjrx39peraJY ملعب الإنبعاث الجنوبي - أكادير-ChIJGY8_JVG3sw0RgiZs2tN024w ملعب المرحوم إدريس أبو علي-ChIJyQNqVZS3sw0RUHDDQ0DMcIw ملعب تناوت 1 - إحشاش-ChIJTxxZVMm3sw0Royo-qkpXbz8 F.S.5 Foot Salle Santitique-ChIJuTVOcj7Isw0Rl6PQ5wbe_A8 ملعب الحي الجامعي-ChIJq0HDHADJsw0RA41eeFIFQFw association future stars football agadir-ChIJe7UW4CC3sw0RvcLYzpasjpo Stade Widad Agadir-ChIJaxN3L4a3sw0RKzIfA-h1mTI Terrains de proximité Lirac Bouargane-ChIJXwXI5BK3sw0RiXwJv-P1fQk Terrains de proximité Charaf-ChIJe8SsCwa3sw0Rgv_z-lhICWw Stade Abdelaziz Rifki-ChIJJ3pwEH-zsw0RDcKLnASrIeI Terrains de proximité Aghroud Bensergao-ChIJq6Gij7y3sw0RbRrOIo66oso Terrains de proximité Al Houda + Jardin-ChIJBRl1rU3Jsw0ROQTF4hQuzl8 Terrain Sidi Youssef-ChIJ04Q2eA23sw0Rw99kCzFtF9s Terrain de Football-ChIJ53m7tyHJsw0R4jBgOHRK_T8 ЯRالحرية_للكورفا_نورد_ريدريبلز-ChIJeR17-Ra3sw0RVfkAR0kaEzU ملاعب القرب بتدارت 1 - أنزا العليا-ChIJxYvfK9qzsw0RhsaXeSD4IHM Terrain Mouhamed Achkour-ChIJa-n-tAm3sw0RW3N9HXhYqOw ملاعب القرب مركب خير الدين - حي الموظفين-ChIJ36Hqbka3sw0R-QsPgjQWkcI Terrains de proximité Al Houda-ChIJL92Fm2LJsw0RNveRnK5hLZY
02/03/2024;16:00 9:00 9:30 10:00 10:30 11:00 11:30 12:00 12:30 13:00 13:30 14:00 14:30 15:00 15:30 16:30 17:00 17:30 18:00 18:30 19:00 19:30;e8qG3onhiBo49JtB3Wip;6 7;Z5 Aix-ChIJKb-U_9KSyRIRKIFKbH5mW18 Monclub Futbol-ChIJGbxxaamUyRIRgGvhHnhJStA
24/02/2024;17:00 18:00 17:30 18:30 19:30 19:00 20:30 20:00 21:30 21:00 22:30 22:00;eAXVyZz9DGEMyYCEEQ2C;6 7;Play Soccer-ChIJQ-UxZn-5rhIRKWoQydM5T9s UrbanSoccer - Toulouse Montaudran-ChIJl772e0u8rhIR2foRX4Xa2CI UrbanSoccer - Toulouse Sept Deniers-ChIJk5nUBdOkrhIRP-1aUJzo-lA LE FIVE Colomiers-ChIJ8wxhgGexrhIRm698kMPQIRw Events Five-ChIJf8cSCJG5rhIRoQadPH-wW1U Classico Foot-ChIJFV442oCxrhIRgsZy5aIbkNs
03/02/2024;10:00 11:00 12:00 13:00 20:30 21:30;eBQrjfB0bXEVLnBGNOTq;3;UrbanSoccer - Puteaux-ChIJM_sC0-Nk5kcRhL1y_EFIje8 LE FIVE Paris 13-ChIJ_bOSChhz5kcRZMTeq_6Gdzg UrbanSoccer - Quai d'Ivry-ChIJfXxYJ0xy5kcRw9xTkF6-FZQ UrbanSoccer Meudon-ChIJ0WKvjbh75kcRoqSmyWwW2jQ
02/03/2024;19:00 19:30 20:00 20:30 21:00 21:30 22:00;eGfouLeziz1bwfbZiMFC;1 2 3 4 5 6 7;UrbanSoccer - Asnières-ChIJi5LkLT9v5kcRSlhScqEFNWs UrbanSoccer - Porte d'Aubervilliers-ChIJ0dXjDCZs5kcRvX0EpMwxsUY UrbanSoccer - Puteaux-ChIJM_sC0-Nk5kcRhL1y_EFIje8 UrbanSoccer La Défense-ChIJh4rnfVhk5kcRV2Q-ZKdm8vA LE FIVE Bezons-ChIJ71Mv0Wpk5kcRg-H9x7L-dXo Foot-Max Argenteuil-ChIJi9oIzaRm5kcRJYcK7QsdRMU Foot POWER 5-ChIJuTCIFshm5kcRBtEQJ76dAzc BIG5-ChIJsb_7TJFp5kcRSPL5VqZulr4 Le Street Foot en Salle-ChIJt_AXL6Jg5kcRu6rBmnrmeUM Kaiser Park-ChIJsRLZzKFg5kcRBCfNws9nssw
16/03/2024;0,458333333;eGfsQgHY9zqrzB2FWIf2;7;UrbanSoccer - Asnières-ChIJi5LkLT9v5kcRSlhScqEFNWs
11/02/2024;0,8125;eJOA6HOPCpQPD8019kqS;1 2 3 5 4 6 7;UrbanSoccer - Quai d'Ivry-ChIJfXxYJ0xy5kcRw9xTkF6-FZQ
17/03/2024;19:00 19:30 20:00 20:30 21:00 13:00 13:30 14:00 14:30;ePfEYVl7aGKhOFPWGqob;2 5 7;UrbanSoccer - Quai d'Ivry-ChIJfXxYJ0xy5kcRw9xTkF6-FZQ LE FIVE Montreuil-ChIJJdTQjr0T5kcRZmGxtIJVy44 LE FIVE Paris 13-ChIJ_bOSChhz5kcRZMTeq_6Gdzg UrbanSoccer - Porte d'Aubervilliers-ChIJ0dXjDCZs5kcRvX0EpMwxsUY LE FIVE Créteil-ChIJ88lx3VwL5kcRVxCh4lD6_Gk VERSUSFOOT Thiais-ChIJn2R2NT905kcRjqB29qldBxk Stadium Thiais-ChIJ64X9jzx05kcRsHvSfOv6UcA
29/02/2024;9:00 9:30 10:30 10:00;eSdR0wFZpZ3L3NlFJhBY;6;UrbanSoccer Evry-ChIJW0Ut1G7e5UcRt621n2fRQ5M
03/03/2024;12:00 12:30 13:00 13:30 14:00 14:30 15:00 15:30 16:00 16:30 17:00 17:30 18:00 18:30 19:00 19:30 20:00 20:30;eUUwjprTac3hmWo5czZr;7;UrbanSoccer La Défense-ChIJh4rnfVhk5kcRV2Q-ZKdm8vA UrbanSoccer - Puteaux-ChIJM_sC0-Nk5kcRhL1y_EFIje8 LE FIVE Bezons-ChIJ71Mv0Wpk5kcRg-H9x7L-dXo
28/02/2024;11:00 21:30;eX3aJpkDhTps96Ut0f5s;6 7;FOOT IN FIVE-ChIJoUR0syFp5kcRUlStnwluaYY LE FIVE Marville - La Courneuve-ChIJ2dHdMZxr5kcR0aKYHYsp0pY BIG5-ChIJsb_7TJFp5kcRSPL5VqZulr4 LE FIVE Sarcelles-ChIJ6_q3Fxhq5kcRCpoEwnoXX1Q UrbanSoccer - Asnières-ChIJi5LkLT9v5kcRSlhScqEFNWs LE FIVE Paris 18-ChIJPVT4_n1u5kcRzji6FdTBXXo LE FIVE Villette-ChIJTUFnQjps5kcR0pHITLTw1PI UrbanSoccer - Porte d'Aubervilliers-ChIJ0dXjDCZs5kcRvX0EpMwxsUY LE FIVE Paris 17-ChIJ7eI8sFNv5kcR5xy52Wc57NU LE FIVE Bobigny-ChIJV8UONORs5kcRXxR5Qd7x130 Foot-Max Argenteuil-ChIJi9oIzaRm5kcRJYcK7QsdRMU Foot POWER 5-ChIJuTCIFshm5kcRBtEQJ76dAzc Élite 5 Soccer-ChIJ5-jfdlZk5kcRYIaELgvikaM LE FIVE Bezons-ChIJ71Mv0Wpk5kcRg-H9x7L-dXo UrbanSoccer - Puteaux-ChIJM_sC0-Nk5kcRhL1y_EFIje8 UrbanSoccer La Défense-ChIJh4rnfVhk5kcRV2Q-ZKdm8vA LE FIVE Montreuil-ChIJJdTQjr0T5kcRZmGxtIJVy44 Le Street Foot en Salle-ChIJt_AXL6Jg5kcRu6rBmnrmeUM Kaiser Park-ChIJsRLZzKFg5kcRBCfNws9nssw OHSPORT-ChIJHeG9fA4X5kcRbGNzVY5Ud5I
25/02/2024;0,666666667;eXEMfCcHHpb07Z0Mt1Uv;1 2 3 4 5 6 7;LE FIVE Bobigny-ChIJV8UONORs5kcRXxR5Qd7x130
21/02/2024;15:30 16:00 16:30 17:00 17:30 18:00 18:30 19:00 19:30 20:00 20:30;eXu7X0ie9kjp0VwS0WeJ;1 2 3 4 5 6 7;LE FIVE OL-ChIJmz3whejH9EcR3j9ApNRukKE UrbanSoccer - Lyon Parilly-ChIJx3FQWjLC9EcRrrQb2eV7i_4 UrbanSoccer - Lyon Barolles-ChIJN4l-IC3v9EcRf9QJKIVC_aY
09/02/2024;0,75;eZEpLdbrwaYK1GcREXR4;1 2 3 5 6 7;UrbanSoccer - Lille Bondues-ChIJ58ZerMgrw0cR2Jyp7tZjBn4 UrbanSoccer - Lille Lezennes-ChIJR3ro5nTWwkcRfM_S3Be9HjI Wam-ChIJG9bb-fwqw0cRtGlOIqrya-w
10/03/2024;9:00 10:00 11:00 12:00;ebwNKrXGgEKAMBefN61L;7 6;Stade Lilian Thuram-ChIJy0-vXf9l5kcRH4WAmpihUQE
02/03/2024;20:00 20:30 21:00;efHY5BGsh2NnN6XimOyi;1 2 3 4 5;KIPSTADIUM-ChIJydcoT88ow0cRLnHvlF-Z_jE UrbanSoccer - Lille Bondues-ChIJ58ZerMgrw0cR2Jyp7tZjBn4 Footsal Cousinerie-ChIJXQyb1d8pw0cRLO_Ed5xHTIQ Footsal-ChIJa7HS298pw0cRMoVDj0XqVdI
24/02/2024;10:30 11:00 11:30 12:00 12:30 13:00;etC3PtS7tqflzqwESkJH;7;UrbanSoccer Meudon-ChIJ0WKvjbh75kcRoqSmyWwW2jQ
17/03/2024;9:00 10:00 11:00 12:00 13:00 14:00 15:00 16:00 17:00 18:00 19:00 18:30 17:30 16:30 15:30 14:30 13:30 12:30 11:30 10:30 9:30;exeQowOaeWMFnCyYUYmO;1 2 3 4 5 6 7;Futbol Futbol Artigues-ChIJZziKe5cvVQ0R5tJa9BeDd8o Bordeaux Soccer-ChIJCRHQufUoVQ0RmXgf8oHOE08 LE FIVE Bordeaux-ChIJteaBh_koVQ0RqH2VtN-qL5I GINGA Foot Mérignac-ChIJyfJZiyPaVA0RlY6_mDcql7U UrbanSoccer Bordeaux-Pessac-ChIJTZ1wTCnZVA0Ra5hHoMEPn3I UrbanSoccer - Bordeaux Mérignac-ChIJxWBxmALaVA0Rop0OWS3Q3fY
06/03/2024;20:00 20:30 10:00 10:30;eyH23UmDplxu0RrSINFr;1 7;UrbanSoccer Orsay-ChIJpZIJg7J45kcRrKWKhtbfnEQ LE FIVE Morangis-ChIJA4uAhOXZ5UcRp-vZXZP-ovY Stadium Thiais-ChIJ64X9jzx05kcRsHvSfOv6UcA
02/02/2024;15:00 14:00 13:00 12:00 11:00 10:00 10:30 11:30 12:30 13:30 14:30 15:30 16:30 16:00 17:00 17:30 18:00 18:30;ezyfiaH79bbquGTmcnGO;6 7;LE FIVE Paris 17-ChIJ7eI8sFNv5kcR5xy52Wc57NU
11/03/2024;11:00 11:30 12:00 12:30 13:00 13:30 20:00 21:00 21:30;f3qpjyZgPtiFJbTXPlmS;1 2 3 4 5 6 7;LE FIVE Paris 17-ChIJ7eI8sFNv5kcR5xy52Wc57NU UrbanSoccer La Défense-ChIJh4rnfVhk5kcRV2Q-ZKdm8vA UrbanSoccer - Asnières-ChIJi5LkLT9v5kcRSlhScqEFNWs
02/02/2024;15:00 16:30 15:30 16:00 17:00 17:30;f4JJA66p1iL9fFJXvIVI;6 5;Foot Five-ChIJB5e0dUeljxIRwxrNKJ1KR4Y
08/03/2024;17:00 18:00 18:30 19:30 19:00 20:30 20:00 21:00 21:30 22:00 22:30 23:00 23:30;f5N8I7FdxVfN06amXiWw;7 6 5 2 3 4 1;KIPSTADIUM-ChIJydcoT88ow0cRLnHvlF-Z_jE Footsal Cousinerie-ChIJXQyb1d8pw0cRLO_Ed5xHTIQ UrbanSoccer - Lille Bondues-ChIJ58ZerMgrw0cR2Jyp7tZjBn4 Footsal-ChIJa7HS298pw0cRMoVDj0XqVdI Arena Club-ChIJeWJWRjYvw0cRbnJR4ZXAKMA UrbanSoccer - Lille Lezennes-ChIJR3ro5nTWwkcRfM_S3Be9HjI Spot FUTSAL-ChIJwdUawmfVwkcRaNLo_CmNii0
21/02/2024;18:00 19:00 20:00 21:00 18:30 19:30 20:30;f782Incl2thOe7vxVKA6;1 2 3 4 5 6 7;UrbanSoccer - Puteaux-ChIJM_sC0-Nk5kcRhL1y_EFIje8 UrbanSoccer La Défense-ChIJh4rnfVhk5kcRV2Q-ZKdm8vA
22/02/2024;17:00 18:00 17:30 18:30 19:00;f7BroEHGLwCUDkiRvMmD;4 5 6 7;LE FIVE Paris 17-ChIJ7eI8sFNv5kcR5xy52Wc57NU
23/02/2024;16:00 16:30 17:00 17:30 18:00 18:30 19:00 19:30 20:00 20:30;fD0G55w4N0slfTRCGUan;7;Foot-Max Argenteuil-ChIJi9oIzaRm5kcRJYcK7QsdRMU Foot POWER 5-ChIJuTCIFshm5kcRBtEQJ76dAzc LE FIVE Bezons-ChIJ71Mv0Wpk5kcRg-H9x7L-dXo UrbanSoccer La Défense-ChIJh4rnfVhk5kcRV2Q-ZKdm8vA Élite 5 Soccer-ChIJ5-jfdlZk5kcRYIaELgvikaM UrbanSoccer - Puteaux-ChIJM_sC0-Nk5kcRhL1y_EFIje8 Le Street Foot en Salle-ChIJt_AXL6Jg5kcRu6rBmnrmeUM Kaiser Park-ChIJsRLZzKFg5kcRBCfNws9nssw LE FIVE Carrières-sous-Poissy-ChIJ9T4fWfyL5kcRCBX-FyZLvEE
27/02/2024;17:00 18:00 19:00 20:00;fLhJoJbAn27h2LOOis2n;2 3 4;LE FIVE Paris 18-ChIJPVT4_n1u5kcRzji6FdTBXXo LE FIVE Paris 17-ChIJ7eI8sFNv5kcR5xy52Wc57NU LE FIVE Villette-ChIJTUFnQjps5kcR0pHITLTw1PI UrbanSoccer - Porte d'Aubervilliers-ChIJ0dXjDCZs5kcRvX0EpMwxsUY
03/03/2024;17:00 17:30 15:00 15:30 16:00 16:30 18:00 18:30 19:00 19:30 20:00 20:30;fMdYeEzsaND4k0TtPDs6;1 4 7;LE FIVE Paris 18-ChIJPVT4_n1u5kcRzji6FdTBXXo UrbanSoccer - Quai d'Ivry-ChIJfXxYJ0xy5kcRw9xTkF6-FZQ UrbanSoccer - Porte d'Aubervilliers-ChIJ0dXjDCZs5kcRvX0EpMwxsUY LE FIVE Marville - La Courneuve-ChIJ2dHdMZxr5kcR0aKYHYsp0pY UrbanSoccer La Défense-ChIJh4rnfVhk5kcRV2Q-ZKdm8vA LE FIVE Villette-ChIJTUFnQjps5kcR0pHITLTw1PI LE FIVE Bezons-ChIJ71Mv0Wpk5kcRg-H9x7L-dXo LE FIVE Paris 17-ChIJ7eI8sFNv5kcR5xy52Wc57NU LE FIVE Bobigny-ChIJV8UONORs5kcRXxR5Qd7x130
28/02/2024;0,416666667;fOAUNtbly1gV3freAbHo;6 7;Top Ten-ChIJfXprBx4b5kcRmhe-5pLZUek
26/02/2024;0,75;fTxd1dxfa4j3p3ptItpV;1;LE FIVE Paris 18-ChIJPVT4_n1u5kcRzji6FdTBXXo
27/02/2024;0,583333333;fU0FXLbIH0IpAqZf8f6o;7;Foot-Max Argenteuil-ChIJi9oIzaRm5kcRJYcK7QsdRMU
18/03/2024;12:00 12:30 13:00 13:30 14:30 14:00 15:00 15:30 16:30 16:00 17:00 17:30 18:00 18:30 19:00 20:00 21:00 22:00 23:00 19:30 20:30 21:30 22:30 23:30;fU7M2fpP4vHDmUh01Vc7;1 2 3 4 5 6 7;Cannes Soccer 5-ChIJ5dAPFv-CzhIRJx0DImYM_cc Stadium Antibes-ChIJSSGxg-PUzRIRblID9ACQndc UrbanSoccer - Villeneuve Loubet-ChIJVVVVEU3TzRIRX9_gbFDSBj0
21/02/2024;9:00 9:30 10:30 11:30 10:00 11:00 12:30 12:00 13:00 13:30 14:30 14:00 15:30 15:00 16:00 16:30 17:30 17:00 18:30 18:00 19:00 19:30 20:30 20:00 21:00 21:30 22:30 22:00 23:30 23:00;fWPOCh8byU31Le2vGh0z;7 6 5 4 3 2 1;UrbanSoccer - Quai d'Ivry-ChIJfXxYJ0xy5kcRw9xTkF6-FZQ LE FIVE Paris 13-ChIJ_bOSChhz5kcRZMTeq_6Gdzg LE FIVE Montreuil-ChIJJdTQjr0T5kcRZmGxtIJVy44 LE FIVE Créteil-ChIJ88lx3VwL5kcRVxCh4lD6_Gk LE FIVE Paris 18-ChIJPVT4_n1u5kcRzji6FdTBXXo LE FIVE Villette-ChIJTUFnQjps5kcR0pHITLTw1PI LE FIVE Paris 17-ChIJ7eI8sFNv5kcR5xy52Wc57NU UrbanSoccer - Puteaux-ChIJM_sC0-Nk5kcRhL1y_EFIje8
18/03/2024;12:00 12:30 13:00;fXbkP5pZ9PnxstX1EYCJ;2 4;UrbanSoccer - Toulouse Sept Deniers-ChIJk5nUBdOkrhIRP-1aUJzo-lA UrbanSoccer - Toulouse Montaudran-ChIJl772e0u8rhIR2foRX4Xa2CI Play Soccer-ChIJQ-UxZn-5rhIRKWoQydM5T9s LE FIVE Colomiers-ChIJ8wxhgGexrhIRm698kMPQIRw Events Five-ChIJf8cSCJG5rhIRoQadPH-wW1U Classico Foot-ChIJFV442oCxrhIRgsZy5aIbkNs
11/02/2024;13:00 13:30 14:00 14:30 15:00 15:30 16:00 16:30 17:00 17:30 18:00 18:30 19:00 19:30 20:00 20:30 21:00;fcQK3JKdUJxZcEXzYFVy;7;Sun Set Soccer-ChIJ-2jOt33D9EcRLZL2mS5Gvz4 F5 Foot Five-ChIJjUbM5G7A9EcRW3mlkrhyXxY LE FIVE OL-ChIJmz3whejH9EcR3j9ApNRukKE Urban Soccer-ChIJQa9SIC3v9EcR6KzO4cOApok Sport dans la Ville Rhône-Alpes-ChIJoUEDcmvr9EcRILCz6hDCQ2o UrbanSoccer - Lyon Parilly-ChIJx3FQWjLC9EcRrrQb2eV7i_4
15/02/2024;0,791666667;fdETJWBCGlDB5qbuh14b;7;Foot-Max Argenteuil-ChIJi9oIzaRm5kcRJYcK7QsdRMU
10/02/2024;19:30 20:00 20:30 21:00 21:30;fefvrPoCOiv5AgpDU8xk;1 2 3 4;LE FIVE Paris 17-ChIJ7eI8sFNv5kcR5xy52Wc57NU UrbanSoccer - Puteaux-ChIJM_sC0-Nk5kcRhL1y_EFIje8 UrbanSoccer La Défense-ChIJh4rnfVhk5kcRV2Q-ZKdm8vA Élite 5 Soccer-ChIJ5-jfdlZk5kcRYIaELgvikaM UrbanSoccer - Quai d'Ivry-ChIJfXxYJ0xy5kcRw9xTkF6-FZQ
27/02/2024;19:00 19:30 20:30 20:00 21:00 21:30 22:00 22:30 23:00 23:30;fitOMvDC6c81RhN2lKob;1 2 3 4 5 6 7;UrbanSoccer - Asnières-ChIJi5LkLT9v5kcRSlhScqEFNWs UrbanSoccer - Porte d'Aubervilliers-ChIJ0dXjDCZs5kcRvX0EpMwxsUY
15/03/2024;14:00 15:00 9:00 10:00 11:00 12:00 13:00 16:00 17:00 18:00 19:00 20:00 21:00 22:00;fj3NqyHXZBxxYq1s0RiL;1 2 3 4 5 6 7;S-FIVE5-ChIJqzie9xRL5kcRyg89AlwL55E FOOTMAX Saint-Maximin-ChIJJazitpdJ5kcRIN9wK_jwKUY
21/02/2024;21:00 21:30 16:00 16:30;fkpVjAnegVff7a6iXGlW;7;LE FIVE Morangis-ChIJA4uAhOXZ5UcRp-vZXZP-ovY Speed Soccer Five-ChIJ2xTNglV25kcR3UDi4AXGfDU
10/03/2024;18:00 19:00 20:00 21:00;fntHIxfLoORbKSWMbnPz;1 2 3 4;Massilia Foot Indoor 2-ChIJxZ6UmMW-yRIRfYNGGPPJfIU Massilia Five-ChIJxZ6UmMW-yRIR7ot5DChYj4w MONCLUB 2.0-ChIJv9owGLm-yRIRfuDnd3G6nR4 FOOT INDOOR Marseille-ChIJ41AMCxC8yRIRLHLGt11sc-U Evolution Football-ChIJX0YulIi8yRIRnGh62u3UXTQ Game 13 foot indoor-ChIJNSDvlsXryRIRUXao9hwB79I STADIUM FOOT 5 VILLAGE-ChIJbbOWFtC4yRIR0WXVerbWmnE Le Mercato FOOT INDOOR-ChIJzRK7HJy_yRIRqEreyEiAfC0
20/02/2024;0,833333333;fnuQe0wRIdcBdO6fqXsO;3 4 5 6 7;LE FIVE Paris 18-ChIJPVT4_n1u5kcRzji6FdTBXXo
16/03/2024;18:00 18:30 16:00 17:00 16:30 17:30 19:00 19:30 20:00 20:30;fzInPVtmYRtl6by2oCv1;1;LE FIVE Reims-ChIJad8c0qR16UcRMPDMaa34XJ8
16/03/2024;19:00 23:30 20:00 20:30 21:00 21:30 22:00 22:30 23:00;g46n94cRNVZenz0QV8zv;6 7;LE FIVE Paris 18-ChIJPVT4_n1u5kcRzji6FdTBXXo LE FIVE Paris 17-ChIJ7eI8sFNv5kcR5xy52Wc57NU
18/03/2024;18:00 18:30 19:30 19:00 20:30 20:00 21:00 21:30;g4zjbU2ZkwRIZqipe9E7;2 3 4 7;LE FIVE Paris 13-ChIJ_bOSChhz5kcRZMTeq_6Gdzg LE FIVE Paris 18-ChIJPVT4_n1u5kcRzji6FdTBXXo UrbanSoccer - Quai d'Ivry-ChIJfXxYJ0xy5kcRw9xTkF6-FZQ LE FIVE Paris 17-ChIJ7eI8sFNv5kcR5xy52Wc57NU UrbanSoccer - Porte d'Aubervilliers-ChIJ0dXjDCZs5kcRvX0EpMwxsUY LE FIVE Villette-ChIJTUFnQjps5kcR0pHITLTw1PI UrbanSoccer La Défense-ChIJh4rnfVhk5kcRV2Q-ZKdm8vA
03/03/2024;17:00 18:00 19:00 17:30 18:30 19:30 20:00;gD77CT0UnTw1f2px6Acs;5 6 7;Futbol Futbol Artigues-ChIJZziKe5cvVQ0R5tJa9BeDd8o Bordeaux Soccer-ChIJCRHQufUoVQ0RmXgf8oHOE08 LE FIVE Bordeaux-ChIJteaBh_koVQ0RqH2VtN-qL5I GINGA Foot Mérignac-ChIJyfJZiyPaVA0RlY6_mDcql7U UrbanSoccer Bordeaux-Pessac-ChIJTZ1wTCnZVA0Ra5hHoMEPn3I UrbanSoccer - Bordeaux Mérignac-ChIJxWBxmALaVA0Rop0OWS3Q3fY
16/02/2024;23:00 23:30 22:30 21:00 22:00 21:30 20:30 20:00 19:00 19:30 18:00 18:30 17:00 17:30 16:00 15:00 14:00 13:00 12:00 11:00 10:00 9:00 9:30 10:30 11:30 12:30 13:30 14:30 15:30 16:30;gFiBtdLEkXvH8DeTNBEx;1 2 4 3 5 6 7;GOPARK INTERIEUR - Paintball et trampolines parc-ChIJ2cJmdhf15kcRQ4mUOxIVzd0 GOPARK EXTERIEUR - 7 terrains de Paintball-ChIJf316QST65kcRJIDoyT4b_gM
15/03/2024;19:00 23:30;gGenZTUlwq3ziUIZNRgI;5 6 7;F5 Foot Five-ChIJjUbM5G7A9EcRW3mlkrhyXxY LE 5 DE LEGENDE-ChIJAQNaA3nc9EcRYvB35x41mBs LE FIVE OL-ChIJmz3whejH9EcR3j9ApNRukKE Sun Set Soccer-ChIJ-2jOt33D9EcRLZL2mS5Gvz4 UrbanSoccer - Lyon Parilly-ChIJx3FQWjLC9EcRrrQb2eV7i_4
24/02/2024;12:00 12:30 13:00 13:30 14:00 14:30 15:00 15:30 16:00 16:30 17:00 17:30 18:00 18:30 19:00 19:30;gJXwK1Wk467V8prGz3VA;1 2 3 4 5 6 7;Stade Olympique Yves du Manoir-ChIJYeUIntpl5kcRZsN35flVVAY Stade Maurice Hubert-ChIJA_BIprFk5kcRBh6F5jTlafo ESN FOOTBALL-ChIJRyZx0YRl5kcRet30xMXHRxE Stade Matteo GUENDOUZI-ChIJnYsThJaN5kcRZnaWDS_62G8
20/03/2024;20:00 22:30 22:00 21:00 21:30 20:30 23:00 23:30;gLVMcTAtrDnVVhGpZAgQ;5 6;Footbox-ChIJY-WkusIR5kcR-tEad3UtaSQ OHSPORT-ChIJHeG9fA4X5kcRbGNzVY5Ud5I LE FIVE Bobigny-ChIJV8UONORs5kcRXxR5Qd7x130 LE FIVE Marville - La Courneuve-ChIJ2dHdMZxr5kcR0aKYHYsp0pY
06/03/2024;18:00 18:30 19:00 19:30 20:00 20:30 21:00;gO0QSUEDtIJAyDQ8v2CV;3 6 4;Stadium Thiais-ChIJ64X9jzx05kcRsHvSfOv6UcA LE FIVE Créteil-ChIJ88lx3VwL5kcRVxCh4lD6_Gk VERSUSFOOT Thiais-ChIJn2R2NT905kcRjqB29qldBxk Power Five-ChIJ6ULNmyh15kcRV9cjbnBjGr8
14/03/2024;15:00 19:30;gR5JhSUu7LZd5XxeNuiN;6;UrbanSoccer Evry-ChIJW0Ut1G7e5UcRt621n2fRQ5M
15/02/2024;18:00 18:30 19:00 19:30 20:00 20:30 21:00 21:30 9:00 9:30 10:30 10:00 11:00 11:30 12:30 12:00 13:00 13:30 14:30 14:00 15:00 15:30 16:30 16:00 17:00 17:30 22:00 22:30 23:30 23:00;gRQmJNIPRsUQ7P6phaob;1 2 3 4 5 6 7;Cité des Sports-ChIJ70UPf6R75kcRGb3NAV9k7Ww
17/03/2024;19:30 20:00 20:30 21:00 21:30 22:00 22:30 23:00 23:30;gTnPxI3bhpkIZzOoVLdE;1 2 5;UrbanSoccer - Toulouse Sept Deniers-ChIJk5nUBdOkrhIRP-1aUJzo-lA UrbanSoccer - Toulouse Montaudran-ChIJl772e0u8rhIR2foRX4Xa2CI Play Soccer-ChIJQ-UxZn-5rhIRKWoQydM5T9s LE FIVE Colomiers-ChIJ8wxhgGexrhIRm698kMPQIRw Events Five-ChIJf8cSCJG5rhIRoQadPH-wW1U Classico Foot-ChIJFV442oCxrhIRgsZy5aIbkNs
09/03/2024;9:00 9:30 10:00 10:30 11:00 11:30 12:00 13:00 13:30 14:00 14:30 12:30 15:00 15:30 16:30 16:00 17:30 17:00 18:00 18:30 19:30 19:00 20:00 20:30 21:30 21:00 22:30 23:30 23:00 22:00;gWSHLdtwWmCDPB2Z8FL2;3 5 6 7;Cannes Soccer 5-ChIJ5dAPFv-CzhIRJx0DImYM_cc Stadium Antibes-ChIJSSGxg-PUzRIRblID9ACQndc UrbanSoccer - Villeneuve Loubet-ChIJVVVVEU3TzRIRX9_gbFDSBj0
19/03/2024;19:00 19:30 20:00 20:30 21:00 18:30;gXvGk2bDPO9sSvB4ha0p;1 2 3 4 5;Events Five-ChIJf8cSCJG5rhIRoQadPH-wW1U Play Soccer-ChIJQ-UxZn-5rhIRKWoQydM5T9s Classico Foot-ChIJFV442oCxrhIRgsZy5aIbkNs
27/02/2024;0,770833333;gYQGbeYz8yVZZ878Guhi;7 6;UrbanSoccer - Marne-La-Vallée-ChIJ6bDBiosP5kcROXiloHzSdhc LE FIVE Champigny-ChIJsXi1PLYN5kcRTVVDuczgS2s Top Ten-ChIJfXprBx4b5kcRmhe-5pLZUek
11/03/2024;20:00 19:00 19:30 20:30 21:00;gZBTXa73AERFRDMPF2ve;1;Massilia Foot Indoor 2-ChIJxZ6UmMW-yRIRfYNGGPPJfIU Le 13 - Foot en salle - Marseille-ChIJR62kUm_ByRIRDnGQqGCeUVQ STADIUM FOOT 5 VILLAGE-ChIJbbOWFtC4yRIR0WXVerbWmnE Le Mercato FOOT INDOOR-ChIJzRK7HJy_yRIRqEreyEiAfC0 Massilia Five-ChIJxZ6UmMW-yRIR7ot5DChYj4w MONCLUB 2.0-ChIJv9owGLm-yRIRfuDnd3G6nR4 FOOT INDOOR Marseille-ChIJ41AMCxC8yRIRLHLGt11sc-U Evolution Football-ChIJX0YulIi8yRIRnGh62u3UXTQ Game 13 foot indoor-ChIJNSDvlsXryRIRUXao9hwB79I Le B3 Soccer-ChIJa69uraDryRIRRlY7a07cUqU Monclub Futbol-ChIJGbxxaamUyRIRgGvhHnhJStA LE FIVE Vitrolles-ChIJi4A-IrHoyRIRunoYLEGNeYI
06/03/2024;21:00 21:30 22:00 22:30;gZVljrfxICkZaqYugh5P;3;UrbanSoccer - Toulouse Sept Deniers-ChIJk5nUBdOkrhIRP-1aUJzo-lA UrbanSoccer - Toulouse Montaudran-ChIJl772e0u8rhIR2foRX4Xa2CI Play Soccer-ChIJQ-UxZn-5rhIRKWoQydM5T9s Events Five-ChIJf8cSCJG5rhIRoQadPH-wW1U LE FIVE Colomiers-ChIJ8wxhgGexrhIRm698kMPQIRw Classico Foot-ChIJFV442oCxrhIRgsZy5aIbkNs
20/03/2024;17:00 18:00 19:00 17:30 18:30 19:30;gdGJJBkqhoiT5RdQer3E;7 6 5 4;Stade Suzanne Lenglen-ChIJvTSVwnVw5kcR9CmKGXIcwtA Centre sportif Suzanne Lenglen-ChIJjyw8lw975kcRB8dEmGn3P0Q
15/02/2024;12:00 13:00 14:00 12:30 13:30 14:30 15:30 16:30 15:00 16:00 17:00 17:30 18:00;ge29mq8l9A0eldre4EGj;6 7;UrbanSoccer - Asnières-ChIJi5LkLT9v5kcRSlhScqEFNWs UrbanSoccer - Puteaux-ChIJM_sC0-Nk5kcRhL1y_EFIje8
07/03/2024;18:30 19:00 19:30 20:00 18:00;glCavMsuNhdGx6y07HFm;1 2 3 4 5 6 7;Foot à 5 @ Le club le Village-ChIJwU28MyyB5kcRHVcpV1mkYVo UrbanSoccer Guyancourt-ChIJmdX-2c-A5kcRj1wtOS8rZmo UrbanSoccer Orsay-ChIJpZIJg7J45kcRrKWKhtbfnEQ
11/03/2024;17:00 17:30 18:00 19:00 18:30 19:30 20:00 20:30 21:00 21:30 22:00;gqSaW0dFBahNchO3jCFH;1 2 3 4 5 6 7;LE FIVE Paris 18-ChIJPVT4_n1u5kcRzji6FdTBXXo LE FIVE Paris 17-ChIJ7eI8sFNv5kcR5xy52Wc57NU UrbanSoccer - Porte d'Aubervilliers-ChIJ0dXjDCZs5kcRvX0EpMwxsUY UrbanSoccer - Asnières-ChIJi5LkLT9v5kcRSlhScqEFNWs
14/03/2024;15:00 19:30;guBRbl16xyFZixHJXebk;6;UrbanSoccer Evry-ChIJW0Ut1G7e5UcRt621n2fRQ5M
08/02/2024;19:00 19:30 20:00 20:30 21:00 21:30 22:00 22:30;gvn1V26Xd0Q7mRuY8mYZ;4 1 2 3 5;LE FIVE Montreuil-ChIJJdTQjr0T5kcRZmGxtIJVy44 LE FIVE Paris 13-ChIJ_bOSChhz5kcRZMTeq_6Gdzg UrbanSoccer - Quai d'Ivry-ChIJfXxYJ0xy5kcRw9xTkF6-FZQ
24/02/2024;14:00 14:30 15:00 15:30 16:00 16:30 17:00 17:30 18:00 18:30 19:00 19:30 20:00 20:30 21:00;h18XOmUvC7u52hINIeCm;7 6;LE FIVE Metz-ChIJodpwmbLblEcRGk4-_FQorf4
11/02/2024;11:00 12:00 13:00 10:00;h3WgKTy4uJHLzoaw0T5L;2 4;Stade Georges Carpentier-ChIJK1Ox8s9z5kcRbgUAZHwwCQA Halle Georges Carpentier-ChIJnXkSwCty5kcR-nlHXNFQlg4
05/02/2024;17:00 18:00 19:00 20:00;h7kp1YANmhWpHAOmL4nR;2 3 4 5 6 7;Footsal Cousinerie-ChIJXQyb1d8pw0cRLO_Ed5xHTIQ
18/03/2024;9:00 10:00 11:00 12:00 13:00 14:00 15:00 16:00 17:00 18:00 19:00 20:00 21:00 22:00 23:00 9:30 10:30 11:30 12:30 13:30 14:30 15:30 16:30 17:30 18:30 19:30 20:30 21:30 22:30 23:30;hFEszD9FBQcSrGMnkFh8;1 2 3 4 5 6 7;Speed Soccer Five-ChIJ2xTNglV25kcR3UDi4AXGfDU LE FIVE Créteil-ChIJ88lx3VwL5kcRVxCh4lD6_Gk LE FIVE Champigny-ChIJsXi1PLYN5kcRTVVDuczgS2s LE FIVE Bezons-ChIJ71Mv0Wpk5kcRg-H9x7L-dXo VERSUSFOOT Thiais-ChIJn2R2NT905kcRjqB29qldBxk UrbanSoccer Meudon-ChIJ0WKvjbh75kcRoqSmyWwW2jQ Stadium Thiais-ChIJ64X9jzx05kcRsHvSfOv6UcA FOOT IN FIVE-ChIJoUR0syFp5kcRUlStnwluaYY UrbanSoccer La Défense-ChIJh4rnfVhk5kcRV2Q-ZKdm8vA UrbanSoccer - Puteaux-ChIJM_sC0-Nk5kcRhL1y_EFIje8 LE FIVE Marville - La Courneuve-ChIJ2dHdMZxr5kcR0aKYHYsp0pY LE FIVE Montreuil-ChIJJdTQjr0T5kcRZmGxtIJVy44 UrbanSoccer - Asnières-ChIJi5LkLT9v5kcRSlhScqEFNWs LE FIVE Bobigny-ChIJV8UONORs5kcRXxR5Qd7x130 LE FIVE Villette-ChIJTUFnQjps5kcR0pHITLTw1PI UrbanSoccer - Porte d'Aubervilliers-ChIJ0dXjDCZs5kcRvX0EpMwxsUY LE FIVE Paris 17-ChIJ7eI8sFNv5kcR5xy52Wc57NU UrbanSoccer - Quai d'Ivry-ChIJfXxYJ0xy5kcRw9xTkF6-FZQ LE FIVE Paris 18-ChIJPVT4_n1u5kcRzji6FdTBXXo LE FIVE Paris 13-ChIJ_bOSChhz5kcRZMTeq_6Gdzg
20/03/2024;17:00 22:30 23:00 23:30 22:00 16:30 17:30;hFT36wrzzsJ0UB4AnY1Z;1 2 3 4 5 6 7;LE FIVE Paris 17-ChIJ7eI8sFNv5kcR5xy52Wc57NU UrbanSoccer - Asnières-ChIJi5LkLT9v5kcRSlhScqEFNWs LE FIVE Paris 18-ChIJPVT4_n1u5kcRzji6FdTBXXo
07/02/2024;9:00 10:00 11:00 12:00 9:30 10:30 11:30 12:30 13:00 13:30 14:00 14:30 15:00 15:30 16:00 16:30 17:00 17:30 18:00 18:30 19:00 19:30 20:00 20:30 21:00 21:30 22:00 22:30 23:00 23:30;hHrKGyAjziIZcP4vT4wm;6 7;Footsal Cousinerie-ChIJXQyb1d8pw0cRLO_Ed5xHTIQ Footsal-ChIJa7HS298pw0cRMoVDj0XqVdI UrbanSoccer - Lille Lezennes-ChIJR3ro5nTWwkcRfM_S3Be9HjI Spot FUTSAL-ChIJwdUawmfVwkcRaNLo_CmNii0 UrbanSoccer - Lille Bondues-ChIJ58ZerMgrw0cR2Jyp7tZjBn4 KIPSTADIUM-ChIJydcoT88ow0cRLnHvlF-Z_jE Arena Club-ChIJeWJWRjYvw0cRbnJR4ZXAKMA
28/02/2024;17:30 18:00 18:30 19:00 19:30 20:00;hIfYL304rRaXfzJbHBJ0;4 5;LE FIVE Bezons-ChIJ71Mv0Wpk5kcRg-H9x7L-dXo UrbanSoccer La Défense-ChIJh4rnfVhk5kcRV2Q-ZKdm8vA UrbanSoccer - Asnières-ChIJi5LkLT9v5kcRSlhScqEFNWs UrbanSoccer - Puteaux-ChIJM_sC0-Nk5kcRhL1y_EFIje8
21/02/2024;19:00 19:30 20:00 20:30 21:00 21:30 22:30 22:00 23:00 23:30;hKEaBGxJob0rMZ5MvKz6;1 2 3 4 5 6 7;Speed Soccer Five-ChIJ2xTNglV25kcR3UDi4AXGfDU LE FIVE Morangis-ChIJA4uAhOXZ5UcRp-vZXZP-ovY LE FIVE Paris 13-ChIJ_bOSChhz5kcRZMTeq_6Gdzg LE FIVE Paris 18-ChIJPVT4_n1u5kcRzji6FdTBXXo LE FIVE Paris 17-ChIJ7eI8sFNv5kcR5xy52Wc57NU
10/03/2024;18:00 21:30;hLmYAM03OfbFyIIUhPwL;1 2 3 4 5 6 7;Sport dans la Ville Rhône-Alpes-ChIJoUEDcmvr9EcRILCz6hDCQ2o We Are Sports-ChIJFZU5oBHC9EcRJTFrSkI1xxg UrbanSoccer - Lyon Parilly-ChIJx3FQWjLC9EcRrrQb2eV7i_4 LE FIVE OL-ChIJmz3whejH9EcR3j9ApNRukKE F5 Foot Five-ChIJjUbM5G7A9EcRW3mlkrhyXxY
27/02/2024;15:00 16:30 15:30 16:00 17:00 18:30 19:30 17:30 18:00 19:00 20:00 21:00 22:00 20:30 21:30 22:30 23:30 23:00;hLxsina2ww41Jbb5Ins3;1 2 3 4 5 6 7;LE FIVE Paris 18-ChIJPVT4_n1u5kcRzji6FdTBXXo
08/03/2024;9:00 9:30 10:00 10:30 11:30 12:30 11:00 12:00 13:00 14:00 13:30 14:30 15:00 15:30 16:00 16:30 17:00 17:30 18:00 18:30 19:00 19:30 20:00 20:30 21:00 21:30 22:00 22:30 23:00 23:30;hgStbEGdDhC14MKzYshd;1 2 3 4 5 6 7;Z5 Aix-ChIJKb-U_9KSyRIRKIFKbH5mW18 Monclub Futbol-ChIJGbxxaamUyRIRgGvhHnhJStA Le B3 Soccer-ChIJa69uraDryRIRRlY7a07cUqU Game 13 foot indoor-ChIJNSDvlsXryRIRUXao9hwB79I LE FIVE Vitrolles-ChIJi4A-IrHoyRIRunoYLEGNeYI
09/02/2024;9:00 10:00 11:00 12:00 13:00 14:00 15:00 16:00 18:00 23:00 20:00 21:00 22:00 19:00 17:00 23:30 22:30 21:30 20:30 19:30 18:30 17:30 16:30 15:30 14:30 13:30 12:30 11:30 10:30 9:30;hgcwYGyx1D77wV5RKFRm;1 2 3 4 5 6 7;LE FIVE Annemasse-ChIJVc4JI-FtjEcRkBpWIDCVoII Union Sportive Annemasse Ambilly Gaillard-ChIJwcUpkP1xjEcR9-0zaUNgmUQ Stade de foot de Romagny-ChIJAcxnmSZujEcRqIVO8TZxrqA Black Panthers Thonon-ChIJgzDHfmc-jEcRu_m5NgAE50Q Évian Thonon Gaillard Football Club-ChIJZeR6vF0-jEcRAP7JEMyx8Yo Stade de Vongy-ChIJfS6cYfQ9jEcR1w2qxNcpv8s AS THONON-ChIJEVJqcl0-jEcRSLRkshGRJwQ Stade Joseph Moynat-ChIJP0uyn10-jEcRdhtQkPOK2Gk
13/03/2024;18:00 18:30 19:00 19:30 20:00 20:30 21:00 21:30 22:00 22:30 23:00 23:30;hhNlQll6MK4A9llAFv1K;1 2 3 4 5 6 7;Massilia Foot Indoor 2-ChIJxZ6UmMW-yRIRfYNGGPPJfIU Le 13 - Foot en salle - Marseille-ChIJR62kUm_ByRIRDnGQqGCeUVQ STADIUM FOOT 5 VILLAGE-ChIJbbOWFtC4yRIR0WXVerbWmnE Le Mercato FOOT INDOOR-ChIJzRK7HJy_yRIRqEreyEiAfC0 Massilia Five-ChIJxZ6UmMW-yRIR7ot5DChYj4w MONCLUB 2.0-ChIJv9owGLm-yRIRfuDnd3G6nR4 FOOT INDOOR Marseille-ChIJ41AMCxC8yRIRLHLGt11sc-U Evolution Football-ChIJX0YulIi8yRIRnGh62u3UXTQ Game 13 foot indoor-ChIJNSDvlsXryRIRUXao9hwB79I Le B3 Soccer-ChIJa69uraDryRIRRlY7a07cUqU Monclub Futbol-ChIJGbxxaamUyRIRgGvhHnhJStA LE FIVE Vitrolles-ChIJi4A-IrHoyRIRunoYLEGNeYI
14/02/2024;17:00 18:00 18:30 17:30 19:30 19:00 20:00 20:30 21:30 21:00 22:00 22:30 23:30 23:00;hhjSmCQRfYHLVCnhuxjd;4;Footsal Cousinerie-ChIJXQyb1d8pw0cRLO_Ed5xHTIQ UrbanSoccer - Lille Bondues-ChIJ58ZerMgrw0cR2Jyp7tZjBn4 UrbanSoccer - Lille Lezennes-ChIJR3ro5nTWwkcRfM_S3Be9HjI
11/02/2024;10:00 11:00 10:30 11:30 12:00 12:30 13:00 13:30 19:30 20:00 20:30 21:30 22:30 23:30 23:00 21:00 22:00;hjIjpok6368pvJUItyIL;1 2 3 4 5 7 6;POWER FIVE ( Foot à 5 en intérieur )-ChIJ6ULNmyh15kcRV9cjbnBjGr8
24/02/2024;18:00 21:00 18:30 19:00 19:30 20:00 20:30 21:30 22:00;hlxauVlJey05fzGQCdx0;4 5 3 2;LE FIVE Sarcelles-ChIJ6_q3Fxhq5kcRCpoEwnoXX1Q
13/03/2024;18:00 18:30 19:00 19:30;hoOkhHVQxCVVgTfOphfS;1 2 3 4;LE FIVE Reims-ChIJad8c0qR16UcRMPDMaa34XJ8
15/03/2024;17:00 17:30 22:00 22:30 23:00;huVZRAPcgZ8duHCYFd2D;1 2 3 4 5 6 7;UrbanSoccer - Lille Lezennes-ChIJR3ro5nTWwkcRfM_S3Be9HjI UrbanSoccer - Lille Bondues-ChIJ58ZerMgrw0cR2Jyp7tZjBn4
02/02/2024;14:30 15:30 14:00 15:00 16:00 16:30 17:00 17:30 18:00 18:30 19:00 19:30 20:00 20:30 21:00 21:30 22:30 22:00;hx7Tpf5TqPn0chEsoMQ4;7;LE FIVE Paris 17-ChIJ7eI8sFNv5kcR5xy52Wc57NU LE FIVE Paris 18-ChIJPVT4_n1u5kcRzji6FdTBXXo UrbanSoccer - Porte d'Aubervilliers-ChIJ0dXjDCZs5kcRvX0EpMwxsUY UrbanSoccer - Asnières-ChIJi5LkLT9v5kcRSlhScqEFNWs
03/03/2024;18:00 17:30 17:00;hzg6EuLJ37pylpoURAbN;7;Footbox-ChIJY-WkusIR5kcR-tEad3UtaSQ LE FIVE Montreuil-ChIJJdTQjr0T5kcRZmGxtIJVy44 LE PARK Noisy-ChIJdUHbID8O5kcRV5lQhiHTvhs OHSPORT-ChIJHeG9fA4X5kcRbGNzVY5Ud5I LE FIVE Bobigny-ChIJV8UONORs5kcRXxR5Qd7x130 Top Ten-ChIJfXprBx4b5kcRmhe-5pLZUek UrbanSoccer - Marne-La-Vallée-ChIJ6bDBiosP5kcROXiloHzSdhc LE FIVE Champigny-ChIJsXi1PLYN5kcRTVVDuczgS2s LE FIVE Villette-ChIJTUFnQjps5kcR0pHITLTw1PI UrbanSoccer - Porte d'Aubervilliers-ChIJ0dXjDCZs5kcRvX0EpMwxsUY LE FIVE Paris 18-ChIJPVT4_n1u5kcRzji6FdTBXXo LE FIVE Marville - La Courneuve-ChIJ2dHdMZxr5kcR0aKYHYsp0pY UrbanSoccer - Quai d'Ivry-ChIJfXxYJ0xy5kcRw9xTkF6-FZQ LE FIVE Créteil-ChIJ88lx3VwL5kcRVxCh4lD6_Gk LE FIVE Paris 13-ChIJ_bOSChhz5kcRZMTeq_6Gdzg LE FIVE Sarcelles-ChIJ6_q3Fxhq5kcRCpoEwnoXX1Q LE FIVE Paris 17-ChIJ7eI8sFNv5kcR5xy52Wc57NU FOOT IN FIVE-ChIJoUR0syFp5kcRUlStnwluaYY BIG5-ChIJsb_7TJFp5kcRSPL5VqZulr4 UrbanSoccer - Asnières-ChIJi5LkLT9v5kcRSlhScqEFNWs
04/03/2024;0,791666667;i1hpoa8Ueh9BeKpZXz8D;7 6 5 4 3 2 1;UrbanSoccer Meudon-ChIJ0WKvjbh75kcRoqSmyWwW2jQ UrbanSoccer - Puteaux-ChIJM_sC0-Nk5kcRhL1y_EFIje8 VERSUSFOOT-ChIJn2R2NT905kcRjqB29qldBxk
15/03/2024;20:00 20:30 21:00 22:00 22:30 23:30 23:00 21:30;iFTIPjdfuwBkmIDA3SJ7;6 7;UrbanSoccer - Porte d'Aubervilliers-ChIJ0dXjDCZs5kcRvX0EpMwxsUY LE FIVE Marville - La Courneuve-ChIJ2dHdMZxr5kcR0aKYHYsp0pY LE FIVE Paris 18-ChIJPVT4_n1u5kcRzji6FdTBXXo UrbanSoccer La Défense-ChIJh4rnfVhk5kcRV2Q-ZKdm8vA
16/03/2024;21:30 21:00 22:00 22:30 20:00 20:30 19:30 19:00 18:00 18:30 17:30 17:00 16:00 16:30 15:30 15:00 14:00 14:30 13:30 13:00 12:00 12:30 11:30 11:00 10:00 10:30;iJNLL7SrxffQ9u0OCf7v;1 2 3 4 5 6 7;UrbanSoccer Evry-ChIJW0Ut1G7e5UcRt621n2fRQ5M B14 - Sports et Loisirs Indoor-ChIJaeLKMYXe5UcRHyWJ8X8FaPA Stadium Thiais-ChIJ64X9jzx05kcRsHvSfOv6UcA
06/03/2024;15:00 15:30 16:00 16:30 17:00 17:30 18:00 19:30 18:30 19:00 20:00 20:30;iLRdUXnTJ9Wd4noHvghP;4 5 6 7;Stade Georges Carpentier-ChIJDcRAPQZz5kcRRfIYvk9rvQQ
13/02/2024;9:00 10:00 9:30 11:00 10:30 11:30 12:00 12:30 13:30 13:00 14:00 14:30 15:00 15:30 16:00 16:30 17:00 17:30 18:00 19:00 20:00 21:00 22:00 23:00 23:30 22:30 21:30 20:30 19:30 18:30;iMtdmAlRrvKr5GF8b4Fr;1 2 3 4 5 6 7;LE FIVE Paris 13-ChIJ_bOSChhz5kcRZMTeq_6Gdzg UrbanSoccer - Quai d'Ivry-ChIJfXxYJ0xy5kcRw9xTkF6-FZQ Stadium Thiais-ChIJ64X9jzx05kcRsHvSfOv6UcA Speed Soccer Five-ChIJ2xTNglV25kcR3UDi4AXGfDU LE FIVE Montreuil-ChIJJdTQjr0T5kcRZmGxtIJVy44 LE FIVE Créteil-ChIJ88lx3VwL5kcRVxCh4lD6_Gk
20/02/2024;11:00 12:00 13:00 14:00 15:00 16:00 17:00 18:00 19:00 20:00 11:30 12:30 13:30 14:30 15:30 16:30 17:30 18:30 20:30 19:30;iN7MZtMrTAJhdRfDEA0U;1 2 3 4 5 6 7;LE FIVE Nancy-ChIJ84QrCMaYlEcRF5c_hb5H97c Foot Korner - Nancy-ChIJTywaW6SZlEcR3NzeVlrW7us City 2-ChIJS2bVtn-jlEcRuvUT4qEiM1s Stade Marcel Picot-ChIJf-JuYTaYlEcRLux5RDTLFl0 Stade Matter-ChIJTYpDDUaYlEcRQEQQ3hMjIv8 Five Pizza Original - Nancy-ChIJQxIhgKKZlEcRrFlvycwjHVQ Stade Victor-ChIJKUgTS0GYlEcRqcoMmzdmKB0 Stade De Foot-ChIJr7akheqZlEcRLYcmCRfyONk Fútbol Fútbol Nancy-ChIJLW1WkU-YlEcRGseYximP-TY Foot Locker-ChIJo7Vw8W2YlEcRpp5-eob-_yw Terrain Raymond Deleau-ChIJM6UWS-2YlEcRFXT1soBfBRg Pumptrack de Nancy by bikesolutions.fr-ChIJJ57oBUqZlEcRjEJvzkpTVto Centre de Formation du SLUC-ChIJBbOkK46jlEcRrhJZz9lS1UA District Meurthe Et Moselle Sud de Footb-ChIJ57AEqoeilEcRAsmUQfy4q7E U.S Vandœuvre-ChIJ_-puipGYlEcRi7EQHWxwuVM Futsal Nancy-Foret de Haye HOOSIER HAYE-ChIJGUMvJT2llEcRyW3H_eQbtQc Stade des Aiguillettes-ChIJJ4tLVY-jlEcR2kzq6rk96TU Terrain de basket-ball-ChIJCzJCxHiilEcRdvQXABmkZUQ Terrain de Football de Saulxures-lès-Nancy-ChIJ51HkI9mZlEcRxUZlD9oi5Hw COS Villers Football-ChIJ7RsnT42jlEcRv-5Lkq4a1mg
14/03/2024;9:00 10:30 10:00 9:30 11:30 11:00 12:30 12:00 13:30 13:00 14:00 14:30 15:30 15:00 16:30 16:00 22:00 21:30 21:00 20:00 20:30 19:30 19:00 18:30 18:00 17:30 17:00;iP8phYdnd5ADSY78ZOkK;1 2 3 4 5 6 7;LE FIVE Paris 13-ChIJ_bOSChhz5kcRZMTeq_6Gdzg LE FIVE Paris 18-ChIJPVT4_n1u5kcRzji6FdTBXXo UrbanSoccer - Quai d'Ivry-ChIJfXxYJ0xy5kcRw9xTkF6-FZQ LE FIVE Paris 17-ChIJ7eI8sFNv5kcR5xy52Wc57NU UrbanSoccer - Porte d'Aubervilliers-ChIJ0dXjDCZs5kcRvX0EpMwxsUY LE FIVE Villette-ChIJTUFnQjps5kcR0pHITLTw1PI
02/03/2024;9:00 18:00;iPCROgplUI56LLhVIFih;6 7;LE FIVE Bobigny-ChIJV8UONORs5kcRXxR5Qd7x130 LE FIVE Marville - La Courneuve-ChIJ2dHdMZxr5kcR0aKYHYsp0pY
28/02/2024;17:00 18:00 19:00 20:00 21:00 22:00 23:00;iRi8qLoUPBT4lW1KbwRf;1 2 3 4 5 6 7;Stade Urbain Wallet-ChIJbTDEynKF50cRijTYHi4Ytro Teams5 Amiens-ChIJ-XZhNZeG50cRLANyhp056JE AMIENS PICARDIE FOOTBALL CLUB-ChIJa8vS6WqE50cRD4Hm9GHj3T4 Amiens Rif-ChIJN24h3yCE50cRPdIqDOMXSgc ASSOCIATION AMIENS FUTSAL MARIVAUX-ChIJkaqMxWuF50cR-mH0NEM08w4 Amiens sud foot-ChIJX1TD2-2B50cRznwx79A6jhM Ligue de football des Hauts-de-France (Antenne d'Amiens)-ChIJOVP9-0CE50cRUp0zYEfFzu0 Centre Fernand Duchaussoy-ChIJQf6b5_CD50cR3QFUsX6ot3M Stade de Dreuil-lès-Amiens-ChIJn0OMktiD50cRrhUPX_MUXdU Stade Jean Renaud-ChIJZYNFMpyG50cR2rT2ZGMHRB0 Stade Crédit Agricole la Licorne-ChIJEfbpUI2D50cRzcfwrIHnVJw Fc Porto Portugais Amiens-ChIJawS9ZBSE50cRtvl7Ka3RH8Y Stade du Grand Marais-ChIJXRidpKmB50cR3A0ESI0DZBY Stade Guynemer-ChIJJx30Lg-F50cRZKKkVKnFtGY
02/02/2024;15:00 21:00 15:30 16:00 16:30 17:30 17:00 19:00 18:30 18:00 20:00 19:30 20:30;iTFZdIak9f8pXHnfAM6b;1 2 3 4 5 6 7;Foot-Max Argenteuil-ChIJi9oIzaRm5kcRJYcK7QsdRMU Foot Max-ChIJpzObV-lm5kcR5uFu3wWJVWM Firefoot-ChIJ0zSROfj15kcR4l0wrCcYPMk GOPARK INTERIEUR - Paintball et trampolines parc-ChIJ2cJmdhf15kcRQ4mUOxIVzd0 Le Street Foot en Salle-ChIJt_AXL6Jg5kcRu6rBmnrmeUM Kaiser Park-ChIJsRLZzKFg5kcRBCfNws9nssw
17/03/2024;20:30 20:00 21:00 21:30 22:00 23:00 23:30 22:30 19:00 19:30;iXIvHNGISmOVOnBNlpMX;1 2 3 4 5 6 7;Classico Foot-ChIJFV442oCxrhIRgsZy5aIbkNs Events Five-ChIJf8cSCJG5rhIRoQadPH-wW1U LE FIVE Colomiers-ChIJ8wxhgGexrhIRm698kMPQIRw Play Soccer-ChIJQ-UxZn-5rhIRKWoQydM5T9s UrbanSoccer - Toulouse Montaudran-ChIJl772e0u8rhIR2foRX4Xa2CI UrbanSoccer - Toulouse Sept Deniers-ChIJk5nUBdOkrhIRP-1aUJzo-lA
06/02/2024;19:00 19:30 20:00;ib0Y8Q7hJmTHaCITKwBC;2 4;Speed Soccer Five-ChIJ2xTNglV25kcR3UDi4AXGfDU Stadium Thiais-ChIJ64X9jzx05kcRsHvSfOv6UcA UrbanSoccer Meudon-ChIJ0WKvjbh75kcRoqSmyWwW2jQ
04/03/2024;19:30 20:30 21:30 22:30 23:30;ifcCGrsdRp2nloiA2iEG;1 2 3 4 5 6 7;Fun Foot Ajaccio-ChIJMYDG2oxr2hIR2VIfssGUycU
28/02/2024;17:00 17:30 18:00 18:30 19:30 19:00 20:30 20:00 21:30 21:00;imc2sa8l4KioqwhjkcNU;1 2 3 4 5 6;Stadium Thiais-ChIJ64X9jzx05kcRsHvSfOv6UcA LE FIVE Paris 13-ChIJ_bOSChhz5kcRZMTeq_6Gdzg UrbanSoccer - Quai d'Ivry-ChIJfXxYJ0xy5kcRw9xTkF6-FZQ VERSUSFOOT Thiais-ChIJn2R2NT905kcRjqB29qldBxk
22/02/2024;0,75;inJa3huWNv9vs8C0k4M6;2 3;UrbanSoccer La Défense-ChIJh4rnfVhk5kcRV2Q-ZKdm8vA UrbanSoccer - Puteaux-ChIJM_sC0-Nk5kcRhL1y_EFIje8 LE FIVE Bezons-ChIJ71Mv0Wpk5kcRg-H9x7L-dXo
26/02/2024;18:00 19:00 18:30 19:30 17:00 17:30 21:30 22:30 20:30;irxSoX8MRXcDmolBQOfx;1 4;UrbanSoccer - Toulouse Sept Deniers-ChIJk5nUBdOkrhIRP-1aUJzo-lA UrbanSoccer - Toulouse Montaudran-ChIJl772e0u8rhIR2foRX4Xa2CI
23/02/2024;20:00 20:30 21:00 21:30 19:00 19:30 18:00 18:30 17:00 17:30 16:00 16:30;irzzoJxu0hcBSJ2qhGet;1 2 3 4 5 6 7;UrbanSoccer - Saint Etienne-ChIJ6xFIgPWr9UcRxo6t2gZwcZM
13/03/2024;0,75;isAIc8XqzZRIqusY84cc;3;Footsal-ChIJa7HS298pw0cRMoVDj0XqVdI Spot FUTSAL-ChIJwdUawmfVwkcRaNLo_CmNii0 UrbanSoccer - Lille Lezennes-ChIJR3ro5nTWwkcRfM_S3Be9HjI UrbanSoccer - Lille Bondues-ChIJ58ZerMgrw0cR2Jyp7tZjBn4 Arena Club-ChIJeWJWRjYvw0cRbnJR4ZXAKMA KIPSTADIUM-ChIJydcoT88ow0cRLnHvlF-Z_jE Footsal Cousinerie-ChIJXQyb1d8pw0cRLO_Ed5xHTIQ
16/03/2024;9:00 23:30 10:00 11:00 12:00 14:00 16:00 17:00 18:00 15:00 13:00 19:00 20:00 21:00 22:00 23:00 22:30 21:30 20:30 19:30 18:30 17:30 16:30 15:30 13:30 14:30 12:30 11:30 10:30 9:30;iwkqRXFLcQbzHJLpE9xp;1 2 3 4 5 6 7;Le CR5-ChIJnVE47IHn5UcRr5XRwCaPE38 LE PARK Servon-ChIJMU8gErUJ5kcRSnpvacKwFtM
19/02/2024;18:30 19:00 19:30 20:00 20:30;iyuZOC2rLTAcWA5tLLJ0;1 2 3 4;UrbanSoccer Evry-ChIJW0Ut1G7e5UcRt621n2fRQ5M LE FIVE Morangis-ChIJA4uAhOXZ5UcRp-vZXZP-ovY
10/02/2024;9:00 9:30 10:00 10:30 11:00 11:30;j1NgII1eFaSIm0CRnoHP;7;UrbanSoccer La Défense-ChIJh4rnfVhk5kcRV2Q-ZKdm8vA
26/02/2024;18:00 18:30 19:00 19:30 20:00 20:30 21:00;j53ruuoF1JBtKzIVBHVQ;2;UrbanSoccer - Toulouse Sept Deniers-ChIJk5nUBdOkrhIRP-1aUJzo-lA UrbanSoccer - Toulouse Montaudran-ChIJl772e0u8rhIR2foRX4Xa2CI
08/03/2024;9:00 9:30 10:00 10:30 20:30 21:00 21:30 22:00 22:30 23:00;j6kDZUKozrjWOuWfkzt9;5 6 7 4 3 2 1;UrbanSoccer - Porte d'Aubervilliers-ChIJ0dXjDCZs5kcRvX0EpMwxsUY
16/03/2024;22:00 22:30 21:00 21:30 23:00 23:30;j7Z4ynZ09gtyCjCeyFxr;6 1;LE FIVE Bezons-ChIJ71Mv0Wpk5kcRg-H9x7L-dXo Foot POWER 5-ChIJuTCIFshm5kcRBtEQJ76dAzc Foot-Max Argenteuil-ChIJi9oIzaRm5kcRJYcK7QsdRMU UrbanSoccer - Asnières-ChIJi5LkLT9v5kcRSlhScqEFNWs Le Street Foot en Salle-ChIJt_AXL6Jg5kcRu6rBmnrmeUM
12/03/2024;9:00 9:30 10:00 10:30 11:00 11:30 12:00 12:30 13:00 13:30 14:00 14:30 15:00 15:30 16:00 16:30 17:00 17:30 18:00 18:30 19:00 19:30 20:00 20:30 21:00 21:30 22:00 22:30 23:00 23:30;j9ceVUjWRfr4xbKjoDik;2 3 4;LE FIVE Paris 18-ChIJPVT4_n1u5kcRzji6FdTBXXo LE FIVE Paris 17-ChIJ7eI8sFNv5kcR5xy52Wc57NU UrbanSoccer - Porte d'Aubervilliers-ChIJ0dXjDCZs5kcRvX0EpMwxsUY LE FIVE Villette-ChIJTUFnQjps5kcR0pHITLTw1PI UrbanSoccer - Asnières-ChIJi5LkLT9v5kcRSlhScqEFNWs LE FIVE Bobigny-ChIJV8UONORs5kcRXxR5Qd7x130 LE FIVE Montreuil-ChIJJdTQjr0T5kcRZmGxtIJVy44 LE FIVE Marville - La Courneuve-ChIJ2dHdMZxr5kcR0aKYHYsp0pY UrbanSoccer - Puteaux-ChIJM_sC0-Nk5kcRhL1y_EFIje8 UrbanSoccer La Défense-ChIJh4rnfVhk5kcRV2Q-ZKdm8vA FOOT IN FIVE-ChIJoUR0syFp5kcRUlStnwluaYY Stadium Thiais-ChIJ64X9jzx05kcRsHvSfOv6UcA UrbanSoccer Meudon-ChIJ0WKvjbh75kcRoqSmyWwW2jQ VERSUSFOOT Thiais-ChIJn2R2NT905kcRjqB29qldBxk LE FIVE Bezons-ChIJ71Mv0Wpk5kcRg-H9x7L-dXo LE FIVE Champigny-ChIJsXi1PLYN5kcRTVVDuczgS2s LE FIVE Créteil-ChIJ88lx3VwL5kcRVxCh4lD6_Gk Speed Soccer Five-ChIJ2xTNglV25kcR3UDi4AXGfDU
02/02/2024;18:30 19:00 17:00 17:30 18:00 19:30 20:00 20:30 21:00;jAPQLwYt03QCFh5h60RM;1 2 3 4 5 6 7;UrbanSoccer - Lyon Barolles-ChIJN4l-IC3v9EcRf9QJKIVC_aY Association Sportive de Brignais Football-ChIJ4WwKFRbv9EcRpOI7BK_uBWU
17/03/2024;20:30 20:00 21:00 21:30 22:00 23:00 23:30 22:30 19:00 19:30;jEvQ4k4rV0zPvHGmFk4n;1 2 3 4 5 6 7;Classico Foot-ChIJFV442oCxrhIRgsZy5aIbkNs Events Five-ChIJf8cSCJG5rhIRoQadPH-wW1U LE FIVE Colomiers-ChIJ8wxhgGexrhIRm698kMPQIRw Play Soccer-ChIJQ-UxZn-5rhIRKWoQydM5T9s UrbanSoccer - Toulouse Montaudran-ChIJl772e0u8rhIR2foRX4Xa2CI UrbanSoccer - Toulouse Sept Deniers-ChIJk5nUBdOkrhIRP-1aUJzo-lA
04/02/2024;16:00 17:00 18:00 19:00 20:00;jHSOnHoh5mREyCwUXHYq;7;Foot-Max Argenteuil-ChIJi9oIzaRm5kcRJYcK7QsdRMU Foot POWER 5-ChIJuTCIFshm5kcRBtEQJ76dAzc LE FIVE Bezons-ChIJ71Mv0Wpk5kcRg-H9x7L-dXo UrbanSoccer - Asnières-ChIJi5LkLT9v5kcRSlhScqEFNWs FOOT IN FIVE-ChIJoUR0syFp5kcRUlStnwluaYY
16/03/2024;10:00 10:30 11:00 11:30 12:30 13:30 12:00 13:00 14:30 14:00 15:30 15:00 16:00 16:30 17:00 17:30 18:00 18:30 19:30 19:00 20:00 20:30 21:00 21:30;jL5MoMxxJ8HQrqehEOKm;1 2 3 4 5 6 7;LE FIVE Paris 17-ChIJ7eI8sFNv5kcR5xy52Wc57NU UrbanSoccer - Porte d'Aubervilliers-ChIJ0dXjDCZs5kcRvX0EpMwxsUY LE FIVE Villette-ChIJTUFnQjps5kcR0pHITLTw1PI UrbanSoccer La Défense-ChIJh4rnfVhk5kcRV2Q-ZKdm8vA UrbanSoccer - Puteaux-ChIJM_sC0-Nk5kcRhL1y_EFIje8
19/03/2024;11:00 17:30 18:00 18:30 17:00 19:30 19:00 20:00;jLlvpZIkIQ5LXs4ocXFa;1 2 3 4 5 6 7;LE FIVE VITROLLES-ChIJi4A-IrHoyRIRunoYLEGNeYI Monclub Futbol-ChIJGbxxaamUyRIRgGvhHnhJStA Z5 Aix-ChIJKb-U_9KSyRIRKIFKbH5mW18
24/02/2024;0,5;jO8FPIAiXn6y2lhlOHvX;2 4;Stade de la Tour aux Parachutes-ChIJbwsrhCpy5kcRca22Pnhr8MU Stade Georges Carpentier-ChIJK1Ox8s9z5kcRbgUAZHwwCQA Halle Georges Carpentier-ChIJnXkSwCty5kcR-nlHXNFQlg4
19/03/2024;18:30 19:00 19:30;jOanuvbho25Ii1Cja1xx;1 2 4;UrbanSoccer Evry-ChIJW0Ut1G7e5UcRt621n2fRQ5M
19/03/2024;0,791666667;jPAOFtRGfnI1TNtBUNX2;6 5 4 3 2 1;Evolution Football-ChIJX0YulIi8yRIRnGh62u3UXTQ FOOT INDOOR Marseille-ChIJ41AMCxC8yRIRLHLGt11sc-U MONCLUB 2.0-ChIJv9owGLm-yRIRfuDnd3G6nR4 STADIUM FOOT 5 VILLAGE-ChIJbbOWFtC4yRIR0WXVerbWmnE Massilia Five-ChIJxZ6UmMW-yRIR7ot5DChYj4w
22/02/2024;12:00 12:30 13:00 19:00 20:00 19:30 20:30 21:00;jUC00eexuTROScIOCLoq;3 4;UrbanSoccer - Quai d'Ivry-ChIJfXxYJ0xy5kcRw9xTkF6-FZQ LE FIVE Créteil-ChIJ88lx3VwL5kcRVxCh4lD6_Gk Stadium Thiais-ChIJ64X9jzx05kcRsHvSfOv6UcA
02/03/2024;17:00 17:30 18:00 18:30 19:00 19:30 20:00 20:30 16:00 16:30 15:00 15:30;jXuQOBeGEiwNNDt4tXoU;1 2 3 4 5 6 7;We Are Sports-ChIJFZU5oBHC9EcRJTFrSkI1xxg UrbanSoccer - Lyon Parilly-ChIJx3FQWjLC9EcRrrQb2eV7i_4 LE FIVE OL-ChIJmz3whejH9EcR3j9ApNRukKE Sun Set Soccer-ChIJ-2jOt33D9EcRLZL2mS5Gvz4 F5 Foot Five-ChIJjUbM5G7A9EcRW3mlkrhyXxY LE 5 DE LEGENDE-ChIJAQNaA3nc9EcRYvB35x41mBs UrbanSoccer - Lyon Barolles-ChIJN4l-IC3v9EcRf9QJKIVC_aY
20/02/2024;13:00 12:00 12:30 13:30 14:30 14:00 15:00 15:30 16:30 16:00 17:00 17:30 18:00 18:30 19:30 19:00 20:00 20:30 21:30 21:00 22:00 22:30 23:30 23:00;jYhGKDBL2xx4RZmyIWUB;1 2 3 4 5 6 7;Le Street Foot en Salle-ChIJt_AXL6Jg5kcRu6rBmnrmeUM GOPARK INTERIEUR - Paintball et trampolines parc-ChIJ2cJmdhf15kcRQ4mUOxIVzd0 Firefoot-ChIJ0zSROfj15kcR4l0wrCcYPMk Kaiser Park-ChIJsRLZzKFg5kcRBCfNws9nssw
25/02/2024;20:00 20:30 21:00 21:30 22:00;jbPf5HCPzkLYsVOgQaBE;1;UrbanSoccer - Asnières-ChIJi5LkLT9v5kcRSlhScqEFNWs UrbanSoccer Guyancourt-ChIJmdX-2c-A5kcRj1wtOS8rZmo LE FIVE Créteil-ChIJ88lx3VwL5kcRVxCh4lD6_Gk Élite 5 Soccer-ChIJ5-jfdlZk5kcRYIaELgvikaM UrbanSoccer La Défense-ChIJh4rnfVhk5kcRV2Q-ZKdm8vA UrbanSoccer - Puteaux-ChIJM_sC0-Nk5kcRhL1y_EFIje8 UrbanSoccer - Quai d'Ivry-ChIJfXxYJ0xy5kcRw9xTkF6-FZQ Power Five-ChIJ6ULNmyh15kcRV9cjbnBjGr8 UrbanSoccer Orsay-ChIJpZIJg7J45kcRrKWKhtbfnEQ LE FIVE Paris 13-ChIJ_bOSChhz5kcRZMTeq_6Gdzg Stadium Thiais-ChIJ64X9jzx05kcRsHvSfOv6UcA UrbanSoccer Meudon-ChIJ0WKvjbh75kcRoqSmyWwW2jQ VERSUSFOOT Thiais-ChIJn2R2NT905kcRjqB29qldBxk LE FIVE Morangis-ChIJA4uAhOXZ5UcRp-vZXZP-ovY Speed Soccer Five-ChIJ2xTNglV25kcR3UDi4AXGfDU
03/03/2024;17:00 17:30 18:00 18:30 19:00 19:30 20:00 20:30 21:00 21:30 22:00 22:30;jcHi5ktacUFKMROShihb;5 3 1;Stade Benjamin Gonzo-ChIJzWhUd_L05UcRb3DiIYXuqF8
01/03/2024;9:00 9:30 10:00 10:30 11:00 11:30 12:00 12:30 13:00 13:30 14:00 14:30 15:00 15:30 16:00 16:30 17:00 17:30 18:00 18:30 19:00 19:30 20:00 20:30 21:00 21:30 22:00 23:30 23:00 22:30;jd91VqI6QeN16lkVlDbd;1 2 3 4 5 6 7;UrbanSoccer La Défense-ChIJh4rnfVhk5kcRV2Q-ZKdm8vA UrbanSoccer - Puteaux-ChIJM_sC0-Nk5kcRhL1y_EFIje8 LE FIVE Bezons-ChIJ71Mv0Wpk5kcRg-H9x7L-dXo Foot-Max Argenteuil-ChIJi9oIzaRm5kcRJYcK7QsdRMU UrbanSoccer - Asnières-ChIJi5LkLT9v5kcRSlhScqEFNWs
07/02/2024;6:00pm 6:30pm 5:00pm 5:30pm 4:00pm 4:30pm 3:30pm 3:00pm 2:00pm 2:30pm 1:30pm 1:00pm 12:30pm 12:00pm 11:30am 11:00am 10:30am 10:00am 9:30am 9:00am;jnUK2wVBdcFeDz75ddn2;1 2 3 4 5 6 7;LE FIVE Paris 13-ChIJ_bOSChhz5kcRZMTeq_6Gdzg
03/03/2024;19:00 19:30 18:30;jqJsuosvR0ckP5TLyjKg;1 4 2 3 5 6 7;Sport dans la Ville Rhône-Alpes-ChIJoUEDcmvr9EcRILCz6hDCQ2o F5 Foot Five-ChIJjUbM5G7A9EcRW3mlkrhyXxY We Are Sports-ChIJFZU5oBHC9EcRJTFrSkI1xxg UrbanSoccer - Lyon Parilly-ChIJx3FQWjLC9EcRrrQb2eV7i_4 LE 5 DE LEGENDE-ChIJAQNaA3nc9EcRYvB35x41mBs UrbanSoccer - Lyon Barolles-ChIJN4l-IC3v9EcRf9QJKIVC_aY Factory Sport Games-ChIJNcDntQGO9EcR3CbXF7xfc5o Sun Set Soccer-ChIJ-2jOt33D9EcRLZL2mS5Gvz4 LE FIVE OL-ChIJmz3whejH9EcR3j9ApNRukKE
26/02/2024;18:00 18:30 19:30 19:00 20:00 20:30 21:00 21:30;jsHPl2v3IJ8qLZ0KLOvX;7 6 5;LE FIVE Sarcelles-ChIJ6_q3Fxhq5kcRCpoEwnoXX1Q BIG5-ChIJsb_7TJFp5kcRSPL5VqZulr4
06/03/2024;16:30 17:30 17:00 18:30 18:00 19:00 19:30 20:30 20:00 21:00 16:00 15:30;jsOdShIw39I1jAkbY0lQ;1 2 3 4 5 6 7;Classico Foot-ChIJFV442oCxrhIRgsZy5aIbkNs LE FIVE Colomiers-ChIJ8wxhgGexrhIRm698kMPQIRw
15/02/2024;13:00 14:00 15:00;jtLQsS3D3bioau1wFTcz;7;UrbanSoccer La Défense-ChIJh4rnfVhk5kcRV2Q-ZKdm8vA UrbanSoccer - Puteaux-ChIJM_sC0-Nk5kcRhL1y_EFIje8 LE FIVE Bezons-ChIJ71Mv0Wpk5kcRg-H9x7L-dXo UrbanSoccer - Asnières-ChIJi5LkLT9v5kcRSlhScqEFNWs
07/03/2024;18:00 19:00 20:00;juHSmJqeMgHRFECnSDID;4;UrbanSoccer La Défense-ChIJh4rnfVhk5kcRV2Q-ZKdm8vA
12/02/2024;18:00 18:30 19:00 19:30 20:00 20:30 21:00 21:30 22:00 22:30 23:00 23:30;jww0ctMTgXpVOuEryfM5;2 3 4;LE FIVE Carrières-sous-Poissy-ChIJ9T4fWfyL5kcRCBX-FyZLvEE
16/02/2024;0,416666667;jy2WAVEabRUCHFxpiTSm;3 4 5 6;UrbanSoccer - Villeneuve Loubet-ChIJVVVVEU3TzRIRX9_gbFDSBj0
20/02/2024;0,895833333;jzY5ykAZ9hwo1k4CCMxs;3 4 5 6 7;LE FIVE Paris 18-ChIJPVT4_n1u5kcRzji6FdTBXXo
19/03/2024;20:00 20:30 21:00;jzaJqoks6BHH20RHlz3C;6 7 5;Le 13 - Foot en salle - Marseille-ChIJR62kUm_ByRIRDnGQqGCeUVQ Massilia Foot Indoor 2-ChIJxZ6UmMW-yRIRfYNGGPPJfIU MONCLUB 2.0-ChIJv9owGLm-yRIRfuDnd3G6nR4 Le B3 Soccer-ChIJa69uraDryRIRRlY7a07cUqU Game 13 foot indoor-ChIJNSDvlsXryRIRUXao9hwB79I LE FIVE Vitrolles-ChIJi4A-IrHoyRIRunoYLEGNeYI Monclub Futbol-ChIJGbxxaamUyRIRgGvhHnhJStA Evolution Football-ChIJX0YulIi8yRIRnGh62u3UXTQ FOOT INDOOR Marseille-ChIJ41AMCxC8yRIRLHLGt11sc-U Massilia Five-ChIJxZ6UmMW-yRIR7ot5DChYj4w Le Mercato FOOT INDOOR-ChIJzRK7HJy_yRIRqEreyEiAfC0 STADIUM FOOT 5 VILLAGE-ChIJbbOWFtC4yRIR0WXVerbWmnE
17/03/2024;12:30 13:00 13:30 14:30 14:00 15:00 15:30 16:30 16:00 17:00 17:30 18:30 18:00 19:00 19:30 20:30 20:00 21:00 21:30;k0peosP4OlD96t969tlz;6 7 5;Sport dans la Ville Rhône-Alpes-ChIJoUEDcmvr9EcRILCz6hDCQ2o F5 Foot Five-ChIJjUbM5G7A9EcRW3mlkrhyXxY We Are Sports-ChIJFZU5oBHC9EcRJTFrSkI1xxg UrbanSoccer - Lyon Parilly-ChIJx3FQWjLC9EcRrrQb2eV7i_4 LE 5 DE LEGENDE-ChIJAQNaA3nc9EcRYvB35x41mBs UrbanSoccer - Lyon Barolles-ChIJN4l-IC3v9EcRf9QJKIVC_aY LE FIVE OL-ChIJmz3whejH9EcR3j9ApNRukKE Sun Set Soccer-ChIJ-2jOt33D9EcRLZL2mS5Gvz4 Factory Sport Games-ChIJNcDntQGO9EcR3CbXF7xfc5o
28/02/2024;19:00 18:00 20:00 18:30 19:30 20:30;k3wPeBV9XG1Feo21rK2T;4 5 6 7;UrbanSoccer Evry-ChIJW0Ut1G7e5UcRt621n2fRQ5M B14 - Sports et Loisirs Indoor-ChIJaeLKMYXe5UcRHyWJ8X8FaPA LE FIVE Morangis-ChIJA4uAhOXZ5UcRp-vZXZP-ovY Power Five-ChIJ6ULNmyh15kcRV9cjbnBjGr8 Le CR5-ChIJnVE47IHn5UcRr5XRwCaPE38 VERSUSFOOT Thiais-ChIJn2R2NT905kcRjqB29qldBxk Stadium Thiais-ChIJ64X9jzx05kcRsHvSfOv6UcA Speed Soccer Five-ChIJ2xTNglV25kcR3UDi4AXGfDU LE FIVE Créteil-ChIJ88lx3VwL5kcRVxCh4lD6_Gk LE PARK Servon-ChIJMU8gErUJ5kcRSnpvacKwFtM UrbanSoccer Orsay-ChIJpZIJg7J45kcRrKWKhtbfnEQ UrbanSoccer - Quai d'Ivry-ChIJfXxYJ0xy5kcRw9xTkF6-FZQ LE FIVE Paris 13-ChIJ_bOSChhz5kcRZMTeq_6Gdzg
20/03/2024;13:00 14:00;k4EH8GjCWymL6Erfj6ik;1 4;LE FIVE Bordeaux-ChIJteaBh_koVQ0RqH2VtN-qL5I
28/02/2024;18:00 18:30 19:00 19:30;k5nwNi23xW6Zw6AyT1uU;5;UrbanSoccer - Quai d'Ivry-ChIJfXxYJ0xy5kcRw9xTkF6-FZQ LE FIVE Paris 13-ChIJ_bOSChhz5kcRZMTeq_6Gdzg
03/03/2024;13:00 13:30 14:00 14:30 15:00 15:30 16:00 16:30 17:00 17:30 18:30 18:00 19:00 19:30 20:00 20:30 21:00 21:30 12:00 12:30 11:00 11:30;k9CzXalHvFDyyF4bpPhT;7;UrbanSoccer - Quai d'Ivry-ChIJfXxYJ0xy5kcRw9xTkF6-FZQ
15/03/2024;9:00 9:30 10:00 10:30 11:00 12:00 11:30 12:30 13:30 13:00 14:00 14:30 15:00 17:30 15:30 16:30 16:00 17:00 18:00 19:00 20:00 22:00 23:00 23:30 20:30 19:30 18:30 21:30 21:00 22:30;kAB9Zvfm3uEYHoZIKRdo;1 2 3 4 5 6 7;LE FIVE Carrières-sous-Poissy-ChIJ9T4fWfyL5kcRCBX-FyZLvEE
22/02/2024;0,833333333;kBrpjf3gt5f03j7OQYYY;4;OHSPORT-ChIJHeG9fA4X5kcRbGNzVY5Ud5I
17/03/2024;22:00 22:30 21:30 21:00;kEWrGspCDfkAYsWRjbQa;7 6 5 4 3 2 1;LE FIVE Paris 18-ChIJPVT4_n1u5kcRzji6FdTBXXo LE FIVE Villette-ChIJTUFnQjps5kcR0pHITLTw1PI
28/02/2024;19:00 20:00 19:30 20:30 21:00;kFkkiL1gmUhAMlBtewwt;1 2 3 4 5;Le CR5-ChIJnVE47IHn5UcRr5XRwCaPE38
25/02/2024;18:00 18:30 19:00 19:30 20:00 20:30 21:00 21:30 17:00 17:30;kHEVm5gqz8MgUFBwExdZ;1 2 3 4 5 6 7;Soccer Rennais-ChIJBWiWc1HgDkgRnIHJ7R5SVU0 UrbanSoccer Rennes Vern-ChIJS5VW0FUnD0gRUd2xV2pEeKY UrbanSoccer - Rennes Cap Malo-ChIJ-Ro0hr3nDkgRA0q2y4bBD30
26/02/2024;0,8125;kQAlvSl1RK3XyVplmRgy;4;Lille Football Faubourg de Bethune-ChIJgUO_inLVwkcR9OZ3Xp9c_v0
24/02/2024;0,791666667;kRtqT6vY7Qnl0wun4ODU;4;UrbanSoccer - Nantes St-Sébastien-ChIJAyKrntzoBUgRF09hrORC2nc
15/03/2024;11:00 12:00 11:30 12:30 13:00 13:30 17:00 16:30 17:30 18:30 18:00 19:00 19:30 16:00 15:00 14:00 14:30 15:30;kSFUBbwSFW1aOADYXnse;1 2 3 4 5 6 7;Play Soccer-ChIJQ-UxZn-5rhIRKWoQydM5T9s
17/03/2024;11:00 12:00 13:00 14:00 15:00 16:00 17:00;kVjrdDPeHBlFh9PzWsLr;7;UrbanSoccer Guyancourt-ChIJmdX-2c-A5kcRj1wtOS8rZmo
20/02/2024;18:30 19:00 19:30 20:00 20:30 21:00 21:30;kXQ5wwFPWjD1H8YxfoEC;3;UrbanSoccer - Montpellier-ChIJVXFMq4ylthIRtrZPBHOMTAc Le Five Football Club-ChIJ2alyFouvthIR-e3SgdzFnwE GGL Stadium-ChIJq8eCukCuthIRjnxyAMXgn84 Insport Montpellier - Près d'arènes-ChIJJWIca-qvthIRHxcGJpAq4kA BUBBLE FOOT MONTPELLIER BUL'FOOT-ChIJy7XMFDylthIRn6TeXm2Z4JE FDI Stadium-ChIJD26YbyWvthIRkxW-k1Kq76o UrbanVillage Montpellier-ChIJcZlHDFilthIR7hRJJwgCpD8 Stade Rachid Malla-ChIJZSdggI6uthIRQMhiblgL7YI AR'SOCCER-ChIJK8zAN7ivthIR35hQJsramBE Stade Municipal-ChIJ6aDhBPWuthIRaT-z5XyIDdk Terrain de football-ChIJVTcCLM6vthIRUrO7ZCnumys Stade de la Mosson-ChIJK1IpmDqsthIRawA9nhlW4Jk Stade Bernard Giambronne-ChIJJ4CE_smvthIRzecaW-crpFo Centre d'Entraînement MHSC Bernard-Gasset Diadora Utility-ChIJQyi5U5-lthIRVEHbIdrp9bo Terrain de Football de la Cité Astruc-ChIJcQgO2veuthIR-XR0Pz8RQAg Five Pizza Original - Montpellier-ChIJ9c-D2fOvthIRPLa0E9GJFiY Stade Eric Béchu-ChIJY0LnjkCuthIR4Jt2tBkm6uE Sudsport 34-ChIJh-FIwF9MsRIRUsGpL0o88QE Terrain de foot Jeannot Véga-ChIJf-9hPZmvthIRo5mI6dlPlhc Urban Padel - Club de Padel Montpellier-ChIJ57O9asmlthIR9L7LO01nxWQ
21/02/2024;12:00 12:30 13:00 13:30 14:30 14:00 15:00 15:30 16:00 16:30 17:00 18:00 18:30 17:30 19:00 19:30 20:00 20:30 21:00;kXiPNXlCV0zNUnLs6Cgf;7 3 2 1;UrbanSoccer Guyancourt-ChIJmdX-2c-A5kcRj1wtOS8rZmo UrbanSoccer Meudon-ChIJ0WKvjbh75kcRoqSmyWwW2jQ
04/03/2024;0,5625;kcy5W2CARBkyUgavIJIe;1 2 3 4 5 6 7;OHSPORT-ChIJHeG9fA4X5kcRbGNzVY5Ud5I LE FIVE Bobigny-ChIJV8UONORs5kcRXxR5Qd7x130 Footbox-ChIJY-WkusIR5kcR-tEad3UtaSQ LE FIVE Marville - La Courneuve-ChIJ2dHdMZxr5kcR0aKYHYsp0pY LE FIVE Montreuil-ChIJJdTQjr0T5kcRZmGxtIJVy44 LE FIVE Villette-ChIJTUFnQjps5kcR0pHITLTw1PI UrbanSoccer - Porte d'Aubervilliers-ChIJ0dXjDCZs5kcRvX0EpMwxsUY LE FIVE Sarcelles-ChIJ6_q3Fxhq5kcRCpoEwnoXX1Q
18/03/2024;18:00 18:30 19:00 19:30 20:00 20:30 21:00 21:30;khfGCyGGkftUsPg3uL35;5 6 7;OHSPORT-ChIJHeG9fA4X5kcRbGNzVY5Ud5I LE FIVE Marville - La Courneuve-ChIJ2dHdMZxr5kcR0aKYHYsp0pY Footbox-ChIJY-WkusIR5kcR-tEad3UtaSQ LE FIVE Bobigny-ChIJV8UONORs5kcRXxR5Qd7x130 LE FIVE Montreuil-ChIJJdTQjr0T5kcRZmGxtIJVy44 LE FIVE Villette-ChIJTUFnQjps5kcR0pHITLTw1PI LE PARK Noisy-ChIJdUHbID8O5kcRV5lQhiHTvhs UrbanSoccer - Porte d'Aubervilliers-ChIJ0dXjDCZs5kcRvX0EpMwxsUY LE FIVE Sarcelles-ChIJ6_q3Fxhq5kcRCpoEwnoXX1Q Top Ten-ChIJfXprBx4b5kcRmhe-5pLZUek LE FIVE Paris 18-ChIJPVT4_n1u5kcRzji6FdTBXXo LE FIVE Champigny-ChIJsXi1PLYN5kcRTVVDuczgS2s BIG5-ChIJsb_7TJFp5kcRSPL5VqZulr4 UrbanSoccer - Marne-La-Vallée-ChIJ6bDBiosP5kcROXiloHzSdhc FOOT IN FIVE-ChIJoUR0syFp5kcRUlStnwluaYY LE FIVE Paris 17-ChIJ7eI8sFNv5kcR5xy52Wc57NU UrbanSoccer - Quai d'Ivry-ChIJfXxYJ0xy5kcRw9xTkF6-FZQ UrbanSoccer - Asnières-ChIJi5LkLT9v5kcRSlhScqEFNWs LE FIVE Paris 13-ChIJ_bOSChhz5kcRZMTeq_6Gdzg
02/02/2024;17:30 18:00 18:30 19:00 19:30 20:00 20:30;kiqjAc25KhxjNcPQlo7H;1 2 3 4 5 6 7;Events Five-ChIJf8cSCJG5rhIRoQadPH-wW1U UrbanSoccer - Toulouse Montaudran-ChIJl772e0u8rhIR2foRX4Xa2CI Play Soccer-ChIJQ-UxZn-5rhIRKWoQydM5T9s
02/03/2024;18:00 18:30 19:30 19:00 20:00 20:30 21:00 22:00 21:30;kkCvsMDf5tYHweuePw21;1 5;LE FIVE Bezons-ChIJ71Mv0Wpk5kcRg-H9x7L-dXo UrbanSoccer - Puteaux-ChIJM_sC0-Nk5kcRhL1y_EFIje8 Foot POWER 5-ChIJuTCIFshm5kcRBtEQJ76dAzc Foot-Max Argenteuil-ChIJi9oIzaRm5kcRJYcK7QsdRMU
02/02/2024;10:00 10:30 11:00 11:30 13:00 12:00 12:30 13:30 19:00 20:00 20:30 19:30 21:00 21:30 23:00 22:00 22:30 23:30 18:30 18:00 17:00 17:30 16:00 15:00 15:30 14:30 14:00 16:30 9:30 9:00;kkHE9LTuVfUMoSQ5eso4;1 2 3 4 5 6 7;UrbanSoccer - Montpellier-ChIJVXFMq4ylthIRtrZPBHOMTAc Le Five Football Club-ChIJ2alyFouvthIR-e3SgdzFnwE BUBBLE FOOT MONTPELLIER BUL'FOOT-ChIJy7XMFDylthIRn6TeXm2Z4JE Insport Montpellier - Près d'arènes-ChIJJWIca-qvthIRHxcGJpAq4kA UrbanVillage Montpellier-ChIJcZlHDFilthIR7hRJJwgCpD8 AR'SOCCER-ChIJK8zAN7ivthIR35hQJsramBE Urban Padel - Club de Padel Montpellier-ChIJ57O9asmlthIR9L7LO01nxWQ
20/03/2024;9:00 10:00 11:00 12:00 12:30;kl0tb0rpJP3E6B9P9Oz9;1 2 3 4 5;UrbanSoccer - Puteaux-ChIJM_sC0-Nk5kcRhL1y_EFIje8 Cité des Sports-ChIJ70UPf6R75kcRGb3NAV9k7Ww
07/03/2024;18:30 19:00 19:30 20:00 20:30 21:00 21:30 22:00 22:30;kntdL8jGKZa07QYZLpEm;1 2 3 4 5 6 7;FIVE ARENA MEAUX-ChIJ02bKSuih6EcRb796CXVbkVs
24/02/2024;18:00 19:00 20:00 21:00;koD9gEFdlmO2bxhnebqo;1 3 5 6 7;UrbanSoccer La Défense-ChIJh4rnfVhk5kcRV2Q-ZKdm8vA Élite 5 Soccer-ChIJ5-jfdlZk5kcRYIaELgvikaM UrbanSoccer - Puteaux-ChIJM_sC0-Nk5kcRhL1y_EFIje8 UrbanSoccer - Asnières-ChIJi5LkLT9v5kcRSlhScqEFNWs Kaiser Park-ChIJsRLZzKFg5kcRBCfNws9nssw Le Street Foot en Salle-ChIJt_AXL6Jg5kcRu6rBmnrmeUM
07/02/2024;9:00 10:00 20:00 21:00;kqnLSf1xp6cSsCM7iPoV;1 2 3 4 5 6 7;By foot-ChIJYz1iXyDOzRIRSLYYLDIpmsc Allianz Riviera-ChIJxXWpN-_RzRIR0-hEuFMBoOU Stade du Ray-ChIJ-QMcU-PPzRIRLbYnzXedx48 Mini Stade Falicon-ChIJxVYuxfHPzRIRzt3dOhvtUzw Stade de l'Ouest-ChIJvblFMwzRzRIRo3CwghjAXYo Ogc Nice Football-ChIJgYEcApzRzRIRPPBbAQuJzGQ OGC Nice Stade Entrainement-ChIJvywHX5DRzRIRpg4sAp8eCM8 Complexe sportif Sam Joubij-ChIJvzKXYf3EzRIRAuQ2kcYYsA4 Stade Méarelli-ChIJKzA2DQXRzRIRZot3pNRyy58 Uscca Football-ChIJj1TGgmvFzRIRJcgNYtF9Pbo Centre de Formation OGC Nice-ChIJFxtxoZ_RzRIRyFCgD7DE3ew Stade Saint-Roch-ChIJz5vYujDFzRIRc3Ea40SAfGI Stade du Vallon des Fleurs-ChIJAy-VAF_FzRIRpDMo4NhhGHo ULTRA FABRON - PADEL et FOOTBALL-ChIJQdaRXN3RzRIRJ3lhGPRjQ2A Stade Nicolaï-ChIJ85Nr-y7QzRIRPMHIv9mZkdQ Plateau Sportif Leclerc-ChIJzYMZdDnFzRIRghko4vhmEO4
27/02/2024;12:30 13:30 13:00 14:00;krXmK07LiMYh5yoglmD1;1 2 3 4 5 6 7;UrbanSoccer - Puteaux-ChIJM_sC0-Nk5kcRhL1y_EFIje8 LE FIVE Paris 17-ChIJ7eI8sFNv5kcR5xy52Wc57NU Élite 5 Soccer-ChIJ5-jfdlZk5kcRYIaELgvikaM UrbanSoccer La Défense-ChIJh4rnfVhk5kcRV2Q-ZKdm8vA UrbanSoccer - Asnières-ChIJi5LkLT9v5kcRSlhScqEFNWs LE FIVE Paris 18-ChIJPVT4_n1u5kcRzji6FdTBXXo LE FIVE Paris 13-ChIJ_bOSChhz5kcRZMTeq_6Gdzg LE FIVE Villette-ChIJTUFnQjps5kcR0pHITLTw1PI UrbanSoccer Meudon-ChIJ0WKvjbh75kcRoqSmyWwW2jQ FOOT IN FIVE-ChIJoUR0syFp5kcRUlStnwluaYY LE FIVE Montreuil-ChIJJdTQjr0T5kcRZmGxtIJVy44
23/02/2024;20:00 20:30 19:30 19:00 21:00 21:30 22:00;l7D8I8Li1xPy4pbnnfAd;6 7 5;OHSPORT-ChIJHeG9fA4X5kcRbGNzVY5Ud5I Top Ten-ChIJfXprBx4b5kcRmhe-5pLZUek
18/02/2024;0,5625;l7zSx4Nt2QhqBgC7vAb4;5;UrbanSoccer La Défense-ChIJh4rnfVhk5kcRV2Q-ZKdm8vA
19/03/2024;11:00 11:30 12:00 12:30 13:00 13:30 14:30 14:00 15:00 15:30 16:30 16:00 17:00 17:30 18:30 18:00 19:00 19:30 20:30 20:00 21:00 21:30 22:00 22:30;lBTK5N65uYYA48DCS3P2;6 7 5;LE FIVE Bobigny-ChIJV8UONORs5kcRXxR5Qd7x130 LE FIVE Villette-ChIJTUFnQjps5kcR0pHITLTw1PI UrbanSoccer - Porte d'Aubervilliers-ChIJ0dXjDCZs5kcRvX0EpMwxsUY LE FIVE Marville - La Courneuve-ChIJ2dHdMZxr5kcR0aKYHYsp0pY
18/02/2024;9:30 9:00 10:30 10:00 11:30 11:00 12:30 12:00 13:30 13:00 14:30 14:00 15:30 15:00 16:30 16:00 17:00 18:30 18:00 17:30 19:00 19:30 20:30 20:00 21:30 21:00 22:30 22:00 23:00 23:30;lEJ5YvUygCT5ae3ZOaon;1 2 3 4 5 6 7;KG5 - Foot en salle - Strasbourg / Mundolsheim-ChIJRSG64gm4lkcRPQTZbn3M85Q UrbanSoccer - Strasbourg-ChIJbeF8CznIlkcRkTmqhGiUECc Football Club Strasbourg Loisirs- Foot Loisirs et Futsal Strasbourg-ChIJk95b0tDJlkcRmDnJKPTRVoc S.U.C. Football-ChIJefK9WVzIlkcRQrRbdlHbP7M Terrain de football synthétique-ChIJGeEX4HDJlkcR9M2VnL5a1GA Stade Vauban-ChIJJX7ju-HIlkcRYh53P3Lvhzc Strasbourg football ground-ChIJ1y0XeKG3lkcR0atsX-nwuyk SUC Football gaélique - Strasbourg Gaels-ChIJBaDt5mHJlkcRSVIpoGk6RFw Stade de la Meinau Strasbourg-ChIJ3TKLvwrJlkcRlRbGO0_Ywws
17/03/2024;20:00 23:00;lIe8rkVR1b3li7gsJSdT;1 2 3 4 5 6 7;Arena Football Mons-ChIJG_cEyNxbwkcRJjsob9p7fi4 Five Senses-ChIJSY_9JeNRwkcR3z8_HdkXOBo Rafc Cuesmes-ChIJTaBeHrdawkcRN1NOLb2e1pY Stade des préelles - USC Jemappes-ChIJrdkJWK5bwkcRpfRBszscBJg R.E.S. Obourg-Nimy-Maisières-ChIJTU4GM6tPwkcRAHgBTY5JY6I
16/03/2024;14:00 14:30 15:00 15:30 16:00 16:30 17:30 17:00 18:00 18:30 19:00 19:30 20:00 20:30 21:00 21:30 22:00 22:30 23:00 23:30;lIkEMbB0LVexRfX0HZpu;7 6 1 2;Massilia Foot Indoor 2-ChIJxZ6UmMW-yRIRfYNGGPPJfIU Le 13 - Foot en salle - Marseille-ChIJR62kUm_ByRIRDnGQqGCeUVQ STADIUM FOOT 5 VILLAGE-ChIJbbOWFtC4yRIR0WXVerbWmnE Le Mercato FOOT INDOOR-ChIJzRK7HJy_yRIRqEreyEiAfC0 Massilia Five-ChIJxZ6UmMW-yRIR7ot5DChYj4w MONCLUB 2.0-ChIJv9owGLm-yRIRfuDnd3G6nR4 FOOT INDOOR Marseille-ChIJ41AMCxC8yRIRLHLGt11sc-U Evolution Football-ChIJX0YulIi8yRIRnGh62u3UXTQ Game 13 foot indoor-ChIJNSDvlsXryRIRUXao9hwB79I Le B3 Soccer-ChIJa69uraDryRIRRlY7a07cUqU Monclub Futbol-ChIJGbxxaamUyRIRgGvhHnhJStA
15/03/2024;22:00 21:30 21:00 20:30 20:00 22:30 19:30 19:00 18:00 18:30;lKjhjaZy9wJRZAuRJUZn;7 6 5 4 3 2 1;LE FIVE Paris 18-ChIJPVT4_n1u5kcRzji6FdTBXXo UrbanSoccer - Porte d'Aubervilliers-ChIJ0dXjDCZs5kcRvX0EpMwxsUY FOOT IN FIVE-ChIJoUR0syFp5kcRUlStnwluaYY
17/03/2024;0,520833333;lNUa9nMuVfsUJbWPVTMm;6 7 3;LE FIVE Paris 13-ChIJ_bOSChhz5kcRZMTeq_6Gdzg
17/03/2024;0,583333333;lRnKyZkH6Cep1tVrL9nS;7;LE FIVE Bobigny-ChIJV8UONORs5kcRXxR5Qd7x130
13/03/2024;0,833333333;lU4ldeii43OxoaLlSMy5;2;GOPARK Pontoise-ChIJ2cJmdhf15kcRQ4mUOxIVzd0
19/03/2024;19:30 20:00 20:30 21:00 21:30 22:00 22:30 23:00 23:30;lWX6IMCXdXKy3xQEJ0KU;1 2 3 4 5 6 7;LE FIVE Paris 18-ChIJpVT4_n1u5kcRzji6FdTBXXo LE FIVE Paris 13-ChIJ_bOSChhz5kcRZMTeq_6Gdzg LE FIVE Paris 17-ChIJ7eI8sFNv5kcR5xy52Wc57NU Five académie-ChIJnwl_n5hr5kcRnfgTJrNYSo8 Le Parc des Princes-ChIJjaFImcB65kcRXCzvbEBQJN0 Five Events-ChIJ9TKrxjFx5kcRdXVwfXQPLGg City de foot - Terrain Jussieu-ChIJgwpQOxRx5kcRCp1KhUUpMvs BIG5-ChIJsb_7TJFp5kcRSPL5VqZulr4 LE FIVE Villette-ChIJTUFnQjps5kcR0pHITLTw1PI FOOT IN FIVE-ChIJoUR0syFp5kcRUlStnwluaYY UrbanSoccer La Défense-ChIJh4rnfVhk5kcRV2Q-ZKdm8vA LE FIVE Bezons-ChIJ71Mv0Wpk5kcRg-H9x7L-dXo
20/03/2024;17:00 18:00 17:30 18:30 19:00 19:30 20:00 20:30 21:00;lWcJB329bdAOYuDUcGmx;1 2 3 4;UrbanSoccer - Lille Lezennes-ChIJR3ro5nTWwkcRfM_S3Be9HjI Spot FUTSAL-ChIJwdUawmfVwkcRaNLo_CmNii0 Footsal-ChIJa7HS298pw0cRMoVDj0XqVdI Footsal Cousinerie-ChIJXQyb1d8pw0cRLO_Ed5xHTIQ UrbanSoccer - Lille Bondues-ChIJ58ZerMgrw0cR2Jyp7tZjBn4
03/02/2024;19:00 22:00;lWkCfl9wAeAZtoKyMYVB;2 4 5;Stadium Thiais-ChIJ64X9jzx05kcRsHvSfOv6UcA LE FIVE Créteil-ChIJ88lx3VwL5kcRVxCh4lD6_Gk
10/03/2024;0,791666667;lXBr2Zqvtxj0x5CCn9W4;1 2 4 6 7;UrbanSoccer - Marne-La-Vallée-ChIJ6bDBiosP5kcROXiloHzSdhc
29/02/2024;9:00 10:00 9:30 10:30 11:00 12:00 13:00 14:00 15:00 16:00 17:00 21:00 22:00 23:00 19:00 20:00 18:00 18:30 20:30 19:30 22:30 21:30 23:30 17:30 16:30 15:30 14:30 13:30 12:30 11:30;lamd0lXUkrcSfIObEpCd;1 2 3 4 5 6 7;UrbanSoccer - Toulouse Montaudran-ChIJl772e0u8rhIR2foRX4Xa2CI LE FIVE Colomiers-ChIJ8wxhgGexrhIRm698kMPQIRw Play Soccer-ChIJQ-UxZn-5rhIRKWoQydM5T9s UrbanSoccer - Toulouse Sept Deniers-ChIJk5nUBdOkrhIRP-1aUJzo-lA Events Five-ChIJf8cSCJG5rhIRoQadPH-wW1U
05/02/2024;19:30 20:00 20:30 21:00;lbFbfixqpsu62T4nExiC;1 2 3 4 5 6 7;We Are Sports-ChIJFZU5oBHC9EcRJTFrSkI1xxg
18/02/2024;9:00 10:00 11:00 12:00 13:00 18:30 19:30 20:30 21:30 22:30 23:30;ldm9H7rSS2KHzoTObVMs;2 4 7;Events Five-ChIJf8cSCJG5rhIRoQadPH-wW1U UrbanSoccer - Toulouse Montaudran-ChIJl772e0u8rhIR2foRX4Xa2CI UrbanSoccer - Toulouse Sept Deniers-ChIJk5nUBdOkrhIRP-1aUJzo-lA
02/03/2024;0,375;lfWv3YpiKqNdNRGd9L58;1 2 3 4 5 6 7;LE FIVE Paris 13-ChIJ_bOSChhz5kcRZMTeq_6Gdzg LE FIVE Paris 17-ChIJ7eI8sFNv5kcR5xy52Wc57NU LE FIVE Bobigny-ChIJV8UONORs5kcRXxR5Qd7x130 LE FIVE Marville - La Courneuve-ChIJ2dHdMZxr5kcR0aKYHYsp0pY LE FIVE Champigny-ChIJsXi1PLYN5kcRTVVDuczgS2s LE FIVE Créteil-ChIJ88lx3VwL5kcRVxCh4lD6_Gk Speed Soccer Five-ChIJ2xTNglV25kcR3UDi4AXGfDU LE FIVE Bezons-ChIJ71Mv0Wpk5kcRg-H9x7L-dXo VERSUSFOOT Thiais-ChIJn2R2NT905kcRjqB29qldBxk UrbanSoccer Meudon-ChIJ0WKvjbh75kcRoqSmyWwW2jQ Stadium Thiais-ChIJ64X9jzx05kcRsHvSfOv6UcA FOOT IN FIVE-ChIJoUR0syFp5kcRUlStnwluaYY UrbanSoccer La Défense-ChIJh4rnfVhk5kcRV2Q-ZKdm8vA LE FIVE Montreuil-ChIJJdTQjr0T5kcRZmGxtIJVy44 LE FIVE Villette-ChIJTUFnQjps5kcR0pHITLTw1PI UrbanSoccer - Porte d'Aubervilliers-ChIJ0dXjDCZs5kcRvX0EpMwxsUY UrbanSoccer - Quai d'Ivry-ChIJfXxYJ0xy5kcRw9xTkF6-FZQ LE FIVE Paris 18-ChIJPVT4_n1u5kcRzji6FdTBXXo
20/03/2024;19:00 18:30 19:30;lkbner7QXFRMuudhYE3U;4;LE FIVE Champigny-ChIJsXi1PLYN5kcRTVVDuczgS2s
10/02/2024;18:00 19:00 18:30 19:30 20:00 21:00 20:30 21:30 22:00 23:00 22:30 23:30;lklIMPJDdFMu7Cm8i2Cj;5 6 7;UrbanSoccer Nantes - Carquefou-ChIJEWyPupv7BUgRBqnhym4EyLk
05/03/2024;18:00 18:30 19:00 19:30 20:00 20:30 21:00;lklXBSgHGpDZlv32NIQQ;3 4;Massilia Foot Indoor 2-ChIJxZ6UmMW-yRIRfYNGGPPJfIU Le 13 - Foot en salle - Marseille-ChIJR62kUm_ByRIRDnGQqGCeUVQ STADIUM FOOT 5 VILLAGE-ChIJbbOWFtC4yRIR0WXVerbWmnE Massilia Five-ChIJxZ6UmMW-yRIR7ot5DChYj4w MONCLUB 2.0-ChIJv9owGLm-yRIRfuDnd3G6nR4 FOOT INDOOR Marseille-ChIJ41AMCxC8yRIRLHLGt11sc-U Le Mercato FOOT INDOOR-ChIJzRK7HJy_yRIRqEreyEiAfC0
22/02/2024;19:00 19:30 20:00 20:30 21:00 21:30 22:00 22:30 23:30 23:00;ll5ZeafTSmOcIYcKaX40;1 2 3 4 5 6 7;UrbanSoccer - Toulouse Sept Deniers-ChIJk5nUBdOkrhIRP-1aUJzo-lA UrbanSoccer - Toulouse Montaudran-ChIJl772e0u8rhIR2foRX4Xa2CI Play Soccer-ChIJQ-UxZn-5rhIRKWoQydM5T9s LE FIVE Colomiers-ChIJ8wxhgGexrhIRm698kMPQIRw Events Five-ChIJf8cSCJG5rhIRoQadPH-wW1U Classico Foot-ChIJFV442oCxrhIRgsZy5aIbkNs
28/02/2024;18:30 19:00 19:30;llEW5AJAGKjbjIFW50Y7;5;LE FIVE Créteil-ChIJ88lx3VwL5kcRVxCh4lD6_Gk
03/03/2024;19:00 19:30 20:00 20:30 21:00 21:30 22:00;lnPTKw2YGfMAIzo9CISo;1 2 3;LE FIVE Paris 17-ChIJ7eI8sFNv5kcR5xy52Wc57NU UrbanSoccer - Asnières-ChIJi5LkLT9v5kcRSlhScqEFNWs LE FIVE Paris 18-ChIJPVT4_n1u5kcRzji6FdTBXXo UrbanSoccer - Porte d'Aubervilliers-ChIJ0dXjDCZs5kcRvX0EpMwxsUY LE FIVE Montreuil-ChIJJdTQjr0T5kcRZmGxtIJVy44
17/03/2024;17:00 18:00;lnfk1qIgZt3Bt7Db451Z;1 2;Classico Foot-ChIJFV442oCxrhIRgsZy5aIbkNs UrbanSoccer - Toulouse Sept Deniers-ChIJk5nUBdOkrhIRP-1aUJzo-lA
25/02/2024;16:00 17:00 18:00 19:00 20:00 21:00 22:00 23:00 16:30 17:30 18:30 19:30 20:30 21:30 22:30 23:30;lsE08WlPoG8tD0rGME8E;7 6 5 3 4 2 1;Le Street Foot en Salle-ChIJt_AXL6Jg5kcRu6rBmnrmeUM Kaiser Park-ChIJsRLZzKFg5kcRBCfNws9nssw Foot POWER 5-ChIJuTCIFshm5kcRBtEQJ76dAzc Foot-Max Argenteuil-ChIJi9oIzaRm5kcRJYcK7QsdRMU Firefoot-ChIJ0zSROfj15kcR4l0wrCcYPMk GOPARK Pontoise-ChIJ2cJmdhf15kcRQ4mUOxIVzd0 LE FIVE Bezons-ChIJ71Mv0Wpk5kcRg-H9x7L-dXo FOOT IN FIVE-ChIJoUR0syFp5kcRUlStnwluaYY BIG5-ChIJsb_7TJFp5kcRSPL5VqZulr4 Élite 5 Soccer-ChIJ5-jfdlZk5kcRYIaELgvikaM UrbanSoccer La Défense-ChIJh4rnfVhk5kcRV2Q-ZKdm8vA UrbanSoccer - Asnières-ChIJi5LkLT9v5kcRSlhScqEFNWs LE FIVE Carrières-sous-Poissy-ChIJ9T4fWfyL5kcRCBX-FyZLvEE LE FIVE Sarcelles-ChIJ6_q3Fxhq5kcRCpoEwnoXX1Q UrbanSoccer - Puteaux-ChIJM_sC0-Nk5kcRhL1y_EFIje8 LE FIVE Marville - La Courneuve-ChIJ2dHdMZxr5kcR0aKYHYsp0pY LE FIVE Paris 17-ChIJ7eI8sFNv5kcR5xy52Wc57NU UrbanSoccer - Porte d'Aubervilliers-ChIJ0dXjDCZs5kcRvX0EpMwxsUY LE FIVE Paris 18-ChIJPVT4_n1u5kcRzji6FdTBXXo LE FIVE Villette-ChIJTUFnQjps5kcR0pHITLTw1PI
10/02/2024;19:00 19:30 20:00 20:30 21:00 21:30;luYXoFVc5Yr3fM8bRXrn;1 2 3 4 5;Footsal Cousinerie-ChIJXQyb1d8pw0cRLO_Ed5xHTIQ
09/03/2024;11:30 23:00 22:30 22:00 21:30 21:00 20:30 20:00 19:00 18:30 17:00 17:30 18:00 19:30 16:30 16:00 15:30 15:00 14:30 13:00 12:30 12:00 13:30 14:00;lxSlIeA77F2Try9EdGOx;1 2 3 4 5 6 7;LE FIVE Paris 13-ChIJ_bOSChhz5kcRZMTeq_6Gdzg UrbanSoccer - Quai d'Ivry-ChIJfXxYJ0xy5kcRw9xTkF6-FZQ UrbanSoccer - Puteaux-ChIJM_sC0-Nk5kcRhL1y_EFIje8 UrbanSoccer - Porte d'Aubervilliers-ChIJ0dXjDCZs5kcRvX0EpMwxsUY LE FIVE Montreuil-ChIJJdTQjr0T5kcRZmGxtIJVy44 Power Five-ChIJ6ULNmyh15kcRV9cjbnBjGr8 LE FIVE Paris 18-ChIJPVT4_n1u5kcRzji6FdTBXXo LE FIVE Paris 17-ChIJ7eI8sFNv5kcR5xy52Wc57NU Speed Soccer Five-ChIJ2xTNglV25kcR3UDi4AXGfDU LE FIVE Champigny-ChIJsXi1PLYN5kcRTVVDuczgS2s UrbanSoccer La Défense-ChIJh4rnfVhk5kcRV2Q-ZKdm8vA UrbanSoccer - Asnières-ChIJi5LkLT9v5kcRSlhScqEFNWs LE FIVE Villette-ChIJTUFnQjps5kcR0pHITLTw1PI
07/03/2024;15:30 18:30;lyGFBETcF7vcsEFDBiTc;1 2 3 4 5 6 7;LE FIVE Bobigny-ChIJV8UONORs5kcRXxR5Qd7x130 LE FIVE Montreuil-ChIJJdTQjr0T5kcRZmGxtIJVy44 LE FIVE Villette-ChIJTUFnQjps5kcR0pHITLTw1PI LE PARK Noisy-ChIJdUHbID8O5kcRV5lQhiHTvhs UrbanSoccer - Porte d'Aubervilliers-ChIJ0dXjDCZs5kcRvX0EpMwxsUY LE FIVE Marville - La Courneuve-ChIJ2dHdMZxr5kcR0aKYHYsp0pY Footbox-ChIJY-WkusIR5kcR-tEad3UtaSQ OHSPORT-ChIJHeG9fA4X5kcRbGNzVY5Ud5I
05/03/2024;20:30 21:30 22:30 15:30 16:30 17:30 15:00 16:00 17:00 20:00 21:00 22:00 18:00 14:00 14:30;m4DgIx4herlulygpuMfy;2;UrbanSoccer - Puteaux-ChIJM_sC0-Nk5kcRhL1y_EFIje8 UrbanSoccer La Défense-ChIJh4rnfVhk5kcRV2Q-ZKdm8vA
02/03/2024;9:00 9:30 10:00 10:30 11:00 11:30 12:00 13:00 13:30 12:30 14:30 14:00 15:30 15:00 16:30 16:00 17:30 17:00 18:30 18:00 19:30 19:00 20:00 20:30 21:00 21:30 22:00 22:30 23:00 23:30;m4UVbeFYe3a9adWtBYGR;1 2 3 4 5 6 7;Kaiser Park-ChIJsRLZzKFg5kcRBCfNws9nssw Le Street Foot en Salle-ChIJt_AXL6Jg5kcRu6rBmnrmeUM FOOTMAX Saint-Maximin-ChIJJazitpdJ5kcRIN9wK_jwKUY GOPARK Pontoise-ChIJ2cJmdhf15kcRQ4mUOxIVzd0 Firefoot-ChIJ0zSROfj15kcR4l0wrCcYPMk BIG5-ChIJsb_7TJFp5kcRSPL5VqZulr4 LE FIVE Sarcelles-ChIJ6_q3Fxhq5kcRCpoEwnoXX1Q
29/02/2024;9:00 9:30 10:00 10:30 11:00 11:30 12:30 12:00 13:30 13:00 14:30 14:00 15:30 15:00 16:00 16:30 17:30 17:00 18:30 18:00 19:30 19:00 20:30 20:00 21:30 21:00 22:30 22:00 23:00 23:30;m5iwDnBn1P9Eo1BhG3Sy;4 7;F5 Foot Five-ChIJjUbM5G7A9EcRW3mlkrhyXxY LE 5 DE LEGENDE-ChIJAQNaA3nc9EcRYvB35x41mBs Sport dans la Ville Rhône-Alpes-ChIJoUEDcmvr9EcRILCz6hDCQ2o UrbanSoccer - Lyon Parilly-ChIJx3FQWjLC9EcRrrQb2eV7i_4 We Are Sports-ChIJFZU5oBHC9EcRJTFrSkI1xxg LE FIVE OL-ChIJmz3whejH9EcR3j9ApNRukKE Sun Set Soccer-ChIJ-2jOt33D9EcRLZL2mS5Gvz4 UrbanSoccer - Lyon Barolles-ChIJN4l-IC3v9EcRf9QJKIVC_aY Factory Sport Games-ChIJNcDntQGO9EcR3CbXF7xfc5o
24/02/2024;13:00 12:30 13:30 14:00 14:30 15:00 15:30 12:00 11:00 11:30 10:00 10:30;m5lLSUOZE1vbbMaW9hAt;7;LE FIVE Paris 13-ChIJ_bOSChhz5kcRZMTeq_6Gdzg UrbanSoccer - Quai d'Ivry-ChIJfXxYJ0xy5kcRw9xTkF6-FZQ
18/03/2024;21:00 21:30 22:00 22:30 23:00 23:30;m719uzUgbJssjigjWVxd;7 6 5 4 3;LE FIVE Paris 13-ChIJ_bOSChhz5kcRZMTeq_6Gdzg
19/02/2024;19:00 19:30 20:30 20:00 21:00 21:30 18:30;m99cfi9goVEJ7I0H0zYa;3 2 1 4;UrbanSoccer - Lyon Parilly-ChIJx3FQWjLC9EcRrrQb2eV7i_4
03/03/2024;9:00 9:30 10:00 10:30 11:00 11:30 12:00 22:30 22:00 21:00 21:30 20:30 20:00 19:00 19:30 18:30 18:00 17:30 17:00 16:00 16:30 15:30 14:00 14:30 15:00 13:00 13:30 12:30;mAHeH5a73D0EzAs4Fmlz;1 2 3 4 5 6 7;Insport Montpellier - Près d'arènes-ChIJJWIca-qvthIRHxcGJpAq4kA UrbanSoccer - Montpellier-ChIJVXFMq4ylthIRtrZPBHOMTAc
27/02/2024;18:00 18:30 19:00 19:30 20:00 20:30;mCmYeqZAPKwITDdBwP57;5 4 3 2 1;Monclub Futbol-ChIJGbxxaamUyRIRgGvhHnhJStA Z5 Aix-ChIJKb-U_9KSyRIRKIFKbH5mW18
26/02/2024;0,854166667;mDYGUFUiKYpMZbeLwzHg;4;Stadium Thiais-ChIJ64X9jzx05kcRsHvSfOv6UcA
07/03/2024;9:00 9:30 10:00 10:30 11:00 11:30 23:00 23:30 22:00 22:30 21:00 21:30 20:00 20:30 19:00 19:30 18:00 18:30 17:00 17:30 16:00 16:30 15:00 15:30 14:00 14:30 13:00 13:30 12:30 12:00;mPdPADFIS4VVf3VMiWvG;1 2 3 4 5 7;UrbanSoccer Meudon-ChIJ0WKvjbh75kcRoqSmyWwW2jQ
18/03/2024;19:00 19:30 20:00;mQ80WSMp1mAlrSBVQGVF;2 3 4 5;FIVE ARENA MEAUX-ChIJ02bKSuih6EcRb796CXVbkVs
06/03/2024;20:00 19:00 21:00 22:00;mUzNkLo9SOr9MLtOKKX2;1 2 3 4;Foot Five-ChIJz19QMFGxqxIRaWC86JG7iPg Futsal Arena-ChIJAYp3AyyoqxIR4heGmKuIbN0 Stade de Montbeton-ChIJP1NVTQANrBIRrl1ieFWkbkw Stade-ChIJgbsK2s4ArBIR-S_s4tg3QfI Terrain de foot-ChIJly4Hp0hxqxIRVkkp7Ijp1vM Stade-ChIJLeQux1fsqxIR90PpoTOBf-A Stadium municipal d'Agen-ChIJz4H8QyKzqxIRY55GWACUM8o
28/02/2024;16:00 16:30 17:00 17:30 18:00 18:30 19:00 19:30 20:00;mWP4PAQflzZk9aIXSSRT;1 2 3 4 5 6 7;UrbanSoccer La Défense-ChIJh4rnfVhk5kcRV2Q-ZKdm8vA Élite 5 Soccer-ChIJ5-jfdlZk5kcRYIaELgvikaM UrbanSoccer - Puteaux-ChIJM_sC0-Nk5kcRhL1y_EFIje8 LE FIVE Bezons-ChIJ71Mv0Wpk5kcRg-H9x7L-dXo Foot-Max Argenteuil-ChIJi9oIzaRm5kcRJYcK7QsdRMU UrbanSoccer - Asnières-ChIJi5LkLT9v5kcRSlhScqEFNWs Foot POWER 5-ChIJuTCIFshm5kcRBtEQJ76dAzc LE FIVE Paris 17-ChIJ7eI8sFNv5kcR5xy52Wc57NU UrbanSoccer Meudon-ChIJ0WKvjbh75kcRoqSmyWwW2jQ FOOT IN FIVE-ChIJoUR0syFp5kcRUlStnwluaYY LE FIVE Paris 18-ChIJPVT4_n1u5kcRzji6FdTBXXo UrbanSoccer - Porte d'Aubervilliers-ChIJ0dXjDCZs5kcRvX0EpMwxsUY LE FIVE Villette-ChIJTUFnQjps5kcR0pHITLTw1PI LE FIVE Marville - La Courneuve-ChIJ2dHdMZxr5kcR0aKYHYsp0pY LE FIVE Paris 13-ChIJ_bOSChhz5kcRZMTeq_6Gdzg Le Street Foot en Salle-ChIJt_AXL6Jg5kcRu6rBmnrmeUM Kaiser Park-ChIJsRLZzKFg5kcRBCfNws9nssw BIG5-ChIJsb_7TJFp5kcRSPL5VqZulr4 LE FIVE Carrières-sous-Poissy-ChIJ9T4fWfyL5kcRCBX-FyZLvEE UrbanSoccer - Quai d'Ivry-ChIJfXxYJ0xy5kcRw9xTkF6-FZQ
09/03/2024;10:00 10:30 11:00 16:00 16:30 17:00 17:30 18:00;md7ah3t1JGN8MPaLxAwq;7 1;UrbanSoccer - Toulouse Sept Deniers-ChIJk5nUBdOkrhIRP-1aUJzo-lA
13/03/2024;0,75;mdqcdn660J94T7S0j4UV;3;Footsal-ChIJa7HS298pw0cRMoVDj0XqVdI Spot FUTSAL-ChIJwdUawmfVwkcRaNLo_CmNii0 UrbanSoccer - Lille Lezennes-ChIJR3ro5nTWwkcRfM_S3Be9HjI UrbanSoccer - Lille Bondues-ChIJ58ZerMgrw0cR2Jyp7tZjBn4 Arena Club-ChIJeWJWRjYvw0cRbnJR4ZXAKMA KIPSTADIUM-ChIJydcoT88ow0cRLnHvlF-Z_jE Footsal Cousinerie-ChIJXQyb1d8pw0cRLO_Ed5xHTIQ
23/02/2024;9:00 9:30 10:00 10:30 11:00 11:30 12:00 12:30 13:00 13:30 14:00 14:30 15:00 15:30 16:00 16:30 17:00 17:30 18:00 18:30 19:00 19:30 20:00 20:30 21:00 21:30 22:30 22:00 23:00 23:30;mgH7KDQuRHdvsrzhw9C2;6 7;LE FIVE Paris 13-ChIJ_bOSChhz5kcRZMTeq_6Gdzg LE FIVE Paris 18-ChIJPVT4_n1u5kcRzji6FdTBXXo UrbanSoccer - Quai d'Ivry-ChIJfXxYJ0xy5kcRw9xTkF6-FZQ LE FIVE Paris 17-ChIJ7eI8sFNv5kcR5xy52Wc57NU UrbanSoccer - Porte d'Aubervilliers-ChIJ0dXjDCZs5kcRvX0EpMwxsUY LE FIVE Villette-ChIJTUFnQjps5kcR0pHITLTw1PI LE FIVE Bobigny-ChIJV8UONORs5kcRXxR5Qd7x130 UrbanSoccer - Asnières-ChIJi5LkLT9v5kcRSlhScqEFNWs LE FIVE Montreuil-ChIJJdTQjr0T5kcRZmGxtIJVy44 LE FIVE Marville - La Courneuve-ChIJ2dHdMZxr5kcR0aKYHYsp0pY UrbanSoccer - Puteaux-ChIJM_sC0-Nk5kcRhL1y_EFIje8 Élite 5 Soccer-ChIJ5-jfdlZk5kcRYIaELgvikaM UrbanSoccer La Défense-ChIJh4rnfVhk5kcRV2Q-ZKdm8vA FOOT IN FIVE-ChIJoUR0syFp5kcRUlStnwluaYY Stadium Thiais-ChIJ64X9jzx05kcRsHvSfOv6UcA UrbanSoccer Meudon-ChIJ0WKvjbh75kcRoqSmyWwW2jQ VERSUSFOOT Thiais-ChIJn2R2NT905kcRjqB29qldBxk LE FIVE Bezons-ChIJ71Mv0Wpk5kcRg-H9x7L-dXo LE FIVE Champigny-ChIJsXi1PLYN5kcRTVVDuczgS2s LE FIVE Créteil-ChIJ88lx3VwL5kcRVxCh4lD6_Gk
07/03/2024;18:00 19:00 20:00 21:00 22:00;mhebhRcOoLdHE2R8CeyR;1 2 3 4;LE FIVE Paris 18-ChIJPVT4_n1u5kcRzji6FdTBXXo UrbanSoccer - Porte d'Aubervilliers-ChIJ0dXjDCZs5kcRvX0EpMwxsUY
09/03/2024;9:00 10:00 11:00 12:00 19:30 13:00 20:30 15:00 22:30 14:00 17:30 14:30 16:30 15:30 13:30 12:30 11:30 10:30 9:30 16:00 18:30 18:00 17:00 21:30 19:00 20:00 21:00 23:30 22:00 23:00;miBLiNnk7btQmehdTDMm;6 7;Kaiser Park-ChIJsRLZzKFg5kcRBCfNws9nssw Le Street Foot en Salle-ChIJt_AXL6Jg5kcRu6rBmnrmeUM GOPARK INTERIEUR - Paintball et trampolines parc-ChIJ2cJmdhf15kcRQ4mUOxIVzd0
04/03/2024;19:00 19:30 20:00 20:30 21:00 21:30;mkERutkGYUijKkabhrfc;1;Spot FUTSAL-ChIJwdUawmfVwkcRaNLo_CmNii0 UrbanSoccer - Lille Lezennes-ChIJR3ro5nTWwkcRfM_S3Be9HjI Footsal-ChIJa7HS298pw0cRMoVDj0XqVdI Footsal Cousinerie-ChIJXQyb1d8pw0cRLO_Ed5xHTIQ UrbanSoccer - Lille Bondues-ChIJ58ZerMgrw0cR2Jyp7tZjBn4 KIPSTADIUM-ChIJydcoT88ow0cRLnHvlF-Z_jE Arena Club-ChIJeWJWRjYvw0cRbnJR4ZXAKMA
23/02/2024;18:30 19:30 20:30 21:30 22:30 23:30 18:00 19:00 20:00 21:00 22:00 23:00 17:00 17:30;mkLdLmzyjoRKyUWIVs6c;1 2 3 4 5 6 7;LE FIVE Paris 17-ChIJ7eI8sFNv5kcR5xy52Wc57NU UrbanSoccer - Asnières-ChIJi5LkLT9v5kcRSlhScqEFNWs LE FIVE Paris 18-ChIJPVT4_n1u5kcRzji6FdTBXXo UrbanSoccer - Porte d'Aubervilliers-ChIJ0dXjDCZs5kcRvX0EpMwxsUY Élite 5 Soccer-ChIJ5-jfdlZk5kcRYIaELgvikaM UrbanSoccer - Puteaux-ChIJM_sC0-Nk5kcRhL1y_EFIje8 LE FIVE Villette-ChIJTUFnQjps5kcR0pHITLTw1PI FOOT IN FIVE-ChIJoUR0syFp5kcRUlStnwluaYY UrbanSoccer La Défense-ChIJh4rnfVhk5kcRV2Q-ZKdm8vA LE FIVE Marville - La Courneuve-ChIJ2dHdMZxr5kcR0aKYHYsp0pY Foot-Max Argenteuil-ChIJi9oIzaRm5kcRJYcK7QsdRMU
06/03/2024;9:00 11:00 10:00 12:00 13:00 14:00 15:00 17:00 18:00 19:00 16:00 20:00 21:00 22:00 23:00 23:30 22:30 21:30 19:30 20:30 18:30 17:30 16:30 15:30 14:30 13:30 12:30 11:30 10:30 9:30;moJ6e0WuHtsgNUbJhzb0;1 2 3 4 5 6 7;UrbanSoccer - Porte d'Aubervilliers-ChIJ0dXjDCZs5kcRvX0EpMwxsUY LE FIVE Paris 18-ChIJPVT4_n1u5kcRzji6FdTBXXo LE FIVE Paris 17-ChIJ7eI8sFNv5kcR5xy52Wc57NU UrbanSoccer - Asnières-ChIJi5LkLT9v5kcRSlhScqEFNWs UrbanSoccer - Quai d'Ivry-ChIJfXxYJ0xy5kcRw9xTkF6-FZQ LE FIVE Sarcelles-ChIJ6_q3Fxhq5kcRCpoEwnoXX1Q LE FIVE Bobigny-ChIJV8UONORs5kcRXxR5Qd7x130 BIG5-ChIJsb_7TJFp5kcRSPL5VqZulr4
02/02/2024;17:30 18:00 18:30 19:00 17:00 16:30 16:00 15:30 13:30 14:30 15:00 14:00 12:30 11:30 13:00 12:00 10:30 11:00 10:00 9:00 9:30;mpmuYm8omfkfaXzu1ZF3;1 2 3 4 5 6 7;Sport dans la Ville Rhône-Alpes-ChIJoUEDcmvr9EcRILCz6hDCQ2o
09/03/2024;0,916666667;mqvWTxVn0UeUQrlVMsE7;5 6;LE FIVE Créteil-ChIJ88lx3VwL5kcRVxCh4lD6_Gk
27/02/2024;9:00 9:30 10:00 10:30 11:00 11:30 12:00 12:30 13:00 13:30 14:00 14:30 15:00 16:00 15:30 16:30 17:00 17:30 18:00 18:30 19:00 19:30 20:00 20:30 21:00 21:30 22:00 22:30 23:00 23:30;mr3TN4xDykvNMlwwIldS;6 7 5 4 3 2 1;UrbanSoccer - Lyon Parilly-ChIJx3FQWjLC9EcRrrQb2eV7i_4 LE FIVE OL-ChIJmz3whejH9EcR3j9ApNRukKE
14/03/2024;12:00 13:00;msOa4zKXQd6rBLRGt1gI;1;Massilia Foot Indoor 2-ChIJxZ6UmMW-yRIRfYNGGPPJfIU Le 13 - Foot en salle - Marseille-ChIJR62kUm_ByRIRDnGQqGCeUVQ STADIUM FOOT 5 VILLAGE-ChIJbbOWFtC4yRIR0WXVerbWmnE Massilia Five-ChIJxZ6UmMW-yRIR7ot5DChYj4w MONCLUB 2.0-ChIJv9owGLm-yRIRfuDnd3G6nR4 FOOT INDOOR Marseille-ChIJ41AMCxC8yRIRLHLGt11sc-U Evolution Football-ChIJX0YulIi8yRIRnGh62u3UXTQ LE FIVE Vitrolles-ChIJi4A-IrHoyRIRunoYLEGNeYI Monclub Futbol-ChIJGbxxaamUyRIRgGvhHnhJStA Le B3 Soccer-ChIJa69uraDryRIRRlY7a07cUqU Game 13 foot indoor-ChIJNSDvlsXryRIRUXao9hwB79I Le Mercato FOOT INDOOR-ChIJzRK7HJy_yRIRqEreyEiAfC0
04/02/2024;10:00 11:00 12:00 20:00 20:30 21:00 21:30 22:00 10:30 11:30 12:30;muVAw3TmcD27Y0pc0EOo;1 2 3 4 5;UrbanSoccer - Puteaux-ChIJM_sC0-Nk5kcRhL1y_EFIje8 UrbanSoccer La Défense-ChIJh4rnfVhk5kcRV2Q-ZKdm8vA
14/02/2024;0,5;mxgIgUHB2SqnUSfzzjgY;1 2 4 5;Stade Georges Carpentier-ChIJK1Ox8s9z5kcRbgUAZHwwCQA Stade de la Tour aux Parachutes-ChIJbwsrhCpy5kcRca22Pnhr8MU
05/03/2024;20:00 20:30 21:30 21:00 19:30;myXB5f4fgibss1yQ4QaE;4;UrbanSoccer - Quai d'Ivry-ChIJfXxYJ0xy5kcRw9xTkF6-FZQ
12/03/2024;19:30 20:00 20:30 21:30 21:00 22:00 22:30 23:30 23:00;mypSVapQMZh8fTEkBDrd;5;Le Street Foot en Salle-ChIJt_AXL6Jg5kcRu6rBmnrmeUM
16/03/2024;0,5;n12gaXz7IDPHsSLnBcfc;7 6;Events Five-ChIJf8cSCJG5rhIRoQadPH-wW1U Play Soccer-ChIJQ-UxZn-5rhIRKWoQydM5T9s
20/02/2024;0,458333333;n2POjrNeeYAPj5OlTH2z;1;Bulldogs Arena-ChIJ35FSpd5H0i0R5PGjxvuuYEA
05/02/2024;20:00 20:30 21:00 21:30;n39QoALEQN3xOtayhgXa;1 2 3 4 5 6 7;UrbanSoccer - Marne-La-Vallée-ChIJ6bDBiosP5kcROXiloHzSdhc Top Ten-ChIJfXprBx4b5kcRmhe-5pLZUek LE PARK Complexe Multisports-ChIJdUHbID8O5kcRV5lQhiHTvhs
17/03/2024;20:00 20:30 21:00;n8QRpM5igaw3GBvb3ova;4 3;LE FIVE Paris 13-ChIJ_bOSChhz5kcRZMTeq_6Gdzg LE FIVE Paris 18-ChIJPVT4_n1u5kcRzji6FdTBXXo UrbanSoccer - Puteaux-ChIJM_sC0-Nk5kcRhL1y_EFIje8 UrbanSoccer La Défense-ChIJh4rnfVhk5kcRV2Q-ZKdm8vA
23/02/2024;19:00 20:00 19:30 20:30 21:00 21:30;nAtBgtFp0eToQQXGcTBN;5;LE FIVE Paris 13-ChIJ_bOSChhz5kcRZMTeq_6Gdzg LE FIVE Paris 18-ChIJPVT4_n1u5kcRzji6FdTBXXo UrbanSoccer - Puteaux-ChIJM_sC0-Nk5kcRhL1y_EFIje8 Élite 5 Soccer-ChIJ5-jfdlZk5kcRYIaELgvikaM UrbanSoccer La Défense-ChIJh4rnfVhk5kcRV2Q-ZKdm8vA UrbanSoccer - Quai d'Ivry-ChIJfXxYJ0xy5kcRw9xTkF6-FZQ
04/03/2024;18:00 18:30;nAz0IjoPfqGwYXBojz5I;2;VERSUSFOOT Thiais-ChIJn2R2NT905kcRjqB29qldBxk Stadium Thiais-ChIJ64X9jzx05kcRsHvSfOv6UcA Power Five-ChIJ6ULNmyh15kcRV9cjbnBjGr8 Speed Soccer Five-ChIJ2xTNglV25kcR3UDi4AXGfDU LE FIVE Créteil-ChIJ88lx3VwL5kcRVxCh4lD6_Gk
03/02/2024;0,8125;nFMHaOX1dDUyfOAjMQYv;1 2 3 4 5 6 7;UrbanSoccer - Lyon Parilly-ChIJx3FQWjLC9EcRrrQb2eV7i_4 We Are Sports-ChIJFZU5oBHC9EcRJTFrSkI1xxg
17/02/2024;19:30 20:00 20:30 21:00 21:30 22:00 22:30 19:00;nFzHScX3t7WDLyHe5CG0;3 4 5 6 7;LE FIVE Paris 18-ChIJPVT4_n1u5kcRzji6FdTBXXo
29/02/2024;19:00 19:30 20:00 20:30 21:00 21:30 22:00;nPpA3CAGcF2R5Emu53Bq;5 4;UrbanSoccer - Quai d'Ivry-ChIJfXxYJ0xy5kcRw9xTkF6-FZQ
12/02/2024;0,5;nQ2Yi81cilpeQGKIlExg;1 2 3 4 5;Evolution Football-ChIJX0YulIi8yRIRnGh62u3UXTQ FOOT INDOOR Marseille-ChIJ41AMCxC8yRIRLHLGt11sc-U Le Temple du Soccer Indoor Marseille Carnoux - Centre de Foot en Salle-ChIJd2VpFTm7yRIRmqSv9EUPuF4
21/02/2024;23:00 23:30 22:30 22:00 21:00 21:30 20:00 20:30 19:30 19:00 18:00 18:30 17:30 17:00 16:00 16:30 15:30 15:00 14:00 14:30 13:30 13:00 12:30 12:00 11:00 11:30;nSeSxULvg4yOXcNk5Ezz;1 2 3 4 5 6 7;UrbanSoccer - Lille Lezennes-ChIJR3ro5nTWwkcRfM_S3Be9HjI UrbanSoccer - Lille Bondues-ChIJ58ZerMgrw0cR2Jyp7tZjBn4
29/02/2024;16:00 16:30 17:00 17:30 18:00 18:30 19:00 19:30 20:00 20:30 21:00;nTV33SAJ1IaFhhWJzhtN;1 2 3 4 5;UrbanSoccer Bordeaux-Pessac-ChIJTZ1wTCnZVA0Ra5hHoMEPn3I UrbanSoccer - Bordeaux Mérignac-ChIJxWBxmALaVA0Rop0OWS3Q3fY
01/03/2024;0,791666667;nUU2EN0H2sRnfAeERCHN;5;Stadium Thiais-ChIJ64X9jzx05kcRsHvSfOv6UcA
10/03/2024;11:00 11:30 12:00 10:30 16:00 16:30 17:00 17:30 15:30 15:00 18:00 18:30 19:00 19:30 20:00 20:30 21:00 21:30;nUgTes4IsiGeEipbuo2d;1 2 3 4 5 6 7;UrbanSoccer - Porte d'Aubervilliers-ChIJ0dXjDCZs5kcRvX0EpMwxsUY
23/02/2024;18:00 19:00 18:30 19:30 20:00;nV9XqOqdWEpt31j2z1hV;1 2 3 4 5;FOOT INDOOR Marseille-ChIJ41AMCxC8yRIRLHLGt11sc-U Massilia Foot Indoor 2-ChIJxZ6UmMW-yRIRfYNGGPPJfIU
08/03/2024;0,708333333;nZIsN2Tj2liwSMNWqfBj;1 2 3 4 5 6 7;Bordeaux Soccer-ChIJCRHQufUoVQ0RmXgf8oHOE08 LE FIVE Bordeaux-ChIJteaBh_koVQ0RqH2VtN-qL5I UrbanSoccer Bordeaux-Pessac-ChIJTZ1wTCnZVA0Ra5hHoMEPn3I GINGA Foot Mérignac-ChIJyfJZiyPaVA0RlY6_mDcql7U UrbanSoccer - Bordeaux Mérignac-ChIJxWBxmALaVA0Rop0OWS3Q3fY
09/03/2024;9:00 23:30;ndRPu8Cyhp5Cpk33pHLA;1 2;UrbanSoccer - Porte d'Aubervilliers-ChIJ0dXjDCZs5kcRvX0EpMwxsUY
04/02/2024;10:00 19:00 19:30 20:00 20:30 21:00 21:30 22:00;neeQ8LieYcH8DzDWcr6j;1 2 3 4 5 6 7;Monclub Futbol-ChIJGbxxaamUyRIRgGvhHnhJStA LE FIVE VITROLLES-ChIJi4A-IrHoyRIRunoYLEGNeYI Z5 Aix-ChIJKb-U_9KSyRIRKIFKbH5mW18
20/03/2024;18:30 19:00 18:00 19:30 20:30 20:00 21:00 21:30 22:30 22:00;nkgPEGsedtdIYihDsuZB;1 2 3 4 5 6 7;LE FIVE Paris 17-ChIJ7eI8sFNv5kcR5xy52Wc57NU LE FIVE Paris 18-ChIJPVT4_n1u5kcRzji6FdTBXXo LE FIVE Villette-ChIJTUFnQjps5kcR0pHITLTw1PI LE FIVE Paris 13-ChIJ_bOSChhz5kcRZMTeq_6Gdzg VERSUSFOOT Thiais-ChIJn2R2NT905kcRjqB29qldBxk Stadium Thiais-ChIJ64X9jzx05kcRsHvSfOv6UcA LE FIVE Créteil-ChIJ88lx3VwL5kcRVxCh4lD6_Gk LE FIVE Montreuil-ChIJJdTQjr0T5kcRZmGxtIJVy44 UrbanSoccer - Quai d'Ivry-ChIJfXxYJ0xy5kcRw9xTkF6-FZQ
13/03/2024;18:00 21:30 18:30 19:30 19:00 20:30 20:00 21:00;nniNYYnKI0CkQrAIpZ7g;1 2 3 4 5 6 7;UrbanSoccer - Lyon Parilly-ChIJx3FQWjLC9EcRrrQb2eV7i_4 We Are Sports-ChIJFZU5oBHC9EcRJTFrSkI1xxg
03/02/2024;18:00 19:00 20:00;nnv29GtZt2G0uRxvQoYA;2 1 3 4 5;Play Soccer-ChIJQ-UxZn-5rhIRKWoQydM5T9s UrbanSoccer - Toulouse Sept Deniers-ChIJk5nUBdOkrhIRP-1aUJzo-lA Classico Foot-ChIJFV442oCxrhIRgsZy5aIbkNs
03/03/2024;9:00 9:30 10:00 10:30 11:00 11:30 12:30 12:00 13:30 14:30 13:00 14:00 15:00 15:30 16:30 17:00 17:30 16:00 18:00 18:30 19:00;nth4gtsr0ReIfkkDDbVD;7 6;LE FIVE Bezons-ChIJ71Mv0Wpk5kcRg-H9x7L-dXo Foot-Max Argenteuil-ChIJi9oIzaRm5kcRJYcK7QsdRMU UrbanSoccer - Puteaux-ChIJM_sC0-Nk5kcRhL1y_EFIje8 UrbanSoccer - Asnières-ChIJi5LkLT9v5kcRSlhScqEFNWs Foot POWER 5-ChIJuTCIFshm5kcRBtEQJ76dAzc LE FIVE Paris 17-ChIJ7eI8sFNv5kcR5xy52Wc57NU FOOT IN FIVE-ChIJoUR0syFp5kcRUlStnwluaYY LE FIVE Paris 18-ChIJPVT4_n1u5kcRzji6FdTBXXo UrbanSoccer - Porte d'Aubervilliers-ChIJ0dXjDCZs5kcRvX0EpMwxsUY LE FIVE Marville - La Courneuve-ChIJ2dHdMZxr5kcR0aKYHYsp0pY LE FIVE Villette-ChIJTUFnQjps5kcR0pHITLTw1PI Le Street Foot en Salle-ChIJt_AXL6Jg5kcRu6rBmnrmeUM BIG5-ChIJsb_7TJFp5kcRSPL5VqZulr4 Kaiser Park-ChIJsRLZzKFg5kcRBCfNws9nssw LE FIVE Sarcelles-ChIJ6_q3Fxhq5kcRCpoEwnoXX1Q UrbanSoccer Meudon-ChIJ0WKvjbh75kcRoqSmyWwW2jQ LE FIVE Bobigny-ChIJV8UONORs5kcRXxR5Qd7x130 LE FIVE Paris 13-ChIJ_bOSChhz5kcRZMTeq_6Gdzg Firefoot-ChIJ0zSROfj15kcR4l0wrCcYPMk UrbanSoccer La Défense-ChIJh4rnfVhk5kcRV2Q-ZKdm8vA Terrain n°4-ChIJmRGyAYNl5kcRK-d00eYIkIs Five Pizza Original - Colombes-ChIJB1FcuwZl5kcRyGlhp5HWG_4 Stade Olympique Yves du Manoir-ChIJYeUIntpl5kcRZsN35flVVAY Etoile Sportive Colombienne-ChIJLSWJGTRk5kcRmGZfmBO5jkA Colombes Stadium-ChIJlydSodxl5kcRBsdrLmtHOic Terrain de football n°11-ChIJd9ErhO9l5kcRrpDEWpcfH4A
01/03/2024;10:00 11:00 12:00 13:00 14:00 15:00;nu4Ize0KNoBd7RpVOLE9;4;Stade de l'Ile Billancourt-ChIJ_VzHyPZ65kcRie3KTzFg37c
16/03/2024;0,791666667;nuqMQzTiDL2VpcUhvtte;6;UrbanSoccer La Défense-ChIJh4rnfVhk5kcRV2Q-ZKdm8vA
18/02/2024;18:00 18:30 19:00 19:30;nwrjajCkJiGxlYAoFYPB;2;UrbanSoccer - Puteaux-ChIJM_sC0-Nk5kcRhL1y_EFIje8
22/02/2024;18:30 19:00 19:30 20:00 20:30 21:00 18:00;o1doYwcnkl3maqEHyNLg;2 3 4 5 6 1 7;Sport dans la Ville Rhône-Alpes-ChIJoUEDcmvr9EcRILCz6hDCQ2o
26/02/2024;0,520833333;o3RDwzU1mGAy3zYspcUw;2 4;Spot FUTSAL-ChIJwdUawmfVwkcRaNLo_CmNii0 UrbanSoccer - Lille Lezennes-ChIJR3ro5nTWwkcRfM_S3Be9HjI Footsal Cousinerie-ChIJXQyb1d8pw0cRLO_Ed5xHTIQ KIPSTADIUM-ChIJydcoT88ow0cRLnHvlF-Z_jE Arena Club-ChIJeWJWRjYvw0cRbnJR4ZXAKMA
03/02/2024;18:00 18:30 19:00 19:30;o78Tx5dh2YE9JaaZQWij;1 2 3 4 5;UrbanSoccer - Toulouse Sept Deniers-ChIJk5nUBdOkrhIRP-1aUJzo-lA UrbanSoccer - Toulouse Montaudran-ChIJl772e0u8rhIR2foRX4Xa2CI
10/03/2024;11:00 10:00;o9FOko29BxoVAjIeM8Yu;2 1;LE FIVE Morangis-ChIJA4uAhOXZ5UcRp-vZXZP-ovY LE FIVE Paris 13-ChIJ_bOSChhz5kcRZMTeq_6Gdzg LE FIVE Créteil-ChIJ88lx3VwL5kcRVxCh4lD6_Gk VERSUSFOOT Thiais-ChIJn2R2NT905kcRjqB29qldBxk Speed Soccer Five-ChIJ2xTNglV25kcR3UDi4AXGfDU B14 - Sports et Loisirs Indoor-ChIJaeLKMYXe5UcRHyWJ8X8FaPA
01/03/2024;14:00 15:00 14:30 15:30 16:00 16:30 17:30 19:00 17:00 18:00 18:30 19:30 20:00 20:30 21:00 21:30 22:00;oAvyYqMYzD3l9cOBSSgY;6 7 5;Sport dans la Ville Rhône-Alpes-ChIJoUEDcmvr9EcRILCz6hDCQ2o F5 Foot Five-ChIJjUbM5G7A9EcRW3mlkrhyXxY We Are Sports-ChIJFZU5oBHC9EcRJTFrSkI1xxg UrbanSoccer - Lyon Parilly-ChIJx3FQWjLC9EcRrrQb2eV7i_4
16/03/2024;18:00 18:30 19:00 19:30 20:00 20:30 21:00 21:30 22:00 22:30 23:00 23:30;oDXc9STUGcYdswuekSVY;1 2 3 4 5 6 7;Stadium Thiais-ChIJ64X9jzx05kcRsHvSfOv6UcA LE FIVE Créteil-ChIJ88lx3VwL5kcRVxCh4lD6_Gk
15/03/2024;22:00 21:00 20:00 23:00 19:00 18:00 17:00 16:00 15:00 14:00 14:30 15:30 16:30 17:30 18:30 19:30 20:30 21:30 23:30 22:30;oGOABJjckcFHyvjFBCWS;1 2 3 4 5 6 7;Monclub Futbol-ChIJGbxxaamUyRIRgGvhHnhJStA Le B3 Soccer-ChIJa69uraDryRIRRlY7a07cUqU Game 13 foot indoor-ChIJNSDvlsXryRIRUXao9hwB79I Evolution Football-ChIJX0YulIi8yRIRnGh62u3UXTQ FOOT INDOOR Marseille-ChIJ41AMCxC8yRIRLHLGt11sc-U MONCLUB 2.0-ChIJv9owGLm-yRIRfuDnd3G6nR4 Massilia Five-ChIJxZ6UmMW-yRIR7ot5DChYj4w Le Mercato FOOT INDOOR-ChIJzRK7HJy_yRIRqEreyEiAfC0 STADIUM FOOT 5 VILLAGE-ChIJbbOWFtC4yRIR0WXVerbWmnE Le 13 - Foot en salle - Marseille-ChIJR62kUm_ByRIRDnGQqGCeUVQ Massilia Foot Indoor 2-ChIJxZ6UmMW-yRIRfYNGGPPJfIU
22/02/2024;9:00 9:30 10:00 10:30 11:00 11:30 12:30 12:00 13:00 13:30 14:00 14:30 15:00 15:30 16:00 16:30 17:00 17:30 18:00 18:30 19:00 19:30 20:00 20:30 21:00 21:30 22:30 23:00 23:30 22:00;oLzdBFFW1ehNvn5bgV0m;1 2 3 4 5 6 7;UrbanSoccer - Grenoble-ChIJX6YWdrz1ikcRwdG7lUc49fg
12/03/2024;9:00 23:30;oP7KbPdNUtpNU8cHcxWO;1 2 3 4 5 6 7;Stade Suchet-ChIJn_jMprN65kcRf4CiZAaAht4 École des Sports du 16ème (ES16)-ChIJzYsHpLN65kcRLAVxfHH1_Lk
02/03/2024;9:00 9:30 10:00 10:30 11:00 12:00 11:30 12:30 13:00 14:00 13:30 14:30 15:30 15:00 16:00 16:30 17:00 17:30 18:00 18:30 19:00 19:30 20:00 20:30 21:00 21:30 22:00 22:30 23:30 23:00;oQYcEV1pYf4TEyloG73x;5 6 7;Spot FUTSAL-ChIJwdUawmfVwkcRaNLo_CmNii0 UrbanSoccer - Lille Lezennes-ChIJR3ro5nTWwkcRfM_S3Be9HjI Footsal-ChIJa7HS298pw0cRMoVDj0XqVdI Footsal Cousinerie-ChIJXQyb1d8pw0cRLO_Ed5xHTIQ UrbanSoccer - Lille Bondues-ChIJ58ZerMgrw0cR2Jyp7tZjBn4 KIPSTADIUM-ChIJydcoT88ow0cRLnHvlF-Z_jE Arena Club-ChIJeWJWRjYvw0cRbnJR4ZXAKMA
20/02/2024;17:30 17:00 18:00 18:30 19:00 19:30 20:00 20:30 21:00 21:30 22:00 22:30;oTTq67gnjX3hQk8q1Efh;1 2 3 4 5 7 6;Foot-Max Argenteuil-ChIJi9oIzaRm5kcRJYcK7QsdRMU Foot POWER 5-ChIJuTCIFshm5kcRBtEQJ76dAzc LE FIVE Bezons-ChIJ71Mv0Wpk5kcRg-H9x7L-dXo
19/03/2024;0,5;oVd0tTStAfGI8rzyPoVb;2 4;Stade Georges Carpentier-ChIJK1Ox8s9z5kcRbgUAZHwwCQA
23/02/2024;19:00 19:30 20:00 20:30 21:00 21:30 22:00;oa8l5uQlnSBPhSZKdc5b;3 5;LE PARK Noisy-ChIJdUHbID8O5kcRV5lQhiHTvhs UrbanSoccer - Marne-La-Vallée-ChIJ6bDBiosP5kcROXiloHzSdhc
13/03/2024;10:00 10:30 11:00 11:30 12:00 14:00 14:30 15:00 15:30 16:00 16:30 17:30 17:00 18:00 18:30 19:00 19:30 20:00;ob3OAPMqtrYyLYcZ6Sk1;1 2 3 4 5 6 7;LE FIVE Rouen-ChIc7ot9ESvGhIRqni6q0J6B4fY
25/02/2024;0,770833333;obSmYDJzbOCjzmmgHtm0;3;Sport dans la Ville Rhône-Alpes-ChIJoUEDcmvr9EcRILCz6hDCQ2o
13/03/2024;19:30 19:00;ogycFvY0QWJVUAucupiI;3;Footsal-ChIJa7HS298pw0cRMoVDj0XqVdI Spot FUTSAL-ChIJwdUawmfVwkcRaNLo_CmNii0 UrbanSoccer - Lille Lezennes-ChIJR3ro5nTWwkcRfM_S3Be9HjI UrbanSoccer - Lille Bondues-ChIJ58ZerMgrw0cR2Jyp7tZjBn4 Arena Club-ChIJeWJWRjYvw0cRbnJR4ZXAKMA KIPSTADIUM-ChIJydcoT88ow0cRLnHvlF-Z_jE Footsal Cousinerie-ChIJXQyb1d8pw0cRLO_Ed5xHTIQ
16/02/2024;18:30 19:00 19:30 20:00 20:30;olxCJQWCt3NwoEYnR2Fa;1 2 3 4;UrbanSoccer Guyancourt-ChIJmdX-2c-A5kcRj1wtOS8rZmo
01/03/2024;18:00 18:30 19:00 19:30 20:00 21:00 20:30;orpSiy7zPG0LBLQlor24;1 2 3 4 5 6 7;F5 Foot Five-ChIJjUbM5G7A9EcRW3mlkrhyXxY We Are Sports-ChIJFZU5oBHC9EcRJTFrSkI1xxg UrbanSoccer - Lyon Parilly-ChIJx3FQWjLC9EcRrrQb2eV7i_4 LE 5 DE LEGENDE-ChIJAQNaA3nc9EcRYvB35x41mBs LE FIVE OL-ChIJmz3whejH9EcR3j9ApNRukKE Sun Set Soccer-ChIJ-2jOt33D9EcRLZL2mS5Gvz4 Factory Sport Games-ChIJNcDntQGO9EcR3CbXF7xfc5o Sport dans la Ville Rhône-Alpes-ChIJoUEDcmvr9EcRILCz6hDCQ2o
07/02/2024;19:00 19:30 20:00 20:30 21:30 21:00 22:30 23:30 22:00 23:00;ox7nBGETTIkX1KoyCSiN;1 2 3 4 5 6 7;We Are Sports-ChIJFZU5oBHC9EcRJTFrSkI1xxg UrbanSoccer - Lyon Parilly-ChIJx3FQWjLC9EcRrrQb2eV7i_4 UrbanSoccer - Lyon Barolles-ChIJN4l-IC3v9EcRf9QJKIVC_aY LE FIVE OL-ChIJmz3whejH9EcR3j9ApNRukKE F5 Foot Five-ChIJjUbM5G7A9EcRW3mlkrhyXxY
05/02/2024;20:00 18:00 19:00 21:00;oxNpdIZIaGpEQ59hIlfA;2 3 4 5 6 7;LE FIVE Paris 13-ChIJ_bOSChhz5kcRZMTeq_6Gdzg LE FIVE Paris 18-ChIJPVT4_n1u5kcRzji6FdTBXXo LE FIVE Paris 17-ChIJ7eI8sFNv5kcR5xy52Wc57NU LE FIVE Villette-ChIJTUFnQjps5kcR0pHITLTw1PI
10/03/2024;19:00 20:00;oxrLwsHL7iOSPq8Lgvon;3 4 2 6 7;UrbanSoccer - Puteaux-ChIJM_sC0-Nk5kcRhL1y_EFIje8
03/03/2024;10:00 11:00 12:00 13:00 14:00 15:00 16:00 17:00 18:00 19:00 20:00 21:00 22:00 23:00;oyZIIQT2G0ip9IL6XYKM;1 2 3 4 5 6 7;UrbanSoccer - Marne-La-Vallée-ChIJ6bDBiosP5kcROXiloHzSdhc LE PARK Noisy-ChIJdUHbID8O5kcRV5lQhiHTvhs Top Ten-ChIJfXprBx4b5kcRmhe-5pLZUek LE FIVE Champigny-ChIJsXi1PLYN5kcRTVVDuczgS2s
13/03/2024;18:30 19:00 19:30 20:00 20:30 21:00 18:00;p3ti3E6nqAXeSEawP9YV;1 2 3 4 5;UrbanSoccer La Défense-ChIJh4rnfVhk5kcRV2Q-ZKdm8vA UrbanSoccer - Puteaux-ChIJM_sC0-Nk5kcRhL1y_EFIje8 LE FIVE Bezons-ChIJ71Mv0Wpk5kcRg-H9x7L-dXo
12/02/2024;19:00 18:30 18:00 19:30;p5ib6mA0hg95U6D4sgAp;2 1;Events Five-ChIJf8cSCJG5rhIRoQadPH-wW1U
06/02/2024;19:00 19:30 20:00 20:30;p5zAG6aB8AmYL49aCV6I;2 4 6 7 5 3 1;LE FIVE OL-ChIJmz3whejH9EcR3j9ApNRukKE
20/03/2024;17:00 18:00 19:00 20:00 21:00;p8UaUmWgy8unKFh538wb;1 2 3 4 5 6 7;UrbanSoccer - Quai d'Ivry-ChIJfXxYJ0xy5kcRw9xTkF6-FZQ LE FIVE Paris 13-ChIJ_bOSChhz5kcRZMTeq_6Gdzg LE FIVE Champigny-ChIJsXi1PLYN5kcRTVVDuczgS2s LE FIVE Créteil-ChIJ88lx3VwL5kcRVxCh4lD6_Gk
02/02/2024;17:00 17:30 18:00 18:30 19:00 19:30 20:00 20:30 21:00;pAFzo0rMbozhgu0JFMO2;6 7;UrbanSoccer - Toulouse Sept Deniers-ChIJk5nUBdOkrhIRP-1aUJzo-lA
19/03/2024;0,916666667;pE45t9qeTKRRSjf3MV9W;1 2 3 4 5 6 7;LE FIVE Marville - La Courneuve-ChIJ2dHdMZxr5kcR0aKYHYsp0pY
27/02/2024;19:00 20:00;pEqJstcpXq2W56BiOxOx;1 2 3 4 5 6 7;Massilia Foot Indoor 2-ChIJxZ6UmMW-yRIRfYNGGPPJfIU Le 13 - Foot en salle - Marseille-ChIJR62kUm_ByRIRDnGQqGCeUVQ STADIUM FOOT 5 VILLAGE-ChIJbbOWFtC4yRIR0WXVerbWmnE Massilia Five-ChIJxZ6UmMW-yRIR7ot5DChYj4w
19/03/2024;12:00 12:30 13:00;pHpxsYE3e8K6g2KkxFyl;5;UrbanSoccer - Puteaux-ChIJM_sC0-Nk5kcRhL1y_EFIje8 UrbanSoccer Meudon-ChIJ0WKvjbh75kcRoqSmyWwW2jQ Cité des Sports-ChIJ70UPf6R75kcRGb3NAV9k7Ww
14/02/2024;10:00 10:30 11:00 11:30 12:00 14:00 14:30 15:00 15:30 16:00 16:30 17:00 17:30;pJOmEZJBTeJvIq42PMld;6;LE FIVE OL-ChIJmz3whejH9EcR3j9ApNRukKE
04/03/2024;18:00 18:30 19:00 19:30 20:00 20:30 21:00;pK5LDFpCH60Zwhk2eqNh;1 2 3 4 5;As Algerienne Villeurbanne-ChIJDdu6cK7B9EcR7shl7g8aqK8 Terrain de Football Américain de la Doua-ChIJ7_XxGr3q9EcRsgWx2syUB_0 Villeurbanne United Football Club-ChIJF9cnUDDA9EcRinBKkXriiyU Stade Xavier Guillemet-ChIJ0dGO07zq9EcR2advRM7wDTM Stade de la Viabert-ChIJe_DA8DDA9EcRQWNao6JDbEI Terrains de sport-ChIJRaxwpxrr9EcRukmryuBkZ3M Micro Site football-ChIJ_RZrqIjr9EcRq9_VA4qW15c
13/03/2024;9:00 9:30 10:00 10:30 11:00 11:30 12:00 12:30 13:00 13:30 14:00 14:30 15:00 15:30 16:00 16:30 17:00 17:30 18:00 18:30;pO4vQdirYtAxmwsM44Jq;6 7;Sport dans la Ville Rhône-Alpes-ChIJoUEDcmvr9EcRILCz6hDCQ2o
20/02/2024;12:00 13:00 14:00 12:30 13:30 14:30 11:30;pVo7g95baqI36Xqv4WZA;2 5;UrbanSoccer - Puteaux-ChIJM_sC0-Nk5kcRhL1y_EFIje8 UrbanSoccer La Défense-ChIJh4rnfVhk5kcRV2Q-ZKdm8vA
27/02/2024;18:00 19:00 20:00 21:00;pXhkoynRTr6a4uKemm7E;1 2 3 4 5;UNIV5 STADIUM-ChIJceXoFyy36EcRRlyVMmTt0J8
12/02/2024;10:00 11:00 12:00 13:00 14:00 15:00 16:00 17:00 10:30 11:30 12:30 13:30 14:30 15:30 16:30 17:30 18:00 19:00 18:30 19:30 20:00 20:30;pYzs4Kg9ObFNPac1PbJb;5 6 7;UrbanSoccer Guyancourt-ChIJmdX-2c-A5kcRj1wtOS8rZmo
07/03/2024;11:00 11:30 12:00 12:30;pbWGt4cNG2fbhliXxsWw;1 2 4 3 5 6 7;LE FIVE Rouen-ChIc7ot9ESvGhIRqni6q0J6B4fY Le Temple du Foot-ChIJX6tTCaTg4EcREj-uKrMtLMc
16/03/2024;0,791666667;pidfxENVyEsSRqVU0dEN;6;UrbanSoccer La Défense-ChIJh4rnfVhk5kcRV2Q-ZKdm8vA
22/02/2024;17:00 17:30 18:00 18:30 19:00 19:30 20:00 20:30 21:00 21:30 22:00 22:30;pjUazUBuTZWOFkkwmgqi;1 2 3 4 5 7 6;UrbanSoccer - Toulouse Sept Deniers-ChIJk5nUBdOkrhIRP-1aUJzo-lA UrbanSoccer - Toulouse Montaudran-ChIJl772e0u8rhIR2foRX4Xa2CI
09/03/2024;11:00 10:00 10:30 9:00 9:30 12:00 11:30;pkYaqyWRjd40iJ0mFzeU;3 4 5 2 6;UrbanSoccer - Quai d'Ivry-ChIJfXxYJ0xy5kcRw9xTkF6-FZQ LE FIVE Paris 13-ChIJ_bOSChhz5kcRZMTeq_6Gdzg
19/03/2024;11:00 11:30 12:00 13:30 12:30 13:00 14:30 14:00 15:30 15:00 16:30 16:00 17:30 17:00 18:30 19:30 18:00 19:00 20:30 20:00 21:00;pknZ7sGbKfR2s6O5x6ph;1 2 3 4 5 6 7;LE FIVE Morangis-ChIJA4uAhOXZ5UcRp-vZXZP-ovY Speed Soccer Five-ChIJ2xTNglV25kcR3UDi4AXGfDU Stadium Thiais-ChIJ64X9jzx05kcRsHvSfOv6UcA VERSUSFOOT Thiais-ChIJn2R2NT905kcRjqB29qldBxk Power Five-ChIJ6ULNmyh15kcRV9cjbnBjGr8 UrbanSoccer Orsay-ChIJpZIJg7J45kcRrKWKhtbfnEQ B14 - Sports et Loisirs Indoor-ChIJaeLKMYXe5UcRHyWJ8X8FaPA UrbanSoccer Evry-ChIJW0Ut1G7e5UcRt621n2fRQ5M LE FIVE Paris 13-ChIJ_bOSChhz5kcRZMTeq_6Gdzg UrbanSoccer Meudon-ChIJ0WKvjbh75kcRoqSmyWwW2jQ LE FIVE Créteil-ChIJ88lx3VwL5kcRVxCh4lD6_Gk UrbanSoccer - Quai d'Ivry-ChIJfXxYJ0xy5kcRw9xTkF6-FZQ Le CR5-ChIJnVE47IHn5UcRr5XRwCaPE38 UrbanSoccer Guyancourt-ChIJmdX-2c-A5kcRj1wtOS8rZmo LE PARK Servon-ChIJMU8gErUJ5kcRSnpvacKwFtM
15/03/2024;10:00 9:00 11:00 12:00 13:00 14:00 15:00 16:00 17:00 18:00 19:00 20:00 21:00 22:00 23:00 9:30 10:30 11:30 12:30 13:30 14:30 16:30 15:30 17:30 18:30 19:30 20:30 21:30 22:30 23:30;ppN0wlEFQK1jMk8frxq1;1 2 3 4 5 6 7;LE FIVE Créteil-ChIJ88lx3VwL5kcRVxCh4lD6_Gk Power Five-ChIJ6ULNmyh15kcRV9cjbnBjGr8 VERSUSFOOT Thiais-ChIJn2R2NT905kcRjqB29qldBxk Stadium Thiais-ChIJ64X9jzx05kcRsHvSfOv6UcA LE PARK Servon-ChIJMU8gErUJ5kcRSnpvacKwFtM UrbanSoccer - Quai d'Ivry-ChIJfXxYJ0xy5kcRw9xTkF6-FZQ LE FIVE Paris 13-ChIJ_bOSChhz5kcRZMTeq_6Gdzg Speed Soccer Five-ChIJ2xTNglV25kcR3UDi4AXGfDU
24/02/2024;17:00 18:00 19:00 20:00 21:00;pqtjERN6r2Zf4pUVVVpK;2 3 4;Stade Jean Salobert-ChIJrwy2fa3NyxIRDOWmn-_jyuI Stade municipal Adrien Gilly-ChIJrwy2fa3NyxIR35spUjcCRPA E.p.m.foot-ChIJrei0blHMyxIRScoLTXY-Jr0 Le Complexe Manosque (Restaurant - Foot a 5 - Padel - Salles de séminaire)-ChIJ33wx0UrMyxIRabB0hcTFAz0
08/03/2024;0,833333333;prJ2uD4Jr5cBI8baxKiG;4;Footsal Cousinerie-ChIJXQyb1d8pw0cRLO_Ed5xHTIQ Footsal-ChIJa7HS298pw0cRMoVDj0XqVdI
09/02/2024;19:00 20:30 20:00 21:00 21:30 19:30 18:00 18:30;pu9ouCAMOXFSEfr4heOK;3 6 4;UrbanSoccer - Angers-ChIJBcOLHhJ_CEgRBi_FUHPvAQ0 Stade Raymond Kopa-ChIJ2ZnmJM94CEgRZca5IGiCRO4 Stade Marcel Nauleau-ChIJdeN6uyJ5CEgRtuHk_kN05Og
07/02/2024;12:00 19:00 13:00 14:00;pxkexAh5B1GekP4Err1v;3 6;UrbanSoccer - Montpellier-ChIJVXFMq4ylthIRtrZPBHOMTAc Insport Montpellier - Près d'arènes-ChIJJWIca-qvthIRHxcGJpAq4kA Le Five Football Club-ChIJ2alyFouvthIR-e3SgdzFnwE GGL Stadium-ChIJq8eCukCuthIRjnxyAMXgn84 BUBBLE FOOT MONTPELLIER BUL'FOOT-ChIJy7XMFDylthIRn6TeXm2Z4JE FDI Stadium-ChIJD26YbyWvthIRkxW-k1Kq76o Stade Rachid Malla-ChIJZSdggI6uthIRQMhiblgL7YI UrbanVillage Montpellier-ChIJcZlHDFilthIR7hRJJwgCpD8 AR'SOCCER-ChIJK8zAN7ivthIR35hQJsramBE Stade Municipal-ChIJ6aDhBPWuthIRaT-z5XyIDdk Stade de la Mosson-ChIJK1IpmDqsthIRawA9nhlW4Jk Stade Bernard Giambronne-ChIJJ4CE_smvthIRzecaW-crpFo Terrain de football-ChIJVTcCLM6vthIRUrO7ZCnumys Sudsport 34-ChIJh-FIwF9MsRIRUsGpL0o88QE Stade Eric Béchu-ChIJY0LnjkCuthIR4Jt2tBkm6uE Five Pizza Original - Montpellier-ChIJ9c-D2fOvthIRPLa0E9GJFiY Terrain de Football de la Cité Astruc-ChIJcQgO2veuthIR-XR0Pz8RQAg Centre d'Entraînement MHSC Bernard-Gasset Diadora Utility-ChIJQyi5U5-lthIRVEHbIdrp9bo Urban Padel - Club de Padel Montpellier-ChIJ57O9asmlthIR9L7LO01nxWQ Terrain de foot Jeannot Véga-ChIJf-9hPZmvthIRo5mI6dlPlhc
17/03/2024;16:30 17:30 18:30 19:30;pxym0bS0nOJrXTyQXM50;7;UrbanSoccer - Lille Lezennes-ChIJR3ro5nTWwkcRfM_S3Be9HjI UrbanSoccer - Lille Bondues-ChIJ58ZerMgrw0cR2Jyp7tZjBn4 KIPSTADIUM-ChIJydcoT88ow0cRLnHvlF-Z_jE
18/03/2024;17:30 18:00 18:30 19:00;q0aKvjd5fYMcJBWJFkpJ;2 3 4 5;LE FIVE Paris 17-ChIJ7eI8sFNv5kcR5xy52Wc57NU LE FIVE Paris 18-ChIJPVT4_n1u5kcRzji6FdTBXXo
01/03/2024;0,791666667;q0oh6fRVJ6U4BOi5dZJB;5;Stadium Thiais-ChIJ64X9jzx05kcRsHvSfOv6UcA
02/03/2024;19:30 20:00 20:30 21:00;q3t86D1Doq9TKHcMB6pm;2;LE FIVE Paris 18-ChIJPVT4_n1u5kcRzji6FdTBXXo UrbanSoccer - Quai d'Ivry-ChIJfXxYJ0xy5kcRw9xTkF6-FZQ LE FIVE Paris 17-ChIJ7eI8sFNv5kcR5xy52Wc57NU UrbanSoccer - Porte d'Aubervilliers-ChIJ0dXjDCZs5kcRvX0EpMwxsUY LE FIVE Villette-ChIJTUFnQjps5kcR0pHITLTw1PI LE FIVE Bobigny-ChIJV8UONORs5kcRXxR5Qd7x130 UrbanSoccer - Asnières-ChIJi5LkLT9v5kcRSlhScqEFNWs LE FIVE Montreuil-ChIJJdTQjr0T5kcRZmGxtIJVy44 FOOT IN FIVE-ChIJoUR0syFp5kcRUlStnwluaYY UrbanSoccer La Défense-ChIJh4rnfVhk5kcRV2Q-ZKdm8vA UrbanSoccer - Puteaux-ChIJM_sC0-Nk5kcRhL1y_EFIje8 LE FIVE Marville - La Courneuve-ChIJ2dHdMZxr5kcR0aKYHYsp0pY
02/03/2024;0,708333333;qDJzKbqeRiIL6aYpSbqD;5;LE FIVE Rouen-ChIJc7A1v4ne4EcRyi0mTJfk2WI The Novick's Stadium Rouen-ChIJbWeYTMjd4EcRryDNdvnKRSQ Le Temple du Foot-ChIJX6tTCaTg4EcREj-uKrMtLMc
04/03/2024;0,791666667;qG2UeoW8wvGeFCjfnd8p;3 7;Foot-Max Argenteuil-ChIJi9oIzaRm5kcRJYcK7QsdRMU LE FIVE Bezons-ChIJ71Mv0Wpk5kcRg-H9x7L-dXo Foot POWER 5-ChIJuTCIFshm5kcRBtEQJ76dAzc UrbanSoccer La Défense-ChIJh4rnfVhk5kcRV2Q-ZKdm8vA
27/02/2024;0,833333333;qGeK7N3Be66AoQW6iUvD;3;UrbanSoccer - Puteaux-ChIJM_sC0-Nk5kcRhL1y_EFIje8
09/03/2024;9:00 10:00 13:00 16:00 12:00 11:00 14:00 15:00 15:30 14:30 13:30 12:30 11:30 9:30 10:30 23:00 22:00 21:00 20:00 19:00 17:00 18:00 16:30 17:30 18:30 20:30 23:30 19:30 21:30 22:30;qGuEzlLT0MJsBN2WHdQB;1 2 3 4 5 6 7;LE FIVE La Rochelle-ChIJAYcXu5xNAUgRiFOwJiUbggQ
04/02/2024;21:00 21:30 22:00;qHQkTyjDPpWrVkgJqcBV;4 6 7 5;Speed Soccer Five-ChIJ2xTNglV25kcR3UDi4AXGfDU
04/02/2024;10:00 10:30;qIG70ZjZewqZuJcr4QQL;6 7;UrbanSoccer - Quai d'Ivry-ChIJfXxYJ0xy5kcRw9xTkF6-FZQ LE FIVE Villette-ChIJTUFnQjps5kcR0pHITLTw1PI
03/02/2024;17:30 18:00 18:30 19:00 19:30 20:00 20:30 21:00;qJuGSJYmG79AI6etTnP2;3 6 5;UrbanSoccer - Puteaux-ChIJM_sC0-Nk5kcRhL1y_EFIje8 UrbanSoccer La Défense-ChIJh4rnfVhk5kcRV2Q-ZKdm8vA Élite 5 Soccer-ChIJ5-jfdlZk5kcRYIaELgvikaM LE FIVE Bezons-ChIJ71Mv0Wpk5kcRg-H9x7L-dXo UrbanSoccer Meudon-ChIJ0WKvjbh75kcRoqSmyWwW2jQ
21/02/2024;9:00 9:30 10:30 10:00 11:00 11:30 12:30 12:00 13:00 13:30 14:30 14:00 15:00 15:30 16:30 16:00 17:00 17:30 18:30 19:30 21:30 23:30 22:00 21:00 19:00 18:00 20:30 20:00 22:30 23:00;qMQjiYEReXVx6141ntNo;1 2 3 4 5 6 7;UrbanSoccer - Lyon Parilly-ChIJx3FQWjLC9EcRrrQb2eV7i_4 We Are Sports-ChIJFZU5oBHC9EcRJTFrSkI1xxg LE 5 DE LEGENDE-ChIJU_aXKN_A9EcRHCY74rI9i4Y LE FIVE OL-ChIJmz3whejH9EcR3j9ApNRukKE Sun Set Soccer-ChIJ-2jOt33D9EcRLZL2mS5Gvz4 F5 Foot Five-ChIJjUbM5G7A9EcRW3mlkrhyXxY
24/02/2024;9:00 10:00 11:00 12:00 13:00 14:00 15:00 16:00 17:00 18:00 17:30 16:30 15:30 14:30 13:30 12:30 11:30 10:30 9:30;qOXSpQ289AAHHkPNgUH3;6 7;Sport dans la Ville Rhône-Alpes-ChIJoUEDcmvr9EcRILCz6hDCQ2o
10/02/2024;9:00 10:00 22:00 23:00 21:00 20:00 19:00 18:00 17:00 16:00 15:00 14:00 13:00 12:00 11:00 9:30 10:30 11:30 12:30 13:30 14:30 15:30 16:30 17:30 19:30 18:30 20:30 21:30 22:30 23:30;qQw3bHGsSPhes2jfsaTD;1 2 3 4 5 6 7;UrbanSoccer Guyancourt-ChIJmdX-2c-A5kcRj1wtOS8rZmo
02/03/2024;23:00 23:30;qS6RCnEn7ku3Ohie6Bgg;1 2 3 4 5 6 7;UrbanSoccer - Asnières-ChIJi5LkLT9v5kcRSlhScqEFNWs
28/02/2024;18:00 18:30 19:00 19:30 20:00 20:30 21:00 21:30 22:00 22:30 23:00 23:30 17:00 17:30 16:00 16:30 9:00 9:30 10:00 10:30 11:00 11:30 12:00 12:30 13:00 13:30 14:00 14:30 15:00 15:30;qTmYPXIOmAS2uTxLVCxt;6 7 5 4 3 2 1;F5 Foot Five-ChIJjUbM5G7A9EcRW3mlkrhyXxY LE 5 DE LEGENDE-ChIJAQNaA3nc9EcRYvB35x41mBs UrbanSoccer - Lyon Parilly-ChIJx3FQWjLC9EcRrrQb2eV7i_4 UrbanSoccer - Lyon Barolles-ChIJN4l-IC3v9EcRf9QJKIVC_aY LE FIVE OL-ChIJmz3whejH9EcR3j9ApNRukKE Sun Set Soccer-ChIJ-2jOt33D9EcRLZL2mS5Gvz4 We Are Sports-ChIJFZU5oBHC9EcRJTFrSkI1xxg Sport dans la Ville Rhône-Alpes-ChIJoUEDcmvr9EcRILCz6hDCQ2o Factory Sport Games-ChIJNcDntQGO9EcR3CbXF7xfc5o
10/03/2024;0,791666667;qVwkPE99H9TrBKsKGuGL;7;LE FIVE Paris 13-ChIJ_bOSChhz5kcRZMTeq_6Gdzg
19/03/2024;21:00 20:00 20:30 21:30 22:00;qWAbAStnauVgCrztUAY0;1 2 3 4;LE FIVE Paris 18-ChIJPVT4_n1u5kcRzji6FdTBXXo LE FIVE Paris 17-ChIJ7eI8sFNv5kcR5xy52Wc57NU UrbanSoccer - Porte d'Aubervilliers-ChIJ0dXjDCZs5kcRvX0EpMwxsUY
18/03/2024;16:00 16:30 17:00 17:30 18:00 18:30 19:00 19:30 20:00 20:30;qXiRffFDnMAdsCjgaXEL;1 2 3 4 5 6 7;Z5 Aix-ChIJKb-U_9KSyRIRKIFKbH5mW18 Monclub Futbol-ChIJGbxxaamUyRIRgGvhHnhJStA Le B3 Soccer-ChIJa69uraDryRIRRlY7a07cUqU Game 13 foot indoor-ChIJNSDvlsXryRIRUXao9hwB79I Aix Université Club Football-ChIJ4XLnbPeNyRIRlKffuIPM9YU Stade Marius Requier-ChIJZ99DmFPtyRIRo93gYYOp8b8 City-ChIJNdHaUYCNyRIRAMbmYo4rMLk Aix les milles-ChIJMybVaiftyRIRxrlD_ves7GU Association Amicale et Sportive du Val St André-ChIJ_YwE2uSNyRIRmvKvjRlTgYA Stade Joël Chevalier-ChIJmQpc4zmMyRIR0Nu346muw24 Stade Fernand Bouteille-ChIJ_U3_xZCMyRIR9qRHMhA8n68 Football Club Aixois-ChIJX4t4SQuNyRIRwVVFDrKnmLs ASNA Football - Alliance Sportive Nord Aix-ChIJUUwjzFKNyRIRznO7W8kJ69Q Avenir Sportif Meyrarguais-ChIJexHhKUiIyRIRfIRrLtLJStk Stade synthétiques et pelouse et city stade-ChIJ7VVAyJGHyRIRDt6ZmPk_22U USV Skatepark-ChIJqeXGeISJyRIRfhap4-ovGQI Urban Kids-ChIJh1u77_2LyRIR7EbcOyiha9s
13/02/2024;0,875;qXqatX7V49s1N5PGd1IC;2;LE FIVE Carrières-sous-Poissy-ChIJ9T4fWfyL5kcRCBX-FyZLvEE LE FIVE Paris 18-ChIJpVT4_n1u5kcRzji6FdTBXXo
16/02/2024;19:00 20:00 21:00;qZuXL0bzdN07q4k5zbKy;2 3 4 6;UrbanSoccer - Quai d'Ivry-ChIJfXxYJ0xy5kcRw9xTkF6-FZQ LE FIVE Paris 13-ChIJ_bOSChhz5kcRZMTeq_6Gdzg
02/02/2024;19:30 20:30 21:30 22:30 23:30 23:00 22:00 21:00 20:00 19:00;qdARgDKshk9brI1M641u;1 2 3 4 5 6 7;LE FIVE Paris 13-ChIJ_bOSChhz5kcRZMTeq_6Gdzg
05/02/2024;14:00 14:30 15:00;qdX93VrBR27LhyZPn1QJ;7;UrbanSoccer - Porte d'Aubervilliers-ChIJ0dXjDCZs5kcRvX0EpMwxsUY
28/02/2024;9:00 10:00 9:30 10:30 11:00 11:30 12:00 12:30 13:00 13:30 14:00 14:30 15:00 15:30 16:00 17:00 18:00 19:00 20:00 21:00 22:00 23:00 23:30 22:30 21:30 20:30 19:30 18:30 17:30 16:30;qgBLFUkirFZAxlLvZQt5;7 6 5;LE FIVE Villette-ChIJTUFnQjps5kcR0pHITLTw1PI
04/02/2024;18:00 19:00 20:00 21:00 17:00 16:00;qgIxKXmg2A2WrpJ87NSB;7 6;LE FIVE OL-ChIJmz3whejH9EcR3j9ApNRukKE UrbanSoccer - Lyon Parilly-ChIJx3FQWjLC9EcRrrQb2eV7i_4 F5 Foot Five-ChIJjUbM5G7A9EcRW3mlkrhyXxY Stade Sonny anderson-ChIJhwWrIsjr9EcRXzfmLKL7YT4 Matmut Stadium-ChIJi0P7QIfp9EcRKVpdxZRYyWI We Are Sports-ChIJFZU5oBHC9EcRJTFrSkI1xxg
02/02/2024;11:00 11:30 12:00 12:30 13:00 13:30 14:00 14:30 15:00 15:30 16:00 16:30 17:00 17:30 18:00 19:00 20:00 18:30 19:30;qn6KiG9HsplbGLWI2BsY;7 6;UrbanSoccer - Porte d'Aubervilliers-ChIJ0dXjDCZs5kcRvX0EpMwxsUY UrbanSoccer La Défense-ChIJh4rnfVhk5kcRV2Q-ZKdm8vA
27/02/2024;0,583333333;qnvdpfHvi8umuFmBrIjp;7;OHSPORT-ChIJHeG9fA4X5kcRbGNzVY5Ud5I LE FIVE Montreuil-ChIJJdTQjr0T5kcRZmGxtIJVy44 LE FIVE Villette-ChIJTUFnQjps5kcR0pHITLTw1PI UrbanSoccer - Porte d'Aubervilliers-ChIJ0dXjDCZs5kcRvX0EpMwxsUY LE FIVE Paris 18-ChIJPVT4_n1u5kcRzji6FdTBXXo LE FIVE Paris 17-ChIJ7eI8sFNv5kcR5xy52Wc57NU
08/02/2024;13:00 14:00 15:00 13:30 14:30 15:30 16:00 16:30 17:00 17:30 18:00 18:30;qoqIlA8xGa3WddOfhCBM;2 3 4 5;Stadium Antibes-ChIJSSGxg-PUzRIRblID9ACQndc
05/02/2024;11:00 11:30 12:00 12:30 13:30 13:00 14:00 14:30 15:30 15:00 16:00 16:30 20:00 21:00 21:30 22:30 22:00 23:00 23:30;qotgV2tcYfOlqeUsWZ2O;1 2 3 4 5 6 7;LE FIVE Sarcelles-ChIJ6_q3Fxhq5kcRCpoEwnoXX1Q LE FIVE Marville - La Courneuve-ChIJ2dHdMZxr5kcR0aKYHYsp0pY
11/02/2024;0,75;qpCSed6JaVQDVFXRSiZQ;1 2 3 4 5 6 7;Massilia FIVE-ChIJxZ6UmMW-yRIR7ot5DChYj4w FOOT INDOOR Marseille-ChIJ41AMCxC8yRIRLHLGt11sc-U STADIUM FOOT 5 VILLAGE-ChIJbbOWFtC4yRIR0WXVerbWmnE
23/02/2024;19:00 19:30 20:30 20:00 21:00 22:30 22:00 21:30 23:00 23:30 18:30;qqjSxJcvVi2b7nr7piin;5 6;F5 Foot Five-ChIJjUbM5G7A9EcRW3mlkrhyXxY Villeurbanne United Football Club-ChIJF9cnUDDA9EcRinBKkXriiyU ASVEL Football - Stade des Iris-ChIJU-NPPUnA9EcR8XERYVec_90 Micro Site football-ChIJ_RZrqIjr9EcRq9_VA4qW15c Stade Séverine-ChIJ1W2Y3qnB9EcR6tf1r2nO1Ao As Algerienne Villeurbanne-ChIJDdu6cK7B9EcR7shl7g8aqK8 ASVEL FOOT (Siège ASVEL Omnisport)-ChIJd1XdKIHB9EcRCZcOBWSSrzU Café PMU Le Stadium-ChIJh2nbPDHA9EcRBAAjyj0al-M Stade Xavier Guillemet-ChIJ0dGO07zq9EcR2advRM7wDTM Stade Marie-Thérèse Eyquem-ChIJ25lTJ0LA9EcR-JOG9pxgLgc Stade enna-ChIJrcKJEMjB9EcRRWK8TEjX3eE Stade Jules Guesdes-ChIJ6Y-oIqzB9EcRA-0_IjLe6xQ Luso Sport-ChIJb-4KBMzB9EcRPaqLXPGxSqo Avenir.Football.Club-ChIJP1zo4x7r9EcRosH39qlVqH0 Rhône Sportif Football de Table-ChIJX__3Gs3B9EcRWyqZvcc7UeE LE FIVE OL-ChIJmz3whejH9EcR3j9ApNRukKE Les Falcons de Villeurbanne-ChIJbSzzvXfB9EcRNaCkAohQXr4 Astroballe-ChIJl8DKvlHA9EcR64ZFnXmGpVc INSA bas-ChIJ38D-Ah7A9EcRRVYpavkXTow Stade de la Viabert-ChIJe_DA8DDA9EcRQWNao6JDbEI
19/03/2024;12:00 13:00 14:00 15:00 16:00 17:00 18:00 19:00 20:00 21:00;qr94QLOSaxdZlx8A0uU5;6 7 2 5;UrbanSoccer - Marne-La-Vallée-ChIJ6bDBiosP5kcROXiloHzSdhc LE PARK Noisy-ChIJdUHbID8O5kcRV5lQhiHTvhs LE FIVE Champigny-ChIJsXi1PLYN5kcRTVVDuczgS2s Top Ten-ChIJfXprBx4b5kcRmhe-5pLZUek
14/03/2024;0,791666667;qrsPU30X6MExKRcgxJWI;1 2 3 4 7;LE FIVE Paris 18-ChIJPVT4_n1u5kcRzji6FdTBXXo UrbanSoccer - Porte d'Aubervilliers-ChIJ0dXjDCZs5kcRvX0EpMwxsUY LE FIVE Villette-ChIJTUFnQjps5kcR0pHITLTw1PI
02/02/2024;19:00 20:00 19:30 20:30 21:00;qyPc2zhuBkTfX2yjPlIH;1 2 3 4 5 6 7;Z5 Aix-ChIJKb-U_9KSyRIRKIFKbH5mW18 LE FIVE VITROLLES-ChIJi4A-IrHoyRIRunoYLEGNeYI Monclub Futbol-ChIJGbxxaamUyRIRgGvhHnhJStA
02/03/2024;18:00 19:00 20:00 17:00;r7P1pIy8wUU6onUxPQZy;1 2 3 4 5 6 7;LE FIVE Champigny-ChIJsXi1PLYN5kcRTVVDuczgS2s LE PARK Noisy-ChIJdUHbID8O5kcRV5lQhiHTvhs LE FIVE Montreuil-ChIJJdTQjr0T5kcRZmGxtIJVy44 LE FIVE Créteil-ChIJ88lx3VwL5kcRVxCh4lD6_Gk
23/02/2024;17:00 18:00 19:00 20:00 21:00 22:00 23:00 17:30 18:30 19:30 21:30 20:30 22:30 23:30 16:00 15:00 16:30 15:30 14:30 14:00 13:00 13:30 12:30 12:00 11:00 11:30 10:00 10:30 9:00 9:30;r84oxAgg4L4JxOdJHX8C;7 6 5 4 3 2 1;GFC Foot Indoor Mulhouse-ChIJofRGnUSbkUcRzYQUtJAexeE LE FIVE Saint-Louis - Bâle-ChIJa9Anja27kUcRNXt6NgUDdmY LE FIVE Mulhouse-ChIJ-eyETc2ckUcRBWEN6LGV_u0
09/03/2024;16:00 17:00 18:00 19:00 20:00;rC2mxYJSPmT1sUWFCrZy;2 3 7 6;LE FIVE Montreuil-ChIJJdTQjr0T5kcRZmGxtIJVy44 LE FIVE Bobigny-ChIJV8UONORs5kcRXxR5Qd7x130 UrbanSoccer - Quai d'Ivry-ChIJfXxYJ0xy5kcRw9xTkF6-FZQ UrbanSoccer - Porte d'Aubervilliers-ChIJ0dXjDCZs5kcRvX0EpMwxsUY
19/03/2024;0,8125;rL5jfk783ULS6fb34e4F;1 2 4 5 3 6 7;LE FIVE Paris 13-ChIJ_bOSChhz5kcRZMTeq_6Gdzg LE FIVE Paris 18-ChIJPVT4_n1u5kcRzji6FdTBXXo LE FIVE Paris 17-ChIJ7eI8sFNv5kcR5xy52Wc57NU UrbanSoccer - Porte d'Aubervilliers-ChIJ0dXjDCZs5kcRvX0EpMwxsUY LE FIVE Villette-ChIJTUFnQjps5kcR0pHITLTw1PI LE FIVE Bobigny-ChIJV8UONORs5kcRXxR5Qd7x130 UrbanSoccer - Quai d'Ivry-ChIJfXxYJ0xy5kcRw9xTkF6-FZQ UrbanSoccer - Asnières-ChIJi5LkLT9v5kcRSlhScqEFNWs LE FIVE Montreuil-ChIJJdTQjr0T5kcRZmGxtIJVy44 LE FIVE Marville - La Courneuve-ChIJ2dHdMZxr5kcR0aKYHYsp0pY
09/03/2024;19:30 20:00 20:30 21:00;rOFtkDoCTtRd1oyXQVDd;1;UrbanSoccer - Porte d'Aubervilliers-ChIJ0dXjDCZs5kcRvX0EpMwxsUY LE FIVE Paris 18-ChIJPVT4_n1u5kcRzji6FdTBXXo
24/02/2024;13:00 12:30 13:30 14:00 14:30 15:00 15:30 12:00 11:00 11:30 10:00 10:30;rQtlOau4NtLU5w5yyAkp;7;LE FIVE Paris 13-ChIJ_bOSChhz5kcRZMTeq_6Gdzg UrbanSoccer - Quai d'Ivry-ChIJfXxYJ0xy5kcRw9xTkF6-FZQ
24/02/2024;13:00 16:00 18:30 19:00 15:30 21:00 21:30 20:30 20:00 16:30 17:00 17:30 18:00 19:30 15:00 14:30 14:00 13:30 12:30 12:00 11:30 11:00 10:30 9:30 10:00 9:00;rSfP1lcWCgnGkr77OV16;1 2 3 4 5 6 7;LE FIVE La Rochelle-ChIJAYcXu5xNAUgRiFOwJiUbggQ
03/02/2024;11:00 12:00 13:00 14:00 15:00 16:00 17:00 18:00 19:00 20:00 21:00;rWNeKFCPL6M6meHan7YD;6 7;UrbanSoccer - Saint Etienne-ChIJ6xFIgPWr9UcRxo6t2gZwcZM Loirefootball-ChIJjWRMe2at9UcRRVdE4OEaY7A District de Loire de Football-ChIJ1dFAe2Gs9UcRBsdqn2mEWpI Foot Club Des Bords de Loire-ChIJq0WT9IZM9EcReyLkSGAxn_Y Stade de foot-ChIJ88AyVeRL9EcRH7HQGVctvW8 Stade De Football Mario Ferrante-ChIJu1qljre79UcR4P5R_e1KTuo PLCQ Futsal Club-ChIJ0dDw_Eaw9UcRF-nGZIvmR6Q Stade du Berry-ChIJQ6PueUkB9UcRyzJpkQ5qAJk
02/03/2024;18:30 19:00 19:30 20:00 20:30 21:00 21:30 10:00 10:30 11:00 11:30 12:00 12:30 13:00 13:30 14:00 14:30 15:00 15:30 16:00 16:30 17:00 17:30 18:00;rXQTpx1KQ5ePUH8EtZNJ;6 7 5;LE PARK Noisy-ChIJdUHbID8O5kcRV5lQhiHTvhs UrbanSoccer - Marne-La-Vallée-ChIJ6bDBiosP5kcROXiloHzSdhc LE FIVE Marville - La Courneuve-ChIJ2dHdMZxr5kcR0aKYHYsp0pY
28/02/2024;18:30 19:00 19:30 20:00 20:30 21:00 21:30 22:00 22:30 23:00 23:30;rZ2gYI17Q13z9w9a8zKw;1 2 3 4 5 6 7;LE FIVE Bezons-ChIJ71Mv0Wpk5kcRg-H9x7L-dXo UrbanSoccer La Défense-ChIJh4rnfVhk5kcRV2Q-ZKdm8vA Foot-Max Argenteuil-ChIJi9oIzaRm5kcRJYcK7QsdRMU
14/02/2024;9:00 23:30 22:30 20:30 19:30 18:30 21:30 17:30 15:30 13:30 12:30 10:30 9:30 11:30 14:30 16:30 16:00 15:00 14:00 13:00 12:00 11:00 10:00 17:00 19:00 18:00 21:00 22:00 20:00 23:00;rgTpzBMUJXPYdMLf3Mb4;1 2 3 4 5 6 7;UrbanSoccer Meudon-ChIJ0WKvjbh75kcRoqSmyWwW2jQ
16/02/2024;10:00 15:00 16:00 17:00 18:00 19:00 20:00 21:00;riQTQc5oQOGWKw0zQiOI;2 7 1;UrbanSoccer - Villeneuve Loubet-ChIJVVVVEU3TzRIRX9_gbFDSBj0 By foot-ChIJYz1iXyDOzRIRSLYYLDIpmsc
06/02/2024;19:00 19:30 20:00 20:30 21:00 21:30;rjUwXrapzixe0zj1S8No;2;UrbanSoccer - Asnières-ChIJi5LkLT9v5kcRSlhScqEFNWs
10/02/2024;9:00 9:30 10:00 10:30 11:00 11:30 12:00 13:30 13:00 12:30 14:00 14:30 15:00 15:30 16:00 16:30 17:00 17:30 18:30 19:30 18:00 20:30 19:00 20:00 21:00 21:30;rkZqZJTBCmz32hekYEOI;6;UrbanSoccer - Quai d'Ivry-ChIJfXxYJ0xy5kcRw9xTkF6-FZQ
03/02/2024;9:30 10:30 10:00;rmu4AmEAH5Kvz2nDWVNa;7;UrbanSoccer - Lyon Parilly-ChIJx3FQWjLC9EcRrrQb2eV7i_4 AS SAINT PRIEST FOOTBALL-ChIJ0zoEso_D9EcRpsUHlIjYdcA Stade Jean Bouin-ChIJ7xeGzBno9EcRsYOLr0JYNuY Entente Sportive Saint-Priest-ChIJz-TMr2_E9EcRRUz_3vDdK4Q
12/03/2024;9:00 9:30 10:00 10:30 11:30 11:00 12:30 12:00 13:30 13:00 14:30 14:00 15:30 15:00 16:30 16:00 17:30 17:00 18:30 18:00 19:30 19:00 20:30 20:00 21:30 21:00 22:30 22:00 23:30 23:00;rwqvXjoNkgEuH3a00wAT;1 2;LE FIVE Paris 18-ChIJPVT4_n1u5kcRzji6FdTBXXo
03/03/2024;18:00 19:00 20:00 21:00;rxTnwqp9keVAh6Z7142m;1 2 3 4 5 6 7;Le 13 - Foot en salle - Marseille-ChIJR62kUm_ByRIRDnGQqGCeUVQ Massilia Foot Indoor 2-ChIJxZ6UmMW-yRIRfYNGGPPJfIU STADIUM FOOT 5 VILLAGE-ChIJbbOWFtC4yRIR0WXVerbWmnE Le Mercato FOOT INDOOR-ChIJzRK7HJy_yRIRqEreyEiAfC0 Massilia Five-ChIJxZ6UmMW-yRIR7ot5DChYj4w MONCLUB 2.0-ChIJv9owGLm-yRIRfuDnd3G6nR4 FOOT INDOOR Marseille-ChIJ41AMCxC8yRIRLHLGt11sc-U Evolution Football-ChIJX0YulIi8yRIRnGh62u3UXTQ Game 13 foot indoor-ChIJNSDvlsXryRIRUXao9hwB79I Le B3 Soccer-ChIJa69uraDryRIRRlY7a07cUqU Monclub Futbol-ChIJGbxxaamUyRIRgGvhHnhJStA
07/02/2024;18:00 18:30 19:00 19:30 20:00;s2A4AABQfkhnpvd8zxZs;1 2 3 4 5;UrbanSoccer - Lyon Parilly-ChIJx3FQWjLC9EcRrrQb2eV7i_4 Stade Sonny anderson-ChIJhwWrIsjr9EcRXzfmLKL7YT4 F5 Foot Five-ChIJjUbM5G7A9EcRW3mlkrhyXxY Football Club de Gerland-ChIJh08LwjHq9EcRi8fzu5Z3cBQ UrbanSoccer - Lyon Barolles-ChIJN4l-IC3v9EcRf9QJKIVC_aY City Stade-ChIJYQxyCtDB9EcRXYqfcynnEnI We Are Sports-ChIJFZU5oBHC9EcRJTFrSkI1xxg
24/02/2024;22:00 21:30 21:00 20:30 20:00 19:00 19:30 18:30 18:00 17:30 22:30 23:00 23:30;s2MGsV0K7eSgMqE8KMx4;1 2 3 4 5;B14 - Sports et Loisirs Indoor-ChIJaeLKMYXe5UcRHyWJ8X8FaPA UrbanSoccer Evry-ChIJW0Ut1G7e5UcRt621n2fRQ5M LE FIVE Morangis-ChIJA4uAhOXZ5UcRp-vZXZP-ovY Stadium Thiais-ChIJ64X9jzx05kcRsHvSfOv6UcA UrbanSoccer Orsay-ChIJpZIJg7J45kcRrKWKhtbfnEQ VERSUSFOOT Thiais-ChIJn2R2NT905kcRjqB29qldBxk
21/02/2024;0,854166667;s4R3UmnYaSLKmzjiYOqA;5 6 7;LE FIVE Paris 13-ChIJ_bOSChhz5kcRZMTeq_6Gdzg LE FIVE Paris 18-ChIJPVT4_n1u5kcRzji6FdTBXXo UrbanSoccer - Quai d'Ivry-ChIJfXxYJ0xy5kcRw9xTkF6-FZQ LE FIVE Montreuil-ChIJJdTQjr0T5kcRZmGxtIJVy44
28/02/2024;15:00 16:00 15:30 16:30 17:30 17:00 14:00 14:30;s968l1oSz9CRcGPCMKFr;6 7;UrbanSoccer - Puteaux-ChIJM_sC0-Nk5kcRhL1y_EFIje8
29/02/2024;18:30 19:00 19:30;sAtX0DGTT3gOCL4K3INy;1;LE FIVE Paris 13-ChIJ_bOSChhz5kcRZMTeq_6Gdzg UrbanSoccer - Quai d'Ivry-ChIJfXxYJ0xy5kcRw9xTkF6-FZQ
21/02/2024;18:00 18:30 19:00 19:30;sEYGqsNLLRGreFCpZisH;7 6 5 4 3 2 1;LE FIVE Paris 18-ChIJPVT4_n1u5kcRzji6FdTBXXo LE FIVE Paris 17-ChIJ7eI8sFNv5kcR5xy52Wc57NU
06/03/2024;10:00 11:00 12:00 13:00 10:30 11:30 12:30 13:30 9:30 9:00 14:00;sFFSJXbcNGg37EWNYnwN;3 4 5;UrbanSoccer - Quai d'Ivry-ChIJfXxYJ0xy5kcRw9xTkF6-FZQ LE FIVE Paris 13-ChIJ_bOSChhz5kcRZMTeq_6Gdzg
02/03/2024;15:00 16:00 17:00 18:00 19:00 20:00 21:00 22:00 23:00 23:30 22:30 21:30 20:30 19:30 18:30 17:30 15:30 16:30;sGwkP1cfQrJ8siYLuiMt;6 7 5 4 3 2 1;UrbanSoccer - Clermont Aubière-ChIJ96RKNVAc90cRD9SqpCA54CA CLERMONT FIVE - with Clermont Foot 63-ChIJha9mGXof90cRZOniE8FyLGo
26/02/2024;9:00 9:30 10:00 10:30;sM1PcHjpOS6ygwvPH08R;7;Spot FUTSAL-ChIJwdUawmfVwkcRaNLo_CmNii0 UrbanSoccer - Lille Lezennes-ChIJR3ro5nTWwkcRfM_S3Be9HjI Footsal-ChIJa7HS298pw0cRMoVDj0XqVdI Footsal Cousinerie-ChIJXQyb1d8pw0cRLO_Ed5xHTIQ UrbanSoccer - Lille Bondues-ChIJ58ZerMgrw0cR2Jyp7tZjBn4 KIPSTADIUM-ChIJydcoT88ow0cRLnHvlF-Z_jE Arena Club-ChIJeWJWRjYvw0cRbnJR4ZXAKMA
13/03/2024;9:00 9:30 10:00 10:30 11:00 12:00 11:30 12:30 13:30 13:00 14:00 14:30 15:00 15:30 16:00 16:30 17:00 17:30 18:30 18:00 19:00 19:30 20:30 20:00 21:00 21:30 22:00 22:30 23:30 23:00;sM3GN3FdZReEXePum4Bk;1 2 3 4 5 6 7;LE FIVE Paris 18-ChIJPVT4_n1u5kcRzji6FdTBXXo UrbanSoccer - Porte d'Aubervilliers-ChIJ0dXjDCZs5kcRvX0EpMwxsUY LE FIVE Villette-ChIJTUFnQjps5kcR0pHITLTw1PI LE FIVE Paris 17-ChIJ7eI8sFNv5kcR5xy52Wc57NU
28/02/2024;9:00 9:30 10:00 10:30 11:00 11:30 12:00 12:30 13:00 13:30 14:00 14:30 15:00 15:30 16:00 16:30 17:00 17:30 18:00 18:30 19:00 19:30 20:00 20:30 21:00 21:30 22:00 22:30 23:00 23:30;sP2Xlw7aiaTvPcN3o1hd;1 2 3 4 5 6 7;UrbanSoccer Orsay-ChIJpZIJg7J45kcRrKWKhtbfnEQ B14 - Sports et Loisirs Indoor-ChIJaeLKMYXe5UcRHyWJ8X8FaPA UrbanSoccer Evry-ChIJW0Ut1G7e5UcRt621n2fRQ5M Le CR5-ChIJnVE47IHn5UcRr5XRwCaPE38
02/03/2024;10:00 11:30;sRHcRDSNSUByXCtRM7CI;7;UrbanSoccer - Quai d'Ivry-ChIJfXxYJ0xy5kcRw9xTkF6-FZQ
02/02/2024;17:00 17:30 18:00 18:30 19:00 19:30 20:00 20:30 21:00 21:30;sTyIr6VuHocw7Qk7RV32;1 2 3 4 5 6 7;LE FIVE Villette-ChIJTUFnQjps5kcR0pHITLTw1PI UrbanSoccer - Porte d'Aubervilliers-ChIJ0dXjDCZs5kcRvX0EpMwxsUY LE FIVE Paris 18-ChIJPVT4_n1u5kcRzji6FdTBXXo LE FIVE Marville - La Courneuve-ChIJ2dHdMZxr5kcR0aKYHYsp0pY
23/02/2024;21:30 22:00 22:30;sWmf4gFx2GVDbeul3NBQ;4;UrbanSoccer - Marne-La-Vallée-ChIJ6bDBiosP5kcROXiloHzSdhc
28/02/2024;20:00 20:30 21:00 21:30 22:00 22:30 23:30 23:00 9:00 9:30 10:00 10:30 11:00 11:30;sZdMWxE8YjYQP8Wvo8Wc;6 7;LE FIVE Paris 17-ChIJ7eI8sFNv5kcR5xy52Wc57NU
21/02/2024;0,479166667;saSrEyyz7NKD9DZ3E36T;6;Stade de foot Pompadour-ChIJZWcRAWN15kcR0aRSqeWgmaI
17/03/2024;19:00 21:30;sbXnu4bLnGlFNapRjxiy;1 2 3 4 5 6 7;LE FIVE Paris 18-ChIJPVT4_n1u5kcRzji6FdTBXXo LE FIVE Paris 17-ChIJ7eI8sFNv5kcR5xy52Wc57NU UrbanSoccer - Porte d'Aubervilliers-ChIJ0dXjDCZs5kcRvX0EpMwxsUY LE FIVE Villette-ChIJTUFnQjps5kcR0pHITLTw1PI LE FIVE Bobigny-ChIJV8UONORs5kcRXxR5Qd7x130 LE FIVE Paris 13-ChIJ_bOSChhz5kcRZMTeq_6Gdzg
20/03/2024;0,895833333;scWrt61dp697ep4mPPOO;2 3;LE FIVE Carrières-sous-Poissy-ChIJ9T4fWfyL5kcRCBX-FyZLvEE Kaiser Park-ChIJsRLZzKFg5kcRBCfNws9nssw
20/03/2024;17:00 22:30 23:00 23:30 22:00 16:30 17:30;sdEXXfTty1i4iqx1pUWC;1 2 3 4 5 6 7;LE FIVE Paris 17-ChIJ7eI8sFNv5kcR5xy52Wc57NU UrbanSoccer - Asnières-ChIJi5LkLT9v5kcRSlhScqEFNWs LE FIVE Paris 18-ChIJPVT4_n1u5kcRzji6FdTBXXo
27/02/2024;0,833333333;siazqt17ebAvCI3C2cgL;3;UrbanSoccer - Puteaux-ChIJM_sC0-Nk5kcRhL1y_EFIje8
08/03/2024;22:00 21:30 22:30 23:00 23:30;sj68wQzmelAP29m4uBPp;5;UrbanSoccer - Puteaux-ChIJM_sC0-Nk5kcRhL1y_EFIje8 UrbanSoccer La Défense-ChIJh4rnfVhk5kcRV2Q-ZKdm8vA LE FIVE Bezons-ChIJ71Mv0Wpk5kcRg-H9x7L-dXo UrbanSoccer Meudon-ChIJ0WKvjbh75kcRoqSmyWwW2jQ UrbanSoccer - Asnières-ChIJi5LkLT9v5kcRSlhScqEFNWs Foot-Max Argenteuil-ChIJi9oIzaRm5kcRJYcK7QsdRMU FOOT IN FIVE-ChIJoUR0syFp5kcRUlStnwluaYY UrbanSoccer Guyancourt-ChIJmdX-2c-A5kcRj1wtOS8rZmo UrbanSoccer - Quai d'Ivry-ChIJfXxYJ0xy5kcRw9xTkF6-FZQ Speed Soccer Five-ChIJ2xTNglV25kcR3UDi4AXGfDU
03/03/2024;19:00 19:30 20:00 20:30 21:00;sqZYeZHlRaaRluBLWYYD;1 2 3 4 5 6 7;OHSPORT-ChIJHeG9fA4X5kcRbGNzVY5Ud5I
02/03/2024;0,875;srEX4nPxbTMowKNvDw4d;7;Cité des Sports-ChIJ70UPf6R75kcRGb3NAV9k7Ww
08/03/2024;11:00 12:00 13:00 14:00 15:00 12:30 11:30 13:30 14:30 15:30 16:30 17:30 16:00 17:00 18:00 18:30 19:30 19:00 20:00 21:00 20:30;syFadBJdQBlsUnAwj1bI;1 2 3 4 5 6 7;UrbanSoccer - Bordeaux Mérignac-ChIJxWBxmALaVA0Rop0OWS3Q3fY GINGA Foot Mérignac-ChIJyfJZiyPaVA0RlY6_mDcql7U UrbanSoccer Bordeaux-Pessac-ChIJTZ1wTCnZVA0Ra5hHoMEPn3I
07/02/2024;12:00 12:30 16:00 16:30 17:00 17:30 18:00 18:30 19:00 19:30 20:00 20:30 21:00 21:30 22:00 22:30 23:00 23:30;t98Y8I6mSq7MtHAxcjQc;3 4 5 6 7;Halle Georges Carpentier-ChIJnXkSwCty5kcR-nlHXNFQlg4
10/02/2024;18:00 18:30 19:00 19:30 20:00 20:30 21:00 21:30;tCoIle5NTHkouPX0Zoka;6;Classico Foot-ChIJFV442oCxrhIRgsZy5aIbkNs
09/02/2024;20:30 21:30 22:30 23:30 20:00 21:00 22:00 23:00;tFF2yT9KezWMOmWAJiqQ;1 2 3 4 5 7 6;LE FIVE Sarcelles-ChIJ6_q3Fxhq5kcRCpoEwnoXX1Q BIG5-ChIJsb_7TJFp5kcRSPL5VqZulr4 FOOT IN FIVE-ChIJoUR0syFp5kcRUlStnwluaYY
02/02/2024;21:00 20:30;tMaK0ElxFgxLFlNdh3JF;1 2 3 4 5;LE FIVE Paris 17-ChIJ7eI8sFNv5kcR5xy52Wc57NU
11/02/2024;18:00 18:30 19:30 19:00 20:00 20:30 21:00 21:30 22:00 22:30;tOpSBaxAvREjFtsWtwgi;1 2 3 4 5 6 7;LE FIVE Paris 18-ChIJPVT4_n1u5kcRzji6FdTBXXo LE FIVE Paris 17-ChIJ7eI8sFNv5kcR5xy52Wc57NU UrbanSoccer - Porte d'Aubervilliers-ChIJ0dXjDCZs5kcRvX0EpMwxsUY
08/02/2024;19:00 20:00 21:00 22:00 19:30 20:30 21:30 22:30;tPM7Rl3xI8jIefUM35Oc;1 2 3 4 5;Footsal Cousinerie-ChIJXQyb1d8pw0cRLO_Ed5xHTIQ UrbanSoccer - Lille Lezennes-ChIJR3ro5nTWwkcRfM_S3Be9HjI Spot FUTSAL-ChIJwdUawmfVwkcRaNLo_CmNii0 Villeneuve d'Ascq Football-ChIJ32K5BrXXwkcRa4xGjYXqTz4 Futsal Ascq-ChIJD183MMfXwkcReSSEmdLMFEc
20/03/2024;19:30 20:30 21:30 18:30 17:30 22:30 23:30 23:00 22:00 21:00 20:00 19:00 18:00 17:00;tWgezdh8xp0zJEC6Mum1;5 6;Foot POWER 5-ChIJuTCIFshm5kcRBtEQJ76dAzc Foot-Max Argenteuil-ChIJi9oIzaRm5kcRJYcK7QsdRMU LE FIVE Bezons-ChIJ71Mv0Wpk5kcRg-H9x7L-dXo UrbanSoccer La Défense-ChIJh4rnfVhk5kcRV2Q-ZKdm8vA
18/02/2024;10:00 12:00 13:00 14:00 11:00 15:00 16:00;ta17ZUvJAMEixpFypOLT;7;Le Street Foot en Salle-ChIJt_AXL6Jg5kcRu6rBmnrmeUM
09/03/2024;18:00 18:30 19:00 19:30 20:00 20:30 17:00 17:30 21:00;tkXLX3aRAEZiKsaUbZOF;1 2 3 4 5 6 7;LE FIVE Champigny-ChIJsXi1PLYN5kcRTVVDuczgS2s LE FIVE Créteil-ChIJ88lx3VwL5kcRVxCh4lD6_Gk LE FIVE Montreuil-ChIJJdTQjr0T5kcRZmGxtIJVy44 LE PARK Servon-ChIJMU8gErUJ5kcRSnpvacKwFtM Stadium Thiais-ChIJ64X9jzx05kcRsHvSfOv6UcA
28/02/2024;23:30 23:00 22:30 22:00 21:30 20:00 20:30 21:00 19:30 19:00 18:30 18:00 17:30 17:00 16:30 16:00 15:30 15:00 14:00 13:00 13:30 14:30 12:30 12:00 11:30 11:00 10:30 10:00 9:30 9:00;tpyareELeOkEhD6fHqZ6;7 6 5 4 3 2 1;LE FIVE Montreuil-ChIJJdTQjr0T5kcRZmGxtIJVy44 LE FIVE Créteil-ChIJ88lx3VwL5kcRVxCh4lD6_Gk LE FIVE Champigny-ChIJsXi1PLYN5kcRTVVDuczgS2s LE FIVE Bezons-ChIJ71Mv0Wpk5kcRg-H9x7L-dXo VERSUSFOOT Thiais-ChIJn2R2NT905kcRjqB29qldBxk UrbanSoccer Meudon-ChIJ0WKvjbh75kcRoqSmyWwW2jQ Stadium Thiais-ChIJ64X9jzx05kcRsHvSfOv6UcA FOOT IN FIVE-ChIJoUR0syFp5kcRUlStnwluaYY UrbanSoccer La Défense-ChIJh4rnfVhk5kcRV2Q-ZKdm8vA Élite 5 Soccer-ChIJ5-jfdlZk5kcRYIaELgvikaM UrbanSoccer - Puteaux-ChIJM_sC0-Nk5kcRhL1y_EFIje8 LE FIVE Marville - La Courneuve-ChIJ2dHdMZxr5kcR0aKYHYsp0pY UrbanSoccer - Asnières-ChIJi5LkLT9v5kcRSlhScqEFNWs LE FIVE Bobigny-ChIJV8UONORs5kcRXxR5Qd7x130 LE FIVE Villette-ChIJTUFnQjps5kcR0pHITLTw1PI LE FIVE Paris 17-ChIJ7eI8sFNv5kcR5xy52Wc57NU UrbanSoccer - Quai d'Ivry-ChIJfXxYJ0xy5kcRw9xTkF6-FZQ LE FIVE Paris 18-ChIJPVT4_n1u5kcRzji6FdTBXXo LE FIVE Paris 13-ChIJ_bOSChhz5kcRZMTeq_6Gdzg UrbanSoccer - Porte d'Aubervilliers-ChIJ0dXjDCZs5kcRvX0EpMwxsUY
15/03/2024;0,708333333;tsZPZDTCL6qNVvL1Qr3H;6 3;LE FIVE Bobigny-ChIJV8UONORs5kcRXxR5Qd7x130
01/03/2024;16:30 17:00;tsvya7GcBiA60iPDD7rY;6;GOPARK Pontoise-ChIJ2cJmdhf15kcRQ4mUOxIVzd0
17/03/2024;20:00 20:30 21:00;txJJSfixO4z9BLHbF94r;4 3;LE FIVE Paris 13-ChIJ_bOSChhz5kcRZMTeq_6Gdzg LE FIVE Paris 18-ChIJPVT4_n1u5kcRzji6FdTBXXo UrbanSoccer - Puteaux-ChIJM_sC0-Nk5kcRhL1y_EFIje8 UrbanSoccer La Défense-ChIJh4rnfVhk5kcRV2Q-ZKdm8vA
24/02/2024;0,5;tytmgTW2ijgczhNELdPR;6;LE FIVE Paris 17-ChIJ7eI8sFNv5kcR5xy52Wc57NU
14/03/2024;15:00 21:00 19:00;u0i51iYmgY8k5oyz8ctw;5 6 7;F5 Foot Five-ChIJjUbM5G7A9EcRW3mlkrhyXxY Stade de Football-ChIJdfUv_mvB9EcRwfpy60MC_HU
15/02/2024;0,375;u1IqXbtffkeGqhfSZt8L;2 3 4 5 1;UrbanSoccer - Puteaux-ChIJM_sC0-Nk5kcRhL1y_EFIje8
02/03/2024;0,4375;u3qtuaYJxZGZlfv6yzjK;7;Stadium Thiais-ChIJ64X9jzx05kcRsHvSfOv6UcA
05/03/2024;17:00 17:30 18:00 18:30 19:00 19:30 20:00 20:30 21:00 21:30 22:00 22:30;u3zW4ye5FyYEQreByipb;1 5 2 3 4 7 6;UrbanSoccer - Quai d'Ivry-ChIJfXxYJ0xy5kcRw9xTkF6-FZQ LE FIVE Paris 13-ChIJ_bOSChhz5kcRZMTeq_6Gdzg
02/03/2024;0,833333333;u51GkKhUwXN3D3bDT44L;6;LE FIVE Bezons-ChIJ71Mv0Wpk5kcRg-H9x7L-dXo
09/03/2024;12:00 12:30 13:00 13:30 14:00 14:30 9:00 10:00 11:00 10:30 11:30 9:30 15:30 15:00 16:00 16:30 17:00 18:00 18:30 17:30 19:30 19:00 20:00 20:30 21:30 21:00 22:30 22:00 23:00 23:30;u7PZRWUh8J7RgQzsiIzH;6 5 7 4 3 2 1;Football Club de Creil-ChIJfxEOA_VJ5kcR5m4fkCothjc S-FIVE5-ChIJqzie9xRL5kcRyg89AlwL55E All 5 pizza-ChIJWUJUpg9L5kcRYbvSCeEX4ts FOOTMAX-ChIJJazitpdJ5kcRIN9wK_jwKUY Stade Vélodrome Roger Salengro-ChIJycDCCLFJ5kcR8eQRPWjs018 LE FIVE Champigny-ChIJsXi1PLYN5kcRTVVDuczgS2s
01/03/2024;0,791666667;u7tOGBiywibNswPjWIat;5;Stadium Thiais-ChIJ64X9jzx05kcRsHvSfOv6UcA
08/03/2024;9:00 9:30 10:00 10:30 11:00 11:30 12:00 12:30 13:00 13:30 14:00 14:30 15:00 15:30 16:00 16:30 17:00 17:30 18:00 18:30 19:00 19:30 20:00 20:30 21:00 21:30 22:00 22:30 23:00 23:30;uB1pApBt3tQz0orCLVob;1 2 3 4 5 6 7;Insport Montpellier - Près d'arènes-ChIJJWIca-qvthIRHxcGJpAq4kA UrbanSoccer - Montpellier-ChIJVXFMq4ylthIRtrZPBHOMTAc
04/03/2024;18:30 19:00 19:30 20:00;uBgwB9UZVE5CHDH6aCGt;2;UrbanSoccer - Toulouse Sept Deniers-ChIJk5nUBdOkrhIRP-1aUJzo-lA
09/03/2024;20:00 20:30 21:00 21:30 22:00 22:30 23:00 19:30 19:00 23:30 16:30 17:00 17:30 18:00 18:30 16:00;uCIgvctY1Ciae4p1wJ5t;5 6 7 4;LE FIVE Morangis-ChIJA4uAhOXZ5UcRp-vZXZP-ovY Speed Soccer Five-ChIJ2xTNglV25kcR3UDi4AXGfDU UrbanSoccer Orsay-ChIJpZIJg7J45kcRrKWKhtbfnEQ Stadium Thiais-ChIJ64X9jzx05kcRsHvSfOv6UcA
17/03/2024;21:30 22:00;uEn6Rub1JuTs6FWelWGW;5 6;F5 Foot Five-ChIJjUbM5G7A9EcRW3mlkrhyXxY
16/03/2024;0,75;uEttXVoP8C0dnP5rwzui;6;LE FIVE Paris 18-ChIJPVT4_n1u5kcRzji6FdTBXXo
12/03/2024;9:00 23:30 11:00 10:00 9:30 10:30 11:30 12:30 12:00 13:30 13:00 15:30 17:30 14:00 15:00 14:30 16:30 16:00 17:00 18:30 19:30 19:00 18:00 20:00 20:30 21:00 21:30 22:00 22:30 23:00;uFb7mFMKvK9sAhTF8RHs;1 2 3 4 5 6 7;UrbanSoccer Orsay-ChIJpZIJg7J45kcRrKWKhtbfnEQ
03/02/2024;0,458333333;uFy8iT3NDKrr1TuSYXGo;7;Stadium Thiais-ChIJ64X9jzx05kcRsHvSfOv6UcA
22/02/2024;19:00 19:30 20:00 20:30 21:00;uGnxOX3l7BbXNufILY3d;1 2 3 4 5 6 7;LE FIVE Paris 18-ChIJPVT4_n1u5kcRzji6FdTBXXo LE FIVE Paris 17-ChIJ7eI8sFNv5kcR5xy52Wc57NU UrbanSoccer - Porte d'Aubervilliers-ChIJ0dXjDCZs5kcRvX0EpMwxsUY UrbanSoccer - Asnières-ChIJi5LkLT9v5kcRSlhScqEFNWs UrbanSoccer - Puteaux-ChIJM_sC0-Nk5kcRhL1y_EFIje8 Élite 5 Soccer-ChIJ5-jfdlZk5kcRYIaELgvikaM UrbanSoccer La Défense-ChIJh4rnfVhk5kcRV2Q-ZKdm8vA
25/02/2024;17:00 20:30 17:30 18:30 18:00 19:30 19:00 20:00;uGzCy6AnLT271YcxJsUV;1 2 3 4 5;Olive et Tom Foot-ChIJM91frs_gyRIR0DmRNXYM0hc LE FIVE Vitrolles-ChIJi4A-IrHoyRIRunoYLEGNeYI Mondial Soccer Martigues-ChIJxSxBZ0rmyRIRD43lI6mPqdE Z5 Istres-ChIJg2T7dqcdthIRsQBEO9wiews Z5 Aix-ChIJKb-U_9KSyRIRKIFKbH5mW18 Monclub Futbol-ChIJGbxxaamUyRIRgGvhHnhJStA Game 13 foot indoor-ChIJNSDvlsXryRIRUXao9hwB79I
06/02/2024;18:00 18:30 19:00 19:30 20:00 21:00 21:30 20:30;uH8O1WYqP3Tv8mw7R7Jk;4;LE FIVE OL-ChIJmz3whejH9EcR3j9ApNRukKE
03/03/2024;9:00 10:00 10:30 9:30 11:30 11:00 12:00 12:30 13:30 15:00 14:00 13:00 14:30 15:30 16:30 16:00 17:30 23:30 22:30 21:30 20:30 19:30 18:30 17:00 18:00 19:00 20:00 21:00 22:00 23:00;uKZ1xKyJ8laTITxjy7cU;1 2 3 4 5 6 7;Firefoot-ChIJ0zSROfj15kcR4l0wrCcYPMk GOPARK Pontoise-ChIJ2cJmdhf15kcRQ4mUOxIVzd0 Kaiser Park-ChIJsRLZzKFg5kcRBCfNws9nssw Le Street Foot en Salle-ChIJt_AXL6Jg5kcRu6rBmnrmeUM Foot POWER 5-ChIJuTCIFshm5kcRBtEQJ76dAzc Padel Football Club-ChIJ62K5YQBh5kcRiSit3ITdkqg
13/03/2024;18:00 18:30;uMHbtnuSZAKYwpU4pQdT;4;Le 13 - Foot en salle - Marseille-ChIJR62kUm_ByRIRDnGQqGCeUVQ
03/02/2024;10:00 10:30 11:00 11:30 12:00 12:30 13:00 13:30 9:30 14:00;uMzFvp8FSZRRMRWuabrj;7;UrbanSoccer Meudon-ChIJ0WKvjbh75kcRoqSmyWwW2jQ Urban Football Meudon-ChIJFeLBC2N75kcRyM1mlEZ3HjM
17/03/2024;17:00 18:00 19:00;uNJPXL16R3pv0xvKjYXz;2 5 4;UrbanSoccer - Toulouse Sept Deniers-ChIJk5nUBdOkrhIRP-1aUJzo-lA UrbanSoccer - Toulouse Montaudran-ChIJl772e0u8rhIR2foRX4Xa2CI Play Soccer-ChIJQ-UxZn-5rhIRKWoQydM5T9s LE FIVE Colomiers-ChIJ8wxhgGexrhIRm698kMPQIRw Events Five-ChIJf8cSCJG5rhIRoQadPH-wW1U Classico Foot-ChIJFV442oCxrhIRgsZy5aIbkNs
19/03/2024;15:00 18:00 19:00 20:00 13:00;uROues5HUY2ODZNndp0j;2 4 5;Massilia Foot Indoor 2-ChIJxZ6UmMW-yRIRfYNGGPPJfIU Le 13 - Foot en salle - Marseille-ChIJR62kUm_ByRIRDnGQqGCeUVQ STADIUM FOOT 5 VILLAGE-ChIJbbOWFtC4yRIR0WXVerbWmnE Le Mercato FOOT INDOOR-ChIJzRK7HJy_yRIRqEreyEiAfC0 Massilia Five-ChIJxZ6UmMW-yRIR7ot5DChYj4w MONCLUB 2.0-ChIJv9owGLm-yRIRfuDnd3G6nR4 Game 13 foot indoor-ChIJNSDvlsXryRIRUXao9hwB79I Evolution Football-ChIJX0YulIi8yRIRnGh62u3UXTQ FOOT INDOOR Marseille-ChIJ41AMCxC8yRIRLHLGt11sc-U LE FIVE Vitrolles-ChIJi4A-IrHoyRIRunoYLEGNeYI Monclub Futbol-ChIJGbxxaamUyRIRgGvhHnhJStA Le B3 Soccer-ChIJa69uraDryRIRRlY7a07cUqU Z5 Aix-ChIJKb-U_9KSyRIRKIFKbH5mW18
03/03/2024;9:30 9:00 10:30 10:00 11:30 11:00 12:30 12:00 13:30 13:00 14:30 14:00 16:30 15:30 15:00 16:00 17:30 17:00 18:30 18:00 19:30 19:00 20:30 20:00 21:30 21:00 22:30 22:00 23:30 23:00;uT0I9PrwLgassp2q71sh;1 2 3 4 5 6 7;Le Temple FIVE Center-ChIJvcCWluNtsBIRYScZxAbEtxQ Stadium FIVE Center Perpignan-ChIJK88_lR9wsBIRvGy5h9RQAaQ
07/02/2024;17:00 17:30 18:00 18:30 19:00 16:00 16:30 15:30 15:00 14:00 14:30 13:30 13:00 12:00 12:30;uX5V67REeZMx4FABF8X5;1 2 3 4 5;Footsal Cousinerie-ChIJXQyb1d8pw0cRLO_Ed5xHTIQ Spot FUTSAL-ChIJwdUawmfVwkcRaNLo_CmNii0 UrbanSoccer - Lille Lezennes-ChIJR3ro5nTWwkcRfM_S3Be9HjI Footsal-ChIJa7HS298pw0cRMoVDj0XqVdI UrbanSoccer - Lille Bondues-ChIJ58ZerMgrw0cR2Jyp7tZjBn4 KIPSTADIUM-ChIJydcoT88ow0cRLnHvlF-Z_jE Arena Club-ChIJeWJWRjYvw0cRbnJR4ZXAKMA
16/03/2024;12:00 12:30 13:00 13:30;uX9JxyX33icsxXakz8Z2;6 7;LE FIVE Paris 17-ChIJ7eI8sFNv5kcR5xy52Wc57NU LE FIVE Paris 13-ChIJ_bOSChhz5kcRZMTeq_6Gdzg LE FIVE Paris 18-ChIJPVT4_n1u5kcRzji6FdTBXXo
15/03/2024;19:00 19:30 20:00 20:30 21:00;uYJfGqlrTGGc4W7c1rXS;5;UrbanSoccer - Lille Lezennes-ChIJR3ro5nTWwkcRfM_S3Be9HjI Footsal Cousinerie-ChIJXQyb1d8pw0cRLO_Ed5xHTIQ UrbanSoccer - Lille Bondues-ChIJ58ZerMgrw0cR2Jyp7tZjBn4
12/03/2024;9:00 9:30 10:00 10:30 11:00 11:30 12:00 12:30 13:00 13:30 14:00 14:30 15:00 15:30 16:00 16:30 17:00 17:30 18:00 18:30 19:00 19:30 20:00 20:30 21:00 21:30 22:00 22:30 23:00 23:30;ue8HGFu8I7FKeoscXEOt;6 7 5 3;UrbanSoccer Meudon-ChIJ0WKvjbh75kcRoqSmyWwW2jQ
07/02/2024;9:00 10:00 11:00 13:00 14:00 15:00 12:00 9:30 10:30 11:30 12:30 13:30 14:30 15:30 23:30 23:00 22:30 22:00 21:30 21:00 20:30 20:00 19:30 19:00 18:30 18:00 17:30 16:30 17:00 16:00;ueg8PpXuOiWea8AaSDay;1 2 3 4 5 6 7;Le 13 - Foot en salle - Marseille-ChIJR62kUm_ByRIRDnGQqGCeUVQ
26/02/2024;16:00 16:30 17:00 17:30 18:00 18:30 19:00 14:00 14:30 15:30 15:00 19:30 20:00;ufksCX1dQ8K3kxDWSwMv;3 4;LE FIVE Paris 18-ChIJPVT4_n1u5kcRzji6FdTBXXo UrbanSoccer - Porte d'Aubervilliers-ChIJ0dXjDCZs5kcRvX0EpMwxsUY LE FIVE Villette-ChIJTUFnQjps5kcR0pHITLTw1PI UrbanSoccer - Asnières-ChIJi5LkLT9v5kcRSlhScqEFNWs
02/03/2024;0,416666667;uhajq0qHGbViNaDN2Zmm;6;OHSPORT-ChIJHeG9fA4X5kcRbGNzVY5Ud5I
22/02/2024;18:30 19:00 19:30 20:00 20:30 21:00 21:30 22:00;ukzHVjxBOzLiJfl0QXLm;1 2 3 4 5 6 7;LE FIVE Paris 17-ChIJ7eI8sFNv5kcR5xy52Wc57NU LE FIVE Paris 18-ChIJPVT4_n1u5kcRzji6FdTBXXo LE FIVE Paris 13-ChIJ_bOSChhz5kcRZMTeq_6Gdzg UrbanSoccer - Porte d'Aubervilliers-ChIJ0dXjDCZs5kcRvX0EpMwxsUY LE FIVE Villette-ChIJTUFnQjps5kcR0pHITLTw1PI UrbanSoccer - Puteaux-ChIJM_sC0-Nk5kcRhL1y_EFIje8 UrbanSoccer La Défense-ChIJh4rnfVhk5kcRV2Q-ZKdm8vA Élite 5 Soccer-ChIJ5-jfdlZk5kcRYIaELgvikaM UrbanSoccer Meudon-ChIJ0WKvjbh75kcRoqSmyWwW2jQ
05/03/2024;17:00 18:00 19:00 20:00 21:00 22:00;ultjtz7pBgqwoIT9Dx30;7;UrbanSoccer - Toulouse Sept Deniers-ChIJk5nUBdOkrhIRP-1aUJzo-lA UrbanSoccer - Toulouse Montaudran-ChIJl772e0u8rhIR2foRX4Xa2CI Play Soccer-ChIJQ-UxZn-5rhIRKWoQydM5T9s LE FIVE Colomiers-ChIJ8wxhgGexrhIRm698kMPQIRw Events Five-ChIJf8cSCJG5rhIRoQadPH-wW1U Classico Foot-ChIJFV442oCxrhIRgsZy5aIbkNs
24/02/2024;14:00 14:30 15:00 15:30 16:00 16:30 17:00 17:30 18:00 18:30;um6NcnRTJY0Z1glQqSTr;6 7;UrbanSoccer - Villeneuve Loubet-ChIJVVVVEU3TzRIRX9_gbFDSBj0 Stadium Antibes-ChIJSSGxg-PUzRIRblID9ACQndc
08/03/2024;0,583333333;up6goFHVlyW8A83bCdUG;6 7;Luigi Stadium-ChIJoWpOEytv5kcRiqS_QXYRdEQ Terrain de Football-ChIJf2U_FGJp5kcRHFub5-O3kP0 Sport Dans La Ville - But En Or-ChIJXf1gcMlv5kcRS9U9c1DToEU Complexe Sportif Nelson Mandela-ChIJK3nNMaNu5kcRh5V3SFbdAm8 Five Pizza Original - Saint Denis-ChIJFbvQOyRv5kcRhcnS-QHoLz4 Stade de France-ChIJv2Mi3bpu5kcREWMVCXFPwHA LE FIVE Marville - La Courneuve-ChIJ2dHdMZxr5kcR0aKYHYsp0pY FOOT IN FIVE-ChIJoUR0syFp5kcRUlStnwluaYY Stade Energies Sas-ChIJ9xmWrc9u5kcR5kFpAbv-Ax4 Urban Roundnet-ChIJp_L3O3Vv5kcRkl3wJdcgb60 Stade du Landy-ChIJsdXSnelu5kcRJUR2QJ7OT5M Cosmos St Denis F.c.-ChIJeR7hAUlp5kcRb5NMwh1iIrc Stade Unidos E.C-ChIJw4366cVu5kcRIj3ZSiqPcU0 Stade Annexe du Stade de France-ChIJm9qdnLBu5kcRImV0Pqg7bH4 3 rue du plouich-ChIJl2AnRb9v5kcRzLDlurj4pP4 UrbanSoccer - Porte d'Aubervilliers-ChIJ0dXjDCZs5kcRvX0EpMwxsUY Kampos saint-denis académie football association-ChIJSX-IoRxp5kcRPQGvw6i56E0 O'Five Pizza-ChIJ__9PI0lp5kcROdGVlmvAWi8 FOOTKORNER SAINT-DENIS-ChIJRaGxurRu5kcRgACMCINmeQQ
22/02/2024;16:00 16:30 15:00 15:30 14:00 14:30 13:30 13:00 12:30 12:00 11:30 11:00 10:30 10:00 9:30 9:00 17:00 17:30 18:00 18:30 19:00 19:30 20:00 20:30 21:00 21:30 22:00 22:30 23:00 23:30;uphf47XAqvBqa6i9QSAF;6 7 1 2 3 4 5;VSD39 Dole-ChIJeSnd96VNjUcRMB1eWaVkmKs
09/03/2024;18:00 18:30 19:00 20:30 19:30 20:00 21:30 21:00 22:00 23:00 22:30 23:30;urdV3r84JIPIod99QS8U;1 2 3 4 5 6 7;LE FIVE Créteil-ChIJ88lx3VwL5kcRVxCh4lD6_Gk Power Five-ChIJ6ULNmyh15kcRV9cjbnBjGr8 LE FIVE Champigny-ChIJsXi1PLYN5kcRTVVDuczgS2s VERSUSFOOT Thiais-ChIJn2R2NT905kcRjqB29qldBxk UrbanSoccer - Quai d'Ivry-ChIJfXxYJ0xy5kcRw9xTkF6-FZQ Stadium Thiais-ChIJ64X9jzx05kcRsHvSfOv6UcA LE FIVE Paris 13-ChIJ_bOSChhz5kcRZMTeq_6Gdzg LE FIVE Montreuil-ChIJJdTQjr0T5kcRZmGxtIJVy44 LE PARK Noisy-ChIJdUHbID8O5kcRV5lQhiHTvhs LE PARK Servon-ChIJMU8gErUJ5kcRSnpvacKwFtM Speed Soccer Five-ChIJ2xTNglV25kcR3UDi4AXGfDU UrbanSoccer - Marne-La-Vallée-ChIJ6bDBiosP5kcROXiloHzSdhc LE FIVE Bobigny-ChIJV8UONORs5kcRXxR5Qd7x130 LE FIVE Morangis-ChIJA4uAhOXZ5UcRp-vZXZP-ovY LE FIVE Paris 18-ChIJPVT4_n1u5kcRzji6FdTBXXo LE FIVE Villette-ChIJTUFnQjps5kcR0pHITLTw1PI Footbox-ChIJY-WkusIR5kcR-tEad3UtaSQ UrbanSoccer - Porte d'Aubervilliers-ChIJ0dXjDCZs5kcRvX0EpMwxsUY UrbanSoccer Evry-ChIJW0Ut1G7e5UcRt621n2fRQ5M LE FIVE Paris 17-ChIJ7eI8sFNv5kcR5xy52Wc57NU
26/02/2024;9:00 9:30 10:30 10:00 11:30 11:00 12:00 12:30 13:30 13:00 14:00 15:00 14:30 16:30 15:30 17:30 18:30 19:30 20:30 21:30 20:00 19:00 18:00 17:00 16:00 23:30 22:30 23:00 22:00 21:00;utRyCIFLHo67WxHjOJeg;1 2 3 4 5 6 7;LE FIVE Carrières-sous-Poissy-ChIJ9T4fWfyL5kcRCBX-FyZLvEE Stade de la butte Verte-ChIJt9s2eC6_5kcRYIEmOm1FuyI Alain Polaniok-ChIJDXCMF0--5kcRJEQhuR9Y6v0 Five Limay Foot En Salle-ChIJ8wQzJXiV5kcRu0ufNC6Ldis Stade du Moulin Des Rades-ChIJfQCrglq-5kcRiz_G1BAWd1o Stade Aimé Bergéal-ChIJudMkGVi-5kcRp1kw3KxjzVc Foot Indoor Limay-ChIJAQDAMXiV5kcRrL5fPp5Dj7g
11/02/2024;17:00 21:00 17:30 18:00 18:30 19:00 19:30 20:00 20:30;uxBwm3vtbPbyYLCpU35q;7;UrbanSoccer - Puteaux-ChIJM_sC0-Nk5kcRhL1y_EFIje8 UrbanSoccer La Défense-ChIJh4rnfVhk5kcRV2Q-ZKdm8vA
03/03/2024;9:00 10:00 11:00 12:00 13:00 14:00 15:00 16:00 17:00 18:00 19:00 20:00 21:00 22:00 23:00 22:30 21:30 20:30 19:30 18:30 17:30 16:30 15:30 14:30 13:30 12:30 11:30 10:30 9:30;uyYhWudz443i4ik6bG3f;1 2 3 4 5 6 7;LE FIVE Créteil-ChIJ88lx3VwL5kcRVxCh4lD6_Gk UrbanSoccer - Quai d'Ivry-ChIJfXxYJ0xy5kcRw9xTkF6-FZQ LE FIVE Champigny-ChIJsXi1PLYN5kcRTVVDuczgS2s Power Five-ChIJ6ULNmyh15kcRV9cjbnBjGr8 VERSUSFOOT Thiais-ChIJn2R2NT905kcRjqB29qldBxk Stadium Thiais-ChIJ64X9jzx05kcRsHvSfOv6UcA Speed Soccer Five-ChIJ2xTNglV25kcR3UDi4AXGfDU LE PARK Servon-ChIJMU8gErUJ5kcRSnpvacKwFtM LE FIVE Montreuil-ChIJJdTQjr0T5kcRZmGxtIJVy44 Stade Dominique Duvauchelle-ChIJXewCD1oL5kcRZ-TKl50UlKk Stade Auguste Delaune-ChIJh1fQ5sg45kcR1tLvrVwuEec Stade Auguste Delaune-ChIJZ8RAp84L5kcRWExWCBRjTVY Complexe sportif Léo Lagrange-ChIJYVD5XXoL5kcRqBCGFetVWyI Stade Léo Lagrange-ChIJF4pEnFwL5kcR58tYg8O_55c Stade de foot Pompadour-ChIJZWcRAWN15kcR0aRSqeWgmaI
19/03/2024;9:00 9:30 10:00 10:30 12:30 11:00 11:30 12:00 13:30 13:00 14:30 14:00 15:30 15:00 16:30 16:00 17:30 17:00 18:30 18:00 19:30 19:00 20:30 20:00 21:30 21:00 22:30 22:00 23:30 23:00;v1AsO7nlcsTb4RAVWsY5;6 7;UrbanSoccer - Toulouse Sept Deniers-ChIJk5nUBdOkrhIRP-1aUJzo-lA UrbanSoccer - Toulouse Montaudran-ChIJl772e0u8rhIR2foRX4Xa2CI Play Soccer-ChIJQ-UxZn-5rhIRKWoQydM5T9s LE FIVE Colomiers-ChIJ8wxhgGexrhIRm698kMPQIRw Events Five-ChIJf8cSCJG5rhIRoQadPH-wW1U Classico Foot-ChIJFV442oCxrhIRgsZy5aIbkNs
23/02/2024;17:00 17:30 18:00 18:30 19:00 19:30 20:00 20:30 21:00 21:30 22:00 22:30 23:00 23:30;v6phxAcdumki2sQUWbal;3 4 5;LE FIVE Paris 13-ChIJ_bOSChhz5kcRZMTeq_6Gdzg LE FIVE Paris 18-ChIJPVT4_n1u5kcRzji6FdTBXXo UrbanSoccer - Quai d'Ivry-ChIJfXxYJ0xy5kcRw9xTkF6-FZQ LE FIVE Paris 17-ChIJ7eI8sFNv5kcR5xy52Wc57NU UrbanSoccer - Porte d'Aubervilliers-ChIJ0dXjDCZs5kcRvX0EpMwxsUY LE FIVE Villette-ChIJTUFnQjps5kcR0pHITLTw1PI LE FIVE Bobigny-ChIJV8UONORs5kcRXxR5Qd7x130 UrbanSoccer - Asnières-ChIJi5LkLT9v5kcRSlhScqEFNWs LE FIVE Montreuil-ChIJJdTQjr0T5kcRZmGxtIJVy44 LE FIVE Marville - La Courneuve-ChIJ2dHdMZxr5kcR0aKYHYsp0pY UrbanSoccer - Puteaux-ChIJM_sC0-Nk5kcRhL1y_EFIje8 Élite 5 Soccer-ChIJ5-jfdlZk5kcRYIaELgvikaM UrbanSoccer La Défense-ChIJh4rnfVhk5kcRV2Q-ZKdm8vA FOOT IN FIVE-ChIJoUR0syFp5kcRUlStnwluaYY Stadium Thiais-ChIJ64X9jzx05kcRsHvSfOv6UcA UrbanSoccer Meudon-ChIJ0WKvjbh75kcRoqSmyWwW2jQ VERSUSFOOT Thiais-ChIJn2R2NT905kcRjqB29qldBxk LE FIVE Champigny-ChIJsXi1PLYN5kcRTVVDuczgS2s LE FIVE Créteil-ChIJ88lx3VwL5kcRVxCh4lD6_Gk LE FIVE Bezons-ChIJ71Mv0Wpk5kcRg-H9x7L-dXo Parc des sports des Maisons Rouges-ChIJlRgC-MAN5kcRniSfE7KINi8
17/02/2024;9:00 10:00 9:30 10:30 11:00 11:30 12:00 12:30 13:00 13:30 14:00 14:30 15:00 15:30 16:00 16:30 17:00 17:30 18:00 18:30 19:00 19:30 20:00 20:30 21:00 21:30 22:00 22:30 23:00 23:30;v9QumAe9MhAG5vZCFqbR;6 7 1 2 3 4 5;Parc Interdépartemental des Sports du Tremblay-ChIJBVkfrQ4N5kcRGi-XnNQN_yo
05/03/2024;14:00 13:00 15:00 16:00 17:00 18:00 19:00;vA8eWkZrywe2OnXdbSWU;4 6;LE FIVE Paris 18-ChIJPVT4_n1u5kcRzji6FdTBXXo LE FIVE Paris 17-ChIJ7eI8sFNv5kcR5xy52Wc57NU UrbanSoccer - Porte d'Aubervilliers-ChIJ0dXjDCZs5kcRvX0EpMwxsUY LE FIVE Villette-ChIJTUFnQjps5kcR0pHITLTw1PI
25/02/2024;9:00 9:30 10:00 10:30 11:00 11:30 12:00 12:30 13:30 13:00 14:00 14:30 15:00 16:30 16:00 15:30 17:30 17:00 23:30 23:00 22:30 22:00 21:00 21:30 20:30 20:00 19:30 18:00 19:00 18:30;vBDiCDsSXDCFXxWPTtxQ;1 3 7 6;LE FIVE Villette-ChIJTUFnQjps5kcR0pHITLTw1PI LE FIVE Paris 18-ChIJPVT4_n1u5kcRzji6FdTBXXo UrbanSoccer - Porte d'Aubervilliers-ChIJ0dXjDCZs5kcRvX0EpMwxsUY
23/02/2024;9:00 9:30 10:00 11:00 11:30 10:30 12:00 12:30 13:00 13:30 14:00 14:30 15:00 15:30 16:00 16:30 17:30 17:00 18:30 18:00 19:30 19:00 20:30 20:00 21:30 21:00 22:30 22:00 23:00 23:30;vBqUEz2oGBsDpiLvMWRf;3 4 1;We Are Sports-ChIJFZU5oBHC9EcRJTFrSkI1xxg Sport dans la Ville Rhône-Alpes-ChIJoUEDcmvr9EcRILCz6hDCQ2o UrbanSoccer - Lyon Parilly-ChIJx3FQWjLC9EcRrrQb2eV7i_4 F5 Foot Five-ChIJjUbM5G7A9EcRW3mlkrhyXxY LE 5 DE LEGENDE-ChIJAQNaA3nc9EcRYvB35x41mBs UrbanSoccer - Lyon Barolles-ChIJN4l-IC3v9EcRf9QJKIVC_aY Sun Set Soccer-ChIJ-2jOt33D9EcRLZL2mS5Gvz4 LE FIVE OL-ChIJmz3whejH9EcR3j9ApNRukKE Factory Sport Games-ChIJNcDntQGO9EcR3CbXF7xfc5o
19/02/2024;10:00 10:30 11:00 11:30 12:00 12:30 13:00 13:30 14:00 14:30 15:00 15:30 16:00 16:30 17:00 17:30 18:00 18:30 19:00 19:30 20:00 20:30 21:00 21:30;vByEkeStkMsSunO4TVQ6;5 6 7;UrbanSoccer Evry-ChIJW0Ut1G7e5UcRt621n2fRQ5M LE FIVE Morangis-ChIJA4uAhOXZ5UcRp-vZXZP-ovY
27/02/2024;19:00 19:30;vDTwZgj6JHxUz1z1fFSo;4;Lille Football Faubourg de Bethune-ChIJgUO_inLVwkcR9OZ3Xp9c_v0
11/02/2024;20:00 20:30;vIoWsL4qkPR0WzP7t0g6;2 4;Footsal Cousinerie-ChIJXQyb1d8pw0cRLO_Ed5xHTIQ
02/02/2024;18:00 19:00 17:00 17:30 18:30 19:30;vJGaRSBnU8OO02C3zBDa;1 3 5;LE FIVE Paris 18-ChIJPVT4_n1u5kcRzji6FdTBXXo LE FIVE Paris 13-ChIJ_bOSChhz5kcRZMTeq_6Gdzg LE FIVE Paris 17-ChIJ7eI8sFNv5kcR5xy52Wc57NU UrbanSoccer - Porte d'Aubervilliers-ChIJ0dXjDCZs5kcRvX0EpMwxsUY UrbanSoccer - Asnières-ChIJi5LkLT9v5kcRSlhScqEFNWs UrbanSoccer - Puteaux-ChIJM_sC0-Nk5kcRhL1y_EFIje8 UrbanSoccer La Défense-ChIJh4rnfVhk5kcRV2Q-ZKdm8vA
24/02/2024;14:00 14:30 15:00 15:30 16:00 16:30 17:00 17:30 18:00 18:30 19:00 19:30 20:00 20:30 21:00;vMXuVI6MLmhVyVyk00Wg;7 6;LE FIVE Metz-ChIJodpwmbLblEcRGk4-_FQorf4
02/03/2024;14:00 14:30 15:00 15:30 16:00 16:30 17:00 17:30 18:00 18:30 19:00 19:30 20:00 20:30 21:00;vPJ6wETYt4Qbck580hXg;5 6 7;UrbanSoccer La Défense-ChIJh4rnfVhk5kcRV2Q-ZKdm8vA UrbanSoccer - Puteaux-ChIJM_sC0-Nk5kcRhL1y_EFIje8 LE FIVE Carrières-sous-Poissy-ChIJ9T4fWfyL5kcRCBX-FyZLvEE UrbanSoccer Guyancourt-ChIJmdX-2c-A5kcRj1wtOS8rZmo Foot-Max Argenteuil-ChIJi9oIzaRm5kcRJYcK7QsdRMU UrbanSoccer - Asnières-ChIJi5LkLT9v5kcRSlhScqEFNWs
03/03/2024;17:00 17:30 18:00 18:30 19:00 19:30 20:00 20:30;vQ7dWyzchfG43SMsXA4k;7;LE FIVE Paris 18-ChIJPVT4_n1u5kcRzji6FdTBXXo
24/02/2024;20:00 20:30 21:00 21:30;vTLFm4FSsYMURnrCeDJR;1 2 3 4 5 6;Smash Goal Nantes-ChIJ2yg06abuBUgRixLY3NLRh14 UrbanSoccer - Nantes St-Sébastien-ChIJAyKrntzoBUgRF09hrORC2nc Le Sporting Nantes-ChIJo-3LeLXsBUgRu6gtAgQ6sJA Le Smile Sautron-ChIJ9Wv9FbuTBUgRQNYd2r8vvrI UrbanSoccer Nantes - Carquefou-ChIJEWyPupv7BUgRBqnhym4EyLk
24/02/2024;14:30 15:00 15:30 16:00 16:30 17:00 17:30 18:00 18:30 19:00 19:30 20:00 20:30 21:00 21:30 22:00 22:30 23:30 23:00;vaa1IhZfdQ8e3m1Dxzk0;7;Classico Foot-ChIJFV442oCxrhIRgsZy5aIbkNs
02/03/2024;19:30 20:30 21:30;vdQp0tFHmnrhSo5sDIOu;1 2 3 4 5 6 7;UrbanSoccer La Défense-ChIJh4rnfVhk5kcRV2Q-ZKdm8vA UrbanSoccer - Puteaux-ChIJM_sC0-Nk5kcRhL1y_EFIje8 LE FIVE Bezons-ChIJ71Mv0Wpk5kcRg-H9x7L-dXo Foot-Max Argenteuil-ChIJi9oIzaRm5kcRJYcK7QsdRMU
15/02/2024;11:30 12:00 12:30;vfMY5Umpkec1PJdBjuzO;1 2 3 4 5;City KOF-ChIJ_2pirmlv5kcRTpGJ0UDn1Y8
19/02/2024;9:00 9:30 10:30 10:00 11:00 11:30 12:30 12:00 13:00 13:30 14:30 14:00 15:00 15:30 22:00 23:00 23:30 22:30 21:30 20:30 17:30 16:30 17:00 19:00 21:00 20:00 19:30 18:30 18:00 16:00;vfUikCUAg0LJIUfaGJHE;1 2 3 4 5 6 7;UrbanSoccer - Saint Etienne-ChIJ6xFIgPWr9UcRxo6t2gZwcZM Stade Geoffroy-Guichard-ChIJByUWtXKs9UcRCkqSlUWngoA Stade des Frères Grail-ChIJH8K3bc6u9UcRWCDMVkwKwiY Stadium Pierre Maisonnial-ChIJ-TP3GeSr9UcRoii9oJ87Meo FC Saint-Étienne-ChIJX9WHdqat9UcR5kWgME4vUg8 SUC Terrenoire (Saint-Etienne Université Club de Terrenoire)-ChIJPfykm52p9UcRUtL2kyxJBVI Football Club Saint Charles Vigilante-ChIJ9zr4YG2s9UcRbOGx18OMCQk Stade de Méons-ChIJ99ote-yr9UcRUkRHJ18a_lI Côte Chaude Sportif-ChIJmaR1liis9UcRrfUbmPkuRiU Olympique de Saint-Etienne-ChIJPUMEPpSr9UcRC70yekky5LY CSADN Saint-Etienne-ChIJq6pq7eur9UcR6dz0bqQQT-E Five Pizza Original - Saint-Etienne-ChIJx4HkRbGv9UcREN1KPbR9FO4 Culture foot 8-ChIJIch5Cjmt9UcRNmLFEUncPbs Footkorner Saint-Étienne - Magasin de sport - Foot - Chaussures - Survetement - Jogging-ChIJ8zfzAtav9UcRTRIO302k6Ow Stade Élie Bariol-ChIJaVJ9RYGt9UcR309ciscwAjg Union Sportive Metare St Étienne Sud-Est-ChIJ-WoPqXKp9UcRFet9beNStU0 Foot pronostic-ChIJyfnEUdOv9UcR349Uci8qhbA Stade Salif Keita-ChIJe6D9pd2t9UcRgctSTGTwPGE Sainte united 2016-ChIJI46wbc6u9UcRk6rvyltT6NE Stade Saint-Saëns-ChIJ28sWaXms9UcRI55QgXYIR3E
14/03/2024;14:00 14:30 15:00 15:30 16:00 13:00 13:30 12:00 12:30 11:00 11:30;vmPJTB1gzq73XbxcC78d;1 2 3 4 5 6 7;UrbanSoccer - Quai d'Ivry-ChIJfXxYJ0xy5kcRw9xTkF6-FZQ LE FIVE Montreuil-ChIJJdTQjr0T5kcRZmGxtIJVy44
07/03/2024;14:00 14:30 15:00 15:30 16:00 16:30 17:00 17:30 18:00 18:30;vnlNe8ABazTWSlaZmWOm;6 7;UrbanSoccer - Marne-La-Vallée-ChIJ6bDBiosP5kcROXiloHzSdhc LE FIVE Champigny-ChIJsXi1PLYN5kcRTVVDuczgS2s LE FIVE Montreuil-ChIJJdTQjr0T5kcRZmGxtIJVy44 LE PARK Noisy-ChIJdUHbID8O5kcRV5lQhiHTvhs Top Ten-ChIJfXprBx4b5kcRmhe-5pLZUek Footbox-ChIJY-WkusIR5kcR-tEad3UtaSQ LE FIVE Créteil-ChIJ88lx3VwL5kcRVxCh4lD6_Gk
26/02/2024;0,520833333;voHdWb5p9tDPK5F9JAfq;4 1;UrbanSoccer - Lille Bondues-ChIJ58ZerMgrw0cR2Jyp7tZjBn4
22/02/2024;0,625;vpNuDdjZaMGk4nG0zGPZ;6;UrbanSoccer - Asnières-ChIJi5LkLT9v5kcRSlhScqEFNWs
20/02/2024;18:00 18:30 19:00 19:30 20:00 20:30 21:00 21:30 22:00 22:30 23:30 23:00;vq4t2DHEJcIO67NvZPsh;1 2 3 4 5 6 7;Z5 Aix-ChIJKb-U_9KSyRIRKIFKbH5mW18
22/02/2024;0,770833333;vwo0uv7pDaNRJqgZOfuR;4;Game 13 foot indoor-ChIJNSDvlsXryRIRUXao9hwB79I
17/03/2024;13:00 14:00 14:30 13:30 15:30 16:30 16:00 15:00 17:00 17:30 18:30 18:00 19:00 19:30 20:30 20:00 21:00 21:30 22:30 22:00 23:00 23:30;vxit6dqX36ygd6pR5CZb;1 2 3 4 5 6 7;UrbanSoccer Guyancourt-ChIJmdX-2c-A5kcRj1wtOS8rZmo
05/02/2024;9:00 10:00 9:30 10:30 11:00 11:30 12:00 12:30 13:00 13:30 14:00 14:30 15:00 15:30 16:00 16:30 17:00 17:30 18:00 18:30 19:00 19:30 20:00 20:30 21:00 21:30 22:00 22:30 23:00 23:30;w3fVK6wG3k8thZvyZH9v;1 2 3 4 5 6 7;LE FIVE Orléans Fleury-ChIJsYfwe3n75EcRnjpH9sw356Q LE FIVE Orléans Ingré-ChIJzUFPDv_v5EcRG6gmhm_t_HA Orléans Futsal-ChIJdwZuFxD75EcRCQ3WZdoF1Jo
10/03/2024;19:00 20:00 21:00 18:30 19:30 20:30 21:30;w4sgsqgib5wecaVAxw9v;4 5 1 7;LE FIVE OL-ChIJmz3whejH9EcR3j9ApNRukKE UrbanSoccer - Lyon Parilly-ChIJx3FQWjLC9EcRrrQb2eV7i_4 Sport dans la Ville Rhône-Alpes-ChIJoUEDcmvr9EcRILCz6hDCQ2o
07/03/2024;0,729166667;w679yh3HOlVVHcAR1Xk2;4;Monclub Futbol-ChIJGbxxaamUyRIRgGvhHnhJStA
08/03/2024;19:00 19:30 20:00 20:30 21:00;wAuGkYjtDSbyC4h9Wjba;1 2 3 4 5 6 7;UrbanSoccer - Toulouse Sept Deniers-ChIJk5nUBdOkrhIRP-1aUJzo-lA UrbanSoccer - Toulouse Montaudran-ChIJl772e0u8rhIR2foRX4Xa2CI Events Five-ChIJf8cSCJG5rhIRoQadPH-wW1U Classico Foot-ChIJFV442oCxrhIRgsZy5aIbkNs Play Soccer-ChIJQ-UxZn-5rhIRKWoQydM5T9s
13/02/2024;17:30 18:00 18:30 19:00 19:30;wBvRxp9FI2Vo5xaLAAle;3 4 5;LE FIVE Paris 18-ChIJPVT4_n1u5kcRzji6FdTBXXo UrbanSoccer - Porte d'Aubervilliers-ChIJ0dXjDCZs5kcRvX0EpMwxsUY LE FIVE Bobigny-ChIJV8UONORs5kcRXxR5Qd7x130 UrbanSoccer - Asnières-ChIJi5LkLT9v5kcRSlhScqEFNWs UrbanSoccer - Puteaux-ChIJM_sC0-Nk5kcRhL1y_EFIje8 Élite 5 Soccer-ChIJ5-jfdlZk5kcRYIaELgvikaM UrbanSoccer La Défense-ChIJh4rnfVhk5kcRV2Q-ZKdm8vA FOOT IN FIVE-ChIJoUR0syFp5kcRUlStnwluaYY LE FIVE Bezons-ChIJ71Mv0Wpk5kcRg-H9x7L-dXo Foot POWER 5-ChIJuTCIFshm5kcRBtEQJ76dAzc Le Street Foot en Salle-ChIJt_AXL6Jg5kcRu6rBmnrmeUM Foot-Max Argenteuil-ChIJi9oIzaRm5kcRJYcK7QsdRMU
05/03/2024;13:00 11:00 11:30 12:00 12:30 13:30 14:00 14:30 15:00 15:30 16:30 16:00 17:30 17:00 18:30 18:00 19:30 19:00 20:30 20:00 21:00;wHNQcvTqmbZUw0I05nLJ;4 5 6 7;KG5 Strasbourg-Mundolsheim-ChIJRSG64gm4lkcRPQTZbn3M85Q LE FIVE Strasbourg-ChIJ934qQbG3lkcRm6TibMl6fgg UrbanSoccer - Strasbourg-ChIJbeF8CznIlkcRkTmqhGiUECc Padel and Foot Strasbourg-ChIJE9ZciNLHlkcRF9bBiXbLuYk
23/02/2024;18:30 19:00 19:30 20:00 20:30 21:00 21:30;wIeOV7Kb1C0qQmhDNm6I;3 5 7 1;LE FIVE Bezons-ChIJ71Mv0Wpk5kcRg-H9x7L-dXo
28/02/2024;0,791666667;wKmRdiCWW84bpDQBR0np;5 2 1;UrbanSoccer Meudon-ChIJ0WKvjbh75kcRoqSmyWwW2jQ LE FIVE Paris 17-ChIJ7eI8sFNv5kcR5xy52Wc57NU GOPARK Pontoise-ChIJ2cJmdhf15kcRQ4mUOxIVzd0 FOOT IN FIVE-ChIJoUR0syFp5kcRUlStnwluaYY LE FIVE Paris 18-ChIJPVT4_n1u5kcRzji6FdTBXXo UrbanSoccer - Porte d'Aubervilliers-ChIJ0dXjDCZs5kcRvX0EpMwxsUY
13/03/2024;19:00 19:30 20:00 20:30 21:00 21:30 18:30;wQZnYx0aBkuHuZnTRfii;1 2 3 4 5 6 7;UrbanSoccer - Quai d'Ivry-ChIJfXxYJ0xy5kcRw9xTkF6-FZQ LE FIVE Paris 13-ChIJ_bOSChhz5kcRZMTeq_6Gdzg LE FIVE Montreuil-ChIJJdTQjr0T5kcRZmGxtIJVy44 UrbanSoccer La Défense-ChIJh4rnfVhk5kcRV2Q-ZKdm8vA UrbanSoccer - Puteaux-ChIJM_sC0-Nk5kcRhL1y_EFIje8 LE FIVE Paris 17-ChIJ7eI8sFNv5kcR5xy52Wc57NU
11/03/2024;9:00 10:00 11:00 12:00 13:00 14:00 15:00 16:00 17:00 18:00 9:30 10:30 11:30 12:30 13:30 14:30 15:30 16:30 17:30 18:30 19:30 19:00 20:00 20:30 21:30 21:00 22:00 22:30 23:30 23:00;wTB8g6YcXVv0NKR5E2Xu;1 2 3 4 5 6 7;LE FIVE Paris 13-ChIJ_bOSChhz5kcRZMTeq_6Gdzg LE FIVE Paris 18-ChIJPVT4_n1u5kcRzji6FdTBXXo UrbanSoccer - Quai d'Ivry-ChIJfXxYJ0xy5kcRw9xTkF6-FZQ LE FIVE Paris 17-ChIJ7eI8sFNv5kcR5xy52Wc57NU UrbanSoccer - Porte d'Aubervilliers-ChIJ0dXjDCZs5kcRvX0EpMwxsUY LE FIVE Villette-ChIJTUFnQjps5kcR0pHITLTw1PI LE FIVE Bobigny-ChIJV8UONORs5kcRXxR5Qd7x130 UrbanSoccer - Asnières-ChIJi5LkLT9v5kcRSlhScqEFNWs LE FIVE Montreuil-ChIJJdTQjr0T5kcRZmGxtIJVy44 LE FIVE Marville - La Courneuve-ChIJ2dHdMZxr5kcR0aKYHYsp0pY UrbanSoccer - Puteaux-ChIJM_sC0-Nk5kcRhL1y_EFIje8 UrbanSoccer La Défense-ChIJh4rnfVhk5kcRV2Q-ZKdm8vA FOOT IN FIVE-ChIJoUR0syFp5kcRUlStnwluaYY Stadium Thiais-ChIJ64X9jzx05kcRsHvSfOv6UcA UrbanSoccer Meudon-ChIJ0WKvjbh75kcRoqSmyWwW2jQ VERSUSFOOT Thiais-ChIJn2R2NT905kcRjqB29qldBxk LE FIVE Bezons-ChIJ71Mv0Wpk5kcRg-H9x7L-dXo LE FIVE Champigny-ChIJsXi1PLYN5kcRTVVDuczgS2s LE FIVE Créteil-ChIJ88lx3VwL5kcRVxCh4lD6_Gk Speed Soccer Five-ChIJ2xTNglV25kcR3UDi4AXGfDU
03/03/2024;12:00 13:00 14:00 15:00 16:00 17:00 18:00 19:00 20:00 21:00 22:00 23:00;wUf4UxDTGVo3t0eKhL4P;7;Massilia Foot Indoor 2-ChIJxZ6UmMW-yRIRfYNGGPPJfIU Le 13 - Foot en salle - Marseille-ChIJR62kUm_ByRIRDnGQqGCeUVQ STADIUM FOOT 5 VILLAGE-ChIJbbOWFtC4yRIR0WXVerbWmnE Le Mercato FOOT INDOOR-ChIJzRK7HJy_yRIRqEreyEiAfC0 Massilia Five-ChIJxZ6UmMW-yRIR7ot5DChYj4w MONCLUB 2.0-ChIJv9owGLm-yRIRfuDnd3G6nR4 FOOT INDOOR Marseille-ChIJ41AMCxC8yRIRLHLGt11sc-U Evolution Football-ChIJX0YulIi8yRIRnGh62u3UXTQ Game 13 foot indoor-ChIJNSDvlsXryRIRUXao9hwB79I Le B3 Soccer-ChIJa69uraDryRIRRlY7a07cUqU Monclub Futbol-ChIJGbxxaamUyRIRgGvhHnhJStA LE FIVE Vitrolles-ChIJi4A-IrHoyRIRunoYLEGNeYI
19/03/2024;0,708333333;wcJm2i24y1DWivWTiHuD;6;UrbanSoccer - Lyon Parilly-ChIJx3FQWjLC9EcRrrQb2eV7i_4
10/03/2024;22:00 22:30 21:00 21:30;whWJd7hAcsHvvL5oaK08;1 2 3 4 5;UrbanSoccer Evry-ChIJW0Ut1G7e5UcRt621n2fRQ5M LE FIVE Morangis-ChIJA4uAhOXZ5UcRp-vZXZP-ovY Le CR5-ChIJnVE47IHn5UcRr5XRwCaPE38 UrbanSoccer Orsay-ChIJpZIJg7J45kcRrKWKhtbfnEQ Speed Soccer Five-ChIJ2xTNglV25kcR3UDi4AXGfDU Stadium Thiais-ChIJ64X9jzx05kcRsHvSfOv6UcA Power Five-ChIJ6ULNmyh15kcRV9cjbnBjGr8 VERSUSFOOT Thiais-ChIJn2R2NT905kcRjqB29qldBxk B14 - Sports et Loisirs Indoor-ChIJaeLKMYXe5UcRHyWJ8X8FaPA
03/03/2024;10:00 10:30 11:00 9:00 9:30 11:30 12:00 12:30 13:30 13:00 14:00 15:00 16:00 17:00 18:00 20:00 19:00 21:00 22:00 23:00 14:30 15:30 16:30 17:30 18:30 19:30 20:30 21:30 22:30 23:30;wv5GpeBav3eGF3VIDgti;1 7 3 4 2;Sport dans la Ville Rhône-Alpes-ChIJoUEDcmvr9EcRILCz6hDCQ2o F5 Foot Five-ChIJjUbM5G7A9EcRW3mlkrhyXxY We Are Sports-ChIJFZU5oBHC9EcRJTFrSkI1xxg UrbanSoccer - Lyon Parilly-ChIJx3FQWjLC9EcRrrQb2eV7i_4 LE 5 DE LEGENDE-ChIJAQNaA3nc9EcRYvB35x41mBs UrbanSoccer - Lyon Barolles-ChIJN4l-IC3v9EcRf9QJKIVC_aY LE FIVE OL-ChIJmz3whejH9EcR3j9ApNRukKE Sun Set Soccer-ChIJ-2jOt33D9EcRLZL2mS5Gvz4 Factory Sport Games-ChIJNcDntQGO9EcR3CbXF7xfc5o
13/03/2024;17:00 17:30 20:00 20:30 21:00 21:30;wvj5lDG9enmtfxYgApgD;1 2 3 4 5 6 7;LE FIVE Sarcelles-ChIJ6_q3Fxhq5kcRCpoEwnoXX1Q BIG5-ChIJsb_7TJFp5kcRSPL5VqZulr4
02/02/2024;11:00am 11:30am 12:00pm 12:30pm 1:00pm 1:30pm 2:00pm 2:30pm 3:00pm 3:30pm 4:00pm 4:30pm 5:00pm 5:30pm 6:00pm 6:30pm 7:00pm 8:00pm 7:30pm 9:00pm 8:30pm 9:30pm 10:00pm 10:30pm 11:00pm 11:30pm;wwYHJSgOSFxLFxXCZOHV;1 2 3 4 5 6 7;LE FIVE Paris 13-ChIJ_bOSChhz5kcRZMTeq_6Gdzg Stade Georges Carpentier-ChIJK1Ox8s9z5kcRbgUAZHwwCQA Halle Georges Carpentier-ChIJnXkSwCty5kcR-nlHXNFQlg4 Stade Charpentier-ChIJASNIPS1x5kcRZzg2FgFi1nI Stade de la Tour aux Parachutes-ChIJbwsrhCpy5kcRca22Pnhr8MU Stade de la Poterne-ChIJNX0GHvZ35kcRwSp1zW1FHl8 Complexe Sportif Poterne des Peupliers-ChIJS_Qk0oRx5kcRHn15k91MRMg Terrain de Football de la Poterne-ChIJXXP__ht35kcRCmn-cD7x9FA
18/03/2024;0,791666667;x3RbgXsupCyQErlQF5Gi;1 2 3 4 5 6 7;Spot FUTSAL-ChIJwdUawmfVwkcRaNLo_CmNii0 UrbanSoccer - Lille Lezennes-ChIJR3ro5nTWwkcRfM_S3Be9HjI Footsal-ChIJa7HS298pw0cRMoVDj0XqVdI Footsal Cousinerie-ChIJXQyb1d8pw0cRLO_Ed5xHTIQ UrbanSoccer - Lille Bondues-ChIJ58ZerMgrw0cR2Jyp7tZjBn4 KIPSTADIUM-ChIJydcoT88ow0cRLnHvlF-Z_jE Arena Club-ChIJeWJWRjYvw0cRbnJR4ZXAKMA
09/02/2024;9:00 9:30 10:00 10:30 11:00 11:30 12:00 12:30 13:00;x4Ax4GqeJikWVHIzuWG1;6 7;UrbanSoccer La Défense-ChIJh4rnfVhk5kcRV2Q-ZKdm8vA UrbanSoccer - Puteaux-ChIJM_sC0-Nk5kcRhL1y_EFIje8 LE FIVE Bezons-ChIJ71Mv0Wpk5kcRg-H9x7L-dXo UrbanSoccer - Asnières-ChIJi5LkLT9v5kcRSlhScqEFNWs UrbanSoccer - Porte d'Aubervilliers-ChIJ0dXjDCZs5kcRvX0EpMwxsUY
24/02/2024;10:00 10:30 11:00 11:30 12:00 12:30 13:00 13:30 14:00 14:30 15:00 15:30 16:30 16:00 17:00 17:30 18:00 18:30 19:00 19:30 20:00 20:30 21:00 21:30 22:00 22:30;x4rQ2N67wS9P7EfSOTXy;6 7;Sun Set Soccer-ChIJ-2jOt33D9EcRLZL2mS5Gvz4 LE FIVE OL-ChIJmz3whejH9EcR3j9ApNRukKE UrbanSoccer - Lyon Parilly-ChIJx3FQWjLC9EcRrrQb2eV7i_4 LE 5 DE LEGENDE-ChIJAQNaA3nc9EcRYvB35x41mBs We Are Sports-ChIJFZU5oBHC9EcRJTFrSkI1xxg F5 Foot Five-ChIJjUbM5G7A9EcRW3mlkrhyXxY Champions Five-ChIJX7pTGkosi0cR22J6MKLnxdw
02/03/2024;10:30 11:00 11:30 12:00 12:30 13:00 13:30 14:00 14:30 15:00 15:30 16:00 16:30 17:00 17:30 18:00 18:30 19:00 19:30 20:00 20:30 21:00 21:30 22:00 22:30 23:00 23:30;x5HbGMqGCRbjsSlHSekh;6 7;LE FIVE La Rochelle-ChIJAYcXu5xNAUgRiFOwJiUbggQ
23/02/2024;18:00 19:00 20:00 18:30 19:30 20:30 21:00 21:30;x6ca6VSWu5KyBJje1ABy;7 6 5 4 3 2 1;LE FIVE Paris 13-ChIJ_bOSChhz5kcRZMTeq_6Gdzg UrbanSoccer - Quai d'Ivry-ChIJfXxYJ0xy5kcRw9xTkF6-FZQ
03/03/2024;18:00 19:00 17:00 17:30 18:30 19:30 20:00 20:30 21:00 21:30;x7TpcsC1buP9HoUbflYn;7 5;LE FIVE Paris 13-ChIJ_bOSChhz5kcRZMTeq_6Gdzg LE FIVE Paris 18-ChIJPVT4_n1u5kcRzji6FdTBXXo UrbanSoccer - Quai d'Ivry-ChIJfXxYJ0xy5kcRw9xTkF6-FZQ LE FIVE Paris 17-ChIJ7eI8sFNv5kcR5xy52Wc57NU Stadium Thiais-ChIJ64X9jzx05kcRsHvSfOv6UcA LE FIVE Créteil-ChIJ88lx3VwL5kcRVxCh4lD6_Gk VERSUSFOOT Thiais-ChIJn2R2NT905kcRjqB29qldBxk
13/03/2024;9:00 9:30 10:00 10:30 11:00 11:30 12:00 12:30 13:00 13:30 14:00 14:30 15:00 15:30 16:00 16:30 17:00 17:30 18:00 18:30 19:00 19:30 20:00;x8spnGwDoHKYxvZ2aipd;6 7;Stade Suchet-ChIJn_jMprN65kcRf4CiZAaAht4 Stade Élisabeth-ChIJkXj9tq5x5kcROlxynHzTh9o Centre sportif Elisabeth-ChIJSzIHrNBx5kcR72ruDwqu-NQ Stade Suzanne Lenglen-ChIJvTSVwnVw5kcR9CmKGXIcwtA Centre sportif Suzanne Lenglen-ChIJjyw8lw975kcRB8dEmGn3P0Q Stade De Tremblay En France.-ChIJB9PCOZEW5kcRwFZy19iAYrU Tremblay Football club-ChIJ3xpqaVwX5kcRMVxKCIcbKNk
12/02/2024;18:00 17:00 19:00 20:00 21:00 21:30 20:30 18:30 17:30 16:30 19:30;x9wrUtSGrIoX78KrJ6qc;1 2 3 4 5 6 7;Terraine du foot-ChIJ2fDbHQB7jEcR0_aah0M68o0 Swiss Geneva Futsal-ChIJFxaO_8VkjEcR2MMPdf5_OMg CS Interstar Genève-ChIJff7JFedkjEcRJcE8FW1TsMU ACGF-Futsal-ChIJV7etdqJljEcRbhyI6XpAI-0 Urban Events Genève-ChIJk_rZ2opljEcRXkMnftGcbvo Stade de Varembé-ChIJcyGsV8FljEcR7597_gmR2wE FC GENÈVE UNITED-ChIJp3-4AsF6jEcRdOgnvJ1ZnGQ FC City-ChIJ4dM6DVZjjEcR1vGadb9Q7sY Stade de Genève-ChIJNZ-ndCJ7jEcRzq9IaB4k3iY Club Atlético de Genève-ChIJLePbWvx7jEcRuNsvArbVFrw Stade du Bois-de-la-Bâtie-ChIJd_RQfTR7jEcRkR4vs_thCpA Five Night Club-ChIJSRNUUS1ljEcRQ4YcdRtSKOk CSI CS ITALIEN FC Football Club Sportif-ChIJXzW39kh7jEcRhb7rI_9ejqM Stade de Richemont-ChIJGdZE00hljEcR8NV8z7brlTc 11teamsports Genève-ChIJ263hotZ6jEcRTm91MZP60hw
16/02/2024;0,791666667;xAS5j6ICQgKouo4tSqbm;5;F5 Foot Five-ChIJjUbM5G7A9EcRW3mlkrhyXxY
29/02/2024;17:00 18:00 19:00 20:00;xEpFsm0xX0en3YHQfxpr;1 2 3 4;UrbanSoccer - Puteaux-ChIJM_sC0-Nk5kcRhL1y_EFIje8 UrbanSoccer La Défense-ChIJh4rnfVhk5kcRV2Q-ZKdm8vA LE FIVE Paris 17-ChIJ7eI8sFNv5kcR5xy52Wc57NU
15/03/2024;16:00 16:30 17:00;xFuMoLJTk2nxO7ULS2MX;6;Evolution Football-ChIJX0YulIi8yRIRnGh62u3UXTQ FOOT INDOOR Marseille-ChIJ41AMCxC8yRIRLHLGt11sc-U MONCLUB 2.0-ChIJv9owGLm-yRIRfuDnd3G6nR4 Massilia Five-ChIJxZ6UmMW-yRIR7ot5DChYj4w STADIUM FOOT 5 VILLAGE-ChIJbbOWFtC4yRIR0WXVerbWmnE Le Mercato FOOT INDOOR-ChIJzRK7HJy_yRIRqEreyEiAfC0 Massilia Foot Indoor 2-ChIJxZ6UmMW-yRIRfYNGGPPJfIU Le 13 - Foot en salle - Marseille-ChIJR62kUm_ByRIRDnGQqGCeUVQ
08/02/2024;18:30 19:00 19:30;xGAVW9gIGPNUPaiDV3DJ;1 2 3 4 5;UrbanSoccer - Puteaux-ChIJM_sC0-Nk5kcRhL1y_EFIje8 UrbanSoccer La Défense-ChIJh4rnfVhk5kcRV2Q-ZKdm8vA
09/03/2024;14:00 14:30 15:00 15:30 16:00 16:30 17:00 17:30 18:00 18:30 19:00 19:30 20:00 20:30 21:00 21:30 22:00 22:30 23:00 23:30;xJLUUZYtH25WcBXz7opL;1 2 3 4 5 6 7;LE FIVE Créteil-ChIJ88lx3VwL5kcRVxCh4lD6_Gk Power Five-ChIJ6ULNmyh15kcRV9cjbnBjGr8 LE FIVE Champigny-ChIJsXi1PLYN5kcRTVVDuczgS2s VERSUSFOOT Thiais-ChIJn2R2NT905kcRjqB29qldBxk UrbanSoccer - Quai d'Ivry-ChIJfXxYJ0xy5kcRw9xTkF6-FZQ Stadium Thiais-ChIJ64X9jzx05kcRsHvSfOv6UcA LE PARK Noisy-ChIJdUHbID8O5kcRV5lQhiHTvhs LE PARK Servon-ChIJMU8gErUJ5kcRSnpvacKwFtM LE FIVE Montreuil-ChIJJdTQjr0T5kcRZmGxtIJVy44 LE FIVE Paris 13-ChIJ_bOSChhz5kcRZMTeq_6Gdzg UrbanSoccer - Marne-La-Vallée-ChIJ6bDBiosP5kcROXiloHzSdhc Speed Soccer Five-ChIJ2xTNglV25kcR3UDi4AXGfDU LE FIVE Bobigny-ChIJV8UONORs5kcRXxR5Qd7x130 LE FIVE Morangis-ChIJA4uAhOXZ5UcRp-vZXZP-ovY Footbox-ChIJY-WkusIR5kcR-tEad3UtaSQ LE FIVE Paris 18-ChIJPVT4_n1u5kcRzji6FdTBXXo LE FIVE Villette-ChIJTUFnQjps5kcR0pHITLTw1PI UrbanSoccer - Porte d'Aubervilliers-ChIJ0dXjDCZs5kcRvX0EpMwxsUY UrbanSoccer Evry-ChIJW0Ut1G7e5UcRt621n2fRQ5M B14 - Sports et Loisirs Indoor-ChIJaeLKMYXe5UcRHyWJ8X8FaPA
18/03/2024;19:00 19:30 20:00 20:30 21:00 21:30;xYVEyngiIjfoIiVQ3kvT;3 6 7;Top Ten-ChIJfXprBx4b5kcRmhe-5pLZUek OHSPORT-ChIJHeG9fA4X5kcRbGNzVY5Ud5I
20/03/2024;21:00 21:30;xes5A2gnWm1cw94rXtQG;5;Game 13 foot indoor-ChIJNSDvlsXryRIRUXao9hwB79I
17/02/2024;23:00 23:30 22:00 22:30 21:00 21:30 20:30 20:00 19:30 19:00 18:00 18:30 17:30 17:00 16:00 16:30 15:30 14:00 14:30 13:30 13:00 12:00 12:30 15:00 11:30;xgZXtxCT6V4PJMitl43l;7 6 5 4 3 2 1;UrbanSoccer - Asnières-ChIJi5LkLT9v5kcRSlhScqEFNWs Élite 5 Soccer-ChIJ5-jfdlZk5kcRYIaELgvikaM UrbanSoccer La Défense-ChIJh4rnfVhk5kcRV2Q-ZKdm8vA LE FIVE Paris 17-ChIJ7eI8sFNv5kcR5xy52Wc57NU LE FIVE Bezons-ChIJ71Mv0Wpk5kcRg-H9x7L-dXo UrbanSoccer - Puteaux-ChIJM_sC0-Nk5kcRhL1y_EFIje8 Foot-Max Argenteuil-ChIJi9oIzaRm5kcRJYcK7QsdRMU UrbanSoccer - Porte d'Aubervilliers-ChIJ0dXjDCZs5kcRvX0EpMwxsUY
16/03/2024;17:00 17:30 18:00 18:30 19:00 19:30 20:00 20:30 21:00 21:30 22:00 22:30 23:00 23:30;xhBLpc94igdUyc7oe87k;1 2 3 4 5 6 7;Futsal Court-ChIJt31oj5FlXz4R0KeOf7pxbaA Al Wasl Football Academy Dubai-ChIJx9NUOlJdXz4RqS-zvg62-e0 Footlab Dubai-ChIJP6Mkdr9tXz4RpX18jVNpJhI Al Wasl Indoor Stadium-ChIJI5LV71JdXz4RzN0zGEm7TfY The Football Center Dubai-ChIJZY-JAOxvXz4RaDPgn1jEgNU Football Center-ChIJZ7tRbypqXz4R5i96dEM4WG4 Football Ground-ChIJGepUjxldXz4RepruCo5jD9E Football ground-ChIJRzG9VLprXz4Rkjr2cAsZLxA Garden ABUHAIL-ChIJ_aQw8ZJcXz4R7WhtZO_ldV8 football stadium-ChIJ43HjLgUOXz4R_1l32TiT-G0 DIP Soccer Ground-ChIJlXtBTn5zXz4RMDjFjtQzbo8 Football Grounds-ChIJD2DRtyFhXz4RgKLWXrG_AXo Dubai Scholars school- Football field-ChIJAy0Vdl5cXz4Rf715PYmxog8 STADIUM-ChIJfdppSUNlXz4RI9hYmaI0-MQ Terrain de football-ChIJRWYoxFhgXz4ROyqlKcsmVcU AHDAAF SPORTS CLUB - ALQOUZ.-ChIJNezLq2lpXz4Rkh7EgOuQ9BM Dubai Police Club Stadium-ChIJ16fGgE9dXz4Rj4Ffvfq4FGE Dubai Design District Stadium-ChIJSVbIVABpXz4Rca40qeSCCgw Dubai International Cricket Stadium-ChIJU112c9ptXz4RiAfe93pap5c Fives football field-ChIJNYMjt-dtXz4RT3l1P6gwpqU
22/02/2024;19:00 19:30 20:00 20:30;xkhMlkrDCrlwSQ1v8e80;4 2 5 6 7 1;LE FIVE Orléans Fleury-ChIJsYfwe3n75EcRnjpH9sw356Q LE FIVE Orléans Ingré-ChIJzUFPDv_v5EcRG6gmhm_t_HA
12/03/2024;20:00 20:30 21:00;xko54XMSa5sG2sp3AIPh;3 4;LE FIVE Paris 18-ChIJPVT4_n1u5kcRzji6FdTBXXo LE FIVE Villette-ChIJTUFnQjps5kcR0pHITLTw1PI LE FIVE Paris 17-ChIJ7eI8sFNv5kcR5xy52Wc57NU
17/02/2024;19:00 19:30 20:00 20:30 18:00 22:00 21:00 21:30 18:30;xlFFxfSnU5Ails7wIcaw;1 2 4 5;Sport dans la Ville Rhône-Alpes-ChIJoUEDcmvr9EcRILCz6hDCQ2o
19/02/2024;15:00 16:00 17:00 15:30 16:30 17:30 18:00 18:30 19:00 19:30 20:00 20:30 21:00 21:30 22:00 22:30;xrHZc7Nb6PRWzJSkTb6G;1 2 3 4 5 6 7;LE FIVE Champigny-ChIJsXi1PLYN5kcRTVVDuczgS2s UrbanSoccer - Marne-La-Vallée-ChIJ6bDBiosP5kcROXiloHzSdhc LE PARK Complexe Multisports-ChIJdUHbID8O5kcRV5lQhiHTvhs LE FIVE Créteil-ChIJ88lx3VwL5kcRVxCh4lD6_Gk Top Ten-ChIJfXprBx4b5kcRmhe-5pLZUek
07/03/2024;19:00 14:00 14:30 15:00 16:00 15:30 16:30 17:30 17:00 18:00 18:30 20:30 19:30 20:00 21:00 21:30;xsROmOb7pz35ADPO1hN9;6 3;UrbanSoccer - Toulouse Sept Deniers-ChIJk5nUBdOkrhIRP-1aUJzo-lA UrbanSoccer - Toulouse Montaudran-ChIJl772e0u8rhIR2foRX4Xa2CI Play Soccer-ChIJQ-UxZn-5rhIRKWoQydM5T9s LE FIVE Colomiers-ChIJ8wxhgGexrhIRm698kMPQIRw Events Five-ChIJf8cSCJG5rhIRoQadPH-wW1U Classico Foot-ChIJFV442oCxrhIRgsZy5aIbkNs
11/02/2024;12:00 12:30 13:00 13:30 14:00 14:30 15:00 15:30 16:00 17:30 17:00 16:30 18:30 18:00 19:00 19:30 20:00 20:30;xyUYK2piUCQkbwveeYli;1 3 5;LE FIVE Morangis-ChIJA4uAhOXZ5UcRp-vZXZP-ovY UrbanSoccer Evry-ChIJW0Ut1G7e5UcRt621n2fRQ5M Cité des Sports-ChIJ70UPf6R75kcRGb3NAV9k7Ww
18/02/2024;19:00 19:30 18:30 18:00;y0ypnrKyj082r0Kiu7wd;7;LE FIVE Bezons-ChIJ71Mv0Wpk5kcRg-H9x7L-dXo Foot-Max Argenteuil-ChIJi9oIzaRm5kcRJYcK7QsdRMU UrbanSoccer La Défense-ChIJh4rnfVhk5kcRV2Q-ZKdm8vA
02/03/2024;18:00 18:30 19:00 19:30 20:00;y1YQB3SMXtOCTibM8xzS;1 2 3 4;Monclub Futbol-ChIJGbxxaamUyRIRgGvhHnhJStA Z5 Aix-ChIJKb-U_9KSyRIRKIFKbH5mW18
02/03/2024;9:00 9:30 10:00 10:30 11:00 11:30 12:00 12:30 13:00 13:30 14:00 14:30 15:00 15:30 16:00 16:30 17:30 17:00 18:00 18:30 19:00;y2ja9fZiGtza3YBTyJFK;6;LE FIVE Bobigny-ChIJV8UONORs5kcRXxR5Qd7x130 LE FIVE Montreuil-ChIJJdTQjr0T5kcRZmGxtIJVy44 UrbanSoccer - Porte d'Aubervilliers-ChIJ0dXjDCZs5kcRvX0EpMwxsUY LE FIVE Paris 18-ChIJPVT4_n1u5kcRzji6FdTBXXo LE FIVE Marville - La Courneuve-ChIJ2dHdMZxr5kcR0aKYHYsp0pY
15/03/2024;19:00 23:30 19:30 20:00 20:30 21:00 21:30 22:00 22:30 23:00;y3ovKFExCK2EXvVOO1Zp;1 2 3 4 5 6 7;Sport dans la Ville Rhône-Alpes-ChIJoUEDcmvr9EcRILCz6hDCQ2o F5 Foot Five-ChIJjUbM5G7A9EcRW3mlkrhyXxY We Are Sports-ChIJFZU5oBHC9EcRJTFrSkI1xxg UrbanSoccer - Lyon Parilly-ChIJx3FQWjLC9EcRrrQb2eV7i_4 LE 5 DE LEGENDE-ChIJAQNaA3nc9EcRYvB35x41mBs UrbanSoccer - Lyon Barolles-ChIJN4l-IC3v9EcRf9QJKIVC_aY LE FIVE OL-ChIJmz3whejH9EcR3j9ApNRukKE Sun Set Soccer-ChIJ-2jOt33D9EcRLZL2mS5Gvz4 Factory Sport Games-ChIJNcDntQGO9EcR3CbXF7xfc5o
25/02/2024;17:00 18:00 19:00 20:00 21:00 22:00 23:00 17:30 18:30 19:30 20:30 21:30 22:30 23:30 16:30 16:00;y4nxLFFPZjQHfJ5vs2Bn;7 6;UrbanSoccer - Lille Lezennes-ChIJR3ro5nTWwkcRfM_S3Be9HjI Footsal Cousinerie-ChIJXQyb1d8pw0cRLO_Ed5xHTIQ
09/02/2024;20:00 19:00 18:00 21:00 22:00 18:30 19:30 20:30 21:30 22:30;y6U9JGbB7WyWhAFBlaLn;5;LE FIVE Bezons-ChIJ71Mv0Wpk5kcRg-H9x7L-dXo Élite 5 Soccer-ChIJ5-jfdlZk5kcRYIaELgvikaM UrbanSoccer La Défense-ChIJh4rnfVhk5kcRV2Q-ZKdm8vA UrbanSoccer - Puteaux-ChIJM_sC0-Nk5kcRhL1y_EFIje8
22/02/2024;0,833333333;yEGriSGeM2BD8qJ2RbyP;1;UrbanSoccer La Défense-ChIJh4rnfVhk5kcRV2Q-ZKdm8vA UrbanSoccer - Puteaux-ChIJM_sC0-Nk5kcRhL1y_EFIje8 LE FIVE Bezons-ChIJ71Mv0Wpk5kcRg-H9x7L-dXo
05/03/2024;17:00 18:00 19:00 19:30;yEPropCnOHoabtBowTGx;1 2 3 4 5 6 7;UrbanSoccer - Montpellier-ChIJVXFMq4ylthIRtrZPBHOMTAc Insport Montpellier - Près d'arènes-ChIJJWIca-qvthIRHxcGJpAq4kA
26/02/2024;17:30 21:30 20:30 19:30 18:30 13:30 14:30 15:30 16:30 12:30 11:30 16:00 17:00 18:00 19:00 21:00 20:00 15:00 14:00 13:00 12:00 11:00;yHFuUTirRLj4L7ofQMV3;1 2 3 4 5 6 7;LE FIVE Bobigny-ChIJV8UONORs5kcRXxR5Qd7x130 LE FIVE Villette-ChIJTUFnQjps5kcR0pHITLTw1PI
17/03/2024;11:00 12:00 13:00 14:00 15:00 16:00 17:00 9:00 10:00 18:00 19:00 20:00 21:00 22:00 23:00 9:30 10:30 11:30 12:30 13:30 14:30 15:30 16:30 19:30 18:30 17:30 20:30 21:30 22:30 23:30;yL1CZAQE5C5uvjm0133R;7 6 5 4 3 2 1;LE FIVE Paris 18-ChIJpVT4_n1u5kcRzji6FdTBXXo LE FIVE Villette-ChIJTUFnQjps5kcR0pHITLTw1PI LE FIVE Paris 17-ChIJ7eI8sFNv5kcR5xy52Wc57NU LE FIVE Paris 13-ChIJ_bOSChhz5kcRZMTeq_6Gdzg paris Acasa futsal-ChIJXQGY4Ylt5kcRvsrZnUrIO5U
25/02/2024;18:00 19:00 20:00 21:00 22:00;yMPCJZ1wcIzWXlDfKvYN;7 6 5;UrbanSoccer Evry-ChIJW0Ut1G7e5UcRt621n2fRQ5M
18/02/2024;23:00 23:30 22:00 22:30 21:00 21:30 20:00 20:30 19:00 19:30 18:00 18:30 17:00 17:30 16:00 16:30 15:00 15:30 14:00 14:30 13:30 13:00 12:00 12:30 11:30 10:30 10:00 11:00 9:00 9:30;yPgurX1I7mCbka50Cttf;3 4 5 6 7;UrbanSoccer La Défense-ChIJh4rnfVhk5kcRV2Q-ZKdm8vA UrbanSoccer - Puteaux-ChIJM_sC0-Nk5kcRhL1y_EFIje8
15/03/2024;17:00 17:30 18:00 18:30 19:00 19:30 20:30 20:00 21:00 21:30;yQRJ43bnUc02nvMiOGzG;6 5;UrbanSoccer La Défense-ChIJh4rnfVhk5kcRV2Q-ZKdm8vA UrbanSoccer - Puteaux-ChIJM_sC0-Nk5kcRhL1y_EFIje8 LE FIVE Paris 17-ChIJ7eI8sFNv5kcR5xy52Wc57NU LE FIVE Paris 18-ChIJPVT4_n1u5kcRzji6FdTBXXo
03/03/2024;16:00 17:00 18:00 19:00 20:00 21:00;yXdMW6rKPBq7TVDo4oWr;7 1 2 3 4 5 6;LE FIVE Créteil-ChIJ88lx3VwL5kcRVxCh4lD6_Gk LE FIVE Paris 13-ChIJ_bOSChhz5kcRZMTeq_6Gdzg
20/03/2024;22:30 23:00 23:30;ycn7qHgk96z0ILWtuB3i;1 2 3 4 5 6 7;Foot POWER 5-ChIJuTCIFshm5kcRBtEQJ76dAzc Foot-Max Argenteuil-ChIJi9oIzaRm5kcRJYcK7QsdRMU Le Street Foot en Salle-ChIJt_AXL6Jg5kcRu6rBmnrmeUM Kaiser Park-ChIJsRLZzKFg5kcRBCfNws9nssw UrbanSoccer - Asnières-ChIJi5LkLT9v5kcRSlhScqEFNWs
05/03/2024;14:00 14:30 15:00 15:30 16:00 16:30 17:00 17:30 18:00 18:30 19:00 19:30 20:00 20:30;yfVUl45Poo2m6sFL9zf3;7 6;Foot-Max Argenteuil-ChIJi9oIzaRm5kcRJYcK7QsdRMU UrbanSoccer La Défense-ChIJh4rnfVhk5kcRV2Q-ZKdm8vA LE FIVE Bezons-ChIJ71Mv0Wpk5kcRg-H9x7L-dXo
02/03/2024;18:30 19:00 19:30 20:00 20:30;yi8lzAZBIPPKI9odDGZL;4;Stadium Thiais-ChIJ64X9jzx05kcRsHvSfOv6UcA LE FIVE Morangis-ChIJA4uAhOXZ5UcRp-vZXZP-ovY
07/02/2024;9:00 9:30 10:30 10:00 11:00 11:30 12:30 13:00 13:30 14:00 14:30 12:00 15:00 15:30 16:30 17:00 17:30 16:00 18:00 18:30;yiKfXTJf7v1EVC1hvLzW;1 2 3 4 5 6 7;LE FIVE Paris 13-ChIJ_bOSChhz5kcRZMTeq_6Gdzg
21/02/2024;9:00 10:00 10:30 11:00 12:00 13:00 14:00 13:30 14:30 15:00 15:30 16:00 16:30 17:00 17:30 18:00 18:30 19:00 19:30 12:30 11:30 20:00 20:30 21:00 21:30 22:00 22:30 23:00 23:30 9:30;yjUlgoW5RRJGjPMfwTVB;1 2 3 4 5 6 7;UrbanSoccer - Puteaux-ChIJM_sC0-Nk5kcRhL1y_EFIje8 LE FIVE Bezons-ChIJ71Mv0Wpk5kcRg-H9x7L-dXo
05/03/2024;19:00 21:30;yqX2W1lSDX9vwSakUVN0;1 2 3 4 5 6 7;LE FIVE Marville - La Courneuve-ChIJ2dHdMZxr5kcR0aKYHYsp0pY UrbanSoccer - Asnières-ChIJi5LkLT9v5kcRSlhScqEFNWs
16/02/2024;9:00 9:30 10:30 10:00 11:30 11:00 12:00 12:30 13:00 13:30 14:00 14:30 15:00 15:30 16:00 16:30 17:00 17:30 18:30 19:00 18:00 19:30 20:00 20:30 21:00;yuvbNxV4cABfGaKrJq59;6 7;LE FIVE Rouen-ChIJc7A1v4ne4EcRyi0mTJfk2WI Le Temple du Foot-ChIJX6tTCaTg4EcREj-uKrMtLMc
12/03/2024;0,791666667;z2PAV4Y41G8ObRlLwpT0;2 1 3 4 5 6 7;Arena Club-ChIJeWJWRjYvw0cRbnJR4ZXAKMA
08/02/2024;18:30 19:00 19:30 18:00 20:00;zApNPRb7evwawlq7m3zL;1 3 2 4 5;Evolution Football-ChIJX0YulIi8yRIRnGh62u3UXTQ FOOT INDOOR Marseille-ChIJ41AMCxC8yRIRLHLGt11sc-U
03/02/2024;20:00 20:30 19:30;zBoTL340bpAvYVmg8UDz;1 2 3 4;Z5 Aix-ChIJKb-U_9KSyRIRKIFKbH5mW18
25/02/2024;17:00 17:30 18:00 18:30 19:00 19:30 20:00 20:30 21:00 21:30 22:00;zBqSvKFG8SElawmoqVc1;1 2 4 7;LE FIVE Champigny-ChIJsXi1PLYN5kcRTVVDuczgS2s LE PARK Noisy-ChIJdUHbID8O5kcRV5lQhiHTvhs LE FIVE Créteil-ChIJ88lx3VwL5kcRVxCh4lD6_Gk LE FIVE Paris 13-ChIJ_bOSChhz5kcRZMTeq_6Gdzg LE FIVE Paris 18-ChIJPVT4_n1u5kcRzji6FdTBXXo
22/02/2024;9:30 10:00 11:30 12:00 13:30 14:00 15:30 16:00 17:30 18:00 19:30 20:00 21:30 22:00 23:30;zBzR1uG1au9bTcZYDeWx;1 2 3 4 5 7 6;UrbanSoccer - Toulouse Sept Deniers-ChIJk5nUBdOkrhIRP-1aUJzo-lA UrbanSoccer - Toulouse Montaudran-ChIJl772e0u8rhIR2foRX4Xa2CI Play Soccer-ChIJQ-UxZn-5rhIRKWoQydM5T9s LE FIVE Colomiers-ChIJ8wxhgGexrhIRm698kMPQIRw Events Five-ChIJf8cSCJG5rhIRoQadPH-wW1U Classico Foot-ChIJFV442oCxrhIRgsZy5aIbkNs
10/02/2024;9:30 9:00 10:30 10:00 11:00 11:30 12:00 12:30 13:00 13:30 14:00 14:30 15:00 15:30 16:00 16:30 17:00 17:30 18:00 18:30 19:00 19:30 20:00 20:30 21:00;zF64cTNf2aHwOQ9kC4sZ;6 7 1 2 3 4 5;UrbanSoccer - Lyon Parilly-ChIJx3FQWjLC9EcRrrQb2eV7i_4 We Are Sports-ChIJFZU5oBHC9EcRJTFrSkI1xxg US VÉNISSIEUX FOOTBALL-ChIJ1bvOA0XC9EcR-p9t5vGnv60 Bubble Foot Lyon-ChIJ1bKvSv3D9EcRM2JRwwr4974 Stade Laurent Gérin-ChIJj-Dji0_C9EcRln2BuGTuHME Stade Auguste Delaune-ChIJrbJ1o3zC9EcRsyyBXWstqR0 Stade de Parilly-ChIJZzsa8iXC9EcRn_2jARc6tio Four Five-ChIJHyIRHpHD9EcR52I9ynbJqWg Ancien Matmut Stadium-ChIJGfHnzxzC9EcRIIgmCpkEiu4 Stade du Rhône-ChIJuzsWS9XD9EcRGW2BfsxPi-o Jorkyball Club Lyon foot 2 contre 2-ChIJiV0p1RTq9EcRMO6ggtkqFPQ LE FIVE OL-ChIJmz3whejH9EcR3j9ApNRukKE Sport dans la Ville Rhône-Alpes-ChIJoUEDcmvr9EcRILCz6hDCQ2o F5 Foot Five-ChIJjUbM5G7A9EcRW3mlkrhyXxY LE 5 DE LEGENDE-ChIJAQNaA3nc9EcRYvB35x41mBs Sun Set Soccer-ChIJ-2jOt33D9EcRLZL2mS5Gvz4 UrbanSoccer - Lyon Barolles-ChIJN4l-IC3v9EcRf9QJKIVC_aY
19/02/2024;0,833333333;zJjZ5u4m6FW4jrJPcdBb;1;Champions Five-ChIJX7pTGkosi0cR22J6MKLnxdw
11/02/2024;18:00 18:30 19:00 19:30;zKUIjBBH7l2OguQkKEVk;1 2 3 4;LE FIVE OL-ChIJmz3whejH9EcR3j9ApNRukKE
17/03/2024;19:00 19:30 20:00 20:30 21:00 21:30;zMNoUGj4wnBckkUhvwT6;2 5 6 7;LE FIVE Paris 17-ChIJ7eI8sFNv5kcR5xy52Wc57NU LE FIVE Paris 13-ChIJ_bOSChhz5kcRZMTeq_6Gdzg LE FIVE Paris 18-ChIJPVT4_n1u5kcRzji6FdTBXXo LE FIVE Montreuil-ChIJJdTQjr0T5kcRZmGxtIJVy44 UrbanSoccer - Porte d'Aubervilliers-ChIJ0dXjDCZs5kcRvX0EpMwxsUY UrbanSoccer - Asnières-ChIJi5LkLT9v5kcRSlhScqEFNWs UrbanSoccer - Puteaux-ChIJM_sC0-Nk5kcRhL1y_EFIje8 UrbanSoccer La Défense-ChIJh4rnfVhk5kcRV2Q-ZKdm8vA
11/02/2024;19:30 19:00 20:00 20:30;zU6N7UCELe6tZt3Myi17;1 2;UrbanSoccer La Défense-ChIJh4rnfVhk5kcRV2Q-ZKdm8vA
13/02/2024;18:00 19:00 20:00;zUGTRz7KhHfwcD6jvXEb;3;UrbanSoccer - Toulouse Sept Deniers-ChIJk5nUBdOkrhIRP-1aUJzo-lA UrbanSoccer - Toulouse Montaudran-ChIJl772e0u8rhIR2foRX4Xa2CI Play Soccer-ChIJQ-UxZn-5rhIRKWoQydM5T9s Football Club Canal Nord-ChIJUWl9VAmmrhIRQyMvNuDZ5kk Aréna Play Five-ChIJySfzPTumrhIRZbsv4NCBrS0
10/03/2024;13:30 14:00 14:30 15:00 15:30 16:00 16:30 17:00 17:30 18:00 18:30 19:00 19:30 20:00 20:30 21:00 21:30 22:00 22:30;zUziH4c7MTCWfigegEpX;1 2 3 4 5 6 7;Le Street Foot en Salle-ChIJt_AXL6Jg5kcRu6rBmnrmeUM
03/02/2024;12:00 12:30 13:00 11:30;zZWqt0Z1m0c1vkQw92y1;1 2;UrbanSoccer Meudon-ChIJ0WKvjbh75kcRoqSmyWwW2jQ Urban Football Meudon-ChIJFeLBC2N75kcRyM1mlEZ3HjM
20/02/2024;11:00 11:30 12:00 12:30 13:00 15:00 14:30 14:00 13:30 15:30 16:00 16:30 17:00 17:30 18:00 18:30 19:30 19:00 20:00;zdTLo1jKTeYMMb1tnNZU;1 2 3 4 5;UrbanSoccer - Toulouse Montaudran-ChIJl772e0u8rhIR2foRX4Xa2CI
09/03/2024;11:00 11:30 12:00 12:30 13:00 13:30 14:00 14:30 15:00 15:30 16:00 16:30 17:00 17:30 18:00 18:30 19:00 19:30 20:30 21:00 20:00 22:00 21:30 22:30 23:30 23:00;zgX2jSYTKrPcWswIelBo;7 6 4 3;LE FIVE Paris 17-ChIJ7eI8sFNv5kcR5xy52Wc57NU LE FIVE Paris 18-ChIJPVT4_n1u5kcRzji6FdTBXXo
01/03/2024;20:00 20:30 21:00 21:30 19:30;znEg7H4tUuaufzVpnpgM;5 1 2 3 4 6 7;Play Soccer-ChIJQ-UxZn-5rhIRKWoQydM5T9s UrbanSoccer - Toulouse Montaudran-ChIJl772e0u8rhIR2foRX4Xa2CI
17/03/2024;20:30 20:00 21:00 21:30 22:00 23:00 23:30 22:30 19:00 19:30;zr2WSSs6QaYXtQTwMgqa;1 2 3 4 5 6 7;Classico Foot-ChIJFV442oCxrhIRgsZy5aIbkNs Events Five-ChIJf8cSCJG5rhIRoQadPH-wW1U LE FIVE Colomiers-ChIJ8wxhgGexrhIRm698kMPQIRw Play Soccer-ChIJQ-UxZn-5rhIRKWoQydM5T9s UrbanSoccer - Toulouse Montaudran-ChIJl772e0u8rhIR2foRX4Xa2CI UrbanSoccer - Toulouse Sept Deniers-ChIJk5nUBdOkrhIRP-1aUJzo-lA
17/03/2024;18:00 18:30 19:00 19:30 20:00 20:30 21:00 21:30 22:00 22:30 23:30 23:00;ztfLzvV5sahuQLI6d2Cp;1 2 3 4 5 6 7;LE FIVE Paris 13-ChIJ_bOSChhz5kcRZMTeq_6Gdzg
17/03/2024;14:00 14:30 15:00 15:30 16:00 16:30 17:00 17:30 18:00 18:30 19:00 19:30 20:00 20:30 21:00 21:30 22:00 22:30 23:00 23:30;zu2MamvO8OnWE5HzTfJA;7 1 2 4;UrbanSoccer La Défense-ChIJh4rnfVhk5kcRV2Q-ZKdm8vA UrbanSoccer - Puteaux-ChIJM_sC0-Nk5kcRhL1y_EFIje8 LE FIVE Bezons-ChIJ71Mv0Wpk5kcRg-H9x7L-dXo UrbanSoccer - Asnières-ChIJi5LkLT9v5kcRSlhScqEFNWs
08/03/2024;20:00 20:30 21:00 21:30;zvJiipKLsXZg15FwbjGG;5 6 7;LE FIVE Créteil-ChIJ88lx3VwL5kcRVxCh4lD6_Gk
22/02/2024;0,625;zwV7mvNjdevy6fVNAlun;1 2 3 4 5 6 7;UrbanSoccer - Rennes Cap Malo-ChIJ-Ro0hr3nDkgRA0q2y4bBD30