DOC_ID,CENTRE,STATUS,TYPE,PLACE_ID,LOCATION,DATE,DURATION,PRICE,VISIBILITY,GOLD_EXCLUSIVE,MOOD,LEVEL,ORGANIZER,ATTENDEES,MAX_PLAYERS,GOOD_PLAYERS,LATE_PLAYERS,NO_SHOW_PLAYERS,RUDE_PLAYERS,INTERESTED
00DGQXeWqAz0UDraRIyX,UrbanSoccer - Lyon Barolles,canceled,captain,ChIJN4l-IC3v9EcRf9QJKIVC_aY,45.6837539&4.7725939,2024-01-31T17:30:00.000Z,60,9.5,public,true,Détente,3,QZkoFqXhHCYRkY6JIU2zhWVTjrf2,9,10,0,0,0,0,0
00LwjmzZM54oiCeZpqUz,LE PARK Complexe Multisports,canceled,captain,ChIJdUHbID8O5kcRV5lQhiHTvhs,48.8337843&2.5728501,2024-02-03T09:15:00.000Z,90,10.5,public,false,Détente,2,9dfxOVkH5hUeQBphmBdnpqnF6JD3,10,10,0,0,0,0,0
00pmhG4IkKds1ZDVdsso,Foot POWER 5,canceled,pro,,48.960066&2.2061913,2024-02-06T17:00:00.000Z,90,5,public,false,,,sss3dYi6nzWd7rEjwcQ30LGKudj1,0,10,0,0,0,0,0
01jD9vZcBDyWmvyuUi4d,Complexe sportif de l'île des Vannes,published,captain,ChIJTZWfSNNv5kcRmHP3Tz0AJ6A,48.9188419&2.3245603,2024-02-11T15:45:00.000Z,120,,public,false,Détente,4,Csrh8EMzKaZCCcCZeEhs2tGGZRr1,15,16,0,0,0,0,0
02VnHmYYH6sbXXDTODQa,Stadium Thiais,hidden,pro,ChIJ64X9jzx05kcRsHvSfOv6UcA,48.7511024&2.3713455,2024-02-09T19:30:00.000Z,90,15,public,false,,,psf3NmXEPwdCltHKJC7VuvJocrF3,0,12,0,0,0,0,1
02oYRZOn2hoOvj1GYNYI,LE FIVE Montreuil,played,captain,ChIJJdTQjr0T5kcRZmGxtIJVy44,48.8607303&2.4650432,2024-02-16T19:00:00.000Z,60,11,public,false,Détente,2,OSQT5gb0Z5ZECKUkDBdExpQsTAt1,10,10,3,0,0,0,2
03jCUUDgnvIJmGI1aTpZ,Stade René Rousseau,canceled,captain,ChIJW8VHHR5x5kcRd0HZj0ue2J0,48.8004766&2.3162301,2024-02-03T18:30:00.000Z,60,,public,false,Compétition,3,NRgkwdg1YybP9ZmtB5S7CHLR0rt1,2,10,0,0,0,0,0
07Z3DpIFAKDNjltMy6W4,LE FIVE Paris 17,played,captain,ChIJ7eI8sFNv5kcR5xy52Wc57NU,48.900032&2.3213449,2024-02-15T19:00:00.000Z,60,12,public,true,Détente,3,7UQsJI5HsCc20DDCu4vV95Wz1wJ2,10,10,2,0,1,0,1
08Zp0qD4ZAdUqoFvMtdn,Stade Élisabeth,played,captain,ChIJkXj9tq5x5kcROlxynHzTh9o,48.8207737&2.3270972,2024-01-31T19:45:00.000Z,60,2,public,false,Détente,1,8i5faoQkJ4YSkhRB5skPBLiEh1G3,14,14,4,0,0,0,6
09FVWQ33bZwuLRgheAiW,Stadium Thiais,played,pro,ChIJ64X9jzx05kcRsHvSfOv6UcA,48.7511024&2.3713455,2024-01-31T21:00:00.000Z,90,14,public,false,,,psf3NmXEPwdCltHKJC7VuvJocrF3,10,10,4,0,0,1,1
0Bxzdf9PgpAkyYQWKOcV,UrbanSoccer La Défense,played,captain,ChIJh4rnfVhk5kcRV2Q-ZKdm8vA,48.8996456&2.2216773,2024-02-16T18:00:00.000Z,60,15,public,true,Compétition,5,1CFh6t2f5UazSJwlC4OFZyh3EoV2,10,10,2,0,0,0,0
0CobgVmYUQp1TA5LzROe,Halle Georges Carpentier,published,captain,ChIJnXkSwCty5kcR-nlHXNFQlg4,48.82020139999999&2.3672361,2024-02-19T14:30:00.000Z,120,,public,false,Détente,2,FYfgfT1shkXXyaMI4sZTA7d9Qdw2,1,12,0,0,0,0,0
0DEKlSnSJDyZIOCcXTiQ,Halle Georges Carpentier,published,captain,ChIJnXkSwCty5kcR-nlHXNFQlg4,48.82020139999999&2.3672361,2024-02-12T14:30:00.000Z,120,,public,false,Détente,,FYfgfT1shkXXyaMI4sZTA7d9Qdw2,4,12,0,0,0,0,2
0FEQfPCLdRNmCoOBLOD5,La Plaine des Sports - Université Paris-Saclay,canceled,captain,ChIJv4ZkWb5_5kcRkQ23aJHNq24,48.71200899999999&2.1560772,2024-02-11T14:00:00.000Z,90,,public,false,Détente,3,s1eo4MV4gLdD17mf1RxuRaEJ7612,16,16,0,0,0,0,0
0Gng63Jo4lWk79qXzxak,Complexe sportif Arrighi - Stade - Gymnase - Tennis,played,captain,ChIJdY7UfIRz5kcRyDIR404fW5A,48.7830911&2.3989573,2024-02-15T19:00:00.000Z,120,,private,false,Détente,4,5v9WX6HkohWW6s4r8BR39p1iJxu1,16,16,8,0,0,0,3
0HYYaFddLdK15GZBWWPs,Parc Sainte Barbe,played,captain,ChIJtw301r5w5kcRvRjidiuAyaw,48.7922897&2.2913469,2024-02-01T12:00:00.000Z,120,,public,false,Détente,4,rzC8A0bd4afb9AWrHKlCPT9461y1,16,16,12,0,0,12,2
0IdWKtGl31brXm3zdrXC,Massilia Foot Indoor 2,canceled,captain,ChIJxZ6UmMW-yRIRfYNGGPPJfIU,43.3266563&5.3836488,2024-02-16T20:00:00.000Z,60,10,public,false,Détente,3,OArLthkKM4gEcA8qItrfPvJY4HI3,7,10,0,0,0,0,0
0JLl6YWydBCgCC5hUna4,UrbanSoccer La Défense,played,captain,ChIJh4rnfVhk5kcRV2Q-ZKdm8vA,48.8996456&2.2216773,2024-01-31T19:45:00.000Z,60,15,public,true,Détente,3,ujrkM923ZkZfdxOxjC0wVMcRqxw1,10,10,2,0,0,0,3
0KdVGZV1jSWm23pw5UHC,Z5 Aix,played,captain,ChIJKb-U_9KSyRIRKIFKbH5mW18,43.4787869&5.3969048,2024-02-04T18:00:00.000Z,60,11,public,false,Détente,,XgMQLOLWkfdQq8BZDtEpH1cah8U2,10,10,3,0,0,0,0
0L7A0E8Q24uSVqU6MjN8,UrbanSoccer - Porte d'Aubervilliers,canceled,captain,ChIJ0dXjDCZs5kcRvX0EpMwxsUY,48.9074912&2.3746518,2024-01-30T19:15:00.000Z,45,12,public,true,Compétition,2,f4ONjQqLUCeKawfjjxJqtdoFLXd2,10,10,0,0,0,0,0
0LBNiGH2YSqSbL3SE5mC,"Plateau sportif Langevin, Gennevilliers",canceled,captain,ChIJufyQ7mpv5kcR-d-H3ZeTPb4,48.9278928&2.2874652,2024-02-01T17:45:00.000Z,60,,public,false,Compétition,,IPBsO07hSPQnWzruNVQADGFnN7F2,8,10,0,0,0,0,1
0NYfjxth2KwFOLnpxABG,Footbox,published,pro,ChIJY-WkusIR5kcR-tEad3UtaSQ,48.9022789&2.582647,2024-02-19T19:00:00.000Z,60,10,public,false,,,QI89VPazyLhBVnWH871jk4BUEZI3,3,10,0,0,0,0,0
0PJK3jzjGNjHPxMgDrrZ,GOPARK INTERIEUR - Paintball et trampolines parc,canceled,captain,ChIJ2cJmdhf15kcRQ4mUOxIVzd0,49.045624&2.0799886,2024-02-11T18:30:00.000Z,60,11,public,false,Détente,2,76YZWwA4HoUFuVSt6tlq1D1B1tk2,10,10,0,0,0,0,0
0QvkvdIx6EyhFZqucZ8F,Foot POWER 5,canceled,pro,,48.960066&2.2061913,2024-01-31T17:00:00.000Z,90,5,public,false,,,sss3dYi6nzWd7rEjwcQ30LGKudj1,0,10,0,0,0,0,0
0RFUN2nGaUKa5sQGNo3V,UrbanSoccer La Défense,canceled,captain,ChIJh4rnfVhk5kcRV2Q-ZKdm8vA,48.8996456&2.2216773,2024-02-11T10:30:00.000Z,90,22,public,true,Détente,3,k1XbvCTSgfXeMHrDOPHgFuobMVn2,10,10,0,0,0,0,0
0S6hgvb7BFhxujwS53TM,Urban Football Meudon,played,captain,ChIJFeLBC2N75kcRyM1mlEZ3HjM,48.7983594&2.2102561,2024-02-08T19:00:00.000Z,90,16,public,false,Détente,3,Eky9dVVNQmbB9akUqXl9wI6eE282,14,14,2,0,0,0,3
0SB7PFqoQaQKPKM07D9n,UrbanSoccer La Défense,played,captain,ChIJh4rnfVhk5kcRV2Q-ZKdm8vA,48.8996456&2.2216773,2024-02-04T16:00:00.000Z,90,21.75,public,true,Détente,4,AeNrPTSIaHTR3c3ZY28KcgcncPh2,10,10,1,0,0,0,1
0Tiv2PP4vxN4NmCeyRuF,UrbanSoccer - Quai d'Ivry,played,captain,ChIJfXxYJ0xy5kcRw9xTkF6-FZQ,48.8199885&2.3936463,2024-02-11T19:00:00.000Z,60,13,public,true,Détente,2,h4exM4xKJbPdmXxMDEtuLtjyhxl1,10,10,1,0,0,0,0
0WCv1tt7V1hOzdfrUgzn,UrbanSoccer - Asnières,canceled,captain,ChIJi5LkLT9v5kcRSlhScqEFNWs,48.92192379999999&2.3068311,2024-02-11T12:00:00.000Z,60,12,public,true,Compétition,3,GDQkYsP4cmaV59rDBQyFzKNNlC43,9,10,0,0,0,0,0
0WnjH4PFfOns6gKlcBQb,Sport dans la Ville Rhône-Alpes,played,captain,ChIJoUEDcmvr9EcRILCz6hDCQ2o,45.7811703&4.8081568,2024-01-31T19:30:00.000Z,60,9,public,false,Détente,2,uJuZeaSxeKZHfIQMQeux7T0osqz2,10,10,4,0,0,0,0
0XczZcXh9PeZTihx0ehT,UrbanSoccer Evry,published,captain,ChIJW0Ut1G7e5UcRt621n2fRQ5M,48.6286849&2.4066366,2024-02-18T18:30:00.000Z,90,15.75,public,true,Détente,3,FBrRwiYQvjbd6UeXKISPFhhsK4a2,4,10,0,0,0,0,0
0aT3loI84WziGD9BTbqE,LE FIVE Bezons,played,pro,,48.91909&2.2093051,2024-02-05T17:00:00.000Z,60,7,public,false,,,U3MriTZbPbTUEsU6RtRuHxDMKvg2,10,10,7,0,0,0,2
0aptS4LuwoH5v3AzCWbc,Centre Sportif Lionel Terray,played,captain,ChIJo7Jtup935kcRUd9lcEtEKzc,48.7349914&2.287439,2024-02-11T07:00:00.000Z,90,10,public,false,Détente,3,Dohg1zNvhsbmGrYuAmExKFyjruw2,10,10,0,0,0,0,0
0bhc1tvHOG3tcFwhPlf0,Stadium Thiais,played,pro,,48.7511024&2.3713455,2024-02-11T19:30:00.000Z,90,15,public,false,,,psf3NmXEPwdCltHKJC7VuvJocrF3,10,10,7,0,0,0,4
0bpwuZuOBILAOaOn2DvM,UrbanSoccer Evry,played,captain,ChIJW0Ut1G7e5UcRt621n2fRQ5M,48.6286849&2.4066366,2024-01-31T18:00:00.000Z,60,10.5,public,true,Détente,3,skdImcC356gXtpfOKF9IKerIpWO2,10,10,4,0,0,0,1
0ciD2aIiRFhY0TH5JBOx,Evolution Football,played,captain,ChIJX0YulIi8yRIRnGh62u3UXTQ,43.2836074&5.52356,2024-01-30T18:30:00.000Z,60,9,private,false,Détente,5,Lzo7WogBgXfxjsbuEBGvB9HLjxv1,10,10,10,0,0,0,0
0dlj0X1cAbi1Se29OfrY,Terrain de football extérieur,played,captain,ChIJ05tyRmlt5kcRMz1mc81GAoY,48.8578959&2.4479048,2024-02-10T10:00:00.000Z,90,,public,false,Compétition,2,zw5zeYobh6ZNDTU8fpsRwguMbPn2,10,10,3,0,0,0,0
0fGS6Uhapt3wYxnqrQGX,LE FIVE Marville - La Courneuve,published,pro,ChIJ2dHdMZxr5kcR0aKYHYsp0pY,48.9361223&2.3872592,2024-02-10T08:00:00.000Z,60,10,public,false,,,1GfAHFfqO6dOj37bPrTRuDS5gnk1,0,10,0,0,0,0,0
0geO6HL99IbrEyo1utY6,Top Ten,published,pro,,48.8729106&2.6840919,2024-02-05T11:00:00.000Z,90,5,public,false,,,i27253AGxOfXgYJK72sBnvUGuMk2,0,10,0,0,0,0,0
0js2op3zisAS8rS2CyZ5,UrbanSoccer - Puteaux,played,captain,ChIJM_sC0-Nk5kcRhL1y_EFIje8,48.8836397&2.2312283,2024-02-01T11:00:00.000Z,60,11,public,true,Détente,3,WQ5S4tuh8AhHhITkAMce3yq8gRm2,10,10,10,0,0,0,2
0lotNvdWwFXEzH6cKVeb,LE FIVE Paris 18,played,captain,ChIJpVT4_n1u5kcRzji6FdTBXXo,48.8978522&2.3700234,2024-01-30T21:00:00.000Z,60,14,public,true,Compétition,3,gP8yCfO5CueVxeNTHrj86LFBJS72,10,10,0,0,0,0,0
0mFyxb29SraPWK0o6uTd,STADIUM FOOT 5 VILLAGE,played,captain,ChIJbbOWFtC4yRIR0WXVerbWmnE,43.269413&5.4260321,2024-02-07T20:00:00.000Z,60,10,public,false,Détente,3,Vd2POI30scVRCHez3UyUHk7uuHx1,10,10,2,0,0,0,0
0me4PWOsnRO3B3EOOP0N,Evolution Football,canceled,captain,ChIJX0YulIi8yRIRnGh62u3UXTQ,43.2836074&5.52356,2024-02-09T19:20:00.000Z,60,9,public,false,Détente,3,VTpy8cfS6iO3e8qxXAdQLz4pNxi1,9,10,0,0,0,0,0
0my2J0IxIWU2lVzvvuYv,Play Soccer,played,captain,ChIJQ-UxZn-5rhIRKWoQydM5T9s,43.5512023&1.4098927,2024-02-03T19:00:00.000Z,60,9,public,false,Compétition,4,LMjhM6QREuXl67xvJa5sHUO0iIv1,10,10,3,0,0,0,0
0otZM2VOzVzO2ny3yiSk,LE FIVE Champigny,canceled,captain,ChIJsXi1PLYN5kcRTVVDuczgS2s,48.8194084&2.5251846,2024-01-31T20:30:00.000Z,60,10,public,false,Compétition,3,fDs9xiqgUkQanmo7rTz0mJR0joj1,9,10,0,0,0,0,0
0pUn1jqWlFzSnfR97brN,LE FIVE Villette,played,captain,ChIJTUFnQjps5kcR0pHITLTw1PI,48.9070122&2.3861459,2024-02-18T10:00:00.000Z,90,18,public,false,Détente,3,1mzL9CAWgCX01OR7wmCeLOFoWZD2,10,10,1,0,0,0,1
0poPMm51CfsMsFlpuxfa,Z5 Aix,played,captain,ChIJKb-U_9KSyRIRKIFKbH5mW18,43.4787869&5.3969048,2024-02-07T19:30:00.000Z,60,11,public,false,Détente,3,yJ5LcR37dlhfJSLUDesg5VNotET2,10,10,2,0,0,0,1
0qVUnGi1LJRhfeuVwL33,Stadium Thiais,published,pro,ChIJ64X9jzx05kcRsHvSfOv6UcA,48.7511024&2.3713455,2024-02-17T13:00:00.000Z,90,12,public,false,,,psf3NmXEPwdCltHKJC7VuvJocrF3,0,10,0,0,0,0,0
0ukhAFao1UBJMLTUBJGZ,LE FIVE Bezons,published,captain,ChIJ71Mv0Wpk5kcRg-H9x7L-dXo,48.9190524&2.211796,2024-02-11T15:45:00.000Z,60,10,public,true,Compétition,4,6jx3qyjJjmd0lpo4579xf33gMXy2,4,10,0,0,0,0,1
0vAhPaGKzv7LztJIEgGN,Foot-Max Argenteuil,played,captain,ChIJi9oIzaRm5kcRJYcK7QsdRMU,48.9501569&2.2093741,2024-02-04T18:00:00.000Z,90,12,private,false,Compétition,4,EBkyQKZSThSt50tqVxjcFaiJK922,10,10,4,0,0,0,0
0vvCruUIozgL0MUihpSa,Top Ten,published,pro,ChIJfXprBx4b5kcRmhe-5pLZUek,48.8729106&2.6840919,2024-02-15T11:00:00.000Z,90,5,public,false,,,i27253AGxOfXgYJK72sBnvUGuMk2,0,10,0,0,0,0,0
0wsqmgye1yCal5kw84sl,UrbanSoccer - Porte d'Aubervilliers,played,captain,ChIJ0dXjDCZs5kcRvX0EpMwxsUY,48.9074912&2.3746518,2024-02-12T20:30:00.000Z,60,15,public,true,Détente,,WptjeIaHlLVJsLk8BQvdwgAbS0J3,10,10,1,0,0,0,0
10VIyK1nOzkT6L3rpEWz,LE FIVE Bobigny,published,pro,,48.901553&2.4313304,2024-02-02T17:00:00.000Z,60,8,public,false,,,4owi3i7t8EOvFNF6UQvACOpiDRy1,3,10,0,0,0,0,0
170zgAG5H9jEtTE5OZlu,LE FIVE Bobigny,published,pro,,48.901553&2.4313304,2024-02-06T17:00:00.000Z,60,8,public,false,,,4owi3i7t8EOvFNF6UQvACOpiDRy1,1,10,0,0,0,0,0
17AXbxT8rl1oJLRm7Mtm,Stade Charles Auray,canceled,captain,ChIJBfReMqht5kcRUYj5USqKSSg,48.8867219&2.4165524,2024-02-19T18:50:00.000Z,90,,public,false,Compétition,5,1LDJWrjBcJPRiS8a2m1todvXiJM2,8,10,0,0,0,0,0
17T3T6wTwfPSXhGwRfB8,UrbanSoccer Meudon,canceled,captain,ChIJ0WKvjbh75kcRoqSmyWwW2jQ,48.80013599999999&2.2140811,2024-02-05T18:45:00.000Z,90,17.25,public,true,Détente,3,1aJ3GdfxKfcSFm478yjdpSaevVC3,9,10,0,0,0,0,0
17egcwKW21kQ9cVPIMeu,UrbanSoccer Orsay,played,captain,ChIJpZIJg7J45kcRrKWKhtbfnEQ,48.70829&2.17794,2024-02-01T19:00:00.000Z,90,17.25,public,true,Détente,3,ee1xUgZHOqeY6QdvDARYVOlrzLj2,10,10,2,0,0,0,0
1B3WeuHkFvX7CLy3aHx2,UrbanSoccer La Défense,canceled,captain,ChIJh4rnfVhk5kcRV2Q-ZKdm8vA,48.8996456&2.2216773,2024-02-07T19:00:00.000Z,60,,public,true,Compétition,5,qwLeKfyzypNdQ2aGSqMaF72e8Qi1,10,10,0,0,0,0,2
1CHDFYrzrpiORYcGkWXd,Foot POWER 5,canceled,pro,,48.960066&2.2061913,2024-02-06T21:30:00.000Z,90,7,public,false,,,sss3dYi6nzWd7rEjwcQ30LGKudj1,0,10,0,0,0,0,0
1HjFAvNnyCZjbPeHgmVG,UrbanSoccer La Défense,played,captain,ChIJh4rnfVhk5kcRV2Q-ZKdm8vA,48.8996456&2.2216773,2024-02-10T13:15:00.000Z,60,13.5,private,true,Détente,2,VD9ODfaAjcS1pb401hKVLbwXGt92,10,10,2,0,0,0,0
1InPafLztqDX3vByf0Eh,UrbanSoccer - Asnières,draft,captain,ChIJi5LkLT9v5kcRSlhScqEFNWs,48.92192379999999&2.3068311,2024-02-16T18:00:00.000Z,90,,public,false,,,2CvT6T4CjuZaWrslV1KHUaBP7E23,0,0,0,0,0,0,0
1K2VVpRD0UtVzswxtuid,Top Ten,published,pro,ChIJfXprBx4b5kcRmhe-5pLZUek,48.8729106&2.6840919,2024-02-10T11:00:00.000Z,90,15,public,false,,,i27253AGxOfXgYJK72sBnvUGuMk2,0,10,0,0,0,0,0
1LUxdEf81jwIzeR5TO0N,Le 13 - Foot en salle - Marseille,played,captain,ChIJR62kUm_ByRIRDnGQqGCeUVQ,43.33370070000001&5.370389599999999,2024-02-07T19:30:00.000Z,90,15,public,false,Détente,3,xb3vJkqdvhWZIJ39q6FsGI2MWLx2,10,10,2,0,0,0,0
1QkBzKQ5XjFnWUSQzvG8,LE FIVE Champigny,played,captain,ChIJsXi1PLYN5kcRTVVDuczgS2s,48.8194084&2.5251846,2024-02-11T19:00:00.000Z,60,11,public,false,,3,DiWO3b3whoYk6XXk4Q0WobHdutx2,10,10,2,0,0,0,3
1S4irqCTxH3slMRb5xoi,UrbanSoccer - Marne-La-Vallée,canceled,captain,ChIJ6bDBiosP5kcROXiloHzSdhc,48.82658600000001&2.6296937,2024-02-16T18:45:00.000Z,60,12,public,true,Compétition,,XqKE77KP75T9tQkX3sg8AfmykyP2,1,10,0,0,0,0,0
1SYEiKIPXvE9TgUtwA3a,LE FIVE Paris 13,published,pro,ChIJ_bOSChhz5kcRZMTeq_6Gdzg,48.8181615&2.3658793,2024-02-17T20:00:00.000Z,90,13,public,false,,,FjSnzlRFFfhWVWQJGfIEwRc2ZMj2,0,10,0,0,0,0,1
1SxlPYkgeCuc05c0QiaX,Stadium Thiais,published,captain,ChIJ64X9jzx05kcRsHvSfOv6UcA,48.7511137&2.3715422,2024-02-19T16:00:00.000Z,120,10,public,false,Compétition,3,Dohg1zNvhsbmGrYuAmExKFyjruw2,5,10,0,0,0,0,1
1VpEiIw45YqU1xfB5O21,LE FIVE Bobigny,published,pro,,48.901553&2.4313304,2024-01-30T17:00:00.000Z,60,8,public,false,,,4owi3i7t8EOvFNF6UQvACOpiDRy1,0,10,0,0,0,0,0
1YJ5CwFLeJfeFPBlBMQk,UrbanSoccer - Marne-La-Vallée,played,captain,ChIJ6bDBiosP5kcROXiloHzSdhc,48.82658600000001&2.6296937,2024-02-18T20:00:00.000Z,90,13.5,public,true,Competition,5,stlrSbhlE1Tvz7vMTMlwbhFPP492,10,10,5,0,1,1,0
1ZelE2DDe9D7wVdDRsHF,Game 13 foot indoor,published,captain,ChIJNSDvlsXryRIRUXao9hwB79I,43.41258939999999&5.366617,2024-02-09T18:30:00.000Z,60,8,public,false,Détente,3,tNI5PAPgX0MDq6T4GlwP3d2ndaO2,2,10,0,0,0,0,0
1Zlz4bXcRAVUI0lvBrpo,Stade Jacques Jorissen,canceled,captain,ChIJt0joLikT5kcRO57zLP9GEds,48.91724319999999&2.46977,2024-02-09T18:30:00.000Z,90,,public,false,Détente,,rkCZjnMvsCTPDTvrAVrezZponbp1,2,10,0,0,0,0,0
1bcXevkYwKhs8eWuhyEV,LE FIVE Créteil,played,captain,ChIJ88lx3VwL5kcRVxCh4lD6_Gk,48.7643086&2.4706522,2024-02-18T11:00:00.000Z,90,16.5,public,false,Détente,3,dKm4KRHVV7TJI7ChnHErZ7n6ApH3,10,10,7,0,0,0,2
1cUTPpwED5w400It1gOY,Foot POWER 5,canceled,pro,,48.960066&2.2061913,2024-02-10T18:30:00.000Z,90,10,public,false,,,sss3dYi6nzWd7rEjwcQ30LGKudj1,0,10,0,0,0,0,0
1hqKBBwPzqjoEr9OIpIc,LE FIVE Carrières-sous-Poissy,canceled,captain,ChIJ9T4fWfyL5kcRCBX-FyZLvEE,48.9468171&2.0230552,2024-02-11T16:00:00.000Z,90,12,public,false,,3,Wy3wc8FHaCYWTvZWNBBuL5f6n6n2,5,10,0,0,0,0,0
1j6jqCYoXQCFs83TjAyW,LE FIVE Créteil,canceled,captain,ChIJ88lx3VwL5kcRVxCh4lD6_Gk,48.7643086&2.4706522,2024-02-17T19:30:00.000Z,60,10,public,false,Détente,4,0f7O60Zok1NdlJjP0YpNG41I2vj2,9,10,0,0,0,0,1
1jaoG7xkL11UAkd2sdFO,FOOT IN FIVE,played,captain,ChIJoUR0syFp5kcRUlStnwluaYY,48.9552257&2.3328346,2024-02-01T11:00:00.000Z,90,,public,false,Compétition,1,wTNdjRT18PgdGIojrxLAm7FUsGn1,10,10,2,0,0,0,2
1kvIVrBHdcV8PvLq3SWK,UrbanSoccer - Quai d'Ivry,played,captain,ChIJfXxYJ0xy5kcRw9xTkF6-FZQ,48.8199885&2.3936463,2024-02-18T10:45:00.000Z,90,1.5,public,true,Détente,3,IjZQ38yDuOZXN8HfgqdGDUB3S6L2,10,10,1,0,0,0,1
1nI8uz3eVgoajTGfNPbB,Parc Kellermann,canceled,captain,ChIJKfPkqYNx5kcR7A_aiTfZGhI,48.8189004&2.3547092,2024-02-17T08:00:00.000Z,120,,public,false,Détente,3,fIBmTCaBSgfkUsqoJg8f8UMwwYZ2,2,14,0,0,0,0,0
1nQIYYA3Bw6Kr1BZ0Lne,Parc Interdépartemental des Sports du Tremblay,played,captain,ChIJBVkfrQ4N5kcRGi-XnNQN_yo,48.8281085&2.491365,2024-02-05T18:30:00.000Z,60,,private,false,Compétition,,GIWZAPZ6EqXL1PHYLo3wpSZAOqd2,10,10,2,0,0,0,0
1nWCFskL3CtwjnjSvz7w,LE FIVE Villette,played,captain,ChIJTUFnQjps5kcR0pHITLTw1PI,48.9070122&2.3861459,2024-02-06T10:00:00.000Z,90,10.5,public,false,Détente,3,YOdxAqtz51MwesRE26xrBEduX0x2,10,10,3,0,0,0,0
1nzS7BejpKFH8kwAprgF,Stadium Thiais,published,pro,ChIJ64X9jzx05kcRsHvSfOv6UcA,48.7511024&2.3713455,2024-02-11T15:30:00.000Z,90,15,public,false,,,psf3NmXEPwdCltHKJC7VuvJocrF3,0,10,0,0,0,0,0
1oYXbjkiX6ASZ4kItd12,B14 - Sports et Loisirs Indoor,played,captain,ChIJaeLKMYXe5UcRHyWJ8X8FaPA,48.62229&2.3800445,2024-02-10T18:00:00.000Z,90,13.5,public,false,Détente,,VSTvHkjbJ1eE7I4JHZXc9XYveW52,10,10,5,0,0,0,0
1pjqeEBN2rhzSB11WTxQ,Stade Robespierre,canceled,captain,ChIJrSdPdLpk5kcRTIf7gmbAvcU,48.8692482&2.2034218,2024-02-12T10:00:00.000Z,120,5,public,false,Compétition,4,uK7KAxZFpwZeIpiBLR7VWDgp0qF2,1,12,0,0,0,0,0
1rKQFVujHskVIpcfaR20,LE FIVE Morangis,played,captain,ChIJA4uAhOXZ5UcRp-vZXZP-ovY,48.692672&2.3192811,2024-02-07T17:30:00.000Z,60,10,public,false,Détente,,PS9n8jmLhPX5jPksGclXkWO0Tff2,10,10,4,0,0,0,1
1rM6KPK1Ez3IqefCtjUW,Stadium Thiais,published,pro,,48.7511024&2.3713455,2024-02-01T21:00:00.000Z,90,14,public,false,,,psf3NmXEPwdCltHKJC7VuvJocrF3,0,10,0,0,0,0,0
1rRANOlbtoPqOj7GyZYz,Le 13 - Foot en salle - Marseille,played,captain,ChIJR62kUm_ByRIRDnGQqGCeUVQ,43.33370070000001&5.370389599999999,2024-02-14T18:30:00.000Z,60,10,public,false,Compétition,,vKo5dHtVyXUPuVaU71jLXVTQVk53,10,10,3,0,0,0,0
1rXpCLEJJ0qHCyn0G0Na,LE FIVE Paris 13,played,captain,ChIJ_bOSChhz5kcRZMTeq_6Gdzg,48.8181615&2.3658793,2024-02-18T19:00:00.000Z,60,5,public,true,Détente,,evb189dQmZTllf2MHjyBtmnO7333,10,10,2,0,0,0,4
1s3BQdsWgIgdbJXE33q0,Stade de l'Ile Billancourt,played,captain,ChIJ_VzHyPZ65kcRie3KTzFg37c,48.8223054&2.2450824,2024-02-01T11:10:00.000Z,120,,public,false,Détente,3,xKfPAdke8KgQVkW2kylu7ud5QBg1,16,16,5,0,0,0,0
1uyJUJZAfgXA0Jq9z2zG,Play Soccer,played,captain,ChIJQ-UxZn-5rhIRKWoQydM5T9s,43.5512023&1.4098927,2024-02-15T18:00:00.000Z,60,11,public,false,Détente,2,KqlbxuZcMQMhujELtbUi207wpBv2,10,10,3,0,0,0,0
1vfdaQnw83HJZKBb252Z,UrbanSoccer - Quai d'Ivry,played,captain,ChIJfXxYJ0xy5kcRw9xTkF6-FZQ,48.8199885&2.3936463,2024-02-02T20:45:00.000Z,90,20,public,true,Détente,3,GpRn5D1bA0NNdJIZ246GZ1UVp272,10,10,1,0,0,0,1
1ybY4oBs0xbPdN68XZ5s,Footbox,published,pro,ChIJY-WkusIR5kcR-tEad3UtaSQ,48.9022789&2.582647,2024-02-17T14:00:00.000Z,60,10,public,false,,,QI89VPazyLhBVnWH871jk4BUEZI3,0,10,0,0,0,0,0
1z4qHlK36hyGE7WWrxX5,UrbanSoccer Meudon,played,captain,ChIJ0WKvjbh75kcRoqSmyWwW2jQ,48.80013599999999&2.2140811,2024-02-11T09:30:00.000Z,90,15.75,public,true,Détente,5,VlVkIVnCzNXIsoJTKeeKhhgV3Cl1,10,10,1,0,0,0,1
221Z3yyWDopnpirJjWDq,Foot-Max Argenteuil,played,captain,ChIJi9oIzaRm5kcRJYcK7QsdRMU,48.9501569&2.2093741,2024-02-09T19:00:00.000Z,60,8,public,false,Compétition,5,x1rFpjV0niWhBEzm6w7OmAGUBpD3,10,10,6,0,0,0,2
248kxJgDWxwVz3goglHj,LE FIVE Paris 18,played,captain,ChIJpVT4_n1u5kcRzji6FdTBXXo,48.8978522&2.3700234,2024-02-13T18:00:00.000Z,60,,public,true,Détente,2,O1cw63huUZUzvBVXVfRjnKLWXch2,10,10,4,0,0,0,8
25DOs8qS1utr7AOncZjX,Stadium Thiais,published,pro,,48.7511024&2.3713455,2024-02-09T16:30:00.000Z,90,10,public,false,,,psf3NmXEPwdCltHKJC7VuvJocrF3,0,10,0,0,0,0,0
27YoyCH2m7qfnpHaY7Ms,UrbanSoccer - Porte d'Aubervilliers,canceled,captain,ChIJ0dXjDCZs5kcRvX0EpMwxsUY,48.9074912&2.3746518,2024-02-13T17:45:00.000Z,60,12,public,true,Détente,3,bq5PYibx0dc8CtgPFur2BqH8l2j1,9,10,0,0,0,0,0
2AR3zfU2KHq4Pc2CbZw1,LE FIVE Bezons,canceled,pro,,48.91909&2.2093051,2024-02-12T21:00:00.000Z,90,14,public,false,,,U3MriTZbPbTUEsU6RtRuHxDMKvg2,5,10,0,0,0,0,1
2BEZIbOlMWWA7HnRfyJa,LE FIVE Villette,canceled,captain,ChIJTUFnQjps5kcR0pHITLTw1PI,48.9070122&2.3861459,2024-02-15T18:00:00.000Z,60,12,public,false,Détente,2,Kdelh373njb5HICwCPDoxtAfylJ2,9,10,0,0,0,0,0
2DQErwfq9YXgyJAPD1Zr,Parc du Tremblay,played,captain,ChIJk0qVHxQN5kcRgZNKPXpcIG8,48.8258617&2.4877366,2024-02-17T09:50:00.000Z,120,,public,false,Compétition,4,FMKiTLsf7gXgZa0Z4dqBzIOUrxr1,16,16,6,0,0,0,11
2DcgbvvriNDiZpbYi8W5,Stadium Thiais,published,pro,ChIJ64X9jzx05kcRsHvSfOv6UcA,48.7511024&2.3713455,2024-02-14T20:00:00.000Z,90,10,public,false,,,psf3NmXEPwdCltHKJC7VuvJocrF3,0,10,0,0,0,0,0
2EADcFjCKf6dqMJ0OORC,LE FIVE Paris 18,played,pro,ChIJpVT4_n1u5kcRzji6FdTBXXo,48.8978522&2.3700234,2024-02-14T19:30:00.000Z,90,8,public,false,,,UQf33jQhVZhle917nO0h7D5qclV2,10,10,6,0,0,2,5
2EhAdLKKF9jsY5eUQakz,UrbanSoccer - Quai d'Ivry,played,captain,ChIJfXxYJ0xy5kcRw9xTkF6-FZQ,48.8199885&2.3936463,2024-02-09T18:45:00.000Z,90,19.5,public,true,Détente,2,58rQhvTXDMcTLA00IxL6cUd7sVy2,10,10,1,0,0,0,1
2FQACFCLTs26KHmsakTn,UrbanSoccer - Porte d'Aubervilliers,canceled,captain,ChIJ0dXjDCZs5kcRvX0EpMwxsUY,48.9074912&2.3746518,2024-02-18T13:30:00.000Z,60,3,public,true,Détente,3,G4COw6sO8KWQn9J4FyP2Iudzz6r1,7,10,0,0,0,0,0
2HSAtnbRRHfsxtF2sdn8,Stadium Thiais,published,pro,,48.7511024&2.3713455,2024-02-04T18:00:00.000Z,90,15,public,false,,,psf3NmXEPwdCltHKJC7VuvJocrF3,0,10,0,0,0,0,0
2HrtGFrQRyDev5QQagEB,LE PARK Complexe Multisports,played,captain,ChIJdUHbID8O5kcRV5lQhiHTvhs,48.8337843&2.5728501,2024-02-06T16:30:00.000Z,90,,public,false,Détente,3,NZJeALUeipOQqzdWnsXJUc16Mq02,10,10,3,0,0,0,0
2IDLfxx97oWYclOg2evm,UrbanSoccer - Puteaux,played,captain,ChIJM_sC0-Nk5kcRhL1y_EFIje8,48.8836397&2.2312283,2024-02-13T19:30:00.000Z,60,15,public,true,Détente,2,ETwM4LnJEBXufJF7lNPhXwm4B182,10,10,2,0,0,0,3
2JwEVGkM4leoMoCt1S7h,Stadium Thiais,played,pro,ChIJ64X9jzx05kcRsHvSfOv6UcA,48.7511024&2.3713455,2024-02-11T18:00:00.000Z,90,15,public,false,,,psf3NmXEPwdCltHKJC7VuvJocrF3,12,12,5,0,0,0,6
2JyJ1rByeiziGnwVmj4P,POWER FIVE ( Foot à 5 en intérieur ),played,captain,ChIJ6ULNmyh15kcRV9cjbnBjGr8,48.73026429999999&2.4346948,2024-02-15T18:30:00.000Z,90,15,public,false,Détente,2,jedCZuwKz9aTMM8cw2VRiD45C9h2,10,10,5,0,0,0,5
2K3pjpUQa6dQI5uTdTRT,LE FIVE Paris 18,played,captain,ChIJpVT4_n1u5kcRzji6FdTBXXo,48.8978522&2.3700234,2024-02-04T16:00:00.000Z,90,14,public,true,Détente,3,c6llGGr5oTUJ6Vhl4HevktjACT63,10,10,1,0,0,0,0
2OqtsB0Bckq2iwl85D0w,Foot POWER 5,canceled,pro,ChIJuTCIFshm5kcRBtEQJ76dAzc,48.960066&2.2061913,2024-02-14T17:00:00.000Z,90,5,public,false,,,sss3dYi6nzWd7rEjwcQ30LGKudj1,0,10,0,0,0,0,0
2Rwb9tvrAaJrwbA6adhd,LE FIVE Créteil,published,pro,ChIJ88lx3VwL5kcRVxCh4lD6_Gk,48.7643086&2.4706522,2024-02-19T16:00:00.000Z,60,7,public,false,,,ZmXMWx7aTdPoPkkGOWa2HIQVblq2,0,10,0,0,0,0,1
2SYSggckLHGyiDwULFOG,LE FIVE Marville - La Courneuve,played,captain,ChIJ2dHdMZxr5kcR0aKYHYsp0pY,48.9364404&2.3869147,2024-02-10T16:00:00.000Z,60,10,public,false,Détente,4,dh7cdpBBwbcaSthLm0V2agK6x0n2,10,10,5,0,0,0,1
2SwQeC9gwVMOiloGtGOB,LE FIVE Montreuil,published,pro,,48.8613036&2.4653095,2024-02-05T11:00:00.000Z,60,7,public,false,,,u9uC1vjdcdQ3UqNxI0SiFxor0m43,1,10,0,0,0,0,0
2TZWcv79IRuKXnXRjANh,LE FIVE Paris 18,played,pro,,48.8978522&2.3700234,2024-02-12T21:20:00.000Z,90,10,public,false,,,UQf33jQhVZhle917nO0h7D5qclV2,9,10,8,0,1,1,5
2UZzF3nEgU4CxeZgwAkO,Stade de la Habette,canceled,captain,ChIJe02fRPcN5kcRMFMVlwIl9Ec,48.7747069&2.468236,2024-02-11T14:30:00.000Z,120,,public,false,Compétition,5,U3gMk9AqD1UDGa1mnX8BD6lk8L13,12,22,0,0,0,0,0
2Vyg7JdvQsZdwDX4CNJA,Top Ten,played,pro,ChIJfXprBx4b5kcRmhe-5pLZUek,48.8729106&2.6840919,2024-02-14T16:00:00.000Z,90,5,public,false,,,i27253AGxOfXgYJK72sBnvUGuMk2,10,10,9,0,0,0,14
2Y5LpnofzHnLQ45b5RC8,8 All. Eugénie Cotton,played,captain,ChIJUVpWxGht5kcRDtnHqCGo-c4,48.8660041&2.4309323,2024-02-17T08:00:00.000Z,150,,private,false,Compétition,5,i0E2h7DylAZZa74nZXgURaHFPkl1,12,12,9,0,0,0,0
2YGo1oODXUh5GuYH80Lc,UrbanSoccer - Lille Bondues,canceled,captain,ChIJ58ZerMgrw0cR2Jyp7tZjBn4,50.6913774&3.0860264,2024-02-16T20:00:00.000Z,60,9.5,public,true,Détente,,DGECDWobumY7nDBh1cUPMB96GG63,6,10,0,0,0,0,0
2YHHrzC4Ii0K0lSy9oZ8,Laser Stadium,canceled,captain,ChIJpZdywq4i9UcRJAPhLaIPorA,45.355282&4.8109091,2024-02-03T16:00:00.000Z,60,9.5,public,false,Détente,2,B4bfSLKRr5Vwh2UPVa7l63wkQdA3,4,10,0,0,0,0,0
2YOxXMXmqEJ2wSOrUd26,LE FIVE Morangis,played,captain,ChIJA4uAhOXZ5UcRp-vZXZP-ovY,48.692672&2.3192811,2024-02-11T09:30:00.000Z,90,15,public,false,Détente,2,qooHBLiKJ3UrhuorJrcmEhl7Kyn1,10,10,3,0,0,0,2
2YdcpEAGB1tYerBkOtuW,OHSPORT,canceled,captain,ChIJHeG9fA4X5kcRbGNzVY5Ud5I,48.9672396&2.5670436,2024-02-16T18:00:00.000Z,60,10,public,false,Détente,3,GBaaNMW5EBMaS7dpYN996kWg1oB2,7,10,0,0,0,0,1
2b2xwYLSTYhDJHbD8POh,Stadium Thiais,published,captain,ChIJ64X9jzx05kcRsHvSfOv6UcA,48.7511137&2.3715422,2024-02-16T16:00:00.000Z,120,10,public,false,Compétition,3,mtMz1ubkCCUKuf8DFynVhEOp2PC2,9,10,0,0,0,0,0
2bar15lSIVpgrg3daARJ,FIVE ARENA,canceled,captain,ChIJ02bKSuih6EcRb796CXVbkVs,48.9539465&2.9154573,2024-02-01T19:30:00.000Z,30,15,public,false,Détente,2,QvEJrjhePXc9G9wriMT78s9Zyb52,9,10,0,0,0,0,0
2cX8anZesugLYO9gVA7n,LE PARK Complexe Multisports,canceled,captain,ChIJMU8gErUJ5kcRSnpvacKwFtM,48.71189589999999&2.5771181,2024-01-31T18:00:00.000Z,90,15,public,false,Détente,3,FNr4CNrazeWuSRsWZS109DEu55a2,9,10,0,0,0,0,0
2ifIshpQH0ZdytF77S4x,LE FIVE Villette,played,captain,ChIJTUFnQjps5kcR0pHITLTw1PI,48.9070122&2.3861459,2024-02-06T18:00:00.000Z,60,12,public,false,Détente,,rSglEfM3BES0yBvunBc34OS2M443,10,10,2,0,0,0,1
2k223ujJrcVN9Pv0rE8g,Top Ten,played,pro,ChIJfXprBx4b5kcRmhe-5pLZUek,48.8729106&2.6840919,2024-02-15T21:30:00.000Z,90,16.5,public,false,,,i27253AGxOfXgYJK72sBnvUGuMk2,10,10,4,0,0,0,0
2mvth4FvJNlHRJ1ty7zh,UrbanSoccer Meudon,played,captain,ChIJ0WKvjbh75kcRoqSmyWwW2jQ,48.8001204&2.2140771,2024-02-04T15:00:00.000Z,90,15,public,true,Détente,3,MfHZIzjHzleq0ECwPRvtBWgG9Ah2,10,10,6,0,0,2,0
2nrW6AZm3oFoJjCX6RUU,UrbanSoccer - Puteaux,canceled,captain,ChIJM_sC0-Nk5kcRhL1y_EFIje8,48.8836397&2.2312283,2024-02-08T11:00:00.000Z,60,11,public,true,Détente,2,8rY2LLxtWsUhFxStEBtYlI2w9ny2,10,10,0,0,0,0,2
2oFx1Iq5xjPFLGW7S3Sm,F5 Foot Five,played,captain,ChIJjUbM5G7A9EcRW3mlkrhyXxY,45.7857911&4.905926399999999,2024-02-01T17:00:00.000Z,60,10,public,false,Détente,,eyg4jzU72eTwyaBcf2Juh4co7bq2,10,10,2,0,0,0,0
2rD3TMM5AjCTqFUru1cp,LE FIVE Paris 13,published,captain,ChIJ_bOSChhz5kcRZMTeq_6Gdzg,48.8181615&2.3658793,2024-02-15T11:45:00.000Z,60,13,public,true,Détente,3,Ng8pDjSrG6MVSBWZid7Lv0Yo1Op1,9,10,0,0,0,0,0
2upwgNEAsrD0RrrUniae,UrbanSoccer - Asnières,played,captain,ChIJi5LkLT9v5kcRSlhScqEFNWs,48.92192379999999&2.3068311,2024-02-04T12:30:00.000Z,60,11,public,true,,3,DE80dXRiU5Zo590Dc97goArOdpt1,10,10,4,0,0,0,1
2v44fkRquSny1yoCvcdL,Stadium Thiais,published,pro,ChIJ64X9jzx05kcRsHvSfOv6UcA,48.7511024&2.3713455,2024-02-13T19:30:00.000Z,90,15,public,false,,,psf3NmXEPwdCltHKJC7VuvJocrF3,0,10,0,0,0,0,0
2wNuQIazBtPYbqeIR6QO,UrbanSoccer La Défense,played,captain,ChIJh4rnfVhk5kcRV2Q-ZKdm8vA,48.8996456&2.2216773,2024-02-11T08:15:00.000Z,120,18.75,public,true,Détente,3,AUkfTwJUXCU0jcWvBoji5msJaYy2,10,10,1,0,0,0,0
2wspepmBGpqb8st40Fam,LE FIVE Paris 17,played,captain,ChIJ7eI8sFNv5kcR5xy52Wc57NU,48.900032&2.3213449,2024-02-10T17:30:00.000Z,60,10,public,true,Compétition,3,lq8TKSlwRDe3rDH4PUlIhcscxck1,10,10,4,0,0,0,1
2yTJNvI93Dz7KXYK0JJa,Top Ten,published,pro,,48.8729106&2.6840919,2024-01-30T22:00:00.000Z,90,16.5,public,false,,,i27253AGxOfXgYJK72sBnvUGuMk2,0,10,0,0,0,0,0
2ycRoNEZ0WD7oxL1lPAS,LE PARK Complexe Multisports,published,captain,ChIJdUHbID8O5kcRV5lQhiHTvhs,48.8337843&2.5728501,2024-02-19T16:30:00.000Z,90,10,public,false,Compétition,5,55P5dI8hIqhqQ7DhJ9gJ11ESHqr1,6,10,0,0,0,0,0
2yltHq83wmr5GQkxw1OL,Play Soccer,played,captain,ChIJQ-UxZn-5rhIRKWoQydM5T9s,43.5512023&1.4098927,2024-01-31T19:30:00.000Z,60,10,public,false,,,pL0skPQs4CYYVXb682MCC9jXu8K2,10,10,2,0,0,0,0
31oCfYqRd7DtQwsr8Npv,LE FIVE Bezons,canceled,captain,ChIJ71Mv0Wpk5kcRg-H9x7L-dXo,48.9190524&2.211796,2024-02-12T18:00:00.000Z,60,11,public,true,Détente,3,fwczzPGhZghQhEGwYNVay9BZebd2,10,10,0,0,0,0,0
33GMs7Fy4FQUXIOJJMNp,Foot-Max Argenteuil,played,captain,ChIJi9oIzaRm5kcRJYcK7QsdRMU,48.9501569&2.2093741,2024-02-18T15:00:00.000Z,90,12,public,false,,3,F8OWu4MspmRPd01zZ29PxlZXFZN2,10,10,4,0,0,0,3
33oTWtJi5ssGXrgrnELm,UrbanSoccer - Quai d'Ivry,played,captain,ChIJfXxYJ0xy5kcRw9xTkF6-FZQ,48.8199885&2.3936463,2024-02-18T10:00:00.000Z,60,10,public,true,Détente,3,9fKVe5bYXhPeaaV2DszUENaSQ953,12,12,4,0,0,0,0
33pFdG6EwTa9Y9p9j6mC,B14 - Sports et Loisirs Indoor,played,captain,ChIJaeLKMYXe5UcRHyWJ8X8FaPA,48.62229&2.3800445,2024-02-03T18:00:00.000Z,90,13.5,public,false,Détente,2,VSTvHkjbJ1eE7I4JHZXc9XYveW52,10,10,4,0,0,1,4
34Y3R4DWTNoWgGlfddBj,FOOT INDOOR Marseille,canceled,captain,ChIJ41AMCxC8yRIRLHLGt11sc-U,43.2859688&5.4882746,2024-02-08T16:30:00.000Z,60,10,public,false,Détente,3,RrGl5CQvfVYfnNuG5WvJhWBZfdz2,6,10,0,0,0,0,0
34zbmWFToYa8xSjJbrJi,UrbanSoccer Orsay,played,captain,ChIJpZIJg7J45kcRrKWKhtbfnEQ,48.70829&2.17794,2024-02-08T19:00:00.000Z,90,17,public,true,Détente,3,s1eo4MV4gLdD17mf1RxuRaEJ7612,10,10,0,0,0,0,0
35IDO1v2F8kjASIgyuO6,UrbanSoccer - Asnières,played,captain,ChIJi5LkLT9v5kcRSlhScqEFNWs,48.92192379999999&2.3068311,2024-02-17T18:00:00.000Z,60,10,public,true,Détente,3,HAZCGcJPRiR8NwwAKxJ3dP8opDb2,10,10,4,0,0,0,1
35wJV5b95Wpe6bpqTbfE,LE FIVE Paris 13,played,captain,ChIJ_bOSChhz5kcRZMTeq_6Gdzg,48.8181615&2.3658793,2024-02-01T19:00:00.000Z,60,14,public,true,Compétition,2,lsFnBRlFWUZkBfuSSth3fe7xRrD3,10,10,3,0,0,0,0
36BGU5GvTzm5sFAELBKG,LE FIVE Bezons,played,captain,ChIJ71Mv0Wpk5kcRg-H9x7L-dXo,48.9190524&2.211796,2024-02-16T19:00:00.000Z,60,11,public,true,Détente,3,jK9kjcdvGzSrFdlOP5ch13L2zf02,10,10,0,0,0,0,2
36n8ouGAVvDFnBckSihG,Top Ten,published,pro,ChIJfXprBx4b5kcRmhe-5pLZUek,48.8729106&2.6840919,2024-02-11T15:30:00.000Z,90,15,public,false,,,i27253AGxOfXgYJK72sBnvUGuMk2,0,10,0,0,0,0,0
37PBXkSZBIcJYLvaC7OY,LE FIVE Paris 13,canceled,pro,,48.8181615&2.3658793,2024-02-01T22:00:00.000Z,60,10,public,false,,,FjSnzlRFFfhWVWQJGfIEwRc2ZMj2,2,10,0,0,0,0,0
38Lm337BokDf2U2FHJkJ,Top Ten,played,pro,,48.8729106&2.6840919,2024-01-30T16:00:00.000Z,90,5,public,false,,,i27253AGxOfXgYJK72sBnvUGuMk2,10,10,8,0,0,2,5
38PFCMpolkqgHmnSDJSy,LE FIVE Créteil,published,pro,ChIJ88lx3VwL5kcRVxCh4lD6_Gk,48.7643086&2.4706522,2024-02-13T16:00:00.000Z,60,7,public,false,,,ZmXMWx7aTdPoPkkGOWa2HIQVblq2,0,10,0,0,0,0,1
38ZKPcoSJGxn4SUQk0zP,Top Ten,published,pro,ChIJfXprBx4b5kcRmhe-5pLZUek,48.8729106&2.6840919,2024-02-19T16:00:00.000Z,90,5,public,false,,,i27253AGxOfXgYJK72sBnvUGuMk2,10,10,0,0,0,0,10
3ACD7D3edW29lURT1vsg,LE FIVE Paris 13,published,pro,,48.8181615&2.3658793,2024-02-05T22:00:00.000Z,60,10,public,false,,,FjSnzlRFFfhWVWQJGfIEwRc2ZMj2,0,10,0,0,0,0,0
3Cyezz2YPxiM2C0IQhE7,LE FIVE Paris 18,canceled,captain,ChIJpVT4_n1u5kcRzji6FdTBXXo,48.8978522&2.3700234,2024-02-16T18:30:00.000Z,90,17.5,public,true,Détente,2,xEO5VkzwtYRyUAYH3ksEAKwTEvA3,11,12,0,0,0,0,0
3EKNhxQwEKbQooL0UhSu,LE FIVE Montreuil,published,pro,ChIJJdTQjr0T5kcRZmGxtIJVy44,48.8613036&2.4653095,2024-02-17T17:30:00.000Z,90,15,public,false,,,u9uC1vjdcdQ3UqNxI0SiFxor0m43,0,10,0,0,0,0,0
3GE5cRGJOICGrgBK5qPL,LE FIVE Bezons,played,pro,,48.91909&2.2093051,2024-02-11T19:00:00.000Z,90,15,public,false,,,U3MriTZbPbTUEsU6RtRuHxDMKvg2,10,10,6,0,0,0,6
3HamvVxnpsYsiFz2x3wd,LE FIVE Créteil,played,captain,ChIJ88lx3VwL5kcRVxCh4lD6_Gk,48.7643086&2.4706522,2024-02-08T18:30:00.000Z,60,11,public,false,Détente,2,nwCO7ClwcpduYGwx2LUOmuC5chF2,10,10,8,0,0,0,2
3HrCvqR4dGgeCSdjjVRd,UrbanSoccer - Porte d'Aubervilliers,canceled,captain,ChIJ0dXjDCZs5kcRvX0EpMwxsUY,48.9074912&2.3746518,2024-02-18T13:10:00.000Z,60,12,public,true,Détente,3,63m979hJzWZCIS44u6R0wcZHWZ42,7,10,0,0,0,0,0
3J0FkxIKT18EGYAXIJuD,Stains,canceled,captain,ChIJ6_yphcJr5kcRMmpL4MPqRks,48.95538699999999&2.384703,2024-02-11T08:45:00.000Z,90,,public,false,Détente,2,PY4xVpp2kuN4vNMdN0QVj8hVkDz1,5,10,0,0,0,0,0
3K0tt9WPYMmN6NMUkP6t,LE FIVE Paris 18,played,pro,ChIJpVT4_n1u5kcRzji6FdTBXXo,48.8978522&2.3700234,2024-02-16T16:00:00.000Z,60,5,public,false,,,UQf33jQhVZhle917nO0h7D5qclV2,10,10,7,0,0,0,9
3KNVgAn9faRjQ3RSxeO5,UrbanSoccer - Porte d'Aubervilliers,published,captain,ChIJ0dXjDCZs5kcRvX0EpMwxsUY,48.9074912&2.3746518,2024-02-06T20:45:00.000Z,60,14.5,public,true,Détente,3,zx15E8kqOyMIfe9kE6wecnEydcu2,6,10,0,0,0,0,0
3L43zNPmckRVyhxL9ZZM,Gymnase Rosalind Franklin,played,captain,ChIJeUB7Xqlz5kcR_akj6eEkBmk,48.8095385&2.4035959,2024-02-18T09:15:00.000Z,150,,public,false,Compétition,2,R8XVkwyGMWhvuh2ru7UHnm5exw32,10,10,10,0,0,0,6
3L8PYl6Q9W6pP9T6HzaK,LE FIVE Montreuil,published,captain,ChIJJdTQjr0T5kcRZmGxtIJVy44,48.8607303&2.4650432,2024-02-11T15:00:00.000Z,60,10,public,false,Compétition,5,Nn4m94aJKdY5ii6EqBNBBw1K7rY2,1,10,0,0,0,0,0
3N38ULuen0HaZAX27ft7,Stadium Thiais,played,pro,ChIJ64X9jzx05kcRsHvSfOv6UcA,48.7511024&2.3713455,2024-02-10T16:30:00.000Z,90,12,public,false,,,psf3NmXEPwdCltHKJC7VuvJocrF3,10,10,8,0,1,0,2
3NOhOdymnX2VWLw37s8q,LE FIVE Villette,played,captain,ChIJTUFnQjps5kcR0pHITLTw1PI,48.9070122&2.3861459,2024-02-07T18:00:00.000Z,60,12,public,false,Détente,,lt1n3V9jmreO2RSIAJbP7ka3lXB3,10,10,2,0,0,0,1
3OAnNbrJ27B33FQHx4P4,LE FIVE Montreuil,published,pro,,48.8613036&2.4653095,2024-02-02T11:30:00.000Z,90,10.5,public,false,,,u9uC1vjdcdQ3UqNxI0SiFxor0m43,0,10,0,0,0,0,0
3OFKxbJjrq4UgI4mP6VU,FOOT INDOOR Marseille,canceled,captain,ChIJ41AMCxC8yRIRLHLGt11sc-U,43.2859688&5.4882746,2024-02-05T21:00:00.000Z,60,10,public,false,Compétition,3,U4uVJxQAMySzPBXZN4MEYGNEuCe2,5,10,0,0,0,0,0
3PLJ4ZMEw42bUN4r5Uht,FOOT INDOOR Marseille,played,captain,ChIJ41AMCxC8yRIRLHLGt11sc-U,43.2859688&5.4882746,2024-02-01T17:00:00.000Z,60,10,public,false,Détente,3,RrGl5CQvfVYfnNuG5WvJhWBZfdz2,10,10,4,0,0,0,0
3SSz26Fv8HVA8AK0b1D7,Z5 Aix,canceled,captain,ChIJKb-U_9KSyRIRKIFKbH5mW18,43.4787869&5.3969048,2024-02-07T17:00:00.000Z,60,11,public,false,Détente,,WAR3T49i5EVWHTe2EKh3b0WsVpM2,7,10,0,0,0,0,0
3SpKJp7sC1YCnbjHPYE0,Classico Foot,played,captain,ChIJFV442oCxrhIRgsZy5aIbkNs,43.5945434&1.2911399,2024-02-09T21:30:00.000Z,60,8,public,false,Compétition,4,1ZYZDZ2TV5doCKQ610CkiGN0K9R2,10,10,3,0,0,0,0
3Ti0KHUvTIKeY0nXYaOc,Ball In d'Or Dreux,draft,captain,ChIJgRwhLzZV4UcRZ1kZ41ivPqU,48.7468231&1.3611978,2024-02-01T19:00:00.000Z,60,,private,false,,,zPvEc6N6XGNzCUmsMuNjUtip6jp1,0,0,0,0,0,0,0
3VX7Lh9L0RSiMFOBdtgp,Play Soccer,published,captain,ChIJQ-UxZn-5rhIRKWoQydM5T9s,43.5512023&1.4098927,2024-02-10T17:30:00.000Z,90,12,public,false,,,8LtkeOuZHeePxfkXdNPmQSr7V9L2,5,10,0,0,0,0,0
3WBGqjLBFE2js5ZI6e44,LE FIVE Créteil,played,captain,ChIJ88lx3VwL5kcRVxCh4lD6_Gk,48.7643086&2.4706522,2024-01-30T21:00:00.000Z,60,11,public,false,Détente,2,ahveNwbHk6XvskUZTStak7aYNB82,10,10,1,0,0,0,1
3Wepvapr5rzi3qraAgmy,UrbanSoccer La Défense,canceled,captain,ChIJh4rnfVhk5kcRV2Q-ZKdm8vA,48.8996456&2.2216773,2024-02-18T11:15:00.000Z,60,12.5,public,true,,5,pclqxLNXgee3D6GgTwPSlSjj2h82,9,10,0,0,0,0,0
3X0VF0VpB5nbTsFxGiyE,Events Five,played,captain,ChIJf8cSCJG5rhIRoQadPH-wW1U,43.5399703&1.3922897,2024-02-06T19:00:00.000Z,60,9.5,public,false,Détente,2,fHj7ncmBHdTr3r6loaZW3T6Oxt13,10,10,3,0,0,0,0
3X8f8kJ5xKdRffiLYq10,UrbanSoccer Orsay,canceled,captain,ChIJpZIJg7J45kcRrKWKhtbfnEQ,48.70829&2.17794,2024-02-18T16:30:00.000Z,90,16.5,public,true,Détente,4,T1D2CMjaL5UZ3nu7Y4UGkRG4ZHe2,9,10,0,0,0,0,0
3XQn3E8k1VE7uxfU3aht,Stade de l'İle de Puteaux,played,captain,ChIJIZUd2yJl5kcRRWoJNnmY1Ds,48.8758697&2.2435162,2024-02-18T13:30:00.000Z,90,,public,false,Détente,3,WmLzCJ4LgpbLAX5fC5KWdBBDhOM2,14,14,4,0,0,0,8
3Y4Rsu3IcQhYsVK0sChw,LE PARK Complexe Multisports,played,captain,ChIJMU8gErUJ5kcRSnpvacKwFtM,48.71189589999999&2.5771181,2024-02-04T18:00:00.000Z,90,15,public,false,Compétition,5,OCo4rVohavaNmk1Hghm3U6v7mak2,10,10,2,0,0,0,0
3a98COGQfqMOeLOLlgPo,UrbanSoccer - Porte d'Aubervilliers,canceled,captain,ChIJ0dXjDCZs5kcRvX0EpMwxsUY,48.9074912&2.3746518,2024-02-17T17:45:00.000Z,90,7.5,public,true,Compétition,3,n3R2uzshLmftuthw5S5G7k14amb2,1,10,0,0,0,0,0
3fLCgmRRo9R3trpkgXFX,Stadium Thiais,played,pro,ChIJ64X9jzx05kcRsHvSfOv6UcA,48.7511024&2.3713455,2024-02-18T21:00:00.000Z,90,15,public,false,,,psf3NmXEPwdCltHKJC7VuvJocrF3,10,10,0,0,0,0,4
3fvlsB1PqZQcwgm5LjAs,UrbanSoccer - Lille Bondues,published,captain,ChIJ58ZerMgrw0cR2Jyp7tZjBn4,50.6913774&3.0860264,2024-02-03T08:30:00.000Z,120,10,public,true,Détente,1,vA8SlKR2U2eAHIP0f0bcRJ0nO2q1,9,10,0,0,0,0,0
3gu9dlqsWPqOmTVO3aBY,LE FIVE Bezons,played,captain,ChIJ71Mv0Wpk5kcRg-H9x7L-dXo,48.9190524&2.211796,2024-02-13T20:00:00.000Z,90,13.5,public,true,,4,8bUFe1hkmuRyNeJWeJoBbiDUSKG3,10,10,3,0,0,0,1
3hAAw0CwaLhqBDAxMPI1,Top Ten,published,pro,,48.8729106&2.6840919,2024-02-06T11:00:00.000Z,90,5,public,false,,,i27253AGxOfXgYJK72sBnvUGuMk2,0,10,0,0,0,0,0
3ipnaSL0NQQJukT1bgJU,Cité des Sports,played,captain,ChIJ70UPf6R75kcRGb3NAV9k7Ww,48.8247744&2.2650728,2024-02-07T11:15:00.000Z,60,,public,false,Détente,3,VLgPQyeWiRVya6l4BuDcIU14KMu1,16,16,4,0,0,0,1
3kOpKk7dIlufbT7E6hDA,UrbanSoccer - Puteaux,played,captain,ChIJM_sC0-Nk5kcRhL1y_EFIje8,48.8836397&2.2312283,2024-02-04T10:15:00.000Z,60,13,public,true,Compétition,3,ADnpZZaN9uMZHeOSxP62UtI4lRH3,10,10,4,0,0,0,2
3l951pB6YfI27KY4RCMH,POWER FIVE ( Foot à 5 en intérieur ),canceled,captain,ChIJ6ULNmyh15kcRV9cjbnBjGr8,48.73026429999999&2.4346948,2024-02-08T20:00:00.000Z,90,15,public,false,Détente,2,jedCZuwKz9aTMM8cw2VRiD45C9h2,10,10,0,0,0,0,0
3nSlAxlr9tAbYEWUYD42,Z5 Aix,played,captain,ChIJKb-U_9KSyRIRKIFKbH5mW18,43.4787869&5.3969048,2024-02-14T17:30:00.000Z,60,11,public,false,Compétition,2,wkf7Luo2IDge3wOYBDDPe6B9ExS2,10,10,1,0,0,0,0
3qiB5WLeVSMiER2ZVgHe,UrbanSoccer - Porte d'Aubervilliers,canceled,captain,ChIJ0dXjDCZs5kcRvX0EpMwxsUY,48.9074912&2.3746518,2024-02-18T12:00:00.000Z,60,12,public,true,Détente,4,oe5EJfpM9hPXQkcPRiRt4RuCd9n2,7,10,0,0,0,0,0
3skaDaQF8sTbv9vVoy2u,Footsal,published,captain,ChIJa7HS298pw0cRMoVDj0XqVdI,50.6397895&3.1251337,2024-01-31T18:15:00.000Z,60,8,public,false,Détente,2,5kqUPiGugtgU9TJsJe9wBJRhIYs2,9,10,0,0,0,0,0
3uEZeVrnw0t2tcMWI5GG,Game 13 foot indoor,canceled,captain,ChIJNSDvlsXryRIRUXao9hwB79I,43.41258939999999&5.366617,2024-02-12T19:30:00.000Z,60,10,public,false,Détente,3,tNI5PAPgX0MDq6T4GlwP3d2ndaO2,3,10,0,0,0,0,0
3uLklZleicA80xdS3MSB,Stadium Thiais,canceled,captain,ChIJ64X9jzx05kcRsHvSfOv6UcA,48.7511137&2.3715422,2024-02-05T19:30:00.000Z,90,15,public,false,,3,KuVAgt6OkwZ5qnRIqof0PdSsdSF2,7,10,0,0,0,0,0
3uQk4NDmVusQMqMXRGl9,Monclub Futbol,played,captain,ChIJGbxxaamUyRIRgGvhHnhJStA,43.4299152&5.4001974,2024-01-30T19:00:00.000Z,60,10,public,false,Détente,3,nxPNmtMLqxSZHx7hbX45VPndE5n1,10,10,2,0,0,0,0
3ww614oTfdUgQulSz3kK,UrbanSoccer - Lille Lezennes,played,captain,ChIJR3ro5nTWwkcRfM_S3Be9HjI,50.6162725&3.0998108,2024-02-11T18:30:00.000Z,60,10,public,true,Détente,3,sJbLY0Tw5Fet2etsw7Zw9LTI6jr1,10,10,5,0,0,0,0
3wzpV645UIvHts5oxdil,LE FIVE Villette,played,captain,ChIJTUFnQjps5kcR0pHITLTw1PI,48.9070122&2.3861459,2024-02-12T19:30:00.000Z,90,18,public,false,Détente,3,X7SknW0NrdfRv1JxdoOD42EHvwv2,10,10,3,0,0,0,1
40B8ikLZRW0CgQkY4Gty,Foot-Max Argenteuil,published,pro,,48.9501632&2.2093946,2024-02-03T13:00:00.000Z,120,14,public,false,,,SuEnyPZ4TgNIkt1yap2yJ3ZHO6p1,1,10,0,0,0,0,0
42RtUl6Yfdxy9bfGsw8q,Game 13 foot indoor,canceled,captain,ChIJNSDvlsXryRIRUXao9hwB79I,43.41258939999999&5.366617,2024-02-15T18:00:00.000Z,60,10,public,false,Détente,3,tNI5PAPgX0MDq6T4GlwP3d2ndaO2,10,10,0,0,0,0,0
431g2dUdyRQfrJLJePE1,LE FIVE Carrières-sous-Poissy,canceled,captain,ChIJ9T4fWfyL5kcRCBX-FyZLvEE,48.9468144&2.0230574,2024-02-04T10:30:00.000Z,90,13,public,false,,,T3MXqcHK9jTOVl5qDb6YLQV5V8R2,7,10,0,0,0,0,0
43J7miex6ZgLBvY5LF9N,UrbanSoccer La Défense,played,captain,ChIJh4rnfVhk5kcRV2Q-ZKdm8vA,48.8996456&2.2216773,2024-01-31T11:30:00.000Z,60,,public,true,Détente,3,UG23bh92yeTazTzl6luByxrPhHf1,10,10,2,0,0,0,2
45lCNDGBAjVI4vzHwp4h,LE FIVE Champigny,published,pro,,48.8194084&2.5251846,2024-01-30T16:00:00.000Z,60,7,public,false,,,evlV9mUgATYQ5343zpYZvk4w0r03,0,10,0,0,0,0,0
47Umt9DWQTa4LKTXg3ta,Footbox,published,pro,ChIJY-WkusIR5kcR-tEad3UtaSQ,48.9022789&2.582647,2024-02-16T14:00:00.000Z,60,7,public,false,,,QI89VPazyLhBVnWH871jk4BUEZI3,0,10,0,0,0,0,0
483JgTBV8KSCKImIvTqQ,UrbanSoccer - Toulouse Montaudran,played,captain,ChIJl772e0u8rhIR2foRX4Xa2CI,43.574642&1.4801835,2024-02-05T20:00:00.000Z,60,10.5,public,true,Détente,4,nF6mzYrCqNcNj5iSi7r377rebA13,10,10,2,0,0,0,1
48nawRAxNc8d6fEk3lhD,Stade de la grenouillère,published,captain,ChIJ72-ON8135kcR__Ke_xtObCM,48.763303&2.2958683,2024-02-09T08:00:00.000Z,90,,public,false,Compétition,4,jI2N9cuRf5SCl7fDChMQV9SU9Yd2,9,22,0,0,0,0,0
49Us8dE8vGMEYMuRCYeq,Game 13 foot indoor,played,captain,ChIJNSDvlsXryRIRUXao9hwB79I,43.41258939999999&5.366617,2024-02-02T19:00:00.000Z,60,10,public,false,Détente,3,tNI5PAPgX0MDq6T4GlwP3d2ndaO2,10,10,2,0,0,0,0
4AMdjHIXP3IaX0JyPOPU,Massilia Foot Indoor 2,played,captain,ChIJxZ6UmMW-yRIRfYNGGPPJfIU,43.3266563&5.3836488,2024-02-14T19:00:00.000Z,60,9,public,false,Détente,2,3Ryx4CIA11hbeU7sNEaEcMKuYkY2,10,10,3,0,0,0,0
4AdECS4s4P9zD3hRkilu,Stade Robespierre,canceled,captain,ChIJrSdPdLpk5kcRTIf7gmbAvcU,48.8692482&2.2034218,2024-02-11T16:15:00.000Z,90,5,public,false,Compétition,2,P2fpoPcsJ3ZKgVNv94Q8rJ8w4Zd2,1,10,0,0,0,0,0
4AogYDog1tyhjulVNeRS,LE PARK Complexe Multisports,played,captain,ChIJdUHbID8O5kcRV5lQhiHTvhs,48.8337843&2.5728501,2024-02-09T11:30:00.000Z,60,4,public,false,Détente,2,G6yoF5W0fCQir8KtxHmHZkJuheA3,10,10,2,0,0,0,0
4CciczkyRr4NGLY9b8Sa,Speed Soccer Five,canceled,captain,ChIJ2xTNglV25kcR3UDi4AXGfDU,48.7360598&2.315058,2024-01-30T18:30:00.000Z,90,13,public,false,Détente,3,Z5sxx936iZX9hchZEihemmPqYW12,8,10,0,0,0,0,0
4Eb0FM2Gb4ydmqJ5cOoL,FOOT IN FIVE,published,captain,ChIJoUR0syFp5kcRUlStnwluaYY,48.9552257&2.3328346,2024-01-31T18:00:00.000Z,90,15,public,false,Compétition,5,MlMCUQrOsYWMoltYRGFknz0KO3x1,3,10,0,0,0,0,0
4FNLJ77Vp2LF9Xsc4nF3,LE FIVE Paris 18,played,captain,ChIJpVT4_n1u5kcRzji6FdTBXXo,48.8978522&2.3700234,2024-02-01T19:00:00.000Z,60,9,public,true,Détente,2,15SBk1kgEmgPBm3IlklgT6pQZ9n2,10,10,1,0,0,0,1
4HcLOieaHAVo6yuEdglA,LE FIVE Montreuil,published,pro,ChIJJdTQjr0T5kcRZmGxtIJVy44,48.8613036&2.4653095,2024-02-19T22:00:00.000Z,60,8,public,false,,,u9uC1vjdcdQ3UqNxI0SiFxor0m43,0,10,0,0,0,0,0
4HwFffU6j6de0HkEkZhI,Stade Makowski,canceled,captain,ChIJvShnxJpt5kcRwdqlaq1s3E0,48.9090365&2.436058,2024-02-07T18:50:00.000Z,90,,public,false,,4,FmWwP3CHDDPrKuS9tlikkebaorJ3,10,10,0,0,0,0,0
4IC9Xz2GIMVcWs4LR6A2,Parc Sainte Barbe,played,captain,ChIJtw301r5w5kcRvRjidiuAyaw,48.7922897&2.2913469,2024-02-16T13:25:00.000Z,120,,public,false,Détente,4,rzC8A0bd4afb9AWrHKlCPT9461y1,16,16,7,1,0,0,0
4LreH4odFU3L4GWwelhv,Stadium Thiais,published,pro,ChIJ64X9jzx05kcRsHvSfOv6UcA,48.7511024&2.3713455,2024-02-14T16:30:00.000Z,90,10,public,false,,,psf3NmXEPwdCltHKJC7VuvJocrF3,0,10,0,0,0,0,1
4PC09w4LjeQsv9yN3kXb,UrbanSoccer Evry,played,captain,ChIJW0Ut1G7e5UcRt621n2fRQ5M,48.6286849&2.4066366,2024-01-31T18:45:00.000Z,90,15.75,public,true,Compétition,3,iwFWhQjFryZZi74TDw73EIHrdVw1,10,10,0,0,0,0,1
4Pnrtzl0VKYSrTQ2ZbbF,Stadium Thiais,played,pro,ChIJ64X9jzx05kcRsHvSfOv6UcA,48.7511024&2.3713455,2024-02-18T13:30:00.000Z,90,15,public,false,,,psf3NmXEPwdCltHKJC7VuvJocrF3,10,10,3,0,0,0,0
4RAAFukqJBwGrZWzIA3O,UrbanSoccer - Lyon Parilly,played,captain,ChIJx3FQWjLC9EcRrrQb2eV7i_4,45.7120399&4.9039284,2024-02-14T16:00:00.000Z,60,8.5,public,true,Compétition,3,B6tWZAy3bgTUbyN0CtS7McqaOcW2,10,10,0,0,0,0,1
4VIlcajcl92jjYsGNfaC,LE FIVE Paris 17,played,captain,ChIJ7eI8sFNv5kcR5xy52Wc57NU,48.900032&2.3213449,2024-02-04T09:00:00.000Z,60,12,public,true,Détente,4,946cwEZZIFgLD1mbA4anndGs63y1,10,10,4,0,0,0,0
4Vy888hNr9L6rzUPwywR,UrbanSoccer - Asnières,played,captain,ChIJi5LkLT9v5kcRSlhScqEFNWs,48.92192379999999&2.3068311,2024-02-03T11:00:00.000Z,120,17,public,true,Détente,1,h8hE7KFyK3c5rYC0GoVU7Y7DJrf2,10,10,3,0,0,0,0
4WsCqrA6tBXIm1uTwNIH,Foot-Max Argenteuil,canceled,captain,,48.9501569&2.2093741,2024-02-16T17:00:00.000Z,60,8,public,false,Compétition,5,pFzXIXpbKGa6Y4q8RgaVZ3TQUYj1,6,10,0,0,0,0,1
4YV0BRxZfryvfAAnTzBL,Parc Kellermann,played,captain,ChIJKfPkqYNx5kcR7A_aiTfZGhI,48.8189004&2.3547092,2024-02-17T08:00:00.000Z,120,,public,false,Détente,3,fIBmTCaBSgfkUsqoJg8f8UMwwYZ2,16,16,4,0,0,0,6
4ZpRH8CXFbKzDUF7D6kK,City KOF,played,captain,ChIJ_2pirmlv5kcRTpGJ0UDn1Y8,48.9155954&2.2963072,2024-02-09T11:00:00.000Z,90,,public,false,Détente,2,PL0nw3BiAUhxDJuKc8qZsRazcM23,10,10,5,0,0,0,2
4ZxXq9T9pmNetzPtP7us,Centre Sportif Maryse Hilsz,played,captain,ChIJgY6iBYxt5kcRHD7TB4jAHV4,48.8520783&2.4128877,2024-02-01T11:20:00.000Z,150,,public,false,Compétition,5,1Fkzl7JONMQgLkuJEFE1meNaqUI2,16,16,7,0,0,0,2
4aad9zIXN7nthtRLduHg,Stadium Thiais,played,pro,ChIJ64X9jzx05kcRsHvSfOv6UcA,48.7511024&2.3713455,2024-02-16T18:00:00.000Z,90,15,public,false,,,psf3NmXEPwdCltHKJC7VuvJocrF3,10,10,8,1,0,1,7
4bkUqAsOWRdYZuxTTlMu,Stadium Thiais,canceled,pro,ChIJ64X9jzx05kcRsHvSfOv6UcA,48.7511024&2.3713455,2024-02-11T16:30:00.000Z,90,15,public,false,,,psf3NmXEPwdCltHKJC7VuvJocrF3,10,10,0,0,0,0,1
4dbZknqCwJKfGRkhQ38R,LE FIVE Paris 13,played,pro,ChIJ_bOSChhz5kcRZMTeq_6Gdzg,48.8181615&2.3658793,2024-02-18T16:00:00.000Z,60,10,public,false,,,FjSnzlRFFfhWVWQJGfIEwRc2ZMj2,10,10,10,2,0,0,1
4h4XsCSVntpPMsQMQ1jh,STADIUM FOOT 5 VILLAGE,canceled,captain,ChIJbbOWFtC4yRIR0WXVerbWmnE,43.269413&5.4260321,2024-02-15T19:00:00.000Z,60,10,public,false,Détente,,MKjoGJESIIfNKw5sH93VODBuvLv2,10,10,0,0,0,0,0
4hsONbHny5dv45jzbRuu,LE FIVE Créteil,played,captain,ChIJ88lx3VwL5kcRVxCh4lD6_Gk,48.7643086&2.4706522,2024-01-31T18:00:00.000Z,60,11,public,false,Détente,4,NDdn5avgv6Wp5SsQToiuba3PZ1u2,10,10,2,0,0,0,2
4jVvpAMrk230uG8ylVc9,Le 13 - Foot en salle - Marseille,canceled,captain,ChIJR62kUm_ByRIRDnGQqGCeUVQ,43.33370070000001&5.370389599999999,2024-02-09T19:00:00.000Z,60,9,public,false,Compétition,2,vzCXSeJYbaZacDav8pXWl7X9Wih1,8,10,0,0,0,0,0
4lVZAk5eX33IPYoyg2BR,UrbanSoccer La Défense,played,captain,ChIJh4rnfVhk5kcRV2Q-ZKdm8vA,48.8996456&2.2216773,2024-02-12T17:10:00.000Z,60,13,public,true,Détente,3,cdV2RHR98VO037Rf3nQrlu4cOvv1,10,10,2,0,0,0,3
4nvSpjnsRTmlLfXCGAXq,Foot POWER 5,canceled,pro,,48.960066&2.2061913,2024-02-07T17:00:00.000Z,90,5,public,false,,,sss3dYi6nzWd7rEjwcQ30LGKudj1,0,10,0,0,0,0,0
4qTkAaze3Blpj34ZvM4d,Stade Auguste Delaune,published,captain,ChIJq_4XqWls5kcRdfL8exKsuZ0,48.9177213&2.4024729,2024-02-19T19:00:00.000Z,90,,public,false,Compétition,5,fddnyVPOj3SWmkSHP5MlIORYP3a2,10,10,0,0,0,0,1
4qb1JIJekCP8I6HC4cPc,Monclub Futbol,published,pro,ChIJGbxxaamUyRIRgGvhHnhJStA,43.4299152&5.4001974,2024-02-12T20:30:00.000Z,90,10,public,false,,,CSTy9rmJRQSyWlqWuGiUhGpAGqf2,0,10,0,0,0,0,2
4sHuJb0DWOVmT6q2CQzV,LE FIVE Paris 17,canceled,captain,ChIJ7eI8sFNv5kcR5xy52Wc57NU,48.900032&2.3213449,2024-02-07T21:00:00.000Z,60,,private,true,Compétition,,dcQcNZfbqHcv7qU4oYMRsVelgbA2,1,10,0,0,0,0,0
4t68eNOjMYiL89nIYwkM,Stadium Thiais,hidden,pro,ChIJ64X9jzx05kcRsHvSfOv6UcA,48.7511024&2.3713455,2024-02-16T19:30:00.000Z,90,15,public,false,,,psf3NmXEPwdCltHKJC7VuvJocrF3,0,12,0,0,0,0,0
4tZOZw2pO39Tjk2NMMff,UrbanSoccer La Défense,played,captain,ChIJh4rnfVhk5kcRV2Q-ZKdm8vA,48.8996456&2.2216773,2024-02-03T08:00:00.000Z,60,13,public,true,Détente,2,lXmEZUR4RMTusdosGtuMnzNTS1u2,10,10,0,0,0,0,0
4uC8iq8zIiXKHjVk5zXd,LE FIVE Montreuil,published,pro,,48.8613036&2.4653095,2024-01-31T11:00:00.000Z,90,10.5,public,false,,,u9uC1vjdcdQ3UqNxI0SiFxor0m43,2,10,0,0,0,0,0
51gtbzp12cyM8up5irFw,LE FIVE Paris 18,played,captain,ChIJpVT4_n1u5kcRzji6FdTBXXo,48.8978522&2.3700234,2024-02-07T17:30:00.000Z,60,10,public,true,Détente,3,YtbCn08XugRKGPXwUFmVJ9EemuA3,10,10,4,0,0,0,1
53AK509P7y4OOwwwjZoM,Soccer Five,published,captain,ChIJp0K53sp55kcR61-WTU8Yv5k,48.7368129&2.2591558,2024-02-09T08:30:00.000Z,90,,public,false,Détente,3,Dohg1zNvhsbmGrYuAmExKFyjruw2,8,10,0,0,0,0,0
546n2881KGUhsm5WL2S6,LE FIVE Paris 17,canceled,captain,ChIJ7eI8sFNv5kcR5xy52Wc57NU,48.900032&2.3213449,2024-02-06T20:00:00.000Z,60,12,public,true,Détente,3,4E9IlsbiWkd5y4uHNXAtHpwMt833,5,10,0,0,0,0,0
54kx856FmtsHFLIVEv4S,Stadium Thiais,published,pro,,48.7511024&2.3713455,2024-02-09T11:00:00.000Z,60,7,public,false,,,psf3NmXEPwdCltHKJC7VuvJocrF3,0,10,0,0,0,0,0
54wWpgs8NmmmfSLm6H2f,LE FIVE Morangis,played,captain,ChIJA4uAhOXZ5UcRp-vZXZP-ovY,48.692672&2.3192811,2024-02-01T20:30:00.000Z,90,14,public,false,Compétition,4,lHBtmVY9QCfTaShMCSsI564Ls0s2,10,10,2,0,0,0,0
55DlSTUXghTXCA9gcxIt,LE FIVE Paris 17,published,captain,ChIJ7eI8sFNv5kcR5xy52Wc57NU,48.900032&2.3213449,2024-01-30T22:00:00.000Z,60,10,public,true,Détente,3,ZxGRMfC8CVMy4y3iqkrudB70Ymm2,4,10,0,0,0,0,0
55SNCH3SU7gqqkn2CKnN,Stadium Thiais,played,pro,ChIJ64X9jzx05kcRsHvSfOv6UcA,48.7511024&2.3713455,2024-02-15T19:30:00.000Z,90,15,public,false,,,psf3NmXEPwdCltHKJC7VuvJocrF3,10,10,5,0,0,0,0
57Lf82CKaamsCGPwdXvm,Stadium Thiais,played,pro,ChIJ64X9jzx05kcRsHvSfOv6UcA,48.7511024&2.3713455,2024-02-17T16:30:00.000Z,90,12,public,false,,,psf3NmXEPwdCltHKJC7VuvJocrF3,10,10,0,0,0,0,0
5AaHIw8u6BGMhN3V3roq,UrbanSoccer Evry,played,captain,ChIJW0Ut1G7e5UcRt621n2fRQ5M,48.6286849&2.4066366,2024-02-16T20:00:00.000Z,90,15,public,true,Competition,3,lppkOL9ay1VhR7EYSh39FXV8N1G3,10,10,3,0,0,0,1
5CEx5dnK9Adc8VtVcDLs,Foot 130,canceled,captain,ChIJVVUlxYxx5kcRUXKdWe-ugCQ,48.8350745&2.3575228,2024-02-10T02:00:00.000Z,60,10.5,public,false,Détente,3,lew9uSpD5XZ1ssU57aslTyBtXeX2,4,10,0,0,0,0,0
5DbwcTtJJJGN8QKKcdAm,Stade de Football Georges-Lefèvre,played,captain,ChIJGRQIhceJ5kcRPjIagufLsfg,48.91355950000001&2.0801199,2024-02-11T16:00:00.000Z,120,,public,false,Compétition,4,7CxiVdvuzxQVCmMKCQAIoWIn83y2,14,14,1,0,0,0,2
5DrLKFG2J4kYWXh0G3Or,LE FIVE Montreuil,canceled,captain,ChIJJdTQjr0T5kcRZmGxtIJVy44,48.8607303&2.4650432,2024-02-09T19:30:00.000Z,90,16.5,public,false,Détente,4,O5Xtgn2M4xcy8dQVEhzZ20zUzPU2,9,10,0,0,0,0,0
5DyHERNeCXBugFpb2PL6,UrbanSoccer Guyancourt,played,captain,ChIJmdX-2c-A5kcRj1wtOS8rZmo,48.7722091&2.0600292,2024-02-15T19:00:00.000Z,60,10,public,true,Détente,3,wjlnLRJWCeM0gRuAGqI3be6sLta2,10,10,3,0,0,0,2
5EKxfdkmu2psHbTVPimP,City Stade - Les Blagis (Basket),played,captain,ChIJKz0h4Alx5kcRDfJDRw9JniQ,48.7849737&2.2978799,2024-02-10T08:30:00.000Z,150,,public,false,Compétition,4,MAuQM7o6ksOU1LxbAtkWoSWpwN43,14,14,2,0,0,0,0
5EgIUpxJuV9ejFxWc78c,Stadium Thiais,played,pro,,48.7511024&2.3713455,2024-02-08T21:00:00.000Z,90,14,public,false,,,psf3NmXEPwdCltHKJC7VuvJocrF3,10,10,7,0,0,0,3
5FJUHWVqyeIH5iiiEqy0,Stadium Thiais,played,pro,ChIJ64X9jzx05kcRsHvSfOv6UcA,48.7511024&2.3713455,2024-02-10T19:30:00.000Z,90,15,public,false,,,psf3NmXEPwdCltHKJC7VuvJocrF3,10,10,2,0,0,0,1
5Hdfgj8AUV7sEWt5jldY,GOPARK INTERIEUR - Paintball et trampolines parc,played,captain,ChIJ2cJmdhf15kcRQ4mUOxIVzd0,49.045624&2.0799886,2024-02-11T08:45:00.000Z,90,12,public,false,Compétition,3,s5m85UqY3KbLtJxivX1ydzX84Ys2,10,10,0,0,1,0,1
5J8b2B9Yv7a6gIjmzjFh,Stadium Thiais,played,pro,ChIJ64X9jzx05kcRsHvSfOv6UcA,48.7511024&2.3713455,2024-02-17T21:00:00.000Z,90,15,public,false,,,psf3NmXEPwdCltHKJC7VuvJocrF3,10,10,7,0,0,0,0
5JB7cxmRIpRzReqItGrk,LE FIVE Paris 13,canceled,captain,ChIJ_bOSChhz5kcRZMTeq_6Gdzg,48.8181615&2.3658793,2024-02-05T19:30:00.000Z,60,14,public,true,Détente,2,hx4rV3vIT6QsB4SQPWuNgLAN40C3,10,10,0,0,0,0,1
5Jp2I4pMxpmOvauZwCgR,Parc Sainte Barbe,published,captain,ChIJtw301r5w5kcRvRjidiuAyaw,48.7922897&2.2913469,2024-02-19T13:00:00.000Z,120,,public,false,Détente,4,rzC8A0bd4afb9AWrHKlCPT9461y1,12,16,0,0,0,0,0
5LFuWeSE87nPxHQDyiUr,Classico Foot,played,captain,ChIJFV442oCxrhIRgsZy5aIbkNs,43.5945434&1.2911399,2024-02-01T20:00:00.000Z,60,9,public,false,Détente,2,2kS9PoiV0NVOLq2k6qlNXnH2LVZ2,10,10,3,0,0,0,0
5LYPDO1zjMxNj7bHEncg,UrbanSoccer - Lyon Parilly,played,captain,ChIJx3FQWjLC9EcRrrQb2eV7i_4,45.7120399&4.9039284,2024-01-30T18:30:00.000Z,60,11,public,true,Détente,3,n5c9QLSYaOZtWbLBuNEQjHF3BRq1,10,10,0,0,0,0,0
5LnlyxfyeUskUQzJGQpq,FOOT IN FIVE,played,captain,ChIJoUR0syFp5kcRUlStnwluaYY,48.9552257&2.3328346,2024-02-05T19:30:00.000Z,90,13,public,false,Détente,,zSTn9etyBoY3kThubkwj5lz761S2,10,10,1,0,0,0,0
5MBmyczzeEiIgTAD44y8,Game 13 foot indoor,played,captain,ChIJNSDvlsXryRIRUXao9hwB79I,43.41258939999999&5.366617,2024-02-02T17:30:00.000Z,60,10,public,false,Détente,4,RPwfyrL30dS1yvyJwGrn0z2HgSa2,10,10,0,0,0,0,1
5MRFVlWW3QtHKXRAQp60,Foot POWER 5,canceled,pro,,48.960066&2.2061913,2024-01-31T21:30:00.000Z,90,7,public,false,,,sss3dYi6nzWd7rEjwcQ30LGKudj1,0,10,0,0,0,0,0
5NMDsVkOpZUn6Q0h2819,Massilia FIVE,played,captain,ChIJxZ6UmMW-yRIR7ot5DChYj4w,43.28920790000001&5.4503802,2024-02-08T19:00:00.000Z,60,10,private,false,Détente,1,Une5csp3KybqaHR7lQK45scUuiI3,10,10,7,0,0,0,0
5OXbDHmsGiQRZDWymiVT,Events Five,canceled,captain,ChIJf8cSCJG5rhIRoQadPH-wW1U,43.5399703&1.3922897,2024-02-09T18:30:00.000Z,60,7,private,false,,,m4KpLYWUQghzy9kZi4QLUXSdwd32,5,10,0,0,0,0,0
5PLG1iNwHGUzYs44HP5M,LE FIVE Bezons,played,captain,ChIJ71Mv0Wpk5kcRg-H9x7L-dXo,48.9190524&2.211796,2024-02-18T12:00:00.000Z,60,10,public,true,Détente,3,UwFOwcfqtXbAnrH0cgZIYxGFpHo1,10,10,4,0,0,0,0
5RiInS2RJuI30yweBLUm,LE FIVE Paris 18,published,captain,ChIJpVT4_n1u5kcRzji6FdTBXXo,48.8978522&2.3700234,2024-02-11T15:00:00.000Z,60,14,public,true,Détente,2,n1QiHLK59xTLgC3Y85ErDlaLAYm1,6,10,0,0,0,0,0
5RjhhG8KKRqXcf8LXCgX,Top Ten,published,pro,ChIJfXprBx4b5kcRmhe-5pLZUek,48.8729106&2.6840919,2024-02-18T20:00:00.000Z,90,15,public,false,,,i27253AGxOfXgYJK72sBnvUGuMk2,0,10,0,0,0,0,0
5RsYfYwiE4ZTg59BoooB,LE FIVE Paris 17,played,pro,,48.900032&2.3213449,2024-02-02T16:00:00.000Z,60,5,public,false,,,V6mqbc9C8FNa1RQlUupjeoqOsZL2,10,10,10,0,0,0,9
5RwvBVhbDTQmfCxn6Une,Stadium Thiais,published,pro,,48.7511024&2.3713455,2024-02-02T17:00:00.000Z,90,14,public,false,,,psf3NmXEPwdCltHKJC7VuvJocrF3,0,10,0,0,0,0,1
5TuJpLjMjyHCXE74DhT9,BIG5,played,captain,ChIJsb_7TJFp5kcRSPL5VqZulr4,48.9901429&2.3617895,2024-02-15T18:30:00.000Z,90,13,public,false,Détente,3,Dz3CyfoRcNQpp301fskMAjkKXvC3,10,10,3,0,0,0,1
5UAYIfou30phDbBgbETF,LE 5 DE LEGENDE,canceled,captain,ChIJU_aXKN_A9EcRHCY74rI9i4Y,45.7617542&4.9413708,2024-02-13T18:00:00.000Z,60,10,public,false,Compétition,4,HYZnOSOXnShrhj2MfELfmlU6Jbq1,9,10,0,0,0,0,0
5WbLtexKkPq7q6k5t0eM,Play Soccer,canceled,captain,ChIJQ-UxZn-5rhIRKWoQydM5T9s,43.5512023&1.4098927,2024-02-16T14:00:00.000Z,90,12,public,false,,,8LtkeOuZHeePxfkXdNPmQSr7V9L2,5,10,0,0,0,0,0
5YSWr427Ss0v45wV6FBo,Centre Sportif Hautpoul,published,captain,ChIJ79fuL8Zt5kcRk9e1VH01h_U,48.8847213&2.3874252,2024-02-05T21:40:00.000Z,60,,public,false,Compétition,3,u1d5UxHx7maGj4sc4EU7rDuYr0p2,6,12,0,0,0,0,0
5YjqEbDCLzr1S2xoLAdD,LE FIVE Paris 17,played,captain,ChIJ7eI8sFNv5kcR5xy52Wc57NU,48.900032&2.3213449,2024-02-08T17:30:00.000Z,60,12,public,true,Détente,2,7SqcZvemfkNOOir5b46jpsbDqf02,10,10,3,0,0,0,0
5apkVKsWdTRUm6CB9hkc,LE FIVE Paris 18,played,captain,ChIJpVT4_n1u5kcRzji6FdTBXXo,48.8978522&2.3700234,2024-02-06T18:30:00.000Z,60,14,public,true,Détente,2,YtW7PR9E5ya9nis8ptOIwNwFqad2,10,10,4,0,0,0,4
5b0TijDx0As7j9t1bhnB,UrbanSoccer La Défense,played,captain,ChIJh4rnfVhk5kcRV2Q-ZKdm8vA,48.8996456&2.2216773,2024-02-01T17:15:00.000Z,60,14,public,true,Détente,,1HmafaepO7XVtiMrAGlVxl4ql522,10,10,2,0,0,0,1
5cp6XCIM5KE9ZwKwEIim,Parc Sainte Barbe,played,captain,ChIJtw301r5w5kcRvRjidiuAyaw,48.7922897&2.2913469,2024-02-12T12:45:00.000Z,120,,public,false,Détente,5,rzC8A0bd4afb9AWrHKlCPT9461y1,16,16,8,0,0,0,0
5dtDg3xt6U7BDDHpJVXs,Monclub Futbol,played,captain,ChIJGbxxaamUyRIRgGvhHnhJStA,43.4299152&5.4001974,2024-02-11T16:00:00.000Z,60,10,public,false,Détente,3,OZ4gbKApJ6VUiNG5iJScKxFvNd13,10,10,3,0,0,0,0
5eSGl97WX6iAAzEmZ3tW,Play Soccer,played,captain,ChIJQ-UxZn-5rhIRKWoQydM5T9s,43.5512023&1.4098927,2024-02-11T18:00:00.000Z,60,8,public,false,,3,8LtkeOuZHeePxfkXdNPmQSr7V9L2,10,10,3,0,0,0,0
5gd8S6fgAYus98xVxy8F,Centre sportif Suzanne Lenglen,canceled,captain,ChIJjyw8lw975kcRB8dEmGn3P0Q,48.8302835&2.2740847,2024-01-30T11:00:00.000Z,90,,public,false,Compétition,3,og2EZuv5H8PCmqLY8RjBnUSpa8Y2,2,16,0,0,0,0,0
5iH6TBI8HBkUsf81fXdt,Top Ten,published,pro,,48.8729106&2.6840919,2024-02-01T11:00:00.000Z,90,5,public,false,,,i27253AGxOfXgYJK72sBnvUGuMk2,0,10,0,0,0,0,0
5jhYtQsFiepRAPkZ2qRr,Soccer Five,played,captain,ChIJp0K53sp55kcR61-WTU8Yv5k,48.7368129&2.2591558,2024-02-10T08:25:00.000Z,90,,public,false,Détente,3,Dohg1zNvhsbmGrYuAmExKFyjruw2,12,12,4,0,1,0,0
5kGoKXzn6zJQjxMZ8NFs,Footbox,published,pro,ChIJY-WkusIR5kcR-tEad3UtaSQ,48.9022789&2.582647,2024-02-13T19:00:00.000Z,60,10,public,false,,,QI89VPazyLhBVnWH871jk4BUEZI3,0,10,0,0,0,0,0
5kbgtcX388Y7htvPNjaG,Stade Velpeau,canceled,captain,ChIJ7T9xehZ35kcRrbiEqd5yU6s,48.759413&2.3048279,2024-02-09T17:20:00.000Z,90,,public,false,Chill,3,KItYT7tPJMOAEWLh46finv01Jt02,15,16,0,0,0,0,0
5mcee9QXnkS2ysIUMjGZ,UrbanSoccer Evry,canceled,captain,ChIJW0Ut1G7e5UcRt621n2fRQ5M,48.6286849&2.4066366,2024-02-05T18:00:00.000Z,60,10,public,true,Détente,2,faVTIVJsXPU9j5nHnGwJ6fM4otC3,8,10,0,0,0,0,0
5n4FoEwH9kJXAibrooc0,Stade Lilian Thuram,played,captain,ChIJy0-vXf9l5kcRH4WAmpihUQE,48.933705&2.2828141,2024-02-11T08:15:00.000Z,150,,private,false,Compétition,4,VACWm8ZQBwXzz3nMcuBji92IT8p1,16,16,0,0,0,0,0
5oBiD431hWq6r7yd2wAe,UrbanSoccer La Défense,played,captain,ChIJh4rnfVhk5kcRV2Q-ZKdm8vA,48.8996456&2.2216773,2024-02-14T18:15:00.000Z,60,,public,true,Détente,2,8kEaTxsnTxOhz1Tp79Q1h72GMVi2,10,10,4,0,0,0,14
5oFs8u3d8eXjpSy13SWF,Parc Interdépartemental des Sports du Tremblay,played,captain,,48.8281085&2.491365,2024-02-01T15:00:00.000Z,90,,public,false,Compétition,4,OKSK9YmBnhPYPn6fchCcUo9A2Mt2,18,18,0,0,0,0,1
5oO5GEOuEixyD7kcQv8h,LE FIVE Paris 18,played,pro,,48.8978522&2.3700234,2024-02-03T21:30:00.000Z,90,10,public,false,,,UQf33jQhVZhle917nO0h7D5qclV2,10,10,5,0,0,0,3
5oo1qBAjjN2WTJlMobg7,Game 13 foot indoor,hidden,pro,ChIJNSDvlsXryRIRUXao9hwB79I,43.41258939999999&5.366617,2024-02-06T17:30:00.000Z,60,,public,false,,,4CPt9QJ6GEQgrpyTuzm8CMK844V2,9,10,0,0,0,0,0
5pc40gsEX2p3mAfVGsQw,LE FIVE Marville - La Courneuve,played,captain,ChIJ2dHdMZxr5kcR0aKYHYsp0pY,48.9364404&2.3869147,2024-02-02T17:30:00.000Z,60,10,public,false,Détente,4,8a1IiqZPd4WCCGMJlcLdCNgF1jg2,10,10,2,0,0,0,0
5prIyYGPVeMIFdn5Ioig,LE FIVE Paris 17,canceled,captain,ChIJ7eI8sFNv5kcR5xy52Wc57NU,48.900032&2.3213449,2024-02-04T11:30:00.000Z,90,18,public,true,Détente,4,x9EzakpsCoT7VHw2cZSvPwaFLn02,10,10,0,0,0,0,1
5qesKwwvDbc4WNwwosKS,UrbanSoccer Meudon,played,captain,ChIJ0WKvjbh75kcRoqSmyWwW2jQ,48.8001204&2.2140771,2024-02-05T18:45:00.000Z,90,17.25,public,true,Détente,3,1aJ3GdfxKfcSFm478yjdpSaevVC3,10,10,3,0,0,0,3
5sDZm2SrQp0DLvIhOS6B,Stade Pierre Corbarieu,canceled,captain,ChIJR8n2W4-7rhIRAerjyzTqyNc,43.5792841&1.4380623,2024-02-17T09:00:00.000Z,90,,public,false,Compétition,2,A2eBY5QhlzWBTLK6s6WQdRMzEEf1,16,22,0,0,0,0,0
5sFYTfTy4aU9bch3P0tQ,LE FIVE Paris 13,hidden,pro,,48.8181615&2.3658793,2024-02-18T11:00:00.000Z,60,10,public,false,,,FjSnzlRFFfhWVWQJGfIEwRc2ZMj2,0,10,0,0,0,0,0
5sSGtRrUSCcG0zmzZWTr,LE FIVE Paris 17,played,captain,ChIJ7eI8sFNv5kcR5xy52Wc57NU,48.900032&2.3213449,2024-02-05T17:30:00.000Z,60,12,public,true,Détente,,4ivgR8Eqa0bQalx00YaOrkpq03H2,10,10,2,0,0,0,0
5tLLpYRGb30yi0j8wBiX,Stade Suzanne Lenglen,played,captain,,48.83101689999999&2.272363,2024-02-12T09:45:00.000Z,90,,public,false,Détente,3,NJxBoCMTp6TyjzUGjNXAqxTk2WM2,15,16,13,0,0,0,4
5tS3YfT8Ub8ezp0hQmNF,Play Soccer,played,captain,ChIJQ-UxZn-5rhIRKWoQydM5T9s,43.5512023&1.4098927,2024-02-07T18:00:00.000Z,60,10,public,false,,,8LtkeOuZHeePxfkXdNPmQSr7V9L2,10,10,0,0,0,0,0
5uAsiRE9ka51LHnbhvOh,LE FIVE Bezons,canceled,pro,,48.91909&2.2093051,2024-02-10T20:00:00.000Z,90,13.5,public,false,,,U3MriTZbPbTUEsU6RtRuHxDMKvg2,10,10,0,0,0,0,2
5wJrMQaX8LTXjvPdxVVA,LE FIVE Paris 17,played,captain,ChIJ7eI8sFNv5kcR5xy52Wc57NU,48.900032&2.3213449,2024-01-31T17:00:00.000Z,60,12,public,true,Compétition,3,bGe0GfgFHHNHe9EV7kq6ubVhG853,10,10,1,0,0,0,1
5wtZLcanjbtDJyDa9Hpf,Complexe Sportif ADP Orly Sud,draft,captain,ChIJJ_l6yZV15kcRt2erTWIJT0I,48.7127531&2.3822901,2024-02-04T12:00:00.000Z,120,,public,false,,,5v9WX6HkohWW6s4r8BR39p1iJxu1,0,0,0,0,0,0,0
5xGxGywttdSYq7KkKI88,UrbanSoccer - Puteaux,played,captain,ChIJM_sC0-Nk5kcRhL1y_EFIje8,48.8836397&2.2312283,2024-02-02T18:00:00.000Z,60,10,public,true,Détente,2,5Vj8TMIinOXI6UiS3IX2GEWZSF32,10,10,1,1,0,0,0
5y3yfLBiHpCrIPjNHCIQ,LE FIVE Paris 18,played,pro,ChIJpVT4_n1u5kcRzji6FdTBXXo,48.8978522&2.3700234,2024-02-11T21:30:00.000Z,90,12,public,false,,,UQf33jQhVZhle917nO0h7D5qclV2,10,10,10,0,0,0,4
5yvur0SHdwnfpsQ9Gfrw,Stade Lilian Thuram,canceled,captain,ChIJy0-vXf9l5kcRH4WAmpihUQE,48.933705&2.2828141,2024-02-03T10:00:00.000Z,120,,public,false,Compétition,4,4LyF16dpHtbm72HldpjMLjbELTZ2,12,16,0,0,0,0,2
60ZhgclCPutMxSsUP79v,Play Soccer,played,captain,ChIJQ-UxZn-5rhIRKWoQydM5T9s,43.5512023&1.4098927,2024-02-05T17:30:00.000Z,90,15,public,false,,,8LtkeOuZHeePxfkXdNPmQSr7V9L2,10,10,0,0,0,0,0
61886WXJPqIvPML0VjQ9,LE FIVE Villette,played,captain,ChIJTUFnQjps5kcR0pHITLTw1PI,48.9070122&2.3861459,2024-02-17T13:00:00.000Z,90,15,public,false,Détente,1,UQsQ4SrkpyV3Pm3lUg88RA4bCPV2,10,10,1,0,0,0,2
61p7NhqBCoVTpf8K0rPI,UrbanSoccer - Quai d'Ivry,played,captain,ChIJfXxYJ0xy5kcRw9xTkF6-FZQ,48.8199885&2.3936463,2024-02-11T16:30:00.000Z,90,,public,true,Détente,3,IjZQ38yDuOZXN8HfgqdGDUB3S6L2,10,10,2,0,0,0,0
61yKwM28W4wF48jzWdYa,LE PARK Complexe Multisports,played,captain,ChIJdUHbID8O5kcRV5lQhiHTvhs,48.8337843&2.5728501,2024-02-16T20:30:00.000Z,90,15,public,false,Détente,3,ZTWm3uwNFYee4BhGNv41A2Mnzv72,10,10,3,0,0,0,2
63Pr3gvzEhODibuAvQ0u,Stade Robespierre,canceled,captain,ChIJrSdPdLpk5kcRTIf7gmbAvcU,48.8692482&2.2034218,2024-02-10T14:30:00.000Z,90,5,public,false,Compétition,3,P2fpoPcsJ3ZKgVNv94Q8rJ8w4Zd2,3,10,0,0,0,0,0
63XzprkT0qBC9mG1S4mm,UrbanSoccer - Angers,published,captain,ChIJBcOLHhJ_CEgRBi_FUHPvAQ0,47.472353&-0.6048954999999999,2024-02-10T13:00:00.000Z,60,10,public,true,Détente,2,hRO6pMT29rV3DpkvoSo9j0FOECj2,3,10,0,0,0,0,0
64QWQSKH1BKzzLhotvIH,Top Ten,published,pro,ChIJfXprBx4b5kcRmhe-5pLZUek,48.8729106&2.6840919,2024-02-10T22:00:00.000Z,60,10,public,false,,,i27253AGxOfXgYJK72sBnvUGuMk2,0,10,0,0,0,0,0
66KKAIkga6lyxJSPDZuX,Stadium Thiais,published,pro,,48.7511024&2.3713455,2024-02-03T13:00:00.000Z,90,12,public,false,,,psf3NmXEPwdCltHKJC7VuvJocrF3,1,10,0,0,0,0,2
67XR9l4oLRC0RvBI7wzG,LE FIVE Bobigny,canceled,captain,ChIJV8UONORs5kcRXxR5Qd7x130,48.901553&2.4313304,2024-02-01T19:15:00.000Z,60,10,public,false,Détente,,7EmW6eGa2ldu2NbZasvRClv9Zcs2,9,10,0,0,0,0,0
67v8DE1p1xmBNtSdD9BR,TEP Reverdy,published,captain,ChIJ97IzEXZt5kcRrziQffedeSo,48.8852655&2.3762939,2024-02-19T18:00:00.000Z,120,5,public,false,Détente,4,IPmbamz2bkMhCjliEqifTUkx2ir2,12,12,0,0,0,0,0
68jjdvk0vR6H6vb6Per6,UrbanSoccer - Lille Lezennes,played,captain,ChIJR3ro5nTWwkcRfM_S3Be9HjI,50.6162725&3.0998108,2024-02-04T18:00:00.000Z,120,12.75,public,true,Compétition,3,xR4ED6qRzmg0HreT9TkBwvuQM912,10,10,3,0,0,0,0
68qLQIAFpwXki9hm6t4p,STADIUM FOOT 5 VILLAGE,played,captain,ChIJbbOWFtC4yRIR0WXVerbWmnE,43.269413&5.4260321,2024-02-08T17:00:00.000Z,60,10,public,false,Détente,3,m8N4UxiohPOfPsDkGmXqxXGYQoo1,10,10,1,0,0,0,0
6B4wOf9Rzmp0MIErmfHq,UrbanSoccer - Porte d'Aubervilliers,played,captain,ChIJ0dXjDCZs5kcRvX0EpMwxsUY,48.9074912&2.3746518,2024-02-03T15:30:00.000Z,90,17.25,public,true,Détente,3,v7Zn0zr97ZdD4FQXZspmXZ4pm6o2,10,10,2,0,0,0,0
6ClGYJ5AiecMIMVS9e6D,LE FIVE Bobigny,played,captain,ChIJV8UONORs5kcRXxR5Qd7x130,48.901553&2.4313304,2024-02-08T11:00:00.000Z,60,7,public,false,Détente,3,bCrQ5mXqWnTvpDESyKrIuAZjDuR2,10,10,3,0,0,0,2
6FhWp9F9Gh0DFca727Kc,Le 13 - Foot en salle - Marseille,played,captain,ChIJR62kUm_ByRIRDnGQqGCeUVQ,43.33370070000001&5.370389599999999,2024-02-02T20:00:00.000Z,60,10,public,false,Détente,3,T4yfmCtRW3U920hqf5g11Hhol862,10,10,3,0,0,0,0
6GIZ7RldbnAOsu04ZGW4,Stadium Thiais,published,pro,,48.7511024&2.3713455,2024-02-05T11:00:00.000Z,60,7,public,false,,,psf3NmXEPwdCltHKJC7VuvJocrF3,0,10,0,0,0,0,2
6GfX5Ju0uY57ra0AUKnq,Top Ten,published,pro,ChIJfXprBx4b5kcRmhe-5pLZUek,48.8729106&2.6840919,2024-02-19T22:00:00.000Z,90,16.5,public,false,,,i27253AGxOfXgYJK72sBnvUGuMk2,0,10,0,0,0,0,0
6MBv2vUKSxL77QxAJDVM,Stadium Thiais,played,captain,ChIJ64X9jzx05kcRsHvSfOv6UcA,48.7511137&2.3715422,2024-02-12T16:00:00.000Z,120,10,public,false,Compétition,3,Dohg1zNvhsbmGrYuAmExKFyjruw2,10,10,8,1,0,1,0
6MOOx0E8x7xXCBlcdfSj,UrbanSoccer La Défense,published,captain,ChIJh4rnfVhk5kcRV2Q-ZKdm8vA,48.8996456&2.2216773,2024-02-19T17:00:00.000Z,60,12.5,public,true,Détente,4,WmEIitt9Uwg5axn6vQTP95QfodX2,10,10,0,0,0,0,0
6OOp14s8gepuqz9EgxHi,Footbox,published,pro,ChIJY-WkusIR5kcR-tEad3UtaSQ,48.9022789&2.582647,2024-02-16T16:00:00.000Z,60,7,public,false,,,QI89VPazyLhBVnWH871jk4BUEZI3,1,10,0,0,0,0,0
6OTPnK1y5wCQqkowdbcp,F5 Foot Five,canceled,captain,ChIJjUbM5G7A9EcRW3mlkrhyXxY,45.7857911&4.905926399999999,2024-02-01T19:00:00.000Z,60,9.5,public,false,,4,1oj8NXGqeiXqGZ1uu2Tyz2ZGdBt1,8,10,0,0,0,0,0
6Ow9FGZJrAnpwW928pfF,UrbanSoccer - Asnières,played,captain,ChIJi5LkLT9v5kcRSlhScqEFNWs,48.92192379999999&2.3068311,2024-02-18T09:00:00.000Z,60,12,public,true,Détente,2,0fTTGbG5LPfxrrZv6BoH2ZMYgKk2,10,10,0,0,0,0,1
6P9RdGtvopm7L2y1hnAf,UrbanSoccer La Défense,played,captain,ChIJh4rnfVhk5kcRV2Q-ZKdm8vA,48.8996456&2.2216773,2024-01-30T19:15:00.000Z,60,14.5,public,true,Détente,3,uXinhTCnJabPwHfWKNCwa6udOVj1,10,10,4,0,0,0,3
6PDK93eMmqOkjKGex942,Stadium Thiais,published,pro,ChIJ64X9jzx05kcRsHvSfOv6UcA,48.7511024&2.3713455,2024-02-04T11:00:00.000Z,90,15,public,false,,,psf3NmXEPwdCltHKJC7VuvJocrF3,2,10,0,0,0,0,1
6RSYjyRsQGtPQ9MmpeUt,Top Ten,played,pro,,48.8729106&2.6840919,2024-02-05T16:00:00.000Z,90,5,public,false,,,i27253AGxOfXgYJK72sBnvUGuMk2,10,10,7,0,0,0,5
6Rg6Xuv9MCzayh8hUTDq,UrbanSoccer La Défense,played,captain,ChIJh4rnfVhk5kcRV2Q-ZKdm8vA,48.8996456&2.2216773,2024-02-09T18:00:00.000Z,60,14,public,true,Détente,2,JR18ryknV2cei1p9p5XRKJXO5lu1,10,10,2,0,0,0,1
6TVUVKIcAZmimG4r7z3V,Parc des Sévines,canceled,captain,ChIJ1-_7SUhv5kcRuFo_vTkcn_c,48.9297768&2.3037282,2024-02-18T07:30:00.000Z,120,,private,false,Détente,3,6AntFXAur6hb3e4DK4BlpQnOyvk1,1,16,0,0,0,0,0
6W1NdBOMG01740SLdRuo,UrbanSoccer - Marne-La-Vallée,draft,captain,ChIJ6bDBiosP5kcROXiloHzSdhc,48.82658600000001&2.6296937,2024-02-09T18:15:00.000Z,60,11,public,true,,,XqKE77KP75T9tQkX3sg8AfmykyP2,0,10,0,0,0,0,0
6WNULpjij05PhGtDZxMP,UrbanSoccer Evry,published,captain,ChIJW0Ut1G7e5UcRt621n2fRQ5M,48.6286849&2.4066366,2024-02-07T19:15:00.000Z,90,15.75,public,true,Détente,3,Z813x5N0SWetu6sqmrVVMLCltA42,9,10,0,0,0,0,0
6X0JuY9HlXgcEYV9EbCX,LE FIVE Bezons,published,captain,ChIJ71Mv0Wpk5kcRg-H9x7L-dXo,48.9190524&2.211796,2024-02-13T17:30:00.000Z,60,8.5,public,true,Compétition,3,gKdWPQZ3KaP14hi2gujBdsj7int2,5,10,0,0,0,0,0
6Z0EA8dIVevHAzq3NTaq,LE FIVE Créteil,played,captain,ChIJ88lx3VwL5kcRVxCh4lD6_Gk,48.7643086&2.4706522,2024-02-15T11:15:00.000Z,90,,public,false,Détente,3,TojgIpli6yPkQzHb65Y2eRJZUd52,10,10,1,0,0,0,0
6ZlzFTStbKb6A3pIHznf,UrbanSoccer Guyancourt,played,captain,ChIJmdX-2c-A5kcRj1wtOS8rZmo,48.7722091&2.0600292,2024-02-15T17:00:00.000Z,60,5,public,true,Détente,2,1sorGeia3xewu4iMJwjIldPi7Qp2,10,10,0,0,0,1,0
6bkj5En2kbLUdybNmqNt,LE FIVE Paris 17,canceled,captain,ChIJ7eI8sFNv5kcR5xy52Wc57NU,48.900032&2.3213449,2024-02-03T11:00:00.000Z,60,10,public,true,Détente,3,llQX2MUU4bdO9CLNbrKjiszrC2e2,7,10,0,0,0,0,0
6cLRPHPEinvg1FNfSBrK,LE FIVE OL,played,captain,ChIJmz3whejH9EcR3j9ApNRukKE,45.7673403&4.9802325,2024-02-04T09:00:00.000Z,90,12,public,false,Détente,2,3XeDOnhqBsO8fd9OiABXBZcMPEx2,10,10,2,0,0,0,2
6ddEu4rbNAtR7zY4NVy0,STADIUM FOOT 5 VILLAGE,canceled,captain,ChIJbbOWFtC4yRIR0WXVerbWmnE,43.269413&5.4260321,2024-02-18T18:00:00.000Z,60,10,public,false,,3,MKjoGJESIIfNKw5sH93VODBuvLv2,10,10,0,0,0,0,0
6dtixMgvnVOF7vSpPbpj,Footbox,published,pro,ChIJY-WkusIR5kcR-tEad3UtaSQ,48.9022789&2.582647,2024-02-18T16:00:00.000Z,60,10,public,false,,,QI89VPazyLhBVnWH871jk4BUEZI3,0,10,0,0,0,0,0
6fERPGEsVtKL0vvwubmp,OHSPORT,played,captain,ChIJHeG9fA4X5kcRbGNzVY5Ud5I,48.9672396&2.5670436,2024-02-09T15:20:00.000Z,90,9,public,false,Détente,3,QqCjlca15HdnAvALHA0FzUBbbX42,10,10,2,0,0,0,2
6gqrBuTASnfGJepn6UgZ,Z5 Aix,played,captain,ChIJKb-U_9KSyRIRKIFKbH5mW18,43.4787869&5.3969048,2024-02-04T17:00:00.000Z,60,11,public,false,Détente,2,LIt9jRAfS6fc4lEiklRix5m9KeY2,10,10,2,0,0,0,0
6ja87fQUTkkzdcFyTXMW,CA Romainville,played,captain,ChIJ6ZZX-Itt5kcRjhHfH1Jkgdc,48.8869386&2.4421851,2024-02-11T10:00:00.000Z,90,,public,false,Détente,3,lp3HxMszwUT4btAAKLAKDzNdP1j1,22,22,18,1,1,1,3
6kJBgKNFOnruSasWnp31,LE PARK Complexe Multisports,canceled,captain,ChIJdUHbID8O5kcRV5lQhiHTvhs,48.8337843&2.5728501,2024-02-15T20:30:00.000Z,90,15,public,false,Détente,3,ZTWm3uwNFYee4BhGNv41A2Mnzv72,9,10,0,0,0,0,0
6l9XuNzV8rgWOJhV6jnP,LE FIVE Champigny,played,pro,,48.8194084&2.5251846,2024-02-10T18:00:00.000Z,60,11,public,false,,,evlV9mUgATYQ5343zpYZvk4w0r03,10,10,2,0,0,0,1
6mHceLmGyRnQFnrOavhm,UrbanSoccer La Défense,published,captain,ChIJh4rnfVhk5kcRV2Q-ZKdm8vA,48.8996456&2.2216773,2024-02-04T11:00:00.000Z,90,,public,true,Détente,3,KjrFHqVGUQSSYvXHpcm0W9Q62as2,9,10,0,0,0,0,0
6pbky2f5JGDx8v3ZBtoC,Top Ten,published,pro,,48.8729106&2.6840919,2024-01-29T22:00:00.000Z,90,16.5,public,false,,,i27253AGxOfXgYJK72sBnvUGuMk2,0,10,0,0,0,0,0
6q3BncAavycCNBRoVGNy,LE FIVE Montreuil,published,pro,,48.8613036&2.4653095,2024-02-13T12:00:00.000Z,60,7,public,false,,,u9uC1vjdcdQ3UqNxI0SiFxor0m43,0,10,0,0,0,0,0
6qo30xyFEke096fdusxS,UrbanSoccer - Lille Bondues,canceled,captain,ChIJ58ZerMgrw0cR2Jyp7tZjBn4,50.6913774&3.0860264,2024-02-17T08:30:00.000Z,120,10,public,true,Détente,2,vA8SlKR2U2eAHIP0f0bcRJ0nO2q1,8,10,0,0,0,0,0
6uKZwwwlFwMs3fOb2mxQ,Stade Jean Jaurès,canceled,captain,ChIJZeiwsidk5kcRfr4JxmBG86s,48.9370177&2.2250254,2024-02-01T09:00:00.000Z,120,,public,false,Compétition,4,9RsiW31iSGhaAT8kokv7pIP4bmU2,10,18,0,0,0,0,1
6vzn7m6KFr2Hnqzd2Ts7,UrbanSoccer La Défense,played,captain,ChIJh4rnfVhk5kcRV2Q-ZKdm8vA,48.8996456&2.2216773,2024-02-03T16:45:00.000Z,60,13.5,public,true,Détente,3,VD9ODfaAjcS1pb401hKVLbwXGt92,10,10,2,0,0,0,3
6xh1xZQjhfckOqOy2Cpg,UrbanSoccer - Marne-La-Vallée,canceled,captain,ChIJ6bDBiosP5kcROXiloHzSdhc,48.82658600000001&2.6296937,2024-02-04T11:30:00.000Z,60,85,private,true,Détente,2,AZW4eE26vCcDavANdPQgOqs70xx2,10,10,0,0,0,0,0
6y9i5GkRPyr4j4x1ZZ2J,UrbanSoccer - Marne-La-Vallée,canceled,captain,ChIJ6bDBiosP5kcROXiloHzSdhc,48.82658600000001&2.6296937,2024-02-09T19:15:00.000Z,90,18,public,true,Détente,3,xPY1K2GHyVSVi4CtAs5pGcnzKBp2,10,10,0,0,0,0,0
71zIxdQqNlCcGIzIZitk,Play Soccer,played,captain,ChIJQ-UxZn-5rhIRKWoQydM5T9s,43.5512023&1.4098927,2024-02-01T11:30:00.000Z,60,8,public,false,,,8LtkeOuZHeePxfkXdNPmQSr7V9L2,10,10,2,0,0,0,0
72FDnGh8zdRCS2tlNtn0,LE FIVE Paris 18,played,captain,ChIJpVT4_n1u5kcRzji6FdTBXXo,48.8978522&2.3700234,2024-02-10T15:00:00.000Z,60,7.5,public,true,Détente,3,YShOQuRUo8Vm07pj9vfiQAfMtuh1,10,10,1,0,0,0,1
73lMlaaBntkjQNbj1J81,LE FIVE Villette,played,captain,ChIJTUFnQjps5kcR0pHITLTw1PI,48.9070122&2.3861459,2024-02-10T10:30:00.000Z,60,10,public,false,Détente,3,2WS400bM7uX0xELJAMzrwgVMkOM2,10,10,2,0,0,0,0
73pE058hke6NlyvTrb71,UrbanSoccer - Asnières,draft,captain,ChIJi5LkLT9v5kcRSlhScqEFNWs,48.92192379999999&2.3068311,2024-02-02T19:00:00.000Z,90,,public,false,,,zuLfnpn9yah3rzrIamFPG2S91ee2,0,0,0,0,0,0,0
75kKRakzff5wTXezj66J,Stade Des Courtilles,canceled,captain,ChIJ83HS9ldv5kcR-plMKkHPNTA,48.929137&2.2834726,2024-02-10T19:30:00.000Z,120,,public,false,Compétition,,OKhfkxDKMDS9m7GyDTrjVlKnvko1,11,14,0,0,0,0,1
760jIsqyp5z4gUtgaIbu,MONCLUB 2.0,played,captain,ChIJv9owGLm-yRIRfuDnd3G6nR4,43.2895156&5.4611522,2024-02-08T19:00:00.000Z,60,10,public,false,Competition,3,5TFCYy7BgibXpBF3a2CvhWBKkUt1,10,10,2,0,0,0,2
76ofXBXlxJdVhtQJxziZ,Stadium Thiais,published,captain,ChIJ64X9jzx05kcRsHvSfOv6UcA,48.7511137&2.3715422,2024-02-17T19:30:00.000Z,90,15,public,false,Détente,,A3vQcfLoqHNMdEPiPf797XFy3JW2,5,12,0,0,0,0,0
77lQGgUXh3AZT3ti2z1n,LE FIVE Carrières-sous-Poissy,published,captain,ChIJ9T4fWfyL5kcRCBX-FyZLvEE,48.9469325&2.0233834,2024-02-02T10:30:00.000Z,90,13,public,false,,4,T3MXqcHK9jTOVl5qDb6YLQV5V8R2,8,10,0,0,0,0,0
78AXaladq44jmkF3mNVs,Classico Foot,canceled,captain,ChIJFV442oCxrhIRgsZy5aIbkNs,43.5945434&1.2911399,2024-02-15T20:00:00.000Z,60,9,public,false,Détente,2,2kS9PoiV0NVOLq2k6qlNXnH2LVZ2,10,10,0,0,0,0,0
78UuCG6ZbR2BO4ww4QJC,Foot-Max Argenteuil,published,pro,ChIJi9oIzaRm5kcRJYcK7QsdRMU,48.9501632&2.2093946,2024-02-11T12:30:00.000Z,90,12,public,false,,,SuEnyPZ4TgNIkt1yap2yJ3ZHO6p1,0,10,0,0,0,0,0
7AGMjqJdqQ8SiDo7jfoO,Stadium Thiais,published,pro,ChIJ64X9jzx05kcRsHvSfOv6UcA,48.7511024&2.3713455,2024-02-16T16:30:00.000Z,90,10,public,false,,,psf3NmXEPwdCltHKJC7VuvJocrF3,0,10,0,0,0,0,1
7DJLprhxJvuVvO0Ot0BS,LE FIVE Paris 13,played,captain,ChIJ_bOSChhz5kcRZMTeq_6Gdzg,48.8181615&2.3658793,2024-02-03T17:30:00.000Z,90,11.5,public,true,Détente,,o2jV6LybU1Wx5biAwXkQCL6JGJP2,10,10,4,0,0,0,0
7GZBRuWA2gDiKm890Os1,LE FIVE Paris 17,played,pro,,48.900032&2.3213449,2024-02-01T16:00:00.000Z,60,5,public,false,,,V6mqbc9C8FNa1RQlUupjeoqOsZL2,10,10,10,0,1,0,12
7HZ0O8tgkWvM7Qpo3C2F,Footbox,published,pro,ChIJY-WkusIR5kcR-tEad3UtaSQ,48.9022789&2.582647,2024-02-17T16:00:00.000Z,60,10,public,false,,,QI89VPazyLhBVnWH871jk4BUEZI3,0,10,0,0,0,0,0
7HmvEHz6z1iYrmMAMbRx,Stade de la Tour aux Parachutes,played,captain,ChIJbwsrhCpy5kcRca22Pnhr8MU,48.8175176&2.3643354,2024-02-02T15:00:00.000Z,120,,public,false,,,IEU57Q7nmbbkCnloDOZa6y1BGHS2,16,16,9,1,0,0,2
7KCrSY2X00XE6PrBzljX,Stadium Thiais,played,captain,ChIJ64X9jzx05kcRsHvSfOv6UcA,48.7511137&2.3715422,2024-02-10T15:00:00.000Z,90,12,public,false,Détente,1,NxsmW5HfEkXgtmQjnETX2uRGuuM2,10,10,4,0,0,0,2
7M629PsFQ3It9NVCFB1f,Stadium Thiais,published,pro,,48.7511024&2.3713455,2024-02-06T21:00:00.000Z,90,14,public,false,,,psf3NmXEPwdCltHKJC7VuvJocrF3,0,10,0,0,0,0,0
7N3LNdkrLUVxLjH5OVQY,Parc Sainte Barbe,played,captain,ChIJtw301r5w5kcRvRjidiuAyaw,48.7922897&2.2913469,2024-02-14T12:20:00.000Z,120,,public,false,Détente,4,rzC8A0bd4afb9AWrHKlCPT9461y1,16,16,8,0,0,0,1
7NELGWVFwzyR7vuAcoaw,Events Five,published,captain,ChIJf8cSCJG5rhIRoQadPH-wW1U,43.5399703&1.3922897,2024-01-30T18:30:00.000Z,60,8,public,false,Détente,3,r88cZbnzedV2RF1d3PB371hbCog1,8,10,0,0,0,0,0
7OnBB89UT8e3Dw9kSE2b,LE FIVE Paris 17,canceled,captain,ChIJ7eI8sFNv5kcR5xy52Wc57NU,48.900032&2.3213449,2024-01-31T21:00:00.000Z,60,8,public,true,Détente,3,ZxGRMfC8CVMy4y3iqkrudB70Ymm2,9,10,0,0,0,0,1
7OzIumucOMSV40E2vrs3,LE FIVE Bobigny,played,captain,ChIJV8UONORs5kcRXxR5Qd7x130,48.901553&2.4313304,2024-02-17T15:30:00.000Z,60,10,public,false,Détente,3,q8Dqs5MynjasUzL17R2Q9AFf2p62,10,10,3,0,0,0,0
7PwxJD8ySrpUQTUQ068j,Futsal,played,captain,ChIJW2Aqm4nXwkcRlCVWc3BBA7g,50.6160524&3.100639,2024-02-02T18:00:00.000Z,90,8,public,false,Compétition,4,apVKYcOhmBZbIt0BG505gXs5JVd2,10,10,8,0,0,0,0
7Q6BmLeT2QIB2pc3C2Kj,Foot POWER 5,canceled,pro,,48.960066&2.2061913,2024-02-11T11:00:00.000Z,90,10,public,false,,,sss3dYi6nzWd7rEjwcQ30LGKudj1,0,10,0,0,0,0,0
7S6Vbov7LKVxoNFlqb6w,LE FIVE Paris 18,played,captain,ChIJpVT4_n1u5kcRzji6FdTBXXo,48.8978522&2.3700234,2024-02-05T19:00:00.000Z,60,14,public,true,Détente,2,bUplJ5qiERS7TgScEE9lJNYvPb83,10,10,3,0,0,0,1
7U26w2AokHIOOKzMM32F,Stade Des Courtilles,canceled,captain,ChIJ83HS9ldv5kcR-plMKkHPNTA,48.929137&2.2834726,2024-02-04T17:30:00.000Z,150,,public,false,Compétition,3,OKhfkxDKMDS9m7GyDTrjVlKnvko1,8,14,0,0,0,0,1
7V9orKcXr26LBJowyiX4,Top Ten,published,pro,ChIJfXprBx4b5kcRmhe-5pLZUek,48.8729106&2.6840919,2024-02-03T21:30:00.000Z,90,15,public,false,,,i27253AGxOfXgYJK72sBnvUGuMk2,0,10,0,0,0,0,0
7VWOmDX8vM5HydFXGTHT,LE FIVE Montreuil,published,pro,,48.8613036&2.4653095,2024-02-09T09:00:00.000Z,90,10.5,public,false,,,u9uC1vjdcdQ3UqNxI0SiFxor0m43,0,10,0,0,0,0,0
7Wg7uByvDrJ4XAxqrG5r,SCCR Choisy Foot,canceled,captain,ChIJQfsZApl05kcRVTPDMMOsUuE,48.7672122&2.4241139,2024-02-15T18:00:00.000Z,60,,public,false,Compétition,3,1A8f2ycnX1NS2xT8k1dCQ2Q9NUq1,13,14,0,0,0,0,0
7Y2IIbWUBhiiwZzaJYva,Stadium Thiais,published,pro,,48.7511024&2.3713455,2024-02-07T16:30:00.000Z,90,10,public,false,,,psf3NmXEPwdCltHKJC7VuvJocrF3,0,10,0,0,0,0,0
7YIoIuW0EqfzVISm7Atx,Foot POWER 5,canceled,pro,,48.960066&2.2061913,2024-02-02T17:00:00.000Z,90,5,public,false,,,sss3dYi6nzWd7rEjwcQ30LGKudj1,0,10,0,0,0,0,0
7ZjgLwJx3NylfRDQ6QeC,Foot POWER 5,canceled,pro,ChIJuTCIFshm5kcRBtEQJ76dAzc,48.960066&2.2061913,2024-02-17T11:00:00.000Z,60,5,public,false,,,sss3dYi6nzWd7rEjwcQ30LGKudj1,0,10,0,0,0,0,0
7cGiDShZj4zcCiKpkzGD,LE FIVE Montreuil,published,pro,,48.8613036&2.4653095,2024-02-08T22:00:00.000Z,60,8,public,false,,,u9uC1vjdcdQ3UqNxI0SiFxor0m43,0,10,0,0,0,0,0
7eBii0BmUBIU1pf7rhyh,Classico Foot,canceled,captain,ChIJFV442oCxrhIRgsZy5aIbkNs,43.5945434&1.2911399,2024-02-04T17:00:00.000Z,60,8,public,false,Détente,3,ohpKP3Y7r5RrXgbP14tk91DpY6B2,7,10,0,0,0,0,0
7eyVu82aEJg1vuIGWvPb,Créteil Palais Futsal,played,captain,ChIJybvMquVz5kcR1cCOT2aSuuM,48.78416&2.442971,2024-02-04T14:00:00.000Z,60,,public,false,Chill,2,0B5E4O4kwNXCgX7kMyWRpMjb85G2,10,10,3,0,0,0,0
7g4Ngnk8XtzAbIqUZHlg,LE FIVE Montreuil,canceled,captain,ChIJJdTQjr0T5kcRZmGxtIJVy44,48.8607303&2.4650432,2024-02-13T18:00:00.000Z,60,12,public,false,Compétition,3,rnMQQPHOzFUpsbap5RgiGGLTf843,10,10,0,0,0,0,0
7gFbB0k6ZNZxBseRxvEB,Foot paris,published,captain,ChIJd2GJua5t5kcR_zneoHO7R-k,48.8904693&2.3731397,2024-02-11T09:30:00.000Z,150,2,public,false,Compétition,5,6g66Hr0t8ESpVJkqTW80lI9cRdr2,17,18,0,0,0,0,4
7gkwFLawJ1hbzsX527oc,LE FIVE Montreuil,played,pro,ChIJJdTQjr0T5kcRZmGxtIJVy44,48.8613036&2.4653095,2024-02-17T13:00:00.000Z,90,15,public,false,,,u9uC1vjdcdQ3UqNxI0SiFxor0m43,10,10,0,0,0,0,3
7hNWmDxETZQ0GMbUJswn,Classico Foot,played,captain,,43.5945434&1.2911399,2024-02-15T17:00:00.000Z,60,9,public,false,Détente,2,mbcCvkM0XUUSM7oG1RRK5cf3Qmo1,10,10,1,0,0,0,1
7iUIjE7VZa1yWBxo0Wxe,Game 13 foot indoor,played,captain,ChIJNSDvlsXryRIRUXao9hwB79I,43.41258939999999&5.366617,2024-02-01T17:30:00.000Z,60,10,public,false,Détente,2,DwUR2I0rdfa40m10L51LPgZlAAi1,10,10,2,0,0,0,1
7kBhL2zEWwSq0VccZiQs,LE FIVE Paris 18,canceled,captain,ChIJpVT4_n1u5kcRzji6FdTBXXo,48.8978522&2.3700234,2024-02-03T08:30:00.000Z,90,7.5,public,true,Chill,3,nRQTifuKqwTMtxx2C4sc06ooeJe2,9,10,0,0,0,0,0
7kVOQ4xNQAKXc6nLoXNr,UrbanSoccer - Lille Lezennes,canceled,captain,ChIJR3ro5nTWwkcRfM_S3Be9HjI,50.6162725&3.0998108,2024-02-01T17:30:00.000Z,60,9,public,true,Détente,2,KoMMspPpOrQB6lklhBjC6eSYPZp2,4,10,0,0,0,0,0
7lGkt8iEZWZeX4JbUgXQ,Stadium Thiais,played,pro,,48.7511024&2.3713455,2024-02-09T21:00:00.000Z,90,14,public,false,,,psf3NmXEPwdCltHKJC7VuvJocrF3,10,10,6,0,0,1,3
7lLI4WIJGCp9EwUTgUbM,Stade de l'İle de Puteaux,published,captain,ChIJIZUd2yJl5kcRRWoJNnmY1Ds,48.8758697&2.2435162,2024-02-17T13:30:00.000Z,90,,private,false,Détente,3,WmLzCJ4LgpbLAX5fC5KWdBBDhOM2,10,14,0,0,0,0,0
7lMDLN5hUCdzCzrgr0jK,UrbanSoccer - Porte d'Aubervilliers,played,captain,ChIJ0dXjDCZs5kcRvX0EpMwxsUY,48.9074912&2.3746518,2024-02-18T10:00:00.000Z,90,12.5,public,true,Détente,4,sMjc63z85JgNVmeRH1dF2PwdItt1,10,10,0,0,0,0,0
7nfE1AyxLansz4OScOgf,Top Ten,published,pro,ChIJfXprBx4b5kcRmhe-5pLZUek,48.8729106&2.6840919,2024-02-11T19:00:00.000Z,90,15,public,false,,,i27253AGxOfXgYJK72sBnvUGuMk2,0,10,0,0,0,0,0
7qefkAyJdbodo5GPuJzD,Stadium Thiais,published,pro,ChIJ64X9jzx05kcRsHvSfOv6UcA,48.7511024&2.3713455,2024-02-03T19:30:00.000Z,90,15,public,false,,,psf3NmXEPwdCltHKJC7VuvJocrF3,2,10,0,0,0,0,0
7s0EdrfJvjEJ5b4JmZKx,Stadium Thiais,published,pro,ChIJ64X9jzx05kcRsHvSfOv6UcA,48.7511024&2.3713455,2024-02-05T18:30:00.000Z,90,15,public,false,,,psf3NmXEPwdCltHKJC7VuvJocrF3,0,10,0,0,0,0,1
7tYbLLx12WoJlrhNyRNd,Terrain de Football du Parc de la Chevrette,played,captain,ChIJQcnIdhBp5kcRMyNyReuD4IU,48.9577368&2.314972,2024-02-04T14:00:00.000Z,120,,public,false,Compétition,4,k5vEaDThJge3sp9J58G4AVWtTv43,18,18,2,0,0,0,0
7u7faB69mnkBONRggaXG,Monclub Futbol,published,captain,ChIJGbxxaamUyRIRgGvhHnhJStA,43.4299152&5.4001974,2024-02-08T18:00:00.000Z,60,12,public,false,Compétition,5,i8DdNisnIkXIfAwB5TaeN7nyliA3,5,10,0,0,0,0,0
7udRXvXp6IUYRHNL7jDd,LE FIVE Paris 18,played,captain,ChIJpVT4_n1u5kcRzji6FdTBXXo,48.8978522&2.3700234,2024-02-04T17:30:00.000Z,90,15,public,true,Détente,3,rTMLsRSJ2BNOJ6U4wCquAMcHnys1,10,10,1,0,0,0,0
7vdAfKYMNtgyWGdL2ojW,Complexe Sportif des Fillettes,published,captain,ChIJqcAr2YZu5kcRUTijKY5WfL0,48.8995287&2.3641637,2024-02-11T09:00:00.000Z,180,,public,false,Détente,2,ZRFiUCiK1TfUcKS5rs0md5OTJa12,12,16,0,0,0,0,1
7wEK77IRiytyK4wGbT2r,UrbanSoccer - Quai d'Ivry,played,captain,ChIJfXxYJ0xy5kcRw9xTkF6-FZQ,48.8199885&2.3936463,2024-02-11T10:00:00.000Z,60,13,public,true,Détente,3,9fKVe5bYXhPeaaV2DszUENaSQ953,10,10,4,0,0,0,0
7xf2I2FaYaABkEFa249B,We Are Sports,played,captain,ChIJFZU5oBHC9EcRJTFrSkI1xxg,45.7113247&4.8761886,2024-02-12T19:45:00.000Z,60,10,public,false,Détente,3,C0tIJK1E6qSQDXwkeBUMR5VYmMj1,12,12,2,0,0,0,0
7y7hsRzAcIshaDNEFWah,Stadium Thiais,published,captain,ChIJ64X9jzx05kcRsHvSfOv6UcA,48.7511024&2.3713455,2024-02-01T21:00:00.000Z,90,15,public,false,Détente,3,VbcLh0RDPDYVaN28Hs6CAiyHmh83,6,10,0,0,0,0,0
7yxZkjWPFDbD5Nieyij6,Play Soccer,played,captain,ChIJQ-UxZn-5rhIRKWoQydM5T9s,43.5512023&1.4098927,2024-02-11T12:00:00.000Z,60,8,public,false,Compétition,4,FTL8x7HcDKdotSu7Ve4etKLD5Bj1,10,10,3,0,0,0,0
7z9atsp5DGh9Hm4H63Fe,Footsal,played,captain,ChIJa7HS298pw0cRMoVDj0XqVdI,50.6397895&3.1251337,2024-02-08T19:15:00.000Z,60,7.5,public,false,Détente,3,ivvysabbD0b4rucXt7vjkhCCeNX2,10,10,4,0,0,0,1
7zxpgPN0Q4Mlk0PWeNnt,Foot POWER 5,canceled,pro,ChIJuTCIFshm5kcRBtEQJ76dAzc,48.960066&2.2061913,2024-02-16T17:00:00.000Z,90,5,public,false,,,sss3dYi6nzWd7rEjwcQ30LGKudj1,0,10,0,0,0,0,0
80apGAQsuMsD2D9yrlza,Stadium Thiais,canceled,captain,,48.7511137&2.3715422,2024-02-03T09:30:00.000Z,90,12,public,false,Détente,3,aP4PclCOArZE5kmeKhFzB1Jl9E83,11,12,0,0,0,0,4
81DrIQNUh6QKg1TrE5rq,Game 13 foot indoor,canceled,captain,ChIJNSDvlsXryRIRUXao9hwB79I,43.41258939999999&5.366617,2024-02-15T19:00:00.000Z,60,10,public,false,Détente,3,tNI5PAPgX0MDq6T4GlwP3d2ndaO2,3,10,0,0,0,0,0
81E6Mx3moRm1CyhAoqvB,Stade de l'Ile Billancourt,played,captain,ChIJ_VzHyPZ65kcRie3KTzFg37c,48.8223054&2.2450824,2024-02-08T11:15:00.000Z,90,,public,false,Compétition,3,KkIe20SESrQEox7gFr1iQCSjgI72,16,16,5,0,0,0,1
81QCvIhGVPHQUepxRGYg,UrbanSoccer Meudon,canceled,captain,ChIJ0WKvjbh75kcRoqSmyWwW2jQ,48.8001204&2.2140771,2024-02-01T18:30:00.000Z,60,10,public,true,Détente,5,W2wFIbcH0aQECe3QOQZBd4zTmhe2,4,10,0,0,0,0,0
84cBe7QNspaB67rqMscg,LE FIVE Marville - La Courneuve,played,captain,ChIJ2dHdMZxr5kcR0aKYHYsp0pY,48.9364404&2.3869147,2024-02-05T20:30:00.000Z,90,15,public,false,Détente,3,ATXISESgsqO9MHV7lgyytD7kiDr2,10,10,0,0,0,0,0
857Yv6VgQaJ8eQpUe94h,Foot-Max Argenteuil,played,captain,ChIJi9oIzaRm5kcRJYcK7QsdRMU,48.9501569&2.2093741,2024-01-31T19:00:00.000Z,120,16,public,false,Détente,4,NyMT5g5AbvWGj0dtepGfP8wkKCQ2,10,10,3,0,0,0,0
87pLddlJXIB5FZIIofOQ,LE FIVE Paris 18,played,captain,ChIJpVT4_n1u5kcRzji6FdTBXXo,48.8978522&2.3700234,2024-02-06T20:00:00.000Z,60,14,public,true,Détente,3,VqIidnWYtIOH3FIyVjh0Zk5PWBI3,10,10,1,0,0,0,0
89yq8HEBJa1KCj22Txwp,LE FIVE Créteil,played,captain,ChIJ88lx3VwL5kcRVxCh4lD6_Gk,48.7643086&2.4706522,2024-02-11T17:00:00.000Z,90,16.5,public,false,Détente,2,u2VeGnnDiVOq3gMi14F8ONAkGqk1,10,10,2,0,0,0,5
8BzcRwac2lcYADYBdVDJ,F5 Foot Five,published,captain,ChIJjUbM5G7A9EcRW3mlkrhyXxY,45.7857911&4.905926399999999,2024-02-05T17:30:00.000Z,60,9.5,public,false,Compétition,3,MDWyqL3LCFUbmAJPfRryfjW5Ad42,9,10,0,0,0,0,1
8CAoD2DW61nOhUkZG9WS,Top Ten,played,pro,,48.8729106&2.6840919,2024-02-12T16:00:00.000Z,90,5,public,false,,,i27253AGxOfXgYJK72sBnvUGuMk2,10,10,8,0,0,0,6
8CIGx1kTG6LHUcgwEBLf,LE FIVE Paris 18,canceled,captain,ChIJpVT4_n1u5kcRzji6FdTBXXo,48.8978522&2.3700234,2024-02-02T20:50:00.000Z,60,14,public,true,,3,4wlgJV2EZlXrc0jLsYRPkRbeOEC3,1,10,0,0,0,0,0
8Ew1KQQlNWqCDWHfdljo,Z5 Aix,played,captain,ChIJKb-U_9KSyRIRKIFKbH5mW18,43.4787869&5.3969048,2024-02-08T11:15:00.000Z,60,11,public,false,Détente,,9zu60WK7oRTRunRFppqodkJw9hz1,10,10,3,0,0,0,0
8HfZoIRiiEdCjwbL4qOX,Footbox,published,pro,ChIJY-WkusIR5kcR-tEad3UtaSQ,48.9022789&2.582647,2024-02-14T19:00:00.000Z,60,10,public,false,,,QI89VPazyLhBVnWH871jk4BUEZI3,0,10,0,0,0,0,0
8IMnYxYSVYXEohWi96gM,Top Ten,canceled,captain,ChIJfXprBx4b5kcRmhe-5pLZUek,48.8729106&2.6840919,2024-02-10T16:00:00.000Z,60,10,public,false,Détente,2,WpGAhdmulIdsMLgkOSuAldGXgFK2,5,10,0,0,0,0,0
8K8DlSbPq9nTcR6BNC1d,Bagneux - Lucie Aubrac,canceled,captain,ChIJqcs-eeJw5kcRmcmp8GTsuE8,48.80356&2.31743,2024-02-15T18:45:00.000Z,90,,public,false,Compétition,3,Mf6hDeaA15NYAYiJLQ3dbkeC1xX2,10,12,0,0,0,0,0
8KTJyuWumH3J0T5fRfLt,LE FIVE Champigny,canceled,captain,ChIJsXi1PLYN5kcRTVVDuczgS2s,48.8194084&2.5251846,2024-01-30T16:30:00.000Z,60,8,public,false,Détente,,IwzovEZoTicxHMxzoV0T4Oy3QS13,9,10,0,0,0,0,0
8LAMPCVuo67jzv8eqe7L,Kinshasa,published,pro,ChIJi2oG_jAxahoRjTdSH05-ixY,-4.3032527&15.310528,2024-02-09T15:00:00.000Z,90,21,public,false,,,zCvsukfMuuffsuPpSTQwb7MusMD2,0,10,0,0,0,0,0
8MjXBDcKnmrBwwDTf2vL,UrbanSoccer - Quai d'Ivry,canceled,captain,ChIJfXxYJ0xy5kcRw9xTkF6-FZQ,48.8199885&2.3936463,2024-02-18T19:30:00.000Z,60,12,public,true,Compétition,3,isoT63MOFyYOpORIGkESzyWjKWE2,10,10,0,0,0,0,0
8POdWPfzXXCFC2XIuQhT,LE FIVE Villette,played,captain,ChIJTUFnQjps5kcR0pHITLTw1PI,48.9070122&2.3861459,2024-02-05T19:30:00.000Z,90,18,public,false,Détente,3,X7SknW0NrdfRv1JxdoOD42EHvwv2,10,10,1,0,0,0,0
8QhHJyXLvrK26Ul3cVYJ,LE FIVE Paris 18,played,pro,ChIJpVT4_n1u5kcRzji6FdTBXXo,48.8978522&2.3700234,2024-02-04T21:30:00.000Z,90,12,public,false,,,UQf33jQhVZhle917nO0h7D5qclV2,10,10,7,0,0,0,4
8Qln1QFuSw8f20rTyPtq,UrbanSoccer - Lille Lezennes,played,captain,ChIJR3ro5nTWwkcRfM_S3Be9HjI,50.6162725&3.0998108,2024-01-31T19:50:00.000Z,60,9.5,public,true,Compétition,3,xR4ED6qRzmg0HreT9TkBwvuQM912,10,10,4,0,0,0,1
8RSe0zIBzc5cWbbzGZoC,UrbanSoccer - Porte d'Aubervilliers,played,captain,ChIJ0dXjDCZs5kcRvX0EpMwxsUY,48.9074912&2.3746518,2024-02-08T18:15:00.000Z,90,21,public,true,Chill,3,jmDulVqnSwdWnru48Vugb64GLHC3,10,10,3,0,0,0,2
8Tp4zvhcyKYdtj5eJxMg,Play Soccer,canceled,captain,ChIJQ-UxZn-5rhIRKWoQydM5T9s,43.5512023&1.4098927,2024-02-15T11:30:00.000Z,60,8,public,false,,,8LtkeOuZHeePxfkXdNPmQSr7V9L2,10,10,0,0,0,0,0
8UUXKaATfBtyMLDOh3E2,LE FIVE Paris 18,played,captain,ChIJpVT4_n1u5kcRzji6FdTBXXo,48.8978522&2.3700234,2024-02-17T14:00:00.000Z,60,,public,true,Chill,2,NB6D3hfGSqQ9jWQo3fvkYPEGbiy1,10,10,0,0,0,0,1
8UuFY1RLzCRlMibT81xD,UrbanSoccer - Quai d'Ivry,played,captain,ChIJfXxYJ0xy5kcRw9xTkF6-FZQ,48.8199885&2.3936463,2024-02-13T17:45:00.000Z,60,12.5,public,true,Détente,3,Gl6veMDo3eeySQ8NGHzGsy1lKf63,10,10,3,0,0,0,0
8VYhb78SkhLipqimW85q,LE FIVE Marville - La Courneuve,played,captain,ChIJ2dHdMZxr5kcR0aKYHYsp0pY,48.9364404&2.3869147,2024-02-09T18:30:00.000Z,60,10,public,false,,2,ITJwbLlpKJdU69qtU5zfPXziqiB3,10,10,0,0,0,0,2
8WVIf357P7hrjbb7XZM3,UrbanSoccer - Lyon Parilly,canceled,captain,ChIJx3FQWjLC9EcRrrQb2eV7i_4,45.7120399&4.9039284,2024-02-19T18:15:00.000Z,60,10,public,true,Détente,3,yitNInW7bSSoe41UzRAyzHfhFj22,9,10,0,0,0,0,0
8aBiVFDlSqeCvBYXw3CA,Centre Sportif Maryse Hilsz,published,captain,ChIJgY6iBYxt5kcRHD7TB4jAHV4,48.8520783&2.4128877,2024-02-08T11:20:00.000Z,150,,public,false,Compétition,5,1Fkzl7JONMQgLkuJEFE1meNaqUI2,15,16,0,0,0,0,1
8aHxWDKxxZh1endJnysd,UrbanSoccer - Asnières,canceled,captain,ChIJi5LkLT9v5kcRSlhScqEFNWs,48.92192379999999&2.3068311,2024-02-05T20:00:00.000Z,60,10,public,true,Compétition,4,pQIvkKkxOaPDHtUdrcbehd8Wdu63,9,10,0,0,0,0,0
8bIAlh8qyh1VYDfLNQjA,UrbanSoccer Evry,canceled,captain,ChIJW0Ut1G7e5UcRt621n2fRQ5M,48.6286849&2.4066366,2024-02-08T21:00:00.000Z,90,6,public,true,Détente,2,0asGZ9fEnDeJUjaY2BLdrkW6w4u2,10,10,0,0,0,0,0
8blrYFwUlpAFQ2FM7v07,UrbanSoccer Guyancourt,published,captain,ChIJmdX-2c-A5kcRj1wtOS8rZmo,48.7722091&2.0600292,2024-02-15T21:00:00.000Z,60,10,public,true,Détente,2,XzlLW5C4yTaSATGSB3FKKOXE8FU2,9,10,0,0,0,0,0
8cV2AwiccecWzyhNVEyD,Stadium Thiais,played,captain,ChIJ64X9jzx05kcRsHvSfOv6UcA,48.7511137&2.3715422,2024-02-09T21:00:00.000Z,90,14,public,false,,3,9lPAcnnZ5Nf4wWcY1LpSglhFyx23,10,10,3,0,0,0,4
8e8DS5JYshzH6KaCcVMZ,Le Street Foot en Salle,canceled,captain,ChIJt_AXL6Jg5kcRu6rBmnrmeUM,49.0164435&2.181307,2024-02-11T14:00:00.000Z,120,16,public,false,Détente,,X6BNbt82bXeXneZ8qOHFpL9D1Zp1,3,12,0,0,0,0,1
8enOOryyFQdv9oAGzBMQ,STADIUM FOOT 5 VILLAGE,played,captain,ChIJbbOWFtC4yRIR0WXVerbWmnE,43.269413&5.4260321,2024-01-30T18:00:00.000Z,90,15,public,false,Détente,,MKjoGJESIIfNKw5sH93VODBuvLv2,10,10,2,0,0,0,0
8gzVEl7FIg1oN1ZHhYRy,Stadium Thiais,published,pro,,48.7511024&2.3713455,2024-02-02T11:00:00.000Z,60,7,public,false,,,psf3NmXEPwdCltHKJC7VuvJocrF3,0,10,0,0,0,0,0
8hY8nvHVvAPxYUhCEUMn,UrbanSoccer Meudon,played,captain,ChIJ0WKvjbh75kcRoqSmyWwW2jQ,48.80013599999999&2.2140811,2024-02-16T18:30:00.000Z,90,15,public,true,Compétition,3,6h1EeGKsGKefhCEiC6HnUG6HpOL2,10,10,7,0,0,1,0
8iWNYxUnHHrsTwJttMId,UrbanSoccer Guyancourt,played,captain,ChIJmdX-2c-A5kcRj1wtOS8rZmo,48.7722091&2.0600292,2024-01-30T11:00:00.000Z,60,5,public,true,Détente,3,TEREkjccwAhPrXJNgbsdmQZ2VJp1,10,10,0,0,0,0,2
8kNzMll4syUVwkKqDYMK,Sport dans la Ville Rhône-Alpes,canceled,captain,ChIJoUEDcmvr9EcRILCz6hDCQ2o,45.7811703&4.8081568,2024-02-06T19:00:00.000Z,60,10.5,public,false,Compétition,3,jIybTcoz4qQodKKdUzBBzeQFuEQ2,9,10,0,0,0,0,0
8mMWczpZurLB9cuMe1cd,FIVE ARENA MEAUX ,published,pro,ChIJ02bKSuih6EcRb796CXVbkVs,48.9539465&2.9154573,2024-02-03T09:30:00.000Z,90,10,public,false,,,4K6djqUyJdTgGF3Q7nh7CXQHqVh1,0,10,0,0,0,0,0
8mdHceqJJUkE1kgXqkdK,Plaine des Jeux de Gerland,canceled,captain,ChIJBYG18IPp9EcRUNpTJFdu8f0,45.7213257&4.8272967,2024-02-06T17:30:00.000Z,90,,public,false,Compétition,,dyM7Xg7Q1mTkv3H3VQOBZs6NzP03,7,10,0,0,0,0,0
8qNBKZl5xuIBN64qOnZI,LE FIVE Bezons,canceled,captain,ChIJ71Mv0Wpk5kcRg-H9x7L-dXo,48.9190524&2.211796,2024-02-12T18:00:00.000Z,60,12,public,true,Détente,3,rozWHJA9MMWn7asaS78B4zaxOgE3,7,10,0,0,0,0,0
8qYcFIqSdEUw02EsIBIV,UrbanSoccer - Marne-La-Vallée,canceled,captain,ChIJ6bDBiosP5kcROXiloHzSdhc,48.82658600000001&2.6296937,2024-02-12T20:00:00.000Z,60,12,public,true,Competition,5,stlrSbhlE1Tvz7vMTMlwbhFPP492,5,10,0,0,0,0,0
8rE5wOujmlTOXB2hDULr,Terrain de Sport Westermeyer,canceled,captain,ChIJkcqlrnhz5kcRYDm_fAMKBxo,48.81732909999999&2.392745,2024-02-11T08:20:00.000Z,150,,public,false,Détente,,FYfgfT1shkXXyaMI4sZTA7d9Qdw2,9,10,0,0,0,0,0
8spKJlG49rBc61AT4bP3,LE FIVE Marville - La Courneuve,played,captain,ChIJ2dHdMZxr5kcR0aKYHYsp0pY,48.9364404&2.3869147,2024-02-12T19:30:00.000Z,60,10,public,false,Détente,,5FQ1M4CokibZi9DRUmtVpFJ3sRi1,10,10,1,0,1,0,0
8ticnRwYYAZYPjXJwiey,UrbanSoccer La Défense,played,captain,ChIJh4rnfVhk5kcRV2Q-ZKdm8vA,48.8996456&2.2216773,2024-02-10T08:15:00.000Z,60,13,public,true,Détente,3,rSLwPZzPYTXxmSSH7pcespreMcz2,10,10,2,0,0,0,2
8tjTzMgSPzZmMXhta3l8,KG5 - Foot en salle - Strasbourg / Mundolsheim,canceled,captain,ChIJRSG64gm4lkcRPQTZbn3M85Q,48.6354584&7.724195300000001,2024-02-18T17:00:00.000Z,60,10,public,false,Détente,3,BzJRIxnG4yfW6Am6Soubygvepjk1,1,10,0,0,0,0,0
8tq3N2kYbuitzpPfvHJU,UrbanSoccer - Toulouse Montaudran,published,captain,ChIJl772e0u8rhIR2foRX4Xa2CI,43.574642&1.4801835,2024-02-16T17:00:00.000Z,60,10,public,true,Chill,3,rAwHAeYssWOrl6nVssxQX5dhUjY2,2,10,0,0,0,0,0
8u5LVQp0L82VMKS0fKGL,Stadium Thiais,canceled,captain,ChIJ64X9jzx05kcRsHvSfOv6UcA,48.7511137&2.3715422,2024-02-11T09:30:00.000Z,90,15,public,false,Détente,2,XaqPYXeExNhIHmcDJQoWj5n4mnF3,7,10,0,0,0,0,0
8uLLuqdfOjdG3yHnXgLm,Stade Olympique Yves du Manoir,canceled,captain,ChIJYeUIntpl5kcRZsN35flVVAY,48.9292771&2.2477717,2024-02-04T08:30:00.000Z,90,,public,false,Détente,4,McqreKlRJ1cjUvct5WA2hHh5jjl1,15,16,0,0,0,0,0
8uhV6WMeA3s8sfNPY8VW,Le Mercato FOOT INDOOR,published,captain,ChIJzRK7HJy_yRIRqEreyEiAfC0,43.3426654&5.4084961,2024-02-19T19:00:00.000Z,60,7.5,public,false,Détente,3,usdqxt6LMwXPc4AMWZ0NpxwPYR63,10,10,0,0,0,0,0
8ui3k7G3ImhLiImr29Do,STADIUM FOOT 5 VILLAGE,played,captain,ChIJbbOWFtC4yRIR0WXVerbWmnE,43.269413&5.4260321,2024-02-06T19:00:00.000Z,60,10,public,false,,,Vd2POI30scVRCHez3UyUHk7uuHx1,10,10,2,0,0,0,0
8vuvwYaXw48vtj342tHn,Stadium Thiais,published,pro,,48.7511024&2.3713455,2024-02-03T09:30:00.000Z,90,12,public,false,,,psf3NmXEPwdCltHKJC7VuvJocrF3,1,10,0,0,0,0,1
8wYEklrKTsV5Gs2na2bt,Le 13 - Foot en salle - Marseille,canceled,captain,ChIJR62kUm_ByRIRDnGQqGCeUVQ,43.33370070000001&5.370389599999999,2024-02-07T18:00:00.000Z,60,10,public,false,Détente,3,tYE0hxio2uYHYCahKUN7QqZwcbi1,5,10,0,0,0,0,0
8xBf0W7PztCKRyThNgUf,Parc du Tremblay,canceled,captain,ChIJk0qVHxQN5kcRgZNKPXpcIG8,48.8258617&2.4877366,2024-02-05T19:45:00.000Z,60,,public,false,Détente,2,nX9BAR22HaZZjPTMNMrZRPyc39i2,12,14,0,0,0,0,5
8ybKMdoc2ZCQOT6yyIIw,UrbanSoccer Meudon,played,captain,ChIJ0WKvjbh75kcRoqSmyWwW2jQ,48.8001204&2.2140771,2024-02-02T20:30:00.000Z,60,10.5,public,true,Détente,3,EWv3jkyO4kbW3AIVVSCNCEjkvA83,10,10,3,0,0,0,0
90E5Bvf8sL6YSm18ljO6,Parc Municipal des Sports,published,captain,ChIJkeOynsNo5kcRxM-qDT3GrDg,48.9550433&2.3159242,2024-02-05T19:00:00.000Z,60,,public,false,Compétition,5,fddnyVPOj3SWmkSHP5MlIORYP3a2,12,14,0,0,0,0,3
90MkxzCBOuC0wqNHf7yA,Stadium Thiais,played,pro,ChIJ64X9jzx05kcRsHvSfOv6UcA,48.7511024&2.3713455,2024-02-16T18:00:00.000Z,90,15,public,false,,,psf3NmXEPwdCltHKJC7VuvJocrF3,10,10,7,0,1,0,0
92bUY0KCpCzk3PgSUqNY,Foot POWER 5,canceled,pro,,48.960066&2.2061913,2024-02-05T17:00:00.000Z,90,5,public,false,,,sss3dYi6nzWd7rEjwcQ30LGKudj1,0,10,0,0,0,0,0
98cLzDMbw6x6arugp1Hh,UrbanSoccer Guyancourt,played,captain,ChIJmdX-2c-A5kcRj1wtOS8rZmo,48.7722091&2.0600292,2024-02-04T16:00:00.000Z,90,15,public,true,Détente,3,BBlUeTWRF3cmuyewjkB7kaHXHcA3,10,10,0,0,0,0,0
9ASu98ah9yPVSKXW2dBp,LE FIVE Paris 18,played,captain,ChIJpVT4_n1u5kcRzji6FdTBXXo,48.8978522&2.3700234,2024-02-04T12:00:00.000Z,60,14,public,true,Détente,3,Vs86WK03L2e6HpXNNaTFwveyg7i1,10,10,2,0,0,0,0
9AgpINBghqXcJJ8zPW9k,Play Soccer,published,captain,ChIJQ-UxZn-5rhIRKWoQydM5T9s,43.5512023&1.4098927,2024-02-04T18:00:00.000Z,60,8,public,false,,,8LtkeOuZHeePxfkXdNPmQSr7V9L2,2,10,0,0,0,0,0
9BHURtPmfi5YGlRLj1D0,LE FIVE Bobigny,played,captain,ChIJV8UONORs5kcRXxR5Qd7x130,48.901553&2.4313304,2024-02-10T21:30:00.000Z,90,15,public,false,Détente,,Qy0hjBYjYzXtjkvOkScADZ0P2fx1,10,10,2,0,0,0,1
9BwMykU1gZOUCxf4S5Yc,STADIUM FOOT 5 VILLAGE,played,captain,ChIJbbOWFtC4yRIR0WXVerbWmnE,43.269413&5.4260321,2024-02-14T18:00:00.000Z,60,10,public,false,Détente,3,JhzYtbyIfxe5yUlcuYzUPNXhyMN2,10,10,4,0,0,0,2
9DIYfZGJAGTBzgZQ9b63,Élite 5 Soccer,canceled,captain,ChIJ5-jfdlZk5kcRYIaELgvikaM,48.9009153&2.2297275,2024-02-08T19:30:00.000Z,60,13,public,true,Détente,2,TxW8KzKeMzR2mFS0YMYidewfxPD3,10,10,0,0,0,0,0
9GicAZ9x0YhIE72fQ1EQ,Complexe sportif de l'île des Vannes,played,captain,ChIJTZWfSNNv5kcRmHP3Tz0AJ6A,48.9188419&2.3245603,2024-02-16T19:45:00.000Z,60,,public,false,Compétition,5,Csrh8EMzKaZCCcCZeEhs2tGGZRr1,14,14,0,0,0,0,1
9HDkDJMc7kaPHIk9HfY2,Stadium Thiais,published,pro,ChIJ64X9jzx05kcRsHvSfOv6UcA,48.7511024&2.3713455,2024-02-13T15:00:00.000Z,90,8,public,false,,,psf3NmXEPwdCltHKJC7VuvJocrF3,1,10,0,0,0,0,0
9HdiHIcsERAf2Mv9XORh,Stade Max Rousié,canceled,captain,ChIJJ1ZRKABv5kcRhlgTJi8HBOA,48.8996911&2.3270464,2024-02-18T19:00:00.000Z,90,,public,false,Détente,4,cJe8pjn4xkTpWqLmezIS1Llbc613,13,14,0,0,0,0,0
9HiyA261zU6FpsnNWOTq,Top Ten,canceled,pro,ChIJfXprBx4b5kcRmhe-5pLZUek,48.8729106&2.6840919,2024-02-18T17:00:00.000Z,90,12.5,public,false,,,i27253AGxOfXgYJK72sBnvUGuMk2,0,12,0,0,0,0,0
9JXae4C42SsMrbXQNZWF,LE FIVE Paris 17,played,captain,ChIJ7eI8sFNv5kcR5xy52Wc57NU,48.900032&2.3213449,2024-02-09T21:30:00.000Z,90,7.5,public,true,Détente,4,Rr3AS7V02egLsgPCKF7XB6hPl2W2,10,10,3,0,0,0,2
9JjWU1ZIjYzKNEUGY0qu,UrbanSoccer Meudon,played,captain,ChIJ0WKvjbh75kcRoqSmyWwW2jQ,48.80013599999999&2.2140811,2024-02-07T11:00:00.000Z,60,,public,true,Détente,4,OeBbgIv6VRX0SFImVYXE2nLA3Pd2,10,10,2,0,0,0,0
9Jk2I7uGTJlhts5gkQ7n,UrbanSoccer La Défense,played,captain,ChIJh4rnfVhk5kcRV2Q-ZKdm8vA,48.8996456&2.2216773,2024-02-08T20:45:00.000Z,60,15,public,true,Compétition,3,zx15E8kqOyMIfe9kE6wecnEydcu2,10,10,2,0,0,0,0
9LjXpZVldlnlHwWKj7IZ,Firefoot,played,captain,ChIJ0zSROfj15kcR4l0wrCcYPMk,49.0275342&2.1040185,2024-02-17T17:00:00.000Z,90,13,public,false,Compétition,3,6jskljOG7MUp5X3eXOqEEMkrFII2,10,10,6,1,0,5,2
9OgTrRteMsCtGFaaYCGK,Footbox,published,pro,ChIJY-WkusIR5kcR-tEad3UtaSQ,48.9022789&2.582647,2024-02-14T18:00:00.000Z,60,10,public,false,,,QI89VPazyLhBVnWH871jk4BUEZI3,0,10,0,0,0,0,0
9Puuy1I9yBjZwzKvJCuD,UrbanSoccer - Puteaux,played,captain,ChIJM_sC0-Nk5kcRhL1y_EFIje8,48.8836397&2.2312283,2024-02-04T18:00:00.000Z,60,13,public,true,Chill,3,ewPgRlOTQ1ODpDQK7x12CEU7yr73,10,10,1,0,0,0,0
9SwVYaQBCwPTWa41RUEX,Espace Grand Paris,canceled,captain,ChIJ90iuVDgL5kcRK-ufasTjbnQ,48.7676544&2.4566032,2024-02-18T15:00:00.000Z,120,5,public,false,Compétition,3,B7ZImDDnE4dG9bUxjzSxrKkceOj1,2,8,0,0,0,0,0
9TcoIgOLcfjE2vtvDZKV,UrbanSoccer - Lille Bondues,played,captain,ChIJ58ZerMgrw0cR2Jyp7tZjBn4,50.6913774&3.0860264,2024-02-05T18:30:00.000Z,60,11,public,true,Détente,3,OCWzufzKuVWFZsQlEiqXahkjB163,10,10,0,0,0,0,0
9Uk9sKNPVdZk1dZfc4zN,UrbanSoccer La Défense,played,captain,ChIJh4rnfVhk5kcRV2Q-ZKdm8vA,48.8996456&2.2216773,2024-02-15T21:00:00.000Z,60,14,public,true,Détente,2,4eYyZ5xduYfM39DJ4OQRPkzfsV43,10,10,1,0,0,0,2
9VxSxBp5SIq3JezH6dZX,Play Soccer,canceled,captain,ChIJQ-UxZn-5rhIRKWoQydM5T9s,43.5512023&1.4098927,2024-02-13T18:00:00.000Z,60,10,public,false,,,8LtkeOuZHeePxfkXdNPmQSr7V9L2,5,10,0,0,0,0,0
9WPU7KegyhimhcE58s5I,Play Soccer,played,captain,ChIJQ-UxZn-5rhIRKWoQydM5T9s,43.5512023&1.4098927,2024-01-31T20:00:00.000Z,60,10,public,false,,,8LtkeOuZHeePxfkXdNPmQSr7V9L2,10,10,0,0,0,0,0
9WyOZ8Rn1fzOVJ9eb55T,Stadium Thiais,published,pro,ChIJ64X9jzx05kcRsHvSfOv6UcA,48.7511024&2.3713455,2024-02-07T21:00:00.000Z,90,12,public,false,,,psf3NmXEPwdCltHKJC7VuvJocrF3,0,10,0,0,0,0,0
9YeIxqEfA3XW2icnkHMk,LE FIVE Villette,played,captain,ChIJTUFnQjps5kcR0pHITLTw1PI,48.9070122&2.3861459,2024-02-02T18:45:00.000Z,60,12,public,false,Détente,2,JKN1ce1qvERUdVDor8ZmRqK9YVS2,10,10,2,0,0,0,2
9bbvoHFBtUVbh4vsnt1z,Footbox,published,pro,ChIJY-WkusIR5kcR-tEad3UtaSQ,48.9022789&2.582647,2024-02-18T22:00:00.000Z,60,10,public,false,,,QI89VPazyLhBVnWH871jk4BUEZI3,0,10,0,0,0,0,0
9bdd1UCHEfLyRSjZSW5S,LE FIVE Paris 13,played,pro,,48.8181615&2.3658793,2024-02-07T22:00:00.000Z,60,10,public,false,,,FjSnzlRFFfhWVWQJGfIEwRc2ZMj2,10,10,5,0,0,0,3
9d8GU0Si4J9ob9j63CFs,Stadium Thiais,published,pro,,48.7511024&2.3713455,2024-02-12T21:00:00.000Z,90,14,public,false,,,psf3NmXEPwdCltHKJC7VuvJocrF3,0,10,0,0,0,0,2
9dIHpVxAnIecCWXKD5mv,LE FIVE Bobigny,published,pro,ChIJV8UONORs5kcRXxR5Qd7x130,48.901553&2.4313304,2024-02-13T17:00:00.000Z,60,8,public,false,,,4owi3i7t8EOvFNF6UQvACOpiDRy1,0,10,0,0,0,0,0
9fAFJLqputkjoHgx1CTX,Stadium Thiais,canceled,captain,ChIJ64X9jzx05kcRsHvSfOv6UcA,48.7511137&2.3715422,2024-02-12T18:00:00.000Z,90,15,public,false,Détente,,C39TBKCjMzPhL1QMTHvYPCvHLkn2,9,10,0,0,0,0,0
9hO9VMduOELlP34fHs2S,Foot POWER 5,canceled,pro,,48.960066&2.2061913,2024-02-06T18:30:00.000Z,90,7,public,false,,,sss3dYi6nzWd7rEjwcQ30LGKudj1,0,10,0,0,0,0,0
9igyLbDsNyNJ4mK1wUSq,Foot-Max Argenteuil,published,pro,ChIJi9oIzaRm5kcRJYcK7QsdRMU,48.9501632&2.2093946,2024-02-11T20:00:00.000Z,90,12,public,false,,,SuEnyPZ4TgNIkt1yap2yJ3ZHO6p1,8,10,0,0,0,0,2
9jDVGjBy5HO128p9V0hE,UrbanSoccer La Défense,canceled,captain,ChIJh4rnfVhk5kcRV2Q-ZKdm8vA,48.8996456&2.2216773,2024-01-31T21:00:00.000Z,60,14,public,true,Détente,3,22RhJ5iSWDedsOpuCQrIKO36Jrg1,10,10,0,0,0,0,0
9jVNBy7LT7JFXVPSG23y,Le 13 - Foot en salle - Marseille,played,captain,ChIJR62kUm_ByRIRDnGQqGCeUVQ,43.33370070000001&5.370389599999999,2024-01-30T19:00:00.000Z,60,9,public,false,Compétition,2,vzCXSeJYbaZacDav8pXWl7X9Wih1,10,10,3,0,0,0,0
9jW1z1NkIsl7nVIH9NmM,LE FIVE Paris 18,played,captain,ChIJpVT4_n1u5kcRzji6FdTBXXo,48.8978522&2.3700234,2024-02-15T20:00:00.000Z,60,14,public,true,Détente,3,UiYvHZsSrYT6ZIULrwXtaxEahNJ3,10,10,2,0,0,0,1
9ji1K0QKWxR58Sanayhb,UrbanSoccer - Puteaux,played,captain,ChIJM_sC0-Nk5kcRhL1y_EFIje8,48.8836397&2.2312283,2024-02-11T14:15:00.000Z,60,14.5,public,true,Détente,3,Ytn9um8Y07QOoebAd3Bhr8nwXZg1,10,10,5,0,0,0,3
9mA5FGIrVpZHPAjGJt0k,UrbanSoccer - Lyon Parilly,played,captain,ChIJx3FQWjLC9EcRrrQb2eV7i_4,45.7120399&4.9039284,2024-02-06T18:30:00.000Z,60,11,public,true,Détente,3,n5c9QLSYaOZtWbLBuNEQjHF3BRq1,10,10,0,0,0,0,0
9miJzCvpVhqvMEDnptse,Halle Georges Carpentier,played,captain,ChIJnXkSwCty5kcR-nlHXNFQlg4,48.82020139999999&2.3672361,2024-02-06T11:00:00.000Z,120,,private,false,Compétition,3,kRAf444M3RUd6EWIOWpKVKs78SI2,16,16,15,0,0,0,8
9nIgCgePBu2LYGIvRmJ3,Urban Soccer Meudon Annexe,played,captain,ChIJ6z8V1Kd75kcR4NDsJnSPzxE,48.79926589999999&2.2100481,2024-02-07T19:30:00.000Z,90,16.3,public,true,,4,mXuIgrdnzeMmSShHhzhN8rghn4n2,14,14,4,0,0,0,0
9nTf9gPyeqWHYbGjOhV0,UrbanSoccer - Quai d'Ivry,played,captain,ChIJfXxYJ0xy5kcRw9xTkF6-FZQ,48.8199885&2.3936463,2024-02-12T19:30:00.000Z,90,21,private,true,Détente,3,jHAofATgHaQ2XhP7YQ1MqZt84003,10,10,5,0,0,0,0
9qFc3YQUpvmJzErBwWvd,Stadium Thiais,published,pro,,48.7511024&2.3713455,2024-01-30T16:30:00.000Z,90,10,public,false,,,psf3NmXEPwdCltHKJC7VuvJocrF3,0,10,0,0,0,0,1
9quS9xSyd9bq3sj5DEs2,LE FIVE Paris 17,played,captain,ChIJ7eI8sFNv5kcR5xy52Wc57NU,48.900032&2.3213449,2024-02-15T20:00:00.000Z,60,12,public,true,,4,db6OumkqUpSr76wzegWmmQjJenj1,10,10,1,0,0,0,1
9vz8lZT8zvj3WVKvX5gu,UrbanSoccer - Asnières,played,captain,ChIJi5LkLT9v5kcRSlhScqEFNWs,48.92192379999999&2.3068311,2024-01-30T18:30:00.000Z,90,20,public,true,Détente,2,4QYJqkbuhfdP46hcZpdziVJ13OX2,10,10,2,0,0,0,0
9wNdB4E8Up2K3jqGzaXf,LE FIVE Bobigny,published,pro,,48.901553&2.4313304,2024-02-01T17:00:00.000Z,60,8,public,false,,,4owi3i7t8EOvFNF6UQvACOpiDRy1,0,10,0,0,0,0,0
9y3z32tEU02g5I7qy297,Foot POWER 5,canceled,pro,,48.960066&2.2061913,2024-02-04T11:00:00.000Z,90,10,public,false,,,sss3dYi6nzWd7rEjwcQ30LGKudj1,0,10,0,0,0,0,0
9yQZvYBPxM9tg0OKv4SK,Élite 5 Soccer,canceled,captain,ChIJ5-jfdlZk5kcRYIaELgvikaM,48.9009153&2.2297275,2024-02-08T19:00:00.000Z,60,12.5,public,true,Détente,2,V1xR2zrMQvechb7WTYugyj1aWF82,10,10,0,0,0,0,0
A0KHhZc6385haPeOFCjE,LE 5 DE LEGENDE,played,captain,ChIJU_aXKN_A9EcRHCY74rI9i4Y,45.7617542&4.9413708,2024-01-31T20:00:00.000Z,60,10,public,false,Détente,3,uCbhu8IKBbXoNPQADDizNjG82m92,10,10,4,0,0,0,1
A0RQj9L0zI13zGqZQ0Cb,Stadium Thiais,played,pro,,48.7511024&2.3713455,2024-02-05T18:00:00.000Z,90,15,public,false,,,psf3NmXEPwdCltHKJC7VuvJocrF3,10,10,10,0,0,1,3
A3GaP1H3VBtXJ3ZmGTkH,UrbanSoccer - Puteaux,canceled,captain,ChIJM_sC0-Nk5kcRhL1y_EFIje8,48.8836397&2.2312283,2024-02-07T21:30:00.000Z,60,15.5,public,true,Compétition,3,Tdbb5p508dVAW12sHB2CCgEjC1v1,9,10,0,0,0,0,0
A4QOmN6kYGay61qrOTEA,Top Ten,published,pro,ChIJfXprBx4b5kcRmhe-5pLZUek,48.8729106&2.6840919,2024-02-17T12:30:00.000Z,90,15,public,false,,,i27253AGxOfXgYJK72sBnvUGuMk2,0,10,0,0,0,0,0
A4dHI2ldsT3IiBHZTnvR,UrbanSoccer - Puteaux,canceled,captain,ChIJM_sC0-Nk5kcRhL1y_EFIje8,48.8836397&2.2312283,2024-02-04T10:00:00.000Z,60,14,public,true,Détente,2,I0q8xEizxbMaPlHSmD7oIBNwlH43,9,10,0,0,0,0,0
A6yddbpBrO5nAV1ZFtt9,Monclub Futbol,canceled,pro,ChIJGbxxaamUyRIRgGvhHnhJStA,43.4299152&5.4001974,2024-02-15T17:00:00.000Z,60,10,public,false,,,CSTy9rmJRQSyWlqWuGiUhGpAGqf2,0,10,0,0,0,0,0
A8bMqXT1SZUYL4S8630M,UrbanSoccer Meudon,played,captain,ChIJ0WKvjbh75kcRoqSmyWwW2jQ,48.8001204&2.2140771,2024-01-31T19:30:00.000Z,90,17.5,public,true,Détente,3,WLDXT9ANsibSyBYups8xWx6wm8Q2,10,10,2,0,0,0,1
A8yZZG800DXFmnnEaeLt,UrbanSoccer Meudon,played,captain,ChIJ0WKvjbh75kcRoqSmyWwW2jQ,48.8001204&2.2140771,2024-02-03T10:00:00.000Z,60,12,public,true,Détente,3,Ea6M9KaEcEZpJ0TzLdWvWJaUD5t1,10,10,2,0,0,0,1
AB13U0MUOCNX63FL8Nbi,Stadium Thiais,played,pro,ChIJ64X9jzx05kcRsHvSfOv6UcA,48.7511024&2.3713455,2024-02-03T16:30:00.000Z,90,12,public,false,,,psf3NmXEPwdCltHKJC7VuvJocrF3,10,10,9,0,0,0,1
ABPVCQ7zPZN1vcHeTmqM,UrbanSoccer - Quai d'Ivry,played,captain,ChIJfXxYJ0xy5kcRw9xTkF6-FZQ,48.8199885&2.3936463,2024-02-02T18:45:00.000Z,90,19.5,public,true,Détente,3,58rQhvTXDMcTLA00IxL6cUd7sVy2,10,10,3,0,0,0,0
AC5wLrISSVRL8LU1k2jq,Monclub Futbol,played,pro,ChIJGbxxaamUyRIRgGvhHnhJStA,43.4299152&5.4001974,2024-02-15T18:30:00.000Z,60,10,public,false,,,CSTy9rmJRQSyWlqWuGiUhGpAGqf2,10,10,3,0,0,0,0
AEcYFXydhGcw2smK5Xry,UrbanSoccer - Quai d'Ivry,published,captain,ChIJfXxYJ0xy5kcRw9xTkF6-FZQ,48.8199885&2.3936463,2024-02-13T18:15:00.000Z,90,21,public,true,Chill,2,r6lh1WQQeVfd1SN2Dstfv0oF3082,7,10,0,0,0,0,0
AFrVd6TrG4tyd6ZTIBTs,Stadium Thiais,published,pro,ChIJ64X9jzx05kcRsHvSfOv6UcA,48.7511024&2.3713455,2024-02-19T21:00:00.000Z,90,14,public,false,,,psf3NmXEPwdCltHKJC7VuvJocrF3,3,10,0,0,0,0,0
AK6SZd49G5crtVPRVHEG,Footbox,published,pro,ChIJY-WkusIR5kcR-tEad3UtaSQ,48.9022789&2.582647,2024-02-15T22:00:00.000Z,60,10,public,false,,,QI89VPazyLhBVnWH871jk4BUEZI3,0,10,0,0,0,0,0
AN05pXUE3qOt3GsX6r9v,UrbanSoccer - Puteaux,played,captain,ChIJM_sC0-Nk5kcRhL1y_EFIje8,48.8836397&2.2312283,2024-02-11T15:00:00.000Z,60,14,public,true,Détente,2,dwieOYsBQcXB6gzkxkw58vx1MW62,10,10,2,0,0,0,1
ANVUA605AOqmWhqQdIIA,Monclub Futbol,played,captain,ChIJGbxxaamUyRIRgGvhHnhJStA,43.4299152&5.4001974,2024-02-14T17:00:00.000Z,60,10,public,false,Détente,4,e6NVDUKiX5O7dXnkCMCztzMRXUT2,10,10,4,0,0,0,1
AO1O3eRdjs6mKqxHCmVf,Foot POWER 5,canceled,pro,,48.960066&2.2061913,2024-02-09T17:00:00.000Z,90,5,public,false,,,sss3dYi6nzWd7rEjwcQ30LGKudj1,0,10,0,0,0,0,0
APoYqsM087kodF6RrN3i,UrbanSoccer - Asnières,published,captain,ChIJi5LkLT9v5kcRSlhScqEFNWs,48.92192379999999&2.3068311,2024-02-07T09:00:00.000Z,90,16,public,true,Détente,2,WozX8lfYg6PrX62FwEtrw2kTHIj1,7,10,0,0,0,0,0
APud4SglsCiqI1a7gGVH,Stadium Thiais,played,pro,ChIJ64X9jzx05kcRsHvSfOv6UcA,48.7511024&2.3713455,2024-02-13T19:30:00.000Z,90,15,public,false,,,psf3NmXEPwdCltHKJC7VuvJocrF3,10,10,7,0,0,0,3
APyk6PGfp8Nrs9NaXNMu,Speed Soccer Five,played,captain,ChIJ2xTNglV25kcR3UDi4AXGfDU,48.7360598&2.315058,2024-02-08T19:45:00.000Z,90,13.5,public,false,Détente,3,jeSxOGNZwXR3iuTx0hcSDPzLKIj1,10,10,3,0,0,0,1
AQf57Q3fRLycbmqQdQID,LE FIVE Champigny,played,captain,ChIJsXi1PLYN5kcRTVVDuczgS2s,48.8194084&2.5251846,2024-02-12T17:30:00.000Z,90,16.5,public,false,Détente,2,wnIJTk2XWRX4GUZ6khj0TPeMOv12,10,10,2,0,0,0,0
AR9A7xBoq7ZKGkKu6RM0,UrbanSoccer - Porte d'Aubervilliers,played,captain,ChIJ0dXjDCZs5kcRvX0EpMwxsUY,48.9074912&2.3746518,2024-02-09T18:00:00.000Z,60,12.5,public,true,Chill,3,b7f1OJQTXPaKBuSHdZRmLJ1lSNf2,10,10,0,0,0,0,1
ARXgkTd8qvDIh4q1rGVk,UrbanSoccer - Quai d'Ivry,played,captain,ChIJfXxYJ0xy5kcRw9xTkF6-FZQ,48.8199885&2.3936463,2024-02-01T17:45:00.000Z,60,13,public,true,Détente,2,aZrUZOufbhbexumlOwR8UGuCufF3,10,10,2,0,0,0,0
ASJvPTTIZVWhMwCSvV3a,UrbanSoccer La Défense,played,captain,ChIJh4rnfVhk5kcRV2Q-ZKdm8vA,48.8996456&2.2216773,2024-02-16T17:45:00.000Z,90,21.75,public,true,Détente,2,NEKFy2e54EejpzM1OrTQlMGNXek2,10,10,2,0,0,0,0
AUCj74jd97uvLc3HznQC,LE FIVE VITROLLES,canceled,captain,ChIJi4A-IrHoyRIRunoYLEGNeYI,43.4338497&5.240971399999999,2024-01-31T17:00:00.000Z,60,10,public,false,Détente,3,dIqIMHAysFbONZtzZLGfAzp8IMR2,10,10,0,0,0,0,2
AVbqkjsP4mjKGRpMToMx,Speed Soccer Five,played,captain,ChIJ2xTNglV25kcR3UDi4AXGfDU,48.7360598&2.315058,2024-02-15T18:30:00.000Z,90,13,public,false,Détente,2,FWiHj2WYCIaFSxxUqjWxQeBim1S2,10,10,0,0,0,0,0
AVxpbZEqMgJ5JLHTEgAR,Top Ten,published,pro,ChIJfXprBx4b5kcRmhe-5pLZUek,48.8729106&2.6840919,2024-02-04T21:30:00.000Z,90,15,public,false,,,i27253AGxOfXgYJK72sBnvUGuMk2,0,10,0,0,0,0,0
AXyngAyEpyByvqoSsnI7,LE FIVE Montreuil,published,pro,,48.8613036&2.4653095,2024-02-06T16:00:00.000Z,60,7,public,false,,,u9uC1vjdcdQ3UqNxI0SiFxor0m43,0,10,0,0,0,0,0
Ac7N2TYc2z2IjQ7qj0K4,LE FIVE Villette,published,captain,ChIJTUFnQjps5kcR0pHITLTw1PI,48.9070122&2.3861459,2024-02-07T18:00:00.000Z,60,12,private,false,Détente,3,ft0dr7tQK7hFTnq7HhQUbmuycWv2,8,10,0,0,0,0,0
AcjHEhlUP2kv6e7KGfwK,Stade Gilles Joye,played,captain,ChIJw2BPcJnzyRIRLzzgcSTD9TM,43.5744126&5.3446134,2024-02-05T18:00:00.000Z,60,7,public,false,Détente,3,uAEut48qBDUb9yI8BZY79qCquMq1,10,10,9,0,0,0,1
AcozxCH49crwehQ2FzTq,BIG5,played,captain,ChIJsb_7TJFp5kcRSPL5VqZulr4,48.9901429&2.3617895,2024-02-04T10:10:00.000Z,90,12,public,false,Compétition,,J6tpVDwMULaayrPjz2qlhEhBAUH3,10,10,6,0,0,0,0
AeAdKaU6ezfsQnRCWoJu,Massilia FIVE,played,captain,ChIJxZ6UmMW-yRIR7ot5DChYj4w,43.28920790000001&5.4503802,2024-02-14T18:00:00.000Z,60,10,public,false,Détente,2,mEyOtboVu2VwML4wfYYmzoDc4DF2,10,10,1,0,0,0,1
AhGSIFUPz1KeTtLc1gsX,Stadium Thiais,canceled,captain,ChIJ64X9jzx05kcRsHvSfOv6UcA,48.7511137&2.3715422,2024-02-18T13:00:00.000Z,120,10,private,false,Détente,4,Cb3ffMJZjUQnWucxVbcngb5aaNV2,1,10,0,0,0,0,0
Ai1lRmeIqnsigHRYgObA,Play Soccer,played,captain,ChIJQ-UxZn-5rhIRKWoQydM5T9s,43.5512023&1.4098927,2024-02-13T21:00:00.000Z,60,9,public,false,Compétition,3,ylSrVh9Qa5UXqlon6yzaKsprFZE3,10,10,3,0,0,0,1
Ai4PTpdOG2xHtfjKzsyL,UrbanSoccer La Défense,played,captain,ChIJh4rnfVhk5kcRV2Q-ZKdm8vA,48.8996456&2.2216773,2024-02-15T19:00:00.000Z,60,14.5,public,true,Détente,5,w5tijqihPvalN4GI49NM7gNRwYE2,10,10,1,0,0,0,3
Aib0fsMzT6STIV6yEzY3,Sport dans la Ville Rhône-Alpes,canceled,captain,ChIJoUEDcmvr9EcRILCz6hDCQ2o,45.7811703&4.8081568,2024-01-30T19:30:00.000Z,60,9,public,false,Détente,2,uJuZeaSxeKZHfIQMQeux7T0osqz2,5,10,0,0,0,0,0
Aibd5RZi1XUQiCTRIvR5,LE FIVE Paris 17,published,captain,ChIJ7eI8sFNv5kcR5xy52Wc57NU,48.900032&2.3213449,2024-02-10T11:00:00.000Z,60,10,public,true,Détente,2,ImrwzxTwvEaeZYvomKZM2esNuwD2,9,10,0,0,0,0,0
AiqGk9E9mwkUKIZ15pFX,Stadium Thiais,published,pro,,48.7511024&2.3713455,2024-02-10T21:00:00.000Z,90,15,public,false,,,psf3NmXEPwdCltHKJC7VuvJocrF3,2,10,0,0,0,0,1
AjCZ6hEHl5LI7XNaosdc,UrbanSoccer - Quai d'Ivry,played,captain,ChIJfXxYJ0xy5kcRw9xTkF6-FZQ,48.8199885&2.3936463,2024-02-04T10:00:00.000Z,60,10,public,true,Détente,3,9fKVe5bYXhPeaaV2DszUENaSQ953,10,10,0,0,0,0,0
AkWiuDZiQMKwcXVcveTS,UrbanSoccer - Marne-La-Vallée,played,captain,ChIJ6bDBiosP5kcROXiloHzSdhc,48.82658600000001&2.6296937,2024-02-16T19:15:00.000Z,60,12,public,true,Compétition,5,cbL7m5i4cZRxK51VIGxNJNdyC762,10,10,3,0,0,0,0
Akui0L7UfYu992xafytk,Stadium Thiais,played,pro,,48.7511024&2.3713455,2024-02-02T16:30:00.000Z,90,10,public,false,,,psf3NmXEPwdCltHKJC7VuvJocrF3,10,10,9,0,0,0,2
Albt31Q6jm3UzOd60v36,Game 13 foot indoor,played,captain,ChIJNSDvlsXryRIRUXao9hwB79I,43.41258939999999&5.366617,2024-02-05T17:00:00.000Z,60,10,public,false,Détente,2,tNI5PAPgX0MDq6T4GlwP3d2ndaO2,10,10,0,0,0,0,0
AntjUbtusJYRQBQuh8Vd,UrbanSoccer La Défense,published,captain,ChIJh4rnfVhk5kcRV2Q-ZKdm8vA,48.8996456&2.2216773,2024-02-09T08:15:00.000Z,60,13,public,true,Détente,3,rSLwPZzPYTXxmSSH7pcespreMcz2,9,10,0,0,0,0,0
ApiHKE3jwM2AqwR1zCE8,UrbanSoccer Guyancourt,canceled,captain,ChIJmdX-2c-A5kcRj1wtOS8rZmo,48.7722091&2.0600292,2024-02-04T11:00:00.000Z,60,9,public,true,Détente,,Tm4AanhjgAP93BKZHjF66rMH2mC2,7,10,0,0,0,0,0
AqUajF6NMWHKXllwn2hj,LE FIVE Bezons,played,pro,ChIJ04KEHBZk5kcRoDWLaMOCCwQ,48.91909&2.2093051,2024-01-30T21:30:00.000Z,90,12,public,false,,,U3MriTZbPbTUEsU6RtRuHxDMKvg2,10,10,8,0,0,0,1
AqyfzF5x6SN8bhW7Qzf3,LE FIVE Champigny,played,captain,ChIJsXi1PLYN5kcRTVVDuczgS2s,48.8194084&2.5251846,2024-02-11T17:30:00.000Z,90,16.5,public,false,Détente,2,wnIJTk2XWRX4GUZ6khj0TPeMOv12,10,10,2,0,0,0,0
AwCRF1SGFmSpcTe5y91z,LE FIVE Bezons,played,pro,,48.91909&2.2093051,2024-02-08T21:00:00.000Z,90,14,public,false,,,U3MriTZbPbTUEsU6RtRuHxDMKvg2,10,10,8,0,0,1,3
Azt67aPCl5P4XzNxmU6M,UrbanSoccer - Toulouse Sept Deniers,canceled,captain,ChIJk5nUBdOkrhIRP-1aUJzo-lA,43.6321552&1.411696,2024-02-04T17:30:00.000Z,90,13.5,public,true,Détente,3,qYH09o8qjsXOMpHf56MBTYcMKhp1,7,10,0,0,0,0,0
B1GGds5ulXp9o6s1IF3s,LE FIVE Bobigny,played,captain,ChIJV8UONORs5kcRXxR5Qd7x130,48.901553&2.4313304,2024-02-08T16:30:00.000Z,60,,public,false,Détente,2,19SL20qrrBTvWtasC9JtgkqkqU42,10,10,3,0,0,0,3
B2UQ4N2ZoyE2tB57gcLi,Stade Olympique Yves du Manoir,canceled,captain,ChIJYeUIntpl5kcRZsN35flVVAY,48.9292771&2.2477717,2024-02-11T08:30:00.000Z,90,,public,false,Compétition,4,McqreKlRJ1cjUvct5WA2hHh5jjl1,2,16,0,0,0,0,0
B3GMPZEy8FgrtIK6hUBq,UrbanSoccer - Asnières,canceled,captain,ChIJi5LkLT9v5kcRSlhScqEFNWs,48.92192379999999&2.3068311,2024-02-11T10:00:00.000Z,60,13,public,true,Détente,3,ohytnprqHwfQT4xiKRk7eq8CSir1,7,10,0,0,0,0,0
B4enFHDakFEq4lRl1wql,UrbanSoccer La Défense,published,captain,ChIJh4rnfVhk5kcRV2Q-ZKdm8vA,48.8996456&2.2216773,2024-02-07T19:00:00.000Z,90,15,public,true,Détente,3,PSm1I61DB6Ogzln2MYyImRsWEUN2,7,10,0,0,0,0,0
B4ypnPt9QaQSWJAZFUK5,LE FIVE Marville - La Courneuve,published,captain,ChIJ2dHdMZxr5kcR0aKYHYsp0pY,48.9364404&2.3869147,2024-02-14T20:30:00.000Z,90,15,public,false,Détente,3,pJesmrp8ClUkcYeiH2N997t8q312,9,10,0,0,0,0,0
B5kicKIQ7WZfxJftRP1V,UrbanSoccer La Défense,played,captain,ChIJh4rnfVhk5kcRV2Q-ZKdm8vA,48.8996456&2.2216773,2024-02-15T20:00:00.000Z,60,15,public,true,Chill,3,gBgpnipKKbVMRkTpm0IYTfqNhBE3,10,10,0,0,0,0,3
B5v4w0N0mj44Ao3Jct9W,UrbanSoccer - Quai d'Ivry,played,captain,ChIJfXxYJ0xy5kcRw9xTkF6-FZQ,48.8199885&2.3936463,2024-02-15T20:15:00.000Z,60,14.5,public,true,Détente,2,FxB4RU5IG3c0595d447E5zqSFHt1,10,10,3,0,0,0,2
BAQ5PGWPR3I1UgadVgz3,Stadium Thiais,played,captain,ChIJ64X9jzx05kcRsHvSfOv6UcA,48.7511137&2.3715422,2024-02-08T16:25:00.000Z,90,10,public,false,Compétition,3,Dohg1zNvhsbmGrYuAmExKFyjruw2,10,10,1,1,0,0,0
BG0vcnDiVbVP2uc5PBrZ,Stadium Thiais,played,captain,ChIJ64X9jzx05kcRsHvSfOv6UcA,48.7511024&2.3713455,2024-02-01T21:00:00.000Z,90,14,public,false,Détente,3,ymBgSqfuZsQZb0RCX5msyBjYrvx2,10,10,2,0,0,0,0
BGC8mTCmGe0Q2t6OQKij,LE FIVE Carrières-sous-Poissy,played,captain,ChIJ9T4fWfyL5kcRCBX-FyZLvEE,48.9468171&2.0230552,2024-02-13T20:30:00.000Z,90,13,public,false,Détente,2,MqTQ7MHD6tWp7cFTinuLxxK4i4K2,10,10,4,0,0,0,1
BHF0BDXrWLWgbjSCaasg,STADIUM FOOT 5 VILLAGE,played,captain,ChIJbbOWFtC4yRIR0WXVerbWmnE,43.269413&5.4260321,2024-02-01T19:00:00.000Z,60,10,public,false,Détente,3,MKjoGJESIIfNKw5sH93VODBuvLv2,10,10,2,0,0,0,0
BHKzSXx5I6tBJXqS7EuB,UrbanSoccer - Lille Lezennes,played,captain,ChIJR3ro5nTWwkcRfM_S3Be9HjI,50.6162725&3.0998108,2024-02-10T13:15:00.000Z,90,7.5,public,true,Détente,2,up25FWVGpGMGR6yJwOQB474rXdQ2,10,10,4,0,0,0,0
BJLWfLJ7UMAT8271EAw4,Speed Soccer Five,played,captain,ChIJ2xTNglV25kcR3UDi4AXGfDU,48.7360598&2.315058,2024-02-04T17:00:00.000Z,90,14,public,false,Détente,,38n9OHYdOthEZjosrLq2hO3AIfX2,10,10,1,0,0,0,0
BJYe4g7WPU6nxDFHZqmC,UrbanSoccer - Lille Bondues,played,captain,ChIJ58ZerMgrw0cR2Jyp7tZjBn4,50.6913774&3.0860264,2024-02-04T11:30:00.000Z,90,6.5,public,true,Détente,3,OQh22cNGtiWTA37nn0SL82K1J742,10,10,3,0,0,0,0
BLbSQSk02xWjZm3dxEzp,OHSPORT,canceled,captain,ChIJHeG9fA4X5kcRbGNzVY5Ud5I,48.9672396&2.5670436,2024-02-18T12:00:00.000Z,90,15,private,false,Détente,3,AZW4eE26vCcDavANdPQgOqs70xx2,10,10,0,0,0,0,0
BMQb0X9s9V6IBvo5ApEa,Stadium Thiais,hidden,pro,ChIJ64X9jzx05kcRsHvSfOv6UcA,48.7511024&2.3713455,2024-02-14T18:00:00.000Z,90,15,public,false,,,psf3NmXEPwdCltHKJC7VuvJocrF3,1,10,0,0,0,0,0
BMZkmcBZnjnXG6G4MVxw,Parc Interdépartemental de Choisy Paris Val de Marne,canceled,captain,ChIJUxSNzpZ05kcRiP7--vdycQs,48.768701&2.433449,2024-02-05T19:30:00.000Z,90,,public,false,Compétition,4,cJe8pjn4xkTpWqLmezIS1Llbc613,8,10,0,0,0,0,0
BNumvxEH4d9H0g9lHXpO,Terrain de Football des Blagis,canceled,captain,ChIJo1VQy8hw5kcRGlSSiJpcq-Q,48.7855644&2.2991542,2024-02-08T17:00:00.000Z,120,,public,false,Détente,4,rzC8A0bd4afb9AWrHKlCPT9461y1,10,14,0,0,0,0,0
BPWrFylCp9pz7wZuXTo5,Stadium Thiais,played,captain,ChIJ64X9jzx05kcRsHvSfOv6UcA,48.7511137&2.3715422,2024-02-08T16:20:00.000Z,90,10,public,false,Compétition,3,Dohg1zNvhsbmGrYuAmExKFyjruw2,10,10,3,0,0,0,0
BPXFwwLvlFIk7xEJslDk,Testing Purposes,published,pro,,67.461524&-152.801377,2024-02-08T19:15:00.000Z,60,12,public,false,,,f2LrY7SAV3U1V9tUVAZfiMxA3uu1,0,10,0,0,0,0,0
BQhsyH9G3j5dqs3sXXyb,We Are Sports,played,captain,ChIJFZU5oBHC9EcRJTFrSkI1xxg,45.7113247&4.8761886,2024-02-09T19:30:00.000Z,60,10,public,false,,2,AhkleKXFPcRoxPvRoMgqknYedmQ2,10,10,1,0,0,0,0
BRXBt85v7qcYtbpBJAno,Foot POWER 5,canceled,pro,ChIJuTCIFshm5kcRBtEQJ76dAzc,48.960066&2.2061913,2024-02-15T17:00:00.000Z,90,5,public,false,,,sss3dYi6nzWd7rEjwcQ30LGKudj1,0,10,0,0,0,0,0
BSXnro6N2nuo7qCpZj9t,Complexe Sportif d'Ivry-sur-Seine,played,captain,ChIJ22gQfrdz5kcR4lK4BGMQ-nE,48.8039223&2.3870637,2024-02-04T13:40:00.000Z,120,3,public,false,Compétition,5,0Ar3LQMLhMWoCgpvJgUdWolGaoP2,10,10,3,0,0,0,2
BSi86FiGh3tlzx5YiQMh,LE FIVE Villette,played,captain,ChIJTUFnQjps5kcR0pHITLTw1PI,48.9070122&2.3861459,2024-02-17T16:00:00.000Z,60,10,public,false,Détente,3,cHBLUwugptewLaAazHofzu369tl2,10,10,1,0,0,0,1
BT4xv5JKeT2TGAVbZAu9,Stade Pierre Letessier,canceled,captain,ChIJmcO_CLgS5kcR_tYXn2vhXNs,48.8750074&2.4964236,2024-02-18T09:45:00.000Z,120,,public,false,Compétition,4,5tI7nJKuTRWNJgO1jYKyzMYNwog2,14,18,0,0,0,0,0
BTDcHU6WUCsGTi3kAVzP,LE FIVE Bezons,canceled,pro,,48.91909&2.2093051,2024-01-30T21:00:00.000Z,90,14,public,false,,,U3MriTZbPbTUEsU6RtRuHxDMKvg2,0,10,0,0,0,0,0
BTGjL2eJl2Mpd9axnxya,LE FIVE Marville - La Courneuve,canceled,captain,ChIJ2dHdMZxr5kcR0aKYHYsp0pY,48.9364404&2.3869147,2024-02-01T21:30:00.000Z,90,7.5,public,false,Détente,3,L3uHI9g5Q0Mfu5uehvYQEZi9yqW2,10,10,0,0,0,0,2
BVgG18vS0FfV6yaWisvf,Stadium Thiais,published,pro,ChIJ64X9jzx05kcRsHvSfOv6UcA,48.7511024&2.3713455,2024-02-13T17:00:00.000Z,90,14,public,false,,,psf3NmXEPwdCltHKJC7VuvJocrF3,0,10,0,0,0,0,0
BW6QMPpc8UMroZCimegX,UrbanSoccer La Défense,played,captain,ChIJh4rnfVhk5kcRV2Q-ZKdm8vA,48.8996456&2.2216773,2024-02-04T14:15:00.000Z,60,14.5,public,true,Compétition,3,9Gg7MuwiWXSy61Q7UhfleApyv5v1,10,10,3,0,0,0,2
BWa83NKbkjcAQalY4H4p,City KOF,played,captain,ChIJ_2pirmlv5kcRTpGJ0UDn1Y8,48.9155954&2.2963072,2024-02-13T11:00:00.000Z,90,,public,false,Détente,2,PL0nw3BiAUhxDJuKc8qZsRazcM23,10,10,2,0,0,0,4
BWvXdacgPoBCjMlXGLo4,Footbox,published,pro,ChIJY-WkusIR5kcR-tEad3UtaSQ,48.9022789&2.582647,2024-02-18T12:00:00.000Z,60,10,public,false,,,QI89VPazyLhBVnWH871jk4BUEZI3,0,10,0,0,0,0,0
BWxREgWqGw42NXoytuTY,Stadium Thiais,canceled,captain,ChIJ64X9jzx05kcRsHvSfOv6UcA,48.7511024&2.3713455,2024-01-31T20:00:00.000Z,90,15,public,false,Détente,2,axL6Owgj06fy6R0DyQWHNcNFWKb2,9,10,0,0,0,0,0
BXXkG3wkUlp05a6DNaOb,Le 13 - Foot en salle - Marseille,played,captain,ChIJR62kUm_ByRIRDnGQqGCeUVQ,43.33370070000001&5.370389599999999,2024-02-01T19:30:00.000Z,60,10,public,false,Détente,3,JhzYtbyIfxe5yUlcuYzUPNXhyMN2,10,10,3,0,0,0,4
BXm9pQ5pNLz5FvqFASXD,Stade Robespierre,canceled,captain,ChIJrSdPdLpk5kcRTIf7gmbAvcU,48.8692482&2.2034218,2024-02-18T13:00:00.000Z,90,5,public,false,Compétition,4,uK7KAxZFpwZeIpiBLR7VWDgp0qF2,4,10,0,0,0,0,0
BXp1DAKw9cYp3jiFK2BW,UrbanSoccer - Quai d'Ivry,canceled,captain,ChIJfXxYJ0xy5kcRw9xTkF6-FZQ,48.8199885&2.3936463,2024-02-18T10:00:00.000Z,60,10,public,true,Détente,3,9fKVe5bYXhPeaaV2DszUENaSQ953,6,10,0,0,0,0,0
BZEpbBTAuqb8OoRpspyp,LE FIVE Paris 18,played,pro,ChIJpVT4_n1u5kcRzji6FdTBXXo,48.8978522&2.3700234,2024-02-14T16:00:00.000Z,60,5,public,false,,,UQf33jQhVZhle917nO0h7D5qclV2,10,10,10,0,0,0,6
BZfuWnBeUUC01Pmku6EQ,Stade Lilian Thuram,played,captain,ChIJy0-vXf9l5kcRH4WAmpihUQE,48.933705&2.2828141,2024-02-04T09:15:00.000Z,150,,private,false,Détente,3,fwrCzizjC5UGI9TzJdi1JinvWet1,18,18,12,0,0,0,0
BaN6DUYtBMx3fy6EiKC9,We Are Sports,played,captain,ChIJFZU5oBHC9EcRJTFrSkI1xxg,45.7113247&4.8761886,2024-02-11T18:00:00.000Z,60,9,public,false,Compétition,3,XJcOYdFvY5MUD6R6YXRxUdDSIxc2,10,10,1,0,0,0,0
BaZe9UXtrgvAUoKR6SYd,Stade Lilian Thuram,played,captain,ChIJy0-vXf9l5kcRH4WAmpihUQE,48.933705&2.2828141,2024-02-04T07:00:00.000Z,150,,public,false,Détente,3,bvwFuUpB8ORr9UZhI1UFOuxbqtc2,18,18,16,0,2,3,5
BafTvPpEDzJhMsOOB0Qj,LE FIVE Montreuil,published,pro,,48.8613036&2.4653095,2024-02-07T11:00:00.000Z,90,10.5,public,false,,,u9uC1vjdcdQ3UqNxI0SiFxor0m43,0,10,0,0,0,0,0
BahRPx57JOn7Yzl4Ioyb,LE FIVE Carrières-sous-Poissy,played,captain,ChIJ9T4fWfyL5kcRCBX-FyZLvEE,48.9468171&2.0230552,2024-02-18T09:00:00.000Z,90,13,public,false,Détente,3,MCLWuY0LYYc0JzHfIhTAG90em2k1,10,10,0,0,0,0,1
BaquwXiu9fYmAjar1j1u,Stadium Thiais,published,pro,ChIJ64X9jzx05kcRsHvSfOv6UcA,48.7511024&2.3713455,2024-02-17T17:30:00.000Z,90,15,public,false,,,psf3NmXEPwdCltHKJC7VuvJocrF3,0,10,0,0,0,0,0
BbeI6plPKqhAC54I0qYX,LE FIVE Sarcelles,canceled,captain,ChIJ6_q3Fxhq5kcRCpoEwnoXX1Q,48.99782219999999&2.3902225,2024-02-09T17:45:00.000Z,60,10,public,false,Détente,4,xGqbyGMIOOSZWB8dDdIT0rqQ39u2,8,10,0,0,0,0,0
Bcb1Apb5u3laDQYSN87X,UrbanSoccer - Quai d'Ivry,canceled,captain,ChIJfXxYJ0xy5kcRw9xTkF6-FZQ,48.8199885&2.3936463,2024-02-14T21:15:00.000Z,90,14,public,true,Compétition,5,Er7EcCC9CxMxIku8lkfyHpuxybo1,1,10,0,0,0,0,1
BeZ1JYcC9qoRJH81O6Av,Lille Football Faubourg de Bethune,played,captain,ChIJgUO_inLVwkcR9OZ3Xp9c_v0,50.62148730000001&3.0386445,2024-02-01T18:30:00.000Z,120,2,public,false,Détente,2,zjy5cuJtnGeiJ4QHpaZDAoTpGUJ2,16,16,8,0,0,0,4
BfEPJ6gYGLlH6urpWF3Q,Stadium Thiais,published,pro,ChIJ64X9jzx05kcRsHvSfOv6UcA,48.7511024&2.3713455,2024-02-16T14:00:00.000Z,90,8,public,false,,,psf3NmXEPwdCltHKJC7VuvJocrF3,1,10,0,0,0,0,1
BgAGIHIeiSlxPK33qT72,Sun Set Soccer,played,captain,ChIJ-2jOt33D9EcRLZL2mS5Gvz4,45.6768927&4.9409477,2024-02-18T12:55:00.000Z,60,8,public,false,Détente,2,yklQEDaKwVaMoDO72vlMcpgzc043,10,10,1,0,0,0,0
BgBoOI3XvMZLHMVVswQZ,Top Ten,played,captain,ChIJfXprBx4b5kcRmhe-5pLZUek,48.8729106&2.6840919,2024-02-13T20:00:00.000Z,90,15,public,false,Compétition,3,8FrxHIuCFhcjbTjzTicXer9t9Vz2,10,10,4,0,0,0,0
BhAUKhiVm4IdmifHotpd,Parc de Choisy,played,captain,ChIJ7RWNzpZ05kcRTkknDj8Df-I,48.7664003&2.4305572,2024-02-17T11:00:00.000Z,120,,private,false,Détente,3,sjUe5AarcPVoIYPWc0MANxuRSP12,18,18,0,0,0,0,0
BhoQkLzGdlZLE8AtZrqR,La Plaine des Sports - Université Paris-Saclay,canceled,captain,ChIJv4ZkWb5_5kcRkQ23aJHNq24,48.71200899999999&2.1560772,2024-02-18T14:00:00.000Z,90,,public,false,Détente,3,ee1xUgZHOqeY6QdvDARYVOlrzLj2,15,16,0,0,0,0,0
BhvUUb7w3ZiYLzUYW1YU,Game 13 foot indoor,played,captain,ChIJNSDvlsXryRIRUXao9hwB79I,43.41258939999999&5.366617,2024-02-13T18:00:00.000Z,60,10,private,false,Détente,3,NwR9qqQY2uXg6yqtYEi791rGCS72,10,10,0,0,0,0,0
BkO7KF7wS5QEETjRpipM,Monclub Futbol,published,captain,ChIJGbxxaamUyRIRgGvhHnhJStA,43.4299152&5.4001974,2024-02-19T19:00:00.000Z,60,10,public,false,Détente,,T2QG662V9Ta7lQrXxzHChQsGOFZ2,10,10,0,0,0,0,0
BkPWvy7cjJh2FRehtS58,Top Ten,published,pro,,48.8729106&2.6840919,2024-02-08T22:00:00.000Z,90,16.5,public,false,,,i27253AGxOfXgYJK72sBnvUGuMk2,0,10,0,0,0,0,0
BkYMYnBBwMNx06z1PJuf,We Are Sports,played,captain,ChIJFZU5oBHC9EcRJTFrSkI1xxg,45.7113247&4.8761886,2024-02-12T17:30:00.000Z,60,10,public,false,Competition,3,8lrnY3MQ1LWvpzRscGy5tOYxWy23,10,10,3,0,0,0,1
BlyUVReKuXLfowvTGqck,Stade Suchet,played,captain,ChIJn_jMprN65kcRf4CiZAaAht4,48.85501319999999&2.2620447,2024-02-07T10:45:00.000Z,90,,public,false,Détente,3,XnvW9brVmuclYXS7MIYBC1ThD8e2,14,14,4,0,0,0,3
BorQ6rDKXY7zLK69jRmQ,LE FIVE Montreuil,published,pro,,48.8613036&2.4653095,2024-02-09T11:30:00.000Z,90,10.5,public,false,,,u9uC1vjdcdQ3UqNxI0SiFxor0m43,0,10,0,0,0,0,0
BqCHegM0IzE1i6UKa45u,Stadium Thiais,played,pro,,48.7511024&2.3713455,2024-02-08T18:00:00.000Z,90,15,public,false,,,psf3NmXEPwdCltHKJC7VuvJocrF3,10,10,5,0,0,0,2
BqXY7WjSj1ntCW9fKUAM,Speed Soccer Five,canceled,captain,ChIJ2xTNglV25kcR3UDi4AXGfDU,48.7360598&2.315058,2024-02-15T19:00:00.000Z,90,13,public,false,Détente,3,Z5sxx936iZX9hchZEihemmPqYW12,10,10,0,0,0,0,0
BstVR2OPwYaHJB5XulNW,Foot POWER 5,canceled,pro,ChIJuTCIFshm5kcRBtEQJ76dAzc,48.960066&2.2061913,2024-02-18T08:00:00.000Z,90,10,public,false,,,sss3dYi6nzWd7rEjwcQ30LGKudj1,0,10,0,0,0,0,0
BtBWmCnM1UiieqoimpwD,Stadium Thiais,canceled,captain,ChIJ64X9jzx05kcRsHvSfOv6UcA,48.7511137&2.3715422,2024-02-11T09:30:00.000Z,90,15,public,false,Détente,1,T0gYd02mAcQ3nFRaDLdSQvaj8WW2,10,12,0,0,0,0,0
BvFfJNsNJgT9yklFGoxc,LE 5 DE LEGENDE,played,captain,ChIJU_aXKN_A9EcRHCY74rI9i4Y,45.7617542&4.9413708,2024-02-13T19:00:00.000Z,60,10,public,false,,3,KxKMNUH3ErV1pjbqC14bJBBkFqD2,10,10,1,0,0,0,0
BvQLTCU5dySY1NYUdtcV,LE FIVE Morangis,played,captain,ChIJA4uAhOXZ5UcRp-vZXZP-ovY,48.692672&2.3192811,2024-02-02T20:30:00.000Z,90,14,public,false,Détente,,GeY3OezqbIW13tvJpKY3ph4fPTj1,10,10,2,0,0,0,0
BwOLTXVlX0PaewAyfUow,Sport dans la Ville Rhône-Alpes,played,captain,ChIJoUEDcmvr9EcRILCz6hDCQ2o,45.7811703&4.8081568,2024-02-14T18:30:00.000Z,90,13.5,public,false,Détente,2,wI26BYY3hHOd0qRylT1SYXccJZJ3,10,10,2,0,0,0,2
ByCif4FNJ2mnnv4KyjU2,UrbanSoccer - Toulouse Montaudran,played,captain,,43.574642&1.4801835,2024-02-18T17:00:00.000Z,60,8,public,false,Compétition,3,N7ZTZec6J3TZUgJUEAuRCeYzZ7k1,10,10,0,0,0,0,0
ByS4kSrULSEoRzcBAEiR,City KOF,played,captain,ChIJ_2pirmlv5kcRTpGJ0UDn1Y8,48.9155954&2.2963072,2024-02-15T11:00:00.000Z,90,,public,false,Détente,2,PL0nw3BiAUhxDJuKc8qZsRazcM23,10,10,3,0,0,0,0
ByexsqBbHGMM3AvnlQCd,UrbanSoccer Guyancourt,canceled,captain,ChIJmdX-2c-A5kcRj1wtOS8rZmo,48.7722091&2.0600292,2024-02-13T18:30:00.000Z,60,11,public,true,Détente,2,PvDQsexRENaHtU0ljK3p2C1BwKo1,9,10,0,0,0,0,0
ByweXDkJtwEySnenviGv,LE FIVE Sarcelles,played,captain,ChIJ6_q3Fxhq5kcRCpoEwnoXX1Q,48.99782219999999&2.3902225,2024-01-30T19:00:00.000Z,90,10,public,false,Détente,3,7zqwIqCe79UpNd8UOOgZeeFEGHg2,10,10,2,0,0,0,0
C1MjYoCQCtzXVBjs0SYW,Stadium Thiais,published,pro,ChIJ64X9jzx05kcRsHvSfOv6UcA,48.7511024&2.3713455,2024-02-04T20:00:00.000Z,90,15,public,false,,,psf3NmXEPwdCltHKJC7VuvJocrF3,4,10,0,0,0,0,0
C5jwfsnJypr0518gFye7,Stade Frédéric Langrenay,canceled,captain,ChIJJyYIt3nY5UcRDrh6t9cxUtE,48.69386919999999&2.3013876,2024-02-04T09:30:00.000Z,90,,public,false,Détente,3,pbhRafXJAvfgTzuFJAldUW0PlD33,8,16,0,0,0,0,0
C5tHXVkN7PF44NgEIoI8,LE FIVE Bezons,played,captain,ChIJ71Mv0Wpk5kcRg-H9x7L-dXo,48.9190524&2.211796,2024-02-03T16:00:00.000Z,120,13.5,private,true,Détente,,GPsbQHDAv3QT9to65DFO4XVTerq1,10,10,0,0,0,0,1
C6CXlxm5EzW96JvXCzwQ,Speed Soccer Five,published,pro,ChIJ2xTNglV25kcR3UDi4AXGfDU,48.7360598&2.315058,2024-02-02T21:00:00.000Z,90,13,public,false,,,MkTJljXziPXBdRdijccndMLBNCC3,0,10,0,0,0,0,0
C6a6siyGTQeOrQ37Rx6w,UrbanSoccer - Puteaux,played,captain,ChIJM_sC0-Nk5kcRhL1y_EFIje8,48.8836397&2.2312283,2024-02-02T11:00:00.000Z,60,11.5,public,true,Détente,3,cqomDGatNGdvAvB9GJNuCaIDQ2n1,10,10,1,0,0,0,4
C8Ghiq6Bn9VGNtb8cxh7,Top Ten,played,pro,,48.8729106&2.6840919,2024-02-02T21:30:00.000Z,90,16.5,public,false,,,i27253AGxOfXgYJK72sBnvUGuMk2,10,10,1,0,0,0,1
C8T3nppI9XTJwfPW73l6,UrbanSoccer - Quai d'Ivry,played,captain,ChIJfXxYJ0xy5kcRw9xTkF6-FZQ,48.8199885&2.3936463,2024-02-06T20:30:00.000Z,90,13,private,true,Détente,3,2chvms6JwEQcVFFn9ymFDprcGy93,10,10,4,0,0,0,0
C8obWWDzAgotFL8uhrcQ,LE FIVE Montreuil,published,pro,ChIJJdTQjr0T5kcRZmGxtIJVy44,48.8613036&2.4653095,2024-02-15T11:00:00.000Z,90,10.5,public,false,,,u9uC1vjdcdQ3UqNxI0SiFxor0m43,0,10,0,0,0,0,0
C9FyTQwJQWSmaQP7pUji,UrbanSoccer - Quai d'Ivry,played,captain,ChIJfXxYJ0xy5kcRw9xTkF6-FZQ,48.8199885&2.3936463,2024-02-12T19:00:00.000Z,90,21,public,true,Détente,3,pHPNtCyfuNMuPeLEvRRq0iNnFFa2,10,10,5,0,1,0,1
C9m75Id1WeqysT8zUEJx,Le Street Foot en Salle,canceled,captain,ChIJt_AXL6Jg5kcRu6rBmnrmeUM,49.0164435&2.181307,2024-02-01T20:30:00.000Z,90,14,public,false,Détente,2,Ai562Ft4EAaWYhwJCPO4CQNOIS83,5,10,0,0,0,0,1
CB9Hg8FpxGo8mxrV5hfH,Game 13 foot indoor,draft,captain,ChIJNSDvlsXryRIRUXao9hwB79I,43.41258939999999&5.366617,2024-01-31T19:30:00.000Z,60,10,public,false,,,tNI5PAPgX0MDq6T4GlwP3d2ndaO2,0,10,0,0,0,0,0
CCberPppxJLB2MdbIUPY,Stadium Thiais,played,pro,,48.7511024&2.3713455,2024-01-31T16:30:00.000Z,90,10,public,false,,,psf3NmXEPwdCltHKJC7VuvJocrF3,10,10,10,0,0,0,2
CCe8bpGealJoOe1m9YCA,LE FIVE Créteil,played,captain,ChIJ88lx3VwL5kcRVxCh4lD6_Gk,48.7643086&2.4706522,2024-02-17T15:00:00.000Z,60,10,public,false,Détente,2,ijjnCVedWPYNBPhIYQOyCiwUcru1,10,10,6,0,0,0,3
CDKOka3JoTeoBqQU5mG4,Kinshasa,published,pro,,-4.3032527&15.310528,2024-02-04T11:23:00.000Z,90,12,public,false,,,zCvsukfMuuffsuPpSTQwb7MusMD2,0,10,0,0,0,0,0
CFNBcjPSYE6HxNNvySBZ,UrbanSoccer Evry,published,captain,ChIJW0Ut1G7e5UcRt621n2fRQ5M,48.6286849&2.4066366,2024-02-09T18:30:00.000Z,90,9,public,true,Compétition,3,0asGZ9fEnDeJUjaY2BLdrkW6w4u2,2,10,0,0,0,0,0
CIiZkO79mn5j2jnQQVRZ,LE FIVE Paris 18,played,pro,,48.8978522&2.3700234,2024-02-02T21:20:00.000Z,90,10,public,false,,,UQf33jQhVZhle917nO0h7D5qclV2,10,10,3,0,0,0,6
CJko0dBb83nlgn9t6C84,LE FIVE Paris 13,canceled,captain,ChIJ_bOSChhz5kcRZMTeq_6Gdzg,48.8181615&2.3658793,2024-02-16T19:00:00.000Z,60,5,public,true,Détente,,evb189dQmZTllf2MHjyBtmnO7333,9,10,0,0,0,0,0
CKBWzCfvquBJRa2uRIdA,LE FIVE Paris 13,published,pro,,48.8181615&2.3658793,2024-02-08T22:00:00.000Z,60,10,public,false,,,FjSnzlRFFfhWVWQJGfIEwRc2ZMj2,0,10,0,0,0,0,1
CMcoOpPAap8HN9j76srA,LE FIVE Sarcelles,played,captain,ChIJ6_q3Fxhq5kcRCpoEwnoXX1Q,48.99782219999999&2.3902225,2024-02-18T20:30:00.000Z,90,10,public,false,Détente,5,m9EiuBHnOkeZJFdrBnZQZ67Azap2,10,10,4,0,0,0,1
CNFJj4gvBCn7lJRaT1sX,Foot POWER 5,canceled,pro,,48.960066&2.2061913,2024-02-08T21:30:00.000Z,90,7,public,false,,,sss3dYi6nzWd7rEjwcQ30LGKudj1,0,10,0,0,0,0,0
CP5taHQtVXtzIrULPkLm,We Are Sports,played,captain,ChIJFZU5oBHC9EcRJTFrSkI1xxg,45.7113247&4.8761886,2024-02-12T18:30:00.000Z,60,10,public,false,Détente,2,ZvNgpRDShYb05TBD7NkwSqxgIP93,10,10,2,0,0,0,0
CPLnLI7tXzvHUCQCjzFj,Footbox,published,pro,ChIJY-WkusIR5kcR-tEad3UtaSQ,48.9022789&2.582647,2024-02-17T15:00:00.000Z,60,10,public,false,,,QI89VPazyLhBVnWH871jk4BUEZI3,0,10,0,0,0,0,0
CQ9MV1Hbuw5v4UlYAIYT,LE FIVE Paris 18,played,pro,,48.8978522&2.3700234,2024-01-30T16:00:00.000Z,60,5,public,false,,,UQf33jQhVZhle917nO0h7D5qclV2,10,10,8,0,0,0,7
CSbn7wCfXjFmBZwKarTv,LE FIVE Créteil,played,captain,ChIJ88lx3VwL5kcRVxCh4lD6_Gk,48.7643086&2.4706522,2024-02-07T17:15:00.000Z,90,16.5,public,false,Détente,3,DijqWgpunwe0cJMpEQH1OonLeFg2,10,10,2,0,0,0,1
CSlKDxypMN9bp52Q9CEt,LE FIVE Champigny,published,pro,,48.8194084&2.5251846,2024-02-08T17:00:00.000Z,60,11,public,false,,,evlV9mUgATYQ5343zpYZvk4w0r03,0,10,0,0,0,0,0
CUaFX1WtTQGQZ8pSfhuY,Stade Élisabeth,played,captain,ChIJkXj9tq5x5kcROlxynHzTh9o,48.8207737&2.3270972,2024-02-02T18:30:00.000Z,120,,public,false,Compétition,5,oKfGVfs7dYecPpobKfuTXiuhh8J3,14,14,7,0,0,0,3
CWiHAyU8IbGlff7pBbru,UrbanSoccer - Porte d'Aubervilliers,played,captain,ChIJ0dXjDCZs5kcRvX0EpMwxsUY,48.9074912&2.3746518,2024-02-11T12:50:00.000Z,60,12,public,true,Détente,3,63m979hJzWZCIS44u6R0wcZHWZ42,10,10,1,0,0,0,2
CY6UurUHqNw57WpIiRiz,UrbanSoccer - Asnières,canceled,captain,ChIJi5LkLT9v5kcRSlhScqEFNWs,48.92192379999999&2.3068311,2024-02-11T10:00:00.000Z,60,13,public,true,Détente,3,ohytnprqHwfQT4xiKRk7eq8CSir1,4,10,0,0,0,0,0
CYSGSfF7u511Yy8QFqfL,LE FIVE Créteil,played,captain,ChIJ88lx3VwL5kcRVxCh4lD6_Gk,48.7643086&2.4706522,2024-02-04T11:00:00.000Z,90,16.5,public,false,Détente,2,nwCO7ClwcpduYGwx2LUOmuC5chF2,10,10,4,0,0,0,1
CZtc1vfzX3uqhku67hLt,Hall des sports Langevin-Wallon,played,captain,ChIJGSdHn74T5kcRGAx1z0JCbwo,48.8808&2.4821681,2024-02-02T19:30:00.000Z,120,,public,false,Compétition,4,5tI7nJKuTRWNJgO1jYKyzMYNwog2,12,12,5,0,0,0,3
CaO2XqJzuQpZ5vZmXjKu,LE FIVE Paris 18,canceled,captain,ChIJpVT4_n1u5kcRzji6FdTBXXo,48.8978522&2.3700234,2024-01-31T19:30:00.000Z,60,14,public,true,Détente,3,BtL57Qk9uXVAkULvhEBfWqRS7qd2,9,10,0,0,0,0,0
CauxQibr22sSm5EzCb7p,Foot-Max Argenteuil,published,pro,ChIJi9oIzaRm5kcRJYcK7QsdRMU,48.9501632&2.2093946,2024-02-11T11:00:00.000Z,120,16,public,false,,,SuEnyPZ4TgNIkt1yap2yJ3ZHO6p1,0,10,0,0,0,0,2
CdGerxvsIHWQ8brN5nYa,Cité des Sports,canceled,captain,ChIJ70UPf6R75kcRGb3NAV9k7Ww,48.8247744&2.2650728,2024-02-05T19:30:00.000Z,60,13,public,false,Détente,3,e9m2ordPISR5TJtnhRV0LqAP0023,8,10,0,0,0,0,0
Ce6bTJBiWjRnavVhIj9v,Play Soccer,canceled,captain,ChIJQ-UxZn-5rhIRKWoQydM5T9s,43.5512023&1.4098927,2024-02-01T20:00:00.000Z,60,9,public,false,Détente,3,Af44RHwPcucl1HAntfC5nyZhBc13,6,10,0,0,0,0,0
CemjnWf00MuIr73IOVEd,LE FIVE Bezons,played,pro,,48.91909&2.2093051,2024-02-08T17:00:00.000Z,60,7,public,false,,,U3MriTZbPbTUEsU6RtRuHxDMKvg2,10,10,8,0,0,0,4
CgXlCIH0XMHl2mvzb66q,Monclub Futbol,published,pro,ChIJGbxxaamUyRIRgGvhHnhJStA,43.4299152&5.4001974,2024-02-19T19:00:00.000Z,60,10,public,false,,,CSTy9rmJRQSyWlqWuGiUhGpAGqf2,2,10,0,0,0,0,0
CgYr6RrtGFJyN9CgZrpo,Footbox,published,pro,ChIJY-WkusIR5kcR-tEad3UtaSQ,48.9022789&2.582647,2024-02-19T21:00:00.000Z,60,10,public,false,,,QI89VPazyLhBVnWH871jk4BUEZI3,0,10,0,0,0,0,0
ChQZBJaBafVronOfKhon,LE FIVE Bezons,played,pro,,48.91909&2.2093051,2024-01-31T21:00:00.000Z,90,14,public,false,,,U3MriTZbPbTUEsU6RtRuHxDMKvg2,10,10,9,1,0,1,2
Ck6OqhNlmR1ygLZuOByE,UrbanSoccer - Lyon Parilly,played,captain,ChIJx3FQWjLC9EcRrrQb2eV7i_4,45.7120399&4.9039284,2024-02-07T20:00:00.000Z,60,9.5,public,true,Détente,2,fwPW9mVYmwc6QUXMb0k9xFsC7VJ2,10,10,0,0,0,0,0
CltwdrChUcn6zuYnksmC,Stadium Thiais,canceled,captain,ChIJ64X9jzx05kcRsHvSfOv6UcA,48.7511137&2.3715422,2024-02-12T20:30:00.000Z,90,18,public,false,Détente,,q2THFihoUHaTIEd3F7eOg4fi9qK2,6,10,0,0,0,0,1
CqjpR3yLcBPSbXQeKFAx,Foot POWER 5,canceled,pro,,48.960066&2.2061913,2024-02-03T17:00:00.000Z,90,7,public,false,,,sss3dYi6nzWd7rEjwcQ30LGKudj1,0,10,0,0,0,0,0
Cs9jMbiBMyZGwpAQKnjH,UrbanSoccer - Lyon Barolles,canceled,captain,ChIJN4l-IC3v9EcRf9QJKIVC_aY,45.6837539&4.7725939,2024-01-31T17:30:00.000Z,60,9.5,public,true,Détente,3,ApkF6TnH1WVMKvZT3WBIsSz4ZeW2,9,10,0,0,0,0,0
CuAjUKSK4rIage7GX3IC,Stade Maurice David,played,captain,ChIJaXQ_52yNyRIRTTyW4d4LcGc,43.5276929&5.4235549,2024-02-12T18:00:00.000Z,120,,public,false,Compétition,,KM6eaHvVavYE40EcheqPnyDlWtj1,16,16,2,0,0,0,0
Cxo6qrKW7ltSCOTFVoru,Minifoot,canceled,captain,ChIJBylBP8oypg0RDpNetVcoSlA,33.559653&-7.588108800000001,2024-02-13T19:00:00.000Z,60,50,public,false,Détente,1,g6kR3ul07kepum5T2uY43YtyHHk1,6,10,0,0,0,0,0
CyPTfaYPRQKjpDQeaA36,UrbanSoccer La Défense,played,captain,ChIJh4rnfVhk5kcRV2Q-ZKdm8vA,48.8996456&2.2216773,2024-02-03T10:15:00.000Z,60,13.5,public,true,Détente,3,X5Kq4QF6YBbhYyVUsWFlspZqFT72,10,10,7,0,0,0,1
CyTkgH76d37SCmVYSvb0,LE FIVE Paris 18,canceled,captain,ChIJpVT4_n1u5kcRzji6FdTBXXo,48.8978522&2.3700234,2024-02-04T16:00:00.000Z,60,14,public,true,Détente,3,NYQMJqK9n6bTDYnejIOJ5ZND1xD3,10,10,0,0,0,0,1
Cz6iqDQ7C9qWxlYJKb1e,Top Ten,published,pro,ChIJfXprBx4b5kcRmhe-5pLZUek,48.8729106&2.6840919,2024-02-10T09:30:00.000Z,90,15,public,false,,,i27253AGxOfXgYJK72sBnvUGuMk2,0,10,0,0,0,0,0
D0VNqgYQuqyxUiD5ZdBJ,Top Ten,published,pro,ChIJfXprBx4b5kcRmhe-5pLZUek,48.8729106&2.6840919,2024-02-10T17:00:00.000Z,90,15,public,false,,,i27253AGxOfXgYJK72sBnvUGuMk2,0,10,0,0,0,0,0
D2BFfRV0qNIH8u3eWnhI,UrbanSoccer - Quai d'Ivry,played,captain,ChIJfXxYJ0xy5kcRw9xTkF6-FZQ,48.8199885&2.3936463,2024-02-03T18:45:00.000Z,90,11,public,true,Compétition,3,MjpqLjwjISeHIE5ULGDu2a1UO6x2,10,10,7,0,0,0,0
D4ZW5Q9SVxxGUZoUJ7lJ,UrbanSoccer - Porte d'Aubervilliers,published,captain,ChIJ0dXjDCZs5kcRvX0EpMwxsUY,48.9074912&2.3746518,2024-02-18T13:30:00.000Z,60,5,public,true,Détente,3,G4COw6sO8KWQn9J4FyP2Iudzz6r1,9,10,0,0,0,0,2
D5780azKm50ph5lt67YP,LE FIVE Paris 18,published,pro,,48.8978522&2.3700234,2024-02-06T21:20:00.000Z,90,10,public,false,,,UQf33jQhVZhle917nO0h7D5qclV2,9,10,0,0,0,0,8
D5gRK1Q3rD9zWMPyQOca,Firefoot,played,captain,ChIJ0zSROfj15kcR4l0wrCcYPMk,49.0275342&2.1040185,2024-01-30T20:00:00.000Z,90,13,public,false,Détente,3,05W8u7nY2eMCXjEL90XRHZEnLx83,10,10,2,0,0,0,0
D6CI01ZBYOuKyvBTiEqS,UrbanSoccer - Quai d'Ivry,played,captain,ChIJfXxYJ0xy5kcRw9xTkF6-FZQ,48.8199885&2.3936463,2024-02-02T18:00:00.000Z,90,19.5,public,true,Détente,3,1H4o3FWs1eN5mb4ncnj6W7vxpmK2,10,10,1,0,0,0,1
D6rBicHaBC0bDOFETqJE,UrbanSoccer - Puteaux,played,captain,ChIJM_sC0-Nk5kcRhL1y_EFIje8,48.8836397&2.2312283,2024-02-12T17:25:00.000Z,60,12.5,public,true,Détente,,S6JRth0NcYZlCxF8DfrLlY6rMzt1,10,10,5,0,0,0,1
D6yNISCnzsF0gtEn8U3i,Stade Jean-Pierre Wimille,canceled,captain,ChIJpROZRl9l5kcRIMxrDepRwGo,48.87414159999999&2.2772219,2024-02-16T11:00:00.000Z,90,,public,false,Détente,3,XnvW9brVmuclYXS7MIYBC1ThD8e2,15,18,0,0,0,0,3
D7ihxO4aWmC63hysFhJv,Game 13 foot indoor,canceled,pro,ChIJNSDvlsXryRIRUXao9hwB79I,43.41258939999999&5.366617,2024-02-06T17:30:00.000Z,60,10,public,false,,,4CPt9QJ6GEQgrpyTuzm8CMK844V2,10,10,0,0,0,0,0
D9p8YpZrnmxgIifYn3pJ,LE FIVE Villette,played,captain,ChIJTUFnQjps5kcR0pHITLTw1PI,48.9070122&2.3861459,2024-02-08T20:30:00.000Z,60,12,public,false,Détente,2,rqmpdjkWKyNrc3KzbV4cXopa6wR2,10,10,3,0,0,0,2
DBXqx3IntwfabTvRSP9t,LE FIVE Montreuil,published,pro,ChIJJdTQjr0T5kcRZmGxtIJVy44,48.8613036&2.4653095,2024-02-14T09:00:00.000Z,90,10.5,public,false,,,u9uC1vjdcdQ3UqNxI0SiFxor0m43,0,10,0,0,0,0,0
DCwic2RhSRtgymz1Z4qu,Play Soccer,played,captain,ChIJQ-UxZn-5rhIRKWoQydM5T9s,43.5512023&1.4098927,2024-02-18T15:00:00.000Z,90,12,public,false,,2,8LtkeOuZHeePxfkXdNPmQSr7V9L2,10,10,1,0,0,0,0
DDWJfsTEMA4TAdCcwdHF,Cité des Sports,published,captain,ChIJ70UPf6R75kcRGb3NAV9k7Ww,48.8247744&2.2650728,2024-01-31T19:30:00.000Z,60,5,public,false,Compétition,3,2AkrkZRpZGXb2pAzZll7TNZms5E2,9,10,0,0,0,0,2
DFFe0cxJiXh0wxM704nr,LE FIVE Bezons,played,pro,ChIJ04KEHBZk5kcRoDWLaMOCCwQ,48.91909&2.2093051,2024-02-18T19:00:00.000Z,90,15,public,false,,,U3MriTZbPbTUEsU6RtRuHxDMKvg2,10,10,7,0,0,0,9
DFqmsPDEljI37wC2o1QK,UrbanSoccer - Toulouse Sept Deniers,canceled,captain,ChIJk5nUBdOkrhIRP-1aUJzo-lA,43.6321552&1.411696,2024-02-08T16:30:00.000Z,60,8.5,public,true,Détente,3,ekmHqLkjiUVtr0F9rzIEnLbLyFN2,9,10,0,0,0,0,0
DHtuaXkiKbEmKTOXXXv8,Stadium Thiais,published,pro,,48.7511024&2.3713455,2024-02-07T14:00:00.000Z,90,8,public,false,,,psf3NmXEPwdCltHKJC7VuvJocrF3,0,10,0,0,0,0,0
DHvjk1ZtLx8I4fm7Seoc,Complexe sportif de l'île des Vannes,played,captain,ChIJTZWfSNNv5kcRmHP3Tz0AJ6A,48.9188419&2.3245603,2024-02-01T19:45:00.000Z,60,,public,false,Compétition,5,Csrh8EMzKaZCCcCZeEhs2tGGZRr1,14,14,2,0,0,0,0
DIgmQ7garEYbVZ9jEw2J,Play Soccer,canceled,captain,ChIJQ-UxZn-5rhIRKWoQydM5T9s,43.5512023&1.4098927,2024-02-11T17:30:00.000Z,90,12,public,false,,,8LtkeOuZHeePxfkXdNPmQSr7V9L2,7,10,0,0,0,0,0
DJcmD4gPaSWgwYza7xj6,LE FIVE Paris 17,canceled,captain,ChIJ7eI8sFNv5kcR5xy52Wc57NU,48.900032&2.3213449,2024-02-15T11:30:00.000Z,60,10,public,true,Chill,3,pny6qjiyLhdGphPV7CAxy8Cx8iE2,9,10,0,0,0,0,0
DJxT8n2lpm4t7iVmcyoC,Stadium Thiais,played,captain,ChIJ64X9jzx05kcRsHvSfOv6UcA,48.7511137&2.3715422,2024-02-13T16:00:00.000Z,120,10,public,false,Compétition,3,Dohg1zNvhsbmGrYuAmExKFyjruw2,10,10,8,0,0,1,0
DO3ncrAXEA8t8qUCBtxb,UrbanSoccer - Toulouse Sept Deniers,published,captain,ChIJk5nUBdOkrhIRP-1aUJzo-lA,43.6321552&1.411696,2024-02-17T14:30:00.000Z,90,12,public,true,Détente,1,7Tb5XUFyHzXtxXh1KP4qZwZpR5b2,7,10,0,0,0,0,0
DP55IMVxBIWXzeZhwphT,UrbanSoccer - Asnières,played,captain,ChIJi5LkLT9v5kcRSlhScqEFNWs,48.92192379999999&2.3068311,2024-02-06T18:00:00.000Z,60,12,public,true,Compétition,3,dCZYll7lCWP0GalL136lVNW0yyQ2,10,10,3,0,0,0,2
DTLcQxsCSyEci1aSVj5J,POWER FIVE ( Foot à 5 en intérieur ),canceled,captain,ChIJ6ULNmyh15kcRV9cjbnBjGr8,48.73026429999999&2.4346948,2024-01-31T18:15:00.000Z,90,,public,false,Détente,,B1z0F04UIfgHLlnchcdD4A6OJA32,10,10,0,0,0,0,0
DTQGXxtnBM3BtaAawOuw,LE FIVE Marville - La Courneuve,played,captain,ChIJ2dHdMZxr5kcR0aKYHYsp0pY,48.9364404&2.3869147,2024-02-01T18:00:00.000Z,60,5,public,false,Détente,3,7yh56H9zTjS1090a0KOFUWKviH02,10,10,6,0,0,0,3
DTVKq6pY2pgu2LYIQQm3,Stadium Thiais,canceled,captain,ChIJ64X9jzx05kcRsHvSfOv6UcA,48.7511137&2.3715422,2024-02-10T16:30:00.000Z,90,12,public,false,Détente,3,dJvIZfVJbffmF9Jr3dfsR3Dt9yA3,7,10,0,0,0,0,0
DXmuyKD3LGydd4tXqOwQ,Stade Lilian Thuram,published,captain,ChIJy0-vXf9l5kcRH4WAmpihUQE,48.933705&2.2828141,2024-02-18T09:15:00.000Z,150,,private,false,Détente,3,fwrCzizjC5UGI9TzJdi1JinvWet1,1,18,0,0,0,0,0
DZ1vnw8UmLBiTEBKOB92,Le Street Foot en Salle,played,captain,ChIJt_AXL6Jg5kcRu6rBmnrmeUM,49.0164435&2.181307,2024-02-11T17:30:00.000Z,90,13.5,public,false,Détente,4,CIIM8n7uLZOD2AIEQSdh1od0RR53,10,10,2,0,0,0,2
DZkaFOKu9sTfyrAoE6uf,UrbanSoccer La Défense,played,captain,ChIJh4rnfVhk5kcRV2Q-ZKdm8vA,48.8996456&2.2216773,2024-01-30T21:00:00.000Z,60,14,public,true,Détente,2,XmBcxrHIT5Wl6qZK7Wn1j8j9oDH3,10,10,2,0,0,0,1
Da6ybte0UpcratL8wVQa,Monclub Futbol,played,pro,ChIJGbxxaamUyRIRgGvhHnhJStA,43.4299152&5.4001974,2024-02-17T15:30:00.000Z,90,12,public,false,,,CSTy9rmJRQSyWlqWuGiUhGpAGqf2,10,10,6,0,0,0,0
DbG2IK2rV11FUECBd3l6,Massilia FIVE,played,captain,ChIJxZ6UmMW-yRIR7ot5DChYj4w,43.28920790000001&5.4503802,2024-02-09T20:00:00.000Z,60,10,public,false,Détente,3,PJA7Xm3DTMOGWw6kCBvmjv2GkxA2,10,10,3,0,0,0,0
DeicWC8taUYySKcJUInu,UrbanSoccer - Porte d'Aubervilliers,played,captain,ChIJ0dXjDCZs5kcRvX0EpMwxsUY,48.9074912&2.3746518,2024-02-01T19:30:00.000Z,90,21,public,true,Détente,3,lLHBu6F7aahEL3VyE7RAW1V1zuK2,10,10,3,0,0,0,1
DekN4NS2qrDOBDFQoKmt,Le Street Foot en Salle,played,captain,ChIJt_AXL6Jg5kcRu6rBmnrmeUM,49.0164435&2.181307,2024-02-17T09:15:00.000Z,120,10,public,false,Détente,3,aCPGHZTGQaV2Cbw0D43kNCsMkrg1,12,12,2,0,0,0,1
Dfb4MbBdavNe17YiN9Rr,Cité des Sports,played,captain,ChIJ70UPf6R75kcRGb3NAV9k7Ww,48.8247744&2.2650728,2024-02-05T18:30:00.000Z,60,,public,false,Détente,3,aMlvBw19UpSu9hfySwnEMbW7uTB3,10,10,3,0,0,0,1
Dg5tYMnD6zg4GHkqSPCS,Padel Football Club,played,captain,ChIJ62K5YQBh5kcRiSit3ITdkqg,49.0175597&2.1775182,2024-02-12T19:00:00.000Z,90,16,public,false,Détente,3,fTSRHkvCwQViD9lqN3QjWqhhpih1,10,10,3,0,0,0,1
DlAmlsR6IwaIU4kVPWOZ,City stade de la Gravière,played,captain,ChIJlWwpFZnt9EcR8KsQCBd5CHQ,45.7315869&4.7791329,2024-02-18T09:00:00.000Z,90,1,public,false,Détente,2,w3AnX7uWgJc7BarLiBrWplP1RAV2,12,12,9,0,1,0,2
DmoTszSN2yFgCFynmJxl,Parc Sainte Barbe,canceled,captain,ChIJtw301r5w5kcRvRjidiuAyaw,48.7922897&2.2913469,2024-02-02T02:30:00.000Z,30,,public,false,Détente,4,rzC8A0bd4afb9AWrHKlCPT9461y1,13,16,0,0,0,0,0
Dn3xd0Yi6ExuhC7eYQnX,LE FIVE Paris 18,played,pro,,48.8978522&2.3700234,2024-02-09T21:20:00.000Z,90,10,public,false,,,UQf33jQhVZhle917nO0h7D5qclV2,10,10,9,0,0,0,9
DnlFcc274JelmvMmULOx,Game 13 foot indoor,played,captain,ChIJNSDvlsXryRIRUXao9hwB79I,43.41258939999999&5.366617,2024-02-06T20:30:00.000Z,60,10,public,false,Détente,2,vlKOTrfiuaYFff4YNJ0v2dJJzp52,10,10,3,0,0,0,1
DoffsjXrbrnlBFK6LCY8,LE PARK Complexe Multisports,canceled,captain,ChIJdUHbID8O5kcRV5lQhiHTvhs,48.8337843&2.5728501,2024-02-02T18:00:00.000Z,60,10,public,false,Compétition,3,XqKE77KP75T9tQkX3sg8AfmykyP2,8,10,0,0,0,0,1
DohQnCAupuwvxZuVKb5X,Stadium Thiais,published,pro,,48.7511024&2.3713455,2024-01-30T11:00:00.000Z,60,7,public,false,,,psf3NmXEPwdCltHKJC7VuvJocrF3,0,10,0,0,0,0,0
Doi0jNiPAMGxyAR8cHP4,UrbanSoccer La Défense,canceled,captain,ChIJh4rnfVhk5kcRV2Q-ZKdm8vA,48.8996456&2.2216773,2024-02-02T18:00:00.000Z,60,9,public,true,Détente,,O5mCfIKBfQQJLSAss5xSDwHyf3y2,1,10,0,0,0,0,0
DpCxPWDhvhifQrkwpEmH,Gymnase Vaugirard Littré,published,captain,ChIJ6-ozZc1x5kcRsH-Aqeww0EA,48.8458787&2.3232905,2024-02-09T17:30:00.000Z,90,10,public,false,Compétition,4,L9WmzqulGccrhAwSeuKyUyeXCIy1,9,10,0,0,0,0,2
Dqc6HtBr84nchfGzqdKr,LE FIVE OL,published,captain,ChIJmz3whejH9EcR3j9ApNRukKE,45.7673403&4.9802325,2024-02-04T09:00:00.000Z,90,13.5,public,false,Détente,3,JLKyyfSEA0S7KUuZIwdpLTH2XR33,9,10,0,0,0,0,0
DtHn7xU4Jc3cUUQ79iTz,Monclub Futbol,played,captain,ChIJGbxxaamUyRIRgGvhHnhJStA,43.4299152&5.4001974,2024-02-15T17:30:00.000Z,60,10,public,false,,,ho0u6CjsZ8h0bKcu1WB9ywXv90e2,10,10,0,0,0,0,0
Du3DI4nrlNY1mo5ukGXb,LE FIVE Bezons,played,captain,ChIJ71Mv0Wpk5kcRg-H9x7L-dXo,48.9190524&2.211796,2024-02-16T21:30:00.000Z,90,16.5,public,true,Détente,,Un9cNYoqE6YqSMc4XcUcRXxzq6a2,10,10,4,0,0,0,0
DwdZ4oxn1v2PrAxO8jhM,Cité des Sports,played,captain,ChIJ70UPf6R75kcRGb3NAV9k7Ww,48.8247744&2.2650728,2024-01-31T18:30:00.000Z,60,,public,false,Détente,2,3G8oXKIs01cTry6FwvZfKn0x2273,10,10,1,0,0,0,2
DxMUGUbZ5uyAgSnoPlTU,Top Ten,published,pro,ChIJfXprBx4b5kcRmhe-5pLZUek,48.8729106&2.6840919,2024-02-09T20:00:00.000Z,90,15,public,false,,,i27253AGxOfXgYJK72sBnvUGuMk2,0,10,0,0,0,0,0
Dxe4GBgNiN5JlRoDC6w0,Futsal,played,captain,ChIJW2Aqm4nXwkcRlCVWc3BBA7g,50.6160524&3.100639,2024-02-09T18:00:00.000Z,90,8,private,false,Compétition,4,apVKYcOhmBZbIt0BG505gXs5JVd2,10,10,8,0,0,0,0
DynZW7QeM90fV7l4f9yP,UrbanSoccer - Quai d'Ivry,published,captain,ChIJfXxYJ0xy5kcRw9xTkF6-FZQ,48.8199885&2.3936463,2024-02-19T19:30:00.000Z,90,21,private,true,Détente,3,jHAofATgHaQ2XhP7YQ1MqZt84003,10,10,0,0,0,0,0
DzSBh7HwLQA3GVfrfQ8r,Stade Élisabeth,canceled,captain,ChIJkXj9tq5x5kcROlxynHzTh9o,48.8207737&2.3270972,2024-02-16T18:30:00.000Z,120,,public,false,Compétition,5,oKfGVfs7dYecPpobKfuTXiuhh8J3,7,14,0,0,0,0,0
E2v70igSJDsRgHII3UO3,Rue du Musée,played,captain,ChIJ4ypzX6B15kcRFesay1dBJco,48.71676&2.39852,2024-02-11T09:30:00.000Z,120,1,private,false,Compétition,5,5v9WX6HkohWW6s4r8BR39p1iJxu1,16,16,8,0,0,0,5
E331vSlp2FP4MkM5ItFl,Stadium Thiais,published,captain,ChIJ64X9jzx05kcRsHvSfOv6UcA,48.7511137&2.3715422,2024-02-14T15:00:00.000Z,90,8,public,false,Compétition,3,Dohg1zNvhsbmGrYuAmExKFyjruw2,9,10,0,0,0,0,0
E3ILWAdofz3CYw8KN0FR,Stade Élisabeth,draft,captain,ChIJkXj9tq5x5kcROlxynHzTh9o,48.8207737&2.3270972,2024-02-01T18:00:00.000Z,120,,public,false,,,oKfGVfs7dYecPpobKfuTXiuhh8J3,0,14,0,0,0,0,0
E3bZupeFQ5O9D12s8y5u,Game 13 foot indoor,played,captain,ChIJNSDvlsXryRIRUXao9hwB79I,43.41258939999999&5.366617,2024-02-08T18:30:00.000Z,60,10,public,false,Détente,3,tNI5PAPgX0MDq6T4GlwP3d2ndaO2,10,10,3,0,0,0,0
E3yWTnuXi7HdcC3FQAiH,LE FIVE Paris 18,published,captain,ChIJpVT4_n1u5kcRzji6FdTBXXo,48.8978522&2.3700234,2024-02-14T19:30:00.000Z,60,9.8,public,true,Compétition,4,MlD2gvyrMkb6Zer6xpQMbY7InXu2,9,10,0,0,0,0,2
E4OQAvsZXmb3BOneZrmJ,UrbanSoccer - Lille Lezennes,played,captain,ChIJR3ro5nTWwkcRfM_S3Be9HjI,50.6162725&3.0998108,2024-02-02T20:50:00.000Z,60,5,public,true,Compétition,,bHFMT8NIUNhHY7FBadyHnVXuhDT2,10,10,5,0,0,0,1
E4RIMarlvFtzRKkjUVxc,KIPSTADIUM : Centre de Pratique dédié aux Sports Collectifs,canceled,captain,ChIJydcoT88ow0cRLnHvlF-Z_jE,50.708529&3.173304,2024-01-31T15:00:00.000Z,90,10.8,public,false,Détente,3,d5QvQMQ037bzwfvDfKONfZAwirv1,10,10,0,0,0,0,0
E7LLR3XxmVdWtp2Be6IK,Play Soccer,published,captain,ChIJQ-UxZn-5rhIRKWoQydM5T9s,43.5512023&1.4098927,2024-02-03T17:00:00.000Z,90,12,public,false,,,8LtkeOuZHeePxfkXdNPmQSr7V9L2,5,10,0,0,0,0,0
EAhBewq8eiJTCoqgT9A4,Stade Léo Lagrange,published,captain,ChIJuYMiFhcT5kcRgUJiXtXp2MI,48.90471669999999&2.4880641,2024-02-03T21:00:00.000Z,90,,public,false,Détente,,hj4ZEl5WgeOQ7MtqCvnGNIUMbWF3,5,10,0,0,0,0,0
EBEK5VrVcOMJX1giF2EP,UrbanSoccer Guyancourt,canceled,captain,ChIJmdX-2c-A5kcRj1wtOS8rZmo,48.7722091&2.0600292,2024-02-15T11:30:00.000Z,60,8.5,public,true,Détente,3,4UJbZ59vNcOoUDBQzkkRTDiLYA33,9,10,0,0,0,0,0
EBJYsYSGHSaKoMoBXtug,LE FIVE Paris 17,played,captain,ChIJ7eI8sFNv5kcR5xy52Wc57NU,48.900032&2.3213449,2024-01-30T11:30:00.000Z,60,10,public,true,Détente,2,KoThYRQqO3RDB3Gw4iiKn0zuuvf2,10,10,2,0,0,0,0
EC0xu3IUxIDaBIiK6rk7,LE FIVE Paris 18,played,captain,ChIJpVT4_n1u5kcRzji6FdTBXXo,48.8978522&2.3700234,2024-01-30T19:30:00.000Z,60,14,public,true,Détente,2,7OLIzBft3ve5JiX48iP1rsQY1yM2,10,10,2,0,0,0,1
EE0rj2QAebfN407TiwMS,FOOT IN FIVE,canceled,captain,ChIJoUR0syFp5kcRUlStnwluaYY,48.9552257&2.3328346,2024-02-19T18:30:00.000Z,90,15,public,false,Détente,3,WOPzqkRngEXIhtusPBQs3ekn9Ql2,7,10,0,0,0,0,0
EE7qySgUJMnFvlFUc7SO,Top Ten,hidden,pro,ChIJfXprBx4b5kcRmhe-5pLZUek,48.8729106&2.6840919,2024-02-17T16:00:00.000Z,90,12,public,false,,,i27253AGxOfXgYJK72sBnvUGuMk2,0,10,0,0,0,0,0
EECjVWwbDzNItbtW79Zb,Top Ten,published,pro,,48.8729106&2.6840919,2024-01-31T21:30:00.000Z,90,16.5,public,false,,,i27253AGxOfXgYJK72sBnvUGuMk2,0,10,0,0,0,0,0
EF2jZKbiCwBup2vr4AtF,Stade Élisabeth,played,captain,ChIJkXj9tq5x5kcROlxynHzTh9o,48.8207737&2.3270972,2024-02-08T18:00:00.000Z,120,,public,false,Détente,3,XUPRr4JmHNSlftMt2gFq5Pkvy3q1,14,14,6,0,2,0,2
EG2vdwVKcTDpFIt1MJvU,Top Ten,canceled,pro,,48.8729106&2.6840919,2024-02-05T21:30:00.000Z,90,16.5,public,false,,,i27253AGxOfXgYJK72sBnvUGuMk2,0,10,0,0,0,0,0
EIHAKfhTkvWMFzoLuK7C,Stade de l'İle de Puteaux,played,captain,ChIJIZUd2yJl5kcRRWoJNnmY1Ds,48.8758697&2.2435162,2024-02-04T13:30:00.000Z,120,,public,false,,3,FvG6v0rgeEdxhSw6DNgYlngPHjM2,16,16,5,0,0,0,3
EJTG8WOxiIC6RZmjUS9D,Foot-Max Argenteuil,canceled,pro,,48.9501632&2.2093946,2024-01-30T18:00:00.000Z,60,7,public,false,,,SuEnyPZ4TgNIkt1yap2yJ3ZHO6p1,0,10,0,0,0,0,0
EJlCi7tv4ufol4u0FSxB,Massilia FIVE,played,captain,ChIJxZ6UmMW-yRIR7ot5DChYj4w,43.28920790000001&5.4503802,2024-02-09T20:00:00.000Z,60,10,public,false,Détente,3,VWpS1Fzh4tWl8TcnGPV7bCFVw0I2,10,10,0,0,0,0,0
EJvs61E5j0daRkABHvm4,Cité des Sports,played,captain,ChIJ70UPf6R75kcRGb3NAV9k7Ww,48.8247744&2.2650728,2024-01-31T11:15:00.000Z,90,,public,false,Détente,3,Vu4Mh1iuRtZb5xqP2fgfcW12n0V2,16,16,4,0,0,0,2
EKw7enILLM1rPEHJxR0c,UrbanSoccer - Quai d'Ivry,played,captain,ChIJfXxYJ0xy5kcRw9xTkF6-FZQ,48.8199885&2.3936463,2024-02-05T19:00:00.000Z,90,21,public,true,Détente,3,EuCMSnLkQ6Yp8CZX3gCkoZYqx5f2,10,10,6,0,0,0,0
EKybndI3A1bVr4YoTI78,LE FIVE Paris 18,canceled,captain,ChIJpVT4_n1u5kcRzji6FdTBXXo,48.8978522&2.3700234,2024-02-06T21:00:00.000Z,60,5,public,true,Compétition,,Rr3AS7V02egLsgPCKF7XB6hPl2W2,4,10,0,0,0,0,1
ELDb4CYIxQt9UHLABclr,UrbanSoccer - Toulouse Montaudran,published,captain,ChIJl772e0u8rhIR2foRX4Xa2CI,43.574642&1.4801835,2024-02-19T17:00:00.000Z,60,9.5,public,true,Détente,3,jXhExK0C70hcVsqWTPfBgrBVBWL2,6,10,0,0,0,0,0
ELV2pTKJPHRhwc95I9y7,Z5 Aix,played,captain,ChIJKb-U_9KSyRIRKIFKbH5mW18,43.4787869&5.3969048,2024-02-09T19:00:00.000Z,60,11,public,false,Détente,2,LC6zgt9ko7cYCghFki9pHFtV26E2,10,10,4,0,0,0,0
EPd9LJ1d2FqTqkdRwM0P,Halle Georges Carpentier,published,captain,ChIJnXkSwCty5kcR-nlHXNFQlg4,48.82020139999999&2.3672361,2024-02-13T14:30:00.000Z,120,,public,false,Détente,,FYfgfT1shkXXyaMI4sZTA7d9Qdw2,1,10,0,0,0,0,0
EQh2liZhJ5kvITnk9iN7,Top Ten,published,pro,ChIJfXprBx4b5kcRmhe-5pLZUek,48.8729106&2.6840919,2024-02-14T20:30:00.000Z,90,16.5,public,false,,,i27253AGxOfXgYJK72sBnvUGuMk2,0,10,0,0,0,0,0
EROuo1xErZ9VEDIIr3e0,UrbanSoccer La Défense,canceled,captain,ChIJh4rnfVhk5kcRV2Q-ZKdm8vA,48.8996456&2.2216773,2024-02-10T15:15:00.000Z,90,13.5,public,true,,,0N3CLYbLIZTpqKpf9K48Ng9lDuF3,7,10,0,0,0,0,0
ERpz0sWfyLGk1btjGPyr,UrbanSoccer - Asnières,canceled,captain,,48.92192379999999&2.3068311,2024-02-01T21:30:00.000Z,90,5,public,true,Détente,4,5qq0zfP2PefyCYjpJkx8mg1Dr7B3,5,10,0,0,0,0,0
ET8AT5rJ2SYx5qs0CCS1,Stadium Thiais,published,pro,ChIJ64X9jzx05kcRsHvSfOv6UcA,48.7511024&2.3713455,2024-02-03T18:00:00.000Z,90,12,public,false,,,psf3NmXEPwdCltHKJC7VuvJocrF3,0,10,0,0,0,0,1
ETAfJ55CZAr2QBKffA2o,UrbanSoccer - Porte d'Aubervilliers,played,captain,ChIJ0dXjDCZs5kcRvX0EpMwxsUY,48.9074912&2.3746518,2024-02-08T19:00:00.000Z,60,14.5,public,true,Détente,3,dlUkgNAAqgSSDV6dAqrVX7FbRcd2,10,10,0,0,0,0,0
ETdahHFw8933vTgJHRZ3,Game 13 foot indoor,played,captain,ChIJNSDvlsXryRIRUXao9hwB79I,43.41258939999999&5.366617,2024-01-30T18:30:00.000Z,60,10,public,false,Détente,3,tNI5PAPgX0MDq6T4GlwP3d2ndaO2,10,10,0,0,0,0,0
ETpesMS7C32oxXSxyWam,UrbanSoccer - Lille Lezennes,canceled,captain,ChIJR3ro5nTWwkcRfM_S3Be9HjI,50.6162725&3.0998108,2024-02-18T19:00:00.000Z,90,9.5,public,true,Compétition,3,OIaQMhYFgkUGQ7G2jaQr1V94OlE2,5,10,0,0,0,0,0
EVGz8EBlJfFW7LUUi62Q,UrbanSoccer - Asnières,canceled,captain,ChIJi5LkLT9v5kcRSlhScqEFNWs,48.92192379999999&2.3068311,2024-02-03T14:00:00.000Z,60,10.5,public,true,Détente,1,QPpYzYedJFazFNNseUjzFbIxjif1,2,10,0,0,0,0,0
EVRCBxQE9g0SWNlhuycl,LE FIVE Bobigny,canceled,captain,ChIJV8UONORs5kcRXxR5Qd7x130,48.901553&2.4313304,2024-02-11T14:00:00.000Z,120,20,public,false,Détente,3,pONshbFBMrNIRGUkU4eRHOJjrHL2,9,10,0,0,0,0,0
EVjsjwbPWUL5tBMxiH0t,We Are Sports,canceled,captain,ChIJFZU5oBHC9EcRJTFrSkI1xxg,45.7113247&4.8761886,2024-02-01T18:30:00.000Z,60,12,public,false,Détente,2,6LqxDqAWJaUlyC7u83GNSThf9zn2,8,8,0,0,0,0,0
EWWAAgB9VhvCiou7p8cn,Soccer Five,played,captain,ChIJp0K53sp55kcR61-WTU8Yv5k,48.7368129&2.2591558,2024-02-18T08:15:00.000Z,90,10,private,false,Détente,3,Dohg1zNvhsbmGrYuAmExKFyjruw2,10,10,0,0,0,0,0
EWyprHwWw3CPMP76aiFB,Z5 Aix,canceled,captain,ChIJKb-U_9KSyRIRKIFKbH5mW18,43.4787869&5.3969048,2024-02-01T18:00:00.000Z,60,11,public,false,Compétition,4,AEw6jV8NZmYMZb5x1tAukHnetQr2,2,10,0,0,0,0,0
EXZo7zRt31csvnKL5JLZ,UrbanSoccer - Puteaux,played,captain,ChIJM_sC0-Nk5kcRhL1y_EFIje8,48.8836397&2.2312283,2024-02-11T09:00:00.000Z,60,14,public,true,Détente,2,PNBBR43n3aY5pq3Q9t8WztZu7E13,10,10,1,0,0,0,1
EYcRb6WvfZm9OyyFeyZl,Stadium Thiais,played,pro,,48.7511024&2.3713455,2024-02-09T18:00:00.000Z,90,15,public,false,,,psf3NmXEPwdCltHKJC7VuvJocrF3,10,10,9,0,0,1,4
EYovI3JBZbjqiMSOrFqZ,Parc Omnisport Suzanne Lenglen,played,captain,ChIJ0_E6kcV65kcRpEn1nM0j_KU,48.8303784&2.2714163,2024-02-03T19:00:00.000Z,60,,public,false,Competition,4,Sop9sJhTMMNsrOorJoExdweucKH2,14,14,2,0,0,0,1
EZE5jEdg9WNwEjExGlBO,UrbanSoccer - Marne-La-Vallée,draft,captain,ChIJ6bDBiosP5kcROXiloHzSdhc,48.82658600000001&2.6296937,2024-01-30T18:30:00.000Z,90,16,public,true,,2,RzNQwu9qn0XvkZSHV3GdKB0BVo72,0,10,0,0,0,0,0
EbosI2DTd7zF8yWvN0Ev,LE FIVE Paris 17,canceled,captain,ChIJ7eI8sFNv5kcR5xy52Wc57NU,48.900032&2.3213449,2024-02-14T20:00:00.000Z,90,14.5,public,true,Détente,3,Rr3AS7V02egLsgPCKF7XB6hPl2W2,3,10,0,0,0,0,0
Ec7SHr6jPos2SyWyW2Zg,FOOT INDOOR Marseille,canceled,captain,ChIJ41AMCxC8yRIRLHLGt11sc-U,43.2859688&5.4882746,2024-02-13T18:00:00.000Z,60,10,public,false,Détente,2,fIhi7V2KmzRGAHGUvph6Cb9O51t1,9,10,0,0,0,0,0
EdCvTBEh93pAqkehtBGZ,Plaine des Jeux de Gerland,canceled,captain,ChIJBYG18IPp9EcRUNpTJFdu8f0,45.7213257&4.8272967,2024-02-06T17:30:00.000Z,90,,public,false,Compétition,,dyM7Xg7Q1mTkv3H3VQOBZs6NzP03,8,10,0,0,0,0,0
EdNkQ7EtLDE9pdSBEQ6F,Stadium Thiais,played,captain,ChIJ64X9jzx05kcRsHvSfOv6UcA,48.7511137&2.3715422,2024-02-08T19:30:00.000Z,90,15,public,false,Compétition,,r8V1uV2R5xgbq6icEtFLuVLn0VS2,10,10,2,0,0,0,0
EjOQyc5teHcpJEjtbAl1,Monclub Futbol,canceled,pro,ChIJGbxxaamUyRIRgGvhHnhJStA,43.4299152&5.4001974,2024-02-09T17:30:00.000Z,60,10,public,false,,,CSTy9rmJRQSyWlqWuGiUhGpAGqf2,0,10,0,0,0,0,0
EjXB0o6mf9iCukqo0zs1,Sport dans la Ville Rhône-Alpes,canceled,captain,ChIJoUEDcmvr9EcRILCz6hDCQ2o,45.7811703&4.8081568,2024-02-12T17:30:00.000Z,60,9,public,false,Détente,3,ApkF6TnH1WVMKvZT3WBIsSz4ZeW2,9,10,0,0,0,0,0
EltUH6Rd0Soog2zXHxId,LE FIVE Bezons,published,pro,ChIJ04KEHBZk5kcRoDWLaMOCCwQ,48.91909&2.2093051,2024-02-19T21:00:00.000Z,90,14,public,false,,,U3MriTZbPbTUEsU6RtRuHxDMKvg2,10,10,0,0,0,0,0
EomHsfPTkSxt4eCbDBh7,UrbanSoccer - Porte d'Aubervilliers,played,captain,ChIJ0dXjDCZs5kcRvX0EpMwxsUY,48.9074912&2.3746518,2024-02-16T19:30:00.000Z,60,14,public,true,Détente,4,zx15E8kqOyMIfe9kE6wecnEydcu2,10,10,5,0,0,0,0
EpPiQh72dhH4AHdz7dFE,LE FIVE Montreuil,published,pro,,48.8613036&2.4653095,2024-02-04T08:00:00.000Z,90,15,public,false,,,u9uC1vjdcdQ3UqNxI0SiFxor0m43,0,10,0,0,0,0,0
EpuxcRW0kaKq6kmIjSfO,Stadium Thiais,played,pro,,48.7511024&2.3713455,2024-02-02T18:00:00.000Z,90,15,public,false,,,psf3NmXEPwdCltHKJC7VuvJocrF3,10,10,9,0,0,0,3
Eq5sHhleXe7FVvA9q3PR,LE FIVE Bobigny,published,pro,,48.901553&2.4313304,2024-01-31T17:00:00.000Z,60,8,public,false,,,4owi3i7t8EOvFNF6UQvACOpiDRy1,1,10,0,0,0,0,0
Eqgq85QDy1mCEblCHFyg,Kaiser Park,canceled,captain,ChIJsRLZzKFg5kcRBCfNws9nssw,49.0175545&2.1775301,2024-02-08T20:30:00.000Z,90,15,public,false,Détente,1,ChbR7RufgscOz7KHLcIFJf4INSl1,8,10,0,0,0,0,0
EquKhwlBPD39IM4RKbzU,LE PARK Complexe Multisports,canceled,captain,ChIJdUHbID8O5kcRV5lQhiHTvhs,48.8337843&2.5728501,2024-02-15T16:30:00.000Z,90,10,public,false,Compétition,5,55P5dI8hIqhqQ7DhJ9gJ11ESHqr1,8,10,0,0,0,0,0
ErcYrBex2oFo7ymWZKiX,Game 13 foot indoor,played,captain,ChIJNSDvlsXryRIRUXao9hwB79I,43.41258939999999&5.366617,2024-02-18T17:30:00.000Z,60,10,public,false,Compétition,,f5TKCbKcQYcrVSX7LvyiUq9H4N62,10,10,0,0,0,0,2
Es0U72oLrTvWJtpV8CsM,Massilia Foot Indoor 2,canceled,captain,ChIJxZ6UmMW-yRIRfYNGGPPJfIU,43.3266563&5.3836488,2024-01-31T18:00:00.000Z,60,10,public,false,Compétition,5,rgJipPg3pmd2Ehdgf4AyBKevPLh1,9,10,0,0,0,0,0
EuGidtw1pWLQyKe1KHhv,UrbanSoccer - Lyon Parilly,published,captain,ChIJx3FQWjLC9EcRrrQb2eV7i_4,45.7120399&4.9039284,2024-02-09T18:45:00.000Z,60,10.5,public,true,Détente,2,KB9LERlyofcAJvlTh6Y4YUD6Oi62,2,10,0,0,0,0,0
EwDG0HiWCDzrIwTdMsHH,LE FIVE Champigny,played,captain,ChIJsXi1PLYN5kcRTVVDuczgS2s,48.8194084&2.5251846,2024-02-07T19:00:00.000Z,90,16.5,public,false,Détente,3,qtdTYSK768dpfb8fbCsZBATJT6J3,10,10,3,0,0,0,3
EwT4LIlziJQJGfZRhGbv,GINGA,canceled,captain,ChIJyfJZiyPaVA0RlY6_mDcql7U,44.81810309999999&-0.678014,2024-02-16T19:00:00.000Z,60,12,public,false,Détente,3,cTHShVFkqffMCxGValKYcKvlEVD3,10,10,0,0,0,0,0
EwbIGul4acJmC5kiII2f,Stadium Thiais,played,captain,ChIJ64X9jzx05kcRsHvSfOv6UcA,48.7511137&2.3715422,2024-02-08T19:25:00.000Z,90,15,public,false,Détente,2,Dcn2lFYuu1N75bTvFYdKyBwf22z1,10,10,1,0,0,0,0
EynWfaJn0TszFuNQa6vX,LE FIVE Paris 17,played,captain,ChIJ7eI8sFNv5kcR5xy52Wc57NU,48.900032&2.3213449,2024-02-05T20:00:00.000Z,60,12,public,true,Détente,3,8pCP7nG1ZwX4zEgVKkzQAfkpgY82,10,10,3,0,0,0,3
EzyeRWB9e3SqI0SzU6Iu,Le Street Foot en Salle,played,captain,ChIJt_AXL6Jg5kcRu6rBmnrmeUM,49.0164435&2.181307,2024-02-16T17:30:00.000Z,90,13,public,false,Compétition,,zd1BRxoeuiMS4nFerSzLhPnEKL82,10,10,3,0,0,0,0
F4jtioDoRsKM3yXzsEac,Stadium Thiais,played,pro,,48.7511024&2.3713455,2024-01-31T21:00:00.000Z,90,14,public,false,,,psf3NmXEPwdCltHKJC7VuvJocrF3,10,10,5,0,0,0,2
F5SdFw9L9bgAfGXxeIVn,Play Soccer,played,captain,ChIJQ-UxZn-5rhIRKWoQydM5T9s,43.5512023&1.4098927,2024-02-17T14:30:00.000Z,90,12,public,false,,,8LtkeOuZHeePxfkXdNPmQSr7V9L2,10,10,5,0,0,0,0
F5dyTvdSBHR0gxQOtYP9,UrbanSoccer - Puteaux,played,captain,ChIJM_sC0-Nk5kcRhL1y_EFIje8,48.8836397&2.2312283,2024-02-01T19:00:00.000Z,60,14.5,public,true,Détente,3,RjnILKUgrrYly5GOAr8iC9cVDLt2,10,10,8,0,0,0,4
F5lYMkNTiBxLgs2RR7zK,LE FIVE Paris 13,played,pro,ChIJ_bOSChhz5kcRZMTeq_6Gdzg,48.8181615&2.3658793,2024-02-18T20:00:00.000Z,90,14,public,false,,,FjSnzlRFFfhWVWQJGfIEwRc2ZMj2,10,10,4,0,0,0,2
F6RqwxmVNQVulRCq35r2,FOOT IN FIVE,played,captain,ChIJoUR0syFp5kcRUlStnwluaYY,48.9552257&2.3328346,2024-02-16T17:30:00.000Z,90,15,public,false,Détente,3,RbBy796aYiTBFDNNN0HkKWAFmMC3,10,10,2,0,0,0,0
F78SzTCBPETVmm5kepdA,Top Ten,published,pro,ChIJfXprBx4b5kcRmhe-5pLZUek,48.8729106&2.6840919,2024-02-11T19:00:00.000Z,90,15,public,false,,,i27253AGxOfXgYJK72sBnvUGuMk2,0,10,0,0,0,0,0
F85JX9XwVfCQIEWzPLz2,LE FIVE Paris 18,published,pro,ChIJpVT4_n1u5kcRzji6FdTBXXo,48.8978522&2.3700234,2024-02-03T08:30:00.000Z,90,10,public,false,,,UQf33jQhVZhle917nO0h7D5qclV2,9,10,0,0,0,0,4
FCRwltAi6g5SNT9eKNk6,UrbanSoccer - Marne-La-Vallée,played,captain,ChIJ6bDBiosP5kcROXiloHzSdhc,48.82658600000001&2.6296937,2024-02-04T10:00:00.000Z,90,15,public,true,Détente,,Jpgv5cwLQeOSHMgM2QxG7MBcyVh1,10,10,2,0,0,0,0
FCmS3B0D7sEHcNN2p74J,Gymnase Rosalind Franklin,canceled,captain,ChIJeUB7Xqlz5kcR_akj6eEkBmk,48.8095385&2.4035959,2024-02-11T09:20:00.000Z,120,,public,false,Détente,2,RPBkJhlCOXYsBalhtCn3yAwbtgp2,10,12,0,0,0,0,0
FCwgTDarugQuE5Evtgsl,Stadium Thiais,played,captain,ChIJ64X9jzx05kcRsHvSfOv6UcA,48.7511137&2.3715422,2024-02-07T19:30:00.000Z,90,15,public,false,Détente,2,C41uLRu1nXX3sNBhLbABqcipElj2,10,10,1,0,0,0,1
FDPqvyFh2WM3ASpVxltj,STADE PIERRE BOURDAN,played,captain,ChIJlzXk7HLr9EcR8P0J9oTn_Pk,45.7924336&4.8403733,2024-02-04T09:00:00.000Z,120,,public,false,Détente,3,YnKrswmpQaRBkGKXp9RyyigbphC3,16,16,4,0,0,0,0
FDgQwbti57l70F4YeYaQ,Top Ten,published,pro,,48.8729106&2.6840919,2024-02-12T22:00:00.000Z,90,16.5,public,false,,,i27253AGxOfXgYJK72sBnvUGuMk2,0,10,0,0,0,0,0
FFQ0kXzRtgXZ9GjW8wcp,Stade Élisabeth,published,captain,ChIJkXj9tq5x5kcROlxynHzTh9o,48.8207737&2.3270972,2024-02-09T18:30:00.000Z,120,,public,false,Compétition,5,oKfGVfs7dYecPpobKfuTXiuhh8J3,13,14,0,0,0,0,2
FG6X5PMYjnzLXuBcVS2R,UrbanSoccer - Marne-La-Vallée,canceled,captain,ChIJ6bDBiosP5kcROXiloHzSdhc,48.82658600000001&2.6296937,2024-02-13T19:15:00.000Z,90,15.75,public,true,,4,pc5sZEZSy5Nnzq7NygjDWzuE4wj2,5,10,0,0,0,0,0
FGSomhwWu5LXGgzNfheo,UrbanSoccer - Puteaux,played,captain,ChIJM_sC0-Nk5kcRhL1y_EFIje8,48.8836397&2.2312283,2024-02-12T18:30:00.000Z,60,13,public,true,Détente,3,bhJeB6nV3qaXLJZZ1m5g4ndq4mz2,10,10,3,0,0,0,5
FGjZBSXwkhiG12PSMlP5,Stadium Thiais,published,pro,ChIJ64X9jzx05kcRsHvSfOv6UcA,48.7511024&2.3713455,2024-02-05T21:00:00.000Z,90,14,public,false,,,psf3NmXEPwdCltHKJC7VuvJocrF3,0,10,0,0,0,0,1
FI0xyPm61pHpVAR2kegr,Foot-Max Argenteuil,played,pro,ChIJi9oIzaRm5kcRJYcK7QsdRMU,48.9501632&2.2093946,2024-02-07T18:00:00.000Z,90,12,public,false,,,SuEnyPZ4TgNIkt1yap2yJ3ZHO6p1,10,10,6,0,0,1,4
FIMX8ZHOEiQrZNskYGB3,LE FIVE Montreuil,published,pro,,48.8613036&2.4653095,2024-02-04T13:00:00.000Z,90,15,public,false,,,u9uC1vjdcdQ3UqNxI0SiFxor0m43,7,10,0,0,0,0,2
FK1wmqYiVJARJ5GCaP00,Stade Des Courtilles,canceled,captain,ChIJ83HS9ldv5kcR-plMKkHPNTA,48.929137&2.2834726,2024-02-16T18:00:00.000Z,150,,public,false,Compétition,3,362hoymryLViTjqE7fc8aW4jgTm2,7,14,0,0,0,0,0
FM0AqnmdToe8bkkPT811,Stade Robespierre,published,captain,ChIJrSdPdLpk5kcRTIf7gmbAvcU,48.8692482&2.2034218,2024-02-14T14:15:00.000Z,90,5,public,false,Compétition,,P2fpoPcsJ3ZKgVNv94Q8rJ8w4Zd2,5,10,0,0,0,0,0
FMwKYXDbHJNpcSus19YI,UrbanSoccer - Quai d'Ivry,played,captain,ChIJfXxYJ0xy5kcRw9xTkF6-FZQ,48.8199885&2.3936463,2024-02-04T10:00:00.000Z,60,11.86,public,true,Détente,,cAvu5OqzdrY011LFD57S6e9Lfg03,12,12,3,0,0,0,0
FOtfBgwsqgEjkZEjdV8A,Testing Purposes,published,pro,,67.461524&-152.801377,2024-02-13T15:00:00.000Z,90,12,public,false,,,f2LrY7SAV3U1V9tUVAZfiMxA3uu1,0,10,0,0,0,0,0
FPVCr1q6SjvQbcSQdjMs,LE FIVE Montreuil,published,pro,,48.8613036&2.4653095,2024-02-01T22:00:00.000Z,60,8,public,false,,,u9uC1vjdcdQ3UqNxI0SiFxor0m43,0,10,0,0,0,0,0
FQcdde5fdfR5NjuERlXJ,UrbanSoccer La Défense,played,captain,ChIJh4rnfVhk5kcRV2Q-ZKdm8vA,48.8996456&2.2216773,2024-02-17T13:30:00.000Z,60,13.5,public,true,Détente,3,3tOqa67MUFhzCXdXgb0uZcL9HLu2,10,10,3,0,0,1,1
FR1fHSWmAJjzyUunSjsb,OHSPORT,played,captain,ChIJHeG9fA4X5kcRbGNzVY5Ud5I,48.9672396&2.5670436,2024-02-15T17:30:00.000Z,60,,public,false,Détente,4,PYXLQ7eViXMmGaj7KjOdH7vAPW53,10,10,1,0,0,0,2
FWEtLiuSmlde9jeS9baG,UrbanSoccer Meudon,canceled,captain,ChIJ0WKvjbh75kcRoqSmyWwW2jQ,48.80013599999999&2.2140811,2024-02-11T09:00:00.000Z,90,12,public,true,Détente,3,pKUpV9fs9cUPTM9JRbJOKm0SVor1,9,10,0,0,0,0,0
FXW1GUHPqBQzacEWrjvR,LE FIVE Paris 18,played,captain,ChIJpVT4_n1u5kcRzji6FdTBXXo,48.8978522&2.3700234,2024-02-16T18:00:00.000Z,90,17.5,public,true,Détente,2,xEO5VkzwtYRyUAYH3ksEAKwTEvA3,12,12,0,0,0,0,0
FbOJf4PbObxvAJCN2Edk,Top Ten,published,pro,,48.8729106&2.6840919,2024-01-31T22:00:00.000Z,90,16.5,public,false,,,i27253AGxOfXgYJK72sBnvUGuMk2,0,10,0,0,0,0,0
FcDPeBoMXhXcee2ueCB1,Stadium Thiais,published,pro,ChIJ64X9jzx05kcRsHvSfOv6UcA,48.7511024&2.3713455,2024-02-17T10:30:00.000Z,90,12,public,false,,,psf3NmXEPwdCltHKJC7VuvJocrF3,0,10,0,0,0,0,0
FdImLzykrClqM80QLjsb,LE FIVE Bezons,played,captain,ChIJ71Mv0Wpk5kcRg-H9x7L-dXo,48.9190524&2.211796,2024-02-15T19:00:00.000Z,60,11,public,true,Chill,5,Gk61iaH8taWVyAbDIqXa1ga0bRH3,10,10,3,0,0,0,1
Fe3n9k4boXOtn8WtO4IW,LE FIVE Paris 13,published,captain,ChIJ_bOSChhz5kcRZMTeq_6Gdzg,48.8181615&2.3658793,2024-02-10T18:00:00.000Z,60,10,private,true,Compétition,,PeRItuU8N3fzr25fuj8hBKrfMJj2,1,10,0,0,0,0,0
FfgeJE93L3WSqBHpedvi,LE FIVE Paris 18,played,pro,,48.8978522&2.3700234,2024-01-31T16:00:00.000Z,60,5,public,false,,,UQf33jQhVZhle917nO0h7D5qclV2,10,10,7,0,0,0,8
FjWG4F7EiwwdjjuqFzpu,UrbanSoccer - Asnières,canceled,captain,ChIJi5LkLT9v5kcRSlhScqEFNWs,48.92192379999999&2.3068311,2024-02-13T20:30:00.000Z,90,12,public,true,Détente,2,gJAtl0HWuZZ6kXF7wOIxiq3coLq1,10,10,0,0,0,0,0
FkhqJxesLUJJ3MN8D9es,LE FIVE Villette,played,captain,ChIJTUFnQjps5kcR0pHITLTw1PI,48.9070122&2.3861459,2024-02-05T19:00:00.000Z,60,12,public,false,Compétition,2,3iBCKUmpEMTLAc8TwNoybwyE87L2,10,10,6,0,0,0,0
Fl2jt3hoHuKHER0Puh9h,Stade Makowski,played,captain,ChIJvShnxJpt5kcRwdqlaq1s3E0,48.9090365&2.436058,2024-01-31T18:50:00.000Z,90,,public,false,,5,FmWwP3CHDDPrKuS9tlikkebaorJ3,10,10,2,0,0,0,1
Fl5xoTPpcXKsaJBCOfp4,Top Ten,published,pro,ChIJfXprBx4b5kcRmhe-5pLZUek,48.8729106&2.6840919,2024-02-03T16:00:00.000Z,90,15,public,false,,,i27253AGxOfXgYJK72sBnvUGuMk2,0,10,0,0,0,0,0
FlPKoM6wpPMw7jS640iO,FOOT INDOOR Marseille,played,captain,ChIJ41AMCxC8yRIRLHLGt11sc-U,43.2859688&5.4882746,2024-02-11T09:00:00.000Z,60,10,private,false,Détente,2,p5RLJog4gzS5k9JJmj7fHkGw2fc2,10,10,1,0,0,0,0
FlXCwDVvl7J6Lw1gFikd,Speed Soccer Five,published,pro,ChIJ2xTNglV25kcR3UDi4AXGfDU,48.7360598&2.315058,2024-02-11T13:00:00.000Z,90,14,public,false,,,MkTJljXziPXBdRdijccndMLBNCC3,0,10,0,0,0,0,1
FnziApvOW105DeijWIOs,Stadium Thiais,played,pro,ChIJ64X9jzx05kcRsHvSfOv6UcA,48.7511024&2.3713455,2024-02-07T18:00:00.000Z,90,15,public,false,,,psf3NmXEPwdCltHKJC7VuvJocrF3,10,10,6,0,0,1,1
Fr5CMLBUy9nAyPLI7bo2,Gymnase Rosalind Franklin,played,captain,ChIJeUB7Xqlz5kcR_akj6eEkBmk,48.8095385&2.4035959,2024-02-11T09:30:00.000Z,150,,public,false,Compétition,2,R8XVkwyGMWhvuh2ru7UHnm5exw32,10,10,9,0,0,0,5
FrpKzLGfsuTw3p9RBf8x,UrbanSoccer - Asnières,played,captain,ChIJi5LkLT9v5kcRSlhScqEFNWs,48.92192379999999&2.3068311,2024-02-18T20:00:00.000Z,90,11.5,public,true,Détente,3,khr3o6oDi6awuwq5hDPcMMy7ET23,10,10,0,0,0,0,1
FshOa15iGaW3xyPzeDLd,LE FIVE Montreuil,published,pro,,48.8613036&2.4653095,2024-02-07T22:00:00.000Z,60,8,public,false,,,u9uC1vjdcdQ3UqNxI0SiFxor0m43,2,10,0,0,0,0,0
FtvllVN7Ui76eO9L07cI,Stade de la Poterne,canceled,captain,ChIJNX0GHvZ35kcRwSp1zW1FHl8,48.7354688&2.270022,2024-02-04T12:00:00.000Z,90,,public,false,Compétition,5,u2IIueY4OPaa2HVb0OEGCQ0BOpI3,21,22,0,0,0,0,1
FuP1csXGgzgGhikiui0B,UrbanSoccer Orsay,canceled,captain,ChIJpZIJg7J45kcRrKWKhtbfnEQ,48.70829&2.17794,2024-02-01T17:30:00.000Z,90,15,public,true,Détente,3,jQH7GNNj2OWXNcYzoBtSBMwtKcA2,9,10,0,0,0,0,0
FvWiCzNst2tRaqpeL2SU,Stade Municipal Jean-Pierre Garchery,played,captain,ChIJQ4A-SikN5kcROEZUArQHPcs,48.8182515&2.4585413,2024-02-12T19:00:00.000Z,120,,public,false,Détente,2,uptMO8xQ6bZfp7VWheo112pYovE3,14,14,4,0,0,0,2
FvhnwaKIMaN2WY6ooxbT,Stadium Thiais,played,captain,ChIJ64X9jzx05kcRsHvSfOv6UcA,48.7511137&2.3715422,2024-02-16T16:00:00.000Z,120,10,public,false,Détente,3,Dohg1zNvhsbmGrYuAmExKFyjruw2,10,10,1,0,0,0,0
Fw0Frn97DwoBZSW3r7wl,Stadium Thiais,published,pro,,48.7511024&2.3713455,2024-01-31T15:00:00.000Z,90,8,public,false,,,psf3NmXEPwdCltHKJC7VuvJocrF3,0,10,0,0,0,0,0
FwruUbIVnPsp5oxQ2rTY,LE FIVE Paris 17,played,captain,ChIJ7eI8sFNv5kcR5xy52Wc57NU,48.900032&2.3213449,2024-01-30T20:00:00.000Z,60,12,public,true,Détente,2,HONa6lzVLlRDmvLLv6jNeP9hiT42,10,10,3,0,0,0,0
FykYRDBv6yEF2f5SeDKx,FIVE ARENA MEAUX ,canceled,pro,ChIJ02bKSuih6EcRb796CXVbkVs,48.9539465&2.9154573,2024-02-17T16:00:00.000Z,90,10,public,false,,,4K6djqUyJdTgGF3Q7nh7CXQHqVh1,5,10,0,0,0,0,1
Fz4sxxbq9BM9eATQltDt,LE FIVE Marville - La Courneuve,canceled,captain,ChIJ2dHdMZxr5kcR0aKYHYsp0pY,48.9364404&2.3869147,2024-02-17T15:30:00.000Z,90,,public,false,Détente,3,PaDcKPpcvfhIaZfmaSBlvhXS7uA3,9,14,0,0,0,0,0
G0ZJsGJR9JHtyfgamm87,LE FIVE Bezons,played,captain,ChIJ71Mv0Wpk5kcRg-H9x7L-dXo,48.9190524&2.211796,2024-02-13T20:00:00.000Z,90,16.5,public,true,Compétition,4,15pEvpHweXfnxDL8ATa1pVPClsG2,10,10,2,0,0,0,1
G1DdloW01Kwfv1tXaJwf,Lille Football Faubourg de Bethune,played,captain,ChIJgUO_inLVwkcR9OZ3Xp9c_v0,50.62148730000001&3.0386445,2024-02-08T18:30:00.000Z,120,2,public,false,Détente,2,zjy5cuJtnGeiJ4QHpaZDAoTpGUJ2,16,16,8,0,0,0,3
G3BNv8zdtZBm27Lzw5LR,LE FIVE Montreuil,published,pro,,48.8613036&2.4653095,2024-02-10T17:30:00.000Z,90,15,public,false,,,u9uC1vjdcdQ3UqNxI0SiFxor0m43,0,10,0,0,0,0,0
G3w6fjDThHTbbn2FseQG,Foot-Max Argenteuil,hidden,pro,ChIJi9oIzaRm5kcRJYcK7QsdRMU,48.9501632&2.2093946,2024-02-10T13:00:00.000Z,120,16,public,false,,,SuEnyPZ4TgNIkt1yap2yJ3ZHO6p1,0,10,0,0,0,0,0
G5R5QQfMFpPsQTrbrSaz,City Stade - Les Blagis (Basket),played,captain,ChIJKz0h4Alx5kcRDfJDRw9JniQ,48.7849737&2.2978799,2024-02-17T08:45:00.000Z,150,,public,false,Détente,4,aQFen6FLmpgU4CIlRKgUiAvoiJO2,14,14,3,0,0,0,0
G81QzbOQZPHwxr8FjE1t,UrbanSoccer - Quai d'Ivry,canceled,captain,ChIJfXxYJ0xy5kcRw9xTkF6-FZQ,48.8199885&2.3936463,2024-02-13T17:30:00.000Z,60,12.5,public,true,Détente,2,SuFK9vIGNqY0CtJ9pwGshgAb8GX2,9,10,0,0,0,0,0
GA0wDYULmMe0Yo8hR6e8,LE FIVE Montreuil,played,captain,ChIJJdTQjr0T5kcRZmGxtIJVy44,48.8607303&2.4650432,2024-02-06T19:00:00.000Z,90,7,public,false,Détente,3,f5iETGEIlxVWFQdhsomTaTTJdfk1,10,10,2,0,0,0,3
GAzbxZXWBEeWJlzXaXD7,Parc de Choisy,canceled,captain,ChIJ7RWNzpZ05kcRTkknDj8Df-I,48.7664003&2.4305572,2024-01-29T22:00:00.000Z,30,20,public,false,Compétition,3,KlMcJaT6KkMas65JzGqEHQpVI172,14,14,0,0,0,0,0
GG2WzpNzQOOT5rAJ5fUY,LE FIVE Montreuil,published,pro,ChIJJdTQjr0T5kcRZmGxtIJVy44,48.8613036&2.4653095,2024-02-19T22:00:00.000Z,60,8,public,false,,,u9uC1vjdcdQ3UqNxI0SiFxor0m43,0,10,0,0,0,0,0
GKBGqxa5jVewkvSklBSK,Play Soccer,canceled,captain,ChIJQ-UxZn-5rhIRKWoQydM5T9s,43.5512023&1.4098927,2024-02-06T18:30:00.000Z,90,15,public,false,,,pL0skPQs4CYYVXb682MCC9jXu8K2,9,10,0,0,0,0,0
GKXGgclyP7iuRDS7jZRN,Stadium Thiais,published,pro,ChIJ64X9jzx05kcRsHvSfOv6UcA,48.7511024&2.3713455,2024-02-02T18:00:00.000Z,90,15,public,false,,,psf3NmXEPwdCltHKJC7VuvJocrF3,0,10,0,0,0,0,1
GKljcuzYO1ULnSv6cHTQ,Stade de la Croix des Mèches,canceled,captain,ChIJUb_3hhwN5kcRBg5StcbsjgU,48.7871609&2.4510767,2024-02-09T09:00:00.000Z,120,,public,false,Chill,2,0B5E4O4kwNXCgX7kMyWRpMjb85G2,4,10,0,0,0,0,0
GMhqEfqnEzU3yOsr7jyc,LE FIVE Champigny,canceled,captain,ChIJsXi1PLYN5kcRTVVDuczgS2s,48.8194084&2.5251846,2024-02-18T16:00:00.000Z,60,10,public,false,Détente,2,x0a7SY6bg9ZxIQw5ucE9kzjsbtI2,4,10,0,0,0,0,0
GNJl03yXXJFLpcdheKOr,Stadium Thiais,published,pro,ChIJ64X9jzx05kcRsHvSfOv6UcA,48.7511024&2.3713455,2024-02-11T19:30:00.000Z,90,15,public,false,,,psf3NmXEPwdCltHKJC7VuvJocrF3,0,10,0,0,0,0,0
GO1BiQtDjT0IFAGCuiqU,Stadium Thiais,played,pro,ChIJ64X9jzx05kcRsHvSfOv6UcA,48.7511024&2.3713455,2024-02-07T18:30:00.000Z,90,15,public,false,,,psf3NmXEPwdCltHKJC7VuvJocrF3,10,10,4,0,0,0,0
GPJJpUzOJhIZjpzwdAoo,UrbanSoccer - Porte d'Aubervilliers,canceled,captain,ChIJ0dXjDCZs5kcRvX0EpMwxsUY,48.9074912&2.3746518,2024-02-05T18:30:00.000Z,60,14,public,true,Détente,2,mDJ1XlTQcOhMTnHDxMKRTFyZLXG3,9,10,0,0,0,0,1
GPg8KLVtzT3YjzjDaKEw,LE FIVE Villette,played,captain,ChIJTUFnQjps5kcR0pHITLTw1PI,48.9070122&2.3861459,2024-02-07T18:00:00.000Z,60,12,public,false,Détente,2,ft0dr7tQK7hFTnq7HhQUbmuycWv2,10,10,3,0,0,0,1
GPh3Em7F6MeOn00vLJf2,LE FIVE Paris 18,canceled,captain,ChIJpVT4_n1u5kcRzji6FdTBXXo,48.8978522&2.3700234,2024-02-11T21:30:00.000Z,90,7.5,public,true,Compétition,4,mifKTQjEMzXB4O4DZHhBjdaHKWu2,9,10,0,0,0,0,0
GQY4nBPZFaMCxUHY5txz,LE PARK Complexe Multisports,played,captain,ChIJMU8gErUJ5kcRSnpvacKwFtM,48.71189589999999&2.5771181,2024-02-12T20:30:00.000Z,90,15,public,false,Détente,,Gx04ZxR4hlda7mFV4XiWZKffbmJ2,10,10,0,0,0,0,0
GQbciN5WvclFdbqSrXyh,Stadium Thiais,published,pro,ChIJ64X9jzx05kcRsHvSfOv6UcA,48.7511024&2.3713455,2024-02-09T14:00:00.000Z,90,15,public,false,,,psf3NmXEPwdCltHKJC7VuvJocrF3,0,10,0,0,0,0,0
GU0EtUPjLEsMk1EKgAli,LE FIVE Villette,canceled,captain,ChIJTUFnQjps5kcR0pHITLTw1PI,48.9070122&2.3861459,2024-02-06T21:15:00.000Z,90,14,public,false,Compétition,,dR9DGAExS2bnE8EJH7hMM8YNaOX2,5,10,0,0,0,0,0
GU3jI1g6ZuPZB91bfjzz,GOPARK INTERIEUR - Paintball et trampolines parc,published,captain,ChIJ2cJmdhf15kcRQ4mUOxIVzd0,49.045624&2.0799886,2024-02-19T20:00:00.000Z,90,12,public,false,Détente,2,nDgddqY12NhqVkGz0bv4iDTLXNZ2,10,10,0,0,0,0,1
GUwjizaceJpsiIQLLCfK,Stadium Thiais,published,pro,ChIJ64X9jzx05kcRsHvSfOv6UcA,48.7511024&2.3713455,2024-02-03T16:30:00.000Z,90,12,public,false,,,psf3NmXEPwdCltHKJC7VuvJocrF3,0,10,0,0,0,0,0
GVVioBsUopTqMP9qxHPR,Soccer Five,published,captain,ChIJp0K53sp55kcR61-WTU8Yv5k,48.7368129&2.2591558,2024-02-11T15:00:00.000Z,90,,public,false,Détente,2,Dohg1zNvhsbmGrYuAmExKFyjruw2,4,12,0,0,0,0,2
GWEIikayVQrCAm3jC08V,UrbanSoccer - Quai d'Ivry,played,captain,ChIJfXxYJ0xy5kcRw9xTkF6-FZQ,48.8199885&2.3936463,2024-02-03T14:00:00.000Z,90,12.5,public,true,Compétition,5,zVFyiSjFQpbquLDuUGOHWXNZO1w2,10,10,2,0,0,0,0
GX6Kp8Nwwd08VBgr2UDT,LE FIVE Carrières-sous-Poissy,published,captain,ChIJ9T4fWfyL5kcRCBX-FyZLvEE,48.9468171&2.0230552,2024-02-07T18:30:00.000Z,60,10,public,false,Compétition,3,h62E33HrMQPJ3gWgWKcnmyRZG002,9,10,0,0,0,0,0
GXXkR4k9JyzDIj5AN591,City stade de la Gravière,played,captain,ChIJlWwpFZnt9EcR8KsQCBd5CHQ,45.7315869&4.7791329,2024-02-04T08:45:00.000Z,90,,public,false,Détente,,w3AnX7uWgJc7BarLiBrWplP1RAV2,10,10,7,0,2,0,0
GXwVhDR6yDCwlFbUOJOp,LE FIVE Paris 18,played,pro,ChIJpVT4_n1u5kcRzji6FdTBXXo,48.8978522&2.3700234,2024-02-11T10:30:00.000Z,90,15,public,false,,,UQf33jQhVZhle917nO0h7D5qclV2,8,10,6,0,0,0,0
GZzmNlXAfC01ndTUoPvW,Top Ten,published,pro,ChIJfXprBx4b5kcRmhe-5pLZUek,48.8729106&2.6840919,2024-02-11T21:30:00.000Z,90,15,public,false,,,i27253AGxOfXgYJK72sBnvUGuMk2,0,10,0,0,0,0,0
GcjiSOBcFx3yxqSBcfUO,Play Soccer,canceled,captain,ChIJQ-UxZn-5rhIRKWoQydM5T9s,43.5512023&1.4098927,2024-02-15T17:00:00.000Z,60,9,public,false,Détente,2,8LtkeOuZHeePxfkXdNPmQSr7V9L2,10,10,0,0,0,0,0
GfTiVIPb8eYj2rqXfKN7,City KOF,played,captain,ChIJ_2pirmlv5kcRTpGJ0UDn1Y8,48.9155954&2.2963072,2024-02-16T11:00:00.000Z,90,,public,false,Détente,2,PL0nw3BiAUhxDJuKc8qZsRazcM23,10,10,2,0,0,0,1
GgH7xjtk4jP35ZeFjSxk,UrbanSoccer - Quai d'Ivry,played,captain,ChIJfXxYJ0xy5kcRw9xTkF6-FZQ,48.8199885&2.3936463,2024-02-01T14:30:00.000Z,90,11.25,public,true,Détente,2,uNifdNcuylVkaNareLqQpFCQwlM2,10,10,2,0,0,0,1
GgZoGa4jwGRFbkPURnqi,UrbanSoccer - Lyon Parilly,published,captain,ChIJx3FQWjLC9EcRrrQb2eV7i_4,45.7120399&4.9039284,2024-02-19T18:15:00.000Z,90,15,private,true,Détente,3,vENMZ1yaZJg7Ie8dtcOnOQInYJh2,10,10,0,0,0,0,0
Gi9qjfjJgnp89jc2TR1b,Centre Sportif Maryse Hilsz,published,captain,ChIJgY6iBYxt5kcRHD7TB4jAHV4,48.8520783&2.4128877,2024-02-18T12:00:00.000Z,120,,public,false,Détente,3,vft2WRS7zdU9ST6fNn76LWPt8Vn2,14,16,0,0,0,0,5
Gi9y8UOOGcBWnbYUnniF,Stadium Thiais,published,pro,,48.7511024&2.3713455,2024-02-10T18:00:00.000Z,90,15,public,false,,,psf3NmXEPwdCltHKJC7VuvJocrF3,8,10,0,0,0,0,0
GmT1YZQ4asjFiOHEHS5W,UrbanSoccer - Porte d'Aubervilliers,canceled,captain,ChIJ0dXjDCZs5kcRvX0EpMwxsUY,48.9074912&2.3746518,2024-02-16T19:45:00.000Z,60,14,public,true,Détente,4,zx15E8kqOyMIfe9kE6wecnEydcu2,5,10,0,0,0,0,0
GnG1JCEgqADHfPyI8hwW,Stade Élisabeth,canceled,captain,ChIJkXj9tq5x5kcROlxynHzTh9o,48.8207737&2.3270972,2024-02-10T13:00:00.000Z,120,,public,false,Détente,3,XUPRr4JmHNSlftMt2gFq5Pkvy3q1,8,14,0,0,0,0,0
GnMdrpAF6YGcjf7CnFx9,Stadium Thiais,published,pro,ChIJ64X9jzx05kcRsHvSfOv6UcA,48.7511024&2.3713455,2024-02-15T16:30:00.000Z,90,10,public,false,,,psf3NmXEPwdCltHKJC7VuvJocrF3,0,10,0,0,0,0,0
Gq4vDwYe51OIWIJvmW8w,Footbox,published,pro,ChIJY-WkusIR5kcR-tEad3UtaSQ,48.9022789&2.582647,2024-02-16T18:00:00.000Z,60,10,public,false,,,QI89VPazyLhBVnWH871jk4BUEZI3,0,10,0,0,0,0,0
GrlcBe7c0pJJDyDAay0H,LE FIVE Marville - La Courneuve,published,pro,ChIJ2dHdMZxr5kcR0aKYHYsp0pY,48.9361223&2.3872592,2024-02-12T17:00:00.000Z,60,10,public,false,,,1GfAHFfqO6dOj37bPrTRuDS5gnk1,0,10,0,0,0,0,1
GsYLVyLF1NqU6lgOoHdZ,Classico Foot,played,captain,ChIJFV442oCxrhIRgsZy5aIbkNs,43.5945434&1.2911399,2024-02-05T19:00:00.000Z,60,9,public,false,Détente,,sh3Ti8wQWbeLpHkq0e0tZXci8IJ3,10,10,2,0,0,0,0
GszTD9HoGBI2sOZ9wCal,Monclub Futbol,published,pro,ChIJGbxxaamUyRIRgGvhHnhJStA,43.4299152&5.4001974,2024-02-01T20:30:00.000Z,90,10,public,false,,,CSTy9rmJRQSyWlqWuGiUhGpAGqf2,0,10,0,0,0,0,0
GszXdra9701P8AXz1xPF,Cité des Sports,played,captain,ChIJ70UPf6R75kcRGb3NAV9k7Ww,48.8247744&2.2650728,2024-02-04T09:30:00.000Z,60,13,public,false,Détente,3,1Bz3p0ciXyRWXB2Di80CLRrog5b2,10,10,3,0,0,0,0
GtCo4gNkcahShOXywfTJ,Parc Sainte Barbe,canceled,captain,ChIJtw301r5w5kcRvRjidiuAyaw,48.7922897&2.2913469,2024-02-18T11:10:00.000Z,30,,public,false,Détente,3,rzC8A0bd4afb9AWrHKlCPT9461y1,2,16,0,0,0,0,0
GtKlaHUISKSojJ1Mqoj1,UrbanSoccer - Porte d'Aubervilliers,published,captain,ChIJ0dXjDCZs5kcRvX0EpMwxsUY,48.9074912&2.3746518,2024-02-15T20:00:00.000Z,60,15,private,true,Détente,2,nGdvbjcgCIV6euHz9BQe986fz8Y2,1,10,0,0,0,0,0
GtoDKqRmaqRO6bbhwvZI,Foot POWER 5,canceled,pro,ChIJuTCIFshm5kcRBtEQJ76dAzc,48.960066&2.2061913,2024-02-13T21:30:00.000Z,90,7,public,false,,,sss3dYi6nzWd7rEjwcQ30LGKudj1,0,10,0,0,0,0,0
Gy0W0tDAjICWqLuqPXEJ,Centre Sportif Hautpoul,canceled,captain,ChIJ79fuL8Zt5kcRk9e1VH01h_U,48.8847213&2.3874252,2024-02-04T17:15:00.000Z,90,,public,false,Compétition,5,u1d5UxHx7maGj4sc4EU7rDuYr0p2,2,12,0,0,0,0,0
Gz7PLqNLpd67eYKDo1Sv,Stade Élisabeth,played,captain,ChIJkXj9tq5x5kcROlxynHzTh9o,48.8207737&2.3270972,2024-02-04T08:00:00.000Z,150,2,public,false,Compétition,5,8i5faoQkJ4YSkhRB5skPBLiEh1G3,16,16,4,0,0,0,2
GzEVB1xTJuC0uQWA2MsH,LE FIVE Marville - La Courneuve,published,pro,ChIJ2dHdMZxr5kcR0aKYHYsp0pY,48.9361223&2.3872592,2024-01-30T11:00:00.000Z,60,7,public,false,,,1GfAHFfqO6dOj37bPrTRuDS5gnk1,0,10,0,0,0,0,0
H1WXRf1PLLkPvgWHpL0T,UrbanSoccer La Défense,canceled,captain,ChIJh4rnfVhk5kcRV2Q-ZKdm8vA,48.8996456&2.2216773,2024-02-18T17:30:00.000Z,90,18,public,true,Détente,3,azXGHoJaDzRqEe4F4uuxHi5VGNb2,9,10,0,0,0,0,0
H48hrJRHzE9rXUqs0CLO,Stade de Foot André Robert,played,captain,ChIJaYV-Ok4d5kcRxzQr1RiT9DI,48.875595&2.7515223,2024-02-01T20:00:00.000Z,120,,public,false,Détente,3,oHZ6slylkVPuwodkOiA4R831Oyk1,16,16,3,0,0,0,2
H4sO97MmeWAdRyN9UOQE,LE FIVE Paris 17,played,pro,,48.900032&2.3213449,2024-01-30T16:00:00.000Z,60,5,public,false,,,V6mqbc9C8FNa1RQlUupjeoqOsZL2,10,10,9,0,0,0,3
H64iGnYk0C3MKCY7ZwHz,CA Romainville,published,captain,ChIJ6ZZX-Itt5kcRjhHfH1Jkgdc,48.8869386&2.4421851,2024-02-18T10:00:00.000Z,90,,public,false,Détente,3,lp3HxMszwUT4btAAKLAKDzNdP1j1,22,24,0,0,0,0,2
H8cegv1bRRJbYpd7uxz9,UrbanSoccer La Défense,played,captain,ChIJh4rnfVhk5kcRV2Q-ZKdm8vA,48.8996456&2.2216773,2024-02-03T11:15:00.000Z,60,12,public,true,Compétition,5,F2apfd0aUIbGx5SlnjRzaA8ckcc2,10,10,0,0,0,0,0
H99CTKWGdBYNzBxFWim2,LE FIVE Paris 18,played,pro,,48.8978522&2.3700234,2024-02-10T21:30:00.000Z,90,10,public,false,,,UQf33jQhVZhle917nO0h7D5qclV2,10,10,6,0,0,0,5
H9BoJUY5pJGwkeJRNZSb,Z5 Aix,published,captain,ChIJKb-U_9KSyRIRKIFKbH5mW18,43.4787869&5.3969048,2024-02-19T20:00:00.000Z,90,11,public,false,Détente,3,xrqCNeeXkffxTI1WvhqYgfhlv9n1,10,10,0,0,0,0,0
HAl49Fik54NIOwE0xpj9,Speed Soccer Five,published,pro,ChIJ2xTNglV25kcR3UDi4AXGfDU,48.7360598&2.315058,2024-02-11T09:30:00.000Z,90,14,public,false,,,MkTJljXziPXBdRdijccndMLBNCC3,1,10,0,0,0,0,0
HBErRFzJdaIcpvgYNPvS,STADIUM FOOT 5 VILLAGE,played,captain,ChIJbbOWFtC4yRIR0WXVerbWmnE,43.269413&5.4260321,2024-02-08T19:00:00.000Z,60,10,public,false,Détente,3,MKjoGJESIIfNKw5sH93VODBuvLv2,10,10,0,0,1,0,0
HBj9VwQKsWD8d7GWZnIx,Play Soccer,played,captain,ChIJQ-UxZn-5rhIRKWoQydM5T9s,43.5512023&1.4098927,2024-01-30T17:00:00.000Z,90,13.5,public,false,,3,9ndPGsv3ksOJZ0heACZG2NFpVq43,10,10,3,0,0,0,0
HDKwHTcXhhYPDbCSYtEz,LE FIVE Paris 18,published,captain,ChIJpVT4_n1u5kcRzji6FdTBXXo,48.8978522&2.3700234,2024-02-05T20:30:00.000Z,90,21,public,true,Détente,2,UvX4l0Dr18XBuh5rXHc2TfOn5Jo2,5,10,0,0,0,0,2
HEqvyKzYIGf6UpT2mPYZ,F5 Foot Five,played,captain,ChIJjUbM5G7A9EcRW3mlkrhyXxY,45.7857911&4.905926399999999,2024-02-15T17:00:00.000Z,60,10.5,public,false,Détente,,eyg4jzU72eTwyaBcf2Juh4co7bq2,10,10,3,0,0,0,1
HGZ2XqNfX5QBcUQfoZMk,Complexe Sportif Marcel Cerdan,canceled,captain,ChIJsxyEJH1w5kcRFlPyHFZfSzA,48.8143466&2.2897313,2024-02-15T11:00:00.000Z,90,,private,false,Compétition,3,AkrgBTx64wbEUYB1CvUV0WNRudY2,8,10,0,0,0,0,0
HHuK7nACPzp6O2lOckos,Play Soccer,played,captain,ChIJQ-UxZn-5rhIRKWoQydM5T9s,43.5512023&1.4098927,2024-02-08T19:30:00.000Z,60,10,public,false,,,8LtkeOuZHeePxfkXdNPmQSr7V9L2,10,10,2,0,0,0,0
HIi7ntMImYuNG3sIQd6q,LE FIVE Montreuil,published,pro,,48.8613036&2.4653095,2024-02-02T09:00:00.000Z,90,10.5,public,false,,,u9uC1vjdcdQ3UqNxI0SiFxor0m43,0,10,0,0,0,0,0
HKzWCrxA0DL6Wgh6zNVd,LE FIVE Bobigny,published,captain,ChIJV8UONORs5kcRXxR5Qd7x130,48.901553&2.4313304,2024-02-03T11:00:00.000Z,90,5,public,false,,5,IrycsLN0nfbEwrTkcmIiWaBwEKr1,9,10,0,0,0,0,5
HLDwtR51HAVMT5jgw82S,LE FIVE Marville - La Courneuve,played,captain,ChIJ2dHdMZxr5kcR0aKYHYsp0pY,48.9364404&2.3869147,2024-02-16T17:30:00.000Z,90,14,public,false,Détente,2,cybbWcbMgGhL2ElimuDM76FEgc93,10,10,0,0,0,0,1
HLNJnIgo1GQelWnIiY6I,Top Ten,played,captain,ChIJfXprBx4b5kcRmhe-5pLZUek,48.8729106&2.6840919,2024-02-04T20:20:00.000Z,90,15,public,false,Compétition,3,J0VjxiqUXFOxIjV4d6VIUY1mM582,10,10,1,0,0,0,1
HPmNHJ7XWVsGtT0VIHP4,UrbanSoccer Evry,canceled,captain,,48.6286849&2.4066366,2024-01-30T19:15:00.000Z,90,15,public,true,Compétition,4,oLPDuIoiNaRPJRshKRx6EQzSHzE3,8,10,0,0,0,0,0
HPsznyjjI7Vgok8BLOxf,LE FIVE Bobigny,published,pro,ChIJV8UONORs5kcRXxR5Qd7x130,48.901553&2.4313304,2024-02-14T17:00:00.000Z,60,8,public,false,,,4owi3i7t8EOvFNF6UQvACOpiDRy1,1,10,0,0,0,0,1
HPwZ609FNoDkPVyOyh1s,Top Ten,hidden,pro,ChIJfXprBx4b5kcRmhe-5pLZUek,48.8729106&2.6840919,2024-02-16T21:30:00.000Z,90,16.5,public,false,,,i27253AGxOfXgYJK72sBnvUGuMk2,0,10,0,0,0,0,0
HQ7XBOdApPrzj337JAgK,UrbanSoccer - Lille Bondues,played,captain,ChIJ58ZerMgrw0cR2Jyp7tZjBn4,50.6913774&3.0860264,2024-01-30T19:00:00.000Z,60,11,public,true,Détente,3,GlSaj2QmyFgb8leAblrirTixsGk1,10,10,0,0,0,0,0
HQvUIEW4gKTV42qLo1uB,UrbanSoccer Orsay,canceled,captain,ChIJpZIJg7J45kcRrKWKhtbfnEQ,48.70829&2.17794,2024-02-13T18:30:00.000Z,90,15.75,public,true,Détente,3,y85KHZzIBPeTYIAD22R0MWKutW92,8,10,0,0,0,0,0
HRqfXqgTBCozsSmwwqmX,Spot FUTSAL,played,captain,ChIJwdUawmfVwkcRaNLo_CmNii0,50.6106345&3.0624494,2024-02-14T11:30:00.000Z,60,8,public,false,Détente,3,gfILmO9T1NeMOTv4o7N7douAlOX2,8,8,0,0,0,0,0
HUmpwvoxmr805ahmaFkZ,LE FIVE Villette,canceled,captain,ChIJTUFnQjps5kcR0pHITLTw1PI,48.9070122&2.3861459,2024-02-19T10:00:00.000Z,60,7,public,false,Détente,3,bs3mHR2btiVBxltJSzYiRuOD1kx1,9,10,0,0,0,0,0
HWkj2JSiK3gosr55URVJ,Stade Robespierre,published,captain,ChIJrSdPdLpk5kcRTIf7gmbAvcU,48.8692482&2.2034218,2024-02-10T13:00:00.000Z,120,5,public,false,Compétition,,P2fpoPcsJ3ZKgVNv94Q8rJ8w4Zd2,2,10,0,0,0,0,0
HXQuUxcepyqcCOP7JrrQ,Lille Football Faubourg de Bethune,played,captain,ChIJgUO_inLVwkcR9OZ3Xp9c_v0,50.62148730000001&3.0386445,2024-02-15T18:30:00.000Z,120,2,public,false,Détente,2,zjy5cuJtnGeiJ4QHpaZDAoTpGUJ2,16,16,8,0,0,1,5
HXZcohDUmFSyqxThlJfN,Centre Sportif Lionel Terray,played,captain,ChIJo7Jtup935kcRUd9lcEtEKzc,48.7349914&2.287439,2024-02-11T08:30:00.000Z,90,10,public,false,Détente,3,Dohg1zNvhsbmGrYuAmExKFyjruw2,10,10,0,0,0,0,0
HY3qJ3BCc2lSjE6tXZF6,UrbanSoccer - Quai d'Ivry,played,captain,ChIJfXxYJ0xy5kcRw9xTkF6-FZQ,48.8199885&2.3936463,2024-01-30T19:10:00.000Z,60,14.5,public,true,Détente,,S71HT4B9vYRVhIGbXMjNqkRnsfx1,10,10,4,0,0,0,0
HYStaVj17vTYTBsUb3pr,UrbanSoccer - Lille Lezennes,played,captain,ChIJR3ro5nTWwkcRfM_S3Be9HjI,50.6162725&3.0998108,2024-02-18T19:00:00.000Z,90,9.5,public,true,Compétition,3,OIaQMhYFgkUGQ7G2jaQr1V94OlE2,10,10,3,0,0,0,0
HYurWMQFnNEVwjKotm0c,Play Soccer,canceled,captain,ChIJQ-UxZn-5rhIRKWoQydM5T9s,43.5512023&1.4098927,2024-02-09T19:00:00.000Z,90,9,public,false,,,8LtkeOuZHeePxfkXdNPmQSr7V9L2,5,10,0,0,0,0,0
HbkCsighlDyK4ly4CsYo,Stadium Thiais,played,captain,ChIJ64X9jzx05kcRsHvSfOv6UcA,48.7511137&2.3715422,2024-02-16T16:00:00.000Z,120,10,public,false,Compétition,3,Dohg1zNvhsbmGrYuAmExKFyjruw2,10,10,1,0,0,1,0
HdsVq3J82JeLIsNc4I8l,LE FIVE Paris 18,played,pro,,48.8978522&2.3700234,2024-02-06T16:00:00.000Z,60,5,public,false,,,UQf33jQhVZhle917nO0h7D5qclV2,10,10,9,0,0,0,3
Hh372tVV9s8CChoA0Naj,Antony Metro 92,played,captain,ChIJY1RbfQ135kcRAB3z0BvVcdw,48.7643242&2.29451,2024-02-17T08:00:00.000Z,60,,public,false,Compétition,3,se9dkd0AMhfl6lvzFWoGqOfUhwg2,14,14,1,0,0,0,0
HhShQAw5c958EOiTzh6R,UrbanSoccer Meudon,played,captain,ChIJ0WKvjbh75kcRoqSmyWwW2jQ,48.8001204&2.2140771,2024-02-01T20:00:00.000Z,90,17.25,public,true,Détente,3,4bYlzSvfLEgYWiyH0mjE1sQFnKs1,10,10,3,0,0,0,0
HhcrtkHPUsT22M5JiZJR,LE FIVE Bezons,played,pro,,48.91909&2.2093051,2024-02-07T16:30:00.000Z,90,10.5,public,false,,,U3MriTZbPbTUEsU6RtRuHxDMKvg2,10,10,6,0,0,0,1
HhtMhGBfwVQ4XQFbviIb,LE FIVE Champigny,published,pro,,48.8194084&2.5251846,2024-02-01T17:00:00.000Z,60,11,public,false,,,evlV9mUgATYQ5343zpYZvk4w0r03,0,10,0,0,0,0,0
HhwXL2NoTvBQoTOV3H9E,LE FIVE Montreuil,published,captain,ChIJJdTQjr0T5kcRZmGxtIJVy44,48.8607303&2.4650432,2024-02-02T11:00:00.000Z,60,7,public,false,Détente,3,bCrQ5mXqWnTvpDESyKrIuAZjDuR2,7,10,0,0,0,0,0
HisJdS98pOdgLEPOSRMW,LE FIVE Paris 18,canceled,captain,ChIJpVT4_n1u5kcRzji6FdTBXXo,48.8978522&2.3700234,2024-02-14T19:30:00.000Z,60,9.8,public,true,Compétition,4,MlD2gvyrMkb6Zer6xpQMbY7InXu2,4,10,0,0,0,0,0
HjTk8HcCgPyMPCZ4ynaS,UrbanSoccer - Toulouse Montaudran,played,captain,ChIJl772e0u8rhIR2foRX4Xa2CI,43.574642&1.4801835,2024-02-02T17:30:00.000Z,60,8.5,public,true,Détente,3,avKJSzRSupMiFKc3xCym3DTQFL33,10,10,2,0,0,0,0
HkRhPxwOAwxWlDTXcduN,LE FIVE Carrières-sous-Poissy,canceled,captain,ChIJ9T4fWfyL5kcRCBX-FyZLvEE,48.9468171&2.0230552,2024-02-15T19:00:00.000Z,60,10,public,false,Détente,3,mAdomm9Z8bOTkM0mmS2u1f3NCw93,3,10,0,0,0,0,0
HmzMqcxQxcYnDnQ1S27h,LE FIVE Champigny,published,pro,,48.8194084&2.5251846,2024-02-03T18:00:00.000Z,60,11,public,false,,,evlV9mUgATYQ5343zpYZvk4w0r03,0,10,0,0,0,0,0
HoibmucBmao9MA9uiE6a,Play Soccer,played,captain,ChIJQ-UxZn-5rhIRKWoQydM5T9s,43.5512023&1.4098927,2024-02-01T20:30:00.000Z,60,9,private,false,Détente,3,Af44RHwPcucl1HAntfC5nyZhBc13,10,10,0,0,0,0,0
HomSQJMeebcQcg2fv10q,We Are Sports,played,captain,ChIJFZU5oBHC9EcRJTFrSkI1xxg,45.7113247&4.8761886,2024-02-07T18:00:00.000Z,60,10,public,false,Détente,2,ZvNgpRDShYb05TBD7NkwSqxgIP93,12,12,2,0,0,0,2
HqVhXLK3qZsU3CX3lIq2,UrbanSoccer - Puteaux,played,captain,ChIJM_sC0-Nk5kcRhL1y_EFIje8,48.8836397&2.2312283,2024-02-17T13:00:00.000Z,60,13.5,public,true,Détente,2,eOa8LeksxkMDhpHwZnB1RUhCVnG3,10,10,3,0,0,0,1
Hsp5ccMi1nRaQwiZSv9F,FOOT INDOOR Marseille,canceled,captain,ChIJ41AMCxC8yRIRLHLGt11sc-U,43.2859688&5.4882746,2024-02-01T18:00:00.000Z,60,10,private,false,Détente,3,cmVDMb6VD9XXHAmjCvhUY7Bqpmg1,4,10,0,0,0,0,0
HuAlZunr6mRvOOatwFtE,LE FIVE Paris 17,played,captain,ChIJ7eI8sFNv5kcR5xy52Wc57NU,48.900032&2.3213449,2024-02-06T17:00:00.000Z,60,12,public,true,Détente,3,QvUrUTP7mXcckBIrRrcJH2WTv4z2,10,10,0,0,0,0,1
HubnQTmxEiVj9BFj4Zdx,Massilia FIVE,published,captain,ChIJxZ6UmMW-yRIR7ot5DChYj4w,43.28920790000001&5.4503802,2024-02-12T18:00:00.000Z,60,10,public,false,Détente,2,mEyOtboVu2VwML4wfYYmzoDc4DF2,4,10,0,0,0,0,0
HvEEJmHZcwt5qhkvzgsw,Stade Georges Carpentier,played,captain,ChIJDcRAPQZz5kcRRfIYvk9rvQQ,48.8190383&2.3661251,2024-02-13T11:00:00.000Z,120,,private,false,Compétition,3,kRAf444M3RUd6EWIOWpKVKs78SI2,16,16,13,0,0,0,5
HwwpyXByzpDA5w8IlSws,UrbanSoccer Evry,played,captain,ChIJW0Ut1G7e5UcRt621n2fRQ5M,48.6286849&2.4066366,2024-02-02T20:00:00.000Z,90,15,public,true,Competition,3,lppkOL9ay1VhR7EYSh39FXV8N1G3,10,10,0,0,0,0,1
Hx4aoFbwp1FkQFh7Q7Pb,Top Ten,published,pro,ChIJfXprBx4b5kcRmhe-5pLZUek,48.8729106&2.6840919,2024-02-13T16:00:00.000Z,90,5,public,false,,,i27253AGxOfXgYJK72sBnvUGuMk2,0,10,0,0,0,0,1
I0sCQd3fSPLVgrqamOds,Footbox,published,pro,ChIJY-WkusIR5kcR-tEad3UtaSQ,48.9022789&2.582647,2024-02-13T16:00:00.000Z,60,7,public,false,,,QI89VPazyLhBVnWH871jk4BUEZI3,0,10,0,0,0,0,0
I1uDyKJ3oGji2TJkwXkt,UrbanSoccer - Lille Lezennes,canceled,captain,ChIJR3ro5nTWwkcRfM_S3Be9HjI,50.6162725&3.0998108,2024-02-01T18:00:00.000Z,60,9,public,true,Détente,2,KoMMspPpOrQB6lklhBjC6eSYPZp2,4,10,0,0,0,0,0
I3C5JbDNuBmF1uq36hMB,Stadium Thiais,published,pro,ChIJ64X9jzx05kcRsHvSfOv6UcA,48.7511024&2.3713455,2024-02-17T15:00:00.000Z,90,12,public,false,,,psf3NmXEPwdCltHKJC7VuvJocrF3,0,10,0,0,0,0,0
I3ePuIo82jd0Zz8Roilx,Parc des Sports du Segrais,played,captain,ChIJ8bNaLq8F5kcREfqqOhsFDnk,48.8343265&2.6488423,2024-01-31T18:45:00.000Z,90,,public,false,Détente,3,ZW2XNVuf6cXIQekYAV97fQnjpTE3,12,12,3,0,0,0,0
I3iXeMj5Zcvz3JmSInvc,Play Soccer,played,captain,ChIJQ-UxZn-5rhIRKWoQydM5T9s,43.5512023&1.4098927,2024-02-18T12:00:00.000Z,60,8,public,false,Compétition,4,FTL8x7HcDKdotSu7Ve4etKLD5Bj1,10,10,6,0,0,0,0
I4rkmD4x02uHZYWTDxsU,LE FIVE Paris 18,canceled,captain,ChIJpVT4_n1u5kcRzji6FdTBXXo,48.8978522&2.3700234,2024-02-01T20:30:00.000Z,60,14,public,true,Détente,3,rLwbDNL6lWU50AjgiOw5X8KbSWA2,9,10,0,0,0,0,0
I5O7X3X0svwcn9hq0PZD,LE FIVE Montreuil,published,pro,ChIJJdTQjr0T5kcRZmGxtIJVy44,48.8613036&2.4653095,2024-02-17T15:00:00.000Z,60,10,public,false,,,u9uC1vjdcdQ3UqNxI0SiFxor0m43,0,10,0,0,0,0,0
I5WLbd0RX0DuycmzOgKq,Game 13 foot indoor,canceled,captain,ChIJNSDvlsXryRIRUXao9hwB79I,43.41258939999999&5.366617,2024-02-04T19:00:00.000Z,60,10,public,false,Détente,4,RPwfyrL30dS1yvyJwGrn0z2HgSa2,10,10,0,0,0,0,1
I6rkuhu9J4XEnzgEbr9e,UrbanSoccer - Porte d'Aubervilliers,played,captain,ChIJ0dXjDCZs5kcRvX0EpMwxsUY,48.9074912&2.3746518,2024-02-16T17:15:00.000Z,90,16.5,public,true,Détente,2,nY7kOnblIRd6RY44IJZxD7DQFyI2,10,10,1,0,0,0,0
I84G2c2mDmlINRI5qKLo,LE FIVE Montreuil,published,pro,,48.8613036&2.4653095,2024-02-12T11:00:00.000Z,60,7,public,false,,,u9uC1vjdcdQ3UqNxI0SiFxor0m43,0,10,0,0,0,0,0
I86joKKedq8zCOTahb2s,Stadium Thiais,played,captain,ChIJ64X9jzx05kcRsHvSfOv6UcA,48.7511137&2.3715422,2024-02-17T16:00:00.000Z,90,15,public,false,,3,8z69joeXgRXkGFP3TNv4gKoMtiy1,12,12,6,0,0,0,2
ICyp6EcJBgfYeUQuaxNu,Footbox,published,pro,ChIJY-WkusIR5kcR-tEad3UtaSQ,48.9022789&2.582647,2024-02-13T14:00:00.000Z,60,7,public,false,,,QI89VPazyLhBVnWH871jk4BUEZI3,0,10,0,0,0,0,0
IDcp0pmdgw96hZgFGElX,Parc Interdépartemental des Sports du Tremblay,played,captain,ChIJBVkfrQ4N5kcRGi-XnNQN_yo,48.8281085&2.491365,2024-02-06T14:30:00.000Z,120,,public,false,Compétition,4,JTh2SZwej6OVVpBqOfYOAb2cA1j1,18,18,10,1,1,0,3
IE99cvniPNuHocr3F8IV,Foot POWER 5,canceled,pro,ChIJuTCIFshm5kcRBtEQJ76dAzc,48.960066&2.2061913,2024-02-15T21:30:00.000Z,90,7,public,false,,,sss3dYi6nzWd7rEjwcQ30LGKudj1,0,10,0,0,0,0,0
IEXXUv5FiRSCIBuRuZKy,Play Soccer,played,captain,ChIJQ-UxZn-5rhIRKWoQydM5T9s,43.5512023&1.4098927,2024-02-04T12:00:00.000Z,60,8,public,false,Compétition,4,FTL8x7HcDKdotSu7Ve4etKLD5Bj1,10,10,6,1,0,0,0
IEqD5FNUfZTFa9396YJ8,Game 13 foot indoor,played,captain,ChIJNSDvlsXryRIRUXao9hwB79I,43.41258939999999&5.366617,2024-02-11T17:30:00.000Z,60,10,public,false,Détente,4,RPwfyrL30dS1yvyJwGrn0z2HgSa2,10,10,5,1,0,1,4
IHzFis8njTp9id4xDTn8,STADE PIERRE BOURDAN,played,captain,ChIJlzXk7HLr9EcR8P0J9oTn_Pk,45.7924336&4.8403733,2024-02-18T09:00:00.000Z,120,,public,false,Détente,3,YnKrswmpQaRBkGKXp9RyyigbphC3,16,16,2,0,0,0,1
IJBmTSuVfKM4UJHuGeTn,LE FIVE Carrières-sous-Poissy,published,captain,ChIJ9T4fWfyL5kcRCBX-FyZLvEE,48.9468171&2.0230552,2024-02-12T17:00:00.000Z,90,13,public,false,Détente,2,D20naCVMlGOUuXTHQ9LpZibXzpJ2,8,10,0,0,0,0,1
IJHCFQuWoUrGyFY3XJIS,Monclub Futbol,published,pro,ChIJGbxxaamUyRIRgGvhHnhJStA,43.4299152&5.4001974,2024-02-05T17:30:00.000Z,60,10,public,false,,,CSTy9rmJRQSyWlqWuGiUhGpAGqf2,0,10,0,0,0,0,1
IJcE8MbBrrC5oRkrAzpW,Top Ten,published,pro,,48.8729106&2.6840919,2024-02-10T15:30:00.000Z,90,15,public,false,,,i27253AGxOfXgYJK72sBnvUGuMk2,0,10,0,0,0,0,0
IJp7ms3vkByer9z4L33y,Top Ten,played,pro,ChIJfXprBx4b5kcRmhe-5pLZUek,48.8729106&2.6840919,2024-02-15T16:00:00.000Z,90,5,public,false,,,i27253AGxOfXgYJK72sBnvUGuMk2,10,10,10,0,0,0,7
IKEZzelmxjDYfljn5Xgu,LE FIVE Montreuil,canceled,pro,,48.8613036&2.4653095,2024-02-09T22:00:00.000Z,60,8,public,false,,,u9uC1vjdcdQ3UqNxI0SiFxor0m43,7,10,0,0,0,0,0
IKeYIHjregDnc8vrWqDw,Play Soccer,played,captain,ChIJQ-UxZn-5rhIRKWoQydM5T9s,43.5512023&1.4098927,2024-01-30T18:30:00.000Z,90,13.5,public,false,,,8LtkeOuZHeePxfkXdNPmQSr7V9L2,10,10,0,0,0,0,0
INl5hzsHz8tn62r4cc2z,Stadium Thiais,published,pro,ChIJ64X9jzx05kcRsHvSfOv6UcA,48.7511024&2.3713455,2024-02-06T18:00:00.000Z,90,15,public,false,,,psf3NmXEPwdCltHKJC7VuvJocrF3,0,10,0,0,0,0,0
IOujxhdJ7bGecQlWefWM,Stade de foot Pompadour,played,captain,ChIJZWcRAWN15kcR0aRSqeWgmaI,48.773015&2.432866,2024-02-15T20:00:00.000Z,60,,public,false,Détente,,nX9BAR22HaZZjPTMNMrZRPyc39i2,10,10,3,0,0,0,3
IPcw6KuQOMjvv4tfI27S,Z5 Aix,canceled,captain,ChIJKb-U_9KSyRIRKIFKbH5mW18,43.4787869&5.3969048,2024-01-30T18:30:00.000Z,60,11,public,false,Détente,2,zBecm450FzNBdT72vr3EEt5KW983,9,10,0,0,0,0,0
IQ2U1x9rSvjUXvKhJPwP,LE FIVE Bezons,canceled,captain,ChIJ71Mv0Wpk5kcRg-H9x7L-dXo,48.9190524&2.211796,2024-02-10T17:00:00.000Z,90,13.5,public,true,Détente,,HEcA8G5vxTXENk5BOxw5DSIYI5r2,4,10,0,0,0,0,0
IRPbzkPuljoyfTRA0xge,UrbanSoccer La Défense,played,captain,ChIJh4rnfVhk5kcRV2Q-ZKdm8vA,48.8996456&2.2216773,2024-02-10T11:45:00.000Z,60,13.5,public,true,Compétition,3,Qq60mM1UBaT0JP68bPJju1gGjL73,10,10,4,0,0,0,3
IRg5itziFoR2oR6CF7ed,Play Soccer,played,captain,ChIJQ-UxZn-5rhIRKWoQydM5T9s,43.5512023&1.4098927,2024-02-05T11:30:00.000Z,60,8,public,false,,,8LtkeOuZHeePxfkXdNPmQSr7V9L2,10,10,0,0,0,0,0
IT9UzbmVgifnR7RsbPcc,LE FIVE Carrières-sous-Poissy,canceled,captain,ChIJ9T4fWfyL5kcRCBX-FyZLvEE,48.9468171&2.0230552,2024-02-08T19:00:00.000Z,90,14,public,false,Détente,2,liP0mX4IVqcBiayvxaKLwqqRSA23,7,10,0,0,0,0,0
IUB3epl1Zp0QqNvO1b9k,Stadium Thiais,published,pro,,48.7511024&2.3713455,2024-02-13T11:00:00.000Z,60,7,public,false,,,psf3NmXEPwdCltHKJC7VuvJocrF3,0,10,0,0,0,0,1
IUFQWL05oepkyCxG5cCO,LE FIVE Paris 18,canceled,pro,,48.8978522&2.3700234,2024-01-31T21:20:00.000Z,90,10,public,false,,,UQf33jQhVZhle917nO0h7D5qclV2,2,10,0,0,0,0,0
IUuN6Gt31XZkeyhdiVjK,UrbanSoccer La Défense,played,captain,ChIJh4rnfVhk5kcRV2Q-ZKdm8vA,48.8996456&2.2216773,2024-01-31T11:00:00.000Z,60,,public,true,Détente,2,9CzhFBDYHWOniAx03TXvupsJDMu2,10,10,1,0,0,0,0
IWrw3uqJL7zGNse4Y5Ie,Stadium Thiais,published,pro,ChIJ64X9jzx05kcRsHvSfOv6UcA,48.7511024&2.3713455,2024-01-31T18:00:00.000Z,90,15,public,false,,,psf3NmXEPwdCltHKJC7VuvJocrF3,0,10,0,0,0,0,0
IX9uwCZZjZBB9VhOvzdJ,Le 13 - Foot en salle - Marseille,canceled,captain,ChIJR62kUm_ByRIRDnGQqGCeUVQ,43.33370070000001&5.370389599999999,2024-02-07T19:30:00.000Z,60,10,public,false,Détente,3,JhzYtbyIfxe5yUlcuYzUPNXhyMN2,10,10,0,0,0,0,1
IXLCGf67EO7TgO9OSiPH,LE FIVE Paris 18,played,pro,,48.8978522&2.3700234,2024-02-08T21:20:00.000Z,90,10,public,false,,,UQf33jQhVZhle917nO0h7D5qclV2,10,10,6,1,0,1,6
IXgUeg05GJ0LCTQJm1S6,UrbanSoccer - Lyon Parilly,played,captain,ChIJx3FQWjLC9EcRrrQb2eV7i_4,45.7120399&4.9039284,2024-02-12T18:15:00.000Z,90,15,private,true,Détente,3,vENMZ1yaZJg7Ie8dtcOnOQInYJh2,10,10,8,0,0,0,0
IXy1SpwHq3RUNqVpGyzr,Le Street Foot en Salle,canceled,captain,ChIJt_AXL6Jg5kcRu6rBmnrmeUM,49.0164435&2.181307,2024-02-11T12:00:00.000Z,120,16,public,false,Détente,2,fUEop5lNJWh0YPTGRhJzX2wbEY82,7,10,0,0,0,0,1
IbH5cRVYtAMnCbblaiou,UrbanSoccer Evry,canceled,captain,ChIJW0Ut1G7e5UcRt621n2fRQ5M,48.6286849&2.4066366,2024-02-16T19:15:00.000Z,60,11,public,true,Détente,,eSmxmEybIGSApIIRJid0q0VRQz23,4,10,0,0,0,0,0
IbN7MRyEoY1CsVqYdVxS,UrbanSoccer - Porte d'Aubervilliers,played,captain,ChIJ0dXjDCZs5kcRvX0EpMwxsUY,48.9074912&2.3746518,2024-02-05T20:00:00.000Z,60,15,public,true,Détente,3,Fq96sV6cmpX8uGUGlAnPL73lqF32,10,10,2,0,0,0,1
IcQ1WcofxLEsx2WtMMAX,Foot-Max Argenteuil,canceled,pro,ChIJi9oIzaRm5kcRJYcK7QsdRMU,48.9501632&2.2093946,2024-02-13T18:00:00.000Z,60,7,public,false,,,SuEnyPZ4TgNIkt1yap2yJ3ZHO6p1,0,10,0,0,0,0,0
IcStaf2QEpEODDVuu6b2,UrbanSoccer - Marne-La-Vallée,canceled,captain,ChIJ6bDBiosP5kcROXiloHzSdhc,48.82658600000001&2.6296937,2024-02-04T10:00:00.000Z,90,15,public,true,Détente,3,Jpgv5cwLQeOSHMgM2QxG7MBcyVh1,9,10,0,0,0,0,0
IeAM1vrgNKzqLGJOtEtT,Stade Jean-Pierre Wimille,canceled,captain,ChIJpROZRl9l5kcRIMxrDepRwGo,48.87414159999999&2.2772219,2024-02-02T11:00:00.000Z,90,,public,false,Détente,3,XnvW9brVmuclYXS7MIYBC1ThD8e2,9,18,0,0,0,0,0
IfdJaA5wwqohi76qKE5I,LE FIVE Paris 17,played,pro,,48.900032&2.3213449,2024-01-31T16:00:00.000Z,60,5,public,false,,,V6mqbc9C8FNa1RQlUupjeoqOsZL2,10,10,9,0,0,0,9
IgZxObYcAkOXf71id4bY,LE FIVE Créteil,played,captain,ChIJ88lx3VwL5kcRVxCh4lD6_Gk,48.7643086&2.4706522,2024-02-13T19:00:00.000Z,60,11,public,false,Détente,3,BJC6BHC0zKN8sMw5GyRxya3cbvJ3,10,10,2,0,0,0,2
Ihe8La4Mey0QtNUJPV97,GOPARK INTERIEUR - Paintball et trampolines parc,played,captain,ChIJ2cJmdhf15kcRQ4mUOxIVzd0,49.045624&2.0799886,2024-02-12T18:30:00.000Z,60,11,public,false,Détente,2,76YZWwA4HoUFuVSt6tlq1D1B1tk2,10,10,1,0,0,0,1
IiBm02Y6O6QPvi8Mqndu,Stadium Thiais,hidden,pro,ChIJ64X9jzx05kcRsHvSfOv6UcA,48.7511024&2.3713455,2024-02-09T18:30:00.000Z,90,15,public,false,,,psf3NmXEPwdCltHKJC7VuvJocrF3,0,10,0,0,0,0,0
IlotEXYieQ8TUS7xqyJI,UrbanSoccer - Porte d'Aubervilliers,played,captain,ChIJ0dXjDCZs5kcRvX0EpMwxsUY,48.9074912&2.3746518,2024-02-15T17:10:00.000Z,60,11,public,true,Détente,2,C4JqZy5avcYc46k6O7KyLMbNPDe2,10,10,2,0,0,0,1
ImMZrpoo0dhO9IX903d4,LE FIVE Marville - La Courneuve,canceled,captain,ChIJ2dHdMZxr5kcR0aKYHYsp0pY,48.9364404&2.3869147,2024-02-11T11:00:00.000Z,90,15,public,false,Détente,,DjnUf6VnXfVr1wxMKWs5mQIQqvY2,6,10,0,0,0,0,0
InFABogXK7oIZBtb4P7y,Stade François Desmont,played,captain,ChIJiXJobswM5kcRPirUiBoYdvI,48.7990434&2.455735,2024-01-31T18:25:00.000Z,90,,public,false,Détente,3,ylWQ8A1lxaUgJ92zEw4nXFRMOP83,14,14,5,0,0,0,0
InqzK50HGV7Dhgy7RYIu,UrbanSoccer - Lille Lezennes,canceled,captain,ChIJR3ro5nTWwkcRfM_S3Be9HjI,50.6162725&3.0998108,2024-02-07T19:15:00.000Z,60,12,public,true,Détente,2,ndAd7rihYxdiPIlgyGdDCz4tS0d2,1,10,0,0,0,0,0
Io56jbVA0GZsiLCN0rA5,Top Ten,published,pro,ChIJfXprBx4b5kcRmhe-5pLZUek,48.8729106&2.6840919,2024-02-18T08:00:00.000Z,90,15,public,false,,,i27253AGxOfXgYJK72sBnvUGuMk2,0,10,0,0,0,0,0
IoXwwSJIABRcM8lm54bD,LE FIVE Carrières-sous-Poissy,played,captain,ChIJ9T4fWfyL5kcRCBX-FyZLvEE,48.9469325&2.0233834,2024-02-01T19:30:00.000Z,90,14,public,false,Chill,3,YsUqPkaiOtW8h1B9dam6ViMm2Tw2,10,10,2,0,0,0,0
IofUDMZA0xkmxnIoFmuy,UrbanSoccer - Lille Lezennes,canceled,captain,ChIJR3ro5nTWwkcRfM_S3Be9HjI,50.6162725&3.0998108,2024-01-31T18:30:00.000Z,60,12,public,true,Détente,2,ndAd7rihYxdiPIlgyGdDCz4tS0d2,2,10,0,0,0,0,0
Ir2l2o7bW0EmDKEzFnUF,KIPSTADIUM : Centre de Pratique dédié aux Sports Collectifs,draft,captain,ChIJydcoT88ow0cRLnHvlF-Z_jE,50.708529&3.173304,2024-01-31T18:00:00.000Z,60,,private,false,,,D02emwB71cYfrgO1G7vlHMOoKMo1,0,0,0,0,0,0,0
IrIt8gSAd7KjOU3rMftO,Stadium Thiais,published,pro,ChIJ64X9jzx05kcRsHvSfOv6UcA,48.7511024&2.3713455,2024-02-09T14:00:00.000Z,90,8,public,false,,,psf3NmXEPwdCltHKJC7VuvJocrF3,0,10,0,0,0,0,0
IsEMqYaBryIqsatuQN66,Parc Interdépartemental des Sports du Tremblay,played,captain,,48.8281085&2.491365,2024-01-30T15:00:00.000Z,90,,public,false,Compétition,4,OKSK9YmBnhPYPn6fchCcUo9A2Mt2,18,18,0,0,0,0,3
IsKp5OeDmKFahRtR0V0b,UrbanSoccer - Porte d'Aubervilliers,played,captain,ChIJ0dXjDCZs5kcRvX0EpMwxsUY,48.9074912&2.3746518,2024-02-05T18:30:00.000Z,60,14,public,true,Détente,2,mDJ1XlTQcOhMTnHDxMKRTFyZLXG3,10,10,2,0,0,0,0
IsVbh17cPlpQOxkpXpmS,LE FIVE Paris 13,published,captain,ChIJ_bOSChhz5kcRZMTeq_6Gdzg,48.8181615&2.3658793,2024-02-04T11:30:00.000Z,60,14,public,true,Détente,2,bc8Ujlut0lgtFNrdgCc7RydoRLf2,9,10,0,0,0,0,0
ItFcB0uZrfVIleLdN6W0,LE FIVE Paris 18,played,captain,ChIJpVT4_n1u5kcRzji6FdTBXXo,48.8978522&2.3700234,2024-02-13T18:30:00.000Z,60,14,public,true,Détente,2,yb2Lf2SE43Qbv9lslzMllwnrtFF3,10,10,6,0,0,0,3
ItVjxHdRP7kSWhiJdNaB,UrbanSoccer - Puteaux,published,captain,ChIJM_sC0-Nk5kcRhL1y_EFIje8,48.8836397&2.2312283,2024-02-12T17:30:00.000Z,60,12.5,public,true,Détente,,gS2tE4wr3jbmluTfpk5CLCYpWd03,8,10,0,0,0,0,0
Ix5ZdrTcpQEvaboHRWVh,LE FIVE Paris 13,played,captain,ChIJ_bOSChhz5kcRZMTeq_6Gdzg,48.8181615&2.3658793,2024-02-01T18:00:00.000Z,60,12,private,true,Détente,2,rvLjq3AUAqTwVWmJD9H26r21DpH3,10,10,0,0,0,0,0
Iy2sVwUqxdrTAZy7fm0S,Stade Georges Racine,played,captain,ChIJDZg5z11v5kcRk4jjPZYQShs,48.9063715&2.3127112,2024-02-15T11:15:00.000Z,90,,public,false,Détente,3,2LI2FdIfzBX71LGpcMSJBBty8fh2,16,16,1,0,0,0,0
J0GgkmTmTdMtgakuzWKq,UrbanSoccer Guyancourt,played,captain,ChIJmdX-2c-A5kcRj1wtOS8rZmo,48.7722091&2.0600292,2024-02-08T11:30:00.000Z,60,8.5,public,true,Détente,3,4UJbZ59vNcOoUDBQzkkRTDiLYA33,10,10,3,0,0,0,1
J1UIlDxfUjWe4OBhYPEc,Laser Stadium,canceled,captain,ChIJpZdywq4i9UcRJAPhLaIPorA,45.355282&4.8109091,2024-01-31T18:00:00.000Z,60,9.5,public,false,Détente,2,gM6ubuxBZSVtArDIn1LWUqLhaqh2,8,10,0,0,0,0,0
J4QvOfvsSRczxIkgKOmy,LE PARK Complexe Multisports,played,captain,ChIJdUHbID8O5kcRV5lQhiHTvhs,48.8337843&2.5728501,2024-02-03T19:00:00.000Z,90,13,public,false,,3,ck7xoGxVlvS7n6ud7pCxXd2JGDl2,10,10,4,0,0,0,3
J5xBTFXK2AEkZuL3HfGk,LE FIVE Montreuil,published,pro,,48.8613036&2.4653095,2024-01-30T12:00:00.000Z,60,7,public,false,,,u9uC1vjdcdQ3UqNxI0SiFxor0m43,0,10,0,0,0,0,0
J6FtQGas7lx7M09q1mG6,UrbanSoccer - Toulouse Sept Deniers,played,captain,ChIJk5nUBdOkrhIRP-1aUJzo-lA,43.6321552&1.411696,2024-02-04T16:25:00.000Z,60,8.5,public,true,Détente,4,gk5d16P1xMW94zEAk2jISvE0yCu1,10,10,0,0,0,0,0
J6lGqrwK2RvjCZKyNKCS,Play Soccer,played,captain,ChIJQ-UxZn-5rhIRKWoQydM5T9s,43.5512023&1.4098927,2024-02-09T21:00:00.000Z,60,9,public,false,,,8LtkeOuZHeePxfkXdNPmQSr7V9L2,10,10,4,0,0,0,0
J7eJdwu9BstGx9dGRtyW,Stade Des Courtilles,canceled,captain,ChIJ83HS9ldv5kcR-plMKkHPNTA,48.929137&2.2834726,2024-02-16T17:00:00.000Z,150,,public,false,Compétition,3,362hoymryLViTjqE7fc8aW4jgTm2,7,14,0,0,0,0,0
J88uA4nWHdiCzSCdtiFu,UrbanSoccer Meudon,canceled,captain,ChIJ0WKvjbh75kcRoqSmyWwW2jQ,48.8001204&2.2140771,2024-01-30T18:30:00.000Z,60,10.5,public,true,Détente,3,iDoz8QkIwITMxLES0q0WUlqReDo2,9,10,0,0,0,0,0
JFOYeVmDF7Vvcyf1MIRr,LE FIVE Montreuil,published,pro,ChIJJdTQjr0T5kcRZmGxtIJVy44,48.8613036&2.4653095,2024-02-15T22:00:00.000Z,60,8,public,false,,,u9uC1vjdcdQ3UqNxI0SiFxor0m43,0,10,0,0,0,0,0
JFzCMMXH6QPcS8eTXS14,LE FIVE Paris 18,played,pro,ChIJpVT4_n1u5kcRzji6FdTBXXo,48.8978522&2.3700234,2024-02-10T08:30:00.000Z,90,10,public,false,,,UQf33jQhVZhle917nO0h7D5qclV2,10,10,9,0,0,0,3
JG3mAbweJlhM69U1FRo5,Stadium Thiais,played,captain,ChIJ64X9jzx05kcRsHvSfOv6UcA,48.7511024&2.3713455,2024-01-30T19:30:00.000Z,90,15,public,false,Détente,2,x3tbKt8CJbOF3KTtOigWn9KMxRU2,10,10,4,0,0,0,2
JHCYLVwQamPznBjawkDt,UrbanSoccer Evry,canceled,captain,ChIJW0Ut1G7e5UcRt621n2fRQ5M,48.6286849&2.4066366,2024-02-17T18:00:00.000Z,90,13.5,public,true,Détente,3,FBrRwiYQvjbd6UeXKISPFhhsK4a2,10,10,0,0,0,0,0
JHzOw8KXC4Xnt58s3EVj,UrbanSoccer - Nantes St-Sébastien,canceled,captain,ChIJAyKrntzoBUgRF09hrORC2nc,47.1902798&-1.4846704,2024-02-06T19:00:00.000Z,60,12,public,true,Détente,2,KuxIevAyVMgKqfib1AB8yZNZcc43,1,10,0,0,0,0,0
JI2jzSxSpqTylioqan7Y,Stadium Thiais,hidden,pro,ChIJ64X9jzx05kcRsHvSfOv6UcA,48.7511024&2.3713455,2024-02-01T18:00:00.000Z,90,15,public,false,,,psf3NmXEPwdCltHKJC7VuvJocrF3,0,10,0,0,0,0,1
JIDMezlMkmQqygzwEbPF,Stadium Thiais,published,pro,ChIJ64X9jzx05kcRsHvSfOv6UcA,48.7511024&2.3713455,2024-02-15T11:00:00.000Z,60,7,public,false,,,psf3NmXEPwdCltHKJC7VuvJocrF3,0,10,0,0,0,0,0
JJRW3U6YRhBQIlRG7w3i,LE FIVE Bezons,canceled,pro,ChIJ04KEHBZk5kcRoDWLaMOCCwQ,48.91909&2.2093051,2024-02-18T09:30:00.000Z,90,15,public,false,,,U3MriTZbPbTUEsU6RtRuHxDMKvg2,0,10,0,0,0,0,0
JKbUKefwrbC8Y3TnTS5e,Garden Soccer,published,captain,ChIJB1Epk28EyRIRXiphlsMqnOU,43.11422109999999&5.845142099999999,2024-02-04T11:00:00.000Z,120,15,public,false,Détente,3,ohgF7tc4HNfjokzONsD5djgs80V2,8,10,0,0,0,0,0
JKngbYOq6Cnt4TpOihYI,Stadium Thiais,published,pro,ChIJ64X9jzx05kcRsHvSfOv6UcA,48.7511024&2.3713455,2024-02-02T21:30:00.000Z,90,14,public,false,,,psf3NmXEPwdCltHKJC7VuvJocrF3,0,10,0,0,0,0,0
JL16dzkK3MNuXxbrANDE,Play Soccer,canceled,captain,ChIJQ-UxZn-5rhIRKWoQydM5T9s,43.5512023&1.4098927,2024-02-09T17:30:00.000Z,90,13.5,public,false,,,8LtkeOuZHeePxfkXdNPmQSr7V9L2,6,10,0,0,0,0,0
JN9gL8v7dhtWdYvAEldZ,Le Street Foot en Salle,played,captain,ChIJt_AXL6Jg5kcRu6rBmnrmeUM,49.0164435&2.181307,2024-02-18T16:30:00.000Z,90,14,public,false,Détente,3,OJknS6xEHQg7gnie3oJA8tPlh953,10,10,3,0,0,0,3
JNvctmoasxAS8HgdGQDL,KIPSTADIUM : Centre de Pratique dédié aux Sports Collectifs,canceled,captain,ChIJydcoT88ow0cRLnHvlF-Z_jE,50.708529&3.173304,2024-02-06T19:00:00.000Z,60,8,public,false,Détente,2,Zj6WgpBE65eJO4fjThDteNNesqC2,8,10,0,0,0,0,0
JRdkZ0bWPdZNUdbHvTDZ,UrbanSoccer La Défense,played,captain,ChIJh4rnfVhk5kcRV2Q-ZKdm8vA,48.8996456&2.2216773,2024-02-05T17:45:00.000Z,90,21,public,true,Détente,3,sQoSVj09wwhPmfLLZu4PQ1UoGwV2,10,10,4,0,0,0,1
JSvfzliruqV6RZLvXP5T,LE PARK Complexe Multisports,canceled,captain,ChIJdUHbID8O5kcRV5lQhiHTvhs,48.8337843&2.5728501,2024-02-14T20:30:00.000Z,90,15,public,false,Détente,3,829zZz6oFwgbm5XgM88zXeeLYNB3,7,10,0,0,0,0,0
JTCYywAWZ0HPyVU60UBc,UrbanSoccer - Lyon Parilly,canceled,captain,ChIJx3FQWjLC9EcRrrQb2eV7i_4,45.7120399&4.9039284,2024-02-09T18:00:00.000Z,60,10,public,true,Détente,3,C0tIJK1E6qSQDXwkeBUMR5VYmMj1,5,10,0,0,0,0,0
JTIve4A1v9NNqnSRXNxE,Speed Soccer Five,published,pro,ChIJ2xTNglV25kcR3UDi4AXGfDU,48.7360598&2.315058,2024-02-15T17:00:00.000Z,90,13,public,false,,,MkTJljXziPXBdRdijccndMLBNCC3,0,10,0,0,0,0,0
JU0BAawwgvAKfoa0pQXJ,Centre Sportif Maryse Hilsz,draft,captain,ChIJgY6iBYxt5kcRHD7TB4jAHV4,48.8520783&2.4128877,2024-02-05T18:00:00.000Z,90,2,public,false,Compétition,5,MSDghmVXrle8DnHoHPla4CqoRui1,0,22,0,0,0,0,0
JXlTAypVzbAkJmIcOL9v,Top Ten,published,pro,ChIJfXprBx4b5kcRmhe-5pLZUek,48.8729106&2.6840919,2024-02-19T11:00:00.000Z,90,5,public,false,,,i27253AGxOfXgYJK72sBnvUGuMk2,1,10,0,0,0,0,0
JYuBYju4mtzvHwSShld2,Z5 Aix,played,captain,ChIJKb-U_9KSyRIRKIFKbH5mW18,43.4787869&5.3969048,2024-02-08T17:00:00.000Z,60,11,public,false,Détente,2,WAR3T49i5EVWHTe2EKh3b0WsVpM2,10,10,4,0,0,0,0
JZKB1yy2ihNvdCyHDblm,UrbanSoccer - Puteaux,played,captain,ChIJM_sC0-Nk5kcRhL1y_EFIje8,48.8836397&2.2312283,2024-02-09T11:00:00.000Z,60,11.5,public,true,Détente,3,sopozsXBVtRnKWWT6QXIkyR72nH2,10,10,2,0,0,0,0
JaRwkWQRT6a9pdh0ArZt,Stadium Thiais,played,captain,ChIJ64X9jzx05kcRsHvSfOv6UcA,48.7511137&2.3715422,2024-02-12T18:00:00.000Z,90,14,public,false,,3,8z69joeXgRXkGFP3TNv4gKoMtiy1,12,12,4,0,0,0,0
Jco3OgQueufdY4GnsHuZ,FOOT IN FIVE,published,captain,ChIJoUR0syFp5kcRUlStnwluaYY,48.9552257&2.3328346,2024-02-19T18:30:00.000Z,90,15,public,false,Détente,2,WOPzqkRngEXIhtusPBQs3ekn9Ql2,7,10,0,0,0,0,1
JfmjBnEjuZ1bpVLj35QV,LE FIVE Carrières-sous-Poissy,canceled,captain,ChIJ9T4fWfyL5kcRCBX-FyZLvEE,48.9469325&2.0233834,2024-02-04T10:30:00.000Z,90,12,public,false,,4,T3MXqcHK9jTOVl5qDb6YLQV5V8R2,9,10,0,0,0,0,1
JgtLZMVthWpEFLTJgBW5,Stadium Thiais,played,pro,,48.7511024&2.3713455,2024-02-10T16:30:00.000Z,90,12,public,false,,,psf3NmXEPwdCltHKJC7VuvJocrF3,10,10,6,0,0,1,2
Jh34XqItSpjm62yaRSF5,LE FIVE Montreuil,published,pro,ChIJJdTQjr0T5kcRZmGxtIJVy44,48.8613036&2.4653095,2024-02-17T21:00:00.000Z,120,20,public,false,,,u9uC1vjdcdQ3UqNxI0SiFxor0m43,0,10,0,0,0,0,0
JhItxt3l15O4IHC7PAj4,Stadium Thiais,played,pro,,48.7511024&2.3713455,2024-02-04T16:30:00.000Z,90,15,public,false,,,psf3NmXEPwdCltHKJC7VuvJocrF3,10,10,5,0,0,0,1
JhVsgFGZ1sZF8iZj9Z89,UrbanSoccer - Puteaux,played,captain,ChIJM_sC0-Nk5kcRhL1y_EFIje8,48.8836397&2.2312283,2024-01-30T19:30:00.000Z,60,15,public,true,Détente,2,hO6g23viHmY0RAl543EF9aEYeLJ3,10,10,0,0,0,0,3
JiNyhKwwVvEvpKkm8HLL,LE FIVE Bezons,played,pro,,48.91909&2.2093051,2024-02-06T21:00:00.000Z,90,14,public,false,,,U3MriTZbPbTUEsU6RtRuHxDMKvg2,10,10,3,0,0,0,2
Jig9USU2IhBxLzxxqSED,UrbanSoccer - Marne-La-Vallée,canceled,captain,ChIJ6bDBiosP5kcROXiloHzSdhc,48.82658600000001&2.6296937,2024-02-08T19:15:00.000Z,90,18,public,true,Détente,3,mRbadPbBvXcoSX6mrlaujKRGGt83,10,10,0,0,0,0,1
JjocVG6kOsTZRowIG9s6,UrbanSoccer - Porte d'Aubervilliers,played,captain,ChIJ0dXjDCZs5kcRvX0EpMwxsUY,48.9074912&2.3746518,2024-02-16T20:30:00.000Z,90,9.75,public,true,Compétition,3,n3R2uzshLmftuthw5S5G7k14amb2,10,10,4,0,0,0,2
JkH2yJ6apUhjdCo2U1iW,LE FIVE Paris 18,canceled,captain,ChIJpVT4_n1u5kcRzji6FdTBXXo,48.8978522&2.3700234,2024-02-04T19:00:00.000Z,90,,public,true,Détente,2,BRB3Z0vvLwbrAMv2ys5JUnK19WW2,10,10,0,0,0,0,0
Jogapd1KgVpSpFo87ioZ,LE FIVE Bezons,published,pro,,48.91909&2.2093051,2024-02-02T11:00:00.000Z,90,10,public,false,,,U3MriTZbPbTUEsU6RtRuHxDMKvg2,0,10,0,0,0,0,0
JrYfO97pRkiRfJrcbwIC,F5 Foot Five,played,captain,ChIJjUbM5G7A9EcRW3mlkrhyXxY,45.7857911&4.905926399999999,2024-02-02T19:00:00.000Z,60,9.5,public,false,,4,1oj8NXGqeiXqGZ1uu2Tyz2ZGdBt1,10,10,3,0,0,0,0
JtkMZoALpF7CLZUGlGnG,UrbanSoccer - Montpellier,published,captain,ChIJVXFMq4ylthIRtrZPBHOMTAc,43.6287861&3.9096381,2024-02-16T19:00:00.000Z,60,10,public,true,Compétition,5,begH3EUrhRTvTTB9TUIsF0wMYuz1,1,10,0,0,0,0,0
JymxUgKCA0ZMnEB7wPkb,UrbanSoccer - Toulouse Sept Deniers,canceled,captain,ChIJk5nUBdOkrhIRP-1aUJzo-lA,43.6321552&1.411696,2024-02-13T14:30:00.000Z,60,4.9,public,true,Détente,2,wtnsXikCw2SzC8ybn61IvBinamt1,9,10,0,0,0,0,0
K1hPc1bzBp2sNxuTIQh5,LE FIVE Bezons,played,captain,ChIJ71Mv0Wpk5kcRg-H9x7L-dXo,48.9190524&2.211796,2024-02-17T16:00:00.000Z,120,13.5,public,true,Détente,,GPsbQHDAv3QT9to65DFO4XVTerq1,10,10,2,0,0,0,3
K3Fn2h4NGPBzIGTIukOs,Le 13 - Foot en salle - Marseille,canceled,captain,ChIJR62kUm_ByRIRDnGQqGCeUVQ,43.33370070000001&5.370389599999999,2024-02-07T18:00:00.000Z,60,10,public,false,Compétition,4,tYE0hxio2uYHYCahKUN7QqZwcbi1,6,10,0,0,0,0,1
K4xqHi3C39oaeACYLnvz,Stadium Thiais,published,pro,ChIJ64X9jzx05kcRsHvSfOv6UcA,48.7511024&2.3713455,2024-02-19T18:00:00.000Z,90,15,public,false,,,psf3NmXEPwdCltHKJC7VuvJocrF3,0,10,0,0,0,0,0
K5ThQYK6W58ZCDLPJVjl,LE FIVE Paris 18,published,pro,ChIJpVT4_n1u5kcRzji6FdTBXXo,48.8978522&2.3700234,2024-02-19T16:00:00.000Z,60,5,public,false,,,UQf33jQhVZhle917nO0h7D5qclV2,10,10,0,0,0,0,4
K6ugseIB1ehjLzXwB2ht,UrbanSoccer La Défense,played,captain,ChIJh4rnfVhk5kcRV2Q-ZKdm8vA,48.8996456&2.2216773,2024-02-11T09:30:00.000Z,90,21,public,true,Détente,3,ITrNt3Z6SmZV4gcbWF9kRfaR0EQ2,10,10,2,0,0,0,2
K7MBr2qzT7H7TLH3qIld,Complexe Omnisports Alain Mimoun,canceled,captain,ChIJrenaaBhl5kcRCBguz4QZwJQ,48.8732161&2.1956117,2024-01-31T17:00:00.000Z,120,5,public,false,Compétition,4,uK7KAxZFpwZeIpiBLR7VWDgp0qF2,2,12,0,0,0,0,0
KBeBTwRudQxFLqAZ6E5Z,Halle Georges Carpentier,canceled,captain,ChIJnXkSwCty5kcR-nlHXNFQlg4,48.82020139999999&2.3672361,2024-02-15T14:30:00.000Z,120,,public,false,Détente,,FYfgfT1shkXXyaMI4sZTA7d9Qdw2,1,12,0,0,0,0,0
KD5LlB3tzuMBNVH5fBB3,Classico Foot,played,captain,,43.5945434&1.2911399,2024-02-01T17:00:00.000Z,60,9,public,false,Détente,2,mbcCvkM0XUUSM7oG1RRK5cf3Qmo1,10,10,0,0,0,0,0
KD8vSrXm7slHzmPjaMws,ASF Handball,canceled,captain,ChIJ0UzbG7lw5kcRTr8bg4ESM0M,48.79027920000001&2.2909163,2024-02-18T13:30:00.000Z,60,,public,false,Compétition,4,VshWbwhHb4TdQDzvmud5TxNtZ5i2,4,10,0,0,0,0,0
KDSwvp4cyQ2JCoWCWCyL,UrbanSoccer - Porte d'Aubervilliers,canceled,captain,ChIJ0dXjDCZs5kcRvX0EpMwxsUY,48.9074912&2.3746518,2024-02-17T17:45:00.000Z,90,7.5,public,true,Compétition,3,n3R2uzshLmftuthw5S5G7k14amb2,9,10,0,0,0,0,0
KE9gElxH8CIHYeMDRaTT,FIVE ARENA MEAUX ,published,pro,,48.9539465&2.9154573,2024-02-03T19:00:00.000Z,90,10,public,false,,,4K6djqUyJdTgGF3Q7nh7CXQHqVh1,0,10,0,0,0,0,0
KEOeVf2hqIwlBd5JIAOR,Stadium Thiais,played,captain,ChIJ64X9jzx05kcRsHvSfOv6UcA,48.7511137&2.3715422,2024-02-11T09:30:00.000Z,90,15,public,false,Détente,3,MExi1O1oPjQKTXDmIW483grqvv13,10,10,9,0,0,0,4
KEfSV8rAVTc7g6FSdd5U,LE FIVE Villette,played,captain,ChIJTUFnQjps5kcR0pHITLTw1PI,48.9070122&2.3861459,2024-02-05T18:00:00.000Z,60,12,public,false,Détente,2,msqF1avyxgVY7CHeI44lza9PNls1,10,10,0,0,0,0,0
KGVFhKAdv2XEfROwu993,Stadium Thiais,played,pro,,48.7511024&2.3713455,2024-02-05T21:00:00.000Z,90,14,public,false,,,psf3NmXEPwdCltHKJC7VuvJocrF3,10,10,7,0,1,0,6
KH4z129EUj2t6nAIiz6h,UrbanSoccer - Lille Bondues,published,captain,ChIJ58ZerMgrw0cR2Jyp7tZjBn4,50.6913774&3.0860264,2024-02-19T18:30:00.000Z,60,11,public,true,Détente,3,OCWzufzKuVWFZsQlEiqXahkjB163,10,10,0,0,0,0,0
KHAeq2WeZ3fQh1fkoraO,Rue du Musée,played,captain,ChIJ4ypzX6B15kcRFesay1dBJco,48.71676&2.39852,2024-02-18T09:30:00.000Z,120,1,private,false,Compétition,5,5v9WX6HkohWW6s4r8BR39p1iJxu1,16,16,8,0,1,0,1
KHWXlfvt2vC5ftcN781E,LE FIVE Paris 13,published,pro,,48.8181615&2.3658793,2024-01-30T22:00:00.000Z,60,10,public,false,,,FjSnzlRFFfhWVWQJGfIEwRc2ZMj2,0,10,0,0,0,0,0
KIzAw7P8deA9p40Wgmr6,LE FIVE Paris 18,published,pro,ChIJpVT4_n1u5kcRzji6FdTBXXo,48.8978522&2.3700234,2024-02-14T10:00:00.000Z,90,8,public,false,,,UQf33jQhVZhle917nO0h7D5qclV2,1,10,0,0,0,0,2
KJqwUqau6lhv7mGITMcU,LE FIVE Paris 17,published,captain,ChIJ7eI8sFNv5kcR5xy52Wc57NU,48.900032&2.3213449,2024-02-17T04:00:00.000Z,60,80,public,true,Détente,3,U8Yj2JMNF3S0dpYsuvpYShgHtLl2,6,10,0,0,0,0,0
KKSZiaHheUiC8zlPMZFo,UrbanSoccer - Porte d'Aubervilliers,played,captain,ChIJ0dXjDCZs5kcRvX0EpMwxsUY,48.9074912&2.3746518,2024-02-09T22:00:00.000Z,60,10.5,public,true,Compétition,4,3hNGro280LXi8EVzltW2QaTRI4Q2,10,10,2,0,0,0,1
KLmw3LO9zTGh8T9tTabf,UrbanSoccer - Puteaux,played,captain,ChIJM_sC0-Nk5kcRhL1y_EFIje8,48.8836397&2.2312283,2024-02-15T17:00:00.000Z,60,,public,true,Détente,3,hkS3DKm1T2Mo37BLNKvVsHUwygs1,10,10,2,0,0,0,2
KLtLtgnKB0hb1HQfGIZt,Evolution Football,played,captain,,43.2836074&5.52356,2024-02-02T19:20:00.000Z,60,9,public,false,Détente,3,VTpy8cfS6iO3e8qxXAdQLz4pNxi1,10,10,0,0,0,0,0
KMmQF7zP3oIy51dlisey,Foot POWER 5,canceled,pro,,48.960066&2.2061913,2024-01-30T17:00:00.000Z,90,5,public,false,,,sss3dYi6nzWd7rEjwcQ30LGKudj1,0,10,0,0,0,0,0
KOI38AHDosmfZllUs02h,UrbanSoccer La Défense,canceled,captain,ChIJh4rnfVhk5kcRV2Q-ZKdm8vA,48.8996456&2.2216773,2024-02-03T16:45:00.000Z,60,13.5,public,true,Détente,3,VD9ODfaAjcS1pb401hKVLbwXGt92,5,10,0,0,0,0,0
KR3NyG87qC4EF4a3uaTV,Stade Jean-Pierre Wimille,played,captain,ChIJpROZRl9l5kcRIMxrDepRwGo,48.87414159999999&2.2772219,2024-02-09T11:00:00.000Z,90,,public,false,Détente,3,XnvW9brVmuclYXS7MIYBC1ThD8e2,18,18,2,0,0,0,0
KRVQP4n8tXsNRQSDQXtx,Play Soccer,published,captain,ChIJQ-UxZn-5rhIRKWoQydM5T9s,43.5512023&1.4098927,2024-02-19T17:30:00.000Z,90,15,public,false,Détente,4,ti4yIUTlFfRmvM2c8xPjGRFyuvV2,7,10,0,0,0,0,0
KSC1xjtujQbdcL7kVhzY,Monclub Futbol,published,captain,ChIJGbxxaamUyRIRgGvhHnhJStA,43.4299152&5.4001974,2024-01-30T19:00:00.000Z,60,9,public,false,Détente,3,gYzjIXHSBzaCoePh0UaduDL6Y3J2,9,10,0,0,0,0,0
KSsLinnDcyjnQUUyccNz,Massilia Foot Indoor 2,canceled,captain,ChIJxZ6UmMW-yRIRfYNGGPPJfIU,43.3266563&5.3836488,2024-02-08T21:00:00.000Z,60,9,public,false,Détente,2,UXuNqIGUAzTsha3wEklldLXqeMg2,1,10,0,0,0,0,0
KT71PrzZ1abtBLsmu9Y8,UrbanSoccer - Marne-La-Vallée,canceled,captain,ChIJ6bDBiosP5kcROXiloHzSdhc,48.82658600000001&2.6296937,2024-02-03T17:30:00.000Z,90,13.5,public,true,,3,ck7xoGxVlvS7n6ud7pCxXd2JGDl2,5,10,0,0,0,0,0
KVdCvotuopsYTBgbhdin,LE FIVE Paris 18,played,captain,ChIJpVT4_n1u5kcRzji6FdTBXXo,48.8978522&2.3700234,2024-02-05T21:00:00.000Z,60,5,public,true,Détente,2,n4W8yUPegFbSD03f1VsK8IkVZRg2,10,10,3,0,0,0,2
KZAVAmRzGk69MbzO9t7r,UrbanSoccer Meudon,canceled,captain,ChIJ0WKvjbh75kcRoqSmyWwW2jQ,48.80013599999999&2.2140811,2024-02-10T14:00:00.000Z,60,12,public,true,Détente,2,94mMGe5sKXgR2L97x0sfMATfYmi1,9,10,0,0,0,0,0
KZYF5Ltk2ZmQeJ1Y3xRX,LE FIVE VITROLLES,played,captain,ChIJi4A-IrHoyRIRunoYLEGNeYI,43.4338497&5.240971399999999,2024-02-13T17:00:00.000Z,60,10,private,false,,3,6E5dYktiK0arI1P4shBKmnq4Ao42,10,10,8,0,0,0,0
KbfTw7YtILfRnx4hyLRa,LE FIVE Marville - La Courneuve,published,captain,ChIJ2dHdMZxr5kcR0aKYHYsp0pY,48.9364404&2.3869147,2024-02-19T17:00:00.000Z,90,14,public,false,Détente,4,qsDjY5kB6MON8qU6SLTWc5mpkpu1,10,10,0,0,0,0,0
KdHzFxcaKpGA7rihTU10,UrbanSoccer - Porte d'Aubervilliers,played,captain,ChIJ0dXjDCZs5kcRvX0EpMwxsUY,48.9074912&2.3746518,2024-02-10T13:45:00.000Z,90,16.5,public,true,Détente,3,7UQsJI5HsCc20DDCu4vV95Wz1wJ2,10,10,3,0,0,0,1
Kdcgd1fxLzScL6R22fdD,Footbox,published,pro,ChIJY-WkusIR5kcR-tEad3UtaSQ,48.9022789&2.582647,2024-02-14T13:00:00.000Z,60,7,public,false,,,QI89VPazyLhBVnWH871jk4BUEZI3,1,10,0,0,0,0,0
Kdd8CrNiwr7W9lzkJXMB,Testing Purposes,published,pro,,67.461524&-152.801377,2024-01-30T15:00:00.000Z,90,12,public,false,,,f2LrY7SAV3U1V9tUVAZfiMxA3uu1,0,10,0,0,0,0,0
Kdv0W6XtTMla7Fvom9Wa,Events Five,canceled,captain,ChIJf8cSCJG5rhIRoQadPH-wW1U,43.5399703&1.3922897,2024-02-09T18:00:00.000Z,60,8,public,false,,,kz4gID3e1cY9RfDVkcGnK2fsrOx1,6,10,0,0,0,0,0
KeAhUCILtXLRCp9efAX9,Monclub Futbol,canceled,captain,ChIJGbxxaamUyRIRgGvhHnhJStA,43.4299152&5.4001974,2024-01-31T18:00:00.000Z,60,10,public,false,Détente,3,uYX7P5kdWghdtKRSG26ZY8zoZGu2,9,10,0,0,0,0,0
Kfsya23AFGhyvXvdINZT,Stade Élisabeth,canceled,captain,ChIJkXj9tq5x5kcROlxynHzTh9o,48.8207737&2.3270972,2024-02-10T14:30:00.000Z,120,,public,false,Détente,3,XUPRr4JmHNSlftMt2gFq5Pkvy3q1,4,12,0,0,0,0,0
KgWNFdeqJxZAy3RIlbMD,Foot-Max Argenteuil,played,captain,ChIJi9oIzaRm5kcRJYcK7QsdRMU,48.9501569&2.2093741,2024-01-31T18:00:00.000Z,60,5,public,false,Détente,4,F2NpwA2hUsMdFU6OOilgMbWzamO2,10,10,4,0,0,0,2
Kgq3LmvDGk4NIdhFA7v9,Halle Georges Carpentier,canceled,captain,ChIJnXkSwCty5kcR-nlHXNFQlg4,48.82020139999999&2.3672361,2024-02-05T14:00:00.000Z,120,,public,false,Détente,,FYfgfT1shkXXyaMI4sZTA7d9Qdw2,3,16,0,0,0,0,2
KhbCaPGHJBtH3BvxYTRW,UrbanSoccer Evry,published,captain,ChIJW0Ut1G7e5UcRt621n2fRQ5M,48.6286849&2.4066366,2024-02-02T19:00:00.000Z,60,12,public,true,Détente,3,ITtRl6l5yAW40Div5pz7dBehl8f2,9,10,0,0,0,0,0
KiVuw7IhMKVYVBDql6v9,Stadium Thiais,played,captain,ChIJ64X9jzx05kcRsHvSfOv6UcA,48.7511137&2.3715422,2024-02-10T15:30:00.000Z,90,14,public,false,,3,8z69joeXgRXkGFP3TNv4gKoMtiy1,12,12,7,0,1,0,2
Kkmlgl2KTIHvTQH7fUv0,UrbanSoccer - Porte d'Aubervilliers,played,captain,ChIJ0dXjDCZs5kcRvX0EpMwxsUY,48.9074912&2.3746518,2024-02-18T13:15:00.000Z,60,5,public,true,Compétition,4,AYvPOQWnJWaOXocJzJ0TXlbcxDB3,10,10,4,3,3,3,0
KlHn1rwxe6scuvvV3RtR,UrbanSoccer - Marne-La-Vallée,played,captain,ChIJ6bDBiosP5kcROXiloHzSdhc,48.82658600000001&2.6296937,2024-02-09T18:00:00.000Z,60,11,public,true,Détente,3,mUn5OKiTa4ajaMSrB4Ybcr4ZR5E2,10,10,0,0,0,0,1
KlLPMwgXsoKvPfSeNDmJ,Centre Sportif Jules Ladoumègue,published,captain,ChIJER9wvLZt5kcR7NF3jtXiMCY,48.8927564&2.3972743,2024-02-17T07:00:00.000Z,90,,private,false,,3,Psr7DaQkeuaukP0I7g71P9tMDrH3,1,16,0,0,0,0,0
Km60WBBGqbGG5PfVS8Jn,Parc de Choisy,canceled,captain,ChIJ7RWNzpZ05kcRTkknDj8Df-I,48.7664003&2.4305572,2024-01-29T22:00:00.000Z,30,20,public,false,Compétition,5,s07JSnByr4cK4nenA1O20t1kL6o1,4,4,0,0,0,0,0
KnSqTHEJiIvGy2stW0lQ,Top Ten,played,pro,ChIJfXprBx4b5kcRmhe-5pLZUek,48.8729106&2.6840919,2024-02-14T16:00:00.000Z,90,5,public,false,,,i27253AGxOfXgYJK72sBnvUGuMk2,10,10,4,0,0,0,9
KnqMjTJbixpPYHl9z72J,Play Soccer,played,captain,ChIJQ-UxZn-5rhIRKWoQydM5T9s,43.5512023&1.4098927,2024-02-04T18:00:00.000Z,60,8,public,false,,,8LtkeOuZHeePxfkXdNPmQSr7V9L2,10,10,0,0,0,0,0
KoTJdSaEEy1m9hp18p8a,Stade de l'Ile Billancourt,played,captain,ChIJ_VzHyPZ65kcRie3KTzFg37c,48.8223054&2.2450824,2024-02-12T11:15:00.000Z,90,,public,false,Compétition,3,KkIe20SESrQEox7gFr1iQCSjgI72,16,16,1,0,0,0,0
KpEfef4gQeU9kmL4lvnN,LE PARK Complexe Multisports,played,captain,ChIJMU8gErUJ5kcRSnpvacKwFtM,48.71189589999999&2.5771181,2024-02-04T10:30:00.000Z,90,15,public,false,Détente,2,zMWmc1wK6KUtcAKJDhv4b9GL4Xf1,10,10,0,0,0,0,1
KqG0K3B6hl57jTXVVns1,Play Soccer,played,captain,ChIJQ-UxZn-5rhIRKWoQydM5T9s,43.5512023&1.4098927,2024-02-05T17:30:00.000Z,90,15,public,false,,3,8LtkeOuZHeePxfkXdNPmQSr7V9L2,10,10,3,0,0,0,1
KqIdmYSn5e0ar0fwdQA7,Speed Soccer Five,published,pro,ChIJ2xTNglV25kcR3UDi4AXGfDU,48.7360598&2.315058,2024-02-10T19:30:00.000Z,90,10,public,false,,,MkTJljXziPXBdRdijccndMLBNCC3,2,10,0,0,0,0,0
KqK1QDq7R6X8zztUUCyv,Speed Soccer Five,published,pro,ChIJ2xTNglV25kcR3UDi4AXGfDU,48.7360598&2.315058,2024-02-14T17:00:00.000Z,90,13,public,false,,,MkTJljXziPXBdRdijccndMLBNCC3,0,10,0,0,0,0,0
KqKV51t4iiPF3y3Jxc8d,Evolution Football,played,captain,ChIJX0YulIi8yRIRnGh62u3UXTQ,43.2836074&5.52356,2024-02-13T18:30:00.000Z,60,9,private,false,Détente,5,Lzo7WogBgXfxjsbuEBGvB9HLjxv1,10,10,9,0,0,0,0
KqgJzSfNTkcxX5WgO2rf,Play Soccer,published,captain,ChIJQ-UxZn-5rhIRKWoQydM5T9s,43.5512023&1.4098927,2024-02-14T19:00:00.000Z,60,10,public,false,,,8LtkeOuZHeePxfkXdNPmQSr7V9L2,5,10,0,0,0,0,0
KrksSMgXSte8jdoQuqbA,UrbanSoccer - Lyon Parilly,canceled,captain,ChIJx3FQWjLC9EcRrrQb2eV7i_4,45.7120399&4.9039284,2024-02-18T16:15:00.000Z,60,8.5,public,true,Détente,3,7ou9hC8p5EO5qD7DdvDLVn45NxF3,10,10,0,0,0,0,1
KsUMPj9k8882mhXuCpYi,Classico Foot,played,captain,,43.5945434&1.2911399,2024-02-07T17:00:00.000Z,60,9,public,false,Détente,,mbcCvkM0XUUSM7oG1RRK5cf3Qmo1,10,10,1,0,0,0,0
KsUYspDZG7t2vwswp2Pv,FIVE ARENA MEAUX ,canceled,pro,,48.9539465&2.9154573,2024-02-06T19:00:00.000Z,90,10,public,false,,,4K6djqUyJdTgGF3Q7nh7CXQHqVh1,0,10,0,0,0,0,0
KsxugMFVCu72igfOJGW7,LE FIVE Paris 18,played,captain,ChIJpVT4_n1u5kcRzji6FdTBXXo,48.8978522&2.3700234,2024-01-31T17:30:00.000Z,60,14,public,true,Détente,2,ntxZcrG8RRSBnnDAlLSgTO9DXhi1,10,10,2,0,0,0,2
Kt6fzaBzdwBMuOqrUhqv,Stadium Thiais,published,pro,ChIJ64X9jzx05kcRsHvSfOv6UcA,48.7511024&2.3713455,2024-02-13T21:00:00.000Z,90,10,public,false,,,psf3NmXEPwdCltHKJC7VuvJocrF3,2,10,0,0,0,0,0
KtzzArkeFgC5ooKRnsjL,LE FIVE Bezons,canceled,captain,ChIJ71Mv0Wpk5kcRg-H9x7L-dXo,48.9190524&2.211796,2024-02-18T17:00:00.000Z,90,15,public,true,Compétition,4,UFiYzwDlmmez8OsnRJyEnPJ32lM2,3,10,0,0,0,0,0
KuZIh40NetGKcoqcQ9Gw,Speed Soccer Five,canceled,captain,ChIJ2xTNglV25kcR3UDi4AXGfDU,48.7360598&2.315058,2024-02-08T18:30:00.000Z,90,13,public,false,Détente,,Z5sxx936iZX9hchZEihemmPqYW12,7,10,0,0,0,0,0
KunMggnfP2CL4xDS7MtW,Footbox,published,pro,ChIJY-WkusIR5kcR-tEad3UtaSQ,48.9022789&2.582647,2024-02-14T15:00:00.000Z,60,7,public,false,,,QI89VPazyLhBVnWH871jk4BUEZI3,0,10,0,0,0,0,0
KuoX9W1WbnlaU56k9OEV,Stadium Thiais,canceled,captain,ChIJ64X9jzx05kcRsHvSfOv6UcA,48.7511137&2.3715422,2024-02-08T19:30:00.000Z,90,15,private,false,Détente,2,4RHDQtermHaFhL7qUwROYvMuoIF3,7,10,0,0,0,0,0
Kx8ygpu10f0cqApr631k,Play Soccer,played,captain,ChIJQ-UxZn-5rhIRKWoQydM5T9s,43.5512023&1.4098927,2024-02-14T17:00:00.000Z,60,10,public,false,,,8LtkeOuZHeePxfkXdNPmQSr7V9L2,10,10,2,0,0,0,1
KxFieKILPpu4GaRZDvvY,Footbox,published,pro,ChIJY-WkusIR5kcR-tEad3UtaSQ,48.9022789&2.582647,2024-02-17T19:00:00.000Z,60,10,public,false,,,QI89VPazyLhBVnWH871jk4BUEZI3,0,10,0,0,0,0,0
L4PKdC00Svc2IHNZL5GI,Le 13 - Foot en salle - Marseille,played,captain,ChIJR62kUm_ByRIRDnGQqGCeUVQ,43.33370070000001&5.370389599999999,2024-02-16T20:30:00.000Z,60,10,public,false,Détente,3,PNuoPwhvBDOi52iVpJqqWo8hKJG3,10,10,3,0,0,0,0
L5RcoVXmcLfYEluJbzyO,Centre Sportif Maryse Hilsz,played,captain,ChIJgY6iBYxt5kcRHD7TB4jAHV4,48.8520783&2.4128877,2024-02-15T12:00:00.000Z,120,,public,false,Détente,3,vft2WRS7zdU9ST6fNn76LWPt8Vn2,16,16,13,8,8,8,8
L6qdwvdtqqbyQZjbVbu7,UrbanSoccer La Défense,played,captain,ChIJh4rnfVhk5kcRV2Q-ZKdm8vA,48.8996456&2.2216773,2024-02-02T17:50:00.000Z,60,14.5,public,true,Détente,3,JNQP7eOJ8jcioI2e7fJywqogexl1,10,10,3,0,0,0,3
L827wGwkV2wwrye8GSeu,UrbanSoccer - Porte d'Aubervilliers,played,captain,ChIJ0dXjDCZs5kcRvX0EpMwxsUY,48.9074912&2.3746518,2024-01-31T18:00:00.000Z,60,13.5,public,true,Détente,2,PwekmI0HY8eUJaIdRR8AMKr6d203,10,10,3,0,0,0,0
L8vnHx5XMEqXUyS4oT4T,Stadium Thiais,published,pro,ChIJ64X9jzx05kcRsHvSfOv6UcA,48.7511024&2.3713455,2024-02-17T18:30:00.000Z,90,15,public,false,,,psf3NmXEPwdCltHKJC7VuvJocrF3,0,10,0,0,0,0,0
L9x1Rgyq5jwwmxRli7pV,LE FIVE Villette,played,captain,ChIJTUFnQjps5kcR0pHITLTw1PI,48.9070122&2.3861459,2024-02-11T16:30:00.000Z,90,15,public,false,Détente,2,PWGnfFdna7fgQoXUwd6YmdmRRa33,10,10,1,0,0,0,0
LA2lAdN4yDCDb4s2LEdi,Stade Alain Mimoun,played,captain,ChIJKXgjEg8K5kcRAQMS-mAPMIA,48.6984273&2.5200303,2024-02-11T08:30:00.000Z,120,,public,false,Détente,4,3tQbrsDwhhb8S5C2PF9iZnetZCt1,16,16,2,0,0,0,2
LDv09wLWfXGjZYOAk6bi,Foot POWER 5,canceled,pro,,48.960066&2.2061913,2024-02-03T18:30:00.000Z,90,10,public,false,,,sss3dYi6nzWd7rEjwcQ30LGKudj1,0,10,0,0,0,0,0
LDxLNFlEH1vIK1vbJ3Ii,UrbanSoccer Meudon,played,captain,ChIJ0WKvjbh75kcRoqSmyWwW2jQ,48.8001204&2.2140771,2024-01-31T18:30:00.000Z,60,11.5,public,true,Détente,2,Fm8XuTjO1XNpVcx5fFrdshKmHfk2,10,10,4,0,0,0,1
LKmilQwW3iK3xI0UI0uf,LE FIVE Créteil,published,pro,ChIJ88lx3VwL5kcRVxCh4lD6_Gk,48.7643086&2.4706522,2024-02-15T16:00:00.000Z,60,7,public,false,,,ZmXMWx7aTdPoPkkGOWa2HIQVblq2,1,10,0,0,0,0,0
LKnvJffLBU7R8TWRA4tH,LE FIVE Paris 17,played,captain,ChIJ7eI8sFNv5kcR5xy52Wc57NU,48.900032&2.3213449,2024-01-31T19:00:00.000Z,60,12,public,true,Détente,2,BjQwFLbblQTSHiQmovxiQvmEeHn2,10,10,1,0,0,0,0
LMC1xhXO59pxx2cQS0W7,Stadium Thiais,published,pro,ChIJ64X9jzx05kcRsHvSfOv6UcA,48.7511024&2.3713455,2024-02-07T17:00:00.000Z,90,14,public,false,,,psf3NmXEPwdCltHKJC7VuvJocrF3,0,10,0,0,0,0,0
LMyunAzJigWLwa3XBEM7,Le Street Foot en Salle,played,captain,ChIJt_AXL6Jg5kcRu6rBmnrmeUM,49.0164435&2.181307,2024-02-15T19:00:00.000Z,120,15,public,false,Détente,3,0Qkx9cFxmzLI9bpxawDS6amftbi2,10,10,2,0,0,0,1
LTJ10DquPGkINff09c2H,Parc départemental des sports de Marville,published,captain,ChIJb7v1Kghs5kcRlOK5J2yhoCk,48.9370153&2.3847308,2024-02-03T08:30:00.000Z,60,,private,false,Compétition,3,se9dkd0AMhfl6lvzFWoGqOfUhwg2,13,14,0,0,0,0,1
LU5Ws9zAyAPUSz9gF8Wj,LE PARK Complexe Multisports,canceled,captain,ChIJdUHbID8O5kcRV5lQhiHTvhs,48.8337843&2.5728501,2024-02-11T10:30:00.000Z,90,15,public,false,Compétition,4,9ejSKZlCD6O2ZRXiuLK2Vk5H9gB3,8,10,0,0,0,0,1
LUSMH9mnfYkgFNtcrd8j,Top Ten,published,pro,ChIJfXprBx4b5kcRmhe-5pLZUek,48.8729106&2.6840919,2024-02-02T11:00:00.000Z,90,5,public,false,,,i27253AGxOfXgYJK72sBnvUGuMk2,1,12,0,0,0,0,0
LUT7NkVwgGg3gN2tKvko,LE FIVE Montreuil,published,pro,,48.8613036&2.4653095,2024-02-05T22:00:00.000Z,60,8,public,false,,,u9uC1vjdcdQ3UqNxI0SiFxor0m43,0,10,0,0,0,0,0
LVVrgknmblYSI3rYisyr,UrbanSoccer - Porte d'Aubervilliers,played,captain,ChIJ0dXjDCZs5kcRvX0EpMwxsUY,48.9074912&2.3746518,2024-02-11T10:30:00.000Z,90,18,public,true,Compétition,3,aO9kRtZGujUc5QCBZmkLkCdIe1I3,10,10,1,0,0,0,0
LWFWtOspkwjrDjue9zfG,UrbanSoccer - Puteaux,canceled,captain,ChIJM_sC0-Nk5kcRhL1y_EFIje8,48.8836397&2.2312283,2024-02-03T17:00:00.000Z,60,12.5,public,true,Détente,3,s14ld3U3SDUyJdoZlPszFr79ORh2,9,10,0,0,0,0,0
LXxyZHhvxTydwigjRfr4,LE FIVE Sarcelles,played,captain,ChIJ6_q3Fxhq5kcRCpoEwnoXX1Q,48.99782219999999&2.3902225,2024-01-31T18:00:00.000Z,90,13,public,false,Détente,2,6RtlcUrpn4eDRW36wp0jEFCWHy33,10,10,2,0,0,0,0
Lag4vusT6cwSQt2hqiPe,Foot-Max Argenteuil,played,pro,ChIJi9oIzaRm5kcRJYcK7QsdRMU,48.9501632&2.2093946,2024-02-06T21:00:00.000Z,90,12,public,false,,,SuEnyPZ4TgNIkt1yap2yJ3ZHO6p1,10,10,4,0,0,0,1
LbUvoUJ2aUk4Zqqke526,Terrain de Draveil,published,captain,ChIJ8TYAB93f5UcRtDLTkIEHl88,48.6889414&2.3919424,2024-02-04T09:15:00.000Z,120,,public,false,Compétition,3,4UFqEa4a0Lgs47WeclcJErXD5s82,16,18,0,0,0,0,5
LdkUra78x7SLS4bqeRkp,Speed Soccer Five,played,captain,ChIJ2xTNglV25kcR3UDi4AXGfDU,48.7360598&2.315058,2024-02-08T18:30:00.000Z,90,13,public,false,Détente,2,FWiHj2WYCIaFSxxUqjWxQeBim1S2,10,10,2,0,0,0,2
LdqgcEhTEsW2xxof8cCt,Stadium Thiais,published,pro,ChIJ64X9jzx05kcRsHvSfOv6UcA,48.7511024&2.3713455,2024-02-12T18:30:00.000Z,90,15,public,false,,,psf3NmXEPwdCltHKJC7VuvJocrF3,0,10,0,0,0,0,0
LeSa1nYLMAFnnQ1fabfE,Stadium Thiais,published,pro,,48.7511024&2.3713455,2024-01-30T18:00:00.000Z,90,15,public,false,,,psf3NmXEPwdCltHKJC7VuvJocrF3,4,10,0,0,0,0,2
LfI4YkiYJsxHexaaNrKi,UrbanSoccer - Quai d'Ivry,played,captain,ChIJfXxYJ0xy5kcRw9xTkF6-FZQ,48.8199885&2.3936463,2024-02-07T17:15:00.000Z,60,,public,true,Détente,3,jLy6kCWByuZCQLvp0I1vSR7YFJw1,10,10,1,0,0,0,4
LgOmevGJF2J544NqoE9z,Stadium Thiais,canceled,captain,ChIJ64X9jzx05kcRsHvSfOv6UcA,48.7511137&2.3715422,2024-02-18T09:30:00.000Z,90,15,public,false,Détente,1,T0gYd02mAcQ3nFRaDLdSQvaj8WW2,4,12,0,0,0,0,1
LgPmxiZNraLUnMwzMgX7,LE FIVE Sarcelles,played,captain,ChIJ6_q3Fxhq5kcRCpoEwnoXX1Q,48.99782219999999&2.3902225,2024-02-01T20:00:00.000Z,90,13,public,false,Détente,2,teJWyUweiHbF7gi2wai3tq2vDQI3,10,10,3,0,0,0,0
LhKgt16gwZSeNuELaR8y,Élite 5 Soccer,played,captain,ChIJ5-jfdlZk5kcRYIaELgvikaM,48.9009153&2.2297275,2024-02-02T19:00:00.000Z,60,12.5,public,true,Détente,2,TliQKP7mqmPSU02rDXXzTeuuGA53,10,10,1,0,0,0,0
LhflyN80lqOoaJpFWKBG,Centre sportif Suzanne Lenglen,played,captain,ChIJjyw8lw975kcRB8dEmGn3P0Q,48.8302835&2.2740847,2024-02-03T18:30:00.000Z,60,,public,false,Détente,3,9dp5LHYWIbcxIlOJNciL71gOU802,16,16,2,0,0,0,0
Li2UnTqDFmNNVt1AfTCq,Top Ten,published,pro,ChIJfXprBx4b5kcRmhe-5pLZUek,48.8729106&2.6840919,2024-02-10T14:00:00.000Z,90,15,public,false,,,i27253AGxOfXgYJK72sBnvUGuMk2,0,10,0,0,0,0,0
LjF8BVDOGLkWaC4An9kM,UrbanSoccer - Puteaux,published,captain,ChIJM_sC0-Nk5kcRhL1y_EFIje8,48.8836397&2.2312283,2024-02-01T20:00:00.000Z,60,14,public,true,Détente,3,SEJEahaqYVVlW05PP2N7hVaKFE72,6,10,0,0,0,0,1
LlZqD1uDeB7aCogzPOag,Gymnase Henri Wallon,played,captain,ChIJEzBEjZBm5kcRnjnyKOb5TGU,48.9507133&2.2239801,2024-02-18T09:15:00.000Z,90,,public,false,Détente,3,hNL25FRWJwW78vTlyGpURjafpL13,10,10,2,0,0,0,1
Lld6e43vTtciBXEJTE8P,Sport dans la Ville Rhône-Alpes,canceled,captain,ChIJoUEDcmvr9EcRILCz6hDCQ2o,45.7811703&4.8081568,2024-02-14T18:00:00.000Z,60,9,public,false,Détente,2,G4QpHYUbqoZlQKbQPAHxFhJo6Yh1,7,10,0,0,0,0,0
LmQWkWKZ9S8b7q9XVzfH,UrbanSoccer - Lille Bondues,canceled,captain,ChIJ58ZerMgrw0cR2Jyp7tZjBn4,50.6913774&3.0860264,2024-02-15T18:10:00.000Z,60,10.5,public,true,,3,K6QDJrxG39RgopYZ0Q9alr1McMJ2,9,10,0,0,0,0,0
Lo7mGe9BH9Y8Cy6e5hKm,LE FIVE Bobigny,published,pro,ChIJV8UONORs5kcRXxR5Qd7x130,48.901553&2.4313304,2024-02-16T17:00:00.000Z,60,8,public,false,,,4owi3i7t8EOvFNF6UQvACOpiDRy1,4,10,0,0,0,0,1
LpOKaD4kNQ991nyqUKP0,Footsal Cousinerie,played,captain,ChIJXQyb1d8pw0cRLO_Ed5xHTIQ,50.6440829&3.1459612,2024-02-14T19:30:00.000Z,60,10,public,false,Détente,2,sBWK1ZlXCAXFnsn8CJTH9ADm1xJ2,10,10,0,0,0,0,3
Lq1V1S3rqfAxoUYRYSD2,LE FIVE Paris 13,canceled,pro,,48.8181615&2.3658793,2024-02-02T22:00:00.000Z,60,10,public,false,,,FjSnzlRFFfhWVWQJGfIEwRc2ZMj2,0,10,0,0,0,0,0
LrSATpdTxJ7Qj2dS2X5S,LE FIVE Montreuil,published,pro,,48.8613036&2.4653095,2024-02-12T16:00:00.000Z,90,11,public,false,,,u9uC1vjdcdQ3UqNxI0SiFxor0m43,1,10,0,0,0,0,0
LvcuWVo0gnToE75CZBRA,LE FIVE Créteil,played,captain,ChIJ88lx3VwL5kcRVxCh4lD6_Gk,48.7643086&2.4706522,2024-02-16T14:25:00.000Z,90,7.5,public,false,Détente,3,rUzkBHpIJ1YFV4MRQjyiYHl4QMX2,10,10,3,1,0,0,2
LvhU8UZuLFNDPXtqwBdL,Game 13 foot indoor,played,captain,ChIJNSDvlsXryRIRUXao9hwB79I,43.41258939999999&5.366617,2024-02-02T18:30:00.000Z,60,10,public,false,Détente,3,KToYmCQ2guXoIRW7kIoZeOMjzPd2,10,10,0,0,0,0,1
LvqyIHsa6nBvHJ10BW7E,We Are Sports,canceled,captain,ChIJFZU5oBHC9EcRJTFrSkI1xxg,45.7113247&4.8761886,2024-02-07T19:00:00.000Z,60,10,public,false,Détente,2,vkCGfEeBnYbOAMKG8BAtK14aVA43,10,12,0,0,0,0,0
LvxAkMRAh41JD0VqgoTM,UrbanSoccer Evry,canceled,captain,ChIJW0Ut1G7e5UcRt621n2fRQ5M,48.6286849&2.4066366,2024-02-13T19:50:00.000Z,90,15.5,public,true,Détente,3,f4HHLcjgZSbLTp7za7I9cEdioyg2,8,10,0,0,0,0,0
LwdFc96RBOnKIiIeesWE,UrbanSoccer La Défense,played,captain,ChIJh4rnfVhk5kcRV2Q-ZKdm8vA,48.8996456&2.2216773,2024-02-14T11:30:00.000Z,60,,public,true,Détente,3,UG23bh92yeTazTzl6luByxrPhHf1,10,10,1,0,0,0,1
Lxar5fwxg2ptDMRJTm2i,LE FIVE Bezons,published,captain,ChIJ71Mv0Wpk5kcRg-H9x7L-dXo,48.9190524&2.211796,2024-02-08T17:30:00.000Z,60,,public,true,Détente,3,xfUboCk38ZhvU0cho2bxu4if0fl1,9,10,0,0,0,0,0
LxjhjHBfjNvsynaTo6Wk,Cité des Sports,played,captain,ChIJ70UPf6R75kcRGb3NAV9k7Ww,48.8247744&2.2650728,2024-02-18T09:30:00.000Z,90,15,public,false,Détente,2,eoH70QXxoQVjk57xfG5IJ5f1Nii2,10,10,1,0,0,0,2
Ly6jovy3Mq68z0lZAndE,Stade des Guilands,canceled,captain,ChIJwTqH52dt5kcRAMzn_PXFFxU,48.8625246&2.4273234,2024-02-17T09:30:00.000Z,120,,private,false,Détente,3,TjZFFLl1lVW7ycbdTFTBWDWfxO82,16,16,0,0,0,0,0
M0tvui5lvKKxSjbsyWBo,LE FIVE Sarcelles,played,captain,ChIJ6_q3Fxhq5kcRCpoEwnoXX1Q,48.99782219999999&2.3902225,2024-02-02T19:00:00.000Z,90,13,public,false,,3,EG8MDADZ53fBb8H6q34IHc8LCOx1,10,10,3,0,0,0,2
M1fxru81r0j4MSwkeHNO,LE FIVE Montreuil,published,captain,ChIJJdTQjr0T5kcRZmGxtIJVy44,48.8607303&2.4650432,2024-02-19T18:00:00.000Z,90,16.5,public,false,Détente,3,wGfYssZtslQOvfQyhQee770MOP52,1,10,0,0,0,0,0
M2v5A29RKcBXqBHvd5T0,OHSPORT,played,captain,ChIJHeG9fA4X5kcRbGNzVY5Ud5I,48.9672396&2.5670436,2024-02-04T08:30:00.000Z,90,10,public,false,Détente,3,Epcs1M88j3VH3bWtBJ679oluCci2,10,10,2,0,0,0,3
M324xW2giO5MaXK2wnKB,Parc du Saut du Loup,published,captain,ChIJeb-9-50N5kcRCJPG7zVMsWA,48.8380775&2.5008464,2024-02-01T11:00:00.000Z,120,,public,false,Compétition,,5PzxtKWZUcSYY5pQ4beWlvWNV793,1,10,0,0,0,0,0
M6y1R6phkAXWDr0hxlOL,LE FIVE Paris 18,canceled,pro,,48.8978522&2.3700234,2024-02-07T21:20:00.000Z,90,10,public,false,,,UQf33jQhVZhle917nO0h7D5qclV2,0,10,0,0,0,0,0
M73doMeuXpzTM80qFcGt,Complexe sportif de l'île des Vannes,published,captain,ChIJTZWfSNNv5kcRmHP3Tz0AJ6A,48.9188419&2.3245603,2024-02-08T19:40:00.000Z,60,,public,false,Compétition,4,Csrh8EMzKaZCCcCZeEhs2tGGZRr1,13,14,0,0,0,0,1
M9NJdZWsdRmpk9F25sIv,UrbanSoccer - Lille Bondues,canceled,captain,ChIJ58ZerMgrw0cR2Jyp7tZjBn4,50.6913774&3.0860264,2024-02-13T18:00:00.000Z,60,8,public,true,,2,eJU0AywjEKhpNWhf3KtOBHxiayB2,5,10,0,0,0,0,0
M9zBKU1PEiJhYeYaeLtX,Stadium Thiais,played,pro,ChIJ64X9jzx05kcRsHvSfOv6UcA,48.7511024&2.3713455,2024-02-17T19:30:00.000Z,90,15,public,false,,,psf3NmXEPwdCltHKJC7VuvJocrF3,10,10,3,0,0,0,2
MAL8aURrF2HSGlTdUqHl,UrbanSoccer - Asnières,canceled,captain,,48.92192379999999&2.3068311,2024-01-31T21:30:00.000Z,90,5,public,true,Compétition,5,5qq0zfP2PefyCYjpJkx8mg1Dr7B3,5,10,0,0,0,0,0
MDAMgmVRpPJmrG5KFO0M,UrbanSoccer - Porte d'Aubervilliers,played,captain,ChIJ0dXjDCZs5kcRvX0EpMwxsUY,48.9074912&2.3746518,2024-02-05T19:10:00.000Z,60,10,public,true,Compétition,5,dpZ0rCLmTCYVeePUCLBQ8SY3Oyq1,10,10,1,0,0,0,1
MEg1D2VpfbrrMxVDHPwj,Stains,canceled,captain,ChIJ6_yphcJr5kcRMmpL4MPqRks,48.95538699999999&2.384703,2024-02-04T09:40:00.000Z,60,,public,false,Détente,3,WTfMaejqzvhX9DQFnK1jrd9OJVE2,6,12,0,0,0,0,0
MGDjPDJcCj3Z4H2cdx9r,UrbanSoccer - Quai d'Ivry,played,captain,ChIJfXxYJ0xy5kcRw9xTkF6-FZQ,48.8199885&2.3936463,2024-02-18T08:45:00.000Z,90,16.5,public,true,Détente,2,7r87prcSAJVdjGWI9yNPR9kFY882,10,10,1,0,0,0,1
MHd1ute72c2SLkZNMGUI,Parc Sainte Barbe,canceled,captain,ChIJtw301r5w5kcRvRjidiuAyaw,48.7922897&2.2913469,2024-02-05T13:45:00.000Z,90,,public,false,Détente,4,rzC8A0bd4afb9AWrHKlCPT9461y1,10,16,0,0,0,0,1
MILPZYwHg5B0uukU1mHQ,Classico Foot,played,captain,ChIJFV442oCxrhIRgsZy5aIbkNs,43.5945434&1.2911399,2024-01-30T17:30:00.000Z,60,9,public,false,Détente,2,ey1sMB6osjQ6xzWomeW52yl4qWi1,10,10,2,0,0,0,0
ML4J3LBt3SpLOricBlaK,Sport dans la Ville Rhône-Alpes,played,captain,ChIJoUEDcmvr9EcRILCz6hDCQ2o,45.7811703&4.8081568,2024-01-31T19:30:00.000Z,60,10,public,false,Détente,2,qMyRsKW5nFM3aF7a4qAHmN9BTh62,10,10,1,0,0,0,0
MLLhBWqxu4P7psIA8qhc,UrbanSoccer - Quai d'Ivry,played,captain,ChIJfXxYJ0xy5kcRw9xTkF6-FZQ,48.8199885&2.3936463,2024-02-01T20:15:00.000Z,90,22.5,public,true,Détente,2,CsiS3q9PuFQGO1sc7crngCw29Xz1,10,10,0,0,0,0,0
MMY0mE1jPfEGfcUbjisL,Evolution Football,canceled,captain,ChIJX0YulIi8yRIRnGh62u3UXTQ,43.2836074&5.52356,2024-02-13T20:00:00.000Z,60,8.5,public,false,Détente,3,Mbm7PMhXKBZQXZa0aXm24d0dVrq1,7,10,0,0,0,0,0
MMe7k6bhz5xZVCy4I9Kr,Stadium Thiais,played,pro,ChIJ64X9jzx05kcRsHvSfOv6UcA,48.7511024&2.3713455,2024-02-17T18:00:00.000Z,90,15,public,false,,,psf3NmXEPwdCltHKJC7VuvJocrF3,10,10,6,0,0,0,0
MRKCLwXsPX1h8xBhNHrl,Foot POWER 5,canceled,pro,,48.960066&2.2061913,2024-02-03T11:00:00.000Z,60,5,public,false,,,sss3dYi6nzWd7rEjwcQ30LGKudj1,0,10,0,0,0,0,0
MTdHe64JSK5WPZO3wbFc,Foot POWER 5,canceled,pro,,48.960066&2.2061913,2024-02-11T17:00:00.000Z,90,10,public,false,,,sss3dYi6nzWd7rEjwcQ30LGKudj1,0,10,0,0,0,0,0
MV4Ouie8YSY7RUvEkaLa,FOOT IN FIVE,canceled,captain,ChIJoUR0syFp5kcRUlStnwluaYY,48.9552257&2.3328346,2024-02-08T18:30:00.000Z,90,15,public,false,,,QbnIHVgRM8Qwnz7DOLJ4NKDqlsI2,9,10,0,0,0,0,1
MVHLKHG7OgDoGNKw1Bb4,UrbanSoccer - Puteaux,canceled,captain,ChIJM_sC0-Nk5kcRhL1y_EFIje8,48.8836397&2.2312283,2024-01-30T12:00:00.000Z,60,15,public,true,Détente,2,z5rcTznutRPf1O0Jm5uoDpyhKv03,10,10,0,0,0,0,0
MVYurSH2WiCWMFIRJtWq,UrbanSoccer - Lyon Parilly,canceled,captain,ChIJx3FQWjLC9EcRrrQb2eV7i_4,45.7120399&4.9039284,2024-02-02T17:10:00.000Z,60,8.5,public,true,Détente,3,nULvvI2xOpPOn1XueDz1yE1ZwQF3,9,10,0,0,0,0,0
MXcNURXhdHyXoehMx2Ip,BIG5,canceled,captain,ChIJsb_7TJFp5kcRSPL5VqZulr4,48.9901429&2.3617895,2024-02-10T23:30:00.000Z,90,,public,false,Détente,2,rXda40mbIxd71Kf0YODTWnYO0fJ2,9,10,0,0,0,0,0
MY7FhEhoWVWSaYWRUxHE,Foot POWER 5,canceled,pro,,48.960066&2.2061913,2024-02-05T17:00:00.000Z,90,5,public,false,,,sss3dYi6nzWd7rEjwcQ30LGKudj1,0,10,0,0,0,0,0
MaohiaGsaG7XAxjqW1G2,UrbanSoccer - Asnières,canceled,captain,,48.92192379999999&2.3068311,2024-02-01T21:30:00.000Z,90,5,public,true,Détente,2,5qq0zfP2PefyCYjpJkx8mg1Dr7B3,10,10,0,0,0,0,0
MasasalFimSjTqSl8snt,UrbanSoccer - Porte d'Aubervilliers,played,captain,ChIJ0dXjDCZs5kcRvX0EpMwxsUY,48.9074912&2.3746518,2024-02-13T20:00:00.000Z,60,14,public,true,Détente,3,QGGZeFKDLRadfKCyZpYLHanIjLP2,10,10,0,0,0,0,1
Mc4iGuSlMN6UwxbkwO58,UrbanSoccer - Asnières,played,captain,ChIJi5LkLT9v5kcRSlhScqEFNWs,48.92192379999999&2.3068311,2024-02-09T18:00:00.000Z,60,12.5,public,true,Détente,3,JyvGfA9Ii8WRZW6nfGm6H64Vcvm2,10,10,2,0,0,0,2
MeKXrdlNnXie3szctRVW,Speed Soccer Five,played,captain,ChIJ2xTNglV25kcR3UDi4AXGfDU,48.7360598&2.315058,2024-02-01T18:30:00.000Z,90,13,public,false,Détente,3,Z5sxx936iZX9hchZEihemmPqYW12,10,10,3,0,0,0,1
Mjv0xlF47ULHsyzC6Xej,Play Soccer,played,captain,ChIJQ-UxZn-5rhIRKWoQydM5T9s,43.5512023&1.4098927,2024-02-02T19:00:00.000Z,90,13.5,public,false,,,8LtkeOuZHeePxfkXdNPmQSr7V9L2,10,10,5,0,0,0,0
MkYK5Zo8lITSMcr4sSaB,Stadium Thiais,published,captain,ChIJ64X9jzx05kcRsHvSfOv6UcA,48.7511137&2.3715422,2024-02-05T21:30:00.000Z,90,14,public,false,Compétition,3,Dohg1zNvhsbmGrYuAmExKFyjruw2,1,10,0,0,0,0,1
MlO47Kn60E56iRCA43PW,Game 13 foot indoor,played,captain,ChIJNSDvlsXryRIRUXao9hwB79I,43.41258939999999&5.366617,2024-02-03T21:00:00.000Z,60,10,public,false,Compétition,4,RPwfyrL30dS1yvyJwGrn0z2HgSa2,10,10,6,0,0,0,0
MljfONn7ujmRGL5pU7WO,Play Soccer,played,captain,ChIJQ-UxZn-5rhIRKWoQydM5T9s,43.5512023&1.4098927,2024-02-04T17:00:00.000Z,90,13.5,public,false,,3,9ndPGsv3ksOJZ0heACZG2NFpVq43,10,10,4,0,0,0,0
MmPckLkF3I3BrMF6uW4n,We Are Sports,played,captain,ChIJFZU5oBHC9EcRJTFrSkI1xxg,45.7113247&4.8761886,2024-02-04T17:05:00.000Z,90,12,public,false,Détente,,ct3XGWJRAFNcjhp4SIlpdortYA72,10,10,0,0,0,0,0
Mn2JGXXD7SQShS8FBsu7,UrbanSoccer - Toulouse Montaudran,played,captain,ChIJl772e0u8rhIR2foRX4Xa2CI,43.574642&1.4801835,2024-02-08T18:30:00.000Z,60,12,public,true,Détente,2,XyuJ4eIkcaNqAXtc3Y3ANuwT2753,10,10,0,0,0,0,0
MoTblh9FuSudLZyxmVle,KIPSTADIUM : Centre de Pratique dédié aux Sports Collectifs,played,captain,ChIJydcoT88ow0cRLnHvlF-Z_jE,50.708529&3.173304,2024-02-07T19:00:00.000Z,60,8,public,false,Détente,2,Zj6WgpBE65eJO4fjThDteNNesqC2,10,10,2,0,0,0,1
Mq0lXHk67gE0ATnDSCfv,Play Soccer,played,captain,ChIJQ-UxZn-5rhIRKWoQydM5T9s,43.5512023&1.4098927,2024-02-12T11:30:00.000Z,60,8,public,false,Détente,2,8LtkeOuZHeePxfkXdNPmQSr7V9L2,10,10,2,0,0,0,0
MqA73aEXSfosPTaxoYtK,LE FIVE Paris 17,canceled,captain,ChIJ7eI8sFNv5kcR5xy52Wc57NU,48.900032&2.3213449,2024-02-07T20:00:00.000Z,60,10,public,true,Détente,3,xOPR93Ih9bXFTjTkKm1QHMVyO6f2,2,10,0,0,0,0,0
MrUBZwDKWYdqMiQw1ET1,LE FIVE Bezons,played,captain,ChIJ71Mv0Wpk5kcRg-H9x7L-dXo,48.9190524&2.211796,2024-02-10T16:00:00.000Z,120,13.5,public,true,Détente,,GPsbQHDAv3QT9to65DFO4XVTerq1,10,10,3,0,0,0,0
MseCktvEIfMntTuKg6Wj,GOPARK INTERIEUR - Paintball et trampolines parc,played,captain,ChIJ2cJmdhf15kcRQ4mUOxIVzd0,49.045624&2.0799886,2024-02-04T18:15:00.000Z,90,15,public,false,Détente,3,PE6L8boIAzTOeoRu2lwnbnNSFVj2,10,10,1,0,0,0,3
MszwbTOcbdvbz1cLje7t,UrbanSoccer - Quai d'Ivry,published,captain,ChIJfXxYJ0xy5kcRw9xTkF6-FZQ,48.8199885&2.3936463,2024-02-14T17:50:00.000Z,90,21.75,private,true,Détente,2,wWN6KtSCRdasujSAhp7YyIJYlWm2,8,10,0,0,0,0,0
MtIBDyvujJsbizSTG22v,UrbanSoccer - Puteaux,played,captain,ChIJM_sC0-Nk5kcRhL1y_EFIje8,48.8836397&2.2312283,2024-02-17T13:00:00.000Z,60,13,public,true,Détente,2,kbPtBAF5iqfEjC1mZiPn9gf1h7c2,10,10,2,0,0,0,2
MwcdCIncRsYvGcwZQc5C,UrbanSoccer - Quai d'Ivry,canceled,captain,ChIJfXxYJ0xy5kcRw9xTkF6-FZQ,48.8199885&2.3936463,2024-02-19T18:15:00.000Z,90,19.5,public,true,Détente,3,paDGTx5nXhWimQggc8AyqVkMLdk1,9,10,0,0,0,0,0
MxCu4hu9STZmmSFURiwu,Foot-Max Argenteuil,played,captain,ChIJi9oIzaRm5kcRJYcK7QsdRMU,48.9501569&2.2093741,2024-02-05T20:00:00.000Z,90,12,public,false,Compétition,5,nIBDZZzYUhUGwD8kutAaXR6nZtY2,10,10,3,0,0,0,2
MxLqeoRu8IbLl9VUU0lj,Stadium Thiais,published,pro,ChIJ64X9jzx05kcRsHvSfOv6UcA,48.7511024&2.3713455,2024-01-31T18:30:00.000Z,90,15,public,false,,,psf3NmXEPwdCltHKJC7VuvJocrF3,0,10,0,0,0,0,0
MyhWRpxmJ6fX3Y6G6hZD,LE FIVE Paris 18,played,pro,ChIJpVT4_n1u5kcRzji6FdTBXXo,48.8978522&2.3700234,2024-02-15T21:20:00.000Z,90,10,public,false,,,UQf33jQhVZhle917nO0h7D5qclV2,10,10,9,0,0,1,6
N06azPjhompp9TqLGYFs,LE PARK Complexe Multisports,played,captain,ChIJdUHbID8O5kcRV5lQhiHTvhs,48.8337843&2.5728501,2024-02-09T19:30:00.000Z,90,15,public,false,Détente,3,qOMnpGDGWgZyXxUkLhkzY0wKNrd2,10,10,4,0,0,0,1
N1syLP8z91txt20TLUAl,Top Ten,published,pro,ChIJfXprBx4b5kcRmhe-5pLZUek,48.8729106&2.6840919,2024-02-04T17:00:00.000Z,90,15,public,false,,,i27253AGxOfXgYJK72sBnvUGuMk2,0,10,0,0,0,0,2
N2mKcx7VtmPim4dkxzc7,LE FIVE Paris 17,played,captain,ChIJ7eI8sFNv5kcR5xy52Wc57NU,48.900032&2.3213449,2024-02-18T17:30:00.000Z,60,12,public,true,Détente,2,43Gxm6FgRqMNB2Exh4vxyQz8KSc2,10,10,0,0,0,0,3
N2x99oYgNKPGGUVjHcyT,UrbanSoccer La Défense,canceled,captain,ChIJh4rnfVhk5kcRV2Q-ZKdm8vA,48.8996456&2.2216773,2024-02-11T14:00:00.000Z,60,14,public,true,Détente,3,EulH32EOzBgPwhFmIMaOn7PUiJp2,8,10,0,0,0,0,0
N3ucvEkBotpWhUu3391R,Z5 Aix,played,captain,ChIJKb-U_9KSyRIRKIFKbH5mW18,43.4787869&5.3969048,2024-02-12T17:00:00.000Z,60,11,public,false,Détente,2,yN33RfgnwveslueOs6QpPsDDeBn1,10,10,9,0,0,0,2
N5PazEUKecgSuyaeHFxB,Top Ten,published,pro,,48.8729106&2.6840919,2024-02-02T22:00:00.000Z,90,16.5,public,false,,,i27253AGxOfXgYJK72sBnvUGuMk2,0,10,0,0,0,0,0
N7TOOOt0NuiAqh1jckte,LE FIVE Paris 18,played,pro,ChIJpVT4_n1u5kcRzji6FdTBXXo,48.8978522&2.3700234,2024-02-10T21:30:00.000Z,90,10,public,false,,,UQf33jQhVZhle917nO0h7D5qclV2,10,10,6,0,0,0,5
N7txB9ZBltzR5Z4OS4p5,Play Soccer,played,captain,ChIJQ-UxZn-5rhIRKWoQydM5T9s,43.5512023&1.4098927,2024-02-10T17:30:00.000Z,90,12,public,false,,4,8LtkeOuZHeePxfkXdNPmQSr7V9L2,10,10,3,0,0,0,1
N9cohbkLocXJ6IcVPhLX,UrbanSoccer La Défense,played,captain,ChIJh4rnfVhk5kcRV2Q-ZKdm8vA,48.8996456&2.2216773,2024-02-15T17:00:00.000Z,90,10,public,true,Détente,1,5euParydjfhK9X9C5d02xSm8Vrw1,10,10,5,1,2,2,2
NA1Czv0c2QFPVlkZ0GF5,UrbanSoccer - Lyon Parilly,played,captain,ChIJx3FQWjLC9EcRrrQb2eV7i_4,45.7120399&4.9039284,2024-02-11T10:30:00.000Z,90,13.5,public,true,Détente,2,m77T3qpFCzcYDtLRDUKGQ2cg7uG2,10,10,0,0,0,0,0
NBCi3EPgCnndOqK6kxTw,Le Street Foot en Salle,published,pro,ChIJt_AXL6Jg5kcRu6rBmnrmeUM,49.0164435&2.181307,2024-02-13T14:00:00.000Z,120,10,public,false,,,bsRK7e37BkUbETMq0Tg3lbm8Fao2,0,10,0,0,0,0,0
NBt6FuAhrTVYMVpxmrAC,Halle Georges Carpentier,played,captain,ChIJnXkSwCty5kcR-nlHXNFQlg4,48.82020139999999&2.3672361,2024-02-01T11:00:00.000Z,120,,private,false,Compétition,3,kRAf444M3RUd6EWIOWpKVKs78SI2,16,16,13,0,0,1,7
NGBVsaseNC5X5EjG97Kb,LE FIVE Paris 13,hidden,pro,ChIJ_bOSChhz5kcRZMTeq_6Gdzg,48.8181615&2.3658793,2024-02-18T18:00:00.000Z,60,10,public,false,,,FjSnzlRFFfhWVWQJGfIEwRc2ZMj2,0,10,0,0,0,0,0
NIc8rPp5Is7zgQEJrGmP,Footbox,published,pro,ChIJY-WkusIR5kcR-tEad3UtaSQ,48.9022789&2.582647,2024-02-15T14:00:00.000Z,60,7,public,false,,,QI89VPazyLhBVnWH871jk4BUEZI3,0,10,0,0,0,0,0
NIh0bFR4cfqQGbUiZTUL,Stadium Thiais,published,pro,ChIJ64X9jzx05kcRsHvSfOv6UcA,48.7511024&2.3713455,2024-02-08T19:30:00.000Z,60,15,public,false,,,psf3NmXEPwdCltHKJC7VuvJocrF3,3,12,0,0,0,0,0
NOrDQVXsASr6hgRdpdEl,LE FIVE Montreuil,published,pro,,48.8613036&2.4653095,2024-02-06T09:00:00.000Z,60,7,public,false,,,u9uC1vjdcdQ3UqNxI0SiFxor0m43,0,10,0,0,0,0,0
NPnHrhfztmgjEslC2K82,KIPSTADIUM : Centre de Pratique dédié aux Sports Collectifs,canceled,captain,ChIJydcoT88ow0cRLnHvlF-Z_jE,50.708529&3.173304,2024-02-12T18:00:00.000Z,60,8,public,false,Détente,3,CyAmSFlyweZ6mzFVvasdVSWUogC2,10,10,0,0,0,0,1
NQIxkvCXFFjQwMMxjkBZ,UrbanSoccer La Défense,canceled,captain,ChIJh4rnfVhk5kcRV2Q-ZKdm8vA,48.8996456&2.2216773,2024-02-09T19:15:00.000Z,60,15,public,true,Détente,2,NR3DJUYJ9jOI9uzns7JxTe4BPaD3,6,10,0,0,0,0,0
NRt174GSlglr3SQWUwSR,LE FIVE Villette,canceled,captain,ChIJTUFnQjps5kcR0pHITLTw1PI,48.9070122&2.3861459,2024-02-14T22:00:00.000Z,60,10,public,false,Compétition,5,D6ddrvF35OZIyCQpK45SGsvI4d82,5,10,0,0,0,0,0
NRyWSKPFlVY3LIurYrew,LE FIVE Villette,played,captain,ChIJTUFnQjps5kcR0pHITLTw1PI,48.9070122&2.3861459,2024-02-01T20:00:00.000Z,60,12,public,true,Détente,3,8F0u7gfxGwYN73oCHSAE0eMmdTt2,10,10,2,0,0,0,0
NWl6V05P3iyWuGaXxcLt,LE FIVE Bobigny,played,captain,ChIJV8UONORs5kcRXxR5Qd7x130,48.901553&2.4313304,2024-02-01T18:30:00.000Z,60,10,public,false,Détente,2,USaCK7pN0XTY5Okc5UHef9ssP702,10,10,4,0,1,1,0
NYxD9ePEmFFEtNQnv9AH,LE FIVE Bezons,canceled,captain,ChIJ71Mv0Wpk5kcRg-H9x7L-dXo,48.9190524&2.211796,2024-02-15T21:00:00.000Z,120,14,public,true,Compétition,5,qnKpiG8UtLUiVdJoHMu0J7TLjdj2,10,10,0,0,0,0,1
NZ2z1PrAE8T2yTz8z5WA,LE FIVE Montreuil,published,pro,ChIJJdTQjr0T5kcRZmGxtIJVy44,48.8613036&2.4653095,2024-02-15T16:00:00.000Z,90,11,public,false,,,u9uC1vjdcdQ3UqNxI0SiFxor0m43,0,10,0,0,0,0,0
Ncwi7rqa6gMp0lzCHsd8,Classico Foot,canceled,captain,ChIJFV442oCxrhIRgsZy5aIbkNs,43.5945434&1.2911399,2024-02-09T18:00:00.000Z,60,8,private,false,,,kz4gID3e1cY9RfDVkcGnK2fsrOx1,5,10,0,0,0,0,0
NgkxBFlAWtKtkV2CGUT0,UrbanSoccer - Quai d'Ivry,canceled,captain,ChIJfXxYJ0xy5kcRw9xTkF6-FZQ,48.8199885&2.3936463,2024-02-13T18:15:00.000Z,60,13.5,public,true,Détente,3,NL7aJgmTIrXAndAWhdMvY2r5UPl1,9,10,0,0,0,0,0
NiVWZul1lwtr2otoiGp2,LE FIVE Montreuil,played,captain,ChIJJdTQjr0T5kcRZmGxtIJVy44,48.8607303&2.4650432,2024-02-02T21:00:00.000Z,120,10,public,false,Détente,3,gme980qGXPaQVvRRjMQvYM7OQYh1,10,10,3,0,0,0,2
NmnIzpHHptLyTeTzggg0,LE FIVE Paris 17,canceled,captain,ChIJ7eI8sFNv5kcR5xy52Wc57NU,48.900032&2.3213449,2024-02-15T18:00:00.000Z,60,10,public,true,Détente,3,U8Yj2JMNF3S0dpYsuvpYShgHtLl2,1,10,0,0,0,0,0
NoGWZC8j5G1u7LYsrMsT,Foot POWER 5,canceled,pro,ChIJuTCIFshm5kcRBtEQJ76dAzc,48.960066&2.2061913,2024-02-18T11:00:00.000Z,90,10,public,false,,,sss3dYi6nzWd7rEjwcQ30LGKudj1,0,10,0,0,0,0,0
NojfMzBuNuBxvzzzqzSk,Stadium Thiais,published,pro,,48.7511024&2.3713455,2024-02-01T16:30:00.000Z,90,10,public,false,,,psf3NmXEPwdCltHKJC7VuvJocrF3,0,10,0,0,0,0,0
NtUuPnbsynrBMiGJ37eq,Foot POWER 5,canceled,pro,,48.960066&2.2061913,2024-02-11T08:00:00.000Z,90,10,public,false,,,sss3dYi6nzWd7rEjwcQ30LGKudj1,0,10,0,0,0,0,0
Ntnw5ECEnLRPjCXY2UIP,UrbanSoccer - Puteaux,played,captain,ChIJM_sC0-Nk5kcRhL1y_EFIje8,48.8836397&2.2312283,2024-02-08T11:00:00.000Z,60,,public,true,Compétition,4,wBXFoWSNnoQmZRxgJnM1oZmqEHZ2,10,10,1,0,0,0,6
NyseqRhuD8m4wLfItwH1,Stadium Thiais,played,captain,ChIJ64X9jzx05kcRsHvSfOv6UcA,48.7511137&2.3715422,2024-02-17T19:00:00.000Z,90,15,public,false,Détente,3,yRwYD6EgF9bSzFkj1Gwu8XcS0PT2,10,10,0,0,0,0,1
O69EAXf2BQI89gmGtQLD,Gym Suédoise,played,captain,ChIJHeWkas5x5kcR2r6vjV2FkFA,48.8452783&2.3271178,2024-02-01T19:30:00.000Z,90,,public,false,Détente,5,8i5faoQkJ4YSkhRB5skPBLiEh1G3,10,10,2,0,0,0,0
O6llYmkrf6qUWwkzzIOy,Stadium Thiais,published,pro,ChIJ64X9jzx05kcRsHvSfOv6UcA,48.7511024&2.3713455,2024-02-16T15:00:00.000Z,90,8,public,false,,,psf3NmXEPwdCltHKJC7VuvJocrF3,1,10,0,0,0,0,1
O7aosfOgWhbgxMj2bDsp,LE FIVE Paris 18,canceled,captain,ChIJpVT4_n1u5kcRzji6FdTBXXo,48.8978522&2.3700234,2024-02-13T19:30:00.000Z,60,14,public,true,Détente,2,bUplJ5qiERS7TgScEE9lJNYvPb83,4,10,0,0,0,0,2
O9ZNIphZljcaNmCAC4VX,Top Ten,published,pro,,48.8729106&2.6840919,2024-02-01T22:00:00.000Z,90,16.5,public,false,,,i27253AGxOfXgYJK72sBnvUGuMk2,0,10,0,0,0,0,0
OBkGyRc7WjZbWKd2rrLS,Stadium Thiais,played,pro,ChIJ64X9jzx05kcRsHvSfOv6UcA,48.7511024&2.3713455,2024-02-16T21:00:00.000Z,90,14,public,false,,,psf3NmXEPwdCltHKJC7VuvJocrF3,12,12,5,0,0,0,1
ODSnXmyF2Az47PdaTwTc,LE PARK Complexe Multisports,published,captain,ChIJMU8gErUJ5kcRSnpvacKwFtM,48.71189589999999&2.5771181,2024-02-19T20:30:00.000Z,90,15,public,false,Détente,,Gx04ZxR4hlda7mFV4XiWZKffbmJ2,8,10,0,0,0,0,0
ODsZYrhOK7ilNdZ2CMNz,UrbanSoccer Meudon,published,captain,ChIJ0WKvjbh75kcRoqSmyWwW2jQ,48.80013599999999&2.2140811,2024-02-16T11:30:00.000Z,60,10,public,true,Détente,2,K5CzcNLmuwh0niESegoUyBQ1w812,9,10,0,0,0,0,0
OFKR07pLeasje9727QC4,Cité des Sports,published,captain,ChIJ70UPf6R75kcRGb3NAV9k7Ww,48.8247744&2.2650728,2024-02-07T11:15:00.000Z,60,,public,false,Détente,3,UhA5K0uIX2bvgsHTVtkKXBbL5Jf1,17,18,0,0,0,0,5
OFZG77a0dis5agR8FL7b,Stadium Thiais,played,captain,ChIJ64X9jzx05kcRsHvSfOv6UcA,48.7511024&2.3713455,2024-02-06T16:00:00.000Z,120,10,public,false,Compétition,3,Dohg1zNvhsbmGrYuAmExKFyjruw2,10,10,10,0,0,5,2
OGPdI5oQn8DovsP3bM11,UrbanSoccer La Défense,played,captain,ChIJh4rnfVhk5kcRV2Q-ZKdm8vA,48.8996456&2.2216773,2024-02-11T12:00:00.000Z,60,14,public,true,Détente,3,0O1Z2fEWDbbNk2ODaTvybNoOHRH3,10,10,2,0,0,0,2
OHHy5OU8t1LiNeRk012c,Foot-Max Argenteuil,played,pro,ChIJi9oIzaRm5kcRJYcK7QsdRMU,48.9501632&2.2093946,2024-02-08T18:00:00.000Z,120,16,public,false,,,SuEnyPZ4TgNIkt1yap2yJ3ZHO6p1,10,10,6,0,0,0,3
OHaNLHb9fsx2hwO1bQcw,UrbanSoccer - Marne-La-Vallée,canceled,captain,ChIJ6bDBiosP5kcROXiloHzSdhc,48.82658600000001&2.6296937,2024-02-05T16:00:00.000Z,90,5,public,true,Détente,3,ymkMZlNKashIEIZ7aySGiIplwe73,8,10,0,0,0,0,0
OHuudd2IBl1Ec0JYoh3Y,Stadium Thiais,played,captain,ChIJ64X9jzx05kcRsHvSfOv6UcA,48.7511137&2.3715422,2024-02-18T09:30:00.000Z,90,15,public,false,Détente,3,IlNYKbxJM5OikfmqXPad4NX0RM32,10,10,4,0,0,0,1
OIyyjTt33bUlitMqNWFD,UrbanSoccer - Puteaux,played,captain,ChIJM_sC0-Nk5kcRhL1y_EFIje8,48.8836397&2.2312283,2024-02-06T18:00:00.000Z,60,15,public,true,Détente,2,l7H7LRB8ecY3XARHGBV4Z5osWUE2,10,10,1,0,0,0,2
OJfgjNiMTliMFk91Vqii,Play Soccer,canceled,captain,ChIJQ-UxZn-5rhIRKWoQydM5T9s,43.5512023&1.4098927,2024-02-11T17:30:00.000Z,90,12,public,false,Détente,3,8LtkeOuZHeePxfkXdNPmQSr7V9L2,10,10,0,0,0,0,0
OKwef3kYt0bUcwsDR4ao,BIG5,canceled,captain,ChIJsb_7TJFp5kcRSPL5VqZulr4,48.9901429&2.3617895,2024-02-01T20:00:00.000Z,60,10,public,false,Détente,3,FXTFN3B7VqWo44T7vhPjdIEwqYd2,9,10,0,0,0,0,0
ONFYcE7iWBCPJqXDRSYY,Events Five,played,captain,ChIJf8cSCJG5rhIRoQadPH-wW1U,43.5399703&1.3922897,2024-02-07T18:00:00.000Z,60,9.5,public,false,Détente,3,dnAk8SuzEUMTsYXkQJL6fOKkOYy2,10,10,3,0,0,0,0
OOrgkU6C0CP293iey35K,Top Ten,published,pro,ChIJfXprBx4b5kcRmhe-5pLZUek,48.8729106&2.6840919,2024-02-17T15:00:00.000Z,90,15,public,false,,,i27253AGxOfXgYJK72sBnvUGuMk2,0,10,0,0,0,0,0
OQGQYr4kztr7CF4K7uyc,Halle Georges Carpentier,canceled,captain,ChIJnXkSwCty5kcR-nlHXNFQlg4,48.82020139999999&2.3672361,2024-02-09T14:30:00.000Z,120,,public,false,Détente,,FYfgfT1shkXXyaMI4sZTA7d9Qdw2,1,16,0,0,0,0,0
OR7EBsmXqLfYD8Bo8lVO,UrbanSoccer Orsay,played,captain,ChIJpZIJg7J45kcRrKWKhtbfnEQ,48.70829&2.17794,2024-02-13T18:30:00.000Z,90,16,public,true,Détente,4,T1D2CMjaL5UZ3nu7Y4UGkRG4ZHe2,10,10,3,0,0,0,1
ORhi2MeGtBeAYQmNiQoc,LE FIVE Marville - La Courneuve,played,captain,ChIJ2dHdMZxr5kcR0aKYHYsp0pY,48.9364404&2.3869147,2024-02-18T10:30:00.000Z,90,15,public,false,,4,QeAk15OOPrO89uoVdYemlTzH87b2,10,10,0,0,0,0,0
ORrEjngsh2eU7056lvrJ,LE FIVE Paris 18,published,pro,ChIJpVT4_n1u5kcRzji6FdTBXXo,48.8978522&2.3700234,2024-02-19T21:20:00.000Z,90,10,public,false,,,UQf33jQhVZhle917nO0h7D5qclV2,7,10,0,0,0,0,0
OSHTpfzviNrlWmraBZHV,Cité des Sports,played,captain,ChIJ70UPf6R75kcRGb3NAV9k7Ww,48.8247744&2.2650728,2024-02-13T19:30:00.000Z,60,14,public,false,Détente,3,XBcEHwxFXEXVWzzYXMdJPCca0W82,10,10,0,0,0,0,0
OTOOJdQnipX8mJaJHUgf,LE FIVE Paris 17,played,captain,ChIJ7eI8sFNv5kcR5xy52Wc57NU,48.900032&2.3213449,2024-02-05T19:30:00.000Z,60,12,public,true,Détente,2,Cj0XVw1khnP18oiOzmCKEODW1zD2,10,10,2,0,0,0,0
OUI4nqxlWHi82wMdV8Ig,UrbanSoccer Evry,played,captain,ChIJW0Ut1G7e5UcRt621n2fRQ5M,48.6286849&2.4066366,2024-02-17T18:00:00.000Z,90,13.5,public,true,Détente,3,FBrRwiYQvjbd6UeXKISPFhhsK4a2,10,10,1,0,0,0,0
OUZqc0TCX2rS7FCKQWlF,Foot-Max Argenteuil,canceled,pro,,48.9501632&2.2093946,2024-02-06T18:00:00.000Z,60,7,public,false,,,SuEnyPZ4TgNIkt1yap2yJ3ZHO6p1,0,10,0,0,0,0,0
OVBWTxWaPPSuYr08xWb7,Foot POWER 5,canceled,pro,ChIJuTCIFshm5kcRBtEQJ76dAzc,48.960066&2.2061913,2024-02-13T20:00:00.000Z,90,7,public,false,,,sss3dYi6nzWd7rEjwcQ30LGKudj1,0,10,0,0,0,0,0
OWdBPNvNuemKSlnBn7hH,UrbanSoccer - Puteaux,played,captain,ChIJM_sC0-Nk5kcRhL1y_EFIje8,48.8836397&2.2312283,2024-02-18T13:30:00.000Z,60,5,public,true,Détente,5,BdqIQi5ux9VGLiuIDmH77AkEqWl2,10,10,2,0,0,0,8
OWzcb2oXrVGrib8sqZB5,MONCLUB 2.0,played,captain,ChIJv9owGLm-yRIRfuDnd3G6nR4,43.2895156&5.4611522,2024-02-01T19:00:00.000Z,60,10,public,false,Competition,3,5TFCYy7BgibXpBF3a2CvhWBKkUt1,10,10,3,0,0,0,2
OdCStzbOQqxoR5cQTN3H,Parc départemental des sports de Marville,canceled,captain,ChIJb7v1Kghs5kcRlOK5J2yhoCk,48.9370153&2.3847308,2024-02-03T08:40:00.000Z,60,,public,false,Compétition,4,wddgG0NgdFffQtVrKpAEXoruHCW2,7,10,0,0,0,0,1
Oe24uS9nAHHcAmTG2SC8,LE FIVE Bezons,hidden,pro,,48.91909&2.2093051,2024-01-31T16:30:00.000Z,90,10.5,public,false,,,U3MriTZbPbTUEsU6RtRuHxDMKvg2,10,10,0,0,0,0,5
OfEwrXpPQj1Zq7Pf3px3,Arena Club,played,captain,ChIJeWJWRjYvw0cRbnJR4ZXAKMA,50.7696017&3.1236104,2024-02-05T19:10:00.000Z,60,8.5,public,false,Détente,3,vtyy5a1BUYMBKAn3y6kb6XPxf0Y2,10,10,0,0,0,0,0
OgHEoiN5X7nw7nlnPftK,UrbanSoccer - Toulouse Sept Deniers,canceled,captain,ChIJk5nUBdOkrhIRP-1aUJzo-lA,43.6321552&1.411696,2024-02-18T14:30:00.000Z,90,12,public,true,Détente,1,7Tb5XUFyHzXtxXh1KP4qZwZpR5b2,7,10,0,0,0,0,0
OkDdaNTmYnW2BaWlbfBB,Foot POWER 5,canceled,pro,,48.960066&2.2061913,2024-01-30T18:30:00.000Z,90,7,public,false,,,sss3dYi6nzWd7rEjwcQ30LGKudj1,0,10,0,0,0,0,0
OlMtag65ADL1wBvZmPEC,Stade Des Courtilles,canceled,captain,ChIJ83HS9ldv5kcR-plMKkHPNTA,48.929137&2.2834726,2024-02-10T18:00:00.000Z,150,,public,false,Compétition,,OKhfkxDKMDS9m7GyDTrjVlKnvko1,5,14,0,0,0,0,2
Omz3AQBQFvChyoEm0EMW,TEAMS 5,canceled,captain,ChIJMwJ3mggV5kcRQVflQLRJ4Ow,48.9788503&2.5011043,2024-02-11T21:30:00.000Z,60,10,public,false,Détente,3,8585JxI6Wxer5hHoWLEO4webzZc2,7,10,0,0,0,0,0
Oo6idEuclu687JetivvV,Speed Soccer Five,played,captain,ChIJ2xTNglV25kcR3UDi4AXGfDU,48.7360598&2.315058,2024-02-13T18:30:00.000Z,90,13,public,false,Détente,3,Z5sxx936iZX9hchZEihemmPqYW12,10,10,2,0,0,0,0
OoDJ1jEjU5X4t0s5k2LL,UrbanSoccer - Puteaux,played,captain,ChIJM_sC0-Nk5kcRhL1y_EFIje8,48.8836397&2.2312283,2024-02-11T10:30:00.000Z,60,12,public,true,Détente,,XOSxRbjTk7OsHTsMAtofeK6ZPQ72,10,10,2,0,0,0,2
Op53FWIlDd91yzDz7hhK,LE FIVE Montreuil,published,pro,,48.8613036&2.4653095,2024-02-06T12:00:00.000Z,60,7,public,false,,,u9uC1vjdcdQ3UqNxI0SiFxor0m43,0,10,0,0,0,0,1
OqeWNn8h4eACDeuo8zqP,Rue du Musée,played,captain,ChIJ4ypzX6B15kcRFesay1dBJco,48.71676&2.39852,2024-02-04T12:00:00.000Z,120,1,public,false,Détente,3,5v9WX6HkohWW6s4r8BR39p1iJxu1,16,16,13,0,0,0,0
OsfRSpOx89tY1cUgmWYS,Gymnase Paul-Langevin,played,captain,ChIJpwZCTldv5kcRZv4mO_ayojo,48.9280971&2.2880415,2024-02-04T08:15:00.000Z,120,,public,false,Détente,4,JbI2M4p4ZIeZDnd9mENWg2G7vlo1,12,12,4,0,0,0,3
OsjKRjtAyDNKdas1N5K2,UrbanSoccer La Défense,played,captain,ChIJh4rnfVhk5kcRV2Q-ZKdm8vA,48.8996456&2.2216773,2024-02-10T15:45:00.000Z,90,13.5,public,true,Détente,2,0N3CLYbLIZTpqKpf9K48Ng9lDuF3,10,10,2,0,0,0,0
OtbbWznTCPujrRaYrIiv,Stadium Thiais,canceled,captain,ChIJ64X9jzx05kcRsHvSfOv6UcA,48.7511137&2.3715422,2024-02-08T18:00:00.000Z,90,15,public,false,Compétition,3,ZegGT1YBevfi7XkWEix5UYtbQzT2,10,10,0,0,0,0,1
OwujKT746v5QgZJBCxPX,City KOF,played,captain,ChIJ_2pirmlv5kcRTpGJ0UDn1Y8,48.9155954&2.2963072,2024-02-02T11:00:00.000Z,90,,public,false,Détente,2,PL0nw3BiAUhxDJuKc8qZsRazcM23,10,10,5,0,0,0,3
Oz8IL6RVPqsnO4g8uQ8O,Monclub Futbol,published,pro,ChIJGbxxaamUyRIRgGvhHnhJStA,43.4299152&5.4001974,2024-02-06T17:00:00.000Z,60,10,public,false,,,CSTy9rmJRQSyWlqWuGiUhGpAGqf2,0,10,0,0,0,0,0
OzE9YXkU9yEvMSSBhIL4,FIVE ARENA MEAUX ,published,pro,,48.9539465&2.9154573,2024-02-05T19:00:00.000Z,90,10,public,false,,,4K6djqUyJdTgGF3Q7nh7CXQHqVh1,1,10,0,0,0,0,0
P0Lha0XsDG7mnvzi96PN,LE FIVE Villette,published,captain,ChIJTUFnQjps5kcR0pHITLTw1PI,48.9070122&2.3861459,2024-02-10T10:45:00.000Z,60,12,private,false,Détente,2,wlsueBiqqRNHWMYVYi0HerGgPJi1,1,10,0,0,0,0,0
P2NGOhIdn0voWkczhJ47,Top Ten,played,pro,,48.8729106&2.6840919,2024-02-08T16:00:00.000Z,90,5,public,false,,,i27253AGxOfXgYJK72sBnvUGuMk2,10,10,4,0,0,0,5
P2d29DPPZC9Xcr34Xrxd,Top Ten,played,captain,ChIJfXprBx4b5kcRmhe-5pLZUek,48.8729209&2.6841223,2024-02-04T08:00:00.000Z,90,12,public,false,Détente,2,X3rZnkTKKvP3wJS3DTHWae9Z5vg2,12,12,4,0,0,0,1
P2lbcS8GakAwmQKvShdF,Le Street Foot en Salle,published,captain,,49.0164435&2.181307,2024-02-14T16:30:00.000Z,90,13,public,false,Compétition,5,pFzXIXpbKGa6Y4q8RgaVZ3TQUYj1,4,10,0,0,0,0,0
P67G069pcptta4a7yxXJ,Stadium Thiais,played,pro,ChIJ64X9jzx05kcRsHvSfOv6UcA,48.7511024&2.3713455,2024-02-14T11:00:00.000Z,60,7,public,false,,,psf3NmXEPwdCltHKJC7VuvJocrF3,10,10,8,0,0,0,3
P8TXaoQsNiWXrL5zRImq,LE FIVE Sarcelles,canceled,captain,ChIJ6_q3Fxhq5kcRCpoEwnoXX1Q,48.99782219999999&2.3902225,2024-02-09T17:45:00.000Z,60,10,public,false,Compétition,5,ew3GACDRP8UnjNCcNvvniBkgvOP2,10,10,0,0,0,0,1
P8W9ZJ5kkfL7oVgeKJzt,LE FIVE Champigny,published,captain,ChIJsXi1PLYN5kcRTVVDuczgS2s,48.8194084&2.5251846,2024-02-19T18:00:00.000Z,120,22,public,false,Détente,4,Dyjvbw071YXJDb4yyou6fqIFVMC3,9,10,0,0,0,0,0
PB5UQs9t80kKCE5lznhP,LE FIVE Montreuil,canceled,captain,ChIJJdTQjr0T5kcRZmGxtIJVy44,48.8607303&2.4650432,2024-01-31T20:00:00.000Z,90,16.5,public,false,Détente,2,pwt9VyutSnORs9M3hfVVQt88p2l1,10,10,0,0,0,0,0
PDSroCytmIYW9LJ9bhxp,Terrain de Draveil,played,captain,ChIJ8TYAB93f5UcRtDLTkIEHl88,48.6889414&2.3919424,2024-02-18T09:15:00.000Z,120,,private,false,Compétition,3,4UFqEa4a0Lgs47WeclcJErXD5s82,18,18,11,0,0,0,1
PE4dI6VwwxNYtY52pszs,LE FIVE Montreuil,published,captain,ChIJJdTQjr0T5kcRZmGxtIJVy44,48.8607303&2.4650432,2024-02-01T19:00:00.000Z,60,11,private,false,Détente,3,D3VoCJPjihcknVTpQ0fkbkHlvQ33,8,10,0,0,0,0,0
PEiLY0TX83AfD9bqewYC,UrbanSoccer - Porte d'Aubervilliers,canceled,captain,ChIJ0dXjDCZs5kcRvX0EpMwxsUY,48.9074912&2.3746518,2024-02-04T11:45:00.000Z,90,7.5,public,true,Détente,3,cMDXsSUbWpbk3P8V4YnVbpJ8MbG3,9,10,0,0,0,0,0
PG6ns8XJsq20DMtq7WTs,OHSPORT,draft,captain,ChIJHeG9fA4X5kcRbGNzVY5Ud5I,48.9672396&2.5670436,2024-02-03T14:00:00.000Z,90,,private,false,,,Q3vCTJj7N1NhiUj0HdJ1l8i5ygv1,0,0,0,0,0,0,0
PHqJJJjY9uLNOhnyrQ0b,Stade Boutron,published,captain,ChIJj2NF6Xuoi0cR9RaZvF7fEp8,45.5938153&5.9199033,2024-02-04T15:00:00.000Z,60,,public,false,Détente,2,WHoTgycFwQUBuOJ1dntqxzBDtTG2,2,10,0,0,0,0,0
PJKUSbnyO0ZOaaii9ZeK,Skatepark de Charonne,canceled,captain,ChIJvbbfRvVt5kcRPabtcgU9cOk,48.85615199999999&2.3884235,2024-02-11T10:00:00.000Z,90,,public,false,Compétition,5,bsKS0eg06Qgeez3CXFRMDxi2kjt2,6,10,0,0,0,0,2
PKNxd9oNdxzJcudUY612,Top Ten,hidden,pro,ChIJfXprBx4b5kcRmhe-5pLZUek,48.8729106&2.6840919,2024-02-13T16:00:00.000Z,90,5,public,false,,,i27253AGxOfXgYJK72sBnvUGuMk2,6,10,0,0,0,0,4
PKSGXj6SS5lL6r7vG9XH,Kinshasa,published,pro,,-4.3032527&15.310528,2024-02-02T15:00:00.000Z,90,21,public,false,,,zCvsukfMuuffsuPpSTQwb7MusMD2,0,10,0,0,0,0,0
PLRQQvAGj5g84cEN5JTy,Top Ten,played,pro,ChIJfXprBx4b5kcRmhe-5pLZUek,48.8729106&2.6840919,2024-02-18T16:00:00.000Z,90,15,public,false,,,i27253AGxOfXgYJK72sBnvUGuMk2,10,10,0,0,0,0,1
PN4CS5LiFWXUNyXyIw06,Stadium Thiais,published,captain,ChIJ64X9jzx05kcRsHvSfOv6UcA,48.7511024&2.3713455,2024-01-31T21:00:00.000Z,120,18,public,false,Compétition,3,kCW3k3I3bbhk2oQWx5krzcKbN2h1,11,12,0,0,0,0,0
POJ8whtcA7A74VEgOs3l,LE FIVE Paris 13,published,pro,ChIJ_bOSChhz5kcRZMTeq_6Gdzg,48.8181615&2.3658793,2024-02-13T22:00:00.000Z,60,10,public,false,,,FjSnzlRFFfhWVWQJGfIEwRc2ZMj2,0,10,0,0,0,0,0
PPM21kcry2WMyKTWUKT3,Parc Sainte Barbe,played,captain,ChIJtw301r5w5kcRvRjidiuAyaw,48.7922897&2.2913469,2024-02-13T13:00:00.000Z,120,,public,false,Détente,4,rzC8A0bd4afb9AWrHKlCPT9461y1,16,16,6,0,0,0,0
PPOIz8u1LJkZhYPew3mW,UrbanSoccer - Marne-La-Vallée,canceled,captain,ChIJ6bDBiosP5kcROXiloHzSdhc,48.82658600000001&2.6296937,2024-02-10T14:30:00.000Z,90,6.5,public,true,Compétition,2,SEfbXJqtP1UFINBa5QUgOR8sIlp1,10,10,0,0,0,0,0
PQjkpURbf0z71GXmNbI1,Top Ten,published,pro,ChIJfXprBx4b5kcRmhe-5pLZUek,48.8729106&2.6840919,2024-02-14T11:00:00.000Z,90,5,public,false,,,i27253AGxOfXgYJK72sBnvUGuMk2,1,10,0,0,0,0,0
PQrCggTAvV9GaPdZBoOJ,UrbanSoccer - Lyon Parilly,published,captain,ChIJx3FQWjLC9EcRrrQb2eV7i_4,45.7120399&4.9039284,2024-02-01T14:40:00.000Z,60,6,public,true,Compétition,3,B6tWZAy3bgTUbyN0CtS7McqaOcW2,9,10,0,0,0,0,1
PU7mMlw328LwOce0aLkZ,LE FIVE Montreuil,published,pro,ChIJJdTQjr0T5kcRZmGxtIJVy44,48.8613036&2.4653095,2024-02-16T16:30:00.000Z,90,11.5,public,false,,,u9uC1vjdcdQ3UqNxI0SiFxor0m43,0,10,0,0,0,0,0
PVk77XEaSHDnhRNht3ud,UrbanSoccer - Marne-La-Vallée,canceled,captain,ChIJ6bDBiosP5kcROXiloHzSdhc,48.82658600000001&2.6296937,2024-02-10T16:30:00.000Z,90,13.5,public,true,Détente,3,dJvIZfVJbffmF9Jr3dfsR3Dt9yA3,4,10,0,0,0,0,0
PX4qpqs8nXON8GfMwQKc,Parc Sainte Barbe,canceled,captain,ChIJtw301r5w5kcRvRjidiuAyaw,48.7922897&2.2913469,2024-02-08T16:00:00.000Z,90,,public,false,Détente,4,rzC8A0bd4afb9AWrHKlCPT9461y1,11,16,0,0,0,0,0
PYWPpqqzMQqlGc2eoLQD,City-Stade,played,captain,ChIJ_____8t75kcR0UKlEaGLc-w,48.78723859999999&2.2321955,2024-02-17T09:00:00.000Z,120,,public,false,Détente,4,LmVLY73fjTQJQPwOCulTUIltLRy2,10,10,0,0,0,0,0
PYX3SX9DTZn02ppT1qkP,Le Street Foot en Salle,played,captain,ChIJt_AXL6Jg5kcRu6rBmnrmeUM,49.0164435&2.181307,2024-02-02T17:30:00.000Z,90,14,public,false,Détente,3,jK9kjcdvGzSrFdlOP5ch13L2zf02,10,10,4,0,0,0,3
PZ1w64IP3h05EtF0HVWu,LE FIVE Paris 17,canceled,captain,ChIJ7eI8sFNv5kcR5xy52Wc57NU,48.900032&2.3213449,2024-02-02T18:00:00.000Z,60,15,public,true,Détente,,5sZ1EuedhMPmeDbsMfJU414ZNUz2,7,10,0,0,0,0,0
PaT28G1JSHOqq9eqhodE,UrbanSoccer - Puteaux,canceled,captain,ChIJM_sC0-Nk5kcRhL1y_EFIje8,48.8836397&2.2312283,2024-02-12T11:30:00.000Z,60,6.5,public,true,Détente,3,HoI63bXYYGMjgN2F7pEDWgMml2W2,9,10,0,0,0,0,0
PaXPdpAu54vJ4pmVcLyt,Stade Charles Finaltéri,canceled,captain,ChIJfbzI1FVi5kcRzArhoMMv0w8,48.9004245&2.1419859,2024-02-04T14:30:00.000Z,90,,public,false,Détente,,A8ZAUgNn0NWvak5h3rxMyRIQpMf2,9,10,0,0,0,0,0
PdTsZiGCZ6DD32QbGVNG,Cité des Sports,played,captain,ChIJ70UPf6R75kcRGb3NAV9k7Ww,48.8247744&2.2650728,2024-02-07T19:30:00.000Z,60,13,public,false,Détente,3,H1q5Ebp0nJfOnYz51vLg3Us2dQX2,10,10,3,0,1,0,1
PdvYlQtYMt9TGofE83rS,Play Soccer,played,captain,ChIJQ-UxZn-5rhIRKWoQydM5T9s,43.5512023&1.4098927,2024-02-18T15:00:00.000Z,90,12,public,false,,,8LtkeOuZHeePxfkXdNPmQSr7V9L2,10,10,2,0,0,0,0
Pe4wlBQQyHkUyHWCccPA,Monclub Futbol,played,pro,ChIJGbxxaamUyRIRgGvhHnhJStA,43.4299152&5.4001974,2024-01-30T20:00:00.000Z,90,10,public,false,,,CSTy9rmJRQSyWlqWuGiUhGpAGqf2,10,10,6,0,0,0,2
PfKtXg91jwAJwRnMZSwM,LE FIVE Paris 17,played,pro,,48.900032&2.3213449,2024-02-08T16:00:00.000Z,60,5,public,false,,,V6mqbc9C8FNa1RQlUupjeoqOsZL2,10,10,9,0,0,0,4
Pg0t9j8DztG5XAN01IPf,Top Ten,played,pro,,48.8729106&2.6840919,2024-02-02T16:00:00.000Z,90,5,public,false,,,i27253AGxOfXgYJK72sBnvUGuMk2,10,10,10,0,0,0,4
Pj7cJBW2qEAtddQ7ThCq,LE FIVE Paris 17,played,captain,ChIJ7eI8sFNv5kcR5xy52Wc57NU,48.900032&2.3213449,2024-02-10T14:30:00.000Z,60,10,public,true,Détente,2,SoolzcCctgZXuhNfzDldjLquwFW2,10,10,1,0,0,0,0
Pk8lmDKfkj4txIzoFCad,LE FIVE Paris 18,played,pro,,48.8978522&2.3700234,2024-02-12T16:00:00.000Z,60,5,public,false,,,UQf33jQhVZhle917nO0h7D5qclV2,10,10,6,0,0,4,5
PkGUvWdEKYQe31J5PGCT,UrbanSoccer - Asnières,played,captain,ChIJi5LkLT9v5kcRSlhScqEFNWs,48.92192379999999&2.3068311,2024-02-11T12:00:00.000Z,60,12,public,true,Détente,3,smFWbcoXFDMzXsT2h3PvbAYRjPu1,10,10,1,0,0,0,0
Pm49WzauRncsIOCWjl1q,UrbanSoccer - Lille Lezennes,played,captain,ChIJR3ro5nTWwkcRfM_S3Be9HjI,50.6162725&3.0998108,2024-02-07T19:50:00.000Z,60,9.5,public,true,Compétition,3,xR4ED6qRzmg0HreT9TkBwvuQM912,10,10,2,0,0,0,0
PmWDD9mGgCyp191VcYnG,MONCLUB 2.0,played,captain,ChIJv9owGLm-yRIRfuDnd3G6nR4,43.2895156&5.4611522,2024-02-07T18:30:00.000Z,60,10,public,false,Détente,2,UCyg84Bq7nUiOo2wKtiVJFsjIHC2,10,10,3,0,0,0,0
PrpDeU0okabpcCpBIEub,LE FIVE Créteil,played,captain,ChIJ88lx3VwL5kcRVxCh4lD6_Gk,48.7643086&2.4706522,2024-02-09T17:30:00.000Z,60,,public,false,Détente,,5DwRkAng7OVnxq41HtInsv0SfPV2,10,10,2,0,0,0,2
PtdtuWqt5TMQcregijwp,UrbanSoccer La Défense,played,captain,ChIJh4rnfVhk5kcRV2Q-ZKdm8vA,48.8996456&2.2216773,2024-02-05T17:45:00.000Z,60,12.5,public,true,Détente,4,WmEIitt9Uwg5axn6vQTP95QfodX2,10,10,2,0,0,0,3
PuTc5mL3vVyCh49e8PpL,Stade Élisabeth,played,captain,ChIJkXj9tq5x5kcROlxynHzTh9o,48.8207737&2.3270972,2024-02-03T14:00:00.000Z,120,,public,false,Compétition,5,oKfGVfs7dYecPpobKfuTXiuhh8J3,14,14,7,0,0,0,2
PxB220LpQqd8OjqQvb7n,LE FIVE Bezons,played,captain,ChIJ71Mv0Wpk5kcRg-H9x7L-dXo,48.9190524&2.211796,2024-02-10T19:30:00.000Z,90,,public,true,Détente,3,E3BsYOfvncND7IMfCJBdR2lbFSN2,10,10,3,0,0,0,0
PyL0onIl0p53HJZyEK53,Stadium Thiais,played,captain,ChIJ64X9jzx05kcRsHvSfOv6UcA,48.7511137&2.3715422,2024-02-05T20:00:00.000Z,90,13,public,false,Détente,3,W1Uf8Cb8ePMQQVwSQTXhjvVjukg1,10,10,2,0,0,0,1
PymbiA6BM26ptrROLTjU,BIG5,canceled,captain,ChIJsb_7TJFp5kcRSPL5VqZulr4,48.9901429&2.3617895,2024-02-17T18:00:00.000Z,60,9.5,public,false,Détente,3,DtkAYibFozefPnpZX7h3kpqigDX2,2,10,0,0,0,0,0
PzdmZUJPmFmSpyZCrJz4,LE FIVE Sarcelles,played,captain,ChIJ6_q3Fxhq5kcRCpoEwnoXX1Q,48.99782219999999&2.3902225,2024-02-18T16:00:00.000Z,90,13,public,false,Détente,2,ztz4EMqRcmcyIbkNNCAx8vrnHVQ2,10,10,3,0,0,0,1
Q2wThkf5uYqQ6muHnDra,UrbanSoccer - Lille Lezennes,played,captain,ChIJR3ro5nTWwkcRfM_S3Be9HjI,50.6162725&3.0998108,2024-02-10T12:00:00.000Z,90,7.5,public,true,Détente,3,dvdYbjXAR8fQjpIGtP7Po8prEdE3,10,10,6,0,0,3,0
Q3mPxBGFn1OWChdHlS6x,UrbanSoccer Evry,played,captain,ChIJW0Ut1G7e5UcRt621n2fRQ5M,48.6286849&2.4066366,2024-02-05T20:30:00.000Z,90,15,public,true,Détente,,2geJEsuAhwb09qxdhTwPLXgHw1Y2,10,10,1,0,0,0,0
Q3on7YWKLsT3HnRc6UMW,LE FIVE Champigny,published,pro,ChIJsXi1PLYN5kcRTVVDuczgS2s,48.8194084&2.5251846,2024-02-15T17:00:00.000Z,60,11,public,false,,,evlV9mUgATYQ5343zpYZvk4w0r03,0,10,0,0,0,0,0
Q69005bFCSdFlphul8lV,Top Ten,published,pro,ChIJfXprBx4b5kcRmhe-5pLZUek,48.8729106&2.6840919,2024-02-11T11:00:00.000Z,90,15,public,false,,,i27253AGxOfXgYJK72sBnvUGuMk2,0,10,0,0,0,0,0
Q6Afzf0VoEDXcbJDu3Gs,Stadium Thiais,canceled,captain,ChIJ64X9jzx05kcRsHvSfOv6UcA,48.7511024&2.3713455,2024-01-31T21:00:00.000Z,90,14,public,false,Compétition,4,sq3c1uquBqPqCB6jUubULyc1YT82,11,12,0,0,0,0,0
Q6EFrlzLajYRawvDkn8y,LE FIVE Montreuil,played,captain,ChIJJdTQjr0T5kcRZmGxtIJVy44,48.8607303&2.4650432,2024-02-01T19:00:00.000Z,60,5,public,false,Détente,3,D3VoCJPjihcknVTpQ0fkbkHlvQ33,10,10,3,0,0,0,1
Q6VzrtxLzxnITwIHWfkn,Élite 5 Soccer,played,captain,ChIJ5-jfdlZk5kcRYIaELgvikaM,48.9009153&2.2297275,2024-02-01T21:15:00.000Z,90,10,public,true,Compétition,,TzUlHfuCGwe4x7q5eeWygox825v1,10,10,3,0,0,0,0
Q8LFdjPgoNkBp1MDlkGq,Centre Sportif des Poissonniers,published,captain,ChIJMdytuYtu5kcREZQcK0sSFXY,48.900279&2.3489035,2024-02-05T17:50:00.000Z,90,,public,false,Compétition,5,1LDJWrjBcJPRiS8a2m1todvXiJM2,13,14,0,0,0,0,0
Q8VcORtwhe6vV4oAMPBy,Palais des Sports Maurice Thorez,canceled,captain,ChIJf7ZDwpNz5kcRZn5FP5AT8lg,48.7931091&2.3943762,2024-02-01T11:00:00.000Z,90,,public,false,Compétition,3,hW0wMt0biTXpbfJZqxou65Fk7PG2,8,10,0,0,0,0,0
QAPV03CLTwhip3N4ObCG,Stadium Thiais,canceled,captain,ChIJ64X9jzx05kcRsHvSfOv6UcA,48.7511137&2.3715422,2024-02-11T20:00:00.000Z,120,22,public,false,Détente,3,XZVtVeqT73blKBoqrwV9IZo3k132,2,4,0,0,0,0,0
QEiU43qpY253NG3kyF7g,UrbanSoccer - Lyon Parilly,played,captain,ChIJx3FQWjLC9EcRrrQb2eV7i_4,45.7120399&4.9039284,2024-02-07T18:25:00.000Z,60,10,public,true,Détente,2,tEmI1cx76kYakEhrN27aaW3Z67j1,10,10,1,0,0,0,0
QFQSkYvOz1ETFqSeT66v,Stade de la grenouillère,published,captain,ChIJ72-ON8135kcR__Ke_xtObCM,48.763303&2.2958683,2024-02-10T08:00:00.000Z,90,,public,false,Compétition,3,jI2N9cuRf5SCl7fDChMQV9SU9Yd2,21,22,0,0,0,0,4
QGLLqM51qjVVpQ5Nxiw5,UrbanSoccer - Lyon Parilly,played,captain,ChIJx3FQWjLC9EcRrrQb2eV7i_4,45.7120399&4.9039284,2024-02-13T20:15:00.000Z,90,10,public,true,Détente,2,IxZ5vwAA8IYEPFmltMa5uQkurAI3,10,10,0,0,0,0,0
QGjZtSAirg9BrdjB86Id,Gymnase La Source,canceled,captain,ChIJLxyShoh65kcRlo7nGKetnSk,48.8203685&2.2625015,2024-02-15T11:15:00.000Z,60,,public,false,Détente,3,REmhUh7FcNhCs4KWaqVxHUAUqCz1,9,10,0,0,0,0,0
QGzDy6tkTwKfcDh21THI,Stadium Thiais,played,pro,ChIJ64X9jzx05kcRsHvSfOv6UcA,48.7511024&2.3713455,2024-02-17T09:30:00.000Z,90,12,public,false,,,psf3NmXEPwdCltHKJC7VuvJocrF3,10,10,6,0,1,1,2
QH0JQTaFelCyVTTPqs8w,LE PARK Complexe Multisports,canceled,captain,ChIJdUHbID8O5kcRV5lQhiHTvhs,48.8337843&2.5728501,2024-02-04T10:30:00.000Z,90,15,public,false,Compétition,4,9ejSKZlCD6O2ZRXiuLK2Vk5H9gB3,7,10,0,0,0,0,0
QHtQ86ohZhh6etTbVbZO,Foot-Max Argenteuil,published,pro,,48.9501632&2.2093946,2024-02-10T13:00:00.000Z,120,14,public,false,,,SuEnyPZ4TgNIkt1yap2yJ3ZHO6p1,3,10,0,0,0,0,2
QK3pqmJNyOpbQD8ujnIV,Stade Suzanne Lenglen,canceled,captain,,48.83101689999999&2.272363,2024-02-19T09:45:00.000Z,90,,public,false,Détente,3,NJxBoCMTp6TyjzUGjNXAqxTk2WM2,9,16,0,0,0,0,4
QTNRa0lokVqBM7Asgf1p,Foot POWER 5,canceled,pro,ChIJuTCIFshm5kcRBtEQJ76dAzc,48.960066&2.2061913,2024-02-19T17:00:00.000Z,90,5,public,false,,,sss3dYi6nzWd7rEjwcQ30LGKudj1,0,10,0,0,0,0,0
QUv1s0CcV8eV7iUQkiaM,Play Soccer,published,captain,ChIJQ-UxZn-5rhIRKWoQydM5T9s,43.5512023&1.4098927,2024-02-12T20:30:00.000Z,60,10,public,false,,,8LtkeOuZHeePxfkXdNPmQSr7V9L2,9,10,0,0,0,0,0
QVk2DMXfRrPtLHol4LnM,LE FIVE Créteil,published,pro,,48.7643086&2.4706522,2024-02-05T16:00:00.000Z,60,7,public,false,,,ZmXMWx7aTdPoPkkGOWa2HIQVblq2,0,10,0,0,0,0,0
QWJZUSC69CpFfvL3yZ1Z,Urban Football Meudon,canceled,captain,ChIJFeLBC2N75kcRyM1mlEZ3HjM,48.7983594&2.2102561,2024-02-13T19:30:00.000Z,90,15,public,false,Détente,3,C34TFUlcqUeIxVasbdTWMItk98g2,8,10,0,0,0,0,0
QXdB78AjKLQ9Aq8t5XrF,Top Ten,published,pro,ChIJfXprBx4b5kcRmhe-5pLZUek,48.8729106&2.6840919,2024-02-07T19:00:00.000Z,90,16.5,public,false,,,i27253AGxOfXgYJK72sBnvUGuMk2,0,10,0,0,0,0,0
QYY6Jxec16vOsDDN1XUk,Soccer Five,played,captain,ChIJp0K53sp55kcR61-WTU8Yv5k,48.7368129&2.2591558,2024-02-18T14:00:00.000Z,90,,public,false,Détente,3,Dohg1zNvhsbmGrYuAmExKFyjruw2,10,10,3,0,0,0,2
Qa9HNchSJM6E0uLuIbJS,UrbanSoccer La Défense,canceled,captain,ChIJh4rnfVhk5kcRV2Q-ZKdm8vA,48.8996456&2.2216773,2024-02-14T11:30:00.000Z,60,12,public,true,Détente,2,4zfvh8XIAUhMRxy0K8zDD8rB0MG2,9,10,0,0,0,0,0
QdUIyOnhekdWEaGd8JyF,LE FIVE Montreuil,published,pro,,48.8613036&2.4653095,2024-01-30T21:30:00.000Z,90,13.5,public,false,,,u9uC1vjdcdQ3UqNxI0SiFxor0m43,0,10,0,0,0,0,0
QeG7aEU5qXm6gu58lbk1,GOPARK INTERIEUR - Paintball et trampolines parc,played,captain,ChIJ2cJmdhf15kcRQ4mUOxIVzd0,49.045624&2.0799886,2024-01-30T19:00:00.000Z,120,12.5,public,false,Chill,2,5svK059jMCWGd7IRy8UcfstZDyO2,12,12,0,0,0,0,1
Qg3A4S2iM8HQ81xxbqMP,LE FIVE Paris 18,published,captain,ChIJpVT4_n1u5kcRzji6FdTBXXo,48.8978522&2.3700234,2024-02-19T19:00:00.000Z,60,14,public,true,Détente,3,ce6EfH1cJYTw5OdbcMWlxI2rcpE3,10,10,0,0,0,0,1
QhG4uUzPUF4R1Gks7Pfv,Stadium Thiais,canceled,captain,ChIJ64X9jzx05kcRsHvSfOv6UcA,48.7511137&2.3715422,2024-02-04T09:30:00.000Z,90,15,public,false,Détente,3,IlNYKbxJM5OikfmqXPad4NX0RM32,3,10,0,0,0,0,1
QhVLRIpLVU7MAT54JP5P,UrbanSoccer - Quai d'Ivry,canceled,captain,ChIJfXxYJ0xy5kcRw9xTkF6-FZQ,48.8199885&2.3936463,2024-01-31T17:15:00.000Z,90,16.5,public,true,Détente,2,9AtSt51BN8TSkVNiTCQxFVwf45w2,8,10,0,0,0,0,0
Qii3WZvHZlJQtGMjGgYA,Arena Club,played,captain,ChIJeWJWRjYvw0cRbnJR4ZXAKMA,50.7696017&3.1236104,2024-02-06T18:15:00.000Z,60,8.5,public,false,Détente,3,gYtFqSj0PydNaTTSfkvDaSMqvqc2,10,10,8,0,0,0,4
Qk9kcZrFZxSQiV5j4klw,UrbanSoccer - Puteaux,canceled,captain,ChIJM_sC0-Nk5kcRhL1y_EFIje8,48.8836397&2.2312283,2024-02-05T18:30:00.000Z,60,13,public,true,Détente,3,bhJeB6nV3qaXLJZZ1m5g4ndq4mz2,7,10,0,0,0,0,0
QkzD5RV7XHXagJWrNPMs,Stade Municipal de Châtillon,played,captain,ChIJR4npU45w5kcR31mOzMmoOwA,48.809172&2.287586,2024-01-30T11:10:00.000Z,90,,public,false,Détente,3,rzC8A0bd4afb9AWrHKlCPT9461y1,18,18,6,0,0,0,1
Qmj5gs7DN6C2WOf47ZnR,Game 13 foot indoor,played,captain,ChIJNSDvlsXryRIRUXao9hwB79I,43.41258939999999&5.366617,2024-02-08T18:00:00.000Z,60,10,public,false,Détente,3,tNI5PAPgX0MDq6T4GlwP3d2ndaO2,10,10,0,0,0,0,0
QnN7iw5M0L7XLpNWn6FH,LE FIVE Paris 17,draft,captain,ChIJ7eI8sFNv5kcR5xy52Wc57NU,48.900032&2.3213449,2024-02-02T18:00:00.000Z,60,,public,false,,,9v4jZHdjWEcpIaTOXjvNwoG9kbx1,0,0,0,0,0,0,0
QnWuVbMvJ932FdQphXuY,Stade Des Courtilles,played,captain,ChIJ83HS9ldv5kcR-plMKkHPNTA,48.929137&2.2834726,2024-02-18T17:15:00.000Z,120,,public,false,Détente,4,OUDonTRM5JTwDDmUMOikuN6wCKz1,14,14,6,0,0,0,3
QokiGltZDBqTPTeRfjmc,LE FIVE Bezons,played,pro,ChIJ04KEHBZk5kcRoDWLaMOCCwQ,48.91909&2.2093051,2024-02-14T16:30:00.000Z,90,10.5,public,false,,,U3MriTZbPbTUEsU6RtRuHxDMKvg2,10,10,9,0,0,0,3
QriYQstXWi3CRxH9Wydp,UrbanSoccer - Quai d'Ivry,draft,captain,ChIJfXxYJ0xy5kcRw9xTkF6-FZQ,48.8199885&2.3936463,2024-02-04T08:45:00.000Z,90,,public,false,,,aGQPNmbq2eXJIgytzHsnreYVmrh1,0,0,0,0,0,0,0
QsI6NEOEioZvPfsFnO54,Play Soccer,played,captain,ChIJQ-UxZn-5rhIRKWoQydM5T9s,43.5512023&1.4098927,2024-02-14T17:00:00.000Z,60,9,public,false,Détente,3,5vjtjQaQ5bai1zmwXC7G1Q9l8vI2,10,10,4,0,0,0,0
QtE1sPYL0tLhMLV0X7I9,Stadium Thiais,canceled,captain,ChIJ64X9jzx05kcRsHvSfOv6UcA,48.7511137&2.3715422,2024-02-14T11:00:00.000Z,120,7,public,false,Détente,3,Dohg1zNvhsbmGrYuAmExKFyjruw2,10,10,0,0,0,0,0
QwbeXLH0O9qykfW28vpg,Foot POWER 5,canceled,pro,,48.960066&2.2061913,2024-02-01T17:00:00.000Z,90,5,public,false,,,sss3dYi6nzWd7rEjwcQ30LGKudj1,0,10,0,0,0,0,0
QwzDKTls4wI7rtaie8z0,CA Romainville,canceled,captain,ChIJ6ZZX-Itt5kcRjhHfH1Jkgdc,48.8869386&2.4421851,2024-02-11T13:30:00.000Z,90,,public,false,Détente,2,lp3HxMszwUT4btAAKLAKDzNdP1j1,1,10,0,0,0,0,0
Qxt7cKAFX3BwRPwUfvax,UrbanSoccer - Lille Lezennes,played,captain,ChIJR3ro5nTWwkcRfM_S3Be9HjI,50.6162725&3.0998108,2024-02-14T20:45:00.000Z,60,5,public,true,Détente,1,AGzWGRxiFsPmcAoBh6oPcKVdALk2,10,10,3,0,0,0,1
QzKXkcAmmyuBixyzvUE6,Stadium Thiais,played,captain,ChIJ64X9jzx05kcRsHvSfOv6UcA,48.7511024&2.3713455,2024-01-31T20:00:00.000Z,90,14,public,false,Détente,2,hsT7W6aI7Ab1mcUdMT3eFGVHSUq2,10,10,4,0,0,0,0
QzZVDcRGwp6d1h9EmxzK,OHSPORT,canceled,captain,ChIJHeG9fA4X5kcRbGNzVY5Ud5I,48.9672396&2.5670436,2024-02-11T12:30:00.000Z,60,10,public,false,Détente,1,hCxYbfP8OCbVbYsWPqmewgcq4i32,8,10,0,0,0,0,1
R2Ff4shLth3QA0HjWVc2,Stadium Thiais,published,pro,ChIJ64X9jzx05kcRsHvSfOv6UcA,48.7511024&2.3713455,2024-02-13T16:30:00.000Z,90,10,public,false,,,psf3NmXEPwdCltHKJC7VuvJocrF3,0,10,0,0,0,0,0
R31goiW948X1bjjcFegy,Complexe Sportif ADP Orly Sud,canceled,captain,ChIJJ_l6yZV15kcRt2erTWIJT0I,48.7127531&2.3822901,2024-02-04T11:30:00.000Z,120,,public,false,Détente,3,cN5ziaJEEzeTkhSzhQ5spkd4BRm1,10,22,0,0,0,0,0
R3LuLUcoF94xYLQfjsfG,UrbanSoccer Meudon,played,captain,ChIJ0WKvjbh75kcRoqSmyWwW2jQ,48.80013599999999&2.2140811,2024-02-06T19:30:00.000Z,60,11.5,public,true,Détente,3,lqczemCj3SPhnokNK53tj9dgj7h1,10,10,1,0,0,0,3
R4wncIfQD1WwrcP3imax,Stade de la Poterne,canceled,captain,ChIJNX0GHvZ35kcRwSp1zW1FHl8,48.7354688&2.270022,2024-02-11T15:00:00.000Z,90,,public,false,Compétition,4,taZD7iFpWZarSI5FcZNlfb9c9nu1,13,16,0,0,0,0,0
R5GGXhEuCe0SJQ13426B,Plaine des Jeux de Gerland,played,captain,ChIJBYG18IPp9EcRUNpTJFdu8f0,45.7213257&4.8272967,2024-02-13T17:45:00.000Z,90,,public,false,Détente,3,8XaHJbOBJIgL3amW0ioGahTgC3z1,14,14,5,0,0,0,0
R5TV533cKq73XaCRTCGW,UrbanSoccer - Quai d'Ivry,played,captain,ChIJfXxYJ0xy5kcRw9xTkF6-FZQ,48.8199885&2.3936463,2024-02-10T14:00:00.000Z,90,18.75,public,true,Détente,4,rcH5ONcMhWeBi1uJJu3ouNW0j962,10,10,3,0,0,0,1
R8q511xRIaww2nsFOoOU,Stade Lilian Thuram,played,captain,ChIJy0-vXf9l5kcRH4WAmpihUQE,48.933705&2.2828141,2024-02-18T09:15:00.000Z,150,,private,false,Détente,3,fwrCzizjC5UGI9TzJdi1JinvWet1,18,18,12,0,0,0,1
RCPIw8NRxB0hK4goxA92,Stade Makowski,played,captain,ChIJvShnxJpt5kcRwdqlaq1s3E0,48.9090365&2.436058,2024-02-11T09:00:00.000Z,150,,public,false,Compétition,5,FmWwP3CHDDPrKuS9tlikkebaorJ3,14,14,3,0,0,0,0
REROuayU2YDr6KFD90Be,Antony,canceled,captain,ChIJf8cFRhF35kcR0D6LaMOCCwQ,48.759255&2.302553,2024-02-03T15:30:00.000Z,90,,public,false,Détente,3,Dohg1zNvhsbmGrYuAmExKFyjruw2,3,12,0,0,0,0,3
RFVyYsc0TnIBo07HV9vr,LE FIVE Carrières-sous-Poissy,canceled,captain,ChIJ9T4fWfyL5kcRCBX-FyZLvEE,48.9468144&2.0230574,2024-02-04T10:30:00.000Z,90,13,public,false,,3,T3MXqcHK9jTOVl5qDb6YLQV5V8R2,1,10,0,0,0,0,0
RG4cphg8dnM5EEQBRuxd,Stadium Thiais,played,captain,ChIJ64X9jzx05kcRsHvSfOv6UcA,48.7511137&2.3715422,2024-02-15T16:00:00.000Z,120,10,public,false,Compétition,3,Dohg1zNvhsbmGrYuAmExKFyjruw2,10,10,7,0,0,0,4
RGbJpoCmxKQzGlhvrYCH,UrbanSoccer - Asnières,canceled,captain,ChIJi5LkLT9v5kcRSlhScqEFNWs,48.92192379999999&2.3068311,2024-02-01T21:30:00.000Z,60,12.5,public,true,Compétition,5,2y6CLYdsY3chznmG0pfK2osxqfJ2,9,10,0,0,0,0,0
RGeC8TSFEwjNEJ6stnNw,Stadium Thiais,played,pro,ChIJ64X9jzx05kcRsHvSfOv6UcA,48.7511024&2.3713455,2024-02-10T15:30:00.000Z,90,12,public,false,,,psf3NmXEPwdCltHKJC7VuvJocrF3,10,10,7,0,1,0,0
RKc5RNZHMe6D6nl84AGU,Game 13 foot indoor,played,captain,ChIJNSDvlsXryRIRUXao9hwB79I,43.41258939999999&5.366617,2024-02-05T18:30:00.000Z,60,10,public,false,Détente,3,tNI5PAPgX0MDq6T4GlwP3d2ndaO2,10,10,0,0,0,0,1
RLx2yeb2SGH7mffUlHy4,LE FIVE Paris 18,published,captain,ChIJpVT4_n1u5kcRzji6FdTBXXo,48.8978522&2.3700234,2024-01-31T18:30:00.000Z,60,,public,true,Détente,2,nviPK7l6hTTiFn1ZXQb9VGK1YU42,9,10,0,0,0,0,0
RMOyY2Aia6sx705NUsR3,UrbanSoccer - Puteaux,played,captain,ChIJM_sC0-Nk5kcRhL1y_EFIje8,48.8836397&2.2312283,2024-02-02T20:00:00.000Z,60,14,public,true,Détente,2,v76LD8creGXtYNkDzSZYcFQXCoL2,10,10,1,0,0,0,1
RNGNjqeY5kmaPgnRGNqs,Play Soccer,played,captain,ChIJQ-UxZn-5rhIRKWoQydM5T9s,43.5512023&1.4098927,2024-02-11T17:00:00.000Z,90,12,public,false,Compétition,,2NU7A9Qv4FSliapXOPdbyvoZIbt2,10,10,1,0,0,0,0
RNZ0IBUxNyunJTNiRoRB,LE FIVE Paris 17,played,pro,ChIJ7eI8sFNv5kcR5xy52Wc57NU,48.900032&2.3213449,2024-02-14T16:00:00.000Z,60,5,public,false,,,V6mqbc9C8FNa1RQlUupjeoqOsZL2,10,10,9,0,0,0,4
RNivN25iGeaCr3qweRNq,LE FIVE Sarcelles,canceled,captain,ChIJ6_q3Fxhq5kcRCpoEwnoXX1Q,48.99782219999999&2.3902225,2024-02-13T19:30:00.000Z,60,10,public,false,Détente,3,CDUNSoD3O7NRtbBeRzQLtEUrkMo1,8,10,0,0,0,0,0
ROq0GEIAgG5JWUHxK6fs,UrbanSoccer Evry,canceled,captain,ChIJW0Ut1G7e5UcRt621n2fRQ5M,48.6286849&2.4066366,2024-02-09T19:00:00.000Z,90,15,public,true,Competition,5,pgFPu6NOfpPMuDu5bkF55PJaUMw1,9,10,0,0,0,0,0
RP5pDmKJZrxdZhgaaSYJ,Top Ten,published,pro,ChIJfXprBx4b5kcRmhe-5pLZUek,48.8729106&2.6840919,2024-02-12T16:00:00.000Z,90,5,public,false,,,i27253AGxOfXgYJK72sBnvUGuMk2,5,10,0,0,0,0,1
RQPT1LaKebZ2KjKvJ2g2,Stade Alain Mimoun,played,captain,ChIJKXgjEg8K5kcRAQMS-mAPMIA,48.6984273&2.5200303,2024-02-18T08:30:00.000Z,120,,public,false,Détente,,3tQbrsDwhhb8S5C2PF9iZnetZCt1,16,16,0,0,0,0,5
RQZMJkpxjTKlyHARoy8m,UrbanSoccer - Puteaux,published,captain,ChIJM_sC0-Nk5kcRhL1y_EFIje8,48.8836397&2.2312283,2024-02-09T18:15:00.000Z,60,13,private,true,Compétition,3,EOGY3s0MXkU1s0wbvfZwpxh2PM93,9,10,0,0,0,0,3
RRbz4RnEbadr8EcfiTGR,Play Soccer,played,captain,ChIJQ-UxZn-5rhIRKWoQydM5T9s,43.5512023&1.4098927,2024-02-08T17:00:00.000Z,60,9,public,false,Détente,3,5vjtjQaQ5bai1zmwXC7G1Q9l8vI2,10,10,5,0,1,0,0
RUWmwQ3AU6diRhCgIwCr,UrbanSoccer La Défense,canceled,captain,ChIJh4rnfVhk5kcRV2Q-ZKdm8vA,48.8996456&2.2216773,2024-02-14T12:00:00.000Z,60,12,public,true,Détente,,E3oWitPU6CN44l1FrqHmfe4OrLV2,7,10,0,0,0,0,0
RUuX0jyOB0AMLLlmIGM9,LE FIVE Carrières-sous-Poissy,played,captain,ChIJ9T4fWfyL5kcRCBX-FyZLvEE,48.9468171&2.0230552,2024-02-08T18:30:00.000Z,60,10,public,false,Compétition,3,h62E33HrMQPJ3gWgWKcnmyRZG002,10,10,1,0,0,0,0
RVJ48e3GNowwVKKGxx8B,LE FIVE Créteil,published,pro,,48.7643086&2.4706522,2024-01-30T16:00:00.000Z,60,7,public,false,,,ZmXMWx7aTdPoPkkGOWa2HIQVblq2,0,10,0,0,0,0,0
RVtaD6FB1IxjQNnbb5lF,Foot POWER 5,canceled,pro,ChIJuTCIFshm5kcRBtEQJ76dAzc,48.960066&2.2061913,2024-02-13T21:30:00.000Z,90,7,public,false,,,sss3dYi6nzWd7rEjwcQ30LGKudj1,0,10,0,0,0,0,0
RWiBXEvCOrOm6UEMvPdD,LE FIVE Montreuil,published,pro,,48.8613036&2.4653095,2024-02-03T13:00:00.000Z,90,15,public,false,,,u9uC1vjdcdQ3UqNxI0SiFxor0m43,0,10,0,0,0,0,0
RWmvvY5r7UmNzLBnLCTw,Top Ten,canceled,pro,ChIJfXprBx4b5kcRmhe-5pLZUek,48.8729106&2.6840919,2024-02-18T09:30:00.000Z,90,15,public,false,,,i27253AGxOfXgYJK72sBnvUGuMk2,0,10,0,0,0,0,0
RY0NErTBxddJ8XgnD6fx,UrbanSoccer - Lille Bondues,played,captain,ChIJ58ZerMgrw0cR2Jyp7tZjBn4,50.6913774&3.0860264,2024-02-07T18:15:00.000Z,60,10,public,true,Détente,2,WknLUcwl26ODvyrpqQXlZTLywRF3,10,10,0,0,0,0,0
RYCJR8lhzTTg6jL4tlCh,Stade Suzanne Lenglen,played,captain,ChIJvTSVwnVw5kcR9CmKGXIcwtA,48.83101689999999&2.272363,2024-02-09T13:00:00.000Z,120,,public,false,Détente,3,fIBmTCaBSgfkUsqoJg8f8UMwwYZ2,16,16,4,0,0,0,2
RbZZPpsgFtbBElv6LNB1,Top Ten,played,captain,ChIJfXprBx4b5kcRmhe-5pLZUek,48.8729106&2.6840919,2024-02-11T09:30:00.000Z,90,14,public,false,Détente,3,AgPIrYu6weWBSm3msnuThsN34Pf1,10,10,4,0,0,0,0
Rh6ZvNxQd0A9pSSO8ngP,Foot POWER 5,canceled,pro,,48.960066&2.2061913,2024-02-06T17:00:00.000Z,90,5,public,false,,,sss3dYi6nzWd7rEjwcQ30LGKudj1,0,10,0,0,0,0,0
Rjw5pF5CfTZZ0BWqpDCj,LE FIVE Montreuil,published,pro,,48.8613036&2.4653095,2024-02-10T15:00:00.000Z,60,10,public,false,,,u9uC1vjdcdQ3UqNxI0SiFxor0m43,0,10,0,0,0,0,0
Rm7C7dROblrqcICqtizp,LE FIVE Paris 13,canceled,captain,ChIJ_bOSChhz5kcRZMTeq_6Gdzg,48.8181615&2.3658793,2024-02-12T18:30:00.000Z,60,14,public,true,Détente,3,xgchDtBjaNTWuYoF26ypnCNi8Nm2,10,10,0,0,0,0,0
RmJ0FMu2DSLWwFYPmVRg,UrbanSoccer - Quai d'Ivry,played,captain,ChIJfXxYJ0xy5kcRw9xTkF6-FZQ,48.8199885&2.3936463,2024-01-30T19:00:00.000Z,60,14.5,public,true,Compétition,3,QmKckDgZJGaBR2XTUH6TimEPUBs2,10,10,1,0,0,0,0
RmNL2X82ctN9zinwNeTQ,Parc des Sévines,played,captain,ChIJ1-_7SUhv5kcRuFo_vTkcn_c,48.9297768&2.3037282,2024-02-15T11:25:00.000Z,60,,public,false,Détente,2,74fSRAEAFQeuA0MuBXzLOQkQasn1,14,14,4,0,0,0,2
RoboQmr1eOELX1t4MBjL,LE FIVE Paris 17,played,captain,ChIJ7eI8sFNv5kcR5xy52Wc57NU,48.900032&2.3213449,2024-01-31T17:00:00.000Z,60,12,public,true,Détente,2,nrCpNAe7GeTKCEnqRPEhq5niFRb2,10,10,3,0,0,0,1
RqESr2M9jRnspPBSeAwf,Stadium Thiais,played,pro,ChIJ64X9jzx05kcRsHvSfOv6UcA,48.7511024&2.3713455,2024-02-13T19:30:00.000Z,90,15,public,false,,,psf3NmXEPwdCltHKJC7VuvJocrF3,10,10,5,0,1,1,2
RqpFrOS6ymK9V7VAh3so,Stade de la butte Verte,canceled,captain,ChIJt9s2eC6_5kcRYIEmOm1FuyI,48.99648579999999&1.6672078,2024-02-11T14:25:00.000Z,150,,public,false,Compétition,3,LXppb6dWmgRmn3Tbh3CfgxcfZ0Q2,1,14,0,0,0,0,0
RsqbuyVNpYhX7uc8d3Nr,Terrain n°23 du Parc Interdépartemental Des Sports de Choisy,canceled,captain,ChIJvZZjB3515kcRzK_dHETXJkc,48.7699126&2.4314566,2024-02-05T19:30:00.000Z,90,,public,false,Compétition,4,cJe8pjn4xkTpWqLmezIS1Llbc613,12,14,0,0,0,0,0
RuXfqanq7jSOClrLe2OF,Stadium Thiais,played,pro,ChIJ64X9jzx05kcRsHvSfOv6UcA,48.7511024&2.3713455,2024-02-08T19:30:00.000Z,90,15,public,false,,,psf3NmXEPwdCltHKJC7VuvJocrF3,10,10,2,0,0,0,1
Rvjeqv3gT7oM2aAUlndl,Gymnase Municipal Maurice Bacquet,canceled,captain,ChIJA9DcrxBA5kcRK-Eav36o0HM,49.0290782&2.4604725,2024-02-04T16:50:00.000Z,90,,public,false,Détente,3,QqCjlca15HdnAvALHA0FzUBbbX42,10,16,0,0,0,0,0
Rx032xV1qHlddO7dsQ8s,Sport dans la Ville Rhône-Alpes,played,captain,ChIJoUEDcmvr9EcRILCz6hDCQ2o,45.7811703&4.8081568,2024-01-31T17:00:00.000Z,60,9.5,public,false,Détente,2,mqVfqcKhTYdDc73hCb1aX1JRZzL2,10,10,4,0,0,0,4
RyCeB1YCx8cpypxMgAiA,Top Ten,published,pro,,48.8729106&2.6840919,2024-02-11T11:00:00.000Z,90,15,public,false,,,i27253AGxOfXgYJK72sBnvUGuMk2,0,10,0,0,0,0,0
RzaLlnHKwwZVqsMH6jRh,Stadium Thiais,hidden,pro,ChIJ64X9jzx05kcRsHvSfOv6UcA,48.7511024&2.3713455,2024-02-12T19:30:00.000Z,90,15,public,false,,,psf3NmXEPwdCltHKJC7VuvJocrF3,0,12,0,0,0,0,1
S10D6lb6ugZoGZORfPL1,UrbanSoccer - Toulouse Montaudran,canceled,captain,ChIJl772e0u8rhIR2foRX4Xa2CI,43.574642&1.4801835,2024-02-07T11:30:00.000Z,60,9,public,true,Détente,2,vXodq4L7SuYYGOtneA6DITobObq2,7,10,0,0,0,0,0
S1kI1SPr0I740fPzt8tS,LE FIVE Bobigny,played,captain,ChIJV8UONORs5kcRXxR5Qd7x130,48.901553&2.4313304,2024-02-02T19:00:00.000Z,90,15,public,false,Détente,2,gW9aeEiiZMZQvDAz6I3Tm71GJSU2,10,10,3,0,0,0,0
S3AI3RPt2HNOLpS5LUW3,Stadium Thiais,published,pro,ChIJ64X9jzx05kcRsHvSfOv6UcA,48.7511024&2.3713455,2024-02-16T17:00:00.000Z,90,14,public,false,,,psf3NmXEPwdCltHKJC7VuvJocrF3,0,10,0,0,0,0,0
S450vnYPUoWdP4zQj65w,Stadium Thiais,played,captain,ChIJ64X9jzx05kcRsHvSfOv6UcA,48.7511024&2.3713455,2024-01-31T19:30:00.000Z,90,15,public,false,Détente,2,C41uLRu1nXX3sNBhLbABqcipElj2,10,10,2,0,0,0,2
S4wEH2lqt0jFvriwG9Fc,Foot-Max Argenteuil,played,captain,ChIJi9oIzaRm5kcRJYcK7QsdRMU,48.9501569&2.2093741,2024-02-04T15:30:00.000Z,90,12,public,false,Détente,3,F8OWu4MspmRPd01zZ29PxlZXFZN2,10,10,7,0,0,0,5
S5n3EQyKafUU0T2kwdVA,UrbanSoccer - Quai d'Ivry,canceled,captain,ChIJfXxYJ0xy5kcRw9xTkF6-FZQ,48.8199885&2.3936463,2024-02-06T20:40:00.000Z,60,13.5,public,true,Détente,3,xhKdNjTjRxWfX7o0pLIcqpPjl7E3,6,10,0,0,0,0,0
S9BG8yb8AnB8XI0wewcZ,LE FIVE Marville - La Courneuve,played,captain,ChIJ2dHdMZxr5kcR0aKYHYsp0pY,48.9364404&2.3869147,2024-02-10T11:00:00.000Z,60,10,public,false,Détente,4,que2ClS9cKaQ76VTIMNVaEEzQlW2,10,10,3,0,0,0,1
S9twhb4gKvRzMHjH3Soa,LE FIVE Montreuil,published,pro,ChIJJdTQjr0T5kcRZmGxtIJVy44,48.8613036&2.4653095,2024-02-16T09:00:00.000Z,90,10.5,public,false,,,u9uC1vjdcdQ3UqNxI0SiFxor0m43,0,10,0,0,0,0,0
SA6AmHA3I7PJ1rEV22t7,Foot POWER 5,canceled,pro,,48.960066&2.2061913,2024-02-07T21:30:00.000Z,90,7,public,false,,,sss3dYi6nzWd7rEjwcQ30LGKudj1,0,10,0,0,0,0,0
SAGdpEEG0x5pKxv7dSuJ,LE FIVE Paris 17,published,pro,,48.900032&2.3213449,2024-02-19T16:00:00.000Z,60,5,public,false,,,V6mqbc9C8FNa1RQlUupjeoqOsZL2,9,10,0,0,0,0,2
SAj2Rs9y5ghVvsrhKONA,Stadium Thiais,played,pro,ChIJ64X9jzx05kcRsHvSfOv6UcA,48.7511024&2.3713455,2024-02-16T21:30:00.000Z,90,14,public,false,,,psf3NmXEPwdCltHKJC7VuvJocrF3,10,10,6,0,0,0,1
SBUYsKo2IFHGPNzSznmF,Footbox,published,pro,ChIJY-WkusIR5kcR-tEad3UtaSQ,48.9022789&2.582647,2024-02-18T15:00:00.000Z,60,10,public,false,,,QI89VPazyLhBVnWH871jk4BUEZI3,0,10,0,0,0,0,0
SCmgTDhHuanSgisP0Kce,FOOT INDOOR Marseille,canceled,captain,ChIJ41AMCxC8yRIRLHLGt11sc-U,43.2859688&5.4882746,2024-02-15T19:30:00.000Z,60,10,public,false,Détente,4,j4s0Xi0PCtSGOsocXlMoiqSMPJb2,2,10,0,0,0,0,0
SDtj3AwYz8YmQvuxBqTl,Top Ten,played,pro,,48.8729106&2.6840919,2024-02-06T16:00:00.000Z,90,5,public,false,,,i27253AGxOfXgYJK72sBnvUGuMk2,10,10,8,0,0,0,5
SGmFINGziM8ivpMfa464,Top Ten,played,captain,ChIJfXprBx4b5kcRmhe-5pLZUek,48.8729209&2.6841223,2024-01-31T19:00:00.000Z,90,15,public,false,Détente,3,VGsBGTIKqNXZ0uwLPIyZ8o8y8wV2,10,10,6,0,0,0,0
SK1m8k1BLavZ1rg0YwxT,Stade Louis Boury,played,captain,ChIJLVk-5IVv5kcRNWYWGZlZ1sY,48.924964&2.3019224,2024-02-04T14:00:00.000Z,90,,public,false,Compétition,5,gcUvLJGsLVN6MjE3Z9SQqllcqAd2,10,10,3,0,0,0,1
SM5s4T0MlvBa3kkcNpLo,Foot-Max Argenteuil,published,pro,ChIJi9oIzaRm5kcRJYcK7QsdRMU,48.9501632&2.2093946,2024-02-14T18:00:00.000Z,90,12,public,false,,,SuEnyPZ4TgNIkt1yap2yJ3ZHO6p1,2,10,0,0,0,0,2
SNM0aRDJMXMrbrifklwf,Terrain de Rugby et de football de l'Hippodrome d'Auteuil,published,captain,ChIJCSzecLd65kcR5ZjhyyKieaE,48.84983099999999&2.2554075,2024-02-12T18:00:00.000Z,90,2,public,false,Détente,3,XnvW9brVmuclYXS7MIYBC1ThD8e2,9,18,0,0,0,0,0
SNQCdAx54HB3pvFbTqgo,Urban Football Meudon,canceled,captain,ChIJFeLBC2N75kcRyM1mlEZ3HjM,48.7983594&2.2102561,2024-02-01T19:00:00.000Z,90,16,public,false,Détente,3,Eky9dVVNQmbB9akUqXl9wI6eE282,9,12,0,0,0,0,0
SNqzxUq78LEqQohNdmjM,UrbanSoccer - Porte d'Aubervilliers,played,captain,ChIJ0dXjDCZs5kcRvX0EpMwxsUY,48.9074912&2.3746518,2024-02-04T11:45:00.000Z,90,7.5,public,true,Détente,3,cMDXsSUbWpbk3P8V4YnVbpJ8MbG3,10,10,2,0,0,0,1
SRGsM138nStf3EwhpXwP,UrbanSoccer La Défense,published,captain,ChIJh4rnfVhk5kcRV2Q-ZKdm8vA,48.8996456&2.2216773,2024-02-19T19:00:00.000Z,60,14,public,true,Détente,3,cYklJFkMqDTFIvBsXQKdMhuuAau2,9,10,0,0,0,0,2
SSBZTZsyT46hw2RjM0Ky,UrbanSoccer La Défense,canceled,captain,ChIJh4rnfVhk5kcRV2Q-ZKdm8vA,48.8996456&2.2216773,2024-02-05T17:00:00.000Z,60,13,public,true,Détente,2,G81AA2f5dHc0VSg50pvp9eaQ3nl1,9,10,0,0,0,0,0
ST4HHLAVUTV6PJpMLmc4,LE FIVE Paris 18,published,pro,ChIJpVT4_n1u5kcRzji6FdTBXXo,48.8978522&2.3700234,2024-02-19T10:00:00.000Z,90,8,public,false,,,UQf33jQhVZhle917nO0h7D5qclV2,1,10,0,0,0,0,0
SWOCzOW08u9gB0qrIZb7,STADIUM FOOT 5 VILLAGE,played,captain,ChIJbbOWFtC4yRIR0WXVerbWmnE,43.269413&5.4260321,2024-02-13T18:00:00.000Z,60,10,public,false,Détente,,PdanzL9w4eeQ0DuiFGY61oHgKNR2,10,10,2,0,0,0,0
SYbc10HbJvjVrETdt2yS,Soccer Five,published,captain,ChIJp0K53sp55kcR61-WTU8Yv5k,48.7368129&2.2591558,2024-02-10T09:00:00.000Z,90,,public,false,Détente,3,Dohg1zNvhsbmGrYuAmExKFyjruw2,9,10,0,0,0,0,0
SYhEUOCwNWpxIp3Zof4y,Foot POWER 5,canceled,pro,ChIJuTCIFshm5kcRBtEQJ76dAzc,48.960066&2.2061913,2024-02-19T17:00:00.000Z,90,5,public,false,,,sss3dYi6nzWd7rEjwcQ30LGKudj1,0,10,0,0,0,0,0
SawgAy0hDrcyTb4C4kfv,Foot POWER 5,canceled,pro,,48.960066&2.2061913,2024-02-12T21:30:00.000Z,90,7,public,false,,,sss3dYi6nzWd7rEjwcQ30LGKudj1,0,10,0,0,0,0,0
SbenrZooKbzmYqeBN3GM,LE FIVE Paris 17,draft,captain,ChIJ7eI8sFNv5kcR5xy52Wc57NU,48.900032&2.3213449,2024-02-04T11:00:00.000Z,90,,public,false,,,BM3cdlvrepRHNcMkYE8cy91qXd82,0,0,0,0,0,0,0
SdZ3Ba0Ti3EJWfmIwAkz,UrbanSoccer - Quai d'Ivry,played,captain,ChIJfXxYJ0xy5kcRw9xTkF6-FZQ,48.8199885&2.3936463,2024-01-30T18:30:00.000Z,60,14,public,true,Competition,,lppkOL9ay1VhR7EYSh39FXV8N1G3,10,10,0,0,0,0,2
Sf0XNkpNdlN2s86OJC6p,LE FIVE Montreuil,published,pro,,48.8613036&2.4653095,2024-01-30T16:00:00.000Z,60,7,public,false,,,u9uC1vjdcdQ3UqNxI0SiFxor0m43,1,10,0,0,0,0,0
SfT3Hn105o5mv7gj21R8,UrbanSoccer - Puteaux,played,captain,ChIJM_sC0-Nk5kcRhL1y_EFIje8,48.8836397&2.2312283,2024-02-04T18:00:00.000Z,60,13,public,true,Détente,3,OrrY7JtFtpgdHLz2keDfmbs1nm02,10,10,1,0,0,0,0
Shs6uRz4qafxZ4hlrWFN,LE FIVE Bobigny,published,pro,,48.901553&2.4313304,2024-02-07T17:00:00.000Z,60,8,public,false,,,4owi3i7t8EOvFNF6UQvACOpiDRy1,0,10,0,0,0,0,2
So2DphVNUArWioCDV0SR,Stadium Thiais,played,captain,ChIJ64X9jzx05kcRsHvSfOv6UcA,48.7511137&2.3715422,2024-02-18T15:00:00.000Z,120,15,public,false,Détente,3,PYWKrpuDEXTioEZU6CtF1n8EhPT2,10,10,2,0,0,0,0
SoFww7aearhkS3EdPpsd,Stadium Thiais,published,pro,ChIJ64X9jzx05kcRsHvSfOv6UcA,48.7511024&2.3713455,2024-02-17T15:00:00.000Z,90,12,public,false,,,psf3NmXEPwdCltHKJC7VuvJocrF3,9,10,0,0,0,0,0
SoLWTPScQSnycKyoOZJ0,Stadium Thiais,published,pro,,48.7511024&2.3713455,2024-01-31T11:00:00.000Z,60,7,public,false,,,psf3NmXEPwdCltHKJC7VuvJocrF3,0,10,0,0,0,0,0
Sp0B4C6rIz2ayMjootJd,Stade Suzanne Lenglen,draft,captain,ChIJvTSVwnVw5kcR9CmKGXIcwtA,48.83101689999999&2.272363,2024-01-31T18:00:00.000Z,60,,private,false,,,Qid13kpwaog2nAXYTK4GE9vwnDr1,0,0,0,0,0,0,0
SpYJPKjzE7Q1r7OELXnr,Stadium Thiais,played,pro,ChIJ64X9jzx05kcRsHvSfOv6UcA,48.7511024&2.3713455,2024-02-14T15:00:00.000Z,90,8,public,false,,,psf3NmXEPwdCltHKJC7VuvJocrF3,10,10,3,0,0,0,1
SrEDDDm8tJ8c7osWsiIV,UrbanSoccer La Défense,played,captain,ChIJh4rnfVhk5kcRV2Q-ZKdm8vA,48.8996456&2.2216773,2024-02-01T21:00:00.000Z,60,14,public,true,Détente,3,UG23bh92yeTazTzl6luByxrPhHf1,10,10,0,0,0,0,1
SrZpC4LRHZSbnRDvbjn3,UrbanSoccer La Défense,played,captain,ChIJh4rnfVhk5kcRV2Q-ZKdm8vA,48.8996456&2.2216773,2024-02-03T12:15:00.000Z,60,13.5,public,true,,2,2NC3kkXAbcajohS5VEMl6I6M5Yr1,10,10,1,0,0,0,1
SsNVXG2lDhsm6kkTK2Pk,Monclub Futbol,canceled,captain,ChIJGbxxaamUyRIRgGvhHnhJStA,43.4299152&5.4001974,2024-02-08T11:15:00.000Z,60,7.5,public,false,Détente,,9zu60WK7oRTRunRFppqodkJw9hz1,10,10,0,0,0,0,0
Su0MzXEdqTDA8pz5XgVX,LE PARK Complexe Multisports,canceled,captain,ChIJdUHbID8O5kcRV5lQhiHTvhs,48.8337843&2.5728501,2024-02-05T18:30:00.000Z,60,10,public,false,Détente,2,FwErgMnwgvOBvEO59ooLuB8lyPJ2,8,10,0,0,0,0,1
SuUP2SL3d3gUiQnjDq2A,Stade Lilian Thuram,played,captain,ChIJy0-vXf9l5kcRH4WAmpihUQE,48.933705&2.2828141,2024-02-18T07:00:00.000Z,150,,public,false,Détente,3,bvwFuUpB8ORr9UZhI1UFOuxbqtc2,18,18,18,0,0,1,6
SupO3gwNFsTecrlT0DU9,Foot POWER 5,canceled,pro,,48.960066&2.2061913,2024-02-05T21:30:00.000Z,90,7,public,false,,,sss3dYi6nzWd7rEjwcQ30LGKudj1,0,10,0,0,0,0,0
SvrznwSq9wY1DxfGEdca,Top Ten,published,pro,ChIJfXprBx4b5kcRmhe-5pLZUek,48.8729106&2.6840919,2024-02-10T12:30:00.000Z,90,15,public,false,,,i27253AGxOfXgYJK72sBnvUGuMk2,1,10,0,0,0,0,0
SwUdtxyrtmi1ZepnfAPF,LE FIVE Paris 18,played,pro,ChIJpVT4_n1u5kcRzji6FdTBXXo,48.8978522&2.3700234,2024-02-08T15:50:00.000Z,60,5,public,false,,,UQf33jQhVZhle917nO0h7D5qclV2,10,10,10,0,0,0,7
SwoqSyMlhCwedBTckL3X,Monclub Futbol,canceled,captain,ChIJGbxxaamUyRIRgGvhHnhJStA,43.4299152&5.4001974,2024-02-15T15:30:00.000Z,60,10,public,false,Détente,2,CSTy9rmJRQSyWlqWuGiUhGpAGqf2,9,10,0,0,0,0,0
SxzVb0Z0ucHMQGqzMMUL,LE PARK Complexe Multisports,published,captain,ChIJdUHbID8O5kcRV5lQhiHTvhs,48.8337843&2.5728501,2024-02-10T17:00:00.000Z,90,13.5,private,false,Détente,2,y6GRN7uNvHbcQIPkIzMNztCK2sE2,5,10,0,0,0,0,0
SzARshkC4kp4mH5DAT9c,UrbanSoccer La Défense,canceled,captain,ChIJh4rnfVhk5kcRV2Q-ZKdm8vA,48.8996456&2.2216773,2024-02-11T18:30:00.000Z,60,13,public,true,Détente,2,5XctojCmXOanU7H3xC4n3Yg8h7L2,9,10,0,0,0,0,0
SzEy4myQVsTx15TJI30y,Top Ten,published,pro,,48.8729106&2.6840919,2024-02-09T11:00:00.000Z,90,5,public,false,,,i27253AGxOfXgYJK72sBnvUGuMk2,1,10,0,0,0,0,0
SzqzKN7C2Vhz31IKeHyz,UrbanSoccer - Lyon Parilly,canceled,captain,ChIJx3FQWjLC9EcRrrQb2eV7i_4,45.7120399&4.9039284,2024-02-14T20:00:00.000Z,60,10,public,true,Détente,3,P1kmy2dcNZVhGPonuyLGSdki2X53,8,10,0,0,0,0,0
T0UI8SSOTTjGbAHd3TFI,Parc Sainte Barbe,canceled,captain,ChIJtw301r5w5kcRvRjidiuAyaw,48.7922897&2.2913469,2024-02-07T11:00:00.000Z,30,,public,false,Détente,4,rzC8A0bd4afb9AWrHKlCPT9461y1,10,16,0,0,0,0,0
T2Sg5lfE7E1WiWlRdgAM,UrbanSoccer - Asnières,canceled,captain,ChIJi5LkLT9v5kcRSlhScqEFNWs,48.92192379999999&2.3068311,2024-02-01T18:00:00.000Z,60,12,public,true,Détente,,GCQ9kveKoVYIlYxNaMP5nl4Tmtw2,10,10,0,0,0,0,0
T3lrtDl6mgFt7EVlOyz7,Stadium Thiais,published,pro,ChIJ64X9jzx05kcRsHvSfOv6UcA,48.7511024&2.3713455,2024-02-06T18:00:00.000Z,90,15,public,false,,,psf3NmXEPwdCltHKJC7VuvJocrF3,0,10,0,0,0,0,0
T4jc2RIIPqu7wZgFMf7S,Events Five,played,captain,ChIJf8cSCJG5rhIRoQadPH-wW1U,43.5399703&1.3922897,2024-02-05T18:00:00.000Z,60,8,public,false,Détente,,AMEnp6DXr5auGuUEuCYRvdtRzUC2,10,10,2,0,0,0,0
T4mXBAMHnf1NMrX2362Y,Parc Interdépartemental des Sports du Tremblay,canceled,captain,ChIJBVkfrQ4N5kcRGi-XnNQN_yo,48.8281085&2.491365,2024-02-02T11:00:00.000Z,120,,public,false,Compétition,,pKElqoFPmqUcPp7ox6TyRmakNoU2,4,16,0,0,0,0,0
T5oAmBI5HWSGzzEhRbU0,Ball In d'Or Dreux,published,captain,ChIJgRwhLzZV4UcRZ1kZ41ivPqU,48.7468231&1.3611978,2024-02-01T19:00:00.000Z,60,10,public,false,Détente,,wHobP5VvVzWciKKqBh41BpVY5GZ2,6,10,0,0,0,0,1
T6LwQwvVOTYWxRmRtjuP,Play Soccer,played,captain,ChIJQ-UxZn-5rhIRKWoQydM5T9s,43.5512023&1.4098927,2024-02-07T18:30:00.000Z,60,10,public,false,,,8LtkeOuZHeePxfkXdNPmQSr7V9L2,10,10,2,0,0,0,0
T6cDjR5tv0125IvDAWO0,LE FIVE Paris 13,played,pro,,48.8181615&2.3658793,2024-01-31T22:00:00.000Z,60,10,public,false,,,FjSnzlRFFfhWVWQJGfIEwRc2ZMj2,10,10,4,0,0,0,0
T6cHvVbkGX20e4testd5,Stadium Thiais,played,captain,ChIJ64X9jzx05kcRsHvSfOv6UcA,48.7511137&2.3715422,2024-02-18T15:20:00.000Z,90,15,public,false,Compétition,3,Cb3ffMJZjUQnWucxVbcngb5aaNV2,10,10,4,0,3,0,1
T8Mn1yRWSkbFIVuF8ZvE,LE FIVE Villette,played,captain,ChIJTUFnQjps5kcR0pHITLTw1PI,48.9070122&2.3861459,2024-02-13T20:00:00.000Z,60,12,public,false,Détente,2,7OLIzBft3ve5JiX48iP1rsQY1yM2,10,10,3,0,0,0,0
T9fMpy7Hw3TMDk3YWu7K,LE FIVE Paris 17,played,pro,,48.900032&2.3213449,2024-02-07T16:00:00.000Z,60,5,public,false,,,V6mqbc9C8FNa1RQlUupjeoqOsZL2,10,10,10,0,0,0,7
TAaBUdvQhHuO6uy4Kj1w,UrbanSoccer - Puteaux,played,captain,ChIJM_sC0-Nk5kcRhL1y_EFIje8,48.8836397&2.2312283,2024-02-08T19:00:00.000Z,60,14.5,private,true,Détente,3,RjnILKUgrrYly5GOAr8iC9cVDLt2,10,10,9,0,0,0,2
TBg8krJ6pUaxl1MGHzBb,Game 13 foot indoor,played,captain,ChIJNSDvlsXryRIRUXao9hwB79I,43.41258939999999&5.366617,2024-02-13T19:00:00.000Z,60,10,public,false,Détente,2,YRqiIIRIa7WLYzz10t8KebtmcKp1,10,10,7,0,0,0,3
TCPV0OED9QlS5P5dMoIa,Top Ten,published,pro,ChIJfXprBx4b5kcRmhe-5pLZUek,48.8729106&2.6840919,2024-02-08T17:30:00.000Z,90,16.5,public,false,,,i27253AGxOfXgYJK72sBnvUGuMk2,0,10,0,0,0,0,0
TD7BhRNWxyschYgIaIBg,LE FIVE Marville - La Courneuve,draft,captain,ChIJ2dHdMZxr5kcR0aKYHYsp0pY,48.9364404&2.3869147,2024-02-06T17:30:00.000Z,90,,public,false,,,qsDjY5kB6MON8qU6SLTWc5mpkpu1,0,0,0,0,0,0,0
TDK3ueZrHgc1PsizGCJB,OHSPORT,published,captain,ChIJHeG9fA4X5kcRbGNzVY5Ud5I,48.9672396&2.5670436,2024-02-11T21:30:00.000Z,60,10,public,false,Compétition,3,M97nTg4ML7YZ1HXYk4eUS9ZTw9q1,8,10,0,0,0,0,0
TF1hrFRupHrVLYtJyQEv,Le 13 - Foot en salle - Marseille,canceled,captain,ChIJR62kUm_ByRIRDnGQqGCeUVQ,43.33370070000001&5.370389599999999,2024-02-07T17:00:00.000Z,60,10,public,false,Détente,3,tYE0hxio2uYHYCahKUN7QqZwcbi1,5,10,0,0,0,0,0
TIPwW9EqlQIbz6t5d2CR,Halle Georges Carpentier,played,captain,ChIJnXkSwCty5kcR-nlHXNFQlg4,48.82020139999999&2.3672361,2024-02-12T11:00:00.000Z,120,,public,false,Compétition,3,kRAf444M3RUd6EWIOWpKVKs78SI2,16,16,15,0,1,0,9
TIxUirAKuDNnUhSGxyc7,Terrain n°23 du Parc Interdépartemental Des Sports de Choisy,played,captain,ChIJvZZjB3515kcRzK_dHETXJkc,48.7699126&2.4314566,2024-02-12T20:00:00.000Z,60,,public,false,Compétition,4,GIWZAPZ6EqXL1PHYLo3wpSZAOqd2,14,14,2,0,0,0,3
TJ8v6cXDkvI23IRgM7KK,Complexe sportif Arrighi - Stade - Gymnase - Tennis,played,captain,ChIJdY7UfIRz5kcRyDIR404fW5A,48.7830911&2.3989573,2024-02-08T19:00:00.000Z,120,,private,false,Détente,3,5v9WX6HkohWW6s4r8BR39p1iJxu1,16,16,7,0,0,0,1
TJmo9p4GTlF1Qq5PBJzC,football tour - soccer,canceled,captain,ChIJ_dpmzA5w5kcRN0OHtp3KUz4,48.8440202&2.2818962,2024-02-15T16:00:00.000Z,60,10,public,false,Compétition,3,P4MOZ8svThauBhBdekUGwnMXtHd2,3,10,0,0,0,0,0
TPt6eyZccekevsFaGZHd,LE FIVE Paris 13,canceled,captain,ChIJ_bOSChhz5kcRZMTeq_6Gdzg,48.8181615&2.3658793,2024-02-09T20:30:00.000Z,60,14,public,true,Détente,4,kyBOMn5H85NxcgAx4ZFePJhV7wJ3,10,10,0,0,0,0,0
TSYNzxVPNYs4DTSmD6aN,STADIUM FOOT 5 VILLAGE,canceled,captain,ChIJbbOWFtC4yRIR0WXVerbWmnE,43.269413&5.4260321,2024-01-31T18:00:00.000Z,60,10,public,false,Détente,3,MKjoGJESIIfNKw5sH93VODBuvLv2,9,10,0,0,0,0,0
TSqcMSTWCZUtK5rJm4De,Centre Sportif des Poissonniers,played,captain,ChIJMdytuYtu5kcREZQcK0sSFXY,48.900279&2.3489035,2024-02-05T17:45:00.000Z,90,,public,false,Compétition,5,1LDJWrjBcJPRiS8a2m1todvXiJM2,14,14,2,0,0,0,5
TUro4PyohgAufi1g9GUJ,UrbanSoccer - Toulouse Montaudran,canceled,captain,ChIJl772e0u8rhIR2foRX4Xa2CI,43.574642&1.4801835,2024-02-15T18:30:00.000Z,60,12,public,true,Détente,3,J6zkYv7ZkobLFwQmsidRB7uRZ3k2,5,10,0,0,0,0,1
TWLBnEAgx2ws3q5GUKYF,Top Ten,played,pro,ChIJfXprBx4b5kcRmhe-5pLZUek,48.8729106&2.6840919,2024-02-11T14:00:00.000Z,90,15,public,false,,,i27253AGxOfXgYJK72sBnvUGuMk2,10,10,7,0,0,0,2
TWztjMi5pzBG3Zcm4fYy,LE FIVE Montreuil,published,pro,,48.8613036&2.4653095,2024-01-31T22:00:00.000Z,60,8,public,false,,,u9uC1vjdcdQ3UqNxI0SiFxor0m43,0,10,0,0,0,0,0
TYaZoIbXsa9aOKZuPRxy,Stade Georges Carpentier,played,captain,ChIJDcRAPQZz5kcRRfIYvk9rvQQ,48.8190383&2.3661251,2024-02-16T16:00:00.000Z,60,,public,false,,4,JU3C6gIW2VYYc16aanhgp5xx9Gi2,16,16,13,0,0,0,5
Ta7rOaIFemdsUCwQKCmf,LE FIVE Bobigny,published,pro,ChIJV8UONORs5kcRXxR5Qd7x130,48.901553&2.4313304,2024-02-19T22:00:00.000Z,60,8,public,false,,,4owi3i7t8EOvFNF6UQvACOpiDRy1,0,10,0,0,0,0,0
TbIsajOFbHvRpmaNmrGz,Parc Sainte Barbe,played,captain,ChIJtw301r5w5kcRvRjidiuAyaw,48.7922897&2.2913469,2024-02-15T12:45:00.000Z,120,,public,false,Détente,4,rzC8A0bd4afb9AWrHKlCPT9461y1,16,16,4,0,0,0,0
TcIWOHQq490wjjVRP5CL,Footbox,published,pro,ChIJY-WkusIR5kcR-tEad3UtaSQ,48.9022789&2.582647,2024-02-14T21:00:00.000Z,60,10,public,false,,,QI89VPazyLhBVnWH871jk4BUEZI3,0,10,0,0,0,0,0
TfqRNx9iVkr3ns9ogaiK,Top Ten,published,pro,,48.8729106&2.6840919,2024-01-31T16:00:00.000Z,90,5,public,false,,,i27253AGxOfXgYJK72sBnvUGuMk2,0,10,0,0,0,0,4
TggAi53zoi78omUc2SGY,LE FIVE Villette,played,captain,ChIJTUFnQjps5kcR0pHITLTw1PI,48.9070122&2.3861459,2024-02-12T20:30:00.000Z,60,12,public,false,Détente,3,8a1IiqZPd4WCCGMJlcLdCNgF1jg2,10,10,0,0,0,0,0
TkH15s5ynw7qFDkgcZml,Élite 5 Soccer,played,captain,ChIJ5-jfdlZk5kcRYIaELgvikaM,48.9009153&2.2297275,2024-02-12T18:30:00.000Z,60,,public,true,Détente,2,ImXYTVn0sTZhv6rqsB4lBx0KNSm1,10,10,3,0,0,0,3
Tl9QyCzs4sOQVwO1TD16,LE FIVE Carrières-sous-Poissy,played,captain,ChIJ9T4fWfyL5kcRCBX-FyZLvEE,48.9469325&2.0233834,2024-02-03T21:30:00.000Z,90,12,public,false,,3,Wy3wc8FHaCYWTvZWNBBuL5f6n6n2,10,10,2,0,0,0,0
Tm21x9aaSkDmEeaai6e3,UrbanSoccer - Lille Lezennes,published,captain,ChIJR3ro5nTWwkcRfM_S3Be9HjI,50.6162725&3.0998108,2024-02-04T19:15:00.000Z,60,10,public,true,Détente,2,IF9xW2R8AFUyF2QCA3S1j1MekFh1,9,10,0,0,0,0,0
Tmagq9vsagTZRYpOf5b2,Stadium Thiais,published,pro,,48.7511024&2.3713455,2024-01-30T14:00:00.000Z,90,8,public,false,,,psf3NmXEPwdCltHKJC7VuvJocrF3,3,10,0,0,0,0,0
TmraLRKKXVTeddP9Cp2Y,LE FIVE Bezons,published,captain,ChIJ71Mv0Wpk5kcRg-H9x7L-dXo,48.9190524&2.211796,2024-02-19T17:45:00.000Z,60,12,public,true,Détente,3,rozWHJA9MMWn7asaS78B4zaxOgE3,7,10,0,0,0,0,0
TnyQNuHkGrWB202ldP1b,Grésillons - Félix Eboué,played,captain,ChIJr8e0ehVv5kcROCx3JH8c-i8,48.9169653&2.3068115,2024-02-04T09:30:00.000Z,120,,public,false,Détente,5,Vfq9bIbpHcRDP232q9RRDrbKWyQ2,14,14,7,0,0,0,1
To4fQpaKnoDn5GVbfPiB,Complexe sportif de l'île des Vannes,played,captain,ChIJTZWfSNNv5kcRmHP3Tz0AJ6A,48.9188419&2.3245603,2024-02-04T15:45:00.000Z,120,,public,false,Compétition,4,Csrh8EMzKaZCCcCZeEhs2tGGZRr1,16,16,3,0,0,0,2
ToSFYAbVH6NoNTAjbkwx,KIPSTADIUM : Centre de Pratique dédié aux Sports Collectifs,played,captain,ChIJydcoT88ow0cRLnHvlF-Z_jE,50.708529&3.173304,2024-02-14T19:00:00.000Z,60,8,public,false,Détente,4,Zb9502EsYoacYH2RzlDSWSZlMYy2,10,10,1,0,0,0,2
TpUOeQs8TgxePrf3SZHs,Stade Dominique Rocheteau,played,captain,ChIJjfv4wRdv5kcRlGLhgdhX0NU,48.916328&2.3142113,2024-02-11T12:00:00.000Z,90,,public,false,Détente,2,G5fFE9D2J0hEyVak1hmLLPxw6Nk2,14,14,11,0,1,0,0
Tpk0CbSoWjET5WysD23z,Sport dans la Ville Rhône-Alpes,canceled,captain,ChIJoUEDcmvr9EcRILCz6hDCQ2o,45.7811703&4.8081568,2024-02-08T20:30:00.000Z,60,9,public,false,Compétition,3,sLpmn8E00ae3hLE8YVonTzhNOnz1,9,10,0,0,0,0,0
TrvquCTUgdzR6odI5ERk,Foot POWER 5,canceled,pro,,48.960066&2.2061913,2024-01-30T17:00:00.000Z,90,5,public,false,,,sss3dYi6nzWd7rEjwcQ30LGKudj1,0,10,0,0,0,0,0
TtpsIfNhiJhCaDjX8VR1,Top Ten,published,pro,ChIJfXprBx4b5kcRmhe-5pLZUek,48.8729106&2.6840919,2024-02-17T14:00:00.000Z,90,15,public,false,,,i27253AGxOfXgYJK72sBnvUGuMk2,0,10,0,0,0,0,0
Tvt4tWxACrEdtcE0T9UH,Game 13 foot indoor,played,captain,ChIJNSDvlsXryRIRUXao9hwB79I,43.41258939999999&5.366617,2024-02-07T18:30:00.000Z,60,10,public,false,Compétition,4,RPwfyrL30dS1yvyJwGrn0z2HgSa2,10,10,0,0,0,0,0
TwQwqTanYbmGmaUTBFpB,MONCLUB 2.0,played,captain,ChIJv9owGLm-yRIRfuDnd3G6nR4,43.2895156&5.4611522,2024-02-14T18:30:00.000Z,60,10,public,false,Détente,2,acWFODV94rS86IjtYjTFel9PdrQ2,10,10,1,0,0,0,0
TwjRIJP5lKGAWHXdAk7P,LE FIVE Villette,canceled,captain,ChIJTUFnQjps5kcR0pHITLTw1PI,48.9070122&2.3861459,2024-02-10T10:30:00.000Z,60,10,public,false,Détente,3,2WS400bM7uX0xELJAMzrwgVMkOM2,9,10,0,0,0,0,0
Twx6BsbEQEfja4WnsfXp,LE FIVE Paris 18,canceled,captain,ChIJpVT4_n1u5kcRzji6FdTBXXo,48.8978522&2.3700234,2024-02-13T21:00:00.000Z,60,5,public,true,Compétition,,FPDYElDbI8eELHBk16FXJx9PLHB2,7,10,0,0,0,0,0
Txx1stZjDCD6J3MzgOeM,LE FIVE Marville - La Courneuve,played,captain,ChIJ2dHdMZxr5kcR0aKYHYsp0pY,48.9364404&2.3869147,2024-02-06T17:30:00.000Z,90,14,public,false,Détente,4,qsDjY5kB6MON8qU6SLTWc5mpkpu1,10,10,3,0,0,0,1
U09SY7CtOmbAPaWOtNZr,UrbanSoccer - Porte d'Aubervilliers,canceled,captain,ChIJ0dXjDCZs5kcRvX0EpMwxsUY,48.9074912&2.3746518,2024-02-01T18:30:00.000Z,60,14.5,public,true,Détente,3,bsGfxfBDVEZLmS3JCnuMf3uvu2y1,10,10,0,0,0,0,0
U0DhuR7GpHDlcoydCtR6,Top Ten,played,pro,,48.8729106&2.6840919,2024-02-05T16:00:00.000Z,90,5,public,false,,,i27253AGxOfXgYJK72sBnvUGuMk2,10,10,8,0,0,0,3
U0hoCzKQHNOWIUmiZ5HI,Parc de Choisy,played,captain,ChIJ7RWNzpZ05kcRTkknDj8Df-I,48.7664003&2.4305572,2024-02-01T19:30:00.000Z,60,,public,false,Compétition,3,KlMcJaT6KkMas65JzGqEHQpVI172,14,14,3,0,0,0,4
U1SNJbnoOkJUwgD3EDMn,Le 13 - Foot en salle - Marseille,played,captain,ChIJR62kUm_ByRIRDnGQqGCeUVQ,43.33370070000001&5.370389599999999,2024-02-10T21:00:00.000Z,60,10,public,false,Détente,3,tYE0hxio2uYHYCahKUN7QqZwcbi1,10,10,5,0,0,0,1
U1gIM5yPiagembop59dc,UrbanSoccer - Toulouse Sept Deniers,published,captain,ChIJk5nUBdOkrhIRP-1aUJzo-lA,43.6321552&1.411696,2024-02-10T18:00:00.000Z,60,6,public,true,Compétition,4,DOlPs6BfttWCNTT28mqUqgRujxu2,6,10,0,0,0,0,0
U3DdQaNYHDzW3v4xfUtI,Stadium Thiais,published,pro,,48.7511024&2.3713455,2024-02-10T10:30:00.000Z,90,12,public,false,,,psf3NmXEPwdCltHKJC7VuvJocrF3,0,10,0,0,0,0,1
U5pcsnsrifumRSIYMlEU,Z5 Aix,published,captain,ChIJKb-U_9KSyRIRKIFKbH5mW18,43.4787869&5.3969048,2024-02-19T17:00:00.000Z,60,11,public,false,Détente,2,yN33RfgnwveslueOs6QpPsDDeBn1,10,10,0,0,0,0,1
U6JPGhtw5GfD73jbxD65,Top Ten,played,captain,ChIJfXprBx4b5kcRmhe-5pLZUek,48.8729106&2.6840919,2024-02-04T17:30:00.000Z,90,15,public,false,Compétition,4,G0jyxyn6PgOVCqPw0TMkq8cSR3S2,10,10,3,0,0,0,0
U7azKvZyIUTsYWsNixCy,Stadium Thiais,published,pro,ChIJ64X9jzx05kcRsHvSfOv6UcA,48.7511024&2.3713455,2024-02-10T18:00:00.000Z,90,15,public,false,,,psf3NmXEPwdCltHKJC7VuvJocrF3,0,10,0,0,0,0,1
U7zTwRiECOdIPVmKOviB,UrbanSoccer - Quai d'Ivry,played,captain,ChIJfXxYJ0xy5kcRw9xTkF6-FZQ,48.8199885&2.3936463,2024-02-03T14:15:00.000Z,60,12.5,public,true,Détente,2,cxowTDCmyOUPy6XmaYoPRtWh1R33,10,10,4,0,0,0,1
U8ccsyMEOV6j8U1lVeph,UrbanSoccer - Lyon Parilly,played,captain,ChIJx3FQWjLC9EcRrrQb2eV7i_4,45.7120399&4.9039284,2024-02-15T17:50:00.000Z,60,10.5,public,true,Détente,3,C0tIJK1E6qSQDXwkeBUMR5VYmMj1,10,10,3,0,0,0,0
U9qP2Hpj5Ter21vyUifW,LE FIVE Marville - La Courneuve,played,captain,ChIJ2dHdMZxr5kcR0aKYHYsp0pY,48.9364404&2.3869147,2024-02-11T16:20:00.000Z,90,8,public,false,Détente,2,JahLVeFI5wbOoEcoOdoOZdUfypB2,10,10,3,0,0,0,0
UAUc1ET8XzoO8Ix5P9aX,Footbox,published,pro,ChIJY-WkusIR5kcR-tEad3UtaSQ,48.9022789&2.582647,2024-02-13T22:00:00.000Z,60,10,public,false,,,QI89VPazyLhBVnWH871jk4BUEZI3,0,10,0,0,0,0,0
UBSWudgUkxqV9QuPaO0g,UrbanSoccer - Porte d'Aubervilliers,played,captain,ChIJ0dXjDCZs5kcRvX0EpMwxsUY,48.9074912&2.3746518,2024-02-04T09:30:00.000Z,90,18.75,public,true,Détente,3,wdxiMpGwfEdB3trkhwupGo6szmE3,10,10,2,0,0,0,0
UBVf3rdZjy5bmpLg6FPi,Stadium Thiais,played,captain,ChIJ64X9jzx05kcRsHvSfOv6UcA,48.7511137&2.3715422,2024-02-03T20:00:00.000Z,90,15,public,false,Détente,3,N3YGknfQ1wRztd8lYNV2kwt0N9D3,10,10,2,0,0,0,1
UBp7EGBlY0qPXXFEy3zY,LE FIVE Créteil,published,pro,ChIJ88lx3VwL5kcRVxCh4lD6_Gk,48.7643086&2.4706522,2024-02-16T16:00:00.000Z,60,7,public,false,,,ZmXMWx7aTdPoPkkGOWa2HIQVblq2,3,10,0,0,0,0,2
UCoAHLTCpNvNjoms7bvb,UrbanSoccer - Quai d'Ivry,played,captain,ChIJfXxYJ0xy5kcRw9xTkF6-FZQ,48.8199885&2.3936463,2024-02-04T15:45:00.000Z,90,20,public,true,Détente,3,nnVMCQjNFGMCWP80TQIm2Wl4Lcf1,10,10,1,0,0,0,0
UD1v54yFm2Ymkuk7xZzt,Élite 5 Soccer,canceled,captain,ChIJ5-jfdlZk5kcRYIaELgvikaM,48.9009153&2.2297275,2024-02-03T14:00:00.000Z,60,12,public,true,Détente,3,OJknS6xEHQg7gnie3oJA8tPlh953,10,10,0,0,0,0,0
UDTdevk7DgNGzcrnC0rM,Top Ten,published,pro,ChIJfXprBx4b5kcRmhe-5pLZUek,48.8729106&2.6840919,2024-02-13T20:30:00.000Z,90,16.5,public,false,,,i27253AGxOfXgYJK72sBnvUGuMk2,0,10,0,0,0,0,0
UDYxoIuRYqJ1f56E8p1m,Halle Georges Carpentier,published,captain,ChIJnXkSwCty5kcR-nlHXNFQlg4,48.82020139999999&2.3672361,2024-02-15T16:00:00.000Z,120,,public,false,Détente,2,FYfgfT1shkXXyaMI4sZTA7d9Qdw2,3,12,0,0,0,0,0
UE3VffPJsIPdqo5DKAns,Stadium Antibes,played,captain,ChIJSSGxg-PUzRIRblID9ACQndc,43.6121609&7.122323,2024-02-04T09:00:00.000Z,90,10.5,public,false,Détente,3,p19qKNMksiYXrahCuiOVu7DOFc12,10,10,0,0,0,0,0
UE646q1hP0C4uIlrbH8n,Monclub Futbol,played,pro,ChIJGbxxaamUyRIRgGvhHnhJStA,43.4299152&5.4001974,2024-01-31T18:30:00.000Z,60,10,public,false,,,CSTy9rmJRQSyWlqWuGiUhGpAGqf2,10,10,5,0,0,0,1
UIYrTWHxi6efZWWqMlwV,LE FIVE Bezons,canceled,captain,ChIJ71Mv0Wpk5kcRg-H9x7L-dXo,48.9190524&2.211796,2024-02-18T17:00:00.000Z,90,13.5,public,true,,3,EE6z38U6AphjjX3mkkrhdcVWPqG3,5,10,0,0,0,0,0
UKc2OvbMSw27gfgBYFcw,LE FIVE Bezons,played,pro,,48.91909&2.2093051,2024-02-03T20:00:00.000Z,90,13.5,public,false,,,U3MriTZbPbTUEsU6RtRuHxDMKvg2,10,10,8,0,0,0,2
ULTvLbRNIfyeWtDkjDd8,Stains,published,captain,ChIJ6_yphcJr5kcRMmpL4MPqRks,48.95538699999999&2.384703,2024-02-04T09:45:00.000Z,90,,public,false,Détente,2,PY4xVpp2kuN4vNMdN0QVj8hVkDz1,6,12,0,0,0,0,0
UNsxxaeINM6pFwIdkTFy,Monclub Futbol,published,pro,ChIJGbxxaamUyRIRgGvhHnhJStA,43.4299152&5.4001974,2024-02-14T19:00:00.000Z,60,10,public,false,,,CSTy9rmJRQSyWlqWuGiUhGpAGqf2,0,10,0,0,0,0,0
UO5jqDQzsNeKoDfvgAph,LE FIVE Paris 18,played,pro,ChIJpVT4_n1u5kcRzji6FdTBXXo,48.8978522&2.3700234,2024-02-18T10:30:00.000Z,90,15,public,false,,,UQf33jQhVZhle917nO0h7D5qclV2,10,10,4,0,0,0,2
UOLcdxMkzGG7HdI6vsyU,LE FIVE Morangis,canceled,captain,ChIJA4uAhOXZ5UcRp-vZXZP-ovY,48.692672&2.3192811,2024-02-17T09:30:00.000Z,90,15,public,false,Détente,3,0oA4LAfjceQbQtn6rCFBhaOO79Z2,8,10,0,0,0,0,0
UQgRPcyImP03Fham924R,Z5 Aix,played,captain,ChIJKb-U_9KSyRIRKIFKbH5mW18,43.4787869&5.3969048,2024-02-02T19:00:00.000Z,60,11,public,false,Détente,2,LC6zgt9ko7cYCghFki9pHFtV26E2,10,10,3,0,1,0,0
USFHmW00pT72oyOqTkCC,UrbanSoccer - Toulouse Montaudran,draft,captain,ChIJl772e0u8rhIR2foRX4Xa2CI,43.574642&1.4801835,2024-02-01T20:25:00.000Z,60,10,public,true,Compétition,4,aUXSDToe4ae6IAugvfaWy4b8kuc2,0,10,0,0,0,0,0
UTJ7FGGWAx8gMu6kUXYY,Play Soccer,played,captain,ChIJQ-UxZn-5rhIRKWoQydM5T9s,43.5512023&1.4098927,2024-02-06T18:00:00.000Z,60,10,public,false,,,pL0skPQs4CYYVXb682MCC9jXu8K2,10,10,2,0,0,0,0
UUImLnAzhLwrBxcIfZl9,UrbanSoccer - Lyon Barolles,canceled,captain,ChIJN4l-IC3v9EcRf9QJKIVC_aY,45.6837539&4.7725939,2024-02-10T16:30:00.000Z,60,10.5,public,true,Détente,2,CtNFqr0EPoVhchQqBoufnZrvWU33,10,10,0,0,0,0,0
UUTVdD94gLSEXf532Uii,UrbanSoccer - Lille Lezennes,played,captain,ChIJR3ro5nTWwkcRfM_S3Be9HjI,50.6162725&3.0998108,2024-02-15T18:50:00.000Z,60,10,public,true,Compétition,3,2sanzmSM99PtBOgzVeGt2bUNxCC2,10,10,0,0,0,0,1
UUhoH8NwO8SZ9sZjtfuk,LE FIVE Paris 18,played,pro,ChIJpVT4_n1u5kcRzji6FdTBXXo,48.8978522&2.3700234,2024-02-17T08:30:00.000Z,90,10,public,false,,,UQf33jQhVZhle917nO0h7D5qclV2,10,10,6,0,0,1,2
UVUETSdft1pEdpj3ep6d,UrbanSoccer - Porte d'Aubervilliers,canceled,captain,ChIJ0dXjDCZs5kcRvX0EpMwxsUY,48.9074912&2.3746518,2024-02-07T19:00:00.000Z,60,14,public,true,Détente,3,vWGFCRSBU3g6tQzkMBAyMRNgoBO2,10,10,0,0,0,0,1
UVcfl9Vl7zOMFELjRxPK,Cap Loisirs,canceled,captain,ChIJ6xl7EP2irhIRG2TbDQazLzE,43.64393279999999&1.4791113,2024-02-07T17:30:00.000Z,90,8,public,false,Détente,2,IGpZvMdua4SB7wycMbxGc5KpLHl2,5,10,0,0,0,0,0
UW9u6RoBu2kDNx2BB0BX,Stadium Thiais,published,pro,,48.7511024&2.3713455,2024-02-12T11:00:00.000Z,60,7,public,false,,,psf3NmXEPwdCltHKJC7VuvJocrF3,1,10,0,0,0,0,1
UXSUJvb1UCIHrH2lnMdV,Top Ten,played,pro,ChIJfXprBx4b5kcRmhe-5pLZUek,48.8729106&2.6840919,2024-02-06T20:00:00.000Z,90,15,public,false,,,i27253AGxOfXgYJK72sBnvUGuMk2,10,10,3,0,0,0,0
UXk7eIuVtQhn1h9cdf8a,UrbanSoccer - Asnières,played,captain,ChIJi5LkLT9v5kcRSlhScqEFNWs,48.92192379999999&2.3068311,2024-02-08T18:00:00.000Z,60,13.5,public,true,Détente,3,rDYkT3Wkesf08FlaHx5KMRIUqB82,10,10,1,0,0,0,1
UYG1nji9kcZUc6fQCmuJ,LE FIVE Montreuil,published,pro,ChIJJdTQjr0T5kcRZmGxtIJVy44,48.8613036&2.4653095,2024-02-13T16:00:00.000Z,60,7,public,false,,,u9uC1vjdcdQ3UqNxI0SiFxor0m43,0,10,0,0,0,0,0
Ua4X3zaSqtQnyA3wVath,LE FIVE Morangis,played,captain,ChIJA4uAhOXZ5UcRp-vZXZP-ovY,48.692672&2.3192811,2024-02-12T19:00:00.000Z,90,14,public,false,Détente,3,lBFghTuY8xaZaCC6cZb6QQm3T0A3,10,10,1,0,0,0,2
UaDH42UHgc7DJvkxFECZ,LE FIVE Paris 17,played,pro,ChIJ7eI8sFNv5kcR5xy52Wc57NU,48.900032&2.3213449,2024-02-15T16:00:00.000Z,60,5,public,false,,,V6mqbc9C8FNa1RQlUupjeoqOsZL2,10,10,9,0,0,0,8
UaWquOKew0IupxdFy02T,UrbanSoccer - Porte d'Aubervilliers,played,captain,ChIJ0dXjDCZs5kcRvX0EpMwxsUY,48.9074912&2.3746518,2024-02-04T11:50:00.000Z,90,7.5,public,true,Compétition,3,0ULOPK5ImBfpxej91rstBWktcS03,10,10,2,0,0,0,0
UajLgeCyWu2uuPu6RiQC,UrbanSoccer - Quai d'Ivry,played,captain,ChIJfXxYJ0xy5kcRw9xTkF6-FZQ,48.8199885&2.3936463,2024-02-02T20:30:00.000Z,90,13.5,public,true,Détente,4,TjGDzFudrqOi7iaBTjiVmvkMlyY2,10,10,3,0,0,0,0
Ub3CnkxBxlgBO7lzAK4w,LE FIVE Villette,played,captain,ChIJTUFnQjps5kcR0pHITLTw1PI,48.9070122&2.3861459,2024-02-14T11:00:00.000Z,60,4.9,public,false,Détente,4,mhT59AVfAcbz8MNwdiRo05xPxc92,10,10,0,0,0,0,4
UeZ3G7njZmyTXGAp1zYh,Le Street Foot en Salle,played,captain,ChIJt_AXL6Jg5kcRu6rBmnrmeUM,49.0164435&2.181307,2024-01-31T20:00:00.000Z,60,11,public,false,Détente,2,76YZWwA4HoUFuVSt6tlq1D1B1tk2,10,10,2,0,0,0,0
UioapwuuVN7uUiMXuDru,Z5 Aix,played,captain,ChIJKb-U_9KSyRIRKIFKbH5mW18,43.4787869&5.3969048,2024-02-02T17:00:00.000Z,60,11,public,false,Détente,2,XBBWsXbbIYTDG9Qi2SzCtmOQIxG2,10,10,1,0,0,0,0
UjcKoModZoaYDarJRUKd,Play Soccer,played,captain,ChIJQ-UxZn-5rhIRKWoQydM5T9s,43.5512023&1.4098927,2024-02-07T20:00:00.000Z,60,10,public,false,,3,8LtkeOuZHeePxfkXdNPmQSr7V9L2,10,10,2,0,0,0,0
UkuA921IkF4mljOUnJ4H,LE FIVE Bezons,played,pro,,48.91909&2.2093051,2024-02-09T16:30:00.000Z,90,10.5,public,false,,,U3MriTZbPbTUEsU6RtRuHxDMKvg2,10,10,9,0,0,0,5
Ul95J2UX4OfUFt88XGXb,Stadium Thiais,canceled,captain,ChIJ64X9jzx05kcRsHvSfOv6UcA,48.7511137&2.3715422,2024-02-18T11:00:00.000Z,90,15,public,false,Détente,3,O4KdKpQzHgWvVsK3EesYmes6WPS2,4,10,0,0,0,0,0
UmNsDrBs1NgRElEdy9oi,UrbanSoccer - Quai d'Ivry,played,captain,ChIJfXxYJ0xy5kcRw9xTkF6-FZQ,48.8199885&2.3936463,2024-02-07T21:15:00.000Z,60,13.5,public,true,Détente,3,xhKdNjTjRxWfX7o0pLIcqpPjl7E3,10,10,1,0,0,0,1
UmzUUGihuA55WtmmRLGZ,UrbanSoccer - Puteaux,canceled,captain,ChIJM_sC0-Nk5kcRhL1y_EFIje8,48.8836397&2.2312283,2024-02-08T20:00:00.000Z,60,15,private,true,Chill,2,NA7GMvlZOtdqP8Hk07p0AyAEbnh1,10,10,0,0,0,0,0
UnNSQS6trIxTMKk5IAbi,UrbanSoccer - Asnières,played,captain,ChIJi5LkLT9v5kcRSlhScqEFNWs,48.92192379999999&2.3068311,2024-02-12T21:30:00.000Z,90,11,public,true,Compétition,5,WkdYSBHZbRWR87pmgtkaAzclCOr1,10,10,6,0,0,1,3
UpgymrYdsTh6cLMs2suP,UrbanSoccer - Asnières,played,captain,ChIJi5LkLT9v5kcRSlhScqEFNWs,48.92192379999999&2.3068311,2024-02-10T09:00:00.000Z,90,16,public,true,Détente,2,WozX8lfYg6PrX62FwEtrw2kTHIj1,10,10,3,0,0,0,0
UrVfSvyJstTcrHoJ1aGM,Z5 Aix,played,captain,ChIJKb-U_9KSyRIRKIFKbH5mW18,43.4787869&5.3969048,2024-02-14T18:30:00.000Z,60,11,public,false,Détente,2,lS5Ogv6YqMXE9msYuaMHx8LtJvb2,10,10,3,0,0,0,0
UroXidPP9HAW1DLpB3nl,LE FIVE Créteil,published,pro,ChIJ88lx3VwL5kcRVxCh4lD6_Gk,48.7643086&2.4706522,2024-02-14T16:00:00.000Z,60,7,public,false,,,ZmXMWx7aTdPoPkkGOWa2HIQVblq2,1,10,0,0,0,0,2
UtOj9hnrbIQnO3L2fsBv,LE FIVE Paris 17,canceled,captain,ChIJ7eI8sFNv5kcR5xy52Wc57NU,48.900032&2.3213449,2024-02-09T21:30:00.000Z,90,7.5,public,true,Détente,3,Rr3AS7V02egLsgPCKF7XB6hPl2W2,5,10,0,0,0,0,0
UtYXVXat6Mz1KvTTRowP,UrbanSoccer - Porte d'Aubervilliers,draft,captain,ChIJ0dXjDCZs5kcRvX0EpMwxsUY,48.9074912&2.3746518,2024-02-08T11:30:00.000Z,60,,public,false,,,28xvNfFJPDQRVrMAtQqmfDdQwX23,0,0,0,0,0,0,0
Uu1BcukbrUUpB4zHlsKv,Game 13 foot indoor,played,captain,ChIJNSDvlsXryRIRUXao9hwB79I,43.41258939999999&5.366617,2024-02-01T18:30:00.000Z,60,10,public,false,Détente,3,tNI5PAPgX0MDq6T4GlwP3d2ndaO2,10,10,0,0,0,0,0
Uv4rrWb1cNf6SiwOA4iq,Top Ten,played,pro,ChIJfXprBx4b5kcRmhe-5pLZUek,48.8729106&2.6840919,2024-02-16T16:00:00.000Z,90,5,public,false,,,i27253AGxOfXgYJK72sBnvUGuMk2,10,10,7,0,0,0,7
Uvg4wIb6obNoPrAcFEeD,Top Ten,played,pro,,48.8729106&2.6840919,2024-02-08T16:00:00.000Z,90,5,public,false,,,i27253AGxOfXgYJK72sBnvUGuMk2,10,10,9,0,0,1,9
UwyXMBsiGBUmsUyAh8Db,Stadium Thiais,canceled,captain,ChIJ64X9jzx05kcRsHvSfOv6UcA,48.7511137&2.3715422,2024-02-09T18:30:00.000Z,90,15,public,false,Détente,3,nw7OtPvvibZLVMCBi0qlsCY7msf2,10,10,0,0,0,0,2
UxAA4xz1OHfP3IUJVmCq,Speed Soccer Five,published,pro,,48.7360598&2.315058,2024-02-12T17:00:00.000Z,90,13,public,false,,,MkTJljXziPXBdRdijccndMLBNCC3,0,10,0,0,0,0,0
Uxskdo9UJvoAQjfHRM35,UrbanSoccer - Porte d'Aubervilliers,played,captain,ChIJ0dXjDCZs5kcRvX0EpMwxsUY,48.9074912&2.3746518,2024-02-04T14:30:00.000Z,60,5,public,true,Détente,3,G4COw6sO8KWQn9J4FyP2Iudzz6r1,10,10,1,0,0,0,0
UybAsTYs8pEfLeiyeUcK,UrbanSoccer - Porte d'Aubervilliers,published,captain,ChIJ0dXjDCZs5kcRvX0EpMwxsUY,48.9074912&2.3746518,2024-02-16T17:45:00.000Z,90,7.5,public,true,Compétition,3,n3R2uzshLmftuthw5S5G7k14amb2,9,10,0,0,0,0,0
UzZwDxEK7uBESb6OKi1q,Stade Robespierre,played,captain,ChIJrSdPdLpk5kcRTIf7gmbAvcU,48.8692482&2.2034218,2024-02-10T10:00:00.000Z,90,5,public,false,Compétition,4,uK7KAxZFpwZeIpiBLR7VWDgp0qF2,10,10,8,0,1,0,0
V0HM4BKKfcREsvLhwz2F,UrbanSoccer - Lille Lezennes,canceled,captain,ChIJR3ro5nTWwkcRfM_S3Be9HjI,50.6162725&3.0998108,2024-02-16T21:30:00.000Z,60,5,public,true,Compétition,3,4OqfE9VmZUZxOcies0Iqf0Tmq0I2,10,10,0,0,0,0,0
V0VYmcclTBiq3ThcKVLA,Stadium Thiais,published,captain,ChIJ64X9jzx05kcRsHvSfOv6UcA,48.7511024&2.3713455,2024-01-31T21:00:00.000Z,90,14,public,false,Compétition,,k5uV0OgfsbfK3rA84puHJKDRlxl1,11,12,0,0,0,0,0
V1MXfZZH1Cu5FDOKFQcf,Arena Club,played,captain,ChIJeWJWRjYvw0cRbnJR4ZXAKMA,50.7696017&3.1236104,2024-01-30T18:15:00.000Z,60,8.5,public,false,Détente,3,gYtFqSj0PydNaTTSfkvDaSMqvqc2,10,10,8,0,0,0,0
V2M3PJwWWn5iEAuf8vGt,F5 Foot Five,played,captain,ChIJjUbM5G7A9EcRW3mlkrhyXxY,45.7857911&4.905926399999999,2024-02-14T18:30:00.000Z,60,10,public,false,Détente,,IVJrAOET89XatlU0xdIIfZqApmO2,10,10,1,0,0,0,0
V4e1dea8NG0OYAJtn2ec,Top Ten,published,pro,,48.8729106&2.6840919,2024-02-06T21:30:00.000Z,90,16.5,public,false,,,i27253AGxOfXgYJK72sBnvUGuMk2,0,10,0,0,0,0,0
V4vRhVxArS0qFSfuYZvg,Z5 Aix,played,captain,ChIJKb-U_9KSyRIRKIFKbH5mW18,43.4787869&5.3969048,2024-02-14T19:30:00.000Z,60,11,public,false,Détente,3,yJ5LcR37dlhfJSLUDesg5VNotET2,10,10,1,0,0,0,0
V5tbJmxqToNK3eRq4yBV,AS Ermont (Amicale Sportive Ermont),canceled,captain,ChIJ9y9jk6Nn5kcRnRa4fDjVo-A,48.9952415&2.2504249,2024-01-30T19:00:00.000Z,120,,public,false,Compétition,5,6JXgCR5so6fABA4AmJERaIczAbm1,10,14,0,0,0,0,0
V6XNFyYrEX1wCRQYKqF2,UrbanSoccer - Quai d'Ivry,canceled,captain,ChIJfXxYJ0xy5kcRw9xTkF6-FZQ,48.8199885&2.3936463,2024-02-03T19:30:00.000Z,60,11,public,true,Détente,3,pYVfbqcKlAW1PNHKRMANa0PiGrq2,10,10,0,0,0,0,0
V75kinQoqG8qzLnt9dg4,LE FIVE Paris 13,canceled,captain,ChIJ_bOSChhz5kcRZMTeq_6Gdzg,48.8181615&2.3658793,2024-02-16T17:00:00.000Z,60,14,public,true,Détente,3,yiWuXlSIzmY7ezn4A534HP7FVQm2,2,10,0,0,0,0,0
V8VshYvqsNIwzB9ERucK,UrbanSoccer - Porte d'Aubervilliers,canceled,captain,ChIJ0dXjDCZs5kcRvX0EpMwxsUY,48.9074912&2.3746518,2024-02-19T21:15:00.000Z,90,11,public,true,Compétition,3,n3R2uzshLmftuthw5S5G7k14amb2,5,10,0,0,0,0,0
V9JtVQZx5nyppHptxQkw,Gymnase Henri Wallon,published,captain,ChIJEzBEjZBm5kcRnjnyKOb5TGU,48.9507133&2.2239801,2024-02-11T09:10:00.000Z,90,,public,false,Détente,3,hNL25FRWJwW78vTlyGpURjafpL13,9,10,0,0,0,0,0
V9o6jYl7jmmZsAw1af4N,Foot-Max Argenteuil,canceled,captain,ChIJi9oIzaRm5kcRJYcK7QsdRMU,48.9501569&2.2093741,2024-01-31T19:00:00.000Z,120,16,public,false,Détente,4,NyMT5g5AbvWGj0dtepGfP8wkKCQ2,9,10,0,0,0,0,0
VB9ifVnekJVL7sINcL0w,LE FIVE Bobigny,played,captain,ChIJV8UONORs5kcRXxR5Qd7x130,48.901553&2.4313304,2024-02-01T18:00:00.000Z,60,10,public,false,Détente,,wxEDIpT20XdSCWDMwixmIQ1QuKA2,10,10,0,0,0,0,0
VExI3o5P9fJKe8EU3ZBS,Sport dans la Ville Rhône-Alpes,played,captain,ChIJoUEDcmvr9EcRILCz6hDCQ2o,45.7811703&4.8081568,2024-01-31T18:30:00.000Z,60,9,public,false,Compétition,4,goWfR3BnnZZsX9KXGB8YEVCj6rv2,10,10,3,0,0,0,2
VFI9UpoDNtZsY6bSXuUF,LE FIVE Paris 17,played,pro,,48.900032&2.3213449,2024-02-09T16:00:00.000Z,60,5,public,false,,,V6mqbc9C8FNa1RQlUupjeoqOsZL2,10,10,10,0,4,0,8
VGGudzI45JnLIX50mFNY,Stade Municipal Guy Môquet,played,captain,ChIJR4npU45w5kcR31mOzMmoOwA,48.8087472&2.2873094,2024-02-06T11:00:00.000Z,90,,public,false,Détente,3,rzC8A0bd4afb9AWrHKlCPT9461y1,18,18,7,0,0,0,1
VGtN0wR3WT26HXw245Wq,Stadium Thiais,hidden,pro,ChIJ64X9jzx05kcRsHvSfOv6UcA,48.7511024&2.3713455,2024-02-15T20:00:00.000Z,90,10,public,false,,,psf3NmXEPwdCltHKJC7VuvJocrF3,0,10,0,0,0,0,0
VIPQ3s2Fcm63eWqAz7Ik,Stadium Thiais,published,pro,ChIJ64X9jzx05kcRsHvSfOv6UcA,48.7511024&2.3713455,2024-01-31T16:30:00.000Z,90,10,public,false,,,psf3NmXEPwdCltHKJC7VuvJocrF3,0,10,0,0,0,0,0
VIthBFWjIvpDgWxhXKgv,UrbanSoccer - Asnières,played,captain,ChIJi5LkLT9v5kcRSlhScqEFNWs,48.92192379999999&2.3068311,2024-02-07T20:00:00.000Z,60,12.5,public,true,Détente,3,raz95wekFvUqEJGSVcEUtkkZyUT2,10,10,4,0,0,0,2
VJKcIAiZiERUsrLRm091,UrbanSoccer La Défense,played,captain,ChIJh4rnfVhk5kcRV2Q-ZKdm8vA,48.8996456&2.2216773,2024-02-10T11:15:00.000Z,60,13,public,true,Détente,3,CatTCKi9TudRczfwGTDDZ9CqT1A3,10,10,1,0,0,0,1
VJrVAq2hdaqs35gS5Iyj,UrbanSoccer La Défense,played,captain,ChIJh4rnfVhk5kcRV2Q-ZKdm8vA,48.8996456&2.2216773,2024-02-09T19:00:00.000Z,60,15,public,true,Détente,4,vQZmIv4IM3cPqh4UyJZxEgLFaU13,10,10,2,0,0,0,0
VJrvKWWgOEoUNUf1QM8a,Stade Élisabeth,played,captain,ChIJkXj9tq5x5kcROlxynHzTh9o,48.8207737&2.3270972,2024-02-07T18:00:00.000Z,120,2,public,false,Compétition,5,8i5faoQkJ4YSkhRB5skPBLiEh1G3,16,16,5,0,0,0,2
VJtcx6dPz0rgB766bVzf,STADIUM FOOT 5 VILLAGE,played,captain,ChIJbbOWFtC4yRIR0WXVerbWmnE,43.269413&5.4260321,2024-02-04T18:00:00.000Z,60,10,public,false,Détente,3,MKjoGJESIIfNKw5sH93VODBuvLv2,10,10,4,0,0,0,0
VKc97bham5xxdnprdkDR,Footbox,published,pro,ChIJY-WkusIR5kcR-tEad3UtaSQ,48.9022789&2.582647,2024-02-18T21:00:00.000Z,60,10,public,false,,,QI89VPazyLhBVnWH871jk4BUEZI3,1,10,0,0,0,0,0
VQXZfBgG4QFwNSndPIU9,Top Ten,canceled,pro,,48.8729106&2.6840919,2024-02-09T21:30:00.000Z,90,16.5,public,false,,,i27253AGxOfXgYJK72sBnvUGuMk2,0,10,0,0,0,0,1
VR6bZOH6WKJQu80uZUKQ,Footbox,published,pro,ChIJY-WkusIR5kcR-tEad3UtaSQ,48.9022789&2.582647,2024-02-14T22:00:00.000Z,60,10,public,false,,,QI89VPazyLhBVnWH871jk4BUEZI3,0,10,0,0,0,0,0
VRKiy0cse7eOVFhq9KNt,Classico Foot,played,captain,ChIJFV442oCxrhIRgsZy5aIbkNs,43.5945434&1.2911399,2024-02-12T19:30:00.000Z,60,9,public,false,Détente,,sh3Ti8wQWbeLpHkq0e0tZXci8IJ3,10,10,4,0,0,0,0
VRthQd3GEOcEHIrv7dSL,FOOT INDOOR Marseille,played,captain,ChIJ41AMCxC8yRIRLHLGt11sc-U,43.2859688&5.4882746,2024-02-08T19:30:00.000Z,60,10,public,false,Détente,4,j4s0Xi0PCtSGOsocXlMoiqSMPJb2,10,10,4,0,0,0,3
VSl0jayaM1IZVrZz0jgW,LE FIVE Montreuil,published,pro,,48.8613036&2.4653095,2024-01-31T09:00:00.000Z,90,10.5,public,false,,,u9uC1vjdcdQ3UqNxI0SiFxor0m43,0,10,0,0,0,0,0
VTqR18eL9ruGc318JaRs,Stadium Thiais,canceled,captain,ChIJ64X9jzx05kcRsHvSfOv6UcA,48.7511137&2.3715422,2024-02-10T15:30:00.000Z,90,14,public,false,Compétition,3,8z69joeXgRXkGFP3TNv4gKoMtiy1,4,10,0,0,0,0,0
VU6diSNKFpOtTVORSwqO,Stadium Thiais,published,captain,ChIJ64X9jzx05kcRsHvSfOv6UcA,48.7511137&2.3715422,2024-02-09T16:30:00.000Z,90,10,public,false,Compétition,3,Dohg1zNvhsbmGrYuAmExKFyjruw2,1,10,0,0,0,0,0
VW5iPUcPUfv9QbLX8RfM,LE FIVE Morangis,published,captain,ChIJA4uAhOXZ5UcRp-vZXZP-ovY,48.692672&2.3192811,2024-02-17T13:00:00.000Z,180,30,public,false,Compétition,4,GHdcskz31KgtZnEVWHA7jpyTOlo2,1,10,0,0,0,0,0
VWGD5JXjonBN6FJcRaaR,UrbanSoccer La Défense,canceled,captain,ChIJh4rnfVhk5kcRV2Q-ZKdm8vA,48.8996456&2.2216773,2024-02-13T17:00:00.000Z,90,10,public,true,Détente,1,5euParydjfhK9X9C5d02xSm8Vrw1,6,10,0,0,0,0,0
VWnrBF0PwojaGK98fTIY,Speed Soccer Five,published,pro,ChIJ2xTNglV25kcR3UDi4AXGfDU,48.7360598&2.315058,2024-02-12T20:00:00.000Z,90,13,public,false,,,MkTJljXziPXBdRdijccndMLBNCC3,4,10,0,0,0,0,0
VXTk7nJEEzdO5k0NClIg,Foot POWER 5,canceled,pro,ChIJuTCIFshm5kcRBtEQJ76dAzc,48.960066&2.2061913,2024-02-13T17:00:00.000Z,90,5,public,false,,,sss3dYi6nzWd7rEjwcQ30LGKudj1,0,10,0,0,0,0,0
VXvIOpirZCO6vbAN2XDA,UrbanSoccer - Lyon Parilly,canceled,captain,ChIJx3FQWjLC9EcRrrQb2eV7i_4,45.7120399&4.9039284,2024-02-10T18:00:00.000Z,60,10,public,true,Détente,2,gMCRjBS1DxfTdv0BVJdVow63Yuj1,5,10,0,0,0,0,0
VY85BoIqe5MMUuQCqVLm,LE PARK Complexe Multisports,played,captain,ChIJdUHbID8O5kcRV5lQhiHTvhs,48.8337843&2.5728501,2024-02-15T20:30:00.000Z,90,15,public,false,Détente,3,829zZz6oFwgbm5XgM88zXeeLYNB3,10,10,3,0,0,0,0
Va3fIhjeqU03q4L9IZ0G,Stade de la Tour aux Parachutes,canceled,captain,ChIJbwsrhCpy5kcRca22Pnhr8MU,48.8175176&2.3643354,2024-02-03T12:00:00.000Z,90,,private,false,Compétition,3,YJzwhypt9zOxc3an88b2j5YT2yY2,5,16,0,0,0,0,0
VaFedkWtO7Pffvn8jx3B,LE FIVE Paris 18,played,pro,ChIJpVT4_n1u5kcRzji6FdTBXXo,48.8978522&2.3700234,2024-02-01T18:00:00.000Z,90,15,public,false,,,UQf33jQhVZhle917nO0h7D5qclV2,10,10,8,0,0,0,2
Vck5v5CZaPLS8LSydCqW,UrbanSoccer La Défense,played,captain,ChIJh4rnfVhk5kcRV2Q-ZKdm8vA,48.8996456&2.2216773,2024-02-16T17:30:00.000Z,60,13.5,public,true,Détente,2,ed9kZe8xX2Ug3IpkygNdcmSPMKp2,10,10,6,0,0,0,1
VdmJO3dJvY2TnIqkqlHA,Le Mercato FOOT INDOOR,played,captain,ChIJzRK7HJy_yRIRqEreyEiAfC0,43.3426654&5.4084961,2024-02-08T21:00:00.000Z,60,9,public,false,Détente,2,wbZeuxAyAvaQ1WddoHJYTumThRg1,10,10,2,0,0,0,0
VgRFsVNKktzME0gCAghg,Parc Interdépartemental des Sports du Tremblay,played,captain,ChIJBVkfrQ4N5kcRGi-XnNQN_yo,48.8281085&2.491365,2024-02-10T09:45:00.000Z,120,,public,false,Compétition,4,FMKiTLsf7gXgZa0Z4dqBzIOUrxr1,16,16,5,0,0,0,9
Vgp7WrBXeeMlbsMS5wCg,Stadium Thiais,published,pro,,48.7511024&2.3713455,2024-02-11T13:30:00.000Z,90,15,public,false,,,psf3NmXEPwdCltHKJC7VuvJocrF3,0,10,0,0,0,0,1
Vgv2XnnM7k8yujQp7HpT,STADIUM FOOT 5 VILLAGE,played,captain,ChIJbbOWFtC4yRIR0WXVerbWmnE,43.269413&5.4260321,2024-02-06T18:00:00.000Z,90,15,public,false,Détente,3,MKjoGJESIIfNKw5sH93VODBuvLv2,10,10,4,0,0,0,0
ViIYrrMJwg2DUMi6FQOQ,UrbanSoccer - Lille Lezennes,published,captain,ChIJR3ro5nTWwkcRfM_S3Be9HjI,50.6162725&3.0998108,2024-02-10T16:00:00.000Z,90,10,private,true,Détente,2,FfODf1K4wxQF0dc4cH43GeK7Kd23,5,10,0,0,0,0,0
VitiUoWZeYUk7MjuZkaN,UrbanSoccer - Quai d'Ivry,played,captain,ChIJfXxYJ0xy5kcRw9xTkF6-FZQ,48.8199885&2.3936463,2024-02-13T19:00:00.000Z,60,14,public,true,Détente,3,CBYAiO5MiSX1QInSnA5JFstME602,10,10,0,0,0,0,0
Vjf0vkCPxNbgRvA5WvbV,UrbanSoccer - Porte d'Aubervilliers,published,captain,ChIJ0dXjDCZs5kcRvX0EpMwxsUY,48.9074912&2.3746518,2024-02-19T19:15:00.000Z,60,14.5,public,true,Détente,4,ZWz4QsXbOndU0e44kpgxAjMAD0A3,6,10,0,0,0,0,0
VlH8OGvBxIlO2zdAU1XP,UrbanSoccer - Toulouse Sept Deniers,played,captain,ChIJk5nUBdOkrhIRP-1aUJzo-lA,43.6321552&1.411696,2024-02-13T11:30:00.000Z,60,8.5,public,true,Détente,2,71Aj4GaRZ0USfkOgXZ2NPmRhqw02,10,10,2,0,0,0,0
Vo4dLt5EzPSlDceeUtNs,LE FIVE Montreuil,published,pro,,48.8613036&2.4653095,2024-02-11T13:00:00.000Z,90,15,public,false,,,u9uC1vjdcdQ3UqNxI0SiFxor0m43,1,10,0,0,0,0,1
Vx46j5c2coCNcnNecbjo,UrbanSoccer - Quai d'Ivry,canceled,captain,ChIJfXxYJ0xy5kcRw9xTkF6-FZQ,48.8199885&2.3936463,2024-02-17T14:00:00.000Z,60,12.5,public,true,Détente,3,1H4o3FWs1eN5mb4ncnj6W7vxpmK2,10,10,0,0,0,0,1
Vx87fbQ3lyN6tBiddL1Z,Stadium Thiais,published,pro,ChIJ64X9jzx05kcRsHvSfOv6UcA,48.7511024&2.3713455,2024-02-15T18:00:00.000Z,90,15,public,false,,,psf3NmXEPwdCltHKJC7VuvJocrF3,0,12,0,0,0,0,0
VzXWQCMNw37K7GnnhpcW,UrbanSoccer - Marne-La-Vallée,played,captain,ChIJ6bDBiosP5kcROXiloHzSdhc,48.82658600000001&2.6296937,2024-02-04T18:00:00.000Z,90,15,public,true,,3,aQFnkWUbF2XN7joliUowabzB5Iq2,10,10,4,0,0,0,0
W0j85NyRclb0r7p0CPfw,Parc des Sévines,played,captain,ChIJ1-_7SUhv5kcRuFo_vTkcn_c,48.9297768&2.3037282,2024-01-31T19:00:00.000Z,120,,public,false,Chill,4,alKdx0B0bAPF23akKWxXruUtnw43,16,16,4,0,2,0,5
W2cCNYQpbQ29mKpGP63Y,Monclub Futbol,played,pro,ChIJGbxxaamUyRIRgGvhHnhJStA,43.4299152&5.4001974,2024-02-02T18:00:00.000Z,60,10,public,false,,,CSTy9rmJRQSyWlqWuGiUhGpAGqf2,10,10,2,0,0,0,0
W3W2ZMumUjG0cIMBd8ys,FIVE ARENA MEAUX ,published,pro,,48.9539465&2.9154573,2024-02-11T09:30:00.000Z,90,10,public,false,,,4K6djqUyJdTgGF3Q7nh7CXQHqVh1,1,10,0,0,0,0,1
W5Ltf6v0FJPSlLMdK8is,LE FIVE Bezons,canceled,captain,ChIJ71Mv0Wpk5kcRg-H9x7L-dXo,48.9190524&2.211796,2024-02-07T20:00:00.000Z,90,14,public,true,Compétition,4,B5IEyXnkzfZniludjQGbyvoeeAI3,4,10,0,0,0,0,2
W5cGwkBnM6edQ3VlQMFB,Terrain de Draveil,played,captain,ChIJ8TYAB93f5UcRtDLTkIEHl88,48.6889414&2.3919424,2024-02-01T18:45:00.000Z,90,,private,false,Détente,4,JQFTrgs3UhM9J8qMoN1avgZ0kwq1,16,16,5,0,0,0,0
W6YGISELsOG5CFHAcKVy,Footbox,published,pro,ChIJY-WkusIR5kcR-tEad3UtaSQ,48.9022789&2.582647,2024-02-18T14:00:00.000Z,60,10,public,false,,,QI89VPazyLhBVnWH871jk4BUEZI3,0,10,0,0,0,0,0
W6u0joMZzfK0QR4b60iM,Game 13 foot indoor,canceled,captain,ChIJNSDvlsXryRIRUXao9hwB79I,43.41258939999999&5.366617,2024-01-30T20:30:00.000Z,60,10,public,false,Compétition,4,RPwfyrL30dS1yvyJwGrn0z2HgSa2,10,10,0,0,0,0,0
W86xRF7Pyj81dIPW2AgO,UrbanSoccer - Lyon Parilly,played,captain,ChIJx3FQWjLC9EcRrrQb2eV7i_4,45.7120399&4.9039284,2024-02-05T18:15:00.000Z,90,15,public,true,Détente,3,vENMZ1yaZJg7Ie8dtcOnOQInYJh2,10,10,7,0,0,0,0
WBGDt4ocgRr1MhpQX947,Stadium Thiais,published,pro,ChIJ64X9jzx05kcRsHvSfOv6UcA,48.7511024&2.3713455,2024-02-19T11:00:00.000Z,60,7,public,false,,,psf3NmXEPwdCltHKJC7VuvJocrF3,0,10,0,0,0,0,0
WCaldTR2682vJFkVFYX9,UrbanSoccer La Défense,played,captain,ChIJh4rnfVhk5kcRV2Q-ZKdm8vA,48.8996456&2.2216773,2024-02-03T17:15:00.000Z,60,12.5,public,true,Détente,2,dHXCQqNGaWZzX1XqcRj0FpyLnz23,10,10,3,0,0,1,1
WDdG1c4WIurbzVbiIojK,LE FIVE Sarcelles,canceled,captain,ChIJ6_q3Fxhq5kcRCpoEwnoXX1Q,48.99782219999999&2.3902225,2024-02-08T17:45:00.000Z,60,10,public,false,Compétition,5,ew3GACDRP8UnjNCcNvvniBkgvOP2,10,10,0,0,0,0,0
WEvlOHOXRFeJRmCJdUVC,UrbanSoccer - Lille Lezennes,canceled,captain,ChIJR3ro5nTWwkcRfM_S3Be9HjI,50.6162725&3.0998108,2024-02-01T18:30:00.000Z,60,12,public,true,Détente,,ndAd7rihYxdiPIlgyGdDCz4tS0d2,2,10,0,0,0,0,0
WFxqYCLaCyIfK4ixBFKG,Stade Pierre Corbarieu,canceled,captain,ChIJR8n2W4-7rhIRAerjyzTqyNc,43.5792841&1.4380623,2024-02-17T09:00:00.000Z,90,,public,false,Détente,2,A2eBY5QhlzWBTLK6s6WQdRMzEEf1,15,22,0,0,0,0,0
WGjmFQCmeRxt2LFr1oK3,Top Ten,published,pro,,48.8729106&2.6840919,2024-01-30T21:30:00.000Z,90,16.5,public,false,,,i27253AGxOfXgYJK72sBnvUGuMk2,0,10,0,0,0,0,0
WHfdC3wBpJVpi2jq7Qsc,Foot POWER 5,canceled,pro,,48.960066&2.2061913,2024-02-08T17:00:00.000Z,90,5,public,false,,,sss3dYi6nzWd7rEjwcQ30LGKudj1,0,10,0,0,0,0,0
WHn5CEG2wRlomcSB4uk5,LE FIVE Bobigny,published,pro,,48.901553&2.4313304,2024-02-05T22:00:00.000Z,60,8,public,false,,,4owi3i7t8EOvFNF6UQvACOpiDRy1,1,10,0,0,0,0,0
WImYPdHyobBcxk8P6jnl,F5 Foot Five,canceled,captain,ChIJjUbM5G7A9EcRW3mlkrhyXxY,45.7857911&4.905926399999999,2024-02-16T18:00:00.000Z,90,13,public,false,,5,q7GKmo45xtafaGyHSwZlt7LqeB23,10,10,0,0,0,0,0
WJGrfppft2HOyYBMZPKC,Stadium Thiais,canceled,captain,ChIJ64X9jzx05kcRsHvSfOv6UcA,48.7511137&2.3715422,2024-02-12T18:00:00.000Z,90,14,public,false,,3,8z69joeXgRXkGFP3TNv4gKoMtiy1,5,12,0,0,0,0,0
WKAIXGSBzxYyhkXBzERm,LE FIVE Morangis,played,captain,ChIJA4uAhOXZ5UcRp-vZXZP-ovY,48.692672&2.3192811,2024-02-11T12:30:00.000Z,90,15,public,false,Compétition,3,chS51XjYiJgHXzKphcgUD3VuZrH2,10,10,2,0,0,0,0
WPWIZSVHHf9IL7oyei1P,UrbanSoccer - Puteaux,canceled,captain,ChIJM_sC0-Nk5kcRhL1y_EFIje8,48.8836397&2.2312283,2024-02-19T20:30:00.000Z,60,15,public,true,Détente,3,BQSeNxATMhfi26LTQvYUN7skWfy2,6,10,0,0,0,0,0
WSD0hdSnSw7ti7pdyiMW,LE FIVE Marville - La Courneuve,canceled,captain,ChIJ2dHdMZxr5kcR0aKYHYsp0pY,48.9364404&2.3869147,2024-02-11T11:00:00.000Z,60,10,public,false,Détente,,UQIzgg1tU5hqAmZUUBYY03eXnSA2,6,10,0,0,0,0,1
WSSeZMuE5iuZ955Nzn2S,Stade des Guilands,published,captain,ChIJwTqH52dt5kcRAMzn_PXFFxU,48.8625246&2.4273234,2024-01-31T11:00:00.000Z,120,,public,false,Détente,2,BOQoPVyEKoZpfzHayyB1c4nhVeo1,15,16,0,0,0,0,4
WUrdkOKoRSIG9H5XwkHT,Stadium Thiais,published,pro,ChIJ64X9jzx05kcRsHvSfOv6UcA,48.7511024&2.3713455,2024-02-07T18:00:00.000Z,90,15,public,false,,,psf3NmXEPwdCltHKJC7VuvJocrF3,0,10,0,0,0,0,0
WWmtX5chuJMgMMnv42Nh,Stadium Thiais,published,pro,ChIJ64X9jzx05kcRsHvSfOv6UcA,48.7511024&2.3713455,2024-02-06T20:00:00.000Z,90,15,public,false,,,psf3NmXEPwdCltHKJC7VuvJocrF3,0,10,0,0,0,0,0
WXSOFQzs5XFwaY7XX450,Stadium Thiais,played,captain,ChIJ64X9jzx05kcRsHvSfOv6UcA,48.7511024&2.3713455,2024-02-04T09:30:00.000Z,90,15,public,false,Détente,3,MExi1O1oPjQKTXDmIW483grqvv13,10,10,8,0,0,0,5
WXWY80cR2B55Ws9LjxTJ,Footbox,published,pro,ChIJY-WkusIR5kcR-tEad3UtaSQ,48.9022789&2.582647,2024-02-13T18:00:00.000Z,60,10,public,false,,,QI89VPazyLhBVnWH871jk4BUEZI3,0,10,0,0,0,0,0
WY90l0fKTDmvhxaMJOQC,UrbanSoccer - Puteaux,played,captain,ChIJM_sC0-Nk5kcRhL1y_EFIje8,48.8836397&2.2312283,2024-02-15T18:00:00.000Z,60,14.5,public,true,Chill,,Zm7I4YafVOOiFFM4hN5JjYGih2r1,10,10,5,0,0,0,0
WYCqzqzkKFBOCb4Ai4eV,LE FIVE Montreuil,published,pro,ChIJJdTQjr0T5kcRZmGxtIJVy44,48.8613036&2.4653095,2024-02-14T16:30:00.000Z,90,11.5,public,false,,,u9uC1vjdcdQ3UqNxI0SiFxor0m43,0,10,0,0,0,0,2
WYLiuCIOaJj4t1y3gJJ2,Cité des Sports,played,captain,ChIJ70UPf6R75kcRGb3NAV9k7Ww,48.8247744&2.2650728,2024-01-30T18:20:00.000Z,60,13,public,false,Détente,3,H1q5Ebp0nJfOnYz51vLg3Us2dQX2,10,10,3,0,0,0,0
WYX8kjBzqXjA0ufIz1kz,LE FIVE Champigny,played,captain,ChIJsXi1PLYN5kcRTVVDuczgS2s,48.8194084&2.5251846,2024-02-01T15:00:00.000Z,90,10,public,false,Détente,3,XoJ8FN2MlmZYxI0VCKKp8oKtjbo1,10,10,5,0,0,0,1
WaFkzXbIgBwpFxrcOt17,LE FIVE Paris 18,canceled,captain,ChIJpVT4_n1u5kcRzji6FdTBXXo,48.8978522&2.3700234,2024-02-08T18:00:00.000Z,60,14,public,true,Détente,2,2DfmyTNXOnWspeHsOiEPIe71JvH2,7,10,0,0,0,0,0
Wf6LwFItAVtnIQc0az0h,Z5 Aix,played,captain,ChIJKb-U_9KSyRIRKIFKbH5mW18,43.4787869&5.3969048,2024-02-14T19:00:00.000Z,60,11,public,false,Compétition,3,kWD69MQl2aOE7WmgBCzFjAbInPi1,10,10,4,0,0,0,0
WiePAkeUudVmB3GXkR09,Top Ten,canceled,pro,ChIJfXprBx4b5kcRmhe-5pLZUek,48.8729106&2.6840919,2024-02-12T16:00:00.000Z,90,5,public,false,,,i27253AGxOfXgYJK72sBnvUGuMk2,0,10,0,0,0,0,0
WjmADzaEcRakfD8RVEXN,Stadium Thiais,published,pro,,48.7511024&2.3713455,2024-02-08T14:00:00.000Z,90,8,public,false,,,psf3NmXEPwdCltHKJC7VuvJocrF3,0,10,0,0,0,0,0
Wk7LWKk38tfco77rwVIy,LE FIVE Sarcelles,played,captain,ChIJ6_q3Fxhq5kcRCpoEwnoXX1Q,48.99782219999999&2.3902225,2024-01-31T19:30:00.000Z,90,15,public,false,Compétition,4,gZXOaJYmqXZzyHsV0VBGyeg0zw82,10,10,3,0,0,0,0
WkZWgwFCmx0ioFpiSCTY,LE FIVE Paris 17,published,captain,ChIJ7eI8sFNv5kcR5xy52Wc57NU,48.900032&2.3213449,2024-02-08T18:00:00.000Z,60,12,public,true,Détente,3,G8mUuWdpvyRMd7WcoRFkLn8r7TZ2,9,10,0,0,0,0,1
WlzmQdJM6KO2KygFdf88,UrbanSoccer La Défense,played,captain,ChIJh4rnfVhk5kcRV2Q-ZKdm8vA,48.8996456&2.2216773,2024-02-16T21:15:00.000Z,90,13.5,public,true,Compétition,5,jvKX6L38qAhYAYu1fVAR9XaW0p83,10,10,0,0,0,0,0
WmKu1kDXMYKqdDyA1vw1,F5 Foot Five,played,captain,ChIJjUbM5G7A9EcRW3mlkrhyXxY,45.7857911&4.905926399999999,2024-02-09T19:00:00.000Z,60,9.5,public,false,,4,1oj8NXGqeiXqGZ1uu2Tyz2ZGdBt1,10,10,3,0,0,0,2
WmQqur7Y3w9mePx2WhyG,Stadium Thiais,published,pro,ChIJ64X9jzx05kcRsHvSfOv6UcA,48.7511024&2.3713455,2024-02-18T15:00:00.000Z,90,15,public,false,,,psf3NmXEPwdCltHKJC7VuvJocrF3,0,10,0,0,0,0,0
WnCqyYxPnQ1K88hdqbTY,Play Soccer,played,captain,ChIJQ-UxZn-5rhIRKWoQydM5T9s,43.5512023&1.4098927,2024-02-16T17:30:00.000Z,60,9,public,false,,,8LtkeOuZHeePxfkXdNPmQSr7V9L2,10,10,2,0,0,0,0
WrxJfr6RkOoQEpQFgJ99,Stade Élisabeth,published,captain,ChIJkXj9tq5x5kcROlxynHzTh9o,48.8207737&2.3270972,2024-02-08T18:00:00.000Z,120,,public,false,Compétition,5,oKfGVfs7dYecPpobKfuTXiuhh8J3,7,14,0,0,0,0,0
WsNZoofObNZyhGd4HtRI,Monclub Futbol,played,captain,ChIJGbxxaamUyRIRgGvhHnhJStA,43.4299152&5.4001974,2024-02-09T18:00:00.000Z,60,10,public,false,Compétition,5,i8DdNisnIkXIfAwB5TaeN7nyliA3,10,10,4,0,0,0,1
WsbvnDMVhsBTxVF58s3b,LE FIVE Paris 18,canceled,captain,ChIJpVT4_n1u5kcRzji6FdTBXXo,48.8978522&2.3700234,2024-02-04T22:00:00.000Z,60,5,public,true,Compétition,5,HQVCQOz6OrhL220511FtYes80UL2,5,10,0,0,0,0,0
Wsucy5vOb5AdgCWEuobu,FOOT IN FIVE,played,captain,ChIJoUR0syFp5kcRUlStnwluaYY,48.9552257&2.3328346,2024-02-15T19:30:00.000Z,90,15,public,false,Détente,3,s9uuSbnCRpc7cUN0PQaFTQdkWdE2,10,10,4,0,0,0,0
Ww1QsULvvjCLczPzLRHB,UrbanSoccer - Lille Lezennes,draft,captain,ChIJR3ro5nTWwkcRfM_S3Be9HjI,50.6162725&3.0998108,2024-02-01T18:00:00.000Z,60,,public,false,,,Oo3IjP5M40a60G6EUcmgRxngDci1,0,0,0,0,0,0,0
Ww1a6zPQmVZyiTXNr1HG,LE FIVE Sarcelles,canceled,captain,ChIJ6_q3Fxhq5kcRCpoEwnoXX1Q,48.99782219999999&2.3902225,2024-02-05T18:45:00.000Z,60,10,public,false,Compétition,5,ew3GACDRP8UnjNCcNvvniBkgvOP2,9,10,0,0,0,0,0
WyrqmeFexlkdHlVnalTy,UrbanSoccer - Puteaux,played,captain,ChIJM_sC0-Nk5kcRhL1y_EFIje8,48.8836397&2.2312283,2024-01-30T11:00:00.000Z,60,10.5,public,true,Détente,,ux445iWsvRbHkdkIfy7f3OevvQ62,10,10,0,0,0,0,0
X0SBUqBBAF82KLFdA1N1,LE FIVE Paris 13,published,pro,ChIJ_bOSChhz5kcRZMTeq_6Gdzg,48.8181615&2.3658793,2024-02-10T10:00:00.000Z,90,13,public,false,,,FjSnzlRFFfhWVWQJGfIEwRc2ZMj2,1,10,0,0,0,0,0
X1PAfnlxsjgjiYdXfmJk,Stadium Thiais,played,pro,ChIJ64X9jzx05kcRsHvSfOv6UcA,48.7511024&2.3713455,2024-02-18T10:30:00.000Z,90,15,public,false,,,psf3NmXEPwdCltHKJC7VuvJocrF3,10,10,5,0,0,0,1
X1a6sq5tnfKRSlCmRxs8,UrbanSoccer La Défense,canceled,captain,ChIJh4rnfVhk5kcRV2Q-ZKdm8vA,48.8996456&2.2216773,2024-01-30T16:30:00.000Z,60,13.5,public,true,Détente,2,DJvtoLO1iCYbjpQh54G9B3aKgSg1,10,10,0,0,0,0,0
X35cHvnuobMM7Im8xCfj,LE FIVE Montreuil,published,pro,,48.8613036&2.4653095,2024-01-31T16:30:00.000Z,90,11.5,public,false,,,u9uC1vjdcdQ3UqNxI0SiFxor0m43,0,10,0,0,0,0,0
X3UeEj4DmrmZsM3hoHG8,LE FIVE Paris 18,played,pro,ChIJpVT4_n1u5kcRzji6FdTBXXo,48.8978522&2.3700234,2024-02-13T21:20:00.000Z,90,10,public,false,,,UQf33jQhVZhle917nO0h7D5qclV2,10,10,7,0,0,0,4
X4bWOQqyh4xZXMvQqefp,Monclub Futbol,published,captain,ChIJGbxxaamUyRIRgGvhHnhJStA,43.4299152&5.4001974,2024-02-16T20:00:00.000Z,60,,public,false,Compétition,3,bRA2mVv8BUYzzqAHDhhqyahFaMK2,9,10,0,0,0,0,0
X5J2CgE58HJhn4xz5aM5,UrbanSoccer - Puteaux,played,captain,ChIJM_sC0-Nk5kcRhL1y_EFIje8,48.8836397&2.2312283,2024-02-16T20:30:00.000Z,60,13,public,true,Détente,3,SEJEahaqYVVlW05PP2N7hVaKFE72,10,10,2,0,0,0,2
X5VmZqdiFG5O3fwrLiYY,UrbanSoccer - Porte d'Aubervilliers,canceled,captain,ChIJ0dXjDCZs5kcRvX0EpMwxsUY,48.9074912&2.3746518,2024-02-19T19:15:00.000Z,60,14.5,public,true,Détente,,ZWz4QsXbOndU0e44kpgxAjMAD0A3,5,10,0,0,0,0,0
X7m3IiTrUjbR24ZCtB4e,LE FIVE Bezons,canceled,captain,ChIJ71Mv0Wpk5kcRg-H9x7L-dXo,48.9190524&2.211796,2024-02-02T21:00:00.000Z,90,14,public,true,Détente,3,xIBEOJ9ZGgUH9M5kgcfymVflIKv1,5,10,0,0,0,0,0
X9y8aKfV9lRWXzVgIwFt,LE FIVE Bezons,canceled,captain,ChIJ71Mv0Wpk5kcRg-H9x7L-dXo,48.9190524&2.211796,2024-02-04T21:00:00.000Z,90,13,public,true,Compétition,5,onVoUGpZkOckTmObo96e9w84o0L2,2,10,0,0,0,0,0
XBuPYgi8th7S3gzFxWbd,Gymnase Felix Eboué,canceled,captain,ChIJ-yo0UegS5kcRuceZIBAQaGg,48.8817274&2.4843295,2024-02-11T09:45:00.000Z,120,,public,false,Compétition,4,5tI7nJKuTRWNJgO1jYKyzMYNwog2,11,12,0,0,0,0,0
XCZp89AIIbgUZdQkndGj,Stadium Thiais,published,pro,ChIJ64X9jzx05kcRsHvSfOv6UcA,48.7511024&2.3713455,2024-02-19T21:00:00.000Z,90,14,public,false,,,psf3NmXEPwdCltHKJC7VuvJocrF3,0,10,0,0,0,0,0
XGNUnJtApxBmtXhqryiB,LE FIVE Bezons,canceled,captain,ChIJ71Mv0Wpk5kcRg-H9x7L-dXo,48.9190524&2.211796,2024-02-18T13:00:00.000Z,60,10,public,true,Détente,2,n1QiHLK59xTLgC3Y85ErDlaLAYm1,7,10,0,0,0,0,1
XH1UABon4iwppbMeoxte,UrbanSoccer - Marne-La-Vallée,played,captain,ChIJ6bDBiosP5kcROXiloHzSdhc,48.82658600000001&2.6296937,2024-02-18T09:30:00.000Z,90,13.5,public,true,Détente,2,9y5zsD18uvbMU7K0roS1Qs19Zk92,10,10,1,0,0,0,1
XH8NLSgQU9HWwMVr6dkT,Testing Purposes,published,pro,,67.461524&-152.801377,2024-02-01T19:15:00.000Z,60,12,public,false,,,f2LrY7SAV3U1V9tUVAZfiMxA3uu1,0,10,0,0,0,0,0
XIfVtjem6nRZoMJ562Ww,Stadium Thiais,hidden,pro,ChIJ64X9jzx05kcRsHvSfOv6UcA,48.7511024&2.3713455,2024-02-15T18:00:00.000Z,90,15,public,false,,,psf3NmXEPwdCltHKJC7VuvJocrF3,0,10,0,0,0,0,0
XN5jAnLR452lKTFG6Pzb,UrbanSoccer - Lille Bondues,played,captain,ChIJ58ZerMgrw0cR2Jyp7tZjBn4,50.6913774&3.0860264,2024-02-05T17:30:00.000Z,60,11,public,true,Détente,,jff5gmZs5jNn2Ze534jPswj76cl2,10,10,1,0,0,0,0
XNF0DLfPGDziUYanv34O,Stade de la Tour aux Parachutes,published,captain,ChIJbwsrhCpy5kcRca22Pnhr8MU,48.8175176&2.3643354,2024-02-19T11:00:00.000Z,120,,public,false,Compétition,3,kRAf444M3RUd6EWIOWpKVKs78SI2,16,16,0,0,0,0,6
XOOcwJkDsQM4FaOD7cDe,LE FIVE Montreuil,published,pro,,48.8613036&2.4653095,2024-02-02T16:30:00.000Z,90,11.5,public,false,,,u9uC1vjdcdQ3UqNxI0SiFxor0m43,0,10,0,0,0,0,0
XOxoyuMPHYZN0RqnK4FX,LE 5 DE LEGENDE,canceled,captain,ChIJU_aXKN_A9EcRHCY74rI9i4Y,45.7617542&4.9413708,2024-01-31T20:00:00.000Z,60,10,public,false,Détente,3,uCbhu8IKBbXoNPQADDizNjG82m92,7,10,0,0,0,0,0
XPlYmbgsYFDPQcwrlOo6,UrbanSoccer - Quai d'Ivry,played,captain,ChIJfXxYJ0xy5kcRw9xTkF6-FZQ,48.8199885&2.3936463,2024-02-15T21:00:00.000Z,90,,public,true,Détente,3,CsiS3q9PuFQGO1sc7crngCw29Xz1,10,10,1,0,0,0,1
XQViTcJRr15MotTRvZxY,FOOT INDOOR Marseille,played,captain,ChIJ41AMCxC8yRIRLHLGt11sc-U,43.2859688&5.4882746,2024-02-13T20:00:00.000Z,60,10,public,false,Détente,3,b1krv79TRpPPlUmJMEcfdMUGfnG3,10,10,1,0,0,0,0
XR10dOZF5ZtFss7vN1su,Foot POWER 5,canceled,pro,ChIJuTCIFshm5kcRBtEQJ76dAzc,48.960066&2.2061913,2024-02-19T21:30:00.000Z,90,7,public,false,,,sss3dYi6nzWd7rEjwcQ30LGKudj1,0,10,0,0,0,0,0
XSQUJosIwoc8kovPVdmY,UrbanSoccer - Quai d'Ivry,played,captain,ChIJfXxYJ0xy5kcRw9xTkF6-FZQ,48.8199885&2.3936463,2024-01-31T20:15:00.000Z,60,14,public,true,Détente,2,3gs7ui3abeb1VBgz0TAbMl8bM8l2,10,10,3,0,0,0,0
XT8VXiU4KnlJIuMAG9Zy,Game 13 foot indoor,played,captain,ChIJNSDvlsXryRIRUXao9hwB79I,43.41258939999999&5.366617,2024-02-16T17:30:00.000Z,60,10,public,false,Détente,4,RPwfyrL30dS1yvyJwGrn0z2HgSa2,10,10,4,0,0,0,0
XUcN0SkNxOoKYdeRqqv3,Créteil Pompadour,played,captain,ChIJX79lm6d05kcRdvnIvrrCKDc,48.771485&2.4353447,2024-02-18T12:00:00.000Z,120,,public,false,Compétition,4,UnJDV5vrN8dg5S8guOpS4eXU5Dz1,18,18,9,0,0,0,4
XVSC3bSTesaWat1kAtJs,LE FIVE Sarcelles,canceled,captain,ChIJ6_q3Fxhq5kcRCpoEwnoXX1Q,48.99782219999999&2.3902225,2024-02-02T21:30:00.000Z,90,13,public,true,Compétition,3,C95eHewoTPa5Utlbnv6pXk5hRLy2,10,10,0,0,0,0,0
XW0XLcheJL7SDsZWoWEv,Foot paris,published,captain,ChIJd2GJua5t5kcR_zneoHO7R-k,48.8904693&2.3731397,2024-02-04T10:00:00.000Z,150,2,public,false,Compétition,5,6g66Hr0t8ESpVJkqTW80lI9cRdr2,14,18,0,0,0,0,3
XW9eUfeoSRsy72o53jaZ,LE FIVE Paris 17,played,captain,ChIJ7eI8sFNv5kcR5xy52Wc57NU,48.900032&2.3213449,2024-02-01T20:00:00.000Z,60,12,public,true,Détente,3,zm5qjZYZ5VMK9DVnIRrybTpFLiG3,10,10,2,0,0,0,0
XWy1ixkKlCT4VjC1YRLk,Game 13 foot indoor,played,captain,ChIJNSDvlsXryRIRUXao9hwB79I,43.41258939999999&5.366617,2024-02-18T08:30:00.000Z,180,20,public,false,Compétition,3,4bOXtmHodjZE082vF0boIJyeKjF3,10,10,0,0,0,0,1
XXjYQrtuFeV4PjfIbmWY,STADIUM FOOT 5 VILLAGE,canceled,captain,ChIJbbOWFtC4yRIR0WXVerbWmnE,43.269413&5.4260321,2024-02-18T17:30:00.000Z,60,10,public,false,Détente,3,MKjoGJESIIfNKw5sH93VODBuvLv2,9,10,0,0,0,0,0
XZ1rSBApHVxZxl56P32B,UrbanSoccer - Toulouse Montaudran,played,captain,ChIJl772e0u8rhIR2foRX4Xa2CI,43.574642&1.4801835,2024-02-05T11:20:00.000Z,60,8,public,true,Détente,3,tw2vPyadcybRr00VteOCyDGZvnt1,10,10,0,0,0,0,0
XZb15HE896SsN18VDn5I,Foot-Max Argenteuil,played,captain,ChIJi9oIzaRm5kcRJYcK7QsdRMU,48.9501569&2.2093741,2024-02-16T19:30:00.000Z,90,12,public,false,Compétition,5,x1rFpjV0niWhBEzm6w7OmAGUBpD3,10,10,4,0,0,0,5
XZd5xGTFJuvlnP6ew9NV,BIG5,played,captain,ChIJsb_7TJFp5kcRSPL5VqZulr4,48.9901429&2.3617895,2024-02-04T17:30:00.000Z,90,12.5,public,false,Détente,,ReCsHFTJF2UPbBz6r46f8OeS5rT2,10,10,0,0,0,0,1
Xb06jElrplXiZ0cGqcD5,LE FIVE Bezons,played,pro,ChIJ04KEHBZk5kcRoDWLaMOCCwQ,48.91909&2.2093051,2024-02-16T16:30:00.000Z,90,10.5,public,false,,,U3MriTZbPbTUEsU6RtRuHxDMKvg2,10,10,8,0,0,1,3
XbFqxDVE2YlwYGtZ3BD3,LE FIVE Paris 18,played,pro,,48.8978522&2.3700234,2024-02-02T16:00:00.000Z,60,5,public,false,,,UQf33jQhVZhle917nO0h7D5qclV2,10,10,2,0,0,0,10
XbMOQQ4NQp65UwVZkvPV,Stade Élisabeth,played,captain,ChIJkXj9tq5x5kcROlxynHzTh9o,48.8207737&2.3270972,2024-02-14T18:00:00.000Z,120,2,public,false,Compétition,5,8i5faoQkJ4YSkhRB5skPBLiEh1G3,16,16,7,0,0,0,4
XbPAJnWGOndhLmezqHmO,Stadium Thiais,played,pro,ChIJ64X9jzx05kcRsHvSfOv6UcA,48.7511024&2.3713455,2024-02-16T18:00:00.000Z,90,15,public,false,,,psf3NmXEPwdCltHKJC7VuvJocrF3,10,10,5,0,0,0,6
XbconTkXlHCoN2FX3N0K,UrbanSoccer - Puteaux,played,captain,ChIJM_sC0-Nk5kcRhL1y_EFIje8,48.8836397&2.2312283,2024-02-05T17:30:00.000Z,60,13.5,public,true,Détente,,gS2tE4wr3jbmluTfpk5CLCYpWd03,10,10,3,0,0,0,0
XfnLzu06KjoD2c8CtkSz,UrbanSoccer - Grenoble,published,captain,ChIJX6YWdrz1ikcRwdG7lUc49fg,45.2039795&5.7734857,2024-01-31T17:45:00.000Z,90,10,public,true,Détente,2,hmI9qwmxcLVM8ieeVjHoDsqBTch2,9,10,0,0,0,0,0
XgiBXdoTWFjPtqaxPd2A,UrbanSoccer - Quai d'Ivry,published,captain,ChIJfXxYJ0xy5kcRw9xTkF6-FZQ,48.8199885&2.3936463,2024-02-14T14:00:00.000Z,60,12.5,private,true,Détente,,1H4o3FWs1eN5mb4ncnj6W7vxpmK2,1,10,0,0,0,0,0
XjVOzWCo0n0CI2KiObT5,Footbox,canceled,captain,ChIJY-WkusIR5kcR-tEad3UtaSQ,48.9022789&2.582647,2024-02-08T11:00:00.000Z,60,12,public,false,Détente,3,lew9uSpD5XZ1ssU57aslTyBtXeX2,9,10,0,0,0,0,0
XjrZJElfFAE13T8h2K3Y,Foot POWER 5,canceled,pro,,48.960066&2.2061913,2024-02-04T20:00:00.000Z,90,10,public,false,,,sss3dYi6nzWd7rEjwcQ30LGKudj1,0,10,0,0,0,0,0
XkKxbBK8k9arxeT9bNsq,Speed Soccer Five,published,pro,ChIJ2xTNglV25kcR3UDi4AXGfDU,48.7360598&2.315058,2024-02-13T17:00:00.000Z,90,13,public,false,,,MkTJljXziPXBdRdijccndMLBNCC3,2,10,0,0,0,0,0
XmVo1dbFyu8q00HUfWqA,STADIUM FOOT 5 VILLAGE,canceled,captain,ChIJbbOWFtC4yRIR0WXVerbWmnE,43.269413&5.4260321,2024-02-11T16:00:00.000Z,60,10,public,false,Détente,,MKjoGJESIIfNKw5sH93VODBuvLv2,9,10,0,0,0,0,0
XpeCTddyZ25VR7CVBX2p,Foot POWER 5,canceled,pro,ChIJuTCIFshm5kcRBtEQJ76dAzc,48.960066&2.2061913,2024-02-13T18:30:00.000Z,90,7,public,false,,,sss3dYi6nzWd7rEjwcQ30LGKudj1,0,10,0,0,0,0,0
Xs4h1Kl1w69OuyEJXUfp,LE FIVE Marville - La Courneuve,canceled,captain,ChIJ2dHdMZxr5kcR0aKYHYsp0pY,48.9364404&2.3869147,2024-02-17T12:00:00.000Z,60,,public,false,Détente,,UQIzgg1tU5hqAmZUUBYY03eXnSA2,4,10,0,0,0,0,1
XtkHp7zsldyC6ndtRHUy,Top Ten,published,pro,,48.8729106&2.6840919,2024-02-08T11:00:00.000Z,90,5,public,false,,,i27253AGxOfXgYJK72sBnvUGuMk2,1,10,0,0,0,0,0
Xu0r4eXHGp7wqWCUpWez,UrbanSoccer Orsay,played,captain,ChIJpZIJg7J45kcRrKWKhtbfnEQ,48.70829&2.17794,2024-02-16T18:30:00.000Z,90,15,public,true,Détente,3,4CsvKxH3w7PtqoH14qoP5bHzwQT2,10,10,0,0,0,0,0
XuBTkK2KL1V0rtSmT61J,LE FIVE Paris 18,draft,captain,ChIJpVT4_n1u5kcRzji6FdTBXXo,48.8978522&2.3700234,2024-01-30T18:30:00.000Z,60,14,public,true,Détente,2,yb2Lf2SE43Qbv9lslzMllwnrtFF3,0,10,0,0,0,0,0
XuUrwhwDpKUUtkCPzMTk,Foot POWER 5,canceled,pro,,48.960066&2.2061913,2024-01-30T21:30:00.000Z,90,7,public,false,,,sss3dYi6nzWd7rEjwcQ30LGKudj1,0,10,0,0,0,0,0
XuWbA1vMgFcLBbczsV09,UrbanSoccer - Asnières,played,captain,ChIJi5LkLT9v5kcRSlhScqEFNWs,48.92192379999999&2.3068311,2024-02-10T18:15:00.000Z,60,10,public,true,,3,HAZCGcJPRiR8NwwAKxJ3dP8opDb2,10,10,2,0,0,0,0
Xwkn1L6kEw75U40PRSXL,LE FIVE Morangis,played,captain,ChIJA4uAhOXZ5UcRp-vZXZP-ovY,48.692672&2.3192811,2024-01-30T20:30:00.000Z,90,13,public,false,Compétition,3,sH1ldKgn8Tbpv6K7UAKl6vHdwE03,10,10,3,0,0,0,0
Y092taGcjq3x5JR9WYuS,Footbox,published,pro,ChIJY-WkusIR5kcR-tEad3UtaSQ,48.9022789&2.582647,2024-02-17T13:00:00.000Z,60,10,public,false,,,QI89VPazyLhBVnWH871jk4BUEZI3,0,10,0,0,0,0,0
Y0fWBONJefURBIikZhMB,UrbanSoccer - Porte d'Aubervilliers,played,captain,ChIJ0dXjDCZs5kcRvX0EpMwxsUY,48.9074912&2.3746518,2024-02-18T11:45:00.000Z,90,7.5,public,true,Détente,3,o4nNbGbIgoMaDREnLZbPEOQ1YjZ2,10,10,0,0,0,0,0
Y1cIg5BRjN36XCM37GiM,Top Ten,published,pro,ChIJfXprBx4b5kcRmhe-5pLZUek,48.8729106&2.6840919,2024-02-19T21:30:00.000Z,90,16.5,public,false,,,i27253AGxOfXgYJK72sBnvUGuMk2,0,10,0,0,0,0,0
Y2UA0zz8vDrawuhCO6vC,UrbanSoccer - Quai d'Ivry,canceled,captain,ChIJfXxYJ0xy5kcRw9xTkF6-FZQ,48.8199885&2.3936463,2024-02-18T11:15:00.000Z,60,12,public,true,,2,05N7QtKH43Y07YgfrkLNccYLkTk2,10,10,0,0,0,0,0
Y3QpWk3QOZElYt0UlgiT,Le Street Foot en Salle,played,captain,ChIJt_AXL6Jg5kcRu6rBmnrmeUM,49.0164435&2.181307,2024-02-10T09:15:00.000Z,120,10,public,false,Détente,3,aCPGHZTGQaV2Cbw0D43kNCsMkrg1,12,12,3,0,0,0,0
Y3UoYuUdUA13leN0gdX7,Foot paris,played,captain,ChIJd2GJua5t5kcR_zneoHO7R-k,48.8904693&2.3731397,2024-02-18T09:00:00.000Z,150,2,public,false,Compétition,5,6g66Hr0t8ESpVJkqTW80lI9cRdr2,18,18,12,0,2,0,5
Y4DnQ2WntdYeWJfjE3OC,LE FIVE Montreuil,published,pro,,48.8613036&2.4653095,2024-02-02T22:00:00.000Z,60,8,public,false,,,u9uC1vjdcdQ3UqNxI0SiFxor0m43,8,10,0,0,0,0,2
Y5nhIj9HvQKAF7l4aKjt,UrbanSoccer - Porte d'Aubervilliers,published,captain,ChIJ0dXjDCZs5kcRvX0EpMwxsUY,48.9074912&2.3746518,2024-02-01T21:30:00.000Z,90,14,public,true,,3,4wlgJV2EZlXrc0jLsYRPkRbeOEC3,3,10,0,0,0,0,0
Y863dYDVQxpmV8M6hf9M,UrbanSoccer - Porte d'Aubervilliers,published,captain,ChIJ0dXjDCZs5kcRvX0EpMwxsUY,48.9074912&2.3746518,2024-01-30T19:15:00.000Z,60,14.5,public,true,Détente,2,b2L6ymzheaUlsTrjazVtCxh7sio1,9,10,0,0,0,0,0
Y8ElYPxRhqF1QfZNS8Ac,UrbanSoccer - Quai d'Ivry,canceled,captain,ChIJfXxYJ0xy5kcRw9xTkF6-FZQ,48.8199885&2.3936463,2024-02-01T14:15:00.000Z,60,,private,true,Détente,3,84TO5SKjqpSu0Yc1bO2VGGUTYjf2,1,10,0,0,0,0,0
YAk3ZlW2brb875Qm24ge,Stadium Thiais,played,captain,ChIJ64X9jzx05kcRsHvSfOv6UcA,48.7511137&2.3715422,2024-02-13T16:00:00.000Z,120,10,public,false,Détente,3,Dohg1zNvhsbmGrYuAmExKFyjruw2,10,10,3,0,1,0,0
YELQ4kQUkJMJKrKQOhsG,Stadium Thiais,published,pro,ChIJ64X9jzx05kcRsHvSfOv6UcA,48.7511024&2.3713455,2024-02-18T19:30:00.000Z,90,15,public,false,,,psf3NmXEPwdCltHKJC7VuvJocrF3,1,10,0,0,0,0,0
YFzmcjifi2Z4I6TT3GoM,UrbanSoccer - Porte d'Aubervilliers,played,captain,ChIJ0dXjDCZs5kcRvX0EpMwxsUY,48.9074912&2.3746518,2024-02-05T09:30:00.000Z,90,7.5,public,true,,3,swNOBZQkiCYqDwEMrBPVkcRpaen2,10,10,0,0,0,0,2
YG4r1EJKB6F1AUaczHe2,Kipsta,played,captain,ChIJ0XpN_cUow0cReyYmuLmffS8,50.7086996&3.173711200000001,2024-02-02T20:00:00.000Z,60,7,public,false,Détente,3,MStt9zLZOzP30I3xzkekQkYDiXq2,10,10,1,0,0,0,0
YJNyHRVlX7QPXNhaLM20,Top Ten,published,pro,,48.8729106&2.6840919,2024-02-08T21:30:00.000Z,90,16.5,public,false,,,i27253AGxOfXgYJK72sBnvUGuMk2,0,10,0,0,0,0,0
YJjAuhEDoSBH2XoI2x8R,UrbanSoccer - Puteaux,played,captain,ChIJM_sC0-Nk5kcRhL1y_EFIje8,48.8836397&2.2312283,2024-01-30T14:00:00.000Z,90,,public,true,Chill,3,vflmu9vKCyWDQc8KqerpDKG89Nu1,10,10,2,0,0,0,2
YKEqLrM9fBhxeRIiQVEG,LE FIVE Sarcelles,played,captain,ChIJ6_q3Fxhq5kcRCpoEwnoXX1Q,48.99782219999999&2.3902225,2024-02-02T17:45:00.000Z,60,10,public,false,Compétition,5,ew3GACDRP8UnjNCcNvvniBkgvOP2,10,10,2,0,0,0,0
YLdkyGyFtY7tEdk1uboC,UrbanSoccer - Asnières,played,captain,ChIJi5LkLT9v5kcRSlhScqEFNWs,48.92192379999999&2.3068311,2024-02-13T20:30:00.000Z,90,13.5,public,true,Détente,3,vZsElmt88gMpyysHa4Il7nfYy4m2,10,10,1,0,0,0,2
YPFIgpiKSgSmw0szkoaT,Stadium Thiais,published,pro,,48.7511024&2.3713455,2024-02-01T11:00:00.000Z,60,7,public,false,,,psf3NmXEPwdCltHKJC7VuvJocrF3,2,10,0,0,0,0,0
YPLWWRxZ7qrcSqBmyCSH,Foot POWER 5,canceled,pro,,48.960066&2.2061913,2024-02-11T20:00:00.000Z,90,10,public,false,,,sss3dYi6nzWd7rEjwcQ30LGKudj1,0,10,0,0,0,0,0
YQjsbmh426irDOwI6ooC,Sport dans la Ville Rhône-Alpes,played,captain,ChIJoUEDcmvr9EcRILCz6hDCQ2o,45.7811703&4.8081568,2024-02-15T19:00:00.000Z,60,,public,false,Détente,3,X15EGE8roSXTWJH59WI4ovCSGw03,10,10,3,0,0,0,1
YTAioLQun7m8fpw3aWKY,LE FIVE Créteil,published,pro,,48.7643086&2.4706522,2024-01-31T16:00:00.000Z,60,7,public,false,,,ZmXMWx7aTdPoPkkGOWa2HIQVblq2,0,10,0,0,0,0,0
YTLngkMBtddyNE0Y6mYY,Cité des Sports,published,captain,ChIJ70UPf6R75kcRGb3NAV9k7Ww,48.8247744&2.2650728,2024-02-14T11:15:00.000Z,90,,public,false,Détente,3,Vu4Mh1iuRtZb5xqP2fgfcW12n0V2,15,16,0,0,0,0,6
YVtoOOpmP54bMEpCe7wg,Stade Dominique Rocheteau,played,captain,ChIJjfv4wRdv5kcRlGLhgdhX0NU,48.916328&2.3142113,2024-02-18T12:00:00.000Z,90,,public,false,Détente,2,G5fFE9D2J0hEyVak1hmLLPxw6Nk2,14,14,1,0,0,0,2
YY79bkQOc3XRWJiM4PHo,LE FIVE Paris 18,played,captain,ChIJpVT4_n1u5kcRzji6FdTBXXo,48.8978522&2.3700234,2024-02-12T21:00:00.000Z,60,5,public,true,Détente,3,n4W8yUPegFbSD03f1VsK8IkVZRg2,10,10,4,3,0,0,1
YYc8W4RB6qAhxBN0QLJ5,UrbanSoccer - Puteaux,played,captain,ChIJM_sC0-Nk5kcRhL1y_EFIje8,48.8836397&2.2312283,2024-02-10T17:00:00.000Z,60,12.5,public,true,Détente,2,oXSs49xyeQhmxvAxVqGSqrZyRxF3,10,10,1,0,0,0,1
YZaXKILfzl6dvjG4W4tT,Centre Sportif Maryse Hilsz,canceled,captain,ChIJgY6iBYxt5kcRHD7TB4jAHV4,48.8520783&2.4128877,2024-02-19T13:00:00.000Z,120,5,public,false,Détente,3,cvDBySgDrWXR44ZdyzO0GwpbX8u2,1,16,0,0,0,0,0
YZgk5TQYIYBSSSbTC2mR,Stadium Thiais,canceled,captain,ChIJ64X9jzx05kcRsHvSfOv6UcA,48.7511137&2.3715422,2024-02-12T06:30:00.000Z,30,12,public,false,Détente,2,dJvIZfVJbffmF9Jr3dfsR3Dt9yA3,7,10,0,0,0,0,0
YbB9dmhCJf7ObpkHKQ9G,Stade Pierre Letessier,played,captain,ChIJmcO_CLgS5kcR_tYXn2vhXNs,48.8750074&2.4964236,2024-02-18T09:45:00.000Z,120,,public,false,Compétition,5,5tI7nJKuTRWNJgO1jYKyzMYNwog2,18,18,1,0,0,0,1
YbR8FGWig9JL1WrT5tc2,UrbanSoccer - Quai d'Ivry,canceled,captain,ChIJfXxYJ0xy5kcRw9xTkF6-FZQ,48.8199885&2.3936463,2024-02-07T11:00:00.000Z,60,9.5,public,true,Détente,2,9GujGyyY9BXJR8SaFwR6EQbyEjM2,9,10,0,0,0,0,0
YdNk3YYm9SBZ3Xrghn8W,Speed Soccer Five,canceled,captain,ChIJ2xTNglV25kcR3UDi4AXGfDU,48.7360598&2.315058,2024-02-11T17:30:00.000Z,90,14,public,false,Détente,3,38n9OHYdOthEZjosrLq2hO3AIfX2,9,10,0,0,0,0,0
YehNztcLGWvXOMh5UdIY,Bagneux - Lucie Aubrac,played,captain,ChIJqcs-eeJw5kcRmcmp8GTsuE8,48.80356&2.31743,2024-02-15T18:45:00.000Z,90,,private,false,Détente,4,Jd60XnvuYugGrBf2iWPnVD0bGla2,12,12,1,0,0,0,1
Yh4TQFLG1gguzkrbwmwP,UrbanSoccer - Lille Lezennes,played,captain,ChIJR3ro5nTWwkcRfM_S3Be9HjI,50.6162725&3.0998108,2024-02-12T21:15:00.000Z,60,5,public,true,Détente,3,dvdYbjXAR8fQjpIGtP7Po8prEdE3,10,10,4,0,0,0,0
Yh5wMQUtCBetyx9kOo7a,Stade Robespierre,canceled,captain,ChIJrSdPdLpk5kcRTIf7gmbAvcU,48.8692482&2.2034218,2024-02-11T14:00:00.000Z,90,5,public,false,Compétition,4,uK7KAxZFpwZeIpiBLR7VWDgp0qF2,1,10,0,0,0,0,0
YhLTOY0l3vL1shprlOHk,Massilia FIVE,played,captain,ChIJxZ6UmMW-yRIR7ot5DChYj4w,43.28920790000001&5.4503802,2024-02-01T19:00:00.000Z,60,10,private,false,Détente,,2adpBQtqTDgqVTTxGtZEfXZVNXg2,10,10,8,0,0,0,0
YiSQblWSOk8sn1OdAkBs,Stade Charles Auray,published,captain,ChIJBfReMqht5kcRUYj5USqKSSg,48.8867219&2.4165524,2024-02-19T18:50:00.000Z,90,,public,false,Compétition,5,1LDJWrjBcJPRiS8a2m1todvXiJM2,14,14,0,0,0,0,1
YjTSvW7XBwTx2AU3577M,Gymnase Marcel Gentilini,played,captain,ChIJT_UUP9AS5kcRs7PNdGQROYo,48.8851928&2.4695731,2024-02-06T19:45:00.000Z,90,,public,false,Compétition,5,86izsfkQuDbHkPtJUuZm64odfKE2,10,10,3,0,0,0,2
YkTqrxlGgyTMS2n2PJe5,Stadium Thiais,published,pro,ChIJ64X9jzx05kcRsHvSfOv6UcA,48.7511024&2.3713455,2024-02-19T15:00:00.000Z,90,10,public,false,,,psf3NmXEPwdCltHKJC7VuvJocrF3,0,10,0,0,0,0,0
YldHGrOYaI0Fdu9VmK5M,LE FIVE Créteil,played,captain,ChIJ88lx3VwL5kcRVxCh4lD6_Gk,48.7643086&2.4706522,2024-02-09T15:30:00.000Z,90,7.5,public,false,Détente,3,rUzkBHpIJ1YFV4MRQjyiYHl4QMX2,10,10,6,0,0,0,3
YmTlzIG02rfA8QYh6mpK,LE FIVE Montreuil,published,pro,,48.8613036&2.4653095,2024-02-06T21:30:00.000Z,90,13.5,public,false,,,u9uC1vjdcdQ3UqNxI0SiFxor0m43,0,10,0,0,0,0,0
Yo9wYPOok4oUolzThFTw,Game 13 foot indoor,played,captain,ChIJNSDvlsXryRIRUXao9hwB79I,43.41258939999999&5.366617,2024-02-18T18:30:00.000Z,60,10,public,false,Compétition,3,YjP0jbxBCmMx9dcbaMk8yzeON4m2,10,10,0,0,0,0,1
Yp8qn1qp9tJJZz877Z4B,Foot POWER 5,canceled,captain,ChIJuTCIFshm5kcRBtEQJ76dAzc,48.9600584&2.2062138,2024-02-18T19:00:00.000Z,90,12,public,false,Détente,3,88Ww94aXPKblcGWqR6aXjc3mnc73,7,10,0,0,0,0,0
Ypo1jKT0FE2H0Hew6qiX,UrbanSoccer - Quai d'Ivry,played,captain,ChIJfXxYJ0xy5kcRw9xTkF6-FZQ,48.8199885&2.3936463,2024-02-15T19:30:00.000Z,60,15,public,true,Détente,2,mFOlRGg2QKZW324axAaqiKh0yiA2,10,10,2,0,0,0,2
YrMn43OC4LAkYfsYKiHu,GOPARK INTERIEUR - Paintball et trampolines parc,published,captain,ChIJ2cJmdhf15kcRQ4mUOxIVzd0,49.045624&2.0799886,2024-02-06T19:00:00.000Z,120,12.5,public,false,Chill,2,5svK059jMCWGd7IRy8UcfstZDyO2,10,12,0,0,0,0,5
Yu1WZwn48kIjFXw0d9m3,Le Street Foot en Salle,played,captain,ChIJt_AXL6Jg5kcRu6rBmnrmeUM,49.0164435&2.181307,2024-02-01T19:00:00.000Z,90,15,public,false,Compétition,3,roqTCtLWtzZ7MZFTiKmsvCgMCiG2,10,10,4,0,0,0,3
YuMkkSHdvXNgv2YqzV6C,Halle Georges Carpentier,played,captain,ChIJnXkSwCty5kcR-nlHXNFQlg4,48.82020139999999&2.3672361,2024-02-08T11:00:00.000Z,120,,private,false,Compétition,3,kRAf444M3RUd6EWIOWpKVKs78SI2,16,16,14,0,0,0,7
Yv29AxMVGqriqZrRTCrK,LE FIVE Bezons,published,captain,ChIJ71Mv0Wpk5kcRg-H9x7L-dXo,48.9190524&2.211796,2024-02-19T18:15:00.000Z,60,11,public,true,Détente,3,KkNbjSSYYOfaBZmBg80ynwbhuFn2,9,10,0,0,0,0,0
Yv7QyvGQqK5kSDwDhCFb,Centre Sportif Maryse Hilsz,played,captain,ChIJgY6iBYxt5kcRHD7TB4jAHV4,48.8520783&2.4128877,2024-02-17T08:30:00.000Z,120,,public,false,Détente,,OPiuR0CxkKUMgnmfCwx4FY6reH52,16,16,2,0,0,0,0
YvgYPPXbf3ZOpN62ZuNw,Stadium Thiais,published,pro,ChIJ64X9jzx05kcRsHvSfOv6UcA,48.7511024&2.3713455,2024-01-30T18:00:00.000Z,90,15,public,false,,,psf3NmXEPwdCltHKJC7VuvJocrF3,0,10,0,0,0,0,0
Yw7NKwYbQ9R5QTyz0Gze,LE FIVE Paris 13,published,pro,,48.8181615&2.3658793,2024-02-06T22:00:00.000Z,60,10,public,false,,,FjSnzlRFFfhWVWQJGfIEwRc2ZMj2,1,10,0,0,0,0,0
YwA5C8UNdo54N4r0n61Q,Stadium Thiais,published,pro,ChIJ64X9jzx05kcRsHvSfOv6UcA,48.7511024&2.3713455,2024-02-15T19:30:00.000Z,90,15,public,false,,,psf3NmXEPwdCltHKJC7VuvJocrF3,0,12,0,0,0,0,0
Z4ZrIhdxOByPzSKdGjgu,UrbanSoccer La Défense,played,captain,ChIJh4rnfVhk5kcRV2Q-ZKdm8vA,48.8996456&2.2216773,2024-02-08T12:30:00.000Z,60,5,public,true,Détente,3,anlrXpXSFdhPt5APX5MhOPj45Ht2,10,10,2,0,0,0,1
Z68hjHYt87JlCVBs89xO,UrbanSoccer - Quai d'Ivry,canceled,captain,ChIJfXxYJ0xy5kcRw9xTkF6-FZQ,48.8199885&2.3936463,2024-02-11T18:00:00.000Z,90,18.75,public,true,Détente,3,rUzkBHpIJ1YFV4MRQjyiYHl4QMX2,1,10,0,0,0,0,1
Z79xdhb6gqb6cNTXf6Q6,Stade Max Rousié,published,captain,ChIJJ1ZRKABv5kcRhlgTJi8HBOA,48.8996911&2.3270464,2024-02-19T19:00:00.000Z,90,,public,false,Compétition,4,cJe8pjn4xkTpWqLmezIS1Llbc613,13,14,0,0,0,0,0
Z7vfCcdIE64F4YJ4JMT1,Monclub Futbol,played,pro,,43.4299152&5.4001974,2024-02-04T17:00:00.000Z,90,12,public,false,,,CSTy9rmJRQSyWlqWuGiUhGpAGqf2,10,10,8,0,0,0,0
ZAX6YVAb4jdroUsGuNNJ,LE FIVE Paris 13,canceled,pro,ChIJ_bOSChhz5kcRZMTeq_6Gdzg,48.8181615&2.3658793,2024-02-16T22:00:00.000Z,60,10,public,false,,,FjSnzlRFFfhWVWQJGfIEwRc2ZMj2,1,10,0,0,0,0,0
ZBh343xB9QImueUhp2Qc,UrbanSoccer - Porte d'Aubervilliers,played,captain,ChIJ0dXjDCZs5kcRvX0EpMwxsUY,48.9074912&2.3746518,2024-01-30T19:15:00.000Z,90,20.25,public,true,Détente,3,xga9yq8QKxQPgJxsN5XqbZSsqIq1,10,10,2,0,0,0,1
ZCSHPgdKH69YrnGt5tsk,UrbanSoccer - Lille Bondues,played,captain,ChIJ58ZerMgrw0cR2Jyp7tZjBn4,50.6913774&3.0860264,2024-02-15T18:10:00.000Z,60,10.5,public,true,Compétition,3,K6QDJrxG39RgopYZ0Q9alr1McMJ2,10,10,0,0,0,0,1
ZD04riIWN2uXXbDzjjlX,LE FIVE Bezons,canceled,captain,ChIJ71Mv0Wpk5kcRg-H9x7L-dXo,48.9190524&2.211796,2024-02-04T11:30:00.000Z,60,10,public,true,Détente,3,vCxS2f3sIudIjl2jeEiMi9Qk1Zh2,7,10,0,0,0,0,0
ZHGFUvLmxNsHtVcHaIQE,Stade Marius Requier,played,captain,ChIJZ99DmFPtyRIRo93gYYOp8b8,43.5039781&5.3911845,2024-02-09T19:45:00.000Z,90,,public,false,Compétition,,flRb9d7MzXhxACGwjWr251WIx7Q2,16,16,3,0,0,0,1
ZIfHYtowkzTwrKb4n1QW,Stadium Thiais,canceled,captain,ChIJ64X9jzx05kcRsHvSfOv6UcA,48.7511137&2.3715422,2024-02-08T18:30:00.000Z,90,15,public,false,Détente,3,nw7OtPvvibZLVMCBi0qlsCY7msf2,6,10,0,0,0,0,1
ZMeEUnNzeAWsLCbnOS3y,UrbanSoccer - Asnières,played,captain,ChIJi5LkLT9v5kcRSlhScqEFNWs,48.92192379999999&2.3068311,2024-01-30T18:30:00.000Z,90,20,public,true,Détente,4,Cp09WJtjkARHJE3WTNNPUZh3mWu2,10,10,0,0,0,0,0
ZMr1i7bMVBlwrK4nFsQL,Parc des sports des Maisons Rouges,published,captain,ChIJlRgC-MAN5kcRniSfE7KINi8,48.8302193&2.5256499,2024-02-17T15:00:00.000Z,90,,public,false,Détente,3,I7iI2MbRRJYfCprChfOqkmxb9Yq2,14,16,0,0,0,0,1
ZNT44bJ26h1BzHrw9nNh,STADIUM FOOT 5 VILLAGE,canceled,captain,ChIJbbOWFtC4yRIR0WXVerbWmnE,43.269413&5.4260321,2024-02-15T19:00:00.000Z,60,10,public,false,,,MKjoGJESIIfNKw5sH93VODBuvLv2,10,10,0,0,0,0,1
ZNZICIWxnRxSb1yfmaiZ,Stadium Thiais,published,pro,,48.7511024&2.3713455,2024-01-30T21:00:00.000Z,90,14,public,false,,,psf3NmXEPwdCltHKJC7VuvJocrF3,0,10,0,0,0,0,0
ZSPPV4OvDuIsdL4Pa5vF,Monclub Futbol,played,captain,ChIJGbxxaamUyRIRgGvhHnhJStA,43.4299152&5.4001974,2024-02-06T19:00:00.000Z,60,10,public,false,Détente,3,nxPNmtMLqxSZHx7hbX45VPndE5n1,10,10,1,0,0,0,1
ZTLSjj9hzleQ0uWr9Cy0,LE FIVE Montreuil,published,pro,ChIJJdTQjr0T5kcRZmGxtIJVy44,48.8613036&2.4653095,2024-02-16T11:30:00.000Z,90,10.5,public,false,,,u9uC1vjdcdQ3UqNxI0SiFxor0m43,0,10,0,0,0,0,1
ZU4GGrFNsHTrh9kbHj3U,Stade Robespierre,published,captain,ChIJrSdPdLpk5kcRTIf7gmbAvcU,48.8692482&2.2034218,2024-02-12T12:30:00.000Z,120,5,public,false,Compétition,4,P2fpoPcsJ3ZKgVNv94Q8rJ8w4Zd2,8,10,0,0,0,0,0
ZULw4tYjouNF6bEtLtaI,Footbox,published,pro,ChIJY-WkusIR5kcR-tEad3UtaSQ,48.9022789&2.582647,2024-02-16T17:00:00.000Z,60,10,public,false,,,QI89VPazyLhBVnWH871jk4BUEZI3,0,10,0,0,0,0,0
ZV3gcAZkPDVcV5n8A1ux,Complexe Sportif Nelson Mandela,played,captain,ChIJP4TwvVNk5kcRo8MYdkqAecs,48.9051672&2.2321731,2024-02-17T14:45:00.000Z,120,,public,false,Détente,,kUyJhaAdw2Xt9Hfdn0NwVf8pmsE2,16,16,8,0,0,0,5
ZVfVnYeiCIE0DymvxcUg,UrbanSoccer La Défense,published,captain,ChIJh4rnfVhk5kcRV2Q-ZKdm8vA,48.8996456&2.2216773,2024-02-03T15:45:00.000Z,60,13,public,true,Chill,,ptMiCCYt0FcQmRuwaCCwz2LapD13,9,10,0,0,0,0,1
ZViLxjVpG0J2EViTP6ib,We Are Sports,canceled,captain,ChIJFZU5oBHC9EcRJTFrSkI1xxg,45.7113247&4.8761886,2024-02-08T19:30:00.000Z,60,10,public,false,Détente,,GVdaLPxjA6SDWn0FPDlZ3A9mJut2,9,10,0,0,0,0,0
ZWKDxNlGtCKDptoEhNRi,UrbanSoccer La Défense,canceled,captain,ChIJh4rnfVhk5kcRV2Q-ZKdm8vA,48.8996456&2.2216773,2024-02-17T09:00:00.000Z,60,13.5,public,true,Détente,2,5Jb3ykDmZSRZdgHyzX62ADfGlz13,9,10,0,0,0,0,0
ZWh0X0rLq7P9vY3ahyfI,LE FIVE Créteil,published,pro,,48.7643086&2.4706522,2024-02-02T16:00:00.000Z,60,7,public,false,,,ZmXMWx7aTdPoPkkGOWa2HIQVblq2,0,10,0,0,0,0,2
ZWh8ZPVawUFGtoxjy0Om,Speed Soccer Five,canceled,captain,ChIJ2xTNglV25kcR3UDi4AXGfDU,48.7360598&2.315058,2024-02-07T20:00:00.000Z,90,13,public,false,Détente,3,LG3Q44fKNwSrT7kC4KQjqLqPi712,5,10,0,0,0,0,0
ZYYC43FSuHauoOhh4IjC,Play Soccer,played,captain,ChIJQ-UxZn-5rhIRKWoQydM5T9s,43.5512023&1.4098927,2024-02-10T17:30:00.000Z,90,12,public,false,,,8LtkeOuZHeePxfkXdNPmQSr7V9L2,10,10,0,0,0,0,0
ZaFsjJYhI6peWWibNyWS,UrbanSoccer - Puteaux,played,captain,ChIJM_sC0-Nk5kcRhL1y_EFIje8,48.8836397&2.2312283,2024-02-15T11:00:00.000Z,60,11,public,true,Détente,3,WQ5S4tuh8AhHhITkAMce3yq8gRm2,10,10,10,0,0,3,0
ZaqTyBQy2iRWn7kCFt4N,Evolution Football,canceled,captain,ChIJX0YulIi8yRIRnGh62u3UXTQ,43.2836074&5.52356,2024-02-12T20:00:00.000Z,60,8.5,public,false,Détente,3,Mbm7PMhXKBZQXZa0aXm24d0dVrq1,7,10,0,0,0,0,0
Zcb34Hr1cZbsKseGehKB,Footbox,published,pro,ChIJY-WkusIR5kcR-tEad3UtaSQ,48.9022789&2.582647,2024-02-13T21:00:00.000Z,60,10,public,false,,,QI89VPazyLhBVnWH871jk4BUEZI3,0,10,0,0,0,0,0
ZdAqFZoxEyk55HlLoueU,LE FIVE Bobigny,published,pro,,48.901553&2.4313304,2024-02-12T22:00:00.000Z,60,8,public,false,,,4owi3i7t8EOvFNF6UQvACOpiDRy1,0,10,0,0,0,0,0
ZilqpHUylbpJ5n6tANFg,UrbanSoccer La Défense,played,captain,ChIJh4rnfVhk5kcRV2Q-ZKdm8vA,48.8996456&2.2216773,2024-02-05T21:00:00.000Z,60,14,public,true,Détente,4,ZZdiEAZqtWNi9nL4G2pBQkzyWSk2,10,10,0,0,0,0,1
ZkWvh8wMUqB2gptggeDI,UrbanSoccer - Porte d'Aubervilliers,canceled,captain,ChIJ0dXjDCZs5kcRvX0EpMwxsUY,48.9074912&2.3746518,2024-02-11T17:00:00.000Z,90,18.75,public,true,Détente,3,9wdRFE6WwWQyz7Ud9v1IeK8B66G2,10,10,0,0,0,0,0
ZkrTEziOqQpjAtvybILY,Piscine Lionel Terray,played,captain,ChIJZcoTs5935kcR4jTBXF_htIo,48.7356566&2.2869837,2024-02-03T09:00:00.000Z,90,,public,false,Détente,2,Dohg1zNvhsbmGrYuAmExKFyjruw2,10,10,0,0,0,0,0
ZlSvSKeIvrL6qhNMX8Ys,Parcours sportif de la plaine du Luth,played,captain,ChIJzRgVdzJv5kcRvh7TyyBSol0,48.9353111&2.2867938,2024-02-16T18:50:00.000Z,90,,public,false,Détente,2,vOZNX9nkMaUy82N508T93BbgCL52,12,12,6,0,0,0,1
ZmLjnQfq14sG5jrPBYuv,Footsal Cousinerie,played,captain,ChIJXQyb1d8pw0cRLO_Ed5xHTIQ,50.6440829&3.1459612,2024-02-07T17:30:00.000Z,90,9,public,false,Détente,2,E70HYnM87Jc6Xz0dDHt9cAU1Eif1,10,10,1,0,0,0,0
ZmtyUrqFcpC8BD8SBXMP,BIG5,canceled,captain,ChIJsb_7TJFp5kcRSPL5VqZulr4,48.9901429&2.3617895,2024-02-03T12:30:00.000Z,120,18,public,false,Détente,3,S7F3G5iuPNWVU8C5aKh1cFebGCA3,9,10,0,0,0,0,1
ZpCtspB5QAvZMeGIOsZ7,LE PARK Complexe Multisports,played,captain,ChIJMU8gErUJ5kcRSnpvacKwFtM,48.71189589999999&2.5771181,2024-02-10T17:00:00.000Z,60,12,public,false,Compétition,3,1OPlOCtWQZa9JgewOMcNu4xTdEk1,10,10,1,0,0,0,0
ZqGdWy65wnPWCQRuhXtu,LE FIVE Sarcelles,canceled,captain,ChIJ6_q3Fxhq5kcRCpoEwnoXX1Q,48.99782219999999&2.3902225,2024-02-17T19:00:00.000Z,90,13,public,false,Détente,2,teJWyUweiHbF7gi2wai3tq2vDQI3,10,10,0,0,0,0,1
ZqOgTkKvdyTb6YUHTrvd,FOOT IN FIVE,canceled,captain,ChIJoUR0syFp5kcRUlStnwluaYY,48.9552257&2.3328346,2024-02-16T19:00:00.000Z,60,10,public,false,Compétition,3,DTGmWz14GgdLZZst3QJyeN5EfyI2,7,10,0,0,0,0,0
Zqs3Sw4r517XodEu6j1E,UrbanSoccer La Défense,played,captain,ChIJh4rnfVhk5kcRV2Q-ZKdm8vA,48.8996456&2.2216773,2024-02-08T12:00:00.000Z,60,12,public,true,Chill,2,NvDsgNhyomfhca0CDgdUsDPAWAg1,10,10,3,0,0,0,3
ZqvEBVmsZqG6hWl8h8Q5,UrbanSoccer - Lille Lezennes,played,captain,ChIJR3ro5nTWwkcRfM_S3Be9HjI,50.6162725&3.0998108,2024-02-13T19:50:00.000Z,60,10.5,public,true,Compétition,3,xR4ED6qRzmg0HreT9TkBwvuQM912,10,10,4,0,0,0,0
ZvDQeBnrfBB4LBf0oWWg,UrbanSoccer La Défense,played,captain,ChIJh4rnfVhk5kcRV2Q-ZKdm8vA,48.8996456&2.2216773,2024-02-09T18:45:00.000Z,120,20,public,true,Détente,3,ih2abKFew6f2t36r731iVthppwD3,10,10,3,0,0,0,1
ZwvGO7NkeKVEkRIO79yr,Stadium Thiais,canceled,captain,ChIJ64X9jzx05kcRsHvSfOv6UcA,48.7511137&2.3715422,2024-02-04T15:00:00.000Z,90,15,public,false,,3,8z69joeXgRXkGFP3TNv4gKoMtiy1,6,12,0,0,0,0,0
ZywgGf7u5ZbNgCrOKSGI,Play Soccer,played,captain,ChIJQ-UxZn-5rhIRKWoQydM5T9s,43.5512023&1.4098927,2024-02-16T17:30:00.000Z,60,9,public,false,,,8LtkeOuZHeePxfkXdNPmQSr7V9L2,10,10,0,0,0,0,0
a0U1yRoY9O4Ox5VSr552,We Are Sports,canceled,captain,ChIJFZU5oBHC9EcRJTFrSkI1xxg,45.7113247&4.8761886,2024-02-01T18:30:00.000Z,60,7,public,false,Détente,2,tsZOgNPKP2QLmPlbL38dA0nXpbd2,3,10,0,0,0,0,0
a1SY73v6sba6ehss26i6,Top Ten,published,pro,,48.8729106&2.6840919,2024-02-12T11:00:00.000Z,90,5,public,false,,,i27253AGxOfXgYJK72sBnvUGuMk2,0,10,0,0,0,0,0
a22yCjnlJtUotTwv7n9h,LE FIVE Champigny,published,pro,,48.8194084&2.5251846,2024-02-09T16:00:00.000Z,60,7,public,false,,,evlV9mUgATYQ5343zpYZvk4w0r03,0,10,0,0,0,0,2
a5M3OI3nOUl124StFXPg,Kinshasa - Test,published,pro,,-4.3032527&15.310528,2024-02-13T04:00:00.000Z,60,12,public,false,,,zCvsukfMuuffsuPpSTQwb7MusMD2,0,10,0,0,0,0,0
a5WrSl8XyVS7n2iNxQ84,Stade de la Croix des Mèches,canceled,captain,ChIJUb_3hhwN5kcRBg5StcbsjgU,48.7871609&2.4510767,2024-02-04T14:00:00.000Z,90,,public,false,Détente,3,ZuqTKctNzwWy5eYfYU2k2at0bQb2,10,10,0,0,0,0,0
a5e1ssHFp7XBN15t5LO9,LE FIVE Paris 18,draft,captain,ChIJpVT4_n1u5kcRzji6FdTBXXo,48.8978522&2.3700234,2024-02-05T19:30:00.000Z,90,,public,false,,,gk8lgHgK9zgS7MYXjD6wn6UBRC63,0,0,0,0,0,0,0
a5qMwSLlZrkLGxK8T9Yb,Stadium Thiais,played,captain,ChIJ64X9jzx05kcRsHvSfOv6UcA,48.7511137&2.3715422,2024-02-04T18:00:00.000Z,90,15,public,false,Détente,4,77LP1qNYnlOczjiQeUcRbzlBpeF3,12,12,7,0,0,0,1
a9Wmiwb8QJ0QrZvFrm6o,LE PARK Complexe Multisports,played,captain,ChIJdUHbID8O5kcRV5lQhiHTvhs,48.8337843&2.5728501,2024-02-12T18:30:00.000Z,60,10,public,false,Détente,2,6trSfhXu40fMmNBcA4s3ATCzKOu1,10,10,1,0,0,0,1
a9nqeK1xWGbsV003uqYL,Top Ten,played,captain,ChIJfXprBx4b5kcRmhe-5pLZUek,48.8729106&2.6840919,2024-02-08T19:00:00.000Z,90,15.5,private,false,Détente,3,JL8C2dyPg8bpGBe27Mb1R7kO4yB3,10,10,2,0,0,0,0
aBhThIBGhqiL8KBZANX5,Foot-Max Argenteuil,canceled,captain,ChIJi9oIzaRm5kcRJYcK7QsdRMU,48.9501569&2.2093741,2024-02-18T18:00:00.000Z,90,10,public,false,Compétition,3,dOuX27A1OzZVi2XhCYK3XNmy7F32,1,10,0,0,0,0,0
aBqi0xAiAzLnIvX4WrzD,LE FIVE Créteil,played,captain,ChIJ88lx3VwL5kcRVxCh4lD6_Gk,48.7643086&2.4706522,2024-02-01T18:30:00.000Z,60,11,public,false,Détente,2,nwCO7ClwcpduYGwx2LUOmuC5chF2,10,10,8,0,0,0,0
aCBi9BnmUfV0vWtmFbxh,UrbanSoccer - Quai d'Ivry,played,captain,ChIJfXxYJ0xy5kcRw9xTkF6-FZQ,48.8199885&2.3936463,2024-02-16T21:30:00.000Z,90,11.5,public,true,Compétition,5,oKfGVfs7dYecPpobKfuTXiuhh8J3,10,10,0,0,0,0,0
aCyw71Khgd6hbEwDyurL,Le 13 - Foot en salle - Marseille,canceled,captain,ChIJR62kUm_ByRIRDnGQqGCeUVQ,43.33370070000001&5.370389599999999,2024-02-15T19:15:00.000Z,60,10,public,false,Compétition,3,FUyn5fHs5UYBvgknz7P2sr4B42o2,8,10,0,0,0,0,0
aFaphuvill6IT4RqkGvG,Terrain de Sport Westermeyer,canceled,captain,ChIJkcqlrnhz5kcRYDm_fAMKBxo,48.81732909999999&2.392745,2024-02-04T08:20:00.000Z,150,,public,false,Détente,,FYfgfT1shkXXyaMI4sZTA7d9Qdw2,9,10,0,0,0,0,0
aGlGIs5awgIVAWUTBhWI,Parc des Sévines,canceled,captain,ChIJ1-_7SUhv5kcRuFo_vTkcn_c,48.9297768&2.3037282,2024-01-31T19:00:00.000Z,120,,public,false,Chill,4,alKdx0B0bAPF23akKWxXruUtnw43,5,10,0,0,0,0,0
aK0gYoE4b3Nd2DhWYjXH,UrbanSoccer La Défense,played,captain,ChIJh4rnfVhk5kcRV2Q-ZKdm8vA,48.8996456&2.2216773,2024-02-09T21:15:00.000Z,60,14,public,true,Détente,2,EWvyyRg2G2OvXASqVHc1WnVkvc43,10,10,4,0,0,0,1
aK9No1ukgF2Xwvyt4aTI,Stade Élisabeth,published,captain,ChIJkXj9tq5x5kcROlxynHzTh9o,48.8207737&2.3270972,2024-02-11T08:00:00.000Z,150,2,public,false,Compétition,5,8i5faoQkJ4YSkhRB5skPBLiEh1G3,15,16,0,0,0,0,1
aKVzKeHl7X7yEqfmoRGq,UrbanSoccer La Défense,played,captain,ChIJh4rnfVhk5kcRV2Q-ZKdm8vA,48.8996456&2.2216773,2024-02-03T09:15:00.000Z,60,12.5,public,true,Détente,3,NnF2qO1XR1UbJsvXdzCc94rf0T42,10,10,2,0,0,0,1
aNYWdgWcECbk3Flwy16u,Stadium Thiais,published,pro,ChIJ64X9jzx05kcRsHvSfOv6UcA,48.7511024&2.3713455,2024-02-14T14:00:00.000Z,90,8,public,false,,,psf3NmXEPwdCltHKJC7VuvJocrF3,0,10,0,0,0,0,0
aQAKzqJx0a4K1x3Nz27R,UrbanSoccer - Puteaux,canceled,captain,ChIJM_sC0-Nk5kcRhL1y_EFIje8,48.8836397&2.2312283,2024-02-11T11:00:00.000Z,60,13,public,true,Détente,2,8rY2LLxtWsUhFxStEBtYlI2w9ny2,6,10,0,0,0,0,0
aQv7VGA2ehSUjWorVCzs,LE FIVE Montreuil,published,pro,,48.8613036&2.4653095,2024-01-29T22:00:00.000Z,60,8,public,false,,,u9uC1vjdcdQ3UqNxI0SiFxor0m43,0,10,0,0,0,0,0
aRE9GH1C4AyEMFUzjImC,Foot-Max Argenteuil,published,captain,ChIJi9oIzaRm5kcRJYcK7QsdRMU,48.9501569&2.2093741,2024-02-01T20:00:00.000Z,60,8,public,false,Détente,,NjmfqXZgTBaqqkagmTqQccV1h7v1,9,10,0,0,0,0,1
aRQWwS06H8giFqzTfKbG,UrbanSoccer - Quai d'Ivry,played,captain,ChIJfXxYJ0xy5kcRw9xTkF6-FZQ,48.8199885&2.3936463,2024-02-13T18:00:00.000Z,60,13,public,true,Détente,3,TYV4WQfcTtfHwhvipJ9YWya8uvz1,10,10,3,0,0,0,0
aSn2IQXc4OkkxA1OSOiI,OHSPORT,played,captain,ChIJHeG9fA4X5kcRbGNzVY5Ud5I,48.9672396&2.5670436,2024-02-12T21:00:00.000Z,60,10,public,false,Détente,3,ZlDjDDwCqsc4NF9nDlUzUJoqaAO2,10,10,3,0,0,0,0
aTjUGu7iUbB7PRpHTtEu,Parc Omnisport Suzanne Lenglen,published,captain,ChIJ0_E6kcV65kcRpEn1nM0j_KU,48.8303784&2.2714163,2024-01-30T13:00:00.000Z,120,,public,false,Compétition,3,mhTTNAGjXiMpcUDScm0BrqX0Gtf1,6,18,0,0,0,0,0
aTvbPCG07fCRgzysb1C2,Stadium Thiais,played,pro,ChIJ64X9jzx05kcRsHvSfOv6UcA,48.7511024&2.3713455,2024-02-15T18:00:00.000Z,90,15,public,false,,,psf3NmXEPwdCltHKJC7VuvJocrF3,10,10,8,0,0,0,2
aUiVqMfJKaVhXGvXPlbg,UrbanSoccer - Lyon Barolles,canceled,captain,ChIJN4l-IC3v9EcRf9QJKIVC_aY,45.6837539&4.7725939,2024-02-10T16:30:00.000Z,60,10,public,true,Détente,2,CtNFqr0EPoVhchQqBoufnZrvWU33,9,10,0,0,0,0,0
aWLRUIW5MI8MuEu2shrR,Stadium Thiais,played,pro,ChIJ64X9jzx05kcRsHvSfOv6UcA,48.7511024&2.3713455,2024-02-12T19:30:00.000Z,90,15,public,false,,,psf3NmXEPwdCltHKJC7VuvJocrF3,10,10,6,0,0,0,3
aWVqDX6qrUfa6BXKl2zd,LE FIVE VITROLLES,played,captain,ChIJi4A-IrHoyRIRunoYLEGNeYI,43.4338497&5.240971399999999,2024-02-07T17:00:00.000Z,60,10,public,false,Détente,3,dIqIMHAysFbONZtzZLGfAzp8IMR2,10,10,1,0,0,0,1
aXTmt5VijchqOJ7nnMX2,UrbanSoccer - Puteaux,published,captain,ChIJM_sC0-Nk5kcRhL1y_EFIje8,48.8836397&2.2312283,2024-02-19T18:30:00.000Z,60,13,public,true,Détente,3,bhJeB6nV3qaXLJZZ1m5g4ndq4mz2,10,10,0,0,0,0,0
aYT25vIN9vHLLtdHcxk4,UrbanSoccer La Défense,played,captain,ChIJh4rnfVhk5kcRV2Q-ZKdm8vA,48.8996456&2.2216773,2024-02-13T19:15:00.000Z,60,14.5,public,true,Détente,3,uXinhTCnJabPwHfWKNCwa6udOVj1,10,10,2,0,0,0,4
aYgHs8gMonwR8FKN0wit,Z5 Aix,played,captain,ChIJKb-U_9KSyRIRKIFKbH5mW18,43.4787869&5.3969048,2024-02-05T20:00:00.000Z,60,11,public,false,Détente,3,xrqCNeeXkffxTI1WvhqYgfhlv9n1,10,10,4,0,0,0,0
aZvLvKBIG9vXLGFHL4aa,Syndicat Interdépartemental des Sports de Choisy-le-Roi,canceled,captain,ChIJfbbB7qZ05kcRSShtZvltwEU,48.7712037&2.4348238,2024-02-03T10:50:00.000Z,120,,public,false,Détente,3,sF9wMR6gU3XbXYhoABhWGcJcxAu1,14,18,0,0,0,0,1
aaeeC27DSETLdfNxO5y3,Stadium Thiais,published,pro,,48.7511024&2.3713455,2024-02-03T12:00:00.000Z,90,15,public,false,,,psf3NmXEPwdCltHKJC7VuvJocrF3,0,10,0,0,0,0,0
ab5zvy4fbiu2AyTC9nUm,LE FIVE Champigny,published,captain,ChIJsXi1PLYN5kcRTVVDuczgS2s,48.8194084&2.5251846,2024-02-17T16:00:00.000Z,60,10,public,false,Compétition,3,x0a7SY6bg9ZxIQw5ucE9kzjsbtI2,5,10,0,0,0,0,0
ac1dn7B4evZZqjh2mFbb,UrbanSoccer - Puteaux,played,captain,ChIJM_sC0-Nk5kcRhL1y_EFIje8,48.8836397&2.2312283,2024-02-01T18:30:00.000Z,60,13,public,true,Détente,3,Di12SH11fFXqKGb9vDod5O8JtFB3,10,10,4,0,0,0,2
accU8Q5wsfEOc3bBMIdU,Stadium Thiais,published,pro,,48.7511024&2.3713455,2024-02-02T14:00:00.000Z,90,8,public,false,,,psf3NmXEPwdCltHKJC7VuvJocrF3,0,10,0,0,0,0,0
ad9pSucbEolA82onuJ0s,Top Ten,played,pro,,48.8729106&2.6840919,2024-02-06T16:00:00.000Z,90,5,public,false,,,i27253AGxOfXgYJK72sBnvUGuMk2,10,10,9,0,0,0,7
adiHQGam3NGZ4e8J7t8L,POWER FIVE ( Foot à 5 en intérieur ),played,captain,ChIJ6ULNmyh15kcRV9cjbnBjGr8,48.73026429999999&2.4346948,2024-02-05T18:15:00.000Z,30,10,public,false,Détente,,B1z0F04UIfgHLlnchcdD4A6OJA32,10,10,0,0,0,0,0
aeqYjAJr7a0xubMxKEfo,LE FIVE Bezons,played,pro,,48.91909&2.2093051,2024-02-12T17:00:00.000Z,60,7,public,false,,,U3MriTZbPbTUEsU6RtRuHxDMKvg2,10,10,9,0,0,0,4
af38Z4Y5YrFNrVQrT2Wu,Top Ten,published,pro,ChIJfXprBx4b5kcRmhe-5pLZUek,48.8729106&2.6840919,2024-02-11T12:30:00.000Z,90,15,public,false,,,i27253AGxOfXgYJK72sBnvUGuMk2,0,10,0,0,0,0,0
afQnxoqegfu4QKVNHmAW,LE FIVE Paris 17,played,captain,ChIJ7eI8sFNv5kcR5xy52Wc57NU,48.900032&2.3213449,2024-02-13T20:00:00.000Z,60,12,public,true,Détente,2,pdakyihAo4Zs1qnK76UCGhIEtOR2,10,10,1,0,0,0,0
afXUbhf0irAZObQl8YE2,Stadium Thiais,published,pro,ChIJ64X9jzx05kcRsHvSfOv6UcA,48.7511024&2.3713455,2024-02-13T17:30:00.000Z,90,14,public,false,,,psf3NmXEPwdCltHKJC7VuvJocrF3,0,10,0,0,0,0,0
agKY4T0aKhkVOJLdedF3,Stadium Thiais,played,pro,ChIJ64X9jzx05kcRsHvSfOv6UcA,48.7511024&2.3713455,2024-02-03T10:30:00.000Z,90,12,public,false,,,psf3NmXEPwdCltHKJC7VuvJocrF3,10,10,5,1,0,0,2
agZLm7f7YsmAAfqmzMiX,Monclub Futbol,played,pro,ChIJGbxxaamUyRIRgGvhHnhJStA,43.4299152&5.4001974,2024-02-08T19:00:00.000Z,60,10,public,false,,,CSTy9rmJRQSyWlqWuGiUhGpAGqf2,10,10,8,0,0,0,0
agoEUurjXPKhAPHbQSXI,LE FIVE Champigny,published,pro,,48.8194084&2.5251846,2024-02-02T16:00:00.000Z,60,7,public,false,,,evlV9mUgATYQ5343zpYZvk4w0r03,0,10,0,0,0,0,1
ahM9TtFA49VvLki7I31s,UrbanSoccer - Marne-La-Vallée,played,captain,ChIJ6bDBiosP5kcROXiloHzSdhc,48.82658600000001&2.6296937,2024-02-15T19:20:00.000Z,90,15.75,public,true,Détente,4,pc5sZEZSy5Nnzq7NygjDWzuE4wj2,10,10,6,0,0,0,2
ak284qLyV32kemNj5xyC,LE FIVE Champigny,played,captain,ChIJsXi1PLYN5kcRTVVDuczgS2s,48.8194084&2.5251846,2024-02-08T19:30:00.000Z,90,15,public,false,Détente,2,8JeHXYdT8fdlHaksPrriPbDHv842,10,10,2,0,0,0,1
amSFTvPmFBxmoDEt5nKU,UrbanSoccer - Puteaux,canceled,captain,ChIJM_sC0-Nk5kcRhL1y_EFIje8,48.8836397&2.2312283,2024-02-06T19:00:00.000Z,60,15,public,true,Détente,2,tADc402LbzNQItwCyfxaRTs36sH2,9,10,0,0,0,0,0
anSTL10wSGRiKZPXVjyl,Foot-Max Argenteuil,canceled,captain,ChIJi9oIzaRm5kcRJYcK7QsdRMU,48.9501569&2.2093741,2024-02-02T18:00:00.000Z,90,12,public,false,Compétition,5,x1rFpjV0niWhBEzm6w7OmAGUBpD3,10,10,0,0,0,0,1
anfsKRDhuQpHAkIddwFT,LE FIVE Paris 18,played,pro,,48.8978522&2.3700234,2024-01-30T21:20:00.000Z,90,10,public,false,,,UQf33jQhVZhle917nO0h7D5qclV2,10,10,6,0,0,0,3
apCWTRbAPY1JcOD7vP8K,UrbanSoccer - Lille Bondues,canceled,captain,ChIJ58ZerMgrw0cR2Jyp7tZjBn4,50.6913774&3.0860264,2024-02-05T17:45:00.000Z,60,9.5,public,true,Compétition,3,3omoD4yPfmdB1DZxOCQfgedKPfx1,5,10,0,0,0,0,0
arBik28BaDGnxC7WpcWy,UrbanSoccer - Porte d'Aubervilliers,canceled,captain,ChIJ0dXjDCZs5kcRvX0EpMwxsUY,48.9074912&2.3746518,2024-02-05T16:00:00.000Z,60,7,private,true,Détente,2,eNRJaPTBn1NoMvayjj4tmsuKodG3,7,10,0,0,0,0,0
asCNJnNsA5KupxNcvsDo,Centre sportif Suzanne Lenglen,canceled,captain,ChIJjyw8lw975kcRB8dEmGn3P0Q,48.8302835&2.2740847,2024-02-03T18:30:00.000Z,60,,public,false,Détente,,9dp5LHYWIbcxIlOJNciL71gOU802,9,10,0,0,0,0,0
asy8wdW6fwzjp1UO4ntA,Stade Robespierre,canceled,captain,ChIJrSdPdLpk5kcRTIf7gmbAvcU,48.8692482&2.2034218,2024-02-10T13:00:00.000Z,120,5,public,false,Compétition,5,uK7KAxZFpwZeIpiBLR7VWDgp0qF2,1,10,0,0,0,0,0
atkuXPotRwYfxpRpPiQT,LE FIVE Villette,played,captain,ChIJTUFnQjps5kcR0pHITLTw1PI,48.9070122&2.3861459,2024-02-05T19:30:00.000Z,90,18,public,false,Détente,3,X7SknW0NrdfRv1JxdoOD42EHvwv2,10,10,0,0,0,0,1
avnEOQebKwnAWK8Plc3J,Stadium Thiais,played,captain,ChIJ64X9jzx05kcRsHvSfOv6UcA,48.7511137&2.3715422,2024-02-05T20:30:00.000Z,90,14,public,false,Détente,4,xtR2oJdOCLXt2fbajisGpU3Fes22,10,10,7,0,0,0,2
azllYZVVj8piOevW1cRk,LE FIVE Bezons,canceled,captain,ChIJ71Mv0Wpk5kcRg-H9x7L-dXo,48.9190524&2.211796,2024-02-18T14:30:00.000Z,90,15,public,true,Détente,3,P8G2XCCjgkfnMUDu38nGYbkoeuF2,9,10,0,0,0,0,1
azwCG7GAXcbeDNah2vc8,LE FIVE Paris 18,played,pro,,48.8978522&2.3700234,2024-02-05T16:00:00.000Z,60,5,public,false,,,UQf33jQhVZhle917nO0h7D5qclV2,10,10,7,0,0,0,5
b0NEOEHTQGS1Wd58inJe,LE FIVE Montreuil,canceled,captain,ChIJJdTQjr0T5kcRZmGxtIJVy44,48.8607303&2.4650432,2024-02-04T10:30:00.000Z,60,11,public,false,Détente,3,9fKVe5bYXhPeaaV2DszUENaSQ953,10,10,0,0,0,0,0
b0ZIHT11h8Y9UgzqOdYi,Sport dans la Ville Rhône-Alpes,played,captain,ChIJoUEDcmvr9EcRILCz6hDCQ2o,45.7811703&4.8081568,2024-02-01T19:00:00.000Z,60,,public,false,Détente,3,X15EGE8roSXTWJH59WI4ovCSGw03,10,10,4,0,0,0,0
b68FGyEUUnT9aNVqRZZ8,Monclub Futbol,played,captain,ChIJGbxxaamUyRIRgGvhHnhJStA,43.4299152&5.4001974,2024-02-15T17:30:00.000Z,60,10,public,false,,,AJhhBgOA04SJ5cqig5ffOrI68J53,10,10,3,0,0,0,1
b6ZAWEG4UwoJ7HwapJ7I,UrbanSoccer - Porte d'Aubervilliers,played,captain,ChIJ0dXjDCZs5kcRvX0EpMwxsUY,48.9074912&2.3746518,2024-02-04T17:30:00.000Z,90,17,public,true,Détente,2,7FnG9luYxXdpc3eHRBg0YyexwZ42,10,10,1,0,0,0,0
b6zaNfQf9cb2rLJXVQ5t,Gymnase Rosalind Franklin,published,captain,ChIJeUB7Xqlz5kcR_akj6eEkBmk,48.8095385&2.4035959,2024-02-04T09:00:00.000Z,120,,public,false,Détente,,RPBkJhlCOXYsBalhtCn3yAwbtgp2,3,10,0,0,0,0,0
b7KidKaJkdYQKLoJBpdq,STADIUM FOOT 5 VILLAGE,canceled,captain,ChIJbbOWFtC4yRIR0WXVerbWmnE,43.269413&5.4260321,2024-02-18T18:30:00.000Z,60,10,public,false,Détente,4,MKjoGJESIIfNKw5sH93VODBuvLv2,5,10,0,0,0,0,1
b8T66EKNibIeB3q9jS38,Stadium Thiais,played,pro,ChIJ64X9jzx05kcRsHvSfOv6UcA,48.7511024&2.3713455,2024-02-07T19:30:00.000Z,90,15,public,false,,,psf3NmXEPwdCltHKJC7VuvJocrF3,10,10,5,0,0,1,1
b8bcj1URmTRHTqhOgNEa,UrbanSoccer Evry,canceled,captain,ChIJW0Ut1G7e5UcRt621n2fRQ5M,48.6286849&2.4066366,2024-02-10T18:30:00.000Z,90,9,public,true,Compétition,3,0asGZ9fEnDeJUjaY2BLdrkW6w4u2,2,10,0,0,0,0,0
b9dLuhsHS9edzMbLcTM8,Stadium Thiais,played,captain,ChIJ64X9jzx05kcRsHvSfOv6UcA,48.7511137&2.3715422,2024-02-05T15:55:00.000Z,120,10,public,false,Compétition,3,Dohg1zNvhsbmGrYuAmExKFyjruw2,10,10,2,0,0,0,0
bAyfVddCMHBXmzHOABoo,LE FIVE Paris 17,published,captain,ChIJ7eI8sFNv5kcR5xy52Wc57NU,48.900032&2.3213449,2024-01-30T17:30:00.000Z,90,18,public,true,Détente,2,ceLFtHV0fAc1qVDALW7MlrTr2m82,9,10,0,0,0,0,0
bBM42S5jzSFfHe83UxPS,Evolution Football,played,captain,ChIJX0YulIi8yRIRnGh62u3UXTQ,43.2836074&5.52356,2024-01-31T17:30:00.000Z,60,9,public,false,Détente,,o5jaJS4K7ZQNKka2y2cBws3MfXK2,10,10,0,0,0,0,1
bCGGDKBaqWKZYPURXdTP,UrbanSoccer - Porte d'Aubervilliers,played,captain,ChIJ0dXjDCZs5kcRvX0EpMwxsUY,48.9074912&2.3746518,2024-02-04T11:45:00.000Z,90,,public,true,Détente,2,o4nNbGbIgoMaDREnLZbPEOQ1YjZ2,10,10,2,0,0,0,2
bDY1FI3N3JuEn2P9t3he,UrbanSoccer Evry,played,captain,ChIJW0Ut1G7e5UcRt621n2fRQ5M,48.6286849&2.4066366,2024-02-07T19:40:00.000Z,90,16,public,true,Détente,,f4HHLcjgZSbLTp7za7I9cEdioyg2,10,10,0,0,0,0,0
bDivhX8CvUhu1en3S6uz,Footbox,published,pro,ChIJY-WkusIR5kcR-tEad3UtaSQ,48.9022789&2.582647,2024-02-18T13:00:00.000Z,60,10,public,false,,,QI89VPazyLhBVnWH871jk4BUEZI3,0,10,0,0,0,0,0
bHU2X3dGTpRwMYpGIxsa,GOPARK INTERIEUR - Paintball et trampolines parc,canceled,captain,ChIJ2cJmdhf15kcRQ4mUOxIVzd0,49.045624&2.0799886,2024-02-11T20:00:00.000Z,90,12,public,false,Détente,3,TlFdoPzd1sOf6Sm1jV063PZtaLV2,9,12,0,0,0,0,0
bIqu4jHU31HHGiBZIV9O,LE PARK Complexe Multisports,played,captain,ChIJdUHbID8O5kcRV5lQhiHTvhs,48.8337843&2.5728501,2024-02-04T15:00:00.000Z,90,15,private,false,Détente,3,uQpRRWuRhxcek7544rADGpc0NlC2,10,10,2,0,0,0,0
bIsqGWvf1bBcq8jKq6ZE,"Stade Géo André, La Courneuve",canceled,captain,ChIJW6kIVABt5kcRSzOJoHMEilE,48.9241944&2.3992965,2024-02-11T07:50:00.000Z,150,,public,false,Détente,3,UsGv9ezU2BPHEVKyWJUd8uCwxBd2,9,10,0,0,0,0,0
bJsQ3mekjKsCf3pj7ZyO,LE FIVE Montreuil,published,pro,,48.8613036&2.4653095,2024-02-01T11:00:00.000Z,90,10.5,public,false,,,u9uC1vjdcdQ3UqNxI0SiFxor0m43,0,10,0,0,0,0,0
bKQMJQlmAyIbVdd2GWzt,LE FIVE Morangis,played,captain,ChIJA4uAhOXZ5UcRp-vZXZP-ovY,48.692672&2.3192811,2024-02-18T09:30:00.000Z,90,15,public,false,Détente,3,giyqZJFP9Ueu2b1Vz7wyQbQI0xS2,10,10,4,0,0,0,1
bLRkEQyDBTOLdKCa2kWF,Stadium Thiais,published,pro,ChIJ64X9jzx05kcRsHvSfOv6UcA,48.7511024&2.3713455,2024-02-02T19:30:00.000Z,90,15,public,false,,,psf3NmXEPwdCltHKJC7VuvJocrF3,0,12,0,0,0,0,0
bLWY8ubTXsPtiyb2hCVR,Top Ten,played,captain,ChIJfXprBx4b5kcRmhe-5pLZUek,48.8729106&2.6840919,2024-02-11T09:30:00.000Z,90,14,public,false,Détente,3,lGNuS10G12aZG5beiZgPABtj8Xf2,10,10,2,0,0,0,0
bMPrtx5CrmsahjnfA8jD,LE FIVE Paris 18,published,captain,ChIJpVT4_n1u5kcRzji6FdTBXXo,48.8978522&2.3700234,2024-02-11T17:00:00.000Z,60,14,public,true,Détente,2,3Xt7qRqEerge0OsmzPi1LY6DNmu1,9,10,0,0,0,0,1
bNMvnmEiBolhK12dqpHi,LE FIVE Bobigny,published,pro,ChIJV8UONORs5kcRXxR5Qd7x130,48.901553&2.4313304,2024-02-13T22:00:00.000Z,60,8,public,false,,,4owi3i7t8EOvFNF6UQvACOpiDRy1,1,10,0,0,0,0,0
bOmjfq1EhAFqWuoaWZvi,Sport dans la Ville Rhône-Alpes,played,captain,ChIJoUEDcmvr9EcRILCz6hDCQ2o,45.7811703&4.8081568,2024-02-06T17:00:00.000Z,60,9,public,false,Détente,,t2kTQ4g5uQUCFCiTCjvm8BK3LSG2,10,10,2,0,0,0,1
bOq2mxaVSBTM9wIcTQd1,UrbanSoccer La Défense,played,captain,ChIJh4rnfVhk5kcRV2Q-ZKdm8vA,48.8996456&2.2216773,2024-02-16T18:15:00.000Z,60,14.5,public,true,Détente,3,RwVkoIVEkXNSHlG4DHDbfN5VBZg1,10,10,4,0,0,0,3
bPGacRHmgr0gtRDKmbNA,Z5 Aix,played,captain,ChIJKb-U_9KSyRIRKIFKbH5mW18,43.4787869&5.3969048,2024-02-16T17:30:00.000Z,60,11,public,false,Détente,2,WAR3T49i5EVWHTe2EKh3b0WsVpM2,10,10,1,0,0,0,0
bQalVyJ3J4LwKYU0EXaH,LE FIVE Montreuil,published,pro,,48.8613036&2.4653095,2024-02-10T21:00:00.000Z,120,20,public,false,,,u9uC1vjdcdQ3UqNxI0SiFxor0m43,0,10,0,0,0,0,0
bRjpk06EGAXVuKcWpDCa,Centre Sportif Candie,canceled,captain,ChIJGzAqWPpx5kcRn8zn_6q7BoY,48.8513896&2.3802138,2024-02-07T11:15:00.000Z,60,15,public,false,Détente,2,fWGP3ztjvyRqOzVkuH4ktcQZ03s2,8,12,0,0,0,0,0
bTsYWvdrmVpGpjIKLhSn,LE FIVE Champigny,played,captain,ChIJsXi1PLYN5kcRTVVDuczgS2s,48.8194084&2.5251846,2024-02-04T09:30:00.000Z,90,16.5,public,false,Détente,2,hE9CkuIlqcRHw1LmBFAZby0iZyB3,10,10,2,0,0,0,2
bUSA179vkTJaHXTosZIH,UrbanSoccer - Toulouse Montaudran,canceled,captain,ChIJl772e0u8rhIR2foRX4Xa2CI,43.574642&1.4801835,2024-02-02T17:30:00.000Z,60,8.5,public,true,Détente,3,Vyzvib7nC1d1fpD6UpA52BdH2qD3,10,10,0,0,0,0,0
bUVnq1UeQZJNK9dUzwJm,Stade Robespierre,canceled,captain,ChIJrSdPdLpk5kcRTIf7gmbAvcU,48.8692482&2.2034218,2024-02-17T10:00:00.000Z,90,5,public,false,Compétition,4,uK7KAxZFpwZeIpiBLR7VWDgp0qF2,4,12,0,0,0,0,0
bY0tFopsI07GoF5CJNTk,We Are Sports,published,captain,ChIJFZU5oBHC9EcRJTFrSkI1xxg,45.7113247&4.8761886,2024-02-19T18:30:00.000Z,60,10,public,false,Détente,3,ZvNgpRDShYb05TBD7NkwSqxgIP93,10,10,0,0,0,0,1
bZRUImGTNxWBySx5lAmS,Foot POWER 5,canceled,pro,,48.960066&2.2061913,2024-02-06T21:30:00.000Z,90,7,public,false,,,sss3dYi6nzWd7rEjwcQ30LGKudj1,0,10,0,0,0,0,0
bbcyY6007aa3CwhalKex,Cité des Sports,played,captain,ChIJ70UPf6R75kcRGb3NAV9k7Ww,48.8247744&2.2650728,2024-02-05T19:30:00.000Z,60,13,public,false,Détente,3,e9m2ordPISR5TJtnhRV0LqAP0023,10,10,2,0,0,0,0
bcNVb22ZCnbL2dxqGU5e,LE FIVE Villette,played,captain,ChIJTUFnQjps5kcR0pHITLTw1PI,48.9070122&2.3861459,2024-02-07T17:00:00.000Z,60,8,public,false,Détente,2,1dEip9CNL5dziAN7iFX6ljziMQ42,10,10,5,0,0,0,1
bcPqiZhEQ9BKAEdWabLb,Centre Sportif Maryse Hilsz,canceled,captain,ChIJgY6iBYxt5kcRHD7TB4jAHV4,48.8520783&2.4128877,2024-02-09T13:30:00.000Z,120,,public,false,Détente,2,vft2WRS7zdU9ST6fNn76LWPt8Vn2,1,16,0,0,0,0,0
bd9ifgoeSbjKww4HwXAp,LE FIVE Paris 18,played,captain,ChIJpVT4_n1u5kcRzji6FdTBXXo,48.8978522&2.3700234,2024-02-07T18:00:00.000Z,90,,public,true,Détente,2,cNgKKhWueQadxnVTy4PXH6XvMc52,10,10,4,0,0,0,6
bevFVGE9BBPPNsTCJIDD,Stadium Thiais,published,pro,,48.7511024&2.3713455,2024-02-05T15:00:00.000Z,90,10,public,false,,,psf3NmXEPwdCltHKJC7VuvJocrF3,0,10,0,0,0,0,0
bexrcu312GJDL3VAKan3,Padel Pioline,canceled,captain,ChIJ6WaGooiTyRIRtwKvldVl984,43.5085107&5.4087401,2024-01-31T19:00:00.000Z,60,8,public,false,Détente,3,BmXKMJ3rglT3r5rvnYIM8e8kBI93,5,10,0,0,0,0,0
bfOSdEz2pkleH0QULQue,LE FIVE Bobigny,played,captain,ChIJV8UONORs5kcRXxR5Qd7x130,48.901553&2.4313304,2024-01-30T18:00:00.000Z,90,15,public,false,Détente,2,wxEDIpT20XdSCWDMwixmIQ1QuKA2,10,10,0,0,0,0,0
biaXpQJkDf5dOXcDenrS,LE FIVE Créteil,played,captain,ChIJ88lx3VwL5kcRVxCh4lD6_Gk,48.7643086&2.4706522,2024-02-16T17:00:00.000Z,60,8,public,false,Compétition,3,3yJrE9516NT9wtDjVeV3dmWcVwu1,10,10,3,0,0,0,2
bjUakHRR0ey0deIOdkRr,LE FIVE Créteil,played,pro,,48.7643086&2.4706522,2024-02-11T11:00:00.000Z,60,11,public,false,,,ZmXMWx7aTdPoPkkGOWa2HIQVblq2,10,10,9,0,0,0,2
bjrg9R3irfJlJRDBzRdx,Stadium Thiais,published,pro,ChIJ64X9jzx05kcRsHvSfOv6UcA,48.7511024&2.3713455,2024-02-19T14:00:00.000Z,90,8,public,false,,,psf3NmXEPwdCltHKJC7VuvJocrF3,10,10,0,0,0,0,0
bk9zD61raAay0DSRaxLl,UrbanSoccer - Asnières,played,captain,ChIJi5LkLT9v5kcRSlhScqEFNWs,48.92192379999999&2.3068311,2024-02-01T17:00:00.000Z,60,12,public,true,Détente,3,KrWkWxPPJDVvYXIpyaKJHLgM9r83,10,10,1,0,0,0,0
bmGoyqOl4LuzZGStI9Rq,UrbanSoccer - Quai d'Ivry,published,captain,ChIJfXxYJ0xy5kcRw9xTkF6-FZQ,48.8199885&2.3936463,2024-02-07T10:50:00.000Z,60,9.5,public,true,Détente,2,9GujGyyY9BXJR8SaFwR6EQbyEjM2,9,10,0,0,0,0,0
boWi09rVz2uC3CRbf6Tv,UrbanSoccer - Marne-La-Vallée,played,captain,ChIJ6bDBiosP5kcROXiloHzSdhc,48.82658600000001&2.6296937,2024-02-09T18:30:00.000Z,60,11.5,public,true,Détente,3,XqKE77KP75T9tQkX3sg8AfmykyP2,10,10,4,0,0,0,0
bqKcUdCS3KbSu3TCjAI6,LE FIVE Paris 17,played,captain,ChIJ7eI8sFNv5kcR5xy52Wc57NU,48.900032&2.3213449,2024-02-07T21:00:00.000Z,60,5,public,true,Competition,4,8QP315cqVJSgeQMI10S7wDEn7SQ2,10,10,2,0,0,0,1
brFGXNyWMFEkGN8s4LHZ,STADIUM FOOT 5 VILLAGE,published,captain,ChIJbbOWFtC4yRIR0WXVerbWmnE,43.269413&5.4260321,2024-02-05T19:00:00.000Z,90,15,public,false,Détente,,MKjoGJESIIfNKw5sH93VODBuvLv2,8,10,0,0,0,0,0
btzCWT3CD2jdINtrZnzH,Stadium Thiais,published,pro,ChIJ64X9jzx05kcRsHvSfOv6UcA,48.7511024&2.3713455,2024-02-03T21:00:00.000Z,90,15,public,false,,,psf3NmXEPwdCltHKJC7VuvJocrF3,0,10,0,0,0,0,0
byA6lNLOhrt0bikZAtiz,UrbanSoccer La Défense,played,captain,ChIJh4rnfVhk5kcRV2Q-ZKdm8vA,48.8996456&2.2216773,2024-02-03T17:00:00.000Z,90,18,public,true,,3,8c0sLipQY7NC6X7Yujo09nv5Ny83,10,10,3,0,0,0,2
c21j6QWcNhZETkmFLSVT,Events Five,played,captain,ChIJf8cSCJG5rhIRoQadPH-wW1U,43.5399703&1.3922897,2024-02-16T19:00:00.000Z,60,10,public,false,Compétition,5,LMjhM6QREuXl67xvJa5sHUO0iIv1,10,10,1,0,0,0,0
c23k0ttwNgtw4Y8A1cMe,Parc de Choisy,published,captain,ChIJ7RWNzpZ05kcRTkknDj8Df-I,48.7664003&2.4305572,2024-02-10T11:00:00.000Z,120,,private,false,Détente,3,4wfM3ZXk50ZwT3MgJYdZBMhnju12,16,18,0,0,0,0,0
c2EtucKWvCVWUS2KjKMc,STADIUM FOOT 5 VILLAGE,canceled,captain,ChIJbbOWFtC4yRIR0WXVerbWmnE,43.269413&5.4260321,2024-02-01T18:00:00.000Z,60,10,public,false,Détente,4,MKjoGJESIIfNKw5sH93VODBuvLv2,5,10,0,0,0,0,0
c2YDluNxUNqevxixYDUx,UrbanSoccer - Porte d'Aubervilliers,played,captain,ChIJ0dXjDCZs5kcRvX0EpMwxsUY,48.9074912&2.3746518,2024-02-12T19:45:00.000Z,60,15,public,true,Détente,4,ZWz4QsXbOndU0e44kpgxAjMAD0A3,10,10,5,0,0,0,0
c3OplKZsKY9KqM1ePvAK,UrbanSoccer - Porte d'Aubervilliers,played,captain,ChIJ0dXjDCZs5kcRvX0EpMwxsUY,48.9074912&2.3746518,2024-02-13T19:00:00.000Z,60,13.5,public,true,Détente,3,5na2Yeu923OPI9j8SrsHNosBJou2,10,10,3,0,0,0,1
c4f90Na4mCvlm90eCc34,UrbanSoccer - Toulouse Montaudran,canceled,captain,ChIJl772e0u8rhIR2foRX4Xa2CI,43.574642&1.4801835,2024-02-08T19:30:00.000Z,60,11,public,true,Compétition,3,mFLyDMjxXzLYjhpcHW6yKyh9O7p1,10,10,0,0,0,0,0
c7LDCXOFj9VgTS6Vx8gA,LE FIVE Villette,canceled,captain,ChIJTUFnQjps5kcR0pHITLTw1PI,48.9070122&2.3861459,2024-02-03T11:00:00.000Z,60,10,public,false,Détente,3,llQX2MUU4bdO9CLNbrKjiszrC2e2,8,10,0,0,0,0,1
c7UUb0pXgKneNKeBZvic,Stadium Thiais,canceled,captain,ChIJ64X9jzx05kcRsHvSfOv6UcA,48.7511137&2.3715422,2024-02-09T19:15:00.000Z,90,15,public,false,Compétition,3,ivJjDu3v1IbjkaGKCqaOoVymlgD3,5,10,0,0,0,0,0
c9OyVJxgH1I7ElghvfHM,Soccer Five,played,captain,ChIJp0K53sp55kcR61-WTU8Yv5k,48.7368129&2.2591558,2024-02-17T08:30:00.000Z,90,,private,false,Détente,3,Dohg1zNvhsbmGrYuAmExKFyjruw2,10,10,0,0,0,0,0
cDht8m4b7LC5Q3rfBHBq,UrbanSoccer - Quai d'Ivry,canceled,captain,ChIJfXxYJ0xy5kcRw9xTkF6-FZQ,48.8199885&2.3936463,2024-02-16T19:45:00.000Z,60,14,public,true,Détente,3,zx15E8kqOyMIfe9kE6wecnEydcu2,5,10,0,0,0,0,0
cDsBTAhT2oxFztNUtPMZ,FOOT INDOOR Marseille,played,captain,ChIJ41AMCxC8yRIRLHLGt11sc-U,43.2859688&5.4882746,2024-02-05T19:00:00.000Z,60,10,public,false,Détente,3,bc0ByPYGeSSG13411DrRcfm66n73,10,10,2,0,0,0,0
cEJSl3EF9R2jDq47gtH2,Monclub Futbol,played,pro,,43.4299152&5.4001974,2024-02-11T17:00:00.000Z,90,12,public,false,,,CSTy9rmJRQSyWlqWuGiUhGpAGqf2,10,10,6,0,0,0,3
cFP0LESNITF0TwUClV99,UrbanSoccer - Porte d'Aubervilliers,played,captain,ChIJ0dXjDCZs5kcRvX0EpMwxsUY,48.9074912&2.3746518,2024-02-15T20:00:00.000Z,60,15,public,true,Détente,3,kcSlAgUTu9gPLzyGUQ1NKt3e7ut1,10,10,0,0,0,0,0
cGSgZH8SYfOMhF4sOIL8,FOOT IN FIVE,played,captain,ChIJoUR0syFp5kcRUlStnwluaYY,48.9552257&2.3328346,2024-02-08T20:30:00.000Z,90,15,public,false,Détente,3,s9uuSbnCRpc7cUN0PQaFTQdkWdE2,10,10,3,0,0,0,2
cHz5IfKdAO7BTMoKYFaz,LE FIVE Montreuil,canceled,captain,ChIJJdTQjr0T5kcRZmGxtIJVy44,48.8607303&2.4650432,2024-02-10T11:15:00.000Z,90,15,public,false,Compétition,3,D8hQuGA7uZgAOWF8Hu9qxxC1oc53,10,10,0,0,0,0,0
cK3alM62nqaaKxHjxnUm,UrbanSoccer - Porte d'Aubervilliers,played,captain,ChIJ0dXjDCZs5kcRvX0EpMwxsUY,48.9074912&2.3746518,2024-02-08T19:15:00.000Z,60,15,public,true,Détente,3,KHrdRQLbCqhpE1I2ToemZnNXXrT2,10,10,3,0,0,0,0
cK51kNI2zahhp34RBT7F,LE FIVE Bezons,played,captain,ChIJ71Mv0Wpk5kcRg-H9x7L-dXo,48.9190524&2.211796,2024-02-13T20:00:00.000Z,90,14,public,true,Compétition,4,B5IEyXnkzfZniludjQGbyvoeeAI3,10,10,3,0,0,0,2
cKpZ5VmSvxDNr63PM3nD,LE FIVE Paris 17,played,captain,ChIJ7eI8sFNv5kcR5xy52Wc57NU,48.900032&2.3213449,2024-01-30T21:00:00.000Z,60,5,public,true,Détente,3,RyXjyrw56oSSuuPubs1TGCsV05G2,10,10,3,0,0,0,0
cLJhlx1Uy4NqaSHgvwCU,UrbanSoccer - Quai d'Ivry,played,captain,ChIJfXxYJ0xy5kcRw9xTkF6-FZQ,48.8199885&2.3936463,2024-02-01T21:00:00.000Z,60,14,public,true,Détente,3,ag058i8xycSBGAlrvdNrn2cXl903,10,10,4,0,0,0,1
cMJXsnBQggmxTuhCrtOi,LE FIVE Montreuil,canceled,captain,ChIJJdTQjr0T5kcRZmGxtIJVy44,48.8607303&2.4650432,2024-02-09T19:30:00.000Z,90,16.5,public,false,Détente,3,O5Xtgn2M4xcy8dQVEhzZ20zUzPU2,10,10,0,0,0,0,0
cSlPEGct07RVoe4F64nI,Events Five,canceled,captain,ChIJf8cSCJG5rhIRoQadPH-wW1U,43.5399703&1.3922897,2024-02-09T21:00:00.000Z,60,7,public,false,,,m4KpLYWUQghzy9kZi4QLUXSdwd32,6,10,0,0,0,0,1
cW0fVn1JHeSNziBjNVcr,Stadium Thiais,published,captain,ChIJ64X9jzx05kcRsHvSfOv6UcA,48.7511137&2.3715422,2024-02-07T16:30:00.000Z,90,10,public,false,Compétition,3,Dohg1zNvhsbmGrYuAmExKFyjruw2,5,10,0,0,0,0,1
cW9AkrKYHI0b3sN5fTSJ,Massilia FIVE,canceled,captain,ChIJxZ6UmMW-yRIR7ot5DChYj4w,43.28920790000001&5.4503802,2024-02-15T19:00:00.000Z,60,10,private,false,Détente,2,SrD2RCfeRtPR07dx1prpVpPDyrv1,9,10,0,0,0,0,0
cXRbKUWBynDFuaRLyBJF,Stadium Thiais,played,pro,ChIJ64X9jzx05kcRsHvSfOv6UcA,48.7511024&2.3713455,2024-02-09T18:00:00.000Z,90,15,public,false,,,psf3NmXEPwdCltHKJC7VuvJocrF3,10,10,8,0,0,0,1
cXVJ2UCX0gsnIWv3JcB1,UrbanSoccer - Toulouse Montaudran,played,captain,ChIJl772e0u8rhIR2foRX4Xa2CI,43.574642&1.4801835,2024-02-07T20:30:00.000Z,60,10,public,true,Détente,4,aUXSDToe4ae6IAugvfaWy4b8kuc2,10,10,3,0,0,0,0
cYfs3X3LU2HMK0xzBFSl,Top Ten,published,pro,ChIJfXprBx4b5kcRmhe-5pLZUek,48.8729106&2.6840919,2024-02-14T19:00:00.000Z,90,16.5,public,false,,,i27253AGxOfXgYJK72sBnvUGuMk2,0,10,0,0,0,0,0
cbZmakSOBqPtXkA2uTJF,Foot-Max Argenteuil,published,pro,ChIJi9oIzaRm5kcRJYcK7QsdRMU,48.9501632&2.2093946,2024-01-31T21:00:00.000Z,90,12,public,false,,,SuEnyPZ4TgNIkt1yap2yJ3ZHO6p1,1,10,0,0,0,0,0
cbaEDkOpgv5nVlW99ard,Speed Soccer Five,published,pro,ChIJ2xTNglV25kcR3UDi4AXGfDU,48.7360598&2.315058,2024-02-02T19:30:00.000Z,90,13,public,false,,,MkTJljXziPXBdRdijccndMLBNCC3,0,10,0,0,0,0,0
cbcxMB2fXogZSmEydRUq,LE FIVE Paris 18,played,pro,ChIJpVT4_n1u5kcRzji6FdTBXXo,48.8978522&2.3700234,2024-02-11T09:00:00.000Z,90,15,public,false,,,UQf33jQhVZhle917nO0h7D5qclV2,10,10,2,0,0,0,1
ccyO4ac07qdeOMiFRNmI,Z5 Aix,canceled,captain,ChIJKb-U_9KSyRIRKIFKbH5mW18,43.4787869&5.3969048,2024-02-02T17:00:00.000Z,60,10,public,false,Détente,2,XBBWsXbbIYTDG9Qi2SzCtmOQIxG2,5,10,0,0,0,0,0
cdDAKYlC4Xzy06RoCATF,Stadium Thiais,hidden,pro,ChIJ64X9jzx05kcRsHvSfOv6UcA,48.7511024&2.3713455,2024-02-01T19:30:00.000Z,90,15,public,false,,,psf3NmXEPwdCltHKJC7VuvJocrF3,9,10,0,0,0,0,0
cdnYUwVKf0ei2Ck1KXx4,Top Ten,played,pro,ChIJfXprBx4b5kcRmhe-5pLZUek,48.8729106&2.6840919,2024-02-17T20:30:00.000Z,90,15,public,false,,,i27253AGxOfXgYJK72sBnvUGuMk2,10,10,6,0,0,0,0
cfxjPL3nMRABaAbZtuAC,UrbanSoccer La Défense,played,captain,ChIJh4rnfVhk5kcRV2Q-ZKdm8vA,48.8996456&2.2216773,2024-02-12T20:00:00.000Z,90,22.5,public,true,Détente,4,rMpowkfwMxWwX8RcpuxN7vsq0U32,10,10,3,0,0,0,0
cg9AQmwhIWNb5mGKaqx5,Abd Drive,played,captain,ChIJCVBWxGht5kcRclC3u2EvPKs,48.86598919999999&2.4308229,2024-02-10T08:00:00.000Z,150,,private,false,Compétition,5,i0E2h7DylAZZa74nZXgURaHFPkl1,12,12,8,0,0,0,0
cgI0lzdelC0KYesHArrB,Stade du Cœur Volant,played,captain,ChIJiweBVX9j5kcRLatyg_AE6vU,48.8616922&2.107885,2024-02-11T15:00:00.000Z,90,,public,false,Compétition,3,OpjY7Bv7AMb8s2U5DXkpnXg0oJP2,14,14,4,0,0,0,1
clFu12A7xL655oBRuAeV,LE FIVE Montreuil,canceled,captain,ChIJJdTQjr0T5kcRZmGxtIJVy44,48.8607303&2.4650432,2024-02-16T21:30:00.000Z,90,13.5,public,false,Détente,3,b9afK4FMMJSIYKTqKLoQ4JeayBz1,5,10,0,0,0,0,0
clVPXygN8Cw9Hp4Siy47,Entente Sportive Saint-Priest,played,captain,ChIJz-TMr2_E9EcRRUz_3vDdK4Q,45.6932182&4.9607148,2024-02-11T08:30:00.000Z,120,,public,false,Détente,3,LFpR9pJoFXc9dtEZ4aqxHoOqoxA2,16,16,4,0,1,0,1
cmtZaIJPO1kBRxQBxO5D,Stadium Thiais,canceled,captain,ChIJ64X9jzx05kcRsHvSfOv6UcA,48.7511137&2.3715422,2024-02-11T17:00:00.000Z,60,14,public,false,Détente,3,6M4f5MX3PCXOB6bAoSJR1UKemwl2,10,10,0,0,0,0,1
cnVktGVkaYmZaC9UMwlc,Terrain de Sport Westermeyer,canceled,captain,ChIJkcqlrnhz5kcRYDm_fAMKBxo,48.81732909999999&2.392745,2024-02-11T08:20:00.000Z,150,,public,false,Détente,,FYfgfT1shkXXyaMI4sZTA7d9Qdw2,9,10,0,0,0,0,1
cnhxmsem12wvAlUAPtXQ,La Plaine des Sports - Université Paris-Saclay,played,captain,ChIJv4ZkWb5_5kcRkQ23aJHNq24,48.71200899999999&2.1560772,2024-02-11T14:00:00.000Z,90,,public,false,Détente,3,ee1xUgZHOqeY6QdvDARYVOlrzLj2,16,16,5,0,1,0,1
coawPg0iuSzz8hH3nbYu,LE FIVE Paris 13,played,captain,ChIJ_bOSChhz5kcRZMTeq_6Gdzg,48.8181615&2.3658793,2024-01-31T20:30:00.000Z,60,14,public,true,Détente,3,lu7LwPFaxwPX1eWVUvCa6aD9bSP2,10,10,0,0,0,0,0
conB1yXIyWzeNlM9c5R4,Speed Soccer Five,published,pro,ChIJ2xTNglV25kcR3UDi4AXGfDU,48.7360598&2.315058,2024-02-02T18:00:00.000Z,90,13,public,false,,,MkTJljXziPXBdRdijccndMLBNCC3,1,10,0,0,0,0,0
cp92bc4urrecVXsIauj4,LE FIVE Champigny,played,captain,ChIJsXi1PLYN5kcRTVVDuczgS2s,48.8194084&2.5251846,2024-01-30T16:30:00.000Z,60,9,public,false,Détente,3,exQUjdqArjZttEJ1G7iPsc8tJgw2,10,10,1,0,0,0,0
cpqppvwavVnCco5xqFO7,Stadium Thiais,played,pro,ChIJ64X9jzx05kcRsHvSfOv6UcA,48.7511024&2.3713455,2024-02-18T09:30:00.000Z,90,15,public,false,,,psf3NmXEPwdCltHKJC7VuvJocrF3,10,10,3,0,0,0,2
crhajDPkCjCfBhsHIdio,LE FIVE Marville - La Courneuve,published,captain,ChIJ2dHdMZxr5kcR0aKYHYsp0pY,48.9364404&2.3869147,2024-02-08T21:30:00.000Z,90,13,public,false,Détente,2,qprDASpz0Dg8ax2ZL7FV3wjVFL02,9,10,0,0,0,0,0
cscoZvlFIKGCqvdwFxGT,Stadium Thiais,canceled,captain,ChIJ64X9jzx05kcRsHvSfOv6UcA,48.7511024&2.3713455,2024-01-31T21:00:00.000Z,90,14,public,false,Compétition,,k5uV0OgfsbfK3rA84puHJKDRlxl1,23,24,0,0,0,0,0
ctiJN4Gx9R6QZarckWuB,LE FIVE Bezons,canceled,pro,ChIJ04KEHBZk5kcRoDWLaMOCCwQ,48.91909&2.2093051,2024-02-17T20:00:00.000Z,90,13.5,public,false,,,U3MriTZbPbTUEsU6RtRuHxDMKvg2,8,10,0,0,0,0,2
cupRTULnnYX0OGXXIybk,Game 13 foot indoor,played,captain,ChIJNSDvlsXryRIRUXao9hwB79I,43.41258939999999&5.366617,2024-01-30T19:00:00.000Z,60,10,public,false,Détente,1,YRqiIIRIa7WLYzz10t8KebtmcKp1,10,10,10,0,0,0,2
cvZXZa9f53V79DmGHUEe,LE FIVE Paris 18,played,captain,ChIJpVT4_n1u5kcRzji6FdTBXXo,48.8978522&2.3700234,2024-01-30T18:00:00.000Z,60,14,public,true,Détente,2,WWgd2I51SHRZaKyr7sQy8MVgXCY2,10,10,1,0,0,0,0
cwLzgC7212cZXZWFBhKY,UrbanSoccer - Porte d'Aubervilliers,played,captain,ChIJ0dXjDCZs5kcRvX0EpMwxsUY,48.9074912&2.3746518,2024-02-18T14:00:00.000Z,90,,public,true,Détente,2,knRi8t6svJSGYsHgYI034PEN9Bs1,10,10,2,0,0,0,3
cwPfyRPqqpBorlScP9xL,Stadium Thiais,canceled,captain,ChIJ64X9jzx05kcRsHvSfOv6UcA,48.7511137&2.3715422,2024-02-09T18:00:00.000Z,90,15,public,false,Compétition,4,KJ5gCoMkVEcO1cT3Ii5lb7Oucc22,12,12,0,0,0,0,0
czBOA7a8Yndy0omHqUuW,Top Ten,published,pro,ChIJfXprBx4b5kcRmhe-5pLZUek,48.8729106&2.6840919,2024-02-16T22:00:00.000Z,90,16.5,public,false,,,i27253AGxOfXgYJK72sBnvUGuMk2,0,10,0,0,0,0,0
czkN4GZ1m644BW5siFj0,Speed Soccer Five,published,pro,ChIJ2xTNglV25kcR3UDi4AXGfDU,48.7360598&2.315058,2024-02-11T17:00:00.000Z,90,14,public,false,,,MkTJljXziPXBdRdijccndMLBNCC3,1,10,0,0,0,0,1
d019hYF9ll0Lrr1ARmpc,Stadium Thiais,canceled,captain,ChIJ64X9jzx05kcRsHvSfOv6UcA,48.7511137&2.3715422,2024-02-17T16:00:00.000Z,90,14,public,false,,3,8z69joeXgRXkGFP3TNv4gKoMtiy1,6,10,0,0,0,0,0
d0lh7P7pHHLE052cOidz,UrbanSoccer Meudon,played,captain,ChIJ0WKvjbh75kcRoqSmyWwW2jQ,48.80013599999999&2.2140811,2024-02-13T11:30:00.000Z,60,9,public,true,Détente,2,TqgOhKIZuZNLjSAicL4Q3fb8eG53,10,10,1,0,0,0,1
d1xnSl4Mo94DnVsk3AQO,Stadium Thiais,published,pro,,48.7511024&2.3713455,2024-02-11T12:00:00.000Z,90,15,public,false,,,psf3NmXEPwdCltHKJC7VuvJocrF3,0,10,0,0,0,0,1
d2aNuvsfz7IVamryUMTf,Halle Georges Carpentier,canceled,captain,ChIJnXkSwCty5kcR-nlHXNFQlg4,48.82020139999999&2.3672361,2024-02-19T14:30:00.000Z,120,,public,false,Détente,,FYfgfT1shkXXyaMI4sZTA7d9Qdw2,1,12,0,0,0,0,0
d3VKWkyp9yYq9K1DpPmY,LE FIVE Paris 18,canceled,captain,ChIJpVT4_n1u5kcRzji6FdTBXXo,48.8978522&2.3700234,2024-02-01T21:30:00.000Z,90,10,public,true,Compétition,,KXpRdfAeb4fbZDkTMTOVlwVTuaD2,1,10,0,0,0,0,0
d3gbgMqdSbeCnW9fKity,LE FIVE Paris 18,published,pro,ChIJpVT4_n1u5kcRzji6FdTBXXo,48.8978522&2.3700234,2024-02-14T21:20:00.000Z,90,10,public,false,,,UQf33jQhVZhle917nO0h7D5qclV2,1,10,0,0,0,0,0
d3kT3YPUVOnqfqESeLQb,Gresillons-Félix Eboue,canceled,captain,ChIJWyfyexVv5kcRYvlH3YzQK4k,48.9170805&2.3068515,2024-02-18T09:30:00.000Z,120,,public,false,Détente,5,Vfq9bIbpHcRDP232q9RRDrbKWyQ2,13,14,0,0,0,0,0
d6bokTIJRdHvECDfRgf7,LE FIVE Paris 18,draft,captain,ChIJpVT4_n1u5kcRzji6FdTBXXo,48.8978522&2.3700234,2024-02-09T19:00:00.000Z,60,,private,false,,,WwUq7bFMu7dGKfspToX9zVQjpJB2,0,0,0,0,0,0,0
d9lJuQj84dnoaPWuZg9V,Stade Jules Guesdes,canceled,captain,ChIJ6Y-oIqzB9EcRA-0_IjLe6xQ,45.7566549&4.9076868,2024-02-01T19:00:00.000Z,60,,public,false,Compétition,2,HyT9sUQYU0Vrdd8DzG3FgFe8qr42,9,14,0,0,0,0,0
d9oTbdBm2r9DcUmHlB6j,Monclub Futbol,played,captain,ChIJGbxxaamUyRIRgGvhHnhJStA,43.4299152&5.4001974,2024-02-15T18:00:00.000Z,60,10,public,false,Détente,3,S9E40Df3gVhdMPUGfSdTb5IlRSm1,10,10,1,0,0,0,1
dBkMH53NQ4oyeRuc7ZYZ,Events Five,played,captain,ChIJf8cSCJG5rhIRoQadPH-wW1U,43.5399703&1.3922897,2024-02-03T17:00:00.000Z,60,8,public,false,Détente,2,AMEnp6DXr5auGuUEuCYRvdtRzUC2,10,10,2,0,1,0,1
dCCO861EaFqYlqOckt9w,LE FIVE Bezons,played,pro,ChIJ04KEHBZk5kcRoDWLaMOCCwQ,48.91909&2.2093051,2024-02-13T21:00:00.000Z,90,14,public,false,,,U3MriTZbPbTUEsU6RtRuHxDMKvg2,10,10,2,0,0,0,3
dClw5iOWRAkpYiYQAlCW,LE FIVE Paris 18,played,captain,ChIJpVT4_n1u5kcRzji6FdTBXXo,48.8978522&2.3700234,2024-02-12T13:00:00.000Z,90,7.5,public,true,Détente,2,3tOqa67MUFhzCXdXgb0uZcL9HLu2,10,10,3,0,0,0,0
dCwWsZeMYCCLl5HKc118,Stadium Thiais,canceled,captain,ChIJ64X9jzx05kcRsHvSfOv6UcA,48.7511024&2.3713455,2024-01-31T21:00:00.000Z,90,14,public,false,Compétition,4,k5uV0OgfsbfK3rA84puHJKDRlxl1,11,24,0,0,0,0,0
dDwP8erdgF89rsDRYACe,Monclub Futbol,played,captain,ChIJGbxxaamUyRIRgGvhHnhJStA,43.4299152&5.4001974,2024-01-31T18:00:00.000Z,60,10,public,false,Détente,3,uYX7P5kdWghdtKRSG26ZY8zoZGu2,10,10,5,0,0,0,2
dENaBOwtd2hnYmFnkhpf,LE FIVE Champigny,published,pro,ChIJsXi1PLYN5kcRTVVDuczgS2s,48.8194084&2.5251846,2024-02-13T16:00:00.000Z,60,7,public,false,,,evlV9mUgATYQ5343zpYZvk4w0r03,0,10,0,0,0,0,0
dFQ9EtyjA7lIuoRJCVUF,LE FIVE Créteil,played,pro,,48.7643086&2.4706522,2024-02-04T11:00:00.000Z,60,11,public,false,,,ZmXMWx7aTdPoPkkGOWa2HIQVblq2,10,10,10,0,1,0,0
dFaW5JFpov6IFSUTQlxu,Play Soccer,published,captain,ChIJQ-UxZn-5rhIRKWoQydM5T9s,43.5512023&1.4098927,2024-01-30T20:00:00.000Z,60,10,public,false,,,8LtkeOuZHeePxfkXdNPmQSr7V9L2,5,10,0,0,0,0,0
dGiELINlQRTZvWPWw9Q1,LE FIVE Morangis,played,captain,ChIJA4uAhOXZ5UcRp-vZXZP-ovY,48.692672&2.3192811,2024-02-08T10:00:00.000Z,90,4.5,public,false,Détente,,g5OrId1Nw3ZdLj3cSX79Pm7UBBk2,12,12,0,0,0,0,1
dGvviSlLDdX5RdfijmUR,Espace Grand Paris,published,captain,ChIJ90iuVDgL5kcRK-ufasTjbnQ,48.7676544&2.4566032,2024-02-15T15:30:00.000Z,120,4,public,false,Compétition,3,B7ZImDDnE4dG9bUxjzSxrKkceOj1,1,8,0,0,0,0,1
dHbXtQ2fyue0rYx0A5Sd,LE FIVE Bezons,canceled,captain,ChIJ71Mv0Wpk5kcRg-H9x7L-dXo,48.9190524&2.211796,2024-02-18T21:00:00.000Z,120,10,public,true,Détente,2,gGg13vk72Tbdjvy8iFteGgSjdl82,6,10,0,0,0,0,0
dJdPozuIKOCjxjWY0rfG,Stadium Thiais,published,pro,ChIJ64X9jzx05kcRsHvSfOv6UcA,48.7511024&2.3713455,2024-02-15T15:00:00.000Z,90,8,public,false,,,psf3NmXEPwdCltHKJC7VuvJocrF3,0,10,0,0,0,0,0
dKwG01vIgqvsJRkdAqhN,Stadium Thiais,played,pro,ChIJ64X9jzx05kcRsHvSfOv6UcA,48.7511024&2.3713455,2024-02-13T18:00:00.000Z,90,15,public,false,,,psf3NmXEPwdCltHKJC7VuvJocrF3,10,10,6,0,0,1,2
dMLUA7hxI74Vo61rtSPO,FOOT IN FIVE,canceled,captain,ChIJoUR0syFp5kcRUlStnwluaYY,48.9552257&2.3328346,2024-01-31T20:30:00.000Z,90,15,public,false,Détente,2,WOU1Im8UrUf84C6GGDtfyrAM50u1,3,10,0,0,0,0,1
dOncZi3dATN7xcr39OvZ,Top Ten,played,captain,ChIJfXprBx4b5kcRmhe-5pLZUek,48.8729106&2.6840919,2024-02-11T08:00:00.000Z,90,12,public,false,Détente,2,X3rZnkTKKvP3wJS3DTHWae9Z5vg2,12,12,6,0,0,0,0
dPh8qEIOWNrwScWqk3PG,F5 Foot Five,canceled,captain,ChIJjUbM5G7A9EcRW3mlkrhyXxY,45.7857911&4.905926399999999,2024-02-08T17:00:00.000Z,60,10.5,public,false,Détente,2,eyg4jzU72eTwyaBcf2Juh4co7bq2,9,10,0,0,0,0,3
dPhvHv3SxuwTwvrFWz36,UrbanSoccer - Porte d'Aubervilliers,played,captain,ChIJ0dXjDCZs5kcRvX0EpMwxsUY,48.9074912&2.3746518,2024-02-13T19:00:00.000Z,60,14,public,true,Compétition,4,TIVSQaDxRdPKQlQOhl5VChWF7px1,10,10,7,0,0,0,1
dSseMEHe6pivSBbOwOiW,Stade Louis Boury,played,captain,ChIJLVk-5IVv5kcRNWYWGZlZ1sY,48.924964&2.3019224,2024-02-11T14:00:00.000Z,90,,public,false,Compétition,5,gcUvLJGsLVN6MjE3Z9SQqllcqAd2,10,10,2,0,0,0,0
dWx0V04cZd9vFvu7NcF8,UrbanSoccer La Défense,played,captain,ChIJh4rnfVhk5kcRV2Q-ZKdm8vA,48.8996456&2.2216773,2024-02-14T11:30:00.000Z,60,12,public,true,Détente,2,4zfvh8XIAUhMRxy0K8zDD8rB0MG2,10,10,1,0,0,0,0
dXWWJRBopjmsY5ph8tbJ,LE FIVE Morangis,canceled,captain,ChIJA4uAhOXZ5UcRp-vZXZP-ovY,48.692672&2.3192811,2024-02-17T08:30:00.000Z,90,15,public,false,Détente,,6LTR25IINVaDKUxVrs9abFmgGFn1,1,10,0,0,0,0,0
dY1re0G8qxtf0hpW3hzZ,Futsal,played,captain,ChIJW2Aqm4nXwkcRlCVWc3BBA7g,50.6160524&3.100639,2024-02-16T18:00:00.000Z,90,8,public,false,Compétition,4,apVKYcOhmBZbIt0BG505gXs5JVd2,10,10,9,0,0,0,1
dc8bq252uzECqcFUcLx2,LE FIVE Sarcelles,canceled,captain,ChIJ6_q3Fxhq5kcRCpoEwnoXX1Q,48.99782219999999&2.3902225,2024-02-02T17:45:00.000Z,60,10,public,false,Compétition,,ew3GACDRP8UnjNCcNvvniBkgvOP2,9,10,0,0,0,0,0
dd9mqIvz6Hmu7KrHR1Qp,Top Ten,played,pro,ChIJfXprBx4b5kcRmhe-5pLZUek,48.8729106&2.6840919,2024-02-15T16:00:00.000Z,90,5,public,false,,,i27253AGxOfXgYJK72sBnvUGuMk2,10,10,8,0,0,0,9
ddjuTklOnGaVJUqKWHWC,Stadium Thiais,published,pro,ChIJ64X9jzx05kcRsHvSfOv6UcA,48.7511024&2.3713455,2024-02-05T18:00:00.000Z,90,15,public,false,,,psf3NmXEPwdCltHKJC7VuvJocrF3,0,10,0,0,0,0,0
deXdfDhBX44hGHv72pkq,Stadium Thiais,published,pro,ChIJ64X9jzx05kcRsHvSfOv6UcA,48.7511024&2.3713455,2024-02-19T16:30:00.000Z,90,10,public,false,,,psf3NmXEPwdCltHKJC7VuvJocrF3,0,10,0,0,0,0,0
dfM4I8BxsEO20TIfBRII,Stadium Thiais,played,captain,ChIJ64X9jzx05kcRsHvSfOv6UcA,48.7511137&2.3715422,2024-02-16T16:00:00.000Z,120,10,public,false,Compétition,3,Dohg1zNvhsbmGrYuAmExKFyjruw2,10,10,8,0,0,0,5
dfOvvukHpGctxDktTlZ0,UrbanSoccer Meudon,played,captain,ChIJ0WKvjbh75kcRoqSmyWwW2jQ,48.8001204&2.2140771,2024-02-04T09:00:00.000Z,90,14.25,public,true,Détente,4,tu3ax1Py4va5qgtw6nLGhb6gyH52,10,10,1,0,0,0,0
dg3mTNAoYzt4x66qK9mE,OHSPORT,played,captain,ChIJHeG9fA4X5kcRbGNzVY5Ud5I,48.9672396&2.5670436,2024-02-11T12:30:00.000Z,60,10,public,false,Détente,1,hCxYbfP8OCbVbYsWPqmewgcq4i32,10,10,1,0,0,0,0
dhPYJ1OIvwSgMzl0iZ3l,LE FIVE Morangis,canceled,captain,ChIJA4uAhOXZ5UcRp-vZXZP-ovY,48.692672&2.3192811,2024-02-18T15:30:00.000Z,90,14,public,false,Détente,2,QoVFPBK02uSFkEdEAAtSr82Zjxu2,10,10,0,0,0,0,0
dkIqSQPwNV7eWHZxh4M9,UrbanSoccer - Quai d'Ivry,published,captain,ChIJfXxYJ0xy5kcRw9xTkF6-FZQ,48.8199885&2.3936463,2024-02-18T10:30:00.000Z,60,13,public,true,Détente,3,HuUecDA8YfesRAUbLGzdbIeXGg52,9,10,0,0,0,0,0
dmDkrCXAuL8mFhVbuDZ6,Cité des Sports,played,captain,ChIJ70UPf6R75kcRGb3NAV9k7Ww,48.8247744&2.2650728,2024-02-09T11:30:00.000Z,60,,public,false,Détente,2,K5CzcNLmuwh0niESegoUyBQ1w812,10,10,2,0,0,0,3
dpUO4RhGyI0Hexg96wBI,LE FIVE Montreuil,published,pro,,48.8613036&2.4653095,2024-02-11T08:00:00.000Z,90,15,public,false,,,u9uC1vjdcdQ3UqNxI0SiFxor0m43,0,10,0,0,0,0,0
dtFiDTgjQR4H9eZFwn0A,UrbanSoccer La Défense,played,captain,ChIJh4rnfVhk5kcRV2Q-ZKdm8vA,48.8996456&2.2216773,2024-02-09T19:00:00.000Z,60,15,public,true,Compétition,5,1CFh6t2f5UazSJwlC4OFZyh3EoV2,10,10,2,0,0,0,1
dvFLTtZ4yafg7IWBq3tb,Play Soccer,played,captain,ChIJQ-UxZn-5rhIRKWoQydM5T9s,43.5512023&1.4098927,2024-02-10T17:30:00.000Z,90,12,public,false,,,8LtkeOuZHeePxfkXdNPmQSr7V9L2,10,10,4,0,0,0,0
dwVNbDfypKbqTuiV1Z34,UrbanSoccer - Lyon Parilly,canceled,captain,ChIJx3FQWjLC9EcRrrQb2eV7i_4,45.7120399&4.9039284,2024-02-13T19:30:00.000Z,60,11,public,true,Détente,3,Dix7eBNwrlMEVgI3G9huQuX63Ad2,10,10,0,0,0,0,0
e0CqEqZVqGi2mPMoKXk1,Play Soccer,canceled,captain,ChIJQ-UxZn-5rhIRKWoQydM5T9s,43.5512023&1.4098927,2024-02-12T20:30:00.000Z,60,10,public,false,,,8LtkeOuZHeePxfkXdNPmQSr7V9L2,5,10,0,0,0,0,0
e0JoToVQmaiWPglw6Wid,Plaine des Jeux de Gerland,played,captain,ChIJBYG18IPp9EcRUNpTJFdu8f0,45.7213257&4.8272967,2024-02-06T17:30:00.000Z,90,,public,false,Compétition,,dyM7Xg7Q1mTkv3H3VQOBZs6NzP03,14,14,3,0,0,0,0
e3I0eSIfCLph2hOB6xvQ,Foot-Max Argenteuil,played,captain,ChIJi9oIzaRm5kcRJYcK7QsdRMU,48.9501569&2.2093741,2024-02-11T15:00:00.000Z,90,12,public,false,,3,F8OWu4MspmRPd01zZ29PxlZXFZN2,10,10,7,0,0,1,1
e4AvAsXDfYsBfwNuVfNe,Stadium Thiais,played,pro,,48.7511024&2.3713455,2024-02-01T18:00:00.000Z,90,15,public,false,,,psf3NmXEPwdCltHKJC7VuvJocrF3,10,10,6,0,1,0,4
e5ZcVVmqTWFwpgLu06C5,FOOT INDOOR Marseille,published,captain,ChIJ41AMCxC8yRIRLHLGt11sc-U,43.2859688&5.4882746,2024-02-12T19:30:00.000Z,60,10,public,false,Détente,2,EKED6s0Ce1blBOCoFJk0JKnfrov2,9,10,0,0,0,0,0
e6D0zjt2N0CY8fMSGaLH,We Are Sports,played,captain,ChIJFZU5oBHC9EcRJTFrSkI1xxg,45.7113247&4.8761886,2024-01-30T19:00:00.000Z,60,10,public,false,Détente,2,C0tIJK1E6qSQDXwkeBUMR5VYmMj1,12,12,2,0,0,0,0
e8FIvM5ZvzJlAUwJ4WZl,LE FIVE Paris 13,published,pro,,48.8181615&2.3658793,2024-02-09T22:00:00.000Z,60,10,public,false,,,FjSnzlRFFfhWVWQJGfIEwRc2ZMj2,0,10,0,0,0,0,0
eAwzTxinyamnlxPgvEEr,UrbanSoccer Guyancourt,published,captain,ChIJmdX-2c-A5kcRj1wtOS8rZmo,48.7722091&2.0600292,2024-02-13T18:30:00.000Z,60,11,public,true,Détente,2,PvDQsexRENaHtU0ljK3p2C1BwKo1,9,10,0,0,0,0,0
eAy2sU465C8uS18jpNMv,FOOT INDOOR Marseille,published,captain,ChIJ41AMCxC8yRIRLHLGt11sc-U,43.2859688&5.4882746,2024-02-13T19:30:00.000Z,60,10,public,false,Détente,4,j4s0Xi0PCtSGOsocXlMoiqSMPJb2,2,10,0,0,0,0,0
eDeIki9ezyWSDXNvBBe4,LE FIVE Paris 18,published,captain,ChIJpVT4_n1u5kcRzji6FdTBXXo,48.8978522&2.3700234,2024-02-06T19:00:00.653Z,60,14,public,false,Chill,2,hj7Ou3QoLYW0oxOZRSyHO0e62XY2,10,10,0,0,0,0,1
eF9GqdtGojddaQ8pvVrc,Z5 Aix,played,captain,ChIJKb-U_9KSyRIRKIFKbH5mW18,43.4787869&5.3969048,2024-02-07T18:30:00.000Z,60,11,public,false,Détente,2,lS5Ogv6YqMXE9msYuaMHx8LtJvb2,10,10,2,0,0,0,0
eGYQS30s424szlvIwT5w,LE FIVE Bobigny,canceled,captain,ChIJV8UONORs5kcRXxR5Qd7x130,48.901553&2.4313304,2024-02-02T21:00:00.000Z,60,10,public,false,Détente,3,bSBJcvkvaFh2Dwst99Cr8BMxfPF3,4,10,0,0,0,0,0
eHmanoKwIAAFWUxf5USl,Stadium Thiais,played,pro,ChIJ64X9jzx05kcRsHvSfOv6UcA,48.7511024&2.3713455,2024-02-15T14:00:00.000Z,90,8,public,false,,,psf3NmXEPwdCltHKJC7VuvJocrF3,10,10,5,0,0,1,1
eJeVWuUmlXiyJhE4yGCJ,UrbanSoccer - Quai d'Ivry,canceled,captain,ChIJfXxYJ0xy5kcRw9xTkF6-FZQ,48.8199885&2.3936463,2024-02-18T13:00:00.000Z,60,12.5,public,true,Compétition,3,WQ5S4tuh8AhHhITkAMce3yq8gRm2,1,10,0,0,0,0,0
eKNUYzZAY6UMsd5cFHMs,LE FIVE Montreuil,published,pro,,48.8613036&2.4653095,2024-02-07T16:30:00.000Z,90,11.5,public,false,,,u9uC1vjdcdQ3UqNxI0SiFxor0m43,1,10,0,0,0,0,0
eMDEM8YVKSVBLhnnYUDW,Game 13 foot indoor,published,captain,ChIJNSDvlsXryRIRUXao9hwB79I,43.41258939999999&5.366617,2024-02-01T17:00:00.000Z,60,10,public,false,Détente,4,RPwfyrL30dS1yvyJwGrn0z2HgSa2,5,10,0,0,0,0,0
eQoo20QYfUVWQ5rCfIuz,Monclub Futbol,played,pro,,43.4299152&5.4001974,2024-02-03T15:30:00.000Z,90,12,public,false,,,CSTy9rmJRQSyWlqWuGiUhGpAGqf2,10,10,8,0,0,0,1
eRbIFmcS4CtYY0vSEtTC,Monclub Futbol,played,captain,ChIJGbxxaamUyRIRgGvhHnhJStA,43.4299152&5.4001974,2024-02-12T19:00:00.000Z,60,10,public,false,Détente,,T2QG662V9Ta7lQrXxzHChQsGOFZ2,10,10,3,0,0,0,2
eRh02ExECJD3ho8swBp4,Stadium Thiais,published,pro,,48.7511024&2.3713455,2024-02-05T16:30:00.000Z,90,10,public,false,,,psf3NmXEPwdCltHKJC7VuvJocrF3,0,10,0,0,0,0,0
eS0d5O0GUGrjDeJUlHX2,Stadium Thiais,played,pro,ChIJ64X9jzx05kcRsHvSfOv6UcA,48.7511024&2.3713455,2024-02-18T09:30:00.000Z,90,15,public,false,,,psf3NmXEPwdCltHKJC7VuvJocrF3,12,12,5,0,1,0,0
eUBO0chlx3eSMePW0J4Y,Stade Des Courtilles,published,captain,ChIJ83HS9ldv5kcR-plMKkHPNTA,48.929137&2.2834726,2024-02-15T17:25:00.000Z,120,,public,false,Détente,,OUDonTRM5JTwDDmUMOikuN6wCKz1,7,14,0,0,0,0,0
eY1WcOGWGgOBBLsIuo7C,LE FIVE Paris 13,played,captain,ChIJ_bOSChhz5kcRZMTeq_6Gdzg,48.8181615&2.3658793,2024-02-13T17:00:00.000Z,60,14,public,true,Détente,,zSlY9xSmEfUrxZLUCCZX2LUZi7f2,10,10,1,0,0,0,0
eaHXZLisPxmONbtVS8lA,STADIUM FOOT 5 VILLAGE,canceled,captain,ChIJbbOWFtC4yRIR0WXVerbWmnE,43.269413&5.4260321,2024-02-06T19:30:00.000Z,90,15,public,false,Competition,4,f3zvpaYAOxRNXb7CTy6FmGhaR1q1,9,10,0,0,0,0,0
eaMgwq2DZQToek3CMYRi,LE FIVE Paris 18,played,pro,ChIJpVT4_n1u5kcRzji6FdTBXXo,48.8978522&2.3700234,2024-02-18T21:30:00.000Z,90,12,public,false,,,UQf33jQhVZhle917nO0h7D5qclV2,10,10,8,0,0,0,5
echYnkMHFBDEwr6R5OrW,LE FIVE Villette,played,captain,ChIJTUFnQjps5kcR0pHITLTw1PI,48.9070122&2.3861459,2024-02-04T09:00:00.000Z,60,12,private,false,Détente,4,1m47Ag3S3YXwVuw8DkcYIYLXehW2,10,10,0,0,0,0,0
ee3gt9fwXmzMRmatKdBL,Stadium Thiais,played,pro,,48.7511024&2.3713455,2024-02-03T21:00:00.000Z,90,15,public,false,,,psf3NmXEPwdCltHKJC7VuvJocrF3,10,10,8,0,0,1,2
eiPfzVXyNKsPn3xWkySW,LE FIVE Créteil,published,pro,,48.7643086&2.4706522,2024-02-09T16:00:00.000Z,60,7,public,false,,,ZmXMWx7aTdPoPkkGOWa2HIQVblq2,0,10,0,0,0,0,1
ekEjx10Mx2WoPuI0iuB0,Mondial Soccer Martigues,played,captain,ChIJxSxBZ0rmyRIRD43lI6mPqdE,43.40826250000001&5.0265179,2024-02-15T18:30:00.000Z,60,9,public,false,Détente,3,x0nSfGyx5Mdf3Qw93Fa1aNZyv8A2,10,10,1,0,0,0,0
ekGWigjfwc3JlBloIZNP,Stadium Thiais,played,pro,,48.7511024&2.3713455,2024-02-03T15:00:00.000Z,90,12,public,false,,,psf3NmXEPwdCltHKJC7VuvJocrF3,10,10,5,0,0,0,4
ekaGLAPpFJDEluJ5pGvI,Complexe sportif de l'île des Vannes,canceled,captain,ChIJTZWfSNNv5kcRmHP3Tz0AJ6A,48.9188419&2.3245603,2024-02-11T15:45:00.000Z,120,4,public,false,Détente,4,Csrh8EMzKaZCCcCZeEhs2tGGZRr1,7,10,0,0,0,0,0
ekwT4Ctdr5MjsfqIYwZ5,LE FIVE Paris 17,canceled,captain,ChIJ7eI8sFNv5kcR5xy52Wc57NU,48.900032&2.3213449,2024-02-05T19:00:00.000Z,90,18,public,true,Détente,3,akPQLhBCZuUwS5yxrKF1JFCm5vg2,10,10,0,0,0,0,0
ely7zn79VPuWZasy0LP5,Events Five,canceled,captain,ChIJf8cSCJG5rhIRoQadPH-wW1U,43.5399703&1.3922897,2024-02-02T20:45:00.000Z,60,7,public,false,,,kz4gID3e1cY9RfDVkcGnK2fsrOx1,7,10,0,0,0,0,1
eoDAbi1DTmv3rJvbFXOp,Stade Lénine,played,captain,ChIJkZtNFHBx5kcRSJxW_zxIUz4,48.8202285&2.2982211,2024-02-08T11:00:00.000Z,90,,public,false,Compétition,3,AkrgBTx64wbEUYB1CvUV0WNRudY2,8,8,3,0,0,0,2
epDka6LBIHCNxtYmX0Kl,LE FIVE Paris 13,published,pro,,48.8181615&2.3658793,2024-02-12T22:00:00.000Z,60,10,public,false,,,FjSnzlRFFfhWVWQJGfIEwRc2ZMj2,0,10,0,0,0,0,0
epj1iwHQMsz8OQz1cFeW,LE FIVE Sarcelles,canceled,captain,ChIJ6_q3Fxhq5kcRCpoEwnoXX1Q,48.99782219999999&2.3902225,2024-02-07T20:00:00.000Z,90,13,public,false,Détente,2,teJWyUweiHbF7gi2wai3tq2vDQI3,6,10,0,0,0,0,1
eryXWuyEuJeX8WCKNYvF,Top Ten,played,pro,,48.8729106&2.6840919,2024-02-02T16:00:00.000Z,90,5,public,false,,,i27253AGxOfXgYJK72sBnvUGuMk2,10,10,8,0,0,0,9
eth4kLEFCLn75YPCz9Ik,LE FIVE Montreuil,published,pro,ChIJJdTQjr0T5kcRZmGxtIJVy44,48.8613036&2.4653095,2024-02-14T11:00:00.000Z,90,10.5,public,false,,,u9uC1vjdcdQ3UqNxI0SiFxor0m43,0,10,0,0,0,0,0
eugxL2qyvlZrKD7LiviG,UrbanSoccer - Lyon Parilly,played,captain,ChIJx3FQWjLC9EcRrrQb2eV7i_4,45.7120399&4.9039284,2024-02-06T14:50:00.000Z,60,6,public,true,Compétition,,B6tWZAy3bgTUbyN0CtS7McqaOcW2,10,10,0,0,0,0,0
exzIJGcA2i8bVjn8Mm70,Stadium Thiais,published,pro,,48.7511024&2.3713455,2024-02-06T16:30:00.000Z,90,10,public,false,,,psf3NmXEPwdCltHKJC7VuvJocrF3,0,10,0,0,0,0,1
ez9sBcuNFPooBH2Qjho1,Kinshasa,published,pro,,-4.3032527&15.310528,2024-02-02T15:30:00.000Z,90,11,public,false,,,zCvsukfMuuffsuPpSTQwb7MusMD2,0,10,0,0,0,0,0
f1ERwqcL5JhPN2ykk9MR,UrbanSoccer - Porte d'Aubervilliers,canceled,captain,ChIJ0dXjDCZs5kcRvX0EpMwxsUY,48.9074912&2.3746518,2024-02-16T20:15:00.000Z,60,14,public,true,Détente,2,3xU6linPxWXIlRxU4MNOVPqcIVl1,4,10,0,0,0,0,1
f1yammqHOXZFdR5tbEK2,Play Soccer,played,captain,ChIJQ-UxZn-5rhIRKWoQydM5T9s,43.5512023&1.4098927,2024-01-30T16:30:00.000Z,60,9,public,false,Détente,,DWh92QLnudQobaf8k1DTr22NOzT2,10,10,4,0,0,0,1
f21jKf89Vk2GMspqWQwu,Monclub Futbol,published,captain,ChIJGbxxaamUyRIRgGvhHnhJStA,43.4299152&5.4001974,2024-02-17T09:45:00.000Z,90,10,public,false,Détente,2,9Lzm2vQVd4Q4fltw3HCN3IJcZ4x1,6,10,0,0,0,0,0
f2wKJeOkWtH0Yhzz09r5,Play Soccer,draft,captain,ChIJQ-UxZn-5rhIRKWoQydM5T9s,43.5512023&1.4098927,2024-02-01T18:00:00.000Z,60,10,public,false,,,pL0skPQs4CYYVXb682MCC9jXu8K2,0,10,0,0,0,0,0
f3PfnngO9PwrCd93Jfk4,LE FIVE Créteil,canceled,captain,ChIJ88lx3VwL5kcRVxCh4lD6_Gk,48.7643086&2.4706522,2024-02-18T16:00:00.000Z,60,11,public,false,Détente,5,0f7O60Zok1NdlJjP0YpNG41I2vj2,5,10,0,0,0,0,0
f6ouj4iDG974iDfdgIii,LE FIVE Paris 18,canceled,captain,ChIJpVT4_n1u5kcRzji6FdTBXXo,48.8978522&2.3700234,2024-01-31T20:30:00.000Z,60,14,public,true,Détente,3,rLwbDNL6lWU50AjgiOw5X8KbSWA2,8,10,0,0,0,0,0
f7QdPNkhIGuQ4W7Q8HxK,LE FIVE Bezons,played,pro,,48.91909&2.2093051,2024-02-06T17:00:00.000Z,60,7,public,false,,,U3MriTZbPbTUEsU6RtRuHxDMKvg2,10,10,9,0,3,0,2
f8Z5asPXA1WAN9iw5tIf,UrbanSoccer - Porte d'Aubervilliers,played,captain,ChIJ0dXjDCZs5kcRvX0EpMwxsUY,48.9074912&2.3746518,2024-01-31T19:15:00.000Z,60,15,public,true,Détente,,ah3QJlcMQWUf3c8pbqFsx5ffAVk1,10,10,4,0,0,0,0
f91cvXwGHcRpkzhgNJbO,LE FIVE Bobigny,published,pro,,48.901553&2.4313304,2024-02-12T17:00:00.000Z,60,8,public,false,,,4owi3i7t8EOvFNF6UQvACOpiDRy1,0,10,0,0,0,0,1
f93O8tRouYuM5HgAOcIV,Centre Sportif Lionel Terray,played,captain,ChIJo7Jtup935kcRUd9lcEtEKzc,48.7349914&2.287439,2024-02-11T10:00:00.000Z,90,10,public,false,Détente,3,Dohg1zNvhsbmGrYuAmExKFyjruw2,10,10,0,0,0,0,0
fAAeuqU9xHfECev7ShIN,Stadium Thiais,played,captain,ChIJ64X9jzx05kcRsHvSfOv6UcA,48.7511024&2.3713455,2024-02-05T16:00:00.000Z,120,10,public,false,Compétition,3,Dohg1zNvhsbmGrYuAmExKFyjruw2,10,10,10,0,0,0,1
fCzQei3u5CjH51T21SkF,LE FIVE Paris 18,played,captain,ChIJpVT4_n1u5kcRzji6FdTBXXo,48.8978522&2.3700234,2024-01-31T20:30:00.000Z,60,14,public,true,Détente,2,pdakyihAo4Zs1qnK76UCGhIEtOR2,10,10,3,0,0,0,1
fE5LRan5UdFpgiCYaU6o,Top Ten,canceled,pro,ChIJfXprBx4b5kcRmhe-5pLZUek,48.8729106&2.6840919,2024-02-18T11:00:00.000Z,90,15,public,false,,,i27253AGxOfXgYJK72sBnvUGuMk2,0,10,0,0,0,0,0
fFD9eyEjNhr6ax5C9gEw,Stade Gilles Joye,canceled,captain,ChIJw2BPcJnzyRIRLzzgcSTD9TM,43.5744126&5.3446134,2024-02-18T18:00:00.000Z,60,7,private,false,Détente,3,uAEut48qBDUb9yI8BZY79qCquMq1,1,10,0,0,0,0,0
fHFS4kaeg9KlQMNxFNrB,UrbanSoccer Orsay,played,captain,ChIJpZIJg7J45kcRrKWKhtbfnEQ,48.70829&2.17794,2024-01-31T19:30:00.000Z,90,16.5,public,true,Chill,3,jMj888CHnuglX02AL0WCMH42YhP2,10,10,2,0,0,0,0
fHOdbUtQcQwcAoFWXDki,UrbanSoccer - Puteaux,canceled,captain,ChIJM_sC0-Nk5kcRhL1y_EFIje8,48.8836397&2.2312283,2024-02-18T13:45:00.000Z,60,14,public,true,Compétition,3,Ytn9um8Y07QOoebAd3Bhr8nwXZg1,9,10,0,0,0,0,0
fMMKTfFVDFkvUEgjZxPx,Play Soccer,canceled,captain,ChIJQ-UxZn-5rhIRKWoQydM5T9s,43.5512023&1.4098927,2024-02-19T11:30:00.000Z,60,8,public,false,Détente,,8LtkeOuZHeePxfkXdNPmQSr7V9L2,10,10,0,0,0,0,0
fN2dGHEzpnyY4NSHywtQ,LE FIVE Carrières-sous-Poissy,played,captain,ChIJ9T4fWfyL5kcRCBX-FyZLvEE,48.9468171&2.0230552,2024-02-08T19:00:00.000Z,90,14,public,false,Détente,3,liP0mX4IVqcBiayvxaKLwqqRSA23,10,10,2,0,0,0,0
fNrKhwghxXlVJaSWpAvA,Stadium Thiais,published,pro,ChIJ64X9jzx05kcRsHvSfOv6UcA,48.7511024&2.3713455,2024-02-14T21:00:00.000Z,90,14,public,false,,,psf3NmXEPwdCltHKJC7VuvJocrF3,8,10,0,0,0,0,2
fP8UpYcmZzZz8snIUdDa,Speed Soccer Five,played,captain,ChIJ2xTNglV25kcR3UDi4AXGfDU,48.7360598&2.315058,2024-02-11T09:30:00.000Z,90,14,public,false,Détente,3,Z5sxx936iZX9hchZEihemmPqYW12,10,10,2,0,0,0,1
fPK1l4aDgfilor5ZC6OU,STADIUM FOOT 5 VILLAGE,canceled,captain,ChIJbbOWFtC4yRIR0WXVerbWmnE,43.269413&5.4260321,2024-02-01T17:00:00.000Z,60,10,public,false,,3,7T0kZGAv6lSfVocEF7YXoMjcNGS2,10,10,0,0,0,0,0
fPoTzfu1KnuT7WaERF6k,Halle Georges Carpentier,played,captain,ChIJnXkSwCty5kcR-nlHXNFQlg4,48.82020139999999&2.3672361,2024-02-15T11:00:00.000Z,120,,private,false,Compétition,3,kRAf444M3RUd6EWIOWpKVKs78SI2,16,16,12,0,0,0,6
fQzSTgJoOU5VR9ROPi2M,Stadium Thiais,published,pro,,48.7511024&2.3713455,2024-02-07T11:00:00.000Z,60,7,public,false,,,psf3NmXEPwdCltHKJC7VuvJocrF3,1,10,0,0,0,0,0
fRdcifZR94tUFPwdwL6g,Top Ten,canceled,captain,ChIJfXprBx4b5kcRmhe-5pLZUek,48.8729209&2.6841223,2024-02-03T14:00:00.000Z,90,10,public,false,Détente,,MvYpm0j1V7hisZKjPYAY0LFLmER2,3,10,0,0,0,0,0
fTIe0JEZXIKhPQT3miEA,UrbanSoccer La Défense,canceled,captain,ChIJh4rnfVhk5kcRV2Q-ZKdm8vA,48.8996456&2.2216773,2024-02-12T20:30:00.000Z,60,15,public,true,Competition,4,OLYEZmaF2WXuN9CrFarrhJprszn1,9,10,0,0,0,0,0
fTsJFUMcxnbpIGJoBiky,LE FIVE Montreuil,played,captain,ChIJJdTQjr0T5kcRZmGxtIJVy44,48.8607303&2.4650432,2024-02-16T19:00:00.000Z,60,10,public,false,Détente,3,plciZswFpHfy6PIgPrPsTRxbMO92,10,10,0,0,0,0,1
fY5Hra8B19KpftDPiu8t,Top Ten,canceled,captain,ChIJfXprBx4b5kcRmhe-5pLZUek,48.8729209&2.6841223,2024-01-30T18:30:00.000Z,90,15,public,false,Détente,2,Bo4seHK6ubTPXJNvOxlyb4HDg9i2,6,10,0,0,0,0,0
fY5iJSX8HoQ6eYFqcwp8,Z5 Aix,played,captain,ChIJKb-U_9KSyRIRKIFKbH5mW18,43.4787869&5.3969048,2024-02-11T16:30:00.000Z,60,11,public,false,Détente,3,AEw6jV8NZmYMZb5x1tAukHnetQr2,10,10,1,0,0,0,0
fYAN7VRk06DyYN7oyOFz,Stade Des Courtilles,played,captain,ChIJ83HS9ldv5kcR-plMKkHPNTA,48.929137&2.2834726,2024-02-04T18:00:00.000Z,120,,public,false,Compétition,,OKhfkxDKMDS9m7GyDTrjVlKnvko1,14,14,8,0,0,0,0
fYmWz4UNWa1q752y44kL,LE FIVE Montreuil,published,pro,,48.8613036&2.4653095,2024-02-10T13:00:00.000Z,90,15,public,false,,,u9uC1vjdcdQ3UqNxI0SiFxor0m43,0,10,0,0,0,0,0
fbPZcNx6jM6GDRelkiL1,Stade Georges Carpentier,canceled,captain,ChIJDcRAPQZz5kcRRfIYvk9rvQQ,48.8190383&2.3661251,2024-02-19T14:30:00.000Z,120,,public,false,Détente,,FYfgfT1shkXXyaMI4sZTA7d9Qdw2,1,12,0,0,0,0,0
fbWEIA8SXzXAmqhxUD71,LE FIVE Villette,played,captain,ChIJTUFnQjps5kcR0pHITLTw1PI,48.9070122&2.3861459,2024-02-08T18:30:00.000Z,60,12,public,false,Détente,1,es2jHJGCt6gNwKxhW3HAmmjdZh33,10,10,3,0,0,0,2
fbkBPyxWWhlG6ne7f6KR,LE FIVE Marville - La Courneuve,played,captain,ChIJ2dHdMZxr5kcR0aKYHYsp0pY,48.9364404&2.3869147,2024-02-06T20:00:00.000Z,90,14,public,false,Détente,,Lifra3OAsch5ipxdxuPAlUkSIYP2,10,10,2,0,0,0,0
ff4d6T4RNlsfkPs7IDf9,LE FIVE Marville - La Courneuve,canceled,captain,ChIJ2dHdMZxr5kcR0aKYHYsp0pY,48.9364404&2.3869147,2024-02-11T10:00:00.000Z,60,10,public,false,Détente,,SteJXFtGpnhdiynsIcqP3JQepE43,8,10,0,0,0,0,1
fg2ROlxVb6d1rA1g36eL,Testing Purposes,published,pro,,67.461524&-152.801377,2024-02-15T19:15:00.000Z,60,12,public,false,,,f2LrY7SAV3U1V9tUVAZfiMxA3uu1,0,10,0,0,0,0,0
fiZnGGbDTA5e29vFBjiQ,Stadium Thiais,published,pro,,48.7511024&2.3713455,2024-01-30T15:00:00.000Z,90,8,public,false,,,psf3NmXEPwdCltHKJC7VuvJocrF3,0,10,0,0,0,0,0
fig9SxQRcmfysJFELF6a,Stade Des Courtilles,played,captain,ChIJ83HS9ldv5kcR-plMKkHPNTA,48.929137&2.2834726,2024-02-16T17:10:00.000Z,120,,public,false,Détente,4,OUDonTRM5JTwDDmUMOikuN6wCKz1,14,14,6,0,0,0,2
fiyReBS1GBgXzliaqLdB,UrbanSoccer - Quai d'Ivry,canceled,captain,ChIJfXxYJ0xy5kcRw9xTkF6-FZQ,48.8199885&2.3936463,2024-02-03T19:30:00.000Z,60,11,public,true,Compétition,4,pYVfbqcKlAW1PNHKRMANa0PiGrq2,9,10,0,0,0,0,0
fjfrcsLEGRXmz2XPgqmh,Stadium Thiais,played,captain,ChIJ64X9jzx05kcRsHvSfOv6UcA,48.7511137&2.3715422,2024-02-16T21:00:00.000Z,90,14,public,false,Détente,3,VbcLh0RDPDYVaN28Hs6CAiyHmh83,12,12,2,0,0,0,1
fk2ARJM3L0evXOelCODR,UrbanSoccer - Marne-La-Vallée,played,captain,ChIJ6bDBiosP5kcROXiloHzSdhc,48.82658600000001&2.6296937,2024-02-18T11:45:00.000Z,90,12.75,public,true,Détente,3,AZW4eE26vCcDavANdPQgOqs70xx2,10,10,0,0,0,0,1
fk44b82jqrpEKFdi0g1f,LE FIVE Paris 18,canceled,captain,ChIJpVT4_n1u5kcRzji6FdTBXXo,48.8978522&2.3700234,2024-02-13T18:00:00.000Z,30,21,public,true,Détente,2,T5RmPMLVNSg4m2EENWlh3QmvpdJ3,9,10,0,0,0,0,1
fk9xmBVDHNQS7cQXz8po,Top Ten,published,pro,ChIJfXprBx4b5kcRmhe-5pLZUek,48.8729106&2.6840919,2024-02-13T22:00:00.000Z,90,16.5,public,false,,,i27253AGxOfXgYJK72sBnvUGuMk2,0,10,0,0,0,0,0
fkTJt27JS29EK21Wppcz,UrbanSoccer - Puteaux,played,captain,ChIJM_sC0-Nk5kcRhL1y_EFIje8,48.8836397&2.2312283,2024-01-30T18:45:00.000Z,60,15,public,true,Détente,3,mBf3NrDVpxNCksonBUCeXbiW0bT2,10,10,2,0,0,0,3
fmqkZuNaNmoDpj3yAc2b,Foot-Max Argenteuil,published,pro,ChIJi9oIzaRm5kcRJYcK7QsdRMU,48.9501632&2.2093946,2024-02-12T17:00:00.000Z,60,8,public,false,,,SuEnyPZ4TgNIkt1yap2yJ3ZHO6p1,0,10,0,0,0,0,0
fn2OZPCZmgLl0xdvG4Rs,LE FIVE Villette,canceled,captain,ChIJTUFnQjps5kcR0pHITLTw1PI,48.9070122&2.3861459,2024-02-16T22:00:00.000Z,60,10,public,false,Compétition,5,D6ddrvF35OZIyCQpK45SGsvI4d82,7,10,0,0,0,0,0
fnJ9hP2JoZS0jmvVeOS4,LE FIVE Sarcelles,canceled,captain,ChIJ6_q3Fxhq5kcRCpoEwnoXX1Q,48.99782219999999&2.3902225,2024-02-16T19:00:00.000Z,90,13,public,false,Compétition,,EG8MDADZ53fBb8H6q34IHc8LCOx1,9,10,0,0,0,0,0
foAoLbIXuFskPERZSulW,UrbanSoccer - Lille Bondues,draft,captain,ChIJ58ZerMgrw0cR2Jyp7tZjBn4,50.6913774&3.0860264,2024-02-05T18:30:00.000Z,60,,public,false,,,OCWzufzKuVWFZsQlEiqXahkjB163,0,0,0,0,0,0,0
foiUATwaTvtyCUoC7DEO,Stadium Thiais,published,pro,,48.7511024&2.3713455,2024-02-06T15:00:00.000Z,90,8,public,false,,,psf3NmXEPwdCltHKJC7VuvJocrF3,0,10,0,0,0,0,0
fovFTfIJpjJMdu4ZIzFI,We Are Sports,played,captain,ChIJFZU5oBHC9EcRJTFrSkI1xxg,45.7113247&4.8761886,2024-02-12T20:30:00.000Z,60,10,public,false,,2,AhkleKXFPcRoxPvRoMgqknYedmQ2,10,10,2,0,0,0,0
fp4oT4Jvd6UgaNFF3nKU,UrbanSoccer - Toulouse Sept Deniers,canceled,captain,ChIJk5nUBdOkrhIRP-1aUJzo-lA,43.6321552&1.411696,2024-02-18T14:30:00.000Z,90,12,public,true,Détente,1,7Tb5XUFyHzXtxXh1KP4qZwZpR5b2,7,10,0,0,0,0,0
frtUSBfm0XUoYldhbtXx,LE FIVE Montreuil,played,captain,ChIJJdTQjr0T5kcRZmGxtIJVy44,48.8607303&2.4650432,2024-02-16T19:00:00.000Z,60,10,public,false,Détente,2,oSTr8LNXDqdwH4NAdcPQYpZ7Lcm2,10,10,0,0,0,0,0
fs6RwkuhAboTTu4WhqdL,UrbanSoccer Orsay,played,captain,ChIJpZIJg7J45kcRrKWKhtbfnEQ,48.70829&2.17794,2024-02-01T19:00:00.000Z,90,17,public,true,Détente,3,s1eo4MV4gLdD17mf1RxuRaEJ7612,10,10,1,0,0,0,0
fsdgtZGgaziVZd8qE6F9,LE FIVE Carrières-sous-Poissy,canceled,captain,ChIJ9T4fWfyL5kcRCBX-FyZLvEE,48.9468144&2.0230574,2024-02-04T10:30:00.000Z,90,13,public,false,Détente,3,mAdomm9Z8bOTkM0mmS2u1f3NCw93,7,10,0,0,0,0,0
ftfAXwVcH1cjztdQ1zpP,Complexe Sportif de la Plaine Delaune,draft,captain,ChIJLxGtAxBr5kcRLQmkAUjfWKY,48.9606187&2.3835395,2024-01-31T19:00:00.000Z,60,,public,false,Détente,3,WTfMaejqzvhX9DQFnK1jrd9OJVE2,0,14,0,0,0,0,0
ftxMDyH6ZWjudx5cOEVL,Stadium Thiais,played,captain,ChIJ64X9jzx05kcRsHvSfOv6UcA,48.7511137&2.3715422,2024-02-09T19:15:00.000Z,90,15,public,false,Compétition,,ivJjDu3v1IbjkaGKCqaOoVymlgD3,10,10,4,0,0,0,5
fucBlAo5ODq4ZGNjUfAh,UrbanSoccer - Puteaux,canceled,captain,ChIJM_sC0-Nk5kcRhL1y_EFIje8,48.8836397&2.2312283,2024-02-04T10:15:00.000Z,60,12,public,true,Détente,3,lnU8xfyBD4QneTTEEEetwM4dZuo1,9,10,0,0,0,0,0
fuf7hnoCjrADzkf6MoOF,LE FIVE Morangis,canceled,captain,ChIJA4uAhOXZ5UcRp-vZXZP-ovY,48.692672&2.3192811,2024-02-08T17:30:00.000Z,90,13,public,false,,2,3QuA5jYfXvWoObvQsF4BK2w42GV2,10,10,0,0,0,0,2
fzCgZ0lmAioxR0ViUUOr,Stadium Thiais,published,pro,ChIJ64X9jzx05kcRsHvSfOv6UcA,48.7511024&2.3713455,2024-02-14T19:30:00.000Z,90,10,public,false,,,psf3NmXEPwdCltHKJC7VuvJocrF3,0,10,0,0,0,0,0
fzQCV8LzXA5qAHjHkLzT,Footsal Cousinerie,canceled,captain,ChIJXQyb1d8pw0cRLO_Ed5xHTIQ,50.6440829&3.1459612,2024-02-07T20:00:00.000Z,90,8.5,public,false,Détente,3,B0zaVQnMeBabl1RHzfc588KI1kj1,10,10,0,0,0,0,0
g1JohSp2HGuPSE6FBy9j,UrbanSoccer - Puteaux,canceled,captain,ChIJM_sC0-Nk5kcRhL1y_EFIje8,48.8836397&2.2312283,2024-02-04T13:00:00.000Z,60,11.5,public,true,Détente,,Ytn9um8Y07QOoebAd3Bhr8nwXZg1,8,10,0,0,0,0,0
g1bAjky5acGtsodCxoD5,UrbanSoccer - Quai d'Ivry,played,captain,ChIJfXxYJ0xy5kcRw9xTkF6-FZQ,48.8199885&2.3936463,2024-02-03T16:00:00.000Z,90,12,public,true,Détente,2,iCEMjNop3OeA4Z1NDhtc00UOTEs2,10,10,1,0,0,0,0
g2TlcqArKUY0BAaThq15,LE FIVE Paris 13,played,captain,ChIJ_bOSChhz5kcRZMTeq_6Gdzg,48.8181615&2.3658793,2024-02-05T18:30:00.000Z,60,14,public,true,Détente,3,xgchDtBjaNTWuYoF26ypnCNi8Nm2,10,10,3,0,0,0,1
g2acXG7CMTQH8UW7KlIZ,Stadium Thiais,played,pro,,48.7511024&2.3713455,2024-02-12T18:00:00.000Z,90,15,public,false,,,psf3NmXEPwdCltHKJC7VuvJocrF3,10,10,9,0,0,0,6
g2rRtZ4JjzEmdINNGVn8,UrbanSoccer - Porte d'Aubervilliers,canceled,captain,ChIJ0dXjDCZs5kcRvX0EpMwxsUY,48.9074912&2.3746518,2024-02-03T17:00:00.000Z,90,15.75,public,true,Détente,3,mvrh9nBt50XYdjtWlWJolNpj0Kz1,5,10,0,0,0,0,0
g41knsV8t7vRi7KdgVla,UrbanSoccer - Puteaux,played,captain,ChIJM_sC0-Nk5kcRhL1y_EFIje8,48.8836397&2.2312283,2024-02-12T18:00:00.000Z,60,15,public,true,Chill,5,Gk61iaH8taWVyAbDIqXa1ga0bRH3,10,10,2,0,0,0,2
g4EcybkVbf32IUm5r0mT,Top Ten,played,pro,ChIJfXprBx4b5kcRmhe-5pLZUek,48.8729106&2.6840919,2024-02-16T16:00:00.000Z,90,5,public,false,,,i27253AGxOfXgYJK72sBnvUGuMk2,10,10,9,0,0,0,11
g4dsMo1jTQ6tkKO9dnQU,UrbanSoccer - Lyon Parilly,canceled,captain,ChIJx3FQWjLC9EcRrrQb2eV7i_4,45.7120399&4.9039284,2024-02-13T16:00:00.000Z,60,8.5,public,true,Compétition,3,B6tWZAy3bgTUbyN0CtS7McqaOcW2,9,10,0,0,0,0,0
g5DchZkUug6zcW1lV9Bu,Footsal,played,captain,ChIJa7HS298pw0cRMoVDj0XqVdI,50.6397895&3.1251337,2024-02-15T19:00:00.000Z,60,8,public,false,Détente,3,ydQSvbudLDZHsUN8NFABk8kFyeo2,10,10,9,0,0,0,4
g6tP3mgFnCVKPcjy4ygA,Stadium Thiais,played,captain,ChIJ64X9jzx05kcRsHvSfOv6UcA,48.7511137&2.3715422,2024-02-11T09:30:00.000Z,90,15,public,false,Compétition,3,XaqPYXeExNhIHmcDJQoWj5n4mnF3,10,10,3,0,0,0,1
g70q4iF95TvBxCOAIhM1,Stadium Thiais,played,pro,ChIJ64X9jzx05kcRsHvSfOv6UcA,48.7511024&2.3713455,2024-02-11T18:00:00.000Z,90,15,public,false,,,psf3NmXEPwdCltHKJC7VuvJocrF3,12,12,9,0,0,0,1
g76fflmdcl0bovEP8AJ3,UrbanSoccer La Défense,played,captain,ChIJh4rnfVhk5kcRV2Q-ZKdm8vA,48.8996456&2.2216773,2024-02-02T20:00:00.000Z,90,21,public,true,Détente,3,EWvyyRg2G2OvXASqVHc1WnVkvc43,10,10,3,0,0,0,1
g7M1BioaDtzpikXrACid,Evolution Football,published,captain,,43.2836074&5.52356,2024-02-14T19:00:00.000Z,60,8.5,public,false,Détente,4,wX9wOBRf3cPbFRE3dfJ9Z2r7EZA3,11,12,0,0,0,0,0
g7Rnw9NkfZbEU8h7aEd9,Stadium Thiais,published,pro,ChIJ64X9jzx05kcRsHvSfOv6UcA,48.7511024&2.3713455,2024-01-30T19:30:00.000Z,90,15,public,false,,,psf3NmXEPwdCltHKJC7VuvJocrF3,0,10,0,0,0,0,0
g88OxbGPqLNn0Ggb3FCr,Le 13 - Foot en salle - Marseille,canceled,captain,ChIJR62kUm_ByRIRDnGQqGCeUVQ,43.33370070000001&5.370389599999999,2024-02-08T19:30:00.000Z,60,10,public,false,Détente,3,JhzYtbyIfxe5yUlcuYzUPNXhyMN2,6,10,0,0,0,0,0
g90pXvK6sUnFA8Kn1mtP,Centre Sportif Lionel Terray,published,captain,ChIJo7Jtup935kcRUd9lcEtEKzc,48.7349914&2.287439,2024-02-10T09:00:00.000Z,60,,public,false,Détente,3,Dohg1zNvhsbmGrYuAmExKFyjruw2,11,12,0,0,0,0,0
g92uBt1w4kjl4Oic4rTa,Stade Élisabeth,published,captain,ChIJkXj9tq5x5kcROlxynHzTh9o,48.8207737&2.3270972,2024-02-18T08:00:00.000Z,150,2,public,false,Compétition,5,8i5faoQkJ4YSkhRB5skPBLiEh1G3,15,16,0,0,0,0,1
gAHjD0DRWgm44vJ6xPdX,LE FIVE Paris 17,played,captain,ChIJ7eI8sFNv5kcR5xy52Wc57NU,48.900032&2.3213449,2024-02-13T21:00:00.000Z,60,5,public,true,Competition,4,8QP315cqVJSgeQMI10S7wDEn7SQ2,10,10,1,0,0,0,1
gCOxsnp2iMpaYftuSmVK,Kinshasa,published,pro,ChIJi2oG_jAxahoRjTdSH05-ixY,-4.3032527&15.310528,2024-02-18T11:23:00.000Z,90,12,public,false,,,zCvsukfMuuffsuPpSTQwb7MusMD2,0,10,0,0,0,0,0
gCnhozLupia7PbKWZXNE,LE FIVE Villette,published,captain,ChIJTUFnQjps5kcR0pHITLTw1PI,48.9070122&2.3861459,2024-02-05T17:30:00.000Z,60,10,public,false,Détente,2,YgHOGcaQpfSxFcWORSZOcICZkSI3,9,10,0,0,0,0,0
gDfC3obYcAsiVOTxKcYf,UrbanSoccer Meudon,played,captain,ChIJ0WKvjbh75kcRoqSmyWwW2jQ,48.80013599999999&2.2140811,2024-02-13T19:30:00.000Z,90,15,public,true,Détente,3,HJotKKrtUJaLFOvmszXxkGnM8Q52,10,10,1,0,0,0,0
gELUIapLEJAFKNyCFsuf,Foot POWER 5,canceled,pro,,48.960066&2.2061913,2024-02-10T17:00:00.000Z,90,7,public,false,,,sss3dYi6nzWd7rEjwcQ30LGKudj1,0,10,0,0,0,0,0
gEQP3Vl5mtdsPzYpAKFu,Play Soccer,played,captain,ChIJQ-UxZn-5rhIRKWoQydM5T9s,43.5512023&1.4098927,2024-02-07T18:30:00.000Z,60,10,public,false,,,pL0skPQs4CYYVXb682MCC9jXu8K2,10,10,2,0,0,0,0
gERVmfBLrEsqrra17Tpx,Halle Georges Carpentier,published,captain,ChIJnXkSwCty5kcR-nlHXNFQlg4,48.82020139999999&2.3672361,2024-02-02T14:00:00.000Z,120,,public,false,Détente,,FYfgfT1shkXXyaMI4sZTA7d9Qdw2,15,16,0,0,0,0,5
gEvtCZfXjiBqlaoACusn,LE FIVE Champigny,published,captain,ChIJsXi1PLYN5kcRTVVDuczgS2s,48.8194084&2.5251846,2024-02-15T18:00:00.000Z,60,10,public,false,Détente,1,PJHFqrN04pNlSLUl1g5pDCBSPH82,2,10,0,0,0,0,0
gGaTtThautIsqArdfzEF,Stade Municipal Nelson Paillou,canceled,captain,ChIJs6n4qxFv5kcRZxYcf-iuE64,48.9094529&2.3119474,2024-02-05T16:00:00.000Z,120,7,public,false,,,rRYqdqFwsRVbom7JGDAxdzHP7mH2,12,20,0,0,0,0,0
gHDWAae19G2mXeGjUrqF,UrbanSoccer - Puteaux,played,captain,ChIJM_sC0-Nk5kcRhL1y_EFIje8,48.8836397&2.2312283,2024-01-30T12:45:00.000Z,90,8,public,true,Détente,3,BUHAxDHqmVf0n7GzPREl0cmZksx1,10,10,1,0,0,0,2
gHHuYm1MrC8WG62YKovt,LE FIVE Sarcelles,played,captain,ChIJ6_q3Fxhq5kcRCpoEwnoXX1Q,48.99782219999999&2.3902225,2024-02-07T21:00:00.000Z,120,10,public,false,,3,AGObZu2iaSS3pnbOMA9IfKIcS102,10,10,3,0,0,0,1
gIsoubfbeHZmFki4aBVT,FOOT IN FIVE,played,captain,ChIJoUR0syFp5kcRUlStnwluaYY,48.9552257&2.3328346,2024-02-08T18:30:00.000Z,90,12,public,false,Détente,,QbnIHVgRM8Qwnz7DOLJ4NKDqlsI2,10,10,1,0,0,0,0
gJOsqNQPmZyiGZH2QMf7,Kaiser Park,played,captain,ChIJsRLZzKFg5kcRBCfNws9nssw,49.0175545&2.1775301,2024-02-09T17:30:00.000Z,90,13,public,false,Compétition,3,zd1BRxoeuiMS4nFerSzLhPnEKL82,10,10,4,0,0,0,3
gJjkNkkf8R0gXKWlZ9MD,UrbanSoccer - Toulouse Sept Deniers,published,captain,ChIJk5nUBdOkrhIRP-1aUJzo-lA,43.6321552&1.411696,2024-02-16T18:00:00.000Z,60,10,public,true,Détente,3,QAB22jlkO3Mq5F5Mm3gEII91hAY2,3,10,0,0,0,0,0
gL1lSbPsS4rkreZNC0of,Z5 Aix,canceled,captain,ChIJKb-U_9KSyRIRKIFKbH5mW18,43.4787869&5.3969048,2024-02-02T17:00:00.000Z,60,11,public,false,Détente,2,XBBWsXbbIYTDG9Qi2SzCtmOQIxG2,10,10,0,0,0,0,0
gLlzHamTGWwWoS9Qqm7x,Massilia FIVE,played,captain,ChIJxZ6UmMW-yRIR7ot5DChYj4w,43.28920790000001&5.4503802,2024-02-11T17:00:00.000Z,60,10,public,false,Détente,2,y3LThe3Uptdviucdw7eZ4mip3Zr1,10,10,1,0,0,0,1
gLxTpR8fMFPLOmDRWI0r,LE FIVE Villette,played,captain,ChIJTUFnQjps5kcR0pHITLTw1PI,48.9070122&2.3861459,2024-02-07T19:00:00.000Z,90,18,public,false,Détente,2,uihlaEvpHNNfCRxhjxekj4Dq7sB2,10,10,3,0,0,0,1
gLyogfh8s1as7K23DLb2,Footsal,played,captain,ChIJa7HS298pw0cRMoVDj0XqVdI,50.6397895&3.1251337,2024-02-01T19:00:00.000Z,60,8,public,false,Détente,3,ydQSvbudLDZHsUN8NFABk8kFyeo2,10,10,10,0,0,0,5
gMzGVMuqGQ1GVKQueGdm,LE FIVE Montreuil,published,pro,,48.8613036&2.4653095,2024-02-09T16:30:00.000Z,90,11.5,public,false,,,u9uC1vjdcdQ3UqNxI0SiFxor0m43,0,10,0,0,0,0,0
gN444fUWrKIEBzP0c11g,Stadium Thiais,hidden,pro,ChIJ64X9jzx05kcRsHvSfOv6UcA,48.7511024&2.3713455,2024-02-02T19:30:00.000Z,90,15,public,false,,,psf3NmXEPwdCltHKJC7VuvJocrF3,2,10,0,0,0,0,0
gOhWM1BHFLZDSUN5ARd4,Foot POWER 5,canceled,pro,,48.960066&2.2061913,2024-02-07T17:00:00.000Z,90,5,public,false,,,sss3dYi6nzWd7rEjwcQ30LGKudj1,0,10,0,0,0,0,0
gPNCPWs3Z3wUTuw1WENp,Stadium Thiais,played,captain,ChIJ64X9jzx05kcRsHvSfOv6UcA,48.7511137&2.3715422,2024-02-15T18:00:00.000Z,90,15,public,false,Détente,4,77LP1qNYnlOczjiQeUcRbzlBpeF3,12,12,7,0,0,0,2
gRpWoJrxnfQg6G4Qw0BD,Stadium Thiais,played,captain,ChIJ64X9jzx05kcRsHvSfOv6UcA,48.7511137&2.3715422,2024-02-13T15:55:00.000Z,120,10,public,false,Détente,3,Dohg1zNvhsbmGrYuAmExKFyjruw2,10,10,2,0,0,0,0
gS0FNadimajFN1akR4za,Stadium Thiais,published,pro,,48.7511024&2.3713455,2024-02-05T14:00:00.000Z,90,8,public,false,,,psf3NmXEPwdCltHKJC7VuvJocrF3,0,10,0,0,0,0,1
gTOc7U7VJToEJSspsZfv,Footbox,published,pro,ChIJY-WkusIR5kcR-tEad3UtaSQ,48.9022789&2.582647,2024-02-14T14:00:00.000Z,60,7,public,false,,,QI89VPazyLhBVnWH871jk4BUEZI3,0,10,0,0,0,0,0
gV28EJ5Nuz3G3GVb7FZv,Centre Sportif Maryse Hilsz,canceled,captain,ChIJgY6iBYxt5kcRHD7TB4jAHV4,48.8520783&2.4128877,2024-02-12T12:00:00.000Z,120,,public,false,Détente,2,vft2WRS7zdU9ST6fNn76LWPt8Vn2,1,16,0,0,0,0,0
gXYTNuBBz0raINaNRUlh,UrbanSoccer - Quai d'Ivry,played,captain,ChIJfXxYJ0xy5kcRw9xTkF6-FZQ,48.8199885&2.3936463,2024-02-07T19:00:00.000Z,60,14,public,true,Détente,2,5ym5C578Zgbf4BIIX570nDyNT2B3,10,10,4,0,0,0,1
gZaYpIkrCISAW1UPuUDg,F5 Foot Five,played,captain,ChIJjUbM5G7A9EcRW3mlkrhyXxY,45.7857911&4.905926399999999,2024-02-02T18:00:00.000Z,90,14,public,false,Détente,2,2YwIBzjpj7e0aYrfZPE2ISnLspy1,10,10,0,0,0,0,0
gbi7dsIpD36eyxQ9cxqL,UrbanSoccer - Toulouse Sept Deniers,published,captain,ChIJk5nUBdOkrhIRP-1aUJzo-lA,43.6321552&1.411696,2024-02-16T19:15:00.000Z,90,15,public,true,Détente,3,wYwvpi7NR1XHHZPtnvPOSWszpkh1,8,10,0,0,0,0,0
gdW69VxB6fIP6CqLz4yI,Stadium Thiais,played,pro,,48.7511024&2.3713455,2024-02-07T18:00:00.000Z,90,15,public,false,,,psf3NmXEPwdCltHKJC7VuvJocrF3,10,10,6,0,0,1,0
ggInbSFsN1mZtWcwccyc,UrbanSoccer - Porte d'Aubervilliers,canceled,captain,ChIJ0dXjDCZs5kcRvX0EpMwxsUY,48.9074912&2.3746518,2024-02-13T16:15:00.000Z,120,14,public,true,Détente,2,V0vLvWlVCYhoVqS77yMqYmMpxnp1,8,10,0,0,0,0,0
ggzsq3QGvRNlw9KcFcZT,Play Soccer,played,captain,ChIJQ-UxZn-5rhIRKWoQydM5T9s,43.5512023&1.4098927,2024-02-08T11:30:00.000Z,60,8,public,false,,,8LtkeOuZHeePxfkXdNPmQSr7V9L2,10,10,2,0,0,0,0
giqEV0nXcA7BeA7Rpu9j,Stadium Thiais,hidden,pro,ChIJ64X9jzx05kcRsHvSfOv6UcA,48.7511024&2.3713455,2024-02-09T20:00:00.000Z,90,15,public,false,,,psf3NmXEPwdCltHKJC7VuvJocrF3,0,10,0,0,0,0,0
gkFajXXlua9kBXjNTreG,Foot-Max Argenteuil,canceled,captain,ChIJi9oIzaRm5kcRJYcK7QsdRMU,48.9501569&2.2093741,2024-02-11T18:00:00.000Z,90,12,private,false,Compétition,4,EBkyQKZSThSt50tqVxjcFaiJK922,4,10,0,0,0,0,0
glX8LlzFPRvo7sL7FIu3,LE FIVE Paris 18,played,pro,ChIJpVT4_n1u5kcRzji6FdTBXXo,48.8978522&2.3700234,2024-02-17T21:30:00.000Z,90,10,public,false,,,UQf33jQhVZhle917nO0h7D5qclV2,10,10,5,0,0,0,6
glhmmWp6kXrK3i1j00x8,Stade Des Courtilles,canceled,captain,ChIJ83HS9ldv5kcR-plMKkHPNTA,48.929137&2.2834726,2024-02-11T17:30:00.000Z,150,,public,false,Compétition,4,OKhfkxDKMDS9m7GyDTrjVlKnvko1,7,14,0,0,0,0,0
gnOblF95oUZ8eGIJLLYM,LE FIVE Sarcelles,published,captain,ChIJ6_q3Fxhq5kcRCpoEwnoXX1Q,48.99782219999999&2.3902225,2024-02-04T21:00:00.000Z,120,10,public,false,Détente,,SGuEHBTVYmf3lbEad0P7i9ITSAs2,4,10,0,0,0,0,0
gnlwzDH6U8GGPvsAgAmd,LE FIVE Paris 18,draft,captain,ChIJpVT4_n1u5kcRzji6FdTBXXo,48.8978522&2.3700234,2024-02-09T19:00:00.000Z,60,,public,false,,,WwUq7bFMu7dGKfspToX9zVQjpJB2,0,0,0,0,0,0,0
gq4tLAj417EnHmqN5XsG,UrbanSoccer - Puteaux,played,captain,ChIJM_sC0-Nk5kcRhL1y_EFIje8,48.8836397&2.2312283,2024-02-04T10:00:00.000Z,60,14,public,true,Compétition,5,yM6Gps47XufXWvxE6lbYznazwJA3,10,10,2,0,0,0,1
grNtZiRlgG5PK0Hnshww,City stade de la Gravière,canceled,captain,ChIJlWwpFZnt9EcR8KsQCBd5CHQ,45.7315869&4.7791329,2024-02-11T08:45:00.000Z,90,,public,false,Détente,,w3AnX7uWgJc7BarLiBrWplP1RAV2,7,10,0,0,0,0,0
gtOIBXCjXkNOjYLLVTv4,LE FIVE Marville - La Courneuve,published,captain,ChIJ2dHdMZxr5kcR0aKYHYsp0pY,48.9364404&2.3869147,2024-02-08T20:30:00.000Z,90,13,private,false,Détente,2,qprDASpz0Dg8ax2ZL7FV3wjVFL02,9,10,0,0,0,0,0
gtsIk5UfAyPHfsn1sfLA,LE FIVE Montreuil,published,pro,ChIJJdTQjr0T5kcRZmGxtIJVy44,48.8613036&2.4653095,2024-02-13T21:30:00.000Z,90,13.5,public,false,,,u9uC1vjdcdQ3UqNxI0SiFxor0m43,0,10,0,0,0,0,0
guPdBd5Pg4zsaqRrTtfz,UrbanSoccer La Défense,played,captain,ChIJh4rnfVhk5kcRV2Q-ZKdm8vA,48.8996456&2.2216773,2024-02-03T18:30:00.000Z,90,8.5,public,true,Détente,2,PvDQsexRENaHtU0ljK3p2C1BwKo1,10,10,3,0,0,0,6
gv4644t3ufCcVW6NjgOj,LE FIVE Sarcelles,played,captain,ChIJ6_q3Fxhq5kcRCpoEwnoXX1Q,48.99782219999999&2.3902225,2024-02-12T18:45:00.000Z,60,10,public,false,Détente,4,xGqbyGMIOOSZWB8dDdIT0rqQ39u2,10,10,3,0,0,0,1
gwThtdiwhvWBKK5ODSVN,Speed Soccer Five,canceled,captain,ChIJ2xTNglV25kcR3UDi4AXGfDU,48.7360598&2.315058,2024-02-15T17:00:00.000Z,90,13,public,false,Détente,3,ausjLaB8ySbGDRZ5flISejVrjmh2,9,10,0,0,0,0,0
gxY5f8356r7tGkova55y,LE FIVE Paris 18,hidden,pro,ChIJpVT4_n1u5kcRzji6FdTBXXo,48.8978522&2.3700234,2024-02-13T13:00:00.000Z,90,8,public,false,,,UQf33jQhVZhle917nO0h7D5qclV2,0,10,0,0,0,0,1
h4L4F82iEDOCOQDvNpkH,UrbanSoccer La Défense,played,captain,ChIJh4rnfVhk5kcRV2Q-ZKdm8vA,48.8996456&2.2216773,2024-02-14T19:00:00.000Z,60,15,public,true,Détente,3,UOOLiWUVUHWtIprdExUrFci7G5D3,10,10,4,0,0,0,2
h6le5lje1wIfBhJsMadx,Play Soccer,played,captain,ChIJQ-UxZn-5rhIRKWoQydM5T9s,43.5512023&1.4098927,2024-02-02T16:30:00.000Z,60,9,public,false,Détente,,DWh92QLnudQobaf8k1DTr22NOzT2,10,10,2,0,0,0,0
h774g6Ru0eKgXgnRIeWZ,Stadium Thiais,played,pro,ChIJ64X9jzx05kcRsHvSfOv6UcA,48.7511024&2.3713455,2024-01-31T18:00:00.000Z,90,15,public,false,,,psf3NmXEPwdCltHKJC7VuvJocrF3,10,10,8,0,1,7,3
h8l5SIQ8ftDo2ZqFgWU1,UrbanSoccer Meudon,canceled,captain,ChIJ0WKvjbh75kcRoqSmyWwW2jQ,48.80013599999999&2.2140811,2024-02-07T20:30:00.000Z,90,15,public,true,Détente,3,SEtmCWG4hpdCJdWKljNFyCfzdZ03,8,10,0,0,0,0,0
hBKZCGcKyALh6tXjCvLr,UrbanSoccer La Défense,played,captain,ChIJh4rnfVhk5kcRV2Q-ZKdm8vA,48.8996456&2.2216773,2024-02-12T17:00:00.000Z,60,13.5,public,true,Détente,4,WmEIitt9Uwg5axn6vQTP95QfodX2,10,10,2,0,0,0,2
hDxiUierP67cOye0wTFM,Complexe Sportif Eric Tabarly,played,captain,ChIJ9a8PKZ535kcRgCm9gWkP4oc,48.7360814&2.2853616,2024-02-10T08:30:00.000Z,90,,public,false,Détente,3,Dohg1zNvhsbmGrYuAmExKFyjruw2,12,12,0,0,0,0,0
hDyq94ESLjnlsKi40Mqc,UrbanSoccer - Puteaux,canceled,captain,ChIJM_sC0-Nk5kcRhL1y_EFIje8,48.8836397&2.2312283,2024-02-08T18:15:00.000Z,60,13,public,true,Compétition,3,EOGY3s0MXkU1s0wbvfZwpxh2PM93,6,10,0,0,0,0,0
hERoOUCazIhnTynU6wac,LE FIVE Montreuil,published,pro,ChIJJdTQjr0T5kcRZmGxtIJVy44,48.8613036&2.4653095,2024-02-19T11:00:00.000Z,60,7,public,false,,,u9uC1vjdcdQ3UqNxI0SiFxor0m43,2,10,0,0,0,0,0
hHbR7UJFYcKfMx2g9dyA,LE FIVE Paris 13,canceled,captain,ChIJ_bOSChhz5kcRZMTeq_6Gdzg,48.8181615&2.3658793,2024-02-04T10:00:00.000Z,90,,private,true,Détente,3,88OhFhGHBxXJ1nUXkKtfGjsptKi2,10,10,0,0,0,0,0
hHpW9NfpyWmaQaFGwGQB,Massilia Foot Indoor 2,published,captain,ChIJxZ6UmMW-yRIRfYNGGPPJfIU,43.3266563&5.3836488,2024-02-15T19:00:00.000Z,60,9,private,false,Compétition,3,Eb81jThcRtagWIKQNgsPlp9klkB2,9,10,0,0,0,0,0
hIKR2rPYFM5RgF68pSfF,Speed Soccer Five,published,pro,ChIJ2xTNglV25kcR3UDi4AXGfDU,48.7360598&2.315058,2024-02-10T16:30:00.000Z,90,10,public,false,,,MkTJljXziPXBdRdijccndMLBNCC3,0,10,0,0,0,0,0
hJ8FS20sfJUC7Aw2K2Oq,LE FIVE Créteil,published,pro,,48.7643086&2.4706522,2024-02-07T16:00:00.000Z,60,7,public,false,,,ZmXMWx7aTdPoPkkGOWa2HIQVblq2,0,10,0,0,0,0,1
hKQ1Qfr0SfnlLuWxW3zW,UrbanSoccer La Défense,canceled,captain,ChIJh4rnfVhk5kcRV2Q-ZKdm8vA,48.8996456&2.2216773,2024-02-04T09:45:00.000Z,90,21,public,true,Compétition,4,VlVkIVnCzNXIsoJTKeeKhhgV3Cl1,9,10,0,0,0,0,0
hMvnqyooYpsRJy5Php91,UrbanSoccer La Défense,canceled,captain,ChIJh4rnfVhk5kcRV2Q-ZKdm8vA,48.8996456&2.2216773,2024-02-16T21:30:00.000Z,60,15,public,true,Competition,,OLYEZmaF2WXuN9CrFarrhJprszn1,8,10,0,0,0,0,0
hNQDfJZQHQwtrmOeAXJq,Stadium Thiais,published,pro,ChIJ64X9jzx05kcRsHvSfOv6UcA,48.7511024&2.3713455,2024-02-05T19:00:00.000Z,90,15,public,false,,,psf3NmXEPwdCltHKJC7VuvJocrF3,0,12,0,0,0,0,2
hNbPEVGIex15antVIRES,UrbanSoccer - Porte d'Aubervilliers,canceled,captain,ChIJ0dXjDCZs5kcRvX0EpMwxsUY,48.9074912&2.3746518,2024-02-08T18:30:00.000Z,90,20,public,true,Détente,4,1HvuEta7hXad71LJsqJzTsiJtL52,8,10,0,0,0,0,0
hO4hddXicIXSjds8fMg8,Stadium Thiais,published,pro,,48.7511024&2.3713455,2024-01-31T14:00:00.000Z,90,8,public,false,,,psf3NmXEPwdCltHKJC7VuvJocrF3,1,10,0,0,0,0,0
hOmW6L2MQDKMzA0uWVmH,LE FIVE Paris 18,published,pro,ChIJpVT4_n1u5kcRzji6FdTBXXo,48.8978522&2.3700234,2024-02-13T10:00:00.000Z,90,8,public,false,,,UQf33jQhVZhle917nO0h7D5qclV2,0,10,0,0,0,0,4
hR5dHq5qWohPeWiQbVAt,Le Street Foot en Salle,published,pro,ChIJt_AXL6Jg5kcRu6rBmnrmeUM,49.0164435&2.181307,2024-02-19T14:00:00.000Z,120,10,public,false,,,bsRK7e37BkUbETMq0Tg3lbm8Fao2,0,10,0,0,0,0,1
hRJZ4YwMZjPohCmEMwZ7,LE FIVE Paris 18,played,captain,ChIJpVT4_n1u5kcRzji6FdTBXXo,48.8978522&2.3700234,2024-02-15T19:30:00.000Z,60,14,public,true,Détente,,rqmpdjkWKyNrc3KzbV4cXopa6wR2,10,10,1,0,0,0,1
hTvXCqnTmku7hZy97nyz,UrbanSoccer - Marne-La-Vallée,published,captain,ChIJ6bDBiosP5kcROXiloHzSdhc,48.82658600000001&2.6296937,2024-02-17T10:30:00.000Z,90,12,public,true,Détente,2,5RZCeCcAdWh3cZGKj8uebbbKZ7B2,7,10,0,0,0,0,0
hVBDnBX0NpfZND0oEc9b,LE FIVE Montreuil,canceled,captain,ChIJJdTQjr0T5kcRZmGxtIJVy44,48.8607303&2.4650432,2024-02-08T19:30:00.000Z,90,16.5,public,false,Compétition,4,O5Xtgn2M4xcy8dQVEhzZ20zUzPU2,6,10,0,0,0,0,0
hVzIwUqT6s8mUfwLMYuS,LE PARK Complexe Multisports,played,captain,ChIJMU8gErUJ5kcRSnpvacKwFtM,48.71189589999999&2.5771181,2024-02-05T20:30:00.000Z,90,15,public,false,Détente,,Gx04ZxR4hlda7mFV4XiWZKffbmJ2,10,10,2,0,0,0,1
hWQjPBKD7uRsfRVzIKMm,Play Soccer,published,captain,ChIJQ-UxZn-5rhIRKWoQydM5T9s,43.5512023&1.4098927,2024-02-01T11:30:00.000Z,60,8,public,false,,,8LtkeOuZHeePxfkXdNPmQSr7V9L2,5,10,0,0,0,0,0
hYcMkTW9OdEbMOOQVJrB,Firefoot,canceled,captain,ChIJ0zSROfj15kcR4l0wrCcYPMk,49.0275342&2.1040185,2024-02-07T18:30:00.000Z,90,13,public,false,Détente,3,WMvRUurJWkUwYw3W4IYIyYT9BOt1,8,10,0,0,0,0,1
hYqMZORdmR3p09YDH97U,Play Soccer,canceled,captain,ChIJQ-UxZn-5rhIRKWoQydM5T9s,43.5512023&1.4098927,2024-02-15T19:00:00.000Z,60,10,public,false,,,8LtkeOuZHeePxfkXdNPmQSr7V9L2,10,10,0,0,0,0,0
hcSHaEUN7N1b1lLvXwnd,Stade Suzanne Lenglen,played,captain,,48.83101689999999&2.272363,2024-02-05T09:45:00.000Z,90,,public,false,Détente,3,NJxBoCMTp6TyjzUGjNXAqxTk2WM2,16,16,12,0,0,0,9
hdflrYG59JB5xatZwZaA,Parc Interdépartemental des Sports du Tremblay,played,captain,ChIJBVkfrQ4N5kcRGi-XnNQN_yo,48.8281085&2.491365,2024-02-18T14:00:00.000Z,120,,public,false,Compétition,,pKElqoFPmqUcPp7ox6TyRmakNoU2,10,10,3,0,0,0,2
hfUISJhDHzANOxlQxoSy,Foot POWER 5,canceled,pro,,48.960066&2.2061913,2024-02-01T21:30:00.000Z,90,7,public,false,,,sss3dYi6nzWd7rEjwcQ30LGKudj1,0,10,0,0,0,0,0
hg5f45mqpEVyT3wBzx9H,Stadium Thiais,published,pro,ChIJ64X9jzx05kcRsHvSfOv6UcA,48.7511024&2.3713455,2024-02-14T17:30:00.000Z,90,10,public,false,,,psf3NmXEPwdCltHKJC7VuvJocrF3,0,10,0,0,0,0,0
hiZf3pBZt93naUkPGqjM,Game 13 foot indoor,played,captain,ChIJNSDvlsXryRIRUXao9hwB79I,43.41258939999999&5.366617,2024-02-04T19:00:00.000Z,60,10,public,false,Détente,3,tNI5PAPgX0MDq6T4GlwP3d2ndaO2,10,10,5,0,0,0,0
hkJqC5dIMxCkL1OJqYew,Soccer Five,played,captain,ChIJp0K53sp55kcR61-WTU8Yv5k,48.7368129&2.2591558,2024-02-17T10:00:00.000Z,90,,private,false,Détente,3,Dohg1zNvhsbmGrYuAmExKFyjruw2,10,10,0,0,0,0,0
hlkI7EQi19BDCIdGAP6F,LE FIVE Bezons,played,pro,ChIJ04KEHBZk5kcRoDWLaMOCCwQ,48.91909&2.2093051,2024-02-13T17:00:00.000Z,60,7,public,false,,,U3MriTZbPbTUEsU6RtRuHxDMKvg2,10,10,7,0,0,0,4
hmPQMp5khMdzkeIBgMwe,LE FIVE Paris 18,played,captain,ChIJpVT4_n1u5kcRzji6FdTBXXo,48.8978522&2.3700234,2024-02-10T18:00:00.000Z,90,15,public,true,Détente,3,uPlaWj2xSHMgJEtIo0vOlQu8n2X2,4,10,8,0,0,0,1
hpqgZ0f3bCs0YCr8ERiC,LE FIVE Morangis,played,captain,ChIJA4uAhOXZ5UcRp-vZXZP-ovY,48.692672&2.3192811,2024-02-04T09:30:00.000Z,90,15,public,false,Détente,3,BfVmAwOWU5TC02ZJfbvMeslitCh2,10,10,2,0,0,0,3
hqFCsIkOV1h5D0Uvy2sq,Events Five,played,captain,ChIJf8cSCJG5rhIRoQadPH-wW1U,43.5399703&1.3922897,2024-02-06T18:00:00.000Z,60,9,public,false,Détente,3,r88cZbnzedV2RF1d3PB371hbCog1,10,10,1,0,0,0,0
hqUBK0GgR6VxK8KDYDub,LE FIVE Paris 13,played,captain,ChIJ_bOSChhz5kcRZMTeq_6Gdzg,48.8181615&2.3658793,2024-02-18T10:00:00.000Z,60,14,public,true,Chill,2,yOqLCjsERJOMq9WVGWLYC8FIlKm2,10,10,0,0,0,0,1
hqyVXdJecONrpbILltZd,UrbanSoccer - Marne-La-Vallée,canceled,captain,ChIJ6bDBiosP5kcROXiloHzSdhc,48.82658600000001&2.6296937,2024-02-18T10:30:00.000Z,90,12,public,true,Détente,2,5RZCeCcAdWh3cZGKj8uebbbKZ7B2,7,10,0,0,0,0,0
hrmWGmluaQmNRG3i9h4E,UrbanSoccer - Porte d'Aubervilliers,played,captain,ChIJ0dXjDCZs5kcRvX0EpMwxsUY,48.9074912&2.3746518,2024-02-13T17:15:00.000Z,60,11,public,true,Détente,2,JRKBv9cnpnU6IW3cuPheUSDNpVt2,10,10,1,0,0,0,0
hs4s1c5l9dxZRIFkGgQI,UrbanSoccer - Toulouse Montaudran,played,captain,ChIJl772e0u8rhIR2foRX4Xa2CI,43.574642&1.4801835,2024-02-18T18:00:00.000Z,60,9.5,public,true,Détente,3,avKJSzRSupMiFKc3xCym3DTQFL33,10,10,0,0,0,0,0
huOA7G9B9QK0EkQEIpb0,Centre Sportif Maryse Hilsz,canceled,captain,ChIJgY6iBYxt5kcRHD7TB4jAHV4,48.8520783&2.4128877,2024-02-18T12:00:00.000Z,120,,public,false,Détente,3,cvDBySgDrWXR44ZdyzO0GwpbX8u2,1,16,0,0,0,0,0
hwvljMSapBAaF5F7KiAN,UrbanSoccer La Défense,played,captain,ChIJh4rnfVhk5kcRV2Q-ZKdm8vA,48.8996456&2.2216773,2024-02-08T21:00:00.000Z,60,14,public,true,Détente,3,UG23bh92yeTazTzl6luByxrPhHf1,10,10,2,0,0,0,0
hyapQfTZpXXkmJr3He53,UrbanSoccer - Asnières,played,captain,ChIJi5LkLT9v5kcRSlhScqEFNWs,48.92192379999999&2.3068311,2024-02-15T21:00:00.000Z,60,8.5,public,true,Compétition,3,KIDY2mtcbLODatrZd7WzKFTauxW2,10,10,4,0,0,0,1
hyeLteUixTdrRbxaMU42,UrbanSoccer - Nantes St-Sébastien,published,captain,ChIJAyKrntzoBUgRF09hrORC2nc,47.1902798&-1.4846704,2024-02-09T20:00:00.000Z,90,10,public,true,Détente,3,giYynUtuWZhtdZlbggc6OrUoCsT2,9,10,0,0,0,0,0
hz4KM6ISEWAMAVPVVD1X,Stade Charles Auray,published,captain,ChIJBfReMqht5kcRUYj5USqKSSg,48.8867219&2.4165524,2024-02-19T18:50:00.000Z,90,,public,false,Compétition,5,1LDJWrjBcJPRiS8a2m1todvXiJM2,14,14,0,0,0,0,0
i07zlKB7hGT8e9nezLUC,Stadium Thiais,published,pro,,48.7511024&2.3713455,2024-02-09T15:00:00.000Z,90,8,public,false,,,psf3NmXEPwdCltHKJC7VuvJocrF3,0,10,0,0,0,0,1
i2avUS7Ya3aspZUTyhcI,UrbanSoccer - Puteaux,canceled,captain,ChIJM_sC0-Nk5kcRhL1y_EFIje8,48.8836397&2.2312283,2024-02-10T11:30:00.000Z,60,13.5,public,true,Détente,2,twygy8xhx3hdyDfwShTbnaVFqDC2,10,10,0,0,0,0,0
i2f2VF6JGF1YhZ6CBiVi,UrbanSoccer La Défense,published,captain,ChIJh4rnfVhk5kcRV2Q-ZKdm8vA,48.8996456&2.2216773,2024-02-17T09:00:00.000Z,60,13.5,public,true,Détente,2,5Jb3ykDmZSRZdgHyzX62ADfGlz13,9,10,0,0,0,0,2
i3uAN6OsDp2cEPRkxxmJ,Top Ten,played,pro,,48.8729106&2.6840919,2024-01-31T16:00:00.000Z,90,5,public,false,,,i27253AGxOfXgYJK72sBnvUGuMk2,10,10,7,0,0,0,6
i7xzJeJzp7XRdxC98uv2,Terrain n°23 du Parc Interdépartemental Des Sports de Choisy,published,captain,ChIJvZZjB3515kcRzK_dHETXJkc,48.7699126&2.4314566,2024-02-01T19:30:00.000Z,90,,public,false,Compétition,4,cJe8pjn4xkTpWqLmezIS1Llbc613,13,14,0,0,0,0,1
i8D9Pqk0DzfRbdwLGyRu,Stadium Thiais,published,pro,,48.7511024&2.3713455,2024-02-08T15:00:00.000Z,90,8,public,false,,,psf3NmXEPwdCltHKJC7VuvJocrF3,0,10,0,0,0,0,0
i8tBNdhWfsYnTbDdisDV,Halle Georges Carpentier,canceled,captain,ChIJnXkSwCty5kcR-nlHXNFQlg4,48.82020139999999&2.3672361,2024-02-15T14:30:00.000Z,120,,public,false,Détente,,FYfgfT1shkXXyaMI4sZTA7d9Qdw2,1,12,0,0,0,0,0
iAeEhPZ2Ez95ltq4odvM,Stade de la grenouillère,canceled,captain,ChIJ72-ON8135kcR__Ke_xtObCM,48.763303&2.2958683,2024-02-17T09:30:00.000Z,120,,public,false,Détente,3,no9aGJapofRRjh3FuL3nyou2xXH3,8,16,0,0,0,0,0
iCB56rHZMA4Wm7T20Pyp,Foot-Max Argenteuil,played,captain,ChIJi9oIzaRm5kcRJYcK7QsdRMU,48.9501569&2.2093741,2024-02-02T18:30:00.000Z,60,,public,false,Compétition,5,ARM6pbsX0uYvS3pJMno8oMBZhT92,10,10,2,0,0,0,0
iCazYfj8lQppj5NGUIxZ,Game 13 foot indoor,played,captain,ChIJNSDvlsXryRIRUXao9hwB79I,43.41258939999999&5.366617,2024-02-10T17:00:00.000Z,60,10,public,false,Détente,4,RPwfyrL30dS1yvyJwGrn0z2HgSa2,10,10,5,0,0,0,1
iDUlqpHU6FfdDnOxBro2,UrbanSoccer - Lille Bondues,canceled,captain,ChIJ58ZerMgrw0cR2Jyp7tZjBn4,50.6913774&3.0860264,2024-02-02T21:15:00.000Z,90,5,public,true,Détente,3,p059i8qfxARidCRiafJwefCFvjg1,10,10,0,0,0,0,0
iDpey45fAYq1lOqBB4Gt,Spot FUTSAL,published,captain,ChIJwdUawmfVwkcRaNLo_CmNii0,50.6106345&3.0624494,2024-02-07T11:30:00.000Z,60,8,public,false,Détente,3,ksxbYvJWgrTdEXMGoG02kM46XkW2,7,8,0,0,0,0,0
iEGjkVEv7wEsqwaytpcq,LE FIVE Bobigny,published,pro,,48.901553&2.4313304,2024-02-06T22:00:00.000Z,60,8,public,false,,,4owi3i7t8EOvFNF6UQvACOpiDRy1,0,10,0,0,0,0,0
iETGvRO5KVI3DX5wmcQ0,LE FIVE Sarcelles,played,captain,ChIJ6_q3Fxhq5kcRCpoEwnoXX1Q,48.99782219999999&2.3902225,2024-02-08T19:00:00.000Z,90,10,public,false,Compétition,5,IoAhuD1JDofQbI5j8k8uBsyaRr22,10,10,3,0,0,0,1
iEccAbz0jN3peotqjTPL,UrbanSoccer - Puteaux,canceled,captain,ChIJM_sC0-Nk5kcRhL1y_EFIje8,48.8836397&2.2312283,2024-02-18T19:30:00.000Z,60,13,public,true,Compétition,5,I7jKAvu08EhOmmaRvnBpys2cviu2,9,10,0,0,0,0,3
iFoh0BWTOBPbBYzaQZgG,Footbox,published,pro,ChIJY-WkusIR5kcR-tEad3UtaSQ,48.9022789&2.582647,2024-02-19T20:00:00.000Z,60,10,public,false,,,QI89VPazyLhBVnWH871jk4BUEZI3,0,10,0,0,0,0,0
iIa4afj3GXqijuZ4eysq,Plaine des Jeux de Gerland,played,captain,ChIJBYG18IPp9EcRUNpTJFdu8f0,45.7213257&4.8272967,2024-02-08T17:30:00.000Z,90,,public,false,Compétition,3,5USGl81JMWeo3fNqNyx50I6L4992,16,16,4,0,0,0,2
iImXsxiXoHOu7BQAKCqa,LE FIVE Bobigny,published,pro,,48.901553&2.4313304,2024-01-30T22:00:00.000Z,60,8,public,false,,,4owi3i7t8EOvFNF6UQvACOpiDRy1,0,10,0,0,0,0,0
iJ0IF4RbYPvc88vj6CMy,LE FIVE Paris 18,played,captain,ChIJpVT4_n1u5kcRzji6FdTBXXo,48.8978522&2.3700234,2024-01-30T19:00:00.000Z,60,14,public,true,Détente,3,amf7QBEzVPaX2TGHU10bDzpLniq1,10,10,3,0,0,0,1
iPHgaz81SuLRzerGmiqP,Stadium Thiais,published,pro,ChIJ64X9jzx05kcRsHvSfOv6UcA,48.7511024&2.3713455,2024-02-08T21:00:00.000Z,90,14,public,false,,,psf3NmXEPwdCltHKJC7VuvJocrF3,0,10,0,0,0,0,1
iQxWUYutRwakuh37XkWh,Stadium Thiais,published,pro,ChIJ64X9jzx05kcRsHvSfOv6UcA,48.7511024&2.3713455,2024-02-13T14:00:00.000Z,90,8,public,false,,,psf3NmXEPwdCltHKJC7VuvJocrF3,0,10,0,0,0,0,0
iReBF8Fp1ZHeZlTeeW4n,Foot-Max Argenteuil,hidden,pro,ChIJi9oIzaRm5kcRJYcK7QsdRMU,48.9501632&2.2093946,2024-02-07T20:30:00.000Z,90,12,public,false,,,SuEnyPZ4TgNIkt1yap2yJ3ZHO6p1,0,10,0,0,0,0,1
iSWsz0jahHIcRZpKPHQB,LE FIVE Paris 18,played,pro,,48.8978522&2.3700234,2024-02-01T21:20:00.000Z,90,10,public,false,,,UQf33jQhVZhle917nO0h7D5qclV2,10,10,2,0,0,0,4
iU8Mf6LZCvmtiwQi5407,Stadium Thiais,hidden,pro,,48.7511024&2.3713455,2024-02-04T09:30:00.000Z,90,15,public,false,,,psf3NmXEPwdCltHKJC7VuvJocrF3,0,10,0,0,0,0,0
iVlOM0CqzJbtCHKqwLYM,LE FIVE Montreuil,published,pro,,48.8613036&2.4653095,2024-01-30T09:00:00.000Z,60,7,public,false,,,u9uC1vjdcdQ3UqNxI0SiFxor0m43,0,10,0,0,0,0,0
iVmtb4jA3XLNzumXQLCS,Stadium Thiais,published,pro,ChIJ64X9jzx05kcRsHvSfOv6UcA,48.7511024&2.3713455,2024-02-14T18:00:00.000Z,90,10,public,false,,,psf3NmXEPwdCltHKJC7VuvJocrF3,0,10,0,0,0,0,0
iWYsZAPJZ5N7y39YSnBe,Top Ten,published,pro,ChIJfXprBx4b5kcRmhe-5pLZUek,48.8729106&2.6840919,2024-02-03T11:00:00.000Z,90,15,public,false,,,i27253AGxOfXgYJK72sBnvUGuMk2,0,10,0,0,0,0,0
iZXfiCyZIigDMFnfyQsS,UrbanSoccer - Marne-La-Vallée,canceled,captain,ChIJ6bDBiosP5kcROXiloHzSdhc,48.82658600000001&2.6296937,2024-02-04T17:45:00.000Z,90,15,public,true,Détente,2,gstDTGHq0jXJ8LuITLkwXD81kAp2,8,10,0,0,0,0,0
iZezXvFvzIZvRq2BjqR1,UrbanSoccer - Puteaux,canceled,captain,ChIJM_sC0-Nk5kcRhL1y_EFIje8,48.8836397&2.2312283,2024-02-07T21:30:00.000Z,60,9,public,true,Compétition,,Tdbb5p508dVAW12sHB2CCgEjC1v1,10,10,0,0,0,0,0
icfKsVbNzvav1PlAbtMb,Élite 5 Soccer,canceled,captain,ChIJ5-jfdlZk5kcRYIaELgvikaM,48.9009153&2.2297275,2024-02-10T14:00:00.000Z,60,11.5,public,true,Détente,3,OJknS6xEHQg7gnie3oJA8tPlh953,9,10,0,0,0,0,1
idSs6Emj8eIbBb3KEZ7G,Stadium Thiais,canceled,captain,ChIJ64X9jzx05kcRsHvSfOv6UcA,48.7511137&2.3715422,2024-02-18T09:30:00.000Z,90,15,public,false,Détente,1,T0gYd02mAcQ3nFRaDLdSQvaj8WW2,3,12,0,0,0,0,0
ie4Y7eifkZaItsaAyluG,LE FIVE Bezons,played,captain,ChIJ71Mv0Wpk5kcRg-H9x7L-dXo,48.9190524&2.211796,2024-02-03T17:30:00.000Z,90,13.5,public,true,Compétition,,6jx3qyjJjmd0lpo4579xf33gMXy2,10,10,8,0,0,1,2
ievXQH7Dlou8WE2TIHJh,LE FIVE Bezons,played,pro,,48.91909&2.2093051,2024-01-30T17:00:00.000Z,60,7,public,false,,,U3MriTZbPbTUEsU6RtRuHxDMKvg2,10,10,4,1,0,0,1
ijm3hoXLryFbDAPQWnbU,LE FIVE Villette,played,captain,ChIJTUFnQjps5kcR0pHITLTw1PI,48.9070122&2.3861459,2024-02-04T18:15:00.000Z,60,12,public,false,Compétition,4,N1sS8BeasBdXbZo48sG5hR7kQ9e2,10,10,1,0,0,0,1
ikjDuOnlTySSaZDHgIZg,Foot POWER 5,canceled,pro,ChIJuTCIFshm5kcRBtEQJ76dAzc,48.960066&2.2061913,2024-02-14T17:00:00.000Z,90,5,public,false,,,sss3dYi6nzWd7rEjwcQ30LGKudj1,0,10,0,0,0,0,0
ilCdBWIFGqO2e8umTYNc,B14 - Sports et Loisirs Indoor,canceled,captain,ChIJaeLKMYXe5UcRHyWJ8X8FaPA,48.62229&2.3800445,2024-02-04T14:00:00.000Z,90,13.5,public,false,Détente,3,QSn7KYYzV9dh5vLzuWQIoRd7lJL2,9,10,0,0,0,0,0
imkhuPj7Xiv4KmS9Sjt6,Cité des Sports,published,captain,ChIJ70UPf6R75kcRGb3NAV9k7Ww,48.8247744&2.2650728,2024-02-13T20:30:00.000Z,60,13,public,false,Compétition,3,UbgLgcybQfgzUI2aordvHzWdANz2,9,10,0,0,0,0,0
ipvP6qOcJKIndoXayWvN,Stadium Thiais,published,pro,ChIJ64X9jzx05kcRsHvSfOv6UcA,48.7511024&2.3713455,2024-02-13T18:00:00.000Z,90,15,public,false,,,psf3NmXEPwdCltHKJC7VuvJocrF3,1,10,0,0,0,0,0
irf6cZ9dkfXm3eGZKGgJ,LE FIVE Paris 18,canceled,captain,ChIJpVT4_n1u5kcRzji6FdTBXXo,48.8978522&2.3700234,2024-02-16T18:00:00.000Z,90,17.5,public,true,Détente,2,xEO5VkzwtYRyUAYH3ksEAKwTEvA3,11,12,0,0,0,0,0
is0zdmvtq99yersRRkRX,Top Ten,published,pro,,48.8729106&2.6840919,2024-02-07T21:30:00.000Z,90,16.5,public,false,,,i27253AGxOfXgYJK72sBnvUGuMk2,0,10,0,0,0,0,0
itTaNc1janPLZmWSpq1D,LE FIVE Montreuil,played,pro,,48.8613036&2.4653095,2024-02-03T17:30:00.000Z,90,15,public,false,,,u9uC1vjdcdQ3UqNxI0SiFxor0m43,10,10,3,0,0,0,2
itf8VQHatlWKcBvIKutz,Foot-Max Argenteuil,published,pro,ChIJi9oIzaRm5kcRJYcK7QsdRMU,48.9501632&2.2093946,2024-02-09T17:00:00.000Z,90,12,public,false,,,SuEnyPZ4TgNIkt1yap2yJ3ZHO6p1,0,10,0,0,0,0,0
iu1jIBus12RaEa4OYtgu,UrbanSoccer - Porte d'Aubervilliers,played,captain,ChIJ0dXjDCZs5kcRvX0EpMwxsUY,48.9074912&2.3746518,2024-02-03T19:15:00.000Z,60,10.5,public,true,Compétition,3,amHMfBbWcNS4PAlvRqdXMgrrLd83,10,10,2,0,0,0,1
iuio8h3XvtBVXY1EnhD4,Game 13 foot indoor,played,captain,ChIJNSDvlsXryRIRUXao9hwB79I,43.41258939999999&5.366617,2024-02-12T19:30:00.000Z,90,13,public,false,Détente,3,fZqqBviIBiSg9OzpFtxc36g9he42,10,10,2,0,0,0,1
iwRnX8pNfCz2kEzzByWY,UrbanSoccer - Porte d'Aubervilliers,canceled,captain,ChIJ0dXjDCZs5kcRvX0EpMwxsUY,48.9074912&2.3746518,2024-02-06T19:15:00.000Z,90,20.5,public,true,Détente,3,Ao7R9gMW48ZHLaVEkwrKCs83GLt1,9,10,0,0,0,0,0
iwc2swtDyIXJRv2RCEvh,LE FIVE Montreuil,published,pro,ChIJJdTQjr0T5kcRZmGxtIJVy44,48.8613036&2.4653095,2024-02-16T22:00:00.000Z,60,8,public,false,,,u9uC1vjdcdQ3UqNxI0SiFxor0m43,6,10,0,0,0,0,0
iy4onY9Z8Tzuke0HCVta,Stadium Thiais,published,pro,,48.7511024&2.3713455,2024-02-01T14:00:00.000Z,90,8,public,false,,,psf3NmXEPwdCltHKJC7VuvJocrF3,0,10,0,0,0,0,0
iyDKliuBWHCLLgmg3P4t,Top Ten,played,pro,,48.8729106&2.6840919,2024-02-01T16:00:00.000Z,90,5,public,false,,,i27253AGxOfXgYJK72sBnvUGuMk2,10,10,9,0,0,0,8
iyJSSawrDpzmmIDRnCZr,LE FIVE Montreuil,published,pro,,48.8613036&2.4653095,2024-01-29T22:00:00.000Z,60,8,public,false,,,u9uC1vjdcdQ3UqNxI0SiFxor0m43,0,10,0,0,0,0,0
j09FgCCIXSTJK7TQqcxC,Le Street Foot en Salle,played,captain,ChIJt_AXL6Jg5kcRu6rBmnrmeUM,49.0164435&2.181307,2024-02-07T16:00:00.000Z,90,13,public,false,Détente,2,AnhCATRjGrVgKJv7NPeaD7X2ney2,10,10,0,0,0,0,1
j15HNOqFoxdNZF2pHvns,LE FIVE Paris 13,canceled,captain,ChIJ_bOSChhz5kcRZMTeq_6Gdzg,48.8181615&2.3658793,2024-02-03T11:45:00.000Z,60,13,public,true,Détente,3,Ng8pDjSrG6MVSBWZid7Lv0Yo1Op1,10,10,0,0,0,0,0
j1b8PZjanGPu80tT24bq,Cap Loisirs,played,captain,ChIJ6xl7EP2irhIRG2TbDQazLzE,43.64393279999999&1.4791113,2024-01-31T17:30:00.000Z,90,8,public,false,Détente,2,IGpZvMdua4SB7wycMbxGc5KpLHl2,10,10,2,0,0,0,0
j4HCaXmUb1UZDCndECdK,Speed Soccer Five,published,captain,ChIJ2xTNglV25kcR3UDi4AXGfDU,48.7360598&2.315058,2024-02-01T11:30:00.000Z,60,,public,false,Détente,2,lYNA2QbGrlPuza8zGQGjp0TDWig2,9,10,0,0,0,0,0
j4ZQ8wqepihNntMbkFdW,Stadium Thiais,published,pro,ChIJ64X9jzx05kcRsHvSfOv6UcA,48.7511024&2.3713455,2024-02-17T20:30:00.000Z,90,15,public,false,,,psf3NmXEPwdCltHKJC7VuvJocrF3,0,10,0,0,0,0,0
j5lLsGdD34FDiY5SIwq9,LE FIVE Créteil,published,pro,,48.7643086&2.4706522,2024-02-06T16:00:00.000Z,60,7,public,false,,,ZmXMWx7aTdPoPkkGOWa2HIQVblq2,0,10,0,0,0,0,0
j6PqVMPiOmfn63mY7zVm,LE FIVE Paris 13,played,captain,ChIJ_bOSChhz5kcRZMTeq_6Gdzg,48.8181615&2.3658793,2024-02-04T17:00:00.000Z,60,14,public,true,Chill,2,5OjiDQJlxcQhZ0vknSYDlKt3YHw2,10,10,2,0,0,0,0
j8XgTocKXGjeIDRLQVr1,Centre Sportif Maryse Hilsz,played,captain,ChIJgY6iBYxt5kcRHD7TB4jAHV4,48.8520783&2.4128877,2024-02-06T11:20:00.000Z,150,,private,false,Compétition,5,1Fkzl7JONMQgLkuJEFE1meNaqUI2,16,16,4,0,0,0,2
j8XlcjAyxVuvtxEngAox,Stade Jean Jaurès,played,captain,ChIJZeiwsidk5kcRfr4JxmBG86s,48.9370177&2.2250254,2024-02-03T11:00:00.000Z,120,,public,false,Compétition,4,9RsiW31iSGhaAT8kokv7pIP4bmU2,18,18,13,0,2,0,1
j9KYVqPLC1NWkVo0YOhw,BIG5,played,captain,ChIJsb_7TJFp5kcRSPL5VqZulr4,48.9901429&2.3617895,2024-02-05T19:30:00.000Z,60,10,public,false,Compétition,,aAxTlVFAwGgJFOjck5qyWaNj2FI2,10,10,4,0,0,0,0
j9pW6DqdarTGQdcX4N4T,Sport dans la Ville Rhône-Alpes,played,captain,ChIJoUEDcmvr9EcRILCz6hDCQ2o,45.7811703&4.8081568,2024-02-02T17:30:00.000Z,90,11,public,false,Détente,3,4uPe6492ZjcAwjgjyeJfgClF9lx1,10,10,8,0,0,0,1
jAUbO0m4h0iXstbx0Bqy,UrbanSoccer La Défense,played,captain,ChIJh4rnfVhk5kcRV2Q-ZKdm8vA,48.8996456&2.2216773,2024-01-31T21:00:00.000Z,60,14,public,true,Compétition,3,Pndl4JjXiXMQ6t5zjS4UeIbI9UI3,10,10,5,0,0,0,1
jBFerrecSqvt2gKrOzZ9,UrbanSoccer - Puteaux,played,captain,ChIJM_sC0-Nk5kcRhL1y_EFIje8,48.8836397&2.2312283,2024-02-12T20:00:00.000Z,60,15,public,true,Détente,1,w86XBBkSiUXroD2Dna4GGvjnhtz1,10,10,2,0,0,0,1
jBPqcEzcx1qR6IU9x5Xm,Centre Sportif Hautpoul,published,captain,ChIJ79fuL8Zt5kcRk9e1VH01h_U,48.8847213&2.3874252,2024-02-03T16:45:00.000Z,120,5,public,false,Compétition,,u1d5UxHx7maGj4sc4EU7rDuYr0p2,2,12,0,0,0,0,0
jBnzvTlXFHSOVkvSb4Je,UrbanSoccer La Défense,played,captain,ChIJh4rnfVhk5kcRV2Q-ZKdm8vA,48.8996456&2.2216773,2024-02-02T19:00:00.000Z,60,15,public,true,Chill,4,vQZmIv4IM3cPqh4UyJZxEgLFaU13,10,10,3,0,0,2,4
jCD0iKHrItQordFiKwqz,Stade Gilles Joye,played,captain,ChIJw2BPcJnzyRIRLzzgcSTD9TM,43.5744126&5.3446134,2024-02-12T18:00:00.000Z,60,7,public,false,Détente,,uAEut48qBDUb9yI8BZY79qCquMq1,10,10,8,0,0,0,0
jDnoaufFNLMC5Bui4N0Y,LE FIVE Paris 17,played,captain,ChIJ7eI8sFNv5kcR5xy52Wc57NU,48.900032&2.3213449,2024-02-13T21:00:00.000Z,60,5,public,true,Compétition,,FPDYElDbI8eELHBk16FXJx9PLHB2,10,10,2,0,0,0,1
jE8l9YI5zWu1pLZmnzNB,UrbanSoccer - Toulouse Montaudran,played,captain,ChIJl772e0u8rhIR2foRX4Xa2CI,43.574642&1.4801835,2024-02-11T18:00:00.000Z,60,9.5,public,true,Détente,3,avKJSzRSupMiFKc3xCym3DTQFL33,10,10,0,0,0,0,0
jELZCeNQJz2tlBf9NRzt,LE 5 DE LEGENDE,played,captain,ChIJU_aXKN_A9EcRHCY74rI9i4Y,45.7617542&4.9413708,2024-02-13T18:00:00.000Z,60,10,public,false,Compétition,4,HYZnOSOXnShrhj2MfELfmlU6Jbq1,10,10,3,0,0,0,0
jEppl9C8x2OKKseGWXcn,UrbanSoccer Guyancourt,canceled,captain,ChIJmdX-2c-A5kcRj1wtOS8rZmo,48.7722091&2.0600292,2024-02-12T18:30:00.000Z,60,10,private,true,Détente,3,CrOBczekKTQvhnbuUD1E4Hd2so03,10,10,0,0,0,0,0
jFXdlLdUOoVxV8z71swA,FIVE ARENA,played,captain,ChIJ02bKSuih6EcRb796CXVbkVs,48.9539465&2.9154573,2024-02-15T21:00:00.000Z,90,10,public,false,Détente,3,V83vGtqTTEYePKlTv2LkgsBJ1UJ2,10,10,1,1,0,0,0
jFfUfGgAdgln6Y0wqEoc,FIVE ARENA MEAUX ,played,pro,,48.9539465&2.9154573,2024-02-16T19:30:00.000Z,90,10,public,false,,,4K6djqUyJdTgGF3Q7nh7CXQHqVh1,10,10,1,0,0,0,0
jHRtKTzSLgDeanuZ0mEM,Stade Municipal Guy Môquet,canceled,captain,ChIJR4npU45w5kcR31mOzMmoOwA,48.8087222&2.2872884,2024-02-12T23:00:00.000Z,120,,public,false,Détente,4,rzC8A0bd4afb9AWrHKlCPT9461y1,13,16,0,0,0,0,0
jJqGEzPs5QGUOVzPxrE4,Foot POWER 5,canceled,pro,,48.960066&2.2061913,2024-02-12T17:00:00.000Z,90,5,public,false,,,sss3dYi6nzWd7rEjwcQ30LGKudj1,0,10,0,0,0,0,0
jK27MxvDNMYCI6FicUtA,Stadium Thiais,played,pro,,48.7511024&2.3713455,2024-02-03T10:30:00.000Z,90,12,public,false,,,psf3NmXEPwdCltHKJC7VuvJocrF3,10,10,6,0,0,0,2
jKFqa4rcTdOk9RueHaou,LE FIVE Bezons,canceled,captain,ChIJ71Mv0Wpk5kcRg-H9x7L-dXo,48.9190524&2.211796,2024-02-16T18:00:00.000Z,60,12,public,true,Détente,3,34qDs7rlrZf61WwLzPo00VGVrn02,5,10,0,0,0,0,0
jMdiVmFLR8m2UOm62Kzj,UrbanSoccer Evry,played,captain,ChIJW0Ut1G7e5UcRt621n2fRQ5M,48.6286849&2.4066366,2024-02-07T17:00:00.000Z,90,13.5,public,true,Détente,3,ZWHc1yaQG3P2eIUYg2O8O2K4b4N2,10,10,1,0,0,0,0
jNbDLgF9lNqDUNeFyMWO,Z5 Aix,played,captain,ChIJKb-U_9KSyRIRKIFKbH5mW18,43.4787869&5.3969048,2024-01-30T19:00:00.000Z,60,11,public,false,Détente,4,GItP5Tx0G2aCA71ZatSaO5uY3DZ2,10,10,4,0,0,0,1
jOjPlV5JoRSJcYBJlI6w,UrbanSoccer - Quai d'Ivry,canceled,captain,ChIJfXxYJ0xy5kcRw9xTkF6-FZQ,48.8199885&2.3936463,2024-02-14T17:45:00.000Z,60,12.5,public,true,Détente,2,RoMfZif1IwcYJ39Jl7rQC4nGiUz1,8,10,0,0,0,0,0
jQbIlmLcC3QfWzjmTS96,Speed Soccer Five,played,captain,ChIJ2xTNglV25kcR3UDi4AXGfDU,48.7360598&2.315058,2024-02-04T09:30:00.000Z,90,14,public,false,Détente,3,Z5sxx936iZX9hchZEihemmPqYW12,10,10,4,1,0,0,1
jR4ajwMK3X5vGCsWqXs4,LE FIVE VITROLLES,canceled,captain,ChIJi4A-IrHoyRIRunoYLEGNeYI,43.4338497&5.240971399999999,2024-02-14T17:00:00.000Z,60,10,public,false,Détente,3,dIqIMHAysFbONZtzZLGfAzp8IMR2,9,10,0,0,0,0,1
jS5mVimlnWFaMXSmDAIm,Foot POWER 5,canceled,pro,ChIJuTCIFshm5kcRBtEQJ76dAzc,48.960066&2.2061913,2024-02-17T18:30:00.000Z,90,10,public,false,,,sss3dYi6nzWd7rEjwcQ30LGKudj1,0,10,0,0,0,0,0
jSdyLde1bbi5houw9O8K,KIPSTADIUM : Centre de Pratique dédié aux Sports Collectifs,played,captain,ChIJydcoT88ow0cRLnHvlF-Z_jE,50.708529&3.173304,2024-01-30T18:00:00.000Z,60,8,public,false,Détente,3,Zb9502EsYoacYH2RzlDSWSZlMYy2,10,10,2,0,0,0,0
jSluKY9ZUpgGRUCWuws2,Bordeaux Soccer,published,captain,ChIJCRHQufUoVQ0RmXgf8oHOE08,44.8710961&-0.5620394,2024-01-30T11:10:00.000Z,60,2,public,false,Détente,2,oO5QkKY2wPWyzyAApV1jQvr9iHC3,9,10,0,0,0,0,0
jSwIJJXqz9KVw9oyq0zs,Parc des sports des Maisons Rouges,published,captain,ChIJlRgC-MAN5kcRniSfE7KINi8,48.8302193&2.5256499,2024-02-14T14:30:00.000Z,90,,public,false,Détente,3,nCIerBruUxNCAJX6MHa6BkuBSrR2,2,18,0,0,0,0,0
jU4AE7glaYCrOs4FVPp1,Antony Foot Evolution,played,captain,ChIJIYtgSHZ35kcR137a05RtxzQ,48.73815159999999&2.2822259,2024-02-18T08:15:00.000Z,90,10,private,false,Détente,3,Dohg1zNvhsbmGrYuAmExKFyjruw2,10,10,0,0,0,0,0
jUHHc4ZGBzvj6SSRZBrU,LE FIVE Paris 13,published,captain,ChIJ_bOSChhz5kcRZMTeq_6Gdzg,48.8181615&2.3658793,2024-01-31T12:30:00.000Z,60,13,public,true,Chill,3,aUQe2xArUcSZuuTQ6vXzfOFG2Zv2,9,10,0,0,0,0,0
jUJ14uymL0l1VntwRc0i,UrbanSoccer - Marne-La-Vallée,canceled,captain,ChIJ6bDBiosP5kcROXiloHzSdhc,48.82658600000001&2.6296937,2024-02-11T18:30:00.000Z,60,10,public,true,Compétition,3,DVXaUvaR4zPrFICIZA5rLSmonVG2,5,10,0,0,0,0,0
jVnXirVBSGkLI1XAxrHj,"Stade Géo André, La Courneuve",played,captain,ChIJW6kIVABt5kcRSzOJoHMEilE,48.9241944&2.3992965,2024-02-04T07:50:00.000Z,150,,public,false,Détente,3,UsGv9ezU2BPHEVKyWJUd8uCwxBd2,10,10,2,0,0,0,0
jXa3mT2vPcQtA8RuHFFJ,Halle Georges Carpentier,played,captain,ChIJnXkSwCty5kcR-nlHXNFQlg4,48.82020139999999&2.3672361,2024-02-09T11:00:00.000Z,120,,public,false,Compétition,3,kRAf444M3RUd6EWIOWpKVKs78SI2,16,16,14,0,0,0,8
jbTMcCDC9aqXLrT1Nn94,LE FIVE Bezons,played,captain,ChIJ71Mv0Wpk5kcRg-H9x7L-dXo,48.9190524&2.211796,2024-02-07T18:00:00.000Z,90,16.5,public,true,Détente,2,kM0BXqfS7VT2I5wjR7lxSMgru5L2,10,10,0,0,0,0,1
jblkU7W7Geld2UpzKlyx,Footbox,published,pro,ChIJY-WkusIR5kcR-tEad3UtaSQ,48.9022789&2.582647,2024-02-19T15:00:00.000Z,60,7,public,false,,,QI89VPazyLhBVnWH871jk4BUEZI3,0,10,0,0,0,0,0
jduMNABAxdxPrXX8Z1RW,LE FIVE Paris 18,played,captain,ChIJpVT4_n1u5kcRzji6FdTBXXo,48.8978522&2.3700234,2024-02-01T18:00:00.000Z,60,12,public,true,Chill,3,GCQ9kveKoVYIlYxNaMP5nl4Tmtw2,10,10,0,0,0,0,0
jeDV3JKz77CzdIk9npDi,LE FIVE Paris 17,played,captain,ChIJ7eI8sFNv5kcR5xy52Wc57NU,48.900032&2.3213449,2024-02-16T19:30:00.000Z,60,12,public,true,Détente,2,AyWU3dzq2DMTypl9atQ51BQQIOi1,10,10,2,0,0,0,2
jeEGRAClfnYNi4KzHaoC,Gymnase Rosalind Franklin,canceled,captain,ChIJeUB7Xqlz5kcR_akj6eEkBmk,48.8095385&2.4035959,2024-02-04T11:00:00.000Z,60,12,public,false,Détente,2,lew9uSpD5XZ1ssU57aslTyBtXeX2,7,10,0,0,0,0,0
jgHvPLqWX8W3fR7bGauc,Sport dans la Ville Rhône-Alpes,published,captain,ChIJoUEDcmvr9EcRILCz6hDCQ2o,45.7811703&4.8081568,2024-02-08T19:00:00.000Z,60,,public,false,Détente,3,X15EGE8roSXTWJH59WI4ovCSGw03,8,10,0,0,0,0,0
jgNTkiUJrPQDXRz3FGLM,LE FIVE Paris 13,canceled,captain,ChIJ_bOSChhz5kcRZMTeq_6Gdzg,48.8181615&2.3658793,2024-02-03T12:30:00.000Z,60,10,public,true,Chill,3,aUQe2xArUcSZuuTQ6vXzfOFG2Zv2,9,10,0,0,0,0,0
jh5fW1MqbOwkshZyGjZq,LE FIVE Bezons,canceled,captain,ChIJ71Mv0Wpk5kcRg-H9x7L-dXo,48.9190524&2.211796,2024-02-18T18:30:00.000Z,90,13.5,public,true,,3,8bUFe1hkmuRyNeJWeJoBbiDUSKG3,7,10,0,0,0,0,0
jhEIcThwkLOnIlmmqleK,UrbanSoccer La Défense,canceled,captain,ChIJh4rnfVhk5kcRV2Q-ZKdm8vA,48.8996456&2.2216773,2024-02-15T19:30:00.000Z,60,14,public,true,Détente,3,4914F3O7YuhuVqOrG6lrQHWGRc23,4,10,0,0,0,0,0
jjZ5e2vmzWPVp9f7ic87,We Are Sports,played,captain,ChIJFZU5oBHC9EcRJTFrSkI1xxg,45.7113247&4.8761886,2024-01-30T18:00:00.000Z,60,10,public,false,Détente,,IQOeIlovs9Tmbvdj8zAR8zCJL3d2,12,12,1,0,0,0,0
jkWKDpz5LGVA1Kw75ZEM,Stadium Thiais,published,pro,ChIJ64X9jzx05kcRsHvSfOv6UcA,48.7511024&2.3713455,2024-02-10T15:00:00.000Z,90,12,public,false,,,psf3NmXEPwdCltHKJC7VuvJocrF3,0,10,0,0,0,0,0
jkxfNZeO2NzPx14uYKJm,UrbanSoccer - Toulouse Sept Deniers,canceled,captain,ChIJk5nUBdOkrhIRP-1aUJzo-lA,43.6321552&1.411696,2024-02-10T18:00:00.000Z,60,5,public,true,Compétition,4,DOlPs6BfttWCNTT28mqUqgRujxu2,6,10,0,0,0,0,0
jllGWC8H2VB94iT2mEwP,Centre Sportif Maryse Hilsz,played,captain,ChIJgY6iBYxt5kcRHD7TB4jAHV4,48.8520783&2.4128877,2024-01-30T11:20:00.000Z,150,,private,false,Compétition,5,1Fkzl7JONMQgLkuJEFE1meNaqUI2,16,16,4,0,0,0,0
jpKwpyZTcOJNRbegA1mN,Gymnase Raymond Burgard,published,captain,ChIJXWvMzz5w5kcRxt3F8esG5Rg,48.84010360000001&2.3041271,2024-02-04T09:00:00.000Z,120,10,public,false,Détente,3,YN4CLRLyxxe2dbSZBOw9zItt2T93,11,12,0,0,0,0,4
jr9dMzpozywQ1sDGZuBC,UrbanSoccer - Quai d'Ivry,canceled,captain,ChIJfXxYJ0xy5kcRw9xTkF6-FZQ,48.8199885&2.3936463,2024-02-02T18:00:00.000Z,60,13,public,true,Détente,2,h0wpW2m7u0Y8mOBcnpSktCOKdre2,7,10,0,0,0,0,0
jriyEGleKksSD3N7VdRi,Parc Interdépartemental des Sports du Tremblay,canceled,captain,ChIJBVkfrQ4N5kcRGi-XnNQN_yo,48.8281085&2.491365,2024-02-18T15:30:00.000Z,90,,public,false,Compétition,5,Cr8qGY3oHyaR10Ink82GuiJ6K833,12,16,0,0,0,0,0
jrp0CcHmYWXeRVUbaAOl,We Are Sports,played,captain,ChIJFZU5oBHC9EcRJTFrSkI1xxg,45.7113247&4.8761886,2024-02-07T18:00:00.000Z,60,10,public,false,Détente,2,jnTrDpxKR2ZZNG30ncu5GmrJHBz2,10,10,1,0,0,0,0
jtGSTD2Q8yv3cKlW2UAw,B14 - Sports et Loisirs Indoor,played,captain,ChIJaeLKMYXe5UcRHyWJ8X8FaPA,48.62229&2.3800445,2024-02-18T12:30:00.000Z,90,13.5,public,false,Détente,3,QSn7KYYzV9dh5vLzuWQIoRd7lJL2,10,10,3,0,0,0,0
juJGcNxZ30aR3mdGAIet,Evolution Football,played,captain,ChIJX0YulIi8yRIRnGh62u3UXTQ,43.2836074&5.52356,2024-02-06T18:30:00.000Z,60,9,private,false,Détente,5,Lzo7WogBgXfxjsbuEBGvB9HLjxv1,10,10,9,0,0,0,0
jxbyeLBpM53wS0E18mDp,FOOT IN FIVE,canceled,captain,ChIJoUR0syFp5kcRUlStnwluaYY,48.9552257&2.3328346,2024-02-08T20:30:00.000Z,90,15,public,false,Détente,2,WOU1Im8UrUf84C6GGDtfyrAM50u1,5,10,0,0,0,0,0
k21FpxuRHFGsrmhsH7Bq,LE FIVE Bezons,played,captain,ChIJ71Mv0Wpk5kcRg-H9x7L-dXo,48.9190524&2.211796,2024-01-30T18:00:00.000Z,60,5,public,true,Détente,2,ocgUVgxr5gUugo6sMrODgfUAEkD2,10,10,4,0,0,0,1
k2hP2sfG47rJKk4roUYE,LE FIVE Créteil,played,captain,ChIJ88lx3VwL5kcRVxCh4lD6_Gk,48.7643086&2.4706522,2024-02-02T13:30:00.000Z,90,7.5,public,false,Détente,3,rUzkBHpIJ1YFV4MRQjyiYHl4QMX2,10,10,2,0,0,0,0
k9S6Qufalje5H0JIR2jo,LE FIVE Paris 13,played,captain,ChIJ_bOSChhz5kcRZMTeq_6Gdzg,48.8181615&2.3658793,2024-02-10T10:45:00.000Z,60,13,public,true,Détente,3,Ng8pDjSrG6MVSBWZid7Lv0Yo1Op1,10,10,2,0,0,0,1
kA91yHo7hRDeyYXEKXpz,Le Street Foot en Salle,canceled,captain,ChIJt_AXL6Jg5kcRu6rBmnrmeUM,49.0164435&2.181307,2024-02-09T18:00:00.000Z,120,16,public,false,Détente,3,KnmjgH3FzkfYUtFsnaiV39BE5Vu2,6,10,0,0,0,0,0
kBvU8a0i4QTtCDpwprCU,Football Club de Saint Leu la Forêt,published,captain,,49.00369260000001&2.2487359,2024-01-31T19:15:00.000Z,90,,public,false,Détente,3,IiYp96QKWSUG4ivnY7A33P73HJj1,11,16,0,0,0,0,4
kDlXfmlW9e1eOeMM0vxY,UrbanSoccer - Asnières,played,captain,ChIJi5LkLT9v5kcRSlhScqEFNWs,48.92192379999999&2.3068311,2024-01-30T19:50:00.000Z,60,13.5,public,true,Compétition,5,bFg4a6uRt0a6uvuP5ipd6c3p7Rn1,10,10,3,0,0,0,0
kEq7gIaFK66f7FxPfGgc,Play Soccer,played,captain,ChIJQ-UxZn-5rhIRKWoQydM5T9s,43.5512023&1.4098927,2024-02-11T17:30:00.000Z,90,12,public,false,Détente,3,8LtkeOuZHeePxfkXdNPmQSr7V9L2,10,10,2,0,0,0,0
kGQU3nLRJdg5vVdWoh8r,UrbanSoccer - Quai d'Ivry,played,captain,ChIJfXxYJ0xy5kcRw9xTkF6-FZQ,48.8199885&2.3936463,2024-02-05T18:15:00.000Z,90,19,public,true,Détente,2,QXoq4H9djtPxuREwepupwzjtRNA2,10,10,0,0,0,0,0
kHyv7Z4g53fUoSTRNOos,Monclub Futbol,published,captain,ChIJGbxxaamUyRIRgGvhHnhJStA,43.4299152&5.4001974,2024-02-02T20:00:00.000Z,60,10,public,false,Détente,2,CSTy9rmJRQSyWlqWuGiUhGpAGqf2,8,10,0,0,0,0,0
kIUWV7ukZXQrOFNWuZen,Top Ten,canceled,captain,ChIJfXprBx4b5kcRmhe-5pLZUek,48.8729106&2.6840919,2024-02-13T18:30:00.000Z,90,15,public,false,Détente,2,Bo4seHK6ubTPXJNvOxlyb4HDg9i2,9,10,0,0,0,0,1
kIdgWoQFE4EhDv2rn4xQ,Terrain n°23 du Parc Interdépartemental Des Sports de Choisy,canceled,captain,ChIJvZZjB3515kcRzK_dHETXJkc,48.7699126&2.4314566,2024-02-03T09:00:00.000Z,150,,public,false,Compétition,4,nqDmr7JaEtS7MOcExYiDn9D4xRB2,16,16,0,0,0,0,1
kJUjnEHCvfBbHEqxv5L0,Stadium Thiais,published,pro,ChIJ64X9jzx05kcRsHvSfOv6UcA,48.7511024&2.3713455,2024-02-06T18:30:00.000Z,90,15,public,false,,,psf3NmXEPwdCltHKJC7VuvJocrF3,0,12,0,0,0,0,0
kJkz7PzbN8oeuBxak1Qp,UrbanSoccer Meudon,canceled,captain,ChIJ0WKvjbh75kcRoqSmyWwW2jQ,48.80013599999999&2.2140811,2024-02-17T10:00:00.000Z,60,12,public,true,Détente,3,UNloZGoOfJPUa54Tj1dfQt2c8bL2,9,10,0,0,0,0,0
kKcUytt1kNsZBOwc0320,Stadium Thiais,published,pro,ChIJ64X9jzx05kcRsHvSfOv6UcA,48.7511024&2.3713455,2024-01-30T17:00:00.000Z,90,14,public,false,,,psf3NmXEPwdCltHKJC7VuvJocrF3,0,10,0,0,0,0,0
kMAHJDEnUj63RYdNTB5U,Le Street Foot en Salle,published,pro,,49.0164435&2.181307,2024-02-12T14:00:00.000Z,120,10,public,false,,,bsRK7e37BkUbETMq0Tg3lbm8Fao2,0,10,0,0,0,0,1
kO7dQ3wWYDoGmdF67LJo,STADE PIERRE BOURDAN,played,captain,ChIJlzXk7HLr9EcR8P0J9oTn_Pk,45.7924336&4.8403733,2024-02-11T09:00:00.000Z,120,,public,false,Détente,3,YnKrswmpQaRBkGKXp9RyyigbphC3,16,16,6,0,0,0,2
kQWrCao0DmtHBUQIboTq,Stade Lénine,played,captain,ChIJkZtNFHBx5kcRSJxW_zxIUz4,48.8202285&2.2982211,2024-02-17T09:15:00.000Z,90,,public,false,Compétition,3,AkrgBTx64wbEUYB1CvUV0WNRudY2,8,8,4,0,0,0,1
kVBLVA2I2lsjiYlVh8bj,We Are Sports,played,captain,ChIJFZU5oBHC9EcRJTFrSkI1xxg,45.7113247&4.8761886,2024-02-01T20:00:00.000Z,60,10,public,false,Détente,2,vkCGfEeBnYbOAMKG8BAtK14aVA43,12,12,4,0,0,0,1
kVtMSjYnkm8hVdOiN9SA,Stadium Thiais,canceled,pro,ChIJ64X9jzx05kcRsHvSfOv6UcA,48.7511024&2.3713455,2024-01-31T19:30:00.000Z,90,15,public,false,,,psf3NmXEPwdCltHKJC7VuvJocrF3,6,10,0,0,0,0,0
kWc5k87kv1Yw4WULiZwA,Terrain de football Synthétique n°1,played,captain,ChIJqfdoIdFl5kcRqwddHG1PcBc,48.9291121&2.2500407,2024-02-18T14:00:00.000Z,120,,public,false,Compétition,3,pCsZoyTYcRdG908EqEs3P5cSpWI2,16,16,0,0,0,0,3
kXAT82tV8XGbqKI95HII,Stadium Thiais,published,pro,,48.7511024&2.3713455,2024-02-01T15:00:00.000Z,90,8,public,false,,,psf3NmXEPwdCltHKJC7VuvJocrF3,0,10,0,0,0,0,0
kXjbmz5TvfjQ4dPxImSO,Stade Suchet,played,captain,ChIJn_jMprN65kcRf4CiZAaAht4,48.85501319999999&2.2620447,2024-02-08T11:00:00.000Z,90,,public,false,Détente,3,XnvW9brVmuclYXS7MIYBC1ThD8e2,20,20,3,0,0,0,0
kXtVolqiL2f1RbV8a36U,Game 13 foot indoor,played,captain,ChIJNSDvlsXryRIRUXao9hwB79I,43.41258939999999&5.366617,2024-02-01T18:00:00.000Z,60,10,public,false,Détente,2,tNI5PAPgX0MDq6T4GlwP3d2ndaO2,10,10,2,0,0,0,0
kXum05RxwkZrL1Kz8yPx,Stadium Thiais,played,pro,ChIJ64X9jzx05kcRsHvSfOv6UcA,48.7511024&2.3713455,2024-02-17T09:30:00.000Z,90,12,public,false,,,psf3NmXEPwdCltHKJC7VuvJocrF3,10,10,8,0,0,0,4
kZyZvBmF7xI6KtzUfvPm,Stadium Thiais,canceled,captain,ChIJ64X9jzx05kcRsHvSfOv6UcA,48.7511137&2.3715422,2024-02-07T19:30:00.000Z,90,15,private,false,Détente,,C41uLRu1nXX3sNBhLbABqcipElj2,9,10,0,0,0,0,0
kc58XXdKtIg0DdnyQzMf,LE FIVE VITROLLES,played,captain,ChIJi4A-IrHoyRIRunoYLEGNeYI,43.4338497&5.240971399999999,2024-02-13T16:30:00.000Z,60,9,public,false,,2,AGkeTpFrTqfhT2b0mWmOc9YV3y83,10,10,2,0,0,0,0
kh2NQ4sdtffPLpOLDcGZ,LE FIVE Bezons,played,pro,,48.91909&2.2093051,2024-02-01T21:00:00.000Z,90,14,public,false,,,U3MriTZbPbTUEsU6RtRuHxDMKvg2,10,10,7,0,0,0,4
kh3g2NvUCjRFAVderF6k,UrbanSoccer - Puteaux,played,captain,ChIJM_sC0-Nk5kcRhL1y_EFIje8,48.8836397&2.2312283,2024-02-08T18:00:00.000Z,60,14.5,public,true,Chill,2,Zm7I4YafVOOiFFM4hN5JjYGih2r1,10,10,3,0,0,0,0
kkrUIwBn589s2QAIwGzV,LE FIVE Bezons,played,captain,ChIJ71Mv0Wpk5kcRg-H9x7L-dXo,48.9190524&2.211796,2024-02-13T18:00:00.000Z,60,12,public,true,Détente,3,rozWHJA9MMWn7asaS78B4zaxOgE3,10,10,6,0,0,0,5
klQ6BX3DNGQKx67DrveC,LE FIVE Bordeaux,draft,captain,ChIJteaBh_koVQ0RqH2VtN-qL5I,44.8798631&-0.5594838999999999,2024-01-31T20:30:00.000Z,60,,public,false,,,MR8BxOfeHDY1qWdFvElomq83XJi2,0,0,0,0,0,0,0
kluZaEHKnrCtAZMaLv6v,LE FIVE Créteil,published,pro,,48.7643086&2.4706522,2024-02-08T16:00:00.000Z,60,7,public,false,,,ZmXMWx7aTdPoPkkGOWa2HIQVblq2,0,10,0,0,0,0,0
kmn5KUKBQL0Nz4ZHlTDv,Top Ten,published,pro,,48.8729106&2.6840919,2024-02-01T21:30:00.000Z,90,16.5,public,false,,,i27253AGxOfXgYJK72sBnvUGuMk2,0,10,0,0,0,0,0
koiseQaQoFqHG3sjjIbM,UrbanSoccer - Lille Bondues,played,captain,ChIJ58ZerMgrw0cR2Jyp7tZjBn4,50.6913774&3.0860264,2024-02-01T18:50:00.000Z,60,10.5,public,true,Compétition,3,vtyy5a1BUYMBKAn3y6kb6XPxf0Y2,10,10,2,0,0,0,0
kp3Zp4vKbny1ntmX7ZnV,UrbanSoccer Evry,canceled,captain,,48.6286849&2.4066366,2024-01-30T19:30:00.000Z,90,15,public,true,Compétition,4,oLPDuIoiNaRPJRshKRx6EQzSHzE3,9,10,0,0,0,0,0
kpH6IkmKWbxyRWUBClMc,UrbanSoccer - Porte d'Aubervilliers,played,captain,ChIJ0dXjDCZs5kcRvX0EpMwxsUY,48.9074912&2.3746518,2024-02-18T10:00:00.000Z,60,13,public,true,Compétition,,ADnpZZaN9uMZHeOSxP62UtI4lRH3,10,10,3,0,0,0,0
kpbiPmqy0ShHM6gGTVtZ,UrbanSoccer - Lille Lezennes,played,captain,ChIJR3ro5nTWwkcRfM_S3Be9HjI,50.6162725&3.0998108,2024-02-12T18:15:00.000Z,60,11.5,public,true,Détente,2,7ebmSrP0nwNVU7ODvfiYVkOxc2r1,10,10,1,0,0,0,1
kqSibQ9FOieefrK0vW9G,LE FIVE Bezons,played,pro,,48.91909&2.2093051,2024-02-04T19:00:00.000Z,90,15,public,false,,,U3MriTZbPbTUEsU6RtRuHxDMKvg2,10,10,6,0,0,0,6
kr9nwmtNZD8Vi4tiQ02i,BIG5,played,captain,ChIJsb_7TJFp5kcRSPL5VqZulr4,48.9901429&2.3617895,2024-02-03T12:30:00.000Z,120,18,private,false,Détente,,S7F3G5iuPNWVU8C5aKh1cFebGCA3,10,10,3,0,0,0,0
ksBxqGcpG5mXzTCE7CZU,LE FIVE Paris 18,canceled,captain,ChIJpVT4_n1u5kcRzji6FdTBXXo,48.8978522&2.3700234,2024-01-31T21:30:00.000Z,90,7.5,public,true,Détente,,g1t2I8M9nReIT8adJnbhnFBggpj1,9,10,0,0,0,0,1
ksRxpL6vlbftSM8ZkAqC,Monclub Futbol,played,captain,ChIJGbxxaamUyRIRgGvhHnhJStA,43.4299152&5.4001974,2024-02-08T18:00:00.000Z,60,10,public,false,Détente,3,S9E40Df3gVhdMPUGfSdTb5IlRSm1,10,10,3,0,0,0,0
ksujGZlxN9o0qiZNIy1d,Stadium Thiais,published,pro,ChIJ64X9jzx05kcRsHvSfOv6UcA,48.7511024&2.3713455,2024-02-06T18:00:00.000Z,90,15,public,false,,,psf3NmXEPwdCltHKJC7VuvJocrF3,3,10,0,0,0,0,0
ktX9Ms26ij6F8c5UXzlw,Top Ten,canceled,pro,ChIJfXprBx4b5kcRmhe-5pLZUek,48.8729106&2.6840919,2024-02-18T19:00:00.000Z,90,15,public,false,,,i27253AGxOfXgYJK72sBnvUGuMk2,0,10,0,0,0,0,0
ktcj7Ny2l3M4NTfyDYUZ,Speed Soccer Five,published,pro,,48.7360598&2.315058,2024-02-09T17:00:00.000Z,90,13,public,false,,,MkTJljXziPXBdRdijccndMLBNCC3,0,10,0,0,0,0,0
ku6NV4LcfX5KF2Id1g2s,Top Ten,played,pro,,48.8729106&2.6840919,2024-01-30T16:00:00.000Z,90,5,public,false,,,i27253AGxOfXgYJK72sBnvUGuMk2,10,10,9,0,0,0,3
kvPqB2Fs2v5WwO4MFqg1,Speed Soccer Five,played,captain,ChIJ2xTNglV25kcR3UDi4AXGfDU,48.7360598&2.315058,2024-02-11T17:30:00.000Z,90,14,public,false,Détente,,38n9OHYdOthEZjosrLq2hO3AIfX2,10,10,1,0,0,0,0
ky11XD1YjgzKiwO52jKA,Events Five,canceled,captain,ChIJf8cSCJG5rhIRoQadPH-wW1U,43.5399703&1.3922897,2024-01-31T18:00:00.000Z,60,9.5,public,false,Détente,3,dnAk8SuzEUMTsYXkQJL6fOKkOYy2,9,10,0,0,0,0,0
kyRtpxHZbTA7H1WqfmuN,Stade Robespierre,canceled,captain,ChIJrSdPdLpk5kcRTIf7gmbAvcU,48.8692482&2.2034218,2024-02-03T13:00:00.000Z,120,2,public,false,Compétition,5,uK7KAxZFpwZeIpiBLR7VWDgp0qF2,4,10,0,0,0,0,0
kzC0OYr9bCaekSNbWWTG,Monclub Futbol,played,captain,ChIJGbxxaamUyRIRgGvhHnhJStA,43.4299152&5.4001974,2024-02-18T09:45:00.000Z,90,10,public,false,Détente,,9Lzm2vQVd4Q4fltw3HCN3IJcZ4x1,10,10,3,0,0,0,0
l6GNVA2IlH2caHRNOUFo,Stadium Thiais,published,pro,ChIJ64X9jzx05kcRsHvSfOv6UcA,48.7511024&2.3713455,2024-02-19T18:00:00.000Z,90,15,public,false,,,psf3NmXEPwdCltHKJC7VuvJocrF3,10,10,0,0,0,0,0
l8kvq8Jg9QOd49HjnwZ1,UrbanSoccer - Lille Bondues,played,captain,ChIJ58ZerMgrw0cR2Jyp7tZjBn4,50.6913774&3.0860264,2024-02-08T19:00:00.000Z,60,11.5,public,true,,3,zWb9THu7fZPI9qzfd1yeiqfaqJd2,10,10,1,0,0,0,0
l9p2dmpBMiUtXbpRt5rh,LE FIVE Paris 18,played,captain,ChIJpVT4_n1u5kcRzji6FdTBXXo,48.8978522&2.3700234,2024-02-06T21:00:00.000Z,60,5,public,true,Détente,4,Rr3AS7V02egLsgPCKF7XB6hPl2W2,10,10,8,0,0,0,1
lBGZPWkcdwOI1nIc4OFi,Stade Marius Requier,played,captain,ChIJZ99DmFPtyRIRo93gYYOp8b8,43.5039781&5.3911845,2024-02-14T19:15:00.000Z,90,,public,false,Compétition,,flRb9d7MzXhxACGwjWr251WIx7Q2,16,16,1,0,0,0,0
lClfznmA6PhyKuZjE5eC,Stade de la Jouvène,played,captain,ChIJ-4VPYyO8yRIRIlz33nO9ubs,43.2985587&5.4861343,2024-02-15T19:00:00.000Z,90,,public,false,Détente,2,3Ryx4CIA11hbeU7sNEaEcMKuYkY2,16,16,3,0,0,0,1
lDYF9c4omIfx0RrF0qIX,Stadium Thiais,published,pro,ChIJ64X9jzx05kcRsHvSfOv6UcA,48.7511024&2.3713455,2024-02-09T18:00:00.000Z,90,15,public,false,,,psf3NmXEPwdCltHKJC7VuvJocrF3,0,10,0,0,0,0,1
lG8FbBZiShBbSLGQBC2c,Stade Suchet,played,captain,ChIJn_jMprN65kcRf4CiZAaAht4,48.85501319999999&2.2620447,2024-02-14T10:45:00.000Z,90,,public,false,Détente,3,XnvW9brVmuclYXS7MIYBC1ThD8e2,14,14,2,0,0,0,8
lGMxTlx1XKJENZZbI019,B14 - Sports et Loisirs Indoor,canceled,captain,ChIJaeLKMYXe5UcRHyWJ8X8FaPA,48.62229&2.3800445,2024-02-03T18:00:00.000Z,30,13.5,public,false,Détente,2,VSTvHkjbJ1eE7I4JHZXc9XYveW52,6,10,0,0,0,0,0
lIJxnyDqOEMOU4L0kWsE,Le 13 - Foot en salle - Marseille,played,captain,ChIJR62kUm_ByRIRDnGQqGCeUVQ,43.33370070000001&5.370389599999999,2024-02-06T17:00:00.000Z,60,9,public,false,Détente,3,KljEaksyr0NUprqoSvfc8uatqK72,10,10,1,0,0,0,0
lIkus90mS6bleB8xNuNf,UrbanSoccer - Puteaux,canceled,captain,ChIJM_sC0-Nk5kcRhL1y_EFIje8,48.8836397&2.2312283,2024-02-08T20:00:00.000Z,60,10,public,true,,2,NA7GMvlZOtdqP8Hk07p0AyAEbnh1,10,10,0,0,0,0,1
lJc8s56IKlnSolnmPqiq,UrbanSoccer Meudon,played,captain,ChIJ0WKvjbh75kcRoqSmyWwW2jQ,48.80013599999999&2.2140811,2024-02-10T10:00:00.000Z,60,12,public,true,Détente,3,Ea6M9KaEcEZpJ0TzLdWvWJaUD5t1,10,10,0,0,0,0,0
lLEWDQlZAOhlk8BNmvvS,UrbanSoccer - Asnières,played,captain,ChIJi5LkLT9v5kcRSlhScqEFNWs,48.92192379999999&2.3068311,2024-02-02T17:20:00.000Z,60,11.5,public,true,Détente,3,ecC5LByWdJggB5yfrfSlpWZpQoA3,10,10,2,0,0,0,0
lM7xSdcMHjOKtRYXTKs5,Foot POWER 5,canceled,pro,,48.960066&2.2061913,2024-02-10T11:00:00.000Z,60,5,public,false,,,sss3dYi6nzWd7rEjwcQ30LGKudj1,0,10,0,0,0,0,0
lMlHJORg9qCIpzT54B49,FOOT IN FIVE,canceled,captain,ChIJoUR0syFp5kcRUlStnwluaYY,48.9552257&2.3328346,2024-02-09T19:00:00.000Z,90,15,public,false,,3,AQNK8sgUdTUcd8X065FNxiqdHmF3,8,10,0,0,0,0,0
lNTtyOjSCiWYarzBEXsP,Stadium Thiais,played,captain,ChIJ64X9jzx05kcRsHvSfOv6UcA,48.7511024&2.3713455,2024-01-31T19:30:00.000Z,90,15,public,false,Détente,2,emyaA5qYXlQPVKtlRk2BCZ2YKNd2,10,10,2,0,0,0,2
lNavp720GBwsLgRBO5wM,Urban Football Meudon,played,captain,ChIJFeLBC2N75kcRyM1mlEZ3HjM,48.7983594&2.2102561,2024-01-31T18:00:00.000Z,90,15.75,public,false,Détente,3,afKB7yoOkDMtTvgGUnzhf5DvzXs1,14,14,1,0,0,0,0
lORBfFiFwLzxvpiiORi6,LE FIVE Bezons,published,pro,ChIJ04KEHBZk5kcRoDWLaMOCCwQ,48.91909&2.2093051,2024-02-19T17:00:00.000Z,60,7,public,false,,,U3MriTZbPbTUEsU6RtRuHxDMKvg2,2,10,0,0,0,0,3
lQ3MnLryZrH5iiT72i8n,Monclub Futbol,played,captain,ChIJGbxxaamUyRIRgGvhHnhJStA,43.4299152&5.4001974,2024-02-02T19:00:00.000Z,60,10,public,false,Détente,3,XgMQLOLWkfdQq8BZDtEpH1cah8U2,10,10,0,0,0,0,0
lQ9fLlzNELz56e6cBLWd,Gymnase Japy,published,captain,ChIJjSwEGPZt5kcRwOzDxHPp9SQ,48.855835&2.3820976,2024-02-07T11:00:00.000Z,60,15,public,false,Détente,2,fWGP3ztjvyRqOzVkuH4ktcQZ03s2,5,12,0,0,0,0,0
lSXIIL5DSAMa40ttwsOz,Parc Interdépartemental des Sports du Tremblay,played,captain,,48.8281085&2.491365,2024-02-13T15:00:00.000Z,90,,public,false,Compétition,4,OKSK9YmBnhPYPn6fchCcUo9A2Mt2,18,18,0,0,0,0,1
lSay55JFoop6MJqWTAZc,UrbanSoccer - Lille Lezennes,played,captain,ChIJR3ro5nTWwkcRfM_S3Be9HjI,50.6162725&3.0998108,2024-02-11T18:00:00.000Z,120,12.75,public,true,Compétition,3,xR4ED6qRzmg0HreT9TkBwvuQM912,10,10,2,0,0,0,0
lTNWMHqidYFrtTEp8iyk,LE FIVE Paris 18,canceled,captain,ChIJpVT4_n1u5kcRzji6FdTBXXo,48.8978522&2.3700234,2024-01-31T17:00:00.000Z,60,12,public,true,Compétition,,bGe0GfgFHHNHe9EV7kq6ubVhG853,8,10,0,0,0,0,0
lVA1mNTOKtAU50JhMGuC,LE FIVE Villette,canceled,captain,ChIJTUFnQjps5kcR0pHITLTw1PI,48.9070122&2.3861459,2024-02-07T17:00:00.000Z,60,8,public,false,Détente,2,YbciA8LAEgMHwsboGv98BIKcums1,6,10,0,0,0,0,0
lX5tqvLloLdDXRaWNLTF,Complexe Sportif Joliot Curie,canceled,captain,ChIJacI3n-Zu5kcRwmiZSPOK5M4,48.9048558&2.3404909,2024-02-09T20:00:00.000Z,90,,public,false,Compétition,4,occ4wdaUe0RoikvBHx6GXqgqZ8E2,13,14,0,0,0,0,0
lXok2pqoNwUXa4I5PSLx,Top Ten,published,pro,ChIJfXprBx4b5kcRmhe-5pLZUek,48.8729106&2.6840919,2024-02-12T15:30:00.000Z,90,5,public,false,,,i27253AGxOfXgYJK72sBnvUGuMk2,0,12,0,0,0,0,0
lY6JoJSItRh5M2miOLiX,LE FIVE Bezons,played,captain,ChIJ71Mv0Wpk5kcRg-H9x7L-dXo,48.9190524&2.211796,2024-02-07T19:00:00.000Z,60,11,public,true,Détente,2,Mh3dYJqqGNcSmx1RufEqZ6m7s4q2,10,10,3,0,0,0,1
lZeaBId1cpeJYrnSTwFN,LE FIVE Paris 18,canceled,captain,ChIJpVT4_n1u5kcRzji6FdTBXXo,48.8978522&2.3700234,2024-02-11T11:00:00.000Z,60,14,public,true,Chill,3,NB6D3hfGSqQ9jWQo3fvkYPEGbiy1,9,10,0,0,0,0,0
lcZXBf07WWKuc1pDdgwo,Game 13 foot indoor,played,captain,ChIJNSDvlsXryRIRUXao9hwB79I,43.41258939999999&5.366617,2024-02-12T18:30:00.000Z,60,10,public,false,Détente,3,tNI5PAPgX0MDq6T4GlwP3d2ndaO2,10,10,3,0,0,0,0
lfeoglLjXaRNZsXrgzId,UrbanSoccer - Toulouse Montaudran,canceled,captain,ChIJl772e0u8rhIR2foRX4Xa2CI,43.574642&1.4801835,2024-02-09T18:00:00.000Z,60,8,public,true,,,kz4gID3e1cY9RfDVkcGnK2fsrOx1,6,10,0,0,0,0,0
lgJ4BOMh10bDJ6XvEiaP,Footsal,played,captain,ChIJa7HS298pw0cRMoVDj0XqVdI,50.6397895&3.1251337,2024-02-08T19:00:00.000Z,60,8,public,false,Détente,3,ydQSvbudLDZHsUN8NFABk8kFyeo2,10,10,10,0,0,0,0
lgiEqgT54Zcn9CjkRObX,UrbanSoccer - Lyon Parilly,draft,captain,ChIJx3FQWjLC9EcRrrQb2eV7i_4,45.7120399&4.9039284,2024-02-07T19:00:00.000Z,60,,public,false,,,GVdaLPxjA6SDWn0FPDlZ3A9mJut2,0,0,0,0,0,0,0
lhUAaYCXLMs0jSIigzan,Stade de Foot André Robert,published,captain,ChIJaYV-Ok4d5kcRxzQr1RiT9DI,48.875595&2.7515223,2024-02-08T20:00:00.000Z,120,,public,false,Détente,3,oHZ6slylkVPuwodkOiA4R831Oyk1,15,16,0,0,0,0,0
lhteQ80fDcXip6rVppnw,Gymnase Thomas Masaryk,played,captain,ChIJS_RiLON55kcR05F__S0vpnc,48.7621267&2.2633816,2024-02-05T19:10:00.000Z,150,,public,false,Détente,3,jlB1qr0PgEXu5m5q7852mvUhCvk1,10,10,3,0,0,0,4
liKOYmpg8JmuiCcSYAt5,UrbanSoccer - Marne-La-Vallée,published,captain,ChIJ6bDBiosP5kcROXiloHzSdhc,48.82658600000001&2.6296937,2024-02-04T11:30:00.000Z,90,12.5,public,true,Détente,,AZW4eE26vCcDavANdPQgOqs70xx2,9,10,0,0,0,0,0
ljOrJ0YE03M0h63wZi5P,Spot FUTSAL,played,captain,ChIJwdUawmfVwkcRaNLo_CmNii0,50.6106345&3.0624494,2024-01-31T18:00:00.000Z,90,10,public,false,Détente,3,lZlBzBjGTHciWjQraOPYPLGQvtk2,10,10,0,0,0,0,0
lkn2rSnfFTfW40Ke8MiC,Parc des Sévines,canceled,captain,ChIJ1-_7SUhv5kcRuFo_vTkcn_c,48.9297768&2.3037282,2024-02-07T19:00:00.000Z,120,,public,false,Chill,4,alKdx0B0bAPF23akKWxXruUtnw43,1,16,0,0,0,0,0
lnr495b0ZrQ3cDIjrs5a,Massilia FIVE,published,captain,ChIJxZ6UmMW-yRIR7ot5DChYj4w,43.28920790000001&5.4503802,2024-01-31T18:00:00.000Z,60,10,public,false,Détente,3,mWEaGLECsicukPh2SX6CN4aLXFx2,6,10,0,0,0,0,0
loZLRZ50XX2eNV3CCAIp,Foot POWER 5,canceled,pro,ChIJuTCIFshm5kcRBtEQJ76dAzc,48.960066&2.2061913,2024-02-13T17:00:00.000Z,90,5,public,false,,,sss3dYi6nzWd7rEjwcQ30LGKudj1,0,10,0,0,0,0,0
lokZCwUCHp4OpIS2JoRB,Stade de la Tour aux Parachutes,played,captain,ChIJbwsrhCpy5kcRca22Pnhr8MU,48.8175176&2.3643354,2024-02-09T15:00:00.000Z,120,,public,false,,,IEU57Q7nmbbkCnloDOZa6y1BGHS2,16,16,12,1,1,5,5
lsEHXqDfT7MUi39SqZRe,Stadium Thiais,played,captain,ChIJ64X9jzx05kcRsHvSfOv6UcA,48.7511024&2.3713455,2024-01-31T19:30:00.000Z,90,15,public,false,Compétition,5,OCo4rVohavaNmk1Hghm3U6v7mak2,10,10,3,0,0,0,0
ltBFjviocgHT4rLSMN7W,LE FIVE Bobigny,canceled,pro,,48.901553&2.4313304,2024-02-08T17:00:00.000Z,60,8,public,false,,,4owi3i7t8EOvFNF6UQvACOpiDRy1,0,10,0,0,0,0,0
lv6i9rBSiwaepFEBXbQh,Stadium Thiais,played,pro,,48.7511024&2.3713455,2024-02-06T18:00:00.000Z,90,15,public,false,,,psf3NmXEPwdCltHKJC7VuvJocrF3,10,10,6,0,0,0,0
lvTBxGYN5JODNtUcYPqp,Top Ten,published,pro,ChIJfXprBx4b5kcRmhe-5pLZUek,48.8729106&2.6840919,2024-02-13T21:30:00.000Z,90,16.5,public,false,,,i27253AGxOfXgYJK72sBnvUGuMk2,0,10,0,0,0,0,0
lvy2V5qdapKlmOlK7cSk,Foot-Max Argenteuil,published,pro,ChIJi9oIzaRm5kcRJYcK7QsdRMU,48.9501632&2.2093946,2024-02-01T18:00:00.000Z,60,8,public,false,,,SuEnyPZ4TgNIkt1yap2yJ3ZHO6p1,0,10,0,0,0,0,0
lyJCLWferWsvPnwxruJU,Events Five,draft,captain,ChIJf8cSCJG5rhIRoQadPH-wW1U,43.5399703&1.3922897,2024-02-01T18:00:00.000Z,60,,public,false,,,PQ9EWncT4TYmXInwjDgHbs76rjX2,0,0,0,0,0,0,0
lynU6fhmazkTKpuAPo2D,Sun Set Soccer,played,captain,ChIJ-2jOt33D9EcRLZL2mS5Gvz4,45.6768927&4.9409477,2024-02-08T18:30:00.000Z,60,10,public,false,Détente,2,c2DZUF3puvTi0hq04XElNGFHknF2,10,10,3,0,0,0,0
lz6pR9F40wzNch78T0Oi,UrbanSoccer La Défense,played,captain,ChIJh4rnfVhk5kcRV2Q-ZKdm8vA,48.8996456&2.2216773,2024-02-09T19:00:00.000Z,90,16,public,true,Détente,2,PSm1I61DB6Ogzln2MYyImRsWEUN2,10,10,2,0,2,0,3
lzw0KLhBZQIGfpZVu1cb,Foot-Max Argenteuil,played,pro,ChIJi9oIzaRm5kcRJYcK7QsdRMU,48.9501632&2.2093946,2024-02-10T16:00:00.000Z,90,12,public,false,,,SuEnyPZ4TgNIkt1yap2yJ3ZHO6p1,10,10,0,0,0,0,0
m1Vz2hVurU25niWPWPLq,LE FIVE Paris 13,canceled,captain,ChIJ_bOSChhz5kcRZMTeq_6Gdzg,48.8181615&2.3658793,2024-02-03T17:30:00.000Z,90,11.5,public,true,Détente,2,o2jV6LybU1Wx5biAwXkQCL6JGJP2,7,10,0,0,0,0,0
m1o6WT4pG8pRWkR252fx,Speed Soccer Five,published,pro,ChIJ2xTNglV25kcR3UDi4AXGfDU,48.7360598&2.315058,2024-02-19T17:00:00.000Z,90,13,public,false,,,MkTJljXziPXBdRdijccndMLBNCC3,0,10,0,0,0,0,0
m1s43BRKf1tUWVAmYYSI,UrbanSoccer La Défense,canceled,captain,ChIJh4rnfVhk5kcRV2Q-ZKdm8vA,48.8996456&2.2216773,2024-02-06T20:45:00.000Z,60,14.5,public,true,Chill,2,4RJBZvLR7dXZSjxN1gDXJoLdszw2,9,10,0,0,0,0,0
m2LIBrUavWBKh0Vat8D5,Footbox,published,pro,ChIJY-WkusIR5kcR-tEad3UtaSQ,48.9022789&2.582647,2024-02-17T17:00:00.000Z,60,10,public,false,,,QI89VPazyLhBVnWH871jk4BUEZI3,0,10,0,0,0,0,0
m2M0FC5rGjH1X8G3nj97,Stadium Thiais,canceled,captain,ChIJ64X9jzx05kcRsHvSfOv6UcA,48.7511137&2.3715422,2024-02-11T11:00:00.000Z,90,15,public,false,Détente,3,OQGFC1IXUmPziQd5BL6o1kHoOIj2,4,10,0,0,0,0,0
m4RnMeSHzJgtlrtFqB88,Top Ten,published,pro,,48.8729106&2.6840919,2024-02-04T11:00:00.000Z,90,15,public,false,,,i27253AGxOfXgYJK72sBnvUGuMk2,0,10,0,0,0,0,1
m69XelPQ1LFjdCOmxU30,Play Soccer,canceled,captain,ChIJQ-UxZn-5rhIRKWoQydM5T9s,43.5512023&1.4098927,2024-02-12T18:30:00.000Z,90,13.5,public,false,Détente,3,9ihmjaFkzLah40eTyvwsYUITLXz2,9,10,0,0,0,0,0
m78mHphjXFBefijwG84h,UrbanSoccer La Défense,published,captain,ChIJh4rnfVhk5kcRV2Q-ZKdm8vA,48.8996456&2.2216773,2024-02-09T12:00:00.000Z,60,13,public,true,Compétition,5,7EmW6eGa2ldu2NbZasvRClv9Zcs2,9,10,0,0,0,0,0
m7fePazc270WYduyZXBi,UrbanSoccer - Marne-La-Vallée,published,captain,ChIJ6bDBiosP5kcROXiloHzSdhc,48.82658600000001&2.6296937,2024-02-15T19:15:00.000Z,60,12,private,true,Compétition,5,cbL7m5i4cZRxK51VIGxNJNdyC762,9,10,0,0,0,0,0
m8fcciJlK4lOonlC0cCi,UrbanSoccer - Porte d'Aubervilliers,played,captain,ChIJ0dXjDCZs5kcRvX0EpMwxsUY,48.9074912&2.3746518,2024-02-15T11:30:00.000Z,60,,public,true,Détente,2,28xvNfFJPDQRVrMAtQqmfDdQwX23,10,10,0,0,0,0,4
m9j2lsp4xwwnJOT7cttG,UrbanSoccer Meudon,canceled,captain,ChIJ0WKvjbh75kcRoqSmyWwW2jQ,48.80013599999999&2.2140811,2024-02-08T20:00:00.000Z,90,17,public,true,Détente,3,4bYlzSvfLEgYWiyH0mjE1sQFnKs1,10,10,0,0,0,0,0
mA2rje8YiRVn1KPNvgLj,Stadium Thiais,played,captain,ChIJ64X9jzx05kcRsHvSfOv6UcA,48.7511137&2.3715422,2024-02-12T15:55:00.000Z,120,10,public,false,Compétition,3,Dohg1zNvhsbmGrYuAmExKFyjruw2,10,10,3,0,0,0,0
mAUP1W62H6OKQeQwarkn,Stadium Thiais,published,pro,,48.7511024&2.3713455,2024-02-08T11:00:00.000Z,60,7,public,false,,,psf3NmXEPwdCltHKJC7VuvJocrF3,9,10,0,0,0,0,2
mAr73cAjWA5SqAZR2M8y,Monclub Futbol,played,captain,,43.4299152&5.4001974,2024-02-07T18:00:00.000Z,60,10,public,false,Détente,3,7dvCI56J46g8hbZAK5Vctt88IOl1,10,10,1,0,0,0,0
mBFKJi6txYdTNaAQOSYs,LE FIVE Paris 17,played,captain,ChIJ7eI8sFNv5kcR5xy52Wc57NU,48.900032&2.3213449,2024-02-10T12:00:00.000Z,90,15,public,true,,4,7CRCSDUhQgahjgxZSA2O3Nuk6Bl1,10,10,1,0,0,0,0
mBjBl7FVYcCBHIOedZya,LE FIVE Villette,canceled,captain,ChIJTUFnQjps5kcR0pHITLTw1PI,48.9070122&2.3861459,2024-02-07T11:00:00.000Z,60,7,public,false,,3,NRakKOGkhNUBLljC3RVBIgn9IW22,9,10,0,0,0,0,0
mEpp1BgRLXg5NdzylCWV,UrbanSoccer - Asnières,canceled,captain,,48.92192379999999&2.3068311,2024-02-01T21:30:00.000Z,90,5,public,true,Détente,3,5qq0zfP2PefyCYjpJkx8mg1Dr7B3,9,10,0,0,0,0,0
mF7lN4t3Ovv0lJyvHJqs,Foot POWER 5,canceled,pro,ChIJuTCIFshm5kcRBtEQJ76dAzc,48.960066&2.2061913,2024-02-17T17:00:00.000Z,90,7,public,false,,,sss3dYi6nzWd7rEjwcQ30LGKudj1,0,10,0,0,0,0,0
mFqIfwsTb0YrSPNz4ewd,LE FIVE Sarcelles,played,captain,ChIJ6_q3Fxhq5kcRCpoEwnoXX1Q,48.99782219999999&2.3902225,2024-02-08T19:00:00.000Z,90,10,public,false,Détente,3,que2ClS9cKaQ76VTIMNVaEEzQlW2,10,10,4,0,0,0,2
mGXZ9wqV2z40soMoFZ3u,Le Street Foot en Salle,played,captain,ChIJt_AXL6Jg5kcRu6rBmnrmeUM,49.0164435&2.181307,2024-02-04T08:45:00.000Z,90,13,public,false,Compétition,4,4MGQj2BCmRQcGdFP1Z2tkYZMYaY2,10,10,1,0,0,0,1
mHEFk0QsP1TG7jDqmVux,F5 Foot Five,played,captain,ChIJjUbM5G7A9EcRW3mlkrhyXxY,45.7857911&4.905926399999999,2024-02-14T20:00:00.000Z,60,10,public,false,Détente,2,fwPW9mVYmwc6QUXMb0k9xFsC7VJ2,10,10,4,0,0,0,1
mIKkBeGxeugITH0Vyw0Z,LE FIVE Villette,canceled,captain,ChIJTUFnQjps5kcR0pHITLTw1PI,48.9070122&2.3861459,2024-02-07T18:00:00.000Z,60,8,public,false,Détente,,YbciA8LAEgMHwsboGv98BIKcums1,7,10,0,0,0,0,0
mIQ7RL4wc3AL3d1Pkk7b,Top Ten,played,pro,ChIJfXprBx4b5kcRmhe-5pLZUek,48.8729106&2.6840919,2024-02-13T16:00:00.000Z,90,5,public,false,,,i27253AGxOfXgYJK72sBnvUGuMk2,10,10,5,0,0,0,8
mJQToISW4C0xzIDViFIR,LE FIVE Marville - La Courneuve,played,captain,ChIJ2dHdMZxr5kcR0aKYHYsp0pY,48.9364404&2.3869147,2024-02-17T16:30:00.000Z,120,10,public,false,Détente,3,AX0UGGRpJEPcXPp7yQl77M4HaK93,10,10,3,0,0,0,4
mJcdAngLczAmuSmyw3OB,LE FIVE Sarcelles,played,captain,ChIJ6_q3Fxhq5kcRCpoEwnoXX1Q,48.99782219999999&2.3902225,2024-02-13T19:30:00.000Z,90,10,public,false,Détente,,7zqwIqCe79UpNd8UOOgZeeFEGHg2,10,10,1,0,0,0,0
mL60trNojy3Iblz9rdJu,Parc de Choisy,played,captain,ChIJ7RWNzpZ05kcRTkknDj8Df-I,48.7664003&2.4305572,2024-02-05T19:00:00.000Z,90,,public,false,Compétition,5,ljBHxHlRB9ZOa1hfRaRBJt484qT2,22,22,1,0,0,0,0
mLMChxxQp3vXPJoR8WFm,UrbanSoccer - Puteaux,played,captain,ChIJM_sC0-Nk5kcRhL1y_EFIje8,48.8836397&2.2312283,2024-02-02T20:00:00.000Z,60,14,public,true,Détente,,JbE8P7tb4ZTJT59liqGI6fEXmEA2,10,10,1,0,0,0,3
mLphVPG48eL6d2DFAFVL,UrbanSoccer - Asnières,played,captain,ChIJi5LkLT9v5kcRSlhScqEFNWs,48.92192379999999&2.3068311,2024-01-29T22:00:00.000Z,60,9,public,true,Compétition,5,us9asL6E8UUj2F4XrUXMfaQsVvJ3,10,10,2,0,0,0,2
mMfOC6hwLjQ6AnHxBvab,UrbanSoccer La Défense,played,captain,ChIJh4rnfVhk5kcRV2Q-ZKdm8vA,48.8996456&2.2216773,2024-02-13T19:15:00.000Z,60,14.5,public,true,Détente,3,CwIRSVlPmaTLbf0vcoOLYDfvd192,10,10,1,0,0,0,1
mOhGRek4IskCYO1ko41w,City stade de la Gravière,canceled,captain,ChIJlWwpFZnt9EcR8KsQCBd5CHQ,45.7315869&4.7791329,2024-02-03T09:00:00.000Z,90,,public,false,Détente,,w3AnX7uWgJc7BarLiBrWplP1RAV2,7,10,0,0,0,0,2
mSXUIkHLp321wU3uvFZ8,City KOF,canceled,captain,ChIJ_2pirmlv5kcRTpGJ0UDn1Y8,48.9155954&2.2963072,2024-02-01T11:00:00.000Z,90,,public,false,Détente,2,PL0nw3BiAUhxDJuKc8qZsRazcM23,6,10,0,0,0,0,0
mTtAsorxgkvQe5EH7oMK,Top Ten,published,pro,ChIJfXprBx4b5kcRmhe-5pLZUek,48.8729106&2.6840919,2024-01-31T19:00:00.000Z,90,16.5,public,false,,,i27253AGxOfXgYJK72sBnvUGuMk2,0,10,0,0,0,0,0
mcSmphLbMyPeZBt77jnX,UrbanSoccer - Lille Bondues,canceled,captain,ChIJ58ZerMgrw0cR2Jyp7tZjBn4,50.6913774&3.0860264,2024-02-15T18:30:00.000Z,60,11.5,public,true,Détente,3,ocC5dON83qaSxu5YS6BxPvvS5eX2,9,10,0,0,0,0,0
md6m4Apkfzy4ixehAP3A,Play Soccer,canceled,captain,ChIJQ-UxZn-5rhIRKWoQydM5T9s,43.5512023&1.4098927,2024-02-13T20:00:00.000Z,60,10,public,false,,3,d5EYxV2UtnN11dTUFwyazwKhaKl1,6,10,0,0,0,0,0
mdm2tEotmx7hpIPAQRTQ,UrbanSoccer - Porte d'Aubervilliers,played,captain,ChIJ0dXjDCZs5kcRvX0EpMwxsUY,48.9074912&2.3746518,2024-02-07T17:30:00.000Z,60,13,public,true,Détente,3,MaDSP4Kt7qhKzLCKM8v1XqJtNag1,10,10,3,0,0,0,4
meBfrrOjd8aNqrTjmIWN,UrbanSoccer - Toulouse Montaudran,played,captain,ChIJl772e0u8rhIR2foRX4Xa2CI,43.574642&1.4801835,2024-02-02T21:00:00.000Z,60,8,public,true,Détente,,eRHt8BjGIkQ1SZ4gLnrSkVwohlU2,10,10,0,0,0,0,1
mfrE79eJAGb6Xlq6L2rG,Stadium Thiais,published,pro,ChIJ64X9jzx05kcRsHvSfOv6UcA,48.7511024&2.3713455,2024-02-17T12:00:00.000Z,90,15,public,false,,,psf3NmXEPwdCltHKJC7VuvJocrF3,0,10,0,0,0,0,0
mgP2gVUkuxLRDz2t110x,Le 13 - Foot en salle - Marseille,canceled,captain,ChIJR62kUm_ByRIRDnGQqGCeUVQ,43.33370070000001&5.370389599999999,2024-02-10T19:30:00.000Z,60,10,public,false,Détente,3,tYE0hxio2uYHYCahKUN7QqZwcbi1,6,10,0,0,0,0,1
mmNEvVzeM8Wou4yjOm4e,Stade de la Poterne,played,captain,ChIJNX0GHvZ35kcRwSp1zW1FHl8,48.7354688&2.270022,2024-02-11T14:00:00.000Z,90,,public,false,Compétition,,taZD7iFpWZarSI5FcZNlfb9c9nu1,10,10,7,0,0,0,0
mmiN3V9kFTbrcJpONcbh,UrbanSoccer La Défense,played,captain,ChIJh4rnfVhk5kcRV2Q-ZKdm8vA,48.8996456&2.2216773,2024-02-11T15:00:00.000Z,60,13,public,true,Compétition,3,4yonKLK5hdcTTCCfPSMfpt0rHYn1,10,10,4,0,0,0,2
ms0ntj5Jl3UyvA2FAwLt,Stade Des Courtilles,played,captain,ChIJ83HS9ldv5kcR-plMKkHPNTA,48.929137&2.2834726,2024-02-11T17:30:00.000Z,150,,public,false,Compétition,4,362hoymryLViTjqE7fc8aW4jgTm2,14,14,5,0,0,0,0
munmGHBCZ7Ue3ChGsO0k,UrbanSoccer Meudon,played,captain,ChIJ0WKvjbh75kcRoqSmyWwW2jQ,48.8001204&2.2140771,2024-01-31T20:30:00.000Z,90,15,public,true,Détente,3,SEtmCWG4hpdCJdWKljNFyCfzdZ03,10,10,2,0,0,0,0
mxsIr9FybeQ3aAkCyKJe,LE FIVE Paris 18,played,captain,ChIJpVT4_n1u5kcRzji6FdTBXXo,48.8978522&2.3700234,2024-01-30T18:00:00.000Z,60,14,public,true,Détente,2,WWgd2I51SHRZaKyr7sQy8MVgXCY2,10,10,1,0,0,0,0
n074la2brASZXqW3E8Zy,LE FIVE Marville - La Courneuve,canceled,captain,ChIJ2dHdMZxr5kcR0aKYHYsp0pY,48.9364404&2.3869147,2024-02-17T17:00:00.000Z,60,10,public,false,Détente,4,8a1IiqZPd4WCCGMJlcLdCNgF1jg2,10,10,0,0,0,0,0
n0sRkKYy5Tne46dJh9FG,STADIUM FOOT 5 VILLAGE,canceled,captain,ChIJbbOWFtC4yRIR0WXVerbWmnE,43.269413&5.4260321,2024-02-08T20:00:00.000Z,60,10,public,false,Détente,3,MKjoGJESIIfNKw5sH93VODBuvLv2,6,10,0,0,0,0,0
n1HJv4TvOqrKrj35wj2j,Foot POWER 5,canceled,pro,,48.960066&2.2061913,2024-01-30T20:00:00.000Z,90,7,public,false,,,sss3dYi6nzWd7rEjwcQ30LGKudj1,0,10,0,0,0,0,0
n1ofoBFXm2XSjeA2ncie,UrbanSoccer - Porte d'Aubervilliers,played,captain,ChIJ0dXjDCZs5kcRvX0EpMwxsUY,48.9074912&2.3746518,2024-02-11T08:30:00.000Z,90,15,public,true,Détente,3,C0gV3IxNmJgyeAVFzT4pTujpwuB2,10,10,1,0,0,0,0
n3W8yYt8YFntrXMbn3RJ,Arena Club,played,captain,ChIJeWJWRjYvw0cRbnJR4ZXAKMA,50.7696017&3.1236104,2024-02-13T18:15:00.000Z,60,8.5,public,false,Détente,3,gYtFqSj0PydNaTTSfkvDaSMqvqc2,10,10,8,0,0,0,0
n3yT6xLmBnTkNQpG2g3L,Plaine des Jeux de Gerland,published,captain,ChIJBYG18IPp9EcRUNpTJFdu8f0,45.7213257&4.8272967,2024-02-07T17:30:00.000Z,90,,public,false,Compétition,3,5USGl81JMWeo3fNqNyx50I6L4992,6,16,0,0,0,0,0
n4OKHENrb6paUdCNuc42,Top Ten,published,pro,ChIJfXprBx4b5kcRmhe-5pLZUek,48.8729106&2.6840919,2024-02-15T22:00:00.000Z,90,16.5,public,false,,,i27253AGxOfXgYJK72sBnvUGuMk2,0,10,0,0,0,0,0
n5ecznYJ01GR1jrWGmK5,Cité des Sports,canceled,captain,ChIJ70UPf6R75kcRGb3NAV9k7Ww,48.8247744&2.2650728,2024-02-04T13:00:00.000Z,60,13,public,false,Détente,3,jE92HpRp0iNEvDzc98Jh3F9dkAi1,7,10,0,0,0,0,0
n67Eim2wl6wVQoTrFeHf,UrbanSoccer - Lille Lezennes,published,captain,ChIJR3ro5nTWwkcRfM_S3Be9HjI,50.6162725&3.0998108,2024-01-31T17:30:00.000Z,60,9,public,true,Détente,2,KoMMspPpOrQB6lklhBjC6eSYPZp2,4,10,0,0,0,0,0
n6Q9ejtgnjAYpSPNMu11,Play Soccer,played,captain,ChIJQ-UxZn-5rhIRKWoQydM5T9s,43.5512023&1.4098927,2024-02-17T14:00:00.000Z,90,12,public,false,,,8LtkeOuZHeePxfkXdNPmQSr7V9L2,10,10,2,0,0,0,0
n799dkUnphrQawfYbqgY,Top Ten,published,pro,,48.8729106&2.6840919,2024-02-07T22:00:00.000Z,90,16.5,public,false,,,i27253AGxOfXgYJK72sBnvUGuMk2,0,10,0,0,0,0,0
n7ANRuj1Q8Q4rt2ARPe6,Top Ten,published,pro,ChIJfXprBx4b5kcRmhe-5pLZUek,48.8729106&2.6840919,2024-02-11T17:00:00.000Z,90,15,public,false,,,i27253AGxOfXgYJK72sBnvUGuMk2,0,10,0,0,0,0,0
n9T0OqVzZ3pYFW0geo9D,UrbanSoccer La Défense,played,captain,ChIJh4rnfVhk5kcRV2Q-ZKdm8vA,48.8996456&2.2216773,2024-02-04T13:30:00.000Z,60,14.5,public,true,Détente,4,vXtI2jCnS1heSQPibELRoZDpivY2,10,10,4,1,0,0,1
nBEXB4k9HEWBxyAvKZKC,UrbanSoccer La Défense,played,captain,ChIJh4rnfVhk5kcRV2Q-ZKdm8vA,48.8996456&2.2216773,2024-02-14T19:45:00.000Z,60,15,public,true,Détente,3,ujrkM923ZkZfdxOxjC0wVMcRqxw1,10,10,2,0,0,0,1
nE5Cu90qFeCwLZTfDJpV,UrbanSoccer - Quai d'Ivry,played,captain,ChIJfXxYJ0xy5kcRw9xTkF6-FZQ,48.8199885&2.3936463,2024-02-18T13:40:00.000Z,120,3,public,true,Compétition,5,0Ar3LQMLhMWoCgpvJgUdWolGaoP2,10,10,1,0,0,0,0
nEDlxL5nqyEK2uHdtEm8,LE FIVE Marville - La Courneuve,played,captain,ChIJ2dHdMZxr5kcR0aKYHYsp0pY,48.9364404&2.3869147,2024-01-30T19:00:00.000Z,90,,public,false,Détente,3,cqW2FgTkB4ZAU8zb24wWo35KYj83,10,10,1,0,0,0,0
nEEabWJNd0WYJlajqPwd,UrbanSoccer Evry,canceled,captain,ChIJW0Ut1G7e5UcRt621n2fRQ5M,48.6286849&2.4066366,2024-02-04T13:00:00.000Z,90,15,public,true,Compétition,4,crYBIdJXHcQc3rDu0gV7BT2e3xk1,9,10,0,0,0,0,0
nFGmIX69PeFVNazfYHuC,LE FIVE Bezons,played,pro,,48.91909&2.2093051,2024-02-05T21:00:00.000Z,90,14,public,false,,,U3MriTZbPbTUEsU6RtRuHxDMKvg2,10,10,8,0,0,0,2
nFpPZ8rbXU1zFFpzn2bx,Stadium Thiais,published,pro,ChIJ64X9jzx05kcRsHvSfOv6UcA,48.7511024&2.3713455,2024-02-07T18:30:00.000Z,90,15,public,false,,,psf3NmXEPwdCltHKJC7VuvJocrF3,0,10,0,0,0,0,0
nFzzsCzjf1iIMEciAVkJ,Stade de la Tour aux Parachutes,played,captain,ChIJbwsrhCpy5kcRca22Pnhr8MU,48.8175176&2.3643354,2024-02-16T15:00:00.000Z,120,,public,false,Détente,3,IEU57Q7nmbbkCnloDOZa6y1BGHS2,16,16,10,0,3,0,5
nIoqOy5fHYPeS4YBbEG4,LE FIVE Paris 18,played,captain,ChIJpVT4_n1u5kcRzji6FdTBXXo,48.8978522&2.3700234,2024-02-13T19:00:00.000Z,60,14,public,true,Détente,3,hj7Ou3QoLYW0oxOZRSyHO0e62XY2,10,10,4,0,0,0,1
nJPnqkqNLEASwPw7g4HR,Play Soccer,published,captain,ChIJQ-UxZn-5rhIRKWoQydM5T9s,43.5512023&1.4098927,2024-02-19T19:00:00.000Z,90,15,public,false,,,8LtkeOuZHeePxfkXdNPmQSr7V9L2,7,10,0,0,0,0,0
nKRlg4lFhoPLLpL9FCxk,LE FIVE Créteil,canceled,captain,ChIJ88lx3VwL5kcRVxCh4lD6_Gk,48.7643086&2.4706522,2024-02-18T20:00:00.000Z,90,13.5,public,false,Détente,,EHZB6c5iRjY7Bqm1fWmpwmymat03,6,10,0,0,0,0,0
nKiU8ywxQDW9rIQELpNc,LE FIVE Marville - La Courneuve,published,pro,ChIJ2dHdMZxr5kcR0aKYHYsp0pY,48.9361223&2.3872592,2024-02-11T08:00:00.000Z,60,10,public,false,,,1GfAHFfqO6dOj37bPrTRuDS5gnk1,0,10,0,0,0,0,1
nLvtGPDmBmGQMUBedjHX,Stadium Thiais,played,pro,,48.7511024&2.3713455,2024-02-04T12:00:00.000Z,90,15,public,false,,,psf3NmXEPwdCltHKJC7VuvJocrF3,10,10,7,0,0,0,4
nM3GG3yvadrrsPpolOC5,TEP Reverdy,played,captain,ChIJ97IzEXZt5kcRrziQffedeSo,48.8852655&2.3762939,2024-02-12T18:00:00.000Z,120,5,public,false,Détente,4,IPmbamz2bkMhCjliEqifTUkx2ir2,12,12,4,0,0,0,2
nNKbrZEFzzlKojrySNtt,Parc de Choisy,played,captain,ChIJ7RWNzpZ05kcRTkknDj8Df-I,48.7664003&2.4305572,2024-02-03T11:00:00.000Z,120,,public,false,Détente,3,4wfM3ZXk50ZwT3MgJYdZBMhnju12,18,18,15,1,0,0,2
nNLVV7XUU7hXczswEfTV,LE FIVE OL,canceled,captain,ChIJmz3whejH9EcR3j9ApNRukKE,45.7673403&4.9802325,2024-01-31T18:30:00.000Z,60,11,public,false,Détente,1,zX5zjSTlVuUHeLLdIZcOw0IJc852,6,10,0,0,0,0,0
nPPmLGRVifWXslqRfR9s,LE FIVE Bobigny,canceled,pro,ChIJV8UONORs5kcRXxR5Qd7x130,48.901553&2.4313304,2024-02-15T17:00:00.000Z,60,8,public,false,,,4owi3i7t8EOvFNF6UQvACOpiDRy1,0,10,0,0,0,0,0
nPYz8SSR6KN3fE7D4FAW,LE FIVE Bezons,canceled,pro,,48.91909&2.2093051,2024-02-07T21:00:00.000Z,90,14,public,false,,,U3MriTZbPbTUEsU6RtRuHxDMKvg2,6,10,0,0,0,0,0
nQGitDhftQ6ty0bnEbWY,UrbanSoccer - Lille Lezennes,played,captain,ChIJR3ro5nTWwkcRfM_S3Be9HjI,50.6162725&3.0998108,2024-02-01T20:30:00.000Z,90,10.5,public,true,Détente,3,dvdYbjXAR8fQjpIGtP7Po8prEdE3,10,10,6,0,0,0,1
nQMpRJrROCJZyWUrh3UF,Stadium Thiais,played,pro,ChIJ64X9jzx05kcRsHvSfOv6UcA,48.7511024&2.3713455,2024-02-18T18:00:00.000Z,90,15,public,false,,,psf3NmXEPwdCltHKJC7VuvJocrF3,12,12,4,1,0,1,4
nQU9yqT1dvXbCCZC6PEA,UrbanSoccer - Quai d'Ivry,played,captain,ChIJfXxYJ0xy5kcRw9xTkF6-FZQ,48.8199885&2.3936463,2024-02-03T16:00:00.000Z,90,17,public,true,,2,T3uGoCvSwZeG7U3c0rkTxIZrIEq2,10,10,0,0,0,0,0
nR5IdI7OXhcANMkAjLQ5,Le Street Foot en Salle,published,pro,ChIJt_AXL6Jg5kcRu6rBmnrmeUM,49.0164435&2.181307,2024-02-12T17:00:00.000Z,120,16,public,false,,,bsRK7e37BkUbETMq0Tg3lbm8Fao2,0,10,0,0,0,0,0
nVkIA4hVhVVtbfzv21Th,Lycée Agricole,canceled,captain,ChIJJeaXC2G-rhIRwxpnAd6UwGM,43.5353068&1.4847053,2024-02-04T15:30:00.000Z,90,,public,false,Détente,3,o6OcD0GMLzZUBtX7NZu2glkOEZj2,9,12,0,0,0,0,0
nW2p1G2hCnYyQ2zRhVQu,Stade Georges Carpentier,published,captain,ChIJDcRAPQZz5kcRRfIYvk9rvQQ,48.8190383&2.3661251,2024-02-05T11:00:00.000Z,120,,public,false,Compétition,3,kRAf444M3RUd6EWIOWpKVKs78SI2,15,16,0,0,0,0,3
nWPH0RedB24p2VWrh2vd,LE FIVE Montreuil,published,pro,,48.8613036&2.4653095,2024-02-03T15:00:00.000Z,60,10,public,false,,,u9uC1vjdcdQ3UqNxI0SiFxor0m43,1,10,0,0,0,0,1
nXCAYjUfHgsm452LXtOP,Stadium Thiais,played,pro,,48.7511024&2.3713455,2024-02-02T21:00:00.000Z,90,14,public,false,,,psf3NmXEPwdCltHKJC7VuvJocrF3,10,10,8,0,0,0,1
nXPqjIuFAsbashjkyhoC,LE FIVE Champigny,published,pro,ChIJsXi1PLYN5kcRTVVDuczgS2s,48.8194084&2.5251846,2024-02-16T16:00:00.000Z,60,7,public,false,,,evlV9mUgATYQ5343zpYZvk4w0r03,0,10,0,0,0,0,1
nY2sD60CnrU6rsiBAiLH,LE FIVE Paris 13,played,pro,ChIJ_bOSChhz5kcRZMTeq_6Gdzg,48.8181615&2.3658793,2024-02-15T22:00:00.000Z,60,10,public,false,,,FjSnzlRFFfhWVWQJGfIEwRc2ZMj2,10,10,3,0,0,0,2
nY7mHlnYKpKBO6S7yXMZ,Massilia FIVE,played,captain,ChIJxZ6UmMW-yRIR7ot5DChYj4w,43.28920790000001&5.4503802,2024-02-02T17:00:00.000Z,60,10,public,false,Détente,2,E4hGFDeR8rPaVoZBlOQxP1Lz7zl1,10,10,5,0,0,0,0
naUe40NlUo1BK8M003Pd,UrbanSoccer - Lyon Parilly,played,captain,ChIJx3FQWjLC9EcRrrQb2eV7i_4,45.7120399&4.9039284,2024-02-04T10:00:00.000Z,90,13.5,public,true,Détente,2,m77T3qpFCzcYDtLRDUKGQ2cg7uG2,10,10,0,0,0,0,0
nciGuXBWcmYt7eBm6cyD,LE FIVE Paris 17,played,pro,,48.900032&2.3213449,2024-02-06T16:00:00.000Z,60,5,public,false,,,V6mqbc9C8FNa1RQlUupjeoqOsZL2,10,10,9,0,0,0,1
nct4IvkNaLiFK9rxQhJN,Stadium Thiais,played,captain,ChIJ64X9jzx05kcRsHvSfOv6UcA,48.7511137&2.3715422,2024-02-02T18:00:00.000Z,90,15,public,false,,3,x238wYqJ2FU3MxddDHSCSEBqadB2,10,10,2,0,0,0,0
ndkczgfsjCabj6DcIkzW,UrbanSoccer - Quai d'Ivry,played,captain,ChIJfXxYJ0xy5kcRw9xTkF6-FZQ,48.8199885&2.3936463,2024-02-11T12:30:00.000Z,60,12,public,true,Détente,3,wSeOuEtyetaOPB3N06i6hxJHIb03,10,10,2,0,0,0,1
neZPPy4L2u1W0aDXJv6j,FOOT INDOOR Marseille,published,captain,ChIJ41AMCxC8yRIRLHLGt11sc-U,43.2859688&5.4882746,2024-02-10T09:00:00.000Z,60,10,private,false,Détente,2,p5RLJog4gzS5k9JJmj7fHkGw2fc2,1,10,0,0,0,0,0
neqa4racTuHO07mFiGue,Play Soccer,canceled,captain,ChIJQ-UxZn-5rhIRKWoQydM5T9s,43.5512023&1.4098927,2024-02-18T17:00:00.000Z,90,12,public,false,Détente,2,8LtkeOuZHeePxfkXdNPmQSr7V9L2,5,10,0,0,0,0,0
nf9oqMnK8m9Njf6OB9jm,Stadium Thiais,played,captain,ChIJ64X9jzx05kcRsHvSfOv6UcA,48.7511024&2.3713455,2024-02-02T19:15:00.000Z,90,15,public,false,Compétition,3,ivJjDu3v1IbjkaGKCqaOoVymlgD3,10,10,6,0,0,0,0
nfF1Y944RzppXqeA5D0x,FIVE ARENA MEAUX ,published,pro,ChIJ02bKSuih6EcRb796CXVbkVs,48.9539465&2.9154573,2024-02-18T17:00:00.000Z,90,10,public,false,,,4K6djqUyJdTgGF3Q7nh7CXQHqVh1,5,10,0,0,0,0,0
nfxPMxgKVrvujWO6UZvb,Stade Gilles Joye,published,captain,ChIJw2BPcJnzyRIRLzzgcSTD9TM,43.5744126&5.3446134,2024-02-19T18:00:00.000Z,60,7,private,false,Détente,3,uAEut48qBDUb9yI8BZY79qCquMq1,10,10,0,0,0,0,0
nhpezw97rcBADAtMn4b5,Stadium Thiais,published,pro,ChIJ64X9jzx05kcRsHvSfOv6UcA,48.7511024&2.3713455,2024-02-17T13:00:00.000Z,90,12,public,false,,,psf3NmXEPwdCltHKJC7VuvJocrF3,0,10,0,0,0,0,0
niORarwKA1UhEX39iXaa,EFIVE Avignon Vedene,published,captain,ChIJd-UEcsXztRIRA9jWoQe2RtU,43.97166319999999&4.894042,2024-02-19T18:00:00.000Z,60,9,public,false,Détente,,pXlmNPYLqOdADZcOBwy1V83CWWH3,7,10,0,0,0,0,0
nin7VyltTEqCZ8QW8mGR,Classico Foot,played,captain,ChIJFV442oCxrhIRgsZy5aIbkNs,43.5945434&1.2911399,2024-02-04T19:00:00.000Z,60,8,public,false,Compétition,4,1ZYZDZ2TV5doCKQ610CkiGN0K9R2,10,10,1,0,0,0,0
nl2cF6TS8nqYjTHNtXNS,Testing Purposes,published,pro,,67.461524&-152.801377,2024-02-06T15:00:00.000Z,90,12,public,false,,,f2LrY7SAV3U1V9tUVAZfiMxA3uu1,0,10,0,0,0,0,0
nlOuykEe0SkSqCK9bxW7,LE FIVE Bezons,canceled,pro,ChIJ04KEHBZk5kcRoDWLaMOCCwQ,48.91909&2.2093051,2024-02-10T11:00:00.000Z,90,13.5,public,false,,,U3MriTZbPbTUEsU6RtRuHxDMKvg2,10,10,0,0,0,0,1
nmrFWl4W2KvsoojZPyMX,Play Soccer,published,captain,ChIJQ-UxZn-5rhIRKWoQydM5T9s,43.5512023&1.4098927,2024-02-08T11:30:00.000Z,60,8,public,false,,,8LtkeOuZHeePxfkXdNPmQSr7V9L2,9,10,0,0,0,0,0
nrv75Edr11DtsmYx0UW1,Foot POWER 5,canceled,pro,,48.960066&2.2061913,2024-02-12T17:00:00.000Z,90,5,public,false,,,sss3dYi6nzWd7rEjwcQ30LGKudj1,0,10,0,0,0,0,0
ntEaIOvMQP0K4HGi3NDk,LE FIVE Paris 13,played,captain,ChIJ_bOSChhz5kcRZMTeq_6Gdzg,48.8181615&2.3658793,2024-02-17T12:00:00.000Z,60,13,public,true,Détente,2,DiU472CmiHQxdU9lZC2AhkTlZWf1,10,10,0,0,0,0,0
nuW6qnLlM7fjhdxDdBX0,UrbanSoccer - Porte d'Aubervilliers,played,captain,ChIJ0dXjDCZs5kcRvX0EpMwxsUY,48.9074912&2.3746518,2024-02-15T18:15:00.000Z,60,14,public,true,Détente,,bsGfxfBDVEZLmS3JCnuMf3uvu2y1,10,10,3,0,0,0,5
nubhEaz23btMx6TRR19j,Events Five,played,captain,ChIJf8cSCJG5rhIRoQadPH-wW1U,43.5399703&1.3922897,2024-02-07T19:00:00.000Z,60,9,public,false,Détente,3,kVyaXWV4MbXOhkS18nTiduhfbai1,10,10,1,0,0,0,0
nvDQTHbcErzp9uDg7H9G,LE FIVE Villette,played,captain,ChIJTUFnQjps5kcR0pHITLTw1PI,48.9070122&2.3861459,2024-01-31T18:00:00.000Z,60,12,public,false,Détente,2,HyTxpFhXmdhAuifzKsqMZdmeS5q1,10,10,4,0,0,0,1
nvPzuCDTG8wLKpEGsEwU,Futsal 17e - Viking Club Paris,published,captain,ChIJ6bCcaTRv5kcRSQHUYpTWVaU,48.895936&2.3169137,2024-02-12T08:00:00.000Z,180,,public,false,Détente,1,8i5faoQkJ4YSkhRB5skPBLiEh1G3,5,20,0,0,0,0,1
nvyoGK6jmTcwJL2JWpfa,LE FIVE Créteil,played,pro,ChIJ88lx3VwL5kcRVxCh4lD6_Gk,48.7643086&2.4706522,2024-02-18T11:00:00.000Z,60,11,public,false,,,ZmXMWx7aTdPoPkkGOWa2HIQVblq2,10,10,9,0,0,0,1
nw5OBmsCnIBQpXu3Y4lf,UrbanSoccer La Défense,canceled,captain,ChIJh4rnfVhk5kcRV2Q-ZKdm8vA,48.8996456&2.2216773,2024-02-15T17:15:00.000Z,60,14,private,true,Détente,,1HmafaepO7XVtiMrAGlVxl4ql522,1,10,0,0,0,0,0
nwM9LCDaoqz5sVqwgdOG,UrbanSoccer - Lille Bondues,played,captain,ChIJ58ZerMgrw0cR2Jyp7tZjBn4,50.6913774&3.0860264,2024-02-11T11:30:00.000Z,60,6,public,true,Détente,2,ikyMn7gbpQWL7q7Kug1u5I7nIRu2,10,10,2,0,0,0,1
nwe2JQQrauBEXTQFAPU5,UrbanSoccer - Lyon Parilly,draft,captain,ChIJx3FQWjLC9EcRrrQb2eV7i_4,45.7120399&4.9039284,2024-02-08T18:30:00.000Z,60,,public,false,,,GVdaLPxjA6SDWn0FPDlZ3A9mJut2,0,0,0,0,0,0,0
nxHB3KGcbTuYdfBltrs4,UrbanSoccer - Asnières,canceled,captain,ChIJi5LkLT9v5kcRSlhScqEFNWs,48.92192379999999&2.3068311,2024-01-31T19:00:00.000Z,60,12,public,true,Détente,3,kfEgj0MU16UPonh31P5B54lFa0b2,10,10,0,0,0,0,0
nzkjpHWMf1bX6mzJCvnE,UrbanSoccer Guyancourt,played,captain,ChIJmdX-2c-A5kcRj1wtOS8rZmo,48.7722091&2.0600292,2024-02-08T17:30:00.000Z,60,8,public,true,Détente,3,PeisLZvymXVoaHhzbVAskKMJ3jQ2,10,10,2,0,0,0,0
o0Ndg4furpHSHNTLhH60,UrbanSoccer La Défense,canceled,captain,ChIJh4rnfVhk5kcRV2Q-ZKdm8vA,48.8996456&2.2216773,2024-02-10T12:00:00.000Z,60,13,public,true,Compétition,5,7EmW6eGa2ldu2NbZasvRClv9Zcs2,9,10,0,0,0,0,0
o1KCMIGYvyDFRT0ACS8y,UrbanSoccer Meudon,canceled,captain,ChIJ0WKvjbh75kcRoqSmyWwW2jQ,48.8001204&2.2140771,2024-02-02T19:00:00.000Z,120,,public,true,Détente,3,xX1K6PrGzzNNbwwSO0tlh0rOeoC2,10,10,0,0,0,0,0
o1mbDCGRJD47alhCp9XA,Stade Sonny anderson,published,captain,ChIJhwWrIsjr9EcRXzfmLKL7YT4,45.74553119999999&4.8168893,2024-02-04T14:00:00.000Z,120,,public,false,Détente,2,ucesVRsJksZUoAEaqoclA9ZoklH2,16,18,0,0,0,0,0
o2nHmTpAaVOXwUzLhBbx,LE FIVE Bezons,canceled,pro,,48.91909&2.2093051,2024-02-09T11:00:00.000Z,90,10,public,false,,,U3MriTZbPbTUEsU6RtRuHxDMKvg2,1,10,0,0,0,0,0
o3AG723hMkxQmwyfAfkz,UrbanSoccer La Défense,played,captain,ChIJh4rnfVhk5kcRV2Q-ZKdm8vA,48.8996456&2.2216773,2024-02-04T15:00:00.000Z,60,14.5,public,true,Détente,2,dwieOYsBQcXB6gzkxkw58vx1MW62,10,10,3,0,0,0,2
o5oa3pN278zEWXovrkUS,UrbanSoccer La Défense,canceled,captain,ChIJh4rnfVhk5kcRV2Q-ZKdm8vA,48.8996456&2.2216773,2024-01-31T18:40:00.000Z,60,,public,true,Détente,,2PotkD5PcdYHdjGbDAvNs1prBUK2,10,10,0,0,0,0,3
o6FTQHRKk9J9BpfL9OeD,LE FIVE Champigny,played,captain,ChIJsXi1PLYN5kcRTVVDuczgS2s,48.8194084&2.5251846,2024-02-05T18:00:00.000Z,90,12,public,false,Détente,2,wnIJTk2XWRX4GUZ6khj0TPeMOv12,10,10,1,0,0,0,0
o6xlbSJElLtgq2z8ysjO,City KOF,canceled,captain,ChIJ_2pirmlv5kcRTpGJ0UDn1Y8,48.9155954&2.2963072,2024-01-30T11:00:00.000Z,90,,public,false,Détente,2,PL0nw3BiAUhxDJuKc8qZsRazcM23,6,10,0,0,0,0,1
o9ZnOPbc8dTmu78fBquH,Stadium Thiais,played,pro,ChIJ64X9jzx05kcRsHvSfOv6UcA,48.7511024&2.3713455,2024-02-18T16:30:00.000Z,90,15,public,false,,,psf3NmXEPwdCltHKJC7VuvJocrF3,10,10,7,0,0,0,2
o9xKpZ1BCksIvmyoYrdS,Antony,published,captain,ChIJf8cFRhF35kcR0D6LaMOCCwQ,48.759255&2.302553,2024-02-04T09:00:00.000Z,90,10,public,false,Détente,3,Dohg1zNvhsbmGrYuAmExKFyjruw2,9,10,0,0,0,0,0
oA6aRXlsULlTbfULkzU4,LE FIVE Paris 18,canceled,captain,ChIJpVT4_n1u5kcRzji6FdTBXXo,48.8978522&2.3700234,2024-02-16T10:15:00.000Z,90,10,public,true,Compétition,3,0279DK8CItNt6EZ5IKJsMaWaOLo1,9,10,0,0,0,0,0
oAWFuaRtSY6Y0cARiFFX,UrbanSoccer - Puteaux,published,captain,ChIJM_sC0-Nk5kcRhL1y_EFIje8,48.8836397&2.2312283,2024-02-19T19:00:00.000Z,60,15,public,true,Détente,3,mBf3NrDVpxNCksonBUCeXbiW0bT2,9,10,0,0,0,0,0
oC32xQvYMTkn4dCp9jfM,Classico Foot,played,captain,ChIJFV442oCxrhIRgsZy5aIbkNs,43.5945434&1.2911399,2024-02-16T20:00:00.000Z,60,9,public,false,Détente,,vZqrt7VHboSIBssGXfBBTfzZp032,10,10,3,0,0,0,1
oC8VpJ4Rb0bIVyt9ZejZ,LE FIVE Paris 18,canceled,captain,ChIJpVT4_n1u5kcRzji6FdTBXXo,48.8978522&2.3700234,2024-02-18T15:00:00.000Z,60,14,public,true,Détente,2,n1QiHLK59xTLgC3Y85ErDlaLAYm1,9,10,0,0,0,0,1
oCSNEAVtVPcmIIgKemfC,FOOT IN FIVE,played,captain,ChIJoUR0syFp5kcRUlStnwluaYY,48.9552257&2.3328346,2024-02-08T19:30:00.000Z,90,15,public,false,Détente,3,atmK2lQabZRSNSMpwyZ51yZdpsn2,10,10,1,0,0,0,0
oDt2ClyvIcESY9StaKgs,LE FIVE Bobigny,published,captain,ChIJV8UONORs5kcRXxR5Qd7x130,48.901553&2.4313304,2024-02-08T21:30:00.000Z,90,15,public,false,Compétition,5,rO8eE4gQKOV3eBoBKXTSVdTSSbr1,5,10,0,0,0,0,0
oE1wk8M1mTE7pYakLimL,Le 13 - Foot en salle - Marseille,canceled,captain,ChIJR62kUm_ByRIRDnGQqGCeUVQ,43.33370070000001&5.370389599999999,2024-02-02T18:30:00.000Z,60,10,public,false,Compétition,,lN4Dq9utmOhbstMTtKsNYyKoNdP2,6,10,0,0,0,0,0
oHroBdbBeuAV2NvkzTfk,Top Ten,canceled,pro,,48.8729106&2.6840919,2024-02-12T21:30:00.000Z,90,16.5,public,false,,,i27253AGxOfXgYJK72sBnvUGuMk2,0,10,0,0,0,0,0
oJUhLUWa2gmT6mEC4ZaZ,Game 13 foot indoor,canceled,captain,ChIJNSDvlsXryRIRUXao9hwB79I,43.41258939999999&5.366617,2024-02-03T21:00:00.000Z,60,10,public,false,Compétition,4,RPwfyrL30dS1yvyJwGrn0z2HgSa2,10,10,0,0,0,0,0
oJo9qWAZlaWE5NLbDk4b,Le Street Foot en Salle,played,captain,ChIJt_AXL6Jg5kcRu6rBmnrmeUM,49.0164435&2.181307,2024-02-03T09:15:00.000Z,120,10,public,false,Détente,4,aCPGHZTGQaV2Cbw0D43kNCsMkrg1,12,12,2,0,0,0,0
oL39RJo91mVCnoj6pymI,Top Ten,played,pro,ChIJfXprBx4b5kcRmhe-5pLZUek,48.8729106&2.6840919,2024-02-16T16:00:00.000Z,90,5,public,false,,,i27253AGxOfXgYJK72sBnvUGuMk2,10,10,7,0,0,0,3
oLvjE8SSc81p4ZFecdeb,Stade Gaston Bussière,played,captain,ChIJa2mHFCgV5kcRMwtLpKniYU0,48.93984709999999&2.5329682,2024-02-17T15:30:00.000Z,120,,public,false,Détente,3,ZsMml2ttXjdSNfdJbtnKCtxxsRe2,14,14,13,0,0,0,1
oMcW5eJ0Z6s5uDOJrSFy,Parc de Choisy,played,captain,ChIJ7RWNzpZ05kcRTkknDj8Df-I,48.7664003&2.4305572,2024-01-31T20:00:00.000Z,60,,public,false,Détente,2,nX9BAR22HaZZjPTMNMrZRPyc39i2,14,14,2,0,0,0,3
oMkVxUvEFa0x6fpLEG40,Stadium Thiais,played,pro,ChIJ64X9jzx05kcRsHvSfOv6UcA,48.7511024&2.3713455,2024-02-02T18:30:00.000Z,90,15,public,false,,,psf3NmXEPwdCltHKJC7VuvJocrF3,10,10,4,0,0,0,0
oOLCBQjt68CwWx5rHlQs,Stade Charles Auray,published,captain,ChIJBfReMqht5kcRUYj5USqKSSg,48.8867219&2.4165524,2024-02-19T18:50:00.000Z,90,,public,false,Compétition,5,1LDJWrjBcJPRiS8a2m1todvXiJM2,14,14,0,0,0,0,2
oRU6yM5VSkMvvkIBclct,UrbanSoccer - Quai d'Ivry,played,captain,ChIJfXxYJ0xy5kcRw9xTkF6-FZQ,48.8199885&2.3936463,2024-02-10T09:30:00.000Z,60,11,public,true,Détente,3,8V691eLd0QUso6rosfvRXAusjsh1,10,10,1,0,0,0,3
oRzffcyHT5FWRaXc9Vjn,Stadium Thiais,published,pro,ChIJ64X9jzx05kcRsHvSfOv6UcA,48.7511024&2.3713455,2024-02-03T15:00:00.000Z,90,12,public,false,,,psf3NmXEPwdCltHKJC7VuvJocrF3,1,10,0,0,0,0,1
oSXhzQSdSZbzJj1XAxBX,Stadium Thiais,published,pro,ChIJ64X9jzx05kcRsHvSfOv6UcA,48.7511024&2.3713455,2024-02-12T18:00:00.000Z,90,15,public,false,,,psf3NmXEPwdCltHKJC7VuvJocrF3,0,10,0,0,0,0,0
oTPGZz3IyF18gtTqyQCh,Parc Interdépartemental des Sports du Tremblay,canceled,captain,ChIJBVkfrQ4N5kcRGi-XnNQN_yo,48.8281085&2.491365,2024-02-03T09:30:00.000Z,120,,public,false,Competition,5,GT2ejS2ZbVVEKVTldTExXEx3QCs1,11,16,0,0,0,0,1
oUwRj9Zs4V15HVaAwNMb,Élite 5 Soccer,canceled,captain,ChIJ5-jfdlZk5kcRYIaELgvikaM,48.9009153&2.2297275,2024-02-08T18:00:00.000Z,60,12.5,public,true,Détente,,thX6xc8akzM8mh9xs0zqrP5jxAq2,9,10,0,0,0,0,0
oVKzdbQNSLl7dbuGJWyA,UrbanSoccer - Lille Lezennes,canceled,captain,ChIJR3ro5nTWwkcRfM_S3Be9HjI,50.6162725&3.0998108,2024-02-05T19:15:00.000Z,60,11,public,true,Détente,2,GPASo2XNBhcehizKUrU26hVFyxF3,10,10,0,0,0,0,0
oWV5hMBrhpNfMejBWoqh,Ball In d'Or Dreux,draft,captain,ChIJgRwhLzZV4UcRZ1kZ41ivPqU,48.7468231&1.3611978,2024-02-01T19:00:00.000Z,60,,public,false,,,zPvEc6N6XGNzCUmsMuNjUtip6jp1,0,0,0,0,0,0,0
oa7bZywUrMBZeAtpNqmn,Cité des Sports,played,captain,ChIJ70UPf6R75kcRGb3NAV9k7Ww,48.8247744&2.2650728,2024-02-08T19:30:00.000Z,60,13,public,false,Détente,3,H1q5Ebp0nJfOnYz51vLg3Us2dQX2,10,10,2,0,0,0,0
ocysWuWFYoWa9JCGmLHG,Stains,published,captain,ChIJ6_yphcJr5kcRMmpL4MPqRks,48.95538699999999&2.384703,2024-02-03T10:00:00.000Z,90,,public,false,Détente,2,PY4xVpp2kuN4vNMdN0QVj8hVkDz1,7,12,0,0,0,0,1
odXyO9qBBpOoqpa0WIj9,Play Soccer,canceled,captain,ChIJQ-UxZn-5rhIRKWoQydM5T9s,43.5512023&1.4098927,2024-02-04T16:30:00.000Z,90,12,public,false,,,8LtkeOuZHeePxfkXdNPmQSr7V9L2,5,10,0,0,0,0,0
odd4AZq67nSJV8zl91Zs,UrbanSoccer - Lille Bondues,played,captain,ChIJ58ZerMgrw0cR2Jyp7tZjBn4,50.6913774&3.0860264,2024-02-04T18:00:00.000Z,60,9,public,true,Détente,3,HScgtlXvZoPUQxBmHcHkpHQ2SuI3,10,10,0,0,0,0,0
oeyJ0RP63aUH4AhMshNe,LE FIVE Montreuil,published,pro,ChIJJdTQjr0T5kcRZmGxtIJVy44,48.8613036&2.4653095,2024-02-18T08:00:00.000Z,90,15,public,false,,,u9uC1vjdcdQ3UqNxI0SiFxor0m43,0,10,0,0,0,0,0
og7UMucWbZr13nhrSEL6,Top Ten,published,pro,ChIJfXprBx4b5kcRmhe-5pLZUek,48.8729106&2.6840919,2024-02-14T22:00:00.000Z,90,16.5,public,false,,,i27253AGxOfXgYJK72sBnvUGuMk2,0,10,0,0,0,0,0
oi60EKRDc2HGEQQiPN0K,LE FIVE Paris 17,played,captain,ChIJ7eI8sFNv5kcR5xy52Wc57NU,48.900032&2.3213449,2024-02-13T20:00:00.000Z,60,12,public,true,Détente,2,4E9IlsbiWkd5y4uHNXAtHpwMt833,10,10,3,0,0,0,1
ojqHTra6FBgaozFE5mEJ,Stadium Thiais,canceled,captain,ChIJ64X9jzx05kcRsHvSfOv6UcA,48.7511137&2.3715422,2024-02-11T09:00:00.000Z,90,15,public,false,Détente,1,T0gYd02mAcQ3nFRaDLdSQvaj8WW2,6,12,0,0,0,0,1
olTcuQ66kPlxmksQeTsy,Stadium Thiais,canceled,captain,ChIJ64X9jzx05kcRsHvSfOv6UcA,48.7511137&2.3715422,2024-02-15T19:30:00.000Z,90,15,public,false,Détente,2,emyaA5qYXlQPVKtlRk2BCZ2YKNd2,7,10,0,0,0,0,0
omKcxPY5c83JNcanpBXn,Gymnase Le Bataillon de Joinville,played,captain,ChIJqcZoHkgN5kcRcgIAVKYv5Fg,48.81847759999999&2.4662098,2024-02-17T10:30:00.000Z,120,,public,false,Détente,3,9dp5LHYWIbcxIlOJNciL71gOU802,10,10,2,0,0,0,1
one7VM5bGXWyIfPOtg1E,Stade Jacques Joly,played,captain,ChIJbVB_oUrD9EcRLYcRGjtSCTA,45.69690019999999&4.9393848,2024-02-04T08:30:00.000Z,120,,public,false,Détente,3,LFpR9pJoFXc9dtEZ4aqxHoOqoxA2,16,16,1,0,0,0,1
opWQcR4IvVxANRRrxdFo,Stadium Thiais,played,pro,,48.7511024&2.3713455,2024-02-04T19:30:00.000Z,90,15,public,false,,,psf3NmXEPwdCltHKJC7VuvJocrF3,10,10,9,0,0,0,1
oph1lXagcs0OwrtAncTt,LE FIVE Paris 18,published,pro,ChIJpVT4_n1u5kcRzji6FdTBXXo,48.8978522&2.3700234,2024-02-16T10:00:00.000Z,90,8,public,false,,,UQf33jQhVZhle917nO0h7D5qclV2,3,10,0,0,0,0,2
or9aHrXZCWaZ5bxeMaJw,Antony,played,captain,ChIJf8cFRhF35kcR0D6LaMOCCwQ,48.759255&2.302553,2024-02-04T07:00:00.000Z,90,10,public,false,Détente,3,Dohg1zNvhsbmGrYuAmExKFyjruw2,10,10,0,0,0,0,0
otfwsh1w7Gg8kUlbN0hS,LE PARK Complexe Multisports,played,captain,ChIJMU8gErUJ5kcRSnpvacKwFtM,48.71189589999999&2.5771181,2024-02-18T09:00:00.000Z,90,15,public,false,Détente,2,zMWmc1wK6KUtcAKJDhv4b9GL4Xf1,10,10,0,0,0,0,0
owkJyZhuDRKGa1ZHzXla,Game 13 foot indoor,played,captain,ChIJNSDvlsXryRIRUXao9hwB79I,43.41258939999999&5.366617,2024-02-05T19:00:00.000Z,60,10,public,false,Détente,3,tNI5PAPgX0MDq6T4GlwP3d2ndaO2,10,10,0,0,0,0,0
p0tjzKfiJEAUi0LiHnxj,Stade Lilian Thuram,played,captain,ChIJy0-vXf9l5kcRH4WAmpihUQE,48.933705&2.2828141,2024-02-11T09:15:00.000Z,150,,private,false,Détente,3,fwrCzizjC5UGI9TzJdi1JinvWet1,18,18,13,0,0,0,1
p1NIfC9UQjOHXmQZaN5n,LE FIVE Paris 17,canceled,captain,ChIJ7eI8sFNv5kcR5xy52Wc57NU,48.900032&2.3213449,2024-02-14T20:00:00.000Z,90,14.5,public,true,Détente,4,Rr3AS7V02egLsgPCKF7XB6hPl2W2,2,10,0,0,0,0,1
p5KfMwXdKdHCsz9U0p7R,LE FIVE Paris 18,canceled,captain,ChIJpVT4_n1u5kcRzji6FdTBXXo,48.8978522&2.3700234,2024-02-15T18:00:00.000Z,30,21,public,true,Détente,2,T5RmPMLVNSg4m2EENWlh3QmvpdJ3,10,10,0,0,0,0,1
p6lJvG4qENtrjMBXIz2a,LE FIVE Paris 18,played,pro,ChIJpVT4_n1u5kcRzji6FdTBXXo,48.8978522&2.3700234,2024-02-03T21:30:00.000Z,90,10,public,false,,,UQf33jQhVZhle917nO0h7D5qclV2,10,10,7,0,0,0,3
p8de8yrkDRZNw5NMUKgd,LE FIVE Bezons,played,pro,,48.91909&2.2093051,2024-02-02T16:30:00.000Z,90,10.5,public,false,,,U3MriTZbPbTUEsU6RtRuHxDMKvg2,10,10,9,0,0,0,5
pBYf1ZWzS3N316Y5NvgA,LE FIVE Montreuil,published,pro,,48.8613036&2.4653095,2024-02-12T22:00:00.000Z,60,8,public,false,,,u9uC1vjdcdQ3UqNxI0SiFxor0m43,0,10,0,0,0,0,0
pCe2BgpVmtWH3MHS2iVr,LE FIVE Bezons,published,captain,ChIJ71Mv0Wpk5kcRg-H9x7L-dXo,48.9190524&2.211796,2024-02-14T17:30:00.000Z,60,8.5,public,true,Compétition,3,gKdWPQZ3KaP14hi2gujBdsj7int2,9,10,0,0,0,0,2
pDLq1H3vo48KvNPP5XHr,Monclub Futbol,played,pro,ChIJGbxxaamUyRIRgGvhHnhJStA,43.4299152&5.4001974,2024-02-10T16:00:00.000Z,90,12,public,false,,,CSTy9rmJRQSyWlqWuGiUhGpAGqf2,10,10,6,0,0,0,0
pG0cI2WBm7HiH2IQBMW8,Evolution Football,played,captain,ChIJX0YulIi8yRIRnGh62u3UXTQ,43.2836074&5.52356,2024-02-05T21:00:00.000Z,60,10,public,false,Détente,3,tLfG2HHzZwZ8cjXJSgDstQsOQmx1,10,10,0,0,0,0,0
pGjVIdSF5laYvM9oeO0B,UrbanSoccer - Toulouse Montaudran,played,captain,ChIJl772e0u8rhIR2foRX4Xa2CI,43.574642&1.4801835,2024-02-16T20:25:00.000Z,60,10,public,true,Détente,4,aUXSDToe4ae6IAugvfaWy4b8kuc2,10,10,0,0,0,0,0
pH7eJz3xc7WWITHG1cUZ,LE FIVE Paris 17,played,pro,ChIJ7eI8sFNv5kcR5xy52Wc57NU,48.900032&2.3213449,2024-02-13T16:00:00.000Z,60,5,public,false,,,V6mqbc9C8FNa1RQlUupjeoqOsZL2,10,10,10,0,0,0,1
pHbI3XByfviMdpK0pOTW,LE FIVE Paris 18,played,captain,ChIJpVT4_n1u5kcRzji6FdTBXXo,48.8978522&2.3700234,2024-02-18T16:00:00.000Z,60,14,public,true,Compétition,3,gELVfPiUSSTfhikZxZuQ6h4GUIt2,10,10,5,0,0,0,6
pJvQNYlY1tYtFtC5mDtx,City-Stade,played,captain,ChIJ_____8t75kcR0UKlEaGLc-w,48.78723859999999&2.2321955,2024-02-03T09:00:00.000Z,120,,public,false,Détente,3,VCr3vK6r5NfjK18JrxaVTAHVmA93,10,10,2,0,0,0,1
pKxl61Gig3AUb9CxRTsj,UrbanSoccer Evry,canceled,captain,ChIJW0Ut1G7e5UcRt621n2fRQ5M,48.6286849&2.4066366,2024-02-17T18:00:00.000Z,90,13.5,public,true,Détente,,FBrRwiYQvjbd6UeXKISPFhhsK4a2,9,10,0,0,0,0,0
pOC6Tmkv7ayJBVd9DEXZ,Stadium Thiais,played,captain,ChIJ64X9jzx05kcRsHvSfOv6UcA,48.7511137&2.3715422,2024-02-02T21:00:00.000Z,90,15,public,false,Détente,3,VbcLh0RDPDYVaN28Hs6CAiyHmh83,10,10,3,0,0,0,0
pPILIbjKulLHHPDMXvBf,Stadium Thiais,played,pro,ChIJ64X9jzx05kcRsHvSfOv6UcA,48.7511024&2.3713455,2024-02-10T19:30:00.000Z,90,15,public,false,,,psf3NmXEPwdCltHKJC7VuvJocrF3,10,10,5,0,0,0,0
pROCYH2rjTKETsu4eSKx,LE FIVE Sarcelles,played,captain,ChIJ6_q3Fxhq5kcRCpoEwnoXX1Q,48.99782219999999&2.3902225,2024-02-01T19:00:00.000Z,90,10,public,false,Compétition,5,IoAhuD1JDofQbI5j8k8uBsyaRr22,10,10,2,0,0,0,1
pS82AeaLBLc4PNXUn5F9,Parc Sainte Barbe,canceled,captain,ChIJtw301r5w5kcRvRjidiuAyaw,48.7922897&2.2913469,2024-01-31T11:00:00.000Z,120,,public,false,Détente,4,rzC8A0bd4afb9AWrHKlCPT9461y1,9,16,0,0,0,0,1
pTAbSbgsYKdNxpOJlT7g,Game 13 foot indoor,canceled,captain,ChIJNSDvlsXryRIRUXao9hwB79I,43.41258939999999&5.366617,2024-02-09T18:30:00.000Z,60,10,public,false,Détente,3,KToYmCQ2guXoIRW7kIoZeOMjzPd2,10,10,0,0,0,0,0
pTRWagaNyaKswK96bSYP,Top Ten,published,pro,,48.8729106&2.6840919,2024-02-06T22:00:00.000Z,90,16.5,public,false,,,i27253AGxOfXgYJK72sBnvUGuMk2,0,10,0,0,0,0,1
pU0BhJ6KFJ4ooFLA2Cpm,UrbanSoccer - Puteaux,played,captain,ChIJM_sC0-Nk5kcRhL1y_EFIje8,48.8836397&2.2312283,2024-02-02T20:00:00.000Z,60,14,public,true,Détente,3,SEJEahaqYVVlW05PP2N7hVaKFE72,10,10,4,1,0,0,3
pVhD5KIj9SsM8AVNvjfk,Stadium Thiais,played,pro,,48.7511024&2.3713455,2024-02-11T09:30:00.000Z,90,15,public,false,,,psf3NmXEPwdCltHKJC7VuvJocrF3,10,10,4,0,0,0,2
pWEkGe5PI9BSRKdEcZYn,GOPARK INTERIEUR - Paintball et trampolines parc,played,captain,ChIJ2cJmdhf15kcRQ4mUOxIVzd0,49.045624&2.0799886,2024-02-13T20:00:00.000Z,90,12,public,false,Détente,3,TlFdoPzd1sOf6Sm1jV063PZtaLV2,12,12,3,0,0,0,1
pWQM7QTNuEJpJmmL2bu4,Stadium Thiais,published,pro,ChIJ64X9jzx05kcRsHvSfOv6UcA,48.7511024&2.3713455,2024-02-10T12:30:00.000Z,90,15,public,false,,,psf3NmXEPwdCltHKJC7VuvJocrF3,0,12,0,0,0,0,1
pXAAsiBdSNg7Ak8iu99u,Top Ten,played,captain,ChIJfXprBx4b5kcRmhe-5pLZUek,48.8729209&2.6841223,2024-01-30T20:00:00.000Z,90,15,public,false,Détente,3,8FrxHIuCFhcjbTjzTicXer9t9Vz2,10,10,2,0,0,0,0
pYimy1PnBdZyBm3fwk5Q,Noisy Le Grand Futsal,canceled,captain,ChIJvfMD4xYO5kcReGOpojsoyNk,48.8388754&2.564665,2024-02-04T15:00:00.000Z,90,15,private,false,Détente,,uQpRRWuRhxcek7544rADGpc0NlC2,1,10,0,0,0,0,0
pdVMkv8NKTHQeXjqnSwC,Top Ten,played,pro,,48.8729106&2.6840919,2024-02-07T16:00:00.000Z,90,5,public,false,,,i27253AGxOfXgYJK72sBnvUGuMk2,10,10,10,0,0,0,10
peRziSuxmgT8kETDdu7z,UrbanSoccer Orsay,played,captain,ChIJpZIJg7J45kcRrKWKhtbfnEQ,48.70829&2.17794,2024-02-08T19:00:00.000Z,90,17.25,public,true,Détente,3,ee1xUgZHOqeY6QdvDARYVOlrzLj2,10,10,0,0,0,0,0
piBLVxwwOU5S0XEEhzna,LE FIVE Paris 18,published,pro,ChIJpVT4_n1u5kcRzji6FdTBXXo,48.8978522&2.3700234,2024-02-13T16:00:00.000Z,60,5,public,false,,,UQf33jQhVZhle917nO0h7D5qclV2,9,10,0,0,0,0,4
pjdWBY29Gtj9ZiEN7n5L,Kinshasa,published,pro,,-4.3032527&15.310528,2024-02-11T11:23:00.000Z,90,12,public,false,,,zCvsukfMuuffsuPpSTQwb7MusMD2,1,10,0,0,0,0,0
pniqBjcv97mKbGtwVFKB,F5 Foot Five,played,captain,ChIJjUbM5G7A9EcRW3mlkrhyXxY,45.7857911&4.905926399999999,2024-02-01T19:00:00.000Z,60,10,public,false,Détente,4,R01GH804gVMhrrQIAIH20PMYnHk2,10,10,2,0,0,0,0
poBM4r2PtxNNhZ7MBe6c,UrbanSoccer La Défense,played,captain,ChIJh4rnfVhk5kcRV2Q-ZKdm8vA,48.8996456&2.2216773,2024-02-09T17:30:00.000Z,60,14.5,public,true,,4,qkbgc5McrFcCDsjV94eJgqC0Msu1,10,10,1,0,0,0,1
ppUC13J1lBLA4bwYRMqZ,Foot POWER 5,canceled,pro,,48.960066&2.2061913,2024-01-31T17:00:00.000Z,90,5,public,false,,,sss3dYi6nzWd7rEjwcQ30LGKudj1,0,10,0,0,0,0,0
pphasRovwXZRP3uydOuQ,We Are Sports,played,captain,ChIJFZU5oBHC9EcRJTFrSkI1xxg,45.7113247&4.8761886,2024-02-15T17:30:00.000Z,60,10,public,false,Détente,3,Zg4HxZl0Q6SJaHiNwUr9Ti9BRGD3,10,10,1,0,0,0,3
pq4gVFqKMw1SgnUob4sm,LE FIVE Bezons,canceled,captain,ChIJ71Mv0Wpk5kcRg-H9x7L-dXo,48.9190524&2.211796,2024-02-17T17:00:00.000Z,90,13.5,public,true,,3,EE6z38U6AphjjX3mkkrhdcVWPqG3,5,10,0,0,0,0,0
pqFzSA90VFyTXyMFWTjA,Play Soccer,played,captain,ChIJQ-UxZn-5rhIRKWoQydM5T9s,43.5512023&1.4098927,2024-01-31T19:30:00.000Z,60,10,public,false,,,8LtkeOuZHeePxfkXdNPmQSr7V9L2,10,10,3,0,0,0,0
pqsILLHHNHoTOLzT7kOL,UrbanSoccer - Porte d'Aubervilliers,canceled,captain,ChIJ0dXjDCZs5kcRvX0EpMwxsUY,48.9074912&2.3746518,2024-02-11T19:45:00.000Z,60,15,public,true,Détente,4,ZWz4QsXbOndU0e44kpgxAjMAD0A3,5,10,0,0,0,0,0
pr0qBsMG3HduCMozgZvX,Stadium Thiais,published,pro,,48.7511024&2.3713455,2024-02-12T15:00:00.000Z,90,10,public,false,,,psf3NmXEPwdCltHKJC7VuvJocrF3,0,10,0,0,0,0,0
proG0Y2wDRQlrlmOLjcq,Top Ten,published,pro,,48.8729106&2.6840919,2024-02-09T22:00:00.000Z,90,16.5,public,false,,,i27253AGxOfXgYJK72sBnvUGuMk2,0,10,0,0,0,0,0
ptWytvlIzP4FKpOLN5DU,LE FIVE Sarcelles,played,captain,ChIJ6_q3Fxhq5kcRCpoEwnoXX1Q,48.99782219999999&2.3902225,2024-02-15T19:00:00.000Z,90,10,public,false,Détente,3,que2ClS9cKaQ76VTIMNVaEEzQlW2,10,10,5,0,0,0,2
ptzDTqlhdePEgX0nB7te,LE FIVE Paris 18,played,pro,,48.8978522&2.3700234,2024-02-05T21:20:00.000Z,90,10,public,false,,,UQf33jQhVZhle917nO0h7D5qclV2,10,10,8,0,1,0,5
pvEszpn2oA60UG6DrP5T,Hall des sports Langevin-Wallon,played,captain,ChIJGSdHn74T5kcRGAx1z0JCbwo,48.8808&2.4821681,2024-02-09T19:30:00.000Z,120,,public,false,Compétition,4,5tI7nJKuTRWNJgO1jYKyzMYNwog2,12,12,6,0,0,0,5
pyGewrOQ47gfpz1sQoSI,Stadium Thiais,played,captain,ChIJ64X9jzx05kcRsHvSfOv6UcA,48.7511137&2.3715422,2024-02-15T15:55:00.000Z,120,10,public,false,Détente,3,Dohg1zNvhsbmGrYuAmExKFyjruw2,10,10,3,0,0,0,0
q38YxLE2toZFpN9b3qSw,UrbanSoccer - Angers,canceled,captain,ChIJBcOLHhJ_CEgRBi_FUHPvAQ0,47.472353&-0.6048954999999999,2024-02-09T13:00:00.000Z,60,10,public,true,Détente,2,hRO6pMT29rV3DpkvoSo9j0FOECj2,3,10,0,0,0,0,0
q3ZoYE0XHx1F3OTtuNTa,Stadium Thiais,published,pro,ChIJ64X9jzx05kcRsHvSfOv6UcA,48.7511024&2.3713455,2024-02-16T11:00:00.000Z,60,7,public,false,,,psf3NmXEPwdCltHKJC7VuvJocrF3,0,10,0,0,0,0,0
q6SuxTf4JnJSds6Yiq5h,UrbanSoccer - Asnières,canceled,captain,ChIJi5LkLT9v5kcRSlhScqEFNWs,48.92192379999999&2.3068311,2024-02-12T20:30:00.000Z,90,13.5,public,true,Détente,3,vZsElmt88gMpyysHa4Il7nfYy4m2,9,10,0,0,0,0,0
q7JT6UHdhiwE8sEmqaiG,Le Mercato FOOT INDOOR,canceled,captain,ChIJzRK7HJy_yRIRqEreyEiAfC0,43.3426654&5.4084961,2024-02-05T19:00:00.000Z,60,7.5,public,false,Détente,3,usdqxt6LMwXPc4AMWZ0NpxwPYR63,8,10,0,0,0,0,0
q8lb1rrg7aIIeIgyeaWk,LE FIVE Paris 18,played,captain,ChIJpVT4_n1u5kcRzji6FdTBXXo,48.8978522&2.3700234,2024-02-12T22:00:00.000Z,60,5,public,true,Compétition,5,HQVCQOz6OrhL220511FtYes80UL2,10,10,7,0,0,0,0
qAO0YgvKl9RJZ2bCQhwU,LE FIVE Bezons,canceled,pro,ChIJ04KEHBZk5kcRoDWLaMOCCwQ,48.91909&2.2093051,2024-02-14T21:00:00.000Z,90,14,public,false,,,U3MriTZbPbTUEsU6RtRuHxDMKvg2,3,10,0,0,0,0,0
qBE66M7Edibwd9DtRFHr,Stadium Thiais,played,pro,ChIJ64X9jzx05kcRsHvSfOv6UcA,48.7511024&2.3713455,2024-02-08T18:00:00.000Z,90,15,public,false,,,psf3NmXEPwdCltHKJC7VuvJocrF3,10,10,8,0,0,0,2
qBdU9jNjIZQTPzFX7m7O,LE FIVE VITROLLES,played,captain,ChIJi4A-IrHoyRIRunoYLEGNeYI,43.4338497&5.240971399999999,2024-02-09T22:00:00.000Z,60,8,public,false,Détente,,RSksq6zRGSZFAezpuIWm00nkLdI2,10,10,3,0,0,0,0
qBheqqdXI31qCtZMHcLd,Skatepark de Charonne,canceled,captain,ChIJvbbfRvVt5kcRPabtcgU9cOk,48.85615199999999&2.3884235,2024-02-10T09:30:00.000Z,120,,public,false,Compétition,5,bsKS0eg06Qgeez3CXFRMDxi2kjt2,7,10,0,0,0,0,1
qE0sc3e456HUBq9ALbqL,Parc des Sévines,played,captain,ChIJv2671kdv5kcRvcrtQqiuAvQ,48.9267&2.30329,2024-02-01T11:20:00.000Z,60,,public,false,Détente,2,74fSRAEAFQeuA0MuBXzLOQkQasn1,14,14,1,0,0,0,0
qEdh6PBozpz81gCM0ss6,LE FIVE Paris 13,published,captain,ChIJ_bOSChhz5kcRZMTeq_6Gdzg,48.8181615&2.3658793,2024-02-08T09:00:00.000Z,60,10,public,true,Compétition,2,IDi1GwlCS3UiUeohkP21dBdx99O2,1,10,0,0,0,0,0
qFSFmJUd7NbdpIb5LfCE,FOOT INDOOR Marseille,published,captain,ChIJ41AMCxC8yRIRLHLGt11sc-U,43.2859688&5.4882746,2024-02-18T10:00:00.000Z,60,10,public,false,,2,uGJzneVp6nV9PlkpWSAN8imSeUb2,8,10,0,0,0,0,0
qHvNtCoXN2ixyJfLtZKt,Classico Foot,canceled,captain,ChIJFV442oCxrhIRgsZy5aIbkNs,43.5945434&1.2911399,2024-01-30T19:00:00.000Z,60,9,public,false,Détente,3,gwuFGYc4hwgADLs8TjyYVsS3fSS2,9,10,0,0,0,0,0
qIonVrKzo8F1VCDQXkUu,Espace Grand Paris,published,captain,ChIJ90iuVDgL5kcRK-ufasTjbnQ,48.7676544&2.4566032,2024-02-18T15:00:00.000Z,180,4,public,false,Compétition,,B7ZImDDnE4dG9bUxjzSxrKkceOj1,0,8,0,0,0,0,0
qMgj9yob7cKFNlirFtq0,Padel Pioline,canceled,captain,ChIJ6WaGooiTyRIRtwKvldVl984,43.5085107&5.4087401,2024-01-31T18:00:00.000Z,60,8,public,false,Détente,3,rLbMhlfrTCeNEfIXGJDNfyWsV632,5,10,0,0,0,0,0
qNZyaCDfMKOiiMXl1E2Y,Stade de l'İle de Puteaux,canceled,captain,ChIJIZUd2yJl5kcRRWoJNnmY1Ds,48.8758697&2.2435162,2024-02-18T13:15:00.000Z,90,,public,false,Chill,4,QQhXv7NniJVi6URBVggnleQ8ioj1,10,14,0,0,0,0,0
qQBp3Dfs6i4jphxLUFPd,Stadium Thiais,played,captain,ChIJ64X9jzx05kcRsHvSfOv6UcA,48.7511137&2.3715422,2024-02-04T11:00:00.000Z,90,15,private,false,,4,v9QxjofU6CgNGn14lbpXD92mad93,10,10,2,0,0,0,0
qQTaV6zdnU0P80vVtONA,LE FIVE Paris 13,published,pro,,48.8181615&2.3658793,2024-01-29T22:00:00.000Z,60,10,public,false,,,FjSnzlRFFfhWVWQJGfIEwRc2ZMj2,0,10,0,0,0,0,1
qSxOdSnNkLUbjeAedVH7,UrbanSoccer - Toulouse Sept Deniers,canceled,captain,ChIJk5nUBdOkrhIRP-1aUJzo-lA,43.6321552&1.411696,2024-02-04T17:10:00.000Z,90,13.5,public,true,Détente,3,qYH09o8qjsXOMpHf56MBTYcMKhp1,9,10,0,0,0,0,0
qT8eXkzYnq2MRCYmevwV,LE FIVE Marville - La Courneuve,played,captain,ChIJ2dHdMZxr5kcR0aKYHYsp0pY,48.9364404&2.3869147,2024-02-17T20:30:00.000Z,90,15,public,false,Détente,3,JahLVeFI5wbOoEcoOdoOZdUfypB2,10,10,0,0,0,0,0
qTjnXqkkGdKbQCTpn5zw,UrbanSoccer Meudon,canceled,captain,ChIJ0WKvjbh75kcRoqSmyWwW2jQ,48.8001204&2.2140771,2024-01-30T18:30:00.000Z,60,11.5,public,true,Détente,,vqH5S6QUpXbyIFWf5LczdUAlVBQ2,9,10,0,0,0,0,0
qTlcjGZvlORqCNSv404q,Monclub Futbol,played,pro,ChIJGbxxaamUyRIRgGvhHnhJStA,43.4299152&5.4001974,2024-02-15T19:00:00.000Z,60,10,public,false,,,CSTy9rmJRQSyWlqWuGiUhGpAGqf2,10,10,5,0,0,0,3
qWS9EFSSlnpTHhqLePTO,FIVE ARENA MEAUX ,published,pro,,48.9539465&2.9154573,2024-02-04T09:30:00.000Z,90,10,public,false,,,4K6djqUyJdTgGF3Q7nh7CXQHqVh1,0,10,0,0,0,0,0
qWspXgx5o7QSLCf5tStQ,LE FIVE Morangis,canceled,captain,ChIJA4uAhOXZ5UcRp-vZXZP-ovY,48.692672&2.3192811,2024-02-09T20:30:00.000Z,90,14,public,false,Détente,,GeY3OezqbIW13tvJpKY3ph4fPTj1,1,10,0,0,0,0,0
qYXzwYMB5Z7mOp8SBHUS,LE FIVE Bezons,canceled,captain,ChIJ71Mv0Wpk5kcRg-H9x7L-dXo,48.9190524&2.211796,2024-02-03T13:30:00.000Z,90,13.5,public,true,Détente,3,Ie6QHln4ZZT5QOIxAkzi1CEDjLG2,10,10,0,0,0,0,1
qYZcxRcKCdG0qFnKZChz,Foot-Max Argenteuil,published,pro,ChIJi9oIzaRm5kcRJYcK7QsdRMU,48.9501632&2.2093946,2024-02-18T11:00:00.000Z,120,16,public,false,,,SuEnyPZ4TgNIkt1yap2yJ3ZHO6p1,0,10,0,0,0,0,0
qb8Vta41VP0rtvUDMNMF,UrbanSoccer - Lille Lezennes,canceled,captain,ChIJR3ro5nTWwkcRfM_S3Be9HjI,50.6162725&3.0998108,2024-02-11T16:00:00.000Z,60,11,public,true,Détente,3,FfODf1K4wxQF0dc4cH43GeK7Kd23,9,10,0,0,0,0,0
qcscdNrekFnDKVlGT3wO,Sport dans la Ville Rhône-Alpes,played,captain,ChIJoUEDcmvr9EcRILCz6hDCQ2o,45.7811703&4.8081568,2024-02-07T18:00:00.000Z,90,13,public,false,Détente,3,goWfR3BnnZZsX9KXGB8YEVCj6rv2,10,10,4,0,0,0,0
qcxDlk3hKRBTZdcraDN3,UrbanSoccer - Puteaux,published,captain,ChIJM_sC0-Nk5kcRhL1y_EFIje8,48.8836397&2.2312283,2024-02-19T17:25:00.000Z,60,12.5,public,true,Détente,2,S6JRth0NcYZlCxF8DfrLlY6rMzt1,10,10,0,0,0,0,0
qdgKEXEuuWKIWQ3C7cD8,LE FIVE Marville - La Courneuve,published,captain,ChIJ2dHdMZxr5kcR0aKYHYsp0pY,48.9364404&2.3869147,2024-02-13T20:00:00.000Z,60,10,public,false,Compétition,,fYRePr5if6aa6VgOOirckW8NdNT2,9,10,0,0,0,0,1
qfie0PLtHqfosGLp77pk,UrbanSoccer - Quai d'Ivry,canceled,captain,ChIJfXxYJ0xy5kcRw9xTkF6-FZQ,48.8199885&2.3936463,2024-01-30T20:15:00.000Z,60,14,public,true,Détente,3,7KCTRqHWpoffyFbx9aJh0HxLRM92,6,10,0,0,0,0,0
qiVlG6HiwnRfFhfFozZw,LE FIVE Marville - La Courneuve,canceled,captain,ChIJ2dHdMZxr5kcR0aKYHYsp0pY,48.9364404&2.3869147,2024-02-17T17:00:00.000Z,60,10,public,false,Détente,4,8a1IiqZPd4WCCGMJlcLdCNgF1jg2,10,10,0,0,0,0,0
qkfrjV6URrDEvaBzSfcI,UrbanSoccer La Défense,canceled,captain,ChIJh4rnfVhk5kcRV2Q-ZKdm8vA,48.8996456&2.2216773,2024-01-31T19:45:00.000Z,60,15,public,true,Détente,3,ujrkM923ZkZfdxOxjC0wVMcRqxw1,10,10,0,0,0,0,0
qm2kBPYiWPLbynRQSBB7,Foot POWER 5,canceled,pro,,48.960066&2.2061913,2024-02-04T17:00:00.000Z,90,10,public,false,,,sss3dYi6nzWd7rEjwcQ30LGKudj1,0,10,0,0,0,0,0
qmYXrYxcoERfd1k8Pal0,LE FIVE Montreuil,played,pro,ChIJJdTQjr0T5kcRZmGxtIJVy44,48.8613036&2.4653095,2024-02-18T13:00:00.000Z,90,15,public,false,,,u9uC1vjdcdQ3UqNxI0SiFxor0m43,10,10,0,0,0,0,1
qoql30H5U8lyAKQtwbTB,Stade Charles Auray,canceled,captain,ChIJBfReMqht5kcRUYj5USqKSSg,48.8867219&2.4165524,2024-02-19T18:50:00.000Z,90,,public,false,Compétition,5,1LDJWrjBcJPRiS8a2m1todvXiJM2,8,10,0,0,0,0,0
qrGxTjSnBEAMTQyQIbKK,LE FIVE Paris 17,canceled,captain,ChIJ7eI8sFNv5kcR5xy52Wc57NU,48.900032&2.3213449,2024-02-10T20:00:00.000Z,60,12,public,true,Détente,3,4E9IlsbiWkd5y4uHNXAtHpwMt833,5,10,0,0,0,0,0
qrr2T0lxNPOC56szYO9F,Stade Municipal Marcel Calmes,published,captain,ChIJC_qK2CjIrhIRowoOHPBnvOk,43.4718791&1.3349558,2024-02-01T10:00:00.000Z,60,,public,false,Détente,,javIaCwfJQchcwRbGUIfcRhkhU22,3,10,0,0,0,0,0
qvKYwnvsbmhGXMYaihNd,LE FIVE Paris 18,played,captain,ChIJpVT4_n1u5kcRzji6FdTBXXo,48.8978522&2.3700234,2024-01-30T18:30:00.000Z,60,14,public,true,Détente,2,YtW7PR9E5ya9nis8ptOIwNwFqad2,10,10,3,0,0,0,0
qx5FElg5T6e36qhqT9e8,UrbanSoccer La Défense,played,captain,ChIJh4rnfVhk5kcRV2Q-ZKdm8vA,48.8996456&2.2216773,2024-02-18T10:00:00.000Z,60,14,public,true,Détente,3,E9bSjA4e3vZd2E0jqpZiGWHiSDF3,10,10,2,0,0,0,1
qxU5khYlB9O0AcMT6PhX,UrbanSoccer - Porte d'Aubervilliers,played,captain,ChIJ0dXjDCZs5kcRvX0EpMwxsUY,48.9074912&2.3746518,2024-02-04T17:00:00.000Z,90,21,public,true,Détente,,hwkM4ghXAlZJ1nHq3lDvqgb5mis1,10,10,3,0,0,0,0
qzQf6GuZEHBhZ2Rw4Qzk,LE FIVE Montreuil,published,pro,,48.8613036&2.4653095,2024-02-07T09:00:00.000Z,90,10.5,public,false,,,u9uC1vjdcdQ3UqNxI0SiFxor0m43,1,10,0,0,0,0,0
qzToj23RVIYgEF4PlKjl,Stadium Thiais,played,pro,ChIJ64X9jzx05kcRsHvSfOv6UcA,48.7511024&2.3713455,2024-02-01T21:00:00.000Z,90,14,public,false,,,psf3NmXEPwdCltHKJC7VuvJocrF3,10,10,5,0,0,0,1
r0Jr4QLiKgT7tbPy95Lv,FOOT INDOOR Marseille,canceled,captain,ChIJ41AMCxC8yRIRLHLGt11sc-U,43.2859688&5.4882746,2024-02-13T18:00:00.000Z,60,10,public,false,Détente,3,fIhi7V2KmzRGAHGUvph6Cb9O51t1,9,10,0,0,0,0,0
r1GkrGqgRh0IxcL27MUm,LE FIVE Carrières-sous-Poissy,canceled,captain,ChIJ9T4fWfyL5kcRCBX-FyZLvEE,48.9468171&2.0230552,2024-02-16T22:00:00.000Z,60,9,public,false,,3,Wy3wc8FHaCYWTvZWNBBuL5f6n6n2,8,10,0,0,0,0,0
r3I87cqzG99mb56v15wc,UrbanSoccer Meudon,played,captain,ChIJ0WKvjbh75kcRoqSmyWwW2jQ,48.80013599999999&2.2140811,2024-02-05T19:30:00.000Z,90,16.5,public,true,Détente,3,PGl6d9h1Jcd2JxTl3QXnbLBL73E3,10,10,1,0,0,0,1
r3gytvorJtGwIumT0Gom,LE FIVE Créteil,canceled,captain,ChIJ88lx3VwL5kcRVxCh4lD6_Gk,48.7643086&2.4706522,2024-02-15T18:30:00.000Z,60,11,public,false,Détente,2,kM4xdNe9LtQRo8K0dIf3BmRs8Ba2,4,10,0,0,0,0,1
r6wKQBBLaPcP3yYcMNW7,Stadium Thiais,published,pro,,48.7511024&2.3713455,2024-02-04T13:30:00.000Z,90,15,public,false,,,psf3NmXEPwdCltHKJC7VuvJocrF3,9,10,0,0,0,0,5
r7sotH6nVi36hfCBPUt5,Stade Élisabeth,played,captain,ChIJkXj9tq5x5kcROlxynHzTh9o,48.8207737&2.3270972,2024-01-31T18:00:00.000Z,120,2,public,false,Compétition,5,8i5faoQkJ4YSkhRB5skPBLiEh1G3,16,16,4,0,0,0,3
r96Q1WobHAJEyMNTS0kC,LE FIVE Bobigny,published,captain,ChIJV8UONORs5kcRXxR5Qd7x130,48.901553&2.4313304,2024-02-09T11:15:00.000Z,90,15,public,false,Détente,3,5zRUuV1GVSN1uOLQxXM6U2xJ5as2,8,10,0,0,0,0,0
r9eqdSLYFrlNZ9nkAieA,UrbanSoccer - Porte d'Aubervilliers,played,captain,ChIJ0dXjDCZs5kcRvX0EpMwxsUY,48.9074912&2.3746518,2024-02-18T18:45:00.000Z,60,14,public,true,Détente,,zx15E8kqOyMIfe9kE6wecnEydcu2,10,10,3,0,0,0,5
rAT9dLJzF2SBlXKs0cqG,LE FIVE Paris 13,played,captain,ChIJ_bOSChhz5kcRZMTeq_6Gdzg,48.8181615&2.3658793,2024-01-30T11:30:00.000Z,60,10,public,true,Détente,1,jK9kjcdvGzSrFdlOP5ch13L2zf02,10,10,0,0,0,0,0
rAprNMmXUm8Md7QleS8D,LE FIVE Paris 17,canceled,captain,ChIJ7eI8sFNv5kcR5xy52Wc57NU,48.900032&2.3213449,2024-02-01T21:30:00.000Z,90,7.5,public,true,Compétition,4,MJS4YoVRqbWbm6aiyKoMnYg6LIA2,10,10,0,0,0,0,0
rDaDLk2JW2hYWXGgiCeL,UrbanSoccer - Asnières,played,captain,ChIJi5LkLT9v5kcRSlhScqEFNWs,48.92192379999999&2.3068311,2024-02-04T18:00:00.000Z,90,10,public,true,Détente,5,mv5k6a7jJBUgJ4V0kMNyBJJJPqS2,10,10,1,0,0,0,0
rDtb9oRsJunA6VT525pl,LE FIVE Paris 18,played,captain,ChIJpVT4_n1u5kcRzji6FdTBXXo,48.8978522&2.3700234,2024-02-08T19:00:00.000Z,60,8.5,public,true,Détente,2,15SBk1kgEmgPBm3IlklgT6pQZ9n2,10,10,1,0,0,0,1
rFVzLPJuTUBUg0OIpIdR,UrbanSoccer - Lille Lezennes,played,captain,ChIJR3ro5nTWwkcRfM_S3Be9HjI,50.6162725&3.0998108,2024-02-18T18:00:00.000Z,120,12.75,public,true,Compétition,3,xR4ED6qRzmg0HreT9TkBwvuQM912,10,10,0,0,0,0,0
rHwhEMog3aWRuSJS0nQ6,LE FIVE Paris 18,played,pro,ChIJpVT4_n1u5kcRzji6FdTBXXo,48.8978522&2.3700234,2024-02-15T16:00:00.000Z,60,5,public,false,,,UQf33jQhVZhle917nO0h7D5qclV2,10,10,10,0,0,1,11
rJj0gxvTG4kcXFNSuPDb,Stadium Thiais,played,pro,ChIJ64X9jzx05kcRsHvSfOv6UcA,48.7511024&2.3713455,2024-02-06T19:30:00.000Z,90,15,public,false,,,psf3NmXEPwdCltHKJC7VuvJocrF3,10,10,6,0,0,0,2
rL4oFucJDqmPqSR41dDV,BIG5,canceled,captain,ChIJsb_7TJFp5kcRSPL5VqZulr4,48.9901429&2.3617895,2024-02-10T23:30:00.000Z,90,12.5,public,false,Détente,2,rXda40mbIxd71Kf0YODTWnYO0fJ2,9,10,0,0,0,0,0
rLv5SpWVvJQ4dJjrexqU,UrbanSoccer - Porte d'Aubervilliers,played,captain,ChIJ0dXjDCZs5kcRvX0EpMwxsUY,48.9074912&2.3746518,2024-02-06T19:15:00.000Z,90,20.5,public,true,Détente,2,Ao7R9gMW48ZHLaVEkwrKCs83GLt1,10,10,1,0,0,0,1
rOjZrdK2bwsuRYlVCv5T,UrbanSoccer - Marne-La-Vallée,played,captain,ChIJ6bDBiosP5kcROXiloHzSdhc,48.82658600000001&2.6296937,2024-02-09T19:00:00.000Z,60,12,public,true,Compétition,5,cbL7m5i4cZRxK51VIGxNJNdyC762,10,10,2,0,0,0,0
rP3IdWtAcFfqvQrGhSdj,Game 13 foot indoor,played,captain,ChIJNSDvlsXryRIRUXao9hwB79I,43.41258939999999&5.366617,2024-02-09T20:30:00.000Z,60,10,public,false,Détente,3,tNI5PAPgX0MDq6T4GlwP3d2ndaO2,10,10,3,0,2,0,1
rPx0tISfELyKmFgZLlyV,UrbanSoccer - Puteaux,canceled,captain,ChIJM_sC0-Nk5kcRhL1y_EFIje8,48.8836397&2.2312283,2024-02-01T20:00:00.000Z,60,15,public,true,Détente,2,tADc402LbzNQItwCyfxaRTs36sH2,10,10,0,0,0,0,0
rQBoHgtH7yhWJnCG54By,LE FIVE Champigny,canceled,captain,ChIJsXi1PLYN5kcRTVVDuczgS2s,48.8194084&2.5251846,2024-02-11T17:30:00.000Z,90,16.5,public,false,Détente,2,wnIJTk2XWRX4GUZ6khj0TPeMOv12,9,10,0,0,0,0,0
rTPrhuBVhG7MFr1CWFz8,LE FIVE Paris 17,published,captain,ChIJ7eI8sFNv5kcR5xy52Wc57NU,48.900032&2.3213449,2024-02-19T19:30:00.000Z,60,12,public,true,Détente,2,Cj0XVw1khnP18oiOzmCKEODW1zD2,10,10,0,0,0,0,0
rXJ8BiROjpmRYqZKxWNT,UrbanSoccer - Quai d'Ivry,canceled,captain,ChIJfXxYJ0xy5kcRw9xTkF6-FZQ,48.8199885&2.3936463,2024-02-04T15:00:00.000Z,90,21,public,true,Détente,3,FV1K7hDvSPZFQ3FXxIXsVB26fV42,9,10,0,0,0,0,0
rYpzbSYmy8QzKaM0QjSF,UrbanSoccer - Puteaux,published,captain,ChIJM_sC0-Nk5kcRhL1y_EFIje8,48.8836397&2.2312283,2024-02-19T18:00:00.000Z,60,15,public,true,Détente,3,BmkeTtBO0RTaBycpOnQBdgpceCs2,10,10,0,0,0,0,0
rZEovtzRGs3AWihWslsG,LE PARK Complexe Multisports,played,captain,ChIJdUHbID8O5kcRV5lQhiHTvhs,48.8337843&2.5728501,2024-02-01T20:30:00.000Z,90,15,public,false,Détente,3,829zZz6oFwgbm5XgM88zXeeLYNB3,10,10,2,0,0,0,1
rammnykoWMa7ja7qoeLc,LE FIVE Paris 18,played,captain,ChIJpVT4_n1u5kcRzji6FdTBXXo,48.8978522&2.3700234,2024-02-03T12:00:00.000Z,90,19.5,public,true,Détente,3,fd2VfANH3nTtyKyt1v2m07qSijs2,10,10,1,0,0,0,0
rcWz2QbJxc90NSmJ5cNz,POWER FIVE ( Foot à 5 en intérieur ),canceled,captain,ChIJ6ULNmyh15kcRV9cjbnBjGr8,48.73026429999999&2.4346948,2024-02-11T19:00:00.000Z,90,15,public,false,Détente,2,EHZB6c5iRjY7Bqm1fWmpwmymat03,10,10,0,0,0,0,1
reebPRpjV9TzafbX6WrW,Stadium Thiais,published,pro,ChIJ64X9jzx05kcRsHvSfOv6UcA,48.7511024&2.3713455,2024-02-01T21:30:00.000Z,90,14,public,false,,,psf3NmXEPwdCltHKJC7VuvJocrF3,2,10,0,0,0,0,0
retF4BV8NcgYE7QWBdpT,Terrain de Sport Westermeyer,canceled,captain,ChIJkcqlrnhz5kcRYDm_fAMKBxo,48.81732909999999&2.392745,2024-02-04T08:20:00.000Z,150,,public,false,Détente,,FYfgfT1shkXXyaMI4sZTA7d9Qdw2,9,10,0,0,0,0,0
rfFHoW8xaWde8WiSg5W2,Events Five,played,captain,ChIJf8cSCJG5rhIRoQadPH-wW1U,43.5399703&1.3922897,2024-01-31T18:00:00.000Z,60,8,public,false,Détente,3,r88cZbnzedV2RF1d3PB371hbCog1,10,10,3,0,0,0,0
rjvrSV5VBLnCfpAG6ebV,LE FIVE Marville - La Courneuve,played,captain,ChIJ2dHdMZxr5kcR0aKYHYsp0pY,48.9364404&2.3869147,2024-02-12T19:30:00.000Z,60,10,public,false,,3,g4YKJhMUAHb7IxdpMzLCIt1KAJ22,10,10,2,0,0,0,1
rnuFuLWZXhWTom94ThxJ,Stadium Antibes,published,captain,ChIJSSGxg-PUzRIRblID9ACQndc,43.6121609&7.122323,2024-02-10T09:30:00.000Z,90,10.5,public,false,Détente,3,p19qKNMksiYXrahCuiOVu7DOFc12,5,10,0,0,0,0,0
roF2dH17hLl18ZwRWiLq,Complexe Sportif des Fillettes,played,captain,ChIJqcAr2YZu5kcRUTijKY5WfL0,48.8995287&2.3641637,2024-02-18T09:00:00.000Z,180,,public,false,Détente,2,ZRFiUCiK1TfUcKS5rs0md5OTJa12,16,16,9,0,0,0,11
rocqrr039HJgKYboWr9V,STADIUM FOOT 5 VILLAGE,canceled,captain,ChIJbbOWFtC4yRIR0WXVerbWmnE,43.269413&5.4260321,2024-02-01T18:00:00.000Z,60,10,public,false,Détente,3,MKjoGJESIIfNKw5sH93VODBuvLv2,8,10,0,0,0,0,0
rpZ2CZO0aH4LKQ2s0gSO,LE FIVE Paris 18,played,pro,,48.8978522&2.3700234,2024-02-01T16:00:00.000Z,60,5,public,false,,,UQf33jQhVZhle917nO0h7D5qclV2,10,10,7,0,0,0,13
rryxtiPNsd7lbAc9CRAg,Stains,published,captain,ChIJ6_yphcJr5kcRMmpL4MPqRks,48.95538699999999&2.384703,2024-02-10T10:00:00.000Z,90,,public,false,Détente,2,PY4xVpp2kuN4vNMdN0QVj8hVkDz1,5,12,0,0,0,0,1
rsC7DFtFZFxYgCoCmSGm,Classico Foot,canceled,captain,ChIJFV442oCxrhIRgsZy5aIbkNs,43.5945434&1.2911399,2024-02-04T18:00:00.000Z,60,8,public,false,Détente,3,Qush7HtWzEWsaOod0UCwcmo0Tbf2,8,10,0,0,0,0,0
rt61RdzTd8qOrpOFiH9Q,UrbanSoccer - Quai d'Ivry,canceled,captain,ChIJfXxYJ0xy5kcRw9xTkF6-FZQ,48.8199885&2.3936463,2024-01-30T18:00:00.000Z,60,13.5,public,true,Détente,2,4orUejlEGkeJFOf0zD7eZ9JRZsq2,10,10,0,0,0,0,0
rv4CHmnWHO8LDYFOD71Z,Halle Georges Carpentier,played,captain,ChIJnXkSwCty5kcR-nlHXNFQlg4,48.82020139999999&2.3672361,2024-01-30T11:00:00.000Z,120,,private,false,Compétition,3,kRAf444M3RUd6EWIOWpKVKs78SI2,16,16,13,0,0,0,4
rwsC4gtFqOBupkMwQsge,Top Ten,published,pro,,48.8729106&2.6840919,2024-02-13T11:00:00.000Z,90,5,public,false,,,i27253AGxOfXgYJK72sBnvUGuMk2,0,10,0,0,0,0,1
rzm7lMfOJMKxnvSgRfQE,LE FIVE Paris 18,played,pro,,48.8978522&2.3700234,2024-02-09T16:00:00.000Z,60,5,public,false,,,UQf33jQhVZhle917nO0h7D5qclV2,10,10,6,0,0,0,11
s0vQK8BKBytwqAZ6Hv7p,Stadium Thiais,played,pro,ChIJ64X9jzx05kcRsHvSfOv6UcA,48.7511024&2.3713455,2024-02-17T13:00:00.000Z,90,12,public,false,,,psf3NmXEPwdCltHKJC7VuvJocrF3,10,10,8,0,0,0,3
s12JuJnJ5Gt6jjtHxz5L,LE FIVE Carrières-sous-Poissy,played,captain,ChIJ9T4fWfyL5kcRCBX-FyZLvEE,48.9469325&2.0233834,2024-01-31T18:00:00.000Z,60,10,public,false,Détente,3,mAdomm9Z8bOTkM0mmS2u1f3NCw93,10,10,2,0,0,0,0
s24jKuFqxOUNIyetFfqZ,UrbanSoccer Orsay,canceled,captain,ChIJpZIJg7J45kcRrKWKhtbfnEQ,48.70829&2.17794,2024-02-10T18:00:00.000Z,60,9,public,true,Compétition,,BVwpsikC1qScc0JSp6nt4kJiVWu2,1,10,0,0,0,0,0
s4mJwBrt1IRTCS6wg6g0,GOPARK INTERIEUR - Paintball et trampolines parc,canceled,captain,ChIJ2cJmdhf15kcRQ4mUOxIVzd0,49.045624&2.0799886,2024-02-04T18:15:00.000Z,90,15,public,false,Détente,2,PE6L8boIAzTOeoRu2lwnbnNSFVj2,9,10,0,0,0,0,0
s6NWy5TKq83jL7Szrxsy,LE FIVE Paris 18,canceled,captain,ChIJpVT4_n1u5kcRzji6FdTBXXo,48.8978522&2.3700234,2024-02-18T18:00:00.000Z,60,14,public,true,Compétition,4,7mcfBAWmhJa3mEPOJugkkTrz6Qn1,4,10,0,0,0,0,0
s6ZrL08in0fehQfepzzP,Laser Stadium,draft,captain,ChIJpZdywq4i9UcRJAPhLaIPorA,45.355282&4.8109091,2024-01-31T18:00:00.000Z,60,9.5,public,false,Détente,2,gM6ubuxBZSVtArDIn1LWUqLhaqh2,0,10,0,0,0,0,0
s8Et8IYENL1pP2kodRHZ,LE FIVE Créteil,published,pro,,48.7643086&2.4706522,2024-02-12T16:00:00.000Z,60,7,public,false,,,ZmXMWx7aTdPoPkkGOWa2HIQVblq2,0,10,0,0,0,0,0
sAJOS2GnCbLGKRu0oD8R,Footbox,published,pro,ChIJY-WkusIR5kcR-tEad3UtaSQ,48.9022789&2.582647,2024-02-13T20:00:00.000Z,60,10,public,false,,,QI89VPazyLhBVnWH871jk4BUEZI3,0,10,0,0,0,0,0
sAKcBF1LriYNQ3Bu4w5t,Play Soccer,canceled,captain,ChIJQ-UxZn-5rhIRKWoQydM5T9s,43.5512023&1.4098927,2024-02-18T17:00:00.000Z,60,8,public,false,Détente,2,8LtkeOuZHeePxfkXdNPmQSr7V9L2,6,10,0,0,0,0,0
sAywdGq1qKzGCKvVGmDT,UrbanSoccer - Quai d'Ivry,canceled,captain,,48.8199885&2.3936463,2024-01-31T19:00:00.000Z,60,14,public,true,Compétition,3,uCVF8mFvBwT9XmWIibOJYk9iiqB2,9,10,0,0,0,0,0
sCYb6Dz24z3PNbTRDSDa,Le Street Foot en Salle,played,captain,,49.0164435&2.181307,2024-02-16T16:30:00.000Z,90,,public,false,Compétition,5,pFzXIXpbKGa6Y4q8RgaVZ3TQUYj1,10,10,6,0,0,0,2
sCspLgesscfPsguhtfkR,UrbanSoccer Evry,canceled,captain,ChIJW0Ut1G7e5UcRt621n2fRQ5M,48.6286849&2.4066366,2024-01-30T19:30:00.000Z,90,15,public,true,Compétition,4,ZegGT1YBevfi7XkWEix5UYtbQzT2,9,10,0,0,0,0,1
sDTdpxRmrciSd518s31s,UrbanSoccer - Puteaux,draft,captain,ChIJM_sC0-Nk5kcRhL1y_EFIje8,48.8836397&2.2312283,2024-02-04T10:00:00.000Z,60,,public,false,,,I0q8xEizxbMaPlHSmD7oIBNwlH43,0,0,0,0,0,0,0
sDeA7FKF96EdMhv8jPfH,Stade Robespierre,canceled,captain,ChIJrSdPdLpk5kcRTIf7gmbAvcU,48.8692482&2.2034218,2024-02-11T13:00:00.000Z,120,5,public,false,Compétition,4,P2fpoPcsJ3ZKgVNv94Q8rJ8w4Zd2,2,10,0,0,0,0,0
sFDk1d02Ngjho81KUe7T,Speed Soccer Five,published,pro,ChIJ2xTNglV25kcR3UDi4AXGfDU,48.7360598&2.315058,2024-02-16T17:00:00.000Z,90,13,public,false,,,MkTJljXziPXBdRdijccndMLBNCC3,6,10,0,0,0,0,0
sKPYg7LhBjKNoHn8tLtk,LE FIVE Montreuil,published,captain,ChIJJdTQjr0T5kcRZmGxtIJVy44,48.8607303&2.4650432,2024-02-04T18:00:00.000Z,90,15,public,false,Détente,2,h6nvbmkepYdYobk0VhW22RZaSzo1,5,10,0,0,0,0,0
sMnXzamKRVAqKodTCNgm,Game 13 foot indoor,canceled,captain,ChIJNSDvlsXryRIRUXao9hwB79I,43.41258939999999&5.366617,2024-01-30T21:00:00.000Z,60,10,public,false,Détente,,RSksq6zRGSZFAezpuIWm00nkLdI2,7,10,0,0,0,0,0
sR0Spp3LA0laknkPyHo8,LE FIVE Paris 17,published,pro,ChIJ7eI8sFNv5kcR5xy52Wc57NU,48.900032&2.3213449,2024-02-09T22:00:00.000Z,60,5,public,false,,,V6mqbc9C8FNa1RQlUupjeoqOsZL2,1,10,0,0,0,0,2
sSw7UGiZ2d4BmsxmWkcn,UrbanSoccer La Défense,canceled,captain,ChIJh4rnfVhk5kcRV2Q-ZKdm8vA,48.8996456&2.2216773,2024-02-11T18:30:00.000Z,60,,public,true,,,ptMiCCYt0FcQmRuwaCCwz2LapD13,10,10,0,0,0,0,0
sUi5W6i7knVS53XdrEfA,Stade Lilian Thuram,played,captain,ChIJy0-vXf9l5kcRH4WAmpihUQE,48.933705&2.2828141,2024-02-11T12:00:00.000Z,90,,public,false,Détente,4,9PHJwYTtQNefMhONIHQUDCsvltt2,10,10,3,0,0,0,2
sWYo21Lgl4wzjhtqmntN,UrbanSoccer - Porte d'Aubervilliers,played,captain,ChIJ0dXjDCZs5kcRvX0EpMwxsUY,48.9074912&2.3746518,2024-02-10T19:00:00.000Z,60,10.5,public,true,Compétition,3,amHMfBbWcNS4PAlvRqdXMgrrLd83,10,10,1,0,0,0,1
sYIbMVI5DdtQ6z6PyEA4,UrbanSoccer - Lille Lezennes,played,captain,ChIJR3ro5nTWwkcRfM_S3Be9HjI,50.6162725&3.0998108,2024-01-30T17:00:00.000Z,60,9,public,true,Détente,2,KoMMspPpOrQB6lklhBjC6eSYPZp2,10,10,3,0,0,0,1
sZM5SVcU51nk1Mmu895B,UrbanSoccer - Puteaux,canceled,captain,ChIJM_sC0-Nk5kcRhL1y_EFIje8,48.8836397&2.2312283,2024-01-30T14:00:00.000Z,90,7.5,public,true,Chill,,vflmu9vKCyWDQc8KqerpDKG89Nu1,9,10,0,0,0,0,0
sZd6fouTCmlB6v5FnkPr,Footbox,published,pro,ChIJY-WkusIR5kcR-tEad3UtaSQ,48.9022789&2.582647,2024-02-19T13:00:00.000Z,60,7,public,false,,,QI89VPazyLhBVnWH871jk4BUEZI3,0,10,0,0,0,0,0
sbkmnxoQzAJAps0n43o4,LE FIVE Carrières-sous-Poissy,canceled,captain,ChIJ9T4fWfyL5kcRCBX-FyZLvEE,48.9469325&2.0233834,2024-02-02T22:00:00.000Z,60,9,public,false,,3,Wy3wc8FHaCYWTvZWNBBuL5f6n6n2,9,10,0,0,0,0,0
sblucvweZ7bkDQ9jW11h,Stade Fernand Hémon,draft,captain,ChIJfXGQDppl5kcRbIAeLeJfu7A,48.9294963&2.2533406,2024-02-03T15:00:00.000Z,90,,public,false,,,4rnznLBud4RLj3BVCokpgk1tqlU2,0,0,0,0,0,0,0
scja26xGPkzYw1ip5hUp,Classico Foot,canceled,captain,ChIJFV442oCxrhIRgsZy5aIbkNs,43.5945434&1.2911399,2024-02-02T19:00:00.000Z,60,9,public,false,Détente,3,bENnr6x212hBm7UE5jgycQuup8E3,9,10,0,0,0,0,0
sdBIpXX7rEUVMjYP8yFl,LE FIVE Paris 17,canceled,captain,ChIJ7eI8sFNv5kcR5xy52Wc57NU,48.900032&2.3213449,2024-02-04T16:30:00.000Z,90,18,public,true,Détente,2,aXkSOqpdjVdEOcZRXM0DTuH96Cq2,9,10,0,0,0,0,0
sdZT4wBmYSpcbCb74Nml,LE FIVE Bobigny,published,pro,ChIJV8UONORs5kcRXxR5Qd7x130,48.901553&2.4313304,2024-02-19T17:00:00.000Z,60,8,public,false,,,4owi3i7t8EOvFNF6UQvACOpiDRy1,0,10,0,0,0,0,0
sdsLfa9TxgKVoGEEXbRM,Monclub Futbol,published,captain,ChIJGbxxaamUyRIRgGvhHnhJStA,43.4299152&5.4001974,2024-02-01T17:30:00.000Z,60,10,public,false,,,AJhhBgOA04SJ5cqig5ffOrI68J53,4,10,0,0,0,0,0
seZkSMuuC0VfG71xB2nN,LE FIVE Paris 13,published,pro,ChIJ_bOSChhz5kcRZMTeq_6Gdzg,48.8181615&2.3658793,2024-02-10T22:00:00.000Z,60,10,public,false,,,FjSnzlRFFfhWVWQJGfIEwRc2ZMj2,0,10,0,0,0,0,1
sg863JLrRbnARe3fTqnc,UrbanSoccer - Quai d'Ivry,canceled,captain,ChIJfXxYJ0xy5kcRw9xTkF6-FZQ,48.8199885&2.3936463,2024-02-18T12:30:00.000Z,60,12.5,public,true,Détente,2,2ZA0HRlHTvYuZp1nUfxujLqoFR12,10,10,0,0,0,0,0
sh5iO1V21ujLIPp2vNrI,Stadium Thiais,played,captain,ChIJ64X9jzx05kcRsHvSfOv6UcA,48.7511137&2.3715422,2024-02-11T17:00:00.000Z,90,14,public,false,Détente,3,6M4f5MX3PCXOB6bAoSJR1UKemwl2,10,10,1,0,0,0,0
sjjffFgbph73gYEeGR4H,Play Soccer,played,captain,ChIJQ-UxZn-5rhIRKWoQydM5T9s,43.5512023&1.4098927,2024-02-02T17:00:00.000Z,60,9,public,false,,,8LtkeOuZHeePxfkXdNPmQSr7V9L2,10,10,1,0,0,0,0
skDlHqqkHd37YPvlhDkU,Foot POWER 5,canceled,pro,ChIJuTCIFshm5kcRBtEQJ76dAzc,48.960066&2.2061913,2024-02-18T17:00:00.000Z,90,10,public,false,,,sss3dYi6nzWd7rEjwcQ30LGKudj1,0,10,0,0,0,0,0
skiUqBORAuSKv6KRlr8Z,LE FIVE Paris 17,played,captain,ChIJ7eI8sFNv5kcR5xy52Wc57NU,48.900032&2.3213449,2024-02-17T10:30:00.000Z,60,10,public,true,Chill,2,XDHpmHmokreTqQEX5WwhKEegfZE2,10,10,0,0,0,0,0
smE4n3hB04Oes1LFliQ2,Stadium Thiais,played,pro,,48.7511024&2.3713455,2024-02-10T13:00:00.000Z,90,12,public,false,,,psf3NmXEPwdCltHKJC7VuvJocrF3,10,10,4,0,0,0,1
snRBfj28DK3YtjrB9wUY,Classico Foot,published,captain,ChIJFV442oCxrhIRgsZy5aIbkNs,43.5945434&1.2911399,2024-02-04T17:55:00.000Z,60,8,public,false,Détente,2,juHxVa5M3aSgsuwGYsKgi53Fqzv1,8,10,0,0,0,0,0
snT8lgUQS8AqBhNkwYDU,Play Soccer,played,captain,ChIJQ-UxZn-5rhIRKWoQydM5T9s,43.5512023&1.4098927,2024-02-01T18:00:00.000Z,60,10,public,false,,,8LtkeOuZHeePxfkXdNPmQSr7V9L2,10,10,2,0,0,0,0
snpVWXl7ZytahteIUP2k,LE FIVE Bezons,canceled,captain,ChIJ71Mv0Wpk5kcRg-H9x7L-dXo,48.9190524&2.211796,2024-02-18T21:00:00.000Z,90,13,public,true,Compétition,4,FgPXyCTGLcRWII5J6fDipTmRn0Y2,5,10,0,0,0,0,0
soF95rVUZKgwYfyo7rVf,UrbanSoccer - Lyon Parilly,draft,captain,ChIJx3FQWjLC9EcRrrQb2eV7i_4,45.7120399&4.9039284,2024-02-16T18:00:00.000Z,60,,public,false,,,cl4GXH22Avcfk7Q5FPhZZKBMzhu1,0,0,0,0,0,0,0
spAqR47wtgwHdD3CaR8X,Stadium Thiais,played,captain,ChIJ64X9jzx05kcRsHvSfOv6UcA,48.7511137&2.3715422,2024-02-16T19:20:00.000Z,90,15,public,false,Compétition,3,ivJjDu3v1IbjkaGKCqaOoVymlgD3,10,10,4,0,0,0,4
spUtsDU7SNdURHvWCsEw,Stade Robespierre,canceled,captain,ChIJrSdPdLpk5kcRTIf7gmbAvcU,48.8692482&2.2034218,2024-02-12T09:30:00.000Z,90,5,public,false,Compétition,4,P2fpoPcsJ3ZKgVNv94Q8rJ8w4Zd2,3,10,0,0,0,0,0
spatqtNDlqhjSYfvQjpl,LE FIVE Montreuil,published,pro,,48.8613036&2.4653095,2024-02-01T16:00:00.000Z,90,11,public,false,,,u9uC1vjdcdQ3UqNxI0SiFxor0m43,0,10,0,0,0,0,0
spdgQBkjvVQVDa3ZIJgA,Foot POWER 5,canceled,pro,ChIJuTCIFshm5kcRBtEQJ76dAzc,48.960066&2.2061913,2024-02-14T21:30:00.000Z,90,7,public,false,,,sss3dYi6nzWd7rEjwcQ30LGKudj1,0,10,0,0,0,0,0
spqbcEPvQRM7EBhfviMm,UrbanSoccer - Lille Lezennes,canceled,captain,ChIJR3ro5nTWwkcRfM_S3Be9HjI,50.6162725&3.0998108,2024-02-14T18:00:00.000Z,60,11.5,public,true,Détente,3,dvdYbjXAR8fQjpIGtP7Po8prEdE3,1,10,0,0,0,0,0
spqnPjn9m2S7XOpmCpY2,LE FIVE Paris 17,played,captain,ChIJ7eI8sFNv5kcR5xy52Wc57NU,48.900032&2.3213449,2024-02-06T11:30:00.000Z,60,10,public,true,Détente,2,KoThYRQqO3RDB3Gw4iiKn0zuuvf2,10,10,3,0,0,0,1
sq2RFqVbUnq031OjXwzJ,Top Ten,played,pro,,48.8729106&2.6840919,2024-02-07T16:00:00.000Z,90,5,public,false,,,i27253AGxOfXgYJK72sBnvUGuMk2,10,10,6,0,0,0,4
sreiAPLexoZvLtXod1Y2,Stadium Thiais,played,captain,ChIJ64X9jzx05kcRsHvSfOv6UcA,48.7511137&2.3715422,2024-02-16T16:00:00.000Z,120,10,public,false,Détente,3,Dohg1zNvhsbmGrYuAmExKFyjruw2,10,10,1,0,0,0,0
ssAV7zsZqv1kXukzHTdP,UrbanSoccer - Asnières,canceled,captain,ChIJi5LkLT9v5kcRSlhScqEFNWs,48.92192379999999&2.3068311,2024-02-03T18:00:00.000Z,60,77,private,true,Détente,1,h8hE7KFyK3c5rYC0GoVU7Y7DJrf2,8,10,0,0,0,0,0
stMwwFk2zoFa3kLWYCG5,UrbanSoccer La Défense,canceled,captain,ChIJh4rnfVhk5kcRV2Q-ZKdm8vA,48.8996456&2.2216773,2024-02-16T21:15:00.000Z,60,13.5,public,true,Détente,3,uaxPAU6OCjYQ5F2UtrL2KUHUMT62,1,10,0,0,0,0,0
svJGEH5lbMF9MUPNjzeF,Stadium Thiais,published,pro,ChIJ64X9jzx05kcRsHvSfOv6UcA,48.7511024&2.3713455,2024-02-14T17:00:00.000Z,90,10,public,false,,,psf3NmXEPwdCltHKJC7VuvJocrF3,0,10,0,0,0,0,0
sxzGG4xBjg4UO2lscw4j,Stade Lilian Thuram,canceled,captain,ChIJy0-vXf9l5kcRH4WAmpihUQE,48.933705&2.2828141,2024-02-04T07:00:00.000Z,150,,private,false,Détente,3,bvwFuUpB8ORr9UZhI1UFOuxbqtc2,3,18,0,0,0,0,0
szDOGdolcJN7D9MjGleP,Evolution Football,played,captain,ChIJX0YulIi8yRIRnGh62u3UXTQ,43.2836074&5.52356,2024-02-06T20:30:00.000Z,60,9,public,false,Détente,2,B3XUwRSzjtg7WFBaNIMUMzOShpa2,10,10,4,0,0,0,0
szlS8Nq4rmvEXMzOn92J,LE FIVE Paris 17,published,captain,ChIJ7eI8sFNv5kcR5xy52Wc57NU,48.900032&2.3213449,2024-02-19T17:30:00.000Z,60,12,public,true,Détente,2,4ivgR8Eqa0bQalx00YaOrkpq03H2,9,10,0,0,0,0,0
t5DpvoizqPAXFTFhXdbI,UrbanSoccer - Lille Lezennes,played,captain,ChIJR3ro5nTWwkcRfM_S3Be9HjI,50.6162725&3.0998108,2024-02-02T21:00:00.000Z,60,8.5,public,true,Compétition,,kvoIegy3rVYPaMsZ1iZ5QE5oPzS2,10,10,0,0,0,0,0
t6PHHKvmt7kmqejGa0SK,POWER FIVE ( Foot à 5 en intérieur ),canceled,captain,ChIJ6ULNmyh15kcRV9cjbnBjGr8,48.73026429999999&2.4346948,2024-02-10T19:00:00.000Z,90,15,public,false,Détente,2,EHZB6c5iRjY7Bqm1fWmpwmymat03,2,10,0,0,0,0,0
t8KEDWH1VOEFaH4Shrd3,UrbanSoccer La Défense,played,captain,ChIJh4rnfVhk5kcRV2Q-ZKdm8vA,48.8996456&2.2216773,2024-02-09T19:00:00.000Z,60,15,public,true,Détente,2,Zf7ejcUr7gTI9B0jvrr5WrKceYt1,10,10,3,0,0,0,2
tCKcSN1ss1xgAZq9OUty,LE FIVE Marville - La Courneuve,played,captain,ChIJ2dHdMZxr5kcR0aKYHYsp0pY,48.9364404&2.3869147,2024-02-10T20:00:00.000Z,90,15,public,false,Détente,,Lifra3OAsch5ipxdxuPAlUkSIYP2,10,10,5,1,0,0,0
tCQO8LFiXhmWyRXtU7fo,UrbanSoccer - Lille Bondues,published,captain,ChIJ58ZerMgrw0cR2Jyp7tZjBn4,50.6913774&3.0860264,2024-02-17T18:00:00.000Z,60,8,public,true,Détente,3,1q14cx3SS0g7OrGyGerDV1ABPTL2,1,10,0,0,0,0,0
tECQl2aE59M2G0OtxadZ,LE FIVE Paris 17,played,captain,ChIJ7eI8sFNv5kcR5xy52Wc57NU,48.900032&2.3213449,2024-02-05T18:30:00.000Z,60,12,public,true,Détente,3,GtpBmQGss7ZeMHIjX0rkediYCv22,10,10,2,0,0,0,0
tFTIM1t5HlcmlbtQBNJL,Game 13 foot indoor,published,captain,ChIJNSDvlsXryRIRUXao9hwB79I,43.41258939999999&5.366617,2024-02-02T21:30:00.000Z,60,10,public,false,Détente,4,tNI5PAPgX0MDq6T4GlwP3d2ndaO2,9,10,0,0,0,0,0
tFhKGultNQPgXaiLVlET,Stadium Thiais,played,pro,,48.7511024&2.3713455,2024-02-06T11:00:00.000Z,60,7,public,false,,,psf3NmXEPwdCltHKJC7VuvJocrF3,10,10,8,0,0,0,0
tG1xm3peWQuRUI1rM0Y0,Top Ten,published,pro,,48.8729106&2.6840919,2024-02-01T16:00:00.000Z,90,5,public,false,,,i27253AGxOfXgYJK72sBnvUGuMk2,0,10,0,0,0,0,3
tH6v3iA65DycA8FujObH,LE FIVE Paris 17,played,pro,ChIJ7eI8sFNv5kcR5xy52Wc57NU,48.900032&2.3213449,2024-02-16T16:00:00.000Z,60,5,public,false,,,V6mqbc9C8FNa1RQlUupjeoqOsZL2,10,10,9,0,0,0,5
tLNuXVn0RR031QnBBxKg,Monclub Futbol,canceled,pro,ChIJGbxxaamUyRIRgGvhHnhJStA,43.4299152&5.4001974,2024-02-14T18:00:00.000Z,60,9,public,false,,,CSTy9rmJRQSyWlqWuGiUhGpAGqf2,10,10,0,0,0,0,0
tLuRSa5uWew7F35T4HBl,Monclub Futbol,canceled,pro,ChIJGbxxaamUyRIRgGvhHnhJStA,43.4299152&5.4001974,2024-02-06T20:00:00.000Z,90,10,public,false,,,CSTy9rmJRQSyWlqWuGiUhGpAGqf2,0,10,0,0,0,0,0
tR3BSQjI9vZChRurDKVJ,UrbanSoccer Meudon,canceled,captain,ChIJ0WKvjbh75kcRoqSmyWwW2jQ,48.8001204&2.2140771,2024-02-02T17:30:00.000Z,90,10,public,true,Détente,3,npkCJxc9cQQqqBil7RF08EN2Ow03,9,10,0,0,0,0,0
tR8p4KPqdO1442H7zYIs,Parc Interdépartemental des Sports du Tremblay,draft,captain,ChIJBVkfrQ4N5kcRGi-XnNQN_yo,48.8281085&2.491365,2024-02-03T14:30:00.000Z,120,,public,false,,,JTh2SZwej6OVVpBqOfYOAb2cA1j1,0,0,0,0,0,0,0
tSPtAxvNPKaiUfT4ITkP,UrbanSoccer - Quai d'Ivry,played,captain,ChIJfXxYJ0xy5kcRw9xTkF6-FZQ,48.8199885&2.3936463,2024-02-11T16:45:00.000Z,90,5,public,true,Détente,3,eaWE7pnjImSJeVyy4fuJFrzy8p83,10,10,1,0,0,0,0
tSpIZSQfdd3hTAgHNGLU,Stade Jean-Pierre Wimille,played,captain,ChIJpROZRl9l5kcRIMxrDepRwGo,48.87414159999999&2.2772219,2024-02-10T18:45:00.000Z,120,,public,false,Compétition,4,yYooFWCotnbWyjyvr6azXRljgil2,16,16,1,0,0,0,2
tTy45mgDn9yPqbNlK8WM,Stadium Thiais,played,pro,ChIJ64X9jzx05kcRsHvSfOv6UcA,48.7511024&2.3713455,2024-02-14T20:00:00.000Z,90,10,public,false,,,psf3NmXEPwdCltHKJC7VuvJocrF3,10,10,9,0,1,0,1
tUUUYhgs3tOqUWNrq0yB,Top Ten,played,pro,,48.8729106&2.6840919,2024-02-09T16:00:00.000Z,90,5,public,false,,,i27253AGxOfXgYJK72sBnvUGuMk2,10,10,10,0,0,0,11
tUed3WpCJq9FOzwVWRBY,Gymnase Japy,published,captain,ChIJjSwEGPZt5kcRwOzDxHPp9SQ,48.855835&2.3820976,2024-02-07T11:00:00.000Z,60,7.5,public,false,Détente,2,QkZg1H0BtdcagypLa9xTvY0WtIl1,8,10,0,0,0,0,0
tWMcsRafnO8lryhxEvgN,Stadium Thiais,played,captain,ChIJ64X9jzx05kcRsHvSfOv6UcA,48.7511137&2.3715422,2024-02-11T18:30:00.000Z,90,15,public,false,Détente,2,VYqxE5jahUSHbP4CHIWxmxEzsyE3,12,12,1,0,0,0,1
tWwO37Rn5DuOQlDfMLYP,UrbanSoccer - Quai d'Ivry,played,captain,ChIJfXxYJ0xy5kcRw9xTkF6-FZQ,48.8199885&2.3936463,2024-01-31T17:00:00.000Z,60,12,public,true,Détente,2,EvoYKsm679OmOqHezQcUqP8G7sf1,10,10,1,0,0,0,0
tWzmTxkhfGrzBQwA7Pcf,Le Street Foot en Salle,published,captain,,49.0164435&2.181307,2024-02-14T16:30:00.000Z,90,13,public,false,Compétition,5,pFzXIXpbKGa6Y4q8RgaVZ3TQUYj1,4,10,0,0,0,0,0
tXVyV812otdfEnXkh9ex,UrbanSoccer - Toulouse Sept Deniers,published,captain,ChIJk5nUBdOkrhIRP-1aUJzo-lA,43.6321552&1.411696,2024-02-18T14:30:00.000Z,90,12,public,true,Détente,2,7Tb5XUFyHzXtxXh1KP4qZwZpR5b2,8,10,0,0,0,0,0
tXcHTntkbKhStG0A6wi4,UrbanSoccer - Quai d'Ivry,published,captain,ChIJfXxYJ0xy5kcRw9xTkF6-FZQ,48.8199885&2.3936463,2024-02-04T19:00:00.000Z,90,19,public,true,Détente,,rUzkBHpIJ1YFV4MRQjyiYHl4QMX2,4,10,0,0,0,0,1
tYAK5gst1O2RY78syJmH,LE FIVE Paris 13,canceled,captain,ChIJ_bOSChhz5kcRZMTeq_6Gdzg,48.8181615&2.3658793,2024-02-17T19:00:00.000Z,90,7.5,public,true,Compétition,3,2Tx3WBJfdQOM4n9YcvqYBS4BZis2,10,10,0,0,0,0,4
tZ7VM3AmvYeDOKNhRjPl,Stadium Thiais,played,captain,ChIJ64X9jzx05kcRsHvSfOv6UcA,48.7511137&2.3715422,2024-02-08T16:25:00.000Z,90,10,public,false,Compétition,3,Dohg1zNvhsbmGrYuAmExKFyjruw2,10,10,8,0,0,0,2
tbAPYCm7WRvNlOKHiPHB,Stadium Thiais,published,pro,,48.7511024&2.3713455,2024-02-12T16:30:00.000Z,90,10,public,false,,,psf3NmXEPwdCltHKJC7VuvJocrF3,0,10,0,0,0,0,0
teDuiC0B3Y29FnHUkg8W,Game 13 foot indoor,canceled,captain,ChIJNSDvlsXryRIRUXao9hwB79I,43.41258939999999&5.366617,2024-02-01T17:00:00.000Z,60,10,public,false,Compétition,4,tNI5PAPgX0MDq6T4GlwP3d2ndaO2,4,10,0,0,0,0,0
teTY913bFXNYs92O6g1C,LE PARK Complexe Multisports,canceled,captain,ChIJMU8gErUJ5kcRSnpvacKwFtM,48.71189589999999&2.5771181,2024-02-10T19:00:00.000Z,90,13,public,false,Détente,2,nTsTH8yUCpPjyLb747QFjmtR0pk2,9,10,0,0,0,0,0
tee59cm4xSo2QbiOyhBH,LE FIVE Villette,played,captain,ChIJTUFnQjps5kcR0pHITLTw1PI,48.9070122&2.3861459,2024-01-31T18:00:00.000Z,60,12,public,false,Compétition,2,0VARNXSjqkWRNUqkhK56qLym0Gv1,10,10,2,0,0,0,1
tf3bzE5OjOSIWGGSkmRE,Stadium Thiais,played,captain,ChIJ64X9jzx05kcRsHvSfOv6UcA,48.7511137&2.3715422,2024-02-17T15:30:00.000Z,90,12,public,false,Détente,4,kWIXOjVn4JO8RLoDO2thI1n3qex1,10,10,2,0,0,0,0
tfaldUA9x02UYfQtcaH8,Top Ten,published,pro,ChIJfXprBx4b5kcRmhe-5pLZUek,48.8729106&2.6840919,2024-02-17T18:00:00.000Z,90,15,public,false,,,i27253AGxOfXgYJK72sBnvUGuMk2,0,10,0,0,0,0,0
tgIeMhd6r6184fZUpWiT,Parc Interdépartemental des Sports du Tremblay,played,captain,ChIJBVkfrQ4N5kcRGi-XnNQN_yo,48.8281085&2.491365,2024-02-13T14:00:00.000Z,120,,public,false,Compétition,4,uBBACLxkethaV9Y330hL2lGBj622,16,16,9,0,0,0,3
tgW1DZKl0MgMDb1rKWuc,Kinshasa,published,pro,ChIJi2oG_jAxahoRjTdSH05-ixY,-4.3032527&15.310528,2024-02-16T15:30:00.000Z,90,11,public,false,,,zCvsukfMuuffsuPpSTQwb7MusMD2,0,10,0,0,0,0,0
thR3QmCqRwGIEUgZpS6Z,City KOF,played,captain,ChIJ_2pirmlv5kcRTpGJ0UDn1Y8,48.9155954&2.2963072,2024-02-14T11:00:00.000Z,90,,public,false,Détente,2,PL0nw3BiAUhxDJuKc8qZsRazcM23,10,10,4,0,0,0,3
ti04yfXTDCozf2aS7ikn,Foot-Max Argenteuil,published,pro,ChIJi9oIzaRm5kcRJYcK7QsdRMU,48.9501632&2.2093946,2024-01-31T17:00:00.000Z,60,8,public,false,,,SuEnyPZ4TgNIkt1yap2yJ3ZHO6p1,0,10,0,0,0,0,0
tlXr0oaynY8sqwFIdnuo,Speed Soccer Five,canceled,captain,ChIJ2xTNglV25kcR3UDi4AXGfDU,48.7360598&2.315058,2024-02-08T20:00:00.000Z,90,13,public,false,Détente,3,LG3Q44fKNwSrT7kC4KQjqLqPi712,10,10,0,0,0,0,1
tnQbDGdOPErmRlYzREnB,LE FIVE Montreuil,published,pro,ChIJJdTQjr0T5kcRZmGxtIJVy44,48.8613036&2.4653095,2024-02-14T22:00:00.000Z,60,8,public,false,,,u9uC1vjdcdQ3UqNxI0SiFxor0m43,0,10,0,0,0,0,0
tqHEZ0NYh3ivIPTuVp98,Cité des Sports,published,captain,ChIJ70UPf6R75kcRGb3NAV9k7Ww,48.8247744&2.2650728,2024-01-31T11:15:00.000Z,60,,public,false,Détente,3,UhA5K0uIX2bvgsHTVtkKXBbL5Jf1,17,18,0,0,0,0,7
tqftPK46soGG8aIAJ6e2,Top Ten,published,pro,ChIJfXprBx4b5kcRmhe-5pLZUek,48.8729106&2.6840919,2024-02-18T13:00:00.000Z,90,15,public,false,,,i27253AGxOfXgYJK72sBnvUGuMk2,0,10,0,0,0,0,0
tsL65xBDpfINYACo6dYu,Foot POWER 5,canceled,pro,,48.960066&2.2061913,2024-02-04T08:00:00.000Z,90,10,public,false,,,sss3dYi6nzWd7rEjwcQ30LGKudj1,0,10,0,0,0,0,0
ttKIJj9vEtmTKTxPgnQi,Game 13 foot indoor,played,captain,ChIJNSDvlsXryRIRUXao9hwB79I,43.41258939999999&5.366617,2024-01-30T17:00:00.000Z,60,10,public,false,Détente,3,tNI5PAPgX0MDq6T4GlwP3d2ndaO2,10,10,0,0,0,0,0
tvq5w4c0Gkpi8H5FD6uk,LE FIVE Sarcelles,canceled,captain,ChIJ6_q3Fxhq5kcRCpoEwnoXX1Q,48.99782219999999&2.3902225,2024-02-05T21:00:00.000Z,120,13,public,false,Détente,,SGuEHBTVYmf3lbEad0P7i9ITSAs2,5,10,0,0,0,0,0
tzEt4NnnoPKAuveWpcin,UrbanSoccer La Défense,canceled,captain,ChIJh4rnfVhk5kcRV2Q-ZKdm8vA,48.8996456&2.2216773,2024-02-03T11:30:00.000Z,60,13.5,public,true,Chill,4,pclqxLNXgee3D6GgTwPSlSjj2h82,9,10,0,0,0,0,0
tzbgZSAGbAvy07fNJnEz,Monclub Futbol,played,captain,ChIJGbxxaamUyRIRgGvhHnhJStA,43.4299152&5.4001974,2024-02-05T19:00:00.000Z,60,10,public,false,Détente,,T2QG662V9Ta7lQrXxzHChQsGOFZ2,10,10,4,0,0,0,0
tzlJ4ho5tbkIy96gN7vR,LE FIVE Créteil,published,captain,ChIJ88lx3VwL5kcRVxCh4lD6_Gk,48.7643086&2.4706522,2024-02-03T17:00:00.000Z,60,10,public,false,Chill,,W3cHpkumXBRR4hKoJTYOpTrUH5v1,9,10,0,0,0,0,0
u6rRB27mDGPrdV3ocmB4,UrbanSoccer - Puteaux,played,captain,ChIJM_sC0-Nk5kcRhL1y_EFIje8,48.8836397&2.2312283,2024-02-08T19:00:00.000Z,60,15,public,true,Détente,2,tADc402LbzNQItwCyfxaRTs36sH2,10,10,1,0,0,0,2
u7bAUZnXwErjRSBHZi7b,Top Ten,played,pro,,48.8729106&2.6840919,2024-02-09T16:00:00.000Z,90,5,public,false,,,i27253AGxOfXgYJK72sBnvUGuMk2,10,10,6,0,0,0,11
u99pgo6pJWV206ToAOAH,UrbanSoccer La Défense,canceled,captain,ChIJh4rnfVhk5kcRV2Q-ZKdm8vA,48.8996456&2.2216773,2024-02-10T11:15:00.000Z,60,13.5,public,true,Détente,3,FshaFmrAbNREEGEom3F2gsHUrFR2,9,10,0,0,0,0,0
u9NifXNVR988dqb93PM6,UrbanSoccer - Quai d'Ivry,played,captain,ChIJfXxYJ0xy5kcRw9xTkF6-FZQ,48.8199885&2.3936463,2024-02-15T17:50:00.000Z,90,21.75,public,true,Détente,2,wWN6KtSCRdasujSAhp7YyIJYlWm2,10,10,3,0,0,0,3
uB4qx362eNezGy3Dsd5n,Footbox,published,pro,ChIJY-WkusIR5kcR-tEad3UtaSQ,48.9022789&2.582647,2024-02-14T20:00:00.000Z,60,10,public,false,,,QI89VPazyLhBVnWH871jk4BUEZI3,0,10,0,0,0,0,0
uBA8z940Ty5wTEVGga2X,LE FIVE Villette,played,captain,ChIJTUFnQjps5kcR0pHITLTw1PI,48.9070122&2.3861459,2024-02-06T18:30:00.000Z,60,12,public,false,Détente,,E4GCb6d9xeXE847zGIdC0SJ6lQg2,10,10,2,0,0,0,0
uDbDYd4XYHye72CExpT3,Stadium Thiais,played,captain,ChIJ64X9jzx05kcRsHvSfOv6UcA,48.7511137&2.3715422,2024-02-12T20:30:00.000Z,90,14,public,false,Détente,,mfpkwBKLYBN6f6plr95O7woVM8t2,12,12,4,0,0,0,2
uGGc3vu4ISeVzOqoEler,UrbanSoccer - Porte d'Aubervilliers,canceled,captain,ChIJ0dXjDCZs5kcRvX0EpMwxsUY,48.9074912&2.3746518,2024-02-18T12:00:00.000Z,60,,public,true,Détente,4,oe5EJfpM9hPXQkcPRiRt4RuCd9n2,0,0,0,0,0,0,0
uHEeoOm5xpfE4HQis61q,LE FIVE Carrières-sous-Poissy,canceled,captain,ChIJ9T4fWfyL5kcRCBX-FyZLvEE,48.9469325&2.0233834,2024-01-30T20:30:00.000Z,90,12,public,false,,2,MqTQ7MHD6tWp7cFTinuLxxK4i4K2,10,10,0,0,0,0,0
uHSmOWX3BierHcfsGLp2,Events Five,published,captain,ChIJf8cSCJG5rhIRoQadPH-wW1U,43.5399703&1.3922897,2024-02-03T16:00:00.000Z,60,7,public,false,,,m4KpLYWUQghzy9kZi4QLUXSdwd32,8,10,0,0,0,0,0
uHftOWajjyBCyzU789gz,LE FIVE Bobigny,played,captain,ChIJV8UONORs5kcRXxR5Qd7x130,48.901553&2.4313304,2024-02-09T19:00:00.000Z,90,15,public,false,Détente,2,gW9aeEiiZMZQvDAz6I3Tm71GJSU2,10,10,3,0,1,0,0
uIG8abMhMav5ye88pmjF,LE FIVE Montreuil,published,pro,,48.8613036&2.4653095,2024-02-08T16:00:00.000Z,90,11,public,false,,,u9uC1vjdcdQ3UqNxI0SiFxor0m43,0,10,0,0,0,0,0
uKR62hqgdagTD9FXDZ4I,Play Soccer,played,captain,ChIJQ-UxZn-5rhIRKWoQydM5T9s,43.5512023&1.4098927,2024-02-14T18:30:00.000Z,60,10,public,false,,,8LtkeOuZHeePxfkXdNPmQSr7V9L2,10,10,1,0,0,0,0
uMOUXSsuzoAPeBrELZba,LE FIVE Paris 13,played,captain,ChIJ_bOSChhz5kcRZMTeq_6Gdzg,48.8181615&2.3658793,2024-02-17T10:45:00.000Z,60,13,public,true,Détente,4,Ng8pDjSrG6MVSBWZid7Lv0Yo1Op1,10,10,0,0,0,0,3
uP9E6qx2ccVHJNu7JZbq,Footbox,published,pro,ChIJY-WkusIR5kcR-tEad3UtaSQ,48.9022789&2.582647,2024-02-19T22:00:00.000Z,60,10,public,false,,,QI89VPazyLhBVnWH871jk4BUEZI3,0,10,0,0,0,0,0
uPRLF2N3YklWQfwQKxsb,UrbanSoccer Guyancourt,published,captain,ChIJmdX-2c-A5kcRj1wtOS8rZmo,48.7722091&2.0600292,2024-01-31T11:15:00.000Z,90,,public,true,Détente,3,BDns611c38YFyqobxpZC7VgiTxh1,11,12,0,0,0,0,0
uPuu5Bq3p92ZbfdE9miM,LE FIVE Paris 18,published,pro,,48.8978522&2.3700234,2024-02-07T16:00:00.000Z,60,5,public,false,,,UQf33jQhVZhle917nO0h7D5qclV2,9,10,0,0,0,0,12
uS1XqXD35S3YFkBlnNqc,BIG5,played,captain,ChIJsb_7TJFp5kcRSPL5VqZulr4,48.9901429&2.3617895,2024-02-08T19:00:00.000Z,120,18,public,false,Détente,2,S7F3G5iuPNWVU8C5aKh1cFebGCA3,10,10,0,0,0,0,0
uU5y1MJp8Tg7NwoeZWrc,Game 13 foot indoor,played,captain,ChIJNSDvlsXryRIRUXao9hwB79I,43.41258939999999&5.366617,2024-02-06T19:00:00.000Z,60,10,private,false,Détente,2,YRqiIIRIa7WLYzz10t8KebtmcKp1,10,10,9,0,0,0,1
uUnY0NnrpGx3STpV3FP2,LE FIVE Bobigny,published,pro,,48.901553&2.4313304,2024-02-05T17:00:00.000Z,60,8,public,false,,,4owi3i7t8EOvFNF6UQvACOpiDRy1,0,10,0,0,0,0,0
uXbuKYSVsg9gyKS1daPx,Stadium Thiais,played,pro,,48.7511024&2.3713455,2024-01-31T18:00:00.000Z,90,15,public,false,,,psf3NmXEPwdCltHKJC7VuvJocrF3,10,10,3,0,0,0,2
uZjoYuGBgO4nMomDtWeB,LE FIVE Paris 13,published,pro,ChIJ_bOSChhz5kcRZMTeq_6Gdzg,48.8181615&2.3658793,2024-02-19T22:00:00.000Z,60,10,public,false,,,FjSnzlRFFfhWVWQJGfIEwRc2ZMj2,8,10,0,0,0,0,0
ubqXqCGkV7M5nFNALf1d,UrbanSoccer La Défense,played,captain,ChIJh4rnfVhk5kcRV2Q-ZKdm8vA,48.8996456&2.2216773,2024-01-31T17:15:00.000Z,60,12.5,public,true,Détente,2,dHXCQqNGaWZzX1XqcRj0FpyLnz23,10,10,2,0,1,0,3
udGEJ3pgAd3UvQZwLQpP,UrbanSoccer - Quai d'Ivry,played,captain,ChIJfXxYJ0xy5kcRw9xTkF6-FZQ,48.8199885&2.3936463,2024-02-18T11:15:00.000Z,90,12.5,public,true,Détente,3,DZtXe9x3knR6VLueCA73Rj2QBPp1,10,10,0,0,0,0,0
ueYHreVslQ8pedVDPryq,UrbanSoccer La Défense,canceled,captain,ChIJh4rnfVhk5kcRV2Q-ZKdm8vA,48.8996456&2.2216773,2024-02-03T11:15:00.000Z,60,13.5,public,true,Détente,3,OuKQCNAVmVgFhmarS3uuUBkQu6F2,3,10,0,0,0,0,0
uf0EbMsY4obdiuSQJxDD,Events Five,canceled,captain,ChIJf8cSCJG5rhIRoQadPH-wW1U,43.5399703&1.3922897,2024-02-04T16:00:00.000Z,60,7,private,false,,,m4KpLYWUQghzy9kZi4QLUXSdwd32,2,10,0,0,0,0,0
ugHO7wQEW9Zf3G3enDtG,UrbanSoccer La Défense,played,captain,ChIJh4rnfVhk5kcRV2Q-ZKdm8vA,48.8996456&2.2216773,2024-02-07T18:40:00.000Z,60,,public,true,Détente,,2PotkD5PcdYHdjGbDAvNs1prBUK2,10,10,3,0,0,0,4
uhqssIxeiCoraSt9p8sg,LE FIVE Sarcelles,canceled,captain,ChIJ6_q3Fxhq5kcRCpoEwnoXX1Q,48.99782219999999&2.3902225,2024-02-08T20:00:00.000Z,90,13,public,false,Détente,2,teJWyUweiHbF7gi2wai3tq2vDQI3,5,10,0,0,0,0,0
ujSFNoVAipLP5KzD6Qls,Cité des Sports,played,captain,ChIJ70UPf6R75kcRGb3NAV9k7Ww,48.8247744&2.2650728,2024-02-09T19:30:00.000Z,60,13,public,false,Compétition,3,Q09e04VS2PeQgdp6YavEUuIAjal2,10,10,5,0,0,0,0
ukeW7oLuVNmMgDqoBK8L,UrbanSoccer - Puteaux,played,captain,ChIJM_sC0-Nk5kcRhL1y_EFIje8,48.8836397&2.2312283,2024-02-18T09:30:00.000Z,90,15,public,true,Détente,4,NNbe80zgVhQEd0M1fXrEUP5mOl62,10,10,4,0,0,0,4
ur4Bl0YYoYTKItvi6skr,Speed Soccer Five,published,captain,ChIJ2xTNglV25kcR3UDi4AXGfDU,48.7360598&2.315058,2024-02-07T19:45:00.000Z,90,13.5,public,false,Détente,3,jeSxOGNZwXR3iuTx0hcSDPzLKIj1,8,10,0,0,0,0,0
urYPI1zdBLbtSBUtsQDG,Foot-Max Argenteuil,published,pro,ChIJi9oIzaRm5kcRJYcK7QsdRMU,48.9501632&2.2093946,2024-02-17T13:00:00.000Z,120,16,public,false,,,SuEnyPZ4TgNIkt1yap2yJ3ZHO6p1,0,10,0,0,0,0,2
urw1mKc7RfGzOrYJyCrt,Urban Soccer,played,captain,ChIJQa9SIC3v9EcR6KzO4cOApok,45.6833208&4.7719325,2024-02-01T19:00:00.000Z,60,10,public,true,Détente,2,9hkk6iX8pQWfPblM8PeIw5ZiyNz1,10,10,2,0,0,0,0
us2LmDnpKH4uYGru3BQ3,Stade Des Courtilles,published,captain,ChIJ83HS9ldv5kcR-plMKkHPNTA,48.929137&2.2834726,2024-02-03T17:30:00.000Z,150,,public,false,Compétition,3,OKhfkxDKMDS9m7GyDTrjVlKnvko1,7,14,0,0,0,0,0
utUrjvKptXdURVe5fju7,Le 13 - Foot en salle - Marseille,played,captain,ChIJR62kUm_ByRIRDnGQqGCeUVQ,43.33370070000001&5.370389599999999,2024-02-06T19:00:00.000Z,60,9,public,false,Compétition,2,vzCXSeJYbaZacDav8pXWl7X9Wih1,10,10,4,0,0,0,0
utbcJUyI5ttWpDuEx6CM,Parc Omnisport Suzanne Lenglen,played,captain,ChIJ0_E6kcV65kcRpEn1nM0j_KU,48.8303784&2.2714163,2024-02-02T13:00:00.000Z,120,,public,false,Compétition,3,mhTTNAGjXiMpcUDScm0BrqX0Gtf1,18,18,9,0,0,0,2
uvP1N0QziIQRrtccZudb,Stade Charles Auray,published,captain,ChIJBfReMqht5kcRUYj5USqKSSg,48.8867219&2.4165524,2024-02-19T18:50:00.000Z,90,,public,false,Compétition,5,1LDJWrjBcJPRiS8a2m1todvXiJM2,14,14,0,0,0,0,0
uwS3jZKqquH5tYLSlvuU,Parc des Sports,canceled,captain,ChIJV8Nr3hIb5kcRKfPPqbSUG30,48.8731664&2.7199166,2024-02-01T18:30:00.000Z,90,,public,false,Compétition,3,0egHHBP3sEf0NZbfdtq3CbnPlmB3,1,12,0,0,0,0,0
uwT2MV0QkAYpOVuT4AED,Top Ten,published,pro,,48.8729106&2.6840919,2024-01-30T11:00:00.000Z,90,5,public,false,,,i27253AGxOfXgYJK72sBnvUGuMk2,0,10,0,0,0,0,0
uwut2HQ1GnLfhWmn1YRI,Stadium Thiais,played,captain,ChIJ64X9jzx05kcRsHvSfOv6UcA,48.7511137&2.3715422,2024-02-16T21:00:00.000Z,90,14,public,false,Compétition,5,b379cyiVhVhWqRqxFXDe9nuLX0f2,10,10,4,0,0,0,2
v0EJt0qNERhiwnnuyY7N,LE FIVE Sarcelles,canceled,captain,ChIJ6_q3Fxhq5kcRCpoEwnoXX1Q,48.99782219999999&2.3902225,2024-02-08T23:00:00.000Z,90,10,public,false,Détente,3,que2ClS9cKaQ76VTIMNVaEEzQlW2,4,10,0,0,0,0,0
v0PcL9twzgn5tX0PRhZM,Speed Soccer Five,published,pro,ChIJ2xTNglV25kcR3UDi4AXGfDU,48.7360598&2.315058,2024-02-15T19:00:00.000Z,90,13,public,false,,,MkTJljXziPXBdRdijccndMLBNCC3,0,10,0,0,0,0,0
v0d4NvvvvfuPZfsm62mn,Top Ten,published,pro,ChIJfXprBx4b5kcRmhe-5pLZUek,48.8729106&2.6840919,2024-02-17T21:30:00.000Z,90,15,public,false,,,i27253AGxOfXgYJK72sBnvUGuMk2,0,10,0,0,0,0,0
v1DlB2QPIwMXLlUEFnmT,Five académie,draft,captain,ChIJnwl_n5hr5kcRnfgTJrNYSo8,48.8952533&2.367703,2024-02-04T18:00:00.000Z,60,,public,false,,,9v4jZHdjWEcpIaTOXjvNwoG9kbx1,0,0,0,0,0,0,0
v1tLWYH0CJGK3bvaDHZ0,Top Ten,published,pro,ChIJfXprBx4b5kcRmhe-5pLZUek,48.8729106&2.6840919,2024-02-02T16:00:00.000Z,90,5,public,false,,,i27253AGxOfXgYJK72sBnvUGuMk2,0,12,0,0,0,0,0
v437q8McGOSQqaJGCazC,FOOT INDOOR Marseille,played,captain,,43.2859688&5.4882746,2024-02-03T17:00:00.000Z,60,10,public,false,Détente,3,wX9wOBRf3cPbFRE3dfJ9Z2r7EZA3,10,10,1,0,0,0,0
v4jeKApTuWgtx8fhvfMQ,UrbanSoccer - Lille Lezennes,canceled,captain,ChIJR3ro5nTWwkcRfM_S3Be9HjI,50.6162725&3.0998108,2024-02-08T19:30:00.000Z,60,10,public,true,,3,AnvNUpJkuJaIaX0DqYY6TEFtWhK2,1,10,0,0,0,0,0
v64XHz31pWPagylAXBCj,LE FIVE Champigny,published,pro,,48.8194084&2.5251846,2024-02-06T16:00:00.000Z,60,7,public,false,,,evlV9mUgATYQ5343zpYZvk4w0r03,1,10,0,0,0,0,0
v6AeTLugw8mzS3scj1AP,Stadium Thiais,canceled,captain,ChIJ64X9jzx05kcRsHvSfOv6UcA,48.7511137&2.3715422,2024-02-08T18:30:00.000Z,90,15,public,false,Détente,3,nw7OtPvvibZLVMCBi0qlsCY7msf2,6,10,0,0,0,0,0
v8mEdcIc2SIzzzaim9qE,Stadium Thiais,played,pro,,48.7511024&2.3713455,2024-02-10T09:30:00.000Z,90,12,public,false,,,psf3NmXEPwdCltHKJC7VuvJocrF3,10,10,9,0,0,0,3
v9d8cTRWLw6RwVBI656M,LE FIVE Paris 18,played,pro,ChIJpVT4_n1u5kcRzji6FdTBXXo,48.8978522&2.3700234,2024-02-16T21:20:00.000Z,90,10,public,false,,,UQf33jQhVZhle917nO0h7D5qclV2,10,10,6,0,0,0,3
v9q868kw4zzo4qqGcfS0,BIG5,canceled,captain,ChIJsb_7TJFp5kcRSPL5VqZulr4,48.9901429&2.3617895,2024-02-17T18:00:00.000Z,60,9.5,public,false,Détente,4,I8dTI8ddZjXJAPFJ8hcieGWO2hG2,4,10,0,0,0,0,0
vA1y3ZHW6Q1UXfAm3KKl,LE FIVE Paris 17,played,captain,ChIJ7eI8sFNv5kcR5xy52Wc57NU,48.900032&2.3213449,2024-01-31T19:00:00.000Z,60,12,public,true,Détente,2,agoKoaqnTMf1ckNnDEaeBuBXI1q1,10,10,1,0,0,0,0
vJrEL60UgSuOc8kGkLFz,LE FIVE Bezons,canceled,captain,ChIJ71Mv0Wpk5kcRg-H9x7L-dXo,48.9190524&2.211796,2024-02-07T19:00:00.000Z,60,11,public,true,,3,scoj4cOOmXQB6JiC86ZGMsXL1mu2,5,10,0,0,0,0,0
vJzJQ0DTcOCeANLhalqH,UrbanSoccer La Défense,played,captain,ChIJh4rnfVhk5kcRV2Q-ZKdm8vA,48.8996456&2.2216773,2024-02-16T18:00:00.000Z,60,14.5,public,true,Détente,2,JR18ryknV2cei1p9p5XRKJXO5lu1,10,10,3,0,0,0,0
vLXsGdkvyBPxKI8d65Qj,UrbanSoccer - Porte d'Aubervilliers,played,captain,ChIJ0dXjDCZs5kcRvX0EpMwxsUY,48.9074912&2.3746518,2024-01-30T19:00:00.000Z,60,14,public,true,Compétition,4,TIVSQaDxRdPKQlQOhl5VChWF7px1,10,10,5,0,0,0,1
vLmkVcVr7UtQSvpQROst,Top Ten,published,pro,ChIJfXprBx4b5kcRmhe-5pLZUek,48.8729106&2.6840919,2024-02-18T14:30:00.000Z,90,12.5,public,false,,,i27253AGxOfXgYJK72sBnvUGuMk2,0,12,0,0,0,0,0
vNHy6iSRq3zvQlD8vkEJ,Footsal Cousinerie,played,captain,ChIJXQyb1d8pw0cRLO_Ed5xHTIQ,50.6440829&3.1459612,2024-01-31T18:30:00.000Z,60,9.5,public,false,Détente,2,Qx9IRNgl0wPDYVR2z7b3tdEOxem1,10,10,3,0,0,0,1
vNfH3fIyuo0YZfFQPWjV,Stadium Thiais,published,pro,ChIJ64X9jzx05kcRsHvSfOv6UcA,48.7511024&2.3713455,2024-02-11T11:00:00.000Z,90,15,public,false,,,psf3NmXEPwdCltHKJC7VuvJocrF3,1,10,0,0,0,0,0
vNnFVjmcza8t9zQlQCAT,LE FIVE Bezons,played,pro,ChIJ04KEHBZk5kcRoDWLaMOCCwQ,48.91909&2.2093051,2024-02-15T17:00:00.000Z,60,7,public,false,,,U3MriTZbPbTUEsU6RtRuHxDMKvg2,10,10,9,0,0,0,4
vO0RlEQ87dAVZfG4AN5m,Terrain de Football des Blagis,played,captain,ChIJo1VQy8hw5kcRGlSSiJpcq-Q,48.7855644&2.2991542,2024-01-31T17:30:00.000Z,120,,public,false,Détente,5,rzC8A0bd4afb9AWrHKlCPT9461y1,12,12,2,0,0,0,0
vOin3GMBt5ebylwByj1v,Centre Sportif Maryse Hilsz,played,captain,ChIJgY6iBYxt5kcRHD7TB4jAHV4,48.8520783&2.4128877,2024-02-13T11:20:00.000Z,150,,public,false,Compétition,5,1Fkzl7JONMQgLkuJEFE1meNaqUI2,16,16,4,0,0,0,5
vOm7d0L7So4PWqmV8675,UrbanSoccer Evry,played,captain,ChIJW0Ut1G7e5UcRt621n2fRQ5M,48.6286849&2.4066366,2024-02-09T19:10:00.000Z,60,11,public,true,Détente,3,Vd2iHvVtEXeFAMwDEbfUKIFmccd2,10,10,4,0,0,0,0
vR9YrtZ7trQgT7flTaHR,UrbanSoccer - Toulouse Montaudran,canceled,captain,ChIJl772e0u8rhIR2foRX4Xa2CI,43.574642&1.4801835,2024-02-11T18:00:00.000Z,60,9.5,private,true,Détente,3,avKJSzRSupMiFKc3xCym3DTQFL33,6,10,0,0,0,0,0
vRbBucY69WI90V5ds674,LE FIVE Paris 18,canceled,captain,ChIJpVT4_n1u5kcRzji6FdTBXXo,48.8978522&2.3700234,2024-02-11T12:50:00.000Z,60,14,public,true,Détente,2,Vs86WK03L2e6HpXNNaTFwveyg7i1,8,10,0,0,0,0,2
vRgxYK2GsouyIg0HcKzr,UrbanSoccer - Quai d'Ivry,canceled,captain,ChIJfXxYJ0xy5kcRw9xTkF6-FZQ,48.8199885&2.3936463,2024-02-11T13:40:00.000Z,120,3,public,true,Compétition,5,0Ar3LQMLhMWoCgpvJgUdWolGaoP2,10,10,0,0,0,0,0
vRlS2xShVjOkkFBgYbPL,UrbanSoccer - Toulouse Sept Deniers,canceled,captain,ChIJk5nUBdOkrhIRP-1aUJzo-lA,43.6321552&1.411696,2024-02-13T14:30:00.000Z,60,4.9,public,true,Détente,2,wtnsXikCw2SzC8ybn61IvBinamt1,10,10,0,0,0,0,0
vSUDj8Wihmh79GcxBY8C,UrbanSoccer - Porte d'Aubervilliers,played,captain,ChIJ0dXjDCZs5kcRvX0EpMwxsUY,48.9074912&2.3746518,2024-02-15T19:00:00.000Z,90,22,public,true,Compétition,3,C3I1VWPyByZqSLBbHf0B04ECrHh2,10,10,0,0,0,0,1
vUD3v3Y3EG3THSeM1dBe,Top Ten,published,pro,ChIJfXprBx4b5kcRmhe-5pLZUek,48.8729106&2.6840919,2024-02-14T21:30:00.000Z,90,16.5,public,false,,,i27253AGxOfXgYJK72sBnvUGuMk2,0,10,0,0,0,0,0
vUEtGyINlV5u0ca4cSNy,F5 Foot Five,played,captain,ChIJjUbM5G7A9EcRW3mlkrhyXxY,45.7857911&4.905926399999999,2024-02-06T18:00:00.000Z,60,9.5,public,false,Détente,4,R01GH804gVMhrrQIAIH20PMYnHk2,10,10,4,0,0,0,1
vUuTOpWe0lry19t0Cn1l,Footbox,published,pro,ChIJY-WkusIR5kcR-tEad3UtaSQ,48.9022789&2.582647,2024-02-17T12:00:00.000Z,60,10,public,false,,,QI89VPazyLhBVnWH871jk4BUEZI3,0,10,0,0,0,0,0
vWJlOhaZIY6SQd6nQBST,LE FIVE Bobigny,published,pro,,48.901553&2.4313304,2024-02-09T17:00:00.000Z,60,8,public,false,,,4owi3i7t8EOvFNF6UQvACOpiDRy1,1,10,0,0,0,0,0
vXbgQVMd58oI7EKyJPQV,Stade Île Saint-Germain,played,captain,ChIJVY0KsPZ65kcRp96tDdTGcJE,48.82224&2.24526,2024-02-15T11:30:00.000Z,60,,public,false,Détente,3,85dMcSydDKVvY3lXq2gPbsZtLsw2,16,16,5,0,1,0,2
vXkETenHKoRj9B4UpnYc,POWER FIVE ( Foot à 5 en intérieur ),canceled,captain,ChIJ6ULNmyh15kcRV9cjbnBjGr8,48.73026429999999&2.4346948,2024-02-18T19:00:00.000Z,90,15,public,false,,2,EHZB6c5iRjY7Bqm1fWmpwmymat03,5,10,0,0,0,0,0
vXkjznouI9GGoS9Hs45v,Parcours sportif de la plaine du Luth,published,captain,ChIJzRgVdzJv5kcRvh7TyyBSol0,48.9353111&2.2867938,2024-01-31T18:45:00.000Z,60,,public,false,Compétition,,4VrS00bbKuWtEedLaYrX5cUcugH2,10,12,0,0,0,0,0
vY2hgdTMbr4uVkhTrZ8P,Top Ten,played,captain,ChIJfXprBx4b5kcRmhe-5pLZUek,48.8729106&2.6840919,2024-02-18T08:00:00.000Z,90,12,public,false,Détente,2,X3rZnkTKKvP3wJS3DTHWae9Z5vg2,12,12,2,0,0,0,6
vZ91M7daYVdZdscfx7Ed,Sport dans la Ville Rhône-Alpes,canceled,captain,ChIJoUEDcmvr9EcRILCz6hDCQ2o,45.7811703&4.8081568,2024-01-30T18:00:00.000Z,90,13.5,public,false,Détente,3,SDw87q1F8QhXnX5vcTafuGPsQCq2,9,10,0,0,0,0,0
vczDD7oA3cIF9rs9u8Ql,Play Soccer,canceled,captain,ChIJQ-UxZn-5rhIRKWoQydM5T9s,43.5512023&1.4098927,2024-02-12T18:30:00.000Z,90,15,public,false,Détente,3,8LtkeOuZHeePxfkXdNPmQSr7V9L2,5,10,0,0,0,0,0
vf6OA7ERCeAmuP8xGd9v,UrbanSoccer La Défense,played,captain,ChIJh4rnfVhk5kcRV2Q-ZKdm8vA,48.8996456&2.2216773,2024-02-06T19:15:00.000Z,60,14.5,public,true,Détente,3,uXinhTCnJabPwHfWKNCwa6udOVj1,10,10,5,0,0,0,2
vfD747pSNitda1eRbTEH,Foot-Max Argenteuil,hidden,pro,ChIJi9oIzaRm5kcRJYcK7QsdRMU,48.9501632&2.2093946,2024-02-07T19:00:00.000Z,60,8,public,false,,,SuEnyPZ4TgNIkt1yap2yJ3ZHO6p1,0,10,0,0,0,0,0
vflfdMDXFNWAn3I8bg9B,Abd Drive,played,captain,ChIJCVBWxGht5kcRclC3u2EvPKs,48.86598919999999&2.4308229,2024-02-03T08:00:00.000Z,150,,private,false,Compétition,5,i0E2h7DylAZZa74nZXgURaHFPkl1,12,12,9,0,0,0,0
vhKs6GzbpEhWmgTZdRaq,LE FIVE Paris 17,published,captain,ChIJ7eI8sFNv5kcR5xy52Wc57NU,48.900032&2.3213449,2024-02-13T21:00:00.000Z,60,12,public,true,Détente,2,5OwhhiBh3MOqMXg12U2pM23e1b62,6,10,0,0,0,0,0
vhwXH59mY7ecvihFrQdl,Stadium Thiais,published,pro,ChIJ64X9jzx05kcRsHvSfOv6UcA,48.7511024&2.3713455,2024-02-16T18:00:00.000Z,90,15,public,false,,,psf3NmXEPwdCltHKJC7VuvJocrF3,0,12,0,0,0,0,1
vk0gxEgCKOdX9M2Pyl43,Spot FUTSAL,canceled,captain,ChIJwdUawmfVwkcRaNLo_CmNii0,50.6106345&3.0624494,2024-01-31T18:00:00.000Z,30,10,public,false,Détente,3,lZlBzBjGTHciWjQraOPYPLGQvtk2,5,10,0,0,0,0,0
vl03f5OuJi4AxwM5253P,UrbanSoccer La Défense,canceled,captain,ChIJh4rnfVhk5kcRV2Q-ZKdm8vA,48.8996456&2.2216773,2024-02-05T17:30:00.000Z,60,12.5,private,true,Détente,4,WmEIitt9Uwg5axn6vQTP95QfodX2,10,10,0,0,0,0,0
vpOrmb6nozHbdXsTBZzb,LE FIVE Bobigny,canceled,captain,ChIJV8UONORs5kcRXxR5Qd7x130,48.901553&2.4313304,2024-02-18T14:00:00.000Z,120,20,public,false,Détente,2,pONshbFBMrNIRGUkU4eRHOJjrHL2,10,10,0,0,0,0,0
vqrWXzQKISH49TVnXYzm,UrbanSoccer - Puteaux,canceled,captain,ChIJM_sC0-Nk5kcRhL1y_EFIje8,48.8836397&2.2312283,2024-02-14T11:00:00.000Z,60,12,public,true,Détente,,jV7IvYbIjPQ4xm56MmYUh7G1G3E3,9,10,0,0,0,0,0
vtW0TexpJqnmFGzqCorE,LE FIVE Bezons,published,pro,,48.91909&2.2093051,2024-02-01T17:00:00.000Z,60,7,public,false,,,U3MriTZbPbTUEsU6RtRuHxDMKvg2,9,10,0,0,0,0,3
vtmI7bpnHSX2Qcn1xsdw,UrbanSoccer Evry,published,captain,ChIJW0Ut1G7e5UcRt621n2fRQ5M,48.6286849&2.4066366,2024-02-04T09:00:00.000Z,60,8.5,public,true,Détente,1,pwwJen5u33YfTlLeIUTwuRCckeC2,7,10,0,0,0,0,0
vu83ra6nXshgReGO72eJ,LE FIVE Champigny,published,captain,ChIJsXi1PLYN5kcRTVVDuczgS2s,48.8194084&2.5251846,2024-02-19T18:00:00.000Z,90,11,public,false,Détente,2,wnIJTk2XWRX4GUZ6khj0TPeMOv12,10,10,0,0,0,0,2
vuKbbldXaOvXYChn47fD,Game 13 foot indoor,played,captain,ChIJNSDvlsXryRIRUXao9hwB79I,43.41258939999999&5.366617,2024-02-01T17:30:00.000Z,60,10,public,false,Détente,3,tNI5PAPgX0MDq6T4GlwP3d2ndaO2,10,10,5,0,0,0,0
vvlI1l84OQa2aDj7A7JV,UrbanSoccer Evry,canceled,captain,ChIJW0Ut1G7e5UcRt621n2fRQ5M,48.6286849&2.4066366,2024-02-08T21:00:00.000Z,90,6,public,true,Détente,2,0asGZ9fEnDeJUjaY2BLdrkW6w4u2,9,10,0,0,0,0,0
vvtYycvK4oYUShinI534,Footbox,published,pro,ChIJY-WkusIR5kcR-tEad3UtaSQ,48.9022789&2.582647,2024-02-16T15:00:00.000Z,60,7,public,false,,,QI89VPazyLhBVnWH871jk4BUEZI3,0,10,0,0,0,0,0
vvutLn4OAmQrvDgdEkE3,Stadium Thiais,played,pro,ChIJ64X9jzx05kcRsHvSfOv6UcA,48.7511024&2.3713455,2024-01-31T21:00:00.000Z,90,14,public,false,,,psf3NmXEPwdCltHKJC7VuvJocrF3,10,10,6,0,0,0,0
vwdNdOToUC5G1AZSJ3Jl,Z5 Aix,played,captain,ChIJKb-U_9KSyRIRKIFKbH5mW18,43.4787869&5.3969048,2024-02-17T16:00:00.000Z,60,10,public,false,Détente,4,cd6uwIamv4ZAe6OPqDHpnK5TdtH3,10,10,4,0,0,0,0
vwqwa7R7K0Og5jGQVZMz,UrbanSoccer - Puteaux,played,captain,ChIJM_sC0-Nk5kcRhL1y_EFIje8,48.8836397&2.2312283,2024-02-12T17:30:00.000Z,90,21,public,true,Détente,2,pyp3RvQmMoZHazoQtuaP6dsd7J42,10,10,1,0,0,0,1
vyjoiBxWylHRAZolJY2Q,Bagneux - Lucie Aubrac,played,captain,ChIJqcs-eeJw5kcRmcmp8GTsuE8,48.80356&2.31743,2024-02-08T18:35:00.000Z,90,,public,false,Détente,3,Mf6hDeaA15NYAYiJLQ3dbkeC1xX2,12,12,2,0,0,0,0
w0PXBViqCUuUaI75D6o6,Play Soccer,draft,captain,ChIJQ-UxZn-5rhIRKWoQydM5T9s,43.5512023&1.4098927,2024-01-30T19:30:00.000Z,60,10,public,false,,,8LtkeOuZHeePxfkXdNPmQSr7V9L2,0,10,0,0,0,0,0
w1gNwqzA1UgIRSauBFwn,LE FIVE Bobigny,played,captain,ChIJV8UONORs5kcRXxR5Qd7x130,48.901553&2.4313304,2024-02-10T11:15:00.000Z,90,15,public,false,Détente,3,5zRUuV1GVSN1uOLQxXM6U2xJ5as2,10,10,2,0,0,0,0
w1ltPC1H7c5tOkwGHKal,Classico Foot,played,captain,ChIJFV442oCxrhIRgsZy5aIbkNs,43.5945434&1.2911399,2024-02-16T19:30:00.000Z,60,9,public,false,Détente,,vZqrt7VHboSIBssGXfBBTfzZp032,10,10,3,0,0,0,0
w2T9HMNueOf9ggZWtI3S,Events Five,canceled,captain,ChIJf8cSCJG5rhIRoQadPH-wW1U,43.5399703&1.3922897,2024-02-17T18:00:00.000Z,60,9,public,false,,,PQ9EWncT4TYmXInwjDgHbs76rjX2,5,10,0,0,0,0,0
w2pAtyhe4xgDL1ebaBxz,Stadium Thiais,played,pro,ChIJ64X9jzx05kcRsHvSfOv6UcA,48.7511024&2.3713455,2024-02-06T19:30:00.000Z,90,15,public,false,,,psf3NmXEPwdCltHKJC7VuvJocrF3,12,12,9,0,0,0,1
w407LaCDakSm04N2aaVu,Parc Interdépartemental des Sports du Tremblay,canceled,captain,ChIJBVkfrQ4N5kcRGi-XnNQN_yo,48.8281085&2.491365,2024-02-02T14:30:00.000Z,90,,public,false,Compétition,3,JTh2SZwej6OVVpBqOfYOAb2cA1j1,1,16,0,0,0,0,0
w4AoxIMdLYx8npXyngw6,Game 13 foot indoor,canceled,captain,ChIJNSDvlsXryRIRUXao9hwB79I,43.41258939999999&5.366617,2024-02-12T19:30:00.000Z,90,13,public,false,Détente,3,fZqqBviIBiSg9OzpFtxc36g9he42,10,10,0,0,0,0,1
w4ladnKCVfpPY7Z77EoD,UrbanSoccer La Défense,played,captain,ChIJh4rnfVhk5kcRV2Q-ZKdm8vA,48.8996456&2.2216773,2024-02-10T18:30:00.000Z,90,8.5,public,true,Détente,2,PvDQsexRENaHtU0ljK3p2C1BwKo1,10,10,7,0,0,0,2
w5a1jjP519B6x9gMmlDI,UrbanSoccer - Asnières,played,captain,ChIJi5LkLT9v5kcRSlhScqEFNWs,48.92192379999999&2.3068311,2024-02-11T20:30:00.000Z,90,15.75,public,true,Détente,3,FfMDDrBH4QVfPPhuTDCL6LcU1pT2,10,10,1,0,0,0,1
w6nsRT4fGg9oAYhQLXPy,Stadium Thiais,published,pro,,48.7511024&2.3713455,2024-02-06T14:00:00.000Z,90,8,public,false,,,psf3NmXEPwdCltHKJC7VuvJocrF3,1,10,0,0,0,0,0
w74Efy98Q7V866FfUZj1,Stadium Thiais,canceled,captain,ChIJ64X9jzx05kcRsHvSfOv6UcA,48.7511137&2.3715422,2024-02-11T18:30:00.000Z,90,15,public,false,Compétition,4,w3KEWlCrD4adPoxf70dHet1exH92,4,10,0,0,0,0,1
w7AydPlkkjAj539aRfxb,UrbanSoccer - Puteaux,played,captain,ChIJM_sC0-Nk5kcRhL1y_EFIje8,48.8836397&2.2312283,2024-02-15T19:00:00.000Z,60,14.5,public,true,Détente,3,RjnILKUgrrYly5GOAr8iC9cVDLt2,10,10,6,0,0,0,1
w9jd0E2mpSzzIl3vD3vn,LE FIVE Bezons,played,captain,ChIJ71Mv0Wpk5kcRg-H9x7L-dXo,48.9190524&2.211796,2024-02-18T19:00:00.000Z,60,10,public,true,Compétition,4,6jx3qyjJjmd0lpo4579xf33gMXy2,10,10,8,0,0,2,1
wAY27w7YnP6EpRGGdrBn,UrbanSoccer - Toulouse Sept Deniers,canceled,captain,ChIJk5nUBdOkrhIRP-1aUJzo-lA,43.6321552&1.411696,2024-02-11T15:45:00.000Z,90,12,public,true,Détente,1,7Tb5XUFyHzXtxXh1KP4qZwZpR5b2,10,10,0,0,0,0,0
wAlc3rZI8Vp1eLFj9Y2l,Antony,played,captain,ChIJf8cFRhF35kcR0D6LaMOCCwQ,48.759255&2.302553,2024-02-04T10:30:00.000Z,90,10,public,false,Détente,3,Dohg1zNvhsbmGrYuAmExKFyjruw2,10,10,0,0,0,0,0
wBQ3Gcf4N2bmneC9ulNm,Play Soccer,played,captain,ChIJQ-UxZn-5rhIRKWoQydM5T9s,43.5512023&1.4098927,2024-02-06T18:00:00.000Z,90,15,public,false,,,pL0skPQs4CYYVXb682MCC9jXu8K2,10,10,6,0,1,0,1
wDMNvaA5BkPVaLGlDYDM,UrbanSoccer - Porte d'Aubervilliers,published,captain,ChIJ0dXjDCZs5kcRvX0EpMwxsUY,48.9074912&2.3746518,2024-02-19T18:30:00.000Z,60,14,public,true,Détente,3,x6HXHeoKRgfgBIJmy2aFzazHHkb2,10,10,0,0,0,0,1
wEqxtsZ2Fut59cKyMvLZ,Top Ten,played,pro,ChIJfXprBx4b5kcRmhe-5pLZUek,48.8729106&2.6840919,2024-02-16T11:00:00.000Z,90,5,public,false,,,i27253AGxOfXgYJK72sBnvUGuMk2,10,10,7,0,0,0,2
wFaElaBSYQoUagYSJ84b,UrbanSoccer Evry,played,captain,ChIJW0Ut1G7e5UcRt621n2fRQ5M,48.6286849&2.4066366,2024-02-01T18:30:00.000Z,90,15,public,true,Détente,3,xWl3gMGRsvXk7tYSpzQFSlPjSbs2,10,10,3,0,0,1,1
wGoOYB3VRBYHEcgCDmlZ,LE FIVE Morangis,played,captain,ChIJA4uAhOXZ5UcRp-vZXZP-ovY,48.692672&2.3192811,2024-01-30T10:00:00.000Z,90,3.5,public,false,Détente,,g5OrId1Nw3ZdLj3cSX79Pm7UBBk2,10,10,2,0,0,0,3
wGudKl4Z3UUT5avVvdW9,Top Ten,published,pro,ChIJfXprBx4b5kcRmhe-5pLZUek,48.8729106&2.6840919,2024-02-18T21:30:00.000Z,90,15,public,false,,,i27253AGxOfXgYJK72sBnvUGuMk2,0,10,0,0,0,0,0
wINmQf7D6G7MIgEoc2P2,FOOT IN FIVE,played,captain,ChIJoUR0syFp5kcRUlStnwluaYY,48.9552257&2.3328346,2024-02-12T19:30:00.000Z,90,15,public,false,Détente,2,Se4mp6hzjpNiXC7pZAIvpbzOuOu2,10,10,3,0,0,0,2
wJELEuwNBvF3sh1ddN7W,Urban Football Meudon,played,captain,ChIJFeLBC2N75kcRyM1mlEZ3HjM,48.7983594&2.2102561,2024-02-15T19:00:00.000Z,90,16,public,false,Détente,3,Eky9dVVNQmbB9akUqXl9wI6eE282,14,14,0,0,0,0,1
wK2P8uSQxeb4oNJzF280,UrbanSoccer - Toulouse Montaudran,published,captain,ChIJl772e0u8rhIR2foRX4Xa2CI,43.574642&1.4801835,2024-02-16T18:00:00.000Z,60,9.5,public,true,Détente,3,avKJSzRSupMiFKc3xCym3DTQFL33,8,10,0,0,0,0,0
wK4r81xr49TSOkDxPXBc,Stade Pierre Letessier,played,captain,ChIJmcO_CLgS5kcR_tYXn2vhXNs,48.8750074&2.4964236,2024-02-04T10:00:00.000Z,120,,public,false,Compétition,4,5tI7nJKuTRWNJgO1jYKyzMYNwog2,18,18,2,0,0,0,2
wKT5z32bXQg5AvZvWZ9U,LE FIVE Créteil,played,captain,ChIJ88lx3VwL5kcRVxCh4lD6_Gk,48.7643086&2.4706522,2024-02-15T18:30:00.000Z,60,11,private,false,Détente,,kM4xdNe9LtQRo8K0dIf3BmRs8Ba2,10,10,5,0,0,0,0
wL2Vn6NsjPClXqyc0TC2,UrbanSoccer Guyancourt,played,captain,ChIJmdX-2c-A5kcRj1wtOS8rZmo,48.7722091&2.0600292,2024-02-01T11:30:00.000Z,60,9,public,true,Détente,3,jWjf55weXdMhiLUDedxI9tvkxBn2,10,10,1,0,0,0,0
wNDGhBqrwr4vOsjKKFmz,Foot POWER 5,canceled,pro,,48.960066&2.2061913,2024-02-06T20:00:00.000Z,90,7,public,false,,,sss3dYi6nzWd7rEjwcQ30LGKudj1,0,10,0,0,0,0,0
wNLRVze6eX4KG0MpI6ut,Stadium Thiais,played,pro,ChIJ64X9jzx05kcRsHvSfOv6UcA,48.7511024&2.3713455,2024-02-15T21:00:00.000Z,90,14,public,false,,,psf3NmXEPwdCltHKJC7VuvJocrF3,10,10,6,0,0,0,2
wOYHcivD6GpgIWp0kMoq,LE FIVE Paris 18,canceled,captain,ChIJpVT4_n1u5kcRzji6FdTBXXo,48.8978522&2.3700234,2024-02-13T19:00:00.000Z,60,14,public,true,Détente,2,hj7Ou3QoLYW0oxOZRSyHO0e62XY2,7,10,0,0,0,0,0
wQZ0eODJOSp532nE2QRX,HOPPS Group,canceled,captain,ChIJbyKUBx7tyRIRv5g9F9KhQO8,43.4738978&5.367859,2024-01-30T18:00:00.000Z,90,10,public,false,Détente,2,L0fQhgqdrohDIJVjyihnwJe2O0c2,1,4,0,0,0,0,0
wRA4JyvD3Y5GAZbQgJoT,Centre sportif Suzanne Lenglen,canceled,captain,ChIJjyw8lw975kcRB8dEmGn3P0Q,48.8302835&2.2740847,2024-02-17T08:15:00.000Z,60,,public,false,Compétition,3,dZpALRW02WUPnjgXB11os9B5vJG3,13,14,0,0,0,0,1
wRCElO38KKVmncBUfFA0,LE FIVE Créteil,published,pro,,48.7643086&2.4706522,2024-02-01T16:00:00.000Z,60,7,public,false,,,ZmXMWx7aTdPoPkkGOWa2HIQVblq2,0,10,0,0,0,0,0
wSkW5d0LcvQt80ct7DAn,Stadium Thiais,published,pro,,48.7511024&2.3713455,2024-02-08T16:30:00.000Z,90,10,public,false,,,psf3NmXEPwdCltHKJC7VuvJocrF3,0,10,0,0,0,0,0
wT8ohGpdiLUIWDGV3IeP,Stadium Thiais,published,pro,ChIJ64X9jzx05kcRsHvSfOv6UcA,48.7511024&2.3713455,2024-02-05T19:30:00.000Z,90,15,public,false,,,psf3NmXEPwdCltHKJC7VuvJocrF3,3,10,0,0,0,0,1
wThhX6EMx6F9QdCjLK8S,LE FIVE Bobigny,played,captain,ChIJV8UONORs5kcRXxR5Qd7x130,48.901553&2.4313304,2024-02-13T17:15:00.000Z,30,14,public,false,Compétition,3,aGOQUUcv76eGYsEbk14UEZIPGJC2,10,10,3,0,0,0,0
wTrRg5WaxbuzRxnwfeUF,Stade Robespierre,canceled,captain,ChIJrSdPdLpk5kcRTIf7gmbAvcU,48.8692482&2.2034218,2024-02-11T16:00:00.000Z,60,5,public,false,Compétition,3,P2fpoPcsJ3ZKgVNv94Q8rJ8w4Zd2,2,10,0,0,0,0,0
wVRJHK4rvRrUBWV4BWPN,UrbanSoccer - Puteaux,canceled,captain,ChIJM_sC0-Nk5kcRhL1y_EFIje8,48.8836397&2.2312283,2024-02-08T19:00:00.000Z,60,15,public,true,Détente,4,zx15E8kqOyMIfe9kE6wecnEydcu2,7,10,0,0,0,0,1
wW3B6ifvDowznZbtRbhz,UrbanSoccer - Marne-La-Vallée,canceled,captain,ChIJ6bDBiosP5kcROXiloHzSdhc,48.82658600000001&2.6296937,2024-02-06T17:15:00.000Z,90,12.5,public,true,Détente,3,yml5Vs9XFYSDcopfsRoJkKqmVH53,7,10,0,0,0,0,0
wWdinRHm0x5Q6e26ZJfA,Stade de la Habette,played,captain,ChIJe02fRPcN5kcRMFMVlwIl9Ec,48.7747069&2.468236,2024-02-11T14:00:00.000Z,180,,public,false,Compétition,5,a69lPbfIBJPfDaYg8oayWud6vKE3,22,22,8,1,0,5,1
wXLrXzxfFhsbezKoQPTn,UrbanSoccer - Quai d'Ivry,published,captain,ChIJfXxYJ0xy5kcRw9xTkF6-FZQ,48.8199885&2.3936463,2024-02-09T20:00:00.000Z,90,14,public,true,Détente,4,TjGDzFudrqOi7iaBTjiVmvkMlyY2,9,10,0,0,0,0,0
wb5HNjoERf9FvEESC0Ki,UrbanSoccer La Défense,published,captain,ChIJh4rnfVhk5kcRV2Q-ZKdm8vA,48.8996456&2.2216773,2024-02-06T13:15:00.000Z,60,13.5,private,true,Détente,,VD9ODfaAjcS1pb401hKVLbwXGt92,1,10,0,0,0,0,0
wb6Pk8mWlIhXI91azQXr,UrbanSoccer La Défense,played,captain,ChIJh4rnfVhk5kcRV2Q-ZKdm8vA,48.8996456&2.2216773,2024-02-09T21:00:00.000Z,60,13.5,public,true,Compétition,3,bejOstLp5vSPNFNbdBXF1ON1W6y2,10,10,1,0,0,0,1
wbJdv3T0N8rLDoxuhrHl,LE FIVE Paris 13,played,captain,ChIJ_bOSChhz5kcRZMTeq_6Gdzg,48.8181615&2.3658793,2024-02-04T10:00:00.000Z,90,,public,true,Détente,3,88OhFhGHBxXJ1nUXkKtfGjsptKi2,10,10,1,0,0,0,1
wcdK0r5gcGTs1UJ2icB7,UrbanSoccer - Lille Lezennes,canceled,captain,ChIJR3ro5nTWwkcRfM_S3Be9HjI,50.6162725&3.0998108,2024-02-09T21:45:00.000Z,60,5,public,true,Détente,3,dvdYbjXAR8fQjpIGtP7Po8prEdE3,5,10,0,0,0,0,1
wdmLfiAIj2xt2xap5WdS,Monclub Futbol,played,captain,ChIJGbxxaamUyRIRgGvhHnhJStA,43.4299152&5.4001974,2024-02-18T15:00:00.000Z,60,10,public,false,Détente,3,OZ4gbKApJ6VUiNG5iJScKxFvNd13,10,10,3,0,0,0,1
wecycAy3YJudOY2angvy,Foot POWER 5,canceled,pro,,48.960066&2.2061913,2024-01-30T21:30:00.000Z,90,7,public,false,,,sss3dYi6nzWd7rEjwcQ30LGKudj1,0,10,0,0,0,0,0
wgAuUGSRfc6E9dRsTHfH,LE FIVE Paris 17,played,captain,ChIJ7eI8sFNv5kcR5xy52Wc57NU,48.900032&2.3213449,2024-02-01T18:00:00.000Z,60,14,public,true,Détente,3,G8mUuWdpvyRMd7WcoRFkLn8r7TZ2,10,10,2,0,0,0,0
wgQWg18CX4TAUDYjO6Oi,UrbanSoccer - Porte d'Aubervilliers,canceled,captain,ChIJ0dXjDCZs5kcRvX0EpMwxsUY,48.9074912&2.3746518,2024-02-05T18:00:00.000Z,90,17.25,public,true,Détente,,sedwkPZJsFUbSfLrYPQtYzeoXw83,9,10,0,0,0,0,0
whVk5EeXomjeG4G75P1r,LE FIVE Carrières-sous-Poissy,played,captain,ChIJ9T4fWfyL5kcRCBX-FyZLvEE,48.9468171&2.0230552,2024-02-15T18:55:00.000Z,60,10,public,false,Chill,,YsUqPkaiOtW8h1B9dam6ViMm2Tw2,10,10,3,0,0,0,1
whx4zcmq6jBaBjUbdVoJ,Foot-Max Argenteuil,published,captain,,48.9501569&2.2093741,2024-02-14T17:00:00.000Z,60,8,public,false,Compétition,,pFzXIXpbKGa6Y4q8RgaVZ3TQUYj1,4,10,0,0,0,0,0
wkYE7VqxyNKLtrjUKDvz,Events Five,canceled,captain,ChIJf8cSCJG5rhIRoQadPH-wW1U,43.5399703&1.3922897,2024-02-04T15:00:00.000Z,60,7,private,false,,,kz4gID3e1cY9RfDVkcGnK2fsrOx1,9,10,0,0,0,0,0
wlbbt84npyFmxh5WsZFr,Stadium Thiais,canceled,captain,ChIJ64X9jzx05kcRsHvSfOv6UcA,48.7511137&2.3715422,2024-02-15T21:00:00.000Z,90,14,public,false,Détente,2,h0Bzwvu057VXtTUvGreLPTa32JD3,9,10,0,0,0,0,2
wlk9jlS3Whi6aYFoOWsC,UrbanSoccer Orsay,canceled,captain,ChIJpZIJg7J45kcRrKWKhtbfnEQ,48.70829&2.17794,2024-02-11T17:30:00.000Z,90,15,public,true,Compétition,3,ATyx273HNUZj4aJpEqTaHx5zblN2,9,10,0,0,0,0,1
wm3s0c3JdX3lvF8jBDTf,Game 13 foot indoor,published,captain,ChIJNSDvlsXryRIRUXao9hwB79I,43.41258939999999&5.366617,2024-02-05T19:30:00.000Z,60,10,public,false,Détente,3,tNI5PAPgX0MDq6T4GlwP3d2ndaO2,4,10,0,0,0,0,1
wogCGGvo34eteLi51XY9,Top Ten,published,pro,,48.8729106&2.6840919,2024-02-05T22:00:00.000Z,90,16.5,public,false,,,i27253AGxOfXgYJK72sBnvUGuMk2,0,10,0,0,0,0,0
wqLeq3PJQ4xLFug6JONw,LE FIVE Villette,played,captain,ChIJTUFnQjps5kcR0pHITLTw1PI,48.9070122&2.3861459,2024-02-10T10:00:00.000Z,90,10,public,false,,3,ORUvH3rWuafbwxGVukmM25R6zJv1,10,10,2,0,0,0,1
wr6PFyDnSKyEDfZXNVAH,LE FIVE Paris 17,canceled,captain,ChIJ7eI8sFNv5kcR5xy52Wc57NU,48.900032&2.3213449,2024-02-09T18:00:00.000Z,60,10,public,true,Détente,2,nyxJe7CK46QVNnvuWbnab2y8K8n1,9,10,0,0,0,0,1
wt8GAMX9T5Y45lkfuQJI,F5 Foot Five,canceled,captain,ChIJjUbM5G7A9EcRW3mlkrhyXxY,45.7857911&4.905926399999999,2024-02-19T17:30:00.000Z,60,9.5,public,false,Compétition,2,MDWyqL3LCFUbmAJPfRryfjW5Ad42,9,10,0,0,0,0,1
wtIjLP8nSM6vgCl26Cvz,Stadium Thiais,published,pro,,48.7511024&2.3713455,2024-02-11T21:00:00.000Z,90,15,public,false,,,psf3NmXEPwdCltHKJC7VuvJocrF3,0,10,0,0,0,0,0
wv7BVCBV8gxY3vE1oW6m,Le Street Foot en Salle,canceled,captain,ChIJt_AXL6Jg5kcRu6rBmnrmeUM,49.0164435&2.181307,2024-02-11T13:00:00.000Z,90,13,public,false,Détente,2,3qlOjNAkftRe7fgdNJ6H2r56mI02,6,10,0,0,0,0,0
wvD75M4i1bv653Lhu3jE,Stadium Thiais,published,pro,,48.7511024&2.3713455,2024-02-07T15:00:00.000Z,90,8,public,false,,,psf3NmXEPwdCltHKJC7VuvJocrF3,0,10,0,0,0,0,0
wwbYDPEV43W3D0Hq44M1,UrbanSoccer - Lyon Parilly,canceled,captain,ChIJx3FQWjLC9EcRrrQb2eV7i_4,45.7120399&4.9039284,2024-02-18T18:30:00.000Z,90,12,public,true,Détente,3,5D0COej5Gtgms9WzT7S9rRTAHVC3,9,10,0,0,0,0,0
wzcDfjpSoLPFp0pJ0PBW,Footbox,published,pro,ChIJY-WkusIR5kcR-tEad3UtaSQ,48.9022789&2.582647,2024-02-19T18:00:00.000Z,60,10,public,false,,,QI89VPazyLhBVnWH871jk4BUEZI3,0,10,0,0,0,0,0
x2J8ttdHX5hbn0xZ5KMF,Events Five,played,captain,ChIJf8cSCJG5rhIRoQadPH-wW1U,43.5399703&1.3922897,2024-01-31T19:00:00.000Z,60,9,public,false,Détente,3,kVyaXWV4MbXOhkS18nTiduhfbai1,10,10,2,0,0,0,0
x4Gz8cneJAWfsMo4EwP7,LE FIVE Villette,played,captain,ChIJTUFnQjps5kcR0pHITLTw1PI,48.9070122&2.3861459,2024-02-13T19:00:00.000Z,60,12,public,false,Détente,2,yqBvqf7UJkT8vgEGRf5ghfKDqP53,10,10,1,0,0,0,1
x94zYiLCDEiwGX0QzR9K,LE FIVE Montreuil,published,pro,,48.8613036&2.4653095,2024-02-03T21:00:00.000Z,120,20,public,false,,,u9uC1vjdcdQ3UqNxI0SiFxor0m43,0,10,0,0,0,0,0
x9SSYXzbuuFVZZLHsaQA,Stade Fernand Coutif,played,captain,ChIJ4yoaNfBn5kcRCKMlf6rOqYw,48.9750291&2.2461502,2024-02-18T08:00:00.000Z,90,,public,false,Compétition,3,0SYHrrwmMgXDOxolj7xwNiBEN7v1,16,16,2,0,0,0,0
x9fme9ORZgS8KMzPKyMl,Parc Sainte Barbe,played,captain,ChIJtw301r5w5kcRvRjidiuAyaw,48.7922897&2.2913469,2024-02-09T14:00:00.000Z,120,,public,false,Détente,4,rzC8A0bd4afb9AWrHKlCPT9461y1,16,16,7,0,0,0,0
xBvYngFxnoQJR7RHPtzi,LE FIVE Paris 18,played,captain,ChIJpVT4_n1u5kcRzji6FdTBXXo,48.8978522&2.3700234,2024-02-08T10:20:00.000Z,90,10,public,true,Compétition,2,0279DK8CItNt6EZ5IKJsMaWaOLo1,10,10,2,0,0,0,0
xCTEUI2sfwSKHnzRL1BD,Top Ten,published,pro,,48.8729106&2.6840919,2024-02-07T11:00:00.000Z,90,5,public,false,,,i27253AGxOfXgYJK72sBnvUGuMk2,0,10,0,0,0,0,0
xCgrDBzVjOEgsLh45Uv6,Stadium Thiais,published,pro,ChIJ64X9jzx05kcRsHvSfOv6UcA,48.7511024&2.3713455,2024-02-15T21:00:00.000Z,90,14,public,false,,,psf3NmXEPwdCltHKJC7VuvJocrF3,0,12,0,0,0,0,0
xDE1c2H9SmcWtm5eVPGs,Sport dans la Ville Rhône-Alpes,played,captain,ChIJoUEDcmvr9EcRILCz6hDCQ2o,45.7811703&4.8081568,2024-02-09T18:00:00.000Z,60,7,public,false,Détente,2,G4QpHYUbqoZlQKbQPAHxFhJo6Yh1,10,10,4,0,0,0,0
xDQzswzxLOrCNwGb72cn,UrbanSoccer - Quai d'Ivry,played,captain,ChIJfXxYJ0xy5kcRw9xTkF6-FZQ,48.8199885&2.3936463,2024-02-05T19:30:00.000Z,90,21,public,true,Détente,3,jHAofATgHaQ2XhP7YQ1MqZt84003,10,10,5,0,0,0,1
xE9QnSDmfbgIrpVKV1NZ,Top Ten,published,pro,ChIJfXprBx4b5kcRmhe-5pLZUek,48.8729106&2.6840919,2024-02-04T15:00:00.000Z,90,15,public,false,,,i27253AGxOfXgYJK72sBnvUGuMk2,0,10,0,0,0,0,1
xELQPlviucNPAztNamOv,LE FIVE Bordeaux,canceled,captain,ChIJteaBh_koVQ0RqH2VtN-qL5I,44.8798631&-0.5594838999999999,2024-01-31T20:30:00.000Z,60,11,public,false,Détente,3,MR8BxOfeHDY1qWdFvElomq83XJi2,9,10,0,0,0,0,0
xEvTt5YC2xa0F8tQ6hR8,Speed Soccer Five,canceled,captain,ChIJ2xTNglV25kcR3UDi4AXGfDU,48.7360598&2.315058,2024-02-06T18:00:00.000Z,60,10,public,false,Détente,3,ArZKuopJDWaqatRGo6HRXsE7DHH3,4,10,0,0,0,0,0
xGgNyY8W8ShyeAVCcPsL,Massilia FIVE,published,captain,ChIJxZ6UmMW-yRIR7ot5DChYj4w,43.28920790000001&5.4503802,2024-02-13T18:00:00.000Z,60,10,public,false,Détente,2,mEyOtboVu2VwML4wfYYmzoDc4DF2,8,10,0,0,0,0,0
xGl6U03nEFGquhvgLhjG,LE FIVE Paris 18,played,pro,ChIJpVT4_n1u5kcRzji6FdTBXXo,48.8978522&2.3700234,2024-02-04T21:30:00.000Z,90,12,public,false,,,UQf33jQhVZhle917nO0h7D5qclV2,10,10,5,0,0,1,5
xH1NGfnuAl8LVd3FoC2m,Kinshasa,published,pro,ChIJi2oG_jAxahoRjTdSH05-ixY,-4.3032527&15.310528,2024-02-16T15:00:00.000Z,90,21,public,false,,,zCvsukfMuuffsuPpSTQwb7MusMD2,0,10,0,0,0,0,0
xI9takx9nf4Egltx9Ty1,UrbanSoccer La Défense,published,captain,ChIJh4rnfVhk5kcRV2Q-ZKdm8vA,48.8996456&2.2216773,2024-02-17T09:00:00.000Z,60,13.5,public,true,Détente,2,I0q8xEizxbMaPlHSmD7oIBNwlH43,8,10,0,0,0,0,0
xIe26JwkCXHv0YRt8qVm,Hoops Factory Paris-Villette,published,captain,ChIJs1kcDDRs5kcRkbfCQVfDcyA,48.9046968&2.3794611,2024-02-03T11:30:00.000Z,120,12.5,public,false,Compétition,,Kkwzqc6eJEQtEbC5ESwv5hh6Zv93,6,8,0,0,0,0,0
xIyNp0nR6ymrzmY3PkG7,UrbanSoccer Meudon,played,captain,ChIJ0WKvjbh75kcRoqSmyWwW2jQ,48.80013599999999&2.2140811,2024-02-05T18:30:00.000Z,60,11,public,true,Détente,2,EDie9XF88MaFm6pgj1QDO1kwdVo1,10,10,1,0,0,0,1
xJ2OSdw7wXsjXF8MsOlJ,LE FIVE Paris 18,canceled,captain,ChIJpVT4_n1u5kcRzji6FdTBXXo,48.8978522&2.3700234,2024-02-18T12:00:00.000Z,60,5,public,true,Détente,3,aJicOaxHR8PWYKfbad0HfPvVBVe2,9,10,0,0,0,0,0
xK4tIZcmVTLQbPkEHHiO,UrbanSoccer - Toulouse Montaudran,published,captain,ChIJl772e0u8rhIR2foRX4Xa2CI,43.574642&1.4801835,2024-02-07T21:00:00.000Z,60,5,public,true,Détente,3,tw2vPyadcybRr00VteOCyDGZvnt1,8,10,0,0,0,0,0
xMkbmegEsDFQldCtlVKR,Foot POWER 5,canceled,pro,ChIJuTCIFshm5kcRBtEQJ76dAzc,48.960066&2.2061913,2024-02-18T20:00:00.000Z,90,10,public,false,,,sss3dYi6nzWd7rEjwcQ30LGKudj1,0,10,0,0,0,0,0
xN9NWYiNgEsYPHtHqH02,LE FIVE Paris 13,published,pro,ChIJ_bOSChhz5kcRZMTeq_6Gdzg,48.8181615&2.3658793,2024-02-17T11:00:00.000Z,60,10,public,false,,,FjSnzlRFFfhWVWQJGfIEwRc2ZMj2,2,10,0,0,0,0,1
xNZ4sJ91NErfx5MePYLb,City KOF,played,captain,ChIJ_2pirmlv5kcRTpGJ0UDn1Y8,48.9155954&2.2963072,2024-02-08T11:00:00.000Z,90,,public,false,Détente,2,PL0nw3BiAUhxDJuKc8qZsRazcM23,10,10,3,0,0,0,2
xPyjzQ4Af3EEtMTWuRkJ,Stadium Thiais,published,pro,ChIJ64X9jzx05kcRsHvSfOv6UcA,48.7511024&2.3713455,2024-02-18T12:00:00.000Z,90,15,public,false,,,psf3NmXEPwdCltHKJC7VuvJocrF3,0,10,0,0,0,0,0
xR6vHUcQ1GUsGVNoyMbD,UrbanSoccer Guyancourt,canceled,captain,ChIJmdX-2c-A5kcRj1wtOS8rZmo,48.7722091&2.0600292,2024-02-06T19:30:00.000Z,90,16.5,public,true,Détente,2,Jsq6DEYF6EQaSloolKJefhsf5JE2,9,10,0,0,0,0,0
xU1ETWvT5Owfk4P1LVJd,LE FIVE Villette,played,captain,ChIJTUFnQjps5kcR0pHITLTw1PI,48.9070122&2.3861459,2024-02-11T10:00:00.000Z,60,12,public,false,Détente,3,aNDQnSFWCfUiHK3rBqbtw62jVYQ2,10,10,4,0,0,0,1
xUXX2Sos1CPrYEfNt78h,LE FIVE Villette,played,captain,ChIJTUFnQjps5kcR0pHITLTw1PI,48.9070122&2.3861459,2024-02-08T18:00:00.000Z,60,12,public,false,Compétition,2,0VARNXSjqkWRNUqkhK56qLym0Gv1,10,10,3,0,0,0,1
xUaSoMmKdVkfGHrglkHv,Stadium Thiais,published,pro,,48.7511024&2.3713455,2024-02-12T14:00:00.000Z,90,8,public,false,,,psf3NmXEPwdCltHKJC7VuvJocrF3,0,10,0,0,0,0,0
xUez8hWfmLcvkrHsJVKO,Foot-Max Argenteuil,published,pro,ChIJi9oIzaRm5kcRJYcK7QsdRMU,48.9501632&2.2093946,2024-02-08T21:00:00.000Z,90,12,public,false,,,SuEnyPZ4TgNIkt1yap2yJ3ZHO6p1,2,10,0,0,0,0,1
xVUArhvHnxd4avTwbHQv,Stadium Thiais,canceled,captain,ChIJ64X9jzx05kcRsHvSfOv6UcA,48.7511137&2.3715422,2024-02-11T20:00:00.000Z,90,14,public,false,,,6M4f5MX3PCXOB6bAoSJR1UKemwl2,7,10,0,0,0,0,0
xWPTQiAWVKE7N1mUCGjK,Top Ten,hidden,pro,ChIJfXprBx4b5kcRmhe-5pLZUek,48.8729106&2.6840919,2024-02-02T17:30:00.000Z,90,16.5,public,false,,,i27253AGxOfXgYJK72sBnvUGuMk2,0,10,0,0,0,0,0
xWuacjKZtdEj5zREU3wM,UrbanSoccer - Toulouse Montaudran,played,captain,ChIJl772e0u8rhIR2foRX4Xa2CI,43.574642&1.4801835,2024-02-12T20:00:00.000Z,60,10.5,public,true,Détente,4,nF6mzYrCqNcNj5iSi7r377rebA13,10,10,0,0,0,0,1
xWyawaKpEbgpa0rroi7c,Play Soccer,canceled,captain,ChIJQ-UxZn-5rhIRKWoQydM5T9s,43.5512023&1.4098927,2024-02-13T17:30:00.000Z,90,1.3e+51,public,false,Détente,3,ti4yIUTlFfRmvM2c8xPjGRFyuvV2,7,10,0,0,0,0,0
xZ1FygfLqL8y0tbXyaIr,Stade Municipal Marcel Calmes,canceled,captain,ChIJC_qK2CjIrhIRowoOHPBnvOk,43.4718791&1.3349558,2024-02-03T10:00:00.000Z,60,,public,false,Détente,3,javIaCwfJQchcwRbGUIfcRhkhU22,8,10,0,0,0,0,0
xaQrsTUnxdK98EmmgOLO,Stadium Thiais,published,pro,ChIJ64X9jzx05kcRsHvSfOv6UcA,48.7511024&2.3713455,2024-01-31T21:00:00.000Z,90,14,public,false,,,psf3NmXEPwdCltHKJC7VuvJocrF3,0,10,0,0,0,0,0
xavTQaw5L9DLptvinJpq,Evolution Football,played,captain,ChIJX0YulIi8yRIRnGh62u3UXTQ,43.2836074&5.52356,2024-02-12T21:00:00.000Z,60,10,public,false,Détente,3,tLfG2HHzZwZ8cjXJSgDstQsOQmx1,10,10,3,0,0,0,0
xb0QPPEulxKx0Sj1udT0,Parc Interdépartemental des Sports du Tremblay,canceled,captain,ChIJBVkfrQ4N5kcRGi-XnNQN_yo,48.8281085&2.491365,2024-02-14T19:45:00.000Z,60,,public,false,Compétition,4,bhsAqwMDvCSPSCF1xiNl5TjLFmf1,14,14,0,0,0,0,5
xbV9tLhufFqvhJLMm9Bt,Le Street Foot en Salle,published,pro,ChIJt_AXL6Jg5kcRu6rBmnrmeUM,49.0164435&2.181307,2024-02-12T14:00:00.000Z,120,10,public,false,,,bsRK7e37BkUbETMq0Tg3lbm8Fao2,0,10,0,0,0,0,0
xbuLX2G27xx9ZjarCbYe,Gymnase Félix Faure,played,captain,ChIJh1wlXZQN5kcRLNrSwNxEU7c,48.83610299999999&2.5191798,2024-01-30T11:15:00.000Z,90,,public,false,Détente,3,qFbkQ1I6cegKn6VUPf2VQggtw4k2,10,10,2,0,0,0,0
xcFSTH5QRFOfqjEhjFLq,LE FIVE Paris 18,canceled,captain,ChIJpVT4_n1u5kcRzji6FdTBXXo,48.8978522&2.3700234,2024-02-08T19:30:00.000Z,60,14,public,true,Détente,3,0u224nNcSrUEHP05qzJxWiNGI9b2,9,10,0,0,0,0,2
xdZxKkQ8U3W9HvpuHsY9,Stadium Thiais,played,captain,ChIJ64X9jzx05kcRsHvSfOv6UcA,48.7511024&2.3713455,2024-02-03T15:00:00.000Z,90,12,private,false,Détente,3,PicP3Zxzwke1o2U4k4rmfc45Ja42,10,10,6,0,0,0,1
xdvM7iq2Slk96azx8iEV,Complexe Sportif Lénine,played,captain,ChIJv_gDRV5w5kcR06uDOriBZeU,48.8205986&2.2967879,2024-02-18T13:00:00.000Z,90,,public,false,Détente,3,El0OMrsQNvRZOXnKm0ekSTPMFfC2,10,10,8,1,1,0,1
xe6cil92WBgjId2kkJ67,UrbanSoccer - Puteaux,played,captain,ChIJM_sC0-Nk5kcRhL1y_EFIje8,48.8836397&2.2312283,2024-02-03T11:30:00.000Z,90,16,public,true,Détente,5,N1IxBH4p2pY7nILsZ2tvGtNO8bN2,10,10,3,0,0,0,2
xkC4iBGgklLkxV0HCyWJ,GOPARK INTERIEUR - Paintball et trampolines parc,played,captain,ChIJ2cJmdhf15kcRQ4mUOxIVzd0,49.045624&2.0799886,2024-02-13T19:00:00.000Z,120,12.5,public,false,Détente,2,5svK059jMCWGd7IRy8UcfstZDyO2,12,12,4,0,0,0,0
xkaiqs7sTaSyx1G5C8Fl,LE FIVE Paris 18,canceled,captain,ChIJpVT4_n1u5kcRzji6FdTBXXo,48.8978522&2.3700234,2024-02-09T22:00:00.000Z,60,5,public,true,,5,HQVCQOz6OrhL220511FtYes80UL2,9,10,0,0,0,0,1
xl9lmOJTMKeyNhR8Q8eD,UrbanSoccer - Marne-La-Vallée,played,captain,ChIJ6bDBiosP5kcROXiloHzSdhc,48.82658600000001&2.6296937,2024-02-11T11:45:00.000Z,90,12.75,public,true,Détente,2,AZW4eE26vCcDavANdPQgOqs70xx2,10,10,2,0,0,0,2
xltJEeeK93iIJVLbwIcQ,LE FIVE Paris 18,played,captain,ChIJpVT4_n1u5kcRzji6FdTBXXo,48.8978522&2.3700234,2024-02-01T19:00:00.000Z,60,14,public,true,Détente,2,a2zNblKzjXVIrjzrfjdp1zZQhsv1,10,10,3,0,0,0,0
xmxBt5setrcM5Eb8Beax,STADIUM FOOT 5 VILLAGE,canceled,captain,ChIJbbOWFtC4yRIR0WXVerbWmnE,43.269413&5.4260321,2024-02-15T19:00:00.000Z,60,10,public,false,Détente,3,MKjoGJESIIfNKw5sH93VODBuvLv2,9,10,0,0,0,0,0
xoD4BKk5U3tbZrzEEiQ5,Stade Robespierre,canceled,captain,ChIJrSdPdLpk5kcRTIf7gmbAvcU,48.8692482&2.2034218,2024-02-12T13:30:00.000Z,90,5,public,false,Compétition,3,P2fpoPcsJ3ZKgVNv94Q8rJ8w4Zd2,1,10,0,0,0,0,0
xouVBMmodSWBZQ96NSxw,UrbanSoccer La Défense,canceled,captain,ChIJh4rnfVhk5kcRV2Q-ZKdm8vA,48.8996456&2.2216773,2024-02-16T18:15:00.000Z,60,14.5,public,true,Détente,3,0yOHr3gQ6wWRgflw2a20JXTrtQA3,9,10,0,0,0,0,0
xpbQ5EsSbB76UVRaImAE,Stadium Thiais,published,pro,,48.7511024&2.3713455,2024-02-02T15:00:00.000Z,90,8,public,false,,,psf3NmXEPwdCltHKJC7VuvJocrF3,0,10,0,0,0,0,1
xpzgZn3VXFPSlLCqZuwU,LE FIVE Montreuil,published,pro,,48.8613036&2.4653095,2024-02-05T22:00:00.000Z,60,8,public,false,,,u9uC1vjdcdQ3UqNxI0SiFxor0m43,0,10,0,0,0,0,0
xqTP5SUqpdlojMe58EUw,UrbanSoccer - Quai d'Ivry,played,captain,ChIJfXxYJ0xy5kcRw9xTkF6-FZQ,48.8199885&2.3936463,2024-02-15T18:15:00.000Z,60,14.5,public,true,Détente,3,5fTvjoGLzGMojD4PUs420iiDVxf1,10,10,3,0,0,0,0
xsHPjlnWpMhaSfy8f18j,Play Soccer,published,captain,ChIJQ-UxZn-5rhIRKWoQydM5T9s,43.5512023&1.4098927,2024-02-17T17:00:00.000Z,90,12,public,false,Détente,2,8LtkeOuZHeePxfkXdNPmQSr7V9L2,5,10,0,0,0,0,0
xvWKc5E0NI8FlBxOqP3h,Stadium Thiais,played,captain,ChIJ64X9jzx05kcRsHvSfOv6UcA,48.7511024&2.3713455,2024-02-04T09:30:00.000Z,90,15,public,false,Détente,,T0gYd02mAcQ3nFRaDLdSQvaj8WW2,12,12,2,0,0,0,2
xxj5ajTafWdyHEsyOXQt,Gymnase Rosalind Franklin,published,captain,ChIJeUB7Xqlz5kcR_akj6eEkBmk,48.8095385&2.4035959,2024-02-04T09:30:00.000Z,60,,public,false,Détente,3,Zg2tEzNtLhNVUAPvrxVDVvliKqq2,7,10,0,0,0,0,0
xz6IXDWM4hYAp3ZR1nSQ,UrbanSoccer - Lille Lezennes,published,captain,ChIJR3ro5nTWwkcRfM_S3Be9HjI,50.6162725&3.0998108,2024-01-31T17:00:00.000Z,60,9,public,true,Détente,2,IMFFZo8zL9VwGnzQyYVuSMeHc5q1,2,10,0,0,0,0,0
y1vGn9phgWdiPk1qiZn2,Play Soccer,canceled,captain,ChIJQ-UxZn-5rhIRKWoQydM5T9s,43.5512023&1.4098927,2024-02-18T18:30:00.000Z,60,8,public,false,Détente,2,8LtkeOuZHeePxfkXdNPmQSr7V9L2,6,10,0,0,0,0,0
y2btPMFh3suONif3VXds,Stadium Thiais,published,pro,,48.7511024&2.3713455,2024-02-04T15:00:00.000Z,90,15,public,false,,,psf3NmXEPwdCltHKJC7VuvJocrF3,0,10,0,0,0,0,0
y7NzRLhEwpXlOxNSpOCB,UrbanSoccer - Toulouse Montaudran,played,captain,ChIJl772e0u8rhIR2foRX4Xa2CI,43.574642&1.4801835,2024-01-31T17:30:00.000Z,60,11,public,true,Détente,3,QkPdR0lP7WYATo9TEkBcGlPNN2j1,10,10,1,0,0,0,0
y7XekJdrsDb4b543oHgy,Footbox,published,pro,ChIJY-WkusIR5kcR-tEad3UtaSQ,48.9022789&2.582647,2024-02-19T14:00:00.000Z,60,7,public,false,,,QI89VPazyLhBVnWH871jk4BUEZI3,0,10,0,0,0,0,0
y8HZAtZc0nBTpFR2wdLL,Footbox,published,pro,ChIJY-WkusIR5kcR-tEad3UtaSQ,48.9022789&2.582647,2024-02-17T22:00:00.000Z,60,10,public,false,,,QI89VPazyLhBVnWH871jk4BUEZI3,0,10,0,0,0,0,0
yCEXNj5cMcIGET8URRBx,Stadium Thiais,published,pro,ChIJ64X9jzx05kcRsHvSfOv6UcA,48.7511024&2.3713455,2024-02-08T18:00:00.000Z,90,15,public,false,,,psf3NmXEPwdCltHKJC7VuvJocrF3,0,10,0,0,0,0,0
yD8kdnDvXBGZ7t9NKycc,LE FIVE Paris 17,played,captain,ChIJ7eI8sFNv5kcR5xy52Wc57NU,48.900032&2.3213449,2024-02-16T17:30:00.000Z,90,18,public,true,,2,qwy8H1lpm0cA0FbmVTWkHpQbzny2,10,10,0,0,0,0,0
yMHaJQlkZT3MWWtkBO5L,UrbanSoccer - Quai d'Ivry,played,captain,ChIJfXxYJ0xy5kcRw9xTkF6-FZQ,48.8199885&2.3936463,2024-02-04T12:00:00.000Z,60,12.5,public,true,Détente,2,evb189dQmZTllf2MHjyBtmnO7333,10,10,2,0,0,0,0
yMidnVMfCDkKdZvd0O4s,Footsal Cousinerie,played,captain,ChIJXQyb1d8pw0cRLO_Ed5xHTIQ,50.6440829&3.1459612,2024-02-14T17:00:00.000Z,90,10,public,false,Compétition,3,oa45QOejc2QQKxua9SfcJV7YVOt1,10,10,1,0,0,0,0
yN6nkJ7dcIKBwgrCAYqh,Sport dans la Ville Rhône-Alpes,played,captain,ChIJoUEDcmvr9EcRILCz6hDCQ2o,45.7811703&4.8081568,2024-02-06T18:00:00.000Z,60,,public,false,Détente,2,tvZNfVEQt1g28boBM3YDQUJO9sc2,10,10,0,0,0,0,1
yS24lQQx9sSCMZAoCLc7,UrbanSoccer - Marne-La-Vallée,played,captain,ChIJ6bDBiosP5kcROXiloHzSdhc,48.82658600000001&2.6296937,2024-02-13T19:15:00.000Z,60,11.5,public,true,Détente,,EEJiwQ4cUmc1Y1fDYKQFGPld7Mg1,10,10,1,0,0,0,1
ySCvUvW7pCvq1YG0I4Dq,UrbanSoccer - Toulouse Sept Deniers,canceled,captain,ChIJk5nUBdOkrhIRP-1aUJzo-lA,43.6321552&1.411696,2024-02-17T16:00:00.000Z,60,10,public,true,Détente,3,QAB22jlkO3Mq5F5Mm3gEII91hAY2,3,10,0,0,0,0,0
yTMa5ZxxCPQ3EYGyAD06,Stadium Thiais,played,pro,ChIJ64X9jzx05kcRsHvSfOv6UcA,48.7511024&2.3713455,2024-02-05T19:30:00.000Z,90,15,public,false,,,psf3NmXEPwdCltHKJC7VuvJocrF3,10,10,3,0,0,0,0
yViKwTSbaWsvDaMW5MkQ,Stadium Thiais,published,pro,ChIJ64X9jzx05kcRsHvSfOv6UcA,48.7511024&2.3713455,2024-02-07T19:30:00.000Z,90,15,public,false,,,psf3NmXEPwdCltHKJC7VuvJocrF3,0,10,0,0,0,0,0
yWCBXAm9ayTY1HWztp9K,LE FIVE Paris 18,played,captain,ChIJpVT4_n1u5kcRzji6FdTBXXo,48.8978522&2.3700234,2024-02-01T19:00:00.000Z,60,14,public,true,Détente,2,fwZlAQ9diEM73xuIqk4bPQZhIe52,10,10,3,0,0,0,0
yWhmXxxUnxVGhyteGgsB,Top Ten,published,pro,ChIJfXprBx4b5kcRmhe-5pLZUek,48.8729106&2.6840919,2024-02-09T21:00:00.000Z,90,15,public,false,,,i27253AGxOfXgYJK72sBnvUGuMk2,0,10,0,0,0,0,0
yZGCYRNbAAgDKlJeIb56,UrbanSoccer - Toulouse Montaudran,played,captain,ChIJl772e0u8rhIR2foRX4Xa2CI,43.574642&1.4801835,2024-02-12T11:20:00.000Z,60,8,public,true,Détente,,tw2vPyadcybRr00VteOCyDGZvnt1,10,10,1,0,0,0,0
ybHN0t4VsoYMwi3yYrgq,FIVE ARENA,canceled,captain,ChIJ02bKSuih6EcRb796CXVbkVs,48.9539465&2.9154573,2024-02-01T19:30:00.000Z,90,15,public,false,Détente,2,QvEJrjhePXc9G9wriMT78s9Zyb52,10,10,0,0,0,0,0
ybNf6Axre1Rw3MZwrPmv,Stadium Thiais,canceled,captain,ChIJ64X9jzx05kcRsHvSfOv6UcA,48.7511024&2.3713455,2024-01-31T19:30:00.000Z,30,15,private,false,Détente,,jjLhMLJ2QuMLvUsPZQgqXcYxSAA2,4,10,0,0,0,0,0
yewdKhrNggSP6coFG18D,UrbanSoccer - Porte d'Aubervilliers,published,captain,ChIJ0dXjDCZs5kcRvX0EpMwxsUY,48.9074912&2.3746518,2024-02-19T17:00:00.000Z,90,14.25,public,true,Détente,4,IafxqSBl8Jgtlwzd6PGj7NEE13g2,5,10,0,0,0,0,0
yg07MiDQmm5uYV98SvRe,Complexe sportif Arrighi - Stade - Gymnase - Tennis,played,captain,ChIJdY7UfIRz5kcRyDIR404fW5A,48.7830911&2.3989573,2024-02-01T19:00:00.000Z,120,,private,false,Détente,4,5v9WX6HkohWW6s4r8BR39p1iJxu1,16,16,10,0,0,0,4
ygAUK41qhviywfxR40Ku,UrbanSoccer Guyancourt,published,captain,ChIJmdX-2c-A5kcRj1wtOS8rZmo,48.7722091&2.0600292,2024-02-13T17:00:00.000Z,60,8.5,public,true,Détente,,fNKvplQ0u2bo6jOd6TzP89Wfvxq1,9,10,0,0,0,0,0
yhnTk7KHrHsMeBo3Wv5a,Stadium Thiais,canceled,captain,ChIJ64X9jzx05kcRsHvSfOv6UcA,48.7511137&2.3715422,2024-02-09T19:30:00.000Z,90,15,public,false,Détente,,7iBVQgzSwqhKTNLIghNfWCTgiLq1,9,10,0,0,0,0,0
yk08bUwUHlXdjviUuZeU,Le Street Foot en Salle,played,captain,ChIJt_AXL6Jg5kcRu6rBmnrmeUM,49.0164435&2.181307,2024-02-18T18:00:00.000Z,90,13.5,public,false,Détente,4,CIIM8n7uLZOD2AIEQSdh1od0RR53,10,10,5,0,0,0,2
ylWTdmI6G7jtPEbVj3vK,UrbanSoccer Orsay,published,captain,ChIJpZIJg7J45kcRrKWKhtbfnEQ,48.70829&2.17794,2024-02-07T19:00:00.000Z,90,17.25,public,true,Détente,3,ee1xUgZHOqeY6QdvDARYVOlrzLj2,7,10,0,0,0,0,0
ymv13u1JggQOMtQAcdeg,Terrain de Draveil,played,captain,ChIJ8TYAB93f5UcRtDLTkIEHl88,48.6889414&2.3919424,2024-02-11T09:15:00.000Z,120,,private,false,Compétition,3,4UFqEa4a0Lgs47WeclcJErXD5s82,18,18,15,0,0,0,2
yn8gYdVZoF5vf3Y4LsIN,Cité des Sports,played,captain,ChIJ70UPf6R75kcRGb3NAV9k7Ww,48.8247744&2.2650728,2024-02-17T18:30:00.000Z,60,13,public,false,Compétition,3,Q09e04VS2PeQgdp6YavEUuIAjal2,10,10,3,0,0,0,2
yqEOyYycTgECTcHRTvGx,Stadium Thiais,played,captain,ChIJ64X9jzx05kcRsHvSfOv6UcA,48.7511024&2.3713455,2024-02-01T19:30:00.000Z,90,15,public,false,Détente,3,r8V1uV2R5xgbq6icEtFLuVLn0VS2,10,10,2,0,0,0,1
yr043mpU01kSQmdDBBfw,Play Soccer,published,captain,ChIJQ-UxZn-5rhIRKWoQydM5T9s,43.5512023&1.4098927,2024-02-01T20:30:00.000Z,60,10,public,false,,,pL0skPQs4CYYVXb682MCC9jXu8K2,5,10,0,0,0,0,0
yuEm4SzD669ORb94CMv6,Monclub Futbol,published,captain,ChIJGbxxaamUyRIRgGvhHnhJStA,43.4299152&5.4001974,2024-02-08T17:30:00.000Z,60,10,public,false,,,AJhhBgOA04SJ5cqig5ffOrI68J53,9,10,0,0,0,0,2
yuKTs1URQRIdPyXjNZ3c,LE FIVE Paris 13,played,captain,ChIJ_bOSChhz5kcRZMTeq_6Gdzg,48.8181615&2.3658793,2024-02-06T20:00:00.000Z,60,,public,true,Compétition,3,wE39ENE8CzbfQ53WnF2GI8d5r0J3,10,10,1,0,0,0,4
yum9Q7B9acA7uqNq6LJV,LE FIVE Paris 17,played,captain,ChIJ7eI8sFNv5kcR5xy52Wc57NU,48.900032&2.3213449,2024-02-15T11:30:00.000Z,60,10,public,true,Chill,2,pny6qjiyLhdGphPV7CAxy8Cx8iE2,10,10,0,0,0,0,1
yvnaHrDvCOzS1ply30rQ,Play Soccer,played,captain,ChIJQ-UxZn-5rhIRKWoQydM5T9s,43.5512023&1.4098927,2024-02-04T16:30:00.000Z,90,12,public,false,Compétition,,kLvO9k3OJNSStM9sPiRFoL6JGUw2,10,10,1,0,0,0,0
yw22CB7m8ho8F4rgQHrm,Stadium Thiais,played,captain,ChIJ64X9jzx05kcRsHvSfOv6UcA,48.7511024&2.3713455,2024-02-02T18:00:00.000Z,90,13.5,public,false,Compétition,4,KJ5gCoMkVEcO1cT3Ii5lb7Oucc22,12,12,5,0,0,0,3
ywNXReTNmGukycUYXTpR,UrbanSoccer La Défense,played,captain,ChIJh4rnfVhk5kcRV2Q-ZKdm8vA,48.8996456&2.2216773,2024-02-17T18:30:00.000Z,90,8.5,public,true,Détente,2,PvDQsexRENaHtU0ljK3p2C1BwKo1,10,10,6,0,0,0,4
yzBFnSkrC8jxFTdsubF7,Centre Sportif Hautpoul,canceled,captain,ChIJ79fuL8Zt5kcRk9e1VH01h_U,48.8847213&2.3874252,2024-02-11T17:00:00.000Z,90,5,public,false,Compétition,5,u1d5UxHx7maGj4sc4EU7rDuYr0p2,9,12,0,0,0,0,0
z1rTdUWehvCtOwAv4CF4,Classico Foot,played,captain,ChIJFV442oCxrhIRgsZy5aIbkNs,43.5945434&1.2911399,2024-02-01T19:00:00.000Z,60,8,public,false,Compétition,3,1ZYZDZ2TV5doCKQ610CkiGN0K9R2,10,10,3,0,0,0,1
z2V5RmfS5G7NMHsWprHA,Top Ten,published,pro,ChIJfXprBx4b5kcRmhe-5pLZUek,48.8729106&2.6840919,2024-02-11T08:00:00.000Z,90,15,public,false,,,i27253AGxOfXgYJK72sBnvUGuMk2,0,10,0,0,0,0,0
z4J0UGaycNuh1K2gFvz3,LE FIVE Paris 13,published,pro,ChIJ_bOSChhz5kcRZMTeq_6Gdzg,48.8181615&2.3658793,2024-02-14T20:00:00.000Z,60,10,public,false,,,FjSnzlRFFfhWVWQJGfIEwRc2ZMj2,0,10,0,0,0,0,2
z5RFeYnGv8YgoRnAliwq,Stadium Thiais,played,pro,,48.7511024&2.3713455,2024-02-11T15:00:00.000Z,90,15,public,false,,,psf3NmXEPwdCltHKJC7VuvJocrF3,10,10,7,0,0,0,5
z6HxzGFUlz50gT2u8po2,LE FIVE Créteil,published,captain,ChIJ88lx3VwL5kcRVxCh4lD6_Gk,48.7643086&2.4706522,2024-02-07T13:30:00.000Z,90,10.5,public,false,Détente,3,rUzkBHpIJ1YFV4MRQjyiYHl4QMX2,5,10,0,0,0,0,0
z8h0wRdTZ50VAOSLrJC6,UrbanSoccer La Défense,published,captain,ChIJh4rnfVhk5kcRV2Q-ZKdm8vA,48.8996456&2.2216773,2024-02-19T19:30:00.000Z,60,15,public,true,Détente,3,ujrkM923ZkZfdxOxjC0wVMcRqxw1,10,10,0,0,0,0,1
z9sSNdqyjakRV0tYROVI,LE FIVE Villette,canceled,captain,ChIJTUFnQjps5kcR0pHITLTw1PI,48.9070122&2.3861459,2024-02-13T18:00:00.000Z,60,12,public,false,Détente,3,YqfmyJL3pGeWgbFbRU44G1VIQGB2,7,10,0,0,0,0,0
zAK6iena3ruCI8rv5dqC,LE FIVE Bobigny,published,pro,,48.901553&2.4313304,2024-01-29T22:00:00.000Z,60,8,public,false,,,4owi3i7t8EOvFNF6UQvACOpiDRy1,0,10,0,0,0,0,0
zBbPEf3WO3eTaPGUzrFU,Top Ten,published,pro,ChIJfXprBx4b5kcRmhe-5pLZUek,48.8729106&2.6840919,2024-02-19T16:00:00.000Z,90,5,public,false,,,i27253AGxOfXgYJK72sBnvUGuMk2,10,10,0,0,0,0,8
zBgy3VqPLhv3D8bH9SV2,UrbanSoccer - Quai d'Ivry,canceled,captain,ChIJfXxYJ0xy5kcRw9xTkF6-FZQ,48.8199885&2.3936463,2024-02-09T19:45:00.000Z,90,14,public,true,Détente,4,TjGDzFudrqOi7iaBTjiVmvkMlyY2,9,10,0,0,0,0,0
zCgwBca7Jtb5aMtN0jnZ,Game 13 foot indoor,played,pro,ChIJNSDvlsXryRIRUXao9hwB79I,43.41258939999999&5.366617,2024-02-06T19:30:00.000Z,60,10,public,false,,,4CPt9QJ6GEQgrpyTuzm8CMK844V2,10,10,3,0,0,0,0
zDKt43So4PbxAQwFzJID,Top Ten,published,pro,ChIJfXprBx4b5kcRmhe-5pLZUek,48.8729106&2.6840919,2024-02-10T21:30:00.000Z,90,15,public,false,,,i27253AGxOfXgYJK72sBnvUGuMk2,0,10,0,0,0,0,0
zE7Y4SqlBI0H1UoSk1VA,LE FIVE Champigny,played,captain,ChIJsXi1PLYN5kcRTVVDuczgS2s,48.8194084&2.5251846,2024-02-04T13:00:00.000Z,60,11,public,false,Détente,3,KjmHPgd77XVMkfdfsCxoyga5cMI3,10,10,2,0,0,0,1
zEK1EVYGFwZCC72TGZ8k,UrbanSoccer - Lille Lezennes,canceled,captain,ChIJR3ro5nTWwkcRfM_S3Be9HjI,50.6162725&3.0998108,2024-02-16T21:00:00.000Z,120,5,public,true,Compétition,3,OowwgTo0WkPFbf8IaSh364BpKOx2,4,10,0,0,0,0,0
zEanoLOhnJp7B2eRqhGm,LE FIVE Montreuil,published,pro,,48.8613036&2.4653095,2024-02-05T16:00:00.000Z,90,11,public,false,,,u9uC1vjdcdQ3UqNxI0SiFxor0m43,3,10,0,0,0,0,0
zFwc33terZ6CV0WRdaE6,UrbanSoccer - Lyon Parilly,draft,captain,ChIJx3FQWjLC9EcRrrQb2eV7i_4,45.7120399&4.9039284,2024-02-06T14:50:00.000Z,60,,public,false,,,B6tWZAy3bgTUbyN0CtS7McqaOcW2,0,0,0,0,0,0,0
zK04gLMIQckWIHJLqsuE,Events Five,played,captain,ChIJf8cSCJG5rhIRoQadPH-wW1U,43.5399703&1.3922897,2024-02-12T18:00:00.000Z,60,8,public,false,Détente,2,AMEnp6DXr5auGuUEuCYRvdtRzUC2,10,10,3,0,0,0,0
zK5gnGxPflKzmdmU7dNM,We Are Sports,played,captain,ChIJFZU5oBHC9EcRJTFrSkI1xxg,45.7113247&4.8761886,2024-02-04T18:00:00.000Z,60,9,public,false,Compétition,4,XJcOYdFvY5MUD6R6YXRxUdDSIxc2,10,10,1,0,0,0,1
zKIqmB2In0FnHuzal9fL,LE FIVE Créteil,canceled,captain,ChIJ88lx3VwL5kcRVxCh4lD6_Gk,48.7643086&2.4706522,2024-02-04T14:50:00.000Z,90,13.75,public,false,Competition,1,XIVR06haFpYikxBDfwdk06SYDzL2,11,12,0,0,0,0,0
zKRh7UrIL5wPodELnDlx,Monclub Futbol,canceled,pro,ChIJGbxxaamUyRIRgGvhHnhJStA,43.4299152&5.4001974,2024-01-30T18:00:00.000Z,60,10,public,false,,,CSTy9rmJRQSyWlqWuGiUhGpAGqf2,9,10,0,0,0,0,0
zLGTtkmYz7ZSnpiyADLL,Stadium Thiais,published,pro,ChIJ64X9jzx05kcRsHvSfOv6UcA,48.7511024&2.3713455,2024-02-15T14:00:00.000Z,90,10,public,false,,,psf3NmXEPwdCltHKJC7VuvJocrF3,0,10,0,0,0,0,0
zNKIowPMabp2iR13d0IB,Plaine Sud Choisy le Roi,played,captain,ChIJy7Ge3Sx15kcRHWmYuC6PvEs,48.764821&2.4305883,2024-02-15T18:00:00.000Z,60,,public,false,Compétition,4,1A8f2ycnX1NS2xT8k1dCQ2Q9NUq1,14,14,4,0,0,0,2
zPCTQETFEjOzqGuXwxgj,UrbanSoccer Meudon,played,captain,ChIJ0WKvjbh75kcRoqSmyWwW2jQ,48.80013599999999&2.2140811,2024-02-05T17:30:00.000Z,60,,public,true,Détente,3,tE18t4xrOUZZb0G4vFLqHX2Lmwp2,12,12,3,0,0,0,1
zRICE9nqZDsTvZsXK6cV,UrbanSoccer - Quai d'Ivry,played,captain,ChIJfXxYJ0xy5kcRw9xTkF6-FZQ,48.8199885&2.3936463,2024-02-14T18:15:00.000Z,90,21,public,true,Chill,2,r6lh1WQQeVfd1SN2Dstfv0oF3082,10,10,4,0,0,0,1
zSCgqx6SWN4fG868mlsK,LE FIVE Bezons,canceled,pro,ChIJ04KEHBZk5kcRoDWLaMOCCwQ,48.91909&2.2093051,2024-02-16T11:00:00.000Z,90,10,public,false,,,U3MriTZbPbTUEsU6RtRuHxDMKvg2,3,10,0,0,0,0,1
zSHN1U2QGmJ88IZy6hIJ,Monclub Futbol,played,pro,ChIJGbxxaamUyRIRgGvhHnhJStA,43.4299152&5.4001974,2024-02-18T17:00:00.000Z,90,12,public,false,,,CSTy9rmJRQSyWlqWuGiUhGpAGqf2,10,10,5,0,0,0,2
zSt6CwcRev1JIkiNjrQu,LE FIVE Montreuil,published,pro,,48.8613036&2.4653095,2024-02-08T11:00:00.000Z,90,10.5,public,false,,,u9uC1vjdcdQ3UqNxI0SiFxor0m43,1,10,0,0,0,0,1
zTS7iERlfMiyov9AlQMx,Evolution Football,played,captain,ChIJX0YulIi8yRIRnGh62u3UXTQ,43.2836074&5.52356,2024-02-16T19:20:00.000Z,60,9,public,false,Détente,3,VTpy8cfS6iO3e8qxXAdQLz4pNxi1,10,10,2,0,0,0,0
zTWTs9KGOBZ7NbnLzu8A,LE FIVE Paris 18,published,captain,ChIJpVT4_n1u5kcRzji6FdTBXXo,48.8978522&2.3700234,2024-01-31T19:30:00.000Z,60,14,public,true,Détente,3,BtL57Qk9uXVAkULvhEBfWqRS7qd2,8,10,0,0,0,0,0
zTgkuPxGkPpNPD9IKvpr,LE FIVE Montreuil,published,pro,,48.8613036&2.4653095,2024-02-12T22:00:00.000Z,60,8,public,false,,,u9uC1vjdcdQ3UqNxI0SiFxor0m43,0,10,0,0,0,0,0
zV5EXrPVpNBR5U5pVjzZ,LE FIVE Paris 17,played,captain,ChIJ7eI8sFNv5kcR5xy52Wc57NU,48.900032&2.3213449,2024-02-16T16:30:00.000Z,60,12,public,true,Détente,2,hUPrwWlqiyZUWNTaMrjLIRGGwdR2,10,10,3,0,0,0,0
zVwrSV0gch6cgkCQRCn6,LE FIVE Montreuil,published,pro,ChIJJdTQjr0T5kcRZmGxtIJVy44,48.8613036&2.4653095,2024-02-19T16:00:00.000Z,90,11,public,false,,,u9uC1vjdcdQ3UqNxI0SiFxor0m43,0,10,0,0,0,0,0
zWOcwpOmsCJlOEaBLSHR,Top Ten,canceled,captain,ChIJfXprBx4b5kcRmhe-5pLZUek,48.8729106&2.6840919,2024-02-11T14:00:00.000Z,90,12,public,false,Détente,2,MvYpm0j1V7hisZKjPYAY0LFLmER2,1,12,0,0,0,0,0
zWo4L0PwisHV97eE5yIt,Parc Interdépartemental des Sports du Tremblay,played,captain,,48.8281085&2.491365,2024-02-15T15:00:00.000Z,90,,public,false,Compétition,4,OKSK9YmBnhPYPn6fchCcUo9A2Mt2,18,18,0,0,0,0,3
zXcvpZeUnALKgSaa2xk5,LE FIVE Bezons,played,captain,ChIJ71Mv0Wpk5kcRg-H9x7L-dXo,48.9190524&2.211796,2024-02-10T17:00:00.000Z,90,13.5,public,true,Détente,3,HEcA8G5vxTXENk5BOxw5DSIYI5r2,10,10,4,0,0,0,0
zYxJpao1YOQV4Ioaofqj,TEP Reverdy,played,captain,ChIJ97IzEXZt5kcRrziQffedeSo,48.8852655&2.3762939,2024-02-05T18:00:00.000Z,120,5,public,false,Détente,4,IPmbamz2bkMhCjliEqifTUkx2ir2,12,12,3,0,0,0,2
zacSoTc4nnsOnXK4UnFL,Kinshasa,published,pro,,-4.3032527&15.310528,2024-02-09T15:30:00.000Z,90,11,public,false,,,zCvsukfMuuffsuPpSTQwb7MusMD2,0,10,0,0,0,0,0
zaggoiNIbujzcSzqJRWa,LE PARK Complexe Multisports,played,captain,ChIJdUHbID8O5kcRV5lQhiHTvhs,48.8337843&2.5728501,2024-02-11T19:30:00.000Z,30,15,public,false,Détente,3,ubSO3rExfRY507GfG7qz7LWy5jC3,10,10,1,0,0,0,0
zbPQq9UdscGCcqLHt80T,UrbanSoccer - Porte d'Aubervilliers,canceled,captain,ChIJ0dXjDCZs5kcRvX0EpMwxsUY,48.9074912&2.3746518,2024-01-30T18:15:00.000Z,60,13.5,public,true,Chill,2,bkfhj1BgTbR0P9Am0qQlLeNK2QG3,9,10,0,0,0,0,1
zbaAnabPbIo3odrtPzuX,Stadium Thiais,played,captain,ChIJ64X9jzx05kcRsHvSfOv6UcA,48.7511024&2.3713455,2024-02-03T10:15:00.000Z,90,8,public,false,Compétition,3,w354bbFdsUaL0D784c6BR7KSv3J3,10,10,8,0,0,1,3
zdZ2uTJSffisldabSNbd,Le Street Foot en Salle,played,captain,ChIJt_AXL6Jg5kcRu6rBmnrmeUM,49.0164435&2.181307,2024-02-09T19:30:00.000Z,90,14,public,false,Détente,3,jK9kjcdvGzSrFdlOP5ch13L2zf02,10,10,3,0,0,0,1
zdZJAlNOlHLnaQWo2puK,Game 13 foot indoor,played,captain,ChIJNSDvlsXryRIRUXao9hwB79I,43.41258939999999&5.366617,2024-02-01T18:00:00.000Z,60,10,public,false,Détente,2,tNI5PAPgX0MDq6T4GlwP3d2ndaO2,10,10,3,0,0,0,0
zeHz50OiUszq6WSqxEZu,LE FIVE Paris 18,canceled,captain,ChIJpVT4_n1u5kcRzji6FdTBXXo,48.8978522&2.3700234,2024-02-01T18:30:00.000Z,60,14,public,true,Détente,,Se58Ic7xbaN0SikjS5Mh0nUWTBf1,9,10,0,0,0,0,0
zgdoeJRq4rCHmrlqQ36Z,Plaine des Jeux de Gerland,published,captain,ChIJBYG18IPp9EcRUNpTJFdu8f0,45.7213257&4.8272967,2024-02-07T17:30:00.000Z,90,,public,false,Compétition,3,5USGl81JMWeo3fNqNyx50I6L4992,7,16,0,0,0,0,0
zhgzD2BSyftaRsNdLzX7,LE FIVE Bordeaux,canceled,captain,ChIJteaBh_koVQ0RqH2VtN-qL5I,44.8798631&-0.5594838999999999,2024-01-31T20:30:00.000Z,60,16,public,false,Détente,2,MR8BxOfeHDY1qWdFvElomq83XJi2,7,10,0,0,0,0,0
zhpW6iOLBuJGOH50D0us,UrbanSoccer La Défense,played,captain,ChIJh4rnfVhk5kcRV2Q-ZKdm8vA,48.8996456&2.2216773,2024-02-18T15:30:00.000Z,90,21.75,public,true,Détente,3,8apSQOIM83hk2j4uTZv9tX6NRuC3,10,10,5,0,0,0,6
zi1kf6IPcHZmZ95TOUqi,UrbanSoccer - Lyon Barolles,canceled,captain,ChIJN4l-IC3v9EcRf9QJKIVC_aY,45.6837539&4.7725939,2024-01-31T17:30:00.000Z,60,9.5,public,true,Détente,3,ApkF6TnH1WVMKvZT3WBIsSz4ZeW2,9,10,0,0,0,0,0
ziDWHLdXx5H5nZpaWHRX,LE FIVE Bezons,canceled,captain,ChIJ71Mv0Wpk5kcRg-H9x7L-dXo,48.9190524&2.211796,2024-02-11T15:15:00.000Z,90,15,public,true,Détente,3,9eaVRr81GOZkRse9wwXTdedH7ex2,6,10,0,0,0,0,1
ziq8O2aYa8BpvV7Kspcf,Top Ten,published,pro,,48.8729106&2.6840919,2024-01-31T11:00:00.000Z,90,5,public,false,,,i27253AGxOfXgYJK72sBnvUGuMk2,4,10,0,0,0,0,0
zkpHPDMmTyBrwmNMVPSq,Stade Lilian Thuram,published,captain,ChIJy0-vXf9l5kcRH4WAmpihUQE,48.933705&2.2828141,2024-02-11T07:00:00.000Z,150,,public,false,Détente,3,bvwFuUpB8ORr9UZhI1UFOuxbqtc2,17,18,0,0,0,0,4
zkqSA2CR38xauF8f0Es1,Stade Suzanne Lenglen,played,captain,ChIJvTSVwnVw5kcR9CmKGXIcwtA,48.83101689999999&2.272363,2024-02-01T11:10:00.000Z,90,,public,false,Détente,3,Q1D4wQxCwQXnRgdIemz47OapBqe2,16,16,1,0,1,0,0
zl9GtTZ4FjpJzbuNBrrL,Z5 Aix,canceled,captain,ChIJKb-U_9KSyRIRKIFKbH5mW18,43.4787869&5.3969048,2024-01-31T20:00:00.000Z,60,11,public,false,Compétition,,kWD69MQl2aOE7WmgBCzFjAbInPi1,9,10,0,0,0,0,0
zmRkCFfWvFVe4ciWOKYr,Monclub Futbol,played,pro,ChIJGbxxaamUyRIRgGvhHnhJStA,43.4299152&5.4001974,2024-02-13T19:00:00.000Z,60,10,public,false,,,CSTy9rmJRQSyWlqWuGiUhGpAGqf2,10,10,7,1,0,1,3
zmpaGX3dNpkgIpO37pJj,UrbanSoccer La Défense,draft,captain,ChIJh4rnfVhk5kcRV2Q-ZKdm8vA,48.8996456&2.2216773,2024-02-09T18:00:00.000Z,60,14.5,public,true,Détente,3,RwVkoIVEkXNSHlG4DHDbfN5VBZg1,0,10,0,0,0,0,0
znNkoFjJMGbs94U7a4FT,LE FIVE Paris 18,canceled,captain,ChIJpVT4_n1u5kcRzji6FdTBXXo,48.8978522&2.3700234,2024-02-03T13:00:00.000Z,60,13,public,true,,3,zZPaks2J10QWgrCC7SwlmQTX0TD2,9,10,0,0,0,0,0
zoWTwLlBs1lzri4BmhNY,STADIUM FOOT 5 VILLAGE,canceled,captain,ChIJbbOWFtC4yRIR0WXVerbWmnE,43.269413&5.4260321,2024-02-13T18:00:00.000Z,90,15,public,false,Détente,3,MKjoGJESIIfNKw5sH93VODBuvLv2,8,10,0,0,0,0,0
zrZxD7WLvNd2XLaxv8Fg,Stadium Thiais,played,pro,,48.7511024&2.3713455,2024-02-09T14:00:00.000Z,90,8,public,false,,,psf3NmXEPwdCltHKJC7VuvJocrF3,10,10,7,0,0,1,2
zrpx5OmRLB7SEYkoNrDp,LE FIVE Bezons,played,captain,ChIJ71Mv0Wpk5kcRg-H9x7L-dXo,48.9190524&2.211796,2024-02-04T11:30:00.000Z,60,10,public,true,Détente,3,vCxS2f3sIudIjl2jeEiMi9Qk1Zh2,10,10,3,0,0,0,0
ztPtTMVexx9wrDYv5LNS,LE FIVE Marville - La Courneuve,canceled,captain,ChIJ2dHdMZxr5kcR0aKYHYsp0pY,48.9364404&2.3869147,2024-02-08T21:00:00.000Z,60,10,public,false,Détente,2,lZc2z0SnhGP2Qu5xgd70oO8TJXo2,1,10,0,0,0,0,1
zuKLShlgPhVG6mCiliM7,LE FIVE Bezons,played,pro,ChIJ04KEHBZk5kcRoDWLaMOCCwQ,48.91909&2.2093051,2024-02-15T21:00:00.000Z,90,14,public,false,,,U3MriTZbPbTUEsU6RtRuHxDMKvg2,10,10,8,0,0,0,2
zv5J4wWL99QRZCEUN10p,Play Soccer,played,captain,ChIJQ-UxZn-5rhIRKWoQydM5T9s,43.5512023&1.4098927,2024-02-08T19:00:00.000Z,60,10,public,false,,3,8LtkeOuZHeePxfkXdNPmQSr7V9L2,10,10,4,0,0,0,1
zwGF7Aw8hYR9a5mgUklK,LE FIVE Montreuil,published,pro,,48.8613036&2.4653095,2024-02-13T09:00:00.000Z,60,7,public,false,,,u9uC1vjdcdQ3UqNxI0SiFxor0m43,0,10,0,0,0,0,0
zwKo7h0U3EN179fCZTe9,LE FIVE Champigny,published,pro,ChIJsXi1PLYN5kcRTVVDuczgS2s,48.8194084&2.5251846,2024-02-17T18:00:00.000Z,60,11,public,false,,,evlV9mUgATYQ5343zpYZvk4w0r03,7,10,0,0,0,0,0
zxLcCS4paOWvEHs9N5Je,Cité des Sports,published,captain,ChIJ70UPf6R75kcRGb3NAV9k7Ww,48.8247744&2.2650728,2024-02-14T11:15:00.000Z,60,,public,false,Détente,3,UhA5K0uIX2bvgsHTVtkKXBbL5Jf1,15,16,0,0,0,0,2
zy18rnOb46k6DIRmVWy3,Cité des Sports,canceled,captain,ChIJ70UPf6R75kcRGb3NAV9k7Ww,48.8247744&2.2650728,2024-02-04T10:30:00.000Z,60,13,public,false,Détente,3,1Bz3p0ciXyRWXB2Di80CLRrog5b2,6,10,0,0,0,0,0
zyx0VA3N4sRjOeek3NcN,Top Ten,played,pro,,48.8729106&2.6840919,2024-02-12T16:00:00.000Z,90,5,public,false,,,i27253AGxOfXgYJK72sBnvUGuMk2,10,10,6,0,0,0,9
zzzQytNwA7l2R99d1sMK,UrbanSoccer - Porte d'Aubervilliers,played,captain,ChIJ0dXjDCZs5kcRvX0EpMwxsUY,48.9074912&2.3746518,2024-02-12T19:30:00.000Z,60,14.5,public,true,Détente,3,4Tc3ekjSLVhB0GHhDoDpiY712m42,10,10,1,0,0,0,0
