DOC_ID,CENTRE,STATUS,TYPE,PLACE_ID,LOCATION,DATE,DURATION,PRICE,VISIBILITY,GOLD_EXCLUSIVE,MOOD,LEVEL,ORGANIZER,ATTENDEES,MAX_PLAYERS,GOOD_PLAYERS,LATE_PLAYERS,NO_SHOW_PLAYERS,RUDE_PLAYERS,INTERESTED
00DGQXeWqAz0UDraRIyX,UrbanSoccer - Lyon Barolles,canceled,captain,ChIJN4l-IC3v9EcRf9QJKIVC_aY,45.6837539&4.7725939,2024-01-31T17:30:00.000Z,60,9.5,public,true,Détente,3,QZkoFqXhHCYRkY6JIU2zhWVTjrf2,9,10,0,0,0,0,0
00LwjmzZM54oiCeZpqUz,LE PARK Complexe Multisports,canceled,captain,ChIJdUHbID8O5kcRV5lQhiHTvhs,48.8337843&2.5728501,2024-02-03T09:15:00.000Z,90,10.5,public,false,Détente,2,9dfxOVkH5hUeQBphmBdnpqnF6JD3,10,10,0,0,0,0,0
00pmhG4IkKds1ZDVdsso,Foot POWER 5,canceled,pro,,48.960066&2.2061913,2024-02-06T17:00:00.000Z,90,5,public,false,,,sss3dYi6nzWd7rEjwcQ30LGKudj1,0,10,0,0,0,0,0
00zKqorbhZeaIg0UDJDF,Le 13 - Foot en salle - Marseille,canceled,captain,ChIJR62kUm_ByRIRDnGQqGCeUVQ,43.33370070000001&5.370389599999999,2024-01-23T22:15:00.000Z,60,10,public,false,Détente,3,tYE0hxio2uYHYCahKUN7QqZwcbi1,4,10,0,0,0,0,0
01DNdi3KlujTX6skrg3g,Game 13 foot indoor,played,captain,ChIJNSDvlsXryRIRUXao9hwB79I,43.41258939999999&5.366617,2024-01-23T20:30:00.000Z,60,10,public,false,Détente,3,tNI5PAPgX0MDq6T4GlwP3d2ndaO2,10,10,2,0,0,0,0
01jD9vZcBDyWmvyuUi4d,Complexe sportif de l'île des Vannes,published,captain,ChIJTZWfSNNv5kcRmHP3Tz0AJ6A,48.9188419&2.3245603,2024-02-11T15:45:00.000Z,120,,public,false,Détente,4,Csrh8EMzKaZCCcCZeEhs2tGGZRr1,15,16,0,0,0,0,0
02P4Ad46JMOKQr3nHXVI,LE FIVE Montreuil,published,pro,,48.8613036&2.4653095,2024-02-27T09:00:00.000Z,60,7,public,false,,,u9uC1vjdcdQ3UqNxI0SiFxor0m43,0,10,0,0,0,0,0
02VnHmYYH6sbXXDTODQa,Stadium Thiais,hidden,pro,ChIJ64X9jzx05kcRsHvSfOv6UcA,48.7511024&2.3713455,2024-02-09T19:30:00.000Z,90,15,public,false,,,psf3NmXEPwdCltHKJC7VuvJocrF3,0,12,0,0,0,0,1
02u5zUYR9AcOED2YnEYT,Créteil Pompadour,published,captain,ChIJX79lm6d05kcRdvnIvrrCKDc,48.771485&2.4353447,2024-01-21T12:00:00.000Z,120,,public,false,Compétition,4,UnJDV5vrN8dg5S8guOpS4eXU5Dz1,14,18,0,0,0,0,4
03U0BusYBA2ehxFNqCat,LE FIVE Créteil,published,pro,,48.7643086&2.4706522,2024-03-04T16:00:00.000Z,60,7,public,false,,,ZmXMWx7aTdPoPkkGOWa2HIQVblq2,0,10,0,0,0,0,0
03jCUUDgnvIJmGI1aTpZ,Stade René Rousseau,canceled,captain,ChIJW8VHHR5x5kcRd0HZj0ue2J0,48.8004766&2.3162301,2024-02-03T18:30:00.000Z,60,,public,false,Compétition,3,NRgkwdg1YybP9ZmtB5S7CHLR0rt1,2,10,0,0,0,0,0
04gJdGYyVUukYA8MRdXI,Stadium Thiais,played,captain,ChIJ64X9jzx05kcRsHvSfOv6UcA,48.7511024&2.3713455,2024-01-24T18:00:00.000Z,90,15,public,false,,3,IycOnfrCOrSOce6EChYC26uwqG42,10,10,6,0,0,0,4
08Zp0qD4ZAdUqoFvMtdn,Stade Élisabeth,played,captain,ChIJkXj9tq5x5kcROlxynHzTh9o,48.8207737&2.3270972,2024-01-31T19:45:00.000Z,60,2,public,false,Détente,1,8i5faoQkJ4YSkhRB5skPBLiEh1G3,14,14,4,0,0,0,6
09ALDJSxcbHbF4k5EW4K,LE FIVE Montreuil,published,pro,,48.8613036&2.4653095,2024-02-23T16:30:00.000Z,90,11.5,public,false,,,u9uC1vjdcdQ3UqNxI0SiFxor0m43,0,10,0,0,0,0,0
09FVWQ33bZwuLRgheAiW,Stadium Thiais,played,pro,ChIJ64X9jzx05kcRsHvSfOv6UcA,48.7511024&2.3713455,2024-01-31T21:00:00.000Z,90,14,public,false,,,psf3NmXEPwdCltHKJC7VuvJocrF3,10,10,4,0,0,1,1
09V0R71ORsL8qPofpz2m,LE FIVE Montreuil,published,pro,,48.8613036&2.4653095,2024-01-20T15:00:00.000Z,60,10,public,false,,,u9uC1vjdcdQ3UqNxI0SiFxor0m43,0,10,0,0,0,0,1
0D3OpfQxhXyxYUJXdCyr,Footbox,published,pro,,48.9022789&2.582647,2024-03-02T19:00:00.000Z,60,10,public,false,,,QI89VPazyLhBVnWH871jk4BUEZI3,0,10,0,0,0,0,0
0D4QMJIcTzh4LxFQkSL6,Le 13 - Foot en salle - Marseille,played,captain,ChIJR62kUm_ByRIRDnGQqGCeUVQ,43.33370070000001&5.370389599999999,2024-01-26T18:30:00.000Z,60,10,public,false,Compétition,,lN4Dq9utmOhbstMTtKsNYyKoNdP2,10,10,2,0,0,0,0
0DEKlSnSJDyZIOCcXTiQ,Halle Georges Carpentier,published,captain,ChIJnXkSwCty5kcR-nlHXNFQlg4,48.82020139999999&2.3672361,2024-02-12T14:30:00.000Z,120,,public,false,Détente,,FYfgfT1shkXXyaMI4sZTA7d9Qdw2,4,12,0,0,0,0,2
0FEQfPCLdRNmCoOBLOD5,La Plaine des Sports - Université Paris-Saclay,canceled,captain,ChIJv4ZkWb5_5kcRkQ23aJHNq24,48.71200899999999&2.1560772,2024-02-11T14:00:00.000Z,90,,public,false,Détente,3,s1eo4MV4gLdD17mf1RxuRaEJ7612,16,16,0,0,0,0,0
0Gng63Jo4lWk79qXzxak,Complexe sportif Arrighi - Stade - Gymnase - Tennis,published,captain,ChIJdY7UfIRz5kcRyDIR404fW5A,48.7830911&2.3989573,2024-02-15T19:00:00.000Z,120,,private,false,Détente,4,5v9WX6HkohWW6s4r8BR39p1iJxu1,16,16,0,0,0,0,2
0H9cmZrw3CHBvVPLUGKu,Stadium Thiais,published,pro,,48.7511024&2.3713455,2024-01-23T14:00:00.000Z,90,8,public,false,,,psf3NmXEPwdCltHKJC7VuvJocrF3,0,10,0,0,0,0,0
0HYYaFddLdK15GZBWWPs,Parc Sainte Barbe,played,captain,ChIJtw301r5w5kcRvRjidiuAyaw,48.7922897&2.2913469,2024-02-01T12:00:00.000Z,120,,public,false,Détente,4,rzC8A0bd4afb9AWrHKlCPT9461y1,16,16,12,0,0,12,2
0JLl6YWydBCgCC5hUna4,UrbanSoccer La Défense,played,captain,ChIJh4rnfVhk5kcRV2Q-ZKdm8vA,48.8996456&2.2216773,2024-01-31T19:45:00.000Z,60,15,public,true,Détente,3,ujrkM923ZkZfdxOxjC0wVMcRqxw1,10,10,1,0,0,0,3
0JeVkIRcoEhGQ7ZK67gF,Stade Jean Jaurès,canceled,captain,ChIJZeiwsidk5kcRfr4JxmBG86s,48.9370177&2.2250254,2024-01-25T12:00:00.000Z,120,,public,false,Compétition,4,9RsiW31iSGhaAT8kokv7pIP4bmU2,1,18,0,0,0,0,0
0KWLINTpYbTmKlLUIeyX,UrbanSoccer - Puteaux,played,captain,ChIJM_sC0-Nk5kcRhL1y_EFIje8,48.8836397&2.2312283,2024-01-25T11:00:00.000Z,60,11,public,true,Détente,3,WQ5S4tuh8AhHhITkAMce3yq8gRm2,10,10,9,0,0,0,1
0KdVGZV1jSWm23pw5UHC,Z5 Aix,played,captain,ChIJKb-U_9KSyRIRKIFKbH5mW18,43.4787869&5.3969048,2024-02-04T18:00:00.000Z,60,11,public,false,Détente,,XgMQLOLWkfdQq8BZDtEpH1cah8U2,10,10,3,0,0,0,0
0L7A0E8Q24uSVqU6MjN8,UrbanSoccer - Porte d'Aubervilliers,canceled,captain,ChIJ0dXjDCZs5kcRvX0EpMwxsUY,48.9074912&2.3746518,2024-01-30T19:15:00.000Z,45,12,public,true,Compétition,2,f4ONjQqLUCeKawfjjxJqtdoFLXd2,10,10,0,0,0,0,0
0LBNiGH2YSqSbL3SE5mC,"Plateau sportif Langevin, Gennevilliers",canceled,captain,ChIJufyQ7mpv5kcR-d-H3ZeTPb4,48.9278928&2.2874652,2024-02-01T17:45:00.000Z,60,,public,false,Compétition,,IPBsO07hSPQnWzruNVQADGFnN7F2,8,10,0,0,0,0,1
0MVet4rbUHaOX9sEF8hn,UrbanSoccer Meudon,played,captain,ChIJ0WKvjbh75kcRoqSmyWwW2jQ,48.80013599999999&2.2140811,2024-01-22T18:45:00.000Z,90,17.25,public,true,Détente,3,1aJ3GdfxKfcSFm478yjdpSaevVC3,10,10,3,0,0,0,0
0NYfjxth2KwFOLnpxABG,Footbox,published,pro,,48.9022789&2.582647,2024-02-19T19:00:00.000Z,60,10,public,false,,,QI89VPazyLhBVnWH871jk4BUEZI3,0,10,0,0,0,0,0
0PJK3jzjGNjHPxMgDrrZ,GOPARK INTERIEUR - Paintball et trampolines parc,canceled,captain,ChIJ2cJmdhf15kcRQ4mUOxIVzd0,49.045624&2.0799886,2024-02-11T18:30:00.000Z,60,11,public,false,Détente,2,76YZWwA4HoUFuVSt6tlq1D1B1tk2,10,10,0,0,0,0,0
0PqNmhh5wpiWPZwFbrPo,Speed Soccer Five,published,pro,,48.7360598&2.315058,2024-02-20T17:00:00.000Z,90,13,public,false,,,MkTJljXziPXBdRdijccndMLBNCC3,0,10,0,0,0,0,0
0QeiBUMrHZqM2opSgqF6,LE FIVE Montreuil,published,pro,,48.8613036&2.4653095,2024-03-07T16:00:00.000Z,90,11,public,false,,,u9uC1vjdcdQ3UqNxI0SiFxor0m43,0,10,0,0,0,0,0
0QfeJBS0C09sElzOHmKG,LE FIVE Bezons,played,captain,ChIJ71Mv0Wpk5kcRg-H9x7L-dXo,48.9190524&2.211796,2024-01-23T17:30:00.000Z,60,9.5,public,true,Détente,2,8iB2rcqkpbROpgXIBkJL6oo0JC33,10,10,3,0,0,0,2
0QvkvdIx6EyhFZqucZ8F,Foot POWER 5,canceled,pro,,48.960066&2.2061913,2024-01-31T17:00:00.000Z,90,5,public,false,,,sss3dYi6nzWd7rEjwcQ30LGKudj1,0,10,0,0,0,0,0
0RFUN2nGaUKa5sQGNo3V,UrbanSoccer La Défense,canceled,captain,ChIJh4rnfVhk5kcRV2Q-ZKdm8vA,48.8996456&2.2216773,2024-02-11T10:30:00.000Z,90,22,public,true,Détente,3,k1XbvCTSgfXeMHrDOPHgFuobMVn2,10,10,0,0,0,0,0
0S6hgvb7BFhxujwS53TM,Urban Football Meudon,played,captain,ChIJFeLBC2N75kcRyM1mlEZ3HjM,48.7983594&2.2102561,2024-02-08T19:00:00.000Z,90,16,public,false,Détente,3,Eky9dVVNQmbB9akUqXl9wI6eE282,14,14,1,0,0,0,3
0SB7PFqoQaQKPKM07D9n,UrbanSoccer La Défense,played,captain,ChIJh4rnfVhk5kcRV2Q-ZKdm8vA,48.8996456&2.2216773,2024-02-04T16:00:00.000Z,90,21.75,public,true,Détente,4,AeNrPTSIaHTR3c3ZY28KcgcncPh2,10,10,1,0,0,0,1
0Tiv2PP4vxN4NmCeyRuF,UrbanSoccer - Quai d'Ivry,played,captain,ChIJfXxYJ0xy5kcRw9xTkF6-FZQ,48.8199885&2.3936463,2024-02-11T19:00:00.000Z,60,13,public,true,Détente,2,h4exM4xKJbPdmXxMDEtuLtjyhxl1,10,10,1,0,0,0,0
0WCv1tt7V1hOzdfrUgzn,UrbanSoccer - Asnières,canceled,captain,ChIJi5LkLT9v5kcRSlhScqEFNWs,48.92192379999999&2.3068311,2024-02-11T12:00:00.000Z,60,12,public,true,Compétition,3,GDQkYsP4cmaV59rDBQyFzKNNlC43,9,10,0,0,0,0,0
0WQXpajatuBFoqQybR27,LE FIVE Bobigny,draft,captain,ChIJV8UONORs5kcRXxR5Qd7x130,48.901553&2.4313304,2024-01-20T22:00:00.000Z,60,,private,false,,,MGNF9Ny5JzXLJOhI5Sq2VzCA6AE2,0,0,0,0,0,0,0
0WnjH4PFfOns6gKlcBQb,Sport dans la Ville Rhône-Alpes,played,captain,ChIJoUEDcmvr9EcRILCz6hDCQ2o,45.7811703&4.8081568,2024-01-31T19:30:00.000Z,60,9,public,false,Détente,2,uJuZeaSxeKZHfIQMQeux7T0osqz2,10,10,4,0,0,0,0
0XQL0khF1O173EyZlfJ0,Stadium Thiais,published,pro,,48.7511024&2.3713455,2024-01-24T11:00:00.000Z,60,7,public,false,,,psf3NmXEPwdCltHKJC7VuvJocrF3,0,10,0,0,0,0,0
0aLlbxtRmW8OUJROvm6f,LE FIVE Paris 13,played,captain,ChIJ_bOSChhz5kcRZMTeq_6Gdzg,48.8181615&2.3658793,2024-01-21T09:00:00.000Z,60,5,public,true,Détente,2,HCIZn58X0Ac5YB1vzTLeOt4ceMI3,10,10,0,0,0,0,0
0aT3loI84WziGD9BTbqE,LE FIVE Bezons,played,pro,,48.91909&2.2093051,2024-02-05T17:00:00.000Z,60,7,public,false,,,U3MriTZbPbTUEsU6RtRuHxDMKvg2,10,10,7,0,0,0,2
0aptS4LuwoH5v3AzCWbc,Centre Sportif Lionel Terray,played,captain,ChIJo7Jtup935kcRUd9lcEtEKzc,48.7349914&2.287439,2024-02-11T07:00:00.000Z,90,10,public,false,Détente,3,Dohg1zNvhsbmGrYuAmExKFyjruw2,10,10,0,0,0,0,0
0bhc1tvHOG3tcFwhPlf0,Stadium Thiais,played,pro,,48.7511024&2.3713455,2024-02-11T19:30:00.000Z,90,15,public,false,,,psf3NmXEPwdCltHKJC7VuvJocrF3,10,10,7,0,0,0,4
0bpwuZuOBILAOaOn2DvM,UrbanSoccer Evry,played,captain,ChIJW0Ut1G7e5UcRt621n2fRQ5M,48.6286849&2.4066366,2024-01-31T18:00:00.000Z,60,10.5,public,true,Détente,3,skdImcC356gXtpfOKF9IKerIpWO2,10,10,4,0,0,0,1
0cRZ8iBWG4yROk4K3EWt,Stade Makowski,played,captain,ChIJvShnxJpt5kcRwdqlaq1s3E0,48.9090365&2.436058,2024-01-28T09:00:00.000Z,150,,public,false,,4,FmWwP3CHDDPrKuS9tlikkebaorJ3,14,14,6,1,1,0,3
0ciD2aIiRFhY0TH5JBOx,Evolution Football,played,captain,ChIJX0YulIi8yRIRnGh62u3UXTQ,43.2836074&5.52356,2024-01-30T18:30:00.000Z,60,9,private,false,Détente,5,Lzo7WogBgXfxjsbuEBGvB9HLjxv1,10,10,10,0,0,0,0
0dlj0X1cAbi1Se29OfrY,Terrain de football extérieur,played,captain,ChIJ05tyRmlt5kcRMz1mc81GAoY,48.8578959&2.4479048,2024-02-10T10:00:00.000Z,90,,public,false,Compétition,2,zw5zeYobh6ZNDTU8fpsRwguMbPn2,10,10,3,0,0,0,0
0e5FG66pAapSNde6kt5z,Speed Soccer Five,published,pro,,48.7360598&2.315058,2024-03-13T17:00:00.000Z,90,13,public,false,,,MkTJljXziPXBdRdijccndMLBNCC3,0,10,0,0,0,0,0
0erCehmdmXnQsJEVNDzO,Centre Sportif Jules Noël,published,captain,ChIJWZM9NFJw5kcRDJY_s1u1Er4,48.8241549&2.3145477,2024-01-26T17:00:00.000Z,120,,public,false,Compétition,5,oKfGVfs7dYecPpobKfuTXiuhh8J3,2,14,0,0,0,0,0
0erXq65bF1CwBniLinv0,Top Ten,published,pro,,48.8729106&2.6840919,2024-02-24T15:30:00.000Z,90,15,public,false,,,i27253AGxOfXgYJK72sBnvUGuMk2,0,10,0,0,0,0,0
0fGS6Uhapt3wYxnqrQGX,LE FIVE Marville - La Courneuve,published,pro,ChIJ2dHdMZxr5kcR0aKYHYsp0pY,48.9361223&2.3872592,2024-02-10T08:00:00.000Z,60,10,public,false,,,1GfAHFfqO6dOj37bPrTRuDS5gnk1,0,10,0,0,0,0,0
0geO6HL99IbrEyo1utY6,Top Ten,published,pro,,48.8729106&2.6840919,2024-02-05T11:00:00.000Z,90,5,public,false,,,i27253AGxOfXgYJK72sBnvUGuMk2,0,10,0,0,0,0,0
0js2op3zisAS8rS2CyZ5,UrbanSoccer - Puteaux,played,captain,ChIJM_sC0-Nk5kcRhL1y_EFIje8,48.8836397&2.2312283,2024-02-01T11:00:00.000Z,60,11,public,true,Détente,3,WQ5S4tuh8AhHhITkAMce3yq8gRm2,10,10,10,0,0,0,2
0kRFhTGpwtG4wQ7rYBbm,Stade Charles Finaltéri,played,captain,ChIJfbzI1FVi5kcRzArhoMMv0w8,48.9004245&2.1419859,2024-01-21T14:30:00.000Z,90,,public,false,Détente,,A8ZAUgNn0NWvak5h3rxMyRIQpMf2,10,10,2,0,0,0,0
0l62QAKgLdtRKpZTAzQh,Play Soccer,played,captain,ChIJQ-UxZn-5rhIRKWoQydM5T9s,43.5512023&1.4098927,2024-01-23T18:30:00.000Z,60,10,public,false,,,8LtkeOuZHeePxfkXdNPmQSr7V9L2,10,10,2,0,0,0,0
0lotNvdWwFXEzH6cKVeb,LE FIVE Paris 18,played,captain,ChIJpVT4_n1u5kcRzji6FdTBXXo,48.8978522&2.3700234,2024-01-30T21:00:00.000Z,60,14,public,true,Compétition,3,gP8yCfO5CueVxeNTHrj86LFBJS72,10,10,0,0,0,0,0
0mFyxb29SraPWK0o6uTd,STADIUM FOOT 5 VILLAGE,played,captain,ChIJbbOWFtC4yRIR0WXVerbWmnE,43.269413&5.4260321,2024-02-07T20:00:00.000Z,60,10,public,false,Détente,3,Vd2POI30scVRCHez3UyUHk7uuHx1,10,10,1,0,0,0,0
0me4PWOsnRO3B3EOOP0N,Evolution Football,canceled,captain,ChIJX0YulIi8yRIRnGh62u3UXTQ,43.2836074&5.52356,2024-02-09T19:20:00.000Z,60,9,public,false,Détente,3,VTpy8cfS6iO3e8qxXAdQLz4pNxi1,9,10,0,0,0,0,0
0mrlVIGdtcsUvyVRj6pO,Cité des Sports,canceled,captain,ChIJ70UPf6R75kcRGb3NAV9k7Ww,48.8247744&2.2650728,2024-01-24T11:15:00.000Z,90,,public,false,Détente,2,Vu4Mh1iuRtZb5xqP2fgfcW12n0V2,10,16,0,0,0,0,1
0my2J0IxIWU2lVzvvuYv,Play Soccer,played,captain,ChIJQ-UxZn-5rhIRKWoQydM5T9s,43.5512023&1.4098927,2024-02-03T19:00:00.000Z,60,9,public,false,Compétition,4,LMjhM6QREuXl67xvJa5sHUO0iIv1,10,10,3,0,0,0,0
0otZM2VOzVzO2ny3yiSk,LE FIVE Champigny,canceled,captain,ChIJsXi1PLYN5kcRTVVDuczgS2s,48.8194084&2.5251846,2024-01-31T20:30:00.000Z,60,10,public,false,Compétition,3,fDs9xiqgUkQanmo7rTz0mJR0joj1,9,10,0,0,0,0,0
0ovQOqz6RpNxqmjxcys6,Stadium Thiais,canceled,captain,ChIJ64X9jzx05kcRsHvSfOv6UcA,48.7511024&2.3713455,2024-01-26T16:45:00.000Z,90,,public,false,Compétition,4,5EeXakeQlrMNtVomjPsNv5syEp02,10,10,0,0,0,0,1
0pCADMaqlzD5s9fg3hxr,Footbox,published,pro,,48.9022789&2.582647,2024-02-23T15:00:00.000Z,60,7,public,false,,,QI89VPazyLhBVnWH871jk4BUEZI3,0,10,0,0,0,0,0
0poPMm51CfsMsFlpuxfa,Z5 Aix,played,captain,ChIJKb-U_9KSyRIRKIFKbH5mW18,43.4787869&5.3969048,2024-02-07T19:30:00.000Z,60,11,public,false,Détente,3,yJ5LcR37dlhfJSLUDesg5VNotET2,10,10,1,0,0,0,1
0sdsY5DlYUS3iVDFZDS5,LE FIVE Marville - La Courneuve,played,captain,ChIJ2dHdMZxr5kcR0aKYHYsp0pY,48.9364404&2.3869147,2024-01-20T21:30:00.000Z,90,15,public,false,Compétition,5,nGa8cXRstNVjUpVwM5lVfJih2O62,10,10,1,0,0,0,0
0tDiAvTO74CGbiqbR13V,LE FIVE Bezons,played,captain,ChIJ71Mv0Wpk5kcRg-H9x7L-dXo,48.9190524&2.211796,2024-01-29T18:30:00.000Z,60,11,public,true,Détente,3,lUX4K4K1q8QJOO95yUSLpsCIHGI3,10,10,2,0,0,0,0
0tKEhzCzHndjesvyqJHF,Evolution Football,played,captain,ChIJX0YulIi8yRIRnGh62u3UXTQ,43.2836074&5.52356,2024-01-23T20:00:00.000Z,60,8.5,public,false,Détente,3,Mbm7PMhXKBZQXZa0aXm24d0dVrq1,10,10,3,0,0,0,0
0ukhAFao1UBJMLTUBJGZ,LE FIVE Bezons,published,captain,ChIJ71Mv0Wpk5kcRg-H9x7L-dXo,48.9190524&2.211796,2024-02-11T15:45:00.000Z,60,10,public,true,Compétition,4,6jx3qyjJjmd0lpo4579xf33gMXy2,4,10,0,0,0,0,1
0vAhPaGKzv7LztJIEgGN,Foot-Max Argenteuil,played,captain,ChIJi9oIzaRm5kcRJYcK7QsdRMU,48.9501569&2.2093741,2024-02-04T18:00:00.000Z,90,12,private,false,Compétition,4,EBkyQKZSThSt50tqVxjcFaiJK922,10,10,4,0,0,0,0
0vvCruUIozgL0MUihpSa,Top Ten,published,pro,,48.8729106&2.6840919,2024-02-15T11:00:00.000Z,90,5,public,false,,,i27253AGxOfXgYJK72sBnvUGuMk2,0,10,0,0,0,0,0
0w8SnccHki2ctayizegS,Top Ten,published,pro,,48.8729106&2.6840919,2024-03-11T16:00:00.000Z,90,5,public,false,,,i27253AGxOfXgYJK72sBnvUGuMk2,0,10,0,0,0,0,0
0wCawi1kxArxTVdlnoBx,Stadium Thiais,published,pro,,48.7511024&2.3713455,2024-01-23T15:00:00.000Z,90,8,public,false,,,psf3NmXEPwdCltHKJC7VuvJocrF3,0,10,0,0,0,0,0
0wsqmgye1yCal5kw84sl,UrbanSoccer - Porte d'Aubervilliers,played,captain,ChIJ0dXjDCZs5kcRvX0EpMwxsUY,48.9074912&2.3746518,2024-02-12T20:30:00.000Z,60,15,public,true,Détente,,WptjeIaHlLVJsLk8BQvdwgAbS0J3,10,10,1,0,0,0,0
0xCxIVj33mJiEl3IOwfo,LE FIVE Montreuil,published,pro,,48.8613036&2.4653095,2024-01-27T13:00:00.000Z,90,15,public,false,,,u9uC1vjdcdQ3UqNxI0SiFxor0m43,0,10,0,0,0,0,0
0yysCmsWG6Wfk86pQepa,BIG5,canceled,captain,ChIJsb_7TJFp5kcRSPL5VqZulr4,48.9901429&2.3617895,2024-01-26T17:00:00.000Z,90,12.5,public,false,Détente,2,Chm0vKbUfDYquOEtsL0K7Obl5O52,3,10,0,0,0,0,0
0zj6ShKSVwBTZLBeRXz6,Footbox,published,pro,,48.9022789&2.582647,2024-03-01T15:00:00.000Z,60,7,public,false,,,QI89VPazyLhBVnWH871jk4BUEZI3,0,10,0,0,0,0,0
10VIyK1nOzkT6L3rpEWz,LE FIVE Bobigny,published,pro,,48.901553&2.4313304,2024-02-02T17:00:00.000Z,60,8,public,false,,,4owi3i7t8EOvFNF6UQvACOpiDRy1,3,10,0,0,0,0,0
11DEDQrfifYl78qHgf80,Footbox,published,pro,,48.9022789&2.582647,2024-02-27T18:00:00.000Z,60,10,public,false,,,QI89VPazyLhBVnWH871jk4BUEZI3,0,10,0,0,0,0,0
13TiHxcEow3olMlBLuPE,LE FIVE Paris 18,played,captain,ChIJpVT4_n1u5kcRzji6FdTBXXo,48.8978522&2.3700234,2024-01-27T09:30:00.000Z,90,7.5,public,true,Détente,2,W1hWIb1ezbdjDJoygsAlyQK8be93,10,10,2,0,0,0,0
16YTaToG0TNVPJgTFVXn,Stade Xavier Guillemet,published,captain,,45.78294229999999&4.8633583,2024-01-27T11:00:00.000Z,120,,public,false,Détente,3,jXOjGtfNuVe1eEPfPqux6Hjgidc2,13,16,0,0,0,0,0
16s5D7f3zwyuuNjH7cRY,Halle Georges Carpentier,played,captain,ChIJnXkSwCty5kcR-nlHXNFQlg4,48.82020139999999&2.3672361,2024-01-25T11:00:00.000Z,120,,public,false,Compétition,3,kRAf444M3RUd6EWIOWpKVKs78SI2,16,16,12,0,0,0,11
170zgAG5H9jEtTE5OZlu,LE FIVE Bobigny,published,pro,,48.901553&2.4313304,2024-02-06T17:00:00.000Z,60,8,public,false,,,4owi3i7t8EOvFNF6UQvACOpiDRy1,1,10,0,0,0,0,0
17T3T6wTwfPSXhGwRfB8,UrbanSoccer Meudon,canceled,captain,ChIJ0WKvjbh75kcRoqSmyWwW2jQ,48.80013599999999&2.2140811,2024-02-05T18:45:00.000Z,90,17.25,public,true,Détente,3,1aJ3GdfxKfcSFm478yjdpSaevVC3,9,10,0,0,0,0,0
17aiO4XCttkIRUIYreZy,Le Street Foot en Salle,published,pro,,49.0164435&2.181307,2024-02-26T14:00:00.000Z,120,10,public,false,,,bsRK7e37BkUbETMq0Tg3lbm8Fao2,0,10,0,0,0,0,0
17egcwKW21kQ9cVPIMeu,UrbanSoccer Orsay,played,captain,ChIJpZIJg7J45kcRrKWKhtbfnEQ,48.70829&2.17794,2024-02-01T19:00:00.000Z,90,17.25,public,true,Détente,3,ee1xUgZHOqeY6QdvDARYVOlrzLj2,10,10,2,0,0,0,0
19n1SBnEd9fnEk78dBlE,LE FIVE Montreuil,published,pro,,48.8613036&2.4653095,2024-02-27T12:00:00.000Z,60,7,public,false,,,u9uC1vjdcdQ3UqNxI0SiFxor0m43,0,10,0,0,0,0,0
1ARBWeRTvps1dfHU5SVH,FOOT IN FIVE,played,captain,ChIJoUR0syFp5kcRUlStnwluaYY,48.9552257&2.3328346,2024-01-23T11:00:00.000Z,90,,public,false,Compétition,1,wTNdjRT18PgdGIojrxLAm7FUsGn1,10,10,3,0,0,0,3
1B3WeuHkFvX7CLy3aHx2,UrbanSoccer La Défense,canceled,captain,ChIJh4rnfVhk5kcRV2Q-ZKdm8vA,48.8996456&2.2216773,2024-02-07T19:00:00.000Z,60,,public,true,Compétition,5,qwLeKfyzypNdQ2aGSqMaF72e8Qi1,10,10,0,0,0,0,2
1CHDFYrzrpiORYcGkWXd,Foot POWER 5,canceled,pro,,48.960066&2.2061913,2024-02-06T21:30:00.000Z,90,7,public,false,,,sss3dYi6nzWd7rEjwcQ30LGKudj1,0,10,0,0,0,0,0
1CWYYpYDHyv8HbzM6vss,Stadium Thiais,published,pro,ChIJ64X9jzx05kcRsHvSfOv6UcA,48.7511024&2.3713455,2024-01-23T20:00:00.000Z,90,15,public,false,,,psf3NmXEPwdCltHKJC7VuvJocrF3,0,10,0,0,0,0,0
1DIus0OUbKZpoJsc5hW1,UrbanSoccer - Lille Lezennes,published,captain,ChIJR3ro5nTWwkcRfM_S3Be9HjI,50.6162725&3.0998108,2024-01-29T17:00:00.000Z,60,9,public,true,Détente,,KoMMspPpOrQB6lklhBjC6eSYPZp2,2,10,0,0,0,0,0
1GLiFW4wFUpMIoDBSQA3,LE FIVE Paris 13,played,captain,ChIJ_bOSChhz5kcRZMTeq_6Gdzg,48.8181615&2.3658793,2024-01-25T20:30:00.000Z,60,14,public,true,Détente,2,zN2Fsj7OziabE8EPwOBmyKHCvSC2,10,10,3,0,0,0,2
1H32Z5BvDX0Jf8RRxDf6,STADIUM FOOT 5 VILLAGE,canceled,captain,ChIJbbOWFtC4yRIR0WXVerbWmnE,43.269413&5.4260321,2024-01-22T18:00:00.000Z,60,10,public,false,Détente,3,MKjoGJESIIfNKw5sH93VODBuvLv2,9,10,0,0,0,0,0
1HjFAvNnyCZjbPeHgmVG,UrbanSoccer La Défense,played,captain,ChIJh4rnfVhk5kcRV2Q-ZKdm8vA,48.8996456&2.2216773,2024-02-10T13:15:00.000Z,60,13.5,private,true,Détente,2,VD9ODfaAjcS1pb401hKVLbwXGt92,10,10,2,0,0,0,0
1INVMFOyu6eRF1wLvwuV,LE FIVE Villette,canceled,captain,ChIJTUFnQjps5kcR0pHITLTw1PI,48.9070122&2.3861459,2024-01-21T10:00:00.000Z,90,18,public,false,Compétition,4,ALCfMbHXk6TLHDUym75BByxhDup1,9,10,0,0,0,0,0
1IsngQMCy9Y9y8Ymdjsf,UrbanSoccer - Quai d'Ivry,played,captain,ChIJfXxYJ0xy5kcRw9xTkF6-FZQ,48.8199885&2.3936463,2024-01-23T19:00:00.000Z,60,14,public,true,Détente,4,AA6yObM110SWfnv82wbxWfk8mhx2,10,10,3,0,0,0,0
1K2VVpRD0UtVzswxtuid,Top Ten,published,pro,ChIJfXprBx4b5kcRmhe-5pLZUek,48.8729106&2.6840919,2024-02-10T11:00:00.000Z,90,15,public,false,,,i27253AGxOfXgYJK72sBnvUGuMk2,0,10,0,0,0,0,0
1KM6lhCv19S2jKYKfBLp,Top Ten,published,pro,,48.8729106&2.6840919,2024-01-22T11:00:00.000Z,90,5,public,false,,,i27253AGxOfXgYJK72sBnvUGuMk2,0,10,0,0,0,0,0
1L6guJU05ccNxAyaekmj,Footbox,published,pro,,48.9022789&2.582647,2024-02-27T22:00:00.000Z,60,10,public,false,,,QI89VPazyLhBVnWH871jk4BUEZI3,0,10,0,0,0,0,0
1LUxdEf81jwIzeR5TO0N,Le 13 - Foot en salle - Marseille,played,captain,ChIJR62kUm_ByRIRDnGQqGCeUVQ,43.33370070000001&5.370389599999999,2024-02-07T19:30:00.000Z,90,15,public,false,Détente,3,xb3vJkqdvhWZIJ39q6FsGI2MWLx2,10,10,2,0,0,0,0
1LYFAIo3US87d2a3YFlk,TEP Reverdy,played,captain,ChIJ97IzEXZt5kcRrziQffedeSo,48.8852655&2.3762939,2024-01-22T18:00:00.000Z,120,5,public,false,Détente,4,IPmbamz2bkMhCjliEqifTUkx2ir2,12,12,4,0,0,0,3
1McbPIopP6536wsJA08n,Stadium Thiais,published,pro,ChIJ64X9jzx05kcRsHvSfOv6UcA,48.7511024&2.3713455,2024-01-20T18:00:00.000Z,90,15,public,false,,,psf3NmXEPwdCltHKJC7VuvJocrF3,0,10,0,0,0,0,0
1NG4X4wLQyOocBJv9EQN,LE FIVE Paris 17,played,captain,ChIJ7eI8sFNv5kcR5xy52Wc57NU,48.900032&2.3213449,2024-01-21T15:00:00.000Z,60,12,public,true,Détente,3,pxPwbOjpMkVIlfou1bfF0gPeZJ32,10,10,4,0,0,0,1
1NntMm4WBpnLFE0NpoYZ,Stains,canceled,captain,ChIJ6_yphcJr5kcRMmpL4MPqRks,48.95538699999999&2.384703,2024-01-28T09:15:00.000Z,90,,public,false,Détente,,PY4xVpp2kuN4vNMdN0QVj8hVkDz1,5,12,0,0,0,0,0
1PW98YQhXq6vUYnslyCF,"Plateau sportif Langevin, Gennevilliers",canceled,captain,ChIJufyQ7mpv5kcR-d-H3ZeTPb4,48.9278928&2.2874652,2024-01-20T09:50:00.000Z,60,,public,false,Détente,5,IPBsO07hSPQnWzruNVQADGFnN7F2,9,10,0,0,0,0,0
1PWCljJKmxbQxWDp2mTT,LE FIVE Montreuil,published,pro,,48.8613036&2.4653095,2024-03-08T11:30:00.000Z,90,10.5,public,false,,,u9uC1vjdcdQ3UqNxI0SiFxor0m43,0,10,0,0,0,0,0
1Peza0QoLaKKoLAKkUzi,Top Ten,published,pro,,48.8729106&2.6840919,2024-02-22T22:00:00.000Z,90,16.5,public,false,,,i27253AGxOfXgYJK72sBnvUGuMk2,0,10,0,0,0,0,0
1QkBzKQ5XjFnWUSQzvG8,LE FIVE Champigny,played,captain,ChIJsXi1PLYN5kcRTVVDuczgS2s,48.8194084&2.5251846,2024-02-11T19:00:00.000Z,60,11,public,false,,3,DiWO3b3whoYk6XXk4Q0WobHdutx2,10,10,1,0,0,0,3
1QyDTqTG1G5rXuw6jMoy,Stadium Thiais,canceled,captain,ChIJ64X9jzx05kcRsHvSfOv6UcA,48.7511024&2.3713455,2024-01-28T14:00:00.000Z,90,15,public,false,Compétition,3,N3YGknfQ1wRztd8lYNV2kwt0N9D3,5,10,0,0,0,0,0
1S4irqCTxH3slMRb5xoi,UrbanSoccer - Marne-La-Vallée,published,captain,ChIJ6bDBiosP5kcROXiloHzSdhc,48.82658600000001&2.6296937,2024-02-16T18:45:00.000Z,60,12,public,true,Compétition,,XqKE77KP75T9tQkX3sg8AfmykyP2,4,10,0,0,0,0,0
1SxlPYkgeCuc05c0QiaX,Stadium Thiais,published,captain,ChIJ64X9jzx05kcRsHvSfOv6UcA,48.7511137&2.3715422,2024-02-19T16:00:00.000Z,120,10,public,false,Compétition,3,Dohg1zNvhsbmGrYuAmExKFyjruw2,3,10,0,0,0,0,0
1TBItgPL4KgUGZgAVOQk,Footbox,published,pro,,48.9022789&2.582647,2024-03-10T21:00:00.000Z,60,10,public,false,,,QI89VPazyLhBVnWH871jk4BUEZI3,0,10,0,0,0,0,0
1VpEiIw45YqU1xfB5O21,LE FIVE Bobigny,published,pro,,48.901553&2.4313304,2024-01-30T17:00:00.000Z,60,8,public,false,,,4owi3i7t8EOvFNF6UQvACOpiDRy1,0,10,0,0,0,0,0
1XIsj3USLamYEaJlletA,LE FIVE Paris 18,published,pro,,48.8978522&2.3700234,2024-03-03T21:30:00.000Z,90,12,public,false,,,UQf33jQhVZhle917nO0h7D5qclV2,0,10,0,0,0,0,0
1ZelE2DDe9D7wVdDRsHF,Game 13 foot indoor,published,captain,ChIJNSDvlsXryRIRUXao9hwB79I,43.41258939999999&5.366617,2024-02-09T18:30:00.000Z,60,8,public,false,Détente,3,tNI5PAPgX0MDq6T4GlwP3d2ndaO2,2,10,0,0,0,0,0
1Zlz4bXcRAVUI0lvBrpo,Stade Jacques Jorissen,canceled,captain,ChIJt0joLikT5kcRO57zLP9GEds,48.91724319999999&2.46977,2024-02-09T18:30:00.000Z,90,,public,false,Détente,,rkCZjnMvsCTPDTvrAVrezZponbp1,2,10,0,0,0,0,0
1aUrFIUCyBPcTdfkHWpY,UrbanSoccer - Porte d'Aubervilliers,played,captain,ChIJ0dXjDCZs5kcRvX0EpMwxsUY,48.9074912&2.3746518,2024-01-28T10:00:00.000Z,60,13,public,true,Compétition,3,ADnpZZaN9uMZHeOSxP62UtI4lRH3,10,10,2,0,0,0,1
1aaT597zQPe5EfvO3OhL,LE FIVE Marville - La Courneuve,published,captain,ChIJ2dHdMZxr5kcR0aKYHYsp0pY,48.9364404&2.3869147,2024-01-22T20:30:00.000Z,60,10,public,false,Détente,,kQ9eyMUdc3QqALTLrciBp1ubOxG3,6,10,0,0,0,0,0
1bcXevkYwKhs8eWuhyEV,LE FIVE Créteil,published,captain,ChIJ88lx3VwL5kcRVxCh4lD6_Gk,48.7643086&2.4706522,2024-02-18T11:00:00.000Z,90,16.5,public,false,Détente,3,dKm4KRHVV7TJI7ChnHErZ7n6ApH3,10,10,0,0,0,0,0
1by3o7jxhCGGg2Jdx4Xp,Footbox,published,pro,,48.9022789&2.582647,2024-03-09T14:00:00.000Z,60,10,public,false,,,QI89VPazyLhBVnWH871jk4BUEZI3,0,10,0,0,0,0,0
1cUTPpwED5w400It1gOY,Foot POWER 5,canceled,pro,,48.960066&2.2061913,2024-02-10T18:30:00.000Z,90,10,public,false,,,sss3dYi6nzWd7rEjwcQ30LGKudj1,0,10,0,0,0,0,0
1cleEYz8VgO5skJy3RdQ,Kinshasa,published,pro,,-4.3032527&15.310528,2024-03-03T11:23:00.000Z,90,12,public,false,,,zCvsukfMuuffsuPpSTQwb7MusMD2,0,10,0,0,0,0,0
1eStqVqn77VbZqQpXbRP,Footsal,played,captain,ChIJa7HS298pw0cRMoVDj0XqVdI,50.6397895&3.1251337,2024-01-25T19:00:00.000Z,60,8,private,false,Détente,3,ydQSvbudLDZHsUN8NFABk8kFyeo2,10,10,9,0,0,0,0
1fqvqx0nGEA3yrg0DBH9,LE FIVE Paris 18,published,pro,,48.8978522&2.3700234,2024-02-22T16:00:00.000Z,60,5,public,false,,,UQf33jQhVZhle917nO0h7D5qclV2,2,10,0,0,0,0,0
1hqKBBwPzqjoEr9OIpIc,LE FIVE Carrières-sous-Poissy,canceled,captain,ChIJ9T4fWfyL5kcRCBX-FyZLvEE,48.9468171&2.0230552,2024-02-11T16:00:00.000Z,90,12,public,false,,3,Wy3wc8FHaCYWTvZWNBBuL5f6n6n2,5,10,0,0,0,0,0
1jaoG7xkL11UAkd2sdFO,FOOT IN FIVE,played,captain,ChIJoUR0syFp5kcRUlStnwluaYY,48.9552257&2.3328346,2024-02-01T11:00:00.000Z,90,,public,false,Compétition,1,wTNdjRT18PgdGIojrxLAm7FUsGn1,10,10,2,0,0,0,2
1l5MQiCqT2s3SjtlI91a,Centre Sportif Maryse Hilsz,played,captain,ChIJgY6iBYxt5kcRHD7TB4jAHV4,48.8520783&2.4128877,2024-01-23T11:20:00.000Z,150,,public,false,Compétition,5,1Fkzl7JONMQgLkuJEFE1meNaqUI2,16,16,5,0,0,0,4
1lLM7ZnNofS8NP7jYzdY,Speed Soccer Five,published,pro,,48.7360598&2.315058,2024-03-12T17:00:00.000Z,90,13,public,false,,,MkTJljXziPXBdRdijccndMLBNCC3,0,10,0,0,0,0,0
1lmbXV6K8ExUsYigQSHo,Top Ten,published,pro,,48.8729106&2.6840919,2024-03-05T16:00:00.000Z,90,5,public,false,,,i27253AGxOfXgYJK72sBnvUGuMk2,0,10,0,0,0,0,0
1m6xpJBIyF0r3cFy9XZZ,UrbanSoccer Meudon,played,captain,ChIJ0WKvjbh75kcRoqSmyWwW2jQ,48.80013599999999&2.2140811,2024-01-26T19:45:00.000Z,90,16.5,public,true,Détente,3,4bYlzSvfLEgYWiyH0mjE1sQFnKs1,10,10,3,0,0,0,0
1mBy0kYIjB2d1kRcGiRx,LE FIVE Montreuil,published,pro,,48.8613036&2.4653095,2024-03-13T22:00:00.000Z,60,8,public,false,,,u9uC1vjdcdQ3UqNxI0SiFxor0m43,0,10,0,0,0,0,0
1nOjBAJMNVjosGAoia0Z,UrbanSoccer - Toulouse Montaudran,played,captain,ChIJl772e0u8rhIR2foRX4Xa2CI,43.574642&1.4801835,2024-01-22T17:00:00.000Z,60,9.5,public,true,Détente,3,jXhExK0C70hcVsqWTPfBgrBVBWL2,10,10,2,0,0,0,0
1nQIYYA3Bw6Kr1BZ0Lne,Parc Interdépartemental des Sports du Tremblay,played,captain,ChIJBVkfrQ4N5kcRGi-XnNQN_yo,48.8281085&2.491365,2024-02-05T18:30:00.000Z,60,,private,false,Compétition,,GIWZAPZ6EqXL1PHYLo3wpSZAOqd2,10,10,2,0,0,0,0
1nWCFskL3CtwjnjSvz7w,LE FIVE Villette,played,captain,ChIJTUFnQjps5kcR0pHITLTw1PI,48.9070122&2.3861459,2024-02-06T10:00:00.000Z,90,10.5,public,false,Détente,3,YOdxAqtz51MwesRE26xrBEduX0x2,10,10,3,0,0,0,0
1ntL9WCHUsulZ9lWj9bH,UrbanSoccer La Défense,played,captain,ChIJh4rnfVhk5kcRV2Q-ZKdm8vA,48.8996456&2.2216773,2024-01-21T11:15:00.000Z,60,13.5,public,true,Compétition,5,F2apfd0aUIbGx5SlnjRzaA8ckcc2,10,10,2,0,0,0,0
1nzS7BejpKFH8kwAprgF,Stadium Thiais,published,pro,ChIJ64X9jzx05kcRsHvSfOv6UcA,48.7511024&2.3713455,2024-02-11T15:30:00.000Z,90,15,public,false,,,psf3NmXEPwdCltHKJC7VuvJocrF3,0,10,0,0,0,0,0
1oYXbjkiX6ASZ4kItd12,B14 - Sports et Loisirs Indoor,played,captain,ChIJaeLKMYXe5UcRHyWJ8X8FaPA,48.62229&2.3800445,2024-02-10T18:00:00.000Z,90,13.5,public,false,Détente,,VSTvHkjbJ1eE7I4JHZXc9XYveW52,10,10,5,0,0,0,0
1pjqeEBN2rhzSB11WTxQ,Stade Robespierre,canceled,captain,ChIJrSdPdLpk5kcRTIf7gmbAvcU,48.8692482&2.2034218,2024-02-12T10:00:00.000Z,120,5,public,false,Compétition,4,uK7KAxZFpwZeIpiBLR7VWDgp0qF2,1,12,0,0,0,0,0
1rKQFVujHskVIpcfaR20,LE FIVE Morangis,played,captain,ChIJA4uAhOXZ5UcRp-vZXZP-ovY,48.692672&2.3192811,2024-02-07T17:30:00.000Z,60,10,public,false,Détente,,PS9n8jmLhPX5jPksGclXkWO0Tff2,10,10,4,0,0,0,1
1rM6KPK1Ez3IqefCtjUW,Stadium Thiais,published,pro,,48.7511024&2.3713455,2024-02-01T21:00:00.000Z,90,14,public,false,,,psf3NmXEPwdCltHKJC7VuvJocrF3,0,10,0,0,0,0,0
1s3BQdsWgIgdbJXE33q0,Stade de l'Ile Billancourt,played,captain,ChIJ_VzHyPZ65kcRie3KTzFg37c,48.8223054&2.2450824,2024-02-01T11:10:00.000Z,120,,public,false,Détente,3,xKfPAdke8KgQVkW2kylu7ud5QBg1,16,16,5,0,0,0,0
1trAWilfPWQgpu9mjTZU,Stadium Thiais,published,pro,ChIJ64X9jzx05kcRsHvSfOv6UcA,48.7511024&2.3713455,2024-01-23T18:00:00.000Z,90,15,public,false,,,psf3NmXEPwdCltHKJC7VuvJocrF3,0,10,0,0,0,0,0
1uhQd9YM13BtvDZZahHu,Stadium Thiais,published,pro,,48.7511024&2.3713455,2024-01-27T15:00:00.000Z,90,12,public,false,,,psf3NmXEPwdCltHKJC7VuvJocrF3,1,10,0,0,0,0,0
1ujtb6MUn2MdPJp3UiXd,UrbanSoccer - Quai d'Ivry,played,captain,ChIJfXxYJ0xy5kcRw9xTkF6-FZQ,48.8199885&2.3936463,2024-01-20T15:45:00.000Z,90,18,public,true,Détente,3,ClJ8xW3on0O29u8chL9okdN1JBY2,10,10,4,0,0,0,1
1vfdaQnw83HJZKBb252Z,UrbanSoccer - Quai d'Ivry,played,captain,ChIJfXxYJ0xy5kcRw9xTkF6-FZQ,48.8199885&2.3936463,2024-02-02T20:45:00.000Z,90,20,public,true,Détente,3,GpRn5D1bA0NNdJIZ246GZ1UVp272,10,10,1,0,0,0,1
1ybY4oBs0xbPdN68XZ5s,Footbox,published,pro,,48.9022789&2.582647,2024-02-17T14:00:00.000Z,60,10,public,false,,,QI89VPazyLhBVnWH871jk4BUEZI3,0,10,0,0,0,0,0
1z4qHlK36hyGE7WWrxX5,UrbanSoccer Meudon,played,captain,ChIJ0WKvjbh75kcRoqSmyWwW2jQ,48.80013599999999&2.2140811,2024-02-11T09:30:00.000Z,90,15.75,public,true,Détente,5,VlVkIVnCzNXIsoJTKeeKhhgV3Cl1,10,10,0,0,0,0,1
20b9VV16Gk5bgbebnJ8A,Ruocco Arena,canceled,captain,ChIJec6FdoyNyRIR1T4f7npI5nA,43.5128999&5.4512978,2024-01-27T13:00:00.000Z,120,,public,false,Compétition,3,4FO7UtUSoacpeTYauE5KkJ71kDl2,10,16,0,0,0,0,0
220QZ6IVWFlnaaqPOI5K,LE FIVE Paris 18,canceled,captain,ChIJpVT4_n1u5kcRzji6FdTBXXo,48.8978522&2.3700234,2024-01-29T19:30:00.000Z,90,21,public,true,Détente,2,ujLwqrf87WOFfJbdZwq7lAH9blL2,8,10,0,0,0,0,0
221Z3yyWDopnpirJjWDq,Foot-Max Argenteuil,played,captain,ChIJi9oIzaRm5kcRJYcK7QsdRMU,48.9501569&2.2093741,2024-02-09T19:00:00.000Z,60,8,public,false,Compétition,5,x1rFpjV0niWhBEzm6w7OmAGUBpD3,10,10,6,0,0,0,2
24GLbp6ywMOP9k4xpV76,Stadium Thiais,published,pro,,48.7511024&2.3713455,2024-03-01T21:00:00.000Z,90,14,public,false,,,psf3NmXEPwdCltHKJC7VuvJocrF3,0,10,0,0,0,0,0
25DOs8qS1utr7AOncZjX,Stadium Thiais,published,pro,,48.7511024&2.3713455,2024-02-09T16:30:00.000Z,90,10,public,false,,,psf3NmXEPwdCltHKJC7VuvJocrF3,0,10,0,0,0,0,0
267nXQ40Y48GUoPxOv5p,UrbanSoccer - Lille Bondues,canceled,captain,ChIJ58ZerMgrw0cR2Jyp7tZjBn4,50.6913774&3.0860264,2024-01-28T18:00:00.000Z,60,9,public,true,,3,HScgtlXvZoPUQxBmHcHkpHQ2SuI3,9,10,0,0,0,0,0
26fq9fiTxIeVk2bHWvHt,Stadium Thiais,canceled,captain,ChIJ64X9jzx05kcRsHvSfOv6UcA,48.7511024&2.3713455,2024-01-28T18:30:00.000Z,90,15,public,false,Détente,,T0gYd02mAcQ3nFRaDLdSQvaj8WW2,6,12,0,0,0,0,0
27YoyCH2m7qfnpHaY7Ms,UrbanSoccer - Porte d'Aubervilliers,canceled,captain,ChIJ0dXjDCZs5kcRvX0EpMwxsUY,48.9074912&2.3746518,2024-02-13T17:45:00.000Z,60,12,public,true,Détente,3,bq5PYibx0dc8CtgPFur2BqH8l2j1,10,10,0,0,0,0,0
28BX84TwRkVP9JfokBnk,Massilia FIVE,canceled,captain,ChIJxZ6UmMW-yRIR7ot5DChYj4w,43.28920790000001&5.4503802,2024-01-21T17:00:00.000Z,60,10,public,false,Détente,3,y3LThe3Uptdviucdw7eZ4mip3Zr1,9,10,0,0,0,0,0
29ReBxTJQEouLLnHXV5P,LE FIVE Paris 13,canceled,pro,,48.8181615&2.3658793,2024-01-23T22:00:00.000Z,60,10,public,false,,,FjSnzlRFFfhWVWQJGfIEwRc2ZMj2,0,10,0,0,0,0,0
2AAhNA4MC7ttxkAyCPYh,LE FIVE Villette,played,captain,ChIJTUFnQjps5kcR0pHITLTw1PI,48.9070122&2.3861459,2024-01-21T16:00:00.000Z,60,12,public,false,Détente,2,s0bTIdyo7wdsK1Mj1UhDmNbO0Oh2,10,10,2,0,0,0,0
2AR3zfU2KHq4Pc2CbZw1,LE FIVE Bezons,canceled,pro,,48.91909&2.2093051,2024-02-12T21:00:00.000Z,90,14,public,false,,,U3MriTZbPbTUEsU6RtRuHxDMKvg2,5,10,0,0,0,0,1
2EhAdLKKF9jsY5eUQakz,UrbanSoccer - Quai d'Ivry,played,captain,ChIJfXxYJ0xy5kcRw9xTkF6-FZQ,48.8199885&2.3936463,2024-02-09T18:45:00.000Z,90,19.5,public,true,Détente,2,58rQhvTXDMcTLA00IxL6cUd7sVy2,10,10,1,0,0,0,1
2HSAtnbRRHfsxtF2sdn8,Stadium Thiais,published,pro,,48.7511024&2.3713455,2024-02-04T18:00:00.000Z,90,15,public,false,,,psf3NmXEPwdCltHKJC7VuvJocrF3,0,10,0,0,0,0,0
2HrtGFrQRyDev5QQagEB,LE PARK Complexe Multisports,played,captain,ChIJdUHbID8O5kcRV5lQhiHTvhs,48.8337843&2.5728501,2024-02-06T16:30:00.000Z,90,,public,false,Détente,3,NZJeALUeipOQqzdWnsXJUc16Mq02,10,10,3,0,0,0,0
2HyUsDKhWoFQMwtNlww8,Top Ten,published,pro,ChIJfXprBx4b5kcRmhe-5pLZUek,48.8729106&2.6840919,2024-01-21T22:00:00.000Z,90,15,public,false,,,i27253AGxOfXgYJK72sBnvUGuMk2,0,10,0,0,0,0,0
2IHWpDQzFpnUjjYDVrBB,LE FIVE Champigny,published,pro,,48.8194084&2.5251846,2024-02-24T18:00:00.000Z,60,11,public,false,,,evlV9mUgATYQ5343zpYZvk4w0r03,0,10,0,0,0,0,0
2JAG3J0kgs280vR8zU8b,UrbanSoccer Guyancourt,canceled,captain,ChIJmdX-2c-A5kcRj1wtOS8rZmo,48.7722091&2.0600292,2024-01-25T11:30:00.000Z,60,8.5,public,true,Détente,3,4UJbZ59vNcOoUDBQzkkRTDiLYA33,9,10,0,0,0,0,0
2JRJqL3zVPYjbIEgRliw,LE FIVE Paris 18,published,captain,ChIJpVT4_n1u5kcRzji6FdTBXXo,48.8978522&2.3700234,2024-01-21T16:30:00.000Z,90,21,public,true,Détente,3,c6llGGr5oTUJ6Vhl4HevktjACT63,9,10,0,0,0,0,0
2JwEVGkM4leoMoCt1S7h,Stadium Thiais,played,pro,ChIJ64X9jzx05kcRsHvSfOv6UcA,48.7511024&2.3713455,2024-02-11T18:00:00.000Z,90,15,public,false,,,psf3NmXEPwdCltHKJC7VuvJocrF3,12,12,4,0,0,0,6
2K3pjpUQa6dQI5uTdTRT,LE FIVE Paris 18,played,captain,ChIJpVT4_n1u5kcRzji6FdTBXXo,48.8978522&2.3700234,2024-02-04T16:00:00.000Z,90,14,public,true,Détente,3,c6llGGr5oTUJ6Vhl4HevktjACT63,10,10,1,0,0,0,0
2Oonm6W8FCdXdEAo7we3,Stadium Thiais,hidden,pro,ChIJ64X9jzx05kcRsHvSfOv6UcA,48.7511024&2.3713455,2024-01-22T19:30:00.000Z,90,15,public,false,,,psf3NmXEPwdCltHKJC7VuvJocrF3,2,10,0,0,0,0,0
2OqtsB0Bckq2iwl85D0w,Foot POWER 5,canceled,pro,,48.960066&2.2061913,2024-02-14T17:00:00.000Z,90,5,public,false,,,sss3dYi6nzWd7rEjwcQ30LGKudj1,0,10,0,0,0,0,0
2RQ3OSlo4IPoWG97Al06,Stadium Thiais,played,pro,,48.7511024&2.3713455,2024-01-29T19:30:00.000Z,120,18,public,false,,,psf3NmXEPwdCltHKJC7VuvJocrF3,12,12,1,0,0,0,1
2Rwb9tvrAaJrwbA6adhd,LE FIVE Créteil,published,pro,,48.7643086&2.4706522,2024-02-19T16:00:00.000Z,60,7,public,false,,,ZmXMWx7aTdPoPkkGOWa2HIQVblq2,0,10,0,0,0,0,0
2SYSggckLHGyiDwULFOG,LE FIVE Marville - La Courneuve,played,captain,ChIJ2dHdMZxr5kcR0aKYHYsp0pY,48.9364404&2.3869147,2024-02-10T16:00:00.000Z,60,10,public,false,Détente,4,dh7cdpBBwbcaSthLm0V2agK6x0n2,10,10,5,0,0,0,1
2SwQeC9gwVMOiloGtGOB,LE FIVE Montreuil,published,pro,,48.8613036&2.4653095,2024-02-05T11:00:00.000Z,60,7,public,false,,,u9uC1vjdcdQ3UqNxI0SiFxor0m43,1,10,0,0,0,0,0
2TZWcv79IRuKXnXRjANh,LE FIVE Paris 18,played,pro,,48.8978522&2.3700234,2024-02-12T21:20:00.000Z,90,10,public,false,,,UQf33jQhVZhle917nO0h7D5qclV2,9,10,8,0,1,1,5
2UZzF3nEgU4CxeZgwAkO,Stade de la Habette,canceled,captain,ChIJe02fRPcN5kcRMFMVlwIl9Ec,48.7747069&2.468236,2024-02-11T14:30:00.000Z,120,,public,false,Compétition,5,U3gMk9AqD1UDGa1mnX8BD6lk8L13,12,22,0,0,0,0,0
2VA3h0c5dC9IHPdarPIt,Stade Lilian Thuram,played,captain,ChIJy0-vXf9l5kcRH4WAmpihUQE,48.933705&2.2828141,2024-01-21T08:15:00.000Z,150,,public,false,,4,VACWm8ZQBwXzz3nMcuBji92IT8p1,16,16,0,0,0,0,0
2Vyg7JdvQsZdwDX4CNJA,Top Ten,published,pro,,48.8729106&2.6840919,2024-02-14T16:00:00.000Z,90,5,public,false,,,i27253AGxOfXgYJK72sBnvUGuMk2,10,10,0,0,0,0,7
2W0fWBqHHvhRR86sg438,LE FIVE Bobigny,published,pro,,48.901553&2.4313304,2024-01-22T17:00:00.000Z,60,8,public,false,,,4owi3i7t8EOvFNF6UQvACOpiDRy1,0,10,0,0,0,0,1
2WJFT4QEY6HsdDpuRSHQ,UrbanSoccer - Asnières,played,captain,ChIJi5LkLT9v5kcRSlhScqEFNWs,48.92192379999999&2.3068311,2024-01-23T21:30:00.000Z,90,5,public,true,Détente,2,79d8dNqsIwfqGmq5KGPL5w7ckFl2,10,10,1,0,0,0,4
2Wwu1u4Ql9ZN5tTZa5el,TEP Reverdy,played,captain,ChIJ97IzEXZt5kcRrziQffedeSo,48.8852655&2.3762939,2024-01-29T18:00:00.000Z,120,5,public,false,,4,IPmbamz2bkMhCjliEqifTUkx2ir2,12,12,4,0,0,0,1
2YHHrzC4Ii0K0lSy9oZ8,Laser Stadium,canceled,captain,ChIJpZdywq4i9UcRJAPhLaIPorA,45.355282&4.8109091,2024-02-03T16:00:00.000Z,60,9.5,public,false,Détente,2,B4bfSLKRr5Vwh2UPVa7l63wkQdA3,4,10,0,0,0,0,0
2YI1oU3HjLIRRtdIvVCA,LE FIVE Paris 13,played,captain,ChIJ_bOSChhz5kcRZMTeq_6Gdzg,48.8181615&2.3658793,2024-01-25T19:00:00.000Z,60,14,public,true,Compétition,2,lsFnBRlFWUZkBfuSSth3fe7xRrD3,10,10,3,0,0,0,2
2YOxXMXmqEJ2wSOrUd26,LE FIVE Morangis,played,captain,ChIJA4uAhOXZ5UcRp-vZXZP-ovY,48.692672&2.3192811,2024-02-11T09:30:00.000Z,90,15,public,false,Détente,2,qooHBLiKJ3UrhuorJrcmEhl7Kyn1,10,10,3,0,0,0,2
2Z68GwJpriGciPN7NVYz,LE FIVE Montreuil,published,pro,,48.8613036&2.4653095,2024-03-11T16:00:00.000Z,90,11,public,false,,,u9uC1vjdcdQ3UqNxI0SiFxor0m43,0,10,0,0,0,0,0
2ZIZr1yzABNOeQbZzDLN,Footbox,published,pro,,48.9022789&2.582647,2024-03-01T18:00:00.000Z,60,10,public,false,,,QI89VPazyLhBVnWH871jk4BUEZI3,0,10,0,0,0,0,0
2aEko1v1NTKwl9Hku8dc,UrbanSoccer Orsay,canceled,captain,ChIJpZIJg7J45kcRrKWKhtbfnEQ,48.70829&2.17794,2024-01-29T19:30:00.000Z,30,16.5,public,true,Chill,3,jMj888CHnuglX02AL0WCMH42YhP2,8,10,0,0,0,0,0
2aYjbvJhY82QXpAxTU57,Foot-Max Argenteuil,published,captain,ChIJi9oIzaRm5kcRJYcK7QsdRMU,48.9501569&2.2093741,2024-01-28T18:45:00.000Z,90,,public,false,Détente,,PHiO9thJ6rUJyt4WmBMC8AsGDbC3,9,10,0,0,0,0,0
2bar15lSIVpgrg3daARJ,FIVE ARENA,canceled,captain,ChIJ02bKSuih6EcRb796CXVbkVs,48.9539465&2.9154573,2024-02-01T19:30:00.000Z,30,15,public,false,Détente,2,QvEJrjhePXc9G9wriMT78s9Zyb52,9,10,0,0,0,0,0
2cX8anZesugLYO9gVA7n,LE PARK Complexe Multisports,canceled,captain,ChIJMU8gErUJ5kcRSnpvacKwFtM,48.71189589999999&2.5771181,2024-01-31T18:00:00.000Z,90,15,public,false,Détente,3,FNr4CNrazeWuSRsWZS109DEu55a2,9,10,0,0,0,0,0
2ifIshpQH0ZdytF77S4x,LE FIVE Villette,played,captain,ChIJTUFnQjps5kcR0pHITLTw1PI,48.9070122&2.3861459,2024-02-06T18:00:00.000Z,60,12,public,false,Détente,,rSglEfM3BES0yBvunBc34OS2M443,10,10,2,0,0,0,1
2jkPxxWfP3mqbbezWgVI,Foot POWER 5,canceled,pro,,48.960066&2.2061913,2024-03-03T08:00:00.000Z,90,10,public,false,,,sss3dYi6nzWd7rEjwcQ30LGKudj1,0,10,0,0,0,0,0
2k223ujJrcVN9Pv0rE8g,Top Ten,published,pro,,48.8729106&2.6840919,2024-02-15T21:30:00.000Z,90,16.5,public,false,,,i27253AGxOfXgYJK72sBnvUGuMk2,0,10,0,0,0,0,0
2kB4LiwlPAdiKeSyVR9n,Footbox,published,pro,,48.9022789&2.582647,2024-02-22T22:00:00.000Z,60,10,public,false,,,QI89VPazyLhBVnWH871jk4BUEZI3,0,10,0,0,0,0,0
2m0fh4tYmTX5oZO4zyXr,Game 13 foot indoor,canceled,captain,ChIJNSDvlsXryRIRUXao9hwB79I,43.41258939999999&5.366617,2024-01-21T19:00:00.000Z,60,10,public,false,Compétition,3,g9UpblN4GdetODKXH5L35ZRNl5y1,3,10,0,0,0,0,0
2mvth4FvJNlHRJ1ty7zh,UrbanSoccer Meudon,played,captain,ChIJ0WKvjbh75kcRoqSmyWwW2jQ,48.8001204&2.2140771,2024-02-04T15:00:00.000Z,90,15,public,true,Détente,3,MfHZIzjHzleq0ECwPRvtBWgG9Ah2,10,10,6,0,0,2,0
2nrW6AZm3oFoJjCX6RUU,UrbanSoccer - Puteaux,canceled,captain,ChIJM_sC0-Nk5kcRhL1y_EFIje8,48.8836397&2.2312283,2024-02-08T11:00:00.000Z,60,11,public,true,Détente,2,8rY2LLxtWsUhFxStEBtYlI2w9ny2,10,10,0,0,0,0,2
2oFx1Iq5xjPFLGW7S3Sm,F5 Foot Five,played,captain,ChIJjUbM5G7A9EcRW3mlkrhyXxY,45.7857911&4.905926399999999,2024-02-01T17:00:00.000Z,60,10,public,false,Détente,,eyg4jzU72eTwyaBcf2Juh4co7bq2,10,10,2,0,0,0,0
2sNSkN8MGdzpIdXYDuDT,Foot POWER 5,canceled,pro,,48.960066&2.2061913,2024-02-25T11:00:00.000Z,90,10,public,false,,,sss3dYi6nzWd7rEjwcQ30LGKudj1,0,10,0,0,0,0,0
2sinipEdzubkP5eEawJH,Parc Interdépartemental des Sports du Tremblay,played,captain,ChIJBVkfrQ4N5kcRGi-XnNQN_yo,48.8281085&2.491365,2024-01-25T18:20:00.000Z,60,,public,false,Détente,3,s07JSnByr4cK4nenA1O20t1kL6o1,14,14,7,0,0,0,7
2upwgNEAsrD0RrrUniae,UrbanSoccer - Asnières,played,captain,ChIJi5LkLT9v5kcRSlhScqEFNWs,48.92192379999999&2.3068311,2024-02-04T12:30:00.000Z,60,11,public,true,,3,DE80dXRiU5Zo590Dc97goArOdpt1,10,10,4,0,0,0,1
2v44fkRquSny1yoCvcdL,Stadium Thiais,published,pro,ChIJ64X9jzx05kcRsHvSfOv6UcA,48.7511024&2.3713455,2024-02-13T19:30:00.000Z,90,15,public,false,,,psf3NmXEPwdCltHKJC7VuvJocrF3,0,10,0,0,0,0,0
2wNuQIazBtPYbqeIR6QO,UrbanSoccer La Défense,played,captain,ChIJh4rnfVhk5kcRV2Q-ZKdm8vA,48.8996456&2.2216773,2024-02-11T08:15:00.000Z,120,18.75,public,true,Détente,3,AUkfTwJUXCU0jcWvBoji5msJaYy2,10,10,0,0,0,0,0
2wspepmBGpqb8st40Fam,LE FIVE Paris 17,played,captain,ChIJ7eI8sFNv5kcR5xy52Wc57NU,48.900032&2.3213449,2024-02-10T17:30:00.000Z,60,10,public,true,Compétition,3,lq8TKSlwRDe3rDH4PUlIhcscxck1,10,10,3,0,0,0,1
2yTJNvI93Dz7KXYK0JJa,Top Ten,published,pro,,48.8729106&2.6840919,2024-01-30T22:00:00.000Z,90,16.5,public,false,,,i27253AGxOfXgYJK72sBnvUGuMk2,0,10,0,0,0,0,0
2yltHq83wmr5GQkxw1OL,Play Soccer,played,captain,ChIJQ-UxZn-5rhIRKWoQydM5T9s,43.5512023&1.4098927,2024-01-31T19:30:00.000Z,60,10,public,false,,,pL0skPQs4CYYVXb682MCC9jXu8K2,10,10,2,0,0,0,0
30mFjSgYctiNB5f74uIN,Top Ten,published,pro,,48.8729106&2.6840919,2024-02-26T22:00:00.000Z,90,16.5,public,false,,,i27253AGxOfXgYJK72sBnvUGuMk2,0,10,0,0,0,0,0
31lTiWJD4xagLPuSEbGd,LE FIVE Paris 18,published,pro,,48.8978522&2.3700234,2024-03-10T21:30:00.000Z,90,12,public,false,,,UQf33jQhVZhle917nO0h7D5qclV2,0,10,0,0,0,0,0
31oCfYqRd7DtQwsr8Npv,LE FIVE Bezons,canceled,captain,ChIJ71Mv0Wpk5kcRg-H9x7L-dXo,48.9190524&2.211796,2024-02-12T18:00:00.000Z,60,11,public,true,Détente,3,fwczzPGhZghQhEGwYNVay9BZebd2,10,10,0,0,0,0,0
33lc9S0PieVsvcled1Ju,LE FIVE Champigny,played,captain,ChIJsXi1PLYN5kcRTVVDuczgS2s,48.8194084&2.5251846,2024-01-24T19:00:00.000Z,90,16.5,public,false,Détente,3,qtdTYSK768dpfb8fbCsZBATJT6J3,10,10,2,0,0,0,2
33pFdG6EwTa9Y9p9j6mC,B14 - Sports et Loisirs Indoor,played,captain,ChIJaeLKMYXe5UcRHyWJ8X8FaPA,48.62229&2.3800445,2024-02-03T18:00:00.000Z,90,13.5,public,false,Détente,2,VSTvHkjbJ1eE7I4JHZXc9XYveW52,10,10,4,0,0,1,4
34Le3TPxWJRibsjfRDHq,Entente Sportive Saint-Priest,played,captain,ChIJz-TMr2_E9EcRRUz_3vDdK4Q,45.6932182&4.9607148,2024-01-21T08:30:00.000Z,120,,public,false,Détente,3,LFpR9pJoFXc9dtEZ4aqxHoOqoxA2,16,16,5,0,1,0,2
34Y3R4DWTNoWgGlfddBj,FOOT INDOOR Marseille,canceled,captain,ChIJ41AMCxC8yRIRLHLGt11sc-U,43.2859688&5.4882746,2024-02-08T16:30:00.000Z,60,10,public,false,Détente,3,RrGl5CQvfVYfnNuG5WvJhWBZfdz2,6,10,0,0,0,0,0
34kjSIt1D35oOO6ztlfL,LE FIVE Créteil,played,pro,,48.7643086&2.4706522,2024-01-28T11:00:00.000Z,60,11,public,false,,,ZmXMWx7aTdPoPkkGOWa2HIQVblq2,10,10,5,0,0,0,1
34zbmWFToYa8xSjJbrJi,UrbanSoccer Orsay,played,captain,ChIJpZIJg7J45kcRrKWKhtbfnEQ,48.70829&2.17794,2024-02-08T19:00:00.000Z,90,17,public,true,Détente,3,s1eo4MV4gLdD17mf1RxuRaEJ7612,10,10,0,0,0,0,0
35wJV5b95Wpe6bpqTbfE,LE FIVE Paris 13,played,captain,ChIJ_bOSChhz5kcRZMTeq_6Gdzg,48.8181615&2.3658793,2024-02-01T19:00:00.000Z,60,14,public,true,Compétition,2,lsFnBRlFWUZkBfuSSth3fe7xRrD3,10,10,3,0,0,0,0
36n8ouGAVvDFnBckSihG,Top Ten,published,pro,ChIJfXprBx4b5kcRmhe-5pLZUek,48.8729106&2.6840919,2024-02-11T15:30:00.000Z,90,15,public,false,,,i27253AGxOfXgYJK72sBnvUGuMk2,0,10,0,0,0,0,0
37PBXkSZBIcJYLvaC7OY,LE FIVE Paris 13,canceled,pro,,48.8181615&2.3658793,2024-02-01T22:00:00.000Z,60,10,public,false,,,FjSnzlRFFfhWVWQJGfIEwRc2ZMj2,2,10,0,0,0,0,0
38Lm337BokDf2U2FHJkJ,Top Ten,played,pro,,48.8729106&2.6840919,2024-01-30T16:00:00.000Z,90,5,public,false,,,i27253AGxOfXgYJK72sBnvUGuMk2,10,10,8,0,0,2,5
38PFCMpolkqgHmnSDJSy,LE FIVE Créteil,published,pro,,48.7643086&2.4706522,2024-02-13T16:00:00.000Z,60,7,public,false,,,ZmXMWx7aTdPoPkkGOWa2HIQVblq2,0,10,0,0,0,0,1
38ZKPcoSJGxn4SUQk0zP,Top Ten,published,pro,,48.8729106&2.6840919,2024-02-19T16:00:00.000Z,90,5,public,false,,,i27253AGxOfXgYJK72sBnvUGuMk2,8,10,0,0,0,0,0
39jt6XEYwDzYvYje8tSr,LE FIVE Bezons,canceled,captain,ChIJ71Mv0Wpk5kcRg-H9x7L-dXo,48.9190524&2.211796,2024-01-21T12:00:00.000Z,90,15,public,true,Détente,4,Mh3dYJqqGNcSmx1RufEqZ6m7s4q2,9,10,0,0,0,0,0
3ACD7D3edW29lURT1vsg,LE FIVE Paris 13,published,pro,,48.8181615&2.3658793,2024-02-05T22:00:00.000Z,60,10,public,false,,,FjSnzlRFFfhWVWQJGfIEwRc2ZMj2,0,10,0,0,0,0,0
3COsJ6jj2MKRybCcsaRu,LE FIVE Villette,played,captain,ChIJTUFnQjps5kcR0pHITLTw1PI,48.9070122&2.3861459,2024-01-28T18:15:00.000Z,60,12,public,false,Compétition,4,N1sS8BeasBdXbZo48sG5hR7kQ9e2,10,10,6,0,0,0,0
3EKNhxQwEKbQooL0UhSu,LE FIVE Montreuil,published,pro,,48.8613036&2.4653095,2024-02-17T17:30:00.000Z,90,15,public,false,,,u9uC1vjdcdQ3UqNxI0SiFxor0m43,0,10,0,0,0,0,0
3G5drZ20l25oiK5O3Ht2,LE FIVE Montreuil,published,pro,,48.8613036&2.4653095,2024-03-01T11:30:00.000Z,90,10.5,public,false,,,u9uC1vjdcdQ3UqNxI0SiFxor0m43,0,10,0,0,0,0,0
3GE5cRGJOICGrgBK5qPL,LE FIVE Bezons,played,pro,,48.91909&2.2093051,2024-02-11T19:00:00.000Z,90,15,public,false,,,U3MriTZbPbTUEsU6RtRuHxDMKvg2,10,10,6,0,0,0,6
3HamvVxnpsYsiFz2x3wd,LE FIVE Créteil,played,captain,ChIJ88lx3VwL5kcRVxCh4lD6_Gk,48.7643086&2.4706522,2024-02-08T18:30:00.000Z,60,11,public,false,Détente,2,nwCO7ClwcpduYGwx2LUOmuC5chF2,10,10,8,0,0,0,2
3J0FkxIKT18EGYAXIJuD,Stains,canceled,captain,ChIJ6_yphcJr5kcRMmpL4MPqRks,48.95538699999999&2.384703,2024-02-11T08:45:00.000Z,90,,public,false,Détente,2,PY4xVpp2kuN4vNMdN0QVj8hVkDz1,5,10,0,0,0,0,0
3K0tt9WPYMmN6NMUkP6t,LE FIVE Paris 18,published,pro,,48.8978522&2.3700234,2024-02-16T16:00:00.000Z,60,5,public,false,,,UQf33jQhVZhle917nO0h7D5qclV2,10,10,0,0,0,0,2
3KNVgAn9faRjQ3RSxeO5,UrbanSoccer - Porte d'Aubervilliers,published,captain,ChIJ0dXjDCZs5kcRvX0EpMwxsUY,48.9074912&2.3746518,2024-02-06T20:45:00.000Z,60,14.5,public,true,Détente,3,zx15E8kqOyMIfe9kE6wecnEydcu2,6,10,0,0,0,0,0
3L8PYl6Q9W6pP9T6HzaK,LE FIVE Montreuil,published,captain,ChIJJdTQjr0T5kcRZmGxtIJVy44,48.8607303&2.4650432,2024-02-11T15:00:00.000Z,60,10,public,false,Compétition,5,Nn4m94aJKdY5ii6EqBNBBw1K7rY2,1,10,0,0,0,0,0
3LJZuDM2SNyM3uJugmpD,Sport dans la Ville Rhône-Alpes,canceled,captain,ChIJoUEDcmvr9EcRILCz6hDCQ2o,45.7811703&4.8081568,2024-01-26T17:30:00.000Z,60,11,public,false,Détente,2,E3B3Oj9ljNeZbwNq7PEEJAss77A2,8,10,0,0,0,0,0
3M3MrU2U1M0ZO6BI1kCU,LE FIVE Montreuil,played,captain,ChIJJdTQjr0T5kcRZmGxtIJVy44,48.8607303&2.4650432,2024-01-22T19:30:00.000Z,90,7.5,public,false,Détente,3,f5iETGEIlxVWFQdhsomTaTTJdfk1,10,10,3,0,0,0,2
3MIKwCR5Ap1mthnF1IpM,LE FIVE Paris 17,played,pro,,48.900032&2.3213449,2024-01-24T16:00:00.000Z,60,5,public,false,,,V6mqbc9C8FNa1RQlUupjeoqOsZL2,10,10,10,0,2,0,5
3N1MNfmelw8Yv6TtNWfQ,UrbanSoccer - Lille Lezennes,played,captain,ChIJR3ro5nTWwkcRfM_S3Be9HjI,50.6169533&3.0995426,2024-01-24T19:50:00.000Z,60,9.5,public,true,Compétition,3,xR4ED6qRzmg0HreT9TkBwvuQM912,10,10,2,0,0,0,1
3N38ULuen0HaZAX27ft7,Stadium Thiais,played,pro,ChIJ64X9jzx05kcRsHvSfOv6UcA,48.7511024&2.3713455,2024-02-10T16:30:00.000Z,90,12,public,false,,,psf3NmXEPwdCltHKJC7VuvJocrF3,10,10,8,0,1,0,2
3NOhOdymnX2VWLw37s8q,LE FIVE Villette,played,captain,ChIJTUFnQjps5kcR0pHITLTw1PI,48.9070122&2.3861459,2024-02-07T18:00:00.000Z,60,12,public,false,Détente,,lt1n3V9jmreO2RSIAJbP7ka3lXB3,10,10,2,0,0,0,1
3OAnNbrJ27B33FQHx4P4,LE FIVE Montreuil,published,pro,,48.8613036&2.4653095,2024-02-02T11:30:00.000Z,90,10.5,public,false,,,u9uC1vjdcdQ3UqNxI0SiFxor0m43,0,10,0,0,0,0,0
3OFKxbJjrq4UgI4mP6VU,FOOT INDOOR Marseille,canceled,captain,ChIJ41AMCxC8yRIRLHLGt11sc-U,43.2859688&5.4882746,2024-02-05T21:00:00.000Z,60,10,public,false,Compétition,3,U4uVJxQAMySzPBXZN4MEYGNEuCe2,5,10,0,0,0,0,0
3PLJ4ZMEw42bUN4r5Uht,FOOT INDOOR Marseille,played,captain,ChIJ41AMCxC8yRIRLHLGt11sc-U,43.2859688&5.4882746,2024-02-01T17:00:00.000Z,60,10,public,false,Détente,3,RrGl5CQvfVYfnNuG5WvJhWBZfdz2,10,10,4,0,0,0,0
3QerIwuTESt39EFZGfFT,UrbanSoccer - Puteaux,played,captain,ChIJM_sC0-Nk5kcRhL1y_EFIje8,48.8836397&2.2312283,2024-01-26T18:00:00.000Z,60,10,public,true,Détente,2,5Vj8TMIinOXI6UiS3IX2GEWZSF32,10,10,2,0,0,0,1
3RJmkmBieNQd6yEIy454,Stade Olympique Yves du Manoir,canceled,captain,ChIJYeUIntpl5kcRZsN35flVVAY,48.9292771&2.2477717,2024-01-23T09:00:00.000Z,120,,public,false,Compétition,4,9RsiW31iSGhaAT8kokv7pIP4bmU2,5,18,0,0,0,0,0
3SSz26Fv8HVA8AK0b1D7,Z5 Aix,canceled,captain,ChIJKb-U_9KSyRIRKIFKbH5mW18,43.4787869&5.3969048,2024-02-07T17:00:00.000Z,60,11,public,false,Détente,,WAR3T49i5EVWHTe2EKh3b0WsVpM2,7,10,0,0,0,0,0
3SpKJp7sC1YCnbjHPYE0,Classico Foot,played,captain,ChIJFV442oCxrhIRgsZy5aIbkNs,43.5945434&1.2911399,2024-02-09T21:30:00.000Z,60,8,public,false,Compétition,4,1ZYZDZ2TV5doCKQ610CkiGN0K9R2,10,10,3,0,0,0,0
3Ti0KHUvTIKeY0nXYaOc,Ball In d'Or Dreux,draft,captain,ChIJgRwhLzZV4UcRZ1kZ41ivPqU,48.7468231&1.3611978,2024-02-01T19:00:00.000Z,60,,private,false,,,zPvEc6N6XGNzCUmsMuNjUtip6jp1,0,0,0,0,0,0,0
3UBlxDLIL5R0Xl7TyvgQ,Game 13 foot indoor,published,captain,ChIJNSDvlsXryRIRUXao9hwB79I,43.41258939999999&5.366617,2024-01-28T19:00:00.000Z,60,10,public,false,Détente,3,tNI5PAPgX0MDq6T4GlwP3d2ndaO2,9,10,0,0,0,0,0
3VX7Lh9L0RSiMFOBdtgp,Play Soccer,published,captain,ChIJQ-UxZn-5rhIRKWoQydM5T9s,43.5512023&1.4098927,2024-02-10T17:30:00.000Z,90,12,public,false,,,8LtkeOuZHeePxfkXdNPmQSr7V9L2,5,10,0,0,0,0,0
3WBGqjLBFE2js5ZI6e44,LE FIVE Créteil,played,captain,ChIJ88lx3VwL5kcRVxCh4lD6_Gk,48.7643086&2.4706522,2024-01-30T21:00:00.000Z,60,11,public,false,Détente,2,ahveNwbHk6XvskUZTStak7aYNB82,10,10,1,0,0,0,1
3WTQutbRhqxQ4EGa5n7O,La Plaine des Sports - Université Paris-Saclay,played,captain,ChIJv4ZkWb5_5kcRkQ23aJHNq24,48.71200899999999&2.1560772,2024-01-28T14:00:00.000Z,90,,public,false,Détente,3,s1eo4MV4gLdD17mf1RxuRaEJ7612,16,16,4,0,1,1,3
3X0VF0VpB5nbTsFxGiyE,Events Five,played,captain,ChIJf8cSCJG5rhIRoQadPH-wW1U,43.5399703&1.3922897,2024-02-06T19:00:00.000Z,60,9.5,public,false,Détente,2,fHj7ncmBHdTr3r6loaZW3T6Oxt13,10,10,3,0,0,0,0
3Y4Rsu3IcQhYsVK0sChw,LE PARK Complexe Multisports,played,captain,ChIJMU8gErUJ5kcRSnpvacKwFtM,48.71189589999999&2.5771181,2024-02-04T18:00:00.000Z,90,15,public,false,Compétition,5,OCo4rVohavaNmk1Hghm3U6v7mak2,10,10,2,0,0,0,0
3bhMxrfCQyYPizee8xJP,Footbox,published,pro,,48.9022789&2.582647,2024-03-05T21:00:00.000Z,60,10,public,false,,,QI89VPazyLhBVnWH871jk4BUEZI3,0,10,0,0,0,0,0
3elL0m97GoJrhMruMutk,LE FIVE Champigny,canceled,captain,ChIJsXi1PLYN5kcRTVVDuczgS2s,48.8194084&2.5251846,2024-01-22T19:00:00.000Z,90,16.5,public,false,Détente,3,qtdTYSK768dpfb8fbCsZBATJT6J3,10,10,0,0,0,0,0
3emyPNOCwLH3vcdWkFs9,UrbanSoccer Guyancourt,played,captain,ChIJmdX-2c-A5kcRj1wtOS8rZmo,48.7722091&2.0600292,2024-01-29T18:30:00.000Z,60,10,private,true,Détente,3,CrOBczekKTQvhnbuUD1E4Hd2so03,10,10,3,0,0,0,0
3fLCgmRRo9R3trpkgXFX,Stadium Thiais,published,pro,,48.7511024&2.3713455,2024-02-18T21:00:00.000Z,90,15,public,false,,,psf3NmXEPwdCltHKJC7VuvJocrF3,0,10,0,0,0,0,0
3fvlsB1PqZQcwgm5LjAs,UrbanSoccer - Lille Bondues,published,captain,ChIJ58ZerMgrw0cR2Jyp7tZjBn4,50.6913774&3.0860264,2024-02-03T08:30:00.000Z,120,10,public,true,Détente,1,vA8SlKR2U2eAHIP0f0bcRJ0nO2q1,9,10,0,0,0,0,0
3gZfSb1IcLOatmWqt4fL,Stadium Thiais,played,pro,ChIJ64X9jzx05kcRsHvSfOv6UcA,48.7511024&2.3713455,2024-01-26T19:30:00.000Z,90,15,public,false,,,psf3NmXEPwdCltHKJC7VuvJocrF3,12,12,5,0,0,0,1
3gaYV9oTb9cUQg7shk9M,UrbanSoccer Meudon,published,captain,ChIJ0WKvjbh75kcRoqSmyWwW2jQ,48.80013599999999&2.2140811,2024-01-20T17:00:00.000Z,60,9,public,true,Compétition,3,tVpbqRplk7bQhnarKhKCWniJDoU2,4,10,0,0,0,0,0
3hAAw0CwaLhqBDAxMPI1,Top Ten,published,pro,,48.8729106&2.6840919,2024-02-06T11:00:00.000Z,90,5,public,false,,,i27253AGxOfXgYJK72sBnvUGuMk2,0,10,0,0,0,0,0
3ipnaSL0NQQJukT1bgJU,Cité des Sports,played,captain,ChIJ70UPf6R75kcRGb3NAV9k7Ww,48.8247744&2.2650728,2024-02-07T11:15:00.000Z,60,,public,false,Détente,3,VLgPQyeWiRVya6l4BuDcIU14KMu1,16,16,4,0,0,0,1
3kOpKk7dIlufbT7E6hDA,UrbanSoccer - Puteaux,played,captain,ChIJM_sC0-Nk5kcRhL1y_EFIje8,48.8836397&2.2312283,2024-02-04T10:15:00.000Z,60,13,public,true,Compétition,3,ADnpZZaN9uMZHeOSxP62UtI4lRH3,10,10,4,0,0,0,2
3kZsVEJ6n45xZKMBLWAd,UrbanSoccer - Porte d'Aubervilliers,draft,captain,ChIJ0dXjDCZs5kcRvX0EpMwxsUY,48.9074912&2.3746518,2024-01-27T19:00:00.000Z,60,10.5,public,true,Compétition,3,X0Zx5uZfuUfmVO5EfM3ZLDKwLDF3,0,10,0,0,0,0,0
3l951pB6YfI27KY4RCMH,POWER FIVE ( Foot à 5 en intérieur ),canceled,captain,ChIJ6ULNmyh15kcRV9cjbnBjGr8,48.73026429999999&2.4346948,2024-02-08T20:00:00.000Z,90,15,public,false,Détente,2,jedCZuwKz9aTMM8cw2VRiD45C9h2,10,10,0,0,0,0,0
3n3v8PZf0CJ8nWYXl67e,UrbanSoccer La Défense,played,captain,ChIJh4rnfVhk5kcRV2Q-ZKdm8vA,48.8996456&2.2216773,2024-01-25T19:00:00.000Z,60,15,public,true,Compétition,4,GKddlQndKzgpWWaw2Kd92rHYBP82,10,10,4,0,0,1,1
3nLv1eWbP9VlvcQBJpFe,Stadium Thiais,published,captain,ChIJ64X9jzx05kcRsHvSfOv6UcA,48.7511137&2.3715422,2024-02-21T16:00:00.000Z,120,10,public,false,Détente,3,Dohg1zNvhsbmGrYuAmExKFyjruw2,3,10,0,0,0,0,0
3skaDaQF8sTbv9vVoy2u,Footsal,published,captain,ChIJa7HS298pw0cRMoVDj0XqVdI,50.6397895&3.1251337,2024-01-31T18:15:00.000Z,60,8,public,false,Détente,2,5kqUPiGugtgU9TJsJe9wBJRhIYs2,9,10,0,0,0,0,0
3thbGI37ShwnEXAYgdr1,UrbanSoccer Evry,published,captain,ChIJW0Ut1G7e5UcRt621n2fRQ5M,48.6286849&2.4066366,2024-01-24T20:20:00.000Z,90,16,public,true,Détente,3,f4HHLcjgZSbLTp7za7I9cEdioyg2,9,10,0,0,0,0,0
3u15KV2nxCNAy17irvRR,UrbanSoccer - Puteaux,draft,captain,ChIJM_sC0-Nk5kcRhL1y_EFIje8,48.8836397&2.2312283,2024-01-21T15:00:00.000Z,60,,public,false,,,f1fB10s1BrZnqSa97IuO7P8r0l93,0,0,0,0,0,0,0
3uEZeVrnw0t2tcMWI5GG,Game 13 foot indoor,canceled,captain,ChIJNSDvlsXryRIRUXao9hwB79I,43.41258939999999&5.366617,2024-02-12T19:30:00.000Z,60,10,public,false,Détente,3,tNI5PAPgX0MDq6T4GlwP3d2ndaO2,3,10,0,0,0,0,0
3uLklZleicA80xdS3MSB,Stadium Thiais,canceled,captain,ChIJ64X9jzx05kcRsHvSfOv6UcA,48.7511137&2.3715422,2024-02-05T19:30:00.000Z,90,15,public,false,,3,KuVAgt6OkwZ5qnRIqof0PdSsdSF2,7,10,0,0,0,0,0
3uQk4NDmVusQMqMXRGl9,Monclub Futbol,played,captain,ChIJGbxxaamUyRIRgGvhHnhJStA,43.4299152&5.4001974,2024-01-30T19:00:00.000Z,60,10,public,false,Détente,3,nxPNmtMLqxSZHx7hbX45VPndE5n1,10,10,2,0,0,0,0
3ww614oTfdUgQulSz3kK,UrbanSoccer - Lille Lezennes,played,captain,ChIJR3ro5nTWwkcRfM_S3Be9HjI,50.6162725&3.0998108,2024-02-11T18:30:00.000Z,60,10,public,true,Détente,3,sJbLY0Tw5Fet2etsw7Zw9LTI6jr1,10,10,5,0,0,0,0
3wzpV645UIvHts5oxdil,LE FIVE Villette,played,captain,ChIJTUFnQjps5kcR0pHITLTw1PI,48.9070122&2.3861459,2024-02-12T19:30:00.000Z,90,18,public,false,Détente,3,X7SknW0NrdfRv1JxdoOD42EHvwv2,10,10,3,0,0,0,1
40B8ikLZRW0CgQkY4Gty,Foot-Max Argenteuil,published,pro,,48.9501632&2.2093946,2024-02-03T13:00:00.000Z,120,14,public,false,,,SuEnyPZ4TgNIkt1yap2yJ3ZHO6p1,1,10,0,0,0,0,0
40tamNDs39nkCggelakn,LE FIVE Bezons,canceled,captain,ChIJ71Mv0Wpk5kcRg-H9x7L-dXo,48.9190524&2.211796,2024-01-28T15:15:00.000Z,90,15,public,true,Détente,,9eaVRr81GOZkRse9wwXTdedH7ex2,9,10,0,0,0,0,0
41CAYvfzgM6BvgzfVL5i,Footbox,published,pro,,48.9022789&2.582647,2024-02-20T16:00:00.000Z,60,7,public,false,,,QI89VPazyLhBVnWH871jk4BUEZI3,0,10,0,0,0,0,0
41IPKFPzs0nwWRDm6v8R,Footbox,published,pro,,48.9022789&2.582647,2024-03-12T21:00:00.000Z,60,10,public,false,,,QI89VPazyLhBVnWH871jk4BUEZI3,0,10,0,0,0,0,0
421ibpn1BLXcbhZAD1lq,Foot POWER 5,canceled,pro,,48.960066&2.2061913,2024-02-27T20:00:00.000Z,90,7,public,false,,,sss3dYi6nzWd7rEjwcQ30LGKudj1,0,10,0,0,0,0,0
431g2dUdyRQfrJLJePE1,LE FIVE Carrières-sous-Poissy,canceled,captain,ChIJ9T4fWfyL5kcRCBX-FyZLvEE,48.9468144&2.0230574,2024-02-04T10:30:00.000Z,90,13,public,false,,,T3MXqcHK9jTOVl5qDb6YLQV5V8R2,7,10,0,0,0,0,0
439yK79RKvdhxCINnocc,Footbox,published,pro,,48.9022789&2.582647,2024-03-06T14:00:00.000Z,60,7,public,false,,,QI89VPazyLhBVnWH871jk4BUEZI3,0,10,0,0,0,0,0
43J7miex6ZgLBvY5LF9N,UrbanSoccer La Défense,played,captain,ChIJh4rnfVhk5kcRV2Q-ZKdm8vA,48.8996456&2.2216773,2024-01-31T11:30:00.000Z,60,,public,true,Détente,3,UG23bh92yeTazTzl6luByxrPhHf1,10,10,2,0,0,0,2
44lTGuxpNsYEcFqa80Xf,Top Ten,played,captain,ChIJfXprBx4b5kcRmhe-5pLZUek,48.8729106&2.6840919,2024-01-21T08:00:00.000Z,90,15,public,false,Détente,2,ohs1zlaD0gcVJDhI0QKH1gNNg4k2,10,10,0,0,0,0,0
45lCNDGBAjVI4vzHwp4h,LE FIVE Champigny,published,pro,,48.8194084&2.5251846,2024-01-30T16:00:00.000Z,60,7,public,false,,,evlV9mUgATYQ5343zpYZvk4w0r03,0,10,0,0,0,0,0
4758NEozoCu5WFN54wVC,Le Street Foot en Salle,played,captain,ChIJt_AXL6Jg5kcRu6rBmnrmeUM,49.0164435&2.181307,2024-01-28T17:00:00.000Z,120,15,public,false,Détente,,bNEypYrDpIcO5zNPL4imjEvDRNY2,10,10,1,0,0,0,0
47Umt9DWQTa4LKTXg3ta,Footbox,published,pro,,48.9022789&2.582647,2024-02-16T14:00:00.000Z,60,7,public,false,,,QI89VPazyLhBVnWH871jk4BUEZI3,0,10,0,0,0,0,0
483JgTBV8KSCKImIvTqQ,UrbanSoccer - Toulouse Montaudran,played,captain,ChIJl772e0u8rhIR2foRX4Xa2CI,43.574642&1.4801835,2024-02-05T20:00:00.000Z,60,10.5,public,true,Détente,4,nF6mzYrCqNcNj5iSi7r377rebA13,10,10,2,0,0,0,1
48nawRAxNc8d6fEk3lhD,Stade de la grenouillère,published,captain,ChIJ72-ON8135kcR__Ke_xtObCM,48.763303&2.2958683,2024-02-09T08:00:00.000Z,90,,public,false,Compétition,4,jI2N9cuRf5SCl7fDChMQV9SU9Yd2,9,22,0,0,0,0,0
49Us8dE8vGMEYMuRCYeq,Game 13 foot indoor,played,captain,ChIJNSDvlsXryRIRUXao9hwB79I,43.41258939999999&5.366617,2024-02-02T19:00:00.000Z,60,10,public,false,Détente,3,tNI5PAPgX0MDq6T4GlwP3d2ndaO2,10,10,2,0,0,0,0
49gzpipXtesmhzC30kyC,LE FIVE Bezons,published,pro,,48.91909&2.2093051,2024-02-28T21:00:00.000Z,90,14,public,false,,,U3MriTZbPbTUEsU6RtRuHxDMKvg2,0,10,0,0,0,0,0
4AFYEElxp4Mo4NiIACYC,LE FIVE Montreuil,published,pro,,48.8613036&2.4653095,2024-02-21T09:00:00.000Z,90,10.5,public,false,,,u9uC1vjdcdQ3UqNxI0SiFxor0m43,0,10,0,0,0,0,0
4AOnvSvdckmE5iscSkCf,Foot POWER 5,canceled,pro,,48.960066&2.2061913,2024-01-24T17:00:00.000Z,90,5,public,false,,,sss3dYi6nzWd7rEjwcQ30LGKudj1,0,10,0,0,0,0,0
4AdECS4s4P9zD3hRkilu,Stade Robespierre,canceled,captain,ChIJrSdPdLpk5kcRTIf7gmbAvcU,48.8692482&2.2034218,2024-02-11T16:15:00.000Z,90,5,public,false,Compétition,2,P2fpoPcsJ3ZKgVNv94Q8rJ8w4Zd2,1,10,0,0,0,0,0
4AogYDog1tyhjulVNeRS,LE PARK Complexe Multisports,played,captain,ChIJdUHbID8O5kcRV5lQhiHTvhs,48.8337843&2.5728501,2024-02-09T11:30:00.000Z,60,4,public,false,Détente,2,G6yoF5W0fCQir8KtxHmHZkJuheA3,10,10,2,0,0,0,0
4C6WWP2ah5iXZgI4MLNn,LE FIVE Paris 18,published,captain,ChIJpVT4_n1u5kcRzji6FdTBXXo,48.8978522&2.3700234,2024-01-23T20:30:00.000Z,60,14,public,true,Détente,2,f3AZt2jf8qQakm4AtYvFOLQvz3n2,8,10,0,0,0,0,0
4CY3dMDzgiVeP704HRYH,Play Soccer,canceled,captain,ChIJQ-UxZn-5rhIRKWoQydM5T9s,43.5512023&1.4098927,2024-01-28T18:00:00.000Z,90,12,public,false,Détente,,Gccdkxa5lEblxvNniV5S9BTnFhy1,9,10,0,0,0,0,0
4CciczkyRr4NGLY9b8Sa,Speed Soccer Five,canceled,captain,ChIJ2xTNglV25kcR3UDi4AXGfDU,48.7360598&2.315058,2024-01-30T18:30:00.000Z,90,13,public,false,Détente,3,Z5sxx936iZX9hchZEihemmPqYW12,8,10,0,0,0,0,0
4EMIKeuiE1veA7x0i6Dl,Stadium Thiais,published,pro,,48.7511024&2.3713455,2024-02-29T21:00:00.000Z,90,14,public,false,,,psf3NmXEPwdCltHKJC7VuvJocrF3,0,10,0,0,0,0,0
4Eb0FM2Gb4ydmqJ5cOoL,FOOT IN FIVE,published,captain,ChIJoUR0syFp5kcRUlStnwluaYY,48.9552257&2.3328346,2024-01-31T18:00:00.000Z,90,15,public,false,Compétition,5,MlMCUQrOsYWMoltYRGFknz0KO3x1,3,10,0,0,0,0,0
4FNLJ77Vp2LF9Xsc4nF3,LE FIVE Paris 18,played,captain,ChIJpVT4_n1u5kcRzji6FdTBXXo,48.8978522&2.3700234,2024-02-01T19:00:00.000Z,60,9,public,true,Détente,2,15SBk1kgEmgPBm3IlklgT6pQZ9n2,10,10,1,0,0,0,1
4HcLOieaHAVo6yuEdglA,LE FIVE Montreuil,published,pro,,48.8613036&2.4653095,2024-02-19T22:00:00.000Z,60,8,public,false,,,u9uC1vjdcdQ3UqNxI0SiFxor0m43,0,10,0,0,0,0,0
4HwFffU6j6de0HkEkZhI,Stade Makowski,canceled,captain,ChIJvShnxJpt5kcRwdqlaq1s3E0,48.9090365&2.436058,2024-02-07T18:50:00.000Z,90,,public,false,,4,FmWwP3CHDDPrKuS9tlikkebaorJ3,10,10,0,0,0,0,0
4LreH4odFU3L4GWwelhv,Stadium Thiais,published,pro,,48.7511024&2.3713455,2024-02-14T16:30:00.000Z,90,10,public,false,,,psf3NmXEPwdCltHKJC7VuvJocrF3,0,10,0,0,0,0,1
4LwbfYwU1cJKFfONYO4K,Z5 Aix,canceled,captain,ChIJKb-U_9KSyRIRKIFKbH5mW18,43.4787869&5.3969048,2024-01-22T20:00:00.000Z,60,10,public,false,Détente,2,9NVamTs6acfgIQeb1GBdY9kvwxH3,9,10,0,0,0,0,0
4MoFcdx02sdjJ5EmH3Q4,Stadium Thiais,hidden,pro,,48.7511024&2.3713455,2024-01-28T10:30:00.000Z,90,15,public,false,,,psf3NmXEPwdCltHKJC7VuvJocrF3,0,10,0,0,0,0,0
4NQwu5mMIA3NzYhHxLSB,UrbanSoccer La Défense,played,captain,ChIJh4rnfVhk5kcRV2Q-ZKdm8vA,48.8996456&2.2216773,2024-01-28T12:30:00.000Z,60,14.5,public,true,Détente,2,JbE8P7tb4ZTJT59liqGI6fEXmEA2,10,10,2,0,0,0,0
4NUIlJfrCTbc92JtlOp6,Speed Soccer Five,published,captain,ChIJ2xTNglV25kcR3UDi4AXGfDU,48.7360598&2.315058,2024-01-28T10:30:00.000Z,90,14,public,false,Détente,3,38n9OHYdOthEZjosrLq2hO3AIfX2,6,10,0,0,0,0,1
4PC09w4LjeQsv9yN3kXb,UrbanSoccer Evry,played,captain,ChIJW0Ut1G7e5UcRt621n2fRQ5M,48.6286849&2.4066366,2024-01-31T18:45:00.000Z,90,15.75,public,true,Compétition,3,iwFWhQjFryZZi74TDw73EIHrdVw1,10,10,0,0,0,0,1
4PT0Ggn5wXaRYeAR4Bbm,Élite 5 Soccer,played,captain,ChIJ5-jfdlZk5kcRYIaELgvikaM,48.9009153&2.2297275,2024-01-20T14:00:00.000Z,60,12,public,true,Détente,3,OJknS6xEHQg7gnie3oJA8tPlh953,10,10,2,0,0,0,0
4Pnrtzl0VKYSrTQ2ZbbF,Stadium Thiais,published,pro,,48.7511024&2.3713455,2024-02-18T13:30:00.000Z,90,15,public,false,,,psf3NmXEPwdCltHKJC7VuvJocrF3,0,10,0,0,0,0,0
4R5JIj2Hn8UOi1gmAlcP,Top Ten,published,pro,,48.8729106&2.6840919,2024-03-13T22:00:00.000Z,90,16.5,public,false,,,i27253AGxOfXgYJK72sBnvUGuMk2,0,10,0,0,0,0,0
4RAAFukqJBwGrZWzIA3O,UrbanSoccer - Lyon Parilly,published,captain,ChIJx3FQWjLC9EcRrrQb2eV7i_4,45.7120399&4.9039284,2024-02-14T16:00:00.000Z,60,8.5,public,true,Compétition,3,B6tWZAy3bgTUbyN0CtS7McqaOcW2,9,10,0,0,0,0,0
4S0VHfykVTygeBbQ4q1g,LE FIVE Bezons,canceled,pro,,48.91909&2.2093051,2024-01-22T17:00:00.000Z,60,7,public,false,,,U3MriTZbPbTUEsU6RtRuHxDMKvg2,2,10,0,0,0,0,2
4S1bXX208nYjzAxePtbQ,Footbox,published,pro,,48.9022789&2.582647,2024-03-01T14:00:00.000Z,60,7,public,false,,,QI89VPazyLhBVnWH871jk4BUEZI3,0,10,0,0,0,0,0
4SOVInond4fHL89XCHFW,LE FIVE Montreuil,published,pro,,48.8613036&2.4653095,2024-02-26T22:00:00.000Z,60,8,public,false,,,u9uC1vjdcdQ3UqNxI0SiFxor0m43,0,10,0,0,0,0,0
4STYkz1UWoT1ZDVri6Aw,UrbanSoccer - Marne-La-Vallée,played,captain,ChIJ6bDBiosP5kcROXiloHzSdhc,48.82658600000001&2.6296937,2024-01-23T17:30:00.000Z,90,13.5,public,true,Détente,3,yml5Vs9XFYSDcopfsRoJkKqmVH53,10,10,0,0,0,0,1
4SeLrcNILsmwm5REvmQX,UrbanSoccer - Quai d'Ivry,canceled,captain,ChIJfXxYJ0xy5kcRw9xTkF6-FZQ,48.8199885&2.3936463,2024-01-24T22:00:00.000Z,60,10,public,true,Détente,1,lLsOxZP8SEUdo5abNoQTurP2t4F3,2,10,0,0,0,0,0
4U0jVx4sUFv6eqMsYT5K,BIG5,played,captain,ChIJsb_7TJFp5kcRSPL5VqZulr4,48.9901429&2.3617895,2024-01-26T20:00:00.000Z,90,12.5,public,false,Détente,3,ReCsHFTJF2UPbBz6r46f8OeS5rT2,10,10,3,0,0,0,0
4UmNUuaBukiPUetFyqne,UrbanSoccer La Défense,draft,captain,ChIJh4rnfVhk5kcRV2Q-ZKdm8vA,48.8996456&2.2216773,2024-01-28T18:15:00.000Z,90,,public,false,,,KjrFHqVGUQSSYvXHpcm0W9Q62as2,0,0,0,0,0,0,0
4VIlcajcl92jjYsGNfaC,LE FIVE Paris 17,played,captain,ChIJ7eI8sFNv5kcR5xy52Wc57NU,48.900032&2.3213449,2024-02-04T09:00:00.000Z,60,12,public,true,Détente,4,946cwEZZIFgLD1mbA4anndGs63y1,10,10,4,0,0,0,0
4Vy888hNr9L6rzUPwywR,UrbanSoccer - Asnières,played,captain,ChIJi5LkLT9v5kcRSlhScqEFNWs,48.92192379999999&2.3068311,2024-02-03T11:00:00.000Z,120,17,public,true,Détente,1,h8hE7KFyK3c5rYC0GoVU7Y7DJrf2,10,10,3,0,0,0,0
4ZlXSGK2L9ZRUMxUNhgj,LE FIVE Paris 18,published,pro,,48.8978522&2.3700234,2024-03-05T21:20:00.000Z,90,10,public,false,,,UQf33jQhVZhle917nO0h7D5qclV2,0,10,0,0,0,0,0
4ZpRH8CXFbKzDUF7D6kK,City KOF,played,captain,ChIJ_2pirmlv5kcRTpGJ0UDn1Y8,48.9155954&2.2963072,2024-02-09T11:00:00.000Z,90,,public,false,Détente,2,PL0nw3BiAUhxDJuKc8qZsRazcM23,10,10,5,0,0,0,2
4ZxXq9T9pmNetzPtP7us,Centre Sportif Maryse Hilsz,played,captain,ChIJgY6iBYxt5kcRHD7TB4jAHV4,48.8520783&2.4128877,2024-02-01T11:20:00.000Z,150,,public,false,Compétition,5,1Fkzl7JONMQgLkuJEFE1meNaqUI2,16,16,7,0,0,0,2
4aFPsybSsUZSpfNqWxDx,LE FIVE Montreuil,published,pro,,48.8613036&2.4653095,2024-03-02T17:30:00.000Z,90,15,public,false,,,u9uC1vjdcdQ3UqNxI0SiFxor0m43,0,10,0,0,0,0,0
4bkUqAsOWRdYZuxTTlMu,Stadium Thiais,canceled,pro,ChIJ64X9jzx05kcRsHvSfOv6UcA,48.7511024&2.3713455,2024-02-11T16:30:00.000Z,90,15,public,false,,,psf3NmXEPwdCltHKJC7VuvJocrF3,10,10,0,0,0,0,1
4gKZj7yJWwm5g9319MnW,LE FIVE Bezons,published,pro,,48.91909&2.2093051,2024-03-01T11:00:00.000Z,90,10,public,false,,,U3MriTZbPbTUEsU6RtRuHxDMKvg2,0,10,0,0,0,0,0
4gYnUfICQRIFNIB3XKjP,Stadium Thiais,published,pro,,48.7511024&2.3713455,2024-02-23T15:00:00.000Z,90,8,public,false,,,psf3NmXEPwdCltHKJC7VuvJocrF3,0,10,0,0,0,0,0
4hsONbHny5dv45jzbRuu,LE FIVE Créteil,played,captain,ChIJ88lx3VwL5kcRVxCh4lD6_Gk,48.7643086&2.4706522,2024-01-31T18:00:00.000Z,60,11,public,false,Détente,4,NDdn5avgv6Wp5SsQToiuba3PZ1u2,10,10,1,0,0,0,2
4jVvpAMrk230uG8ylVc9,Le 13 - Foot en salle - Marseille,canceled,captain,ChIJR62kUm_ByRIRDnGQqGCeUVQ,43.33370070000001&5.370389599999999,2024-02-09T19:00:00.000Z,60,9,public,false,Compétition,2,vzCXSeJYbaZacDav8pXWl7X9Wih1,8,10,0,0,0,0,0
4lVZAk5eX33IPYoyg2BR,UrbanSoccer La Défense,played,captain,ChIJh4rnfVhk5kcRV2Q-ZKdm8vA,48.8996456&2.2216773,2024-02-12T17:10:00.000Z,60,13,public,true,Détente,3,cdV2RHR98VO037Rf3nQrlu4cOvv1,10,10,1,0,0,0,3
4la6dsTrpCR5cq2AoFgq,Foot-Max Argenteuil,played,captain,ChIJi9oIzaRm5kcRJYcK7QsdRMU,48.9501569&2.2093741,2024-01-20T17:30:00.000Z,90,12,public,false,Compétition,4,FdDcPPi2I9hFoUsL78Jzfo0Jfvt1,10,10,3,0,0,0,0
4mM3z0odxF2rmk4DphxN,Top Ten,published,pro,,48.8729106&2.6840919,2024-03-01T16:00:00.000Z,90,5,public,false,,,i27253AGxOfXgYJK72sBnvUGuMk2,4,10,0,0,0,0,1
4mSfkMvGNdEz1ZKcCmou,UrbanSoccer - Asnières,canceled,captain,ChIJi5LkLT9v5kcRSlhScqEFNWs,48.92192379999999&2.3068311,2024-01-24T19:20:00.000Z,60,12,public,true,Compétition,5,KLJPPzKqaShaWfrpQNheiAuzl1M2,9,10,0,0,0,0,0
4nSy8AbJM9aNcGLFPzOs,UrbanSoccer - Asnières,played,captain,ChIJi5LkLT9v5kcRSlhScqEFNWs,48.92192379999999&2.3068311,2024-01-20T08:45:00.000Z,120,15,public,true,Détente,4,RAx2HcFPURUmNLSXsg9q6OkJ5WS2,10,10,0,0,0,0,2
4ntBxCi1zFTLq62ynbBe,KG5 - Foot en salle - Strasbourg / Mundolsheim,draft,captain,ChIJRSG64gm4lkcRPQTZbn3M85Q,48.6354584&7.724195300000001,2024-01-28T18:00:00.000Z,90,12,public,false,Détente,3,kN8MA6bYNBM3WBGWeNRAai90liP2,0,10,0,0,0,0,0
4nvSpjnsRTmlLfXCGAXq,Foot POWER 5,canceled,pro,,48.960066&2.2061913,2024-02-07T17:00:00.000Z,90,5,public,false,,,sss3dYi6nzWd7rEjwcQ30LGKudj1,0,10,0,0,0,0,0
4p9JyAhTbes3rlcp8Hwe,Game 13 foot indoor,played,captain,ChIJNSDvlsXryRIRUXao9hwB79I,43.41258939999999&5.366617,2024-01-21T17:30:00.000Z,60,10,public,false,Détente,4,RPwfyrL30dS1yvyJwGrn0z2HgSa2,10,10,4,0,0,0,0
4qb1JIJekCP8I6HC4cPc,Monclub Futbol,published,pro,ChIJGbxxaamUyRIRgGvhHnhJStA,43.4299152&5.4001974,2024-02-12T20:30:00.000Z,90,10,public,false,,,CSTy9rmJRQSyWlqWuGiUhGpAGqf2,0,10,0,0,0,0,2
4qxYwImyRxEWHsNT48UV,UrbanSoccer - Lille Lezennes,published,captain,ChIJR3ro5nTWwkcRfM_S3Be9HjI,50.6162725&3.0998108,2024-01-26T18:00:00.000Z,60,10,public,true,Détente,2,eXQCfajWANRIkTnWx3wdyzWA88E2,9,10,0,0,0,0,0
4rulTlLbcOb4vnLdnCYU,LE FIVE Montreuil,published,pro,,48.8613036&2.4653095,2024-01-23T21:30:00.000Z,90,13.5,public,false,,,u9uC1vjdcdQ3UqNxI0SiFxor0m43,0,10,0,0,0,0,0
4sHuJb0DWOVmT6q2CQzV,LE FIVE Paris 17,canceled,captain,ChIJ7eI8sFNv5kcR5xy52Wc57NU,48.900032&2.3213449,2024-02-07T21:00:00.000Z,60,,private,true,Compétition,,dcQcNZfbqHcv7qU4oYMRsVelgbA2,1,10,0,0,0,0,0
4seAlVlEmRgnF1F3fOn3,LE FIVE Bezons,published,pro,,48.91909&2.2093051,2024-02-28T16:30:00.000Z,90,10.5,public,false,,,U3MriTZbPbTUEsU6RtRuHxDMKvg2,0,10,0,0,0,0,0
4tZOZw2pO39Tjk2NMMff,UrbanSoccer La Défense,played,captain,ChIJh4rnfVhk5kcRV2Q-ZKdm8vA,48.8996456&2.2216773,2024-02-03T08:00:00.000Z,60,13,public,true,Détente,2,lXmEZUR4RMTusdosGtuMnzNTS1u2,10,10,0,0,0,0,0
4uC8iq8zIiXKHjVk5zXd,LE FIVE Montreuil,published,pro,,48.8613036&2.4653095,2024-01-31T11:00:00.000Z,90,10.5,public,false,,,u9uC1vjdcdQ3UqNxI0SiFxor0m43,2,10,0,0,0,0,0
4wK6rGuq7GZC9CNWqn19,LE FIVE Bezons,published,pro,,48.91909&2.2093051,2024-03-13T16:30:00.000Z,90,10.5,public,false,,,U3MriTZbPbTUEsU6RtRuHxDMKvg2,0,10,0,0,0,0,0
4xBTLWzIQAjh1jOzGRXL,Play Soccer,canceled,captain,ChIJQ-UxZn-5rhIRKWoQydM5T9s,43.5512023&1.4098927,2024-01-28T15:00:00.000Z,60,8,public,false,,5,8LtkeOuZHeePxfkXdNPmQSr7V9L2,10,10,0,0,0,0,1
4y6JAtpjIzVzzraE3VXb,LE FIVE Paris 18,played,captain,ChIJpVT4_n1u5kcRzji6FdTBXXo,48.8978522&2.3700234,2024-01-28T16:00:00.000Z,60,14,public,true,Détente,3,8pqQWc5a4wTrkJu3n3hqVvB58QB2,10,10,1,0,0,0,0
4yLfK3WtziNVcCQ3Fes9,Testing Purposes,published,pro,,67.461524&-152.801377,2024-03-07T19:15:00.000Z,60,12,public,false,,,f2LrY7SAV3U1V9tUVAZfiMxA3uu1,0,10,0,0,0,0,0
50sfUmbUKww1RIncuLG3,Stadium Thiais,played,pro,,48.7511024&2.3713455,2024-01-24T18:00:00.000Z,90,15,public,false,,,psf3NmXEPwdCltHKJC7VuvJocrF3,10,10,6,0,0,0,1
51gtbzp12cyM8up5irFw,LE FIVE Paris 18,played,captain,ChIJpVT4_n1u5kcRzji6FdTBXXo,48.8978522&2.3700234,2024-02-07T17:30:00.000Z,60,10,public,true,Détente,3,YtbCn08XugRKGPXwUFmVJ9EemuA3,10,10,4,0,0,0,1
52As9j5KlYnedtXV0IfE,UrbanSoccer La Défense,played,captain,ChIJh4rnfVhk5kcRV2Q-ZKdm8vA,48.8996456&2.2216773,2024-01-29T17:45:00.000Z,60,14,public,true,Détente,4,thBS9Cor3ZMfk6mk4wccINCRo5I2,10,10,0,0,0,0,0
53AK509P7y4OOwwwjZoM,Soccer Five,published,captain,ChIJp0K53sp55kcR61-WTU8Yv5k,48.7368129&2.2591558,2024-02-09T08:30:00.000Z,90,,public,false,Détente,3,Dohg1zNvhsbmGrYuAmExKFyjruw2,8,10,0,0,0,0,0
546n2881KGUhsm5WL2S6,LE FIVE Paris 17,canceled,captain,ChIJ7eI8sFNv5kcR5xy52Wc57NU,48.900032&2.3213449,2024-02-06T20:00:00.000Z,60,12,public,true,Détente,3,4E9IlsbiWkd5y4uHNXAtHpwMt833,5,10,0,0,0,0,0
54ju2wdXtVmXUjLZJAJz,UrbanSoccer - Quai d'Ivry,played,captain,ChIJfXxYJ0xy5kcRw9xTkF6-FZQ,48.8199885&2.3936463,2024-01-28T15:00:00.000Z,90,21,public,true,Détente,3,FV1K7hDvSPZFQ3FXxIXsVB26fV42,10,10,2,0,0,0,0
54kx856FmtsHFLIVEv4S,Stadium Thiais,published,pro,,48.7511024&2.3713455,2024-02-09T11:00:00.000Z,60,7,public,false,,,psf3NmXEPwdCltHKJC7VuvJocrF3,0,10,0,0,0,0,0
54wWpgs8NmmmfSLm6H2f,LE FIVE Morangis,played,captain,ChIJA4uAhOXZ5UcRp-vZXZP-ovY,48.692672&2.3192811,2024-02-01T20:30:00.000Z,90,14,public,false,Compétition,4,lHBtmVY9QCfTaShMCSsI564Ls0s2,10,10,2,0,0,0,0
55DlSTUXghTXCA9gcxIt,LE FIVE Paris 17,published,captain,ChIJ7eI8sFNv5kcR5xy52Wc57NU,48.900032&2.3213449,2024-01-30T22:00:00.000Z,60,10,public,true,Détente,3,ZxGRMfC8CVMy4y3iqkrudB70Ymm2,4,10,0,0,0,0,0
57Lf82CKaamsCGPwdXvm,Stadium Thiais,published,pro,,48.7511024&2.3713455,2024-02-17T16:30:00.000Z,90,12,public,false,,,psf3NmXEPwdCltHKJC7VuvJocrF3,0,10,0,0,0,0,0
5AaHIw8u6BGMhN3V3roq,UrbanSoccer Evry,published,captain,ChIJW0Ut1G7e5UcRt621n2fRQ5M,48.6286849&2.4066366,2024-02-16T20:00:00.000Z,90,15,public,true,Competition,3,lppkOL9ay1VhR7EYSh39FXV8N1G3,10,10,0,0,0,0,0
5BN9QC0IpYAX1hMNtKxI,LE PARK Complexe Multisports,played,captain,ChIJdUHbID8O5kcRV5lQhiHTvhs,48.8337843&2.5728501,2024-01-28T10:30:00.000Z,90,15,public,false,Compétition,4,9ejSKZlCD6O2ZRXiuLK2Vk5H9gB3,10,10,3,0,0,0,1
5CEx5dnK9Adc8VtVcDLs,Foot 130,canceled,captain,ChIJVVUlxYxx5kcRUXKdWe-ugCQ,48.8350745&2.3575228,2024-02-10T02:00:00.000Z,60,10.5,public,false,Détente,3,lew9uSpD5XZ1ssU57aslTyBtXeX2,4,10,0,0,0,0,0
5DbwcTtJJJGN8QKKcdAm,Stade de Football Georges-Lefèvre,played,captain,ChIJGRQIhceJ5kcRPjIagufLsfg,48.91355950000001&2.0801199,2024-02-11T16:00:00.000Z,120,,public,false,Compétition,4,7CxiVdvuzxQVCmMKCQAIoWIn83y2,14,14,1,0,0,0,2
5DrLKFG2J4kYWXh0G3Or,LE FIVE Montreuil,canceled,captain,ChIJJdTQjr0T5kcRZmGxtIJVy44,48.8607303&2.4650432,2024-02-09T19:30:00.000Z,90,16.5,public,false,Détente,4,O5Xtgn2M4xcy8dQVEhzZ20zUzPU2,9,10,0,0,0,0,0
5DyHERNeCXBugFpb2PL6,UrbanSoccer Guyancourt,published,captain,ChIJmdX-2c-A5kcRj1wtOS8rZmo,48.7722091&2.0600292,2024-02-15T19:00:00.000Z,60,10,public,true,Détente,3,wjlnLRJWCeM0gRuAGqI3be6sLta2,10,10,0,0,0,0,1
5EA3tEh0CXwZ4C7Jj63e,Complexe sportif Arrighi - Stade - Gymnase - Tennis,played,captain,ChIJdY7UfIRz5kcRyDIR404fW5A,48.7830911&2.3989573,2024-01-25T19:00:00.000Z,120,,private,false,Détente,3,5v9WX6HkohWW6s4r8BR39p1iJxu1,16,16,10,0,0,0,1
5EKxfdkmu2psHbTVPimP,City Stade - Les Blagis (Basket),played,captain,ChIJKz0h4Alx5kcRDfJDRw9JniQ,48.7849737&2.2978799,2024-02-10T08:30:00.000Z,150,,public,false,Compétition,4,MAuQM7o6ksOU1LxbAtkWoSWpwN43,14,14,0,0,0,0,0
5EgIUpxJuV9ejFxWc78c,Stadium Thiais,played,pro,,48.7511024&2.3713455,2024-02-08T21:00:00.000Z,90,14,public,false,,,psf3NmXEPwdCltHKJC7VuvJocrF3,10,10,7,0,0,0,3
5FJUHWVqyeIH5iiiEqy0,Stadium Thiais,played,pro,ChIJ64X9jzx05kcRsHvSfOv6UcA,48.7511024&2.3713455,2024-02-10T19:30:00.000Z,90,15,public,false,,,psf3NmXEPwdCltHKJC7VuvJocrF3,10,10,0,0,0,0,1
5HYJUxFsoke6ypMRkPI4,LE FIVE Paris 17,published,pro,ChIJ7eI8sFNv5kcR5xy52Wc57NU,48.900032&2.3213449,2024-01-24T18:00:00.000Z,60,12,public,false,,,V6mqbc9C8FNa1RQlUupjeoqOsZL2,0,10,0,0,0,0,0
5Hdfgj8AUV7sEWt5jldY,GOPARK INTERIEUR - Paintball et trampolines parc,played,captain,ChIJ2cJmdhf15kcRQ4mUOxIVzd0,49.045624&2.0799886,2024-02-11T08:45:00.000Z,90,12,public,false,Compétition,3,s5m85UqY3KbLtJxivX1ydzX84Ys2,10,10,0,0,1,0,1
5J8b2B9Yv7a6gIjmzjFh,Stadium Thiais,published,pro,,48.7511024&2.3713455,2024-02-17T21:00:00.000Z,90,15,public,false,,,psf3NmXEPwdCltHKJC7VuvJocrF3,0,10,0,0,0,0,0
5JB7cxmRIpRzReqItGrk,LE FIVE Paris 13,canceled,captain,ChIJ_bOSChhz5kcRZMTeq_6Gdzg,48.8181615&2.3658793,2024-02-05T19:30:00.000Z,60,14,public,true,Détente,2,hx4rV3vIT6QsB4SQPWuNgLAN40C3,10,10,0,0,0,0,1
5KRMo5P6qAhwZEUB8BI9,Complexe sportif de l'île des Vannes,canceled,captain,ChIJTZWfSNNv5kcRmHP3Tz0AJ6A,48.9188419&2.3245603,2024-01-21T15:45:00.000Z,120,,public,false,Compétition,4,Csrh8EMzKaZCCcCZeEhs2tGGZRr1,16,16,0,0,0,0,2
5LFuWeSE87nPxHQDyiUr,Classico Foot,played,captain,ChIJFV442oCxrhIRgsZy5aIbkNs,43.5945434&1.2911399,2024-02-01T20:00:00.000Z,60,9,public,false,Détente,2,2kS9PoiV0NVOLq2k6qlNXnH2LVZ2,10,10,3,0,0,0,0
5LYPDO1zjMxNj7bHEncg,UrbanSoccer - Lyon Parilly,played,captain,ChIJx3FQWjLC9EcRrrQb2eV7i_4,45.7120399&4.9039284,2024-01-30T18:30:00.000Z,60,11,public,true,Détente,3,n5c9QLSYaOZtWbLBuNEQjHF3BRq1,10,10,0,0,0,0,0
5LnlyxfyeUskUQzJGQpq,FOOT IN FIVE,played,captain,ChIJoUR0syFp5kcRUlStnwluaYY,48.9552257&2.3328346,2024-02-05T19:30:00.000Z,90,13,public,false,Détente,,zSTn9etyBoY3kThubkwj5lz761S2,10,10,1,0,0,0,0
5MAZ9ycNmeBsT57YQ9sD,Stadium Thiais,published,pro,ChIJ64X9jzx05kcRsHvSfOv6UcA,48.7511024&2.3713455,2024-01-27T10:30:00.000Z,90,12,public,false,,,psf3NmXEPwdCltHKJC7VuvJocrF3,2,10,0,0,0,0,0
5MBmyczzeEiIgTAD44y8,Game 13 foot indoor,played,captain,ChIJNSDvlsXryRIRUXao9hwB79I,43.41258939999999&5.366617,2024-02-02T17:30:00.000Z,60,10,public,false,Détente,4,RPwfyrL30dS1yvyJwGrn0z2HgSa2,10,10,0,0,0,0,1
5MRFVlWW3QtHKXRAQp60,Foot POWER 5,canceled,pro,,48.960066&2.2061913,2024-01-31T21:30:00.000Z,90,7,public,false,,,sss3dYi6nzWd7rEjwcQ30LGKudj1,0,10,0,0,0,0,0
5NMDsVkOpZUn6Q0h2819,Massilia FIVE,played,captain,ChIJxZ6UmMW-yRIR7ot5DChYj4w,43.28920790000001&5.4503802,2024-02-08T19:00:00.000Z,60,10,private,false,Détente,1,Une5csp3KybqaHR7lQK45scUuiI3,10,10,7,0,0,0,0
5O5sxV2rcXSKfOi7bGCe,FOOT INDOOR Marseille,played,captain,ChIJ41AMCxC8yRIRLHLGt11sc-U,43.2859688&5.4882746,2024-01-24T20:30:00.000Z,60,10,public,false,Détente,3,b1krv79TRpPPlUmJMEcfdMUGfnG3,10,10,2,0,0,0,0
5OXbDHmsGiQRZDWymiVT,Events Five,canceled,captain,ChIJf8cSCJG5rhIRoQadPH-wW1U,43.5399703&1.3922897,2024-02-09T18:30:00.000Z,60,7,private,false,,,m4KpLYWUQghzy9kZi4QLUXSdwd32,5,10,0,0,0,0,0
5QpvOLjKqd7F1YnBsI70,FOOT INDOOR Marseille,canceled,captain,ChIJ41AMCxC8yRIRLHLGt11sc-U,43.2859688&5.4882746,2024-01-22T16:30:00.000Z,60,10,public,false,Détente,3,oj23SMa1psPuwadEHvkBTtGPZ7E3,7,10,0,0,0,0,0
5R7kqBAaAumj3U9ZpvrE,Centre sportif Suzanne Lenglen,published,captain,ChIJjyw8lw975kcRB8dEmGn3P0Q,48.8302835&2.2740847,2024-01-29T11:00:00.000Z,90,,public,false,Compétition,3,og2EZuv5H8PCmqLY8RjBnUSpa8Y2,1,16,0,0,0,0,1
5RD7QaaFslB6RrLpfdRy,LE FIVE Bezons,published,pro,,48.91909&2.2093051,2024-03-11T17:00:00.000Z,60,7,public,false,,,U3MriTZbPbTUEsU6RtRuHxDMKvg2,0,10,0,0,0,0,0
5RGqUFgm61I4hUBWcNr5,Footbox,published,pro,,48.9022789&2.582647,2024-03-02T13:00:00.000Z,60,10,public,false,,,QI89VPazyLhBVnWH871jk4BUEZI3,0,10,0,0,0,0,0
5RgQ9BOrm71rrs0Eqqbw,Top Ten,published,pro,,48.8729106&2.6840919,2024-03-13T16:00:00.000Z,90,5,public,false,,,i27253AGxOfXgYJK72sBnvUGuMk2,0,10,0,0,0,0,0
5RiInS2RJuI30yweBLUm,LE FIVE Paris 18,published,captain,ChIJpVT4_n1u5kcRzji6FdTBXXo,48.8978522&2.3700234,2024-02-11T15:00:00.000Z,60,14,public,true,Détente,2,n1QiHLK59xTLgC3Y85ErDlaLAYm1,6,10,0,0,0,0,0
5RsYfYwiE4ZTg59BoooB,LE FIVE Paris 17,played,pro,,48.900032&2.3213449,2024-02-02T16:00:00.000Z,60,5,public,false,,,V6mqbc9C8FNa1RQlUupjeoqOsZL2,10,10,10,0,0,0,9
5RwvBVhbDTQmfCxn6Une,Stadium Thiais,published,pro,,48.7511024&2.3713455,2024-02-02T17:00:00.000Z,90,14,public,false,,,psf3NmXEPwdCltHKJC7VuvJocrF3,0,10,0,0,0,0,1
5UAYIfou30phDbBgbETF,LE 5 DE LEGENDE,canceled,captain,ChIJU_aXKN_A9EcRHCY74rI9i4Y,45.7617542&4.9413708,2024-02-13T18:00:00.000Z,60,10,public,false,Compétition,4,HYZnOSOXnShrhj2MfELfmlU6Jbq1,9,10,0,0,0,0,0
5VLY4dAvGzvoE0YHa5JV,LE FIVE Champigny,published,pro,,48.8194084&2.5251846,2024-02-29T17:00:00.000Z,60,11,public,false,,,evlV9mUgATYQ5343zpYZvk4w0r03,0,10,0,0,0,0,0
5WsghV1D7kGQ6ckcYgIP,Stadium Thiais,published,pro,,48.7511024&2.3713455,2024-03-06T11:00:00.000Z,60,7,public,false,,,psf3NmXEPwdCltHKJC7VuvJocrF3,0,10,0,0,0,0,0
5XmcO7EGKAVL14VTsuWc,LE FIVE Paris 13,published,pro,,48.8181615&2.3658793,2024-03-11T22:00:00.000Z,60,10,public,false,,,FjSnzlRFFfhWVWQJGfIEwRc2ZMj2,0,10,0,0,0,0,0
5YSWr427Ss0v45wV6FBo,Centre Sportif Hautpoul,published,captain,ChIJ79fuL8Zt5kcRk9e1VH01h_U,48.8847213&2.3874252,2024-02-05T21:40:00.000Z,60,,public,false,Compétition,3,u1d5UxHx7maGj4sc4EU7rDuYr0p2,6,12,0,0,0,0,0
5YjqEbDCLzr1S2xoLAdD,LE FIVE Paris 17,played,captain,ChIJ7eI8sFNv5kcR5xy52Wc57NU,48.900032&2.3213449,2024-02-08T17:30:00.000Z,60,12,public,true,Détente,2,7SqcZvemfkNOOir5b46jpsbDqf02,10,10,3,0,0,0,0
5YscYGC8XnQ9Ho23bfhc,LE FIVE Paris 18,played,pro,,48.8978522&2.3700234,2024-01-23T16:00:00.000Z,60,5,public,false,,,UQf33jQhVZhle917nO0h7D5qclV2,10,10,9,0,0,0,4
5aM4QsRZY1KiJiRKrnVy,Stadium Thiais,published,pro,,48.7511024&2.3713455,2024-01-23T11:00:00.000Z,60,7,public,false,,,psf3NmXEPwdCltHKJC7VuvJocrF3,0,10,0,0,0,0,0
5ac0uQEEg7I1f32uUpNt,LE FIVE Bobigny,published,pro,,48.901553&2.4313304,2024-02-27T17:00:00.000Z,60,8,public,false,,,4owi3i7t8EOvFNF6UQvACOpiDRy1,0,10,0,0,0,0,0
5apkVKsWdTRUm6CB9hkc,LE FIVE Paris 18,played,captain,ChIJpVT4_n1u5kcRzji6FdTBXXo,48.8978522&2.3700234,2024-02-06T18:30:00.000Z,60,14,public,true,Détente,2,YtW7PR9E5ya9nis8ptOIwNwFqad2,10,10,4,0,0,0,4
5b0TijDx0As7j9t1bhnB,UrbanSoccer La Défense,played,captain,ChIJh4rnfVhk5kcRV2Q-ZKdm8vA,48.8996456&2.2216773,2024-02-01T17:15:00.000Z,60,14,public,true,Détente,,1HmafaepO7XVtiMrAGlVxl4ql522,10,10,2,0,0,0,1
5bUcFjoA7xAc7aITfEOv,Stadium Thiais,published,pro,,48.7511024&2.3713455,2024-03-04T16:30:00.000Z,90,10,public,false,,,psf3NmXEPwdCltHKJC7VuvJocrF3,0,10,0,0,0,0,0
5cp6XCIM5KE9ZwKwEIim,Parc Sainte Barbe,played,captain,ChIJtw301r5w5kcRvRjidiuAyaw,48.7922897&2.2913469,2024-02-12T12:45:00.000Z,120,,public,false,Détente,5,rzC8A0bd4afb9AWrHKlCPT9461y1,16,16,8,0,0,0,0
5dsiWHnVJGf9okAARVwq,UrbanSoccer La Défense,played,captain,ChIJh4rnfVhk5kcRV2Q-ZKdm8vA,48.8996456&2.2216773,2024-01-24T11:30:00.000Z,60,,public,true,Détente,3,UG23bh92yeTazTzl6luByxrPhHf1,10,10,5,0,0,0,4
5dtDg3xt6U7BDDHpJVXs,Monclub Futbol,played,captain,ChIJGbxxaamUyRIRgGvhHnhJStA,43.4299152&5.4001974,2024-02-11T16:00:00.000Z,60,10,public,false,Détente,3,OZ4gbKApJ6VUiNG5iJScKxFvNd13,10,10,0,0,0,0,0
5eSGl97WX6iAAzEmZ3tW,Play Soccer,played,captain,ChIJQ-UxZn-5rhIRKWoQydM5T9s,43.5512023&1.4098927,2024-02-11T18:00:00.000Z,60,8,public,false,,3,8LtkeOuZHeePxfkXdNPmQSr7V9L2,10,10,3,0,0,0,0
5efLVKIJci9LBqFNM3fV,FOOT INDOOR Marseille,played,captain,ChIJ41AMCxC8yRIRLHLGt11sc-U,43.2859688&5.4882746,2024-01-25T16:30:00.000Z,60,10,public,false,Détente,3,RrGl5CQvfVYfnNuG5WvJhWBZfdz2,10,10,3,0,0,0,1
5f8Txvhwg5sl47Y1KPtc,UrbanSoccer - Lille Bondues,published,captain,ChIJ58ZerMgrw0cR2Jyp7tZjBn4,50.6913774&3.0860264,2024-02-21T19:30:00.000Z,60,11.5,public,true,Compétition,3,AGfibHDjKvTUPMe8vxKxlIwYGYC3,8,10,0,0,0,0,0
5gd8S6fgAYus98xVxy8F,Centre sportif Suzanne Lenglen,canceled,captain,ChIJjyw8lw975kcRB8dEmGn3P0Q,48.8302835&2.2740847,2024-01-30T11:00:00.000Z,90,,public,false,Compétition,3,og2EZuv5H8PCmqLY8RjBnUSpa8Y2,2,16,0,0,0,0,0
5iH6TBI8HBkUsf81fXdt,Top Ten,published,pro,,48.8729106&2.6840919,2024-02-01T11:00:00.000Z,90,5,public,false,,,i27253AGxOfXgYJK72sBnvUGuMk2,0,10,0,0,0,0,0
5ihGVJCAXaYY57055iu4,Stadium Thiais,published,pro,,48.7511024&2.3713455,2024-03-07T16:30:00.000Z,90,10,public,false,,,psf3NmXEPwdCltHKJC7VuvJocrF3,0,10,0,0,0,0,0
5jhYtQsFiepRAPkZ2qRr,Soccer Five,played,captain,ChIJp0K53sp55kcR61-WTU8Yv5k,48.7368129&2.2591558,2024-02-10T08:25:00.000Z,90,,public,false,Détente,3,Dohg1zNvhsbmGrYuAmExKFyjruw2,12,12,4,0,1,0,0
5kGoKXzn6zJQjxMZ8NFs,Footbox,published,pro,,48.9022789&2.582647,2024-02-13T19:00:00.000Z,60,10,public,false,,,QI89VPazyLhBVnWH871jk4BUEZI3,0,10,0,0,0,0,0
5kZ7cd8hkqmzZ2eXTDki,LE FIVE Villette,canceled,captain,ChIJTUFnQjps5kcR0pHITLTw1PI,48.9070122&2.3861459,2024-01-22T18:30:00.000Z,60,12,public,false,Chill,3,GbIggLkWsqNGOjcqI6KrRODrBLi1,10,10,0,0,0,0,0
5kbgtcX388Y7htvPNjaG,Stade Velpeau,canceled,captain,ChIJ7T9xehZ35kcRrbiEqd5yU6s,48.759413&2.3048279,2024-02-09T17:20:00.000Z,90,,public,false,Chill,3,KItYT7tPJMOAEWLh46finv01Jt02,15,16,0,0,0,0,0
5mcee9QXnkS2ysIUMjGZ,UrbanSoccer Evry,canceled,captain,ChIJW0Ut1G7e5UcRt621n2fRQ5M,48.6286849&2.4066366,2024-02-05T18:00:00.000Z,60,10,public,true,Détente,2,faVTIVJsXPU9j5nHnGwJ6fM4otC3,8,10,0,0,0,0,0
5n4FoEwH9kJXAibrooc0,Stade Lilian Thuram,played,captain,ChIJy0-vXf9l5kcRH4WAmpihUQE,48.933705&2.2828141,2024-02-11T08:15:00.000Z,150,,private,false,Compétition,4,VACWm8ZQBwXzz3nMcuBji92IT8p1,16,16,0,0,0,0,0
5oBiD431hWq6r7yd2wAe,UrbanSoccer La Défense,published,captain,ChIJh4rnfVhk5kcRV2Q-ZKdm8vA,48.8996456&2.2216773,2024-02-14T18:15:00.000Z,60,,public,true,Détente,2,8kEaTxsnTxOhz1Tp79Q1h72GMVi2,10,10,0,0,0,0,7
5oFs8u3d8eXjpSy13SWF,Parc Interdépartemental des Sports du Tremblay,played,captain,,48.8281085&2.491365,2024-02-01T15:00:00.000Z,90,,public,false,Compétition,4,OKSK9YmBnhPYPn6fchCcUo9A2Mt2,18,18,0,0,0,0,1
5oO5GEOuEixyD7kcQv8h,LE FIVE Paris 18,played,pro,,48.8978522&2.3700234,2024-02-03T21:30:00.000Z,90,10,public,false,,,UQf33jQhVZhle917nO0h7D5qclV2,10,10,5,0,0,0,3
5oo1qBAjjN2WTJlMobg7,Game 13 foot indoor,hidden,pro,ChIJNSDvlsXryRIRUXao9hwB79I,43.41258939999999&5.366617,2024-02-06T17:30:00.000Z,60,,public,false,,,4CPt9QJ6GEQgrpyTuzm8CMK844V2,9,10,0,0,0,0,0
5pc40gsEX2p3mAfVGsQw,LE FIVE Marville - La Courneuve,played,captain,ChIJ2dHdMZxr5kcR0aKYHYsp0pY,48.9364404&2.3869147,2024-02-02T17:30:00.000Z,60,10,public,false,Détente,4,8a1IiqZPd4WCCGMJlcLdCNgF1jg2,10,10,2,0,0,0,0
5phw4NC8ud0OgMS4cE14,Stade des Fauvettes,played,captain,ChIJC09ncHtC5kcR2xzX6Z-I_8s,49.02466279999999&2.3415917,2024-01-28T09:30:00.000Z,90,,public,false,Détente,3,ieZSGXYuXTRziE6suFIfhF3yTjf2,16,16,2,0,0,0,0
5prIyYGPVeMIFdn5Ioig,LE FIVE Paris 17,canceled,captain,ChIJ7eI8sFNv5kcR5xy52Wc57NU,48.900032&2.3213449,2024-02-04T11:30:00.000Z,90,18,public,true,Détente,4,x9EzakpsCoT7VHw2cZSvPwaFLn02,10,10,0,0,0,0,1
5pvlEQcfVSPvlDDVjBXH,Game 13 foot indoor,played,captain,ChIJNSDvlsXryRIRUXao9hwB79I,43.41258939999999&5.366617,2024-01-22T18:30:00.000Z,60,10,public,false,Détente,3,tNI5PAPgX0MDq6T4GlwP3d2ndaO2,10,10,2,0,0,0,0
5qKvnPD2bXoX3r0HVQJC,UrbanSoccer - Asnières,played,captain,ChIJi5LkLT9v5kcRSlhScqEFNWs,48.92192379999999&2.3068311,2024-01-29T20:00:00.000Z,60,12,public,true,Détente,3,BU2Ff3je7sgEHbw8xRORoan3bbC2,10,10,2,0,0,0,0
5qesKwwvDbc4WNwwosKS,UrbanSoccer Meudon,played,captain,ChIJ0WKvjbh75kcRoqSmyWwW2jQ,48.8001204&2.2140771,2024-02-05T18:45:00.000Z,90,17.25,public,true,Détente,3,1aJ3GdfxKfcSFm478yjdpSaevVC3,10,10,3,0,0,0,3
5rA6aJg3rlvSzRDdoojw,UrbanSoccer - Puteaux,canceled,captain,ChIJM_sC0-Nk5kcRhL1y_EFIje8,48.8836397&2.2312283,2024-01-28T10:00:00.000Z,60,14,public,true,Détente,3,OShoBFt2jrXOD6kgxwFyPAp6QTb2,4,10,0,0,0,0,0
5rEOByej3qzJLUWKHUkb,LE FIVE Paris 18,played,pro,,48.8978522&2.3700234,2024-01-22T16:00:00.000Z,60,5,public,false,,,UQf33jQhVZhle917nO0h7D5qclV2,10,10,8,0,0,0,1
5sSGtRrUSCcG0zmzZWTr,LE FIVE Paris 17,played,captain,ChIJ7eI8sFNv5kcR5xy52Wc57NU,48.900032&2.3213449,2024-02-05T17:30:00.000Z,60,12,public,true,Détente,,4ivgR8Eqa0bQalx00YaOrkpq03H2,10,10,1,0,0,0,0
5tLLpYRGb30yi0j8wBiX,Stade Suzanne Lenglen,played,captain,,48.83101689999999&2.272363,2024-02-12T09:45:00.000Z,90,,public,false,Détente,3,NJxBoCMTp6TyjzUGjNXAqxTk2WM2,15,16,13,0,0,0,4
5tS3YfT8Ub8ezp0hQmNF,Play Soccer,played,captain,ChIJQ-UxZn-5rhIRKWoQydM5T9s,43.5512023&1.4098927,2024-02-07T18:00:00.000Z,60,10,public,false,,,8LtkeOuZHeePxfkXdNPmQSr7V9L2,10,10,0,0,0,0,0
5tdDMYQUYb9LAfwogank,La Plaine des Sports - Université Paris-Saclay,canceled,captain,ChIJv4ZkWb5_5kcRkQ23aJHNq24,48.71200899999999&2.1560772,2024-01-20T08:15:00.000Z,150,,public,false,Chill,,lVmxZV136gVfAw5AoUhazZPEWH33,20,22,0,0,0,0,0
5uAsiRE9ka51LHnbhvOh,LE FIVE Bezons,canceled,pro,,48.91909&2.2093051,2024-02-10T20:00:00.000Z,90,13.5,public,false,,,U3MriTZbPbTUEsU6RtRuHxDMKvg2,10,10,0,0,0,0,2
5vaAlqBSmm2ls9YFkJph,LE FIVE Bezons,published,pro,,48.91909&2.2093051,2024-03-08T11:00:00.000Z,90,10,public,false,,,U3MriTZbPbTUEsU6RtRuHxDMKvg2,0,10,0,0,0,0,0
5wJrMQaX8LTXjvPdxVVA,LE FIVE Paris 17,played,captain,ChIJ7eI8sFNv5kcR5xy52Wc57NU,48.900032&2.3213449,2024-01-31T17:00:00.000Z,60,12,public,true,Compétition,3,bGe0GfgFHHNHe9EV7kq6ubVhG853,10,10,1,0,0,0,1
5wtZLcanjbtDJyDa9Hpf,Complexe Sportif ADP Orly Sud,draft,captain,ChIJJ_l6yZV15kcRt2erTWIJT0I,48.7127531&2.3822901,2024-02-04T12:00:00.000Z,120,,public,false,,,5v9WX6HkohWW6s4r8BR39p1iJxu1,0,0,0,0,0,0,0
5xGxGywttdSYq7KkKI88,UrbanSoccer - Puteaux,played,captain,ChIJM_sC0-Nk5kcRhL1y_EFIje8,48.8836397&2.2312283,2024-02-02T18:00:00.000Z,60,10,public,true,Détente,2,5Vj8TMIinOXI6UiS3IX2GEWZSF32,10,10,1,1,0,0,0
5xvFZXEArOI8rhmobU3p,LE FIVE Montreuil,published,pro,,48.8613036&2.4653095,2024-01-26T09:00:00.000Z,90,10.5,public,false,,,u9uC1vjdcdQ3UqNxI0SiFxor0m43,0,10,0,0,0,0,0
5y3yfLBiHpCrIPjNHCIQ,LE FIVE Paris 18,played,pro,ChIJpVT4_n1u5kcRzji6FdTBXXo,48.8978522&2.3700234,2024-02-11T21:30:00.000Z,90,12,public,false,,,UQf33jQhVZhle917nO0h7D5qclV2,10,10,10,0,0,0,4
5yvur0SHdwnfpsQ9Gfrw,Stade Lilian Thuram,canceled,captain,ChIJy0-vXf9l5kcRH4WAmpihUQE,48.933705&2.2828141,2024-02-03T10:00:00.000Z,120,,public,false,Compétition,4,4LyF16dpHtbm72HldpjMLjbELTZ2,12,16,0,0,0,0,2
60ZhgclCPutMxSsUP79v,Play Soccer,played,captain,ChIJQ-UxZn-5rhIRKWoQydM5T9s,43.5512023&1.4098927,2024-02-05T17:30:00.000Z,90,15,public,false,,,8LtkeOuZHeePxfkXdNPmQSr7V9L2,10,10,0,0,0,0,0
60xKUIFr01qWdRgxaH27,Footbox,published,pro,,48.9022789&2.582647,2024-03-13T20:00:00.000Z,60,10,public,false,,,QI89VPazyLhBVnWH871jk4BUEZI3,0,10,0,0,0,0,0
61p7NhqBCoVTpf8K0rPI,UrbanSoccer - Quai d'Ivry,played,captain,ChIJfXxYJ0xy5kcRw9xTkF6-FZQ,48.8199885&2.3936463,2024-02-11T16:30:00.000Z,90,,public,true,Détente,3,IjZQ38yDuOZXN8HfgqdGDUB3S6L2,10,10,1,0,0,0,0
622GnN8TWd70VSK5aWY3,Footbox,published,pro,,48.9022789&2.582647,2024-02-28T19:00:00.000Z,60,10,public,false,,,QI89VPazyLhBVnWH871jk4BUEZI3,0,10,0,0,0,0,0
62qpy7MlVZQNRhtmnc3F,Stadium Thiais,published,pro,,48.7511024&2.3713455,2024-02-24T15:00:00.000Z,90,12,public,false,,,psf3NmXEPwdCltHKJC7VuvJocrF3,0,10,0,0,0,0,0
62ugq2FBBrxhwjeVsQez,LE FIVE Paris 18,played,captain,ChIJpVT4_n1u5kcRzji6FdTBXXo,48.8978522&2.3700234,2024-01-21T10:00:00.000Z,90,21,public,true,,3,ALCfMbHXk6TLHDUym75BByxhDup1,10,10,1,0,0,0,2
63Pr3gvzEhODibuAvQ0u,Stade Robespierre,canceled,captain,ChIJrSdPdLpk5kcRTIf7gmbAvcU,48.8692482&2.2034218,2024-02-10T14:30:00.000Z,90,5,public,false,Compétition,3,P2fpoPcsJ3ZKgVNv94Q8rJ8w4Zd2,3,10,0,0,0,0,0
63QKzHxdSsDcXs7EvThy,LE FIVE Paris 18,played,pro,,48.8978522&2.3700234,2024-01-25T21:20:00.000Z,90,10,public,false,,,UQf33jQhVZhle917nO0h7D5qclV2,10,10,6,0,0,0,9
63XzprkT0qBC9mG1S4mm,UrbanSoccer - Angers,published,captain,ChIJBcOLHhJ_CEgRBi_FUHPvAQ0,47.472353&-0.6048954999999999,2024-02-10T13:00:00.000Z,60,10,public,true,Détente,2,hRO6pMT29rV3DpkvoSo9j0FOECj2,3,10,0,0,0,0,0
64QWQSKH1BKzzLhotvIH,Top Ten,published,pro,ChIJfXprBx4b5kcRmhe-5pLZUek,48.8729106&2.6840919,2024-02-10T22:00:00.000Z,60,10,public,false,,,i27253AGxOfXgYJK72sBnvUGuMk2,0,10,0,0,0,0,0
64Z2uG1Q1pozxo159kcl,Stadium Thiais,canceled,captain,ChIJ64X9jzx05kcRsHvSfOv6UcA,48.7511024&2.3713455,2024-01-25T18:00:00.000Z,90,15,public,false,Détente,2,emyaA5qYXlQPVKtlRk2BCZ2YKNd2,5,10,0,0,0,0,3
66KKAIkga6lyxJSPDZuX,Stadium Thiais,published,pro,,48.7511024&2.3713455,2024-02-03T13:00:00.000Z,90,12,public,false,,,psf3NmXEPwdCltHKJC7VuvJocrF3,1,10,0,0,0,0,2
67WxqCJnPvGhjSycjjPZ,LE FIVE Montreuil,published,pro,,48.8613036&2.4653095,2024-03-07T11:00:00.000Z,90,10.5,public,false,,,u9uC1vjdcdQ3UqNxI0SiFxor0m43,0,10,0,0,0,0,0
67XR9l4oLRC0RvBI7wzG,LE FIVE Bobigny,canceled,captain,ChIJV8UONORs5kcRXxR5Qd7x130,48.901553&2.4313304,2024-02-01T19:15:00.000Z,60,10,public,false,Détente,,7EmW6eGa2ldu2NbZasvRClv9Zcs2,9,10,0,0,0,0,0
68jjdvk0vR6H6vb6Per6,UrbanSoccer - Lille Lezennes,played,captain,ChIJR3ro5nTWwkcRfM_S3Be9HjI,50.6162725&3.0998108,2024-02-04T18:00:00.000Z,120,12.75,public,true,Compétition,3,xR4ED6qRzmg0HreT9TkBwvuQM912,10,10,3,0,0,0,0
68qLQIAFpwXki9hm6t4p,STADIUM FOOT 5 VILLAGE,played,captain,ChIJbbOWFtC4yRIR0WXVerbWmnE,43.269413&5.4260321,2024-02-08T17:00:00.000Z,60,10,public,false,Détente,3,m8N4UxiohPOfPsDkGmXqxXGYQoo1,10,10,1,0,0,0,0
6AU28c75zbMeZbRKZgqY,Play Soccer,played,captain,ChIJQ-UxZn-5rhIRKWoQydM5T9s,43.5512023&1.4098927,2024-01-21T18:00:00.000Z,90,12,public,false,,,8LtkeOuZHeePxfkXdNPmQSr7V9L2,10,10,5,0,0,0,1
6At7Zi8SaGlVM9VZXikY,LE FIVE Paris 18,played,pro,ChIJpVT4_n1u5kcRzji6FdTBXXo,48.8978522&2.3700234,2024-01-20T21:30:00.000Z,90,10,public,false,,,UQf33jQhVZhle917nO0h7D5qclV2,10,10,8,0,1,0,6
6B4wOf9Rzmp0MIErmfHq,UrbanSoccer - Porte d'Aubervilliers,played,captain,ChIJ0dXjDCZs5kcRvX0EpMwxsUY,48.9074912&2.3746518,2024-02-03T15:30:00.000Z,90,17.25,public,true,Détente,3,v7Zn0zr97ZdD4FQXZspmXZ4pm6o2,10,10,1,0,0,0,0
6ClGYJ5AiecMIMVS9e6D,LE FIVE Bobigny,played,captain,ChIJV8UONORs5kcRXxR5Qd7x130,48.901553&2.4313304,2024-02-08T11:00:00.000Z,60,7,public,false,Détente,3,bCrQ5mXqWnTvpDESyKrIuAZjDuR2,10,10,3,0,0,0,2
6Dv29SVjg7Uc8e3lEV62,Kinshasa,published,pro,,-4.3032527&15.310528,2024-03-10T11:23:00.000Z,90,12,public,false,,,zCvsukfMuuffsuPpSTQwb7MusMD2,0,10,0,0,0,0,0
6EVgcmpYU6Mn758o1PIz,LE FIVE Paris 18,canceled,captain,ChIJpVT4_n1u5kcRzji6FdTBXXo,48.8978522&2.3700234,2024-01-23T20:45:00.000Z,60,5,public,true,Détente,2,n4W8yUPegFbSD03f1VsK8IkVZRg2,7,10,0,0,0,0,0
6FCbIdketbBHz5mPG8gC,Footbox,published,pro,,48.9022789&2.582647,2024-03-12T20:00:00.000Z,60,10,public,false,,,QI89VPazyLhBVnWH871jk4BUEZI3,0,10,0,0,0,0,0
6FOwuEm0kaRJq10SQJIe,LE FIVE Bobigny,published,pro,,48.901553&2.4313304,2024-02-23T17:00:00.000Z,60,8,public,false,,,4owi3i7t8EOvFNF6UQvACOpiDRy1,0,10,0,0,0,0,0
6FhWp9F9Gh0DFca727Kc,Le 13 - Foot en salle - Marseille,played,captain,ChIJR62kUm_ByRIRDnGQqGCeUVQ,43.33370070000001&5.370389599999999,2024-02-02T20:00:00.000Z,60,10,public,false,Détente,3,T4yfmCtRW3U920hqf5g11Hhol862,10,10,2,0,0,0,0
6GIZ7RldbnAOsu04ZGW4,Stadium Thiais,published,pro,,48.7511024&2.3713455,2024-02-05T11:00:00.000Z,60,7,public,false,,,psf3NmXEPwdCltHKJC7VuvJocrF3,0,10,0,0,0,0,2
6GfX5Ju0uY57ra0AUKnq,Top Ten,published,pro,,48.8729106&2.6840919,2024-02-19T22:00:00.000Z,90,16.5,public,false,,,i27253AGxOfXgYJK72sBnvUGuMk2,0,10,0,0,0,0,0
6HHF1r3CvzN7Fjs17Dln,Stadium Thiais,published,pro,,48.7511024&2.3713455,2024-03-09T09:30:00.000Z,90,12,public,false,,,psf3NmXEPwdCltHKJC7VuvJocrF3,0,10,0,0,0,0,0
6JTFAxK6Zb9nAmaaQaER,LE FIVE Montreuil,published,pro,,48.8613036&2.4653095,2024-02-24T15:00:00.000Z,60,10,public,false,,,u9uC1vjdcdQ3UqNxI0SiFxor0m43,0,10,0,0,0,0,0
6KLgp8XP6rcAdNQVt3Jj,Stadium Thiais,published,pro,ChIJ64X9jzx05kcRsHvSfOv6UcA,48.7511024&2.3713455,2024-01-24T15:00:00.000Z,90,8,public,false,,,psf3NmXEPwdCltHKJC7VuvJocrF3,0,10,0,0,0,0,0
6LIvRX4O363ykpUXtWdG,Complexe sportif de l'île des Vannes,canceled,captain,ChIJTZWfSNNv5kcRmHP3Tz0AJ6A,48.9188419&2.3245603,2024-01-21T08:45:00.000Z,120,,public,false,Compétition,3,Csrh8EMzKaZCCcCZeEhs2tGGZRr1,15,16,0,0,0,0,1
6LwE7Yfzq7uGPKFMysAd,LE FIVE Paris 18,played,captain,ChIJpVT4_n1u5kcRzji6FdTBXXo,48.8978522&2.3700234,2024-01-22T19:30:00.000Z,60,10,public,true,Détente,2,bUplJ5qiERS7TgScEE9lJNYvPb83,10,10,2,1,0,1,0
6MBv2vUKSxL77QxAJDVM,Stadium Thiais,played,captain,ChIJ64X9jzx05kcRsHvSfOv6UcA,48.7511137&2.3715422,2024-02-12T16:00:00.000Z,120,10,public,false,Compétition,3,Dohg1zNvhsbmGrYuAmExKFyjruw2,10,10,8,1,0,1,0
6NKduFmJAK7bIgQWy68b,Stadium Thiais,published,pro,ChIJ64X9jzx05kcRsHvSfOv6UcA,48.7511024&2.3713455,2024-01-22T20:00:00.000Z,90,15,public,false,,,psf3NmXEPwdCltHKJC7VuvJocrF3,5,12,0,0,0,0,0
6O3HlOKNLMEflaTR9oLJ,Foot POWER 5,canceled,pro,,48.960066&2.2061913,2024-03-10T11:00:00.000Z,90,10,public,false,,,sss3dYi6nzWd7rEjwcQ30LGKudj1,0,10,0,0,0,0,0
6OOp14s8gepuqz9EgxHi,Footbox,published,pro,,48.9022789&2.582647,2024-02-16T16:00:00.000Z,60,7,public,false,,,QI89VPazyLhBVnWH871jk4BUEZI3,0,10,0,0,0,0,0
6OTPnK1y5wCQqkowdbcp,F5 Foot Five,canceled,captain,ChIJjUbM5G7A9EcRW3mlkrhyXxY,45.7857911&4.905926399999999,2024-02-01T19:00:00.000Z,60,9.5,public,false,,4,1oj8NXGqeiXqGZ1uu2Tyz2ZGdBt1,8,10,0,0,0,0,0
6P9RdGtvopm7L2y1hnAf,UrbanSoccer La Défense,played,captain,ChIJh4rnfVhk5kcRV2Q-ZKdm8vA,48.8996456&2.2216773,2024-01-30T19:15:00.000Z,60,14.5,public,true,Détente,3,uXinhTCnJabPwHfWKNCwa6udOVj1,10,10,4,0,0,0,3
6PDK93eMmqOkjKGex942,Stadium Thiais,published,pro,ChIJ64X9jzx05kcRsHvSfOv6UcA,48.7511024&2.3713455,2024-02-04T11:00:00.000Z,90,15,public,false,,,psf3NmXEPwdCltHKJC7VuvJocrF3,2,10,0,0,0,0,1
6QC1TEvY91j2sDzOk62R,Stadium Thiais,published,pro,,48.7511024&2.3713455,2024-03-03T13:30:00.000Z,90,15,public,false,,,psf3NmXEPwdCltHKJC7VuvJocrF3,0,10,0,0,0,0,0
6QQVkSQBIzq9sok7kLih,Terrain de Draveil 2,canceled,captain,ChIJ1xU9jTjf5UcRlwIwZ6v_Ecg,48.6786344&2.4248811,2024-01-21T09:00:00.000Z,120,,public,false,Compétition,4,QqFB5xTACzZPFyr43fszoyrtOwi1,4,18,0,0,0,0,0
6RSYjyRsQGtPQ9MmpeUt,Top Ten,played,pro,,48.8729106&2.6840919,2024-02-05T16:00:00.000Z,90,5,public,false,,,i27253AGxOfXgYJK72sBnvUGuMk2,10,10,7,0,0,0,5
6Rg6Xuv9MCzayh8hUTDq,UrbanSoccer La Défense,played,captain,ChIJh4rnfVhk5kcRV2Q-ZKdm8vA,48.8996456&2.2216773,2024-02-09T18:00:00.000Z,60,14,public,true,Détente,2,JR18ryknV2cei1p9p5XRKJXO5lu1,10,10,2,0,0,0,1
6W1NdBOMG01740SLdRuo,UrbanSoccer - Marne-La-Vallée,draft,captain,ChIJ6bDBiosP5kcROXiloHzSdhc,48.82658600000001&2.6296937,2024-02-09T18:15:00.000Z,60,11,public,true,,,XqKE77KP75T9tQkX3sg8AfmykyP2,0,10,0,0,0,0,0
6WNULpjij05PhGtDZxMP,UrbanSoccer Evry,published,captain,ChIJW0Ut1G7e5UcRt621n2fRQ5M,48.6286849&2.4066366,2024-02-07T19:15:00.000Z,90,15.75,public,true,Détente,3,Z813x5N0SWetu6sqmrVVMLCltA42,9,10,0,0,0,0,0
6XPKfiOUQF7TRELlPALV,Top Ten,published,pro,ChIJfXprBx4b5kcRmhe-5pLZUek,48.8729106&2.6840919,2024-01-20T17:30:00.000Z,90,15,public,false,,,i27253AGxOfXgYJK72sBnvUGuMk2,0,10,0,0,0,0,0
6XXscsNRus8gcW87elmt,Gymnase Raymond Burgard,played,captain,ChIJXWvMzz5w5kcRxt3F8esG5Rg,48.84010360000001&2.3041271,2024-01-28T09:00:00.000Z,120,,public,false,Détente,4,YN4CLRLyxxe2dbSZBOw9zItt2T93,10,10,4,0,0,0,2
6XuMGNtQdyK0VOQLhKjw,Foot POWER 5,canceled,pro,,48.960066&2.2061913,2024-02-28T17:00:00.000Z,90,5,public,false,,,sss3dYi6nzWd7rEjwcQ30LGKudj1,0,10,0,0,0,0,0
6aprzkD9x4fD8GRE2xzj,Stadium Thiais,published,pro,,48.7511024&2.3713455,2024-02-26T21:00:00.000Z,90,14,public,false,,,psf3NmXEPwdCltHKJC7VuvJocrF3,0,10,0,0,0,0,0
6bkj5En2kbLUdybNmqNt,LE FIVE Paris 17,canceled,captain,ChIJ7eI8sFNv5kcR5xy52Wc57NU,48.900032&2.3213449,2024-02-03T11:00:00.000Z,60,10,public,true,Détente,3,llQX2MUU4bdO9CLNbrKjiszrC2e2,7,10,0,0,0,0,0
6cLRPHPEinvg1FNfSBrK,LE FIVE OL,played,captain,ChIJmz3whejH9EcR3j9ApNRukKE,45.7673403&4.9802325,2024-02-04T09:00:00.000Z,90,12,public,false,Détente,2,3XeDOnhqBsO8fd9OiABXBZcMPEx2,10,10,2,0,0,0,2
6dtixMgvnVOF7vSpPbpj,Footbox,published,pro,,48.9022789&2.582647,2024-02-18T16:00:00.000Z,60,10,public,false,,,QI89VPazyLhBVnWH871jk4BUEZI3,0,10,0,0,0,0,0
6fERPGEsVtKL0vvwubmp,OHSPORT,played,captain,ChIJHeG9fA4X5kcRbGNzVY5Ud5I,48.9672396&2.5670436,2024-02-09T15:20:00.000Z,90,9,public,false,Détente,3,QqCjlca15HdnAvALHA0FzUBbbX42,10,10,1,0,0,0,2
6g26XbBRcRAEj51kgHVE,Top Ten,played,pro,,48.8729106&2.6840919,2024-01-25T16:00:00.000Z,90,5,public,false,,,i27253AGxOfXgYJK72sBnvUGuMk2,10,10,7,0,0,0,4
6gqrBuTASnfGJepn6UgZ,Z5 Aix,played,captain,ChIJKb-U_9KSyRIRKIFKbH5mW18,43.4787869&5.3969048,2024-02-04T17:00:00.000Z,60,11,public,false,Détente,2,LIt9jRAfS6fc4lEiklRix5m9KeY2,10,10,2,0,0,0,0
6i2ZM3vsoEn3sX7HD0Nw,Stadium Thiais,published,pro,ChIJ64X9jzx05kcRsHvSfOv6UcA,48.7511024&2.3713455,2024-01-24T18:30:00.000Z,90,15,public,false,,,psf3NmXEPwdCltHKJC7VuvJocrF3,0,10,0,0,0,0,0
6iv06lA2lhYtvH9WFniz,STADIUM FOOT 5 VILLAGE,played,captain,ChIJbbOWFtC4yRIR0WXVerbWmnE,43.269413&5.4260321,2024-01-28T19:00:00.000Z,60,10,public,false,Détente,,MKjoGJESIIfNKw5sH93VODBuvLv2,10,10,3,0,0,0,1
6ja87fQUTkkzdcFyTXMW,CA Romainville,played,captain,ChIJ6ZZX-Itt5kcRjhHfH1Jkgdc,48.8869386&2.4421851,2024-02-11T10:00:00.000Z,90,,public,false,Détente,3,lp3HxMszwUT4btAAKLAKDzNdP1j1,22,22,18,1,1,1,3
6jeAVrG09IxMaqrjhZHE,UrbanSoccer - Toulouse Sept Deniers,played,captain,ChIJk5nUBdOkrhIRP-1aUJzo-lA,43.6321552&1.411696,2024-01-28T17:30:00.000Z,90,13,public,true,Détente,2,qYH09o8qjsXOMpHf56MBTYcMKhp1,10,10,2,0,0,0,0
6l9XuNzV8rgWOJhV6jnP,LE FIVE Champigny,played,pro,,48.8194084&2.5251846,2024-02-10T18:00:00.000Z,60,11,public,false,,,evlV9mUgATYQ5343zpYZvk4w0r03,10,10,2,0,0,0,1
6lFd7VtxjDoGvPyl5Vhy,UrbanSoccer La Défense,published,captain,ChIJh4rnfVhk5kcRV2Q-ZKdm8vA,48.8996456&2.2216773,2024-01-20T08:00:00.000Z,60,13,public,true,Détente,2,lXmEZUR4RMTusdosGtuMnzNTS1u2,9,10,0,0,0,0,0
6ljwRNlEBTxI36mzNKei,Top Ten,published,pro,,48.8729106&2.6840919,2024-02-28T21:30:00.000Z,90,16.5,public,false,,,i27253AGxOfXgYJK72sBnvUGuMk2,0,10,0,0,0,0,0
6mHceLmGyRnQFnrOavhm,UrbanSoccer La Défense,published,captain,ChIJh4rnfVhk5kcRV2Q-ZKdm8vA,48.8996456&2.2216773,2024-02-04T11:00:00.000Z,90,,public,true,Détente,3,KjrFHqVGUQSSYvXHpcm0W9Q62as2,9,10,0,0,0,0,0
6mcj5xxS3Pcx8v37bhLL,Kinshasa,published,pro,,-4.3032527&15.310528,2024-02-23T15:00:00.000Z,90,21,public,false,,,zCvsukfMuuffsuPpSTQwb7MusMD2,0,10,0,0,0,0,0
6nrSvKUNaR0HOs4p9iND,UrbanSoccer - Toulouse Montaudran,played,captain,ChIJl772e0u8rhIR2foRX4Xa2CI,43.574642&1.4801835,2024-01-24T19:00:00.000Z,60,10.5,public,true,Détente,3,wFVCRIrUxVfgwl5cYZpQw5piYQi2,10,10,2,0,0,0,0
6pbky2f5JGDx8v3ZBtoC,Top Ten,published,pro,,48.8729106&2.6840919,2024-01-29T22:00:00.000Z,90,16.5,public,false,,,i27253AGxOfXgYJK72sBnvUGuMk2,0,10,0,0,0,0,0
6q3BncAavycCNBRoVGNy,LE FIVE Montreuil,published,pro,,48.8613036&2.4653095,2024-02-13T12:00:00.000Z,60,7,public,false,,,u9uC1vjdcdQ3UqNxI0SiFxor0m43,0,10,0,0,0,0,0
6r7v5HkE7offKcOcBvhs,UrbanSoccer Meudon,canceled,captain,ChIJ0WKvjbh75kcRoqSmyWwW2jQ,48.80013599999999&2.2140811,2024-01-26T17:45:00.000Z,60,10,public,true,,3,npkCJxc9cQQqqBil7RF08EN2Ow03,8,10,0,0,0,0,0
6rgiWMOQhHNnjematgjt,LE FIVE Villette,played,captain,ChIJTUFnQjps5kcR0pHITLTw1PI,48.9070122&2.3861459,2024-01-23T18:00:00.000Z,60,12,public,false,Détente,2,p3LqdInEj6fsJOomYM2dUJ77Mn52,10,10,5,0,0,0,0
6uGs8HzvY8ihScubACD0,LE FIVE VITROLLES,canceled,captain,ChIJi4A-IrHoyRIRunoYLEGNeYI,43.4338497&5.240971399999999,2024-01-29T18:00:00.000Z,60,10,public,false,Détente,2,EsIEFGuUsSOde9SPdwVjUzP7Dd82,10,10,0,0,0,0,0
6uKZwwwlFwMs3fOb2mxQ,Stade Jean Jaurès,canceled,captain,ChIJZeiwsidk5kcRfr4JxmBG86s,48.9370177&2.2250254,2024-02-01T09:00:00.000Z,120,,public,false,Compétition,4,9RsiW31iSGhaAT8kokv7pIP4bmU2,10,18,0,0,0,0,1
6unSDeWkmdMz09e56K0x,LE FIVE Sarcelles,played,captain,ChIJ6_q3Fxhq5kcRCpoEwnoXX1Q,48.99782219999999&2.3902225,2024-01-23T19:30:00.000Z,90,10,public,false,Détente,3,7zqwIqCe79UpNd8UOOgZeeFEGHg2,10,10,4,0,0,0,1
6vFOJajzBt0fmXMZbwJv,Play Soccer,played,captain,ChIJQ-UxZn-5rhIRKWoQydM5T9s,43.5512023&1.4098927,2024-01-27T15:30:00.000Z,90,12,public,false,,4,8LtkeOuZHeePxfkXdNPmQSr7V9L2,10,10,5,0,0,0,0
6vzn7m6KFr2Hnqzd2Ts7,UrbanSoccer La Défense,played,captain,ChIJh4rnfVhk5kcRV2Q-ZKdm8vA,48.8996456&2.2216773,2024-02-03T16:45:00.000Z,60,13.5,public,true,Détente,3,VD9ODfaAjcS1pb401hKVLbwXGt92,10,10,2,0,0,0,3
6xh1xZQjhfckOqOy2Cpg,UrbanSoccer - Marne-La-Vallée,canceled,captain,ChIJ6bDBiosP5kcROXiloHzSdhc,48.82658600000001&2.6296937,2024-02-04T11:30:00.000Z,60,85,private,true,Détente,2,AZW4eE26vCcDavANdPQgOqs70xx2,10,10,0,0,0,0,0
6y9i5GkRPyr4j4x1ZZ2J,UrbanSoccer - Marne-La-Vallée,canceled,captain,ChIJ6bDBiosP5kcROXiloHzSdhc,48.82658600000001&2.6296937,2024-02-09T19:15:00.000Z,90,18,public,true,Détente,3,xPY1K2GHyVSVi4CtAs5pGcnzKBp2,10,10,0,0,0,0,0
6zJ4qyhDjj9tb9ajA2FH,Stade du Marais,published,captain,ChIJt1x00Chk5kcR8vMG8Edx9qU,48.93547359999999&2.2287283,2024-01-21T13:00:00.000Z,90,,public,false,Détente,3,reugKjXkQXaI9FiNGhxGckIluo32,4,16,0,0,0,0,0
71eaL57Evxm48LJQudAv,Halle Georges Carpentier,canceled,captain,ChIJnXkSwCty5kcR-nlHXNFQlg4,48.82020139999999&2.3672361,2024-01-26T14:30:00.000Z,120,,public,false,Détente,,FYfgfT1shkXXyaMI4sZTA7d9Qdw2,8,16,0,0,0,0,0
71zIxdQqNlCcGIzIZitk,Play Soccer,played,captain,ChIJQ-UxZn-5rhIRKWoQydM5T9s,43.5512023&1.4098927,2024-02-01T11:30:00.000Z,60,8,public,false,,,8LtkeOuZHeePxfkXdNPmQSr7V9L2,10,10,2,0,0,0,0
72FDnGh8zdRCS2tlNtn0,LE FIVE Paris 18,played,captain,ChIJpVT4_n1u5kcRzji6FdTBXXo,48.8978522&2.3700234,2024-02-10T15:00:00.000Z,60,7.5,public,true,Détente,3,YShOQuRUo8Vm07pj9vfiQAfMtuh1,10,10,1,0,0,0,1
73Q2RM2X3bu76hesKjFv,UrbanSoccer - Puteaux,played,captain,ChIJM_sC0-Nk5kcRhL1y_EFIje8,48.8836397&2.2312283,2024-01-25T19:00:00.000Z,60,14.5,public,true,Détente,3,RjnILKUgrrYly5GOAr8iC9cVDLt2,10,10,8,0,0,0,3
73lMlaaBntkjQNbj1J81,LE FIVE Villette,played,captain,ChIJTUFnQjps5kcR0pHITLTw1PI,48.9070122&2.3861459,2024-02-10T10:30:00.000Z,60,10,public,false,Détente,3,2WS400bM7uX0xELJAMzrwgVMkOM2,10,10,1,0,0,0,0
73pE058hke6NlyvTrb71,UrbanSoccer - Asnières,draft,captain,ChIJi5LkLT9v5kcRSlhScqEFNWs,48.92192379999999&2.3068311,2024-02-02T19:00:00.000Z,90,,public,false,,,zuLfnpn9yah3rzrIamFPG2S91ee2,0,0,0,0,0,0,0
74IQgaWJ0e7rltWGgK1a,MONCLUB 2.0,played,captain,ChIJv9owGLm-yRIRfuDnd3G6nR4,43.2895156&5.4611522,2024-01-24T18:30:00.000Z,60,10,public,false,Détente,2,acWFODV94rS86IjtYjTFel9PdrQ2,10,10,3,0,0,0,0
74y04oEj27YiQ6P59T5c,LE FIVE Montreuil,published,pro,,48.8613036&2.4653095,2024-03-03T13:00:00.000Z,90,15,public,false,,,u9uC1vjdcdQ3UqNxI0SiFxor0m43,0,10,0,0,0,0,0
75kKRakzff5wTXezj66J,Stade Des Courtilles,canceled,captain,ChIJ83HS9ldv5kcR-plMKkHPNTA,48.929137&2.2834726,2024-02-10T19:30:00.000Z,120,,public,false,Compétition,,OKhfkxDKMDS9m7GyDTrjVlKnvko1,11,14,0,0,0,0,1
760jIsqyp5z4gUtgaIbu,MONCLUB 2.0,played,captain,ChIJv9owGLm-yRIRfuDnd3G6nR4,43.2895156&5.4611522,2024-02-08T19:00:00.000Z,60,10,public,false,Competition,3,5TFCYy7BgibXpBF3a2CvhWBKkUt1,10,10,1,0,0,0,2
762KgZYpD41za2LI3QNU,LE FIVE Montreuil,published,pro,,48.8613036&2.4653095,2024-02-27T21:30:00.000Z,90,13.5,public,false,,,u9uC1vjdcdQ3UqNxI0SiFxor0m43,0,10,0,0,0,0,0
77RSeJLayq7Ljaww8Ds5,LE FIVE Paris 17,canceled,captain,ChIJ7eI8sFNv5kcR5xy52Wc57NU,48.900032&2.3213449,2024-01-24T17:00:00.000Z,60,12,public,true,Détente,3,Q3Vgc0IDnTafHLNPJEKvo6ervfi2,9,10,0,0,0,0,0
77lQGgUXh3AZT3ti2z1n,LE FIVE Carrières-sous-Poissy,published,captain,ChIJ9T4fWfyL5kcRCBX-FyZLvEE,48.9469325&2.0233834,2024-02-02T10:30:00.000Z,90,13,public,false,,4,T3MXqcHK9jTOVl5qDb6YLQV5V8R2,8,10,0,0,0,0,0
77p3h0lfpayFnURE2ZEJ,Stadium Thiais,published,pro,,48.7511024&2.3713455,2024-01-21T13:30:00.000Z,90,15,public,false,,,psf3NmXEPwdCltHKJC7VuvJocrF3,0,10,0,0,0,0,1
78SYc9h9QZ1tgPe2g0wh,Stadium Thiais,published,pro,ChIJ64X9jzx05kcRsHvSfOv6UcA,48.7511024&2.3713455,2024-01-24T18:00:00.000Z,90,15,public,false,,,psf3NmXEPwdCltHKJC7VuvJocrF3,0,10,0,0,0,0,0
78UuCG6ZbR2BO4ww4QJC,Foot-Max Argenteuil,published,pro,ChIJi9oIzaRm5kcRJYcK7QsdRMU,48.9501632&2.2093946,2024-02-11T12:30:00.000Z,90,12,public,false,,,SuEnyPZ4TgNIkt1yap2yJ3ZHO6p1,0,10,0,0,0,0,0
79iwhpwFEHXN3h1kak0O,Stadium Thiais,played,captain,ChIJ64X9jzx05kcRsHvSfOv6UcA,48.7511024&2.3713455,2024-01-22T16:00:00.000Z,120,10,public,false,Compétition,3,Dohg1zNvhsbmGrYuAmExKFyjruw2,10,10,8,3,0,1,0
7AGMjqJdqQ8SiDo7jfoO,Stadium Thiais,published,pro,,48.7511024&2.3713455,2024-02-16T16:30:00.000Z,90,10,public,false,,,psf3NmXEPwdCltHKJC7VuvJocrF3,0,10,0,0,0,0,1
7DJLprhxJvuVvO0Ot0BS,LE FIVE Paris 13,played,captain,ChIJ_bOSChhz5kcRZMTeq_6Gdzg,48.8181615&2.3658793,2024-02-03T17:30:00.000Z,90,11.5,public,true,Détente,,o2jV6LybU1Wx5biAwXkQCL6JGJP2,10,10,4,0,0,0,0
7FC9WjbqHr0OhF9aij0N,Evolution Football,canceled,captain,ChIJX0YulIi8yRIRnGh62u3UXTQ,43.2836074&5.52356,2024-01-28T10:30:00.000Z,60,9,public,false,Détente,3,cRqsa5gmaDMwa0CIMgZfcsKocla2,8,10,0,0,0,0,0
7GOY1dnS7FzX0Qc5LT2W,Events Five,played,captain,ChIJf8cSCJG5rhIRoQadPH-wW1U,43.5399703&1.3922897,2024-01-24T19:00:00.000Z,60,9,public,false,Détente,3,kVyaXWV4MbXOhkS18nTiduhfbai1,10,10,1,0,0,0,0
7GZBRuWA2gDiKm890Os1,LE FIVE Paris 17,played,pro,,48.900032&2.3213449,2024-02-01T16:00:00.000Z,60,5,public,false,,,V6mqbc9C8FNa1RQlUupjeoqOsZL2,10,10,10,0,1,0,12
7HKb2TJahjWXMAe7j2N2,LE FIVE Bobigny,published,pro,,48.901553&2.4313304,2024-03-04T17:00:00.000Z,60,8,public,false,,,4owi3i7t8EOvFNF6UQvACOpiDRy1,0,10,0,0,0,0,0
7HZ0O8tgkWvM7Qpo3C2F,Footbox,published,pro,,48.9022789&2.582647,2024-02-17T16:00:00.000Z,60,10,public,false,,,QI89VPazyLhBVnWH871jk4BUEZI3,0,10,0,0,0,0,0
7HmvEHz6z1iYrmMAMbRx,Stade de la Tour aux Parachutes,played,captain,ChIJbwsrhCpy5kcRca22Pnhr8MU,48.8175176&2.3643354,2024-02-02T15:00:00.000Z,120,,public,false,,,IEU57Q7nmbbkCnloDOZa6y1BGHS2,16,16,9,1,0,0,2
7HpPEggoYqOcTxiqdTTx,LE FIVE Bobigny,canceled,captain,ChIJV8UONORs5kcRXxR5Qd7x130,48.901553&2.4313304,2024-01-21T19:30:00.000Z,90,15,public,false,Détente,2,vQ70uGoHKDbM35VryYTKBupTgIZ2,9,10,0,0,0,0,1
7K084R1QMVBGBlRNePpW,Stadium Thiais,published,pro,,48.7511024&2.3713455,2024-03-01T11:00:00.000Z,60,7,public,false,,,psf3NmXEPwdCltHKJC7VuvJocrF3,0,10,0,0,0,0,0
7KCrSY2X00XE6PrBzljX,Stadium Thiais,played,captain,ChIJ64X9jzx05kcRsHvSfOv6UcA,48.7511137&2.3715422,2024-02-10T15:00:00.000Z,90,12,public,false,Détente,1,NxsmW5HfEkXgtmQjnETX2uRGuuM2,10,10,4,0,0,0,2
7KZ0C1YnwXiMD07LCjCu,Ruocco Arena,canceled,captain,ChIJec6FdoyNyRIR1T4f7npI5nA,43.5128999&5.4512978,2024-01-20T14:00:00.000Z,90,,public,false,Compétition,,pruzPYYUO4MfOkbqM7dGNwbgL5F3,1,14,0,0,0,0,0
7Ka6LCNoU5nzDDwf1d9r,STADIUM FOOT 5 VILLAGE,played,captain,ChIJbbOWFtC4yRIR0WXVerbWmnE,43.269413&5.4260321,2024-01-22T18:00:00.000Z,60,10,public,false,Détente,,MKjoGJESIIfNKw5sH93VODBuvLv2,10,10,2,0,0,0,0
7M629PsFQ3It9NVCFB1f,Stadium Thiais,published,pro,,48.7511024&2.3713455,2024-02-06T21:00:00.000Z,90,14,public,false,,,psf3NmXEPwdCltHKJC7VuvJocrF3,0,10,0,0,0,0,0
7NELGWVFwzyR7vuAcoaw,Events Five,published,captain,ChIJf8cSCJG5rhIRoQadPH-wW1U,43.5399703&1.3922897,2024-01-30T18:30:00.000Z,60,8,public,false,Détente,3,r88cZbnzedV2RF1d3PB371hbCog1,8,10,0,0,0,0,0
7OnBB89UT8e3Dw9kSE2b,LE FIVE Paris 17,canceled,captain,ChIJ7eI8sFNv5kcR5xy52Wc57NU,48.900032&2.3213449,2024-01-31T21:00:00.000Z,60,8,public,true,Détente,3,ZxGRMfC8CVMy4y3iqkrudB70Ymm2,9,10,0,0,0,0,1
7PBEtE8JUpBYN18IM6kw,B14 - Sports et Loisirs Indoor,played,captain,ChIJaeLKMYXe5UcRHyWJ8X8FaPA,48.62229&2.3800445,2024-01-20T17:30:00.000Z,90,13.5,public,false,Détente,,GYv8D0rfklWsio6Kwbe4IYKOzW72,10,10,4,0,0,0,2
7PwxJD8ySrpUQTUQ068j,Futsal,played,captain,ChIJW2Aqm4nXwkcRlCVWc3BBA7g,50.6160524&3.100639,2024-02-02T18:00:00.000Z,90,8,public,false,Compétition,4,apVKYcOhmBZbIt0BG505gXs5JVd2,10,10,8,0,0,0,0
7Q6BmLeT2QIB2pc3C2Kj,Foot POWER 5,canceled,pro,,48.960066&2.2061913,2024-02-11T11:00:00.000Z,90,10,public,false,,,sss3dYi6nzWd7rEjwcQ30LGKudj1,0,10,0,0,0,0,0
7RTORdeWE1H2jHOElFCx,GOPARK INTERIEUR - Paintball et trampolines parc,canceled,captain,ChIJ2cJmdhf15kcRQ4mUOxIVzd0,49.045624&2.0799886,2024-01-29T20:00:00.000Z,90,15,public,false,Détente,3,btWWTjmZ72OghEaPEoR2fNT8D9m2,8,10,0,0,0,0,0
7RvpmbpC5Gxaubw0FK8W,LE FIVE Paris 18,published,pro,,48.8978522&2.3700234,2024-03-11T16:00:00.000Z,60,5,public,false,,,UQf33jQhVZhle917nO0h7D5qclV2,1,10,0,0,0,0,0
7S59inewn8nB3DkH3su2,LE FIVE Paris 13,published,pro,,48.8181615&2.3658793,2024-03-04T22:00:00.000Z,60,10,public,false,,,FjSnzlRFFfhWVWQJGfIEwRc2ZMj2,0,10,0,0,0,0,0
7S6Vbov7LKVxoNFlqb6w,LE FIVE Paris 18,played,captain,ChIJpVT4_n1u5kcRzji6FdTBXXo,48.8978522&2.3700234,2024-02-05T19:00:00.000Z,60,14,public,true,Détente,2,bUplJ5qiERS7TgScEE9lJNYvPb83,10,10,3,0,0,0,1
7S8W6UYaSKeeu6ePuOjb,UrbanSoccer - Puteaux,canceled,captain,ChIJM_sC0-Nk5kcRhL1y_EFIje8,48.8836397&2.2312283,2024-01-24T18:30:00.000Z,60,13.5,public,true,Détente,,BmkeTtBO0RTaBycpOnQBdgpceCs2,8,10,0,0,0,0,1
7U26w2AokHIOOKzMM32F,Stade Des Courtilles,canceled,captain,ChIJ83HS9ldv5kcR-plMKkHPNTA,48.929137&2.2834726,2024-02-04T17:30:00.000Z,150,,public,false,Compétition,3,OKhfkxDKMDS9m7GyDTrjVlKnvko1,8,14,0,0,0,0,1
7UA2H2MwHAOs9QrdsPqv,Urban Soccer,canceled,captain,ChIJQa9SIC3v9EcR6KzO4cOApok,45.6833208&4.7719325,2024-01-23T18:05:00.000Z,60,,public,true,Détente,,0WcCkuTTcxP66inmNCdYT6XB1zR2,9,10,0,0,0,0,0
7Uta5gBIxtULO9MlTxWC,LE FIVE Bezons,published,pro,,48.91909&2.2093051,2024-03-06T21:00:00.000Z,90,14,public,false,,,U3MriTZbPbTUEsU6RtRuHxDMKvg2,0,10,0,0,0,0,0
7UyyaC15aGOGiPGiNKJW,Footbox,published,pro,,48.9022789&2.582647,2024-03-03T12:00:00.000Z,60,10,public,false,,,QI89VPazyLhBVnWH871jk4BUEZI3,0,10,0,0,0,0,0
7V9orKcXr26LBJowyiX4,Top Ten,published,pro,ChIJfXprBx4b5kcRmhe-5pLZUek,48.8729106&2.6840919,2024-02-03T21:30:00.000Z,90,15,public,false,,,i27253AGxOfXgYJK72sBnvUGuMk2,0,10,0,0,0,0,0
7VWOmDX8vM5HydFXGTHT,LE FIVE Montreuil,published,pro,,48.8613036&2.4653095,2024-02-09T09:00:00.000Z,90,10.5,public,false,,,u9uC1vjdcdQ3UqNxI0SiFxor0m43,0,10,0,0,0,0,0
7XJ99n2p4xep9EHaLwXO,LE FIVE Paris 18,played,pro,,48.8978522&2.3700234,2024-01-26T21:20:00.000Z,90,10,public,false,,,UQf33jQhVZhle917nO0h7D5qclV2,10,10,8,0,1,0,5
7Y2IIbWUBhiiwZzaJYva,Stadium Thiais,published,pro,,48.7511024&2.3713455,2024-02-07T16:30:00.000Z,90,10,public,false,,,psf3NmXEPwdCltHKJC7VuvJocrF3,0,10,0,0,0,0,0
7YIoIuW0EqfzVISm7Atx,Foot POWER 5,canceled,pro,,48.960066&2.2061913,2024-02-02T17:00:00.000Z,90,5,public,false,,,sss3dYi6nzWd7rEjwcQ30LGKudj1,0,10,0,0,0,0,0
7YRftOdKY2u6mE0rbXsX,Play Soccer,played,captain,ChIJQ-UxZn-5rhIRKWoQydM5T9s,43.5512023&1.4098927,2024-01-26T19:00:00.000Z,90,13.5,public,false,,,8LtkeOuZHeePxfkXdNPmQSr7V9L2,10,10,2,0,0,0,0
7ZjgLwJx3NylfRDQ6QeC,Foot POWER 5,canceled,pro,,48.960066&2.2061913,2024-02-17T11:00:00.000Z,60,5,public,false,,,sss3dYi6nzWd7rEjwcQ30LGKudj1,0,10,0,0,0,0,0
7a8QnEVQFTr36PE6HZek,Foot POWER 5,canceled,pro,,48.960066&2.2061913,2024-01-27T17:00:00.000Z,90,7,public,false,,,sss3dYi6nzWd7rEjwcQ30LGKudj1,0,10,0,0,0,0,0
7cGiDShZj4zcCiKpkzGD,LE FIVE Montreuil,published,pro,,48.8613036&2.4653095,2024-02-08T22:00:00.000Z,60,8,public,false,,,u9uC1vjdcdQ3UqNxI0SiFxor0m43,0,10,0,0,0,0,0
7eBii0BmUBIU1pf7rhyh,Classico Foot,canceled,captain,ChIJFV442oCxrhIRgsZy5aIbkNs,43.5945434&1.2911399,2024-02-04T17:00:00.000Z,60,8,public,false,Détente,3,ohpKP3Y7r5RrXgbP14tk91DpY6B2,7,10,0,0,0,0,0
7eyVu82aEJg1vuIGWvPb,Créteil Palais Futsal,played,captain,ChIJybvMquVz5kcR1cCOT2aSuuM,48.78416&2.442971,2024-02-04T14:00:00.000Z,60,,public,false,Chill,2,0B5E4O4kwNXCgX7kMyWRpMjb85G2,10,10,3,0,0,0,0
7fLCgcfeYXgwI4dDhvYs,Le 13 - Foot en salle - Marseille,played,captain,ChIJR62kUm_ByRIRDnGQqGCeUVQ,43.33370070000001&5.370389599999999,2024-01-26T19:00:00.000Z,60,9,public,false,Compétition,2,vzCXSeJYbaZacDav8pXWl7X9Wih1,10,10,0,0,0,0,0
7fZvEieGCr009QsxJax5,LE FIVE Montreuil,played,captain,ChIJJdTQjr0T5kcRZmGxtIJVy44,48.8607303&2.4650432,2024-01-28T20:00:00.000Z,90,15,public,false,,4,29kYPAErN7Xgx17AUR2jVNqUwIH2,10,10,3,0,0,0,0
7gFbB0k6ZNZxBseRxvEB,Foot paris,published,captain,ChIJd2GJua5t5kcR_zneoHO7R-k,48.8904693&2.3731397,2024-02-11T09:30:00.000Z,150,2,public,false,Compétition,5,6g66Hr0t8ESpVJkqTW80lI9cRdr2,17,18,0,0,0,0,4
7gkwFLawJ1hbzsX527oc,LE FIVE Montreuil,published,pro,,48.8613036&2.4653095,2024-02-17T13:00:00.000Z,90,15,public,false,,,u9uC1vjdcdQ3UqNxI0SiFxor0m43,10,10,0,0,0,0,0
7hV5YEG67lp5MkXC3szZ,Stadium Thiais,published,pro,,48.7511024&2.3713455,2024-03-09T10:30:00.000Z,90,12,public,false,,,psf3NmXEPwdCltHKJC7VuvJocrF3,0,10,0,0,0,0,0
7iQ1WsOXgHRE3uuABp0J,Footbox,published,pro,,48.9022789&2.582647,2024-02-21T18:00:00.000Z,60,10,public,false,,,QI89VPazyLhBVnWH871jk4BUEZI3,0,10,0,0,0,0,0
7iUIjE7VZa1yWBxo0Wxe,Game 13 foot indoor,played,captain,ChIJNSDvlsXryRIRUXao9hwB79I,43.41258939999999&5.366617,2024-02-01T17:30:00.000Z,60,10,public,false,Détente,2,DwUR2I0rdfa40m10L51LPgZlAAi1,10,10,2,0,0,0,1
7jd4G036lGwOyYiBuAH0,LE FIVE Bezons,published,pro,,48.91909&2.2093051,2024-01-21T19:00:00.000Z,90,15,public,false,,,U3MriTZbPbTUEsU6RtRuHxDMKvg2,9,10,0,0,0,0,2
7jlG1ChohOqPF1Li1Tbp,Game 13 foot indoor,played,captain,ChIJNSDvlsXryRIRUXao9hwB79I,43.41258939999999&5.366617,2024-01-28T20:00:00.000Z,60,10,public,false,Détente,2,o2jiaRZt8KT3WkxCN08K3KRVlgF2,10,10,2,0,0,0,1
7kBhL2zEWwSq0VccZiQs,LE FIVE Paris 18,canceled,captain,ChIJpVT4_n1u5kcRzji6FdTBXXo,48.8978522&2.3700234,2024-02-03T08:30:00.000Z,90,7.5,public,true,Chill,3,nRQTifuKqwTMtxx2C4sc06ooeJe2,9,10,0,0,0,0,0
7kVOQ4xNQAKXc6nLoXNr,UrbanSoccer - Lille Lezennes,canceled,captain,ChIJR3ro5nTWwkcRfM_S3Be9HjI,50.6162725&3.0998108,2024-02-01T17:30:00.000Z,60,9,public,true,Détente,2,KoMMspPpOrQB6lklhBjC6eSYPZp2,4,10,0,0,0,0,0
7lGkt8iEZWZeX4JbUgXQ,Stadium Thiais,played,pro,,48.7511024&2.3713455,2024-02-09T21:00:00.000Z,90,14,public,false,,,psf3NmXEPwdCltHKJC7VuvJocrF3,10,10,6,0,0,1,3
7lOxjtsuW9birH6WhtPl,FOOT INDOOR Marseille,played,captain,ChIJ41AMCxC8yRIRLHLGt11sc-U,43.2859688&5.4882746,2024-01-26T20:30:00.000Z,60,10,public,false,Détente,2,ODJodWIh43hCkKeN6alTCvMfJhr2,10,10,2,0,0,0,0
7nfE1AyxLansz4OScOgf,Top Ten,published,pro,ChIJfXprBx4b5kcRmhe-5pLZUek,48.8729106&2.6840919,2024-02-11T19:00:00.000Z,90,15,public,false,,,i27253AGxOfXgYJK72sBnvUGuMk2,0,10,0,0,0,0,0
7oBitQcuXQrMB5egRYVV,LE FIVE Paris 18,published,pro,,48.8978522&2.3700234,2024-02-29T16:00:00.000Z,60,5,public,false,,,UQf33jQhVZhle917nO0h7D5qclV2,0,10,0,0,0,0,0
7oCkYuvDcXZ0A7hZkY8F,UrbanSoccer La Défense,played,captain,ChIJh4rnfVhk5kcRV2Q-ZKdm8vA,48.8996456&2.2216773,2024-01-27T11:15:00.000Z,60,13.5,public,true,Chill,3,YdWmrebWzmcihVD0Od7KgtRR8Ot2,10,10,2,0,0,0,1
7p2o6y6y2CUnHDBpkckd,UrbanSoccer - Porte d'Aubervilliers,played,captain,ChIJ0dXjDCZs5kcRvX0EpMwxsUY,48.9074912&2.3746518,2024-01-25T19:30:00.000Z,90,22.5,public,true,Détente,3,nzaigL6RS6WX6IMSDnQa79WgPko1,10,10,2,0,0,0,1
7pDuOTZcIeD2xYaMogYj,Foot POWER 5,canceled,pro,,48.960066&2.2061913,2024-02-29T17:00:00.000Z,90,5,public,false,,,sss3dYi6nzWd7rEjwcQ30LGKudj1,0,10,0,0,0,0,0
7qefkAyJdbodo5GPuJzD,Stadium Thiais,published,pro,ChIJ64X9jzx05kcRsHvSfOv6UcA,48.7511024&2.3713455,2024-02-03T19:30:00.000Z,90,15,public,false,,,psf3NmXEPwdCltHKJC7VuvJocrF3,2,10,0,0,0,0,0
7s0EdrfJvjEJ5b4JmZKx,Stadium Thiais,published,pro,ChIJ64X9jzx05kcRsHvSfOv6UcA,48.7511024&2.3713455,2024-02-05T18:30:00.000Z,90,15,public,false,,,psf3NmXEPwdCltHKJC7VuvJocrF3,0,10,0,0,0,0,1
7tYbLLx12WoJlrhNyRNd,Terrain de Football du Parc de la Chevrette,played,captain,ChIJQcnIdhBp5kcRMyNyReuD4IU,48.9577368&2.314972,2024-02-04T14:00:00.000Z,120,,public,false,Compétition,4,k5vEaDThJge3sp9J58G4AVWtTv43,18,18,2,0,0,0,0
7u7faB69mnkBONRggaXG,Monclub Futbol,published,captain,ChIJGbxxaamUyRIRgGvhHnhJStA,43.4299152&5.4001974,2024-02-08T18:00:00.000Z,60,12,public,false,Compétition,5,i8DdNisnIkXIfAwB5TaeN7nyliA3,5,10,0,0,0,0,0
7udRXvXp6IUYRHNL7jDd,LE FIVE Paris 18,played,captain,ChIJpVT4_n1u5kcRzji6FdTBXXo,48.8978522&2.3700234,2024-02-04T17:30:00.000Z,90,15,public,true,Détente,3,rTMLsRSJ2BNOJ6U4wCquAMcHnys1,10,10,1,0,0,0,0
7ukPG4VSdAQoi09kBLrj,Stade Lilian Thuram,played,captain,ChIJy0-vXf9l5kcRH4WAmpihUQE,48.933705&2.2828141,2024-01-27T10:00:00.000Z,120,,public,false,Compétition,4,4LyF16dpHtbm72HldpjMLjbELTZ2,10,10,2,0,0,0,3
7uxh73EqUlU6vY8VCQtQ,LE FIVE Paris 13,played,captain,ChIJ_bOSChhz5kcRZMTeq_6Gdzg,48.8181615&2.3658793,2024-01-24T17:30:00.000Z,60,14,public,true,Compétition,4,0cnMjFwadCU2lRXGx86M0boZyNF3,10,10,0,0,0,0,1
7vdAfKYMNtgyWGdL2ojW,Complexe Sportif des Fillettes,published,captain,ChIJqcAr2YZu5kcRUTijKY5WfL0,48.8995287&2.3641637,2024-02-11T09:00:00.000Z,180,,public,false,Détente,2,ZRFiUCiK1TfUcKS5rs0md5OTJa12,12,16,0,0,0,0,1
7w18rJ4OPty8DKYDPK18,LE FIVE Bezons,published,pro,,48.91909&2.2093051,2024-03-06T16:30:00.000Z,90,10.5,public,false,,,U3MriTZbPbTUEsU6RtRuHxDMKvg2,0,10,0,0,0,0,0
7w4dTTTdfs7YsCj3ZPsM,LE FIVE VITROLLES,played,captain,ChIJi4A-IrHoyRIRunoYLEGNeYI,43.4338497&5.240971399999999,2024-01-23T16:00:00.000Z,60,10,public,false,Détente,3,x2YviOWuGVhXrNXJE2UUkAWLcXm1,10,10,2,0,0,0,0
7wEK77IRiytyK4wGbT2r,UrbanSoccer - Quai d'Ivry,played,captain,ChIJfXxYJ0xy5kcRw9xTkF6-FZQ,48.8199885&2.3936463,2024-02-11T10:00:00.000Z,60,13,public,true,Détente,3,9fKVe5bYXhPeaaV2DszUENaSQ953,10,10,4,0,0,0,0
7xf2I2FaYaABkEFa249B,We Are Sports,played,captain,ChIJFZU5oBHC9EcRJTFrSkI1xxg,45.7113247&4.8761886,2024-02-12T19:45:00.000Z,60,10,public,false,Détente,3,C0tIJK1E6qSQDXwkeBUMR5VYmMj1,12,12,2,0,0,0,0
7y7hsRzAcIshaDNEFWah,Stadium Thiais,published,captain,ChIJ64X9jzx05kcRsHvSfOv6UcA,48.7511024&2.3713455,2024-02-01T21:00:00.000Z,90,15,public,false,Détente,3,VbcLh0RDPDYVaN28Hs6CAiyHmh83,6,10,0,0,0,0,0
7ysGCnTrmCzVGXcbF8yH,LE FIVE Bobigny,published,pro,,48.901553&2.4313304,2024-03-08T17:00:00.000Z,60,8,public,false,,,4owi3i7t8EOvFNF6UQvACOpiDRy1,0,10,0,0,0,0,0
7yxZkjWPFDbD5Nieyij6,Play Soccer,played,captain,ChIJQ-UxZn-5rhIRKWoQydM5T9s,43.5512023&1.4098927,2024-02-11T12:00:00.000Z,60,8,public,false,Compétition,4,FTL8x7HcDKdotSu7Ve4etKLD5Bj1,10,10,2,0,0,0,0
7z9atsp5DGh9Hm4H63Fe,Footsal,played,captain,ChIJa7HS298pw0cRMoVDj0XqVdI,50.6397895&3.1251337,2024-02-08T19:15:00.000Z,60,7.5,public,false,Détente,3,ivvysabbD0b4rucXt7vjkhCCeNX2,10,10,4,0,0,0,1
7zGQDkFXAjF1yG5jJFe5,LE FIVE Paris 18,canceled,pro,,48.8978522&2.3700234,2024-01-27T21:30:00.000Z,90,10,public,false,,,UQf33jQhVZhle917nO0h7D5qclV2,0,10,0,0,0,0,1
7zxpgPN0Q4Mlk0PWeNnt,Foot POWER 5,canceled,pro,,48.960066&2.2061913,2024-02-16T17:00:00.000Z,90,5,public,false,,,sss3dYi6nzWd7rEjwcQ30LGKudj1,0,10,0,0,0,0,0
80apGAQsuMsD2D9yrlza,Stadium Thiais,canceled,captain,,48.7511137&2.3715422,2024-02-03T09:30:00.000Z,90,12,public,false,Détente,3,aP4PclCOArZE5kmeKhFzB1Jl9E83,11,12,0,0,0,0,4
81E6Mx3moRm1CyhAoqvB,Stade de l'Ile Billancourt,played,captain,ChIJ_VzHyPZ65kcRie3KTzFg37c,48.8223054&2.2450824,2024-02-08T11:15:00.000Z,90,,public,false,Compétition,3,KkIe20SESrQEox7gFr1iQCSjgI72,16,16,5,0,0,0,1
81QCvIhGVPHQUepxRGYg,UrbanSoccer Meudon,canceled,captain,ChIJ0WKvjbh75kcRoqSmyWwW2jQ,48.8001204&2.2140771,2024-02-01T18:30:00.000Z,60,10,public,true,Détente,5,W2wFIbcH0aQECe3QOQZBd4zTmhe2,4,10,0,0,0,0,0
81Z6C8GJqwtcAOli2JRH,LE FIVE Créteil,played,captain,ChIJ88lx3VwL5kcRVxCh4lD6_Gk,48.7643086&2.4706522,2024-01-21T11:15:00.000Z,90,16.5,private,false,Détente,,yzYKgIjiBsUDva2PubyLRbruw5q2,10,10,5,0,0,0,0
81m3hnm1gHsYy7ftOUwS,Stadium Thiais,played,pro,,48.7511024&2.3713455,2024-01-27T10:30:00.000Z,90,12,public,false,,,psf3NmXEPwdCltHKJC7VuvJocrF3,10,10,9,0,0,0,1
83tS0IAZg8FL071z4FIz,Rue du Musée,published,captain,ChIJ4ypzX6B15kcRFesay1dBJco,48.71676&2.39852,2024-01-21T12:30:00.000Z,120,,public,false,Détente,3,cN5ziaJEEzeTkhSzhQ5spkd4BRm1,20,22,0,0,0,0,2
84cBe7QNspaB67rqMscg,LE FIVE Marville - La Courneuve,played,captain,ChIJ2dHdMZxr5kcR0aKYHYsp0pY,48.9364404&2.3869147,2024-02-05T20:30:00.000Z,90,15,public,false,Détente,3,ATXISESgsqO9MHV7lgyytD7kiDr2,10,10,0,0,0,0,0
84pLyyud4ghCzk9nZLHN,Complexe Stadio Pizzeria,canceled,captain,ChIJHxvJCJaY7kcRIpjWekx_Qn8,48.33127289999999&4.1022232,2024-01-23T17:00:00.000Z,60,8,public,false,Détente,3,vLMmbzqI4GXHLUpSAYlDROElJWy2,8,10,0,0,0,0,0
84wRalM3PJf0mOpMEcxi,Top Ten,published,pro,,48.8729106&2.6840919,2024-03-13T11:00:00.000Z,90,5,public,false,,,i27253AGxOfXgYJK72sBnvUGuMk2,0,10,0,0,0,0,0
857Yv6VgQaJ8eQpUe94h,Foot-Max Argenteuil,played,captain,ChIJi9oIzaRm5kcRJYcK7QsdRMU,48.9501569&2.2093741,2024-01-31T19:00:00.000Z,120,16,public,false,Détente,4,NyMT5g5AbvWGj0dtepGfP8wkKCQ2,10,10,3,0,0,0,0
85KfKp0bdrqJQk6buXMG,Top Ten,published,pro,,48.8729106&2.6840919,2024-01-26T11:00:00.000Z,90,5,public,false,,,i27253AGxOfXgYJK72sBnvUGuMk2,1,10,0,0,0,0,0
85eXbQiAuyAYph7IN65C,LE FIVE Paris 13,played,captain,ChIJ_bOSChhz5kcRZMTeq_6Gdzg,48.8181615&2.3658793,2024-01-28T09:00:00.000Z,60,14,public,true,Détente,3,9Re17dEe9ce13GOrhqsFUAsP22s2,10,10,2,0,0,0,0
87QHVoocyv2UHQBvaT5F,Stadium Thiais,published,pro,,48.7511024&2.3713455,2024-02-29T11:00:00.000Z,60,7,public,false,,,psf3NmXEPwdCltHKJC7VuvJocrF3,0,10,0,0,0,0,0
87QiJ2bZ5qHwg20VWPAg,UrbanSoccer Guyancourt,canceled,captain,ChIJmdX-2c-A5kcRj1wtOS8rZmo,48.7722091&2.0600292,2024-01-25T18:30:00.000Z,60,10,private,true,Détente,3,CrOBczekKTQvhnbuUD1E4Hd2so03,9,10,0,0,0,0,1
87pLddlJXIB5FZIIofOQ,LE FIVE Paris 18,played,captain,ChIJpVT4_n1u5kcRzji6FdTBXXo,48.8978522&2.3700234,2024-02-06T20:00:00.000Z,60,14,public,true,Détente,3,VqIidnWYtIOH3FIyVjh0Zk5PWBI3,10,10,1,0,0,0,0
89PdlhsBNzPNgveWZrRS,Top Ten,published,pro,,48.8729106&2.6840919,2024-01-28T11:00:00.000Z,90,15,public,false,,,i27253AGxOfXgYJK72sBnvUGuMk2,0,10,0,0,0,0,0
89yq8HEBJa1KCj22Txwp,LE FIVE Créteil,played,captain,ChIJ88lx3VwL5kcRVxCh4lD6_Gk,48.7643086&2.4706522,2024-02-11T17:00:00.000Z,90,16.5,public,false,Détente,2,u2VeGnnDiVOq3gMi14F8ONAkGqk1,10,10,0,0,0,0,5
8BzcRwac2lcYADYBdVDJ,F5 Foot Five,published,captain,ChIJjUbM5G7A9EcRW3mlkrhyXxY,45.7857911&4.905926399999999,2024-02-05T17:30:00.000Z,60,9.5,public,false,Compétition,3,MDWyqL3LCFUbmAJPfRryfjW5Ad42,9,10,0,0,0,0,1
8CAoD2DW61nOhUkZG9WS,Top Ten,played,pro,,48.8729106&2.6840919,2024-02-12T16:00:00.000Z,90,5,public,false,,,i27253AGxOfXgYJK72sBnvUGuMk2,10,10,8,0,0,0,6
8CIGx1kTG6LHUcgwEBLf,LE FIVE Paris 18,canceled,captain,ChIJpVT4_n1u5kcRzji6FdTBXXo,48.8978522&2.3700234,2024-02-02T20:50:00.000Z,60,14,public,true,,3,4wlgJV2EZlXrc0jLsYRPkRbeOEC3,1,10,0,0,0,0,0
8CXP2WFdAiiNB17CRPkb,Top Ten,canceled,pro,ChIJfXprBx4b5kcRmhe-5pLZUek,48.8729106&2.6840919,2024-01-27T19:30:00.000Z,90,15,public,false,,,i27253AGxOfXgYJK72sBnvUGuMk2,0,10,0,0,0,0,0
8DLLgYZdiJ52UTm79RqP,Stade Yves du Manoir,published,captain,ChIJl7niylB95kcRgp-Qz2gUzpY,48.8356132&2.1471731,2024-01-23T09:00:00.000Z,120,,public,false,Compétition,4,9RsiW31iSGhaAT8kokv7pIP4bmU2,5,18,0,0,0,0,0
8Ew1KQQlNWqCDWHfdljo,Z5 Aix,played,captain,ChIJKb-U_9KSyRIRKIFKbH5mW18,43.4787869&5.3969048,2024-02-08T11:15:00.000Z,60,11,public,false,Détente,,9zu60WK7oRTRunRFppqodkJw9hz1,10,10,3,0,0,0,0
8FTCo3UTcQuh2K66Fxf2,Stadium Thiais,published,pro,,48.7511024&2.3713455,2024-03-07T21:00:00.000Z,90,14,public,false,,,psf3NmXEPwdCltHKJC7VuvJocrF3,0,10,0,0,0,0,0
8GYhdjBJ7ULULHIa4Dso,Stadium Thiais,hidden,pro,ChIJ64X9jzx05kcRsHvSfOv6UcA,48.7511024&2.3713455,2024-01-23T19:30:00.000Z,90,15,public,false,,,psf3NmXEPwdCltHKJC7VuvJocrF3,0,10,0,0,0,0,0
8HfZoIRiiEdCjwbL4qOX,Footbox,published,pro,,48.9022789&2.582647,2024-02-14T19:00:00.000Z,60,10,public,false,,,QI89VPazyLhBVnWH871jk4BUEZI3,0,10,0,0,0,0,0
8IMnYxYSVYXEohWi96gM,Top Ten,canceled,captain,ChIJfXprBx4b5kcRmhe-5pLZUek,48.8729106&2.6840919,2024-02-10T16:00:00.000Z,60,10,public,false,Détente,2,WpGAhdmulIdsMLgkOSuAldGXgFK2,5,10,0,0,0,0,0
8JchHtO2yxxbVj2EelOZ,UrbanSoccer La Défense,published,captain,ChIJh4rnfVhk5kcRV2Q-ZKdm8vA,48.8996456&2.2216773,2024-01-28T18:15:00.000Z,90,,public,true,,3,WdErcogBQrNQjNKKxg48WcpMmZ43,9,10,0,0,0,0,0
8KTJyuWumH3J0T5fRfLt,LE FIVE Champigny,canceled,captain,ChIJsXi1PLYN5kcRTVVDuczgS2s,48.8194084&2.5251846,2024-01-30T16:30:00.000Z,60,8,public,false,Détente,,IwzovEZoTicxHMxzoV0T4Oy3QS13,9,10,0,0,0,0,0
8LAMPCVuo67jzv8eqe7L,Kinshasa,published,pro,ChIJi2oG_jAxahoRjTdSH05-ixY,-4.3032527&15.310528,2024-02-09T15:00:00.000Z,90,21,public,false,,,zCvsukfMuuffsuPpSTQwb7MusMD2,0,10,0,0,0,0,0
8LUepbFqdc0MH9Gp7dMI,LE FIVE Sarcelles,canceled,captain,ChIJ6_q3Fxhq5kcRCpoEwnoXX1Q,48.99782219999999&2.3902225,2024-01-29T19:00:00.000Z,90,13,public,false,Compétition,4,rsY9boDlcwXt2qdqxR3mx4GXCVg1,5,10,0,0,0,0,0
8LZoM35d7NKWvKhSeXfb,LE FIVE Paris 17,published,pro,,48.900032&2.3213449,2024-03-08T16:00:00.000Z,60,5,public,false,,,V6mqbc9C8FNa1RQlUupjeoqOsZL2,0,10,0,0,0,0,0
8NhUNiLMTQe5daWfIaBE,Foot POWER 5,canceled,pro,,48.960066&2.2061913,2024-03-07T21:30:00.000Z,90,7,public,false,,,sss3dYi6nzWd7rEjwcQ30LGKudj1,0,10,0,0,0,0,0
8OHpemTr9kQIyWUluDX5,Stadium Thiais,published,pro,ChIJ64X9jzx05kcRsHvSfOv6UcA,48.7511024&2.3713455,2024-01-23T18:30:00.000Z,90,15,public,false,,,psf3NmXEPwdCltHKJC7VuvJocrF3,0,10,0,0,0,0,0
8POdWPfzXXCFC2XIuQhT,LE FIVE Villette,played,captain,ChIJTUFnQjps5kcR0pHITLTw1PI,48.9070122&2.3861459,2024-02-05T19:30:00.000Z,90,18,public,false,Détente,3,X7SknW0NrdfRv1JxdoOD42EHvwv2,10,10,1,0,0,0,0
8QhHJyXLvrK26Ul3cVYJ,LE FIVE Paris 18,played,pro,ChIJpVT4_n1u5kcRzji6FdTBXXo,48.8978522&2.3700234,2024-02-04T21:30:00.000Z,90,12,public,false,,,UQf33jQhVZhle917nO0h7D5qclV2,10,10,7,0,0,0,4
8Qln1QFuSw8f20rTyPtq,UrbanSoccer - Lille Lezennes,played,captain,ChIJR3ro5nTWwkcRfM_S3Be9HjI,50.6162725&3.0998108,2024-01-31T19:50:00.000Z,60,9.5,public,true,Compétition,3,xR4ED6qRzmg0HreT9TkBwvuQM912,10,10,4,0,0,0,1
8RSe0zIBzc5cWbbzGZoC,UrbanSoccer - Porte d'Aubervilliers,played,captain,ChIJ0dXjDCZs5kcRvX0EpMwxsUY,48.9074912&2.3746518,2024-02-08T18:15:00.000Z,90,21,public,true,Chill,3,jmDulVqnSwdWnru48Vugb64GLHC3,10,10,3,0,0,0,2
8Rk6Ipb2lrX7FVumTupa,LE FIVE Montreuil,published,pro,,48.8613036&2.4653095,2024-02-20T21:30:00.000Z,90,13.5,public,false,,,u9uC1vjdcdQ3UqNxI0SiFxor0m43,0,10,0,0,0,0,0
8TZmFilFXREzX0QJKG7a,LE FIVE Montreuil,published,pro,,48.8613036&2.4653095,2024-02-25T13:00:00.000Z,90,15,public,false,,,u9uC1vjdcdQ3UqNxI0SiFxor0m43,0,10,0,0,0,0,0
8ThVDmYjnfSFt6NYCvBC,Foot POWER 5,canceled,pro,,48.960066&2.2061913,2024-03-02T17:00:00.000Z,90,7,public,false,,,sss3dYi6nzWd7rEjwcQ30LGKudj1,0,10,0,0,0,0,0
8VYhb78SkhLipqimW85q,LE FIVE Marville - La Courneuve,played,captain,ChIJ2dHdMZxr5kcR0aKYHYsp0pY,48.9364404&2.3869147,2024-02-09T18:30:00.000Z,60,10,public,false,,2,ITJwbLlpKJdU69qtU5zfPXziqiB3,10,10,0,0,0,0,2
8ZQPwMRIc8XPDBGWCXBZ,Stadium Thiais,published,pro,,48.7511024&2.3713455,2024-02-25T19:30:00.000Z,90,15,public,false,,,psf3NmXEPwdCltHKJC7VuvJocrF3,0,10,0,0,0,0,0
8aBiVFDlSqeCvBYXw3CA,Centre Sportif Maryse Hilsz,published,captain,ChIJgY6iBYxt5kcRHD7TB4jAHV4,48.8520783&2.4128877,2024-02-08T11:20:00.000Z,150,,public,false,Compétition,5,1Fkzl7JONMQgLkuJEFE1meNaqUI2,15,16,0,0,0,0,1
8aHxWDKxxZh1endJnysd,UrbanSoccer - Asnières,canceled,captain,ChIJi5LkLT9v5kcRSlhScqEFNWs,48.92192379999999&2.3068311,2024-02-05T20:00:00.000Z,60,10,public,true,Compétition,4,pQIvkKkxOaPDHtUdrcbehd8Wdu63,9,10,0,0,0,0,0
8bIAlh8qyh1VYDfLNQjA,UrbanSoccer Evry,canceled,captain,ChIJW0Ut1G7e5UcRt621n2fRQ5M,48.6286849&2.4066366,2024-02-08T21:00:00.000Z,90,6,public,true,Détente,2,0asGZ9fEnDeJUjaY2BLdrkW6w4u2,10,10,0,0,0,0,0
8cV2AwiccecWzyhNVEyD,Stadium Thiais,played,captain,ChIJ64X9jzx05kcRsHvSfOv6UcA,48.7511137&2.3715422,2024-02-09T21:00:00.000Z,90,14,public,false,,3,9lPAcnnZ5Nf4wWcY1LpSglhFyx23,10,10,2,0,0,0,4
8d3eBQyOz315aKZ0Fg22,Footbox,published,pro,,48.9022789&2.582647,2024-03-12T19:00:00.000Z,60,10,public,false,,,QI89VPazyLhBVnWH871jk4BUEZI3,0,10,0,0,0,0,0
8e8DS5JYshzH6KaCcVMZ,Le Street Foot en Salle,canceled,captain,ChIJt_AXL6Jg5kcRu6rBmnrmeUM,49.0164435&2.181307,2024-02-11T14:00:00.000Z,120,16,public,false,Détente,,X6BNbt82bXeXneZ8qOHFpL9D1Zp1,3,12,0,0,0,0,1
8enOOryyFQdv9oAGzBMQ,STADIUM FOOT 5 VILLAGE,played,captain,ChIJbbOWFtC4yRIR0WXVerbWmnE,43.269413&5.4260321,2024-01-30T18:00:00.000Z,90,15,public,false,Détente,,MKjoGJESIIfNKw5sH93VODBuvLv2,10,10,2,0,0,0,0
8f7LpY1AehdSpKuR1f7E,LE FIVE Villette,played,captain,ChIJTUFnQjps5kcR0pHITLTw1PI,48.9070122&2.3861459,2024-01-26T19:00:00.000Z,60,12,public,false,Détente,2,GDQVTgsvxAaHDyZRUaUCEAaUnUE3,10,10,1,0,0,0,0
8fvTg8bZAih1n7gxW6cI,LE FIVE Bobigny,published,pro,,48.901553&2.4313304,2024-01-24T17:00:00.000Z,60,8,public,false,,,4owi3i7t8EOvFNF6UQvACOpiDRy1,0,10,0,0,0,0,0
8g393r38KcRQdYQVxo02,Footbox,published,pro,,48.9022789&2.582647,2024-02-24T17:00:00.000Z,60,10,public,false,,,QI89VPazyLhBVnWH871jk4BUEZI3,0,10,0,0,0,0,0
8g81q68TWqpZ8YHEErwn,LE FIVE Créteil,played,captain,ChIJ88lx3VwL5kcRVxCh4lD6_Gk,48.7643086&2.4706522,2024-01-22T14:00:00.000Z,60,7,private,true,,,YVR3gmMmz3URBfYyA3uqxFHb9SX2,10,10,0,0,0,0,0
8gkiqA7RP82OcRv3C7XK,UrbanSoccer La Défense,canceled,captain,ChIJh4rnfVhk5kcRV2Q-ZKdm8vA,48.8996456&2.2216773,2024-01-28T18:30:00.000Z,60,,public,true,Détente,3,KjrFHqVGUQSSYvXHpcm0W9Q62as2,9,10,0,0,0,0,0
8gma2cgLfeuShFKMX1JD,Footbox,published,pro,,48.9022789&2.582647,2024-03-11T14:00:00.000Z,60,7,public,false,,,QI89VPazyLhBVnWH871jk4BUEZI3,0,10,0,0,0,0,0
8grguDnSGyUTs83zQ9Rt,Halle Georges Carpentier,published,captain,ChIJnXkSwCty5kcR-nlHXNFQlg4,48.82020139999999&2.3672361,2024-01-22T15:00:00.000Z,120,,public,false,Détente,,FYfgfT1shkXXyaMI4sZTA7d9Qdw2,1,16,0,0,0,0,2
8gzVEl7FIg1oN1ZHhYRy,Stadium Thiais,published,pro,,48.7511024&2.3713455,2024-02-02T11:00:00.000Z,60,7,public,false,,,psf3NmXEPwdCltHKJC7VuvJocrF3,0,10,0,0,0,0,0
8iWNYxUnHHrsTwJttMId,UrbanSoccer Guyancourt,played,captain,ChIJmdX-2c-A5kcRj1wtOS8rZmo,48.7722091&2.0600292,2024-01-30T11:00:00.000Z,60,5,public,true,Détente,3,TEREkjccwAhPrXJNgbsdmQZ2VJp1,10,10,0,0,0,0,2
8ip8MvVBV8CgGf1vcLvv,Footbox,published,pro,,48.9022789&2.582647,2024-02-22T14:00:00.000Z,60,7,public,false,,,QI89VPazyLhBVnWH871jk4BUEZI3,0,10,0,0,0,0,0
8kNzMll4syUVwkKqDYMK,Sport dans la Ville Rhône-Alpes,canceled,captain,ChIJoUEDcmvr9EcRILCz6hDCQ2o,45.7811703&4.8081568,2024-02-06T19:00:00.000Z,60,10.5,public,false,Compétition,3,jIybTcoz4qQodKKdUzBBzeQFuEQ2,9,10,0,0,0,0,0
8kRWn1fPPImSA9xJYHNu,Foot-Max Argenteuil,played,captain,ChIJi9oIzaRm5kcRJYcK7QsdRMU,48.9501569&2.2093741,2024-01-26T18:00:00.000Z,90,12,public,false,Détente,3,LdGtN4NAzbNmo76Odv4400udGl93,10,10,2,0,0,0,2
8kuCVMB1hOFC66CfBtTc,LE FIVE Montreuil,published,pro,,48.8613036&2.4653095,2024-03-12T09:00:00.000Z,60,7,public,false,,,u9uC1vjdcdQ3UqNxI0SiFxor0m43,0,10,0,0,0,0,0
8lTZjVEroPeznbl3S8lE,UrbanSoccer - Porte d'Aubervilliers,played,captain,ChIJ0dXjDCZs5kcRvX0EpMwxsUY,48.9074912&2.3746518,2024-01-28T13:45:00.000Z,60,5,public,true,Détente,3,G4COw6sO8KWQn9J4FyP2Iudzz6r1,10,10,3,0,0,0,0
8mFVRmJbrgk1mnTMuPSt,Footsal Cousinerie,played,captain,ChIJXQyb1d8pw0cRLO_Ed5xHTIQ,50.6440829&3.1459612,2024-01-24T18:30:00.000Z,60,9,public,false,Détente,3,BczNWE78vATGRbIuEYFox04MSHC3,10,10,0,0,0,0,2
8mMWczpZurLB9cuMe1cd,FIVE ARENA MEAUX ,published,pro,ChIJ02bKSuih6EcRb796CXVbkVs,48.9539465&2.9154573,2024-02-03T09:30:00.000Z,90,10,public,false,,,4K6djqUyJdTgGF3Q7nh7CXQHqVh1,0,10,0,0,0,0,0
8mdHceqJJUkE1kgXqkdK,Plaine des Jeux de Gerland,canceled,captain,ChIJBYG18IPp9EcRUNpTJFdu8f0,45.7213257&4.8272967,2024-02-06T17:30:00.000Z,90,,public,false,Compétition,,dyM7Xg7Q1mTkv3H3VQOBZs6NzP03,7,10,0,0,0,0,0
8qNBKZl5xuIBN64qOnZI,LE FIVE Bezons,canceled,captain,ChIJ71Mv0Wpk5kcRg-H9x7L-dXo,48.9190524&2.211796,2024-02-12T18:00:00.000Z,60,12,public,true,Détente,3,rozWHJA9MMWn7asaS78B4zaxOgE3,7,10,0,0,0,0,0
8qYcFIqSdEUw02EsIBIV,UrbanSoccer - Marne-La-Vallée,canceled,captain,ChIJ6bDBiosP5kcROXiloHzSdhc,48.82658600000001&2.6296937,2024-02-12T20:00:00.000Z,60,12,public,true,Competition,5,stlrSbhlE1Tvz7vMTMlwbhFPP492,5,10,0,0,0,0,0
8r0NL5mrarudoR7CeK8E,LE FIVE Morangis,canceled,captain,ChIJA4uAhOXZ5UcRp-vZXZP-ovY,48.692672&2.3192811,2024-01-25T17:00:00.000Z,60,10,public,false,Détente,2,PS9n8jmLhPX5jPksGclXkWO0Tff2,10,10,0,0,0,0,0
8rE5wOujmlTOXB2hDULr,Terrain de Sport Westermeyer,canceled,captain,ChIJkcqlrnhz5kcRYDm_fAMKBxo,48.81732909999999&2.392745,2024-02-11T08:20:00.000Z,150,,public,false,Détente,,FYfgfT1shkXXyaMI4sZTA7d9Qdw2,9,10,0,0,0,0,0
8rvis0ChhbQ8Cc2UUhEq,Top Ten,published,pro,,48.8729106&2.6840919,2024-02-22T16:00:00.000Z,90,5,public,false,,,i27253AGxOfXgYJK72sBnvUGuMk2,4,10,0,0,0,0,0
8slbO4WkYgYC7tlrwUzh,LE FIVE Montreuil,published,pro,,48.8613036&2.4653095,2024-02-23T22:00:00.000Z,60,8,public,false,,,u9uC1vjdcdQ3UqNxI0SiFxor0m43,0,10,0,0,0,0,0
8spKJlG49rBc61AT4bP3,LE FIVE Marville - La Courneuve,played,captain,ChIJ2dHdMZxr5kcR0aKYHYsp0pY,48.9364404&2.3869147,2024-02-12T19:30:00.000Z,60,10,public,false,Détente,,5FQ1M4CokibZi9DRUmtVpFJ3sRi1,10,10,0,0,1,0,0
8tESF03zjLUWRRqSY0Ae,Speed Soccer Five,published,pro,,48.7360598&2.315058,2024-03-11T17:00:00.000Z,90,13,public,false,,,MkTJljXziPXBdRdijccndMLBNCC3,0,10,0,0,0,0,0
8ticnRwYYAZYPjXJwiey,UrbanSoccer La Défense,played,captain,ChIJh4rnfVhk5kcRV2Q-ZKdm8vA,48.8996456&2.2216773,2024-02-10T08:15:00.000Z,60,13,public,true,Détente,3,rSLwPZzPYTXxmSSH7pcespreMcz2,10,10,2,0,0,0,2
8tierinoGcDcg8jE1OlX,UrbanSoccer Evry,canceled,captain,ChIJW0Ut1G7e5UcRt621n2fRQ5M,48.6286849&2.4066366,2024-01-24T19:00:00.000Z,60,11,public,true,Détente,,xWl3gMGRsvXk7tYSpzQFSlPjSbs2,1,10,0,0,0,0,0
8u5LVQp0L82VMKS0fKGL,Stadium Thiais,canceled,captain,ChIJ64X9jzx05kcRsHvSfOv6UcA,48.7511137&2.3715422,2024-02-11T09:30:00.000Z,90,15,public,false,Détente,2,XaqPYXeExNhIHmcDJQoWj5n4mnF3,7,10,0,0,0,0,0
8uLLuqdfOjdG3yHnXgLm,Stade Olympique Yves du Manoir,canceled,captain,ChIJYeUIntpl5kcRZsN35flVVAY,48.9292771&2.2477717,2024-02-04T08:30:00.000Z,90,,public,false,Détente,4,McqreKlRJ1cjUvct5WA2hHh5jjl1,15,16,0,0,0,0,0
8ui3k7G3ImhLiImr29Do,STADIUM FOOT 5 VILLAGE,played,captain,ChIJbbOWFtC4yRIR0WXVerbWmnE,43.269413&5.4260321,2024-02-06T19:00:00.000Z,60,10,public,false,,,Vd2POI30scVRCHez3UyUHk7uuHx1,10,10,2,0,0,0,0
8vsSPqtpXsgYVgKXMQJY,Stade Élisabeth,canceled,captain,ChIJkXj9tq5x5kcROlxynHzTh9o,48.8207737&2.3270972,2024-01-26T18:30:00.000Z,90,,public,false,Compétition,5,oKfGVfs7dYecPpobKfuTXiuhh8J3,7,14,0,0,0,0,0
8vuvwYaXw48vtj342tHn,Stadium Thiais,published,pro,,48.7511024&2.3713455,2024-02-03T09:30:00.000Z,90,12,public,false,,,psf3NmXEPwdCltHKJC7VuvJocrF3,1,10,0,0,0,0,1
8wYEklrKTsV5Gs2na2bt,Le 13 - Foot en salle - Marseille,canceled,captain,ChIJR62kUm_ByRIRDnGQqGCeUVQ,43.33370070000001&5.370389599999999,2024-02-07T18:00:00.000Z,60,10,public,false,Détente,3,tYE0hxio2uYHYCahKUN7QqZwcbi1,5,10,0,0,0,0,0
8xBf0W7PztCKRyThNgUf,Parc du Tremblay,canceled,captain,ChIJk0qVHxQN5kcRgZNKPXpcIG8,48.8258617&2.4877366,2024-02-05T19:45:00.000Z,60,,public,false,Détente,2,nX9BAR22HaZZjPTMNMrZRPyc39i2,12,14,0,0,0,0,5
8ybKMdoc2ZCQOT6yyIIw,UrbanSoccer Meudon,played,captain,ChIJ0WKvjbh75kcRoqSmyWwW2jQ,48.8001204&2.2140771,2024-02-02T20:30:00.000Z,60,10.5,public,true,Détente,3,EWv3jkyO4kbW3AIVVSCNCEjkvA83,10,10,3,0,0,0,0
8zpBdNROPRF84RSNCSd8,UrbanSoccer - Porte d'Aubervilliers,played,captain,ChIJ0dXjDCZs5kcRvX0EpMwxsUY,48.9074912&2.3746518,2024-01-21T10:00:00.000Z,60,12,public,true,Détente,2,FjCbmCW9rPN5yxAvUI8AngeeuYW2,10,10,1,0,0,0,1
90E5Bvf8sL6YSm18ljO6,Parc Municipal des Sports,published,captain,ChIJkeOynsNo5kcRxM-qDT3GrDg,48.9550433&2.3159242,2024-02-05T19:00:00.000Z,60,,public,false,Compétition,5,fddnyVPOj3SWmkSHP5MlIORYP3a2,12,14,0,0,0,0,3
92MYLbAtqYnWVHc7uLDW,BIG5,draft,captain,ChIJsb_7TJFp5kcRSPL5VqZulr4,48.9901429&2.3617895,2024-01-20T18:00:00.000Z,60,1,public,false,,,MIczBz9gMEVuIcLISgBgcVyhFFP2,0,10,0,0,0,0,0
92bUY0KCpCzk3PgSUqNY,Foot POWER 5,canceled,pro,,48.960066&2.2061913,2024-02-05T17:00:00.000Z,90,5,public,false,,,sss3dYi6nzWd7rEjwcQ30LGKudj1,0,10,0,0,0,0,0
93DzNLTUKTaXJs2nctTe,Top Ten,published,pro,,48.8729106&2.6840919,2024-03-12T22:00:00.000Z,90,16.5,public,false,,,i27253AGxOfXgYJK72sBnvUGuMk2,0,10,0,0,0,0,0
94l6zR3wn6HUnImV71LJ,UrbanSoccer Evry,canceled,captain,ChIJW0Ut1G7e5UcRt621n2fRQ5M,48.6286849&2.4066366,2024-01-28T16:30:00.000Z,90,15,public,true,Détente,4,s6tKbcld52Q880l06fa50r4db253,3,10,0,0,0,0,0
94wmUsrMVoG8w4Z7Q8Cl,Stadium Thiais,published,pro,ChIJ64X9jzx05kcRsHvSfOv6UcA,48.7511024&2.3713455,2024-01-21T19:30:00.000Z,90,15,public,false,,,psf3NmXEPwdCltHKJC7VuvJocrF3,0,10,0,0,0,0,1
97kl6vKGAz57n4CwyHfr,LE FIVE Bezons,played,captain,ChIJ71Mv0Wpk5kcRg-H9x7L-dXo,48.9190524&2.211796,2024-01-25T20:00:00.000Z,90,15,public,true,Compétition,5,B5IEyXnkzfZniludjQGbyvoeeAI3,10,10,3,0,0,0,0
987YHwh9lPqoNHDckusu,BALL CONCEPT Monplaisir Futsal-Squash-Badminton-Padel tennis-foot5-Laser Concept-Laser Kart-Trike,canceled,captain,ChIJn7xJyorytRIR5fCxB3seBOs,43.9521998&4.8707766,2024-01-24T10:00:00.000Z,60,11,public,false,,,iWsQ4PREPkgt7xg09jTv19vUpgC3,1,10,0,0,0,0,0
98cLzDMbw6x6arugp1Hh,UrbanSoccer Guyancourt,played,captain,ChIJmdX-2c-A5kcRj1wtOS8rZmo,48.7722091&2.0600292,2024-02-04T16:00:00.000Z,90,15,public,true,Détente,3,BBlUeTWRF3cmuyewjkB7kaHXHcA3,10,10,0,0,0,0,0
991svy99QTSJR5yYJM1B,UrbanSoccer La Défense,draft,captain,ChIJh4rnfVhk5kcRV2Q-ZKdm8vA,48.8996456&2.2216773,2024-01-24T19:00:00.000Z,120,,public,false,,,nUhDMr5JD9NoGldwIEddSTAtlld2,0,0,0,0,0,0,0
9ASu98ah9yPVSKXW2dBp,LE FIVE Paris 18,played,captain,ChIJpVT4_n1u5kcRzji6FdTBXXo,48.8978522&2.3700234,2024-02-04T12:00:00.000Z,60,14,public,true,Détente,3,Vs86WK03L2e6HpXNNaTFwveyg7i1,10,10,2,0,0,0,0
9AgpINBghqXcJJ8zPW9k,Play Soccer,published,captain,ChIJQ-UxZn-5rhIRKWoQydM5T9s,43.5512023&1.4098927,2024-02-04T18:00:00.000Z,60,8,public,false,,,8LtkeOuZHeePxfkXdNPmQSr7V9L2,2,10,0,0,0,0,0
9B4h0KInXKcDEcSc9TK7,Parc de Choisy,canceled,captain,ChIJ7RWNzpZ05kcRTkknDj8Df-I,48.7664003&2.4305572,2024-01-27T11:00:00.000Z,120,,public,false,Détente,3,sjUe5AarcPVoIYPWc0MANxuRSP12,10,18,0,0,0,0,0
9BHURtPmfi5YGlRLj1D0,LE FIVE Bobigny,played,captain,ChIJV8UONORs5kcRXxR5Qd7x130,48.901553&2.4313304,2024-02-10T21:30:00.000Z,90,15,public,false,Détente,,Qy0hjBYjYzXtjkvOkScADZ0P2fx1,10,10,0,0,0,0,1
9BwMykU1gZOUCxf4S5Yc,STADIUM FOOT 5 VILLAGE,published,captain,ChIJbbOWFtC4yRIR0WXVerbWmnE,43.269413&5.4260321,2024-02-14T18:00:00.000Z,60,10,public,false,Détente,3,JhzYtbyIfxe5yUlcuYzUPNXhyMN2,7,10,0,0,0,0,0
9CEkZG8yGYHliWPtOemc,LE FIVE Créteil,published,pro,,48.7643086&2.4706522,2024-03-08T16:00:00.000Z,60,7,public,false,,,ZmXMWx7aTdPoPkkGOWa2HIQVblq2,0,10,0,0,0,0,0
9CGNPRGRmA6KvmAUvUz1,UrbanSoccer Rennes Vern,canceled,captain,ChIJS5VW0FUnD0gRUd2xV2pEeKY,48.06725309999999&-1.6016538,2024-01-24T18:15:00.000Z,60,9.5,public,true,Détente,2,0bSylfryGvgwQUfjzoaeOeyVqFQ2,9,10,0,0,0,0,0
9DIYfZGJAGTBzgZQ9b63,Élite 5 Soccer,canceled,captain,ChIJ5-jfdlZk5kcRYIaELgvikaM,48.9009153&2.2297275,2024-02-08T19:30:00.000Z,60,13,public,true,Détente,2,TxW8KzKeMzR2mFS0YMYidewfxPD3,10,10,0,0,0,0,0
9Dy4iGvFibqN9mzwogiQ,LE FIVE Villette,published,captain,ChIJTUFnQjps5kcR0pHITLTw1PI,48.9070122&2.3861459,2024-01-23T20:00:00.000Z,90,18,public,false,Compétition,,ydw4M05voVWMTMbzschUkFod6b62,8,10,0,0,0,0,1
9FVtI8H32SzVRMU1tsfK,Z5 Aix,played,captain,ChIJKb-U_9KSyRIRKIFKbH5mW18,43.4787869&5.3969048,2024-01-26T19:00:00.000Z,60,11,public,false,Détente,2,jYFNoj1C3yY2lmWJNki81FI2JVz2,10,10,2,0,0,0,0
9FqQBWBU2qpG0aKk2iGV,Game 13 foot indoor,played,captain,ChIJNSDvlsXryRIRUXao9hwB79I,43.41258939999999&5.366617,2024-01-26T17:30:00.000Z,60,10,public,false,Détente,4,RPwfyrL30dS1yvyJwGrn0z2HgSa2,10,10,6,0,0,0,2
9Fwb6eerEJY9iAjgNr4g,UrbanSoccer - Quai d'Ivry,played,captain,ChIJfXxYJ0xy5kcRw9xTkF6-FZQ,48.8199885&2.3936463,2024-01-26T19:15:00.000Z,60,14,public,true,Détente,2,EWvyyRg2G2OvXASqVHc1WnVkvc43,10,10,2,0,0,0,0
9GW5ZfiaD4vliuTQS46H,Stadium Thiais,published,pro,,48.7511024&2.3713455,2024-03-04T11:00:00.000Z,60,7,public,false,,,psf3NmXEPwdCltHKJC7VuvJocrF3,0,10,0,0,0,0,0
9HDkDJMc7kaPHIk9HfY2,Stadium Thiais,published,pro,,48.7511024&2.3713455,2024-02-13T15:00:00.000Z,90,8,public,false,,,psf3NmXEPwdCltHKJC7VuvJocrF3,1,10,0,0,0,0,0
9HsePt2WNvWBelZx5Js3,Cité des Sports,played,captain,ChIJ70UPf6R75kcRGb3NAV9k7Ww,48.8247744&2.2650728,2024-01-24T11:30:00.000Z,60,13,public,false,Détente,3,7V2VB8gcwKTjDpHEBZAUtfMvv4A3,10,10,0,0,0,0,1
9IHEfLX99NI2oeSRPryA,Top Ten,published,pro,,48.8729106&2.6840919,2024-03-03T11:00:00.000Z,90,15,public,false,,,i27253AGxOfXgYJK72sBnvUGuMk2,0,10,0,0,0,0,0
9JXae4C42SsMrbXQNZWF,LE FIVE Paris 17,played,captain,ChIJ7eI8sFNv5kcR5xy52Wc57NU,48.900032&2.3213449,2024-02-09T21:30:00.000Z,90,7.5,public,true,Détente,4,Rr3AS7V02egLsgPCKF7XB6hPl2W2,10,10,2,0,0,0,2
9JjWU1ZIjYzKNEUGY0qu,UrbanSoccer Meudon,played,captain,ChIJ0WKvjbh75kcRoqSmyWwW2jQ,48.80013599999999&2.2140811,2024-02-07T11:00:00.000Z,60,,public,true,Détente,4,OeBbgIv6VRX0SFImVYXE2nLA3Pd2,10,10,2,0,0,0,0
9JjlB9D7fh3Hj9nrNMGs,Complexe Sportif de la Poterne,played,captain,ChIJM8rgm4Z35kcRupAe5WZTXnA,48.73383889999999&2.2678769,2024-01-27T08:45:00.000Z,120,,public,false,Détente,3,tfLd3nGIsKhIXiHgpHqGcNvztzz2,12,12,5,0,0,0,1
9Jk2I7uGTJlhts5gkQ7n,UrbanSoccer La Défense,played,captain,ChIJh4rnfVhk5kcRV2Q-ZKdm8vA,48.8996456&2.2216773,2024-02-08T20:45:00.000Z,60,15,public,true,Compétition,3,zx15E8kqOyMIfe9kE6wecnEydcu2,10,10,1,0,0,0,0
9NMY9YWUfUE3JX7XH7yb,Foot-Max Argenteuil,canceled,captain,ChIJi9oIzaRm5kcRJYcK7QsdRMU,48.9501569&2.2093741,2024-01-28T13:00:00.000Z,90,12,public,false,Détente,2,gD1stalrCoWBfz3p13JNYqZW3jO2,1,10,0,0,0,0,0
9NRKBdQMrnkmuiBh1ccO,Stadium Thiais,published,pro,,48.7511024&2.3713455,2024-03-10T12:00:00.000Z,90,15,public,false,,,psf3NmXEPwdCltHKJC7VuvJocrF3,0,10,0,0,0,0,0
9OgTrRteMsCtGFaaYCGK,Footbox,published,pro,,48.9022789&2.582647,2024-02-14T18:00:00.000Z,60,10,public,false,,,QI89VPazyLhBVnWH871jk4BUEZI3,0,10,0,0,0,0,0
9OkTNVqMSs3lnGha2fuE,Top Ten,published,pro,,48.8729106&2.6840919,2024-03-11T22:00:00.000Z,90,16.5,public,false,,,i27253AGxOfXgYJK72sBnvUGuMk2,0,10,0,0,0,0,0
9PBZ4ck0lBGlueqrXnMk,Terrain de Draveil,draft,captain,ChIJ8TYAB93f5UcRtDLTkIEHl88,48.6889414&2.3919424,2024-01-21T09:00:00.000Z,120,,private,false,,,EgKutIb3hnXZJ3eMq4d56ESXsgP2,0,0,0,0,0,0,0
9PI99pItFhYedk8tFoDo,LE FIVE Paris 18,canceled,captain,ChIJpVT4_n1u5kcRzji6FdTBXXo,48.8978522&2.3700234,2024-01-28T16:00:00.000Z,60,14,public,true,Détente,3,Vs86WK03L2e6HpXNNaTFwveyg7i1,7,10,0,0,0,0,0
9Puuy1I9yBjZwzKvJCuD,UrbanSoccer - Puteaux,played,captain,ChIJM_sC0-Nk5kcRhL1y_EFIje8,48.8836397&2.2312283,2024-02-04T18:00:00.000Z,60,13,public,true,Chill,3,ewPgRlOTQ1ODpDQK7x12CEU7yr73,10,10,1,0,0,0,0
9QVmjf3Xx4UGZy77xQzx,Stadium Thiais,published,pro,,48.7511024&2.3713455,2024-03-04T14:00:00.000Z,90,8,public,false,,,psf3NmXEPwdCltHKJC7VuvJocrF3,0,10,0,0,0,0,0
9R4KEwvzK4YOGJpnBMXm,LE FIVE Morangis,played,captain,ChIJA4uAhOXZ5UcRp-vZXZP-ovY,48.692672&2.3192811,2024-01-29T18:30:00.000Z,90,14,public,false,Détente,2,iceIarqSaeQ6IxmdA75VHtgoiMj1,10,10,1,0,0,0,0
9TcoIgOLcfjE2vtvDZKV,UrbanSoccer - Lille Bondues,played,captain,ChIJ58ZerMgrw0cR2Jyp7tZjBn4,50.6913774&3.0860264,2024-02-05T18:30:00.000Z,60,11,public,true,Détente,3,OCWzufzKuVWFZsQlEiqXahkjB163,10,10,0,0,0,0,0
9Uk9sKNPVdZk1dZfc4zN,UrbanSoccer La Défense,published,captain,ChIJh4rnfVhk5kcRV2Q-ZKdm8vA,48.8996456&2.2216773,2024-02-15T21:00:00.000Z,60,14,public,true,Détente,2,4eYyZ5xduYfM39DJ4OQRPkzfsV43,9,10,0,0,0,0,0
9WPU7KegyhimhcE58s5I,Play Soccer,played,captain,ChIJQ-UxZn-5rhIRKWoQydM5T9s,43.5512023&1.4098927,2024-01-31T20:00:00.000Z,60,10,public,false,,,8LtkeOuZHeePxfkXdNPmQSr7V9L2,10,10,0,0,0,0,0
9WyOZ8Rn1fzOVJ9eb55T,Stadium Thiais,published,pro,ChIJ64X9jzx05kcRsHvSfOv6UcA,48.7511024&2.3713455,2024-02-07T21:00:00.000Z,90,12,public,false,,,psf3NmXEPwdCltHKJC7VuvJocrF3,0,10,0,0,0,0,0
9YeIxqEfA3XW2icnkHMk,LE FIVE Villette,played,captain,ChIJTUFnQjps5kcR0pHITLTw1PI,48.9070122&2.3861459,2024-02-02T18:45:00.000Z,60,12,public,false,Détente,2,JKN1ce1qvERUdVDor8ZmRqK9YVS2,10,10,2,0,0,0,2
9bbvoHFBtUVbh4vsnt1z,Footbox,published,pro,,48.9022789&2.582647,2024-02-18T22:00:00.000Z,60,10,public,false,,,QI89VPazyLhBVnWH871jk4BUEZI3,0,10,0,0,0,0,0
9bdd1UCHEfLyRSjZSW5S,LE FIVE Paris 13,played,pro,,48.8181615&2.3658793,2024-02-07T22:00:00.000Z,60,10,public,false,,,FjSnzlRFFfhWVWQJGfIEwRc2ZMj2,10,10,5,0,0,0,3
9beTR6gEeHe4gUPA2Md7,Stade Élisabeth,played,captain,ChIJkXj9tq5x5kcROlxynHzTh9o,48.8207737&2.3270972,2024-01-28T08:00:00.000Z,150,2,public,false,Compétition,5,8i5faoQkJ4YSkhRB5skPBLiEh1G3,16,16,3,0,1,0,5
9cUzC5ryrfyb2X9yJfeS,UrbanSoccer - Porte d'Aubervilliers,canceled,captain,ChIJ0dXjDCZs5kcRvX0EpMwxsUY,48.9074912&2.3746518,2024-01-28T12:00:00.000Z,90,10,public,true,Détente,2,o4nNbGbIgoMaDREnLZbPEOQ1YjZ2,9,10,0,0,0,0,0
9crtnmA8wbuFr3T77GwL,Top Ten,published,pro,,48.8729106&2.6840919,2024-01-20T15:30:00.000Z,90,15,public,false,,,i27253AGxOfXgYJK72sBnvUGuMk2,0,10,0,0,0,0,0
9d8GU0Si4J9ob9j63CFs,Stadium Thiais,published,pro,,48.7511024&2.3713455,2024-02-12T21:00:00.000Z,90,14,public,false,,,psf3NmXEPwdCltHKJC7VuvJocrF3,0,10,0,0,0,0,2
9dIHpVxAnIecCWXKD5mv,LE FIVE Bobigny,published,pro,,48.901553&2.4313304,2024-02-13T17:00:00.000Z,60,8,public,false,,,4owi3i7t8EOvFNF6UQvACOpiDRy1,0,10,0,0,0,0,0
9fAFJLqputkjoHgx1CTX,Stadium Thiais,canceled,captain,ChIJ64X9jzx05kcRsHvSfOv6UcA,48.7511137&2.3715422,2024-02-12T18:00:00.000Z,90,15,public,false,Détente,,C39TBKCjMzPhL1QMTHvYPCvHLkn2,9,10,0,0,0,0,0
9hO9VMduOELlP34fHs2S,Foot POWER 5,canceled,pro,,48.960066&2.2061913,2024-02-06T18:30:00.000Z,90,7,public,false,,,sss3dYi6nzWd7rEjwcQ30LGKudj1,0,10,0,0,0,0,0
9igyLbDsNyNJ4mK1wUSq,Foot-Max Argenteuil,published,pro,ChIJi9oIzaRm5kcRJYcK7QsdRMU,48.9501632&2.2093946,2024-02-11T20:00:00.000Z,90,12,public,false,,,SuEnyPZ4TgNIkt1yap2yJ3ZHO6p1,8,10,0,0,0,0,2
9jDVGjBy5HO128p9V0hE,UrbanSoccer La Défense,canceled,captain,ChIJh4rnfVhk5kcRV2Q-ZKdm8vA,48.8996456&2.2216773,2024-01-31T21:00:00.000Z,60,14,public,true,Détente,3,22RhJ5iSWDedsOpuCQrIKO36Jrg1,10,10,0,0,0,0,0
9jVNBy7LT7JFXVPSG23y,Le 13 - Foot en salle - Marseille,played,captain,ChIJR62kUm_ByRIRDnGQqGCeUVQ,43.33370070000001&5.370389599999999,2024-01-30T19:00:00.000Z,60,9,public,false,Compétition,2,vzCXSeJYbaZacDav8pXWl7X9Wih1,10,10,3,0,0,0,0
9ji1K0QKWxR58Sanayhb,UrbanSoccer - Puteaux,played,captain,ChIJM_sC0-Nk5kcRhL1y_EFIje8,48.8836397&2.2312283,2024-02-11T14:15:00.000Z,60,14.5,public,true,Détente,3,Ytn9um8Y07QOoebAd3Bhr8nwXZg1,10,10,5,0,0,0,3
9lyBtUssSIu7WBNrxkdF,Le Street Foot en Salle,played,captain,ChIJt_AXL6Jg5kcRu6rBmnrmeUM,49.0164435&2.181307,2024-01-27T09:15:00.000Z,120,10,public,false,Détente,3,aCPGHZTGQaV2Cbw0D43kNCsMkrg1,12,12,2,0,0,0,1
9mA5FGIrVpZHPAjGJt0k,UrbanSoccer - Lyon Parilly,played,captain,ChIJx3FQWjLC9EcRrrQb2eV7i_4,45.7120399&4.9039284,2024-02-06T18:30:00.000Z,60,11,public,true,Détente,3,n5c9QLSYaOZtWbLBuNEQjHF3BRq1,10,10,0,0,0,0,0
9miJzCvpVhqvMEDnptse,Halle Georges Carpentier,played,captain,ChIJnXkSwCty5kcR-nlHXNFQlg4,48.82020139999999&2.3672361,2024-02-06T11:00:00.000Z,120,,private,false,Compétition,3,kRAf444M3RUd6EWIOWpKVKs78SI2,16,16,15,0,0,0,8
9mpXpQ2Tzh8Kd9e465ez,Stadium Thiais,published,pro,,48.7511024&2.3713455,2024-02-26T16:30:00.000Z,90,10,public,false,,,psf3NmXEPwdCltHKJC7VuvJocrF3,0,10,0,0,0,0,0
9nIgCgePBu2LYGIvRmJ3,Urban Soccer Meudon Annexe,played,captain,ChIJ6z8V1Kd75kcR4NDsJnSPzxE,48.79926589999999&2.2100481,2024-02-07T19:30:00.000Z,90,16.3,public,true,,4,mXuIgrdnzeMmSShHhzhN8rghn4n2,14,14,4,0,0,0,0
9nTf9gPyeqWHYbGjOhV0,UrbanSoccer - Quai d'Ivry,played,captain,ChIJfXxYJ0xy5kcRw9xTkF6-FZQ,48.8199885&2.3936463,2024-02-12T19:30:00.000Z,90,21,private,true,Détente,3,jHAofATgHaQ2XhP7YQ1MqZt84003,10,10,0,0,0,0,0
9oIoa8VUfwsp3v0oVzy6,Game 13 foot indoor,published,captain,ChIJNSDvlsXryRIRUXao9hwB79I,43.41258939999999&5.366617,2024-01-21T21:30:00.000Z,60,10,public,false,Détente,3,tNI5PAPgX0MDq6T4GlwP3d2ndaO2,6,10,0,0,0,0,0
9qFc3YQUpvmJzErBwWvd,Stadium Thiais,published,pro,,48.7511024&2.3713455,2024-01-30T16:30:00.000Z,90,10,public,false,,,psf3NmXEPwdCltHKJC7VuvJocrF3,0,10,0,0,0,0,1
9qPQXW0yUCkFmUjpCfz0,LE FIVE Montreuil,published,pro,,48.8613036&2.4653095,2024-01-26T11:30:00.000Z,90,10.5,public,false,,,u9uC1vjdcdQ3UqNxI0SiFxor0m43,0,10,0,0,0,0,0
9tLfhHwjUoL6qI7vLFAF,Centre Sportif Jules Noël,published,captain,ChIJWZM9NFJw5kcRDJY_s1u1Er4,48.8241549&2.3145477,2024-01-26T17:00:00.000Z,120,,public,false,Compétition,5,oKfGVfs7dYecPpobKfuTXiuhh8J3,2,14,0,0,0,0,0
9tLrQ5p3QTDKNRTf0d3B,Stadium Thiais,published,pro,,48.7511024&2.3713455,2024-03-13T11:00:00.000Z,60,7,public,false,,,psf3NmXEPwdCltHKJC7VuvJocrF3,0,10,0,0,0,0,0
9vw6qaE5F4gL4XGamj6m,Foot POWER 5,canceled,pro,,48.960066&2.2061913,2024-01-22T21:30:00.000Z,90,7,public,false,,,sss3dYi6nzWd7rEjwcQ30LGKudj1,0,10,0,0,0,0,0
9vz8lZT8zvj3WVKvX5gu,UrbanSoccer - Asnières,played,captain,ChIJi5LkLT9v5kcRSlhScqEFNWs,48.92192379999999&2.3068311,2024-01-30T18:30:00.000Z,90,20,public,true,Détente,2,4QYJqkbuhfdP46hcZpdziVJ13OX2,10,10,2,0,0,0,0
9wNdB4E8Up2K3jqGzaXf,LE FIVE Bobigny,published,pro,,48.901553&2.4313304,2024-02-01T17:00:00.000Z,60,8,public,false,,,4owi3i7t8EOvFNF6UQvACOpiDRy1,0,10,0,0,0,0,0
9wa4Tj0jPSuRjkAe8Ls1,LE FIVE Paris 18,published,pro,,48.8978522&2.3700234,2024-03-02T21:30:00.000Z,90,10,public,false,,,UQf33jQhVZhle917nO0h7D5qclV2,0,10,0,0,0,0,0
9y3z32tEU02g5I7qy297,Foot POWER 5,canceled,pro,,48.960066&2.2061913,2024-02-04T11:00:00.000Z,90,10,public,false,,,sss3dYi6nzWd7rEjwcQ30LGKudj1,0,10,0,0,0,0,0
9yQZvYBPxM9tg0OKv4SK,Élite 5 Soccer,canceled,captain,ChIJ5-jfdlZk5kcRYIaELgvikaM,48.9009153&2.2297275,2024-02-08T19:00:00.000Z,60,12.5,public,true,Détente,2,V1xR2zrMQvechb7WTYugyj1aWF82,10,10,0,0,0,0,0
9zQUrpk3nSeTgcAquLwd,Footbox,published,pro,,48.9022789&2.582647,2024-02-25T12:00:00.000Z,60,10,public,false,,,QI89VPazyLhBVnWH871jk4BUEZI3,0,10,0,0,0,0,0
A09151bEUZyBh49RaBL0,Top Ten,played,pro,,48.8729106&2.6840919,2024-01-26T16:00:00.000Z,90,5,public,false,,,i27253AGxOfXgYJK72sBnvUGuMk2,10,10,9,0,0,0,12
A0KHhZc6385haPeOFCjE,LE 5 DE LEGENDE,played,captain,ChIJU_aXKN_A9EcRHCY74rI9i4Y,45.7617542&4.9413708,2024-01-31T20:00:00.000Z,60,10,public,false,Détente,3,uCbhu8IKBbXoNPQADDizNjG82m92,10,10,4,0,0,0,1
A0RQj9L0zI13zGqZQ0Cb,Stadium Thiais,played,pro,,48.7511024&2.3713455,2024-02-05T18:00:00.000Z,90,15,public,false,,,psf3NmXEPwdCltHKJC7VuvJocrF3,10,10,10,0,0,1,3
A3GaP1H3VBtXJ3ZmGTkH,UrbanSoccer - Puteaux,canceled,captain,ChIJM_sC0-Nk5kcRhL1y_EFIje8,48.8836397&2.2312283,2024-02-07T21:30:00.000Z,60,15.5,public,true,Compétition,3,Tdbb5p508dVAW12sHB2CCgEjC1v1,9,10,0,0,0,0,0
A3kT0i1wGykrBkndaWCg,Stade Georges Racine,published,captain,ChIJDZg5z11v5kcRk4jjPZYQShs,48.9063715&2.3127112,2024-01-25T11:20:00.000Z,60,,public,false,Détente,3,2LI2FdIfzBX71LGpcMSJBBty8fh2,13,16,0,0,0,0,1
A3ykfjHE7k1f6YbtCFvS,Testing Purposes,published,pro,,67.461524&-152.801377,2024-01-25T19:15:00.000Z,60,12,public,false,,,f2LrY7SAV3U1V9tUVAZfiMxA3uu1,0,10,0,0,0,0,0
A4dHI2ldsT3IiBHZTnvR,UrbanSoccer - Puteaux,canceled,captain,ChIJM_sC0-Nk5kcRhL1y_EFIje8,48.8836397&2.2312283,2024-02-04T10:00:00.000Z,60,14,public,true,Détente,2,I0q8xEizxbMaPlHSmD7oIBNwlH43,9,10,0,0,0,0,0
A4vwNNM1lODtNTqUUI9c,UrbanSoccer - Asnières,played,captain,ChIJi5LkLT9v5kcRSlhScqEFNWs,48.92192379999999&2.3068311,2024-01-20T11:00:00.000Z,90,8.5,public,true,Détente,3,tEVBJoSwA9QYUxu8qmknlkOkDV83,10,10,1,0,0,0,1
A5X3NGC2JIhUeu10u1rd,LE FIVE Champigny,published,pro,,48.8194084&2.5251846,2024-03-01T16:00:00.000Z,60,7,public,false,,,evlV9mUgATYQ5343zpYZvk4w0r03,0,10,0,0,0,0,0
A7H0zsNnSQqTbO4TkQJQ,UrbanSoccer - Porte d'Aubervilliers,canceled,captain,ChIJ0dXjDCZs5kcRvX0EpMwxsUY,48.9074912&2.3746518,2024-01-26T20:30:00.000Z,90,21,public,true,Détente,3,jS8n4Sc0zaf62NUalC6Ao1EkWX32,9,10,0,0,0,0,0
A8bMqXT1SZUYL4S8630M,UrbanSoccer Meudon,played,captain,ChIJ0WKvjbh75kcRoqSmyWwW2jQ,48.8001204&2.2140771,2024-01-31T19:30:00.000Z,90,17.5,public,true,Détente,3,WLDXT9ANsibSyBYups8xWx6wm8Q2,10,10,2,0,0,0,1
A8fd0HI6lYxvl9eWeieJ,B14 - Sports et Loisirs Indoor,draft,captain,ChIJaeLKMYXe5UcRHyWJ8X8FaPA,48.62229&2.3800445,2024-01-25T18:00:00.000Z,60,,public,false,,,aDcsbbiFZPdtFbIdjCTe3AoxXAy2,0,0,0,0,0,0,0
A8yZZG800DXFmnnEaeLt,UrbanSoccer Meudon,played,captain,ChIJ0WKvjbh75kcRoqSmyWwW2jQ,48.8001204&2.2140771,2024-02-03T10:00:00.000Z,60,12,public,true,Détente,3,Ea6M9KaEcEZpJ0TzLdWvWJaUD5t1,10,10,2,0,0,0,1
AB13U0MUOCNX63FL8Nbi,Stadium Thiais,played,pro,ChIJ64X9jzx05kcRsHvSfOv6UcA,48.7511024&2.3713455,2024-02-03T16:30:00.000Z,90,12,public,false,,,psf3NmXEPwdCltHKJC7VuvJocrF3,10,10,9,0,0,0,1
ABPVCQ7zPZN1vcHeTmqM,UrbanSoccer - Quai d'Ivry,played,captain,ChIJfXxYJ0xy5kcRw9xTkF6-FZQ,48.8199885&2.3936463,2024-02-02T18:45:00.000Z,90,19.5,public,true,Détente,3,58rQhvTXDMcTLA00IxL6cUd7sVy2,10,10,3,0,0,0,0
ACXPirNLRhReDNtEV5YO,LE FIVE Paris 18,canceled,captain,ChIJpVT4_n1u5kcRzji6FdTBXXo,48.8978522&2.3700234,2024-01-24T17:30:00.000Z,60,,public,true,Détente,,eVfIwfee1sbKcKwhcIpuszVdnZV2,7,10,0,0,0,0,0
AFCw22QiHqTaf2bFwTlY,LE FIVE Paris 18,published,pro,,48.8978522&2.3700234,2024-02-25T21:30:00.000Z,90,12,public,false,,,UQf33jQhVZhle917nO0h7D5qclV2,0,10,0,0,0,0,0
AFrVd6TrG4tyd6ZTIBTs,Stadium Thiais,published,pro,,48.7511024&2.3713455,2024-02-19T21:00:00.000Z,90,14,public,false,,,psf3NmXEPwdCltHKJC7VuvJocrF3,0,10,0,0,0,0,0
AGNe7r3PxAk1jAVi7lcU,Game 13 foot indoor,canceled,captain,ChIJNSDvlsXryRIRUXao9hwB79I,43.41258939999999&5.366617,2024-01-23T19:30:00.000Z,60,10,public,false,Détente,3,tNI5PAPgX0MDq6T4GlwP3d2ndaO2,5,10,0,0,0,0,0
AGT0dFAHHNZ3IZvDxJVs,LE FIVE Bezons,played,pro,,48.91909&2.2093051,2024-01-22T21:00:00.000Z,90,14,public,false,,,U3MriTZbPbTUEsU6RtRuHxDMKvg2,10,10,8,1,0,0,4
AGsxWTtGsWbbYPpareAm,Foot-Max Argenteuil,played,captain,ChIJi9oIzaRm5kcRJYcK7QsdRMU,48.9501569&2.2093741,2024-01-21T16:30:00.000Z,90,13,public,false,Détente,5,bct7U44WwmPouhAEndpYWq17IYj1,10,10,6,1,2,1,3
AH4nQVjn09wHNIILPhmw,Testing Purposes,published,pro,,67.461524&-152.801377,2024-02-22T19:15:00.000Z,60,12,public,false,,,f2LrY7SAV3U1V9tUVAZfiMxA3uu1,0,10,0,0,0,0,0
AIdjcAzDqFPgDlU7bpSF,Top Ten,published,pro,,48.8729106&2.6840919,2024-02-20T16:00:00.000Z,90,5,public,false,,,i27253AGxOfXgYJK72sBnvUGuMk2,5,10,0,0,0,0,0
AK6SZd49G5crtVPRVHEG,Footbox,published,pro,,48.9022789&2.582647,2024-02-15T22:00:00.000Z,60,10,public,false,,,QI89VPazyLhBVnWH871jk4BUEZI3,0,10,0,0,0,0,0
AKPe5lj4amTkTlcs2xEy,LE FIVE Champigny,published,pro,,48.8194084&2.5251846,2024-03-08T16:00:00.000Z,60,7,public,false,,,evlV9mUgATYQ5343zpYZvk4w0r03,0,10,0,0,0,0,0
ALK8ksT6P7Ys0b4vWI1V,Stadium Thiais,published,pro,,48.7511024&2.3713455,2024-02-21T11:00:00.000Z,60,7,public,false,,,psf3NmXEPwdCltHKJC7VuvJocrF3,0,10,0,0,0,0,0
AN05pXUE3qOt3GsX6r9v,UrbanSoccer - Puteaux,played,captain,ChIJM_sC0-Nk5kcRhL1y_EFIje8,48.8836397&2.2312283,2024-02-11T15:00:00.000Z,60,14,public,true,Détente,2,dwieOYsBQcXB6gzkxkw58vx1MW62,10,10,2,0,0,0,1
ANVUA605AOqmWhqQdIIA,Monclub Futbol,draft,captain,ChIJGbxxaamUyRIRgGvhHnhJStA,43.4299152&5.4001974,2024-02-14T17:00:00.000Z,60,,public,false,,,e6NVDUKiX5O7dXnkCMCztzMRXUT2,0,0,0,0,0,0,0
AO1O3eRdjs6mKqxHCmVf,Foot POWER 5,canceled,pro,,48.960066&2.2061913,2024-02-09T17:00:00.000Z,90,5,public,false,,,sss3dYi6nzWd7rEjwcQ30LGKudj1,0,10,0,0,0,0,0
AOprgxgxESrXS3ckTTxq,Stadium Thiais,played,pro,,48.7511024&2.3713455,2024-01-25T21:00:00.000Z,90,14,public,false,,,psf3NmXEPwdCltHKJC7VuvJocrF3,10,10,5,0,0,0,1
AOwjU7JfjG2mgpvzcPO2,LE FIVE Montreuil,published,pro,,48.8613036&2.4653095,2024-02-29T16:00:00.000Z,90,11,public,false,,,u9uC1vjdcdQ3UqNxI0SiFxor0m43,0,10,0,0,0,0,0
APoYqsM087kodF6RrN3i,UrbanSoccer - Asnières,published,captain,ChIJi5LkLT9v5kcRSlhScqEFNWs,48.92192379999999&2.3068311,2024-02-07T09:00:00.000Z,90,16,public,true,Détente,2,WozX8lfYg6PrX62FwEtrw2kTHIj1,7,10,0,0,0,0,0
APud4SglsCiqI1a7gGVH,Stadium Thiais,published,pro,ChIJ64X9jzx05kcRsHvSfOv6UcA,48.7511024&2.3713455,2024-02-13T19:30:00.000Z,90,15,public,false,,,psf3NmXEPwdCltHKJC7VuvJocrF3,10,10,0,0,0,0,0
APyk6PGfp8Nrs9NaXNMu,Speed Soccer Five,played,captain,ChIJ2xTNglV25kcR3UDi4AXGfDU,48.7360598&2.315058,2024-02-08T19:45:00.000Z,90,13.5,public,false,Détente,3,jeSxOGNZwXR3iuTx0hcSDPzLKIj1,10,10,3,0,0,0,1
AQf57Q3fRLycbmqQdQID,LE FIVE Champigny,played,captain,ChIJsXi1PLYN5kcRTVVDuczgS2s,48.8194084&2.5251846,2024-02-12T17:30:00.000Z,90,16.5,public,false,Détente,2,wnIJTk2XWRX4GUZ6khj0TPeMOv12,10,10,2,0,0,0,0
AR9A7xBoq7ZKGkKu6RM0,UrbanSoccer - Porte d'Aubervilliers,played,captain,ChIJ0dXjDCZs5kcRvX0EpMwxsUY,48.9074912&2.3746518,2024-02-09T18:00:00.000Z,60,12.5,public,true,Chill,3,b7f1OJQTXPaKBuSHdZRmLJ1lSNf2,10,10,0,0,0,0,1
ARXgkTd8qvDIh4q1rGVk,UrbanSoccer - Quai d'Ivry,played,captain,ChIJfXxYJ0xy5kcRw9xTkF6-FZQ,48.8199885&2.3936463,2024-02-01T17:45:00.000Z,60,13,public,true,Détente,2,aZrUZOufbhbexumlOwR8UGuCufF3,10,10,2,0,0,0,0
AT0ZQHvDued4BrmigudI,LE FIVE Champigny,published,pro,,48.8194084&2.5251846,2024-03-09T18:00:00.000Z,60,11,public,false,,,evlV9mUgATYQ5343zpYZvk4w0r03,0,10,0,0,0,0,0
ATOlIpfjUYAvhJ7nTkaM,Top Ten,published,pro,,48.8729106&2.6840919,2024-02-28T16:00:00.000Z,90,5,public,false,,,i27253AGxOfXgYJK72sBnvUGuMk2,7,10,0,0,0,0,0
AUCj74jd97uvLc3HznQC,LE FIVE VITROLLES,canceled,captain,ChIJi4A-IrHoyRIRunoYLEGNeYI,43.4338497&5.240971399999999,2024-01-31T17:00:00.000Z,60,10,public,false,Détente,3,dIqIMHAysFbONZtzZLGfAzp8IMR2,10,10,0,0,0,0,2
AUrqFewLdmPgfauxTfo8,Kinshasa - Test,published,pro,,-4.3032527&15.310528,2024-03-12T04:00:00.000Z,60,12,public,false,,,zCvsukfMuuffsuPpSTQwb7MusMD2,0,10,0,0,0,0,0
AUwIe7sWSnFItx0uDxrm,Le 13 - Foot en salle - Marseille,played,captain,ChIJR62kUm_ByRIRDnGQqGCeUVQ,43.33370070000001&5.370389599999999,2024-01-26T19:00:00.000Z,60,10,public,false,Détente,,TVnyfHRKW6Q6SrjA2hbwyX6HgFL2,10,10,3,0,0,0,0
AVxpbZEqMgJ5JLHTEgAR,Top Ten,published,pro,ChIJfXprBx4b5kcRmhe-5pLZUek,48.8729106&2.6840919,2024-02-04T21:30:00.000Z,90,15,public,false,,,i27253AGxOfXgYJK72sBnvUGuMk2,0,10,0,0,0,0,0
AWEYKw2d2xbNAjB4l42N,Stade des Fauvettes,published,captain,ChIJC09ncHtC5kcR2xzX6Z-I_8s,49.02466279999999&2.3415917,2024-01-25T08:00:00.000Z,90,,public,false,Détente,3,ieZSGXYuXTRziE6suFIfhF3yTjf2,8,16,0,0,0,0,0
AXyngAyEpyByvqoSsnI7,LE FIVE Montreuil,published,pro,,48.8613036&2.4653095,2024-02-06T16:00:00.000Z,60,7,public,false,,,u9uC1vjdcdQ3UqNxI0SiFxor0m43,0,10,0,0,0,0,0
AYXlC9Upm3z3NphUwJ2n,LE FIVE Paris 13,published,captain,ChIJ_bOSChhz5kcRZMTeq_6Gdzg,48.8181615&2.3658793,2024-01-29T18:30:00.000Z,60,14,public,true,Détente,3,xgchDtBjaNTWuYoF26ypnCNi8Nm2,5,10,0,0,0,0,0
AYmpQgPrYVyn1zE57nSa,UrbanSoccer - Toulouse Sept Deniers,played,captain,ChIJk5nUBdOkrhIRP-1aUJzo-lA,43.6321552&1.411696,2024-01-23T21:30:00.000Z,90,7.5,public,true,Compétition,,rrGdbB4dk9Zu5H7nS2z3bcoskuB3,10,10,3,0,0,0,0
AaoFDOzcIdOflf1UIl14,Footbox,published,pro,,48.9022789&2.582647,2024-02-20T14:00:00.000Z,60,7,public,false,,,QI89VPazyLhBVnWH871jk4BUEZI3,0,10,0,0,0,0,0
Ac7N2TYc2z2IjQ7qj0K4,LE FIVE Villette,published,captain,ChIJTUFnQjps5kcR0pHITLTw1PI,48.9070122&2.3861459,2024-02-07T18:00:00.000Z,60,12,private,false,Détente,3,ft0dr7tQK7hFTnq7HhQUbmuycWv2,8,10,0,0,0,0,0
AcjHEhlUP2kv6e7KGfwK,Stade Gilles Joye,played,captain,ChIJw2BPcJnzyRIRLzzgcSTD9TM,43.5744126&5.3446134,2024-02-05T18:00:00.000Z,60,7,public,false,Détente,3,uAEut48qBDUb9yI8BZY79qCquMq1,10,10,9,0,0,0,1
AcozxCH49crwehQ2FzTq,BIG5,played,captain,ChIJsb_7TJFp5kcRSPL5VqZulr4,48.9901429&2.3617895,2024-02-04T10:10:00.000Z,90,12,public,false,Compétition,,J6tpVDwMULaayrPjz2qlhEhBAUH3,10,10,6,0,0,0,0
Ae8YnzO1PtEqYncfhn84,LE FIVE Paris 18,published,pro,,48.8978522&2.3700234,2024-02-23T16:00:00.000Z,60,5,public,false,,,UQf33jQhVZhle917nO0h7D5qclV2,5,10,0,0,0,0,0
AfDFtPMmz0eIWQNnrf8W,Stadium Thiais,played,pro,,48.7511024&2.3713455,2024-01-29T14:00:00.000Z,90,8,public,false,,,psf3NmXEPwdCltHKJC7VuvJocrF3,10,10,8,0,0,0,2
AgTo5yOqYbgzGNCUdMYb,Top Ten,played,pro,,48.8729106&2.6840919,2024-01-24T16:00:00.000Z,90,5,public,false,,,i27253AGxOfXgYJK72sBnvUGuMk2,10,10,10,0,0,0,9
Ah55OaVd7jty4qpJhiEN,Top Ten,published,pro,,48.8729106&2.6840919,2024-02-29T11:00:00.000Z,90,5,public,false,,,i27253AGxOfXgYJK72sBnvUGuMk2,0,10,0,0,0,0,0
Ah8XaazcStnMmRQIbx1I,UrbanSoccer La Défense,played,captain,ChIJh4rnfVhk5kcRV2Q-ZKdm8vA,48.8996456&2.2216773,2024-01-27T11:30:00.000Z,60,12,public,true,Détente,3,ETD49KhynWY33DMl9mq7DssrEN62,10,10,7,0,0,0,1
Aib0fsMzT6STIV6yEzY3,Sport dans la Ville Rhône-Alpes,canceled,captain,ChIJoUEDcmvr9EcRILCz6hDCQ2o,45.7811703&4.8081568,2024-01-30T19:30:00.000Z,60,9,public,false,Détente,2,uJuZeaSxeKZHfIQMQeux7T0osqz2,5,10,0,0,0,0,0
Aibd5RZi1XUQiCTRIvR5,LE FIVE Paris 17,published,captain,ChIJ7eI8sFNv5kcR5xy52Wc57NU,48.900032&2.3213449,2024-02-10T11:00:00.000Z,60,10,public,true,Détente,2,ImrwzxTwvEaeZYvomKZM2esNuwD2,9,10,0,0,0,0,0
AiqGk9E9mwkUKIZ15pFX,Stadium Thiais,published,pro,,48.7511024&2.3713455,2024-02-10T21:00:00.000Z,90,15,public,false,,,psf3NmXEPwdCltHKJC7VuvJocrF3,2,10,0,0,0,0,1
AjCZ6hEHl5LI7XNaosdc,UrbanSoccer - Quai d'Ivry,played,captain,ChIJfXxYJ0xy5kcRw9xTkF6-FZQ,48.8199885&2.3936463,2024-02-04T10:00:00.000Z,60,10,public,true,Détente,3,9fKVe5bYXhPeaaV2DszUENaSQ953,10,10,0,0,0,0,0
Akui0L7UfYu992xafytk,Stadium Thiais,played,pro,,48.7511024&2.3713455,2024-02-02T16:30:00.000Z,90,10,public,false,,,psf3NmXEPwdCltHKJC7VuvJocrF3,10,10,9,0,0,0,2
AlL3f2n4uRPqFRaJfmJi,Terrain n°23 du Parc Interdépartemental Des Sports de Choisy,played,captain,ChIJvZZjB3515kcRzK_dHETXJkc,48.7699126&2.4314566,2024-01-27T09:00:00.000Z,120,,public,false,Compétition,,nqDmr7JaEtS7MOcExYiDn9D4xRB2,16,16,2,0,0,0,8
AlObomxzOlrywhDwpBD9,Top Ten,published,captain,ChIJfXprBx4b5kcRmhe-5pLZUek,48.8729106&2.6840919,2024-01-20T09:30:00.000Z,90,14,public,false,Détente,3,lGNuS10G12aZG5beiZgPABtj8Xf2,9,10,0,0,0,0,0
Albt31Q6jm3UzOd60v36,Game 13 foot indoor,played,captain,ChIJNSDvlsXryRIRUXao9hwB79I,43.41258939999999&5.366617,2024-02-05T17:00:00.000Z,60,10,public,false,Détente,2,tNI5PAPgX0MDq6T4GlwP3d2ndaO2,10,10,0,0,0,0,0
AmXXlVFPOa44maIdnMZt,UrbanSoccer - Lyon Parilly,played,captain,ChIJx3FQWjLC9EcRrrQb2eV7i_4,45.7120399&4.9039284,2024-01-21T14:00:00.000Z,60,8.5,public,true,Détente,2,GVdaLPxjA6SDWn0FPDlZ3A9mJut2,10,10,2,0,0,0,1
AmrsYtAA7z4RK4ya35mJ,UrbanSoccer - Lille Lezennes,played,captain,ChIJR3ro5nTWwkcRfM_S3Be9HjI,50.6162725&3.0998108,2024-01-28T18:00:00.000Z,120,12.75,public,true,Compétition,3,xR4ED6qRzmg0HreT9TkBwvuQM912,10,10,3,0,0,0,1
AnfWzo79mBMJCQUMGCJm,UrbanSoccer La Défense,played,captain,ChIJh4rnfVhk5kcRV2Q-ZKdm8vA,48.8996456&2.2216773,2024-01-21T09:45:00.000Z,90,,public,true,Détente,2,B9ev8KaVkHV5ewXPuTaeBFJIBr33,10,10,1,0,0,0,0
Anp6DqkytYwe7hlEls1z,Stadium Thiais,canceled,captain,,48.7511024&2.3713455,2024-01-20T09:30:00.000Z,90,12,public,false,Détente,3,aP4PclCOArZE5kmeKhFzB1Jl9E83,10,10,0,0,0,0,3
AntjUbtusJYRQBQuh8Vd,UrbanSoccer La Défense,published,captain,ChIJh4rnfVhk5kcRV2Q-ZKdm8vA,48.8996456&2.2216773,2024-02-09T08:15:00.000Z,60,13,public,true,Détente,3,rSLwPZzPYTXxmSSH7pcespreMcz2,9,10,0,0,0,0,0
ApiHKE3jwM2AqwR1zCE8,UrbanSoccer Guyancourt,canceled,captain,ChIJmdX-2c-A5kcRj1wtOS8rZmo,48.7722091&2.0600292,2024-02-04T11:00:00.000Z,60,9,public,true,Détente,,Tm4AanhjgAP93BKZHjF66rMH2mC2,7,10,0,0,0,0,0
AqUajF6NMWHKXllwn2hj,LE FIVE Bezons,played,pro,ChIJ04KEHBZk5kcRoDWLaMOCCwQ,48.91909&2.2093051,2024-01-30T21:30:00.000Z,90,12,public,false,,,U3MriTZbPbTUEsU6RtRuHxDMKvg2,10,10,8,0,0,0,1
AqyfzF5x6SN8bhW7Qzf3,LE FIVE Champigny,played,captain,ChIJsXi1PLYN5kcRTVVDuczgS2s,48.8194084&2.5251846,2024-02-11T17:30:00.000Z,90,16.5,public,false,Détente,2,wnIJTk2XWRX4GUZ6khj0TPeMOv12,10,10,2,0,0,0,0
ArFBm4oqSAQonwfBZC2n,UrbanSoccer - Puteaux,played,captain,ChIJM_sC0-Nk5kcRhL1y_EFIje8,48.8836397&2.2312283,2024-01-29T18:30:00.000Z,60,13,public,true,Détente,3,bhJeB6nV3qaXLJZZ1m5g4ndq4mz2,10,10,2,0,0,0,3
Au13lCFQ0OQSJzRBUbnE,Stade Jean Jaurès,canceled,captain,ChIJZeiwsidk5kcRfr4JxmBG86s,48.9370177&2.2250254,2024-01-26T14:00:00.000Z,120,,public,false,Compétition,4,9RsiW31iSGhaAT8kokv7pIP4bmU2,2,18,0,0,0,0,0
AuGC888CmWFzd5yoGico,Top Ten,published,pro,,48.8729106&2.6840919,2024-02-23T11:00:00.000Z,90,5,public,false,,,i27253AGxOfXgYJK72sBnvUGuMk2,0,10,0,0,0,0,0
Avb6YdSOLNqFoxEqsET5,Stadium Thiais,published,pro,,48.7511024&2.3713455,2024-03-11T15:00:00.000Z,90,10,public,false,,,psf3NmXEPwdCltHKJC7VuvJocrF3,0,10,0,0,0,0,0
AwCRF1SGFmSpcTe5y91z,LE FIVE Bezons,played,pro,,48.91909&2.2093051,2024-02-08T21:00:00.000Z,90,14,public,false,,,U3MriTZbPbTUEsU6RtRuHxDMKvg2,10,10,8,0,0,1,3
AzCQUKAMYMUJwcssWWXg,UrbanSoccer - Quai d'Ivry,played,captain,ChIJfXxYJ0xy5kcRw9xTkF6-FZQ,48.8199885&2.3936463,2024-01-23T14:30:00.000Z,90,,public,true,Détente,3,hQsL6g6YqugP7EasMiTLOdpg02C2,10,10,1,0,0,0,4
Azt67aPCl5P4XzNxmU6M,UrbanSoccer - Toulouse Sept Deniers,canceled,captain,ChIJk5nUBdOkrhIRP-1aUJzo-lA,43.6321552&1.411696,2024-02-04T17:30:00.000Z,90,13.5,public,true,Détente,3,qYH09o8qjsXOMpHf56MBTYcMKhp1,7,10,0,0,0,0,0
B1GGds5ulXp9o6s1IF3s,LE FIVE Bobigny,played,captain,ChIJV8UONORs5kcRXxR5Qd7x130,48.901553&2.4313304,2024-02-08T16:30:00.000Z,60,,public,false,Détente,2,19SL20qrrBTvWtasC9JtgkqkqU42,10,10,3,0,0,0,3
B2UQ4N2ZoyE2tB57gcLi,Stade Olympique Yves du Manoir,canceled,captain,ChIJYeUIntpl5kcRZsN35flVVAY,48.9292771&2.2477717,2024-02-11T08:30:00.000Z,90,,public,false,Compétition,4,McqreKlRJ1cjUvct5WA2hHh5jjl1,2,16,0,0,0,0,0
B3GMPZEy8FgrtIK6hUBq,UrbanSoccer - Asnières,canceled,captain,ChIJi5LkLT9v5kcRSlhScqEFNWs,48.92192379999999&2.3068311,2024-02-11T10:00:00.000Z,60,13,public,true,Détente,3,ohytnprqHwfQT4xiKRk7eq8CSir1,7,10,0,0,0,0,0
B4enFHDakFEq4lRl1wql,UrbanSoccer La Défense,published,captain,ChIJh4rnfVhk5kcRV2Q-ZKdm8vA,48.8996456&2.2216773,2024-02-07T19:00:00.000Z,90,15,public,true,Détente,3,PSm1I61DB6Ogzln2MYyImRsWEUN2,7,10,0,0,0,0,0
B4yMYkwjje4EJLW2T0vr,LE FIVE Montreuil,published,pro,,48.8613036&2.4653095,2024-01-24T22:00:00.000Z,60,8,public,false,,,u9uC1vjdcdQ3UqNxI0SiFxor0m43,1,10,0,0,0,0,0
B73ryeHvbwViFGqzGm4d,LE FIVE Montreuil,canceled,captain,ChIJJdTQjr0T5kcRZmGxtIJVy44,48.8607303&2.4650432,2024-01-23T21:30:00.000Z,90,13,public,false,Compétition,5,DeRDkCDx8PhjhAIrZ7999WiuuYt2,6,10,0,0,0,0,0
B8qJQNj94gFKGJIeBCCW,Parc de Choisy,canceled,captain,ChIJ7RWNzpZ05kcRTkknDj8Df-I,48.7664003&2.4305572,2024-01-22T20:00:00.000Z,60,,public,false,Détente,3,bqeicz5n1hc6lsy6O2kxuJezkcG2,13,14,0,0,0,0,0
B92tB3E7R0C9XsA7WgQX,Stade Olympique Yves du Manoir,played,captain,ChIJYeUIntpl5kcRZsN35flVVAY,48.9292771&2.2477717,2024-01-28T08:20:00.000Z,90,,public,false,Détente,4,McqreKlRJ1cjUvct5WA2hHh5jjl1,16,16,3,0,0,0,1
B9vhIhFkZyr6DZqqezog,LE FIVE Créteil,published,pro,,48.7643086&2.4706522,2024-03-12T16:00:00.000Z,60,7,public,false,,,ZmXMWx7aTdPoPkkGOWa2HIQVblq2,0,10,0,0,0,0,0
BAQ5PGWPR3I1UgadVgz3,Stadium Thiais,played,captain,ChIJ64X9jzx05kcRsHvSfOv6UcA,48.7511137&2.3715422,2024-02-08T16:25:00.000Z,90,10,public,false,Compétition,3,Dohg1zNvhsbmGrYuAmExKFyjruw2,10,10,1,1,0,0,0
BBw4QFuexlO0PFP0XueJ,LE FIVE Villette,played,captain,ChIJTUFnQjps5kcR0pHITLTw1PI,48.9070122&2.3861459,2024-01-26T18:30:00.000Z,90,18,public,false,Détente,2,cybbWcbMgGhL2ElimuDM76FEgc93,10,10,0,0,0,0,1
BDvkWGqzDN2ETVZLL6Ze,LE FIVE Paris 18,canceled,captain,ChIJpVT4_n1u5kcRzji6FdTBXXo,48.8978522&2.3700234,2024-01-27T11:45:00.000Z,60,10,public,true,Détente,3,ONGjPUQ5DjNCgWkoJE3pTsR4rir2,7,10,0,0,0,0,0
BEs2SXmF1JVRv1eP8aWk,Stade Jean Jaurès,played,captain,ChIJIQ99mHjB9EcRfg8uOTmkzDI,45.7290532&4.909209199999999,2024-01-21T08:30:00.000Z,90,,public,false,Détente,3,TzxSvHKpF1PB3pqfC2FX0ry68vq2,18,18,2,0,0,0,0
BG0vcnDiVbVP2uc5PBrZ,Stadium Thiais,played,captain,ChIJ64X9jzx05kcRsHvSfOv6UcA,48.7511024&2.3713455,2024-02-01T21:00:00.000Z,90,14,public,false,Détente,3,ymBgSqfuZsQZb0RCX5msyBjYrvx2,10,10,2,0,0,0,0
BHF0BDXrWLWgbjSCaasg,STADIUM FOOT 5 VILLAGE,played,captain,ChIJbbOWFtC4yRIR0WXVerbWmnE,43.269413&5.4260321,2024-02-01T19:00:00.000Z,60,10,public,false,Détente,3,MKjoGJESIIfNKw5sH93VODBuvLv2,10,10,2,0,0,0,0
BHKzSXx5I6tBJXqS7EuB,UrbanSoccer - Lille Lezennes,played,captain,ChIJR3ro5nTWwkcRfM_S3Be9HjI,50.6162725&3.0998108,2024-02-10T13:15:00.000Z,90,7.5,public,true,Détente,2,up25FWVGpGMGR6yJwOQB474rXdQ2,10,10,4,0,0,0,0
BJLWfLJ7UMAT8271EAw4,Speed Soccer Five,played,captain,ChIJ2xTNglV25kcR3UDi4AXGfDU,48.7360598&2.315058,2024-02-04T17:00:00.000Z,90,14,public,false,Détente,,38n9OHYdOthEZjosrLq2hO3AIfX2,10,10,1,0,0,0,0
BJYe4g7WPU6nxDFHZqmC,UrbanSoccer - Lille Bondues,played,captain,ChIJ58ZerMgrw0cR2Jyp7tZjBn4,50.6913774&3.0860264,2024-02-04T11:30:00.000Z,90,6.5,public,true,Détente,3,OQh22cNGtiWTA37nn0SL82K1J742,10,10,3,0,0,0,0
BJfA74AdAA8EiojJTs5w,Top Ten,published,pro,,48.8729106&2.6840919,2024-03-01T16:00:00.000Z,90,5,public,false,,,i27253AGxOfXgYJK72sBnvUGuMk2,0,10,0,0,0,0,1
BKJYyVgBcWeelyteEpxY,Parc Omnisport Suzanne Lenglen,published,captain,ChIJ0_E6kcV65kcRpEn1nM0j_KU,48.8303784&2.2714163,2024-01-26T15:00:00.000Z,90,,public,false,Compétition,4,mhTTNAGjXiMpcUDScm0BrqX0Gtf1,8,16,0,0,0,0,1
BL8oWsJkkIlWPLFCfIPr,LE FIVE Bobigny,draft,captain,ChIJV8UONORs5kcRXxR5Qd7x130,48.901553&2.4313304,2024-01-21T15:30:00.000Z,90,,public,false,,,S3WdZNjPQ6fJS5Nl40KlHqEoqjz1,0,0,0,0,0,0,0
BLWDhkBuImJxN0O9fGAs,UrbanSoccer Evry,canceled,captain,ChIJW0Ut1G7e5UcRt621n2fRQ5M,48.6286849&2.4066366,2024-01-28T12:15:00.000Z,90,11,public,true,Competition,4,JwnoH7dpbYae7VaF0DQRj5MnPbq2,8,10,0,0,0,0,0
BMQb0X9s9V6IBvo5ApEa,Stadium Thiais,published,pro,ChIJ64X9jzx05kcRsHvSfOv6UcA,48.7511024&2.3713455,2024-02-14T18:00:00.000Z,90,15,public,false,,,psf3NmXEPwdCltHKJC7VuvJocrF3,0,10,0,0,0,0,0
BMZkmcBZnjnXG6G4MVxw,Parc Interdépartemental de Choisy Paris Val de Marne,canceled,captain,ChIJUxSNzpZ05kcRiP7--vdycQs,48.768701&2.433449,2024-02-05T19:30:00.000Z,90,,public,false,Compétition,4,cJe8pjn4xkTpWqLmezIS1Llbc613,8,10,0,0,0,0,0
BNpP4N5RQ3FzgCSZw5Dr,Footbox,published,pro,,48.9022789&2.582647,2024-03-12T18:00:00.000Z,60,10,public,false,,,QI89VPazyLhBVnWH871jk4BUEZI3,0,10,0,0,0,0,0
BNpwDE63sDMtAOW4YKD1,LE FIVE Champigny,published,pro,,48.8194084&2.5251846,2024-03-05T16:00:00.000Z,60,7,public,false,,,evlV9mUgATYQ5343zpYZvk4w0r03,0,10,0,0,0,0,0
BNumvxEH4d9H0g9lHXpO,Terrain de Football des Blagis,canceled,captain,ChIJo1VQy8hw5kcRGlSSiJpcq-Q,48.7855644&2.2991542,2024-02-08T17:00:00.000Z,120,,public,false,Détente,4,rzC8A0bd4afb9AWrHKlCPT9461y1,10,14,0,0,0,0,0
BNwTzCtwCMWp84mjXLJn,F5 Foot Five,canceled,captain,ChIJjUbM5G7A9EcRW3mlkrhyXxY,45.7857911&4.905926399999999,2024-01-21T15:30:00.000Z,90,15,public,false,Chill,2,Qp9TQqYurmZLawR7sVxp7BpA2mJ3,10,10,0,0,0,0,0
BPWrFylCp9pz7wZuXTo5,Stadium Thiais,played,captain,ChIJ64X9jzx05kcRsHvSfOv6UcA,48.7511137&2.3715422,2024-02-08T16:20:00.000Z,90,10,public,false,Compétition,3,Dohg1zNvhsbmGrYuAmExKFyjruw2,10,10,3,0,0,0,0
BPXFwwLvlFIk7xEJslDk,Testing Purposes,published,pro,,67.461524&-152.801377,2024-02-08T19:15:00.000Z,60,12,public,false,,,f2LrY7SAV3U1V9tUVAZfiMxA3uu1,0,10,0,0,0,0,0
BPyh9fOtvNwBj1dmY9uS,UrbanSoccer La Défense,played,captain,ChIJh4rnfVhk5kcRV2Q-ZKdm8vA,48.8996456&2.2216773,2024-01-25T17:15:00.000Z,60,14,public,true,Détente,2,1HmafaepO7XVtiMrAGlVxl4ql522,10,10,2,0,0,0,0
BQBhoAm5MCaacpaPPUP1,Foot POWER 5,canceled,pro,,48.960066&2.2061913,2024-01-21T17:00:00.000Z,90,10,public,false,,,sss3dYi6nzWd7rEjwcQ30LGKudj1,0,10,0,0,0,0,0
BQhsyH9G3j5dqs3sXXyb,We Are Sports,played,captain,ChIJFZU5oBHC9EcRJTFrSkI1xxg,45.7113247&4.8761886,2024-02-09T19:30:00.000Z,60,10,public,false,,2,AhkleKXFPcRoxPvRoMgqknYedmQ2,10,10,1,0,0,0,0
BRXBt85v7qcYtbpBJAno,Foot POWER 5,canceled,pro,,48.960066&2.2061913,2024-02-15T17:00:00.000Z,90,5,public,false,,,sss3dYi6nzWd7rEjwcQ30LGKudj1,0,10,0,0,0,0,0
BSXnro6N2nuo7qCpZj9t,Complexe Sportif d'Ivry-sur-Seine,played,captain,ChIJ22gQfrdz5kcR4lK4BGMQ-nE,48.8039223&2.3870637,2024-02-04T13:40:00.000Z,120,3,public,false,Compétition,5,0Ar3LQMLhMWoCgpvJgUdWolGaoP2,10,10,3,0,0,0,2
BT4xv5JKeT2TGAVbZAu9,Stade Pierre Letessier,published,captain,ChIJmcO_CLgS5kcR_tYXn2vhXNs,48.8750074&2.4964236,2024-02-18T09:45:00.000Z,120,,public,false,Compétition,4,5tI7nJKuTRWNJgO1jYKyzMYNwog2,18,18,0,0,0,0,0
BTBcTQPu0xCn48bRMjk5,LE FIVE Créteil,published,pro,,48.7643086&2.4706522,2024-03-07T16:00:00.000Z,60,7,public,false,,,ZmXMWx7aTdPoPkkGOWa2HIQVblq2,0,10,0,0,0,0,0
BTDcHU6WUCsGTi3kAVzP,LE FIVE Bezons,canceled,pro,,48.91909&2.2093051,2024-01-30T21:00:00.000Z,90,14,public,false,,,U3MriTZbPbTUEsU6RtRuHxDMKvg2,0,10,0,0,0,0,0
BTGjL2eJl2Mpd9axnxya,LE FIVE Marville - La Courneuve,canceled,captain,ChIJ2dHdMZxr5kcR0aKYHYsp0pY,48.9364404&2.3869147,2024-02-01T21:30:00.000Z,90,7.5,public,false,Détente,3,L3uHI9g5Q0Mfu5uehvYQEZi9yqW2,10,10,0,0,0,0,2
BVYrHw7yJa6YbIt2XgS8,LE FIVE Paris 13,played,captain,ChIJ_bOSChhz5kcRZMTeq_6Gdzg,48.8181615&2.3658793,2024-01-21T09:00:00.000Z,60,14,public,true,Détente,2,HCIZn58X0Ac5YB1vzTLeOt4ceMI3,10,10,0,0,0,0,0
BVgG18vS0FfV6yaWisvf,Stadium Thiais,published,pro,ChIJ64X9jzx05kcRsHvSfOv6UcA,48.7511024&2.3713455,2024-02-13T17:00:00.000Z,90,14,public,false,,,psf3NmXEPwdCltHKJC7VuvJocrF3,0,10,0,0,0,0,0
BW6QMPpc8UMroZCimegX,UrbanSoccer La Défense,played,captain,ChIJh4rnfVhk5kcRV2Q-ZKdm8vA,48.8996456&2.2216773,2024-02-04T14:15:00.000Z,60,14.5,public,true,Compétition,3,9Gg7MuwiWXSy61Q7UhfleApyv5v1,10,10,3,0,0,0,2
BWa83NKbkjcAQalY4H4p,City KOF,published,captain,ChIJ_2pirmlv5kcRTpGJ0UDn1Y8,48.9155954&2.2963072,2024-02-13T11:00:00.000Z,90,,public,false,Détente,2,PL0nw3BiAUhxDJuKc8qZsRazcM23,10,10,0,0,0,0,4
BWlgrBc5Al9m4sWq99NG,LE FIVE Bezons,published,pro,,48.91909&2.2093051,2024-03-10T19:00:00.000Z,90,15,public,false,,,U3MriTZbPbTUEsU6RtRuHxDMKvg2,0,10,0,0,0,0,0
BWvXdacgPoBCjMlXGLo4,Footbox,published,pro,,48.9022789&2.582647,2024-02-18T12:00:00.000Z,60,10,public,false,,,QI89VPazyLhBVnWH871jk4BUEZI3,0,10,0,0,0,0,0
BWxREgWqGw42NXoytuTY,Stadium Thiais,canceled,captain,ChIJ64X9jzx05kcRsHvSfOv6UcA,48.7511024&2.3713455,2024-01-31T20:00:00.000Z,90,15,public,false,Détente,2,axL6Owgj06fy6R0DyQWHNcNFWKb2,9,10,0,0,0,0,0
BXHrSs1Rgj4zWlT5ejU5,Stadium Thiais,published,pro,,48.7511024&2.3713455,2024-03-12T21:00:00.000Z,90,14,public,false,,,psf3NmXEPwdCltHKJC7VuvJocrF3,0,10,0,0,0,0,0
BXXkG3wkUlp05a6DNaOb,Le 13 - Foot en salle - Marseille,played,captain,ChIJR62kUm_ByRIRDnGQqGCeUVQ,43.33370070000001&5.370389599999999,2024-02-01T19:30:00.000Z,60,10,public,false,Détente,3,JhzYtbyIfxe5yUlcuYzUPNXhyMN2,10,10,3,0,0,0,4
BXbDO2yM3D4AbAWOzmIC,LE FIVE Montreuil,published,pro,,48.8613036&2.4653095,2024-03-13T09:00:00.000Z,90,10.5,public,false,,,u9uC1vjdcdQ3UqNxI0SiFxor0m43,0,10,0,0,0,0,0
BZEpbBTAuqb8OoRpspyp,LE FIVE Paris 18,published,pro,,48.8978522&2.3700234,2024-02-14T16:00:00.000Z,60,5,public,false,,,UQf33jQhVZhle917nO0h7D5qclV2,10,10,0,0,0,0,1
BZfuWnBeUUC01Pmku6EQ,Stade Lilian Thuram,played,captain,ChIJy0-vXf9l5kcRH4WAmpihUQE,48.933705&2.2828141,2024-02-04T09:15:00.000Z,150,,private,false,Détente,3,fwrCzizjC5UGI9TzJdi1JinvWet1,18,18,12,0,0,0,0
BaN6DUYtBMx3fy6EiKC9,We Are Sports,played,captain,ChIJFZU5oBHC9EcRJTFrSkI1xxg,45.7113247&4.8761886,2024-02-11T18:00:00.000Z,60,9,public,false,Compétition,3,XJcOYdFvY5MUD6R6YXRxUdDSIxc2,10,10,1,0,0,0,0
BaZe9UXtrgvAUoKR6SYd,Stade Lilian Thuram,played,captain,ChIJy0-vXf9l5kcRH4WAmpihUQE,48.933705&2.2828141,2024-02-04T07:00:00.000Z,150,,public,false,Détente,3,bvwFuUpB8ORr9UZhI1UFOuxbqtc2,18,18,16,0,2,3,5
BafTvPpEDzJhMsOOB0Qj,LE FIVE Montreuil,published,pro,,48.8613036&2.4653095,2024-02-07T11:00:00.000Z,90,10.5,public,false,,,u9uC1vjdcdQ3UqNxI0SiFxor0m43,0,10,0,0,0,0,0
BbeI6plPKqhAC54I0qYX,LE FIVE Sarcelles,canceled,captain,ChIJ6_q3Fxhq5kcRCpoEwnoXX1Q,48.99782219999999&2.3902225,2024-02-09T17:45:00.000Z,60,10,public,false,Détente,4,xGqbyGMIOOSZWB8dDdIT0rqQ39u2,8,10,0,0,0,0,0
Bbtoak1b64gYnBoQgqGK,UrbanSoccer - Asnières,played,captain,ChIJi5LkLT9v5kcRSlhScqEFNWs,48.92192379999999&2.3068311,2024-01-23T18:00:00.000Z,60,12,public,true,Compétition,3,w31QTcndMqNQlnM8XGxiYJnBWyB3,10,10,3,0,0,0,2
BcL1QyBmaIugxVKAG96o,LE FIVE Paris 18,published,pro,,48.8978522&2.3700234,2024-03-01T21:20:00.000Z,90,10,public,false,,,UQf33jQhVZhle917nO0h7D5qclV2,0,10,0,0,0,0,0
BcmsQr3U7dIxKT2yyote,LE FIVE Marville - La Courneuve,published,captain,ChIJ2dHdMZxr5kcR0aKYHYsp0pY,48.9364404&2.3869147,2024-01-27T14:30:00.000Z,90,15,public,false,Détente,3,uPlaWj2xSHMgJEtIo0vOlQu8n2X2,6,10,0,0,0,0,0
BdcAY4BsSR2g4CYliLsy,Foot POWER 5,canceled,pro,,48.960066&2.2061913,2024-03-05T21:30:00.000Z,90,7,public,false,,,sss3dYi6nzWd7rEjwcQ30LGKudj1,0,10,0,0,0,0,0
BdijuRWh3N56n8AAqQCR,Footbox,published,pro,,48.9022789&2.582647,2024-03-13T15:00:00.000Z,60,7,public,false,,,QI89VPazyLhBVnWH871jk4BUEZI3,0,10,0,0,0,0,0
BeZ1JYcC9qoRJH81O6Av,Lille Football Faubourg de Bethune,played,captain,ChIJgUO_inLVwkcR9OZ3Xp9c_v0,50.62148730000001&3.0386445,2024-02-01T18:30:00.000Z,120,2,public,false,Détente,2,zjy5cuJtnGeiJ4QHpaZDAoTpGUJ2,16,16,8,0,0,0,4
BfEPJ6gYGLlH6urpWF3Q,Stadium Thiais,published,pro,,48.7511024&2.3713455,2024-02-16T14:00:00.000Z,90,8,public,false,,,psf3NmXEPwdCltHKJC7VuvJocrF3,0,10,0,0,0,0,0
Bg6ZO5XjG3HefK3UNQl2,LE FIVE Paris 18,played,pro,,48.8978522&2.3700234,2024-01-25T16:00:00.000Z,60,5,public,false,,,UQf33jQhVZhle917nO0h7D5qclV2,10,10,10,0,0,0,3
BhvUUb7w3ZiYLzUYW1YU,Game 13 foot indoor,published,captain,ChIJNSDvlsXryRIRUXao9hwB79I,43.41258939999999&5.366617,2024-02-13T18:00:00.000Z,60,10,private,false,Détente,3,NwR9qqQY2uXg6yqtYEi791rGCS72,10,10,0,0,0,0,0
BiGinBH15GlVx9p92MEI,Stadium Thiais,published,pro,,48.7511024&2.3713455,2024-01-25T16:30:00.000Z,90,10,public,false,,,psf3NmXEPwdCltHKJC7VuvJocrF3,0,10,0,0,0,0,1
BiHXFvlhO4U4DInCUh9o,Stadium Thiais,published,pro,,48.7511024&2.3713455,2024-02-20T18:00:00.000Z,90,15,public,false,,,psf3NmXEPwdCltHKJC7VuvJocrF3,0,10,0,0,0,0,0
BkPWvy7cjJh2FRehtS58,Top Ten,published,pro,,48.8729106&2.6840919,2024-02-08T22:00:00.000Z,90,16.5,public,false,,,i27253AGxOfXgYJK72sBnvUGuMk2,0,10,0,0,0,0,0
BkVMcDrm9zQZNUkR5Xac,Stadium Thiais,published,pro,ChIJ64X9jzx05kcRsHvSfOv6UcA,48.7511024&2.3713455,2024-01-24T21:00:00.000Z,90,14,public,false,,,psf3NmXEPwdCltHKJC7VuvJocrF3,0,10,0,0,0,0,1
BkYMYnBBwMNx06z1PJuf,We Are Sports,played,captain,ChIJFZU5oBHC9EcRJTFrSkI1xxg,45.7113247&4.8761886,2024-02-12T17:30:00.000Z,60,10,public,false,Competition,3,8lrnY3MQ1LWvpzRscGy5tOYxWy23,10,10,2,0,0,0,1
BloR5xRtsP8PSymDo3Ik,LE PARK Complexe Multisports,canceled,captain,ChIJMU8gErUJ5kcRSnpvacKwFtM,48.71189589999999&2.5771181,2024-01-27T18:00:00.000Z,60,10,public,false,Détente,3,ck7xoGxVlvS7n6ud7pCxXd2JGDl2,5,10,0,0,0,0,0
BlyUVReKuXLfowvTGqck,Stade Suchet,played,captain,ChIJn_jMprN65kcRf4CiZAaAht4,48.85501319999999&2.2620447,2024-02-07T10:45:00.000Z,90,,public,false,Détente,3,XnvW9brVmuclYXS7MIYBC1ThD8e2,14,14,4,0,0,0,3
Bmb08OfRxyDX3Mtdiwi8,Stains,canceled,captain,ChIJ6_yphcJr5kcRMmpL4MPqRks,48.95538699999999&2.384703,2024-01-28T09:30:00.000Z,90,,public,false,Détente,,PY4xVpp2kuN4vNMdN0QVj8hVkDz1,1,10,0,0,0,0,0
BnLtLzdycxjFE07iFa8Q,Spot FUTSAL,played,captain,ChIJwdUawmfVwkcRaNLo_CmNii0,50.6106345&3.0624494,2024-01-26T18:00:00.000Z,90,10,public,false,Détente,3,ksxbYvJWgrTdEXMGoG02kM46XkW2,10,10,1,0,0,0,1
BorQ6rDKXY7zLK69jRmQ,LE FIVE Montreuil,published,pro,,48.8613036&2.4653095,2024-02-09T11:30:00.000Z,90,10.5,public,false,,,u9uC1vjdcdQ3UqNxI0SiFxor0m43,0,10,0,0,0,0,0
BqCHegM0IzE1i6UKa45u,Stadium Thiais,played,pro,,48.7511024&2.3713455,2024-02-08T18:00:00.000Z,90,15,public,false,,,psf3NmXEPwdCltHKJC7VuvJocrF3,10,10,5,0,0,0,2
BstVR2OPwYaHJB5XulNW,Foot POWER 5,canceled,pro,,48.960066&2.2061913,2024-02-18T08:00:00.000Z,90,10,public,false,,,sss3dYi6nzWd7rEjwcQ30LGKudj1,0,10,0,0,0,0,0
BtBWmCnM1UiieqoimpwD,Stadium Thiais,canceled,captain,ChIJ64X9jzx05kcRsHvSfOv6UcA,48.7511137&2.3715422,2024-02-11T09:30:00.000Z,90,15,public,false,Détente,1,T0gYd02mAcQ3nFRaDLdSQvaj8WW2,10,12,0,0,0,0,0
BtPLFGjcnLUegZ2jVEZN,Footbox,published,pro,,48.9022789&2.582647,2024-02-20T20:00:00.000Z,60,10,public,false,,,QI89VPazyLhBVnWH871jk4BUEZI3,0,10,0,0,0,0,0
ButX9v26H2CFUXvJWgY8,UrbanSoccer - Puteaux,played,captain,ChIJM_sC0-Nk5kcRhL1y_EFIje8,48.8836397&2.2312283,2024-01-23T17:30:00.000Z,60,12.5,public,true,Détente,,gS2tE4wr3jbmluTfpk5CLCYpWd03,10,10,4,0,0,0,0
BvFfJNsNJgT9yklFGoxc,LE 5 DE LEGENDE,published,captain,ChIJU_aXKN_A9EcRHCY74rI9i4Y,45.7617542&4.9413708,2024-02-13T19:00:00.000Z,60,10,public,false,,3,KxKMNUH3ErV1pjbqC14bJBBkFqD2,8,10,0,0,0,0,0
BvQLTCU5dySY1NYUdtcV,LE FIVE Morangis,played,captain,ChIJA4uAhOXZ5UcRp-vZXZP-ovY,48.692672&2.3192811,2024-02-02T20:30:00.000Z,90,14,public,false,Détente,,GeY3OezqbIW13tvJpKY3ph4fPTj1,10,10,2,0,0,0,0
BvmPyzLhVZqxPJNT0jt6,UrbanSoccer - Puteaux,canceled,captain,ChIJM_sC0-Nk5kcRhL1y_EFIje8,48.8836397&2.2312283,2024-01-28T18:00:00.000Z,60,13,public,true,Détente,3,t7zuUcMvKVUWUUs0gIIpRyU0NiJ2,10,10,0,0,0,0,0
BwOLTXVlX0PaewAyfUow,Sport dans la Ville Rhône-Alpes,published,captain,ChIJoUEDcmvr9EcRILCz6hDCQ2o,45.7811703&4.8081568,2024-02-14T18:30:00.000Z,90,13.5,public,false,Détente,2,wI26BYY3hHOd0qRylT1SYXccJZJ3,10,10,0,0,0,0,0
BwQSMC0hjpZFJQQpY1UP,Foot POWER 5,canceled,pro,,48.960066&2.2061913,2024-02-27T18:30:00.000Z,90,7,public,false,,,sss3dYi6nzWd7rEjwcQ30LGKudj1,0,10,0,0,0,0,0
ByexsqBbHGMM3AvnlQCd,UrbanSoccer Guyancourt,published,captain,ChIJmdX-2c-A5kcRj1wtOS8rZmo,48.7722091&2.0600292,2024-02-13T18:30:00.000Z,60,11,public,true,Détente,2,PvDQsexRENaHtU0ljK3p2C1BwKo1,9,10,0,0,0,0,0
ByweXDkJtwEySnenviGv,LE FIVE Sarcelles,played,captain,ChIJ6_q3Fxhq5kcRCpoEwnoXX1Q,48.99782219999999&2.3902225,2024-01-30T19:00:00.000Z,90,10,public,false,Détente,3,7zqwIqCe79UpNd8UOOgZeeFEGHg2,10,10,2,0,0,0,0
BzUFSSFV2WLz0riBkCfH,Footbox,published,pro,,48.9022789&2.582647,2024-02-20T22:00:00.000Z,60,10,public,false,,,QI89VPazyLhBVnWH871jk4BUEZI3,0,10,0,0,0,0,0
C000jx6HNnczntSU7KA3,UrbanSoccer - Toulouse Montaudran,canceled,captain,ChIJl772e0u8rhIR2foRX4Xa2CI,43.574642&1.4801835,2024-01-23T19:00:00.000Z,60,10.5,public,true,Détente,3,wFVCRIrUxVfgwl5cYZpQw5piYQi2,10,10,0,0,0,0,0
C0AfoMVfhsu9zo6wcQG9,LE FIVE Paris 13,published,pro,,48.8181615&2.3658793,2024-03-05T22:00:00.000Z,60,10,public,false,,,FjSnzlRFFfhWVWQJGfIEwRc2ZMj2,0,10,0,0,0,0,0
C1MjYoCQCtzXVBjs0SYW,Stadium Thiais,published,pro,ChIJ64X9jzx05kcRsHvSfOv6UcA,48.7511024&2.3713455,2024-02-04T20:00:00.000Z,90,15,public,false,,,psf3NmXEPwdCltHKJC7VuvJocrF3,4,10,0,0,0,0,0
C3GG198XcXxjTVC2PoKX,UrbanSoccer - Quai d'Ivry,canceled,captain,ChIJfXxYJ0xy5kcRw9xTkF6-FZQ,48.8199885&2.3936463,2024-01-24T18:00:00.000Z,60,14,public,true,Détente,2,J80L68kXGyYJ2YS4qjac8Eecxiv1,9,10,0,0,0,0,0
C5LWqcz6uSsVDuv2l2Rx,UrbanSoccer - Porte d'Aubervilliers,played,captain,ChIJ0dXjDCZs5kcRvX0EpMwxsUY,48.9074912&2.3746518,2024-01-21T10:15:00.000Z,60,12.5,public,true,Détente,3,cAvu5OqzdrY011LFD57S6e9Lfg03,10,10,3,0,0,0,2
C5jwfsnJypr0518gFye7,Stade Frédéric Langrenay,canceled,captain,ChIJJyYIt3nY5UcRDrh6t9cxUtE,48.69386919999999&2.3013876,2024-02-04T09:30:00.000Z,90,,public,false,Détente,3,pbhRafXJAvfgTzuFJAldUW0PlD33,8,16,0,0,0,0,0
C5pTW6E37OBwwHOP7M71,Foot POWER 5,canceled,pro,,48.960066&2.2061913,2024-01-23T17:00:00.000Z,90,5,public,false,,,sss3dYi6nzWd7rEjwcQ30LGKudj1,0,10,0,0,0,0,0
C5tHXVkN7PF44NgEIoI8,LE FIVE Bezons,played,captain,ChIJ71Mv0Wpk5kcRg-H9x7L-dXo,48.9190524&2.211796,2024-02-03T16:00:00.000Z,120,13.5,private,true,Détente,,GPsbQHDAv3QT9to65DFO4XVTerq1,10,10,0,0,0,0,1
C6CXlxm5EzW96JvXCzwQ,Speed Soccer Five,published,pro,ChIJ2xTNglV25kcR3UDi4AXGfDU,48.7360598&2.315058,2024-02-02T21:00:00.000Z,90,13,public,false,,,MkTJljXziPXBdRdijccndMLBNCC3,0,10,0,0,0,0,0
C6a6siyGTQeOrQ37Rx6w,UrbanSoccer - Puteaux,played,captain,ChIJM_sC0-Nk5kcRhL1y_EFIje8,48.8836397&2.2312283,2024-02-02T11:00:00.000Z,60,11.5,public,true,Détente,3,cqomDGatNGdvAvB9GJNuCaIDQ2n1,10,10,1,0,0,0,4
C8Ghiq6Bn9VGNtb8cxh7,Top Ten,played,pro,,48.8729106&2.6840919,2024-02-02T21:30:00.000Z,90,16.5,public,false,,,i27253AGxOfXgYJK72sBnvUGuMk2,10,10,1,0,0,0,1
C8T3nppI9XTJwfPW73l6,UrbanSoccer - Quai d'Ivry,played,captain,ChIJfXxYJ0xy5kcRw9xTkF6-FZQ,48.8199885&2.3936463,2024-02-06T20:30:00.000Z,90,13,private,true,Détente,3,2chvms6JwEQcVFFn9ymFDprcGy93,10,10,4,0,0,0,0
C8obWWDzAgotFL8uhrcQ,LE FIVE Montreuil,published,pro,,48.8613036&2.4653095,2024-02-15T11:00:00.000Z,90,10.5,public,false,,,u9uC1vjdcdQ3UqNxI0SiFxor0m43,0,10,0,0,0,0,0
C9FyTQwJQWSmaQP7pUji,UrbanSoccer - Quai d'Ivry,played,captain,ChIJfXxYJ0xy5kcRw9xTkF6-FZQ,48.8199885&2.3936463,2024-02-12T19:00:00.000Z,90,21,public,true,Détente,3,pHPNtCyfuNMuPeLEvRRq0iNnFFa2,10,10,5,0,1,0,1
C9m75Id1WeqysT8zUEJx,Le Street Foot en Salle,canceled,captain,ChIJt_AXL6Jg5kcRu6rBmnrmeUM,49.0164435&2.181307,2024-02-01T20:30:00.000Z,90,14,public,false,Détente,2,Ai562Ft4EAaWYhwJCPO4CQNOIS83,5,10,0,0,0,0,1
CAxpvymeczPv4ihJtDXx,Stadium Thiais,published,pro,,48.7511024&2.3713455,2024-03-09T21:00:00.000Z,90,15,public,false,,,psf3NmXEPwdCltHKJC7VuvJocrF3,0,10,0,0,0,0,0
CB9Hg8FpxGo8mxrV5hfH,Game 13 foot indoor,draft,captain,ChIJNSDvlsXryRIRUXao9hwB79I,43.41258939999999&5.366617,2024-01-31T19:30:00.000Z,60,10,public,false,,,tNI5PAPgX0MDq6T4GlwP3d2ndaO2,0,10,0,0,0,0,0
CCberPppxJLB2MdbIUPY,Stadium Thiais,played,pro,,48.7511024&2.3713455,2024-01-31T16:30:00.000Z,90,10,public,false,,,psf3NmXEPwdCltHKJC7VuvJocrF3,10,10,10,0,0,0,2
CCe8bpGealJoOe1m9YCA,LE FIVE Créteil,published,captain,ChIJ88lx3VwL5kcRVxCh4lD6_Gk,48.7643086&2.4706522,2024-02-17T15:00:00.000Z,60,10,public,false,Détente,2,ijjnCVedWPYNBPhIYQOyCiwUcru1,9,10,0,0,0,0,0
CDC4huFr5VvZKrjBitBx,Kinshasa,published,pro,ChIJi2oG_jAxahoRjTdSH05-ixY,-4.3032527&15.310528,2024-01-24T12:00:00.000Z,60,12,public,false,,,zCvsukfMuuffsuPpSTQwb7MusMD2,0,10,0,0,0,0,0
CDKOka3JoTeoBqQU5mG4,Kinshasa,published,pro,,-4.3032527&15.310528,2024-02-04T11:23:00.000Z,90,12,public,false,,,zCvsukfMuuffsuPpSTQwb7MusMD2,0,10,0,0,0,0,0
CEf62jjM6EdQQfDEkzZl,UrbanSoccer - Puteaux,played,captain,ChIJM_sC0-Nk5kcRhL1y_EFIje8,48.8836397&2.2312283,2024-01-21T12:00:00.000Z,60,13,public,true,Détente,3,WqLWFVlJq0X1YacSLucWjSbXVGh1,10,10,1,0,0,0,0
CFEStL0JeUBW8it1bX2o,LE FIVE Montreuil,canceled,captain,ChIJJdTQjr0T5kcRZmGxtIJVy44,48.8607303&2.4650432,2024-01-27T10:45:00.000Z,90,15,public,false,Compétition,,D8hQuGA7uZgAOWF8Hu9qxxC1oc53,7,10,0,0,0,0,0
CFNBcjPSYE6HxNNvySBZ,UrbanSoccer Evry,published,captain,ChIJW0Ut1G7e5UcRt621n2fRQ5M,48.6286849&2.4066366,2024-02-09T18:30:00.000Z,90,9,public,true,Compétition,3,0asGZ9fEnDeJUjaY2BLdrkW6w4u2,2,10,0,0,0,0,0
CGPEf1i6x8tjGlwnWtfm,Complexe Sportif des Fillettes,published,captain,ChIJqcAr2YZu5kcRUTijKY5WfL0,48.8995287&2.3641637,2024-01-22T19:45:00.000Z,90,4,public,false,Compétition,3,JOiEvdTMDAUBewVaauAFfhUhwn22,19,20,0,0,0,0,3
CIAagqNAa5c40J9NnDsa,Arena Club,played,captain,ChIJeWJWRjYvw0cRbnJR4ZXAKMA,50.7696017&3.1236104,2024-01-23T18:15:00.000Z,60,8.5,private,false,Détente,3,gYtFqSj0PydNaTTSfkvDaSMqvqc2,10,10,9,0,0,0,0
CIiZkO79mn5j2jnQQVRZ,LE FIVE Paris 18,played,pro,,48.8978522&2.3700234,2024-02-02T21:20:00.000Z,90,10,public,false,,,UQf33jQhVZhle917nO0h7D5qclV2,10,10,3,0,0,0,6
CJLGdVWhhxZYPChpLGTl,Top Ten,published,pro,,48.8729106&2.6840919,2024-03-09T15:30:00.000Z,90,15,public,false,,,i27253AGxOfXgYJK72sBnvUGuMk2,0,10,0,0,0,0,0
CKBWzCfvquBJRa2uRIdA,LE FIVE Paris 13,published,pro,,48.8181615&2.3658793,2024-02-08T22:00:00.000Z,60,10,public,false,,,FjSnzlRFFfhWVWQJGfIEwRc2ZMj2,0,10,0,0,0,0,1
CM7kAYloQYQ3vtwZ6x0m,LE FIVE Sarcelles,played,captain,ChIJ6_q3Fxhq5kcRCpoEwnoXX1Q,48.99782219999999&2.3902225,2024-01-22T19:00:00.000Z,90,13,public,false,Compétition,,rsY9boDlcwXt2qdqxR3mx4GXCVg1,10,10,3,0,0,0,0
CNFJj4gvBCn7lJRaT1sX,Foot POWER 5,canceled,pro,,48.960066&2.2061913,2024-02-08T21:30:00.000Z,90,7,public,false,,,sss3dYi6nzWd7rEjwcQ30LGKudj1,0,10,0,0,0,0,0
CP5taHQtVXtzIrULPkLm,We Are Sports,played,captain,ChIJFZU5oBHC9EcRJTFrSkI1xxg,45.7113247&4.8761886,2024-02-12T18:30:00.000Z,60,10,public,false,Détente,2,ZvNgpRDShYb05TBD7NkwSqxgIP93,10,10,1,0,0,0,0
CPLnLI7tXzvHUCQCjzFj,Footbox,published,pro,,48.9022789&2.582647,2024-02-17T15:00:00.000Z,60,10,public,false,,,QI89VPazyLhBVnWH871jk4BUEZI3,0,10,0,0,0,0,0
CPaV6wyYVZqhQtzQMHq9,LE FIVE Carrières-sous-Poissy,published,captain,ChIJ9T4fWfyL5kcRCBX-FyZLvEE,48.9468144&2.0230574,2024-01-20T17:00:00.000Z,60,9,public,false,Compétition,3,mb2QnXTyGtb3nqmctRQO0L1dGvJ3,7,10,0,0,0,0,0
CQ9MV1Hbuw5v4UlYAIYT,LE FIVE Paris 18,played,pro,,48.8978522&2.3700234,2024-01-30T16:00:00.000Z,60,5,public,false,,,UQf33jQhVZhle917nO0h7D5qclV2,10,10,8,0,0,0,7
CQrMxw50JrsKxzxaTpcE,STADIUM FOOT 5 VILLAGE,played,captain,ChIJbbOWFtC4yRIR0WXVerbWmnE,43.269413&5.4260321,2024-01-23T18:00:00.000Z,90,15,public,false,Détente,,MKjoGJESIIfNKw5sH93VODBuvLv2,10,10,2,0,0,0,0
CQrWjsG92F0bX3C5KH7n,Stadium Thiais,published,pro,,48.7511024&2.3713455,2024-03-12T14:00:00.000Z,90,8,public,false,,,psf3NmXEPwdCltHKJC7VuvJocrF3,0,10,0,0,0,0,0
CQveUBTVt2BhC4PJfs69,Classico Foot,played,captain,ChIJFV442oCxrhIRgsZy5aIbkNs,43.5945434&1.2911399,2024-01-25T20:00:00.000Z,60,9,public,false,Détente,2,2kS9PoiV0NVOLq2k6qlNXnH2LVZ2,10,10,3,0,0,0,2
CSYT2IpfJ084oh2yRFgO,LE FIVE Paris 18,played,captain,ChIJpVT4_n1u5kcRzji6FdTBXXo,48.8978522&2.3700234,2024-01-25T19:30:00.000Z,60,14,public,true,Détente,2,Yw7PWU8MZHWUc3urhneCCauEl5I2,10,10,4,0,0,0,0
CSbn7wCfXjFmBZwKarTv,LE FIVE Créteil,played,captain,ChIJ88lx3VwL5kcRVxCh4lD6_Gk,48.7643086&2.4706522,2024-02-07T17:15:00.000Z,90,16.5,public,false,Détente,3,DijqWgpunwe0cJMpEQH1OonLeFg2,10,10,1,0,0,0,1
CSlKDxypMN9bp52Q9CEt,LE FIVE Champigny,published,pro,,48.8194084&2.5251846,2024-02-08T17:00:00.000Z,60,11,public,false,,,evlV9mUgATYQ5343zpYZvk4w0r03,0,10,0,0,0,0,0
CUHUSensQORPUYZKZtLc,Top Ten,hidden,pro,ChIJfXprBx4b5kcRmhe-5pLZUek,48.8729106&2.6840919,2024-01-20T20:30:00.000Z,90,15,public,false,,,i27253AGxOfXgYJK72sBnvUGuMk2,4,10,0,0,0,0,0
CUaFX1WtTQGQZ8pSfhuY,Stade Élisabeth,played,captain,ChIJkXj9tq5x5kcROlxynHzTh9o,48.8207737&2.3270972,2024-02-02T18:30:00.000Z,120,,public,false,Compétition,5,oKfGVfs7dYecPpobKfuTXiuhh8J3,14,14,7,0,0,0,3
CWiHAyU8IbGlff7pBbru,UrbanSoccer - Porte d'Aubervilliers,played,captain,ChIJ0dXjDCZs5kcRvX0EpMwxsUY,48.9074912&2.3746518,2024-02-11T12:50:00.000Z,60,12,public,true,Détente,3,63m979hJzWZCIS44u6R0wcZHWZ42,10,10,1,0,0,0,2
CX1mQT7UbNwPHnFWCDtS,Foot POWER 5,canceled,pro,,48.960066&2.2061913,2024-01-27T11:00:00.000Z,60,5,public,false,,,sss3dYi6nzWd7rEjwcQ30LGKudj1,0,10,0,0,0,0,0
CY6UurUHqNw57WpIiRiz,UrbanSoccer - Asnières,canceled,captain,ChIJi5LkLT9v5kcRSlhScqEFNWs,48.92192379999999&2.3068311,2024-02-11T10:00:00.000Z,60,13,public,true,Détente,3,ohytnprqHwfQT4xiKRk7eq8CSir1,4,10,0,0,0,0,0
CYSGSfF7u511Yy8QFqfL,LE FIVE Créteil,played,captain,ChIJ88lx3VwL5kcRVxCh4lD6_Gk,48.7643086&2.4706522,2024-02-04T11:00:00.000Z,90,16.5,public,false,Détente,2,nwCO7ClwcpduYGwx2LUOmuC5chF2,10,10,4,0,0,0,1
CYjzYkpztXLDa7CR7HHb,Halle Georges Carpentier,played,captain,ChIJnXkSwCty5kcR-nlHXNFQlg4,48.82020139999999&2.3672361,2024-01-23T11:00:00.000Z,120,,private,false,Compétition,3,kRAf444M3RUd6EWIOWpKVKs78SI2,16,16,12,0,0,0,5
CZCJDhGMt9QSp04yITG0,LE FIVE Montreuil,published,pro,,48.8613036&2.4653095,2024-03-04T16:00:00.000Z,90,11,public,false,,,u9uC1vjdcdQ3UqNxI0SiFxor0m43,0,10,0,0,0,0,0
CZtc1vfzX3uqhku67hLt,Hall des sports Langevin-Wallon,played,captain,ChIJGSdHn74T5kcRGAx1z0JCbwo,48.8808&2.4821681,2024-02-02T19:30:00.000Z,120,,public,false,Compétition,4,5tI7nJKuTRWNJgO1jYKyzMYNwog2,12,12,5,0,0,0,3
CaO2XqJzuQpZ5vZmXjKu,LE FIVE Paris 18,canceled,captain,ChIJpVT4_n1u5kcRzji6FdTBXXo,48.8978522&2.3700234,2024-01-31T19:30:00.000Z,60,14,public,true,Détente,3,BtL57Qk9uXVAkULvhEBfWqRS7qd2,9,10,0,0,0,0,0
CaVibrSRgPXMho8dN9DQ,LE FIVE Paris 13,canceled,captain,ChIJ_bOSChhz5kcRZMTeq_6Gdzg,48.8181615&2.3658793,2024-01-26T18:00:00.000Z,60,14,public,true,Détente,2,JA2VICdG76OC5vYOHJGvLU1BnSs2,2,10,0,0,0,0,0
CakCScVVUdKcp1ey33FU,Top Ten,canceled,pro,ChIJfXprBx4b5kcRmhe-5pLZUek,48.8729106&2.6840919,2024-01-21T18:00:00.000Z,90,15,public,false,,,i27253AGxOfXgYJK72sBnvUGuMk2,4,10,0,0,0,0,0
CauxQibr22sSm5EzCb7p,Foot-Max Argenteuil,published,pro,ChIJi9oIzaRm5kcRJYcK7QsdRMU,48.9501632&2.2093946,2024-02-11T11:00:00.000Z,120,16,public,false,,,SuEnyPZ4TgNIkt1yap2yJ3ZHO6p1,0,10,0,0,0,0,2
Caw7geG9LfKrRp4pI4eL,UrbanSoccer - Porte d'Aubervilliers,canceled,captain,ChIJ0dXjDCZs5kcRvX0EpMwxsUY,48.9074912&2.3746518,2024-01-27T18:00:00.000Z,60,646051976,public,true,Compétition,3,amHMfBbWcNS4PAlvRqdXMgrrLd83,7,10,0,0,0,0,0
Cc3s5FGHSpfLujxJURl7,Stadium Thiais,published,pro,,48.7511024&2.3713455,2024-02-24T10:30:00.000Z,90,12,public,false,,,psf3NmXEPwdCltHKJC7VuvJocrF3,0,10,0,0,0,0,0
CcZyrWqKHKk7jRX100Bl,UrbanSoccer - Quai d'Ivry,canceled,captain,ChIJfXxYJ0xy5kcRw9xTkF6-FZQ,48.8199885&2.3936463,2024-01-29T17:30:00.000Z,60,12,public,true,,2,e89vojIXYOg27mBw0cilNortvVp2,6,10,0,0,0,0,1
Ccx07hO83JubVoiGipBH,Foot-Max Argenteuil,played,captain,ChIJi9oIzaRm5kcRJYcK7QsdRMU,48.9501569&2.2093741,2024-01-24T20:00:00.000Z,90,12,public,false,Détente,2,lurGsC2F1qMyBLb9oclp32tKHjk1,10,10,5,0,0,0,2
CdGerxvsIHWQ8brN5nYa,Cité des Sports,canceled,captain,ChIJ70UPf6R75kcRGb3NAV9k7Ww,48.8247744&2.2650728,2024-02-05T19:30:00.000Z,60,13,public,false,Détente,3,e9m2ordPISR5TJtnhRV0LqAP0023,8,10,0,0,0,0,0
CdMANErcT8VDTXEZWA92,UrbanSoccer La Défense,played,captain,ChIJh4rnfVhk5kcRV2Q-ZKdm8vA,48.8996456&2.2216773,2024-01-22T20:00:00.000Z,60,15,public,true,Détente,3,ujrkM923ZkZfdxOxjC0wVMcRqxw1,10,10,2,0,0,0,3
CdXPv7rOWYfrXwze0UtG,UrbanSoccer - Puteaux,played,captain,ChIJM_sC0-Nk5kcRhL1y_EFIje8,48.8836397&2.2312283,2024-01-27T13:00:00.000Z,90,21,public,true,Détente,3,8apSQOIM83hk2j4uTZv9tX6NRuC3,10,10,4,0,0,0,3
Cdk0UAS5jEhB6zUFeMha,Parc Interdépartemental des Sports du Tremblay,played,captain,ChIJBVkfrQ4N5kcRGi-XnNQN_yo,48.8281085&2.491365,2024-01-27T09:30:00.000Z,120,,public,false,Competition,,GT2ejS2ZbVVEKVTldTExXEx3QCs1,16,16,7,0,0,0,3
Ce6bTJBiWjRnavVhIj9v,Play Soccer,canceled,captain,ChIJQ-UxZn-5rhIRKWoQydM5T9s,43.5512023&1.4098927,2024-02-01T20:00:00.000Z,60,9,public,false,Détente,3,Af44RHwPcucl1HAntfC5nyZhBc13,6,10,0,0,0,0,0
Ce9IDIDSBdBBZFKWv27c,Foot paris,canceled,captain,ChIJd2GJua5t5kcR_zneoHO7R-k,48.8904693&2.3731397,2024-01-28T10:00:00.000Z,150,,public,false,Compétition,5,6g66Hr0t8ESpVJkqTW80lI9cRdr2,1,18,0,0,0,0,0
CemjnWf00MuIr73IOVEd,LE FIVE Bezons,played,pro,,48.91909&2.2093051,2024-02-08T17:00:00.000Z,60,7,public,false,,,U3MriTZbPbTUEsU6RtRuHxDMKvg2,10,10,8,0,0,0,4
CgYr6RrtGFJyN9CgZrpo,Footbox,published,pro,,48.9022789&2.582647,2024-02-19T21:00:00.000Z,60,10,public,false,,,QI89VPazyLhBVnWH871jk4BUEZI3,0,10,0,0,0,0,0
ChQZBJaBafVronOfKhon,LE FIVE Bezons,played,pro,,48.91909&2.2093051,2024-01-31T21:00:00.000Z,90,14,public,false,,,U3MriTZbPbTUEsU6RtRuHxDMKvg2,10,10,9,1,0,1,2
CiiCUYTSnVpV7yS9qMgN,Footbox,published,pro,,48.9022789&2.582647,2024-03-03T21:00:00.000Z,60,10,public,false,,,QI89VPazyLhBVnWH871jk4BUEZI3,0,10,0,0,0,0,0
CjHOdyrkRTrqZiofNV8u,UrbanSoccer - Lille Bondues,canceled,captain,ChIJ58ZerMgrw0cR2Jyp7tZjBn4,50.6913774&3.0860264,2024-01-28T18:00:00.000Z,60,9,public,true,Détente,3,HScgtlXvZoPUQxBmHcHkpHQ2SuI3,9,10,0,0,0,0,0
Ck6OqhNlmR1ygLZuOByE,UrbanSoccer - Lyon Parilly,played,captain,ChIJx3FQWjLC9EcRrrQb2eV7i_4,45.7120399&4.9039284,2024-02-07T20:00:00.000Z,60,9.5,public,true,Détente,2,fwPW9mVYmwc6QUXMb0k9xFsC7VJ2,10,10,0,0,0,0,0
Ck7OlI8PaZkYFMFL7BwL,UrbanSoccer - Quai d'Ivry,canceled,captain,ChIJfXxYJ0xy5kcRw9xTkF6-FZQ,48.8199885&2.3936463,2024-01-23T20:30:00.000Z,60,,public,true,Détente,3,jx2hwoHI9Vaj3CzN0qGuWh8p04G3,10,10,0,0,0,0,0
CltwdrChUcn6zuYnksmC,Stadium Thiais,canceled,captain,ChIJ64X9jzx05kcRsHvSfOv6UcA,48.7511137&2.3715422,2024-02-12T20:30:00.000Z,90,18,public,false,Détente,,q2THFihoUHaTIEd3F7eOg4fi9qK2,6,10,0,0,0,0,1
CoEpyGJLvocKcR3cTsIJ,LE FIVE Créteil,published,captain,ChIJ88lx3VwL5kcRVxCh4lD6_Gk,48.7643086&2.4706522,2024-01-27T16:00:00.000Z,90,15,public,false,Détente,3,d1731YraIbTp2bsYoy583U1DRW32,9,10,0,0,0,0,0
CqjpR3yLcBPSbXQeKFAx,Foot POWER 5,canceled,pro,,48.960066&2.2061913,2024-02-03T17:00:00.000Z,90,7,public,false,,,sss3dYi6nzWd7rEjwcQ30LGKudj1,0,10,0,0,0,0,0
Cs9jMbiBMyZGwpAQKnjH,UrbanSoccer - Lyon Barolles,canceled,captain,ChIJN4l-IC3v9EcRf9QJKIVC_aY,45.6837539&4.7725939,2024-01-31T17:30:00.000Z,60,9.5,public,true,Détente,3,ApkF6TnH1WVMKvZT3WBIsSz4ZeW2,9,10,0,0,0,0,0
CsUrofwaoPb6vfZjKWrq,Stadium Thiais,published,pro,,48.7511024&2.3713455,2024-01-28T12:00:00.000Z,90,15,public,false,,,psf3NmXEPwdCltHKJC7VuvJocrF3,0,10,0,0,0,0,0
CsjXdm3JvnKk4fRracBl,Footbox,published,pro,,48.9022789&2.582647,2024-02-24T13:00:00.000Z,60,10,public,false,,,QI89VPazyLhBVnWH871jk4BUEZI3,0,10,0,0,0,0,0
CuAjUKSK4rIage7GX3IC,Stade Maurice David,played,captain,ChIJaXQ_52yNyRIRTTyW4d4LcGc,43.5276929&5.4235549,2024-02-12T18:00:00.000Z,120,,public,false,Compétition,,KM6eaHvVavYE40EcheqPnyDlWtj1,16,16,2,0,0,0,0
CuKwIiSZ4cVGOa7YFsBy,LE FIVE Bobigny,played,captain,ChIJV8UONORs5kcRXxR5Qd7x130,48.901553&2.4313304,2024-01-27T15:00:00.000Z,90,15,public,false,Détente,3,PdaZPl8NrvYvxmLcXZQcZJSnhrU2,10,10,0,1,1,0,0
CuXq27wQDt0bBkeoydIq,UrbanSoccer Evry,played,captain,ChIJW0Ut1G7e5UcRt621n2fRQ5M,48.6286849&2.4066366,2024-01-26T20:00:00.000Z,90,15,public,true,Competition,3,lppkOL9ay1VhR7EYSh39FXV8N1G3,10,10,0,0,0,0,0
CunHQkfgiuhg0XHrBDg5,Z5 Aix,canceled,captain,ChIJKb-U_9KSyRIRKIFKbH5mW18,43.4787869&5.3969048,2024-01-24T19:30:00.000Z,60,11,public,false,Détente,3,yJ5LcR37dlhfJSLUDesg5VNotET2,9,10,0,0,0,0,0
Cvdx2U4pQSHSp3wMC3ct,Stadium Thiais,published,pro,,48.7511024&2.3713455,2024-02-21T16:30:00.000Z,90,10,public,false,,,psf3NmXEPwdCltHKJC7VuvJocrF3,0,10,0,0,0,0,0
Cx3uev7uf5MDtSYmDsAh,Testing Purposes,published,pro,,67.461524&-152.801377,2024-02-20T15:00:00.000Z,90,12,public,false,,,f2LrY7SAV3U1V9tUVAZfiMxA3uu1,0,10,0,0,0,0,0
Cxo6qrKW7ltSCOTFVoru,Minifoot,canceled,captain,ChIJBylBP8oypg0RDpNetVcoSlA,33.559653&-7.588108800000001,2024-02-13T19:00:00.000Z,60,50,public,false,Détente,1,g6kR3ul07kepum5T2uY43YtyHHk1,6,10,0,0,0,0,0
CxxGS148BvZZjAmlSPzG,Foot POWER 5,canceled,pro,,48.960066&2.2061913,2024-01-21T11:00:00.000Z,90,10,public,false,,,sss3dYi6nzWd7rEjwcQ30LGKudj1,0,10,0,0,0,0,0
CyHRmPvWbUZ3h5tc0k37,Complexe Sportif Marcel Cerdan,published,captain,ChIJsxyEJH1w5kcRFlPyHFZfSzA,48.8143466&2.2897313,2024-01-25T11:30:00.000Z,90,,public,false,Compétition,3,AkrgBTx64wbEUYB1CvUV0WNRudY2,5,10,0,0,0,0,1
CyPTfaYPRQKjpDQeaA36,UrbanSoccer La Défense,played,captain,ChIJh4rnfVhk5kcRV2Q-ZKdm8vA,48.8996456&2.2216773,2024-02-03T10:15:00.000Z,60,13.5,public,true,Détente,3,X5Kq4QF6YBbhYyVUsWFlspZqFT72,10,10,7,0,0,0,1
CyTkgH76d37SCmVYSvb0,LE FIVE Paris 18,canceled,captain,ChIJpVT4_n1u5kcRzji6FdTBXXo,48.8978522&2.3700234,2024-02-04T16:00:00.000Z,60,14,public,true,Détente,3,NYQMJqK9n6bTDYnejIOJ5ZND1xD3,10,10,0,0,0,0,1
CyejfJoku40H8rhKl6Qy,Footbox,published,pro,,48.9022789&2.582647,2024-03-06T20:00:00.000Z,60,10,public,false,,,QI89VPazyLhBVnWH871jk4BUEZI3,0,10,0,0,0,0,0
Cz6iqDQ7C9qWxlYJKb1e,Top Ten,published,pro,ChIJfXprBx4b5kcRmhe-5pLZUek,48.8729106&2.6840919,2024-02-10T09:30:00.000Z,90,15,public,false,,,i27253AGxOfXgYJK72sBnvUGuMk2,0,10,0,0,0,0,0
D0Ji8Yae6vs3ruTKtSlZ,LE FIVE Paris 18,published,pro,,48.8978522&2.3700234,2024-03-06T21:20:00.000Z,90,10,public,false,,,UQf33jQhVZhle917nO0h7D5qclV2,0,10,0,0,0,0,0
D0VNqgYQuqyxUiD5ZdBJ,Top Ten,published,pro,ChIJfXprBx4b5kcRmhe-5pLZUek,48.8729106&2.6840919,2024-02-10T17:00:00.000Z,90,15,public,false,,,i27253AGxOfXgYJK72sBnvUGuMk2,0,10,0,0,0,0,0
D2BFfRV0qNIH8u3eWnhI,UrbanSoccer - Quai d'Ivry,played,captain,ChIJfXxYJ0xy5kcRw9xTkF6-FZQ,48.8199885&2.3936463,2024-02-03T18:45:00.000Z,90,11,public,true,Compétition,3,MjpqLjwjISeHIE5ULGDu2a1UO6x2,10,10,7,0,0,0,0
D4SwglRUXJWXPwHoF1nG,LE FIVE Paris 13,published,pro,,48.8181615&2.3658793,2024-03-08T22:00:00.000Z,60,10,public,false,,,FjSnzlRFFfhWVWQJGfIEwRc2ZMj2,0,10,0,0,0,0,0
D5780azKm50ph5lt67YP,LE FIVE Paris 18,published,pro,,48.8978522&2.3700234,2024-02-06T21:20:00.000Z,90,10,public,false,,,UQf33jQhVZhle917nO0h7D5qclV2,9,10,0,0,0,0,8
D5gRK1Q3rD9zWMPyQOca,Firefoot,played,captain,ChIJ0zSROfj15kcR4l0wrCcYPMk,49.0275342&2.1040185,2024-01-30T20:00:00.000Z,90,13,public,false,Détente,3,05W8u7nY2eMCXjEL90XRHZEnLx83,10,10,2,0,0,0,0
D6CI01ZBYOuKyvBTiEqS,UrbanSoccer - Quai d'Ivry,played,captain,ChIJfXxYJ0xy5kcRw9xTkF6-FZQ,48.8199885&2.3936463,2024-02-02T18:00:00.000Z,90,19.5,public,true,Détente,3,1H4o3FWs1eN5mb4ncnj6W7vxpmK2,10,10,1,0,0,0,1
D6rBicHaBC0bDOFETqJE,UrbanSoccer - Puteaux,played,captain,ChIJM_sC0-Nk5kcRhL1y_EFIje8,48.8836397&2.2312283,2024-02-12T17:25:00.000Z,60,12.5,public,true,Détente,,S6JRth0NcYZlCxF8DfrLlY6rMzt1,10,10,5,0,0,0,1
D752OsJlUNG4Jz11rlca,Top Ten,published,pro,,48.8729106&2.6840919,2024-03-08T22:00:00.000Z,90,16.5,public,false,,,i27253AGxOfXgYJK72sBnvUGuMk2,0,10,0,0,0,0,0
D7KoaQOrlun3CPTRdbKS,UrbanSoccer - Marne-La-Vallée,played,captain,ChIJ6bDBiosP5kcROXiloHzSdhc,48.82658600000001&2.6296937,2024-01-27T17:15:00.000Z,90,13.5,public,true,Compétition,2,SEfbXJqtP1UFINBa5QUgOR8sIlp1,10,10,2,0,0,0,0
D7ihxO4aWmC63hysFhJv,Game 13 foot indoor,canceled,pro,ChIJNSDvlsXryRIRUXao9hwB79I,43.41258939999999&5.366617,2024-02-06T17:30:00.000Z,60,10,public,false,,,4CPt9QJ6GEQgrpyTuzm8CMK844V2,10,10,0,0,0,0,0
D93PILhkMDccphnQHuOq,LE FIVE Marville - La Courneuve,played,captain,ChIJ2dHdMZxr5kcR0aKYHYsp0pY,48.9364404&2.3869147,2024-01-23T17:00:00.000Z,60,10,public,false,Détente,1,oEC3RKCynbc3yfZnzjGGZzeF9vj1,10,10,3,0,0,0,0
D9p8YpZrnmxgIifYn3pJ,LE FIVE Villette,played,captain,ChIJTUFnQjps5kcR0pHITLTw1PI,48.9070122&2.3861459,2024-02-08T20:30:00.000Z,60,12,public,false,Détente,2,rqmpdjkWKyNrc3KzbV4cXopa6wR2,10,10,2,0,0,0,2
DBRitxH86VqwxA867AkN,UrbanSoccer La Défense,canceled,captain,ChIJh4rnfVhk5kcRV2Q-ZKdm8vA,48.8996456&2.2216773,2024-01-28T16:30:00.000Z,60,12,public,true,Détente,3,YwoGFOwhjSR6P67Z7AE7n6EGOKw1,8,10,0,0,0,0,0
DBXqx3IntwfabTvRSP9t,LE FIVE Montreuil,published,pro,,48.8613036&2.4653095,2024-02-14T09:00:00.000Z,90,10.5,public,false,,,u9uC1vjdcdQ3UqNxI0SiFxor0m43,0,10,0,0,0,0,0
DBt6uqZStBSImtD5sAVg,Stade Lilian Thuram,played,captain,ChIJy0-vXf9l5kcRH4WAmpihUQE,48.933705&2.2828141,2024-01-21T07:00:00.000Z,150,,public,false,Détente,3,bvwFuUpB8ORr9UZhI1UFOuxbqtc2,18,18,16,0,0,0,2
DCXybNVmDt6zqBuVXI15,Le 13 - Foot en salle - Marseille,published,captain,ChIJR62kUm_ByRIRDnGQqGCeUVQ,43.33370070000001&5.370389599999999,2024-01-23T18:00:00.000Z,60,10,public,false,Détente,3,tYE0hxio2uYHYCahKUN7QqZwcbi1,5,10,0,0,0,0,1
DDWJfsTEMA4TAdCcwdHF,Cité des Sports,published,captain,ChIJ70UPf6R75kcRGb3NAV9k7Ww,48.8247744&2.2650728,2024-01-31T19:30:00.000Z,60,5,public,false,Compétition,3,2AkrkZRpZGXb2pAzZll7TNZms5E2,9,10,0,0,0,0,2
DEEJzn5KXPzt6DF9Upmp,LE FIVE Champigny,published,pro,,48.8194084&2.5251846,2024-01-23T16:00:00.000Z,60,7,public,false,,,evlV9mUgATYQ5343zpYZvk4w0r03,0,10,0,0,0,0,0
DESM8VPFpkL47KKzzZfk,Stade de la Tour aux Parachutes,played,captain,ChIJbwsrhCpy5kcRca22Pnhr8MU,48.8175176&2.3643354,2024-01-26T13:00:00.000Z,90,,public,false,Compétition,3,QbVE663yjDchEf5NCtaCIPRuhSt2,16,16,13,0,2,1,5
DEv8bFnAreFFI5qJe0JW,LE FIVE Créteil,canceled,captain,ChIJ88lx3VwL5kcRVxCh4lD6_Gk,48.7643086&2.4706522,2024-01-20T18:30:00.000Z,90,15,public,false,Détente,2,8xoYYF0vsJdBJpHPaCoMC63GYGn2,5,10,0,0,0,0,0
DFFe0cxJiXh0wxM704nr,LE FIVE Bezons,published,pro,,48.91909&2.2093051,2024-02-18T19:00:00.000Z,90,15,public,false,,,U3MriTZbPbTUEsU6RtRuHxDMKvg2,7,10,0,0,0,0,0
DFewQRekUKIR6pTfT0Hc,UrbanSoccer - Asnières,canceled,captain,ChIJi5LkLT9v5kcRSlhScqEFNWs,48.92192379999999&2.3068311,2024-01-25T11:30:00.000Z,60,9,public,true,Détente,3,08Y9GsrVEvchAAjcFsoLPsynO8w2,9,10,0,0,0,0,0
DFqmsPDEljI37wC2o1QK,UrbanSoccer - Toulouse Sept Deniers,canceled,captain,ChIJk5nUBdOkrhIRP-1aUJzo-lA,43.6321552&1.411696,2024-02-08T16:30:00.000Z,60,8.5,public,true,Détente,3,ekmHqLkjiUVtr0F9rzIEnLbLyFN2,9,10,0,0,0,0,0
DH7wLocHKh8HWaUOnGPO,Stadium Thiais,published,pro,,48.7511024&2.3713455,2024-01-26T11:00:00.000Z,60,7,public,false,,,psf3NmXEPwdCltHKJC7VuvJocrF3,0,10,0,0,0,0,0
DHf45Bn51N2XpF33tgM1,LE FIVE Sarcelles,played,captain,ChIJ6_q3Fxhq5kcRCpoEwnoXX1Q,48.99782219999999&2.3902225,2024-01-25T19:00:00.000Z,90,10,public,false,Compétition,5,QQfSzHY7IccTZt65OG6a6VIAKHe2,10,10,3,0,0,0,3
DHtuaXkiKbEmKTOXXXv8,Stadium Thiais,published,pro,,48.7511024&2.3713455,2024-02-07T14:00:00.000Z,90,8,public,false,,,psf3NmXEPwdCltHKJC7VuvJocrF3,0,10,0,0,0,0,0
DHvjk1ZtLx8I4fm7Seoc,Complexe sportif de l'île des Vannes,played,captain,ChIJTZWfSNNv5kcRmHP3Tz0AJ6A,48.9188419&2.3245603,2024-02-01T19:45:00.000Z,60,,public,false,Compétition,5,Csrh8EMzKaZCCcCZeEhs2tGGZRr1,14,14,2,0,0,0,0
DIgmQ7garEYbVZ9jEw2J,Play Soccer,canceled,captain,ChIJQ-UxZn-5rhIRKWoQydM5T9s,43.5512023&1.4098927,2024-02-11T17:30:00.000Z,90,12,public,false,,,8LtkeOuZHeePxfkXdNPmQSr7V9L2,7,10,0,0,0,0,0
DJtnxCU2dNR5oOPM4Ror,LE FIVE Montreuil,draft,captain,ChIJJdTQjr0T5kcRZmGxtIJVy44,48.8607303&2.4650432,2024-01-26T22:00:00.000Z,60,,private,false,,,OuJ75P9Oyqg97I4ZUhBk2d6p9rO2,0,0,0,0,0,0,0
DJxT8n2lpm4t7iVmcyoC,Stadium Thiais,published,captain,ChIJ64X9jzx05kcRsHvSfOv6UcA,48.7511137&2.3715422,2024-02-13T16:00:00.000Z,120,10,public,false,Compétition,3,Dohg1zNvhsbmGrYuAmExKFyjruw2,8,10,0,0,0,0,0
DL3pEyDXC0NR8DTmswsT,Stade Frédéric Langrenay,published,captain,ChIJJyYIt3nY5UcRDrh6t9cxUtE,48.69386919999999&2.3013876,2024-01-28T10:00:00.000Z,90,,public,false,Détente,3,pbhRafXJAvfgTzuFJAldUW0PlD33,8,16,0,0,0,0,0
DMJe520Ud5TVU1qG5rZm,UrbanSoccer - Quai d'Ivry,played,captain,ChIJfXxYJ0xy5kcRw9xTkF6-FZQ,48.8199885&2.3936463,2024-01-20T10:15:00.000Z,90,18,public,true,Détente,,ITI8hnvmkJPM7V08IvKT8NmVc543,10,10,0,0,0,0,0
DMWyjXSZGsExA5RL7a4r,LE FIVE Sarcelles,canceled,captain,ChIJ6_q3Fxhq5kcRCpoEwnoXX1Q,48.99782219999999&2.3902225,2024-01-26T21:30:00.000Z,90,13,public,true,Compétition,,C95eHewoTPa5Utlbnv6pXk5hRLy2,9,10,0,0,0,0,0
DO8H8ye5ekgIBpVCBTwS,FOOT INDOOR Marseille,canceled,captain,ChIJ41AMCxC8yRIRLHLGt11sc-U,43.2859688&5.4882746,2024-01-23T19:00:00.000Z,60,10,public,false,Détente,3,ep40Onrn3jRQsBvKIMIOOfdyQok2,10,10,0,0,0,0,0
DP55IMVxBIWXzeZhwphT,UrbanSoccer - Asnières,played,captain,ChIJi5LkLT9v5kcRSlhScqEFNWs,48.92192379999999&2.3068311,2024-02-06T18:00:00.000Z,60,12,public,true,Compétition,3,dCZYll7lCWP0GalL136lVNW0yyQ2,10,10,3,0,0,0,2
DSNGe0A16VOMoIDvJCIa,Stadium Thiais,hidden,pro,,48.7511024&2.3713455,2024-01-26T21:00:00.000Z,90,14,public,false,,,psf3NmXEPwdCltHKJC7VuvJocrF3,2,10,0,0,0,0,0
DTLcQxsCSyEci1aSVj5J,POWER FIVE ( Foot à 5 en intérieur ),canceled,captain,ChIJ6ULNmyh15kcRV9cjbnBjGr8,48.73026429999999&2.4346948,2024-01-31T18:15:00.000Z,90,,public,false,Détente,,B1z0F04UIfgHLlnchcdD4A6OJA32,10,10,0,0,0,0,0
DTQGXxtnBM3BtaAawOuw,LE FIVE Marville - La Courneuve,played,captain,ChIJ2dHdMZxr5kcR0aKYHYsp0pY,48.9364404&2.3869147,2024-02-01T18:00:00.000Z,60,5,public,false,Détente,3,7yh56H9zTjS1090a0KOFUWKviH02,10,10,6,0,0,0,3
DTVKq6pY2pgu2LYIQQm3,Stadium Thiais,canceled,captain,ChIJ64X9jzx05kcRsHvSfOv6UcA,48.7511137&2.3715422,2024-02-10T16:30:00.000Z,90,12,public,false,Détente,3,dJvIZfVJbffmF9Jr3dfsR3Dt9yA3,7,10,0,0,0,0,0
DWMUl6K36IS068KGK0NB,LE FIVE Marville - La Courneuve,canceled,captain,ChIJ2dHdMZxr5kcR0aKYHYsp0pY,48.9364404&2.3869147,2024-01-28T09:30:00.000Z,60,10,public,true,Détente,,sQY0K48sTYNi4HrjYuscknUeZfG3,9,10,0,0,0,0,0
DXVuCI5z3GgbbiEC2yve,LE FIVE Villette,played,captain,ChIJTUFnQjps5kcR0pHITLTw1PI,48.9070122&2.3861459,2024-01-26T20:00:00.000Z,60,,public,false,Détente,3,S4caqen5x8VpVPMeP1uP4X5Dhpr1,10,10,2,0,0,0,0
DZ1vnw8UmLBiTEBKOB92,Le Street Foot en Salle,played,captain,ChIJt_AXL6Jg5kcRu6rBmnrmeUM,49.0164435&2.181307,2024-02-11T17:30:00.000Z,90,13.5,public,false,Détente,4,CIIM8n7uLZOD2AIEQSdh1od0RR53,10,10,0,0,0,0,2
DZkaFOKu9sTfyrAoE6uf,UrbanSoccer La Défense,played,captain,ChIJh4rnfVhk5kcRV2Q-ZKdm8vA,48.8996456&2.2216773,2024-01-30T21:00:00.000Z,60,14,public,true,Détente,2,XmBcxrHIT5Wl6qZK7Wn1j8j9oDH3,10,10,2,0,0,0,1
Da6ybte0UpcratL8wVQa,Monclub Futbol,published,pro,,43.4299152&5.4001974,2024-02-17T15:30:00.000Z,90,12,public,false,,,CSTy9rmJRQSyWlqWuGiUhGpAGqf2,2,10,0,0,0,0,0
DbG2IK2rV11FUECBd3l6,Massilia FIVE,played,captain,ChIJxZ6UmMW-yRIR7ot5DChYj4w,43.28920790000001&5.4503802,2024-02-09T20:00:00.000Z,60,10,public,false,Détente,3,PJA7Xm3DTMOGWw6kCBvmjv2GkxA2,10,10,3,0,0,0,0
DeVxktCdzqEQvf3tYwv4,"Stade Géo André, La Courneuve",played,captain,ChIJW6kIVABt5kcRSzOJoHMEilE,48.9241944&2.3992965,2024-01-28T07:45:00.000Z,150,,public,false,Détente,3,UsGv9ezU2BPHEVKyWJUd8uCwxBd2,10,10,3,0,0,0,1
DeicWC8taUYySKcJUInu,UrbanSoccer - Porte d'Aubervilliers,played,captain,ChIJ0dXjDCZs5kcRvX0EpMwxsUY,48.9074912&2.3746518,2024-02-01T19:30:00.000Z,90,21,public,true,Détente,3,lLHBu6F7aahEL3VyE7RAW1V1zuK2,10,10,3,0,0,0,1
Dfb4MbBdavNe17YiN9Rr,Cité des Sports,played,captain,ChIJ70UPf6R75kcRGb3NAV9k7Ww,48.8247744&2.2650728,2024-02-05T18:30:00.000Z,60,,public,false,Détente,3,aMlvBw19UpSu9hfySwnEMbW7uTB3,10,10,3,0,0,0,1
Dfy61wovfazpL5iZTO19,UrbanSoccer La Défense,played,captain,ChIJh4rnfVhk5kcRV2Q-ZKdm8vA,48.8996456&2.2216773,2024-01-27T08:00:00.000Z,60,12,public,true,Détente,3,IA1GSuwEbOeynI2AlpsE2kVgS2x2,10,10,1,0,0,0,0
Dg5tYMnD6zg4GHkqSPCS,Padel Football Club,played,captain,ChIJ62K5YQBh5kcRiSit3ITdkqg,49.0175597&2.1775182,2024-02-12T19:00:00.000Z,90,16,public,false,Détente,3,fTSRHkvCwQViD9lqN3QjWqhhpih1,10,10,3,0,0,0,1
DhW74tz99zoZYB1p0HIv,Stadium Thiais,published,pro,,48.7511024&2.3713455,2024-03-05T11:00:00.000Z,60,7,public,false,,,psf3NmXEPwdCltHKJC7VuvJocrF3,0,10,0,0,0,0,0
DhjYKzbloCZhODw5qCPy,UrbanSoccer Guyancourt,played,captain,ChIJmdX-2c-A5kcRj1wtOS8rZmo,48.7722091&2.0600292,2024-01-24T17:00:00.000Z,60,11,public,true,Détente,,CaH1w4vb87R76c34rYeWqqNNvU92,10,10,2,0,0,0,1
DiptYJUJxsp9pfDSslcx,Top Ten,played,captain,ChIJfXprBx4b5kcRmhe-5pLZUek,48.8729106&2.6840919,2024-01-21T09:30:00.000Z,90,14,public,false,Détente,3,lGNuS10G12aZG5beiZgPABtj8Xf2,10,10,2,0,0,0,0
DlAmlsR6IwaIU4kVPWOZ,City stade de la Gravière,published,captain,ChIJlWwpFZnt9EcR8KsQCBd5CHQ,45.7315869&4.7791329,2024-02-18T09:00:00.000Z,90,1,public,false,Détente,2,w3AnX7uWgJc7BarLiBrWplP1RAV2,7,12,0,0,0,0,0
DlRmjG7fG3Ue2RkjFbdy,UrbanSoccer - Puteaux,played,captain,ChIJM_sC0-Nk5kcRhL1y_EFIje8,48.8836397&2.2312283,2024-01-24T19:00:00.000Z,60,,public,true,Compétition,5,UXDXb0uJozYdtx9PYA6EZagmV4s2,10,10,1,0,0,0,1
Dlj845x0W4KGB2I2R9HW,KIPSTADIUM : Centre de Pratique dédié aux Sports Collectifs,played,captain,ChIJydcoT88ow0cRLnHvlF-Z_jE,50.708529&3.173304,2024-01-23T18:00:00.000Z,60,8,public,false,Détente,3,Zb9502EsYoacYH2RzlDSWSZlMYy2,10,10,2,0,0,0,0
DmoTszSN2yFgCFynmJxl,Parc Sainte Barbe,canceled,captain,ChIJtw301r5w5kcRvRjidiuAyaw,48.7922897&2.2913469,2024-02-02T02:30:00.000Z,30,,public,false,Détente,4,rzC8A0bd4afb9AWrHKlCPT9461y1,13,16,0,0,0,0,0
Dn3xd0Yi6ExuhC7eYQnX,LE FIVE Paris 18,played,pro,,48.8978522&2.3700234,2024-02-09T21:20:00.000Z,90,10,public,false,,,UQf33jQhVZhle917nO0h7D5qclV2,10,10,9,0,0,0,9
DnMXgk7qdcCRZXfwB2ZF,Stadium Thiais,published,pro,,48.7511024&2.3713455,2024-03-03T16:30:00.000Z,90,15,public,false,,,psf3NmXEPwdCltHKJC7VuvJocrF3,0,10,0,0,0,0,0
DnlFcc274JelmvMmULOx,Game 13 foot indoor,played,captain,ChIJNSDvlsXryRIRUXao9hwB79I,43.41258939999999&5.366617,2024-02-06T20:30:00.000Z,60,10,public,false,Détente,2,vlKOTrfiuaYFff4YNJ0v2dJJzp52,10,10,3,0,0,0,1
DoffsjXrbrnlBFK6LCY8,LE PARK Complexe Multisports,canceled,captain,ChIJdUHbID8O5kcRV5lQhiHTvhs,48.8337843&2.5728501,2024-02-02T18:00:00.000Z,60,10,public,false,Compétition,3,XqKE77KP75T9tQkX3sg8AfmykyP2,8,10,0,0,0,0,1
DohQnCAupuwvxZuVKb5X,Stadium Thiais,published,pro,,48.7511024&2.3713455,2024-01-30T11:00:00.000Z,60,7,public,false,,,psf3NmXEPwdCltHKJC7VuvJocrF3,0,10,0,0,0,0,0
Doi0jNiPAMGxyAR8cHP4,UrbanSoccer La Défense,canceled,captain,ChIJh4rnfVhk5kcRV2Q-ZKdm8vA,48.8996456&2.2216773,2024-02-02T18:00:00.000Z,60,9,public,true,Détente,,O5mCfIKBfQQJLSAss5xSDwHyf3y2,1,10,0,0,0,0,0
Dp5LVdr2gT6MYeLVIEJj,Play Soccer,published,captain,ChIJQ-UxZn-5rhIRKWoQydM5T9s,43.5512023&1.4098927,2024-01-20T15:30:00.000Z,90,12,public,false,,,8LtkeOuZHeePxfkXdNPmQSr7V9L2,2,10,0,0,0,0,0
DpCxPWDhvhifQrkwpEmH,Gymnase Vaugirard Littré,published,captain,ChIJ6-ozZc1x5kcRsH-Aqeww0EA,48.8458787&2.3232905,2024-02-09T17:30:00.000Z,90,10,public,false,Compétition,4,L9WmzqulGccrhAwSeuKyUyeXCIy1,9,10,0,0,0,0,2
DpXf3C8bxcLoG7I4AWWW,LE FIVE Bezons,canceled,captain,ChIJ71Mv0Wpk5kcRg-H9x7L-dXo,48.9190524&2.211796,2024-01-25T20:30:00.000Z,60,11,public,true,Détente,2,L802qJXIeJdfXZFwDVJ4cTtgtUw2,8,10,0,0,0,0,0
Dq9R5is3hg7VaAzkTvbd,Classico Foot,published,captain,ChIJFV442oCxrhIRgsZy5aIbkNs,43.5945434&1.2911399,2024-01-29T19:00:00.000Z,60,9,public,false,Détente,,sh3Ti8wQWbeLpHkq0e0tZXci8IJ3,9,10,0,0,0,0,0
Dqc6HtBr84nchfGzqdKr,LE FIVE OL,published,captain,ChIJmz3whejH9EcR3j9ApNRukKE,45.7673403&4.9802325,2024-02-04T09:00:00.000Z,90,13.5,public,false,Détente,3,JLKyyfSEA0S7KUuZIwdpLTH2XR33,9,10,0,0,0,0,0
DsfxQfub781WgMJj354q,LE FIVE Paris 18,published,pro,,48.8978522&2.3700234,2024-02-20T16:00:00.000Z,60,5,public,false,,,UQf33jQhVZhle917nO0h7D5qclV2,2,10,0,0,0,0,0
DtOoHmmieBqmMkGNVZlR,UrbanSoccer - Quai d'Ivry,played,captain,ChIJfXxYJ0xy5kcRw9xTkF6-FZQ,48.8199885&2.3936463,2024-01-24T19:30:00.000Z,90,20,public,true,Compétition,3,K482d3xcTsbz4fYMOl5XmRaK9Al2,10,10,3,0,0,0,2
DtVpB0OfAMCpKr3s5zXU,LE FIVE Paris 17,played,pro,,48.900032&2.3213449,2024-01-25T16:00:00.000Z,60,5,public,false,,,V6mqbc9C8FNa1RQlUupjeoqOsZL2,10,10,10,0,0,0,4
Du5MucujxclcPWqHF8Jw,UrbanSoccer Guyancourt,canceled,captain,ChIJmdX-2c-A5kcRj1wtOS8rZmo,48.7722091&2.0600292,2024-01-29T18:00:00.000Z,60,10,public,true,Détente,2,wjlnLRJWCeM0gRuAGqI3be6sLta2,3,10,0,0,0,0,0
DuFlE7eC35H5ICyXeZPt,Le Street Foot en Salle,canceled,captain,ChIJt_AXL6Jg5kcRu6rBmnrmeUM,49.0164435&2.181307,2024-01-27T20:00:00.000Z,90,13,public,false,Détente,2,qDjKvZPfARgY4sl03cSKdEUgOn02,9,10,0,0,0,0,0
DuyKXYzS5Xki6Nq2v9fz,Top Ten,published,pro,,48.8729106&2.6840919,2024-03-07T16:00:00.000Z,90,5,public,false,,,i27253AGxOfXgYJK72sBnvUGuMk2,0,10,0,0,0,0,0
DvvXGlmE5tbzkL7xrnoe,Stadium Thiais,published,pro,,48.7511024&2.3713455,2024-02-22T11:00:00.000Z,60,7,public,false,,,psf3NmXEPwdCltHKJC7VuvJocrF3,0,10,0,0,0,0,0
DwdZ4oxn1v2PrAxO8jhM,Cité des Sports,played,captain,ChIJ70UPf6R75kcRGb3NAV9k7Ww,48.8247744&2.2650728,2024-01-31T18:30:00.000Z,60,,public,false,Détente,2,3G8oXKIs01cTry6FwvZfKn0x2273,10,10,1,0,0,0,2
DxMUGUbZ5uyAgSnoPlTU,Top Ten,published,pro,ChIJfXprBx4b5kcRmhe-5pLZUek,48.8729106&2.6840919,2024-02-09T20:00:00.000Z,90,15,public,false,,,i27253AGxOfXgYJK72sBnvUGuMk2,0,10,0,0,0,0,0
Dxe4GBgNiN5JlRoDC6w0,Futsal,played,captain,ChIJW2Aqm4nXwkcRlCVWc3BBA7g,50.6160524&3.100639,2024-02-09T18:00:00.000Z,90,8,private,false,Compétition,4,apVKYcOhmBZbIt0BG505gXs5JVd2,10,10,8,0,0,0,0
DyrcNYH81R20ZlhKcKQg,UrbanSoccer - Lille Lezennes,canceled,captain,ChIJR3ro5nTWwkcRfM_S3Be9HjI,50.6162725&3.0998108,2024-01-28T09:00:00.000Z,60,9,public,true,Détente,2,IMFFZo8zL9VwGnzQyYVuSMeHc5q1,5,10,0,0,0,0,0
E1TJzMH0GnPoo095zqx1,Stadium Thiais,published,pro,ChIJ64X9jzx05kcRsHvSfOv6UcA,48.7511024&2.3713455,2024-01-27T13:00:00.000Z,90,12,public,false,,,psf3NmXEPwdCltHKJC7VuvJocrF3,0,10,0,0,0,0,0
E23ukv6RWs5Uq5VpY14b,Speed Soccer Five,published,pro,,48.7360598&2.315058,2024-03-01T17:00:00.000Z,90,13,public,false,,,MkTJljXziPXBdRdijccndMLBNCC3,0,10,0,0,0,0,0
E2v70igSJDsRgHII3UO3,Rue du Musée,played,captain,ChIJ4ypzX6B15kcRFesay1dBJco,48.71676&2.39852,2024-02-11T09:30:00.000Z,120,1,private,false,Compétition,5,5v9WX6HkohWW6s4r8BR39p1iJxu1,16,16,8,0,0,0,5
E3ILWAdofz3CYw8KN0FR,Stade Élisabeth,draft,captain,ChIJkXj9tq5x5kcROlxynHzTh9o,48.8207737&2.3270972,2024-02-01T18:00:00.000Z,120,,public,false,,,oKfGVfs7dYecPpobKfuTXiuhh8J3,0,14,0,0,0,0,0
E3bZupeFQ5O9D12s8y5u,Game 13 foot indoor,played,captain,ChIJNSDvlsXryRIRUXao9hwB79I,43.41258939999999&5.366617,2024-02-08T18:30:00.000Z,60,10,public,false,Détente,3,tNI5PAPgX0MDq6T4GlwP3d2ndaO2,10,10,3,0,0,0,0
E3cXVSbuWvtUWNd9FuEa,LE FIVE Montreuil,published,pro,,48.8613036&2.4653095,2024-02-24T21:00:00.000Z,120,20,public,false,,,u9uC1vjdcdQ3UqNxI0SiFxor0m43,0,10,0,0,0,0,0
E3yWTnuXi7HdcC3FQAiH,LE FIVE Paris 18,published,captain,ChIJpVT4_n1u5kcRzji6FdTBXXo,48.8978522&2.3700234,2024-02-14T19:30:00.000Z,60,9.8,public,true,Compétition,4,MlD2gvyrMkb6Zer6xpQMbY7InXu2,7,10,0,0,0,0,0
E4OQAvsZXmb3BOneZrmJ,UrbanSoccer - Lille Lezennes,played,captain,ChIJR3ro5nTWwkcRfM_S3Be9HjI,50.6162725&3.0998108,2024-02-02T20:50:00.000Z,60,5,public,true,Compétition,,bHFMT8NIUNhHY7FBadyHnVXuhDT2,10,10,5,0,0,0,1
E4RIMarlvFtzRKkjUVxc,KIPSTADIUM : Centre de Pratique dédié aux Sports Collectifs,canceled,captain,ChIJydcoT88ow0cRLnHvlF-Z_jE,50.708529&3.173304,2024-01-31T15:00:00.000Z,90,10.8,public,false,Détente,3,d5QvQMQ037bzwfvDfKONfZAwirv1,10,10,0,0,0,0,0
E6wkrBJ1OJ9AEoG9A0Ao,Footbox,published,pro,,48.9022789&2.582647,2024-03-05T19:00:00.000Z,60,10,public,false,,,QI89VPazyLhBVnWH871jk4BUEZI3,0,10,0,0,0,0,0
E7LLR3XxmVdWtp2Be6IK,Play Soccer,published,captain,ChIJQ-UxZn-5rhIRKWoQydM5T9s,43.5512023&1.4098927,2024-02-03T17:00:00.000Z,90,12,public,false,,,8LtkeOuZHeePxfkXdNPmQSr7V9L2,5,10,0,0,0,0,0
E9LRgXEVumDmtGgWbNTz,Game 13 foot indoor,played,captain,ChIJNSDvlsXryRIRUXao9hwB79I,43.41258939999999&5.366617,2024-01-29T19:00:00.000Z,60,10,public,false,Détente,3,tNI5PAPgX0MDq6T4GlwP3d2ndaO2,10,10,0,0,0,0,0
E9jfaEBQ86M8YDYIxgU3,Footbox,published,pro,,48.9022789&2.582647,2024-03-11T20:00:00.000Z,60,10,public,false,,,QI89VPazyLhBVnWH871jk4BUEZI3,0,10,0,0,0,0,0
E9pjMa9hUOzOfcHanjdR,UrbanSoccer Meudon,played,captain,ChIJ0WKvjbh75kcRoqSmyWwW2jQ,48.80013599999999&2.2140811,2024-01-26T20:00:00.000Z,60,10,public,true,Détente,2,Rxi4LbJGTIawNaR5TjfFrQKV0UM2,10,10,0,0,0,0,0
EAhBewq8eiJTCoqgT9A4,Stade Léo Lagrange,published,captain,ChIJuYMiFhcT5kcRgUJiXtXp2MI,48.90471669999999&2.4880641,2024-02-03T21:00:00.000Z,90,,public,false,Détente,,hj4ZEl5WgeOQ7MtqCvnGNIUMbWF3,5,10,0,0,0,0,0
EBJYsYSGHSaKoMoBXtug,LE FIVE Paris 17,played,captain,ChIJ7eI8sFNv5kcR5xy52Wc57NU,48.900032&2.3213449,2024-01-30T11:30:00.000Z,60,10,public,true,Détente,2,KoThYRQqO3RDB3Gw4iiKn0zuuvf2,10,10,2,0,0,0,0
EC0xu3IUxIDaBIiK6rk7,LE FIVE Paris 18,played,captain,ChIJpVT4_n1u5kcRzji6FdTBXXo,48.8978522&2.3700234,2024-01-30T19:30:00.000Z,60,14,public,true,Détente,2,7OLIzBft3ve5JiX48iP1rsQY1yM2,10,10,2,0,0,0,1
EDr3TyB0DLztEcpfMxLx,Stadium Thiais,published,pro,,48.7511024&2.3713455,2024-03-08T16:30:00.000Z,90,10,public,false,,,psf3NmXEPwdCltHKJC7VuvJocrF3,0,10,0,0,0,0,0
EECjVWwbDzNItbtW79Zb,Top Ten,published,pro,,48.8729106&2.6840919,2024-01-31T21:30:00.000Z,90,16.5,public,false,,,i27253AGxOfXgYJK72sBnvUGuMk2,0,10,0,0,0,0,0
EF2jZKbiCwBup2vr4AtF,Stade Élisabeth,played,captain,ChIJkXj9tq5x5kcROlxynHzTh9o,48.8207737&2.3270972,2024-02-08T18:00:00.000Z,120,,public,false,Détente,3,XUPRr4JmHNSlftMt2gFq5Pkvy3q1,14,14,6,0,2,0,2
EFI7wlGulnDXem6tLbGu,LE FIVE Paris 18,canceled,captain,ChIJpVT4_n1u5kcRzji6FdTBXXo,48.8978522&2.3700234,2024-01-21T18:00:00.000Z,90,16.5,public,true,,4,29GhppdKC1QoiMeYVtNhLm3JDip2,9,10,0,0,0,0,0
EG2vdwVKcTDpFIt1MJvU,Top Ten,canceled,pro,,48.8729106&2.6840919,2024-02-05T21:30:00.000Z,90,16.5,public,false,,,i27253AGxOfXgYJK72sBnvUGuMk2,0,10,0,0,0,0,0
EGmcbQk3rl6eIXyRfSzu,Play Soccer,played,captain,ChIJQ-UxZn-5rhIRKWoQydM5T9s,43.5512023&1.4098927,2024-01-29T20:30:00.000Z,60,10,public,false,,4,8LtkeOuZHeePxfkXdNPmQSr7V9L2,10,10,3,0,0,0,0
EIHAKfhTkvWMFzoLuK7C,Stade de l'İle de Puteaux,played,captain,ChIJIZUd2yJl5kcRRWoJNnmY1Ds,48.8758697&2.2435162,2024-02-04T13:30:00.000Z,120,,public,false,,3,FvG6v0rgeEdxhSw6DNgYlngPHjM2,16,16,5,0,0,0,3
EJMX3DD4x25JuaRLwXEx,Parc Interdépartemental des Sports du Tremblay,canceled,captain,,48.8281085&2.491365,2024-01-23T14:30:00.000Z,90,,public,false,Compétition,4,OKSK9YmBnhPYPn6fchCcUo9A2Mt2,12,18,0,0,0,0,2
EJTG8WOxiIC6RZmjUS9D,Foot-Max Argenteuil,canceled,pro,,48.9501632&2.2093946,2024-01-30T18:00:00.000Z,60,7,public,false,,,SuEnyPZ4TgNIkt1yap2yJ3ZHO6p1,0,10,0,0,0,0,0
EJlCi7tv4ufol4u0FSxB,Massilia FIVE,played,captain,ChIJxZ6UmMW-yRIR7ot5DChYj4w,43.28920790000001&5.4503802,2024-02-09T20:00:00.000Z,60,10,public,false,Détente,3,VWpS1Fzh4tWl8TcnGPV7bCFVw0I2,10,10,0,0,0,0,0
EJvs61E5j0daRkABHvm4,Cité des Sports,played,captain,ChIJ70UPf6R75kcRGb3NAV9k7Ww,48.8247744&2.2650728,2024-01-31T11:15:00.000Z,90,,public,false,Détente,3,Vu4Mh1iuRtZb5xqP2fgfcW12n0V2,16,16,4,0,0,0,2
EKw7enILLM1rPEHJxR0c,UrbanSoccer - Quai d'Ivry,played,captain,ChIJfXxYJ0xy5kcRw9xTkF6-FZQ,48.8199885&2.3936463,2024-02-05T19:00:00.000Z,90,21,public,true,Détente,3,EuCMSnLkQ6Yp8CZX3gCkoZYqx5f2,10,10,6,0,0,0,0
EKybndI3A1bVr4YoTI78,LE FIVE Paris 18,canceled,captain,ChIJpVT4_n1u5kcRzji6FdTBXXo,48.8978522&2.3700234,2024-02-06T21:00:00.000Z,60,5,public,true,Compétition,,Rr3AS7V02egLsgPCKF7XB6hPl2W2,4,10,0,0,0,0,1
ELV2pTKJPHRhwc95I9y7,Z5 Aix,played,captain,ChIJKb-U_9KSyRIRKIFKbH5mW18,43.4787869&5.3969048,2024-02-09T19:00:00.000Z,60,11,public,false,Détente,2,LC6zgt9ko7cYCghFki9pHFtV26E2,10,10,4,0,0,0,0
ENjIclqh6HA4J0i70mz3,LE FIVE Montreuil,published,pro,,48.8613036&2.4653095,2024-02-22T16:00:00.000Z,90,11,public,false,,,u9uC1vjdcdQ3UqNxI0SiFxor0m43,0,10,0,0,0,0,0
ER0NKhREQONSAmmg1NA2,UrbanSoccer - Quai d'Ivry,played,captain,ChIJfXxYJ0xy5kcRw9xTkF6-FZQ,48.8199885&2.3936463,2024-01-23T18:30:00.000Z,60,14,public,true,Competition,,lppkOL9ay1VhR7EYSh39FXV8N1G3,10,10,2,0,0,0,0
EROuo1xErZ9VEDIIr3e0,UrbanSoccer La Défense,canceled,captain,ChIJh4rnfVhk5kcRV2Q-ZKdm8vA,48.8996456&2.2216773,2024-02-10T15:15:00.000Z,90,13.5,public,true,,,0N3CLYbLIZTpqKpf9K48Ng9lDuF3,7,10,0,0,0,0,0
ERpz0sWfyLGk1btjGPyr,UrbanSoccer - Asnières,canceled,captain,,48.92192379999999&2.3068311,2024-02-01T21:30:00.000Z,90,5,public,true,Détente,4,5qq0zfP2PefyCYjpJkx8mg1Dr7B3,5,10,0,0,0,0,0
ESfDo8MCQrEXOfaMXOwK,Stadium Thiais,played,captain,ChIJ64X9jzx05kcRsHvSfOv6UcA,48.7511024&2.3713455,2024-01-29T10:00:00.000Z,60,15,public,false,Compétition,3,N3YGknfQ1wRztd8lYNV2kwt0N9D3,10,10,0,0,0,0,0
ET8AT5rJ2SYx5qs0CCS1,Stadium Thiais,published,pro,ChIJ64X9jzx05kcRsHvSfOv6UcA,48.7511024&2.3713455,2024-02-03T18:00:00.000Z,90,12,public,false,,,psf3NmXEPwdCltHKJC7VuvJocrF3,0,10,0,0,0,0,1
ETAfJ55CZAr2QBKffA2o,UrbanSoccer - Porte d'Aubervilliers,played,captain,ChIJ0dXjDCZs5kcRvX0EpMwxsUY,48.9074912&2.3746518,2024-02-08T19:00:00.000Z,60,14.5,public,true,Détente,3,dlUkgNAAqgSSDV6dAqrVX7FbRcd2,10,10,0,0,0,0,0
ETdahHFw8933vTgJHRZ3,Game 13 foot indoor,played,captain,ChIJNSDvlsXryRIRUXao9hwB79I,43.41258939999999&5.366617,2024-01-30T18:30:00.000Z,60,10,public,false,Détente,3,tNI5PAPgX0MDq6T4GlwP3d2ndaO2,10,10,0,0,0,0,0
EUHKUqXQYhhaCpc8NMUN,Stadium Thiais,published,pro,,48.7511024&2.3713455,2024-02-25T18:00:00.000Z,90,15,public,false,,,psf3NmXEPwdCltHKJC7VuvJocrF3,0,10,0,0,0,0,0
EUwcP7ZSZwMz1o5WIZzo,Footbox,published,pro,,48.9022789&2.582647,2024-02-28T14:00:00.000Z,60,7,public,false,,,QI89VPazyLhBVnWH871jk4BUEZI3,0,10,0,0,0,0,0
EVGz8EBlJfFW7LUUi62Q,UrbanSoccer - Asnières,canceled,captain,ChIJi5LkLT9v5kcRSlhScqEFNWs,48.92192379999999&2.3068311,2024-02-03T14:00:00.000Z,60,10.5,public,true,Détente,1,QPpYzYedJFazFNNseUjzFbIxjif1,2,10,0,0,0,0,0
EVRCBxQE9g0SWNlhuycl,LE FIVE Bobigny,canceled,captain,ChIJV8UONORs5kcRXxR5Qd7x130,48.901553&2.4313304,2024-02-11T14:00:00.000Z,120,20,public,false,Détente,3,pONshbFBMrNIRGUkU4eRHOJjrHL2,9,10,0,0,0,0,0
EVjsjwbPWUL5tBMxiH0t,We Are Sports,canceled,captain,ChIJFZU5oBHC9EcRJTFrSkI1xxg,45.7113247&4.8761886,2024-02-01T18:30:00.000Z,60,12,public,false,Détente,2,6LqxDqAWJaUlyC7u83GNSThf9zn2,8,8,0,0,0,0,0
EWKfjREThD6IMAz4pnKC,BIG5,played,captain,ChIJsb_7TJFp5kcRSPL5VqZulr4,48.9901429&2.3617895,2024-01-20T19:00:00.000Z,60,10,public,false,Compétition,3,DtkAYibFozefPnpZX7h3kpqigDX2,10,10,5,0,0,0,4
EWWAAgB9VhvCiou7p8cn,Soccer Five,published,captain,ChIJp0K53sp55kcR61-WTU8Yv5k,48.7368129&2.2591558,2024-02-18T08:00:00.000Z,90,10,public,false,Détente,3,Dohg1zNvhsbmGrYuAmExKFyjruw2,9,10,0,0,0,0,0
EWyprHwWw3CPMP76aiFB,Z5 Aix,canceled,captain,ChIJKb-U_9KSyRIRKIFKbH5mW18,43.4787869&5.3969048,2024-02-01T18:00:00.000Z,60,11,public,false,Compétition,4,AEw6jV8NZmYMZb5x1tAukHnetQr2,2,10,0,0,0,0,0
EXYVYkTPxuMZiHw6O97p,UrbanSoccer Meudon,played,captain,ChIJ0WKvjbh75kcRoqSmyWwW2jQ,48.80013599999999&2.2140811,2024-01-27T16:30:00.000Z,90,8,public,true,Détente,3,xMzNdgYOIjaGbC99oNjyAebowx53,10,10,3,0,0,0,1
EXZo7zRt31csvnKL5JLZ,UrbanSoccer - Puteaux,played,captain,ChIJM_sC0-Nk5kcRhL1y_EFIje8,48.8836397&2.2312283,2024-02-11T09:00:00.000Z,60,14,public,true,Détente,2,PNBBR43n3aY5pq3Q9t8WztZu7E13,10,10,1,0,0,0,1
EYPInm1uYQECN9pA1SSm,Stadium Thiais,published,pro,,48.7511024&2.3713455,2024-02-20T21:00:00.000Z,90,14,public,false,,,psf3NmXEPwdCltHKJC7VuvJocrF3,0,10,0,0,0,0,0
EYcRb6WvfZm9OyyFeyZl,Stadium Thiais,played,pro,,48.7511024&2.3713455,2024-02-09T18:00:00.000Z,90,15,public,false,,,psf3NmXEPwdCltHKJC7VuvJocrF3,10,10,9,0,0,1,4
EYovI3JBZbjqiMSOrFqZ,Parc Omnisport Suzanne Lenglen,played,captain,ChIJ0_E6kcV65kcRpEn1nM0j_KU,48.8303784&2.2714163,2024-02-03T19:00:00.000Z,60,,public,false,Competition,4,Sop9sJhTMMNsrOorJoExdweucKH2,14,14,1,0,0,0,1
EZE5jEdg9WNwEjExGlBO,UrbanSoccer - Marne-La-Vallée,draft,captain,ChIJ6bDBiosP5kcROXiloHzSdhc,48.82658600000001&2.6296937,2024-01-30T18:30:00.000Z,90,16,public,true,,2,RzNQwu9qn0XvkZSHV3GdKB0BVo72,0,10,0,0,0,0,0
EZe5uh7SRAXZY1qrzgLX,City stade de la Gravière,played,captain,ChIJlWwpFZnt9EcR8KsQCBd5CHQ,45.7315869&4.7791329,2024-01-28T09:00:00.000Z,60,,public,false,Détente,2,w3AnX7uWgJc7BarLiBrWplP1RAV2,10,10,8,0,1,0,1
EanWuRIkTRxs3BJZxIHn,LE FIVE Paris 18,canceled,captain,ChIJpVT4_n1u5kcRzji6FdTBXXo,48.8978522&2.3700234,2024-01-25T20:30:00.000Z,60,14,public,true,Détente,3,2aIw36d511PJHDqUroclsSM7vhY2,8,10,0,0,0,0,0
Ec4oewVGTkXj0g6yzrNM,LE FIVE Montreuil,published,pro,,48.8613036&2.4653095,2024-03-08T09:00:00.000Z,90,10.5,public,false,,,u9uC1vjdcdQ3UqNxI0SiFxor0m43,0,10,0,0,0,0,0
Ec7SHr6jPos2SyWyW2Zg,FOOT INDOOR Marseille,published,captain,ChIJ41AMCxC8yRIRLHLGt11sc-U,43.2859688&5.4882746,2024-02-13T18:00:00.000Z,60,10,public,false,Détente,2,fIhi7V2KmzRGAHGUvph6Cb9O51t1,9,10,0,0,0,0,0
EdCicaVQ7okR0bd37Wjj,LE FIVE Marville - La Courneuve,published,captain,ChIJ2dHdMZxr5kcR0aKYHYsp0pY,48.9364404&2.3869147,2024-01-29T11:30:00.000Z,60,10,public,false,Détente,1,FXefEW4PBmNQH8c0F4BIdgqBH1j1,9,10,0,0,0,0,0
EdCvTBEh93pAqkehtBGZ,Plaine des Jeux de Gerland,canceled,captain,ChIJBYG18IPp9EcRUNpTJFdu8f0,45.7213257&4.8272967,2024-02-06T17:30:00.000Z,90,,public,false,Compétition,,dyM7Xg7Q1mTkv3H3VQOBZs6NzP03,8,10,0,0,0,0,0
EdNkQ7EtLDE9pdSBEQ6F,Stadium Thiais,played,captain,ChIJ64X9jzx05kcRsHvSfOv6UcA,48.7511137&2.3715422,2024-02-08T19:30:00.000Z,90,15,public,false,Compétition,,r8V1uV2R5xgbq6icEtFLuVLn0VS2,10,10,2,0,0,0,0
Eeb9H8hpgQ0t2Af8KSsY,Stadium Thiais,published,pro,,48.7511024&2.3713455,2024-03-08T15:00:00.000Z,90,8,public,false,,,psf3NmXEPwdCltHKJC7VuvJocrF3,0,10,0,0,0,0,0
Ef5lHqCEuvzjWHafPKD7,Stade de l'Autruche,published,captain,ChIJMcAwYPHf5UcRkbo6TW-FMMY,48.6567059&2.3763715,2024-01-28T09:15:00.000Z,120,,public,false,Compétition,3,QqFB5xTACzZPFyr43fszoyrtOwi1,6,18,0,0,0,0,0
EjOQyc5teHcpJEjtbAl1,Monclub Futbol,canceled,pro,ChIJGbxxaamUyRIRgGvhHnhJStA,43.4299152&5.4001974,2024-02-09T17:30:00.000Z,60,10,public,false,,,CSTy9rmJRQSyWlqWuGiUhGpAGqf2,0,10,0,0,0,0,0
EjWXNWFceNrFKboz2NwZ,LE FIVE Paris 18,canceled,captain,ChIJpVT4_n1u5kcRzji6FdTBXXo,48.8978522&2.3700234,2024-01-20T15:00:00.000Z,60,13,public,true,Détente,2,Hsznb68iWuW1xPy774XXx2xu5ts2,6,10,0,0,0,0,3
EjXB0o6mf9iCukqo0zs1,Sport dans la Ville Rhône-Alpes,canceled,captain,ChIJoUEDcmvr9EcRILCz6hDCQ2o,45.7811703&4.8081568,2024-02-12T17:30:00.000Z,60,9,public,false,Détente,3,ApkF6TnH1WVMKvZT3WBIsSz4ZeW2,9,10,0,0,0,0,0
EltUH6Rd0Soog2zXHxId,LE FIVE Bezons,published,pro,,48.91909&2.2093051,2024-02-19T21:00:00.000Z,90,14,public,false,,,U3MriTZbPbTUEsU6RtRuHxDMKvg2,0,10,0,0,0,0,0
EoACI7BGUjIdfOozvwJm,Game 13 foot indoor,played,captain,ChIJNSDvlsXryRIRUXao9hwB79I,43.41258939999999&5.366617,2024-01-25T21:00:00.000Z,60,10,public,false,Compétition,3,U4uVJxQAMySzPBXZN4MEYGNEuCe2,10,10,2,0,0,0,0
EoIyybN5Pr2HV4MTGBBe,Footbox,published,pro,,48.9022789&2.582647,2024-03-04T18:00:00.000Z,60,10,public,false,,,QI89VPazyLhBVnWH871jk4BUEZI3,0,10,0,0,0,0,0
EpCv1fde2u6bJms6x1NZ,Parc Interdépartemental des Sports du Tremblay,canceled,captain,,48.8281085&2.491365,2024-01-23T14:30:00.000Z,90,,public,false,Compétition,4,OKSK9YmBnhPYPn6fchCcUo9A2Mt2,13,18,0,0,0,0,0
EpGiNs67rZDJQvebXNqY,Top Ten,published,pro,,48.8729106&2.6840919,2024-01-25T21:30:00.000Z,90,16.5,public,false,,,i27253AGxOfXgYJK72sBnvUGuMk2,0,10,0,0,0,0,0
EpPiQh72dhH4AHdz7dFE,LE FIVE Montreuil,published,pro,,48.8613036&2.4653095,2024-02-04T08:00:00.000Z,90,15,public,false,,,u9uC1vjdcdQ3UqNxI0SiFxor0m43,0,10,0,0,0,0,0
EpuxcRW0kaKq6kmIjSfO,Stadium Thiais,played,pro,,48.7511024&2.3713455,2024-02-02T18:00:00.000Z,90,15,public,false,,,psf3NmXEPwdCltHKJC7VuvJocrF3,10,10,9,0,0,0,3
Eq5sHhleXe7FVvA9q3PR,LE FIVE Bobigny,published,pro,,48.901553&2.4313304,2024-01-31T17:00:00.000Z,60,8,public,false,,,4owi3i7t8EOvFNF6UQvACOpiDRy1,1,10,0,0,0,0,0
Eqgq85QDy1mCEblCHFyg,Kaiser Park,canceled,captain,ChIJsRLZzKFg5kcRBCfNws9nssw,49.0175545&2.1775301,2024-02-08T20:30:00.000Z,90,15,public,false,Détente,1,ChbR7RufgscOz7KHLcIFJf4INSl1,8,10,0,0,0,0,0
Er6lc83u5rPbTxDXNrVv,Foot POWER 5,canceled,pro,,48.960066&2.2061913,2024-01-25T17:00:00.000Z,90,5,public,false,,,sss3dYi6nzWd7rEjwcQ30LGKudj1,0,10,0,0,0,0,0
Es0U72oLrTvWJtpV8CsM,Massilia Foot Indoor 2,canceled,captain,ChIJxZ6UmMW-yRIRfYNGGPPJfIU,43.3266563&5.3836488,2024-01-31T18:00:00.000Z,60,10,public,false,Compétition,5,rgJipPg3pmd2Ehdgf4AyBKevPLh1,9,10,0,0,0,0,0
EsTk0zhzQ1ll9Q5TaBB3,Stadium Thiais,played,pro,,48.7511024&2.3713455,2024-01-28T19:30:00.000Z,90,15,public,false,,,psf3NmXEPwdCltHKJC7VuvJocrF3,10,10,5,0,1,0,1
EuGidtw1pWLQyKe1KHhv,UrbanSoccer - Lyon Parilly,published,captain,ChIJx3FQWjLC9EcRrrQb2eV7i_4,45.7120399&4.9039284,2024-02-09T18:45:00.000Z,60,10.5,public,true,Détente,2,KB9LERlyofcAJvlTh6Y4YUD6Oi62,2,10,0,0,0,0,0
EwDG0HiWCDzrIwTdMsHH,LE FIVE Champigny,played,captain,ChIJsXi1PLYN5kcRTVVDuczgS2s,48.8194084&2.5251846,2024-02-07T19:00:00.000Z,90,16.5,public,false,Détente,3,qtdTYSK768dpfb8fbCsZBATJT6J3,10,10,3,0,0,0,3
EwbIGul4acJmC5kiII2f,Stadium Thiais,played,captain,ChIJ64X9jzx05kcRsHvSfOv6UcA,48.7511137&2.3715422,2024-02-08T19:25:00.000Z,90,15,public,false,Détente,2,Dcn2lFYuu1N75bTvFYdKyBwf22z1,10,10,1,0,0,0,0
EynWfaJn0TszFuNQa6vX,LE FIVE Paris 17,played,captain,ChIJ7eI8sFNv5kcR5xy52Wc57NU,48.900032&2.3213449,2024-02-05T20:00:00.000Z,60,12,public,true,Détente,3,8pCP7nG1ZwX4zEgVKkzQAfkpgY82,10,10,2,0,0,0,3
F0P3M2avPNqEwzuIkCbF,Massilia Foot Indoor 2,played,captain,ChIJxZ6UmMW-yRIRfYNGGPPJfIU,43.3266563&5.3836488,2024-01-27T18:00:00.000Z,60,10,public,false,Détente,2,E4hGFDeR8rPaVoZBlOQxP1Lz7zl1,10,10,2,0,0,0,0
F0s5nIicuEw6W106xJDc,Foot POWER 5,canceled,pro,,48.960066&2.2061913,2024-03-03T20:00:00.000Z,90,10,public,false,,,sss3dYi6nzWd7rEjwcQ30LGKudj1,0,10,0,0,0,0,0
F3d8n9fddwc6ffdCm9D8,LE FIVE Champigny,published,pro,,48.8194084&2.5251846,2024-01-20T18:00:00.000Z,60,11,public,false,,,evlV9mUgATYQ5343zpYZvk4w0r03,5,10,0,0,0,0,0
F4jtioDoRsKM3yXzsEac,Stadium Thiais,played,pro,,48.7511024&2.3713455,2024-01-31T21:00:00.000Z,90,14,public,false,,,psf3NmXEPwdCltHKJC7VuvJocrF3,10,10,5,0,0,0,2
F5dyTvdSBHR0gxQOtYP9,UrbanSoccer - Puteaux,played,captain,ChIJM_sC0-Nk5kcRhL1y_EFIje8,48.8836397&2.2312283,2024-02-01T19:00:00.000Z,60,14.5,public,true,Détente,3,RjnILKUgrrYly5GOAr8iC9cVDLt2,10,10,8,0,0,0,4
F5wE02wt4n5n2L387LTE,Stadium Thiais,published,pro,,48.7511024&2.3713455,2024-03-03T21:00:00.000Z,90,15,public,false,,,psf3NmXEPwdCltHKJC7VuvJocrF3,0,10,0,0,0,0,0
F78SzTCBPETVmm5kepdA,Top Ten,published,pro,ChIJfXprBx4b5kcRmhe-5pLZUek,48.8729106&2.6840919,2024-02-11T19:00:00.000Z,90,15,public,false,,,i27253AGxOfXgYJK72sBnvUGuMk2,0,10,0,0,0,0,0
F7WJdRjdPdloH01GHMtn,Top Ten,published,pro,,48.8729106&2.6840919,2024-03-11T16:00:00.000Z,90,5,public,false,,,i27253AGxOfXgYJK72sBnvUGuMk2,0,10,0,0,0,0,0
F85JX9XwVfCQIEWzPLz2,LE FIVE Paris 18,published,pro,ChIJpVT4_n1u5kcRzji6FdTBXXo,48.8978522&2.3700234,2024-02-03T08:30:00.000Z,90,10,public,false,,,UQf33jQhVZhle917nO0h7D5qclV2,9,10,0,0,0,0,4
F9aRBhUdXq7RUMVWCpSg,Stadium Thiais,published,pro,,48.7511024&2.3713455,2024-03-13T14:00:00.000Z,90,8,public,false,,,psf3NmXEPwdCltHKJC7VuvJocrF3,0,10,0,0,0,0,0
FC8ACBGffjZ8GcIe0Rne,LE FIVE Paris 17,played,captain,ChIJ7eI8sFNv5kcR5xy52Wc57NU,48.900032&2.3213449,2024-01-26T18:30:00.000Z,90,18,public,true,Détente,2,qwy8H1lpm0cA0FbmVTWkHpQbzny2,10,10,0,0,0,0,1
FCRwltAi6g5SNT9eKNk6,UrbanSoccer - Marne-La-Vallée,played,captain,ChIJ6bDBiosP5kcROXiloHzSdhc,48.82658600000001&2.6296937,2024-02-04T10:00:00.000Z,90,15,public,true,Détente,,Jpgv5cwLQeOSHMgM2QxG7MBcyVh1,10,10,2,0,0,0,0
FCmS3B0D7sEHcNN2p74J,Gymnase Rosalind Franklin,canceled,captain,ChIJeUB7Xqlz5kcR_akj6eEkBmk,48.8095385&2.4035959,2024-02-11T09:20:00.000Z,120,,public,false,Détente,2,RPBkJhlCOXYsBalhtCn3yAwbtgp2,10,12,0,0,0,0,0
FCwgTDarugQuE5Evtgsl,Stadium Thiais,played,captain,ChIJ64X9jzx05kcRsHvSfOv6UcA,48.7511137&2.3715422,2024-02-07T19:30:00.000Z,90,15,public,false,Détente,2,C41uLRu1nXX3sNBhLbABqcipElj2,10,10,1,0,0,0,1
FDPqvyFh2WM3ASpVxltj,STADE PIERRE BOURDAN,played,captain,ChIJlzXk7HLr9EcR8P0J9oTn_Pk,45.7924336&4.8403733,2024-02-04T09:00:00.000Z,120,,public,false,Détente,3,YnKrswmpQaRBkGKXp9RyyigbphC3,16,16,4,0,0,0,0
FDgQwbti57l70F4YeYaQ,Top Ten,published,pro,,48.8729106&2.6840919,2024-02-12T22:00:00.000Z,90,16.5,public,false,,,i27253AGxOfXgYJK72sBnvUGuMk2,0,10,0,0,0,0,0
FDy4SjlkBZmzUO5tsvEU,BIG5,canceled,captain,ChIJsb_7TJFp5kcRSPL5VqZulr4,48.9901429&2.3617895,2024-01-27T14:30:00.000Z,120,18,public,false,Détente,2,S7F3G5iuPNWVU8C5aKh1cFebGCA3,8,10,0,0,0,0,1
FE2IFM6DOeddqiDHkXrh,LE FIVE Bezons,canceled,pro,,48.91909&2.2093051,2024-01-29T21:00:00.000Z,90,14,public,false,,,U3MriTZbPbTUEsU6RtRuHxDMKvg2,2,10,0,0,0,0,2
FFQ0kXzRtgXZ9GjW8wcp,Stade Élisabeth,published,captain,ChIJkXj9tq5x5kcROlxynHzTh9o,48.8207737&2.3270972,2024-02-09T18:30:00.000Z,120,,public,false,Compétition,5,oKfGVfs7dYecPpobKfuTXiuhh8J3,13,14,0,0,0,0,2
FG6X5PMYjnzLXuBcVS2R,UrbanSoccer - Marne-La-Vallée,canceled,captain,ChIJ6bDBiosP5kcROXiloHzSdhc,48.82658600000001&2.6296937,2024-02-13T19:15:00.000Z,90,15.75,public,true,,4,pc5sZEZSy5Nnzq7NygjDWzuE4wj2,5,10,0,0,0,0,0
FGDbN23EF1RGI4dFm7Xb,Footbox,published,pro,,48.9022789&2.582647,2024-03-11T18:00:00.000Z,60,10,public,false,,,QI89VPazyLhBVnWH871jk4BUEZI3,0,10,0,0,0,0,0
FGSomhwWu5LXGgzNfheo,UrbanSoccer - Puteaux,played,captain,ChIJM_sC0-Nk5kcRhL1y_EFIje8,48.8836397&2.2312283,2024-02-12T18:30:00.000Z,60,13,public,true,Détente,3,bhJeB6nV3qaXLJZZ1m5g4ndq4mz2,10,10,3,0,0,0,5
FGWFnQUalnGaejWUKhca,LE FIVE Villette,played,captain,ChIJTUFnQjps5kcR0pHITLTw1PI,48.9070122&2.3861459,2024-01-27T10:00:00.000Z,90,10,public,false,Détente,2,ORUvH3rWuafbwxGVukmM25R6zJv1,10,10,3,0,0,0,2
FGjZBSXwkhiG12PSMlP5,Stadium Thiais,published,pro,ChIJ64X9jzx05kcRsHvSfOv6UcA,48.7511024&2.3713455,2024-02-05T21:00:00.000Z,90,14,public,false,,,psf3NmXEPwdCltHKJC7VuvJocrF3,0,10,0,0,0,0,1
FI0xyPm61pHpVAR2kegr,Foot-Max Argenteuil,played,pro,ChIJi9oIzaRm5kcRJYcK7QsdRMU,48.9501632&2.2093946,2024-02-07T18:00:00.000Z,90,12,public,false,,,SuEnyPZ4TgNIkt1yap2yJ3ZHO6p1,10,10,6,0,0,1,4
FIMX8ZHOEiQrZNskYGB3,LE FIVE Montreuil,published,pro,,48.8613036&2.4653095,2024-02-04T13:00:00.000Z,90,15,public,false,,,u9uC1vjdcdQ3UqNxI0SiFxor0m43,7,10,0,0,0,0,2
FJ6TVdExxC4hrrmoXNtr,Stadium Thiais,canceled,captain,ChIJ64X9jzx05kcRsHvSfOv6UcA,48.7511024&2.3713455,2024-01-28T19:30:00.000Z,90,15,public,false,Compétition,3,GQ83HbbI4uaJMPBoWQcHyod1eKI3,9,10,0,0,0,0,0
FMQFJzZGAtcrSmU1ESP0,Stadium Thiais,canceled,captain,ChIJ64X9jzx05kcRsHvSfOv6UcA,48.7511024&2.3713455,2024-01-29T19:30:00.000Z,90,15,public,false,Détente,3,KuVAgt6OkwZ5qnRIqof0PdSsdSF2,10,10,0,0,0,0,0
FMr97LLsLrjSnl9BmnaE,LE FIVE Paris 17,published,pro,,48.900032&2.3213449,2024-02-29T16:00:00.000Z,60,5,public,false,,,V6mqbc9C8FNa1RQlUupjeoqOsZL2,7,10,0,0,0,0,0
FMwKYXDbHJNpcSus19YI,UrbanSoccer - Quai d'Ivry,played,captain,ChIJfXxYJ0xy5kcRw9xTkF6-FZQ,48.8199885&2.3936463,2024-02-04T10:00:00.000Z,60,11.86,public,true,Détente,,cAvu5OqzdrY011LFD57S6e9Lfg03,12,12,3,0,0,0,0
FOtfBgwsqgEjkZEjdV8A,Testing Purposes,published,pro,,67.461524&-152.801377,2024-02-13T15:00:00.000Z,90,12,public,false,,,f2LrY7SAV3U1V9tUVAZfiMxA3uu1,0,10,0,0,0,0,0
FPFxMt4LJNGpwgOrHF4F,LE PARK Complexe Multisports,played,captain,ChIJMU8gErUJ5kcRSnpvacKwFtM,48.71189589999999&2.5771181,2024-01-22T20:30:00.000Z,90,15,public,false,Détente,,Gx04ZxR4hlda7mFV4XiWZKffbmJ2,10,10,1,0,0,0,1
FPVCr1q6SjvQbcSQdjMs,LE FIVE Montreuil,published,pro,,48.8613036&2.4653095,2024-02-01T22:00:00.000Z,60,8,public,false,,,u9uC1vjdcdQ3UqNxI0SiFxor0m43,0,10,0,0,0,0,0
FQ2Qs7ziYAABvptXK7xl,LE FIVE Paris 18,published,pro,,48.8978522&2.3700234,2024-01-29T21:20:00.000Z,90,10,public,false,,,UQf33jQhVZhle917nO0h7D5qclV2,5,10,0,0,0,0,3
FQkPtvsXQRhs9K14IwQw,Stadium Thiais,published,pro,ChIJ64X9jzx05kcRsHvSfOv6UcA,48.7511024&2.3713455,2024-01-26T17:00:00.000Z,90,14,public,false,,,psf3NmXEPwdCltHKJC7VuvJocrF3,0,10,0,0,0,0,1
FQx1ohKDeHGvdIy9VCjH,LE FIVE Montreuil,published,pro,,48.8613036&2.4653095,2024-03-01T09:00:00.000Z,90,10.5,public,false,,,u9uC1vjdcdQ3UqNxI0SiFxor0m43,0,10,0,0,0,0,0
FR6q61OD6J7RxatIjfFI,Play Soccer,played,captain,ChIJQ-UxZn-5rhIRKWoQydM5T9s,43.5512023&1.4098927,2024-01-21T18:00:00.000Z,90,12,public,false,,,pL0skPQs4CYYVXb682MCC9jXu8K2,10,10,2,0,0,0,1
FU9Sd7sRHQsP2qTfb1UL,BIG5,canceled,captain,ChIJsb_7TJFp5kcRSPL5VqZulr4,48.9901429&2.3617895,2024-01-20T19:00:00.000Z,90,13,public,false,Détente,3,C9SRMrcQ22WtsEqbmaxPpyB0gDn1,9,10,0,0,0,0,0
FUXAhfR0NtfPobEaXOxA,UrbanSoccer - Porte d'Aubervilliers,played,captain,ChIJ0dXjDCZs5kcRvX0EpMwxsUY,48.9074912&2.3746518,2024-01-20T11:15:00.000Z,60,,public,true,Détente,2,K7bVXCy0FsZbBN7mSRWW3Wy4y6P2,10,10,2,0,0,0,1
FVqi2DweHYrjIHPgEhq1,Speed Soccer Five,canceled,captain,ChIJ2xTNglV25kcR3UDi4AXGfDU,48.7360598&2.315058,2024-01-24T19:45:00.000Z,90,13,public,false,Détente,3,jeSxOGNZwXR3iuTx0hcSDPzLKIj1,10,10,0,0,0,0,0
FWEtLiuSmlde9jeS9baG,UrbanSoccer Meudon,canceled,captain,ChIJ0WKvjbh75kcRoqSmyWwW2jQ,48.80013599999999&2.2140811,2024-02-11T09:00:00.000Z,90,12,public,true,Détente,3,pKUpV9fs9cUPTM9JRbJOKm0SVor1,9,10,0,0,0,0,0
FWdgzaSj9XZsEzzqbEVU,Play Soccer,played,captain,ChIJQ-UxZn-5rhIRKWoQydM5T9s,43.5512023&1.4098927,2024-01-20T15:15:00.000Z,90,12,public,false,,,8LtkeOuZHeePxfkXdNPmQSr7V9L2,10,10,0,0,0,0,0
FXyer40WqCbY1z0pYAUt,UrbanSoccer - Lille Lezennes,canceled,captain,ChIJR3ro5nTWwkcRfM_S3Be9HjI,50.6162725&3.0998108,2024-01-24T17:00:00.000Z,60,10,public,true,Détente,3,kFviTZojbnNEYDIV8oxbUngNssX2,7,10,0,0,0,0,0
FZR4ZjxzyZTFsH3Go4IL,LE FIVE Villette,played,captain,ChIJTUFnQjps5kcR0pHITLTw1PI,48.9070122&2.3861459,2024-01-24T11:00:00.000Z,60,7,public,false,Compétition,,mhT59AVfAcbz8MNwdiRo05xPxc92,10,10,2,0,0,0,0
FbGP3rplsZj3yR09qE4I,KIPSTADIUM : Centre de Pratique dédié aux Sports Collectifs,published,captain,ChIJydcoT88ow0cRLnHvlF-Z_jE,50.708529&3.173304,2024-01-24T20:00:00.000Z,60,8,public,false,Compétition,3,hgObhGlaUIOFdJb14iIq8gOznr22,9,10,0,0,0,0,0
FbOJf4PbObxvAJCN2Edk,Top Ten,published,pro,,48.8729106&2.6840919,2024-01-31T22:00:00.000Z,90,16.5,public,false,,,i27253AGxOfXgYJK72sBnvUGuMk2,0,10,0,0,0,0,0
FcDPeBoMXhXcee2ueCB1,Stadium Thiais,published,pro,,48.7511024&2.3713455,2024-02-17T10:30:00.000Z,90,12,public,false,,,psf3NmXEPwdCltHKJC7VuvJocrF3,0,10,0,0,0,0,0
Fe3n9k4boXOtn8WtO4IW,LE FIVE Paris 13,published,captain,ChIJ_bOSChhz5kcRZMTeq_6Gdzg,48.8181615&2.3658793,2024-02-10T18:00:00.000Z,60,10,private,true,Compétition,,PeRItuU8N3fzr25fuj8hBKrfMJj2,1,10,0,0,0,0,0
FeWz4xcKFbXptANqAzUc,Tours Foot Indoor Ex Le Five,published,captain,ChIJ_W2Q_SPV_EcRj3zLt_rpEw4,47.4324282&0.6918124,2024-01-28T15:00:00.000Z,60,9,public,false,Détente,,5TkC1W2nHtNUIHsE46dkQuYfQAf1,5,10,0,0,0,0,0
FfgeJE93L3WSqBHpedvi,LE FIVE Paris 18,played,pro,,48.8978522&2.3700234,2024-01-31T16:00:00.000Z,60,5,public,false,,,UQf33jQhVZhle917nO0h7D5qclV2,10,10,7,0,0,0,8
FfxmRW3HoOCMkn1lYc78,Top Ten,published,pro,,48.8729106&2.6840919,2024-02-20T16:00:00.000Z,90,5,public,false,,,i27253AGxOfXgYJK72sBnvUGuMk2,0,10,0,0,0,0,0
FihIe10v2950Q8Y1egt7,LE FIVE Bezons,played,pro,,48.91909&2.2093051,2024-01-23T17:00:00.000Z,60,7,public,false,,,U3MriTZbPbTUEsU6RtRuHxDMKvg2,10,10,8,0,1,1,2
FkhqJxesLUJJ3MN8D9es,LE FIVE Villette,played,captain,ChIJTUFnQjps5kcR0pHITLTw1PI,48.9070122&2.3861459,2024-02-05T19:00:00.000Z,60,12,public,false,Compétition,2,3iBCKUmpEMTLAc8TwNoybwyE87L2,10,10,6,0,0,0,0
Fl2jt3hoHuKHER0Puh9h,Stade Makowski,played,captain,ChIJvShnxJpt5kcRwdqlaq1s3E0,48.9090365&2.436058,2024-01-31T18:50:00.000Z,90,,public,false,,5,FmWwP3CHDDPrKuS9tlikkebaorJ3,10,10,2,0,0,0,1
Fl5xoTPpcXKsaJBCOfp4,Top Ten,published,pro,ChIJfXprBx4b5kcRmhe-5pLZUek,48.8729106&2.6840919,2024-02-03T16:00:00.000Z,90,15,public,false,,,i27253AGxOfXgYJK72sBnvUGuMk2,0,10,0,0,0,0,0
FlPKoM6wpPMw7jS640iO,FOOT INDOOR Marseille,played,captain,ChIJ41AMCxC8yRIRLHLGt11sc-U,43.2859688&5.4882746,2024-02-11T09:00:00.000Z,60,10,private,false,Détente,2,p5RLJog4gzS5k9JJmj7fHkGw2fc2,10,10,1,0,0,0,0
FlXCwDVvl7J6Lw1gFikd,Speed Soccer Five,published,pro,ChIJ2xTNglV25kcR3UDi4AXGfDU,48.7360598&2.315058,2024-02-11T13:00:00.000Z,90,14,public,false,,,MkTJljXziPXBdRdijccndMLBNCC3,0,10,0,0,0,0,1
FlpLx0TOI6Ctv0HJHbhl,LE FIVE Paris 18,canceled,captain,ChIJpVT4_n1u5kcRzji6FdTBXXo,48.8978522&2.3700234,2024-01-24T17:30:00.000Z,60,14,public,true,Détente,3,0YN2TRr6HsMUThzVodf9VX7RmX13,6,10,0,0,0,0,0
FluMik7XEC6mcxSTgTRh,Top Ten,published,pro,,48.8729106&2.6840919,2024-03-01T21:30:00.000Z,90,16.5,public,false,,,i27253AGxOfXgYJK72sBnvUGuMk2,0,10,0,0,0,0,0
FmH4GIrmsPwzwh2cqGgo,Footbox,published,pro,,48.9022789&2.582647,2024-03-13T21:00:00.000Z,60,10,public,false,,,QI89VPazyLhBVnWH871jk4BUEZI3,0,10,0,0,0,0,0
Fmmi9Lzia3azg8xcS6iK,Footbox,published,pro,,48.9022789&2.582647,2024-03-03T22:00:00.000Z,60,10,public,false,,,QI89VPazyLhBVnWH871jk4BUEZI3,0,10,0,0,0,0,0
FnziApvOW105DeijWIOs,Stadium Thiais,played,pro,ChIJ64X9jzx05kcRsHvSfOv6UcA,48.7511024&2.3713455,2024-02-07T18:00:00.000Z,90,15,public,false,,,psf3NmXEPwdCltHKJC7VuvJocrF3,10,10,6,0,0,1,1
FpWHqk4UAp5AjbYhbPVT,LE FIVE Paris 18,published,pro,,48.8978522&2.3700234,2024-02-28T21:20:00.000Z,90,10,public,false,,,UQf33jQhVZhle917nO0h7D5qclV2,0,10,0,0,0,0,0
FpxYGzZ52a8LdcvNinpu,Stadium Thiais,played,captain,,48.7511024&2.3713455,2024-01-28T09:30:00.000Z,90,,public,false,Détente,4,j4TCv8wzcMTA0fuypF5WowE6Rcn2,10,10,1,0,0,0,0
FqPFIz9Yfqj21cE0viwI,Play Soccer,published,captain,ChIJQ-UxZn-5rhIRKWoQydM5T9s,43.5512023&1.4098927,2024-01-28T18:00:00.000Z,90,12,public,false,,,8LtkeOuZHeePxfkXdNPmQSr7V9L2,1,10,0,0,0,0,0
Fr5CMLBUy9nAyPLI7bo2,Gymnase Rosalind Franklin,played,captain,ChIJeUB7Xqlz5kcR_akj6eEkBmk,48.8095385&2.4035959,2024-02-11T09:30:00.000Z,150,,public,false,Compétition,2,R8XVkwyGMWhvuh2ru7UHnm5exw32,10,10,9,0,0,0,5
FshOa15iGaW3xyPzeDLd,LE FIVE Montreuil,published,pro,,48.8613036&2.4653095,2024-02-07T22:00:00.000Z,60,8,public,false,,,u9uC1vjdcdQ3UqNxI0SiFxor0m43,2,10,0,0,0,0,0
FssP7pnqYnUe39VqeqmR,UrbanSoccer - Porte d'Aubervilliers,played,captain,ChIJ0dXjDCZs5kcRvX0EpMwxsUY,48.9074912&2.3746518,2024-01-29T20:00:00.000Z,60,15,public,true,Competition,4,Bb8CnzMQa9e0daLO2PE9zdoSwwx1,10,10,2,0,0,0,0
FtIGlfqzvk2YdyTvWBIZ,Footbox,published,pro,,48.9022789&2.582647,2024-03-09T16:00:00.000Z,60,10,public,false,,,QI89VPazyLhBVnWH871jk4BUEZI3,0,10,0,0,0,0,0
FtvllVN7Ui76eO9L07cI,Stade de la Poterne,canceled,captain,ChIJNX0GHvZ35kcRwSp1zW1FHl8,48.7354688&2.270022,2024-02-04T12:00:00.000Z,90,,public,false,Compétition,5,u2IIueY4OPaa2HVb0OEGCQ0BOpI3,21,22,0,0,0,0,1
FuP1csXGgzgGhikiui0B,UrbanSoccer Orsay,canceled,captain,ChIJpZIJg7J45kcRrKWKhtbfnEQ,48.70829&2.17794,2024-02-01T17:30:00.000Z,90,15,public,true,Détente,3,jQH7GNNj2OWXNcYzoBtSBMwtKcA2,9,10,0,0,0,0,0
Fuo3YdQKvuj6dypU3OyB,LE FIVE Bobigny,published,pro,,48.901553&2.4313304,2024-03-12T17:00:00.000Z,60,8,public,false,,,4owi3i7t8EOvFNF6UQvACOpiDRy1,0,10,0,0,0,0,0
FvEvH6J0rbaIIvpt7hcJ,Game 13 foot indoor,canceled,captain,ChIJNSDvlsXryRIRUXao9hwB79I,43.41258939999999&5.366617,2024-01-26T20:30:00.000Z,60,10,public,false,Détente,3,tNI5PAPgX0MDq6T4GlwP3d2ndaO2,6,10,0,0,0,0,0
FvWiCzNst2tRaqpeL2SU,Stade Municipal Jean-Pierre Garchery,played,captain,ChIJQ4A-SikN5kcROEZUArQHPcs,48.8182515&2.4585413,2024-02-12T19:00:00.000Z,120,,public,false,Détente,2,uptMO8xQ6bZfp7VWheo112pYovE3,14,14,4,0,0,0,2
Fw0Frn97DwoBZSW3r7wl,Stadium Thiais,published,pro,,48.7511024&2.3713455,2024-01-31T15:00:00.000Z,90,8,public,false,,,psf3NmXEPwdCltHKJC7VuvJocrF3,0,10,0,0,0,0,0
FwruUbIVnPsp5oxQ2rTY,LE FIVE Paris 17,played,captain,ChIJ7eI8sFNv5kcR5xy52Wc57NU,48.900032&2.3213449,2024-01-30T20:00:00.000Z,60,12,public,true,Détente,2,HONa6lzVLlRDmvLLv6jNeP9hiT42,10,10,3,0,0,0,0
FxQcpid1bLAg5FCDYzfC,UrbanSoccer Guyancourt,played,captain,ChIJmdX-2c-A5kcRj1wtOS8rZmo,48.7722091&2.0600292,2024-01-28T16:00:00.000Z,90,15,public,true,Détente,3,BBlUeTWRF3cmuyewjkB7kaHXHcA3,10,10,0,0,0,0,2
G07jX0MfZHZcW1nbIGT2,Foot POWER 5,canceled,pro,,48.960066&2.2061913,2024-02-25T08:00:00.000Z,90,10,public,false,,,sss3dYi6nzWd7rEjwcQ30LGKudj1,0,10,0,0,0,0,0
G0ZJsGJR9JHtyfgamm87,LE FIVE Bezons,published,captain,ChIJ71Mv0Wpk5kcRg-H9x7L-dXo,48.9190524&2.211796,2024-02-13T20:00:00.000Z,90,16.5,public,true,Compétition,4,15pEvpHweXfnxDL8ATa1pVPClsG2,9,10,0,0,0,0,0
G0rpkfWajsNPrI7xei0x,Stadium Thiais,published,pro,ChIJ64X9jzx05kcRsHvSfOv6UcA,48.7511024&2.3713455,2024-01-25T18:00:00.000Z,90,15,public,false,,,psf3NmXEPwdCltHKJC7VuvJocrF3,0,10,0,0,0,0,2
G1DdloW01Kwfv1tXaJwf,Lille Football Faubourg de Bethune,played,captain,ChIJgUO_inLVwkcR9OZ3Xp9c_v0,50.62148730000001&3.0386445,2024-02-08T18:30:00.000Z,120,2,public,false,Détente,2,zjy5cuJtnGeiJ4QHpaZDAoTpGUJ2,16,16,8,0,0,0,3
G3BNv8zdtZBm27Lzw5LR,LE FIVE Montreuil,published,pro,,48.8613036&2.4653095,2024-02-10T17:30:00.000Z,90,15,public,false,,,u9uC1vjdcdQ3UqNxI0SiFxor0m43,0,10,0,0,0,0,0
G3KRQMeyLh2MOw8N53UP,Antony,played,captain,ChIJf8cFRhF35kcR0D6LaMOCCwQ,48.759255&2.302553,2024-01-28T10:30:00.000Z,90,,public,false,Détente,3,Dohg1zNvhsbmGrYuAmExKFyjruw2,10,10,4,0,3,0,2
G3w6fjDThHTbbn2FseQG,Foot-Max Argenteuil,hidden,pro,ChIJi9oIzaRm5kcRJYcK7QsdRMU,48.9501632&2.2093946,2024-02-10T13:00:00.000Z,120,16,public,false,,,SuEnyPZ4TgNIkt1yap2yJ3ZHO6p1,0,10,0,0,0,0,0
G6gEPGVjgEGmtTaaHV8G,Foot POWER 5,canceled,pro,,48.960066&2.2061913,2024-02-28T21:30:00.000Z,90,7,public,false,,,sss3dYi6nzWd7rEjwcQ30LGKudj1,0,10,0,0,0,0,0
G7nZxi9WfgonTI79Y8SO,LE FIVE Paris 18,played,pro,ChIJpVT4_n1u5kcRzji6FdTBXXo,48.8978522&2.3700234,2024-01-20T12:30:00.000Z,90,10,public,false,,,UQf33jQhVZhle917nO0h7D5qclV2,10,10,5,0,0,0,9
G7yOhHlZAz1t1jI3lVPD,Game 13 foot indoor,canceled,captain,ChIJNSDvlsXryRIRUXao9hwB79I,43.41258939999999&5.366617,2024-01-27T18:30:00.000Z,60,10,private,false,Détente,3,juz2BbuxLyRvbCtYTnBYwEkvd1x1,1,10,0,0,0,0,0
G81QzbOQZPHwxr8FjE1t,UrbanSoccer - Quai d'Ivry,published,captain,ChIJfXxYJ0xy5kcRw9xTkF6-FZQ,48.8199885&2.3936463,2024-02-13T17:30:00.000Z,60,12.5,public,true,Détente,2,SuFK9vIGNqY0CtJ9pwGshgAb8GX2,9,10,0,0,0,0,0
GA0wDYULmMe0Yo8hR6e8,LE FIVE Montreuil,played,captain,ChIJJdTQjr0T5kcRZmGxtIJVy44,48.8607303&2.4650432,2024-02-06T19:00:00.000Z,90,7,public,false,Détente,3,f5iETGEIlxVWFQdhsomTaTTJdfk1,10,10,2,0,0,0,3
GAIiXSLEmTm2AkX3viqU,Top Ten,published,pro,,48.8729106&2.6840919,2024-01-24T21:30:00.000Z,90,16.5,public,false,,,i27253AGxOfXgYJK72sBnvUGuMk2,0,10,0,0,0,0,1
GAzbxZXWBEeWJlzXaXD7,Parc de Choisy,canceled,captain,ChIJ7RWNzpZ05kcRTkknDj8Df-I,48.7664003&2.4305572,2024-01-29T22:00:00.000Z,30,20,public,false,Compétition,3,KlMcJaT6KkMas65JzGqEHQpVI172,14,14,0,0,0,0,0
GBDCf1fx99BqAKzRtuwU,UrbanSoccer - Asnières,played,captain,ChIJi5LkLT9v5kcRSlhScqEFNWs,48.92192379999999&2.3068311,2024-01-23T20:30:00.000Z,90,12,public,true,Détente,2,gJAtl0HWuZZ6kXF7wOIxiq3coLq1,10,10,3,0,0,0,0
GCUTDkpYlcnY1eMNlqJd,Classico Foot,played,captain,ChIJFV442oCxrhIRgsZy5aIbkNs,43.5945434&1.2911399,2024-01-28T19:00:00.000Z,60,8,public,false,Compétition,3,1ZYZDZ2TV5doCKQ610CkiGN0K9R2,10,10,3,0,0,0,1
GDQFSa00chTyhOILBFz0,Top Ten,played,pro,,48.8729106&2.6840919,2024-01-25T16:00:00.000Z,90,5,public,false,,,i27253AGxOfXgYJK72sBnvUGuMk2,10,10,9,0,1,0,8
GEtLZ3avxoKqENuCQBS7,Academie Football d'Epinay-sur-Seine,published,captain,ChIJYdsN3MNo5kcR4IWSVwl6DY0,48.953617&2.314163,2024-01-27T14:00:00.000Z,120,,public,false,Compétition,4,azrjxXQRgRUQmMaxkXK1jiGCVTf2,15,16,0,0,0,0,0
GF7e2MncypvePuzQUDmu,Play Soccer,played,captain,ChIJQ-UxZn-5rhIRKWoQydM5T9s,43.5512023&1.4098927,2024-01-22T20:30:00.000Z,90,10,public,false,,3,8LtkeOuZHeePxfkXdNPmQSr7V9L2,10,10,3,0,0,0,0
GFBGpDivzdMHjJRawKzn,Top Ten,published,pro,,48.8729106&2.6840919,2024-01-19T22:00:00.000Z,90,16.5,public,false,,,i27253AGxOfXgYJK72sBnvUGuMk2,0,10,0,0,0,0,0
GFyp1UGXKoV907TWZz0d,We Are Sports,canceled,captain,ChIJFZU5oBHC9EcRJTFrSkI1xxg,45.7113247&4.8761886,2024-01-21T19:45:00.000Z,60,10,public,false,Détente,3,i3k1cjFLMtbEoKDWBc8MNmFlbsB2,11,12,0,0,0,0,0
GG2WzpNzQOOT5rAJ5fUY,LE FIVE Montreuil,published,pro,,48.8613036&2.4653095,2024-02-19T22:00:00.000Z,60,8,public,false,,,u9uC1vjdcdQ3UqNxI0SiFxor0m43,0,10,0,0,0,0,0
GGKtOa7DPmRKBlG1Q69y,LE FIVE Montreuil,published,pro,,48.8613036&2.4653095,2024-03-06T09:00:00.000Z,90,10.5,public,false,,,u9uC1vjdcdQ3UqNxI0SiFxor0m43,0,10,0,0,0,0,0
GHBW4KbXJuRMFCLLl7uC,Speed Soccer Five,published,pro,,48.7360598&2.315058,2024-03-07T17:00:00.000Z,90,13,public,false,,,MkTJljXziPXBdRdijccndMLBNCC3,0,10,0,0,0,0,0
GI9W4O9MvY5pkOsOmOEn,LE PARK Complexe Multisports,played,captain,ChIJdUHbID8O5kcRV5lQhiHTvhs,48.8337843&2.5728501,2024-01-26T19:30:00.000Z,90,15,public,false,Détente,3,qOMnpGDGWgZyXxUkLhkzY0wKNrd2,10,10,4,0,0,0,1
GKBGqxa5jVewkvSklBSK,Play Soccer,canceled,captain,ChIJQ-UxZn-5rhIRKWoQydM5T9s,43.5512023&1.4098927,2024-02-06T18:30:00.000Z,90,15,public,false,,,pL0skPQs4CYYVXb682MCC9jXu8K2,9,10,0,0,0,0,0
GKXGgclyP7iuRDS7jZRN,Stadium Thiais,published,pro,ChIJ64X9jzx05kcRsHvSfOv6UcA,48.7511024&2.3713455,2024-02-02T18:00:00.000Z,90,15,public,false,,,psf3NmXEPwdCltHKJC7VuvJocrF3,0,10,0,0,0,0,1
GKljcuzYO1ULnSv6cHTQ,Stade de la Croix des Mèches,canceled,captain,ChIJUb_3hhwN5kcRBg5StcbsjgU,48.7871609&2.4510767,2024-02-09T09:00:00.000Z,120,,public,false,Chill,2,0B5E4O4kwNXCgX7kMyWRpMjb85G2,4,10,0,0,0,0,0
GMSAbzSkDB7jgQsRaENv,Top Ten,published,pro,,48.8729106&2.6840919,2024-02-23T16:00:00.000Z,90,5,public,false,,,i27253AGxOfXgYJK72sBnvUGuMk2,6,10,0,0,0,0,1
GNJl03yXXJFLpcdheKOr,Stadium Thiais,published,pro,ChIJ64X9jzx05kcRsHvSfOv6UcA,48.7511024&2.3713455,2024-02-11T19:30:00.000Z,90,15,public,false,,,psf3NmXEPwdCltHKJC7VuvJocrF3,0,10,0,0,0,0,0
GO1BiQtDjT0IFAGCuiqU,Stadium Thiais,played,pro,ChIJ64X9jzx05kcRsHvSfOv6UcA,48.7511024&2.3713455,2024-02-07T18:30:00.000Z,90,15,public,false,,,psf3NmXEPwdCltHKJC7VuvJocrF3,10,10,4,0,0,0,0
GP3RoMAnweZUSl3S7T3o,Stadium Thiais,published,pro,,48.7511024&2.3713455,2024-03-13T15:00:00.000Z,90,8,public,false,,,psf3NmXEPwdCltHKJC7VuvJocrF3,0,10,0,0,0,0,0
GPJJpUzOJhIZjpzwdAoo,UrbanSoccer - Porte d'Aubervilliers,canceled,captain,ChIJ0dXjDCZs5kcRvX0EpMwxsUY,48.9074912&2.3746518,2024-02-05T18:30:00.000Z,60,14,public,true,Détente,2,mDJ1XlTQcOhMTnHDxMKRTFyZLXG3,9,10,0,0,0,0,1
GPg8KLVtzT3YjzjDaKEw,LE FIVE Villette,played,captain,ChIJTUFnQjps5kcR0pHITLTw1PI,48.9070122&2.3861459,2024-02-07T18:00:00.000Z,60,12,public,false,Détente,2,ft0dr7tQK7hFTnq7HhQUbmuycWv2,10,10,3,0,0,0,1
GPh3Em7F6MeOn00vLJf2,LE FIVE Paris 18,canceled,captain,ChIJpVT4_n1u5kcRzji6FdTBXXo,48.8978522&2.3700234,2024-02-11T21:30:00.000Z,90,7.5,public,true,Compétition,4,mifKTQjEMzXB4O4DZHhBjdaHKWu2,9,10,0,0,0,0,0
GQQLnmt4IcdwLrOJao9S,Top Ten,published,pro,,48.8729106&2.6840919,2024-02-27T21:30:00.000Z,90,16.5,public,false,,,i27253AGxOfXgYJK72sBnvUGuMk2,0,10,0,0,0,0,0
GQY4nBPZFaMCxUHY5txz,LE PARK Complexe Multisports,played,captain,ChIJMU8gErUJ5kcRSnpvacKwFtM,48.71189589999999&2.5771181,2024-02-12T20:30:00.000Z,90,15,public,false,Détente,,Gx04ZxR4hlda7mFV4XiWZKffbmJ2,10,10,0,0,0,0,0
GQbciN5WvclFdbqSrXyh,Stadium Thiais,published,pro,ChIJ64X9jzx05kcRsHvSfOv6UcA,48.7511024&2.3713455,2024-02-09T14:00:00.000Z,90,15,public,false,,,psf3NmXEPwdCltHKJC7VuvJocrF3,0,10,0,0,0,0,0
GQyw5wtjZ7GZ7RBZYuOd,Centre Sportif Maryse Hilsz,played,captain,ChIJgY6iBYxt5kcRHD7TB4jAHV4,48.8520783&2.4128877,2024-01-25T11:30:00.000Z,150,,private,false,Compétition,5,1Fkzl7JONMQgLkuJEFE1meNaqUI2,16,16,0,0,0,0,0
GTRcZn3CSje1jLs0Wi8z,Top Ten,published,pro,,48.8729106&2.6840919,2024-02-26T21:30:00.000Z,90,16.5,public,false,,,i27253AGxOfXgYJK72sBnvUGuMk2,0,10,0,0,0,0,0
GU0EtUPjLEsMk1EKgAli,LE FIVE Villette,canceled,captain,ChIJTUFnQjps5kcR0pHITLTw1PI,48.9070122&2.3861459,2024-02-06T21:15:00.000Z,90,14,public,false,Compétition,,dR9DGAExS2bnE8EJH7hMM8YNaOX2,5,10,0,0,0,0,0
GUj7SB5b6DjzmVfIZqjl,Stadium Thiais,published,pro,,48.7511024&2.3713455,2024-03-04T18:00:00.000Z,90,15,public,false,,,psf3NmXEPwdCltHKJC7VuvJocrF3,0,10,0,0,0,0,0
GUwjizaceJpsiIQLLCfK,Stadium Thiais,published,pro,ChIJ64X9jzx05kcRsHvSfOv6UcA,48.7511024&2.3713455,2024-02-03T16:30:00.000Z,90,12,public,false,,,psf3NmXEPwdCltHKJC7VuvJocrF3,0,10,0,0,0,0,0
GVVioBsUopTqMP9qxHPR,Soccer Five,published,captain,ChIJp0K53sp55kcR61-WTU8Yv5k,48.7368129&2.2591558,2024-02-11T15:00:00.000Z,90,,public,false,Détente,2,Dohg1zNvhsbmGrYuAmExKFyjruw2,4,12,0,0,0,0,2
GWEIikayVQrCAm3jC08V,UrbanSoccer - Quai d'Ivry,played,captain,ChIJfXxYJ0xy5kcRw9xTkF6-FZQ,48.8199885&2.3936463,2024-02-03T14:00:00.000Z,90,12.5,public,true,Compétition,5,zVFyiSjFQpbquLDuUGOHWXNZO1w2,10,10,2,0,0,0,0
GX6Kp8Nwwd08VBgr2UDT,LE FIVE Carrières-sous-Poissy,published,captain,ChIJ9T4fWfyL5kcRCBX-FyZLvEE,48.9468171&2.0230552,2024-02-07T18:30:00.000Z,60,10,public,false,Compétition,3,h62E33HrMQPJ3gWgWKcnmyRZG002,9,10,0,0,0,0,0
GXXkR4k9JyzDIj5AN591,City stade de la Gravière,played,captain,ChIJlWwpFZnt9EcR8KsQCBd5CHQ,45.7315869&4.7791329,2024-02-04T08:45:00.000Z,90,,public,false,Détente,,w3AnX7uWgJc7BarLiBrWplP1RAV2,10,10,7,0,2,0,0
GXlCfeuPTFteuYTLhCFc,LE FIVE Carrières-sous-Poissy,canceled,captain,ChIJ9T4fWfyL5kcRCBX-FyZLvEE,48.9468144&2.0230574,2024-01-24T21:30:00.000Z,90,12,public,false,,3,Wy3wc8FHaCYWTvZWNBBuL5f6n6n2,9,10,0,0,0,0,0
GXpSqWnLOISwgrHMelpN,Stadium Thiais,published,pro,,48.7511024&2.3713455,2024-03-08T18:00:00.000Z,90,15,public,false,,,psf3NmXEPwdCltHKJC7VuvJocrF3,0,10,0,0,0,0,0
GXwVhDR6yDCwlFbUOJOp,LE FIVE Paris 18,played,pro,ChIJpVT4_n1u5kcRzji6FdTBXXo,48.8978522&2.3700234,2024-02-11T10:30:00.000Z,90,15,public,false,,,UQf33jQhVZhle917nO0h7D5qclV2,8,10,6,0,0,0,0
GYtdsLbyrEgR44ggFEY4,UrbanSoccer - Lille Lezennes,played,captain,ChIJR3ro5nTWwkcRfM_S3Be9HjI,50.6162725&3.0998108,2024-01-26T18:00:00.000Z,60,9.5,public,true,Compétition,5,asyivItgxqYg9dsrzz7eJ7yD1f43,10,10,2,0,0,0,0
GZCP6aly56yq5ul6Kbfz,UrbanSoccer La Défense,played,captain,ChIJh4rnfVhk5kcRV2Q-ZKdm8vA,48.8996456&2.2216773,2024-01-26T19:20:00.000Z,90,22,public,true,Détente,3,eKeDE0JjUIQhqn2mhkD9ouxWxfL2,10,10,3,0,0,0,0
GZLb7HUuaJH4OWZl8uWo,LE FIVE Paris 18,played,captain,ChIJpVT4_n1u5kcRzji6FdTBXXo,48.8978522&2.3700234,2024-01-24T20:30:00.000Z,60,14,public,true,Détente,2,f3AZt2jf8qQakm4AtYvFOLQvz3n2,10,10,0,0,0,0,1
GZxkEMLPHpQqdwQ5eY58,LE PARK Complexe Multisports,canceled,captain,ChIJdUHbID8O5kcRV5lQhiHTvhs,48.8337843&2.5728501,2024-01-29T16:30:00.000Z,90,10,public,false,Compétition,5,55P5dI8hIqhqQ7DhJ9gJ11ESHqr1,9,10,0,0,0,0,0
GZzmNlXAfC01ndTUoPvW,Top Ten,published,pro,ChIJfXprBx4b5kcRmhe-5pLZUek,48.8729106&2.6840919,2024-02-11T21:30:00.000Z,90,15,public,false,,,i27253AGxOfXgYJK72sBnvUGuMk2,0,10,0,0,0,0,0
Gabni5NAsau8tVnDyH5N,Play Soccer,played,captain,ChIJQ-UxZn-5rhIRKWoQydM5T9s,43.5512023&1.4098927,2024-01-26T11:15:00.000Z,60,8,public,false,Détente,,Yvo3t5cPGafDi62cTeU2baljxU82,10,10,4,0,0,0,2
GciYvYcpv9RRtoCLO1kI,UrbanSoccer - Toulouse Sept Deniers,played,captain,ChIJk5nUBdOkrhIRP-1aUJzo-lA,43.6321552&1.411696,2024-01-21T16:25:00.000Z,60,8.5,public,true,Détente,,gk5d16P1xMW94zEAk2jISvE0yCu1,10,10,3,0,0,0,0
GfJoBUfCozjg80sWHInk,Stadium Thiais,published,pro,,48.7511024&2.3713455,2024-03-08T17:00:00.000Z,90,14,public,false,,,psf3NmXEPwdCltHKJC7VuvJocrF3,0,10,0,0,0,0,0
GgH7xjtk4jP35ZeFjSxk,UrbanSoccer - Quai d'Ivry,played,captain,ChIJfXxYJ0xy5kcRw9xTkF6-FZQ,48.8199885&2.3936463,2024-02-01T14:30:00.000Z,90,11.25,public,true,Détente,2,uNifdNcuylVkaNareLqQpFCQwlM2,10,10,2,0,0,0,1
GgZoGa4jwGRFbkPURnqi,UrbanSoccer - Lyon Parilly,published,captain,ChIJx3FQWjLC9EcRrrQb2eV7i_4,45.7120399&4.9039284,2024-02-19T18:15:00.000Z,90,15,private,true,Détente,3,vENMZ1yaZJg7Ie8dtcOnOQInYJh2,5,10,0,0,0,0,0
Ggnf3vLXLce7g9jZdHaB,Massilia Foot Indoor 2,canceled,captain,ChIJxZ6UmMW-yRIRfYNGGPPJfIU,43.3266563&5.3836488,2024-01-26T18:00:00.000Z,60,10,public,false,Détente,2,E4hGFDeR8rPaVoZBlOQxP1Lz7zl1,1,10,0,0,0,0,0
GhWrD3T3tydmjy65LE7L,Parc Sainte Barbe,published,captain,ChIJtw301r5w5kcRvRjidiuAyaw,48.7922897&2.2913469,2024-01-24T11:00:00.000Z,90,,public,false,Détente,4,rzC8A0bd4afb9AWrHKlCPT9461y1,13,16,0,0,0,0,0
Gi9y8UOOGcBWnbYUnniF,Stadium Thiais,published,pro,,48.7511024&2.3713455,2024-02-10T18:00:00.000Z,90,15,public,false,,,psf3NmXEPwdCltHKJC7VuvJocrF3,8,10,0,0,0,0,0
GjWMHAkg4qICcJMCdio5,Stadium Thiais,published,pro,,48.7511024&2.3713455,2024-01-26T15:00:00.000Z,90,8,public,false,,,psf3NmXEPwdCltHKJC7VuvJocrF3,0,10,0,0,0,0,0
Gl1WYqsYBeLdiuBiKHju,LE FIVE Montreuil,published,pro,,48.8613036&2.4653095,2024-03-02T13:00:00.000Z,90,15,public,false,,,u9uC1vjdcdQ3UqNxI0SiFxor0m43,0,10,0,0,0,0,0
GnCNMD0kbDjMOxvNViAe,Stadium Thiais,published,pro,,48.7511024&2.3713455,2024-03-07T18:00:00.000Z,90,15,public,false,,,psf3NmXEPwdCltHKJC7VuvJocrF3,0,10,0,0,0,0,0
GnG1JCEgqADHfPyI8hwW,Stade Élisabeth,canceled,captain,ChIJkXj9tq5x5kcROlxynHzTh9o,48.8207737&2.3270972,2024-02-10T13:00:00.000Z,120,,public,false,Détente,3,XUPRr4JmHNSlftMt2gFq5Pkvy3q1,8,14,0,0,0,0,0
GnMdrpAF6YGcjf7CnFx9,Stadium Thiais,published,pro,,48.7511024&2.3713455,2024-02-15T16:30:00.000Z,90,10,public,false,,,psf3NmXEPwdCltHKJC7VuvJocrF3,0,10,0,0,0,0,0
Gq4vDwYe51OIWIJvmW8w,Footbox,published,pro,,48.9022789&2.582647,2024-02-16T18:00:00.000Z,60,10,public,false,,,QI89VPazyLhBVnWH871jk4BUEZI3,0,10,0,0,0,0,0
GrlcBe7c0pJJDyDAay0H,LE FIVE Marville - La Courneuve,published,pro,ChIJ2dHdMZxr5kcR0aKYHYsp0pY,48.9361223&2.3872592,2024-02-12T17:00:00.000Z,60,10,public,false,,,1GfAHFfqO6dOj37bPrTRuDS5gnk1,0,10,0,0,0,0,1
GsYLVyLF1NqU6lgOoHdZ,Classico Foot,played,captain,ChIJFV442oCxrhIRgsZy5aIbkNs,43.5945434&1.2911399,2024-02-05T19:00:00.000Z,60,9,public,false,Détente,,sh3Ti8wQWbeLpHkq0e0tZXci8IJ3,10,10,1,0,0,0,0
Gsrnlmzide4Bk2IUXS7Z,UrbanSoccer Nantes - Carquefou,published,captain,ChIJEWyPupv7BUgRBqnhym4EyLk,47.2875443&-1.4802803,2024-01-29T17:30:00.000Z,60,7.5,public,true,Détente,2,7Pg7T0duJGfhVdIrZxbRZ47qd2D2,7,10,0,0,0,0,0
GszTD9HoGBI2sOZ9wCal,Monclub Futbol,published,pro,ChIJGbxxaamUyRIRgGvhHnhJStA,43.4299152&5.4001974,2024-02-01T20:30:00.000Z,90,10,public,false,,,CSTy9rmJRQSyWlqWuGiUhGpAGqf2,0,10,0,0,0,0,0
GszXdra9701P8AXz1xPF,Cité des Sports,played,captain,ChIJ70UPf6R75kcRGb3NAV9k7Ww,48.8247744&2.2650728,2024-02-04T09:30:00.000Z,60,13,public,false,Détente,3,1Bz3p0ciXyRWXB2Di80CLRrog5b2,10,10,3,0,0,0,0
Gt6MMv649MbAljwKcnpw,Stade Jean-Pierre Wimille,played,captain,ChIJpROZRl9l5kcRIMxrDepRwGo,48.87414159999999&2.2772219,2024-01-26T11:00:00.000Z,90,,public,false,Détente,3,XnvW9brVmuclYXS7MIYBC1ThD8e2,18,18,4,0,0,0,0
GtoDKqRmaqRO6bbhwvZI,Foot POWER 5,canceled,pro,,48.960066&2.2061913,2024-02-13T21:30:00.000Z,90,7,public,false,,,sss3dYi6nzWd7rEjwcQ30LGKudj1,0,10,0,0,0,0,0
GueUZXDfP5hafFbU7S2F,LE FIVE Villette,played,captain,ChIJTUFnQjps5kcR0pHITLTw1PI,48.9070122&2.3861459,2024-01-23T19:00:00.000Z,60,12,public,false,Compétition,3,aO9kRtZGujUc5QCBZmkLkCdIe1I3,10,10,2,0,0,0,0
Gy0W0tDAjICWqLuqPXEJ,Centre Sportif Hautpoul,canceled,captain,ChIJ79fuL8Zt5kcRk9e1VH01h_U,48.8847213&2.3874252,2024-02-04T17:15:00.000Z,90,,public,false,Compétition,5,u1d5UxHx7maGj4sc4EU7rDuYr0p2,2,12,0,0,0,0,0
GyyAsVbhLtMqa3fELHJ8,Stadium Thiais,published,pro,,48.7511024&2.3713455,2024-01-29T15:00:00.000Z,90,10,public,false,,,psf3NmXEPwdCltHKJC7VuvJocrF3,0,10,0,0,0,0,0
Gz7PLqNLpd67eYKDo1Sv,Stade Élisabeth,played,captain,ChIJkXj9tq5x5kcROlxynHzTh9o,48.8207737&2.3270972,2024-02-04T08:00:00.000Z,150,2,public,false,Compétition,5,8i5faoQkJ4YSkhRB5skPBLiEh1G3,16,16,4,0,0,0,2
GzEVB1xTJuC0uQWA2MsH,LE FIVE Marville - La Courneuve,published,pro,ChIJ2dHdMZxr5kcR0aKYHYsp0pY,48.9361223&2.3872592,2024-01-30T11:00:00.000Z,60,7,public,false,,,1GfAHFfqO6dOj37bPrTRuDS5gnk1,0,10,0,0,0,0,0
GzhpxRlfIhe7mhaYl3U5,Top Ten,published,pro,,48.8729106&2.6840919,2024-02-21T22:00:00.000Z,90,16.5,public,false,,,i27253AGxOfXgYJK72sBnvUGuMk2,0,10,0,0,0,0,0
H1V0AK3B1P5dwHlSundj,Top Ten,published,pro,ChIJfXprBx4b5kcRmhe-5pLZUek,48.8729106&2.6840919,2024-01-27T11:00:00.000Z,90,15,public,false,,,i27253AGxOfXgYJK72sBnvUGuMk2,0,10,0,0,0,0,0
H2Qh6SLAAndClalPS7j3,Plaine des Jeux de Gerland,canceled,captain,ChIJBYG18IPp9EcRUNpTJFdu8f0,45.7213257&4.8272967,2024-01-23T17:30:00.000Z,90,,public,false,Compétition,3,5USGl81JMWeo3fNqNyx50I6L4992,4,10,0,0,0,0,0
H3gResvMgJ9sKcG6EUN1,LE FIVE La Rochelle,published,captain,ChIJAYcXu5xNAUgRiFOwJiUbggQ,46.16183179999999&-1.0915968,2024-01-21T17:30:00.000Z,60,9,public,false,Détente,2,l8O3eeXythY2Jqnr9VsOhiirdJP2,5,10,0,0,0,0,0
H3q0vi9VPLwxIgkBjvQx,Stadium Thiais,canceled,captain,ChIJ64X9jzx05kcRsHvSfOv6UcA,48.7511024&2.3713455,2024-01-21T11:30:00.000Z,90,15,public,false,,,T0gYd02mAcQ3nFRaDLdSQvaj8WW2,12,12,0,0,0,0,0
H3tj0ku1g2a2Z3pwUoIT,Stadium Thiais,published,pro,,48.7511024&2.3713455,2024-03-12T15:00:00.000Z,90,8,public,false,,,psf3NmXEPwdCltHKJC7VuvJocrF3,0,10,0,0,0,0,0
H48hrJRHzE9rXUqs0CLO,Stade de Foot André Robert,played,captain,ChIJaYV-Ok4d5kcRxzQr1RiT9DI,48.875595&2.7515223,2024-02-01T20:00:00.000Z,120,,public,false,Détente,3,oHZ6slylkVPuwodkOiA4R831Oyk1,16,16,3,0,0,0,2
H4sO97MmeWAdRyN9UOQE,LE FIVE Paris 17,played,pro,,48.900032&2.3213449,2024-01-30T16:00:00.000Z,60,5,public,false,,,V6mqbc9C8FNa1RQlUupjeoqOsZL2,10,10,9,0,0,0,3
H64iGnYk0C3MKCY7ZwHz,CA Romainville,published,captain,ChIJ6ZZX-Itt5kcRjhHfH1Jkgdc,48.8869386&2.4421851,2024-02-18T10:00:00.000Z,90,,public,false,Détente,3,lp3HxMszwUT4btAAKLAKDzNdP1j1,9,24,0,0,0,0,0
H8Iro4b2vmzLJN6o20TE,Footbox,published,pro,,48.9022789&2.582647,2024-03-10T16:00:00.000Z,60,10,public,false,,,QI89VPazyLhBVnWH871jk4BUEZI3,0,10,0,0,0,0,0
H8cegv1bRRJbYpd7uxz9,UrbanSoccer La Défense,played,captain,ChIJh4rnfVhk5kcRV2Q-ZKdm8vA,48.8996456&2.2216773,2024-02-03T11:15:00.000Z,60,12,public,true,Compétition,5,F2apfd0aUIbGx5SlnjRzaA8ckcc2,10,10,0,0,0,0,0
H99CTKWGdBYNzBxFWim2,LE FIVE Paris 18,played,pro,,48.8978522&2.3700234,2024-02-10T21:30:00.000Z,90,10,public,false,,,UQf33jQhVZhle917nO0h7D5qclV2,10,10,6,0,0,0,5
HAl49Fik54NIOwE0xpj9,Speed Soccer Five,published,pro,ChIJ2xTNglV25kcR3UDi4AXGfDU,48.7360598&2.315058,2024-02-11T09:30:00.000Z,90,14,public,false,,,MkTJljXziPXBdRdijccndMLBNCC3,1,10,0,0,0,0,0
HB4ouB8UGDl6m1fUcJqK,Parc Interdépartemental des Sports du Tremblay,played,captain,ChIJBVkfrQ4N5kcRGi-XnNQN_yo,48.8281085&2.491365,2024-01-28T14:00:00.000Z,90,,public,false,Compétition,,pKElqoFPmqUcPp7ox6TyRmakNoU2,14,14,1,0,1,1,2
HBErRFzJdaIcpvgYNPvS,STADIUM FOOT 5 VILLAGE,played,captain,ChIJbbOWFtC4yRIR0WXVerbWmnE,43.269413&5.4260321,2024-02-08T19:00:00.000Z,60,10,public,false,Détente,3,MKjoGJESIIfNKw5sH93VODBuvLv2,10,10,0,0,1,0,0
HBj9VwQKsWD8d7GWZnIx,Play Soccer,played,captain,ChIJQ-UxZn-5rhIRKWoQydM5T9s,43.5512023&1.4098927,2024-01-30T17:00:00.000Z,90,13.5,public,false,,3,9ndPGsv3ksOJZ0heACZG2NFpVq43,10,10,3,0,0,0,0
HCrUJSwsrmtLhcmDJ5jW,Play Soccer,published,captain,ChIJQ-UxZn-5rhIRKWoQydM5T9s,43.5512023&1.4098927,2024-01-25T21:00:00.000Z,60,9,public,false,,3,8LtkeOuZHeePxfkXdNPmQSr7V9L2,5,10,0,0,0,0,0
HDKwHTcXhhYPDbCSYtEz,LE FIVE Paris 18,published,captain,ChIJpVT4_n1u5kcRzji6FdTBXXo,48.8978522&2.3700234,2024-02-05T20:30:00.000Z,90,21,public,true,Détente,2,UvX4l0Dr18XBuh5rXHc2TfOn5Jo2,5,10,0,0,0,0,2
HFyx4IMxbVltei4gJunH,UrbanSoccer - Porte d'Aubervilliers,played,captain,ChIJ0dXjDCZs5kcRvX0EpMwxsUY,48.9074912&2.3746518,2024-01-24T18:15:00.000Z,60,15,public,true,Détente,3,a6SrtTH0xyPJNOl1eSB47EmHXBC3,10,10,1,0,0,0,3
HGTid0KXVqUZ1uKOdINY,Stadium Thiais,published,pro,,48.7511024&2.3713455,2024-03-02T13:00:00.000Z,90,12,public,false,,,psf3NmXEPwdCltHKJC7VuvJocrF3,0,10,0,0,0,0,0
HHuK7nACPzp6O2lOckos,Play Soccer,played,captain,ChIJQ-UxZn-5rhIRKWoQydM5T9s,43.5512023&1.4098927,2024-02-08T19:30:00.000Z,60,10,public,false,,,8LtkeOuZHeePxfkXdNPmQSr7V9L2,10,10,1,0,0,0,0
HIi7ntMImYuNG3sIQd6q,LE FIVE Montreuil,published,pro,,48.8613036&2.4653095,2024-02-02T09:00:00.000Z,90,10.5,public,false,,,u9uC1vjdcdQ3UqNxI0SiFxor0m43,0,10,0,0,0,0,0
HIwMk5OPzY3RbNVp7oFq,Olive et Tom Foot,canceled,captain,ChIJM91frs_gyRIR0DmRNXYM0hc,43.3955137&5.1351071,2024-01-25T19:00:00.000Z,60,8,public,false,Détente,,MAxAjaxaVBcrZxhfv9Ub6QK84xE3,5,10,0,0,0,0,0
HJyokMpQfeLLOTOOsfot,Stadium Thiais,published,pro,,48.7511024&2.3713455,2024-02-25T09:30:00.000Z,90,15,public,false,,,psf3NmXEPwdCltHKJC7VuvJocrF3,0,10,0,0,0,0,0
HKDGCEIDwh65RqXjGLng,Cité des Sports,canceled,captain,ChIJ70UPf6R75kcRGb3NAV9k7Ww,48.8247744&2.2650728,2024-01-24T11:30:00.000Z,60,13,public,false,Détente,3,7V2VB8gcwKTjDpHEBZAUtfMvv4A3,9,10,0,0,0,0,0
HKzWCrxA0DL6Wgh6zNVd,LE FIVE Bobigny,published,captain,ChIJV8UONORs5kcRXxR5Qd7x130,48.901553&2.4313304,2024-02-03T11:00:00.000Z,90,5,public,false,,5,IrycsLN0nfbEwrTkcmIiWaBwEKr1,9,10,0,0,0,0,5
HKzrmf5qV4L3dAfttmxt,Monclub Futbol,played,captain,ChIJGbxxaamUyRIRgGvhHnhJStA,43.4299152&5.4001974,2024-01-23T19:00:00.000Z,60,10,public,false,Détente,3,nxPNmtMLqxSZHx7hbX45VPndE5n1,10,10,2,0,0,0,0
HLNJnIgo1GQelWnIiY6I,Top Ten,played,captain,ChIJfXprBx4b5kcRmhe-5pLZUek,48.8729106&2.6840919,2024-02-04T20:20:00.000Z,90,15,public,false,Compétition,3,J0VjxiqUXFOxIjV4d6VIUY1mM582,10,10,1,0,0,0,1
HNS1Af14WrViw9lIgl3v,LE FIVE Bobigny,published,pro,,48.901553&2.4313304,2024-03-06T17:00:00.000Z,60,8,public,false,,,4owi3i7t8EOvFNF6UQvACOpiDRy1,0,10,0,0,0,0,0
HOYpIyjWpojCjoob2YIx,Game 13 foot indoor,played,captain,ChIJNSDvlsXryRIRUXao9hwB79I,43.41258939999999&5.366617,2024-01-29T18:30:00.000Z,60,10,public,false,Détente,3,tNI5PAPgX0MDq6T4GlwP3d2ndaO2,10,10,4,0,0,0,2
HOlTjeKwqq5GXEa6BY6F,Classico Foot,canceled,captain,ChIJFV442oCxrhIRgsZy5aIbkNs,43.5945434&1.2911399,2024-01-22T19:00:00.000Z,60,9,public,false,Détente,,sh3Ti8wQWbeLpHkq0e0tZXci8IJ3,10,10,0,0,0,0,1
HPeqKcF7eFMivNgmsbg3,Testing Purposes,published,pro,,67.461524&-152.801377,2024-03-12T15:00:00.000Z,90,12,public,false,,,f2LrY7SAV3U1V9tUVAZfiMxA3uu1,0,10,0,0,0,0,0
HPmNHJ7XWVsGtT0VIHP4,UrbanSoccer Evry,canceled,captain,,48.6286849&2.4066366,2024-01-30T19:15:00.000Z,90,15,public,true,Compétition,4,oLPDuIoiNaRPJRshKRx6EQzSHzE3,8,10,0,0,0,0,0
HPsznyjjI7Vgok8BLOxf,LE FIVE Bobigny,published,pro,,48.901553&2.4313304,2024-02-14T17:00:00.000Z,60,8,public,false,,,4owi3i7t8EOvFNF6UQvACOpiDRy1,1,10,0,0,0,0,1
HPwZ609FNoDkPVyOyh1s,Top Ten,published,pro,,48.8729106&2.6840919,2024-02-16T21:30:00.000Z,90,16.5,public,false,,,i27253AGxOfXgYJK72sBnvUGuMk2,0,10,0,0,0,0,0
HQ7XBOdApPrzj337JAgK,UrbanSoccer - Lille Bondues,played,captain,ChIJ58ZerMgrw0cR2Jyp7tZjBn4,50.6913774&3.0860264,2024-01-30T19:00:00.000Z,60,11,public,true,Détente,3,GlSaj2QmyFgb8leAblrirTixsGk1,10,10,0,0,0,0,0
HRqfXqgTBCozsSmwwqmX,Spot FUTSAL,published,captain,ChIJwdUawmfVwkcRaNLo_CmNii0,50.6106345&3.0624494,2024-02-14T11:30:00.000Z,60,8,public,false,Détente,3,gfILmO9T1NeMOTv4o7N7douAlOX2,6,8,0,0,0,0,0
HSliR5rVyJfU6B07Gjqj,LE FIVE Sarcelles,published,captain,ChIJ6_q3Fxhq5kcRCpoEwnoXX1Q,48.99782219999999&2.3902225,2024-01-23T19:45:00.000Z,90,13,public,false,Détente,2,teJWyUweiHbF7gi2wai3tq2vDQI3,5,10,0,0,0,0,0
HSzf3R502MTY9OSYoKpD,UrbanSoccer Evry,canceled,captain,ChIJW0Ut1G7e5UcRt621n2fRQ5M,48.6286849&2.4066366,2024-01-26T19:00:00.000Z,60,11,public,true,Détente,3,IwzovEZoTicxHMxzoV0T4Oy3QS13,10,10,0,0,0,0,0
HWBKzEDl69qm7dehz7gH,Stadium Thiais,played,pro,,48.7511024&2.3713455,2024-01-21T09:30:00.000Z,90,15,public,false,,,psf3NmXEPwdCltHKJC7VuvJocrF3,10,10,10,0,0,0,2
HWkj2JSiK3gosr55URVJ,Stade Robespierre,published,captain,ChIJrSdPdLpk5kcRTIf7gmbAvcU,48.8692482&2.2034218,2024-02-10T13:00:00.000Z,120,5,public,false,Compétition,,P2fpoPcsJ3ZKgVNv94Q8rJ8w4Zd2,2,10,0,0,0,0,0
HXZcohDUmFSyqxThlJfN,Centre Sportif Lionel Terray,played,captain,ChIJo7Jtup935kcRUd9lcEtEKzc,48.7349914&2.287439,2024-02-11T08:30:00.000Z,90,10,public,false,Détente,3,Dohg1zNvhsbmGrYuAmExKFyjruw2,10,10,0,0,0,0,0
HY3qJ3BCc2lSjE6tXZF6,UrbanSoccer - Quai d'Ivry,played,captain,ChIJfXxYJ0xy5kcRw9xTkF6-FZQ,48.8199885&2.3936463,2024-01-30T19:10:00.000Z,60,14.5,public,true,Détente,,S71HT4B9vYRVhIGbXMjNqkRnsfx1,10,10,4,0,0,0,0
HYurWMQFnNEVwjKotm0c,Play Soccer,canceled,captain,ChIJQ-UxZn-5rhIRKWoQydM5T9s,43.5512023&1.4098927,2024-02-09T19:00:00.000Z,90,9,public,false,,,8LtkeOuZHeePxfkXdNPmQSr7V9L2,5,10,0,0,0,0,0
HdsVq3J82JeLIsNc4I8l,LE FIVE Paris 18,played,pro,,48.8978522&2.3700234,2024-02-06T16:00:00.000Z,60,5,public,false,,,UQf33jQhVZhle917nO0h7D5qclV2,10,10,9,0,0,0,3
HeoNQgBXFHGSYsH1nOrk,B14 - Sports et Loisirs Indoor,canceled,captain,ChIJaeLKMYXe5UcRHyWJ8X8FaPA,48.62229&2.3800445,2024-01-21T09:20:00.000Z,90,13,public,false,Détente,2,zp999hdX2xcim3gFNTmYQAfxT003,3,10,0,0,0,0,1
HhShQAw5c958EOiTzh6R,UrbanSoccer Meudon,played,captain,ChIJ0WKvjbh75kcRoqSmyWwW2jQ,48.8001204&2.2140771,2024-02-01T20:00:00.000Z,90,17.25,public,true,Détente,3,4bYlzSvfLEgYWiyH0mjE1sQFnKs1,10,10,3,0,0,0,0
HhcrtkHPUsT22M5JiZJR,LE FIVE Bezons,played,pro,,48.91909&2.2093051,2024-02-07T16:30:00.000Z,90,10.5,public,false,,,U3MriTZbPbTUEsU6RtRuHxDMKvg2,10,10,6,0,0,0,1
HhtMhGBfwVQ4XQFbviIb,LE FIVE Champigny,published,pro,,48.8194084&2.5251846,2024-02-01T17:00:00.000Z,60,11,public,false,,,evlV9mUgATYQ5343zpYZvk4w0r03,0,10,0,0,0,0,0
HhwXL2NoTvBQoTOV3H9E,LE FIVE Montreuil,published,captain,ChIJJdTQjr0T5kcRZmGxtIJVy44,48.8607303&2.4650432,2024-02-02T11:00:00.000Z,60,7,public,false,Détente,3,bCrQ5mXqWnTvpDESyKrIuAZjDuR2,7,10,0,0,0,0,0
HisJdS98pOdgLEPOSRMW,LE FIVE Paris 18,canceled,captain,ChIJpVT4_n1u5kcRzji6FdTBXXo,48.8978522&2.3700234,2024-02-14T19:30:00.000Z,60,9.8,public,true,Compétition,4,MlD2gvyrMkb6Zer6xpQMbY7InXu2,4,10,0,0,0,0,0
HjTk8HcCgPyMPCZ4ynaS,UrbanSoccer - Toulouse Montaudran,played,captain,ChIJl772e0u8rhIR2foRX4Xa2CI,43.574642&1.4801835,2024-02-02T17:30:00.000Z,60,8.5,public,true,Détente,3,avKJSzRSupMiFKc3xCym3DTQFL33,10,10,2,0,0,0,0
HjVoYXgnZQcBCJb33ApX,LE FIVE Paris 17,published,pro,,48.900032&2.3213449,2024-02-23T16:00:00.000Z,60,5,public,false,,,V6mqbc9C8FNa1RQlUupjeoqOsZL2,4,10,0,0,0,0,0
HjoEIb6Hu0GYAO72cbRu,Footbox,published,pro,,48.9022789&2.582647,2024-03-11T22:00:00.000Z,60,10,public,false,,,QI89VPazyLhBVnWH871jk4BUEZI3,0,10,0,0,0,0,0
HmzMqcxQxcYnDnQ1S27h,LE FIVE Champigny,published,pro,,48.8194084&2.5251846,2024-02-03T18:00:00.000Z,60,11,public,false,,,evlV9mUgATYQ5343zpYZvk4w0r03,0,10,0,0,0,0,0
HoibmucBmao9MA9uiE6a,Play Soccer,played,captain,ChIJQ-UxZn-5rhIRKWoQydM5T9s,43.5512023&1.4098927,2024-02-01T20:30:00.000Z,60,9,private,false,Détente,3,Af44RHwPcucl1HAntfC5nyZhBc13,10,10,0,0,0,0,0
HomSQJMeebcQcg2fv10q,We Are Sports,played,captain,ChIJFZU5oBHC9EcRJTFrSkI1xxg,45.7113247&4.8761886,2024-02-07T18:00:00.000Z,60,10,public,false,Détente,2,ZvNgpRDShYb05TBD7NkwSqxgIP93,12,12,2,0,0,0,2
HsgXgW580InoNzFjAsaT,Footbox,published,pro,,48.9022789&2.582647,2024-03-09T15:00:00.000Z,60,10,public,false,,,QI89VPazyLhBVnWH871jk4BUEZI3,0,10,0,0,0,0,0
Hsp5ccMi1nRaQwiZSv9F,FOOT INDOOR Marseille,canceled,captain,ChIJ41AMCxC8yRIRLHLGt11sc-U,43.2859688&5.4882746,2024-02-01T18:00:00.000Z,60,10,private,false,Détente,3,cmVDMb6VD9XXHAmjCvhUY7Bqpmg1,4,10,0,0,0,0,0
HuAlZunr6mRvOOatwFtE,LE FIVE Paris 17,played,captain,ChIJ7eI8sFNv5kcR5xy52Wc57NU,48.900032&2.3213449,2024-02-06T17:00:00.000Z,60,12,public,true,Détente,3,QvUrUTP7mXcckBIrRrcJH2WTv4z2,10,10,0,0,0,0,1
HubnQTmxEiVj9BFj4Zdx,Massilia FIVE,published,captain,ChIJxZ6UmMW-yRIR7ot5DChYj4w,43.28920790000001&5.4503802,2024-02-12T18:00:00.000Z,60,10,public,false,Détente,2,mEyOtboVu2VwML4wfYYmzoDc4DF2,4,10,0,0,0,0,0
Hv0JURiHB6e7HNE02Xfx,Stadium Thiais,published,pro,,48.7511024&2.3713455,2024-03-01T17:00:00.000Z,90,14,public,false,,,psf3NmXEPwdCltHKJC7VuvJocrF3,0,10,0,0,0,0,0
Hv0myUtDjRsnLczJSe9y,Complexe Sportif Marcel Cerdan,played,captain,ChIJsxyEJH1w5kcRFlPyHFZfSzA,48.8143466&2.2897313,2024-01-27T11:00:00.000Z,120,,private,false,Détente,4,HeCZZMusbPhZEDKVPkS3TKkLtwu1,12,12,5,0,0,0,1
HvEEJmHZcwt5qhkvzgsw,Stade Georges Carpentier,published,captain,ChIJDcRAPQZz5kcRRfIYvk9rvQQ,48.8190383&2.3661251,2024-02-13T11:00:00.000Z,120,,private,false,Compétition,3,kRAf444M3RUd6EWIOWpKVKs78SI2,16,16,0,0,0,0,5
Hw5iLNTGYdjedeLXIicJ,UrbanSoccer - Puteaux,canceled,captain,ChIJM_sC0-Nk5kcRhL1y_EFIje8,48.8836397&2.2312283,2024-01-28T10:00:00.000Z,60,14,public,true,Détente,2,RcPMpaiNYWO2A0XT3oDvIgAXLwA2,4,10,0,0,0,0,0
HwwpyXByzpDA5w8IlSws,UrbanSoccer Evry,played,captain,ChIJW0Ut1G7e5UcRt621n2fRQ5M,48.6286849&2.4066366,2024-02-02T20:00:00.000Z,90,15,public,true,Competition,3,lppkOL9ay1VhR7EYSh39FXV8N1G3,10,10,0,0,0,0,1
Hwz11zhyrfgep3ANQBtW,LE FIVE Créteil,published,pro,,48.7643086&2.4706522,2024-02-20T16:00:00.000Z,60,7,public,false,,,ZmXMWx7aTdPoPkkGOWa2HIQVblq2,0,10,0,0,0,0,0
Hx4aoFbwp1FkQFh7Q7Pb,Top Ten,published,pro,ChIJfXprBx4b5kcRmhe-5pLZUek,48.8729106&2.6840919,2024-02-13T16:00:00.000Z,90,5,public,false,,,i27253AGxOfXgYJK72sBnvUGuMk2,0,10,0,0,0,0,1
HxjwESqW2s928Ic2qSGU,Parc Sainte Barbe,canceled,captain,ChIJtw301r5w5kcRvRjidiuAyaw,48.7922897&2.2913469,2024-01-26T13:00:00.000Z,90,,public,false,Détente,4,rzC8A0bd4afb9AWrHKlCPT9461y1,8,16,0,0,0,0,0
I0sCQd3fSPLVgrqamOds,Footbox,published,pro,,48.9022789&2.582647,2024-02-13T16:00:00.000Z,60,7,public,false,,,QI89VPazyLhBVnWH871jk4BUEZI3,0,10,0,0,0,0,0
I1uDyKJ3oGji2TJkwXkt,UrbanSoccer - Lille Lezennes,canceled,captain,ChIJR3ro5nTWwkcRfM_S3Be9HjI,50.6162725&3.0998108,2024-02-01T18:00:00.000Z,60,9,public,true,Détente,2,KoMMspPpOrQB6lklhBjC6eSYPZp2,4,10,0,0,0,0,0
I3ePuIo82jd0Zz8Roilx,Parc des Sports du Segrais,played,captain,ChIJ8bNaLq8F5kcREfqqOhsFDnk,48.8343265&2.6488423,2024-01-31T18:45:00.000Z,90,,public,false,Détente,3,ZW2XNVuf6cXIQekYAV97fQnjpTE3,12,12,3,0,0,0,0
I4rkmD4x02uHZYWTDxsU,LE FIVE Paris 18,canceled,captain,ChIJpVT4_n1u5kcRzji6FdTBXXo,48.8978522&2.3700234,2024-02-01T20:30:00.000Z,60,14,public,true,Détente,3,rLwbDNL6lWU50AjgiOw5X8KbSWA2,9,10,0,0,0,0,0
I575kHguHd0CjCasYEHx,Kinshasa,published,pro,,-4.3032527&15.310528,2024-03-01T15:30:00.000Z,90,11,public,false,,,zCvsukfMuuffsuPpSTQwb7MusMD2,0,10,0,0,0,0,0
I5O7X3X0svwcn9hq0PZD,LE FIVE Montreuil,published,pro,,48.8613036&2.4653095,2024-02-17T15:00:00.000Z,60,10,public,false,,,u9uC1vjdcdQ3UqNxI0SiFxor0m43,0,10,0,0,0,0,0
I5WLbd0RX0DuycmzOgKq,Game 13 foot indoor,canceled,captain,ChIJNSDvlsXryRIRUXao9hwB79I,43.41258939999999&5.366617,2024-02-04T19:00:00.000Z,60,10,public,false,Détente,4,RPwfyrL30dS1yvyJwGrn0z2HgSa2,10,10,0,0,0,0,1
I6kGo9qfEMIQSMF20WgW,LE FIVE Bobigny,published,pro,,48.901553&2.4313304,2024-03-05T22:00:00.000Z,60,8,public,false,,,4owi3i7t8EOvFNF6UQvACOpiDRy1,0,10,0,0,0,0,0
I72ozfIuVPsi9VKmqY6x,UrbanSoccer La Défense,played,captain,ChIJh4rnfVhk5kcRV2Q-ZKdm8vA,48.8996456&2.2216773,2024-01-24T11:00:00.000Z,60,,public,true,Détente,2,9CzhFBDYHWOniAx03TXvupsJDMu2,10,10,2,0,0,0,0
I84G2c2mDmlINRI5qKLo,LE FIVE Montreuil,published,pro,,48.8613036&2.4653095,2024-02-12T11:00:00.000Z,60,7,public,false,,,u9uC1vjdcdQ3UqNxI0SiFxor0m43,0,10,0,0,0,0,0
I9orDTf3PdXNAtctQghx,Game 13 foot indoor,played,captain,ChIJNSDvlsXryRIRUXao9hwB79I,43.41258939999999&5.366617,2024-01-27T18:30:00.000Z,60,10,public,false,Compétition,4,RPwfyrL30dS1yvyJwGrn0z2HgSa2,10,10,3,0,0,0,2
ICyp6EcJBgfYeUQuaxNu,Footbox,published,pro,,48.9022789&2.582647,2024-02-13T14:00:00.000Z,60,7,public,false,,,QI89VPazyLhBVnWH871jk4BUEZI3,0,10,0,0,0,0,0
IDcp0pmdgw96hZgFGElX,Parc Interdépartemental des Sports du Tremblay,played,captain,ChIJBVkfrQ4N5kcRGi-XnNQN_yo,48.8281085&2.491365,2024-02-06T14:30:00.000Z,120,,public,false,Compétition,4,JTh2SZwej6OVVpBqOfYOAb2cA1j1,18,18,10,1,1,0,3
IDtLcYWmRQCwudSrPcCL,LE FIVE Paris 17,played,captain,ChIJ7eI8sFNv5kcR5xy52Wc57NU,48.900032&2.3213449,2024-01-25T17:00:00.000Z,60,12,public,true,Détente,3,oNTcYU82AKTXil9LglbwfPlysMG3,10,10,3,0,0,0,1
IE99cvniPNuHocr3F8IV,Foot POWER 5,canceled,pro,,48.960066&2.2061913,2024-02-15T21:30:00.000Z,90,7,public,false,,,sss3dYi6nzWd7rEjwcQ30LGKudj1,0,10,0,0,0,0,0
IEXXUv5FiRSCIBuRuZKy,Play Soccer,played,captain,ChIJQ-UxZn-5rhIRKWoQydM5T9s,43.5512023&1.4098927,2024-02-04T12:00:00.000Z,60,8,public,false,Compétition,4,FTL8x7HcDKdotSu7Ve4etKLD5Bj1,10,10,6,1,0,0,0
IEqD5FNUfZTFa9396YJ8,Game 13 foot indoor,played,captain,ChIJNSDvlsXryRIRUXao9hwB79I,43.41258939999999&5.366617,2024-02-11T17:30:00.000Z,60,10,public,false,Détente,4,RPwfyrL30dS1yvyJwGrn0z2HgSa2,10,10,5,1,0,1,4
IHgfKK3UGJ3J6y35gBYJ,AO Cornebarrieu Football,canceled,captain,ChIJ83Gr8UiurhIR5_-oB7BTS4Q,43.6523248&1.3225273,2024-01-27T12:15:00.000Z,60,,public,false,Détente,2,TJ3KK3gAy4SMm6nEdRZLsCnI5Iy2,2,8,0,0,0,0,0
IJ85Eg8UuqLlhDzHTNgF,LE FIVE Montreuil,published,pro,,48.8613036&2.4653095,2024-03-09T17:30:00.000Z,90,15,public,false,,,u9uC1vjdcdQ3UqNxI0SiFxor0m43,0,10,0,0,0,0,0
IJBmTSuVfKM4UJHuGeTn,LE FIVE Carrières-sous-Poissy,published,captain,ChIJ9T4fWfyL5kcRCBX-FyZLvEE,48.9468171&2.0230552,2024-02-12T17:00:00.000Z,90,13,public,false,Détente,2,D20naCVMlGOUuXTHQ9LpZibXzpJ2,8,10,0,0,0,0,1
IJHCFQuWoUrGyFY3XJIS,Monclub Futbol,published,pro,ChIJGbxxaamUyRIRgGvhHnhJStA,43.4299152&5.4001974,2024-02-05T17:30:00.000Z,60,10,public,false,,,CSTy9rmJRQSyWlqWuGiUhGpAGqf2,0,10,0,0,0,0,1
IJcE8MbBrrC5oRkrAzpW,Top Ten,published,pro,,48.8729106&2.6840919,2024-02-10T15:30:00.000Z,90,15,public,false,,,i27253AGxOfXgYJK72sBnvUGuMk2,0,10,0,0,0,0,0
IJp7ms3vkByer9z4L33y,Top Ten,published,pro,,48.8729106&2.6840919,2024-02-15T16:00:00.000Z,90,5,public,false,,,i27253AGxOfXgYJK72sBnvUGuMk2,10,10,0,0,0,0,3
IKEZzelmxjDYfljn5Xgu,LE FIVE Montreuil,canceled,pro,,48.8613036&2.4653095,2024-02-09T22:00:00.000Z,60,8,public,false,,,u9uC1vjdcdQ3UqNxI0SiFxor0m43,7,10,0,0,0,0,0
IKeYIHjregDnc8vrWqDw,Play Soccer,played,captain,ChIJQ-UxZn-5rhIRKWoQydM5T9s,43.5512023&1.4098927,2024-01-30T18:30:00.000Z,90,13.5,public,false,,,8LtkeOuZHeePxfkXdNPmQSr7V9L2,10,10,0,0,0,0,0
IMW71rtDcuWebkWYJROY,Foot POWER 5,canceled,pro,,48.960066&2.2061913,2024-01-20T18:30:00.000Z,90,10,public,false,,,sss3dYi6nzWd7rEjwcQ30LGKudj1,0,10,0,0,0,0,0
INStmquwotLjmYPOdWn1,Complexe Sportif Charles Grimaud,played,captain,ChIJodsyOg9p5kcRRi_hYN-Q1y8,48.9713714&2.3446416,2024-01-29T19:00:00.000Z,120,,public,false,Détente,3,Y28xj0oJ2CUwy6OTadZPVgZjSjw1,16,16,3,0,0,0,1
INl5hzsHz8tn62r4cc2z,Stadium Thiais,published,pro,ChIJ64X9jzx05kcRsHvSfOv6UcA,48.7511024&2.3713455,2024-02-06T18:00:00.000Z,90,15,public,false,,,psf3NmXEPwdCltHKJC7VuvJocrF3,0,10,0,0,0,0,0
IOXc0Ci8efQJDCHj5vqX,LE FIVE Montreuil,published,pro,,48.8613036&2.4653095,2024-03-04T11:00:00.000Z,60,7,public,false,,,u9uC1vjdcdQ3UqNxI0SiFxor0m43,0,10,0,0,0,0,0
IOujxhdJ7bGecQlWefWM,Stade de foot Pompadour,published,captain,ChIJZWcRAWN15kcR0aRSqeWgmaI,48.773015&2.432866,2024-02-15T20:00:00.000Z,60,,public,false,Détente,,nX9BAR22HaZZjPTMNMrZRPyc39i2,8,10,0,0,0,0,0
IPcw6KuQOMjvv4tfI27S,Z5 Aix,canceled,captain,ChIJKb-U_9KSyRIRKIFKbH5mW18,43.4787869&5.3969048,2024-01-30T18:30:00.000Z,60,11,public,false,Détente,2,zBecm450FzNBdT72vr3EEt5KW983,9,10,0,0,0,0,0
IPnjCuNqqgrrdliTgy7L,UrbanSoccer - Quai d'Ivry,canceled,captain,ChIJfXxYJ0xy5kcRw9xTkF6-FZQ,48.8199885&2.3936463,2024-01-24T17:15:00.000Z,60,,public,true,Détente,3,jLy6kCWByuZCQLvp0I1vSR7YFJw1,9,10,0,0,0,0,0
IQ2U1x9rSvjUXvKhJPwP,LE FIVE Bezons,canceled,captain,ChIJ71Mv0Wpk5kcRg-H9x7L-dXo,48.9190524&2.211796,2024-02-10T17:00:00.000Z,90,13.5,public,true,Détente,,HEcA8G5vxTXENk5BOxw5DSIYI5r2,4,10,0,0,0,0,0
IQKO2p3J4ty2mgE5qfys,UrbanSoccer - Lyon Barolles,canceled,captain,ChIJN4l-IC3v9EcRf9QJKIVC_aY,45.6837539&4.7725939,2024-01-21T09:00:00.000Z,60,8.5,public,true,Détente,3,ApkF6TnH1WVMKvZT3WBIsSz4ZeW2,5,10,0,0,0,0,0
IRFjwatzbr4y7CRIrqPs,Centre Sportif Jules Noël,canceled,captain,ChIJWZM9NFJw5kcRDJY_s1u1Er4,48.8241549&2.3145477,2024-01-27T17:00:00.000Z,120,,public,false,Compétition,5,oKfGVfs7dYecPpobKfuTXiuhh8J3,1,12,0,0,0,0,0
IRPbzkPuljoyfTRA0xge,UrbanSoccer La Défense,played,captain,ChIJh4rnfVhk5kcRV2Q-ZKdm8vA,48.8996456&2.2216773,2024-02-10T11:45:00.000Z,60,13.5,public,true,Compétition,3,Qq60mM1UBaT0JP68bPJju1gGjL73,10,10,4,0,0,0,3
IRg5itziFoR2oR6CF7ed,Play Soccer,played,captain,ChIJQ-UxZn-5rhIRKWoQydM5T9s,43.5512023&1.4098927,2024-02-05T11:30:00.000Z,60,8,public,false,,,8LtkeOuZHeePxfkXdNPmQSr7V9L2,10,10,0,0,0,0,0
IS2qmOlIDc5b9INf9iQA,Stade Jacques Joly,played,captain,ChIJbVB_oUrD9EcRLYcRGjtSCTA,45.69690019999999&4.9393848,2024-01-28T08:30:00.000Z,120,,public,false,Détente,3,LFpR9pJoFXc9dtEZ4aqxHoOqoxA2,16,16,2,0,0,0,0
IT9UzbmVgifnR7RsbPcc,LE FIVE Carrières-sous-Poissy,canceled,captain,ChIJ9T4fWfyL5kcRCBX-FyZLvEE,48.9468171&2.0230552,2024-02-08T19:00:00.000Z,90,14,public,false,Détente,2,liP0mX4IVqcBiayvxaKLwqqRSA23,7,10,0,0,0,0,0
IUB3epl1Zp0QqNvO1b9k,Stadium Thiais,published,pro,,48.7511024&2.3713455,2024-02-13T11:00:00.000Z,60,7,public,false,,,psf3NmXEPwdCltHKJC7VuvJocrF3,0,10,0,0,0,0,1
IUFQWL05oepkyCxG5cCO,LE FIVE Paris 18,canceled,pro,,48.8978522&2.3700234,2024-01-31T21:20:00.000Z,90,10,public,false,,,UQf33jQhVZhle917nO0h7D5qclV2,2,10,0,0,0,0,0
IUuN6Gt31XZkeyhdiVjK,UrbanSoccer La Défense,played,captain,ChIJh4rnfVhk5kcRV2Q-ZKdm8vA,48.8996456&2.2216773,2024-01-31T11:00:00.000Z,60,,public,true,Détente,2,9CzhFBDYHWOniAx03TXvupsJDMu2,10,10,1,0,0,0,0
IVldtPyMcZj2ov8MzQgr,Top Ten,published,pro,,48.8729106&2.6840919,2024-02-27T16:00:00.000Z,90,5,public,false,,,i27253AGxOfXgYJK72sBnvUGuMk2,0,10,0,0,0,0,0
IWrw3uqJL7zGNse4Y5Ie,Stadium Thiais,published,pro,ChIJ64X9jzx05kcRsHvSfOv6UcA,48.7511024&2.3713455,2024-01-31T18:00:00.000Z,90,15,public,false,,,psf3NmXEPwdCltHKJC7VuvJocrF3,0,10,0,0,0,0,0
IX9uwCZZjZBB9VhOvzdJ,Le 13 - Foot en salle - Marseille,canceled,captain,ChIJR62kUm_ByRIRDnGQqGCeUVQ,43.33370070000001&5.370389599999999,2024-02-07T19:30:00.000Z,60,10,public,false,Détente,3,JhzYtbyIfxe5yUlcuYzUPNXhyMN2,10,10,0,0,0,0,1
IXLCGf67EO7TgO9OSiPH,LE FIVE Paris 18,played,pro,,48.8978522&2.3700234,2024-02-08T21:20:00.000Z,90,10,public,false,,,UQf33jQhVZhle917nO0h7D5qclV2,10,10,6,1,0,1,6
IXgUeg05GJ0LCTQJm1S6,UrbanSoccer - Lyon Parilly,played,captain,ChIJx3FQWjLC9EcRrrQb2eV7i_4,45.7120399&4.9039284,2024-02-12T18:15:00.000Z,90,15,private,true,Détente,3,vENMZ1yaZJg7Ie8dtcOnOQInYJh2,10,10,8,0,0,0,0
IXy1SpwHq3RUNqVpGyzr,Le Street Foot en Salle,canceled,captain,ChIJt_AXL6Jg5kcRu6rBmnrmeUM,49.0164435&2.181307,2024-02-11T12:00:00.000Z,120,16,public,false,Détente,2,fUEop5lNJWh0YPTGRhJzX2wbEY82,7,10,0,0,0,0,1
IY4ZVEaJf2OLMyZMpEJt,Parc Interdépartemental des Sports du Tremblay,canceled,captain,ChIJBVkfrQ4N5kcRGi-XnNQN_yo,48.8281085&2.491365,2024-01-28T14:00:00.000Z,90,,public,false,Compétition,3,BGivIaUujxSeeRRC0khDjIkw9Fk1,21,22,0,0,0,0,2
IYChIvrYcgwXTv2y7eCz,Footbox,published,pro,,48.9022789&2.582647,2024-03-10T14:00:00.000Z,60,10,public,false,,,QI89VPazyLhBVnWH871jk4BUEZI3,0,10,0,0,0,0,0
IYXz4Ckwgyf0oqiSuXdQ,Top Ten,published,pro,ChIJfXprBx4b5kcRmhe-5pLZUek,48.8729106&2.6840919,2024-01-21T19:30:00.000Z,90,15,public,false,,,i27253AGxOfXgYJK72sBnvUGuMk2,0,10,0,0,0,0,0
IYaoQNRtjqgWDB1GwIAP,UrbanSoccer - Lyon Parilly,played,captain,ChIJx3FQWjLC9EcRrrQb2eV7i_4,45.7120399&4.9039284,2024-01-29T18:15:00.000Z,90,15,private,true,Détente,3,vENMZ1yaZJg7Ie8dtcOnOQInYJh2,10,10,6,0,0,0,0
IZD5sA3vBsZ5vpioPRVP,LE FIVE Montreuil,published,pro,,48.8613036&2.4653095,2024-02-21T16:30:00.000Z,90,11.5,public,false,,,u9uC1vjdcdQ3UqNxI0SiFxor0m43,0,10,0,0,0,0,0
IZOlz56J3ofQBfZFPAkF,Play Soccer,canceled,captain,ChIJQ-UxZn-5rhIRKWoQydM5T9s,43.5512023&1.4098927,2024-01-26T17:30:00.000Z,90,12,public,false,Compétition,3,diJ6LSOFZ6N8rEue0vv7PEZmXJ12,8,10,0,0,0,0,0
IbN7MRyEoY1CsVqYdVxS,UrbanSoccer - Porte d'Aubervilliers,played,captain,ChIJ0dXjDCZs5kcRvX0EpMwxsUY,48.9074912&2.3746518,2024-02-05T20:00:00.000Z,60,15,public,true,Détente,3,Fq96sV6cmpX8uGUGlAnPL73lqF32,10,10,1,0,0,0,1
IcQ1WcofxLEsx2WtMMAX,Foot-Max Argenteuil,canceled,pro,,48.9501632&2.2093946,2024-02-13T18:00:00.000Z,60,7,public,false,,,SuEnyPZ4TgNIkt1yap2yJ3ZHO6p1,0,10,0,0,0,0,0
IcStaf2QEpEODDVuu6b2,UrbanSoccer - Marne-La-Vallée,canceled,captain,ChIJ6bDBiosP5kcROXiloHzSdhc,48.82658600000001&2.6296937,2024-02-04T10:00:00.000Z,90,15,public,true,Détente,3,Jpgv5cwLQeOSHMgM2QxG7MBcyVh1,9,10,0,0,0,0,0
IeAM1vrgNKzqLGJOtEtT,Stade Jean-Pierre Wimille,canceled,captain,ChIJpROZRl9l5kcRIMxrDepRwGo,48.87414159999999&2.2772219,2024-02-02T11:00:00.000Z,90,,public,false,Détente,3,XnvW9brVmuclYXS7MIYBC1ThD8e2,9,18,0,0,0,0,0
IfdJaA5wwqohi76qKE5I,LE FIVE Paris 17,played,pro,,48.900032&2.3213449,2024-01-31T16:00:00.000Z,60,5,public,false,,,V6mqbc9C8FNa1RQlUupjeoqOsZL2,10,10,9,0,0,0,9
IgZxObYcAkOXf71id4bY,LE FIVE Créteil,published,captain,ChIJ88lx3VwL5kcRVxCh4lD6_Gk,48.7643086&2.4706522,2024-02-13T19:00:00.000Z,60,11,public,false,Détente,3,BJC6BHC0zKN8sMw5GyRxya3cbvJ3,10,10,0,0,0,0,1
Ihe8La4Mey0QtNUJPV97,GOPARK INTERIEUR - Paintball et trampolines parc,played,captain,ChIJ2cJmdhf15kcRQ4mUOxIVzd0,49.045624&2.0799886,2024-02-12T18:30:00.000Z,60,11,public,false,Détente,2,76YZWwA4HoUFuVSt6tlq1D1B1tk2,10,10,1,0,0,0,1
IhxaIwSuycBojnr6Goxk,LE FIVE Bezons,published,captain,ChIJ71Mv0Wpk5kcRg-H9x7L-dXo,48.9190524&2.211796,2024-01-20T21:00:00.000Z,60,9,public,true,Compétition,,6jx3qyjJjmd0lpo4579xf33gMXy2,2,10,0,0,0,0,0
IiBm02Y6O6QPvi8Mqndu,Stadium Thiais,hidden,pro,ChIJ64X9jzx05kcRsHvSfOv6UcA,48.7511024&2.3713455,2024-02-09T18:30:00.000Z,90,15,public,false,,,psf3NmXEPwdCltHKJC7VuvJocrF3,0,10,0,0,0,0,0
IiLpTsRjfeQmQRXE4Nwl,UrbanSoccer - Lyon Parilly,published,captain,ChIJx3FQWjLC9EcRrrQb2eV7i_4,45.7120399&4.9039284,2024-01-21T18:30:00.000Z,60,9,public,true,Compétition,3,vSeT6JrqdHW54HyGOZDjzrm9F742,8,10,0,0,0,0,0
Im5fvpTVJP54zsPssU1M,Stadium Thiais,published,pro,ChIJ64X9jzx05kcRsHvSfOv6UcA,48.7511024&2.3713455,2024-01-20T10:30:00.000Z,90,12,public,false,,,psf3NmXEPwdCltHKJC7VuvJocrF3,0,10,0,0,0,0,0
ImMZrpoo0dhO9IX903d4,LE FIVE Marville - La Courneuve,canceled,captain,ChIJ2dHdMZxr5kcR0aKYHYsp0pY,48.9364404&2.3869147,2024-02-11T11:00:00.000Z,90,15,public,false,Détente,,DjnUf6VnXfVr1wxMKWs5mQIQqvY2,6,10,0,0,0,0,0
InFABogXK7oIZBtb4P7y,Stade François Desmont,played,captain,ChIJiXJobswM5kcRPirUiBoYdvI,48.7990434&2.455735,2024-01-31T18:25:00.000Z,90,,public,false,Détente,3,ylWQ8A1lxaUgJ92zEw4nXFRMOP83,14,14,5,0,0,0,0
InHKipJMpQrVTDGZOkA5,Stadium Thiais,played,pro,ChIJ64X9jzx05kcRsHvSfOv6UcA,48.7511024&2.3713455,2024-01-26T21:30:00.000Z,90,14,public,false,,,psf3NmXEPwdCltHKJC7VuvJocrF3,10,10,4,0,0,0,1
InqzK50HGV7Dhgy7RYIu,UrbanSoccer - Lille Lezennes,canceled,captain,ChIJR3ro5nTWwkcRfM_S3Be9HjI,50.6162725&3.0998108,2024-02-07T19:15:00.000Z,60,12,public,true,Détente,2,ndAd7rihYxdiPIlgyGdDCz4tS0d2,1,10,0,0,0,0,0
Io1f3JEo6YF5sUyTxPqm,Stadium Thiais,played,captain,ChIJ64X9jzx05kcRsHvSfOv6UcA,48.7511024&2.3713455,2024-01-22T16:00:00.000Z,120,10,public,false,Compétition,3,Dohg1zNvhsbmGrYuAmExKFyjruw2,10,10,2,0,0,0,0
Io9y70pWwxPvB7I0z5Aa,LE FIVE Carrières-sous-Poissy,canceled,captain,ChIJ9T4fWfyL5kcRCBX-FyZLvEE,48.9468144&2.0230574,2024-01-25T18:00:00.000Z,60,8,public,false,Détente,,mb2QnXTyGtb3nqmctRQO0L1dGvJ3,5,10,0,0,0,0,0
IoXwwSJIABRcM8lm54bD,LE FIVE Carrières-sous-Poissy,played,captain,ChIJ9T4fWfyL5kcRCBX-FyZLvEE,48.9469325&2.0233834,2024-02-01T19:30:00.000Z,90,14,public,false,Chill,3,YsUqPkaiOtW8h1B9dam6ViMm2Tw2,10,10,1,0,0,0,0
IofUDMZA0xkmxnIoFmuy,UrbanSoccer - Lille Lezennes,canceled,captain,ChIJR3ro5nTWwkcRfM_S3Be9HjI,50.6162725&3.0998108,2024-01-31T18:30:00.000Z,60,12,public,true,Détente,2,ndAd7rihYxdiPIlgyGdDCz4tS0d2,2,10,0,0,0,0,0
IpT5KVzj3iL4OzkaJg57,Footbox,published,pro,,48.9022789&2.582647,2024-03-04T13:00:00.000Z,60,7,public,false,,,QI89VPazyLhBVnWH871jk4BUEZI3,0,10,0,0,0,0,0
Ir2l2o7bW0EmDKEzFnUF,KIPSTADIUM : Centre de Pratique dédié aux Sports Collectifs,draft,captain,ChIJydcoT88ow0cRLnHvlF-Z_jE,50.708529&3.173304,2024-01-31T18:00:00.000Z,60,,private,false,,,D02emwB71cYfrgO1G7vlHMOoKMo1,0,0,0,0,0,0,0
Ir4l0q0954aNZYst2lEo,Stade Gilles Joye,played,captain,ChIJw2BPcJnzyRIRLzzgcSTD9TM,43.5744126&5.3446134,2024-01-22T18:00:00.000Z,60,7,private,false,Détente,3,uAEut48qBDUb9yI8BZY79qCquMq1,10,10,8,0,0,0,0
IrIt8gSAd7KjOU3rMftO,Stadium Thiais,published,pro,ChIJ64X9jzx05kcRsHvSfOv6UcA,48.7511024&2.3713455,2024-02-09T14:00:00.000Z,90,8,public,false,,,psf3NmXEPwdCltHKJC7VuvJocrF3,0,10,0,0,0,0,0
IsEMqYaBryIqsatuQN66,Parc Interdépartemental des Sports du Tremblay,played,captain,,48.8281085&2.491365,2024-01-30T15:00:00.000Z,90,,public,false,Compétition,4,OKSK9YmBnhPYPn6fchCcUo9A2Mt2,18,18,0,0,0,0,3
IsKp5OeDmKFahRtR0V0b,UrbanSoccer - Porte d'Aubervilliers,played,captain,ChIJ0dXjDCZs5kcRvX0EpMwxsUY,48.9074912&2.3746518,2024-02-05T18:30:00.000Z,60,14,public,true,Détente,2,mDJ1XlTQcOhMTnHDxMKRTFyZLXG3,10,10,1,0,0,0,0
IsVbh17cPlpQOxkpXpmS,LE FIVE Paris 13,published,captain,ChIJ_bOSChhz5kcRZMTeq_6Gdzg,48.8181615&2.3658793,2024-02-04T11:30:00.000Z,60,14,public,true,Détente,2,bc8Ujlut0lgtFNrdgCc7RydoRLf2,9,10,0,0,0,0,0
ItFcB0uZrfVIleLdN6W0,LE FIVE Paris 18,published,captain,ChIJpVT4_n1u5kcRzji6FdTBXXo,48.8978522&2.3700234,2024-02-13T18:30:00.000Z,60,14,public,true,Détente,2,yb2Lf2SE43Qbv9lslzMllwnrtFF3,8,10,0,0,0,0,2
ItVjxHdRP7kSWhiJdNaB,UrbanSoccer - Puteaux,published,captain,ChIJM_sC0-Nk5kcRhL1y_EFIje8,48.8836397&2.2312283,2024-02-12T17:30:00.000Z,60,12.5,public,true,Détente,,gS2tE4wr3jbmluTfpk5CLCYpWd03,8,10,0,0,0,0,0
Ivf5VptraeX2tcitmmC7,Kinshasa,published,pro,,-4.3032527&15.310528,2024-01-28T11:23:00.000Z,90,12,public,false,,,zCvsukfMuuffsuPpSTQwb7MusMD2,0,10,0,0,0,0,0
IwEI3QWoJRA3UPXrE1th,BIG5,played,captain,ChIJsb_7TJFp5kcRSPL5VqZulr4,48.9901429&2.3617895,2024-01-21T20:30:00.000Z,90,15,public,false,Compétition,3,Dz3CyfoRcNQpp301fskMAjkKXvC3,10,10,4,0,0,0,2
Ix5ZdrTcpQEvaboHRWVh,LE FIVE Paris 13,played,captain,ChIJ_bOSChhz5kcRZMTeq_6Gdzg,48.8181615&2.3658793,2024-02-01T18:00:00.000Z,60,12,private,true,Détente,2,rvLjq3AUAqTwVWmJD9H26r21DpH3,10,10,0,0,0,0,0
J0GgkmTmTdMtgakuzWKq,UrbanSoccer Guyancourt,played,captain,ChIJmdX-2c-A5kcRj1wtOS8rZmo,48.7722091&2.0600292,2024-02-08T11:30:00.000Z,60,8.5,public,true,Détente,3,4UJbZ59vNcOoUDBQzkkRTDiLYA33,10,10,3,0,0,0,1
J1UIlDxfUjWe4OBhYPEc,Laser Stadium,canceled,captain,ChIJpZdywq4i9UcRJAPhLaIPorA,45.355282&4.8109091,2024-01-31T18:00:00.000Z,60,9.5,public,false,Détente,2,gM6ubuxBZSVtArDIn1LWUqLhaqh2,8,10,0,0,0,0,0
J21AawQ5ZVfbEVU0LNP0,Foot-Max Argenteuil,played,captain,ChIJi9oIzaRm5kcRJYcK7QsdRMU,48.9501569&2.2093741,2024-01-29T20:00:00.000Z,60,8,public,false,Détente,2,NjmfqXZgTBaqqkagmTqQccV1h7v1,10,10,4,0,0,0,2
J35rmwD8DDvg5JYwgiHE,Monclub Futbol,played,captain,ChIJGbxxaamUyRIRgGvhHnhJStA,43.4299152&5.4001974,2024-01-24T17:30:00.000Z,60,10,public,false,Détente,3,yLyBW8IBAvgYAEyJH8DJOPeaDHe2,10,10,0,0,0,0,0
J40oE5l3HB6GMKdljs4c,Stadium Thiais,played,captain,ChIJ64X9jzx05kcRsHvSfOv6UcA,48.7511024&2.3713455,2024-01-28T09:30:00.000Z,90,15,public,false,Détente,3,IlNYKbxJM5OikfmqXPad4NX0RM32,10,10,5,0,0,0,2
J4QvOfvsSRczxIkgKOmy,LE PARK Complexe Multisports,played,captain,ChIJdUHbID8O5kcRV5lQhiHTvhs,48.8337843&2.5728501,2024-02-03T19:00:00.000Z,90,13,public,false,,3,ck7xoGxVlvS7n6ud7pCxXd2JGDl2,10,10,4,0,0,0,3
J5oPy6E31JQzeW9u9T3c,Top Ten,canceled,captain,ChIJfXprBx4b5kcRmhe-5pLZUek,48.8729209&2.6841223,2024-01-29T20:00:00.000Z,90,16.5,public,false,Détente,3,Jo3Z2CdlPXMh4NMnJPc1N8FAa2B3,9,10,0,0,0,0,0
J5xBTFXK2AEkZuL3HfGk,LE FIVE Montreuil,published,pro,,48.8613036&2.4653095,2024-01-30T12:00:00.000Z,60,7,public,false,,,u9uC1vjdcdQ3UqNxI0SiFxor0m43,0,10,0,0,0,0,0
J6FtQGas7lx7M09q1mG6,UrbanSoccer - Toulouse Sept Deniers,played,captain,ChIJk5nUBdOkrhIRP-1aUJzo-lA,43.6321552&1.411696,2024-02-04T16:25:00.000Z,60,8.5,public,true,Détente,4,gk5d16P1xMW94zEAk2jISvE0yCu1,10,10,0,0,0,0,0
J6lGqrwK2RvjCZKyNKCS,Play Soccer,played,captain,ChIJQ-UxZn-5rhIRKWoQydM5T9s,43.5512023&1.4098927,2024-02-09T21:00:00.000Z,60,9,public,false,,,8LtkeOuZHeePxfkXdNPmQSr7V9L2,10,10,4,0,0,0,0
J88uA4nWHdiCzSCdtiFu,UrbanSoccer Meudon,canceled,captain,ChIJ0WKvjbh75kcRoqSmyWwW2jQ,48.8001204&2.2140771,2024-01-30T18:30:00.000Z,60,10.5,public,true,Détente,3,iDoz8QkIwITMxLES0q0WUlqReDo2,9,10,0,0,0,0,0
J8lC0wg9grgwr3RkD7Re,Footbox,published,pro,,48.9022789&2.582647,2024-03-04T14:00:00.000Z,60,7,public,false,,,QI89VPazyLhBVnWH871jk4BUEZI3,0,10,0,0,0,0,0
JAporA80nBXoWClftEF5,LE FIVE Bezons,played,captain,ChIJ71Mv0Wpk5kcRg-H9x7L-dXo,48.9190524&2.211796,2024-01-27T16:00:00.000Z,120,13.5,public,true,Détente,,GPsbQHDAv3QT9to65DFO4XVTerq1,10,10,2,0,0,0,3
JDvUv6qBopQqHiTZIxI6,Stadium Thiais,played,captain,ChIJ64X9jzx05kcRsHvSfOv6UcA,48.7511024&2.3713455,2024-01-20T16:00:00.000Z,90,12,public,false,,3,qsKXCOmO16PUGSORL48ZZB6JiJD2,12,12,6,0,0,0,0
JFOYeVmDF7Vvcyf1MIRr,LE FIVE Montreuil,published,pro,,48.8613036&2.4653095,2024-02-15T22:00:00.000Z,60,8,public,false,,,u9uC1vjdcdQ3UqNxI0SiFxor0m43,0,10,0,0,0,0,0
JFzCMMXH6QPcS8eTXS14,LE FIVE Paris 18,played,pro,ChIJpVT4_n1u5kcRzji6FdTBXXo,48.8978522&2.3700234,2024-02-10T08:30:00.000Z,90,10,public,false,,,UQf33jQhVZhle917nO0h7D5qclV2,10,10,9,0,0,0,3
JG3mAbweJlhM69U1FRo5,Stadium Thiais,played,captain,ChIJ64X9jzx05kcRsHvSfOv6UcA,48.7511024&2.3713455,2024-01-30T19:30:00.000Z,90,15,public,false,Détente,2,x3tbKt8CJbOF3KTtOigWn9KMxRU2,10,10,4,0,0,0,2
JGigmapU3RzgoPVGF3jR,Monclub Futbol,played,captain,ChIJGbxxaamUyRIRgGvhHnhJStA,43.4299152&5.4001974,2024-01-20T16:30:00.000Z,60,10,public,false,Détente,3,CSTy9rmJRQSyWlqWuGiUhGpAGqf2,10,10,4,0,0,0,1
JHCYLVwQamPznBjawkDt,UrbanSoccer Evry,published,captain,ChIJW0Ut1G7e5UcRt621n2fRQ5M,48.6286849&2.4066366,2024-02-17T18:00:00.000Z,90,13.5,public,true,Détente,3,FBrRwiYQvjbd6UeXKISPFhhsK4a2,5,10,0,0,0,0,0
JHzOw8KXC4Xnt58s3EVj,UrbanSoccer - Nantes St-Sébastien,canceled,captain,ChIJAyKrntzoBUgRF09hrORC2nc,47.1902798&-1.4846704,2024-02-06T19:00:00.000Z,60,12,public,true,Détente,2,KuxIevAyVMgKqfib1AB8yZNZcc43,1,10,0,0,0,0,0
JI2jzSxSpqTylioqan7Y,Stadium Thiais,hidden,pro,ChIJ64X9jzx05kcRsHvSfOv6UcA,48.7511024&2.3713455,2024-02-01T18:00:00.000Z,90,15,public,false,,,psf3NmXEPwdCltHKJC7VuvJocrF3,0,10,0,0,0,0,1
JIDMezlMkmQqygzwEbPF,Stadium Thiais,published,pro,,48.7511024&2.3713455,2024-02-15T11:00:00.000Z,60,7,public,false,,,psf3NmXEPwdCltHKJC7VuvJocrF3,0,10,0,0,0,0,0
JKbUKefwrbC8Y3TnTS5e,Garden Soccer,published,captain,ChIJB1Epk28EyRIRXiphlsMqnOU,43.11422109999999&5.845142099999999,2024-02-04T11:00:00.000Z,120,15,public,false,Détente,3,ohgF7tc4HNfjokzONsD5djgs80V2,8,10,0,0,0,0,0
JKngbYOq6Cnt4TpOihYI,Stadium Thiais,published,pro,ChIJ64X9jzx05kcRsHvSfOv6UcA,48.7511024&2.3713455,2024-02-02T21:30:00.000Z,90,14,public,false,,,psf3NmXEPwdCltHKJC7VuvJocrF3,0,10,0,0,0,0,0
JL16dzkK3MNuXxbrANDE,Play Soccer,canceled,captain,ChIJQ-UxZn-5rhIRKWoQydM5T9s,43.5512023&1.4098927,2024-02-09T17:30:00.000Z,90,13.5,public,false,,,8LtkeOuZHeePxfkXdNPmQSr7V9L2,6,10,0,0,0,0,0
JMs4ZEGiJw76m1HX8VdG,Stadium Thiais,played,pro,ChIJ64X9jzx05kcRsHvSfOv6UcA,48.7511024&2.3713455,2024-01-25T19:30:00.000Z,90,15,public,false,,,psf3NmXEPwdCltHKJC7VuvJocrF3,10,10,1,0,0,0,2
JNBchDwAvCV2tYNqmnbJ,Stadium Thiais,published,pro,,48.7511024&2.3713455,2024-03-01T18:00:00.000Z,90,15,public,false,,,psf3NmXEPwdCltHKJC7VuvJocrF3,0,10,0,0,0,0,0
JNJeqT0r6QDRnt4AlC8e,Football Club Rueil-Malmaison,canceled,captain,ChIJVYfGBzlj5kcRuESTUlhiAmA,48.8721326&2.1616682,2024-01-21T09:00:00.000Z,90,,public,false,Compétition,4,OpjY7Bv7AMb8s2U5DXkpnXg0oJP2,13,14,0,0,0,0,2
JNvctmoasxAS8HgdGQDL,KIPSTADIUM : Centre de Pratique dédié aux Sports Collectifs,canceled,captain,ChIJydcoT88ow0cRLnHvlF-Z_jE,50.708529&3.173304,2024-02-06T19:00:00.000Z,60,8,public,false,Détente,2,Zj6WgpBE65eJO4fjThDteNNesqC2,8,10,0,0,0,0,0
JOpg7pRYQW4EEhEJhKnt,Sport dans la Ville Rhône-Alpes,published,captain,ChIJoUEDcmvr9EcRILCz6hDCQ2o,45.7811703&4.8081568,2024-01-27T11:00:00.000Z,30,,public,false,Compétition,2,NsWqcHtydaUiU2Em8B9UvT3To8M2,10,12,0,0,0,0,0
JPPhQj8arzbnUvtrkhOc,Stade Jean Jaurès,played,captain,ChIJIQ99mHjB9EcRfg8uOTmkzDI,45.7290532&4.909209199999999,2024-01-28T08:30:00.000Z,90,,public,false,Détente,3,TzxSvHKpF1PB3pqfC2FX0ry68vq2,18,18,1,0,0,0,0
JQKcGEBsNnaRGie4yZWH,Footbox,published,pro,,48.9022789&2.582647,2024-02-27T14:00:00.000Z,60,7,public,false,,,QI89VPazyLhBVnWH871jk4BUEZI3,0,10,0,0,0,0,0
JRdkZ0bWPdZNUdbHvTDZ,UrbanSoccer La Défense,played,captain,ChIJh4rnfVhk5kcRV2Q-ZKdm8vA,48.8996456&2.2216773,2024-02-05T17:45:00.000Z,90,21,public,true,Détente,3,sQoSVj09wwhPmfLLZu4PQ1UoGwV2,10,10,4,0,0,0,1
JTCYywAWZ0HPyVU60UBc,UrbanSoccer - Lyon Parilly,canceled,captain,ChIJx3FQWjLC9EcRrrQb2eV7i_4,45.7120399&4.9039284,2024-02-09T18:00:00.000Z,60,10,public,true,Détente,3,C0tIJK1E6qSQDXwkeBUMR5VYmMj1,5,10,0,0,0,0,0
JTGemDC9jQ1w959IYxRO,Footbox,published,pro,,48.9022789&2.582647,2024-02-20T19:00:00.000Z,60,10,public,false,,,QI89VPazyLhBVnWH871jk4BUEZI3,0,10,0,0,0,0,0
JTIve4A1v9NNqnSRXNxE,Speed Soccer Five,published,pro,,48.7360598&2.315058,2024-02-15T17:00:00.000Z,90,13,public,false,,,MkTJljXziPXBdRdijccndMLBNCC3,0,10,0,0,0,0,0
JU0BAawwgvAKfoa0pQXJ,Centre Sportif Maryse Hilsz,draft,captain,ChIJgY6iBYxt5kcRHD7TB4jAHV4,48.8520783&2.4128877,2024-02-05T18:00:00.000Z,90,2,public,false,Compétition,5,MSDghmVXrle8DnHoHPla4CqoRui1,0,22,0,0,0,0,0
JW5Ljd53FVPmqP6P0BiX,UrbanSoccer - Asnières,played,captain,ChIJi5LkLT9v5kcRSlhScqEFNWs,48.92192379999999&2.3068311,2024-01-25T19:00:00.000Z,60,,public,true,Compétition,4,QBY3rXSKxHgiGrOTOi18haLJavq2,10,10,4,0,0,0,4
JXlTAypVzbAkJmIcOL9v,Top Ten,published,pro,,48.8729106&2.6840919,2024-02-19T11:00:00.000Z,90,5,public,false,,,i27253AGxOfXgYJK72sBnvUGuMk2,0,10,0,0,0,0,0
JXonBfBMPZM4j9hU0vxx,LE FIVE Carrières-sous-Poissy,canceled,captain,ChIJ9T4fWfyL5kcRCBX-FyZLvEE,48.9469325&2.0233834,2024-01-29T20:30:00.000Z,90,14,public,false,Détente,2,TkPgYN9tBsb1oxMgqzweEteBNcG2,9,10,0,0,0,0,0
JYuBYju4mtzvHwSShld2,Z5 Aix,played,captain,ChIJKb-U_9KSyRIRKIFKbH5mW18,43.4787869&5.3969048,2024-02-08T17:00:00.000Z,60,11,public,false,Détente,2,WAR3T49i5EVWHTe2EKh3b0WsVpM2,10,10,4,0,0,0,0
JZKB1yy2ihNvdCyHDblm,UrbanSoccer - Puteaux,played,captain,ChIJM_sC0-Nk5kcRhL1y_EFIje8,48.8836397&2.2312283,2024-02-09T11:00:00.000Z,60,11.5,public,true,Détente,3,sopozsXBVtRnKWWT6QXIkyR72nH2,10,10,0,0,0,0,0
JaFlG3pqAbaHPBu2CWjm,UrbanSoccer - Porte d'Aubervilliers,canceled,captain,ChIJ0dXjDCZs5kcRvX0EpMwxsUY,48.9074912&2.3746518,2024-01-28T19:10:00.000Z,60,12,public,true,Compétition,5,dpZ0rCLmTCYVeePUCLBQ8SY3Oyq1,9,10,0,0,0,0,0
JaRwkWQRT6a9pdh0ArZt,Stadium Thiais,played,captain,ChIJ64X9jzx05kcRsHvSfOv6UcA,48.7511137&2.3715422,2024-02-12T18:00:00.000Z,90,14,public,false,,3,8z69joeXgRXkGFP3TNv4gKoMtiy1,12,12,3,0,0,0,0
JfmjBnEjuZ1bpVLj35QV,LE FIVE Carrières-sous-Poissy,canceled,captain,ChIJ9T4fWfyL5kcRCBX-FyZLvEE,48.9469325&2.0233834,2024-02-04T10:30:00.000Z,90,12,public,false,,4,T3MXqcHK9jTOVl5qDb6YLQV5V8R2,9,10,0,0,0,0,1
JgGAm42UmiHm8YmpS0zw,ASPI GIENS Football,published,captain,ChIJzaQCI90hyRIRaromIQVkVI4,43.0437239&6.1441392,2024-01-28T08:30:00.000Z,90,,public,false,Détente,,YXc7BHJ6cYVMKL03GpSaXCgI2eU2,6,8,0,0,0,0,0
JgMpRXRHNQ6JaVZ8FW4U,UrbanSoccer - Asnières,played,captain,ChIJi5LkLT9v5kcRSlhScqEFNWs,48.92192379999999&2.3068311,2024-01-21T18:30:00.000Z,60,13,public,true,Compétition,3,2y6CLYdsY3chznmG0pfK2osxqfJ2,10,10,2,0,0,0,1
JgtLZMVthWpEFLTJgBW5,Stadium Thiais,played,pro,,48.7511024&2.3713455,2024-02-10T16:30:00.000Z,90,12,public,false,,,psf3NmXEPwdCltHKJC7VuvJocrF3,10,10,6,0,0,1,2
Jh34XqItSpjm62yaRSF5,LE FIVE Montreuil,published,pro,,48.8613036&2.4653095,2024-02-17T21:00:00.000Z,120,20,public,false,,,u9uC1vjdcdQ3UqNxI0SiFxor0m43,0,10,0,0,0,0,0
Jh6YMT4n7AmnJAnbb5HE,UrbanSoccer - Puteaux,played,captain,ChIJM_sC0-Nk5kcRhL1y_EFIje8,48.8836397&2.2312283,2024-01-24T12:00:00.000Z,60,,public,true,Compétition,3,wBXFoWSNnoQmZRxgJnM1oZmqEHZ2,10,10,2,0,0,0,2
JhItxt3l15O4IHC7PAj4,Stadium Thiais,played,pro,,48.7511024&2.3713455,2024-02-04T16:30:00.000Z,90,15,public,false,,,psf3NmXEPwdCltHKJC7VuvJocrF3,10,10,5,0,0,0,1
JhVsgFGZ1sZF8iZj9Z89,UrbanSoccer - Puteaux,played,captain,ChIJM_sC0-Nk5kcRhL1y_EFIje8,48.8836397&2.2312283,2024-01-30T19:30:00.000Z,60,15,public,true,Détente,2,hO6g23viHmY0RAl543EF9aEYeLJ3,10,10,0,0,0,0,3
JiNyhKwwVvEvpKkm8HLL,LE FIVE Bezons,played,pro,,48.91909&2.2093051,2024-02-06T21:00:00.000Z,90,14,public,false,,,U3MriTZbPbTUEsU6RtRuHxDMKvg2,10,10,3,0,0,0,2
Jig9USU2IhBxLzxxqSED,UrbanSoccer - Marne-La-Vallée,canceled,captain,ChIJ6bDBiosP5kcROXiloHzSdhc,48.82658600000001&2.6296937,2024-02-08T19:15:00.000Z,90,18,public,true,Détente,3,mRbadPbBvXcoSX6mrlaujKRGGt83,10,10,0,0,0,0,1
JkH2yJ6apUhjdCo2U1iW,LE FIVE Paris 18,canceled,captain,ChIJpVT4_n1u5kcRzji6FdTBXXo,48.8978522&2.3700234,2024-02-04T19:00:00.000Z,90,,public,true,Détente,2,BRB3Z0vvLwbrAMv2ys5JUnK19WW2,10,10,0,0,0,0,0
JlmRruwr7iIHtdQy0QrY,Foot POWER 5,canceled,pro,,48.960066&2.2061913,2024-01-29T17:00:00.000Z,90,5,public,false,,,sss3dYi6nzWd7rEjwcQ30LGKudj1,0,10,0,0,0,0,0
JmnmWiUd3WNQXfHC5E9P,Parc des Sports Interdépartemental de Bobigny,played,captain,ChIJyzNxK_Fs5kcRODKP-DVyIPY,48.90944229999999&2.4202745,2024-01-29T19:00:00.000Z,120,,public,false,Compétition,,cJe8pjn4xkTpWqLmezIS1Llbc613,14,14,4,0,0,0,1
Jni5YXtfBClLHy7znqC5,Top Ten,hidden,pro,ChIJfXprBx4b5kcRmhe-5pLZUek,48.8729106&2.6840919,2024-01-20T21:30:00.000Z,90,15,public,false,,,i27253AGxOfXgYJK72sBnvUGuMk2,0,10,0,0,0,0,0
Jogapd1KgVpSpFo87ioZ,LE FIVE Bezons,published,pro,,48.91909&2.2093051,2024-02-02T11:00:00.000Z,90,10,public,false,,,U3MriTZbPbTUEsU6RtRuHxDMKvg2,0,10,0,0,0,0,0
JrYfO97pRkiRfJrcbwIC,F5 Foot Five,played,captain,ChIJjUbM5G7A9EcRW3mlkrhyXxY,45.7857911&4.905926399999999,2024-02-02T19:00:00.000Z,60,9.5,public,false,,4,1oj8NXGqeiXqGZ1uu2Tyz2ZGdBt1,10,10,3,0,0,0,0
Jrk8PxNAqDwLVCgOjKkV,STADIUM FOOT 5 VILLAGE,played,captain,ChIJbbOWFtC4yRIR0WXVerbWmnE,43.269413&5.4260321,2024-01-29T18:00:00.000Z,60,10,public,false,Détente,,MKjoGJESIIfNKw5sH93VODBuvLv2,10,10,2,0,0,0,0
Jvi7RG3deGefwNbr9JMI,LE FIVE Paris 18,published,pro,ChIJpVT4_n1u5kcRzji6FdTBXXo,48.8978522&2.3700234,2024-01-27T08:30:00.000Z,90,10,public,false,,,UQf33jQhVZhle917nO0h7D5qclV2,9,10,0,0,0,0,1
Jw5a6P1RTo26HvJwFxIn,Stade Gilles Joye,published,captain,ChIJw2BPcJnzyRIRLzzgcSTD9TM,43.5744126&5.3446134,2024-01-29T18:00:00.000Z,60,7,public,false,Détente,3,uAEut48qBDUb9yI8BZY79qCquMq1,9,10,0,0,0,0,0
Jy5N4syE02WSZB7WoTow,LE FIVE Marville - La Courneuve,canceled,captain,ChIJ2dHdMZxr5kcR0aKYHYsp0pY,48.9364404&2.3869147,2024-01-24T18:30:00.000Z,90,13,public,false,,3,936SMzamUOVIRLk6iF4GW4uFgTm2,9,10,0,0,0,0,0
JymxUgKCA0ZMnEB7wPkb,UrbanSoccer - Toulouse Sept Deniers,canceled,captain,ChIJk5nUBdOkrhIRP-1aUJzo-lA,43.6321552&1.411696,2024-02-13T14:30:00.000Z,60,4.9,public,true,Détente,2,wtnsXikCw2SzC8ybn61IvBinamt1,9,10,0,0,0,0,0
K0MFGT1oaKev23vzo5XJ,LE FIVE Montreuil,played,captain,ChIJJdTQjr0T5kcRZmGxtIJVy44,48.8607303&2.4650432,2024-01-29T20:00:00.000Z,90,16.5,public,false,Compétition,,or3v3QNjA8Pbb8xlFsrypaJwSEW2,10,10,4,0,0,0,2
K1G3tEIYzCrNcq4dcsDb,UrbanSoccer - Porte d'Aubervilliers,canceled,captain,ChIJ0dXjDCZs5kcRvX0EpMwxsUY,48.9074912&2.3746518,2024-01-26T11:00:00.000Z,120,7,public,true,Détente,3,9trL8UnvXtWZdOhh14zYEcrQgr12,9,10,0,0,0,0,0
K3BYFda8YSjL2UBqneRY,LE FIVE Créteil,published,pro,,48.7643086&2.4706522,2024-03-06T16:00:00.000Z,60,7,public,false,,,ZmXMWx7aTdPoPkkGOWa2HIQVblq2,0,10,0,0,0,0,0
K3Fn2h4NGPBzIGTIukOs,Le 13 - Foot en salle - Marseille,canceled,captain,ChIJR62kUm_ByRIRDnGQqGCeUVQ,43.33370070000001&5.370389599999999,2024-02-07T18:00:00.000Z,60,10,public,false,Compétition,4,tYE0hxio2uYHYCahKUN7QqZwcbi1,6,10,0,0,0,0,1
K47yPyA3NqTdAu3NSVLj,LE FIVE Champigny,published,pro,,48.8194084&2.5251846,2024-03-02T18:00:00.000Z,60,11,public,false,,,evlV9mUgATYQ5343zpYZvk4w0r03,0,10,0,0,0,0,0
K4U3o9LkzZVxD5vFXqqH,LE FIVE Créteil,published,pro,,48.7643086&2.4706522,2024-01-24T16:00:00.000Z,60,7,public,false,,,ZmXMWx7aTdPoPkkGOWa2HIQVblq2,0,10,0,0,0,0,0
K5ThQYK6W58ZCDLPJVjl,LE FIVE Paris 18,published,pro,,48.8978522&2.3700234,2024-02-19T16:00:00.000Z,60,5,public,false,,,UQf33jQhVZhle917nO0h7D5qclV2,7,10,0,0,0,0,0
K6gFyPfJm5z2SmY3YU0q,Top Ten,published,pro,ChIJfXprBx4b5kcRmhe-5pLZUek,48.8729106&2.6840919,2024-01-27T21:00:00.000Z,90,15,public,false,,,i27253AGxOfXgYJK72sBnvUGuMk2,0,10,0,0,0,0,0
K6ugseIB1ehjLzXwB2ht,UrbanSoccer La Défense,played,captain,ChIJh4rnfVhk5kcRV2Q-ZKdm8vA,48.8996456&2.2216773,2024-02-11T09:30:00.000Z,90,21,public,true,Détente,3,ITrNt3Z6SmZV4gcbWF9kRfaR0EQ2,10,10,1,0,0,0,2
K7MBr2qzT7H7TLH3qIld,Complexe Omnisports Alain Mimoun,canceled,captain,ChIJrenaaBhl5kcRCBguz4QZwJQ,48.8732161&2.1956117,2024-01-31T17:00:00.000Z,120,5,public,false,Compétition,4,uK7KAxZFpwZeIpiBLR7VWDgp0qF2,2,12,0,0,0,0,0
K8z1mWm2y2EDyzQq6uoN,UrbanSoccer - Quai d'Ivry,played,captain,ChIJfXxYJ0xy5kcRw9xTkF6-FZQ,48.8199885&2.3936463,2024-01-22T20:00:00.000Z,60,15,public,true,Compétition,4,3HjnneDnEieQVwHyjidxLTJyAMu2,10,10,3,0,0,0,2
K9F65mxhw7ACJ8vqGsdj,Game 13 foot indoor,played,captain,ChIJNSDvlsXryRIRUXao9hwB79I,43.41258939999999&5.366617,2024-01-26T20:00:00.000Z,60,10,public,false,Détente,3,tNI5PAPgX0MDq6T4GlwP3d2ndaO2,10,10,3,0,0,0,0
K9gh7YEmAPRplh7oXqi2,Le 13 - Foot en salle - Marseille,canceled,captain,ChIJR62kUm_ByRIRDnGQqGCeUVQ,43.33370070000001&5.370389599999999,2024-01-26T18:00:00.000Z,60,10,public,false,Détente,3,tYE0hxio2uYHYCahKUN7QqZwcbi1,6,10,0,0,0,0,0
KBuWfHZmpIORehKYBB5D,Stadium Thiais,played,captain,ChIJ64X9jzx05kcRsHvSfOv6UcA,48.7511024&2.3713455,2024-01-28T17:30:00.000Z,90,15,public,false,Compétition,3,ZegGT1YBevfi7XkWEix5UYtbQzT2,10,10,2,0,0,0,0
KBybsVHrntMPxF9ky4yb,BALL CONCEPT Monplaisir Futsal-Squash-Badminton-Padel tennis-foot5-Laser Concept-Laser Kart-Trike,published,captain,ChIJn7xJyorytRIR5fCxB3seBOs,43.9521998&4.8707766,2024-01-24T13:00:00.000Z,60,9,public,false,,,iWsQ4PREPkgt7xg09jTv19vUpgC3,1,10,0,0,0,0,0
KD5LlB3tzuMBNVH5fBB3,Classico Foot,played,captain,,43.5945434&1.2911399,2024-02-01T17:00:00.000Z,60,9,public,false,Détente,2,mbcCvkM0XUUSM7oG1RRK5cf3Qmo1,10,10,0,0,0,0,0
KDxxD9RXs16Yw4HlHxDP,Play Soccer,canceled,captain,ChIJQ-UxZn-5rhIRKWoQydM5T9s,43.5512023&1.4098927,2024-01-28T16:30:00.000Z,90,12,private,false,Compétition,3,2NU7A9Qv4FSliapXOPdbyvoZIbt2,9,10,0,0,0,0,0
KE9gElxH8CIHYeMDRaTT,FIVE ARENA MEAUX ,published,pro,,48.9539465&2.9154573,2024-02-03T19:00:00.000Z,90,10,public,false,,,4K6djqUyJdTgGF3Q7nh7CXQHqVh1,0,10,0,0,0,0,0
KEOeVf2hqIwlBd5JIAOR,Stadium Thiais,played,captain,ChIJ64X9jzx05kcRsHvSfOv6UcA,48.7511137&2.3715422,2024-02-11T09:30:00.000Z,90,15,public,false,Détente,3,MExi1O1oPjQKTXDmIW483grqvv13,10,10,9,0,0,0,4
KEfSV8rAVTc7g6FSdd5U,LE FIVE Villette,played,captain,ChIJTUFnQjps5kcR0pHITLTw1PI,48.9070122&2.3861459,2024-02-05T18:00:00.000Z,60,12,public,false,Détente,2,msqF1avyxgVY7CHeI44lza9PNls1,10,10,0,0,0,0,0
KFIGG0fFgTFlFmNaBUm3,STADIUM FOOT 5 VILLAGE,canceled,captain,ChIJbbOWFtC4yRIR0WXVerbWmnE,43.269413&5.4260321,2024-02-20T18:00:00.000Z,90,15,public,false,Compétition,4,bJwmSXPTl0Px369WRJerCpCfTZJ3,9,10,0,0,0,0,0
KGVFhKAdv2XEfROwu993,Stadium Thiais,played,pro,,48.7511024&2.3713455,2024-02-05T21:00:00.000Z,90,14,public,false,,,psf3NmXEPwdCltHKJC7VuvJocrF3,10,10,7,0,1,0,6
KHAeq2WeZ3fQh1fkoraO,Rue du Musée,published,captain,ChIJ4ypzX6B15kcRFesay1dBJco,48.71676&2.39852,2024-02-18T09:30:00.000Z,120,1,private,false,Compétition,5,5v9WX6HkohWW6s4r8BR39p1iJxu1,16,16,0,0,0,0,0
KHWXlfvt2vC5ftcN781E,LE FIVE Paris 13,published,pro,,48.8181615&2.3658793,2024-01-30T22:00:00.000Z,60,10,public,false,,,FjSnzlRFFfhWVWQJGfIEwRc2ZMj2,0,10,0,0,0,0,0
KIzAw7P8deA9p40Wgmr6,LE FIVE Paris 18,published,pro,ChIJpVT4_n1u5kcRzji6FdTBXXo,48.8978522&2.3700234,2024-02-14T10:00:00.000Z,90,8,public,false,,,UQf33jQhVZhle917nO0h7D5qclV2,0,10,0,0,0,0,0
KJe8gF82c29vekA5VpEN,LE FIVE Créteil,published,captain,ChIJ88lx3VwL5kcRVxCh4lD6_Gk,48.7643086&2.4706522,2024-01-21T11:00:00.000Z,90,16.5,private,false,Détente,2,nwCO7ClwcpduYGwx2LUOmuC5chF2,1,10,0,0,0,0,0
KKSZiaHheUiC8zlPMZFo,UrbanSoccer - Porte d'Aubervilliers,played,captain,ChIJ0dXjDCZs5kcRvX0EpMwxsUY,48.9074912&2.3746518,2024-02-09T22:00:00.000Z,60,10.5,public,true,Compétition,4,3hNGro280LXi8EVzltW2QaTRI4Q2,10,10,2,0,0,0,1
KLT7qoBhwGIf2osT4RN4,UrbanSoccer - Porte d'Aubervilliers,played,captain,ChIJ0dXjDCZs5kcRvX0EpMwxsUY,48.9074912&2.3746518,2024-01-22T11:05:00.000Z,120,7,public,true,Détente,,zU2t8lEGM0Zx3DnTseoOMYqTaht1,10,10,2,0,0,0,0
KLtLtgnKB0hb1HQfGIZt,Evolution Football,played,captain,,43.2836074&5.52356,2024-02-02T19:20:00.000Z,60,9,public,false,Détente,3,VTpy8cfS6iO3e8qxXAdQLz4pNxi1,10,10,0,0,0,0,0
KMmQF7zP3oIy51dlisey,Foot POWER 5,canceled,pro,,48.960066&2.2061913,2024-01-30T17:00:00.000Z,90,5,public,false,,,sss3dYi6nzWd7rEjwcQ30LGKudj1,0,10,0,0,0,0,0
KNOgAkPq7S3uMtDhVn2y,LE FIVE Créteil,published,pro,,48.7643086&2.4706522,2024-02-23T16:00:00.000Z,60,7,public,false,,,ZmXMWx7aTdPoPkkGOWa2HIQVblq2,0,10,0,0,0,0,0
KNOoAw6iP3GI563JqAJl,LE FIVE Paris 17,published,pro,,48.900032&2.3213449,2024-02-20T16:00:00.000Z,60,5,public,false,,,V6mqbc9C8FNa1RQlUupjeoqOsZL2,10,10,0,0,0,0,0
KOI38AHDosmfZllUs02h,UrbanSoccer La Défense,canceled,captain,ChIJh4rnfVhk5kcRV2Q-ZKdm8vA,48.8996456&2.2216773,2024-02-03T16:45:00.000Z,60,13.5,public,true,Détente,3,VD9ODfaAjcS1pb401hKVLbwXGt92,5,10,0,0,0,0,0
KOgCg9BtBf1Its65Gvl7,Gymnase Rosalind Franklin,published,captain,ChIJeUB7Xqlz5kcR_akj6eEkBmk,48.8095385&2.4035959,2024-01-28T09:30:00.000Z,120,,public,false,Détente,,RPBkJhlCOXYsBalhtCn3yAwbtgp2,7,12,0,0,0,0,0
KPjMs04TTsx3GM5jgCp9,UrbanSoccer - Marne-La-Vallée,published,captain,ChIJ6bDBiosP5kcROXiloHzSdhc,48.82658600000001&2.6296937,2024-01-27T10:00:00.000Z,90,12.75,public,true,Détente,2,tYpGNfdhmKY3Ua0jzLxe7w6oCBG3,6,10,0,0,0,0,2
KR3NyG87qC4EF4a3uaTV,Stade Jean-Pierre Wimille,played,captain,ChIJpROZRl9l5kcRIMxrDepRwGo,48.87414159999999&2.2772219,2024-02-09T11:00:00.000Z,90,,public,false,Détente,3,XnvW9brVmuclYXS7MIYBC1ThD8e2,18,18,2,0,0,0,0
KSC1xjtujQbdcL7kVhzY,Monclub Futbol,published,captain,ChIJGbxxaamUyRIRgGvhHnhJStA,43.4299152&5.4001974,2024-01-30T19:00:00.000Z,60,9,public,false,Détente,3,gYzjIXHSBzaCoePh0UaduDL6Y3J2,9,10,0,0,0,0,0
KSRs6MyZgrBiCnvUb1EK,Stadium Thiais,hidden,pro,ChIJ64X9jzx05kcRsHvSfOv6UcA,48.7511024&2.3713455,2024-01-26T21:00:00.000Z,90,14,public,false,,,psf3NmXEPwdCltHKJC7VuvJocrF3,0,10,0,0,0,0,0
KSsLinnDcyjnQUUyccNz,Massilia Foot Indoor 2,canceled,captain,ChIJxZ6UmMW-yRIRfYNGGPPJfIU,43.3266563&5.3836488,2024-02-08T21:00:00.000Z,60,9,public,false,Détente,2,UXuNqIGUAzTsha3wEklldLXqeMg2,1,10,0,0,0,0,0
KT71PrzZ1abtBLsmu9Y8,UrbanSoccer - Marne-La-Vallée,canceled,captain,ChIJ6bDBiosP5kcROXiloHzSdhc,48.82658600000001&2.6296937,2024-02-03T17:30:00.000Z,90,13.5,public,true,,3,ck7xoGxVlvS7n6ud7pCxXd2JGDl2,5,10,0,0,0,0,0
KUiFZ6HUzviBTW5v4QSB,UrbanSoccer La Défense,played,captain,ChIJh4rnfVhk5kcRV2Q-ZKdm8vA,48.8996456&2.2216773,2024-01-21T14:15:00.000Z,60,14.5,public,true,Détente,2,HCagDGdQbWggpREaQo3SlCVCDk02,10,10,4,0,0,0,1
KVdCvotuopsYTBgbhdin,LE FIVE Paris 18,played,captain,ChIJpVT4_n1u5kcRzji6FdTBXXo,48.8978522&2.3700234,2024-02-05T21:00:00.000Z,60,5,public,true,Détente,2,n4W8yUPegFbSD03f1VsK8IkVZRg2,10,10,3,0,0,0,2
KW2XCum6b9yY2BnmT5lx,Espace Grand Paris,canceled,captain,ChIJ90iuVDgL5kcRK-ufasTjbnQ,48.7676544&2.4566032,2024-01-28T15:40:00.000Z,150,4,public,false,Compétition,3,B7ZImDDnE4dG9bUxjzSxrKkceOj1,7,8,0,0,0,0,4
KX2DlKmUufjsMM1LQZ0e,Stadium Thiais,played,captain,ChIJ64X9jzx05kcRsHvSfOv6UcA,48.7511024&2.3713455,2024-01-26T17:00:00.000Z,90,14,public,false,Compétition,3,Dohg1zNvhsbmGrYuAmExKFyjruw2,10,10,0,0,0,0,0
KZAVAmRzGk69MbzO9t7r,UrbanSoccer Meudon,canceled,captain,ChIJ0WKvjbh75kcRoqSmyWwW2jQ,48.80013599999999&2.2140811,2024-02-10T14:00:00.000Z,60,12,public,true,Détente,2,94mMGe5sKXgR2L97x0sfMATfYmi1,9,10,0,0,0,0,0
KZYF5Ltk2ZmQeJ1Y3xRX,LE FIVE VITROLLES,published,captain,ChIJi4A-IrHoyRIRunoYLEGNeYI,43.4338497&5.240971399999999,2024-02-13T17:00:00.000Z,60,10,private,false,,3,6E5dYktiK0arI1P4shBKmnq4Ao42,10,10,0,0,0,0,0
Kb96NtkuYBWW316O5sbz,LE FIVE Montreuil,published,pro,,48.8613036&2.4653095,2024-03-13T11:00:00.000Z,90,10.5,public,false,,,u9uC1vjdcdQ3UqNxI0SiFxor0m43,0,10,0,0,0,0,0
KdHzFxcaKpGA7rihTU10,UrbanSoccer - Porte d'Aubervilliers,played,captain,ChIJ0dXjDCZs5kcRvX0EpMwxsUY,48.9074912&2.3746518,2024-02-10T13:45:00.000Z,90,16.5,public,true,Détente,3,7UQsJI5HsCc20DDCu4vV95Wz1wJ2,10,10,3,0,0,0,1
Kdcgd1fxLzScL6R22fdD,Footbox,published,pro,,48.9022789&2.582647,2024-02-14T13:00:00.000Z,60,7,public,false,,,QI89VPazyLhBVnWH871jk4BUEZI3,0,10,0,0,0,0,0
Kdd8CrNiwr7W9lzkJXMB,Testing Purposes,published,pro,,67.461524&-152.801377,2024-01-30T15:00:00.000Z,90,12,public,false,,,f2LrY7SAV3U1V9tUVAZfiMxA3uu1,0,10,0,0,0,0,0
Kdv0W6XtTMla7Fvom9Wa,Events Five,canceled,captain,ChIJf8cSCJG5rhIRoQadPH-wW1U,43.5399703&1.3922897,2024-02-09T18:00:00.000Z,60,8,public,false,,,kz4gID3e1cY9RfDVkcGnK2fsrOx1,6,10,0,0,0,0,0
KeAhUCILtXLRCp9efAX9,Monclub Futbol,canceled,captain,ChIJGbxxaamUyRIRgGvhHnhJStA,43.4299152&5.4001974,2024-01-31T18:00:00.000Z,60,10,public,false,Détente,3,uYX7P5kdWghdtKRSG26ZY8zoZGu2,9,10,0,0,0,0,0
Kevy8cdiRKDSlQS1mlUA,LE 5 DE LEGENDE,canceled,captain,ChIJU_aXKN_A9EcRHCY74rI9i4Y,45.7617542&4.9413708,2024-01-21T16:00:00.000Z,60,9,public,false,Compétition,3,vSeT6JrqdHW54HyGOZDjzrm9F742,5,10,0,0,0,0,0
Kf31wIK9eoJ22r4YqmWA,UrbanSoccer La Défense,played,captain,ChIJh4rnfVhk5kcRV2Q-ZKdm8vA,48.8996456&2.2216773,2024-01-26T20:45:00.000Z,90,14.5,public,true,Compétition,4,jvKX6L38qAhYAYu1fVAR9XaW0p83,10,10,3,0,0,0,1
Kfsya23AFGhyvXvdINZT,Stade Élisabeth,canceled,captain,ChIJkXj9tq5x5kcROlxynHzTh9o,48.8207737&2.3270972,2024-02-10T14:30:00.000Z,120,,public,false,Détente,3,XUPRr4JmHNSlftMt2gFq5Pkvy3q1,4,12,0,0,0,0,0
KgWNFdeqJxZAy3RIlbMD,Foot-Max Argenteuil,played,captain,ChIJi9oIzaRm5kcRJYcK7QsdRMU,48.9501569&2.2093741,2024-01-31T18:00:00.000Z,60,5,public,false,Détente,4,F2NpwA2hUsMdFU6OOilgMbWzamO2,10,10,4,0,0,0,2
KgoLeJA7YQXGmnABj4Xf,Top Ten,published,pro,,48.8729106&2.6840919,2024-01-23T11:00:00.000Z,90,5,public,false,,,i27253AGxOfXgYJK72sBnvUGuMk2,0,10,0,0,0,0,0
Kgq3LmvDGk4NIdhFA7v9,Halle Georges Carpentier,canceled,captain,ChIJnXkSwCty5kcR-nlHXNFQlg4,48.82020139999999&2.3672361,2024-02-05T14:00:00.000Z,120,,public,false,Détente,,FYfgfT1shkXXyaMI4sZTA7d9Qdw2,3,16,0,0,0,0,2
KhHOvhNOMPTvkRH8DCQo,UrbanSoccer La Défense,canceled,captain,ChIJh4rnfVhk5kcRV2Q-ZKdm8vA,48.8996456&2.2216773,2024-01-22T18:30:00.000Z,60,13.5,public,true,Détente,3,wwwSCl4VKbeqMo8M0SkDUKPCxS72,4,10,0,0,0,0,2
KhZkkfQLomEb0PXPJjuP,Footbox,published,pro,,48.9022789&2.582647,2024-03-10T15:00:00.000Z,60,10,public,false,,,QI89VPazyLhBVnWH871jk4BUEZI3,0,10,0,0,0,0,0
KhbCaPGHJBtH3BvxYTRW,UrbanSoccer Evry,published,captain,ChIJW0Ut1G7e5UcRt621n2fRQ5M,48.6286849&2.4066366,2024-02-02T19:00:00.000Z,60,12,public,true,Détente,3,ITtRl6l5yAW40Div5pz7dBehl8f2,9,10,0,0,0,0,0
KiVDKP5yH0doLyGAg7Gd,Stade des Fauvettes,canceled,captain,ChIJC09ncHtC5kcR2xzX6Z-I_8s,49.02466279999999&2.3415917,2024-01-28T08:00:00.000Z,90,,public,false,Détente,3,ieZSGXYuXTRziE6suFIfhF3yTjf2,2,10,0,0,0,0,0
KiVuw7IhMKVYVBDql6v9,Stadium Thiais,played,captain,ChIJ64X9jzx05kcRsHvSfOv6UcA,48.7511137&2.3715422,2024-02-10T15:30:00.000Z,90,14,public,false,,3,8z69joeXgRXkGFP3TNv4gKoMtiy1,12,12,7,0,1,0,2
KlHn1rwxe6scuvvV3RtR,UrbanSoccer - Marne-La-Vallée,played,captain,ChIJ6bDBiosP5kcROXiloHzSdhc,48.82658600000001&2.6296937,2024-02-09T18:00:00.000Z,60,11,public,true,Détente,3,mUn5OKiTa4ajaMSrB4Ybcr4ZR5E2,10,10,0,0,0,0,1
KlKss0tJ7bYjMtq3q7SN,LE FIVE Paris 13,published,pro,,48.8181615&2.3658793,2024-02-28T22:00:00.000Z,60,10,public,false,,,FjSnzlRFFfhWVWQJGfIEwRc2ZMj2,0,10,0,0,0,0,0
KlP48TtSJAukWizu8d5M,LE FIVE Paris 13,published,pro,,48.8181615&2.3658793,2024-02-22T22:00:00.000Z,60,10,public,false,,,FjSnzlRFFfhWVWQJGfIEwRc2ZMj2,0,10,0,0,0,0,0
KlmEeNoDnrrYHgqvnixV,Stade de la Plaine,canceled,captain,ChIJsZ2XBj165kcRuf1UK_aXv9k,48.7905631&2.2495574,2024-01-21T13:30:00.000Z,150,,public,false,Détente,3,OxsVybpPadQ7AO4xirK4r9QwvkI2,17,18,0,0,0,0,1
Km60WBBGqbGG5PfVS8Jn,Parc de Choisy,canceled,captain,ChIJ7RWNzpZ05kcRTkknDj8Df-I,48.7664003&2.4305572,2024-01-29T22:00:00.000Z,30,20,public,false,Compétition,5,s07JSnByr4cK4nenA1O20t1kL6o1,4,4,0,0,0,0,0
KmY3t8JAqvFfJ93IBnY9,UrbanSoccer - Quai d'Ivry,canceled,captain,ChIJfXxYJ0xy5kcRw9xTkF6-FZQ,48.8199885&2.3936463,2024-01-21T10:45:00.000Z,60,13,public,true,Détente,,HuUecDA8YfesRAUbLGzdbIeXGg52,10,10,0,0,0,0,0
KnSqTHEJiIvGy2stW0lQ,Top Ten,published,pro,,48.8729106&2.6840919,2024-02-14T16:00:00.000Z,90,5,public,false,,,i27253AGxOfXgYJK72sBnvUGuMk2,10,10,0,0,0,0,5
KnqMjTJbixpPYHl9z72J,Play Soccer,played,captain,ChIJQ-UxZn-5rhIRKWoQydM5T9s,43.5512023&1.4098927,2024-02-04T18:00:00.000Z,60,8,public,false,,,8LtkeOuZHeePxfkXdNPmQSr7V9L2,10,10,0,0,0,0,0
KoTJdSaEEy1m9hp18p8a,Stade de l'Ile Billancourt,played,captain,ChIJ_VzHyPZ65kcRie3KTzFg37c,48.8223054&2.2450824,2024-02-12T11:15:00.000Z,90,,public,false,Compétition,3,KkIe20SESrQEox7gFr1iQCSjgI72,16,16,0,0,0,0,0
KpEfef4gQeU9kmL4lvnN,LE PARK Complexe Multisports,played,captain,ChIJMU8gErUJ5kcRSnpvacKwFtM,48.71189589999999&2.5771181,2024-02-04T10:30:00.000Z,90,15,public,false,Détente,2,zMWmc1wK6KUtcAKJDhv4b9GL4Xf1,10,10,0,0,0,0,1
KqG0K3B6hl57jTXVVns1,Play Soccer,played,captain,ChIJQ-UxZn-5rhIRKWoQydM5T9s,43.5512023&1.4098927,2024-02-05T17:30:00.000Z,90,15,public,false,,3,8LtkeOuZHeePxfkXdNPmQSr7V9L2,10,10,3,0,0,0,1
KqIdmYSn5e0ar0fwdQA7,Speed Soccer Five,published,pro,ChIJ2xTNglV25kcR3UDi4AXGfDU,48.7360598&2.315058,2024-02-10T19:30:00.000Z,90,10,public,false,,,MkTJljXziPXBdRdijccndMLBNCC3,2,10,0,0,0,0,0
KqK1QDq7R6X8zztUUCyv,Speed Soccer Five,published,pro,,48.7360598&2.315058,2024-02-14T17:00:00.000Z,90,13,public,false,,,MkTJljXziPXBdRdijccndMLBNCC3,0,10,0,0,0,0,0
KqKV51t4iiPF3y3Jxc8d,Evolution Football,published,captain,ChIJX0YulIi8yRIRnGh62u3UXTQ,43.2836074&5.52356,2024-02-13T18:30:00.000Z,60,9,private,false,Détente,5,Lzo7WogBgXfxjsbuEBGvB9HLjxv1,10,10,0,0,0,0,0
KsUMPj9k8882mhXuCpYi,Classico Foot,played,captain,,43.5945434&1.2911399,2024-02-07T17:00:00.000Z,60,9,public,false,Détente,,mbcCvkM0XUUSM7oG1RRK5cf3Qmo1,10,10,1,0,0,0,0
KsUYspDZG7t2vwswp2Pv,FIVE ARENA MEAUX ,canceled,pro,,48.9539465&2.9154573,2024-02-06T19:00:00.000Z,90,10,public,false,,,4K6djqUyJdTgGF3Q7nh7CXQHqVh1,0,10,0,0,0,0,0
KsWywN7bNjJQ7oarfkqM,We Are Sports,played,captain,ChIJFZU5oBHC9EcRJTFrSkI1xxg,45.7113247&4.8761886,2024-01-22T19:45:00.000Z,60,10,public,false,Détente,3,i3k1cjFLMtbEoKDWBc8MNmFlbsB2,12,12,3,0,0,0,2
KsxugMFVCu72igfOJGW7,LE FIVE Paris 18,played,captain,ChIJpVT4_n1u5kcRzji6FdTBXXo,48.8978522&2.3700234,2024-01-31T17:30:00.000Z,60,14,public,true,Détente,2,ntxZcrG8RRSBnnDAlLSgTO9DXhi1,10,10,1,0,0,0,2
Kt4IXzChtLU4yyB0sD9n,Foot POWER 5,canceled,pro,,48.960066&2.2061913,2024-03-02T11:00:00.000Z,60,5,public,false,,,sss3dYi6nzWd7rEjwcQ30LGKudj1,0,10,0,0,0,0,0
Kt6fzaBzdwBMuOqrUhqv,Stadium Thiais,published,pro,,48.7511024&2.3713455,2024-02-13T21:00:00.000Z,90,14,public,false,,,psf3NmXEPwdCltHKJC7VuvJocrF3,0,10,0,0,0,0,0
KtbDwUdTfLOvU1ZOPsxs,LE FIVE Montreuil,published,pro,,48.8613036&2.4653095,2024-03-09T15:00:00.000Z,60,10,public,false,,,u9uC1vjdcdQ3UqNxI0SiFxor0m43,0,10,0,0,0,0,0
KuFyphEEZtp2UIcyrh6L,LE FIVE Montreuil,published,pro,,48.8613036&2.4653095,2024-02-24T17:30:00.000Z,90,15,public,false,,,u9uC1vjdcdQ3UqNxI0SiFxor0m43,0,10,0,0,0,0,0
KuZIh40NetGKcoqcQ9Gw,Speed Soccer Five,canceled,captain,ChIJ2xTNglV25kcR3UDi4AXGfDU,48.7360598&2.315058,2024-02-08T18:30:00.000Z,90,13,public,false,Détente,,Z5sxx936iZX9hchZEihemmPqYW12,7,10,0,0,0,0,0
KunMggnfP2CL4xDS7MtW,Footbox,published,pro,,48.9022789&2.582647,2024-02-14T15:00:00.000Z,60,7,public,false,,,QI89VPazyLhBVnWH871jk4BUEZI3,0,10,0,0,0,0,0
KuoX9W1WbnlaU56k9OEV,Stadium Thiais,canceled,captain,ChIJ64X9jzx05kcRsHvSfOv6UcA,48.7511137&2.3715422,2024-02-08T19:30:00.000Z,90,15,private,false,Détente,2,4RHDQtermHaFhL7qUwROYvMuoIF3,7,10,0,0,0,0,0
KwVfXQb6NSu8kI9z0lSO,Top Ten,published,pro,,48.8729106&2.6840919,2024-03-06T16:00:00.000Z,90,5,public,false,,,i27253AGxOfXgYJK72sBnvUGuMk2,0,10,0,0,0,0,1
KxFieKILPpu4GaRZDvvY,Footbox,published,pro,,48.9022789&2.582647,2024-02-17T19:00:00.000Z,60,10,public,false,,,QI89VPazyLhBVnWH871jk4BUEZI3,0,10,0,0,0,0,0
L3Z7EjUXZSXprpMgxbvm,UrbanSoccer - Quai d'Ivry,played,captain,ChIJfXxYJ0xy5kcRw9xTkF6-FZQ,48.8199885&2.3936463,2024-01-23T18:00:00.000Z,60,13.5,public,true,Détente,3,RhX1NbJiRiY0EcGaIzLPdHs7Ix23,10,10,3,0,1,0,0
L4ZLGE5wvoNkYqnufEEM,LE PARK Complexe Multisports,played,captain,ChIJdUHbID8O5kcRV5lQhiHTvhs,48.8337843&2.5728501,2024-01-25T20:30:00.000Z,90,15,public,false,Détente,3,829zZz6oFwgbm5XgM88zXeeLYNB3,10,10,2,0,0,0,2
L4ubwVstroD4ClRYE4Z7,Stade Jean Jaurès,played,captain,ChIJZeiwsidk5kcRfr4JxmBG86s,48.9370177&2.2250254,2024-01-20T11:00:00.000Z,120,,public,false,Compétition,4,9RsiW31iSGhaAT8kokv7pIP4bmU2,18,18,15,0,1,0,3
L5RcoVXmcLfYEluJbzyO,Centre Sportif Maryse Hilsz,published,captain,ChIJgY6iBYxt5kcRHD7TB4jAHV4,48.8520783&2.4128877,2024-02-15T12:00:00.000Z,120,,public,false,Détente,3,vft2WRS7zdU9ST6fNn76LWPt8Vn2,16,16,0,0,0,0,4
L5VX7aLHEslmLIekuGt9,Stadium Thiais,published,pro,,48.7511024&2.3713455,2024-02-25T21:00:00.000Z,90,15,public,false,,,psf3NmXEPwdCltHKJC7VuvJocrF3,0,10,0,0,0,0,0
L5aGWoFmJbodoryPGx7Z,Monclub Futbol,played,captain,ChIJGbxxaamUyRIRgGvhHnhJStA,43.4299152&5.4001974,2024-01-25T20:00:00.000Z,120,10,public,false,Détente,2,r3tG4SnGQfcOOuO87UR47ZSVc6u2,10,10,3,0,0,0,0
L5hQGWNHNpJCRQ26SOY7,Stadium Thiais,published,captain,ChIJ64X9jzx05kcRsHvSfOv6UcA,48.7511024&2.3713455,2024-01-22T21:30:00.000Z,90,14,public,false,Détente,2,0ZjHLSfEApPWXDsKIZKmXshY5lr1,9,10,0,0,0,0,0
L5xSMfjDhaORUBm09lEg,Footbox,published,pro,,48.9022789&2.582647,2024-03-09T22:00:00.000Z,60,10,public,false,,,QI89VPazyLhBVnWH871jk4BUEZI3,0,10,0,0,0,0,0
L6qdwvdtqqbyQZjbVbu7,UrbanSoccer La Défense,played,captain,ChIJh4rnfVhk5kcRV2Q-ZKdm8vA,48.8996456&2.2216773,2024-02-02T17:50:00.000Z,60,14.5,public,true,Détente,3,JNQP7eOJ8jcioI2e7fJywqogexl1,10,10,3,0,0,0,3
L7572Z6pxDha4D7iKSJg,Footbox,published,pro,,48.9022789&2.582647,2024-03-03T14:00:00.000Z,60,10,public,false,,,QI89VPazyLhBVnWH871jk4BUEZI3,0,10,0,0,0,0,0
L7DHPPAkW0sTL2vZZjAv,UrbanSoccer - Porte d'Aubervilliers,canceled,captain,ChIJ0dXjDCZs5kcRvX0EpMwxsUY,48.9074912&2.3746518,2024-01-29T18:00:00.000Z,90,17.25,public,true,Détente,,sedwkPZJsFUbSfLrYPQtYzeoXw83,9,10,0,0,0,0,0
L7U28CAQ3HgYq8b8diab,LE FIVE Bezons,published,pro,,48.91909&2.2093051,2024-02-22T21:00:00.000Z,90,14,public,false,,,U3MriTZbPbTUEsU6RtRuHxDMKvg2,0,10,0,0,0,0,0
L827wGwkV2wwrye8GSeu,UrbanSoccer - Porte d'Aubervilliers,played,captain,ChIJ0dXjDCZs5kcRvX0EpMwxsUY,48.9074912&2.3746518,2024-01-31T18:00:00.000Z,60,13.5,public,true,Détente,2,PwekmI0HY8eUJaIdRR8AMKr6d203,10,10,3,0,0,0,0
L88tecw15nEzvS8OYq4z,LE FIVE Paris 17,published,pro,,48.900032&2.3213449,2024-03-06T16:00:00.000Z,60,5,public,false,,,V6mqbc9C8FNa1RQlUupjeoqOsZL2,0,10,0,0,0,0,0
L9lKc4pYYDCRnqU3LYZf,Monclub Futbol,published,pro,ChIJGbxxaamUyRIRgGvhHnhJStA,43.4299152&5.4001974,2024-01-29T20:30:00.000Z,90,12,public,false,,,CSTy9rmJRQSyWlqWuGiUhGpAGqf2,3,10,0,0,0,0,1
L9x1Rgyq5jwwmxRli7pV,LE FIVE Villette,played,captain,ChIJTUFnQjps5kcR0pHITLTw1PI,48.9070122&2.3861459,2024-02-11T16:30:00.000Z,90,15,public,false,Détente,2,PWGnfFdna7fgQoXUwd6YmdmRRa33,10,10,0,0,0,0,0
LA2lAdN4yDCDb4s2LEdi,Stade Alain Mimoun,played,captain,ChIJKXgjEg8K5kcRAQMS-mAPMIA,48.6984273&2.5200303,2024-02-11T08:30:00.000Z,120,,public,false,Détente,4,3tQbrsDwhhb8S5C2PF9iZnetZCt1,16,16,2,0,0,0,2
LC8uwVBrGRjigjzdq7Sx,Ruocco Arena,published,captain,ChIJec6FdoyNyRIR1T4f7npI5nA,43.5128999&5.4512978,2024-01-21T14:00:00.000Z,90,,public,false,Compétition,,pruzPYYUO4MfOkbqM7dGNwbgL5F3,3,14,0,0,0,0,0
LCoRQirQo2Wl1q0fRysh,UrbanSoccer Evry,published,captain,ChIJW0Ut1G7e5UcRt621n2fRQ5M,48.6286849&2.4066366,2024-01-21T12:00:00.000Z,60,8.5,public,true,Chill,,uqcFDgcChMUMdLzJTdWU8Gf42cZ2,7,10,0,0,0,0,2
LDv09wLWfXGjZYOAk6bi,Foot POWER 5,canceled,pro,,48.960066&2.2061913,2024-02-03T18:30:00.000Z,90,10,public,false,,,sss3dYi6nzWd7rEjwcQ30LGKudj1,0,10,0,0,0,0,0
LDxLNFlEH1vIK1vbJ3Ii,UrbanSoccer Meudon,played,captain,ChIJ0WKvjbh75kcRoqSmyWwW2jQ,48.8001204&2.2140771,2024-01-31T18:30:00.000Z,60,11.5,public,true,Détente,2,Fm8XuTjO1XNpVcx5fFrdshKmHfk2,10,10,4,0,0,0,1
LEbHEbu29dmCVDcwWqbB,LE FIVE Bezons,published,pro,,48.91909&2.2093051,2024-02-26T17:00:00.000Z,60,7,public,false,,,U3MriTZbPbTUEsU6RtRuHxDMKvg2,0,10,0,0,0,0,0
LFBN4GQn6DtiMobcjqso,LE FIVE Paris 17,published,pro,,48.900032&2.3213449,2024-03-01T16:00:00.000Z,60,5,public,false,,,V6mqbc9C8FNa1RQlUupjeoqOsZL2,3,10,0,0,0,0,0
LFtBFr3fImuR4yDZEpgj,UrbanSoccer - Lille Lezennes,canceled,captain,ChIJR3ro5nTWwkcRfM_S3Be9HjI,50.6169533&3.0995426,2024-01-22T19:00:00.000Z,90,10,public,true,Compétition,4,AnvNUpJkuJaIaX0DqYY6TEFtWhK2,1,10,0,0,0,0,0
LJhGk2C3zLEr42ZjkqNn,UrbanSoccer - Toulouse Montaudran,played,captain,ChIJl772e0u8rhIR2foRX4Xa2CI,43.574642&1.4801835,2024-01-25T18:55:00.000Z,60,12,public,true,Détente,,toNEcxqIDuSIjsSV9QZCYnOWJiK2,10,10,2,0,0,0,0
LJu4HzK2HYhoMomZocZv,Top Ten,published,pro,,48.8729106&2.6840919,2024-01-24T22:00:00.000Z,90,16.5,public,false,,,i27253AGxOfXgYJK72sBnvUGuMk2,0,10,0,0,0,0,0
LKmilQwW3iK3xI0UI0uf,LE FIVE Créteil,published,pro,,48.7643086&2.4706522,2024-02-15T16:00:00.000Z,60,7,public,false,,,ZmXMWx7aTdPoPkkGOWa2HIQVblq2,0,10,0,0,0,0,0
LKnvJffLBU7R8TWRA4tH,LE FIVE Paris 17,played,captain,ChIJ7eI8sFNv5kcR5xy52Wc57NU,48.900032&2.3213449,2024-01-31T19:00:00.000Z,60,12,public,true,Détente,2,BjQwFLbblQTSHiQmovxiQvmEeHn2,10,10,1,0,0,0,0
LMC1xhXO59pxx2cQS0W7,Stadium Thiais,published,pro,ChIJ64X9jzx05kcRsHvSfOv6UcA,48.7511024&2.3713455,2024-02-07T17:00:00.000Z,90,14,public,false,,,psf3NmXEPwdCltHKJC7VuvJocrF3,0,10,0,0,0,0,0
LNTl4m42KfYutaGPK5GN,POWER FIVE ( Foot à 5 en intérieur ),played,captain,ChIJ6ULNmyh15kcRV9cjbnBjGr8,48.73026429999999&2.4346948,2024-01-21T17:00:00.000Z,90,15,public,false,Compétition,3,HLxCLPCUHMeAJE9SRXfnreRPpL52,10,10,3,0,0,0,0
LOvtFu5UV26YKZUEnNbD,LE FIVE Bezons,played,pro,,48.91909&2.2093051,2024-01-20T20:00:00.000Z,90,13.5,public,false,,,U3MriTZbPbTUEsU6RtRuHxDMKvg2,10,10,6,0,0,0,2
LRDElyUFlJ1p2llgUxZe,Stadium Thiais,published,pro,,48.7511024&2.3713455,2024-01-27T09:30:00.000Z,90,12,public,false,,,psf3NmXEPwdCltHKJC7VuvJocrF3,0,10,0,0,0,0,0
LTJ10DquPGkINff09c2H,Parc départemental des sports de Marville,published,captain,ChIJb7v1Kghs5kcRlOK5J2yhoCk,48.9370153&2.3847308,2024-02-03T08:30:00.000Z,60,,private,false,Compétition,3,se9dkd0AMhfl6lvzFWoGqOfUhwg2,13,14,0,0,0,0,1
LU5Ws9zAyAPUSz9gF8Wj,LE PARK Complexe Multisports,canceled,captain,ChIJdUHbID8O5kcRV5lQhiHTvhs,48.8337843&2.5728501,2024-02-11T10:30:00.000Z,90,15,public,false,Compétition,4,9ejSKZlCD6O2ZRXiuLK2Vk5H9gB3,8,10,0,0,0,0,1
LUISqeY8pMs1Jrz4uWuh,F5 Foot Five,played,captain,ChIJjUbM5G7A9EcRW3mlkrhyXxY,45.7857911&4.905926399999999,2024-01-22T17:00:00.000Z,60,9.5,public,false,Compétition,2,MDWyqL3LCFUbmAJPfRryfjW5Ad42,10,10,2,0,0,0,0
LULUOQRjsm7OZcF3jBBn,Evolution Football,played,captain,ChIJX0YulIi8yRIRnGh62u3UXTQ,43.2836074&5.52356,2024-01-23T18:30:00.000Z,60,9,private,false,Détente,5,Lzo7WogBgXfxjsbuEBGvB9HLjxv1,10,10,10,0,0,0,0
LUSMH9mnfYkgFNtcrd8j,Top Ten,published,pro,ChIJfXprBx4b5kcRmhe-5pLZUek,48.8729106&2.6840919,2024-02-02T11:00:00.000Z,90,5,public,false,,,i27253AGxOfXgYJK72sBnvUGuMk2,1,12,0,0,0,0,0
LUT7NkVwgGg3gN2tKvko,LE FIVE Montreuil,published,pro,,48.8613036&2.4653095,2024-02-05T22:00:00.000Z,60,8,public,false,,,u9uC1vjdcdQ3UqNxI0SiFxor0m43,0,10,0,0,0,0,0
LVVrgknmblYSI3rYisyr,UrbanSoccer - Porte d'Aubervilliers,played,captain,ChIJ0dXjDCZs5kcRvX0EpMwxsUY,48.9074912&2.3746518,2024-02-11T10:30:00.000Z,90,18,public,true,Compétition,3,aO9kRtZGujUc5QCBZmkLkCdIe1I3,10,10,1,0,0,0,0
LVncyJHZHdcctXtk40kv,UrbanSoccer - Quai d'Ivry,played,captain,ChIJfXxYJ0xy5kcRw9xTkF6-FZQ,48.8199885&2.3936463,2024-01-21T17:15:00.000Z,60,14,public,true,Détente,2,KN1H0bXnzZRs6X1hmKkiL0oHr5W2,10,10,2,0,0,0,2
LWFWtOspkwjrDjue9zfG,UrbanSoccer - Puteaux,canceled,captain,ChIJM_sC0-Nk5kcRhL1y_EFIje8,48.8836397&2.2312283,2024-02-03T17:00:00.000Z,60,12.5,public,true,Détente,3,s14ld3U3SDUyJdoZlPszFr79ORh2,9,10,0,0,0,0,0
LXBxlIr84ehrLIsEBFIP,LE FIVE Bezons,canceled,captain,ChIJ71Mv0Wpk5kcRg-H9x7L-dXo,48.9190524&2.211796,2024-01-21T21:30:00.000Z,90,7,public,true,,3,riias2czXvPFbHOAK7ov16qAPdk1,10,10,0,0,0,0,0
LXxyZHhvxTydwigjRfr4,LE FIVE Sarcelles,played,captain,ChIJ6_q3Fxhq5kcRCpoEwnoXX1Q,48.99782219999999&2.3902225,2024-01-31T18:00:00.000Z,90,13,public,false,Détente,2,6RtlcUrpn4eDRW36wp0jEFCWHy33,10,10,2,0,0,0,0
LYfP99W8AuYeYcHBWGsO,Stadium Thiais,published,pro,,48.7511024&2.3713455,2024-02-20T14:00:00.000Z,90,8,public,false,,,psf3NmXEPwdCltHKJC7VuvJocrF3,0,10,0,0,0,0,0
Lag4vusT6cwSQt2hqiPe,Foot-Max Argenteuil,played,pro,ChIJi9oIzaRm5kcRJYcK7QsdRMU,48.9501632&2.2093946,2024-02-06T21:00:00.000Z,90,12,public,false,,,SuEnyPZ4TgNIkt1yap2yJ3ZHO6p1,10,10,4,0,0,0,1
LbUvoUJ2aUk4Zqqke526,Terrain de Draveil,published,captain,ChIJ8TYAB93f5UcRtDLTkIEHl88,48.6889414&2.3919424,2024-02-04T09:15:00.000Z,120,,public,false,Compétition,3,4UFqEa4a0Lgs47WeclcJErXD5s82,16,18,0,0,0,0,5
LbqyQCsVz67JInsIadC6,UrbanSoccer - Porte d'Aubervilliers,played,captain,ChIJ0dXjDCZs5kcRvX0EpMwxsUY,48.9074912&2.3746518,2024-01-24T19:45:00.000Z,60,15,public,true,Détente,2,yHAlJCnUMubD78WWEzWuPrvHke12,10,10,3,0,0,0,1
LdLOIyErYFRVMus1kvAh,City KOF,canceled,captain,ChIJ_2pirmlv5kcRTpGJ0UDn1Y8,48.9155954&2.2963072,2024-01-26T11:00:00.000Z,90,,public,false,Détente,2,PL0nw3BiAUhxDJuKc8qZsRazcM23,7,10,0,0,0,0,0
LdkUra78x7SLS4bqeRkp,Speed Soccer Five,played,captain,ChIJ2xTNglV25kcR3UDi4AXGfDU,48.7360598&2.315058,2024-02-08T18:30:00.000Z,90,13,public,false,Détente,2,FWiHj2WYCIaFSxxUqjWxQeBim1S2,10,10,1,0,0,0,2
LdqgcEhTEsW2xxof8cCt,Stadium Thiais,published,pro,ChIJ64X9jzx05kcRsHvSfOv6UcA,48.7511024&2.3713455,2024-02-12T18:30:00.000Z,90,15,public,false,,,psf3NmXEPwdCltHKJC7VuvJocrF3,0,10,0,0,0,0,0
LeCZJSlkPtcoWrxNhhWn,LE FIVE Bezons,published,pro,,48.91909&2.2093051,2024-03-12T21:00:00.000Z,90,14,public,false,,,U3MriTZbPbTUEsU6RtRuHxDMKvg2,0,10,0,0,0,0,0
LeSa1nYLMAFnnQ1fabfE,Stadium Thiais,published,pro,,48.7511024&2.3713455,2024-01-30T18:00:00.000Z,90,15,public,false,,,psf3NmXEPwdCltHKJC7VuvJocrF3,4,10,0,0,0,0,2
LfI4YkiYJsxHexaaNrKi,UrbanSoccer - Quai d'Ivry,played,captain,ChIJfXxYJ0xy5kcRw9xTkF6-FZQ,48.8199885&2.3936463,2024-02-07T17:15:00.000Z,60,,public,true,Détente,3,jLy6kCWByuZCQLvp0I1vSR7YFJw1,10,10,1,0,0,0,4
LfaZB8Bja6hRGvwFVg8s,Sport dans la Ville Rhône-Alpes,canceled,captain,ChIJoUEDcmvr9EcRILCz6hDCQ2o,45.7811703&4.8081568,2024-01-26T19:30:00.000Z,90,11,private,false,Détente,3,4uPe6492ZjcAwjgjyeJfgClF9lx1,1,10,0,0,0,0,0
LgBN8tV9X8HQqFoI7ynH,Footbox,published,pro,,48.9022789&2.582647,2024-03-05T14:00:00.000Z,60,7,public,false,,,QI89VPazyLhBVnWH871jk4BUEZI3,0,10,0,0,0,0,0
LgOmevGJF2J544NqoE9z,Stadium Thiais,published,captain,ChIJ64X9jzx05kcRsHvSfOv6UcA,48.7511137&2.3715422,2024-02-18T09:30:00.000Z,90,15,public,false,Détente,1,T0gYd02mAcQ3nFRaDLdSQvaj8WW2,10,12,0,0,0,0,0
LgPmxiZNraLUnMwzMgX7,LE FIVE Sarcelles,played,captain,ChIJ6_q3Fxhq5kcRCpoEwnoXX1Q,48.99782219999999&2.3902225,2024-02-01T20:00:00.000Z,90,13,public,false,Détente,2,teJWyUweiHbF7gi2wai3tq2vDQI3,10,10,3,0,0,0,0
LgwGzInLtVy3SHwfayMI,LE FIVE Montreuil,published,pro,,48.8613036&2.4653095,2024-03-13T16:30:00.000Z,90,11.5,public,false,,,u9uC1vjdcdQ3UqNxI0SiFxor0m43,0,10,0,0,0,0,0
Lh7EffeRYY7gQk8SrfEW,UrbanSoccer - Puteaux,played,captain,ChIJM_sC0-Nk5kcRhL1y_EFIje8,48.8836397&2.2312283,2024-01-21T16:00:00.000Z,60,14.5,public,true,Détente,3,HjCzCWZnKEWHH283aJguHCtZy5b2,10,10,1,0,0,0,3
LhKgt16gwZSeNuELaR8y,Élite 5 Soccer,played,captain,ChIJ5-jfdlZk5kcRYIaELgvikaM,48.9009153&2.2297275,2024-02-02T19:00:00.000Z,60,12.5,public,true,Détente,2,TliQKP7mqmPSU02rDXXzTeuuGA53,10,10,1,0,0,0,0
LhflyN80lqOoaJpFWKBG,Centre sportif Suzanne Lenglen,played,captain,ChIJjyw8lw975kcRB8dEmGn3P0Q,48.8302835&2.2740847,2024-02-03T18:30:00.000Z,60,,public,false,Détente,3,9dp5LHYWIbcxIlOJNciL71gOU802,16,16,2,0,0,0,0
Li2UnTqDFmNNVt1AfTCq,Top Ten,published,pro,ChIJfXprBx4b5kcRmhe-5pLZUek,48.8729106&2.6840919,2024-02-10T14:00:00.000Z,90,15,public,false,,,i27253AGxOfXgYJK72sBnvUGuMk2,0,10,0,0,0,0,0
Lj17URVbgv0OSrhG0MZj,LE FIVE Créteil,played,captain,ChIJ88lx3VwL5kcRVxCh4lD6_Gk,48.7643086&2.4706522,2024-01-27T20:30:00.000Z,60,10,public,false,Détente,,8xoYYF0vsJdBJpHPaCoMC63GYGn2,10,10,6,2,1,1,1
LjF8BVDOGLkWaC4An9kM,UrbanSoccer - Puteaux,published,captain,ChIJM_sC0-Nk5kcRhL1y_EFIje8,48.8836397&2.2312283,2024-02-01T20:00:00.000Z,60,14,public,true,Détente,3,SEJEahaqYVVlW05PP2N7hVaKFE72,6,10,0,0,0,0,1
LjbPqRZLMvEkgFqffX7u,UrbanSoccer La Défense,played,captain,ChIJh4rnfVhk5kcRV2Q-ZKdm8vA,48.8996456&2.2216773,2024-01-26T18:00:00.000Z,60,14.5,public,true,Détente,2,NEKFy2e54EejpzM1OrTQlMGNXek2,10,10,2,0,0,0,2
Lld6e43vTtciBXEJTE8P,Sport dans la Ville Rhône-Alpes,published,captain,ChIJoUEDcmvr9EcRILCz6hDCQ2o,45.7811703&4.8081568,2024-02-14T18:00:00.000Z,60,9,public,false,Détente,2,G4QpHYUbqoZlQKbQPAHxFhJo6Yh1,7,10,0,0,0,0,0
Llgv94rf9X4BJuJU4sXC,LE FIVE Marville - La Courneuve,canceled,captain,ChIJ2dHdMZxr5kcR0aKYHYsp0pY,48.9364404&2.3869147,2024-01-25T17:30:00.000Z,90,15,public,false,Détente,4,qsDjY5kB6MON8qU6SLTWc5mpkpu1,9,10,0,0,0,0,0
Ln56tgSaFX6eZT6HpJCJ,UrbanSoccer - Puteaux,played,captain,ChIJM_sC0-Nk5kcRhL1y_EFIje8,48.8836397&2.2312283,2024-01-21T11:00:00.000Z,60,13,public,true,Détente,2,8rY2LLxtWsUhFxStEBtYlI2w9ny2,10,10,3,0,0,0,2
Lo7mGe9BH9Y8Cy6e5hKm,LE FIVE Bobigny,published,pro,,48.901553&2.4313304,2024-02-16T17:00:00.000Z,60,8,public,false,,,4owi3i7t8EOvFNF6UQvACOpiDRy1,3,10,0,0,0,0,0
LpOKaD4kNQ991nyqUKP0,Footsal Cousinerie,published,captain,ChIJXQyb1d8pw0cRLO_Ed5xHTIQ,50.6440829&3.1459612,2024-02-14T19:30:00.000Z,60,10,public,false,Détente,2,sBWK1ZlXCAXFnsn8CJTH9ADm1xJ2,10,10,0,0,0,0,0
Lq1V1S3rqfAxoUYRYSD2,LE FIVE Paris 13,canceled,pro,,48.8181615&2.3658793,2024-02-02T22:00:00.000Z,60,10,public,false,,,FjSnzlRFFfhWVWQJGfIEwRc2ZMj2,0,10,0,0,0,0,0
Lr3L9G6CNilpZMyUX7FL,Footbox,published,pro,,48.9022789&2.582647,2024-03-06T13:00:00.000Z,60,7,public,false,,,QI89VPazyLhBVnWH871jk4BUEZI3,0,10,0,0,0,0,0
LrSATpdTxJ7Qj2dS2X5S,LE FIVE Montreuil,published,pro,,48.8613036&2.4653095,2024-02-12T16:00:00.000Z,90,11,public,false,,,u9uC1vjdcdQ3UqNxI0SiFxor0m43,1,10,0,0,0,0,0
Lrj3U7R3LWnlyTBQlGm2,Stade François Desmont,published,captain,ChIJiXJobswM5kcRPirUiBoYdvI,48.7990434&2.455735,2024-01-24T18:20:00.000Z,90,,public,false,Compétition,3,ylWQ8A1lxaUgJ92zEw4nXFRMOP83,12,16,0,0,0,0,3
LuZCvcMeIi9ZExVOmrMT,UrbanSoccer - Toulouse Montaudran,played,captain,ChIJl772e0u8rhIR2foRX4Xa2CI,43.574642&1.4801835,2024-01-29T11:20:00.000Z,60,8,public,true,Détente,,tw2vPyadcybRr00VteOCyDGZvnt1,10,10,0,0,0,0,0
LvhU8UZuLFNDPXtqwBdL,Game 13 foot indoor,played,captain,ChIJNSDvlsXryRIRUXao9hwB79I,43.41258939999999&5.366617,2024-02-02T18:30:00.000Z,60,10,public,false,Détente,3,KToYmCQ2guXoIRW7kIoZeOMjzPd2,10,10,0,0,0,0,1
LvqyIHsa6nBvHJ10BW7E,We Are Sports,canceled,captain,ChIJFZU5oBHC9EcRJTFrSkI1xxg,45.7113247&4.8761886,2024-02-07T19:00:00.000Z,60,10,public,false,Détente,2,vkCGfEeBnYbOAMKG8BAtK14aVA43,10,12,0,0,0,0,0
LvxAkMRAh41JD0VqgoTM,UrbanSoccer Evry,canceled,captain,ChIJW0Ut1G7e5UcRt621n2fRQ5M,48.6286849&2.4066366,2024-02-13T19:50:00.000Z,90,15.5,public,true,Détente,3,f4HHLcjgZSbLTp7za7I9cEdioyg2,8,10,0,0,0,0,0
LwI7973yvaXJVgnQLohN,Footbox,published,pro,,48.9022789&2.582647,2024-03-11T19:00:00.000Z,60,10,public,false,,,QI89VPazyLhBVnWH871jk4BUEZI3,0,10,0,0,0,0,0
Lxar5fwxg2ptDMRJTm2i,LE FIVE Bezons,published,captain,ChIJ71Mv0Wpk5kcRg-H9x7L-dXo,48.9190524&2.211796,2024-02-08T17:30:00.000Z,60,,public,true,Détente,3,xfUboCk38ZhvU0cho2bxu4if0fl1,9,10,0,0,0,0,0
LzLtrBTxA7eahPdr80qw,Footbox,published,pro,,48.9022789&2.582647,2024-02-29T14:00:00.000Z,60,7,public,false,,,QI89VPazyLhBVnWH871jk4BUEZI3,0,10,0,0,0,0,0
M0tvui5lvKKxSjbsyWBo,LE FIVE Sarcelles,played,captain,ChIJ6_q3Fxhq5kcRCpoEwnoXX1Q,48.99782219999999&2.3902225,2024-02-02T19:00:00.000Z,90,13,public,false,,3,EG8MDADZ53fBb8H6q34IHc8LCOx1,10,10,3,0,0,0,2
M0w9h3TsOgKzk50tVwbg,UrbanSoccer - Porte d'Aubervilliers,played,captain,ChIJ0dXjDCZs5kcRvX0EpMwxsUY,48.9074912&2.3746518,2024-01-29T19:30:00.000Z,60,14.5,public,true,Détente,3,4Tc3ekjSLVhB0GHhDoDpiY712m42,10,10,2,0,0,0,0
M2YypBQr46p1c9BkhLUW,GOPARK INTERIEUR - Paintball et trampolines parc,played,captain,ChIJ2cJmdhf15kcRQ4mUOxIVzd0,49.045624&2.0799886,2024-01-21T20:00:00.000Z,90,15,public,false,Détente,3,btWWTjmZ72OghEaPEoR2fNT8D9m2,12,12,3,0,0,0,2
M2v5A29RKcBXqBHvd5T0,OHSPORT,played,captain,ChIJHeG9fA4X5kcRbGNzVY5Ud5I,48.9672396&2.5670436,2024-02-04T08:30:00.000Z,90,10,public,false,Détente,3,Epcs1M88j3VH3bWtBJ679oluCci2,10,10,2,0,0,0,3
M324xW2giO5MaXK2wnKB,Parc du Saut du Loup,published,captain,ChIJeb-9-50N5kcRCJPG7zVMsWA,48.8380775&2.5008464,2024-02-01T11:00:00.000Z,120,,public,false,Compétition,,5PzxtKWZUcSYY5pQ4beWlvWNV793,1,10,0,0,0,0,0
M58XFsCr06ta8hw1lOuy,LE FIVE Bezons,published,pro,,48.91909&2.2093051,2024-03-11T21:00:00.000Z,90,14,public,false,,,U3MriTZbPbTUEsU6RtRuHxDMKvg2,0,10,0,0,0,0,0
M5GvHP9dmgsippY6rtmp,LE FIVE Montreuil,published,pro,,48.8613036&2.4653095,2024-01-22T11:00:00.000Z,60,7,public,false,,,u9uC1vjdcdQ3UqNxI0SiFxor0m43,4,10,0,0,0,0,0
M5jvXlC3haMj8wyYZ49F,UrbanSoccer - Porte d'Aubervilliers,played,captain,ChIJ0dXjDCZs5kcRvX0EpMwxsUY,48.9074912&2.3746518,2024-01-29T18:00:00.000Z,60,11,public,true,Détente,3,kzisbkcwFbdZL0I3JvAELZFNdWf2,10,10,1,0,0,0,1
M6y1R6phkAXWDr0hxlOL,LE FIVE Paris 18,canceled,pro,,48.8978522&2.3700234,2024-02-07T21:20:00.000Z,90,10,public,false,,,UQf33jQhVZhle917nO0h7D5qclV2,0,10,0,0,0,0,0
M73doMeuXpzTM80qFcGt,Complexe sportif de l'île des Vannes,published,captain,ChIJTZWfSNNv5kcRmHP3Tz0AJ6A,48.9188419&2.3245603,2024-02-08T19:40:00.000Z,60,,public,false,Compétition,4,Csrh8EMzKaZCCcCZeEhs2tGGZRr1,13,14,0,0,0,0,1
M7oX3aE7E6MIo7zheVJD,Foot-Max Argenteuil,canceled,captain,ChIJi9oIzaRm5kcRJYcK7QsdRMU,48.9501569&2.2093741,2024-01-27T17:00:00.000Z,90,12,public,false,Détente,2,u2afojOn70Z6CtLWxRQON56EeJb2,5,10,0,0,0,0,0
M8mXfMQVIyNuwBTWm7nh,Antony,published,captain,ChIJf8cFRhF35kcR0D6LaMOCCwQ,48.759255&2.302553,2024-01-20T09:00:00.000Z,90,,public,false,Détente,3,Dohg1zNvhsbmGrYuAmExKFyjruw2,6,12,0,0,0,0,2
MAILuiaYEAX3VdABR7gO,Stadium Thiais,published,pro,ChIJ64X9jzx05kcRsHvSfOv6UcA,48.7511024&2.3713455,2024-01-22T18:30:00.000Z,90,15,public,false,,,psf3NmXEPwdCltHKJC7VuvJocrF3,0,12,0,0,0,0,0
MAKAhISz3CjKMpdatsux,LE FIVE Bezons,published,pro,,48.91909&2.2093051,2024-02-24T20:00:00.000Z,90,13.5,public,false,,,U3MriTZbPbTUEsU6RtRuHxDMKvg2,0,10,0,0,0,0,0
MAL8aURrF2HSGlTdUqHl,UrbanSoccer - Asnières,canceled,captain,,48.92192379999999&2.3068311,2024-01-31T21:30:00.000Z,90,5,public,true,Compétition,5,5qq0zfP2PefyCYjpJkx8mg1Dr7B3,5,10,0,0,0,0,0
MAl8PN7ui9AKWIDjEvdM,UrbanSoccer Meudon,played,captain,ChIJ0WKvjbh75kcRoqSmyWwW2jQ,48.80013599999999&2.2140811,2024-01-24T11:00:00.000Z,60,,public,true,Détente,4,OeBbgIv6VRX0SFImVYXE2nLA3Pd2,10,10,4,0,1,0,1
MBrHoOpUDb35Od2pPzJf,UrbanSoccer La Défense,published,captain,ChIJh4rnfVhk5kcRV2Q-ZKdm8vA,48.8996456&2.2216773,2024-01-25T20:45:00.000Z,90,14.5,private,true,Compétition,3,jvKX6L38qAhYAYu1fVAR9XaW0p83,7,10,0,0,0,0,0
MDAMgmVRpPJmrG5KFO0M,UrbanSoccer - Porte d'Aubervilliers,played,captain,ChIJ0dXjDCZs5kcRvX0EpMwxsUY,48.9074912&2.3746518,2024-02-05T19:10:00.000Z,60,10,public,true,Compétition,5,dpZ0rCLmTCYVeePUCLBQ8SY3Oyq1,10,10,1,0,0,0,1
MEg1D2VpfbrrMxVDHPwj,Stains,canceled,captain,ChIJ6_yphcJr5kcRMmpL4MPqRks,48.95538699999999&2.384703,2024-02-04T09:40:00.000Z,60,,public,false,Détente,3,WTfMaejqzvhX9DQFnK1jrd9OJVE2,6,12,0,0,0,0,0
MHUL9gV2mnTfjWgkaA0T,Play Soccer,canceled,captain,ChIJQ-UxZn-5rhIRKWoQydM5T9s,43.5512023&1.4098927,2024-01-23T17:30:00.000Z,60,10,public,false,,,pL0skPQs4CYYVXb682MCC9jXu8K2,6,10,0,0,0,0,0
MHd1ute72c2SLkZNMGUI,Parc Sainte Barbe,canceled,captain,ChIJtw301r5w5kcRvRjidiuAyaw,48.7922897&2.2913469,2024-02-05T13:45:00.000Z,90,,public,false,Détente,4,rzC8A0bd4afb9AWrHKlCPT9461y1,10,16,0,0,0,0,1
MILPZYwHg5B0uukU1mHQ,Classico Foot,played,captain,ChIJFV442oCxrhIRgsZy5aIbkNs,43.5945434&1.2911399,2024-01-30T17:30:00.000Z,60,9,public,false,Détente,2,ey1sMB6osjQ6xzWomeW52yl4qWi1,10,10,2,0,0,0,0
MIaQ6bUmolJFhhZ7acAx,Sport dans la Ville Rhône-Alpes,published,captain,ChIJoUEDcmvr9EcRILCz6hDCQ2o,45.7811703&4.8081568,2024-01-26T17:30:00.000Z,60,8,public,false,Détente,2,E3B3Oj9ljNeZbwNq7PEEJAss77A2,8,10,0,0,0,0,0
ML4J3LBt3SpLOricBlaK,Sport dans la Ville Rhône-Alpes,played,captain,ChIJoUEDcmvr9EcRILCz6hDCQ2o,45.7811703&4.8081568,2024-01-31T19:30:00.000Z,60,10,public,false,Détente,2,qMyRsKW5nFM3aF7a4qAHmN9BTh62,10,10,1,0,0,0,0
MLLhBWqxu4P7psIA8qhc,UrbanSoccer - Quai d'Ivry,played,captain,ChIJfXxYJ0xy5kcRw9xTkF6-FZQ,48.8199885&2.3936463,2024-02-01T20:15:00.000Z,90,22.5,public,true,Détente,2,CsiS3q9PuFQGO1sc7crngCw29Xz1,10,10,0,0,0,0,0
MMY0mE1jPfEGfcUbjisL,Evolution Football,published,captain,ChIJX0YulIi8yRIRnGh62u3UXTQ,43.2836074&5.52356,2024-02-13T20:00:00.000Z,60,8.5,public,false,Détente,3,Mbm7PMhXKBZQXZa0aXm24d0dVrq1,10,10,0,0,0,0,0
MMe7k6bhz5xZVCy4I9Kr,Stadium Thiais,published,pro,,48.7511024&2.3713455,2024-02-17T18:00:00.000Z,90,15,public,false,,,psf3NmXEPwdCltHKJC7VuvJocrF3,3,10,0,0,0,0,0
MMsD5TSIHuN7VkWGMvDb,Stadium Thiais,played,captain,ChIJ64X9jzx05kcRsHvSfOv6UcA,48.7511024&2.3713455,2024-01-26T18:30:00.000Z,90,13,public,false,Compétition,2,ivJjDu3v1IbjkaGKCqaOoVymlgD3,10,10,2,0,0,0,1
MNtZb6N2vgAzcMCUY7nC,UrbanSoccer - Toulouse Sept Deniers,canceled,captain,ChIJk5nUBdOkrhIRP-1aUJzo-lA,43.6321552&1.411696,2024-01-28T15:15:00.000Z,60,8,public,true,Détente,2,4IbDBkmDQLRFbJ68oAy4tGFrv1x2,9,10,0,0,0,0,0
MO5DAn7whCv0OZkmljMY,Kinshasa,published,pro,,-4.3032527&15.310528,2024-03-01T15:00:00.000Z,90,21,public,false,,,zCvsukfMuuffsuPpSTQwb7MusMD2,0,10,0,0,0,0,0
MOO04S4zExwt4gIQfL1C,Stadium Thiais,played,captain,ChIJ64X9jzx05kcRsHvSfOv6UcA,48.7511024&2.3713455,2024-01-25T16:00:00.000Z,120,10,public,false,Compétition,3,Dohg1zNvhsbmGrYuAmExKFyjruw2,10,10,2,0,0,0,2
MOb12hOZ7TZEwn7JJlqO,UrbanSoccer - Porte d'Aubervilliers,canceled,captain,ChIJ0dXjDCZs5kcRvX0EpMwxsUY,48.9074912&2.3746518,2024-01-20T11:10:00.000Z,60,,public,true,Détente,2,XLKfEPIhx4PR8VC1WpQlZbka7mG3,9,10,0,0,0,0,0
MQiz1JkuOe00T6BNpBVh,Stade de la Plaine,canceled,captain,,48.7905631&2.2495574,2024-01-27T13:15:00.000Z,120,,public,false,Détente,3,O7xt6UJcQpawKC4xrt8JnnEJDzW2,10,16,0,0,0,0,1
MRKCLwXsPX1h8xBhNHrl,Foot POWER 5,canceled,pro,,48.960066&2.2061913,2024-02-03T11:00:00.000Z,60,5,public,false,,,sss3dYi6nzWd7rEjwcQ30LGKudj1,0,10,0,0,0,0,0
MRyTEJ4x6MOWqsKzw5kb,UrbanSoccer - Asnières,canceled,captain,ChIJi5LkLT9v5kcRSlhScqEFNWs,48.92192379999999&2.3068311,2024-01-23T18:30:00.000Z,90,20,public,true,Détente,4,Cp09WJtjkARHJE3WTNNPUZh3mWu2,10,10,0,0,0,0,0
MTdHe64JSK5WPZO3wbFc,Foot POWER 5,canceled,pro,,48.960066&2.2061913,2024-02-11T17:00:00.000Z,90,10,public,false,,,sss3dYi6nzWd7rEjwcQ30LGKudj1,0,10,0,0,0,0,0
MURuai3PFrLQIR10WVy9,Place des Canuts,published,captain,ChIJ5cwpb5Fm5kcR6SwGAOg_g1Y,48.9536165&2.2248342,2024-01-21T10:00:00.000Z,60,,public,false,Détente,,hNL25FRWJwW78vTlyGpURjafpL13,9,10,0,0,0,0,0
MV4Ouie8YSY7RUvEkaLa,FOOT IN FIVE,canceled,captain,ChIJoUR0syFp5kcRUlStnwluaYY,48.9552257&2.3328346,2024-02-08T18:30:00.000Z,90,15,public,false,,,QbnIHVgRM8Qwnz7DOLJ4NKDqlsI2,9,10,0,0,0,0,1
MVDF0jqZ3l7gsHFoJ1F4,Stains,canceled,captain,ChIJ6_yphcJr5kcRMmpL4MPqRks,48.95538699999999&2.384703,2024-01-21T09:45:00.000Z,90,,public,false,Détente,,PY4xVpp2kuN4vNMdN0QVj8hVkDz1,6,12,0,0,0,0,1
MVHLKHG7OgDoGNKw1Bb4,UrbanSoccer - Puteaux,canceled,captain,ChIJM_sC0-Nk5kcRhL1y_EFIje8,48.8836397&2.2312283,2024-01-30T12:00:00.000Z,60,15,public,true,Détente,2,z5rcTznutRPf1O0Jm5uoDpyhKv03,10,10,0,0,0,0,0
MVYurSH2WiCWMFIRJtWq,UrbanSoccer - Lyon Parilly,canceled,captain,ChIJx3FQWjLC9EcRrrQb2eV7i_4,45.7120399&4.9039284,2024-02-02T17:10:00.000Z,60,8.5,public,true,Détente,3,nULvvI2xOpPOn1XueDz1yE1ZwQF3,9,10,0,0,0,0,0
MVq29VAFyQb0akafkOwG,Classico Foot,played,captain,ChIJFV442oCxrhIRgsZy5aIbkNs,43.5945434&1.2911399,2024-01-25T18:00:00.000Z,60,9,public,false,Détente,3,vUWQFcI3qvfj7dYJmxoD08VVvr92,10,10,3,0,0,0,1
MWm9Pivl2x9693ePUA0p,LE FIVE Montreuil,published,pro,,48.8613036&2.4653095,2024-01-24T16:30:00.000Z,90,11.5,public,false,,,u9uC1vjdcdQ3UqNxI0SiFxor0m43,0,10,0,0,0,0,0
MXLE26i8hviBaCCacM1t,Top Ten,published,pro,,48.8729106&2.6840919,2024-02-21T16:00:00.000Z,90,5,public,false,,,i27253AGxOfXgYJK72sBnvUGuMk2,10,10,0,0,0,0,1
MXROTid3aWBP2NHw6FqA,Massilia Foot Indoor 2,played,captain,ChIJxZ6UmMW-yRIRfYNGGPPJfIU,43.3266563&5.3836488,2024-01-20T19:00:00.000Z,60,9,public,false,Détente,1,t3LPWJwXpsbuSar1mZAImz7PAah2,10,10,2,0,0,0,0
MXcNURXhdHyXoehMx2Ip,BIG5,canceled,captain,ChIJsb_7TJFp5kcRSPL5VqZulr4,48.9901429&2.3617895,2024-02-10T23:30:00.000Z,90,,public,false,Détente,2,rXda40mbIxd71Kf0YODTWnYO0fJ2,9,10,0,0,0,0,0
MY7FhEhoWVWSaYWRUxHE,Foot POWER 5,canceled,pro,,48.960066&2.2061913,2024-02-05T17:00:00.000Z,90,5,public,false,,,sss3dYi6nzWd7rEjwcQ30LGKudj1,0,10,0,0,0,0,0
MaohiaGsaG7XAxjqW1G2,UrbanSoccer - Asnières,canceled,captain,,48.92192379999999&2.3068311,2024-02-01T21:30:00.000Z,90,5,public,true,Détente,2,5qq0zfP2PefyCYjpJkx8mg1Dr7B3,10,10,0,0,0,0,0
MasasalFimSjTqSl8snt,UrbanSoccer - Porte d'Aubervilliers,published,captain,ChIJ0dXjDCZs5kcRvX0EpMwxsUY,48.9074912&2.3746518,2024-02-13T20:00:00.000Z,60,14,public,true,Détente,3,QGGZeFKDLRadfKCyZpYLHanIjLP2,10,10,0,0,0,0,1
MazEb8H1uRkkW9tlg0pR,Top Ten,played,pro,,48.8729106&2.6840919,2024-01-22T16:00:00.000Z,90,5,public,false,,,i27253AGxOfXgYJK72sBnvUGuMk2,10,10,8,0,0,0,6
Mb0F89DnAv4D14VFWb4t,Stadium Thiais,published,pro,,48.7511024&2.3713455,2024-02-23T21:00:00.000Z,90,14,public,false,,,psf3NmXEPwdCltHKJC7VuvJocrF3,0,10,0,0,0,0,0
MbKwn9EqlQwMOZJRJidT,Terrain n°23 du Parc Interdépartemental Des Sports de Choisy,canceled,captain,ChIJvZZjB3515kcRzK_dHETXJkc,48.7699126&2.4314566,2024-01-20T09:00:00.000Z,90,,public,false,Détente,3,nqDmr7JaEtS7MOcExYiDn9D4xRB2,1,16,0,0,0,0,0
Mc4iGuSlMN6UwxbkwO58,UrbanSoccer - Asnières,played,captain,ChIJi5LkLT9v5kcRSlhScqEFNWs,48.92192379999999&2.3068311,2024-02-09T18:00:00.000Z,60,12.5,public,true,Détente,3,JyvGfA9Ii8WRZW6nfGm6H64Vcvm2,10,10,2,0,0,0,2
MdD8jqgcbQP7d7C49jrA,Stadium Thiais,canceled,captain,,48.7511024&2.3713455,2024-01-23T18:00:00.000Z,90,15,public,false,,3,p6bduUKVVnhhYJvtSp7znpDVX022,12,12,0,0,0,0,2
MeKXrdlNnXie3szctRVW,Speed Soccer Five,played,captain,ChIJ2xTNglV25kcR3UDi4AXGfDU,48.7360598&2.315058,2024-02-01T18:30:00.000Z,90,13,public,false,Détente,3,Z5sxx936iZX9hchZEihemmPqYW12,10,10,3,0,0,0,1
MhSkb4Q55jKafRP95eIY,Le Street Foot en Salle,played,captain,ChIJt_AXL6Jg5kcRu6rBmnrmeUM,49.0164435&2.181307,2024-01-20T09:15:00.000Z,120,10,public,false,Détente,3,aCPGHZTGQaV2Cbw0D43kNCsMkrg1,12,12,4,0,0,0,2
Mj96X1zaEkVENx0HrPY0,Stade Municipal Jean-Pierre Garchery,played,captain,ChIJQ4A-SikN5kcROEZUArQHPcs,48.8182515&2.4585413,2024-01-29T19:00:00.000Z,120,,public,false,Détente,2,uptMO8xQ6bZfp7VWheo112pYovE3,14,14,4,0,0,0,2
Mjv0xlF47ULHsyzC6Xej,Play Soccer,played,captain,ChIJQ-UxZn-5rhIRKWoQydM5T9s,43.5512023&1.4098927,2024-02-02T19:00:00.000Z,90,13.5,public,false,,,8LtkeOuZHeePxfkXdNPmQSr7V9L2,10,10,5,0,0,0,0
MkYK5Zo8lITSMcr4sSaB,Stadium Thiais,published,captain,ChIJ64X9jzx05kcRsHvSfOv6UcA,48.7511137&2.3715422,2024-02-05T21:30:00.000Z,90,14,public,false,Compétition,3,Dohg1zNvhsbmGrYuAmExKFyjruw2,1,10,0,0,0,0,1
MlO47Kn60E56iRCA43PW,Game 13 foot indoor,played,captain,ChIJNSDvlsXryRIRUXao9hwB79I,43.41258939999999&5.366617,2024-02-03T21:00:00.000Z,60,10,public,false,Compétition,4,RPwfyrL30dS1yvyJwGrn0z2HgSa2,10,10,6,0,0,0,0
MljfONn7ujmRGL5pU7WO,Play Soccer,played,captain,ChIJQ-UxZn-5rhIRKWoQydM5T9s,43.5512023&1.4098927,2024-02-04T17:00:00.000Z,90,13.5,public,false,,3,9ndPGsv3ksOJZ0heACZG2NFpVq43,10,10,4,0,0,0,0
MlvTVgbxwQlWdYuXbVwr,LE FIVE Marville - La Courneuve,played,captain,ChIJ2dHdMZxr5kcR0aKYHYsp0pY,48.9364404&2.3869147,2024-01-26T20:30:00.000Z,90,15,public,false,Chill,3,dU0LQJ7oH0OZl6MBWtfTH657l7w1,10,10,2,0,0,0,1
Mm2YLaOrQpHtzBVZ0Z3Z,Top Ten,published,pro,ChIJfXprBx4b5kcRmhe-5pLZUek,48.8729106&2.6840919,2024-01-28T19:00:00.000Z,90,15,public,false,,,i27253AGxOfXgYJK72sBnvUGuMk2,0,10,0,0,0,0,0
MmPckLkF3I3BrMF6uW4n,We Are Sports,played,captain,ChIJFZU5oBHC9EcRJTFrSkI1xxg,45.7113247&4.8761886,2024-02-04T17:05:00.000Z,90,12,public,false,Détente,,ct3XGWJRAFNcjhp4SIlpdortYA72,10,10,0,0,0,0,0
Mn2JGXXD7SQShS8FBsu7,UrbanSoccer - Toulouse Montaudran,played,captain,ChIJl772e0u8rhIR2foRX4Xa2CI,43.574642&1.4801835,2024-02-08T18:30:00.000Z,60,12,public,true,Détente,2,XyuJ4eIkcaNqAXtc3Y3ANuwT2753,10,10,0,0,0,0,0
MoTblh9FuSudLZyxmVle,KIPSTADIUM : Centre de Pratique dédié aux Sports Collectifs,played,captain,ChIJydcoT88ow0cRLnHvlF-Z_jE,50.708529&3.173304,2024-02-07T19:00:00.000Z,60,8,public,false,Détente,2,Zj6WgpBE65eJO4fjThDteNNesqC2,10,10,2,0,0,0,1
MoqegfeMVU8m2FTwyWXH,UrbanSoccer - Quai d'Ivry,played,captain,ChIJfXxYJ0xy5kcRw9xTkF6-FZQ,48.8199885&2.3936463,2024-01-27T09:30:00.000Z,60,11,public,true,Détente,3,8V691eLd0QUso6rosfvRXAusjsh1,10,10,4,0,0,0,1
Mp8BCPhAVmPW4SwfgAN9,Élite 5 Soccer,canceled,captain,ChIJ5-jfdlZk5kcRYIaELgvikaM,48.9009153&2.2297275,2024-01-21T11:00:00.000Z,90,10,public,true,Détente,,BVKsQmGCNRSajO0Y3ULrFrsd6NC2,6,10,0,0,0,0,0
Mq0lXHk67gE0ATnDSCfv,Play Soccer,played,captain,ChIJQ-UxZn-5rhIRKWoQydM5T9s,43.5512023&1.4098927,2024-02-12T11:30:00.000Z,60,8,public,false,Détente,2,8LtkeOuZHeePxfkXdNPmQSr7V9L2,10,10,1,0,0,0,0
MqA73aEXSfosPTaxoYtK,LE FIVE Paris 17,canceled,captain,ChIJ7eI8sFNv5kcR5xy52Wc57NU,48.900032&2.3213449,2024-02-07T20:00:00.000Z,60,10,public,true,Détente,3,xOPR93Ih9bXFTjTkKm1QHMVyO6f2,2,10,0,0,0,0,0
MqNgWDRRGpTimWUmFQ2z,Stadium Thiais,published,pro,,48.7511024&2.3713455,2024-03-10T09:30:00.000Z,90,15,public,false,,,psf3NmXEPwdCltHKJC7VuvJocrF3,0,10,0,0,0,0,0
MqlpWGSZnL99HOUrJZ0D,Stadium Thiais,published,pro,,48.7511024&2.3713455,2024-03-04T21:00:00.000Z,90,14,public,false,,,psf3NmXEPwdCltHKJC7VuvJocrF3,0,10,0,0,0,0,0
MrUBZwDKWYdqMiQw1ET1,LE FIVE Bezons,played,captain,ChIJ71Mv0Wpk5kcRg-H9x7L-dXo,48.9190524&2.211796,2024-02-10T16:00:00.000Z,120,13.5,public,true,Détente,,GPsbQHDAv3QT9to65DFO4XVTerq1,10,10,3,0,0,0,0
MseCktvEIfMntTuKg6Wj,GOPARK INTERIEUR - Paintball et trampolines parc,played,captain,ChIJ2cJmdhf15kcRQ4mUOxIVzd0,49.045624&2.0799886,2024-02-04T18:15:00.000Z,90,15,public,false,Détente,3,PE6L8boIAzTOeoRu2lwnbnNSFVj2,10,10,1,0,0,0,3
MuAgArKB4eCBD3Ge8hnW,UrbanSoccer La Défense,played,captain,ChIJh4rnfVhk5kcRV2Q-ZKdm8vA,48.8996456&2.2216773,2024-01-28T09:45:00.000Z,60,14,public,true,Détente,3,OuKQCNAVmVgFhmarS3uuUBkQu6F2,10,10,2,0,0,0,2
Mw4HQDp9FNw67tftGzlV,Foot POWER 5,canceled,pro,,48.960066&2.2061913,2024-02-28T17:00:00.000Z,90,5,public,false,,,sss3dYi6nzWd7rEjwcQ30LGKudj1,0,10,0,0,0,0,0
MwvKJLvbQFK6sCBT1lcB,Foot paris,played,captain,ChIJd2GJua5t5kcR_zneoHO7R-k,48.8904693&2.3731397,2024-01-21T10:00:00.000Z,150,2,public,false,,5,6g66Hr0t8ESpVJkqTW80lI9cRdr2,18,18,9,0,0,0,6
Mx6seoNItOen4Yvi70D5,Top Ten,published,pro,,48.8729106&2.6840919,2024-01-23T22:00:00.000Z,90,16.5,public,false,,,i27253AGxOfXgYJK72sBnvUGuMk2,0,10,0,0,0,0,0
MxCu4hu9STZmmSFURiwu,Foot-Max Argenteuil,played,captain,ChIJi9oIzaRm5kcRJYcK7QsdRMU,48.9501569&2.2093741,2024-02-05T20:00:00.000Z,90,12,public,false,Compétition,5,nIBDZZzYUhUGwD8kutAaXR6nZtY2,10,10,3,0,0,0,2
MxLqeoRu8IbLl9VUU0lj,Stadium Thiais,published,pro,ChIJ64X9jzx05kcRsHvSfOv6UcA,48.7511024&2.3713455,2024-01-31T18:30:00.000Z,90,15,public,false,,,psf3NmXEPwdCltHKJC7VuvJocrF3,0,10,0,0,0,0,0
MybkgSpZQ6Nud2YfNB4l,LE FIVE Montreuil,published,pro,,48.8613036&2.4653095,2024-02-25T08:00:00.000Z,90,15,public,false,,,u9uC1vjdcdQ3UqNxI0SiFxor0m43,0,10,0,0,0,0,0
MyhWRpxmJ6fX3Y6G6hZD,LE FIVE Paris 18,published,pro,,48.8978522&2.3700234,2024-02-15T21:20:00.000Z,90,10,public,false,,,UQf33jQhVZhle917nO0h7D5qclV2,3,10,0,0,0,0,1
N06azPjhompp9TqLGYFs,LE PARK Complexe Multisports,played,captain,ChIJdUHbID8O5kcRV5lQhiHTvhs,48.8337843&2.5728501,2024-02-09T19:30:00.000Z,90,15,public,false,Détente,3,qOMnpGDGWgZyXxUkLhkzY0wKNrd2,10,10,4,0,0,0,1
N1syLP8z91txt20TLUAl,Top Ten,published,pro,ChIJfXprBx4b5kcRmhe-5pLZUek,48.8729106&2.6840919,2024-02-04T17:00:00.000Z,90,15,public,false,,,i27253AGxOfXgYJK72sBnvUGuMk2,0,10,0,0,0,0,2
N2F8KO9fzhei4Pa90J3I,Top Ten,published,pro,,48.8729106&2.6840919,2024-02-20T22:00:00.000Z,90,16.5,public,false,,,i27253AGxOfXgYJK72sBnvUGuMk2,0,10,0,0,0,0,0
N2x99oYgNKPGGUVjHcyT,UrbanSoccer La Défense,canceled,captain,ChIJh4rnfVhk5kcRV2Q-ZKdm8vA,48.8996456&2.2216773,2024-02-11T14:00:00.000Z,60,14,public,true,Détente,3,EulH32EOzBgPwhFmIMaOn7PUiJp2,8,10,0,0,0,0,0
N3JHS1Wrb5XuBp77UBwG,UrbanSoccer - Lille Lezennes,played,captain,ChIJR3ro5nTWwkcRfM_S3Be9HjI,50.6162725&3.0998108,2024-01-26T20:00:00.000Z,60,9,public,true,Chill,,T7SgRJHZK8SzCqXHg4UOQp0uTir2,10,10,2,0,0,0,0
N3eCaqDRd9kn0dinwbV1,LE FIVE Paris 17,played,captain,ChIJ7eI8sFNv5kcR5xy52Wc57NU,48.900032&2.3213449,2024-01-24T18:00:00.000Z,60,12,public,true,Détente,2,ASJFW16ETaUSRz5LYPOP9qnKm8I2,10,10,1,0,0,0,0
N3ucvEkBotpWhUu3391R,Z5 Aix,played,captain,ChIJKb-U_9KSyRIRKIFKbH5mW18,43.4787869&5.3969048,2024-02-12T17:00:00.000Z,60,11,public,false,Détente,2,yN33RfgnwveslueOs6QpPsDDeBn1,10,10,9,0,0,0,2
N5PazEUKecgSuyaeHFxB,Top Ten,published,pro,,48.8729106&2.6840919,2024-02-02T22:00:00.000Z,90,16.5,public,false,,,i27253AGxOfXgYJK72sBnvUGuMk2,0,10,0,0,0,0,0
N5j3ZzvPUgGImy5mewXJ,UrbanSoccer - Quai d'Ivry,played,captain,ChIJfXxYJ0xy5kcRw9xTkF6-FZQ,48.8199885&2.3936463,2024-01-28T18:45:00.000Z,90,13,public,true,Compétition,3,MjpqLjwjISeHIE5ULGDu2a1UO6x2,10,10,5,1,0,0,0
N70sBilJDnOs5ysRXdAG,LE FIVE Montreuil,played,captain,ChIJJdTQjr0T5kcRZmGxtIJVy44,48.8607303&2.4650432,2024-01-24T11:00:00.000Z,60,7,public,false,Détente,3,bCrQ5mXqWnTvpDESyKrIuAZjDuR2,10,10,2,0,0,0,0
N7TOOOt0NuiAqh1jckte,LE FIVE Paris 18,played,pro,ChIJpVT4_n1u5kcRzji6FdTBXXo,48.8978522&2.3700234,2024-02-10T21:30:00.000Z,90,10,public,false,,,UQf33jQhVZhle917nO0h7D5qclV2,10,10,6,0,0,0,5
N7txB9ZBltzR5Z4OS4p5,Play Soccer,played,captain,ChIJQ-UxZn-5rhIRKWoQydM5T9s,43.5512023&1.4098927,2024-02-10T17:30:00.000Z,90,12,public,false,,4,8LtkeOuZHeePxfkXdNPmQSr7V9L2,10,10,2,0,0,0,1
N8OtKJz6M99WUrVSdbm1,UrbanSoccer - Toulouse Sept Deniers,canceled,captain,ChIJk5nUBdOkrhIRP-1aUJzo-lA,43.6321552&1.411696,2024-01-21T10:15:00.000Z,60,8,public,true,Détente,3,n4M5DmRwDxMEKGWTQ1JNVUTDWrr2,8,10,0,0,0,0,0
NA1Czv0c2QFPVlkZ0GF5,UrbanSoccer - Lyon Parilly,played,captain,ChIJx3FQWjLC9EcRrrQb2eV7i_4,45.7120399&4.9039284,2024-02-11T10:30:00.000Z,90,13.5,public,true,Détente,2,m77T3qpFCzcYDtLRDUKGQ2cg7uG2,10,10,0,0,0,0,0
NBCi3EPgCnndOqK6kxTw,Le Street Foot en Salle,published,pro,ChIJt_AXL6Jg5kcRu6rBmnrmeUM,49.0164435&2.181307,2024-02-13T14:00:00.000Z,120,10,public,false,,,bsRK7e37BkUbETMq0Tg3lbm8Fao2,0,10,0,0,0,0,0
NBt6FuAhrTVYMVpxmrAC,Halle Georges Carpentier,played,captain,ChIJnXkSwCty5kcR-nlHXNFQlg4,48.82020139999999&2.3672361,2024-02-01T11:00:00.000Z,120,,private,false,Compétition,3,kRAf444M3RUd6EWIOWpKVKs78SI2,16,16,13,0,0,1,7
NChXqu6VcVjgF77I6kw1,LE FIVE Carrières-sous-Poissy,canceled,captain,ChIJ9T4fWfyL5kcRCBX-FyZLvEE,48.9468144&2.0230574,2024-01-25T18:00:00.000Z,60,8,public,false,Compétition,,mb2QnXTyGtb3nqmctRQO0L1dGvJ3,5,10,0,0,0,0,2
NDO6cEsldJv0U8PmMQt4,UrbanSoccer - Puteaux,played,captain,ChIJM_sC0-Nk5kcRhL1y_EFIje8,48.8836397&2.2312283,2024-01-28T11:00:00.000Z,60,13,public,true,Détente,2,8rY2LLxtWsUhFxStEBtYlI2w9ny2,10,10,3,0,0,0,1
NGHcHfIGX7RXl9ct7cTt,Footbox,published,pro,,48.9022789&2.582647,2024-03-10T12:00:00.000Z,60,10,public,false,,,QI89VPazyLhBVnWH871jk4BUEZI3,0,10,0,0,0,0,0
NHI4eAm9lVmfWtn8sm9m,LE FIVE Montreuil,published,pro,,48.8613036&2.4653095,2024-02-28T11:00:00.000Z,90,10.5,public,false,,,u9uC1vjdcdQ3UqNxI0SiFxor0m43,0,10,0,0,0,0,0
NHKqJryEiesTt8azTKFa,Game 13 foot indoor,played,captain,ChIJNSDvlsXryRIRUXao9hwB79I,43.41258939999999&5.366617,2024-01-22T21:00:00.000Z,60,8,public,false,Détente,3,tNI5PAPgX0MDq6T4GlwP3d2ndaO2,10,10,0,0,0,0,0
NIc8rPp5Is7zgQEJrGmP,Footbox,published,pro,,48.9022789&2.582647,2024-02-15T14:00:00.000Z,60,7,public,false,,,QI89VPazyLhBVnWH871jk4BUEZI3,0,10,0,0,0,0,0
NIh0bFR4cfqQGbUiZTUL,Stadium Thiais,published,pro,ChIJ64X9jzx05kcRsHvSfOv6UcA,48.7511024&2.3713455,2024-02-08T19:30:00.000Z,60,15,public,false,,,psf3NmXEPwdCltHKJC7VuvJocrF3,3,12,0,0,0,0,0
NJDWYqqLb29GGwHpBqNw,LE FIVE Paris 13,played,captain,ChIJ_bOSChhz5kcRZMTeq_6Gdzg,48.8181615&2.3658793,2024-01-21T15:00:00.000Z,90,21,public,true,Détente,2,SV499HqPSYSv1nkK1u9rmcEjiYF2,10,10,2,0,0,0,2
NLDxUEnqqtQle3r4HOsj,Top Ten,published,pro,,48.8729106&2.6840919,2024-03-04T11:00:00.000Z,90,5,public,false,,,i27253AGxOfXgYJK72sBnvUGuMk2,0,10,0,0,0,0,0
NM0ywLkykh1VZYj0x72v,Stade de l'Ile Billancourt,played,captain,ChIJ_VzHyPZ65kcRie3KTzFg37c,48.8223054&2.2450824,2024-01-25T11:15:00.000Z,90,,public,false,Compétition,3,KkIe20SESrQEox7gFr1iQCSjgI72,16,16,5,1,0,0,4
NMhzAh3FLicUDbQzuR0F,LE FIVE Carrières-sous-Poissy,published,captain,ChIJ9T4fWfyL5kcRCBX-FyZLvEE,48.9469325&2.0233834,2024-01-29T17:00:00.000Z,90,13,public,false,Détente,2,D20naCVMlGOUuXTHQ9LpZibXzpJ2,8,10,0,0,0,0,0
NMvzQiDmNCoYBTAkscf0,LE FIVE Paris 17,published,pro,,48.900032&2.3213449,2024-03-12T16:00:00.000Z,60,5,public,false,,,V6mqbc9C8FNa1RQlUupjeoqOsZL2,0,10,0,0,0,0,0
NN0UIyf8XZ8EseWju74l,Stadium Thiais,published,pro,,48.7511024&2.3713455,2024-03-07T11:00:00.000Z,60,7,public,false,,,psf3NmXEPwdCltHKJC7VuvJocrF3,0,10,0,0,0,0,0
NNHzdPfw7NTymZ3R2gj1,LE FIVE Bezons,canceled,pro,,48.91909&2.2093051,2024-01-29T17:00:00.000Z,60,7,public,false,,,U3MriTZbPbTUEsU6RtRuHxDMKvg2,0,10,0,0,0,0,0
NOHhHhmhs2Moo06RA3pP,LE FIVE Paris 18,canceled,captain,ChIJpVT4_n1u5kcRzji6FdTBXXo,48.8978522&2.3700234,2024-01-27T12:30:00.000Z,90,,public,true,Chill,3,lgZuASvmAoXpPVAIZsN2J13zV1o1,10,10,0,0,0,0,0
NOrDQVXsASr6hgRdpdEl,LE FIVE Montreuil,published,pro,,48.8613036&2.4653095,2024-02-06T09:00:00.000Z,60,7,public,false,,,u9uC1vjdcdQ3UqNxI0SiFxor0m43,0,10,0,0,0,0,0
NPnHrhfztmgjEslC2K82,KIPSTADIUM : Centre de Pratique dédié aux Sports Collectifs,canceled,captain,ChIJydcoT88ow0cRLnHvlF-Z_jE,50.708529&3.173304,2024-02-12T18:00:00.000Z,60,8,public,false,Détente,3,CyAmSFlyweZ6mzFVvasdVSWUogC2,10,10,0,0,0,0,1
NQIxkvCXFFjQwMMxjkBZ,UrbanSoccer La Défense,canceled,captain,ChIJh4rnfVhk5kcRV2Q-ZKdm8vA,48.8996456&2.2216773,2024-02-09T19:15:00.000Z,60,15,public,true,Détente,2,NR3DJUYJ9jOI9uzns7JxTe4BPaD3,6,10,0,0,0,0,0
NRyWSKPFlVY3LIurYrew,LE FIVE Villette,played,captain,ChIJTUFnQjps5kcR0pHITLTw1PI,48.9070122&2.3861459,2024-02-01T20:00:00.000Z,60,12,public,true,Détente,3,8F0u7gfxGwYN73oCHSAE0eMmdTt2,10,10,2,0,0,0,0
NUP94jTEk2A9XGgmimkx,LE FIVE Bobigny,published,pro,,48.901553&2.4313304,2024-03-07T17:00:00.000Z,60,8,public,false,,,4owi3i7t8EOvFNF6UQvACOpiDRy1,0,10,0,0,0,0,0
NUjE8tbyc6sph0z9KwVH,Stadium Thiais,published,pro,,48.7511024&2.3713455,2024-02-26T11:00:00.000Z,60,7,public,false,,,psf3NmXEPwdCltHKJC7VuvJocrF3,0,10,0,0,0,0,0
NVUZJf2IfUjJJQUNzh2j,Arena Club,canceled,captain,ChIJeWJWRjYvw0cRbnJR4ZXAKMA,50.7696017&3.1236104,2024-01-21T14:00:00.000Z,60,8,public,false,Détente,2,sIpFAIcU3yOfHJAOVIsfWksR2pr1,9,10,0,0,0,0,0
NWl6V05P3iyWuGaXxcLt,LE FIVE Bobigny,played,captain,ChIJV8UONORs5kcRXxR5Qd7x130,48.901553&2.4313304,2024-02-01T18:30:00.000Z,60,10,public,false,Détente,2,USaCK7pN0XTY5Okc5UHef9ssP702,10,10,4,0,1,1,0
NXFFU6iqGbpJUpQat45W,LE FIVE Marville - La Courneuve,played,captain,ChIJ2dHdMZxr5kcR0aKYHYsp0pY,48.9364404&2.3869147,2024-01-22T20:30:00.000Z,90,15,public,false,Détente,3,ATXISESgsqO9MHV7lgyytD7kiDr2,10,10,1,1,1,0,1
NZ2z1PrAE8T2yTz8z5WA,LE FIVE Montreuil,published,pro,,48.8613036&2.4653095,2024-02-15T16:00:00.000Z,90,11,public,false,,,u9uC1vjdcdQ3UqNxI0SiFxor0m43,0,10,0,0,0,0,0
NZit5jAlK3eefI6NSy0F,Stadium Thiais,played,captain,ChIJ64X9jzx05kcRsHvSfOv6UcA,48.7511024&2.3713455,2024-01-22T20:45:00.000Z,90,14,public,false,Détente,3,kIPWMNfhQsNTSU2DvVNTMBc7Fhm1,10,10,2,0,0,0,4
NaxxdRFQM2afafQQSvob,Footbox,published,pro,,48.9022789&2.582647,2024-03-05T20:00:00.000Z,60,10,public,false,,,QI89VPazyLhBVnWH871jk4BUEZI3,0,10,0,0,0,0,0
NcStBssYdlUJgQ4tTzm5,LE FIVE Montreuil,published,pro,,48.8613036&2.4653095,2024-01-20T21:00:00.000Z,120,20,public,false,,,u9uC1vjdcdQ3UqNxI0SiFxor0m43,3,10,0,0,0,0,0
Ncwi7rqa6gMp0lzCHsd8,Classico Foot,canceled,captain,ChIJFV442oCxrhIRgsZy5aIbkNs,43.5945434&1.2911399,2024-02-09T18:00:00.000Z,60,8,private,false,,,kz4gID3e1cY9RfDVkcGnK2fsrOx1,5,10,0,0,0,0,0
NdBySNxE7j3421S2rc99,UrbanSoccer - Puteaux,played,captain,ChIJM_sC0-Nk5kcRhL1y_EFIje8,48.8836397&2.2312283,2024-01-29T11:30:00.000Z,60,8.5,public,true,Détente,4,IDTfe5ddreU0wA9Lg9g2n3tKwlJ2,10,10,3,0,0,0,1
NeCZITgQ0ETxavDA5t0O,LE FIVE Paris 18,played,captain,ChIJpVT4_n1u5kcRzji6FdTBXXo,48.8978522&2.3700234,2024-01-20T14:00:00.000Z,60,13,public,true,Chill,3,lnr9XaDltwgdSvyPVxlivq9hUQm2,10,10,3,0,0,0,0
Ng4C2cND7Qk7LfuLzl3t,LE FIVE Montreuil,published,pro,,48.8613036&2.4653095,2024-01-23T12:00:00.000Z,60,7,public,false,,,u9uC1vjdcdQ3UqNxI0SiFxor0m43,0,10,0,0,0,0,0
NgkxBFlAWtKtkV2CGUT0,UrbanSoccer - Quai d'Ivry,canceled,captain,ChIJfXxYJ0xy5kcRw9xTkF6-FZQ,48.8199885&2.3936463,2024-02-13T18:15:00.000Z,60,13.5,public,true,Détente,3,NL7aJgmTIrXAndAWhdMvY2r5UPl1,9,10,0,0,0,0,0
NhAwVgzxjdGnf8Z4yceY,STADIUM FOOT 5 VILLAGE,canceled,captain,ChIJbbOWFtC4yRIR0WXVerbWmnE,43.269413&5.4260321,2024-01-24T18:00:00.000Z,60,10,public,false,Détente,,MKjoGJESIIfNKw5sH93VODBuvLv2,9,10,0,0,0,0,0
NhKu76GvczbnHhMzLTm8,LE FIVE Paris 13,published,pro,,48.8181615&2.3658793,2024-03-06T22:00:00.000Z,60,10,public,false,,,FjSnzlRFFfhWVWQJGfIEwRc2ZMj2,0,10,0,0,0,0,0
NhmKOkCiXDsSPnn6TmLy,Top Ten,published,pro,ChIJfXprBx4b5kcRmhe-5pLZUek,48.8729106&2.6840919,2024-01-24T16:00:00.000Z,90,5,public,false,,,i27253AGxOfXgYJK72sBnvUGuMk2,2,12,0,0,0,0,0
NiAZu6Tl70qPCPRAz4X7,Footbox,published,pro,,48.9022789&2.582647,2024-03-02T17:00:00.000Z,60,10,public,false,,,QI89VPazyLhBVnWH871jk4BUEZI3,0,10,0,0,0,0,0
NiVWZul1lwtr2otoiGp2,LE FIVE Montreuil,played,captain,ChIJJdTQjr0T5kcRZmGxtIJVy44,48.8607303&2.4650432,2024-02-02T21:00:00.000Z,120,10,public,false,Détente,3,gme980qGXPaQVvRRjMQvYM7OQYh1,10,10,3,0,0,0,2
NjJ511AvFM7qsF8He7pR,Foot POWER 5,canceled,pro,,48.960066&2.2061913,2024-01-20T11:00:00.000Z,60,5,public,false,,,sss3dYi6nzWd7rEjwcQ30LGKudj1,0,10,0,0,0,0,0
NlKeHmu9J92Dl7T3OUxb,Z5 Aix,canceled,captain,ChIJKb-U_9KSyRIRKIFKbH5mW18,43.4787869&5.3969048,2024-01-23T18:30:00.000Z,60,11,public,false,Détente,3,zBecm450FzNBdT72vr3EEt5KW983,9,10,0,0,0,0,1
NmOHtkuUcth0Z3wEDZTK,LE FIVE Montreuil,published,pro,,48.8613036&2.4653095,2024-01-29T16:00:00.000Z,90,11,public,false,,,u9uC1vjdcdQ3UqNxI0SiFxor0m43,1,10,0,0,0,0,0
NnZU3Avj6If9SF6HoLK7,UrbanSoccer - Quai d'Ivry,played,captain,ChIJfXxYJ0xy5kcRw9xTkF6-FZQ,48.8199885&2.3936463,2024-01-28T19:30:00.000Z,60,12,public,true,Détente,3,iASNbmjlwQWJkZ8rafhxWwURZWE2,10,10,0,0,0,2,0
NoGWZC8j5G1u7LYsrMsT,Foot POWER 5,canceled,pro,,48.960066&2.2061913,2024-02-18T11:00:00.000Z,90,10,public,false,,,sss3dYi6nzWd7rEjwcQ30LGKudj1,0,10,0,0,0,0,0
NojfMzBuNuBxvzzzqzSk,Stadium Thiais,published,pro,,48.7511024&2.3713455,2024-02-01T16:30:00.000Z,90,10,public,false,,,psf3NmXEPwdCltHKJC7VuvJocrF3,0,10,0,0,0,0,0
NpsmCGl1wGs4lhstnpXL,FIVE ARENA,canceled,captain,ChIJ02bKSuih6EcRb796CXVbkVs,48.9539465&2.9154573,2024-01-26T18:30:00.000Z,90,15,public,false,Détente,3,MYO9O3zQTQY0trv3z30Cgjy0zk33,6,10,0,0,0,0,0
NtUuPnbsynrBMiGJ37eq,Foot POWER 5,canceled,pro,,48.960066&2.2061913,2024-02-11T08:00:00.000Z,90,10,public,false,,,sss3dYi6nzWd7rEjwcQ30LGKudj1,0,10,0,0,0,0,0
Ntnw5ECEnLRPjCXY2UIP,UrbanSoccer - Puteaux,played,captain,ChIJM_sC0-Nk5kcRhL1y_EFIje8,48.8836397&2.2312283,2024-02-08T11:00:00.000Z,60,,public,true,Compétition,4,wBXFoWSNnoQmZRxgJnM1oZmqEHZ2,10,10,1,0,0,0,6
NuRulnsOQm5AkhRPyWsn,Top Ten,published,pro,,48.8729106&2.6840919,2024-03-06T22:00:00.000Z,90,16.5,public,false,,,i27253AGxOfXgYJK72sBnvUGuMk2,0,10,0,0,0,0,0
Nw5K4ZzfZz5zFjDZsID5,LE FIVE Créteil,published,pro,,48.7643086&2.4706522,2024-02-22T16:00:00.000Z,60,7,public,false,,,ZmXMWx7aTdPoPkkGOWa2HIQVblq2,0,10,0,0,0,0,0
NxWiwO8SCJPuqNBn4D5K,Top Ten,published,pro,,48.8729106&2.6840919,2024-03-07T16:00:00.000Z,90,5,public,false,,,i27253AGxOfXgYJK72sBnvUGuMk2,0,10,0,0,0,0,0
O0btWRlDCMc1PgH0ux5k,LE FIVE Bobigny,published,pro,,48.901553&2.4313304,2024-03-11T17:00:00.000Z,60,8,public,false,,,4owi3i7t8EOvFNF6UQvACOpiDRy1,0,10,0,0,0,0,0
O1izbNyNswUl9Ql7Q1GT,LE FIVE Paris 13,published,pro,,48.8181615&2.3658793,2024-03-12T22:00:00.000Z,60,10,public,false,,,FjSnzlRFFfhWVWQJGfIEwRc2ZMj2,0,10,0,0,0,0,0
O3Fx89QBu3IKCXCxWfhY,UrbanSoccer La Défense,played,captain,ChIJh4rnfVhk5kcRV2Q-ZKdm8vA,48.8996456&2.2216773,2024-01-27T08:45:00.000Z,60,13,public,true,Détente,2,5Jb3ykDmZSRZdgHyzX62ADfGlz13,10,10,0,0,0,0,0
O69EAXf2BQI89gmGtQLD,Gym Suédoise,played,captain,ChIJHeWkas5x5kcR2r6vjV2FkFA,48.8452783&2.3271178,2024-02-01T19:30:00.000Z,90,,public,false,Détente,5,8i5faoQkJ4YSkhRB5skPBLiEh1G3,10,10,2,0,0,0,0
O6llYmkrf6qUWwkzzIOy,Stadium Thiais,published,pro,,48.7511024&2.3713455,2024-02-16T15:00:00.000Z,90,8,public,false,,,psf3NmXEPwdCltHKJC7VuvJocrF3,0,10,0,0,0,0,0
O7aosfOgWhbgxMj2bDsp,LE FIVE Paris 18,published,captain,ChIJpVT4_n1u5kcRzji6FdTBXXo,48.8978522&2.3700234,2024-02-13T19:30:00.000Z,60,14,public,true,Détente,2,bUplJ5qiERS7TgScEE9lJNYvPb83,4,10,0,0,0,0,0
O8c2z478oQgXf4I2LDUu,UrbanSoccer - Quai d'Ivry,played,captain,ChIJfXxYJ0xy5kcRw9xTkF6-FZQ,48.8199885&2.3936463,2024-01-23T19:30:00.000Z,60,14,public,true,Détente,2,5ym5C578Zgbf4BIIX570nDyNT2B3,10,10,2,0,0,0,0
O9ZNIphZljcaNmCAC4VX,Top Ten,published,pro,,48.8729106&2.6840919,2024-02-01T22:00:00.000Z,90,16.5,public,false,,,i27253AGxOfXgYJK72sBnvUGuMk2,0,10,0,0,0,0,0
OAZ1hWkNNAwL31rCSxkD,Centre Sportif Jules Noël,draft,captain,ChIJWZM9NFJw5kcRDJY_s1u1Er4,48.8241549&2.3145477,2024-01-26T17:00:00.000Z,120,,public,false,,,oKfGVfs7dYecPpobKfuTXiuhh8J3,0,12,0,0,0,0,0
OAlYLt0ssvesPNNnF7lx,Stadium Thiais,published,pro,,48.7511024&2.3713455,2024-01-20T13:00:00.000Z,90,12,public,false,,,psf3NmXEPwdCltHKJC7VuvJocrF3,0,10,0,0,0,0,0
ODiLGCPGQEqdkAdSbvG0,LE FIVE Paris 17,canceled,captain,ChIJ7eI8sFNv5kcR5xy52Wc57NU,48.900032&2.3213449,2024-01-26T20:00:00.000Z,60,12,public,true,Détente,3,VxV2yKTur2YIsLqctxIrV3Bn1uw1,7,10,0,0,0,0,0
OF428E36PQLCpKzZSj1z,Stadium Thiais,published,pro,,48.7511024&2.3713455,2024-01-22T14:00:00.000Z,90,8,public,false,,,psf3NmXEPwdCltHKJC7VuvJocrF3,0,10,0,0,0,0,0
OFKR07pLeasje9727QC4,Cité des Sports,published,captain,ChIJ70UPf6R75kcRGb3NAV9k7Ww,48.8247744&2.2650728,2024-02-07T11:15:00.000Z,60,,public,false,Détente,3,UhA5K0uIX2bvgsHTVtkKXBbL5Jf1,17,18,0,0,0,0,5
OFU90SVsslpvMh1pJ9OO,Footbox,published,pro,,48.9022789&2.582647,2024-02-26T14:00:00.000Z,60,7,public,false,,,QI89VPazyLhBVnWH871jk4BUEZI3,0,10,0,0,0,0,0
OFZG77a0dis5agR8FL7b,Stadium Thiais,played,captain,ChIJ64X9jzx05kcRsHvSfOv6UcA,48.7511024&2.3713455,2024-02-06T16:00:00.000Z,120,10,public,false,Compétition,3,Dohg1zNvhsbmGrYuAmExKFyjruw2,10,10,10,0,0,5,2
OFcJ0Sq86thPvTnlTQEL,Foot POWER 5,canceled,pro,,48.960066&2.2061913,2024-01-21T08:00:00.000Z,90,10,public,false,,,sss3dYi6nzWd7rEjwcQ30LGKudj1,0,10,0,0,0,0,0
OFwFU7YIpxjwZlrifzBR,Top Ten,published,pro,ChIJfXprBx4b5kcRmhe-5pLZUek,48.8729106&2.6840919,2024-01-21T16:30:00.000Z,90,15,public,false,,,i27253AGxOfXgYJK72sBnvUGuMk2,0,10,0,0,0,0,0
OGPdI5oQn8DovsP3bM11,UrbanSoccer La Défense,played,captain,ChIJh4rnfVhk5kcRV2Q-ZKdm8vA,48.8996456&2.2216773,2024-02-11T12:00:00.000Z,60,14,public,true,Détente,3,0O1Z2fEWDbbNk2ODaTvybNoOHRH3,10,10,1,0,0,0,2
OHHy5OU8t1LiNeRk012c,Foot-Max Argenteuil,played,pro,ChIJi9oIzaRm5kcRJYcK7QsdRMU,48.9501632&2.2093946,2024-02-08T18:00:00.000Z,120,16,public,false,,,SuEnyPZ4TgNIkt1yap2yJ3ZHO6p1,10,10,6,0,0,0,3
OHaNLHb9fsx2hwO1bQcw,UrbanSoccer - Marne-La-Vallée,canceled,captain,ChIJ6bDBiosP5kcROXiloHzSdhc,48.82658600000001&2.6296937,2024-02-05T16:00:00.000Z,90,5,public,true,Détente,3,ymkMZlNKashIEIZ7aySGiIplwe73,8,10,0,0,0,0,0
OIk2UONLXOiLj6sJ14BI,Sport dans la Ville Rhône-Alpes,canceled,captain,ChIJoUEDcmvr9EcRILCz6hDCQ2o,45.7811703&4.8081568,2024-01-24T18:00:00.000Z,90,13.5,public,false,Détente,3,cjs1TdTDJuNnnvxRDFKOTIWUmA73,10,10,0,0,0,0,1
OIyyjTt33bUlitMqNWFD,UrbanSoccer - Puteaux,played,captain,ChIJM_sC0-Nk5kcRhL1y_EFIje8,48.8836397&2.2312283,2024-02-06T18:00:00.000Z,60,15,public,true,Détente,2,l7H7LRB8ecY3XARHGBV4Z5osWUE2,10,10,1,0,0,0,2
OJfgjNiMTliMFk91Vqii,Play Soccer,canceled,captain,ChIJQ-UxZn-5rhIRKWoQydM5T9s,43.5512023&1.4098927,2024-02-11T17:30:00.000Z,90,12,public,false,Détente,3,8LtkeOuZHeePxfkXdNPmQSr7V9L2,10,10,0,0,0,0,0
OKwef3kYt0bUcwsDR4ao,BIG5,canceled,captain,ChIJsb_7TJFp5kcRSPL5VqZulr4,48.9901429&2.3617895,2024-02-01T20:00:00.000Z,60,10,public,false,Détente,3,FXTFN3B7VqWo44T7vhPjdIEwqYd2,9,10,0,0,0,0,0
ONFYcE7iWBCPJqXDRSYY,Events Five,played,captain,ChIJf8cSCJG5rhIRoQadPH-wW1U,43.5399703&1.3922897,2024-02-07T18:00:00.000Z,60,9.5,public,false,Détente,3,dnAk8SuzEUMTsYXkQJL6fOKkOYy2,10,10,3,0,0,0,0
OOrgkU6C0CP293iey35K,Top Ten,published,pro,,48.8729106&2.6840919,2024-02-17T15:30:00.000Z,90,15,public,false,,,i27253AGxOfXgYJK72sBnvUGuMk2,2,10,0,0,0,0,0
OPks2DqftgpKfah4BD07,Foot POWER 5,canceled,pro,,48.960066&2.2061913,2024-01-21T20:00:00.000Z,90,10,public,false,,,sss3dYi6nzWd7rEjwcQ30LGKudj1,0,10,0,0,0,0,0
OQGQYr4kztr7CF4K7uyc,Halle Georges Carpentier,canceled,captain,ChIJnXkSwCty5kcR-nlHXNFQlg4,48.82020139999999&2.3672361,2024-02-09T14:30:00.000Z,120,,public,false,Détente,,FYfgfT1shkXXyaMI4sZTA7d9Qdw2,1,16,0,0,0,0,0
OQme9ZdUyyLtRMcGwg6C,Cité des Sports,played,captain,ChIJ70UPf6R75kcRGb3NAV9k7Ww,48.8247744&2.2650728,2024-01-24T11:15:00.000Z,60,,public,false,Détente,3,UhA5K0uIX2bvgsHTVtkKXBbL5Jf1,16,16,7,0,0,0,7
OR7EBsmXqLfYD8Bo8lVO,UrbanSoccer Orsay,published,captain,ChIJpZIJg7J45kcRrKWKhtbfnEQ,48.70829&2.17794,2024-02-13T18:30:00.000Z,90,16,public,true,Détente,4,T1D2CMjaL5UZ3nu7Y4UGkRG4ZHe2,8,10,0,0,0,0,0
ORrEjngsh2eU7056lvrJ,LE FIVE Paris 18,published,pro,,48.8978522&2.3700234,2024-02-19T21:20:00.000Z,90,10,public,false,,,UQf33jQhVZhle917nO0h7D5qclV2,0,10,0,0,0,0,0
OSCWUemh2N1KBw314kMA,LE FIVE Bezons,published,pro,,48.91909&2.2093051,2024-03-04T17:00:00.000Z,60,7,public,false,,,U3MriTZbPbTUEsU6RtRuHxDMKvg2,0,10,0,0,0,0,0
OSHTpfzviNrlWmraBZHV,Cité des Sports,published,captain,ChIJ70UPf6R75kcRGb3NAV9k7Ww,48.8247744&2.2650728,2024-02-13T19:30:00.000Z,60,14,public,false,Détente,3,XBcEHwxFXEXVWzzYXMdJPCca0W82,9,10,0,0,0,0,0
OSpu8nwQoSyoA83dLnJf,Gymnase Anatole France,played,captain,ChIJ67jXNkRv5kcR1f7HoYqWpQA,48.9245548&2.298522,2024-01-27T10:30:00.000Z,90,,public,false,Compétition,4,DuOk90xmAVVZD1YUtUhEOxPlLHX2,10,10,4,0,0,1,0
OTOOJdQnipX8mJaJHUgf,LE FIVE Paris 17,played,captain,ChIJ7eI8sFNv5kcR5xy52Wc57NU,48.900032&2.3213449,2024-02-05T19:30:00.000Z,60,12,public,true,Détente,2,Cj0XVw1khnP18oiOzmCKEODW1zD2,10,10,1,0,0,0,0
OTwNeamCtMe2VPi2nMxo,Evolution Football,played,captain,ChIJX0YulIi8yRIRnGh62u3UXTQ,43.2836074&5.52356,2024-01-26T20:00:00.000Z,60,9,public,false,Détente,3,zZSd6LMeHpShEqkT7yOHz76kjP03,10,10,1,0,0,0,1
OUZqc0TCX2rS7FCKQWlF,Foot-Max Argenteuil,canceled,pro,,48.9501632&2.2093946,2024-02-06T18:00:00.000Z,60,7,public,false,,,SuEnyPZ4TgNIkt1yap2yJ3ZHO6p1,0,10,0,0,0,0,0
OVBWTxWaPPSuYr08xWb7,Foot POWER 5,canceled,pro,,48.960066&2.2061913,2024-02-13T20:00:00.000Z,90,7,public,false,,,sss3dYi6nzWd7rEjwcQ30LGKudj1,0,10,0,0,0,0,0
OVd3kbQhryisoBDInloh,We Are Sports,played,captain,ChIJFZU5oBHC9EcRJTFrSkI1xxg,45.7113247&4.8761886,2024-01-22T17:00:00.000Z,60,10,public,false,Compétition,3,3C4NbXjad8WymykmDRYpYeuf2qh1,10,10,1,0,0,0,0
OWfmgHeE1SzsMCvK6fq5,LE FIVE Paris 18,played,pro,ChIJpVT4_n1u5kcRzji6FdTBXXo,48.8978522&2.3700234,2024-01-21T21:30:00.000Z,90,12,public,false,,,UQf33jQhVZhle917nO0h7D5qclV2,10,10,8,0,0,0,4
OWzcb2oXrVGrib8sqZB5,MONCLUB 2.0,played,captain,ChIJv9owGLm-yRIRfuDnd3G6nR4,43.2895156&5.4611522,2024-02-01T19:00:00.000Z,60,10,public,false,Competition,3,5TFCYy7BgibXpBF3a2CvhWBKkUt1,10,10,3,0,0,0,2
OXUL93E2FTmnaIATzUCg,Footbox,published,pro,,48.9022789&2.582647,2024-03-05T22:00:00.000Z,60,10,public,false,,,QI89VPazyLhBVnWH871jk4BUEZI3,0,10,0,0,0,0,0
OXhaoYvKHHNNjkc7mJxe,Foot POWER 5,canceled,pro,,48.960066&2.2061913,2024-02-21T21:30:00.000Z,90,7,public,false,,,sss3dYi6nzWd7rEjwcQ30LGKudj1,0,10,0,0,0,0,0
ObIMeZ8xymZHXKuC6ehB,Stadium Thiais,published,pro,,48.7511024&2.3713455,2024-03-10T18:00:00.000Z,90,15,public,false,,,psf3NmXEPwdCltHKJC7VuvJocrF3,0,10,0,0,0,0,0
Oc5F77fGD7buuhbRFsfC,Kinshasa,published,pro,,-4.3032527&15.310528,2024-03-08T15:30:00.000Z,90,11,public,false,,,zCvsukfMuuffsuPpSTQwb7MusMD2,0,10,0,0,0,0,0
OdCStzbOQqxoR5cQTN3H,Parc départemental des sports de Marville,canceled,captain,ChIJb7v1Kghs5kcRlOK5J2yhoCk,48.9370153&2.3847308,2024-02-03T08:40:00.000Z,60,,public,false,Compétition,4,wddgG0NgdFffQtVrKpAEXoruHCW2,7,10,0,0,0,0,1
Oe24uS9nAHHcAmTG2SC8,LE FIVE Bezons,hidden,pro,,48.91909&2.2093051,2024-01-31T16:30:00.000Z,90,10.5,public,false,,,U3MriTZbPbTUEsU6RtRuHxDMKvg2,10,10,0,0,0,0,5
OeEDDB8qepWEqULCkchu,UrbanSoccer La Défense,played,captain,ChIJh4rnfVhk5kcRV2Q-ZKdm8vA,48.8996456&2.2216773,2024-01-24T19:45:00.000Z,60,15,public,true,Détente,3,ujrkM923ZkZfdxOxjC0wVMcRqxw1,10,10,1,0,0,0,4
OeXtStk6KXC72wJDrUtI,UrbanSoccer - Lille Lezennes,draft,captain,ChIJR3ro5nTWwkcRfM_S3Be9HjI,50.6162725&3.0998108,2024-01-25T20:00:00.000Z,60,10,public,true,,,AnvNUpJkuJaIaX0DqYY6TEFtWhK2,0,10,0,0,0,0,0
OekWHs2FiHPGZyqGiGiZ,Stadium Thiais,published,pro,,48.7511024&2.3713455,2024-02-29T14:00:00.000Z,90,8,public,false,,,psf3NmXEPwdCltHKJC7VuvJocrF3,0,10,0,0,0,0,0
OfEwrXpPQj1Zq7Pf3px3,Arena Club,played,captain,ChIJeWJWRjYvw0cRbnJR4ZXAKMA,50.7696017&3.1236104,2024-02-05T19:10:00.000Z,60,8.5,public,false,Détente,3,vtyy5a1BUYMBKAn3y6kb6XPxf0Y2,10,10,0,0,0,0,0
OhY6uT9QZoycwgVaql4m,LE FIVE Paris 18,published,pro,,48.8978522&2.3700234,2024-02-20T21:20:00.000Z,90,10,public,false,,,UQf33jQhVZhle917nO0h7D5qclV2,0,10,0,0,0,0,0
OjvU7XmujOwwNt4xHtQv,FOOT INDOOR Marseille,canceled,captain,ChIJ41AMCxC8yRIRLHLGt11sc-U,43.2859688&5.4882746,2024-01-27T12:00:00.000Z,60,10,public,false,Détente,3,Pjg2ONRafZeJ1DuzPUOpUBoOFcC2,9,10,0,0,0,0,0
OkDdaNTmYnW2BaWlbfBB,Foot POWER 5,canceled,pro,,48.960066&2.2061913,2024-01-30T18:30:00.000Z,90,7,public,false,,,sss3dYi6nzWd7rEjwcQ30LGKudj1,0,10,0,0,0,0,0
OkXGFJ8AIBZNDbWAhAoC,Stadium Thiais,published,pro,,48.7511024&2.3713455,2024-02-25T13:30:00.000Z,90,15,public,false,,,psf3NmXEPwdCltHKJC7VuvJocrF3,0,10,0,0,0,0,0
Ol0Z9AEPNMTcyM2fhSMz,UrbanSoccer - Puteaux,played,captain,ChIJM_sC0-Nk5kcRhL1y_EFIje8,48.8836397&2.2312283,2024-01-21T08:00:00.000Z,60,11,public,true,Détente,3,h9HQURuU5UZpVg1pNrgkqdPwCsH3,10,10,2,0,0,0,1
OlMtag65ADL1wBvZmPEC,Stade Des Courtilles,canceled,captain,ChIJ83HS9ldv5kcR-plMKkHPNTA,48.929137&2.2834726,2024-02-10T18:00:00.000Z,150,,public,false,Compétition,,OKhfkxDKMDS9m7GyDTrjVlKnvko1,5,14,0,0,0,0,2
OljdA4hyUtzEgi2HR47D,Footbox,published,pro,,48.9022789&2.582647,2024-02-26T20:00:00.000Z,60,10,public,false,,,QI89VPazyLhBVnWH871jk4BUEZI3,0,10,0,0,0,0,0
OllIHgLJsyCy2AqRHR3I,LE FIVE Montreuil,published,pro,,48.8613036&2.4653095,2024-01-27T17:30:00.000Z,90,15,public,false,,,u9uC1vjdcdQ3UqNxI0SiFxor0m43,0,10,0,0,0,0,0
Om7kk4VdI1RJ4LxyFika,UrbanSoccer Orsay,played,captain,ChIJpZIJg7J45kcRrKWKhtbfnEQ,48.70829&2.17794,2024-01-25T19:00:00.000Z,90,17,public,true,Détente,3,s1eo4MV4gLdD17mf1RxuRaEJ7612,10,10,3,0,0,0,0
Omz3AQBQFvChyoEm0EMW,TEAMS 5,canceled,captain,ChIJMwJ3mggV5kcRQVflQLRJ4Ow,48.9788503&2.5011043,2024-02-11T21:30:00.000Z,60,10,public,false,Détente,3,8585JxI6Wxer5hHoWLEO4webzZc2,7,10,0,0,0,0,0
On4QG4AO5dVmSF0vn7fY,Footbox,published,pro,,48.9022789&2.582647,2024-03-13T19:00:00.000Z,60,10,public,false,,,QI89VPazyLhBVnWH871jk4BUEZI3,0,10,0,0,0,0,0
OnkARD7a8fHKPYdkqAnq,LE FIVE Sarcelles,played,captain,ChIJ6_q3Fxhq5kcRCpoEwnoXX1Q,48.99782219999999&2.3902225,2024-01-24T19:45:00.000Z,90,13,public,false,Détente,2,teJWyUweiHbF7gi2wai3tq2vDQI3,10,10,3,0,0,0,1
Oo6idEuclu687JetivvV,Speed Soccer Five,published,captain,ChIJ2xTNglV25kcR3UDi4AXGfDU,48.7360598&2.315058,2024-02-13T18:30:00.000Z,90,13,public,false,Détente,3,Z5sxx936iZX9hchZEihemmPqYW12,10,10,0,0,0,0,0
OoDJ1jEjU5X4t0s5k2LL,UrbanSoccer - Puteaux,played,captain,ChIJM_sC0-Nk5kcRhL1y_EFIje8,48.8836397&2.2312283,2024-02-11T10:30:00.000Z,60,12,public,true,Détente,,XOSxRbjTk7OsHTsMAtofeK6ZPQ72,10,10,2,0,0,0,2
Op53FWIlDd91yzDz7hhK,LE FIVE Montreuil,published,pro,,48.8613036&2.4653095,2024-02-06T12:00:00.000Z,60,7,public,false,,,u9uC1vjdcdQ3UqNxI0SiFxor0m43,0,10,0,0,0,0,1
OqESPZRtqPeO5XuCLN35,Parc des Sévines,played,captain,ChIJ1-_7SUhv5kcRuFo_vTkcn_c,48.9297768&2.3037282,2024-01-24T19:00:00.000Z,120,,public,false,Chill,4,alKdx0B0bAPF23akKWxXruUtnw43,16,16,6,0,0,0,6
OqeWNn8h4eACDeuo8zqP,Rue du Musée,played,captain,ChIJ4ypzX6B15kcRFesay1dBJco,48.71676&2.39852,2024-02-04T12:00:00.000Z,120,1,public,false,Détente,3,5v9WX6HkohWW6s4r8BR39p1iJxu1,16,16,13,0,0,0,0
OqnCR79PEWboVyrdySqt,Stadium Thiais,published,pro,,48.7511024&2.3713455,2024-03-12T11:00:00.000Z,60,7,public,false,,,psf3NmXEPwdCltHKJC7VuvJocrF3,0,10,0,0,0,0,0
Orcv4gzMrc8bsPwqquyG,LE FIVE Bezons,published,pro,,48.91909&2.2093051,2024-03-04T21:00:00.000Z,90,14,public,false,,,U3MriTZbPbTUEsU6RtRuHxDMKvg2,0,10,0,0,0,0,0
OsZ92RFg0crPsZDIl2zW,Footbox,published,pro,,48.9022789&2.582647,2024-02-24T14:00:00.000Z,60,10,public,false,,,QI89VPazyLhBVnWH871jk4BUEZI3,0,10,0,0,0,0,0
OsfRSpOx89tY1cUgmWYS,Gymnase Paul-Langevin,played,captain,ChIJpwZCTldv5kcRZv4mO_ayojo,48.9280971&2.2880415,2024-02-04T08:15:00.000Z,120,,public,false,Détente,4,JbI2M4p4ZIeZDnd9mENWg2G7vlo1,12,12,4,0,0,0,3
Osj1f3Ruuu6GE4BKbMLU,LE FIVE Créteil,played,captain,ChIJ88lx3VwL5kcRVxCh4lD6_Gk,48.7643086&2.4706522,2024-01-24T17:45:00.000Z,60,11,public,false,Détente,4,NDdn5avgv6Wp5SsQToiuba3PZ1u2,10,10,0,0,0,0,0
OsjKRjtAyDNKdas1N5K2,UrbanSoccer La Défense,played,captain,ChIJh4rnfVhk5kcRV2Q-ZKdm8vA,48.8996456&2.2216773,2024-02-10T15:45:00.000Z,90,13.5,public,true,Détente,2,0N3CLYbLIZTpqKpf9K48Ng9lDuF3,10,10,2,0,0,0,0
OtWIBrspWoCUKj7jESn8,LE FIVE Bezons,published,pro,,48.91909&2.2093051,2024-02-27T17:00:00.000Z,60,7,public,false,,,U3MriTZbPbTUEsU6RtRuHxDMKvg2,0,10,0,0,0,0,0
OtbbWznTCPujrRaYrIiv,Stadium Thiais,canceled,captain,ChIJ64X9jzx05kcRsHvSfOv6UcA,48.7511137&2.3715422,2024-02-08T18:00:00.000Z,90,15,public,false,Compétition,3,ZegGT1YBevfi7XkWEix5UYtbQzT2,10,10,0,0,0,0,1
Ou0A1F0KnpcnmOgy4Dtl,LE FIVE Montreuil,published,pro,,48.8613036&2.4653095,2024-03-01T22:00:00.000Z,60,8,public,false,,,u9uC1vjdcdQ3UqNxI0SiFxor0m43,0,10,0,0,0,0,0
Ovakh3DfaYOFijDN2gNM,Foot-Max Argenteuil,published,pro,,48.9501632&2.2093946,2024-03-09T13:00:00.000Z,120,16,public,false,,,SuEnyPZ4TgNIkt1yap2yJ3ZHO6p1,0,10,0,0,0,0,0
OvgNxH1MM2eJp9CX86Ds,Top Ten,published,pro,,48.8729106&2.6840919,2024-03-13T16:00:00.000Z,90,5,public,false,,,i27253AGxOfXgYJK72sBnvUGuMk2,0,10,0,0,0,0,0
OwboJWB31QnzjnSXW0aa,LE FIVE Morangis,canceled,captain,ChIJA4uAhOXZ5UcRp-vZXZP-ovY,48.692672&2.3192811,2024-01-28T09:30:00.000Z,90,15,public,false,Détente,3,BfVmAwOWU5TC02ZJfbvMeslitCh2,1,10,0,0,0,0,0
OwujKT746v5QgZJBCxPX,City KOF,played,captain,ChIJ_2pirmlv5kcRTpGJ0UDn1Y8,48.9155954&2.2963072,2024-02-02T11:00:00.000Z,90,,public,false,Détente,2,PL0nw3BiAUhxDJuKc8qZsRazcM23,10,10,5,0,0,0,3
Ox3ZRr7q4WEY03u1HqII,Stadium Thiais,played,pro,ChIJ64X9jzx05kcRsHvSfOv6UcA,48.7511024&2.3713455,2024-01-20T20:30:00.000Z,90,15,public,false,,,psf3NmXEPwdCltHKJC7VuvJocrF3,10,10,7,0,0,0,1
Oz8IL6RVPqsnO4g8uQ8O,Monclub Futbol,published,pro,ChIJGbxxaamUyRIRgGvhHnhJStA,43.4299152&5.4001974,2024-02-06T17:00:00.000Z,60,10,public,false,,,CSTy9rmJRQSyWlqWuGiUhGpAGqf2,0,10,0,0,0,0,0
OzE9YXkU9yEvMSSBhIL4,FIVE ARENA MEAUX ,published,pro,,48.9539465&2.9154573,2024-02-05T19:00:00.000Z,90,10,public,false,,,4K6djqUyJdTgGF3Q7nh7CXQHqVh1,1,10,0,0,0,0,0
P0Lha0XsDG7mnvzi96PN,LE FIVE Villette,published,captain,ChIJTUFnQjps5kcR0pHITLTw1PI,48.9070122&2.3861459,2024-02-10T10:45:00.000Z,60,12,private,false,Détente,2,wlsueBiqqRNHWMYVYi0HerGgPJi1,1,10,0,0,0,0,0
P21lOeGwh4GOJeZ6Ojxd,LE FIVE Paris 18,published,pro,,48.8978522&2.3700234,2024-03-08T21:20:00.000Z,90,10,public,false,,,UQf33jQhVZhle917nO0h7D5qclV2,0,10,0,0,0,0,0
P2L5RAFwRSZibxtOoKIi,LE FIVE Villette,canceled,captain,ChIJTUFnQjps5kcR0pHITLTw1PI,48.9070122&2.3861459,2024-01-27T17:00:00.000Z,120,10,public,false,Compétition,2,wpc18Jo0Y6fuKgbsfFRifqoZrqc2,5,10,0,0,0,0,0
P2NGOhIdn0voWkczhJ47,Top Ten,played,pro,,48.8729106&2.6840919,2024-02-08T16:00:00.000Z,90,5,public,false,,,i27253AGxOfXgYJK72sBnvUGuMk2,10,10,4,0,0,0,5
P2d29DPPZC9Xcr34Xrxd,Top Ten,played,captain,ChIJfXprBx4b5kcRmhe-5pLZUek,48.8729209&2.6841223,2024-02-04T08:00:00.000Z,90,12,public,false,Détente,2,X3rZnkTKKvP3wJS3DTHWae9Z5vg2,12,12,4,0,0,0,1
P5dwbwohzJ6AtJxpbOMB,OHSPORT,canceled,captain,ChIJHeG9fA4X5kcRbGNzVY5Ud5I,48.9672396&2.5670436,2024-01-20T23:00:00.000Z,60,10,public,false,Détente,2,fa6aWrOxh8bufEtvDjnITS0fU9A2,4,10,0,0,0,0,1
P67G069pcptta4a7yxXJ,Stadium Thiais,published,pro,,48.7511024&2.3713455,2024-02-14T11:00:00.000Z,60,7,public,false,,,psf3NmXEPwdCltHKJC7VuvJocrF3,10,10,0,0,0,0,0
P8TXaoQsNiWXrL5zRImq,LE FIVE Sarcelles,canceled,captain,ChIJ6_q3Fxhq5kcRCpoEwnoXX1Q,48.99782219999999&2.3902225,2024-02-09T17:45:00.000Z,60,10,public,false,Compétition,5,ew3GACDRP8UnjNCcNvvniBkgvOP2,10,10,0,0,0,0,1
PA3ka3m4zWacdwXXLhre,Stadium Thiais,played,pro,ChIJ64X9jzx05kcRsHvSfOv6UcA,48.7511024&2.3713455,2024-01-20T09:30:00.000Z,90,12,public,false,,,psf3NmXEPwdCltHKJC7VuvJocrF3,10,10,8,0,1,0,0
PAFtn3ml0Hlav935hrJt,Stade Didier Drogba,played,captain,ChIJFxETEZ9v5kcRVipjBib8ooE,48.8936462&2.3010907,2024-01-25T19:30:00.000Z,90,,public,false,Compétition,4,WV04J3dHzqgmgZn1CRyjjnjiiaa2,14,14,1,0,0,0,4
PB5UQs9t80kKCE5lznhP,LE FIVE Montreuil,canceled,captain,ChIJJdTQjr0T5kcRZmGxtIJVy44,48.8607303&2.4650432,2024-01-31T20:00:00.000Z,90,16.5,public,false,Détente,2,pwt9VyutSnORs9M3hfVVQt88p2l1,10,10,0,0,0,0,0
PCYV1712Nz87dNlnW29F,Le Street Foot en Salle,played,captain,ChIJt_AXL6Jg5kcRu6rBmnrmeUM,49.0164435&2.181307,2024-01-28T18:00:00.000Z,60,9,public,false,Détente,4,CIIM8n7uLZOD2AIEQSdh1od0RR53,10,10,2,0,0,0,2
PDRsbyforceN7StJkGtb,Footbox,published,pro,,48.9022789&2.582647,2024-02-21T21:00:00.000Z,60,10,public,false,,,QI89VPazyLhBVnWH871jk4BUEZI3,0,10,0,0,0,0,0
PE4dI6VwwxNYtY52pszs,LE FIVE Montreuil,published,captain,ChIJJdTQjr0T5kcRZmGxtIJVy44,48.8607303&2.4650432,2024-02-01T19:00:00.000Z,60,11,private,false,Détente,3,D3VoCJPjihcknVTpQ0fkbkHlvQ33,8,10,0,0,0,0,0
PEB3hP7cvbLvE7MZCHuM,LE FIVE Bezons,published,pro,,48.91909&2.2093051,2024-02-25T19:00:00.000Z,90,15,public,false,,,U3MriTZbPbTUEsU6RtRuHxDMKvg2,0,10,0,0,0,0,0
PEiLY0TX83AfD9bqewYC,UrbanSoccer - Porte d'Aubervilliers,canceled,captain,ChIJ0dXjDCZs5kcRvX0EpMwxsUY,48.9074912&2.3746518,2024-02-04T11:45:00.000Z,90,7.5,public,true,Détente,3,cMDXsSUbWpbk3P8V4YnVbpJ8MbG3,9,10,0,0,0,0,0
PG6ns8XJsq20DMtq7WTs,OHSPORT,draft,captain,ChIJHeG9fA4X5kcRbGNzVY5Ud5I,48.9672396&2.5670436,2024-02-03T14:00:00.000Z,90,,private,false,,,Q3vCTJj7N1NhiUj0HdJ1l8i5ygv1,0,0,0,0,0,0,0
PHIyWaoCerNWSijlteF2,LE FIVE Carrières-sous-Poissy,played,captain,ChIJ9T4fWfyL5kcRCBX-FyZLvEE,48.9468144&2.0230574,2024-01-26T21:00:00.000Z,90,12,public,false,,3,Wy3wc8FHaCYWTvZWNBBuL5f6n6n2,10,10,2,0,0,0,1
PHqJJJjY9uLNOhnyrQ0b,Stade Boutron,published,captain,ChIJj2NF6Xuoi0cR9RaZvF7fEp8,45.5938153&5.9199033,2024-02-04T15:00:00.000Z,60,,public,false,Détente,2,WHoTgycFwQUBuOJ1dntqxzBDtTG2,2,10,0,0,0,0,0
PJJDjfNmLRKHQ3gqhabe,Stadium Thiais,published,pro,,48.7511024&2.3713455,2024-03-02T10:30:00.000Z,90,12,public,false,,,psf3NmXEPwdCltHKJC7VuvJocrF3,0,10,0,0,0,0,0
PJKUSbnyO0ZOaaii9ZeK,Skatepark de Charonne,canceled,captain,ChIJvbbfRvVt5kcRPabtcgU9cOk,48.85615199999999&2.3884235,2024-02-11T10:00:00.000Z,90,,public,false,Compétition,5,bsKS0eg06Qgeez3CXFRMDxi2kjt2,6,10,0,0,0,0,2
PJZ8WzfMie87jxV1IfMW,Game 13 foot indoor,played,captain,ChIJNSDvlsXryRIRUXao9hwB79I,43.41258939999999&5.366617,2024-01-28T20:30:00.000Z,60,10,public,false,Détente,4,tNI5PAPgX0MDq6T4GlwP3d2ndaO2,10,10,1,0,1,0,0
PKNxd9oNdxzJcudUY612,Top Ten,published,pro,,48.8729106&2.6840919,2024-02-13T16:00:00.000Z,90,5,public,false,,,i27253AGxOfXgYJK72sBnvUGuMk2,9,10,0,0,0,0,5
PKSGXj6SS5lL6r7vG9XH,Kinshasa,published,pro,,-4.3032527&15.310528,2024-02-02T15:00:00.000Z,90,21,public,false,,,zCvsukfMuuffsuPpSTQwb7MusMD2,0,10,0,0,0,0,0
PMi7j0Dsz06bh1TVEM5S,LE FIVE Montreuil,canceled,captain,ChIJJdTQjr0T5kcRZmGxtIJVy44,48.8607303&2.4650432,2024-01-20T17:00:00.000Z,90,6.5,public,false,Détente,3,dfE76upPCzRg0nhKVfsvzW0LnMB2,10,10,0,0,0,0,0
PN4CS5LiFWXUNyXyIw06,Stadium Thiais,published,captain,ChIJ64X9jzx05kcRsHvSfOv6UcA,48.7511024&2.3713455,2024-01-31T21:00:00.000Z,120,18,public,false,Compétition,3,kCW3k3I3bbhk2oQWx5krzcKbN2h1,11,12,0,0,0,0,0
PN9kshxVJPh4cxRpvtMv,Top Ten,published,pro,ChIJfXprBx4b5kcRmhe-5pLZUek,48.8729106&2.6840919,2024-01-27T16:00:00.000Z,90,15,public,false,,,i27253AGxOfXgYJK72sBnvUGuMk2,0,10,0,0,0,0,0
POJ8whtcA7A74VEgOs3l,LE FIVE Paris 13,published,pro,,48.8181615&2.3658793,2024-02-13T22:00:00.000Z,60,10,public,false,,,FjSnzlRFFfhWVWQJGfIEwRc2ZMj2,0,10,0,0,0,0,0
PPM21kcry2WMyKTWUKT3,Parc Sainte Barbe,published,captain,ChIJtw301r5w5kcRvRjidiuAyaw,48.7922897&2.2913469,2024-02-13T13:00:00.000Z,120,,public,false,Détente,4,rzC8A0bd4afb9AWrHKlCPT9461y1,16,16,0,0,0,0,0
PPOIz8u1LJkZhYPew3mW,UrbanSoccer - Marne-La-Vallée,canceled,captain,ChIJ6bDBiosP5kcROXiloHzSdhc,48.82658600000001&2.6296937,2024-02-10T14:30:00.000Z,90,6.5,public,true,Compétition,2,SEfbXJqtP1UFINBa5QUgOR8sIlp1,10,10,0,0,0,0,0
PQh8deLnv6f1SZmeTSW7,La Plaine des Sports - Université Paris-Saclay,canceled,captain,ChIJv4ZkWb5_5kcRkQ23aJHNq24,48.71200899999999&2.1560772,2024-01-21T14:00:00.000Z,90,,public,false,Détente,3,s1eo4MV4gLdD17mf1RxuRaEJ7612,13,16,0,0,0,0,0
PQjkpURbf0z71GXmNbI1,Top Ten,published,pro,,48.8729106&2.6840919,2024-02-14T11:00:00.000Z,90,5,public,false,,,i27253AGxOfXgYJK72sBnvUGuMk2,0,10,0,0,0,0,0
PQrCggTAvV9GaPdZBoOJ,UrbanSoccer - Lyon Parilly,published,captain,ChIJx3FQWjLC9EcRrrQb2eV7i_4,45.7120399&4.9039284,2024-02-01T14:40:00.000Z,60,6,public,true,Compétition,3,B6tWZAy3bgTUbyN0CtS7McqaOcW2,9,10,0,0,0,0,1
PTXLsPL54GJ7BVZhCMVX,UrbanSoccer - Puteaux,canceled,captain,ChIJM_sC0-Nk5kcRhL1y_EFIje8,48.8836397&2.2312283,2024-01-28T17:30:00.000Z,90,19.5,public,true,Détente,2,YEKi7c7dVGRckudU7K0oqBXetTm1,10,10,0,0,0,0,0
PTfC2zGrTZAd9zK5QFwN,Stadium Thiais,published,pro,,48.7511024&2.3713455,2024-02-23T11:00:00.000Z,60,7,public,false,,,psf3NmXEPwdCltHKJC7VuvJocrF3,0,10,0,0,0,0,0
PU7mMlw328LwOce0aLkZ,LE FIVE Montreuil,published,pro,,48.8613036&2.4653095,2024-02-16T16:30:00.000Z,90,11.5,public,false,,,u9uC1vjdcdQ3UqNxI0SiFxor0m43,0,10,0,0,0,0,0
PUmrzvj1JXzix8YVjeKm,LE FIVE Villette,played,captain,ChIJTUFnQjps5kcR0pHITLTw1PI,48.9070122&2.3861459,2024-01-29T18:00:00.000Z,60,12,public,false,Détente,2,nC6R68gbUzOUhr04A9XNjEJHUjy2,10,10,1,0,0,0,0
PVk77XEaSHDnhRNht3ud,UrbanSoccer - Marne-La-Vallée,canceled,captain,ChIJ6bDBiosP5kcROXiloHzSdhc,48.82658600000001&2.6296937,2024-02-10T16:30:00.000Z,90,13.5,public,true,Détente,3,dJvIZfVJbffmF9Jr3dfsR3Dt9yA3,4,10,0,0,0,0,0
PWCG4xqbTiV6Yo4b7n9T,UrbanSoccer - Porte d'Aubervilliers,played,captain,,48.9074912&2.3746518,2024-01-21T08:30:00.000Z,90,16,public,true,Détente,3,XKmM2CszFJgSEslC6iImsHeUFTj1,10,10,0,0,0,0,3
PX4qpqs8nXON8GfMwQKc,Parc Sainte Barbe,canceled,captain,ChIJtw301r5w5kcRvRjidiuAyaw,48.7922897&2.2913469,2024-02-08T16:00:00.000Z,90,,public,false,Détente,4,rzC8A0bd4afb9AWrHKlCPT9461y1,11,16,0,0,0,0,0
PXYyEyw0Vr5JkD0R7qwi,Stadium Thiais,published,pro,,48.7511024&2.3713455,2024-02-28T14:00:00.000Z,90,8,public,false,,,psf3NmXEPwdCltHKJC7VuvJocrF3,0,10,0,0,0,0,0
PXi9lSfnanB9z9fWOdMc,Cité des Sports,published,captain,ChIJ70UPf6R75kcRGb3NAV9k7Ww,48.8247744&2.2650728,2024-01-23T11:30:00.000Z,60,13,public,false,Détente,2,7V2VB8gcwKTjDpHEBZAUtfMvv4A3,7,10,0,0,0,0,0
PYX3SX9DTZn02ppT1qkP,Le Street Foot en Salle,played,captain,ChIJt_AXL6Jg5kcRu6rBmnrmeUM,49.0164435&2.181307,2024-02-02T17:30:00.000Z,90,14,public,false,Détente,3,jK9kjcdvGzSrFdlOP5ch13L2zf02,10,10,4,0,0,0,3
PZ1w64IP3h05EtF0HVWu,LE FIVE Paris 17,canceled,captain,ChIJ7eI8sFNv5kcR5xy52Wc57NU,48.900032&2.3213449,2024-02-02T18:00:00.000Z,60,15,public,true,Détente,,5sZ1EuedhMPmeDbsMfJU414ZNUz2,7,10,0,0,0,0,0
PZ5ORF8ttKUuRwIBkpoB,Footbox,published,pro,,48.9022789&2.582647,2024-02-24T22:00:00.000Z,60,10,public,false,,,QI89VPazyLhBVnWH871jk4BUEZI3,0,10,0,0,0,0,0
PaCL2zYSV7DnsW60hJw3,LE FIVE Bezons,played,captain,ChIJ71Mv0Wpk5kcRg-H9x7L-dXo,48.9190524&2.211796,2024-01-21T18:00:00.000Z,90,15,public,true,Compétition,4,Xc6DbG9IjWdvtxo6YZGpfEXhMIL2,10,10,9,0,0,0,1
PaT28G1JSHOqq9eqhodE,UrbanSoccer - Puteaux,canceled,captain,ChIJM_sC0-Nk5kcRhL1y_EFIje8,48.8836397&2.2312283,2024-02-12T11:30:00.000Z,60,6.5,public,true,Détente,3,HoI63bXYYGMjgN2F7pEDWgMml2W2,9,10,0,0,0,0,0
PaXPdpAu54vJ4pmVcLyt,Stade Charles Finaltéri,canceled,captain,ChIJfbzI1FVi5kcRzArhoMMv0w8,48.9004245&2.1419859,2024-02-04T14:30:00.000Z,90,,public,false,Détente,,A8ZAUgNn0NWvak5h3rxMyRIQpMf2,9,10,0,0,0,0,0
PdTsZiGCZ6DD32QbGVNG,Cité des Sports,played,captain,ChIJ70UPf6R75kcRGb3NAV9k7Ww,48.8247744&2.2650728,2024-02-07T19:30:00.000Z,60,13,public,false,Détente,3,H1q5Ebp0nJfOnYz51vLg3Us2dQX2,10,10,3,0,1,0,1
Pdt6WFQoOofmW57AVwjC,LE FIVE Paris 13,published,pro,ChIJ_bOSChhz5kcRZMTeq_6Gdzg,48.8181615&2.3658793,2024-01-22T11:00:00.000Z,60,10,public,false,,,FjSnzlRFFfhWVWQJGfIEwRc2ZMj2,0,10,0,0,0,0,0
Pe4wlBQQyHkUyHWCccPA,Monclub Futbol,played,pro,ChIJGbxxaamUyRIRgGvhHnhJStA,43.4299152&5.4001974,2024-01-30T20:00:00.000Z,90,10,public,false,,,CSTy9rmJRQSyWlqWuGiUhGpAGqf2,10,10,6,0,0,0,2
PfKtXg91jwAJwRnMZSwM,LE FIVE Paris 17,played,pro,,48.900032&2.3213449,2024-02-08T16:00:00.000Z,60,5,public,false,,,V6mqbc9C8FNa1RQlUupjeoqOsZL2,10,10,9,0,0,0,4
Pg0t9j8DztG5XAN01IPf,Top Ten,played,pro,,48.8729106&2.6840919,2024-02-02T16:00:00.000Z,90,5,public,false,,,i27253AGxOfXgYJK72sBnvUGuMk2,10,10,10,0,0,0,4
PgdOnRRYLhI8nLW3VMmF,LE FIVE Paris 18,published,pro,,48.8978522&2.3700234,2024-03-05T16:00:00.000Z,60,5,public,false,,,UQf33jQhVZhle917nO0h7D5qclV2,0,10,0,0,0,0,0
Pgde0K1HeBZPjUKa2p7X,LE FIVE Villette,canceled,captain,ChIJTUFnQjps5kcR0pHITLTw1PI,48.9070122&2.3861459,2024-01-23T22:00:00.000Z,60,8,public,false,Détente,1,vOtVraRuprb8kfOHpsqqKtFsMfs2,5,10,0,0,0,0,0
PhiASiGQ5dGpn2rTRia7,Foot POWER 5,canceled,pro,,48.960066&2.2061913,2024-02-21T17:00:00.000Z,90,5,public,false,,,sss3dYi6nzWd7rEjwcQ30LGKudj1,0,10,0,0,0,0,0
Pj7cJBW2qEAtddQ7ThCq,LE FIVE Paris 17,played,captain,ChIJ7eI8sFNv5kcR5xy52Wc57NU,48.900032&2.3213449,2024-02-10T14:30:00.000Z,60,10,public,true,Détente,2,SoolzcCctgZXuhNfzDldjLquwFW2,10,10,1,0,0,0,0
Pk8lmDKfkj4txIzoFCad,LE FIVE Paris 18,played,pro,,48.8978522&2.3700234,2024-02-12T16:00:00.000Z,60,5,public,false,,,UQf33jQhVZhle917nO0h7D5qclV2,10,10,6,0,0,4,5
PkGUvWdEKYQe31J5PGCT,UrbanSoccer - Asnières,played,captain,ChIJi5LkLT9v5kcRSlhScqEFNWs,48.92192379999999&2.3068311,2024-02-11T12:00:00.000Z,60,12,public,true,Détente,3,smFWbcoXFDMzXsT2h3PvbAYRjPu1,10,10,1,0,0,0,0
Pl5XA39ltj8Eou34Fzko,Footbox,published,pro,,48.9022789&2.582647,2024-03-05T18:00:00.000Z,60,10,public,false,,,QI89VPazyLhBVnWH871jk4BUEZI3,0,10,0,0,0,0,0
PljPi9ItygbfiNYjuTSI,UrbanSoccer - Marne-La-Vallée,canceled,captain,ChIJ6bDBiosP5kcROXiloHzSdhc,48.82658600000001&2.6296937,2024-01-26T18:00:00.000Z,60,11,public,true,Détente,,mUn5OKiTa4ajaMSrB4Ybcr4ZR5E2,1,10,0,0,0,0,0
Pm49WzauRncsIOCWjl1q,UrbanSoccer - Lille Lezennes,played,captain,ChIJR3ro5nTWwkcRfM_S3Be9HjI,50.6162725&3.0998108,2024-02-07T19:50:00.000Z,60,9.5,public,true,Compétition,3,xR4ED6qRzmg0HreT9TkBwvuQM912,10,10,2,0,0,0,0
PmWDD9mGgCyp191VcYnG,MONCLUB 2.0,played,captain,ChIJv9owGLm-yRIRfuDnd3G6nR4,43.2895156&5.4611522,2024-02-07T18:30:00.000Z,60,10,public,false,Détente,2,UCyg84Bq7nUiOo2wKtiVJFsjIHC2,10,10,3,0,0,0,0
PpeixEd3tq1zYLHmbKjr,Top Ten,published,pro,,48.8729106&2.6840919,2024-01-29T21:30:00.000Z,90,16.5,public,false,,,i27253AGxOfXgYJK72sBnvUGuMk2,0,10,0,0,0,0,0
PqOvgLoXlYYHbHxYkXJq,LE FIVE Créteil,published,pro,,48.7643086&2.4706522,2024-02-27T16:00:00.000Z,60,7,public,false,,,ZmXMWx7aTdPoPkkGOWa2HIQVblq2,0,10,0,0,0,0,0
Pr9EymPNN4yGKzTzjt6j,UrbanSoccer Guyancourt,canceled,captain,ChIJmdX-2c-A5kcRj1wtOS8rZmo,48.7722091&2.0600292,2024-01-23T11:00:00.000Z,90,8,public,true,Détente,3,BDns611c38YFyqobxpZC7VgiTxh1,7,10,0,0,0,0,0
PrpDeU0okabpcCpBIEub,LE FIVE Créteil,played,captain,ChIJ88lx3VwL5kcRVxCh4lD6_Gk,48.7643086&2.4706522,2024-02-09T17:30:00.000Z,60,,public,false,Détente,,5DwRkAng7OVnxq41HtInsv0SfPV2,10,10,1,0,0,0,2
Prq1naZUJdG5AAeMcryx,LE FIVE Champigny,published,pro,,48.8194084&2.5251846,2024-01-26T16:00:00.000Z,60,7,public,false,,,evlV9mUgATYQ5343zpYZvk4w0r03,0,10,0,0,0,0,0
PtdtuWqt5TMQcregijwp,UrbanSoccer La Défense,played,captain,ChIJh4rnfVhk5kcRV2Q-ZKdm8vA,48.8996456&2.2216773,2024-02-05T17:45:00.000Z,60,12.5,public,true,Détente,4,WmEIitt9Uwg5axn6vQTP95QfodX2,10,10,2,0,0,0,3
PuTc5mL3vVyCh49e8PpL,Stade Élisabeth,played,captain,ChIJkXj9tq5x5kcROlxynHzTh9o,48.8207737&2.3270972,2024-02-03T14:00:00.000Z,120,,public,false,Compétition,5,oKfGVfs7dYecPpobKfuTXiuhh8J3,14,14,7,0,0,0,2
PucTXmOrA8RRNN4pHvoj,Foot POWER 5,canceled,pro,,48.960066&2.2061913,2024-03-06T17:00:00.000Z,90,5,public,false,,,sss3dYi6nzWd7rEjwcQ30LGKudj1,0,10,0,0,0,0,0
PwaydWsY6cTl1qU1t1nv,LE FIVE Montreuil,published,pro,,48.8613036&2.4653095,2024-02-26T22:00:00.000Z,60,8,public,false,,,u9uC1vjdcdQ3UqNxI0SiFxor0m43,0,10,0,0,0,0,0
PwyTTDl0zvaTenDX30KM,Stadium Thiais,played,pro,,48.7511024&2.3713455,2024-01-25T11:00:00.000Z,60,7,public,false,,,psf3NmXEPwdCltHKJC7VuvJocrF3,10,10,7,0,0,0,1
PxB220LpQqd8OjqQvb7n,LE FIVE Bezons,played,captain,ChIJ71Mv0Wpk5kcRg-H9x7L-dXo,48.9190524&2.211796,2024-02-10T19:30:00.000Z,90,,public,true,Détente,3,E3BsYOfvncND7IMfCJBdR2lbFSN2,10,10,3,0,0,0,0
PyL0onIl0p53HJZyEK53,Stadium Thiais,played,captain,ChIJ64X9jzx05kcRsHvSfOv6UcA,48.7511137&2.3715422,2024-02-05T20:00:00.000Z,90,13,public,false,Détente,3,W1Uf8Cb8ePMQQVwSQTXhjvVjukg1,10,10,2,0,0,0,1
Q2wThkf5uYqQ6muHnDra,UrbanSoccer - Lille Lezennes,played,captain,ChIJR3ro5nTWwkcRfM_S3Be9HjI,50.6162725&3.0998108,2024-02-10T12:00:00.000Z,90,7.5,public,true,Détente,3,dvdYbjXAR8fQjpIGtP7Po8prEdE3,10,10,6,0,0,3,0
Q3mPxBGFn1OWChdHlS6x,UrbanSoccer Evry,played,captain,ChIJW0Ut1G7e5UcRt621n2fRQ5M,48.6286849&2.4066366,2024-02-05T20:30:00.000Z,90,15,public,true,Détente,,2geJEsuAhwb09qxdhTwPLXgHw1Y2,10,10,1,0,0,0,0
Q3on7YWKLsT3HnRc6UMW,LE FIVE Champigny,published,pro,,48.8194084&2.5251846,2024-02-15T17:00:00.000Z,60,11,public,false,,,evlV9mUgATYQ5343zpYZvk4w0r03,0,10,0,0,0,0,0
Q69005bFCSdFlphul8lV,Top Ten,published,pro,ChIJfXprBx4b5kcRmhe-5pLZUek,48.8729106&2.6840919,2024-02-11T11:00:00.000Z,90,15,public,false,,,i27253AGxOfXgYJK72sBnvUGuMk2,0,10,0,0,0,0,0
Q6Afzf0VoEDXcbJDu3Gs,Stadium Thiais,canceled,captain,ChIJ64X9jzx05kcRsHvSfOv6UcA,48.7511024&2.3713455,2024-01-31T21:00:00.000Z,90,14,public,false,Compétition,4,sq3c1uquBqPqCB6jUubULyc1YT82,11,12,0,0,0,0,0
Q6EFrlzLajYRawvDkn8y,LE FIVE Montreuil,played,captain,ChIJJdTQjr0T5kcRZmGxtIJVy44,48.8607303&2.4650432,2024-02-01T19:00:00.000Z,60,5,public,false,Détente,3,D3VoCJPjihcknVTpQ0fkbkHlvQ33,10,10,3,0,0,0,1
Q6Tyza4i7bIbtE08hXIa,LE FIVE Paris 17,published,pro,,48.900032&2.3213449,2024-02-28T16:00:00.000Z,60,5,public,false,,,V6mqbc9C8FNa1RQlUupjeoqOsZL2,0,10,0,0,0,0,0
Q6VzrtxLzxnITwIHWfkn,Élite 5 Soccer,played,captain,ChIJ5-jfdlZk5kcRYIaELgvikaM,48.9009153&2.2297275,2024-02-01T21:15:00.000Z,90,10,public,true,Compétition,,TzUlHfuCGwe4x7q5eeWygox825v1,10,10,3,0,0,0,0
Q6lZxXXqBNRro8Ri6M8b,UrbanSoccer - Marne-La-Vallée,canceled,captain,ChIJ6bDBiosP5kcROXiloHzSdhc,48.82658600000001&2.6296937,2024-01-23T17:30:00.000Z,90,13.5,public,true,Détente,3,yml5Vs9XFYSDcopfsRoJkKqmVH53,10,10,0,0,0,0,0
Q6nbkeizpAKootL7IfTp,LE FIVE Bezons,published,pro,,48.91909&2.2093051,2024-02-29T17:00:00.000Z,60,7,public,false,,,U3MriTZbPbTUEsU6RtRuHxDMKvg2,0,10,0,0,0,0,0
Q83qUpNCG2ov1EW7pUDV,Stade Intercommunal de Deuil-la-Barre,published,captain,ChIJhbASBvpo5kcRhRXKy2_Kdek,48.9684396&2.3229312,2024-01-22T19:30:00.000Z,90,,public,false,Détente,,vlu9XWwsTnT4VDdpwN8SAddxsCF3,21,22,0,0,0,0,0
Q8LFdjPgoNkBp1MDlkGq,Centre Sportif des Poissonniers,published,captain,ChIJMdytuYtu5kcREZQcK0sSFXY,48.900279&2.3489035,2024-02-05T17:50:00.000Z,90,,public,false,Compétition,5,1LDJWrjBcJPRiS8a2m1todvXiJM2,13,14,0,0,0,0,0
Q8VcORtwhe6vV4oAMPBy,Palais des Sports Maurice Thorez,canceled,captain,ChIJf7ZDwpNz5kcRZn5FP5AT8lg,48.7931091&2.3943762,2024-02-01T11:00:00.000Z,90,,public,false,Compétition,3,hW0wMt0biTXpbfJZqxou65Fk7PG2,8,10,0,0,0,0,0
QAPV03CLTwhip3N4ObCG,Stadium Thiais,canceled,captain,ChIJ64X9jzx05kcRsHvSfOv6UcA,48.7511137&2.3715422,2024-02-11T20:00:00.000Z,120,22,public,false,Détente,3,XZVtVeqT73blKBoqrwV9IZo3k132,2,4,0,0,0,0,0
QC0EzKsbpvaBuSobzkdm,Stade Élisabeth,played,captain,ChIJkXj9tq5x5kcROlxynHzTh9o,48.8207737&2.3270972,2024-01-21T08:00:00.000Z,120,2,public,false,Compétition,5,8i5faoQkJ4YSkhRB5skPBLiEh1G3,16,16,3,0,0,0,3
QCe7uFdYMmIlgwfUvCOf,Footbox,published,pro,,48.9022789&2.582647,2024-03-08T16:00:00.000Z,60,7,public,false,,,QI89VPazyLhBVnWH871jk4BUEZI3,0,10,0,0,0,0,0
QEiU43qpY253NG3kyF7g,UrbanSoccer - Lyon Parilly,played,captain,ChIJx3FQWjLC9EcRrrQb2eV7i_4,45.7120399&4.9039284,2024-02-07T18:25:00.000Z,60,10,public,true,Détente,2,tEmI1cx76kYakEhrN27aaW3Z67j1,10,10,1,0,0,0,0
QF0rCTlpZgrLE4Pj5U2T,LE FIVE Paris 17,played,pro,,48.900032&2.3213449,2024-01-26T16:00:00.000Z,60,5,public,false,,,V6mqbc9C8FNa1RQlUupjeoqOsZL2,10,10,9,0,0,0,6
QFQSkYvOz1ETFqSeT66v,Stade de la grenouillère,published,captain,ChIJ72-ON8135kcR__Ke_xtObCM,48.763303&2.2958683,2024-02-10T08:00:00.000Z,90,,public,false,Compétition,3,jI2N9cuRf5SCl7fDChMQV9SU9Yd2,21,22,0,0,0,0,4
QGQSOCfpWzq32qLrpmZM,UrbanSoccer - Lille Lezennes,canceled,captain,ChIJR3ro5nTWwkcRfM_S3Be9HjI,50.6169533&3.0995426,2024-01-20T16:00:00.000Z,60,5,public,true,Compétition,3,4FkalBtuLpbmJEbAUMXQANDkd5A2,5,10,0,0,0,0,0
QH0JQTaFelCyVTTPqs8w,LE PARK Complexe Multisports,canceled,captain,ChIJdUHbID8O5kcRV5lQhiHTvhs,48.8337843&2.5728501,2024-02-04T10:30:00.000Z,90,15,public,false,Compétition,4,9ejSKZlCD6O2ZRXiuLK2Vk5H9gB3,7,10,0,0,0,0,0
QHkz2EtvEaOzjdYkGASD,UrbanSoccer - Marne-La-Vallée,played,captain,,48.82658600000001&2.6296937,2024-01-25T18:30:00.000Z,60,10.5,public,true,Détente,3,oLPDuIoiNaRPJRshKRx6EQzSHzE3,10,10,0,0,0,0,0
QHtQ86ohZhh6etTbVbZO,Foot-Max Argenteuil,published,pro,,48.9501632&2.2093946,2024-02-10T13:00:00.000Z,120,14,public,false,,,SuEnyPZ4TgNIkt1yap2yJ3ZHO6p1,3,10,0,0,0,0,2
QIuajg59B2LdS5UaLcbF,Stadium Thiais,played,captain,ChIJ64X9jzx05kcRsHvSfOv6UcA,48.7511024&2.3713455,2024-01-22T15:55:00.000Z,120,10,public,false,Compétition,3,Dohg1zNvhsbmGrYuAmExKFyjruw2,10,10,3,0,0,0,0
QNNM0xThCpAjfdKUdJkv,LE FIVE Paris 17,canceled,captain,ChIJ7eI8sFNv5kcR5xy52Wc57NU,48.900032&2.3213449,2024-01-26T20:30:00.000Z,90,18,public,true,Chill,3,ifrWrPL72odtXdX5oni1wWuYcoN2,9,10,0,0,0,0,0
QNOhWih7JqS8krjSmAQp,Sport dans la Ville Rhône-Alpes,published,captain,ChIJoUEDcmvr9EcRILCz6hDCQ2o,45.7811703&4.8081568,2024-01-26T17:30:00.000Z,60,7,public,false,Détente,2,G4QpHYUbqoZlQKbQPAHxFhJo6Yh1,9,10,0,0,0,0,0
QO1ZMCAsTpPMDP3GYqMC,Stadium Thiais,published,pro,,48.7511024&2.3713455,2024-01-20T15:00:00.000Z,90,12,public,false,,,psf3NmXEPwdCltHKJC7VuvJocrF3,0,10,0,0,0,0,0
QOdCkZ3zW8XgsXwAYoVv,Stadium Thiais,played,pro,,48.7511024&2.3713455,2024-01-24T21:00:00.000Z,90,14,public,false,,,psf3NmXEPwdCltHKJC7VuvJocrF3,10,10,5,0,0,0,3
QOnEPlWinUOYhFvrSUnN,LE FIVE Paris 18,canceled,captain,ChIJpVT4_n1u5kcRzji6FdTBXXo,48.8978522&2.3700234,2024-01-20T11:00:00.000Z,60,5,public,true,Chill,3,haVcZXe6zZZO5vHJYIcSjZw26XJ3,9,10,0,0,0,0,0
QQuH3Usn71I9UkGNZ31d,Stade Élisabeth,canceled,captain,ChIJkXj9tq5x5kcROlxynHzTh9o,48.8207737&2.3270972,2024-01-20T17:00:00.000Z,120,,public,false,Compétition,5,oKfGVfs7dYecPpobKfuTXiuhh8J3,8,20,0,0,0,0,0
QT3rf2nTkzapoUvOQakm,Stade Suchet,played,captain,ChIJn_jMprN65kcRf4CiZAaAht4,48.85501319999999&2.2620447,2024-01-24T10:45:00.000Z,90,,public,false,Détente,3,XnvW9brVmuclYXS7MIYBC1ThD8e2,14,14,5,0,0,0,2
QTNRa0lokVqBM7Asgf1p,Foot POWER 5,canceled,pro,,48.960066&2.2061913,2024-02-19T17:00:00.000Z,90,5,public,false,,,sss3dYi6nzWd7rEjwcQ30LGKudj1,0,10,0,0,0,0,0
QUv1s0CcV8eV7iUQkiaM,Play Soccer,published,captain,ChIJQ-UxZn-5rhIRKWoQydM5T9s,43.5512023&1.4098927,2024-02-12T20:30:00.000Z,60,10,public,false,,,8LtkeOuZHeePxfkXdNPmQSr7V9L2,9,10,0,0,0,0,0
QVLOZERY68PAQIoTLMHn,Stadium Thiais,hidden,pro,,48.7511024&2.3713455,2024-01-26T19:30:00.000Z,90,15,public,false,,,psf3NmXEPwdCltHKJC7VuvJocrF3,0,10,0,0,0,0,0
QVRZJpWXpDp5nkXBdx5X,LE FIVE Créteil,published,pro,,48.7643086&2.4706522,2024-02-28T16:00:00.000Z,60,7,public,false,,,ZmXMWx7aTdPoPkkGOWa2HIQVblq2,0,10,0,0,0,0,0
QVk2DMXfRrPtLHol4LnM,LE FIVE Créteil,published,pro,,48.7643086&2.4706522,2024-02-05T16:00:00.000Z,60,7,public,false,,,ZmXMWx7aTdPoPkkGOWa2HIQVblq2,0,10,0,0,0,0,0
QWJZUSC69CpFfvL3yZ1Z,Urban Football Meudon,canceled,captain,ChIJFeLBC2N75kcRyM1mlEZ3HjM,48.7983594&2.2102561,2024-02-13T19:30:00.000Z,90,15,public,false,Détente,3,C34TFUlcqUeIxVasbdTWMItk98g2,8,10,0,0,0,0,0
QXdB78AjKLQ9Aq8t5XrF,Top Ten,published,pro,ChIJfXprBx4b5kcRmhe-5pLZUek,48.8729106&2.6840919,2024-02-07T19:00:00.000Z,90,16.5,public,false,,,i27253AGxOfXgYJK72sBnvUGuMk2,0,10,0,0,0,0,0
QYJAiqAXa8JTc2sUdwtz,LE PARK Complexe Multisports,played,captain,ChIJdUHbID8O5kcRV5lQhiHTvhs,48.8337843&2.5728501,2024-01-27T18:00:00.000Z,90,13,public,false,,3,ck7xoGxVlvS7n6ud7pCxXd2JGDl2,10,10,5,0,0,0,1
QYY6Jxec16vOsDDN1XUk,Soccer Five,published,captain,ChIJp0K53sp55kcR61-WTU8Yv5k,48.7368129&2.2591558,2024-02-18T08:30:00.000Z,90,10,public,false,Détente,3,Dohg1zNvhsbmGrYuAmExKFyjruw2,9,10,0,0,0,0,0
QZGEFCehpUUqDg8Z3iWK,LE FIVE Bobigny,published,pro,,48.901553&2.4313304,2024-02-27T22:00:00.000Z,60,8,public,false,,,4owi3i7t8EOvFNF6UQvACOpiDRy1,0,10,0,0,0,0,0
QaDJnbL3eeq3WmZZfZqu,BIG5,published,captain,ChIJsb_7TJFp5kcRSPL5VqZulr4,48.9901429&2.3617895,2024-01-25T18:30:00.000Z,60,9.5,public,false,Détente,,o3A9vFgHvOgYS0IUE0UUjDynTjn2,9,10,0,0,0,0,0
QaRB5TKmwjhQDbrxqCMI,Sport dans la Ville Rhône-Alpes,canceled,captain,ChIJoUEDcmvr9EcRILCz6hDCQ2o,45.7811703&4.8081568,2024-01-24T18:30:00.000Z,60,9,public,false,Détente,3,goWfR3BnnZZsX9KXGB8YEVCj6rv2,9,10,0,0,0,0,0
QaTvPRycwA0kCX5Q0P3G,Antony,played,captain,ChIJf8cFRhF35kcR0D6LaMOCCwQ,48.759255&2.302553,2024-01-21T07:00:00.000Z,90,10,public,false,Détente,3,Dohg1zNvhsbmGrYuAmExKFyjruw2,10,10,0,0,0,0,0
QdUIyOnhekdWEaGd8JyF,LE FIVE Montreuil,published,pro,,48.8613036&2.4653095,2024-01-30T21:30:00.000Z,90,13.5,public,false,,,u9uC1vjdcdQ3UqNxI0SiFxor0m43,0,10,0,0,0,0,0
QeG7aEU5qXm6gu58lbk1,GOPARK INTERIEUR - Paintball et trampolines parc,played,captain,ChIJ2cJmdhf15kcRQ4mUOxIVzd0,49.045624&2.0799886,2024-01-30T19:00:00.000Z,120,12.5,public,false,Chill,2,5svK059jMCWGd7IRy8UcfstZDyO2,12,12,0,0,0,0,1
Qendk8BNzjKw4YbvAVRe,Stade Georges Foulon,canceled,captain,ChIJn9VcXgUS5kcRJYlX-OeMa58,48.8625389&2.5372373,2024-01-21T15:00:00.000Z,90,,public,false,Détente,2,3VFfJrRdZUWUyrFlx4ew1l09jKP2,1,12,0,0,0,0,3
QeodUzH4mjZyrFog7Mbn,Stadium Thiais,published,pro,,48.7511024&2.3713455,2024-02-29T15:00:00.000Z,90,8,public,false,,,psf3NmXEPwdCltHKJC7VuvJocrF3,0,10,0,0,0,0,0
QevcWkQuvwoCZiwPo8Hs,LE FIVE Créteil,played,captain,ChIJ88lx3VwL5kcRVxCh4lD6_Gk,48.7643086&2.4706522,2024-01-26T13:30:00.000Z,90,7.5,public,false,Détente,3,rUzkBHpIJ1YFV4MRQjyiYHl4QMX2,10,10,2,0,0,0,0
QfR8L1vkMHD0tOua1UAa,UrbanSoccer - Quai d'Ivry,canceled,captain,ChIJfXxYJ0xy5kcRw9xTkF6-FZQ,48.8199885&2.3936463,2024-01-28T14:30:00.000Z,60,12,public,true,Détente,2,jKhXOQiGUGh6REgvkfID4sAYmyW2,9,10,0,0,0,0,0
QhG4uUzPUF4R1Gks7Pfv,Stadium Thiais,canceled,captain,ChIJ64X9jzx05kcRsHvSfOv6UcA,48.7511137&2.3715422,2024-02-04T09:30:00.000Z,90,15,public,false,Détente,3,IlNYKbxJM5OikfmqXPad4NX0RM32,3,10,0,0,0,0,1
QhVLRIpLVU7MAT54JP5P,UrbanSoccer - Quai d'Ivry,canceled,captain,ChIJfXxYJ0xy5kcRw9xTkF6-FZQ,48.8199885&2.3936463,2024-01-31T17:15:00.000Z,90,16.5,public,true,Détente,2,9AtSt51BN8TSkVNiTCQxFVwf45w2,8,10,0,0,0,0,0
Qii3WZvHZlJQtGMjGgYA,Arena Club,played,captain,ChIJeWJWRjYvw0cRbnJR4ZXAKMA,50.7696017&3.1236104,2024-02-06T18:15:00.000Z,60,8.5,public,false,Détente,3,gYtFqSj0PydNaTTSfkvDaSMqvqc2,10,10,8,0,0,0,4
QjNJnFWQToT2BWKXmRes,Footbox,published,pro,,48.9022789&2.582647,2024-02-27T19:00:00.000Z,60,10,public,false,,,QI89VPazyLhBVnWH871jk4BUEZI3,0,10,0,0,0,0,0
QjsGtZajyiu5Kifj6nrg,UrbanSoccer - Lyon Parilly,canceled,captain,ChIJx3FQWjLC9EcRrrQb2eV7i_4,45.7120399&4.9039284,2024-01-21T15:30:00.000Z,60,11,public,true,,3,E5fK2eoccOOKip0hDn8IgzZO4NF2,9,10,0,0,0,0,0
Qk9kcZrFZxSQiV5j4klw,UrbanSoccer - Puteaux,canceled,captain,ChIJM_sC0-Nk5kcRhL1y_EFIje8,48.8836397&2.2312283,2024-02-05T18:30:00.000Z,60,13,public,true,Détente,3,bhJeB6nV3qaXLJZZ1m5g4ndq4mz2,7,10,0,0,0,0,0
QkO9pkVekNeUz02X60wq,Stadium Thiais,published,pro,,48.7511024&2.3713455,2024-02-25T10:30:00.000Z,90,15,public,false,,,psf3NmXEPwdCltHKJC7VuvJocrF3,0,10,0,0,0,0,0
QkvyHW0JivqKU0zQltm6,Footbox,published,pro,,48.9022789&2.582647,2024-03-01T17:00:00.000Z,60,10,public,false,,,QI89VPazyLhBVnWH871jk4BUEZI3,0,10,0,0,0,0,0
QkzD5RV7XHXagJWrNPMs,Stade Municipal de Châtillon,played,captain,ChIJR4npU45w5kcR31mOzMmoOwA,48.809172&2.287586,2024-01-30T11:10:00.000Z,90,,public,false,Détente,3,rzC8A0bd4afb9AWrHKlCPT9461y1,18,18,6,0,0,0,1
Qmj5gs7DN6C2WOf47ZnR,Game 13 foot indoor,played,captain,ChIJNSDvlsXryRIRUXao9hwB79I,43.41258939999999&5.366617,2024-02-08T18:00:00.000Z,60,10,public,false,Détente,3,tNI5PAPgX0MDq6T4GlwP3d2ndaO2,10,10,0,0,0,0,0
QmkKD72fVPQEOke6MwHW,Foot POWER 5,canceled,pro,,48.960066&2.2061913,2024-03-04T21:30:00.000Z,90,7,public,false,,,sss3dYi6nzWd7rEjwcQ30LGKudj1,0,10,0,0,0,0,0
QnN7iw5M0L7XLpNWn6FH,LE FIVE Paris 17,draft,captain,ChIJ7eI8sFNv5kcR5xy52Wc57NU,48.900032&2.3213449,2024-02-02T18:00:00.000Z,60,,public,false,,,9v4jZHdjWEcpIaTOXjvNwoG9kbx1,0,0,0,0,0,0,0
QoTmhaEb5GgEJGpTnm9S,LE FIVE Créteil,published,pro,,48.7643086&2.4706522,2024-02-29T16:00:00.000Z,60,7,public,false,,,ZmXMWx7aTdPoPkkGOWa2HIQVblq2,0,10,0,0,0,0,0
QokiGltZDBqTPTeRfjmc,LE FIVE Bezons,published,pro,,48.91909&2.2093051,2024-02-14T16:30:00.000Z,90,10.5,public,false,,,U3MriTZbPbTUEsU6RtRuHxDMKvg2,2,10,0,0,0,0,0
Qq1TLrUUFnpeemB11D1g,LE FIVE Bezons,published,captain,ChIJ71Mv0Wpk5kcRg-H9x7L-dXo,48.9190524&2.211796,2024-01-29T19:00:00.000Z,90,,private,true,Compétition,4,1vuKXtZzQJTYQiGfsj5tZgV319Q2,9,10,0,0,0,0,0
QqgauvF5oU0s8Jiqb7vX,UrbanSoccer - Asnières,published,captain,ChIJi5LkLT9v5kcRSlhScqEFNWs,48.92192379999999&2.3068311,2024-01-21T15:30:00.000Z,60,13,public,true,Compétition,5,c9Oie2BA7UduZnvgnoZ3w2bzmBJ3,8,10,0,0,0,0,0
QriYQstXWi3CRxH9Wydp,UrbanSoccer - Quai d'Ivry,draft,captain,ChIJfXxYJ0xy5kcRw9xTkF6-FZQ,48.8199885&2.3936463,2024-02-04T08:45:00.000Z,90,,public,false,,,aGQPNmbq2eXJIgytzHsnreYVmrh1,0,0,0,0,0,0,0
QsI6NEOEioZvPfsFnO54,Play Soccer,published,captain,ChIJQ-UxZn-5rhIRKWoQydM5T9s,43.5512023&1.4098927,2024-02-14T17:00:00.000Z,60,9,public,false,Détente,3,5vjtjQaQ5bai1zmwXC7G1Q9l8vI2,9,10,0,0,0,0,0
QtE1sPYL0tLhMLV0X7I9,Stadium Thiais,published,captain,ChIJ64X9jzx05kcRsHvSfOv6UcA,48.7511137&2.3715422,2024-02-14T16:00:00.000Z,120,10,public,false,Détente,3,Dohg1zNvhsbmGrYuAmExKFyjruw2,3,10,0,0,0,0,0
QwWqBRy8YIl5EAH4R2VW,LE FIVE Bobigny,played,captain,ChIJV8UONORs5kcRXxR5Qd7x130,48.901553&2.4313304,2024-01-25T17:00:00.000Z,90,13,public,false,Détente,2,y5RqPrRZz2eTOkDy5aOL8MkaaOH2,10,10,3,0,0,0,0
QwbeXLH0O9qykfW28vpg,Foot POWER 5,canceled,pro,,48.960066&2.2061913,2024-02-01T17:00:00.000Z,90,5,public,false,,,sss3dYi6nzWd7rEjwcQ30LGKudj1,0,10,0,0,0,0,0
Qwtz8zrJ5OTz6yJstEFQ,Stadium Thiais,published,pro,,48.7511024&2.3713455,2024-02-22T16:30:00.000Z,90,10,public,false,,,psf3NmXEPwdCltHKJC7VuvJocrF3,0,10,0,0,0,0,0
QwzDKTls4wI7rtaie8z0,CA Romainville,canceled,captain,ChIJ6ZZX-Itt5kcRjhHfH1Jkgdc,48.8869386&2.4421851,2024-02-11T13:30:00.000Z,90,,public,false,Détente,2,lp3HxMszwUT4btAAKLAKDzNdP1j1,1,10,0,0,0,0,0
QzBbKyZturFIPXaRcGNv,UrbanSoccer - Lille Lezennes,published,captain,ChIJR3ro5nTWwkcRfM_S3Be9HjI,50.6162725&3.0998108,2024-01-29T17:00:00.000Z,60,9,public,true,Détente,2,KoMMspPpOrQB6lklhBjC6eSYPZp2,2,10,0,0,0,0,0
QzKXkcAmmyuBixyzvUE6,Stadium Thiais,played,captain,ChIJ64X9jzx05kcRsHvSfOv6UcA,48.7511024&2.3713455,2024-01-31T20:00:00.000Z,90,14,public,false,Détente,2,hsT7W6aI7Ab1mcUdMT3eFGVHSUq2,10,10,4,0,0,0,0
QzZVDcRGwp6d1h9EmxzK,OHSPORT,canceled,captain,ChIJHeG9fA4X5kcRbGNzVY5Ud5I,48.9672396&2.5670436,2024-02-11T12:30:00.000Z,60,10,public,false,Détente,1,hCxYbfP8OCbVbYsWPqmewgcq4i32,8,10,0,0,0,0,1
R2Ff4shLth3QA0HjWVc2,Stadium Thiais,published,pro,,48.7511024&2.3713455,2024-02-13T16:30:00.000Z,90,10,public,false,,,psf3NmXEPwdCltHKJC7VuvJocrF3,0,10,0,0,0,0,0
R2aySnXIQUqfnGgM0QAP,LE FIVE Paris 13,published,pro,,48.8181615&2.3658793,2024-02-23T22:00:00.000Z,60,10,public,false,,,FjSnzlRFFfhWVWQJGfIEwRc2ZMj2,0,10,0,0,0,0,0
R31goiW948X1bjjcFegy,Complexe Sportif ADP Orly Sud,canceled,captain,ChIJJ_l6yZV15kcRt2erTWIJT0I,48.7127531&2.3822901,2024-02-04T11:30:00.000Z,120,,public,false,Détente,3,cN5ziaJEEzeTkhSzhQ5spkd4BRm1,10,22,0,0,0,0,0
R3LuLUcoF94xYLQfjsfG,UrbanSoccer Meudon,played,captain,ChIJ0WKvjbh75kcRoqSmyWwW2jQ,48.80013599999999&2.2140811,2024-02-06T19:30:00.000Z,60,11.5,public,true,Détente,3,lqczemCj3SPhnokNK53tj9dgj7h1,10,10,1,0,0,0,3
R3w2SAEsjBipb1RjtFrg,Top Ten,published,pro,,48.8729106&2.6840919,2024-02-29T21:30:00.000Z,90,16.5,public,false,,,i27253AGxOfXgYJK72sBnvUGuMk2,0,10,0,0,0,0,0
R4dSO2ithnmy0sBRm1GC,Foot POWER 5,canceled,pro,,48.960066&2.2061913,2024-02-25T20:00:00.000Z,90,10,public,false,,,sss3dYi6nzWd7rEjwcQ30LGKudj1,0,10,0,0,0,0,0
R4nKOUFOHhP1qANbvhBT,LE FIVE Paris 18,published,pro,,48.8978522&2.3700234,2024-03-06T16:00:00.000Z,60,5,public,false,,,UQf33jQhVZhle917nO0h7D5qclV2,0,10,0,0,0,0,0
R4wncIfQD1WwrcP3imax,Stade de la Poterne,canceled,captain,ChIJNX0GHvZ35kcRwSp1zW1FHl8,48.7354688&2.270022,2024-02-11T15:00:00.000Z,90,,public,false,Compétition,4,taZD7iFpWZarSI5FcZNlfb9c9nu1,13,16,0,0,0,0,0
R56NcAzzH4cfzfbdwRc7,Foot POWER 5,canceled,pro,,48.960066&2.2061913,2024-03-06T17:00:00.000Z,90,5,public,false,,,sss3dYi6nzWd7rEjwcQ30LGKudj1,0,10,0,0,0,0,0
R5TV533cKq73XaCRTCGW,UrbanSoccer - Quai d'Ivry,played,captain,ChIJfXxYJ0xy5kcRw9xTkF6-FZQ,48.8199885&2.3936463,2024-02-10T14:00:00.000Z,90,18.75,public,true,Détente,4,rcH5ONcMhWeBi1uJJu3ouNW0j962,10,10,3,0,0,0,1
R5a8sWq74b5UEuVuQyu7,Top Ten,published,pro,,48.8729106&2.6840919,2024-03-01T11:00:00.000Z,90,5,public,false,,,i27253AGxOfXgYJK72sBnvUGuMk2,0,10,0,0,0,0,0
R7ScpdZW2glIKSdM9ObL,Gymnase Anatole France,published,captain,ChIJ67jXNkRv5kcR1f7HoYqWpQA,48.9245548&2.298522,2024-01-28T16:30:00.000Z,90,,public,false,Compétition,5,VBgqEB757bbCwBPfEUSqBbsvP3E3,2,10,0,0,0,0,1
R8q511xRIaww2nsFOoOU,Stade Lilian Thuram,published,captain,ChIJy0-vXf9l5kcRH4WAmpihUQE,48.933705&2.2828141,2024-02-18T09:15:00.000Z,150,,private,false,Détente,3,fwrCzizjC5UGI9TzJdi1JinvWet1,18,18,0,0,0,0,0
RCPIw8NRxB0hK4goxA92,Stade Makowski,played,captain,ChIJvShnxJpt5kcRwdqlaq1s3E0,48.9090365&2.436058,2024-02-11T09:00:00.000Z,150,,public,false,Compétition,5,FmWwP3CHDDPrKuS9tlikkebaorJ3,14,14,3,0,0,0,0
RDUorgdqzrTr3D4ORz2q,LE FIVE Marville - La Courneuve,played,captain,ChIJ2dHdMZxr5kcR0aKYHYsp0pY,48.9364404&2.3869147,2024-01-21T16:00:00.000Z,90,15,public,false,Compétition,4,9eA6X2TFiNdgmuk4M4BOcB4geRa2,10,10,1,0,0,1,0
REROuayU2YDr6KFD90Be,Antony,canceled,captain,ChIJf8cFRhF35kcR0D6LaMOCCwQ,48.759255&2.302553,2024-02-03T15:30:00.000Z,90,,public,false,Détente,3,Dohg1zNvhsbmGrYuAmExKFyjruw2,3,12,0,0,0,0,3
REoSyHl8egVsgCsXh96d,Stadium Thiais,published,pro,,48.7511024&2.3713455,2024-01-23T18:00:00.000Z,90,15,public,false,,,psf3NmXEPwdCltHKJC7VuvJocrF3,2,10,0,0,0,0,1
RFVyYsc0TnIBo07HV9vr,LE FIVE Carrières-sous-Poissy,canceled,captain,ChIJ9T4fWfyL5kcRCBX-FyZLvEE,48.9468144&2.0230574,2024-02-04T10:30:00.000Z,90,13,public,false,,3,T3MXqcHK9jTOVl5qDb6YLQV5V8R2,1,10,0,0,0,0,0
RFk8rgg6Dqhul5422HJ0,Game 13 foot indoor,played,captain,ChIJNSDvlsXryRIRUXao9hwB79I,43.41258939999999&5.366617,2024-01-26T18:30:00.000Z,60,10,public,false,Détente,3,tNI5PAPgX0MDq6T4GlwP3d2ndaO2,10,10,1,0,0,0,0
RG1LA7fSFOBZ1W1nwG7Y,Stadium Thiais,published,pro,,48.7511024&2.3713455,2024-02-28T15:00:00.000Z,90,8,public,false,,,psf3NmXEPwdCltHKJC7VuvJocrF3,0,10,0,0,0,0,0
RG4cphg8dnM5EEQBRuxd,Stadium Thiais,published,captain,ChIJ64X9jzx05kcRsHvSfOv6UcA,48.7511137&2.3715422,2024-02-15T16:00:00.000Z,120,10,public,false,Compétition,3,Dohg1zNvhsbmGrYuAmExKFyjruw2,3,10,0,0,0,0,0
RG5ZJAHyttkthRcXzTnx,LE FIVE Bezons,draft,captain,ChIJ71Mv0Wpk5kcRg-H9x7L-dXo,48.9190524&2.211796,2024-01-27T17:00:00.000Z,90,,public,false,,,u2afojOn70Z6CtLWxRQON56EeJb2,0,0,0,0,0,0,0
RGYEIS4B5P43Yhq9eodR,Stadium Thiais,published,pro,,48.7511024&2.3713455,2024-03-10T10:30:00.000Z,90,15,public,false,,,psf3NmXEPwdCltHKJC7VuvJocrF3,0,10,0,0,0,0,0
RGbJpoCmxKQzGlhvrYCH,UrbanSoccer - Asnières,canceled,captain,ChIJi5LkLT9v5kcRSlhScqEFNWs,48.92192379999999&2.3068311,2024-02-01T21:30:00.000Z,60,12.5,public,true,Compétition,5,2y6CLYdsY3chznmG0pfK2osxqfJ2,9,10,0,0,0,0,0
RGeC8TSFEwjNEJ6stnNw,Stadium Thiais,played,pro,ChIJ64X9jzx05kcRsHvSfOv6UcA,48.7511024&2.3713455,2024-02-10T15:30:00.000Z,90,12,public,false,,,psf3NmXEPwdCltHKJC7VuvJocrF3,10,10,7,0,1,0,0
RIUu7x5NbQDSbiOfkK2Z,UrbanSoccer - Asnières,played,captain,ChIJi5LkLT9v5kcRSlhScqEFNWs,48.92192379999999&2.3068311,2024-01-28T11:45:00.000Z,90,14,public,true,Détente,5,PN15UHhq4qgEpCnNo1imjtcM9eW2,10,10,4,0,0,0,0
RKc5RNZHMe6D6nl84AGU,Game 13 foot indoor,played,captain,ChIJNSDvlsXryRIRUXao9hwB79I,43.41258939999999&5.366617,2024-02-05T18:30:00.000Z,60,10,public,false,Détente,3,tNI5PAPgX0MDq6T4GlwP3d2ndaO2,10,10,0,0,0,0,1
RLx2yeb2SGH7mffUlHy4,LE FIVE Paris 18,published,captain,ChIJpVT4_n1u5kcRzji6FdTBXXo,48.8978522&2.3700234,2024-01-31T18:30:00.000Z,60,,public,true,Détente,2,nviPK7l6hTTiFn1ZXQb9VGK1YU42,9,10,0,0,0,0,0
RMOyY2Aia6sx705NUsR3,UrbanSoccer - Puteaux,played,captain,ChIJM_sC0-Nk5kcRhL1y_EFIje8,48.8836397&2.2312283,2024-02-02T20:00:00.000Z,60,14,public,true,Détente,2,v76LD8creGXtYNkDzSZYcFQXCoL2,10,10,1,0,0,0,1
RN8cuVscGxQjntl3NY9i,LE FIVE Bezons,canceled,pro,,48.91909&2.2093051,2024-01-23T21:00:00.000Z,90,14,public,false,,,U3MriTZbPbTUEsU6RtRuHxDMKvg2,0,10,0,0,0,0,1
RNGNjqeY5kmaPgnRGNqs,Play Soccer,played,captain,ChIJQ-UxZn-5rhIRKWoQydM5T9s,43.5512023&1.4098927,2024-02-11T17:00:00.000Z,90,12,public,false,Compétition,,2NU7A9Qv4FSliapXOPdbyvoZIbt2,10,10,1,0,0,0,0
RNZ0IBUxNyunJTNiRoRB,LE FIVE Paris 17,published,pro,,48.900032&2.3213449,2024-02-14T16:00:00.000Z,60,5,public,false,,,V6mqbc9C8FNa1RQlUupjeoqOsZL2,10,10,0,0,0,0,0
ROq0GEIAgG5JWUHxK6fs,UrbanSoccer Evry,canceled,captain,ChIJW0Ut1G7e5UcRt621n2fRQ5M,48.6286849&2.4066366,2024-02-09T19:00:00.000Z,90,15,public,true,Competition,5,pgFPu6NOfpPMuDu5bkF55PJaUMw1,9,10,0,0,0,0,0
RP5pDmKJZrxdZhgaaSYJ,Top Ten,published,pro,ChIJfXprBx4b5kcRmhe-5pLZUek,48.8729106&2.6840919,2024-02-12T16:00:00.000Z,90,5,public,false,,,i27253AGxOfXgYJK72sBnvUGuMk2,5,10,0,0,0,0,1
RQZMJkpxjTKlyHARoy8m,UrbanSoccer - Puteaux,published,captain,ChIJM_sC0-Nk5kcRhL1y_EFIje8,48.8836397&2.2312283,2024-02-09T18:15:00.000Z,60,13,public,true,Compétition,3,EOGY3s0MXkU1s0wbvfZwpxh2PM93,9,10,0,0,0,0,3
RRbz4RnEbadr8EcfiTGR,Play Soccer,played,captain,ChIJQ-UxZn-5rhIRKWoQydM5T9s,43.5512023&1.4098927,2024-02-08T17:00:00.000Z,60,9,public,false,Détente,3,5vjtjQaQ5bai1zmwXC7G1Q9l8vI2,10,10,5,0,1,0,0
RSg5I4rQTvjuswxc6XPE,Stadium Thiais,published,pro,,48.7511024&2.3713455,2024-02-22T15:00:00.000Z,90,8,public,false,,,psf3NmXEPwdCltHKJC7VuvJocrF3,0,10,0,0,0,0,0
RTCKYa7qKdL9ZM3Y4Sdx,Top Ten,published,pro,,48.8729106&2.6840919,2024-02-29T22:00:00.000Z,90,16.5,public,false,,,i27253AGxOfXgYJK72sBnvUGuMk2,0,10,0,0,0,0,0
RUWmwQ3AU6diRhCgIwCr,UrbanSoccer La Défense,canceled,captain,ChIJh4rnfVhk5kcRV2Q-ZKdm8vA,48.8996456&2.2216773,2024-02-14T12:00:00.000Z,60,12,public,true,Détente,,E3oWitPU6CN44l1FrqHmfe4OrLV2,9,10,0,0,0,0,1
RUuX0jyOB0AMLLlmIGM9,LE FIVE Carrières-sous-Poissy,played,captain,ChIJ9T4fWfyL5kcRCBX-FyZLvEE,48.9468171&2.0230552,2024-02-08T18:30:00.000Z,60,10,public,false,Compétition,3,h62E33HrMQPJ3gWgWKcnmyRZG002,10,10,1,0,0,0,0
RVJ48e3GNowwVKKGxx8B,LE FIVE Créteil,published,pro,,48.7643086&2.4706522,2024-01-30T16:00:00.000Z,60,7,public,false,,,ZmXMWx7aTdPoPkkGOWa2HIQVblq2,0,10,0,0,0,0,0
RVtaD6FB1IxjQNnbb5lF,Foot POWER 5,canceled,pro,,48.960066&2.2061913,2024-02-13T21:30:00.000Z,90,7,public,false,,,sss3dYi6nzWd7rEjwcQ30LGKudj1,0,10,0,0,0,0,0
RWiBXEvCOrOm6UEMvPdD,LE FIVE Montreuil,published,pro,,48.8613036&2.4653095,2024-02-03T13:00:00.000Z,90,15,public,false,,,u9uC1vjdcdQ3UqNxI0SiFxor0m43,0,10,0,0,0,0,0
RXH9rLRMxPMIj6qyw77o,LE FIVE Villette,played,captain,ChIJTUFnQjps5kcR0pHITLTw1PI,48.9070122&2.3861459,2024-01-21T09:00:00.000Z,60,12,private,false,Détente,3,1m47Ag3S3YXwVuw8DkcYIYLXehW2,10,10,0,0,0,0,0
RY0NErTBxddJ8XgnD6fx,UrbanSoccer - Lille Bondues,played,captain,ChIJ58ZerMgrw0cR2Jyp7tZjBn4,50.6913774&3.0860264,2024-02-07T18:15:00.000Z,60,10,public,true,Détente,2,WknLUcwl26ODvyrpqQXlZTLywRF3,10,10,0,0,0,0,0
RYCJR8lhzTTg6jL4tlCh,Stade Suzanne Lenglen,played,captain,ChIJvTSVwnVw5kcR9CmKGXIcwtA,48.83101689999999&2.272363,2024-02-09T13:00:00.000Z,120,,public,false,Détente,3,fIBmTCaBSgfkUsqoJg8f8UMwwYZ2,16,16,4,0,0,0,2
RYHbPVbx7u5I9f81a82x,Le Street Foot en Salle,published,pro,,49.0164435&2.181307,2024-03-04T14:00:00.000Z,120,10,public,false,,,bsRK7e37BkUbETMq0Tg3lbm8Fao2,0,10,0,0,0,0,0
RaRkaXnoR2kytSNf6M6m,Stadium Thiais,published,pro,,48.7511024&2.3713455,2024-02-26T18:00:00.000Z,90,15,public,false,,,psf3NmXEPwdCltHKJC7VuvJocrF3,0,10,0,0,0,0,0
RafTzoMuJLf0pwmlb1YG,Top Ten,published,pro,,48.8729106&2.6840919,2024-01-29T11:00:00.000Z,90,5,public,false,,,i27253AGxOfXgYJK72sBnvUGuMk2,0,10,0,0,0,0,0
RbZZPpsgFtbBElv6LNB1,Top Ten,played,captain,ChIJfXprBx4b5kcRmhe-5pLZUek,48.8729106&2.6840919,2024-02-11T09:30:00.000Z,90,14,public,false,Détente,3,AgPIrYu6weWBSm3msnuThsN34Pf1,10,10,4,0,0,0,0
RduHx5DfE4L1fHQhECCe,Footbox,published,pro,,48.9022789&2.582647,2024-02-21T13:00:00.000Z,60,7,public,false,,,QI89VPazyLhBVnWH871jk4BUEZI3,0,10,0,0,0,0,0
RfLTgqhLb0MJa78Je53b,Kinshasa,published,pro,,-4.3032527&15.310528,2024-02-23T15:30:00.000Z,90,11,public,false,,,zCvsukfMuuffsuPpSTQwb7MusMD2,0,10,0,0,0,0,0
Rg20CNrv0WQBBn0fzplM,UrbanSoccer - Porte d'Aubervilliers,played,captain,ChIJ0dXjDCZs5kcRvX0EpMwxsUY,48.9074912&2.3746518,2024-01-22T17:00:00.000Z,90,14.25,public,true,Compétition,3,IafxqSBl8Jgtlwzd6PGj7NEE13g2,10,10,1,0,0,0,2
Rh6ZvNxQd0A9pSSO8ngP,Foot POWER 5,canceled,pro,,48.960066&2.2061913,2024-02-06T17:00:00.000Z,90,5,public,false,,,sss3dYi6nzWd7rEjwcQ30LGKudj1,0,10,0,0,0,0,0
RhYGq4yfamvY0VlMKRWp,LE FIVE Paris 18,played,captain,ChIJpVT4_n1u5kcRzji6FdTBXXo,48.8978522&2.3700234,2024-01-24T21:00:00.000Z,60,5,public,true,Détente,3,n4W8yUPegFbSD03f1VsK8IkVZRg2,10,10,0,0,0,0,1
RiDa8SqUg7q8YuByWEjR,UrbanSoccer - Lille Bondues,canceled,captain,ChIJ58ZerMgrw0cR2Jyp7tZjBn4,50.6913774&3.0860264,2024-01-22T18:00:00.000Z,60,10,public,true,Détente,3,KSsZCg0Fp2PmV5Tx4GTM3hpwEMi1,10,10,0,0,0,0,0
RiHQxcqEhY4pESZImTsD,LE FIVE Sarcelles,published,captain,ChIJ6_q3Fxhq5kcRCpoEwnoXX1Q,48.99782219999999&2.3902225,2024-01-22T20:00:00.000Z,60,13,public,false,Détente,,SGuEHBTVYmf3lbEad0P7i9ITSAs2,4,10,0,0,0,0,0
RjRzv1QTo3TMOIHrXg2Z,Stadium Thiais,published,pro,ChIJ64X9jzx05kcRsHvSfOv6UcA,48.7511024&2.3713455,2024-01-24T20:00:00.000Z,90,15,public,false,,,psf3NmXEPwdCltHKJC7VuvJocrF3,0,12,0,0,0,0,2
Rjw5pF5CfTZZ0BWqpDCj,LE FIVE Montreuil,published,pro,,48.8613036&2.4653095,2024-02-10T15:00:00.000Z,60,10,public,false,,,u9uC1vjdcdQ3UqNxI0SiFxor0m43,0,10,0,0,0,0,0
RjxJHHIngu4cIaI7BFED,UrbanSoccer Evry,canceled,captain,ChIJW0Ut1G7e5UcRt621n2fRQ5M,48.6286849&2.4066366,2024-01-29T16:30:00.000Z,90,8.5,public,true,Détente,2,bi6JzuWExOaVw9BeMlLNwz2hlsn2,10,10,0,0,0,0,0
RkMXuGMvceAyGlJ6GwfN,Top Ten,published,pro,,48.8729106&2.6840919,2024-02-27T11:00:00.000Z,90,5,public,false,,,i27253AGxOfXgYJK72sBnvUGuMk2,0,10,0,0,0,0,0
RlfZDHa1BRqgfheyJwnl,LE FIVE Marville - La Courneuve,played,captain,ChIJ2dHdMZxr5kcR0aKYHYsp0pY,48.9364404&2.3869147,2024-01-23T21:30:00.000Z,90,12,public,false,Compétition,5,DeRDkCDx8PhjhAIrZ7999WiuuYt2,10,10,4,0,0,0,0
Rm7C7dROblrqcICqtizp,LE FIVE Paris 13,canceled,captain,ChIJ_bOSChhz5kcRZMTeq_6Gdzg,48.8181615&2.3658793,2024-02-12T18:30:00.000Z,60,14,public,true,Détente,3,xgchDtBjaNTWuYoF26ypnCNi8Nm2,10,10,0,0,0,0,0
RmDX9HpyUXJaPnz5uZ0d,UrbanSoccer - Porte d'Aubervilliers,played,captain,ChIJ0dXjDCZs5kcRvX0EpMwxsUY,48.9074912&2.3746518,2024-01-21T14:00:00.000Z,60,12,public,true,Détente,,q3alqlwcruMcUFLUykEONrd74tq1,10,10,5,0,0,0,0
RmJ0FMu2DSLWwFYPmVRg,UrbanSoccer - Quai d'Ivry,played,captain,ChIJfXxYJ0xy5kcRw9xTkF6-FZQ,48.8199885&2.3936463,2024-01-30T19:00:00.000Z,60,14.5,public,true,Compétition,3,QmKckDgZJGaBR2XTUH6TimEPUBs2,10,10,1,0,0,0,0
RnvHegAZ6yDZMlcL6lSj,Footbox,published,pro,,48.9022789&2.582647,2024-03-09T13:00:00.000Z,60,10,public,false,,,QI89VPazyLhBVnWH871jk4BUEZI3,0,10,0,0,0,0,0
RoboQmr1eOELX1t4MBjL,LE FIVE Paris 17,played,captain,ChIJ7eI8sFNv5kcR5xy52Wc57NU,48.900032&2.3213449,2024-01-31T17:00:00.000Z,60,12,public,true,Détente,2,nrCpNAe7GeTKCEnqRPEhq5niFRb2,10,10,2,0,0,0,1
RqESr2M9jRnspPBSeAwf,Stadium Thiais,published,pro,ChIJ64X9jzx05kcRsHvSfOv6UcA,48.7511024&2.3713455,2024-02-13T19:30:00.000Z,90,15,public,false,,,psf3NmXEPwdCltHKJC7VuvJocrF3,10,10,0,0,0,0,0
RqpFrOS6ymK9V7VAh3so,Stade de la butte Verte,canceled,captain,ChIJt9s2eC6_5kcRYIEmOm1FuyI,48.99648579999999&1.6672078,2024-02-11T14:25:00.000Z,150,,public,false,Compétition,3,LXppb6dWmgRmn3Tbh3CfgxcfZ0Q2,1,14,0,0,0,0,0
Rs9xClGLL3ht7aGypXks,Top Ten,published,pro,,48.8729106&2.6840919,2024-03-07T11:00:00.000Z,90,5,public,false,,,i27253AGxOfXgYJK72sBnvUGuMk2,0,10,0,0,0,0,0
RsqbuyVNpYhX7uc8d3Nr,Terrain n°23 du Parc Interdépartemental Des Sports de Choisy,canceled,captain,ChIJvZZjB3515kcRzK_dHETXJkc,48.7699126&2.4314566,2024-02-05T19:30:00.000Z,90,,public,false,Compétition,4,cJe8pjn4xkTpWqLmezIS1Llbc613,12,14,0,0,0,0,0
RuXfqanq7jSOClrLe2OF,Stadium Thiais,played,pro,ChIJ64X9jzx05kcRsHvSfOv6UcA,48.7511024&2.3713455,2024-02-08T19:30:00.000Z,90,15,public,false,,,psf3NmXEPwdCltHKJC7VuvJocrF3,10,10,2,0,0,0,1
RukvMRdNoJpxfjSlrZJo,Footbox,published,pro,,48.9022789&2.582647,2024-02-28T22:00:00.000Z,60,10,public,false,,,QI89VPazyLhBVnWH871jk4BUEZI3,0,10,0,0,0,0,0
RvFtuPxhzvgwLCIsgNol,LE FIVE Champigny,published,pro,,48.8194084&2.5251846,2024-02-23T16:00:00.000Z,60,7,public,false,,,evlV9mUgATYQ5343zpYZvk4w0r03,0,10,0,0,0,0,0
Rvjeqv3gT7oM2aAUlndl,Gymnase Municipal Maurice Bacquet,canceled,captain,ChIJA9DcrxBA5kcRK-Eav36o0HM,49.0290782&2.4604725,2024-02-04T16:50:00.000Z,90,,public,false,Détente,3,QqCjlca15HdnAvALHA0FzUBbbX42,10,16,0,0,0,0,0
Rvp5tDiQ0TtSsctCOsba,LE FIVE Villette,played,captain,ChIJTUFnQjps5kcR0pHITLTw1PI,48.9070122&2.3861459,2024-01-23T10:00:00.000Z,90,10,public,false,Détente,3,YOdxAqtz51MwesRE26xrBEduX0x2,10,10,2,0,1,0,1
Rx032xV1qHlddO7dsQ8s,Sport dans la Ville Rhône-Alpes,played,captain,ChIJoUEDcmvr9EcRILCz6hDCQ2o,45.7811703&4.8081568,2024-01-31T17:00:00.000Z,60,9.5,public,false,Détente,2,mqVfqcKhTYdDc73hCb1aX1JRZzL2,10,10,4,0,0,0,4
RyCeB1YCx8cpypxMgAiA,Top Ten,published,pro,,48.8729106&2.6840919,2024-02-11T11:00:00.000Z,90,15,public,false,,,i27253AGxOfXgYJK72sBnvUGuMk2,0,10,0,0,0,0,0
RzaLlnHKwwZVqsMH6jRh,Stadium Thiais,hidden,pro,ChIJ64X9jzx05kcRsHvSfOv6UcA,48.7511024&2.3713455,2024-02-12T19:30:00.000Z,90,15,public,false,,,psf3NmXEPwdCltHKJC7VuvJocrF3,0,12,0,0,0,0,1
S0PKhZLADu5SAWocw4OV,Sport dans la Ville Rhône-Alpes,published,captain,ChIJoUEDcmvr9EcRILCz6hDCQ2o,45.7811703&4.8081568,2024-01-27T11:00:00.000Z,90,,public,false,Compétition,2,NsWqcHtydaUiU2Em8B9UvT3To8M2,10,12,0,0,0,0,0
S0niGTUB3HYIXBCuJQZz,LE FIVE Bezons,canceled,captain,ChIJ71Mv0Wpk5kcRg-H9x7L-dXo,48.9190524&2.211796,2024-01-20T17:30:00.000Z,90,13.5,public,true,Détente,3,dBD02rAC5oQIz0nnrufdD9xkNc83,5,10,0,0,0,0,0
S10D6lb6ugZoGZORfPL1,UrbanSoccer - Toulouse Montaudran,canceled,captain,ChIJl772e0u8rhIR2foRX4Xa2CI,43.574642&1.4801835,2024-02-07T11:30:00.000Z,60,9,public,true,Détente,2,vXodq4L7SuYYGOtneA6DITobObq2,7,10,0,0,0,0,0
S1h3zT9I7Uy4YMM1RmDr,Stade Jacques Lenoble,canceled,captain,ChIJoWAxwG9j5kcRyILHJ9xQVBs,48.8883428&2.1772335,2024-01-20T09:30:00.000Z,120,,public,false,Détente,3,aXIBkrlnCjhgZ3SXMJTBLi5ZPej2,6,10,0,0,0,0,0
S1kI1SPr0I740fPzt8tS,LE FIVE Bobigny,played,captain,ChIJV8UONORs5kcRXxR5Qd7x130,48.901553&2.4313304,2024-02-02T19:00:00.000Z,90,15,public,false,Détente,2,gW9aeEiiZMZQvDAz6I3Tm71GJSU2,10,10,3,0,0,0,0
S2eGk8KrPAzgaOVV3snT,Halle Georges Carpentier,played,captain,ChIJnXkSwCty5kcR-nlHXNFQlg4,48.82020139999999&2.3672361,2024-01-29T11:00:00.000Z,120,,public,false,Compétition,3,kRAf444M3RUd6EWIOWpKVKs78SI2,16,16,15,0,1,0,6
S3AI3RPt2HNOLpS5LUW3,Stadium Thiais,published,pro,,48.7511024&2.3713455,2024-02-16T17:00:00.000Z,90,14,public,false,,,psf3NmXEPwdCltHKJC7VuvJocrF3,0,10,0,0,0,0,0
S450vnYPUoWdP4zQj65w,Stadium Thiais,played,captain,ChIJ64X9jzx05kcRsHvSfOv6UcA,48.7511024&2.3713455,2024-01-31T19:30:00.000Z,90,15,public,false,Détente,2,C41uLRu1nXX3sNBhLbABqcipElj2,10,10,2,0,0,0,2
S4NfwB1xmpqZtsWbJ4G1,Footbox,published,pro,,48.9022789&2.582647,2024-02-28T21:00:00.000Z,60,10,public,false,,,QI89VPazyLhBVnWH871jk4BUEZI3,0,10,0,0,0,0,0
S4btYGy04AulyttNGFBR,Footbox,published,pro,,48.9022789&2.582647,2024-03-07T22:00:00.000Z,60,10,public,false,,,QI89VPazyLhBVnWH871jk4BUEZI3,0,10,0,0,0,0,0
S4wEH2lqt0jFvriwG9Fc,Foot-Max Argenteuil,played,captain,ChIJi9oIzaRm5kcRJYcK7QsdRMU,48.9501569&2.2093741,2024-02-04T15:30:00.000Z,90,12,public,false,Détente,3,F8OWu4MspmRPd01zZ29PxlZXFZN2,10,10,7,0,0,0,5
S5n3EQyKafUU0T2kwdVA,UrbanSoccer - Quai d'Ivry,canceled,captain,ChIJfXxYJ0xy5kcRw9xTkF6-FZQ,48.8199885&2.3936463,2024-02-06T20:40:00.000Z,60,13.5,public,true,Détente,3,xhKdNjTjRxWfX7o0pLIcqpPjl7E3,6,10,0,0,0,0,0
S605bqOi7bEKtVu8I8LU,Top Ten,published,pro,,48.8729106&2.6840919,2024-03-08T16:00:00.000Z,90,5,public,false,,,i27253AGxOfXgYJK72sBnvUGuMk2,0,10,0,0,0,0,0
S7PvYBtrLFIejd0Upmqa,LE FIVE Montreuil,published,pro,,48.8613036&2.4653095,2024-02-23T09:00:00.000Z,90,10.5,public,false,,,u9uC1vjdcdQ3UqNxI0SiFxor0m43,0,10,0,0,0,0,0
S9BG8yb8AnB8XI0wewcZ,LE FIVE Marville - La Courneuve,played,captain,ChIJ2dHdMZxr5kcR0aKYHYsp0pY,48.9364404&2.3869147,2024-02-10T11:00:00.000Z,60,10,public,false,Détente,4,que2ClS9cKaQ76VTIMNVaEEzQlW2,10,10,3,0,0,0,1
S9FT6b0YRjTavbePe9QA,Stade Suzanne Lenglen,canceled,captain,ChIJvTSVwnVw5kcR9CmKGXIcwtA,48.83101689999999&2.272363,2024-01-24T11:15:00.000Z,60,,public,false,Détente,3,r8jSsMVuzWetBrVgzpfvQk9rktC2,6,10,0,0,0,0,1
S9twhb4gKvRzMHjH3Soa,LE FIVE Montreuil,published,pro,,48.8613036&2.4653095,2024-02-16T09:00:00.000Z,90,10.5,public,false,,,u9uC1vjdcdQ3UqNxI0SiFxor0m43,0,10,0,0,0,0,0
SA6AmHA3I7PJ1rEV22t7,Foot POWER 5,canceled,pro,,48.960066&2.2061913,2024-02-07T21:30:00.000Z,90,7,public,false,,,sss3dYi6nzWd7rEjwcQ30LGKudj1,0,10,0,0,0,0,0
SAj2Rs9y5ghVvsrhKONA,Stadium Thiais,published,pro,,48.7511024&2.3713455,2024-02-16T21:00:00.000Z,90,14,public,false,,,psf3NmXEPwdCltHKJC7VuvJocrF3,5,10,0,0,0,0,0
SBUYsKo2IFHGPNzSznmF,Footbox,published,pro,,48.9022789&2.582647,2024-02-18T15:00:00.000Z,60,10,public,false,,,QI89VPazyLhBVnWH871jk4BUEZI3,0,10,0,0,0,0,0
SDtj3AwYz8YmQvuxBqTl,Top Ten,played,pro,,48.8729106&2.6840919,2024-02-06T16:00:00.000Z,90,5,public,false,,,i27253AGxOfXgYJK72sBnvUGuMk2,10,10,8,0,0,0,5
SEkTPtWXiEhBFZR6OeUX,LE FIVE Paris 13,canceled,pro,ChIJ_bOSChhz5kcRZMTeq_6Gdzg,48.8181615&2.3658793,2024-01-20T21:00:00.000Z,120,15,public,false,,,FjSnzlRFFfhWVWQJGfIEwRc2ZMj2,0,10,0,0,0,0,0
SF0RTEIj5tTLNRqHLSZt,Foot-Max Argenteuil,published,captain,ChIJi9oIzaRm5kcRJYcK7QsdRMU,48.9501569&2.2093741,2024-01-29T19:00:00.000Z,90,12,public,false,Détente,3,C553Dh0tVXOffbE1iHI2vA2htd53,9,10,0,0,0,0,2
SGTglHeM65tqfHqgWAaI,Foot POWER 5,canceled,pro,,48.960066&2.2061913,2024-03-09T17:00:00.000Z,90,7,public,false,,,sss3dYi6nzWd7rEjwcQ30LGKudj1,0,10,0,0,0,0,0
SGmFINGziM8ivpMfa464,Top Ten,played,captain,ChIJfXprBx4b5kcRmhe-5pLZUek,48.8729209&2.6841223,2024-01-31T19:00:00.000Z,90,15,public,false,Détente,3,VGsBGTIKqNXZ0uwLPIyZ8o8y8wV2,10,10,6,0,0,0,0
SILEvDWxC13N3Wl8hAph,Footbox,published,pro,,48.9022789&2.582647,2024-02-28T20:00:00.000Z,60,10,public,false,,,QI89VPazyLhBVnWH871jk4BUEZI3,0,10,0,0,0,0,0
SK1m8k1BLavZ1rg0YwxT,Stade Louis Boury,played,captain,ChIJLVk-5IVv5kcRNWYWGZlZ1sY,48.924964&2.3019224,2024-02-04T14:00:00.000Z,90,,public,false,Compétition,5,gcUvLJGsLVN6MjE3Z9SQqllcqAd2,10,10,3,0,0,0,1
SMTrdmyQcN0TRNVVVARS,Stadium Thiais,published,pro,,48.7511024&2.3713455,2024-02-20T15:00:00.000Z,90,8,public,false,,,psf3NmXEPwdCltHKJC7VuvJocrF3,0,10,0,0,0,0,0
SNM0aRDJMXMrbrifklwf,Terrain de Rugby et de football de l'Hippodrome d'Auteuil,published,captain,ChIJCSzecLd65kcR5ZjhyyKieaE,48.84983099999999&2.2554075,2024-02-12T18:00:00.000Z,90,2,public,false,Détente,3,XnvW9brVmuclYXS7MIYBC1ThD8e2,9,18,0,0,0,0,0
SNQCdAx54HB3pvFbTqgo,Urban Football Meudon,canceled,captain,ChIJFeLBC2N75kcRyM1mlEZ3HjM,48.7983594&2.2102561,2024-02-01T19:00:00.000Z,90,16,public,false,Détente,3,Eky9dVVNQmbB9akUqXl9wI6eE282,9,12,0,0,0,0,0
SNmIsEkMaGlOuvo830Dn,LE FIVE Paris 18,published,pro,,48.8978522&2.3700234,2024-03-07T21:20:00.000Z,90,10,public,false,,,UQf33jQhVZhle917nO0h7D5qclV2,0,10,0,0,0,0,0
SNqzxUq78LEqQohNdmjM,UrbanSoccer - Porte d'Aubervilliers,played,captain,ChIJ0dXjDCZs5kcRvX0EpMwxsUY,48.9074912&2.3746518,2024-02-04T11:45:00.000Z,90,7.5,public,true,Détente,3,cMDXsSUbWpbk3P8V4YnVbpJ8MbG3,10,10,2,0,0,0,1
SRXHXepaemJkqiNQobF9,LE FIVE Paris 18,published,pro,,48.8978522&2.3700234,2024-02-24T21:30:00.000Z,90,10,public,false,,,UQf33jQhVZhle917nO0h7D5qclV2,0,10,0,0,0,0,0
SSBZTZsyT46hw2RjM0Ky,UrbanSoccer La Défense,canceled,captain,ChIJh4rnfVhk5kcRV2Q-ZKdm8vA,48.8996456&2.2216773,2024-02-05T17:00:00.000Z,60,13,public,true,Détente,2,G81AA2f5dHc0VSg50pvp9eaQ3nl1,9,10,0,0,0,0,0
STyibUeIa75kS2Xs5n8X,Footbox,published,pro,,48.9022789&2.582647,2024-03-09T19:00:00.000Z,60,10,public,false,,,QI89VPazyLhBVnWH871jk4BUEZI3,0,10,0,0,0,0,0
SYbc10HbJvjVrETdt2yS,Soccer Five,published,captain,ChIJp0K53sp55kcR61-WTU8Yv5k,48.7368129&2.2591558,2024-02-10T09:00:00.000Z,90,,public,false,Détente,3,Dohg1zNvhsbmGrYuAmExKFyjruw2,9,10,0,0,0,0,0
SYhEUOCwNWpxIp3Zof4y,Foot POWER 5,canceled,pro,,48.960066&2.2061913,2024-02-19T17:00:00.000Z,90,5,public,false,,,sss3dYi6nzWd7rEjwcQ30LGKudj1,0,10,0,0,0,0,0
SawgAy0hDrcyTb4C4kfv,Foot POWER 5,canceled,pro,,48.960066&2.2061913,2024-02-12T21:30:00.000Z,90,7,public,false,,,sss3dYi6nzWd7rEjwcQ30LGKudj1,0,10,0,0,0,0,0
Sb67sKfJKc98YWY1y8m7,UrbanSoccer - Puteaux,played,captain,ChIJM_sC0-Nk5kcRhL1y_EFIje8,48.8836397&2.2312283,2024-01-28T09:00:00.000Z,60,14,public,true,Détente,3,13FuDMtDm3P0lXGwoVAo6e1pb432,10,10,2,0,0,0,0
SbDf1cTjjAlNfPwSnxzm,UrbanSoccer Evry,played,captain,ChIJW0Ut1G7e5UcRt621n2fRQ5M,48.6286849&2.4066366,2024-01-26T19:00:00.000Z,60,11,public,true,Détente,,xWl3gMGRsvXk7tYSpzQFSlPjSbs2,10,10,2,0,0,0,2
SbWm7EHNosz5lo2931r7,LE FIVE Paris 18,played,captain,ChIJpVT4_n1u5kcRzji6FdTBXXo,48.8978522&2.3700234,2024-01-27T20:00:00.000Z,120,10,public,true,,4,2Ftt6foKazakyJNjJYBpVYqpbP52,10,10,0,0,0,0,1
SbenrZooKbzmYqeBN3GM,LE FIVE Paris 17,draft,captain,ChIJ7eI8sFNv5kcR5xy52Wc57NU,48.900032&2.3213449,2024-02-04T11:00:00.000Z,90,,public,false,,,BM3cdlvrepRHNcMkYE8cy91qXd82,0,0,0,0,0,0,0
SdZ3Ba0Ti3EJWfmIwAkz,UrbanSoccer - Quai d'Ivry,played,captain,ChIJfXxYJ0xy5kcRw9xTkF6-FZQ,48.8199885&2.3936463,2024-01-30T18:30:00.000Z,60,14,public,true,Competition,,lppkOL9ay1VhR7EYSh39FXV8N1G3,10,10,0,0,0,0,2
Seu072se7ONoY8UsN0Xq,LE FIVE Carrières-sous-Poissy,canceled,captain,ChIJ9T4fWfyL5kcRCBX-FyZLvEE,48.9469325&2.0233834,2024-01-28T15:30:00.000Z,90,14,public,false,Détente,2,9WKjXyBHCvXJ2AvZRuXb6sNqd6b2,3,10,0,0,0,0,0
Sf0XNkpNdlN2s86OJC6p,LE FIVE Montreuil,published,pro,,48.8613036&2.4653095,2024-01-30T16:00:00.000Z,60,7,public,false,,,u9uC1vjdcdQ3UqNxI0SiFxor0m43,1,10,0,0,0,0,0
SfT3Hn105o5mv7gj21R8,UrbanSoccer - Puteaux,played,captain,ChIJM_sC0-Nk5kcRhL1y_EFIje8,48.8836397&2.2312283,2024-02-04T18:00:00.000Z,60,13,public,true,Détente,3,OrrY7JtFtpgdHLz2keDfmbs1nm02,10,10,1,0,0,0,0
Sgpc0WILtT9jSklRlvXV,Foot POWER 5,canceled,pro,,48.960066&2.2061913,2024-03-02T18:30:00.000Z,90,10,public,false,,,sss3dYi6nzWd7rEjwcQ30LGKudj1,0,10,0,0,0,0,0
Shs6uRz4qafxZ4hlrWFN,LE FIVE Bobigny,published,pro,,48.901553&2.4313304,2024-02-07T17:00:00.000Z,60,8,public,false,,,4owi3i7t8EOvFNF6UQvACOpiDRy1,0,10,0,0,0,0,2
Sinw5LeHR5pMNMQLkTTm,Foot-Max Argenteuil,published,pro,,48.9501632&2.2093946,2024-03-02T13:00:00.000Z,120,16,public,false,,,SuEnyPZ4TgNIkt1yap2yJ3ZHO6p1,0,10,0,0,0,0,0
Sk7ZapZE29UfeMKCIiUm,Monclub Futbol,published,pro,,43.4299152&5.4001974,2024-03-10T17:00:00.000Z,90,12,public,false,,,CSTy9rmJRQSyWlqWuGiUhGpAGqf2,0,10,0,0,0,0,0
Sm9K88nlqkmu3vKl902i,Stadium Thiais,published,pro,ChIJ64X9jzx05kcRsHvSfOv6UcA,48.7511024&2.3713455,2024-01-22T18:00:00.000Z,90,15,public,false,,,psf3NmXEPwdCltHKJC7VuvJocrF3,0,10,0,0,0,0,0
SoFww7aearhkS3EdPpsd,Stadium Thiais,published,pro,,48.7511024&2.3713455,2024-02-17T15:00:00.000Z,90,12,public,false,,,psf3NmXEPwdCltHKJC7VuvJocrF3,0,10,0,0,0,0,0
SoLWTPScQSnycKyoOZJ0,Stadium Thiais,published,pro,,48.7511024&2.3713455,2024-01-31T11:00:00.000Z,60,7,public,false,,,psf3NmXEPwdCltHKJC7VuvJocrF3,0,10,0,0,0,0,0
Sp0B4C6rIz2ayMjootJd,Stade Suzanne Lenglen,draft,captain,ChIJvTSVwnVw5kcR9CmKGXIcwtA,48.83101689999999&2.272363,2024-01-31T18:00:00.000Z,60,,private,false,,,Qid13kpwaog2nAXYTK4GE9vwnDr1,0,0,0,0,0,0,0
SpYJPKjzE7Q1r7OELXnr,Stadium Thiais,published,pro,,48.7511024&2.3713455,2024-02-14T15:00:00.000Z,90,8,public,false,,,psf3NmXEPwdCltHKJC7VuvJocrF3,0,10,0,0,0,0,0
SrEDDDm8tJ8c7osWsiIV,UrbanSoccer La Défense,played,captain,ChIJh4rnfVhk5kcRV2Q-ZKdm8vA,48.8996456&2.2216773,2024-02-01T21:00:00.000Z,60,14,public,true,Détente,3,UG23bh92yeTazTzl6luByxrPhHf1,10,10,0,0,0,0,1
SrZpC4LRHZSbnRDvbjn3,UrbanSoccer La Défense,played,captain,ChIJh4rnfVhk5kcRV2Q-ZKdm8vA,48.8996456&2.2216773,2024-02-03T12:15:00.000Z,60,13.5,public,true,,2,2NC3kkXAbcajohS5VEMl6I6M5Yr1,10,10,1,0,0,0,1
SsNVXG2lDhsm6kkTK2Pk,Monclub Futbol,canceled,captain,ChIJGbxxaamUyRIRgGvhHnhJStA,43.4299152&5.4001974,2024-02-08T11:15:00.000Z,60,7.5,public,false,Détente,,9zu60WK7oRTRunRFppqodkJw9hz1,10,10,0,0,0,0,0
Su0MzXEdqTDA8pz5XgVX,LE PARK Complexe Multisports,canceled,captain,ChIJdUHbID8O5kcRV5lQhiHTvhs,48.8337843&2.5728501,2024-02-05T18:30:00.000Z,60,10,public,false,Détente,2,FwErgMnwgvOBvEO59ooLuB8lyPJ2,8,10,0,0,0,0,1
SuUP2SL3d3gUiQnjDq2A,Stade Lilian Thuram,published,captain,ChIJy0-vXf9l5kcRH4WAmpihUQE,48.933705&2.2828141,2024-02-18T07:00:00.000Z,150,,private,false,Détente,3,bvwFuUpB8ORr9UZhI1UFOuxbqtc2,6,18,0,0,0,0,0
SupO3gwNFsTecrlT0DU9,Foot POWER 5,canceled,pro,,48.960066&2.2061913,2024-02-05T21:30:00.000Z,90,7,public,false,,,sss3dYi6nzWd7rEjwcQ30LGKudj1,0,10,0,0,0,0,0
SvrznwSq9wY1DxfGEdca,Top Ten,published,pro,ChIJfXprBx4b5kcRmhe-5pLZUek,48.8729106&2.6840919,2024-02-10T12:30:00.000Z,90,15,public,false,,,i27253AGxOfXgYJK72sBnvUGuMk2,1,10,0,0,0,0,0
SwUdtxyrtmi1ZepnfAPF,LE FIVE Paris 18,played,pro,ChIJpVT4_n1u5kcRzji6FdTBXXo,48.8978522&2.3700234,2024-02-08T15:50:00.000Z,60,5,public,false,,,UQf33jQhVZhle917nO0h7D5qclV2,10,10,10,0,0,0,7
Sx9oUpgaqwqugyDCdk9S,UrbanSoccer - Toulouse Sept Deniers,canceled,captain,ChIJk5nUBdOkrhIRP-1aUJzo-lA,43.6321552&1.411696,2024-01-28T20:00:00.000Z,60,8.5,public,true,Compétition,,rrGdbB4dk9Zu5H7nS2z3bcoskuB3,8,10,0,0,0,0,0
SxzVb0Z0ucHMQGqzMMUL,LE PARK Complexe Multisports,published,captain,ChIJdUHbID8O5kcRV5lQhiHTvhs,48.8337843&2.5728501,2024-02-10T17:00:00.000Z,90,13.5,private,false,Détente,2,y6GRN7uNvHbcQIPkIzMNztCK2sE2,5,10,0,0,0,0,0
SyYstYgicKjMipBVHelQ,Top Ten,played,pro,ChIJfXprBx4b5kcRmhe-5pLZUek,48.8729106&2.6840919,2024-01-28T17:00:00.000Z,90,15,public,false,,,i27253AGxOfXgYJK72sBnvUGuMk2,10,10,5,0,0,0,1
SzARshkC4kp4mH5DAT9c,UrbanSoccer La Défense,canceled,captain,ChIJh4rnfVhk5kcRV2Q-ZKdm8vA,48.8996456&2.2216773,2024-02-11T18:30:00.000Z,60,13,public,true,Détente,2,5XctojCmXOanU7H3xC4n3Yg8h7L2,9,10,0,0,0,0,0
SzEy4myQVsTx15TJI30y,Top Ten,published,pro,,48.8729106&2.6840919,2024-02-09T11:00:00.000Z,90,5,public,false,,,i27253AGxOfXgYJK72sBnvUGuMk2,1,10,0,0,0,0,0
SzqzKN7C2Vhz31IKeHyz,UrbanSoccer - Lyon Parilly,canceled,captain,ChIJx3FQWjLC9EcRrrQb2eV7i_4,45.7120399&4.9039284,2024-02-14T20:00:00.000Z,60,10,public,true,Détente,3,P1kmy2dcNZVhGPonuyLGSdki2X53,8,10,0,0,0,0,0
T0UI8SSOTTjGbAHd3TFI,Parc Sainte Barbe,canceled,captain,ChIJtw301r5w5kcRvRjidiuAyaw,48.7922897&2.2913469,2024-02-07T11:00:00.000Z,30,,public,false,Détente,4,rzC8A0bd4afb9AWrHKlCPT9461y1,10,16,0,0,0,0,0
T0j8boDZO2d0QUnP3rqt,LE FIVE Bezons,published,pro,,48.91909&2.2093051,2024-03-08T16:30:00.000Z,90,10.5,public,false,,,U3MriTZbPbTUEsU6RtRuHxDMKvg2,0,10,0,0,0,0,0
T2Sg5lfE7E1WiWlRdgAM,UrbanSoccer - Asnières,canceled,captain,ChIJi5LkLT9v5kcRSlhScqEFNWs,48.92192379999999&2.3068311,2024-02-01T18:00:00.000Z,60,12,public,true,Détente,,GCQ9kveKoVYIlYxNaMP5nl4Tmtw2,10,10,0,0,0,0,0
T3lrtDl6mgFt7EVlOyz7,Stadium Thiais,published,pro,ChIJ64X9jzx05kcRsHvSfOv6UcA,48.7511024&2.3713455,2024-02-06T18:00:00.000Z,90,15,public,false,,,psf3NmXEPwdCltHKJC7VuvJocrF3,0,10,0,0,0,0,0
T3oK94WxJrx6FwsXtSWl,Urban Football Meudon,played,captain,ChIJFeLBC2N75kcRyM1mlEZ3HjM,48.7983594&2.2102561,2024-01-23T17:30:00.000Z,90,15.75,public,false,,3,afKB7yoOkDMtTvgGUnzhf5DvzXs1,14,14,0,0,0,0,0
T4jc2RIIPqu7wZgFMf7S,Events Five,played,captain,ChIJf8cSCJG5rhIRoQadPH-wW1U,43.5399703&1.3922897,2024-02-05T18:00:00.000Z,60,8,public,false,Détente,,AMEnp6DXr5auGuUEuCYRvdtRzUC2,10,10,2,0,0,0,0
T4mXBAMHnf1NMrX2362Y,Parc Interdépartemental des Sports du Tremblay,canceled,captain,ChIJBVkfrQ4N5kcRGi-XnNQN_yo,48.8281085&2.491365,2024-02-02T11:00:00.000Z,120,,public,false,Compétition,,pKElqoFPmqUcPp7ox6TyRmakNoU2,4,16,0,0,0,0,0
T5kkpGEj04OGABfdzuvt,Stade Jean Jaurès,canceled,captain,ChIJZeiwsidk5kcRfr4JxmBG86s,48.9370177&2.2250254,2024-01-27T13:00:00.000Z,120,,public,false,Compétition,4,9RsiW31iSGhaAT8kokv7pIP4bmU2,6,18,0,0,0,0,0
T5oAmBI5HWSGzzEhRbU0,Ball In d'Or Dreux,published,captain,ChIJgRwhLzZV4UcRZ1kZ41ivPqU,48.7468231&1.3611978,2024-02-01T19:00:00.000Z,60,10,public,false,Détente,,wHobP5VvVzWciKKqBh41BpVY5GZ2,6,10,0,0,0,0,1
T6LwQwvVOTYWxRmRtjuP,Play Soccer,played,captain,ChIJQ-UxZn-5rhIRKWoQydM5T9s,43.5512023&1.4098927,2024-02-07T18:30:00.000Z,60,10,public,false,,,8LtkeOuZHeePxfkXdNPmQSr7V9L2,10,10,2,0,0,0,0
T6cDjR5tv0125IvDAWO0,LE FIVE Paris 13,played,pro,,48.8181615&2.3658793,2024-01-31T22:00:00.000Z,60,10,public,false,,,FjSnzlRFFfhWVWQJGfIEwRc2ZMj2,10,10,4,0,0,0,0
T7p6frqRJRSrqgqxfdvy,Stadium Thiais,published,pro,ChIJ64X9jzx05kcRsHvSfOv6UcA,48.7511024&2.3713455,2024-01-27T19:30:00.000Z,90,15,public,false,,,psf3NmXEPwdCltHKJC7VuvJocrF3,5,10,0,0,0,0,0
T8Mn1yRWSkbFIVuF8ZvE,LE FIVE Villette,published,captain,ChIJTUFnQjps5kcR0pHITLTw1PI,48.9070122&2.3861459,2024-02-13T20:00:00.000Z,60,12,public,false,Détente,2,7OLIzBft3ve5JiX48iP1rsQY1yM2,8,10,0,0,0,0,0
T8fjHJw7q3W5QlE7XoRc,Stadium Thiais,published,pro,ChIJ64X9jzx05kcRsHvSfOv6UcA,48.7511024&2.3713455,2024-01-28T18:00:00.000Z,90,15,public,false,,,psf3NmXEPwdCltHKJC7VuvJocrF3,0,10,0,0,0,0,0
T9fMpy7Hw3TMDk3YWu7K,LE FIVE Paris 17,played,pro,,48.900032&2.3213449,2024-02-07T16:00:00.000Z,60,5,public,false,,,V6mqbc9C8FNa1RQlUupjeoqOsZL2,10,10,10,0,0,0,7
TAaBUdvQhHuO6uy4Kj1w,UrbanSoccer - Puteaux,played,captain,ChIJM_sC0-Nk5kcRhL1y_EFIje8,48.8836397&2.2312283,2024-02-08T19:00:00.000Z,60,14.5,private,true,Détente,3,RjnILKUgrrYly5GOAr8iC9cVDLt2,10,10,9,0,0,0,2
TAoUdAAm0VL2Ju4GSxK9,UrbanSoccer - Puteaux,played,captain,ChIJM_sC0-Nk5kcRhL1y_EFIje8,48.8836397&2.2312283,2024-01-21T18:00:00.000Z,60,13,public,true,Chill,3,ewPgRlOTQ1ODpDQK7x12CEU7yr73,10,10,3,0,0,0,2
TBg8krJ6pUaxl1MGHzBb,Game 13 foot indoor,published,captain,ChIJNSDvlsXryRIRUXao9hwB79I,43.41258939999999&5.366617,2024-02-13T19:00:00.000Z,60,10,private,false,Détente,2,YRqiIIRIa7WLYzz10t8KebtmcKp1,10,10,0,0,0,0,3
TCPV0OED9QlS5P5dMoIa,Top Ten,published,pro,ChIJfXprBx4b5kcRmhe-5pLZUek,48.8729106&2.6840919,2024-02-08T17:30:00.000Z,90,16.5,public,false,,,i27253AGxOfXgYJK72sBnvUGuMk2,0,10,0,0,0,0,0
TD7BhRNWxyschYgIaIBg,LE FIVE Marville - La Courneuve,draft,captain,ChIJ2dHdMZxr5kcR0aKYHYsp0pY,48.9364404&2.3869147,2024-02-06T17:30:00.000Z,90,,public,false,,,qsDjY5kB6MON8qU6SLTWc5mpkpu1,0,0,0,0,0,0,0
TDK3ueZrHgc1PsizGCJB,OHSPORT,published,captain,ChIJHeG9fA4X5kcRbGNzVY5Ud5I,48.9672396&2.5670436,2024-02-11T21:30:00.000Z,60,10,public,false,Compétition,3,M97nTg4ML7YZ1HXYk4eUS9ZTw9q1,8,10,0,0,0,0,0
TELjn9PP3n2keqBXIRsq,Monclub Futbol,published,pro,ChIJGbxxaamUyRIRgGvhHnhJStA,43.4299152&5.4001974,2024-01-26T17:00:00.000Z,60,10,public,false,,,CSTy9rmJRQSyWlqWuGiUhGpAGqf2,1,10,0,0,0,0,1
TF1hrFRupHrVLYtJyQEv,Le 13 - Foot en salle - Marseille,canceled,captain,ChIJR62kUm_ByRIRDnGQqGCeUVQ,43.33370070000001&5.370389599999999,2024-02-07T17:00:00.000Z,60,10,public,false,Détente,3,tYE0hxio2uYHYCahKUN7QqZwcbi1,5,10,0,0,0,0,0
TFMBbJQFAtrViZSUBlgK,UrbanSoccer Meudon,played,captain,ChIJ0WKvjbh75kcRoqSmyWwW2jQ,48.80013599999999&2.2140811,2024-01-20T11:00:00.000Z,60,,public,true,Détente,3,TYuPIFFkO0Nsn6b1wCr5S6lMsf72,10,10,3,0,0,0,0
TFzI2hLDg8W8RGbEZjcO,Stadium Thiais,published,captain,ChIJ64X9jzx05kcRsHvSfOv6UcA,48.7511024&2.3713455,2024-01-23T16:30:00.000Z,90,10,public,false,Compétition,3,Dohg1zNvhsbmGrYuAmExKFyjruw2,3,10,0,0,0,0,0
THLdZZSrgjxZwfCghYxI,Monclub Futbol,played,captain,ChIJGbxxaamUyRIRgGvhHnhJStA,43.4299152&5.4001974,2024-01-22T19:00:00.000Z,60,10,public,false,Détente,,T2QG662V9Ta7lQrXxzHChQsGOFZ2,10,10,3,0,0,0,1
TIPwW9EqlQIbz6t5d2CR,Halle Georges Carpentier,played,captain,ChIJnXkSwCty5kcR-nlHXNFQlg4,48.82020139999999&2.3672361,2024-02-12T11:00:00.000Z,120,,public,false,Compétition,3,kRAf444M3RUd6EWIOWpKVKs78SI2,16,16,15,0,1,0,9
TIxUirAKuDNnUhSGxyc7,Terrain n°23 du Parc Interdépartemental Des Sports de Choisy,played,captain,ChIJvZZjB3515kcRzK_dHETXJkc,48.7699126&2.4314566,2024-02-12T20:00:00.000Z,60,,public,false,Compétition,4,GIWZAPZ6EqXL1PHYLo3wpSZAOqd2,14,14,1,0,0,0,3
TJ8v6cXDkvI23IRgM7KK,Complexe sportif Arrighi - Stade - Gymnase - Tennis,played,captain,ChIJdY7UfIRz5kcRyDIR404fW5A,48.7830911&2.3989573,2024-02-08T19:00:00.000Z,120,,private,false,Détente,3,5v9WX6HkohWW6s4r8BR39p1iJxu1,16,16,7,0,0,0,1
TJUYxuufoBb2MSk3V8HI,Gymnase Anatole France,canceled,captain,ChIJ67jXNkRv5kcR1f7HoYqWpQA,48.9245548&2.298522,2024-01-20T12:20:00.000Z,90,,public,false,Compétition,4,DuOk90xmAVVZD1YUtUhEOxPlLHX2,7,10,0,0,0,0,1
TJmo9p4GTlF1Qq5PBJzC,football tour - soccer,canceled,captain,ChIJ_dpmzA5w5kcRN0OHtp3KUz4,48.8440202&2.2818962,2024-02-15T16:00:00.000Z,60,10,public,false,Compétition,3,P4MOZ8svThauBhBdekUGwnMXtHd2,3,10,0,0,0,0,0
TLDAtGn3yoyrNm5OsqUG,LE FIVE Montreuil,published,pro,,48.8613036&2.4653095,2024-03-10T13:00:00.000Z,90,15,public,false,,,u9uC1vjdcdQ3UqNxI0SiFxor0m43,0,10,0,0,0,0,0
TPNI8TfOaazwMfhq44mh,LE FIVE Montreuil,published,pro,,48.8613036&2.4653095,2024-03-11T22:00:00.000Z,60,8,public,false,,,u9uC1vjdcdQ3UqNxI0SiFxor0m43,0,10,0,0,0,0,0
TPt6eyZccekevsFaGZHd,LE FIVE Paris 13,canceled,captain,ChIJ_bOSChhz5kcRZMTeq_6Gdzg,48.8181615&2.3658793,2024-02-09T20:30:00.000Z,60,14,public,true,Détente,4,kyBOMn5H85NxcgAx4ZFePJhV7wJ3,10,10,0,0,0,0,0
TRuT7oFf9EAjWMNrlmEn,Élite 5 Soccer,played,captain,ChIJ5-jfdlZk5kcRYIaELgvikaM,48.9009153&2.2297275,2024-01-25T18:30:00.000Z,60,10,public,true,Détente,3,MSsRoBP7UWT47YfX6aRHaDxlvY02,10,10,3,0,0,0,3
TSYNzxVPNYs4DTSmD6aN,STADIUM FOOT 5 VILLAGE,canceled,captain,ChIJbbOWFtC4yRIR0WXVerbWmnE,43.269413&5.4260321,2024-01-31T18:00:00.000Z,60,10,public,false,Détente,3,MKjoGJESIIfNKw5sH93VODBuvLv2,9,10,0,0,0,0,0
TSqcMSTWCZUtK5rJm4De,Centre Sportif des Poissonniers,played,captain,ChIJMdytuYtu5kcREZQcK0sSFXY,48.900279&2.3489035,2024-02-05T17:45:00.000Z,90,,public,false,Compétition,5,1LDJWrjBcJPRiS8a2m1todvXiJM2,14,14,1,0,0,0,5
TWLBnEAgx2ws3q5GUKYF,Top Ten,played,pro,ChIJfXprBx4b5kcRmhe-5pLZUek,48.8729106&2.6840919,2024-02-11T14:00:00.000Z,90,15,public,false,,,i27253AGxOfXgYJK72sBnvUGuMk2,10,10,7,0,0,0,2
TWztjMi5pzBG3Zcm4fYy,LE FIVE Montreuil,published,pro,,48.8613036&2.4653095,2024-01-31T22:00:00.000Z,60,8,public,false,,,u9uC1vjdcdQ3UqNxI0SiFxor0m43,0,10,0,0,0,0,0
TZfUNWJNh9NLlIbRZAYi,LE FIVE Bezons,canceled,pro,,48.91909&2.2093051,2024-01-26T16:30:00.000Z,90,10.5,public,false,,,U3MriTZbPbTUEsU6RtRuHxDMKvg2,1,10,0,0,0,0,3
TZlHBBeFrLJTq5rdcWZX,Foot POWER 5,canceled,pro,,48.960066&2.2061913,2024-02-20T21:30:00.000Z,90,7,public,false,,,sss3dYi6nzWd7rEjwcQ30LGKudj1,0,10,0,0,0,0,0
Ta7rOaIFemdsUCwQKCmf,LE FIVE Bobigny,published,pro,,48.901553&2.4313304,2024-02-19T22:00:00.000Z,60,8,public,false,,,4owi3i7t8EOvFNF6UQvACOpiDRy1,0,10,0,0,0,0,0
Tb9wtpQ7bIjISd9SUnD9,LE FIVE Montreuil,played,captain,ChIJJdTQjr0T5kcRZmGxtIJVy44,48.8607303&2.4650432,2024-01-28T10:00:00.000Z,60,10,public,false,Détente,3,cAvu5OqzdrY011LFD57S6e9Lfg03,10,10,2,0,0,0,0
TbQb6m0dezJjuCVPTR50,UrbanSoccer - Toulouse Sept Deniers,canceled,captain,ChIJk5nUBdOkrhIRP-1aUJzo-lA,43.6321552&1.411696,2024-01-21T16:25:00.000Z,60,8.5,public,true,Détente,3,PuT2XyVNcIaoyZbI4nNqO4m6p1q2,7,10,0,0,0,0,0
TbTMaCLrW2VdPubh88Lm,LE FIVE Bezons,canceled,pro,,48.91909&2.2093051,2024-01-20T10:00:00.000Z,120,16,public,false,,,U3MriTZbPbTUEsU6RtRuHxDMKvg2,0,10,0,0,0,0,0
TcBWZUuujNf3W2rxVpkG,Foot POWER 5,canceled,pro,,48.960066&2.2061913,2024-02-27T17:00:00.000Z,90,5,public,false,,,sss3dYi6nzWd7rEjwcQ30LGKudj1,0,10,0,0,0,0,0
TcIWOHQq490wjjVRP5CL,Footbox,published,pro,,48.9022789&2.582647,2024-02-14T21:00:00.000Z,60,10,public,false,,,QI89VPazyLhBVnWH871jk4BUEZI3,0,10,0,0,0,0,0
TcItfiKhqsoHzooUDcm1,UrbanSoccer Meudon,canceled,captain,ChIJ0WKvjbh75kcRoqSmyWwW2jQ,48.80013599999999&2.2140811,2024-01-24T21:15:00.000Z,60,10,public,true,Compétition,3,32AAHW7vQAO4M3eAQRlsEnvntYM2,10,10,0,0,0,0,0
TfqRNx9iVkr3ns9ogaiK,Top Ten,published,pro,,48.8729106&2.6840919,2024-01-31T16:00:00.000Z,90,5,public,false,,,i27253AGxOfXgYJK72sBnvUGuMk2,0,10,0,0,0,0,4
TggAi53zoi78omUc2SGY,LE FIVE Villette,played,captain,ChIJTUFnQjps5kcR0pHITLTw1PI,48.9070122&2.3861459,2024-02-12T20:30:00.000Z,60,12,public,false,Détente,3,8a1IiqZPd4WCCGMJlcLdCNgF1jg2,10,10,0,0,0,0,0
TisznWVglVIXBBJV3How,UrbanSoccer - Strasbourg,published,captain,ChIJbeF8CznIlkcRkTmqhGiUECc,48.5935464&7.731737300000001,2024-01-27T18:00:00.000Z,60,8,public,true,Détente,3,qd2PoKAirwg3OHQ7fNGZ2R4Xobg2,1,10,0,0,0,0,0
TkH15s5ynw7qFDkgcZml,Élite 5 Soccer,played,captain,ChIJ5-jfdlZk5kcRYIaELgvikaM,48.9009153&2.2297275,2024-02-12T18:30:00.000Z,60,,public,true,Détente,2,ImXYTVn0sTZhv6rqsB4lBx0KNSm1,10,10,3,0,0,0,3
Tl9QyCzs4sOQVwO1TD16,LE FIVE Carrières-sous-Poissy,played,captain,ChIJ9T4fWfyL5kcRCBX-FyZLvEE,48.9469325&2.0233834,2024-02-03T21:30:00.000Z,90,12,public,false,,3,Wy3wc8FHaCYWTvZWNBBuL5f6n6n2,10,10,2,0,0,0,0
Tm21x9aaSkDmEeaai6e3,UrbanSoccer - Lille Lezennes,published,captain,ChIJR3ro5nTWwkcRfM_S3Be9HjI,50.6162725&3.0998108,2024-02-04T19:15:00.000Z,60,10,public,true,Détente,2,IF9xW2R8AFUyF2QCA3S1j1MekFh1,9,10,0,0,0,0,0
Tmagq9vsagTZRYpOf5b2,Stadium Thiais,published,pro,,48.7511024&2.3713455,2024-01-30T14:00:00.000Z,90,8,public,false,,,psf3NmXEPwdCltHKJC7VuvJocrF3,3,10,0,0,0,0,0
TnyQNuHkGrWB202ldP1b,Grésillons - Félix Eboué,played,captain,ChIJr8e0ehVv5kcROCx3JH8c-i8,48.9169653&2.3068115,2024-02-04T09:30:00.000Z,120,,public,false,Détente,5,Vfq9bIbpHcRDP232q9RRDrbKWyQ2,14,14,7,0,0,0,1
To4fQpaKnoDn5GVbfPiB,Complexe sportif de l'île des Vannes,played,captain,ChIJTZWfSNNv5kcRmHP3Tz0AJ6A,48.9188419&2.3245603,2024-02-04T15:45:00.000Z,120,,public,false,Compétition,4,Csrh8EMzKaZCCcCZeEhs2tGGZRr1,16,16,3,0,0,0,2
To9kD0hZJQ9i20ktS2Y0,LE FIVE Paris 18,canceled,captain,ChIJpVT4_n1u5kcRzji6FdTBXXo,48.8978522&2.3700234,2024-01-22T20:30:00.000Z,60,14,public,true,Compétition,3,gP8yCfO5CueVxeNTHrj86LFBJS72,8,10,0,0,0,0,0
TpUOeQs8TgxePrf3SZHs,Stade Dominique Rocheteau,played,captain,ChIJjfv4wRdv5kcRlGLhgdhX0NU,48.916328&2.3142113,2024-02-11T12:00:00.000Z,90,,public,false,Détente,2,G5fFE9D2J0hEyVak1hmLLPxw6Nk2,14,14,11,0,0,0,0
Tpk0CbSoWjET5WysD23z,Sport dans la Ville Rhône-Alpes,canceled,captain,ChIJoUEDcmvr9EcRILCz6hDCQ2o,45.7811703&4.8081568,2024-02-08T20:30:00.000Z,60,9,public,false,Compétition,3,sLpmn8E00ae3hLE8YVonTzhNOnz1,9,10,0,0,0,0,0
TrvquCTUgdzR6odI5ERk,Foot POWER 5,canceled,pro,,48.960066&2.2061913,2024-01-30T17:00:00.000Z,90,5,public,false,,,sss3dYi6nzWd7rEjwcQ30LGKudj1,0,10,0,0,0,0,0
TsU55qDziARXf2EC0WVa,LE FIVE Montreuil,published,pro,,48.8613036&2.4653095,2024-01-27T15:00:00.000Z,60,10,public,false,,,u9uC1vjdcdQ3UqNxI0SiFxor0m43,0,10,0,0,0,0,1
TsjSGIQ0Z81CxkQ9lXdY,LE FIVE Montreuil,published,pro,,48.8613036&2.4653095,2024-03-04T22:00:00.000Z,60,8,public,false,,,u9uC1vjdcdQ3UqNxI0SiFxor0m43,0,10,0,0,0,0,0
TtOggYEsoDYozslKC1Ey,Gymnase Du Cosec,published,captain,ChIJN4WJfV5X9UcRmZcn3mRwCuo,44.9530573&4.90837,2024-01-27T14:00:00.000Z,150,,public,false,Détente,2,bldisY5dexWtbib27VyXLEODW6i1,1,10,0,0,0,0,0
TtQ243pWJ2FjRvsrTC9Q,Hall des sports Langevin-Wallon,published,captain,ChIJGSdHn74T5kcRGAx1z0JCbwo,48.8808&2.4821681,2024-03-08T19:30:00.000Z,120,,public,false,Compétition,4,5tI7nJKuTRWNJgO1jYKyzMYNwog2,12,12,0,0,0,0,0
TtXGaKPyEcRybJIFPegu,LE FIVE Bezons,played,captain,ChIJ71Mv0Wpk5kcRg-H9x7L-dXo,48.9190524&2.211796,2024-01-23T18:30:00.000Z,60,11,public,true,Détente,,lUX4K4K1q8QJOO95yUSLpsCIHGI3,10,10,0,0,0,0,0
Tvt4tWxACrEdtcE0T9UH,Game 13 foot indoor,played,captain,ChIJNSDvlsXryRIRUXao9hwB79I,43.41258939999999&5.366617,2024-02-07T18:30:00.000Z,60,10,public,false,Compétition,4,RPwfyrL30dS1yvyJwGrn0z2HgSa2,10,10,0,0,0,0,0
TwjRIJP5lKGAWHXdAk7P,LE FIVE Villette,canceled,captain,ChIJTUFnQjps5kcR0pHITLTw1PI,48.9070122&2.3861459,2024-02-10T10:30:00.000Z,60,10,public,false,Détente,3,2WS400bM7uX0xELJAMzrwgVMkOM2,9,10,0,0,0,0,0
Twx6BsbEQEfja4WnsfXp,LE FIVE Paris 18,published,captain,ChIJpVT4_n1u5kcRzji6FdTBXXo,48.8978522&2.3700234,2024-02-13T21:00:00.000Z,60,5,public,true,Compétition,,FPDYElDbI8eELHBk16FXJx9PLHB2,7,10,0,0,0,0,0
Txx1stZjDCD6J3MzgOeM,LE FIVE Marville - La Courneuve,played,captain,ChIJ2dHdMZxr5kcR0aKYHYsp0pY,48.9364404&2.3869147,2024-02-06T17:30:00.000Z,90,14,public,false,Détente,4,qsDjY5kB6MON8qU6SLTWc5mpkpu1,10,10,3,0,0,0,1
TyJbFlHOyJYq034nxHOv,Stadium Thiais,published,pro,,48.7511024&2.3713455,2024-02-20T16:30:00.000Z,90,10,public,false,,,psf3NmXEPwdCltHKJC7VuvJocrF3,0,10,0,0,0,0,0
TzFIugYDwpKIIBq6WckZ,Top Ten,published,pro,,48.8729106&2.6840919,2024-02-26T16:00:00.000Z,90,5,public,false,,,i27253AGxOfXgYJK72sBnvUGuMk2,0,10,0,0,0,0,0
U09SY7CtOmbAPaWOtNZr,UrbanSoccer - Porte d'Aubervilliers,canceled,captain,ChIJ0dXjDCZs5kcRvX0EpMwxsUY,48.9074912&2.3746518,2024-02-01T18:30:00.000Z,60,14.5,public,true,Détente,3,bsGfxfBDVEZLmS3JCnuMf3uvu2y1,10,10,0,0,0,0,0
U0DhuR7GpHDlcoydCtR6,Top Ten,played,pro,,48.8729106&2.6840919,2024-02-05T16:00:00.000Z,90,5,public,false,,,i27253AGxOfXgYJK72sBnvUGuMk2,10,10,8,0,0,0,3
U0hoCzKQHNOWIUmiZ5HI,Parc de Choisy,played,captain,ChIJ7RWNzpZ05kcRTkknDj8Df-I,48.7664003&2.4305572,2024-02-01T19:30:00.000Z,60,,public,false,Compétition,3,KlMcJaT6KkMas65JzGqEHQpVI172,14,14,3,0,0,0,4
U1SNJbnoOkJUwgD3EDMn,Le 13 - Foot en salle - Marseille,played,captain,ChIJR62kUm_ByRIRDnGQqGCeUVQ,43.33370070000001&5.370389599999999,2024-02-10T21:00:00.000Z,60,10,public,false,Détente,3,tYE0hxio2uYHYCahKUN7QqZwcbi1,10,10,5,0,0,0,1
U1gIM5yPiagembop59dc,UrbanSoccer - Toulouse Sept Deniers,published,captain,ChIJk5nUBdOkrhIRP-1aUJzo-lA,43.6321552&1.411696,2024-02-10T18:00:00.000Z,60,6,public,true,Compétition,4,DOlPs6BfttWCNTT28mqUqgRujxu2,6,10,0,0,0,0,0
U2TmLgDyEtC8MdkUrrFr,Stadium Thiais,published,pro,,48.7511024&2.3713455,2024-02-25T12:00:00.000Z,90,15,public,false,,,psf3NmXEPwdCltHKJC7VuvJocrF3,0,10,0,0,0,0,0
U3DdQaNYHDzW3v4xfUtI,Stadium Thiais,published,pro,,48.7511024&2.3713455,2024-02-10T10:30:00.000Z,90,12,public,false,,,psf3NmXEPwdCltHKJC7VuvJocrF3,0,10,0,0,0,0,1
U4ncVCBrHJ2CGxFk82QW,Footbox,published,pro,,48.9022789&2.582647,2024-03-06T15:00:00.000Z,60,7,public,false,,,QI89VPazyLhBVnWH871jk4BUEZI3,0,10,0,0,0,0,0
U5pcsnsrifumRSIYMlEU,Z5 Aix,published,captain,ChIJKb-U_9KSyRIRKIFKbH5mW18,43.4787869&5.3969048,2024-02-19T17:00:00.000Z,60,11,private,false,Détente,2,yN33RfgnwveslueOs6QpPsDDeBn1,9,10,0,0,0,0,0
U6JPGhtw5GfD73jbxD65,Top Ten,played,captain,ChIJfXprBx4b5kcRmhe-5pLZUek,48.8729106&2.6840919,2024-02-04T17:30:00.000Z,90,15,public,false,Compétition,4,G0jyxyn6PgOVCqPw0TMkq8cSR3S2,10,10,3,0,0,0,0
U7azKvZyIUTsYWsNixCy,Stadium Thiais,published,pro,ChIJ64X9jzx05kcRsHvSfOv6UcA,48.7511024&2.3713455,2024-02-10T18:00:00.000Z,90,15,public,false,,,psf3NmXEPwdCltHKJC7VuvJocrF3,0,10,0,0,0,0,1
U7zTwRiECOdIPVmKOviB,UrbanSoccer - Quai d'Ivry,played,captain,ChIJfXxYJ0xy5kcRw9xTkF6-FZQ,48.8199885&2.3936463,2024-02-03T14:15:00.000Z,60,12.5,public,true,Détente,2,cxowTDCmyOUPy6XmaYoPRtWh1R33,10,10,4,0,0,0,1
U80YfXzdDezoeTDygwRc,LE FIVE Paris 18,canceled,captain,ChIJpVT4_n1u5kcRzji6FdTBXXo,48.8978522&2.3700234,2024-01-21T09:00:00.000Z,60,14,public,true,Détente,3,eLx2wXNhtrey6pYk8tI8UD7LOM83,9,10,0,0,0,0,0
U8WyKH7TOqRL3mmNIKVo,LE FIVE Villette,played,captain,ChIJTUFnQjps5kcR0pHITLTw1PI,48.9070122&2.3861459,2024-01-24T17:00:00.000Z,60,8,public,false,Détente,2,1dEip9CNL5dziAN7iFX6ljziMQ42,10,10,3,0,0,0,1
U8dMRAHQpVGqQpI0IIyW,Stadium Thiais,played,captain,ChIJ64X9jzx05kcRsHvSfOv6UcA,48.7511024&2.3713455,2024-01-21T11:30:00.000Z,90,15,public,false,Compétition,,muGetUSU8BY4F8rbQe6Hq5rQOJi2,10,10,1,0,0,0,1
U9bCNgQWIxFUUxSVDqKJ,LE FIVE Bezons,played,captain,ChIJ71Mv0Wpk5kcRg-H9x7L-dXo,48.9190524&2.211796,2024-01-25T20:00:00.000Z,90,16.5,public,true,Détente,4,8bUFe1hkmuRyNeJWeJoBbiDUSKG3,10,10,2,0,0,0,0
U9qP2Hpj5Ter21vyUifW,LE FIVE Marville - La Courneuve,played,captain,ChIJ2dHdMZxr5kcR0aKYHYsp0pY,48.9364404&2.3869147,2024-02-11T16:20:00.000Z,90,8,public,false,Détente,2,JahLVeFI5wbOoEcoOdoOZdUfypB2,10,10,2,0,0,0,0
UAUc1ET8XzoO8Ix5P9aX,Footbox,published,pro,,48.9022789&2.582647,2024-02-13T22:00:00.000Z,60,10,public,false,,,QI89VPazyLhBVnWH871jk4BUEZI3,0,10,0,0,0,0,0
UAz6gvO98VG1z41lrZ0O,LE FIVE Créteil,published,pro,,48.7643086&2.4706522,2024-03-05T16:00:00.000Z,60,7,public,false,,,ZmXMWx7aTdPoPkkGOWa2HIQVblq2,0,10,0,0,0,0,0
UBSWudgUkxqV9QuPaO0g,UrbanSoccer - Porte d'Aubervilliers,played,captain,ChIJ0dXjDCZs5kcRvX0EpMwxsUY,48.9074912&2.3746518,2024-02-04T09:30:00.000Z,90,18.75,public,true,Détente,3,wdxiMpGwfEdB3trkhwupGo6szmE3,10,10,2,0,0,0,0
UBVf3rdZjy5bmpLg6FPi,Stadium Thiais,played,captain,ChIJ64X9jzx05kcRsHvSfOv6UcA,48.7511137&2.3715422,2024-02-03T20:00:00.000Z,90,15,public,false,Détente,3,N3YGknfQ1wRztd8lYNV2kwt0N9D3,10,10,2,0,0,0,1
UBp7EGBlY0qPXXFEy3zY,LE FIVE Créteil,published,pro,,48.7643086&2.4706522,2024-02-16T16:00:00.000Z,60,7,public,false,,,ZmXMWx7aTdPoPkkGOWa2HIQVblq2,0,10,0,0,0,0,0
UCoAHLTCpNvNjoms7bvb,UrbanSoccer - Quai d'Ivry,played,captain,ChIJfXxYJ0xy5kcRw9xTkF6-FZQ,48.8199885&2.3936463,2024-02-04T15:45:00.000Z,90,20,public,true,Détente,3,nnVMCQjNFGMCWP80TQIm2Wl4Lcf1,10,10,1,0,0,0,0
UD1v54yFm2Ymkuk7xZzt,Élite 5 Soccer,canceled,captain,ChIJ5-jfdlZk5kcRYIaELgvikaM,48.9009153&2.2297275,2024-02-03T14:00:00.000Z,60,12,public,true,Détente,3,OJknS6xEHQg7gnie3oJA8tPlh953,10,10,0,0,0,0,0
UDTdevk7DgNGzcrnC0rM,Top Ten,published,pro,ChIJfXprBx4b5kcRmhe-5pLZUek,48.8729106&2.6840919,2024-02-13T20:30:00.000Z,90,16.5,public,false,,,i27253AGxOfXgYJK72sBnvUGuMk2,0,10,0,0,0,0,0
UDtOhUuRrtlvbbywn91I,LE FIVE Bobigny,published,pro,,48.901553&2.4313304,2024-03-04T22:00:00.000Z,60,8,public,false,,,4owi3i7t8EOvFNF6UQvACOpiDRy1,0,10,0,0,0,0,0
UE3VffPJsIPdqo5DKAns,Stadium Antibes,played,captain,ChIJSSGxg-PUzRIRblID9ACQndc,43.6121609&7.122323,2024-02-04T09:00:00.000Z,90,10.5,public,false,Détente,3,p19qKNMksiYXrahCuiOVu7DOFc12,10,10,0,0,0,0,0
UE646q1hP0C4uIlrbH8n,Monclub Futbol,played,pro,ChIJGbxxaamUyRIRgGvhHnhJStA,43.4299152&5.4001974,2024-01-31T18:30:00.000Z,60,10,public,false,,,CSTy9rmJRQSyWlqWuGiUhGpAGqf2,10,10,5,0,0,0,1
UE9A1w6HGUxmBJx3k36s,Gresillons-Félix Eboue,canceled,captain,ChIJWyfyexVv5kcRYvlH3YzQK4k,48.9170805&2.3068515,2024-01-28T09:30:00.000Z,120,,public,false,Détente,5,Vfq9bIbpHcRDP232q9RRDrbKWyQ2,12,14,0,0,0,0,0
UG51zkNqrObvhnNlPSLY,Stadium Thiais,published,pro,,48.7511024&2.3713455,2024-03-10T13:30:00.000Z,90,15,public,false,,,psf3NmXEPwdCltHKJC7VuvJocrF3,0,10,0,0,0,0,0
UHeYFKuFUjYIdnEZjQeI,Top Ten,played,captain,ChIJfXprBx4b5kcRmhe-5pLZUek,48.8729209&2.6841223,2024-01-29T18:30:00.000Z,60,10,public,false,Détente,2,sRGFVhNGG5Y7CWfCZFC2IssVptJ2,10,10,4,0,0,0,0
UI2jvTwyWs3am4Go5kpe,Footbox,published,pro,,48.9022789&2.582647,2024-02-21T19:00:00.000Z,60,10,public,false,,,QI89VPazyLhBVnWH871jk4BUEZI3,0,10,0,0,0,0,0
UKc2OvbMSw27gfgBYFcw,LE FIVE Bezons,played,pro,,48.91909&2.2093051,2024-02-03T20:00:00.000Z,90,13.5,public,false,,,U3MriTZbPbTUEsU6RtRuHxDMKvg2,10,10,8,0,0,0,2
ULNupAgWquwvArMoIDm6,Foot POWER 5,canceled,pro,,48.960066&2.2061913,2024-02-27T17:00:00.000Z,90,5,public,false,,,sss3dYi6nzWd7rEjwcQ30LGKudj1,0,10,0,0,0,0,0
ULTvLbRNIfyeWtDkjDd8,Stains,published,captain,ChIJ6_yphcJr5kcRMmpL4MPqRks,48.95538699999999&2.384703,2024-02-04T09:45:00.000Z,90,,public,false,Détente,2,PY4xVpp2kuN4vNMdN0QVj8hVkDz1,6,12,0,0,0,0,0
UMtNX2fvF0sD11l1tyIe,Stadium Thiais,published,pro,,48.7511024&2.3713455,2024-02-23T18:00:00.000Z,90,15,public,false,,,psf3NmXEPwdCltHKJC7VuvJocrF3,0,10,0,0,0,0,0
UQgRPcyImP03Fham924R,Z5 Aix,played,captain,ChIJKb-U_9KSyRIRKIFKbH5mW18,43.4787869&5.3969048,2024-02-02T19:00:00.000Z,60,11,public,false,Détente,2,LC6zgt9ko7cYCghFki9pHFtV26E2,10,10,3,0,1,0,0
USFHmW00pT72oyOqTkCC,UrbanSoccer - Toulouse Montaudran,draft,captain,ChIJl772e0u8rhIR2foRX4Xa2CI,43.574642&1.4801835,2024-02-01T20:25:00.000Z,60,10,public,true,Compétition,4,aUXSDToe4ae6IAugvfaWy4b8kuc2,0,10,0,0,0,0,0
USW38AsouY2YUqPwhoai,Play Soccer,played,captain,ChIJQ-UxZn-5rhIRKWoQydM5T9s,43.5512023&1.4098927,2024-01-20T17:00:00.000Z,60,8,public,false,Compétition,4,FTL8x7HcDKdotSu7Ve4etKLD5Bj1,10,10,7,0,0,0,2
UTJ7FGGWAx8gMu6kUXYY,Play Soccer,played,captain,ChIJQ-UxZn-5rhIRKWoQydM5T9s,43.5512023&1.4098927,2024-02-06T18:00:00.000Z,60,10,public,false,,,pL0skPQs4CYYVXb682MCC9jXu8K2,10,10,2,0,0,0,0
UUImLnAzhLwrBxcIfZl9,UrbanSoccer - Lyon Barolles,canceled,captain,ChIJN4l-IC3v9EcRf9QJKIVC_aY,45.6837539&4.7725939,2024-02-10T16:30:00.000Z,60,10.5,public,true,Détente,2,CtNFqr0EPoVhchQqBoufnZrvWU33,10,10,0,0,0,0,0
UVUETSdft1pEdpj3ep6d,UrbanSoccer - Porte d'Aubervilliers,canceled,captain,ChIJ0dXjDCZs5kcRvX0EpMwxsUY,48.9074912&2.3746518,2024-02-07T19:00:00.000Z,60,14,public,true,Détente,3,vWGFCRSBU3g6tQzkMBAyMRNgoBO2,10,10,0,0,0,0,1
UVcfl9Vl7zOMFELjRxPK,Cap Loisirs,canceled,captain,ChIJ6xl7EP2irhIRG2TbDQazLzE,43.64393279999999&1.4791113,2024-02-07T17:30:00.000Z,90,8,public,false,Détente,2,IGpZvMdua4SB7wycMbxGc5KpLHl2,5,10,0,0,0,0,0
UW9u6RoBu2kDNx2BB0BX,Stadium Thiais,published,pro,,48.7511024&2.3713455,2024-02-12T11:00:00.000Z,60,7,public,false,,,psf3NmXEPwdCltHKJC7VuvJocrF3,1,10,0,0,0,0,1
UXSUJvb1UCIHrH2lnMdV,Top Ten,played,pro,ChIJfXprBx4b5kcRmhe-5pLZUek,48.8729106&2.6840919,2024-02-06T20:00:00.000Z,90,15,public,false,,,i27253AGxOfXgYJK72sBnvUGuMk2,10,10,3,0,0,0,0
UXk7eIuVtQhn1h9cdf8a,UrbanSoccer - Asnières,played,captain,ChIJi5LkLT9v5kcRSlhScqEFNWs,48.92192379999999&2.3068311,2024-02-08T18:00:00.000Z,60,13.5,public,true,Détente,3,rDYkT3Wkesf08FlaHx5KMRIUqB82,10,10,0,0,0,0,1
UYG1nji9kcZUc6fQCmuJ,LE FIVE Montreuil,published,pro,,48.8613036&2.4653095,2024-02-13T16:00:00.000Z,60,7,public,false,,,u9uC1vjdcdQ3UqNxI0SiFxor0m43,2,10,0,0,0,0,0
Ua2p05JGK1QvGuPPBhBL,Stadium Thiais,canceled,captain,ChIJ64X9jzx05kcRsHvSfOv6UcA,48.7511024&2.3713455,2024-01-28T14:00:00.000Z,90,15,public,false,Competition,4,NsgPug7Ms8ZYEqfUVAIOfJ8QsJY2,10,10,0,0,0,0,0
Ua4X3zaSqtQnyA3wVath,LE FIVE Morangis,played,captain,ChIJA4uAhOXZ5UcRp-vZXZP-ovY,48.692672&2.3192811,2024-02-12T19:00:00.000Z,90,14,public,false,Détente,3,lBFghTuY8xaZaCC6cZb6QQm3T0A3,10,10,1,0,0,0,2
UaDH42UHgc7DJvkxFECZ,LE FIVE Paris 17,published,pro,,48.900032&2.3213449,2024-02-15T16:00:00.000Z,60,5,public,false,,,V6mqbc9C8FNa1RQlUupjeoqOsZL2,10,10,0,0,0,0,4
UaU4RgqsKOARepg7UVLr,Footbox,published,pro,,48.9022789&2.582647,2024-03-03T16:00:00.000Z,60,10,public,false,,,QI89VPazyLhBVnWH871jk4BUEZI3,0,10,0,0,0,0,0
UaWquOKew0IupxdFy02T,UrbanSoccer - Porte d'Aubervilliers,played,captain,ChIJ0dXjDCZs5kcRvX0EpMwxsUY,48.9074912&2.3746518,2024-02-04T11:50:00.000Z,90,7.5,public,true,Compétition,3,0ULOPK5ImBfpxej91rstBWktcS03,10,10,2,0,0,0,0
UajLgeCyWu2uuPu6RiQC,UrbanSoccer - Quai d'Ivry,played,captain,ChIJfXxYJ0xy5kcRw9xTkF6-FZQ,48.8199885&2.3936463,2024-02-02T20:30:00.000Z,90,13.5,public,true,Détente,4,TjGDzFudrqOi7iaBTjiVmvkMlyY2,10,10,3,0,0,0,0
Ub3CnkxBxlgBO7lzAK4w,LE FIVE Villette,published,captain,ChIJTUFnQjps5kcR0pHITLTw1PI,48.9070122&2.3861459,2024-02-14T11:00:00.000Z,60,4.9,public,false,Détente,4,mhT59AVfAcbz8MNwdiRo05xPxc92,10,10,0,0,0,0,1
UcHE7ztnhRZoc61tb5Sd,Stadium Thiais,published,pro,,48.7511024&2.3713455,2024-02-21T14:00:00.000Z,90,8,public,false,,,psf3NmXEPwdCltHKJC7VuvJocrF3,0,10,0,0,0,0,0
UdermOWSIEVwCLI6T2DZ,LE FIVE Bezons,published,pro,,48.91909&2.2093051,2024-03-03T19:00:00.000Z,90,15,public,false,,,U3MriTZbPbTUEsU6RtRuHxDMKvg2,0,10,0,0,0,0,0
UeZ3G7njZmyTXGAp1zYh,Le Street Foot en Salle,played,captain,ChIJt_AXL6Jg5kcRu6rBmnrmeUM,49.0164435&2.181307,2024-01-31T20:00:00.000Z,60,11,public,false,Détente,2,76YZWwA4HoUFuVSt6tlq1D1B1tk2,10,10,2,0,0,0,0
UiEUrhU73ECWWo9LkgyO,Stadium Thiais,published,pro,,48.7511024&2.3713455,2024-03-03T19:30:00.000Z,90,15,public,false,,,psf3NmXEPwdCltHKJC7VuvJocrF3,0,10,0,0,0,0,0
UioapwuuVN7uUiMXuDru,Z5 Aix,played,captain,ChIJKb-U_9KSyRIRKIFKbH5mW18,43.4787869&5.3969048,2024-02-02T17:00:00.000Z,60,11,public,false,Détente,2,XBBWsXbbIYTDG9Qi2SzCtmOQIxG2,10,10,1,0,0,0,0
UjcKoModZoaYDarJRUKd,Play Soccer,played,captain,ChIJQ-UxZn-5rhIRKWoQydM5T9s,43.5512023&1.4098927,2024-02-07T20:00:00.000Z,60,10,public,false,,3,8LtkeOuZHeePxfkXdNPmQSr7V9L2,10,10,2,0,0,0,0
UjlKc9x3SWizOulPXpH0,LE PARK Complexe Multisports,canceled,captain,ChIJdUHbID8O5kcRV5lQhiHTvhs,48.8337843&2.5728501,2024-01-21T19:30:00.000Z,90,15,public,false,Détente,3,ubSO3rExfRY507GfG7qz7LWy5jC3,10,10,0,0,0,0,0
Ujwte03UX9o3sEnspkpE,UrbanSoccer - Porte d'Aubervilliers,played,captain,ChIJ0dXjDCZs5kcRvX0EpMwxsUY,48.9074912&2.3746518,2024-01-23T18:00:00.000Z,60,13,public,true,Chill,2,bkfhj1BgTbR0P9Am0qQlLeNK2QG3,10,10,3,0,0,0,1
UkHx6YPXbsMmxLT1riAq,Monclub Futbol,published,pro,ChIJGbxxaamUyRIRgGvhHnhJStA,43.4299152&5.4001974,2024-01-24T19:30:00.000Z,60,10,public,false,,,CSTy9rmJRQSyWlqWuGiUhGpAGqf2,1,10,0,0,0,0,0
UkuA921IkF4mljOUnJ4H,LE FIVE Bezons,played,pro,,48.91909&2.2093051,2024-02-09T16:30:00.000Z,90,10.5,public,false,,,U3MriTZbPbTUEsU6RtRuHxDMKvg2,10,10,9,0,0,0,5
UmNsDrBs1NgRElEdy9oi,UrbanSoccer - Quai d'Ivry,played,captain,ChIJfXxYJ0xy5kcRw9xTkF6-FZQ,48.8199885&2.3936463,2024-02-07T21:15:00.000Z,60,13.5,public,true,Détente,3,xhKdNjTjRxWfX7o0pLIcqpPjl7E3,10,10,1,0,0,0,1
UmzUUGihuA55WtmmRLGZ,UrbanSoccer - Puteaux,canceled,captain,ChIJM_sC0-Nk5kcRhL1y_EFIje8,48.8836397&2.2312283,2024-02-08T20:00:00.000Z,60,15,private,true,Chill,2,NA7GMvlZOtdqP8Hk07p0AyAEbnh1,10,10,0,0,0,0,0
UnNSQS6trIxTMKk5IAbi,UrbanSoccer - Asnières,played,captain,ChIJi5LkLT9v5kcRSlhScqEFNWs,48.92192379999999&2.3068311,2024-02-12T21:30:00.000Z,90,11,public,true,Compétition,5,WkdYSBHZbRWR87pmgtkaAzclCOr1,10,10,5,0,0,0,3
UnWnLOeSCNF2yrDwUsGq,Top Ten,published,pro,,48.8729106&2.6840919,2024-01-22T21:30:00.000Z,90,16.5,public,false,,,i27253AGxOfXgYJK72sBnvUGuMk2,0,10,0,0,0,0,0
UpgymrYdsTh6cLMs2suP,UrbanSoccer - Asnières,played,captain,ChIJi5LkLT9v5kcRSlhScqEFNWs,48.92192379999999&2.3068311,2024-02-10T09:00:00.000Z,90,16,public,true,Détente,2,WozX8lfYg6PrX62FwEtrw2kTHIj1,10,10,3,0,0,0,0
UqH2vdYD08aN8iqY3cFI,Top Ten,published,pro,,48.8729106&2.6840919,2024-02-22T11:00:00.000Z,90,5,public,false,,,i27253AGxOfXgYJK72sBnvUGuMk2,0,10,0,0,0,0,0
UqcZvgQ6qkLqVP8HdGzo,LE FIVE Paris 13,canceled,pro,,48.8181615&2.3658793,2024-01-26T22:00:00.000Z,60,10,public,false,,,FjSnzlRFFfhWVWQJGfIEwRc2ZMj2,0,10,0,0,0,0,0
UroXidPP9HAW1DLpB3nl,LE FIVE Créteil,published,pro,,48.7643086&2.4706522,2024-02-14T16:00:00.000Z,60,7,public,false,,,ZmXMWx7aTdPoPkkGOWa2HIQVblq2,0,10,0,0,0,0,0
UsXVwZca8zJ3dxwlzkvZ,Foot POWER 5,canceled,pro,,48.960066&2.2061913,2024-01-23T21:30:00.000Z,90,7,public,false,,,sss3dYi6nzWd7rEjwcQ30LGKudj1,0,10,0,0,0,0,0
UscUtP8UeI8KW0DxezSW,LE FIVE Paris 13,canceled,pro,,48.8181615&2.3658793,2024-01-25T22:00:00.000Z,60,10,public,false,,,FjSnzlRFFfhWVWQJGfIEwRc2ZMj2,0,10,0,0,0,0,0
UtOj9hnrbIQnO3L2fsBv,LE FIVE Paris 17,canceled,captain,ChIJ7eI8sFNv5kcR5xy52Wc57NU,48.900032&2.3213449,2024-02-09T21:30:00.000Z,90,7.5,public,true,Détente,3,Rr3AS7V02egLsgPCKF7XB6hPl2W2,5,10,0,0,0,0,0
UtYXVXat6Mz1KvTTRowP,UrbanSoccer - Porte d'Aubervilliers,draft,captain,ChIJ0dXjDCZs5kcRvX0EpMwxsUY,48.9074912&2.3746518,2024-02-08T11:30:00.000Z,60,,public,false,,,28xvNfFJPDQRVrMAtQqmfDdQwX23,0,0,0,0,0,0,0
Uu1BcukbrUUpB4zHlsKv,Game 13 foot indoor,played,captain,ChIJNSDvlsXryRIRUXao9hwB79I,43.41258939999999&5.366617,2024-02-01T18:30:00.000Z,60,10,public,false,Détente,3,tNI5PAPgX0MDq6T4GlwP3d2ndaO2,10,10,0,0,0,0,0
UuR0yw2z9TsxE7pZg7bD,LE FIVE Montreuil,published,pro,,48.8613036&2.4653095,2024-03-11T22:00:00.000Z,60,8,public,false,,,u9uC1vjdcdQ3UqNxI0SiFxor0m43,0,10,0,0,0,0,0
Uv4rrWb1cNf6SiwOA4iq,Top Ten,published,pro,,48.8729106&2.6840919,2024-02-16T16:00:00.000Z,90,5,public,false,,,i27253AGxOfXgYJK72sBnvUGuMk2,10,10,0,0,0,0,6
UvTVrcLZjE6cjABqzI1R,LE FIVE Carrières-sous-Poissy,played,captain,ChIJ9T4fWfyL5kcRCBX-FyZLvEE,48.9468144&2.0230574,2024-01-25T18:00:00.000Z,60,9,public,false,Détente,3,h62E33HrMQPJ3gWgWKcnmyRZG002,10,10,2,0,0,0,1
Uvg4wIb6obNoPrAcFEeD,Top Ten,played,pro,,48.8729106&2.6840919,2024-02-08T16:00:00.000Z,90,5,public,false,,,i27253AGxOfXgYJK72sBnvUGuMk2,10,10,9,0,0,1,9
UvkqUhqQhTsJzZFuFBcm,Stadium Thiais,published,pro,,48.7511024&2.3713455,2024-03-09T15:00:00.000Z,90,12,public,false,,,psf3NmXEPwdCltHKJC7VuvJocrF3,0,10,0,0,0,0,0
UwM13sgDKXMQYoKVVWIf,LE FIVE Paris 18,played,captain,ChIJpVT4_n1u5kcRzji6FdTBXXo,48.8978522&2.3700234,2024-01-29T18:00:00.000Z,60,14,public,true,Détente,2,QXoq4H9djtPxuREwepupwzjtRNA2,10,10,3,0,0,0,0
UwvnMKNRXCCI8RMQFB7K,Play Soccer,canceled,captain,ChIJQ-UxZn-5rhIRKWoQydM5T9s,43.5512023&1.4098927,2024-01-20T17:00:00.000Z,60,8,public,false,Compétition,4,FTL8x7HcDKdotSu7Ve4etKLD5Bj1,7,10,0,0,0,0,0
UwyXMBsiGBUmsUyAh8Db,Stadium Thiais,canceled,captain,ChIJ64X9jzx05kcRsHvSfOv6UcA,48.7511137&2.3715422,2024-02-09T18:30:00.000Z,90,15,public,false,Détente,3,nw7OtPvvibZLVMCBi0qlsCY7msf2,10,10,0,0,0,0,2
UxAA4xz1OHfP3IUJVmCq,Speed Soccer Five,published,pro,,48.7360598&2.315058,2024-02-12T17:00:00.000Z,90,13,public,false,,,MkTJljXziPXBdRdijccndMLBNCC3,0,10,0,0,0,0,0
UxCEowRwRjDhBz4TxR6d,Kinshasa,published,pro,ChIJi2oG_jAxahoRjTdSH05-ixY,-4.3032527&15.310528,2024-01-21T11:20:00.000Z,60,12,public,false,,,zCvsukfMuuffsuPpSTQwb7MusMD2,0,10,0,0,0,0,0
Uxskdo9UJvoAQjfHRM35,UrbanSoccer - Porte d'Aubervilliers,played,captain,ChIJ0dXjDCZs5kcRvX0EpMwxsUY,48.9074912&2.3746518,2024-02-04T14:30:00.000Z,60,5,public,true,Détente,3,G4COw6sO8KWQn9J4FyP2Iudzz6r1,10,10,0,0,0,0,0
UyCxTRUQoFUaht2xysrY,UrbanSoccer La Défense,canceled,captain,ChIJh4rnfVhk5kcRV2Q-ZKdm8vA,48.8996456&2.2216773,2024-01-25T20:15:00.000Z,60,14.5,public,true,Compétition,3,1CFh6t2f5UazSJwlC4OFZyh3EoV2,9,10,0,0,0,0,0
UzZwDxEK7uBESb6OKi1q,Stade Robespierre,played,captain,ChIJrSdPdLpk5kcRTIf7gmbAvcU,48.8692482&2.2034218,2024-02-10T10:00:00.000Z,90,5,public,false,Compétition,4,uK7KAxZFpwZeIpiBLR7VWDgp0qF2,10,10,8,0,1,0,0
V0771Lo2xVX9pzgd70r0,Footbox,published,pro,,48.9022789&2.582647,2024-02-26T18:00:00.000Z,60,10,public,false,,,QI89VPazyLhBVnWH871jk4BUEZI3,0,10,0,0,0,0,0
V0VYmcclTBiq3ThcKVLA,Stadium Thiais,published,captain,ChIJ64X9jzx05kcRsHvSfOv6UcA,48.7511024&2.3713455,2024-01-31T21:00:00.000Z,90,14,public,false,Compétition,,k5uV0OgfsbfK3rA84puHJKDRlxl1,11,12,0,0,0,0,0
V1502eBELBaQfVM7VQka,Centre Sportif des Poissonniers,played,captain,ChIJMdytuYtu5kcREZQcK0sSFXY,48.900279&2.3489035,2024-01-29T18:15:00.000Z,90,,public,false,Compétition,5,1LDJWrjBcJPRiS8a2m1todvXiJM2,14,14,3,0,0,0,9
V1FNw7Ym7vPmaiePaO50,LE FIVE Bobigny,canceled,captain,ChIJV8UONORs5kcRXxR5Qd7x130,48.901553&2.4313304,2024-01-28T18:30:00.000Z,60,10,public,false,Détente,2,USaCK7pN0XTY5Okc5UHef9ssP702,3,10,0,0,0,0,0
V1MXfZZH1Cu5FDOKFQcf,Arena Club,played,captain,ChIJeWJWRjYvw0cRbnJR4ZXAKMA,50.7696017&3.1236104,2024-01-30T18:15:00.000Z,60,8.5,public,false,Détente,3,gYtFqSj0PydNaTTSfkvDaSMqvqc2,10,10,8,0,0,0,0
V1To5Yhv9GLq5W6XZwQM,Gymnase Rosalind Franklin,published,captain,ChIJeUB7Xqlz5kcR_akj6eEkBmk,48.8095385&2.4035959,2024-01-21T09:30:00.000Z,120,,public,false,Détente,2,RPBkJhlCOXYsBalhtCn3yAwbtgp2,11,12,0,0,0,0,5
V1rJges7UjOI9Fpc3Z1B,UrbanSoccer - Lyon Parilly,played,captain,ChIJx3FQWjLC9EcRrrQb2eV7i_4,45.7120399&4.9039284,2024-01-21T15:30:00.000Z,90,11,public,true,,3,E5fK2eoccOOKip0hDn8IgzZO4NF2,10,10,2,0,0,0,1
V2xKUP7fEhkfmBIrxChn,UrbanSoccer - Quai d'Ivry,played,captain,ChIJfXxYJ0xy5kcRw9xTkF6-FZQ,48.8199885&2.3936463,2024-01-20T09:10:00.000Z,90,13.5,public,true,Détente,2,G0BVwfK7ILRPJDEu8iqgp56qtSJ3,10,10,3,0,0,0,1
V4MXBGo4TuC5k6kZfFhO,LE FIVE Paris 17,published,captain,ChIJ7eI8sFNv5kcR5xy52Wc57NU,48.900032&2.3213449,2024-01-23T14:00:00.000Z,60,5,public,true,Détente,2,AYTk38sx2rX4hEwdYkjp3a2yFTA3,8,10,0,0,0,0,1
V4e1dea8NG0OYAJtn2ec,Top Ten,published,pro,,48.8729106&2.6840919,2024-02-06T21:30:00.000Z,90,16.5,public,false,,,i27253AGxOfXgYJK72sBnvUGuMk2,0,10,0,0,0,0,0
V5tbJmxqToNK3eRq4yBV,AS Ermont (Amicale Sportive Ermont),canceled,captain,ChIJ9y9jk6Nn5kcRnRa4fDjVo-A,48.9952415&2.2504249,2024-01-30T19:00:00.000Z,120,,public,false,Compétition,5,6JXgCR5so6fABA4AmJERaIczAbm1,10,14,0,0,0,0,0
V6XNFyYrEX1wCRQYKqF2,UrbanSoccer - Quai d'Ivry,canceled,captain,ChIJfXxYJ0xy5kcRw9xTkF6-FZQ,48.8199885&2.3936463,2024-02-03T19:30:00.000Z,60,11,public,true,Détente,3,pYVfbqcKlAW1PNHKRMANa0PiGrq2,10,10,0,0,0,0,0
V7e7X9FIspw6uRs2KNoW,Top Ten,published,pro,,48.8729106&2.6840919,2024-03-10T11:00:00.000Z,90,15,public,false,,,i27253AGxOfXgYJK72sBnvUGuMk2,0,10,0,0,0,0,0
V9JtVQZx5nyppHptxQkw,Gymnase Henri Wallon,published,captain,ChIJEzBEjZBm5kcRnjnyKOb5TGU,48.9507133&2.2239801,2024-02-11T09:10:00.000Z,90,,public,false,Détente,3,hNL25FRWJwW78vTlyGpURjafpL13,9,10,0,0,0,0,0
V9o6jYl7jmmZsAw1af4N,Foot-Max Argenteuil,canceled,captain,ChIJi9oIzaRm5kcRJYcK7QsdRMU,48.9501569&2.2093741,2024-01-31T19:00:00.000Z,120,16,public,false,Détente,4,NyMT5g5AbvWGj0dtepGfP8wkKCQ2,9,10,0,0,0,0,0
VATSRpSkAR895bPoBVLE,LE FIVE Montreuil,published,pro,,48.8613036&2.4653095,2024-03-05T09:00:00.000Z,60,7,public,false,,,u9uC1vjdcdQ3UqNxI0SiFxor0m43,0,10,0,0,0,0,0
VB5KNlbL3UweXEWJ5sMV,Antony,played,captain,ChIJf8cFRhF35kcR0D6LaMOCCwQ,48.759255&2.302553,2024-01-21T07:30:00.000Z,90,10,public,false,Détente,3,Dohg1zNvhsbmGrYuAmExKFyjruw2,10,10,0,0,0,0,0
VB9ifVnekJVL7sINcL0w,LE FIVE Bobigny,played,captain,ChIJV8UONORs5kcRXxR5Qd7x130,48.901553&2.4313304,2024-02-01T18:00:00.000Z,60,10,public,false,Détente,,wxEDIpT20XdSCWDMwixmIQ1QuKA2,10,10,0,0,0,0,0
VBmks2QFke4pPfmTtS6C,Parc Interdépartemental des Sports du Tremblay,played,captain,,48.8281085&2.491365,2024-01-25T14:30:00.000Z,90,,public,false,Compétition,4,OKSK9YmBnhPYPn6fchCcUo9A2Mt2,16,16,0,0,0,0,2
VBvK6deT1ES9vJFoPvC9,LE FIVE Montreuil,published,pro,,48.8613036&2.4653095,2024-03-04T22:00:00.000Z,60,8,public,false,,,u9uC1vjdcdQ3UqNxI0SiFxor0m43,0,10,0,0,0,0,0
VCrVpuVPSrd2AMNQ5nTo,Foot POWER 5,canceled,pro,,48.960066&2.2061913,2024-01-29T17:00:00.000Z,90,5,public,false,,,sss3dYi6nzWd7rEjwcQ30LGKudj1,0,10,0,0,0,0,0
VEnMa2OvmJltVFYij6Tt,Stadium Thiais,published,pro,,48.7511024&2.3713455,2024-02-21T18:00:00.000Z,90,15,public,false,,,psf3NmXEPwdCltHKJC7VuvJocrF3,0,10,0,0,0,0,0
VExI3o5P9fJKe8EU3ZBS,Sport dans la Ville Rhône-Alpes,played,captain,ChIJoUEDcmvr9EcRILCz6hDCQ2o,45.7811703&4.8081568,2024-01-31T18:30:00.000Z,60,9,public,false,Compétition,4,goWfR3BnnZZsX9KXGB8YEVCj6rv2,10,10,3,0,0,0,2
VFCwGuxrgvV6ChzXwYlo,Kinshasa,published,pro,,-4.3032527&15.310528,2024-02-25T11:23:00.000Z,90,12,public,false,,,zCvsukfMuuffsuPpSTQwb7MusMD2,0,10,0,0,0,0,0
VFI9UpoDNtZsY6bSXuUF,LE FIVE Paris 17,played,pro,,48.900032&2.3213449,2024-02-09T16:00:00.000Z,60,5,public,false,,,V6mqbc9C8FNa1RQlUupjeoqOsZL2,10,10,10,0,4,0,8
VGGudzI45JnLIX50mFNY,Stade Municipal Guy Môquet,played,captain,ChIJR4npU45w5kcR31mOzMmoOwA,48.8087472&2.2873094,2024-02-06T11:00:00.000Z,90,,public,false,Détente,3,rzC8A0bd4afb9AWrHKlCPT9461y1,18,18,7,0,0,0,1
VGpsu8x8qYoMA55SZnXa,Top Ten,published,pro,,48.8729106&2.6840919,2024-03-06T16:00:00.000Z,90,5,public,false,,,i27253AGxOfXgYJK72sBnvUGuMk2,0,10,0,0,0,0,1
VHhoDYazXACBB8N8tBjo,UrbanSoccer La Défense,played,captain,ChIJh4rnfVhk5kcRV2Q-ZKdm8vA,48.8996456&2.2216773,2024-01-27T14:45:00.000Z,90,20,public,true,Détente,2,4TCuyh579nV4PMuWpCLsbfrWQ3z1,10,10,2,0,0,0,4
VI3CRJKdhT3hbg809WjJ,Footbox,published,pro,,48.9022789&2.582647,2024-02-23T14:00:00.000Z,60,7,public,false,,,QI89VPazyLhBVnWH871jk4BUEZI3,0,10,0,0,0,0,0
VIDNh1bELxTIFxdj60cC,Game 13 foot indoor,played,captain,ChIJNSDvlsXryRIRUXao9hwB79I,43.41258939999999&5.366617,2024-01-22T19:30:00.000Z,90,13,public,false,Détente,3,fZqqBviIBiSg9OzpFtxc36g9he42,10,10,5,0,0,1,0
VIPQ3s2Fcm63eWqAz7Ik,Stadium Thiais,published,pro,ChIJ64X9jzx05kcRsHvSfOv6UcA,48.7511024&2.3713455,2024-01-31T16:30:00.000Z,90,10,public,false,,,psf3NmXEPwdCltHKJC7VuvJocrF3,0,10,0,0,0,0,0
VIRgC3jaG7oLZzApkdcE,Foot POWER 5,canceled,pro,,48.960066&2.2061913,2024-02-22T17:00:00.000Z,90,5,public,false,,,sss3dYi6nzWd7rEjwcQ30LGKudj1,0,10,0,0,0,0,0
VIthBFWjIvpDgWxhXKgv,UrbanSoccer - Asnières,played,captain,ChIJi5LkLT9v5kcRSlhScqEFNWs,48.92192379999999&2.3068311,2024-02-07T20:00:00.000Z,60,12.5,public,true,Détente,3,raz95wekFvUqEJGSVcEUtkkZyUT2,10,10,4,0,0,0,2
VJD8LthFdIVcoy0WAlsW,LE FIVE Montreuil,published,pro,,48.8613036&2.4653095,2024-01-27T21:00:00.000Z,120,20,public,false,,,u9uC1vjdcdQ3UqNxI0SiFxor0m43,0,10,0,0,0,0,0
VJKcIAiZiERUsrLRm091,UrbanSoccer La Défense,played,captain,ChIJh4rnfVhk5kcRV2Q-ZKdm8vA,48.8996456&2.2216773,2024-02-10T11:15:00.000Z,60,13,public,true,Détente,3,CatTCKi9TudRczfwGTDDZ9CqT1A3,10,10,1,0,0,0,1
VJrVAq2hdaqs35gS5Iyj,UrbanSoccer La Défense,played,captain,ChIJh4rnfVhk5kcRV2Q-ZKdm8vA,48.8996456&2.2216773,2024-02-09T19:00:00.000Z,60,15,public,true,Détente,4,vQZmIv4IM3cPqh4UyJZxEgLFaU13,10,10,2,0,0,0,0
VJrvKWWgOEoUNUf1QM8a,Stade Élisabeth,played,captain,ChIJkXj9tq5x5kcROlxynHzTh9o,48.8207737&2.3270972,2024-02-07T18:00:00.000Z,120,2,public,false,Compétition,5,8i5faoQkJ4YSkhRB5skPBLiEh1G3,16,16,5,0,0,0,2
VJtcx6dPz0rgB766bVzf,STADIUM FOOT 5 VILLAGE,played,captain,ChIJbbOWFtC4yRIR0WXVerbWmnE,43.269413&5.4260321,2024-02-04T18:00:00.000Z,60,10,public,false,Détente,3,MKjoGJESIIfNKw5sH93VODBuvLv2,10,10,4,0,0,0,0
VKacenuswY1BqCDl3i59,Stade Élisabeth,played,captain,ChIJkXj9tq5x5kcROlxynHzTh9o,48.8207737&2.3270972,2024-01-24T19:50:00.000Z,60,,public,false,Détente,1,8i5faoQkJ4YSkhRB5skPBLiEh1G3,14,14,2,0,0,0,0
VKc97bham5xxdnprdkDR,Footbox,published,pro,,48.9022789&2.582647,2024-02-18T21:00:00.000Z,60,10,public,false,,,QI89VPazyLhBVnWH871jk4BUEZI3,0,10,0,0,0,0,0
VNAn0IBi9gsErbBYRuro,Foot POWER 5,canceled,pro,,48.960066&2.2061913,2024-01-28T11:00:00.000Z,90,10,public,false,,,sss3dYi6nzWd7rEjwcQ30LGKudj1,0,10,0,0,0,0,0
VQXZfBgG4QFwNSndPIU9,Top Ten,canceled,pro,,48.8729106&2.6840919,2024-02-09T21:30:00.000Z,90,16.5,public,false,,,i27253AGxOfXgYJK72sBnvUGuMk2,0,10,0,0,0,0,1
VR6bZOH6WKJQu80uZUKQ,Footbox,published,pro,,48.9022789&2.582647,2024-02-14T22:00:00.000Z,60,10,public,false,,,QI89VPazyLhBVnWH871jk4BUEZI3,0,10,0,0,0,0,0
VRKiy0cse7eOVFhq9KNt,Classico Foot,played,captain,ChIJFV442oCxrhIRgsZy5aIbkNs,43.5945434&1.2911399,2024-02-12T19:30:00.000Z,60,9,public,false,Détente,,sh3Ti8wQWbeLpHkq0e0tZXci8IJ3,10,10,4,0,0,0,0
VRthQd3GEOcEHIrv7dSL,FOOT INDOOR Marseille,played,captain,ChIJ41AMCxC8yRIRLHLGt11sc-U,43.2859688&5.4882746,2024-02-08T19:30:00.000Z,60,10,public,false,Détente,4,j4s0Xi0PCtSGOsocXlMoiqSMPJb2,10,10,4,0,0,0,3
VSl0jayaM1IZVrZz0jgW,LE FIVE Montreuil,published,pro,,48.8613036&2.4653095,2024-01-31T09:00:00.000Z,90,10.5,public,false,,,u9uC1vjdcdQ3UqNxI0SiFxor0m43,0,10,0,0,0,0,0
VTqR18eL9ruGc318JaRs,Stadium Thiais,canceled,captain,ChIJ64X9jzx05kcRsHvSfOv6UcA,48.7511137&2.3715422,2024-02-10T15:30:00.000Z,90,14,public,false,Compétition,3,8z69joeXgRXkGFP3TNv4gKoMtiy1,4,10,0,0,0,0,0
VU6diSNKFpOtTVORSwqO,Stadium Thiais,published,captain,ChIJ64X9jzx05kcRsHvSfOv6UcA,48.7511137&2.3715422,2024-02-09T16:30:00.000Z,90,10,public,false,Compétition,3,Dohg1zNvhsbmGrYuAmExKFyjruw2,1,10,0,0,0,0,0
VUAC2TqXpOK7wO1DCjgD,Massilia Foot Indoor 2,canceled,captain,ChIJxZ6UmMW-yRIRfYNGGPPJfIU,43.3266563&5.3836488,2024-01-25T19:00:00.000Z,60,9,public,false,Compétition,3,Eb81jThcRtagWIKQNgsPlp9klkB2,9,10,0,0,0,0,0
VUY5lFp4I6rrqximSugz,LE FIVE Créteil,published,pro,,48.7643086&2.4706522,2024-01-22T16:00:00.000Z,60,7,public,false,,,ZmXMWx7aTdPoPkkGOWa2HIQVblq2,0,10,0,0,0,0,0
VUaa1dzXOYrzlqMBikYS,Speed Soccer Five,published,pro,,48.7360598&2.315058,2024-03-08T17:00:00.000Z,90,13,public,false,,,MkTJljXziPXBdRdijccndMLBNCC3,0,10,0,0,0,0,0
VVUfo8WUCFPKabo6QYbc,BALL CONCEPT Monplaisir Futsal-Squash-Badminton-Padel tennis-foot5-Laser Concept-Laser Kart-Trike,canceled,captain,ChIJn7xJyorytRIR5fCxB3seBOs,43.9521998&4.8707766,2024-01-24T13:00:00.000Z,60,11,public,false,,,iWsQ4PREPkgt7xg09jTv19vUpgC3,1,10,0,0,0,0,0
VWnrBF0PwojaGK98fTIY,Speed Soccer Five,published,pro,ChIJ2xTNglV25kcR3UDi4AXGfDU,48.7360598&2.315058,2024-02-12T20:00:00.000Z,90,13,public,false,,,MkTJljXziPXBdRdijccndMLBNCC3,4,10,0,0,0,0,0
VXTk7nJEEzdO5k0NClIg,Foot POWER 5,canceled,pro,,48.960066&2.2061913,2024-02-13T17:00:00.000Z,90,5,public,false,,,sss3dYi6nzWd7rEjwcQ30LGKudj1,0,10,0,0,0,0,0
VXvIOpirZCO6vbAN2XDA,UrbanSoccer - Lyon Parilly,canceled,captain,ChIJx3FQWjLC9EcRrrQb2eV7i_4,45.7120399&4.9039284,2024-02-10T18:00:00.000Z,60,10,public,true,Détente,2,gMCRjBS1DxfTdv0BVJdVow63Yuj1,5,10,0,0,0,0,0
VYkDnxsHYpmGSecQsyKH,Monclub Futbol,published,pro,,43.4299152&5.4001974,2024-03-02T15:30:00.000Z,90,12,public,false,,,CSTy9rmJRQSyWlqWuGiUhGpAGqf2,0,10,0,0,0,0,0
VZ9zCsZkx1XBYQgDkB61,LE FIVE Montreuil,published,pro,,48.8613036&2.4653095,2024-02-21T11:00:00.000Z,90,10.5,public,false,,,u9uC1vjdcdQ3UqNxI0SiFxor0m43,0,10,0,0,0,0,0
VZTREhl9BCY6HGc3qyGQ,LE FIVE Paris 17,published,pro,,48.900032&2.3213449,2024-03-13T16:00:00.000Z,60,5,public,false,,,V6mqbc9C8FNa1RQlUupjeoqOsZL2,0,10,0,0,0,0,0
Va3fIhjeqU03q4L9IZ0G,Stade de la Tour aux Parachutes,canceled,captain,ChIJbwsrhCpy5kcRca22Pnhr8MU,48.8175176&2.3643354,2024-02-03T12:00:00.000Z,90,,private,false,Compétition,3,YJzwhypt9zOxc3an88b2j5YT2yY2,5,16,0,0,0,0,0
VaFedkWtO7Pffvn8jx3B,LE FIVE Paris 18,played,pro,ChIJpVT4_n1u5kcRzji6FdTBXXo,48.8978522&2.3700234,2024-02-01T18:00:00.000Z,90,15,public,false,,,UQf33jQhVZhle917nO0h7D5qclV2,10,10,8,0,0,0,2
VaMmsKE0vWpIDiYZwQTM,LE FIVE Annemasse,draft,captain,ChIJVc4JI-FtjEcRkBpWIDCVoII,46.206535&6.280475,2024-01-22T18:00:00.000Z,60,,public,false,,,XjKZyScVXPR311v8RbyyC64Ig0b2,0,0,0,0,0,0,0
VcVFvynr12u7SNnCsGHc,Parc Sainte Barbe,published,captain,ChIJtw301r5w5kcRvRjidiuAyaw,48.7922897&2.2913469,2024-01-28T14:00:00.000Z,120,,public,false,Détente,3,e3FS3xN4fYQSLIwegYqEIBBqBQ12,8,16,0,0,0,0,0
VdSrzhLvEL6StPeWF7Pw,Le 13 - Foot en salle - Marseille,canceled,captain,ChIJR62kUm_ByRIRDnGQqGCeUVQ,43.33370070000001&5.370389599999999,2024-01-24T16:00:00.000Z,60,10,public,false,Détente,3,tYE0hxio2uYHYCahKUN7QqZwcbi1,5,10,0,0,0,0,0
VdmJO3dJvY2TnIqkqlHA,Le Mercato FOOT INDOOR,played,captain,ChIJzRK7HJy_yRIRqEreyEiAfC0,43.3426654&5.4084961,2024-02-08T21:00:00.000Z,60,9,public,false,Détente,2,wbZeuxAyAvaQ1WddoHJYTumThRg1,10,10,2,0,0,0,0
VePSHUBnPT2XCOaADu0k,OHSPORT,played,captain,ChIJHeG9fA4X5kcRbGNzVY5Ud5I,48.9672396&2.5670436,2024-01-26T14:45:00.000Z,90,9,public,false,Détente,3,QqCjlca15HdnAvALHA0FzUBbbX42,10,10,0,0,0,0,0
VgRFsVNKktzME0gCAghg,Parc Interdépartemental des Sports du Tremblay,played,captain,ChIJBVkfrQ4N5kcRGi-XnNQN_yo,48.8281085&2.491365,2024-02-10T09:45:00.000Z,120,,public,false,Compétition,4,FMKiTLsf7gXgZa0Z4dqBzIOUrxr1,16,16,5,0,0,0,9
Vgp7WrBXeeMlbsMS5wCg,Stadium Thiais,published,pro,,48.7511024&2.3713455,2024-02-11T13:30:00.000Z,90,15,public,false,,,psf3NmXEPwdCltHKJC7VuvJocrF3,0,10,0,0,0,0,1
Vgv2XnnM7k8yujQp7HpT,STADIUM FOOT 5 VILLAGE,played,captain,ChIJbbOWFtC4yRIR0WXVerbWmnE,43.269413&5.4260321,2024-02-06T18:00:00.000Z,90,15,public,false,Détente,3,MKjoGJESIIfNKw5sH93VODBuvLv2,10,10,4,0,0,0,0
VhqjXH3tNfDVmLuUyjQk,Play Soccer,canceled,captain,ChIJQ-UxZn-5rhIRKWoQydM5T9s,43.5512023&1.4098927,2024-01-26T20:00:00.000Z,60,8,public,false,Compétition,4,XR7K2WCfBihdNNSJ0L8JtUxKSDp1,10,10,0,0,0,0,0
ViIYrrMJwg2DUMi6FQOQ,UrbanSoccer - Lille Lezennes,published,captain,ChIJR3ro5nTWwkcRfM_S3Be9HjI,50.6162725&3.0998108,2024-02-10T16:00:00.000Z,90,10,private,true,Détente,2,FfODf1K4wxQF0dc4cH43GeK7Kd23,5,10,0,0,0,0,0
ViQc9LaTmTFrkozaZcy3,UrbanSoccer - Puteaux,played,captain,ChIJM_sC0-Nk5kcRhL1y_EFIje8,48.8836397&2.2312283,2024-01-23T18:00:00.000Z,60,15,public,true,Détente,2,YTlD29qMydWF0tteYFiVmQyKe8Y2,10,10,3,0,0,0,1
VitiUoWZeYUk7MjuZkaN,UrbanSoccer - Quai d'Ivry,published,captain,ChIJfXxYJ0xy5kcRw9xTkF6-FZQ,48.8199885&2.3936463,2024-02-13T19:00:00.000Z,60,14,public,true,Détente,3,CBYAiO5MiSX1QInSnA5JFstME602,10,10,0,0,0,0,0
VlH8OGvBxIlO2zdAU1XP,UrbanSoccer - Toulouse Sept Deniers,published,captain,ChIJk5nUBdOkrhIRP-1aUJzo-lA,43.6321552&1.411696,2024-02-13T11:30:00.000Z,60,8.5,public,true,Détente,2,71Aj4GaRZ0USfkOgXZ2NPmRhqw02,10,10,0,0,0,0,0
VluV4vaCInkQBEzsEbWa,Stadium Thiais,played,captain,ChIJ64X9jzx05kcRsHvSfOv6UcA,48.7511024&2.3713455,2024-01-27T15:30:00.000Z,90,12,public,false,Détente,,kWIXOjVn4JO8RLoDO2thI1n3qex1,10,10,2,0,0,0,0
Vmduz3Ju7QYPxBJrEYaP,LE FIVE Villette,played,captain,ChIJTUFnQjps5kcR0pHITLTw1PI,48.9070122&2.3861459,2024-01-25T18:00:00.000Z,90,18,public,false,Détente,3,G8mUuWdpvyRMd7WcoRFkLn8r7TZ2,10,10,2,0,0,0,2
VmwCBovh9KPFqXD8VKGU,LE FIVE Paris 18,published,pro,,48.8978522&2.3700234,2024-02-26T16:00:00.000Z,60,5,public,false,,,UQf33jQhVZhle917nO0h7D5qclV2,1,10,0,0,0,0,0
Vo4dLt5EzPSlDceeUtNs,LE FIVE Montreuil,published,pro,,48.8613036&2.4653095,2024-02-11T13:00:00.000Z,90,15,public,false,,,u9uC1vjdcdQ3UqNxI0SiFxor0m43,1,10,0,0,0,0,1
Vo8LSQThizOJrV5JLs4J,Top Ten,published,pro,,48.8729106&2.6840919,2024-03-05T11:00:00.000Z,90,5,public,false,,,i27253AGxOfXgYJK72sBnvUGuMk2,0,10,0,0,0,0,0
VpXz2jCE9q3aqwWRjYgx,Foot POWER 5,canceled,pro,,48.960066&2.2061913,2024-01-22T17:00:00.000Z,90,5,public,false,,,sss3dYi6nzWd7rEjwcQ30LGKudj1,0,10,0,0,0,0,0
VpZc4vySsyAaOibU9u5o,Z5 Aix,played,captain,ChIJKb-U_9KSyRIRKIFKbH5mW18,43.4787869&5.3969048,2024-01-23T17:30:00.000Z,60,11,public,false,Détente,2,BGOsIStBJER5x6EZGVgU1FKMGZj1,10,10,0,0,0,0,0
VpntVHaadbuXLcxsSXDB,Play Soccer,played,captain,ChIJQ-UxZn-5rhIRKWoQydM5T9s,43.5512023&1.4098927,2024-01-28T13:30:00.000Z,60,8,public,false,Détente,3,8fnasYthnYPnGAiylElzK1yuUgf1,10,10,1,0,0,0,1
Vvh5e7CchxX5vIx5YOZT,LE FIVE Paris 13,published,pro,,48.8181615&2.3658793,2024-03-01T22:00:00.000Z,60,10,public,false,,,FjSnzlRFFfhWVWQJGfIEwRc2ZMj2,0,10,0,0,0,0,0
Vvww5xgh3OOEOReXsymh,LE FIVE Montreuil,published,pro,,48.8613036&2.4653095,2024-03-08T22:00:00.000Z,60,8,public,false,,,u9uC1vjdcdQ3UqNxI0SiFxor0m43,0,10,0,0,0,0,0
Vx46j5c2coCNcnNecbjo,UrbanSoccer - Quai d'Ivry,published,captain,ChIJfXxYJ0xy5kcRw9xTkF6-FZQ,48.8199885&2.3936463,2024-02-17T14:00:00.000Z,60,12.5,private,true,Détente,3,1H4o3FWs1eN5mb4ncnj6W7vxpmK2,3,10,0,0,0,0,0
VzXWQCMNw37K7GnnhpcW,UrbanSoccer - Marne-La-Vallée,played,captain,ChIJ6bDBiosP5kcROXiloHzSdhc,48.82658600000001&2.6296937,2024-02-04T18:00:00.000Z,90,15,public,true,,3,aQFnkWUbF2XN7joliUowabzB5Iq2,10,10,4,0,0,0,0
W0j85NyRclb0r7p0CPfw,Parc des Sévines,played,captain,ChIJ1-_7SUhv5kcRuFo_vTkcn_c,48.9297768&2.3037282,2024-01-31T19:00:00.000Z,120,,public,false,Chill,4,alKdx0B0bAPF23akKWxXruUtnw43,16,16,4,0,2,0,5
W2cCNYQpbQ29mKpGP63Y,Monclub Futbol,played,pro,ChIJGbxxaamUyRIRgGvhHnhJStA,43.4299152&5.4001974,2024-02-02T18:00:00.000Z,60,10,public,false,,,CSTy9rmJRQSyWlqWuGiUhGpAGqf2,10,10,1,0,0,0,0
W35LVzgRh4pRLMQUFg6x,Play Soccer,canceled,captain,ChIJQ-UxZn-5rhIRKWoQydM5T9s,43.5512023&1.4098927,2024-01-23T19:00:00.000Z,60,10,public,false,Détente,2,wBLa7mVFYuT3I9zoAAC8pMdIQs13,8,10,0,0,0,0,0
W3W2ZMumUjG0cIMBd8ys,FIVE ARENA MEAUX ,published,pro,,48.9539465&2.9154573,2024-02-11T09:30:00.000Z,90,10,public,false,,,4K6djqUyJdTgGF3Q7nh7CXQHqVh1,1,10,0,0,0,0,1
W5Ltf6v0FJPSlLMdK8is,LE FIVE Bezons,canceled,captain,ChIJ71Mv0Wpk5kcRg-H9x7L-dXo,48.9190524&2.211796,2024-02-07T20:00:00.000Z,90,14,public,true,Compétition,4,B5IEyXnkzfZniludjQGbyvoeeAI3,4,10,0,0,0,0,2
W5cGwkBnM6edQ3VlQMFB,Terrain de Draveil,played,captain,ChIJ8TYAB93f5UcRtDLTkIEHl88,48.6889414&2.3919424,2024-02-01T18:45:00.000Z,90,,private,false,Détente,4,JQFTrgs3UhM9J8qMoN1avgZ0kwq1,16,16,5,0,0,0,0
W5mVI2abcFiucDaT9v0P,Stadium Thiais,published,pro,,48.7511024&2.3713455,2024-02-27T18:00:00.000Z,90,15,public,false,,,psf3NmXEPwdCltHKJC7VuvJocrF3,0,10,0,0,0,0,0
W6YGISELsOG5CFHAcKVy,Footbox,published,pro,,48.9022789&2.582647,2024-02-18T14:00:00.000Z,60,10,public,false,,,QI89VPazyLhBVnWH871jk4BUEZI3,0,10,0,0,0,0,0
W6u0joMZzfK0QR4b60iM,Game 13 foot indoor,canceled,captain,ChIJNSDvlsXryRIRUXao9hwB79I,43.41258939999999&5.366617,2024-01-30T20:30:00.000Z,60,10,public,false,Compétition,4,RPwfyrL30dS1yvyJwGrn0z2HgSa2,10,10,0,0,0,0,0
W70VknYEcSNZ8CmqqRul,LE FIVE Carrières-sous-Poissy,played,captain,ChIJ9T4fWfyL5kcRCBX-FyZLvEE,48.9468144&2.0230574,2024-01-20T21:30:00.000Z,90,12,public,false,,3,Wy3wc8FHaCYWTvZWNBBuL5f6n6n2,10,10,3,0,0,0,0
W75hnZavG5iopPYWX9f4,LE FIVE Paris 18,played,captain,ChIJpVT4_n1u5kcRzji6FdTBXXo,48.8978522&2.3700234,2024-01-26T21:00:00.000Z,60,14,public,true,Détente,3,ny9gDQFzNzeKqTwBCI3MtY3tjK03,10,10,0,0,0,0,0
W86xRF7Pyj81dIPW2AgO,UrbanSoccer - Lyon Parilly,played,captain,ChIJx3FQWjLC9EcRrrQb2eV7i_4,45.7120399&4.9039284,2024-02-05T18:15:00.000Z,90,15,public,true,Détente,3,vENMZ1yaZJg7Ie8dtcOnOQInYJh2,10,10,7,0,0,0,0
W887ZbivHhDSLoc5NtWL,Game 13 foot indoor,played,captain,ChIJNSDvlsXryRIRUXao9hwB79I,43.41258939999999&5.366617,2024-01-24T18:30:00.000Z,60,10,public,false,Détente,4,RPwfyrL30dS1yvyJwGrn0z2HgSa2,10,10,4,1,0,0,0
W8QrkeDtSpxH1IABgfJS,UrbanSoccer - Puteaux,played,captain,ChIJM_sC0-Nk5kcRhL1y_EFIje8,48.8836397&2.2312283,2024-01-22T18:30:00.000Z,60,13,public,true,Détente,3,bhJeB6nV3qaXLJZZ1m5g4ndq4mz2,10,10,3,0,0,0,4
W9HW8DnGq2tTsLKe9bwK,Top Ten,played,captain,ChIJfXprBx4b5kcRmhe-5pLZUek,48.8729106&2.6840919,2024-01-28T09:30:00.000Z,90,14,public,false,Détente,2,AgPIrYu6weWBSm3msnuThsN34Pf1,10,10,2,0,0,0,0
W9RBaIHaqQ5VE7xA0qPF,Foot POWER 5,canceled,pro,,48.960066&2.2061913,2024-01-23T17:00:00.000Z,90,5,public,false,,,sss3dYi6nzWd7rEjwcQ30LGKudj1,0,10,0,0,0,0,0
WBGDt4ocgRr1MhpQX947,Stadium Thiais,published,pro,,48.7511024&2.3713455,2024-02-19T11:00:00.000Z,60,7,public,false,,,psf3NmXEPwdCltHKJC7VuvJocrF3,0,10,0,0,0,0,0
WCHuxZpj3W2Q3mDBt9g7,LE FIVE Paris 13,canceled,captain,ChIJ_bOSChhz5kcRZMTeq_6Gdzg,48.8181615&2.3658793,2024-01-27T12:30:00.000Z,60,13,public,true,Chill,2,aUQe2xArUcSZuuTQ6vXzfOFG2Zv2,9,10,0,0,0,0,0
WCaldTR2682vJFkVFYX9,UrbanSoccer La Défense,played,captain,ChIJh4rnfVhk5kcRV2Q-ZKdm8vA,48.8996456&2.2216773,2024-02-03T17:15:00.000Z,60,12.5,public,true,Détente,2,dHXCQqNGaWZzX1XqcRj0FpyLnz23,10,10,3,0,0,1,1
WClFcwgq3OYlrCc8wk0a,LE FIVE Paris 13,published,pro,,48.8181615&2.3658793,2024-02-29T22:00:00.000Z,60,10,public,false,,,FjSnzlRFFfhWVWQJGfIEwRc2ZMj2,0,10,0,0,0,0,0
WDdG1c4WIurbzVbiIojK,LE FIVE Sarcelles,canceled,captain,ChIJ6_q3Fxhq5kcRCpoEwnoXX1Q,48.99782219999999&2.3902225,2024-02-08T17:45:00.000Z,60,10,public,false,Compétition,5,ew3GACDRP8UnjNCcNvvniBkgvOP2,10,10,0,0,0,0,0
WEvlOHOXRFeJRmCJdUVC,UrbanSoccer - Lille Lezennes,canceled,captain,ChIJR3ro5nTWwkcRfM_S3Be9HjI,50.6162725&3.0998108,2024-02-01T18:30:00.000Z,60,12,public,true,Détente,,ndAd7rihYxdiPIlgyGdDCz4tS0d2,2,10,0,0,0,0,0
WF8VF5cwKWxg3UnrFsZ6,LE FIVE Créteil,played,captain,ChIJ88lx3VwL5kcRVxCh4lD6_Gk,48.7643086&2.4706522,2024-01-28T11:00:00.000Z,90,16.5,public,false,Détente,2,nwCO7ClwcpduYGwx2LUOmuC5chF2,10,10,7,0,1,1,1
WFMYXg7dFIYeiqhEwDh1,UrbanSoccer La Défense,played,captain,ChIJh4rnfVhk5kcRV2Q-ZKdm8vA,48.8996456&2.2216773,2024-01-28T17:15:00.000Z,60,,public,true,Chill,,yRsu35eArhZJpkEUCGgWmQR0wk12,10,10,2,0,0,0,1
WFgIPvEh1AmHY2ntha0J,UrbanSoccer - Porte d'Aubervilliers,played,captain,ChIJ0dXjDCZs5kcRvX0EpMwxsUY,48.9074912&2.3746518,2024-01-28T09:30:00.000Z,90,18.75,public,true,Détente,3,ITrNt3Z6SmZV4gcbWF9kRfaR0EQ2,10,10,3,0,0,0,1
WGjmFQCmeRxt2LFr1oK3,Top Ten,published,pro,,48.8729106&2.6840919,2024-01-30T21:30:00.000Z,90,16.5,public,false,,,i27253AGxOfXgYJK72sBnvUGuMk2,0,10,0,0,0,0,0
WGyu622EUZOBtxDvf0JI,Footbox,published,pro,,48.9022789&2.582647,2024-02-24T16:00:00.000Z,60,10,public,false,,,QI89VPazyLhBVnWH871jk4BUEZI3,0,10,0,0,0,0,0
WHASUVugwumKiq10xGME,LE FIVE Paris 13,canceled,captain,ChIJ_bOSChhz5kcRZMTeq_6Gdzg,48.8181615&2.3658793,2024-01-28T09:00:00.000Z,60,14,public,true,Détente,3,HuUecDA8YfesRAUbLGzdbIeXGg52,8,10,0,0,0,0,0
WHHFyaGM9ff0U9eqXzTO,Evolution Football,played,captain,ChIJX0YulIi8yRIRnGh62u3UXTQ,43.2836074&5.52356,2024-01-22T21:00:00.000Z,60,10,public,false,Détente,3,tLfG2HHzZwZ8cjXJSgDstQsOQmx1,10,10,2,0,0,0,2
WHfdC3wBpJVpi2jq7Qsc,Foot POWER 5,canceled,pro,,48.960066&2.2061913,2024-02-08T17:00:00.000Z,90,5,public,false,,,sss3dYi6nzWd7rEjwcQ30LGKudj1,0,10,0,0,0,0,0
WHn5CEG2wRlomcSB4uk5,LE FIVE Bobigny,published,pro,,48.901553&2.4313304,2024-02-05T22:00:00.000Z,60,8,public,false,,,4owi3i7t8EOvFNF6UQvACOpiDRy1,1,10,0,0,0,0,0
WJGrfppft2HOyYBMZPKC,Stadium Thiais,canceled,captain,ChIJ64X9jzx05kcRsHvSfOv6UcA,48.7511137&2.3715422,2024-02-12T18:00:00.000Z,90,14,public,false,,3,8z69joeXgRXkGFP3TNv4gKoMtiy1,5,12,0,0,0,0,0
WJUPF64eo6fxy3b2wGO5,Stade Olympique Yves du Manoir,draft,captain,ChIJYeUIntpl5kcRZsN35flVVAY,48.9292771&2.2477717,2024-01-28T14:00:00.000Z,120,,public,false,,,PtkvtQ1fpKaRhe7aOba2OrusnPl1,0,0,0,0,0,0,0
WKAIXGSBzxYyhkXBzERm,LE FIVE Morangis,played,captain,ChIJA4uAhOXZ5UcRp-vZXZP-ovY,48.692672&2.3192811,2024-02-11T12:30:00.000Z,90,15,public,false,Compétition,3,chS51XjYiJgHXzKphcgUD3VuZrH2,10,10,2,0,0,0,0
WNP7PPRFN2VhVGB9UyRj,Top Ten,published,pro,,48.8729106&2.6840919,2024-03-06T21:30:00.000Z,90,16.5,public,false,,,i27253AGxOfXgYJK72sBnvUGuMk2,0,10,0,0,0,0,0
WPngEysbxQitA1nwpPtd,LE FIVE Marville - La Courneuve,played,captain,ChIJ2dHdMZxr5kcR0aKYHYsp0pY,48.9364404&2.3869147,2024-01-29T20:00:00.000Z,60,,public,false,Détente,4,JOaO13Uw0AUOxcSa7igMv8WS9w52,14,14,2,0,0,0,0
WRSr0E43zt9e0x1jyhwH,Stadium Thiais,played,captain,ChIJ64X9jzx05kcRsHvSfOv6UcA,48.7511024&2.3713455,2024-01-20T21:00:00.000Z,60,10,private,false,,,YVR3gmMmz3URBfYyA3uqxFHb9SX2,10,10,3,0,0,0,0
WS4dHHyxYV33BTgDqDw2,LE PARK Complexe Multisports,played,captain,ChIJdUHbID8O5kcRV5lQhiHTvhs,48.8337843&2.5728501,2024-01-20T09:15:00.000Z,90,10.5,public,false,Détente,2,9dfxOVkH5hUeQBphmBdnpqnF6JD3,10,10,2,0,0,0,0
WSD0hdSnSw7ti7pdyiMW,LE FIVE Marville - La Courneuve,canceled,captain,ChIJ2dHdMZxr5kcR0aKYHYsp0pY,48.9364404&2.3869147,2024-02-11T11:00:00.000Z,60,10,public,false,Détente,,UQIzgg1tU5hqAmZUUBYY03eXnSA2,6,10,0,0,0,0,1
WSSeZMuE5iuZ955Nzn2S,Stade des Guilands,published,captain,ChIJwTqH52dt5kcRAMzn_PXFFxU,48.8625246&2.4273234,2024-01-31T11:00:00.000Z,120,,public,false,Détente,2,BOQoPVyEKoZpfzHayyB1c4nhVeo1,15,16,0,0,0,0,4
WSdg4Qa5DBS3acadXVx5,Stadium Thiais,published,pro,,48.7511024&2.3713455,2024-03-08T21:00:00.000Z,90,14,public,false,,,psf3NmXEPwdCltHKJC7VuvJocrF3,0,10,0,0,0,0,0
WUrdkOKoRSIG9H5XwkHT,Stadium Thiais,published,pro,ChIJ64X9jzx05kcRsHvSfOv6UcA,48.7511024&2.3713455,2024-02-07T18:00:00.000Z,90,15,public,false,,,psf3NmXEPwdCltHKJC7VuvJocrF3,0,10,0,0,0,0,0
WW20PiJ1wxZexPbsOuXw,UrbanSoccer - Quai d'Ivry,played,captain,ChIJfXxYJ0xy5kcRw9xTkF6-FZQ,48.8199885&2.3936463,2024-01-23T18:00:00.000Z,60,13,public,true,Détente,4,cTWr3BBUncPOEYU8o5ZVc5zfVoV2,10,10,1,0,0,0,1
WWEan30sSGObzlKEy7ke,Top Ten,published,pro,ChIJfXprBx4b5kcRmhe-5pLZUek,48.8729106&2.6840919,2024-01-28T12:30:00.000Z,90,15,public,false,,,i27253AGxOfXgYJK72sBnvUGuMk2,0,10,0,0,0,0,2
WWmtX5chuJMgMMnv42Nh,Stadium Thiais,published,pro,ChIJ64X9jzx05kcRsHvSfOv6UcA,48.7511024&2.3713455,2024-02-06T20:00:00.000Z,90,15,public,false,,,psf3NmXEPwdCltHKJC7VuvJocrF3,0,10,0,0,0,0,0
WXSOFQzs5XFwaY7XX450,Stadium Thiais,played,captain,ChIJ64X9jzx05kcRsHvSfOv6UcA,48.7511024&2.3713455,2024-02-04T09:30:00.000Z,90,15,public,false,Détente,3,MExi1O1oPjQKTXDmIW483grqvv13,10,10,8,0,0,0,5
WXWY80cR2B55Ws9LjxTJ,Footbox,published,pro,,48.9022789&2.582647,2024-02-13T18:00:00.000Z,60,10,public,false,,,QI89VPazyLhBVnWH871jk4BUEZI3,0,10,0,0,0,0,1
WY90l0fKTDmvhxaMJOQC,UrbanSoccer - Puteaux,published,captain,ChIJM_sC0-Nk5kcRhL1y_EFIje8,48.8836397&2.2312283,2024-02-15T18:00:00.000Z,60,14.5,public,true,Chill,,Zm7I4YafVOOiFFM4hN5JjYGih2r1,10,10,0,0,0,0,0
WYCqzqzkKFBOCb4Ai4eV,LE FIVE Montreuil,published,pro,,48.8613036&2.4653095,2024-02-14T16:30:00.000Z,90,11.5,public,false,,,u9uC1vjdcdQ3UqNxI0SiFxor0m43,0,10,0,0,0,0,1
WYLiuCIOaJj4t1y3gJJ2,Cité des Sports,played,captain,ChIJ70UPf6R75kcRGb3NAV9k7Ww,48.8247744&2.2650728,2024-01-30T18:20:00.000Z,60,13,public,false,Détente,3,H1q5Ebp0nJfOnYz51vLg3Us2dQX2,10,10,3,0,0,0,0
WYX8kjBzqXjA0ufIz1kz,LE FIVE Champigny,played,captain,ChIJsXi1PLYN5kcRTVVDuczgS2s,48.8194084&2.5251846,2024-02-01T15:00:00.000Z,90,10,public,false,Détente,3,XoJ8FN2MlmZYxI0VCKKp8oKtjbo1,10,10,5,0,0,0,1
WZMdnOZmFG1Xcijv9sUx,Footbox,published,pro,,48.9022789&2.582647,2024-03-12T22:00:00.000Z,60,10,public,false,,,QI89VPazyLhBVnWH871jk4BUEZI3,0,10,0,0,0,0,0
WaFkzXbIgBwpFxrcOt17,LE FIVE Paris 18,canceled,captain,ChIJpVT4_n1u5kcRzji6FdTBXXo,48.8978522&2.3700234,2024-02-08T18:00:00.000Z,60,14,public,true,Détente,2,2DfmyTNXOnWspeHsOiEPIe71JvH2,7,10,0,0,0,0,0
WapcTp84RH6fR9of5qZQ,Footbox,published,pro,,48.9022789&2.582647,2024-02-23T17:00:00.000Z,60,10,public,false,,,QI89VPazyLhBVnWH871jk4BUEZI3,0,10,0,0,0,0,0
Wb1WAmgdMV0DOsuftqrx,UrbanSoccer La Défense,played,captain,ChIJh4rnfVhk5kcRV2Q-ZKdm8vA,48.8996456&2.2216773,2024-01-23T19:15:00.000Z,60,14.5,public,true,Détente,3,uXinhTCnJabPwHfWKNCwa6udOVj1,10,10,4,0,0,0,1
Wf4QsGCM1iNxki6IjqeA,Sport dans la Ville Rhône-Alpes,played,captain,ChIJoUEDcmvr9EcRILCz6hDCQ2o,45.7811703&4.8081568,2024-01-25T20:30:00.000Z,60,9,public,false,Compétition,3,sLpmn8E00ae3hLE8YVonTzhNOnz1,10,10,4,0,0,2,0
Wf6LwFItAVtnIQc0az0h,Z5 Aix,published,captain,ChIJKb-U_9KSyRIRKIFKbH5mW18,43.4787869&5.3969048,2024-02-14T19:00:00.000Z,60,11,public,false,Compétition,3,kWD69MQl2aOE7WmgBCzFjAbInPi1,10,10,0,0,0,0,0
Wfy9DfAEOMz6Tr6QTHLu,Parc Sainte Barbe,canceled,captain,ChIJtw301r5w5kcRvRjidiuAyaw,48.7922897&2.2913469,2024-01-22T14:30:00.000Z,120,,public,false,Détente,4,rzC8A0bd4afb9AWrHKlCPT9461y1,9,16,0,0,0,0,0
WhRl9vz1GSIEL27rKBmM,LE FIVE Carrières-sous-Poissy,played,captain,ChIJ9T4fWfyL5kcRCBX-FyZLvEE,48.9468144&2.0230574,2024-01-22T20:30:00.000Z,60,12,public,false,,3,Wy3wc8FHaCYWTvZWNBBuL5f6n6n2,10,10,0,0,0,0,0
WiQVGd1lX9Q5glrdq9gT,Rue du Musée,played,captain,ChIJ4ypzX6B15kcRFesay1dBJco,48.71676&2.39852,2024-01-21T09:30:00.000Z,120,1,private,false,Compétition,5,5v9WX6HkohWW6s4r8BR39p1iJxu1,16,16,7,0,0,0,2
WiePAkeUudVmB3GXkR09,Top Ten,canceled,pro,ChIJfXprBx4b5kcRmhe-5pLZUek,48.8729106&2.6840919,2024-02-12T16:00:00.000Z,90,5,public,false,,,i27253AGxOfXgYJK72sBnvUGuMk2,0,10,0,0,0,0,0
WioGxovZfs0Is19yWc42,Top Ten,published,pro,,48.8729106&2.6840919,2024-02-23T22:00:00.000Z,90,16.5,public,false,,,i27253AGxOfXgYJK72sBnvUGuMk2,0,10,0,0,0,0,0
WiybRdv5AcRIWdBFGcLR,Top Ten,published,pro,,48.8729106&2.6840919,2024-03-05T22:00:00.000Z,90,16.5,public,false,,,i27253AGxOfXgYJK72sBnvUGuMk2,0,10,0,0,0,0,0
WjmADzaEcRakfD8RVEXN,Stadium Thiais,published,pro,,48.7511024&2.3713455,2024-02-08T14:00:00.000Z,90,8,public,false,,,psf3NmXEPwdCltHKJC7VuvJocrF3,0,10,0,0,0,0,0
Wk7LWKk38tfco77rwVIy,LE FIVE Sarcelles,played,captain,ChIJ6_q3Fxhq5kcRCpoEwnoXX1Q,48.99782219999999&2.3902225,2024-01-31T19:30:00.000Z,90,15,public,false,Compétition,4,gZXOaJYmqXZzyHsV0VBGyeg0zw82,10,10,3,0,0,0,0
WkZWgwFCmx0ioFpiSCTY,LE FIVE Paris 17,published,captain,ChIJ7eI8sFNv5kcR5xy52Wc57NU,48.900032&2.3213449,2024-02-08T18:00:00.000Z,60,12,public,true,Détente,3,G8mUuWdpvyRMd7WcoRFkLn8r7TZ2,9,10,0,0,0,0,1
WlKT0u9ytrrzlKpJT9Np,LE FIVE Paris 18,published,pro,,48.8978522&2.3700234,2024-02-27T21:20:00.000Z,90,10,public,false,,,UQf33jQhVZhle917nO0h7D5qclV2,0,10,0,0,0,0,0
WlentOffmjyATWA9D1Kx,Stadium Thiais,published,pro,,48.7511024&2.3713455,2024-03-11T16:30:00.000Z,90,10,public,false,,,psf3NmXEPwdCltHKJC7VuvJocrF3,0,10,0,0,0,0,0
WmKu1kDXMYKqdDyA1vw1,F5 Foot Five,played,captain,ChIJjUbM5G7A9EcRW3mlkrhyXxY,45.7857911&4.905926399999999,2024-02-09T19:00:00.000Z,60,9.5,public,false,,4,1oj8NXGqeiXqGZ1uu2Tyz2ZGdBt1,10,10,3,0,0,0,2
WmQqur7Y3w9mePx2WhyG,Stadium Thiais,published,pro,,48.7511024&2.3713455,2024-02-18T15:00:00.000Z,90,15,public,false,,,psf3NmXEPwdCltHKJC7VuvJocrF3,0,10,0,0,0,0,0
Wmq0zYDYBQYnfrbGCVFz,Stadium Thiais,published,pro,,48.7511024&2.3713455,2024-01-20T12:00:00.000Z,90,15,public,false,,,psf3NmXEPwdCltHKJC7VuvJocrF3,1,10,0,0,0,0,0
WqDd5ezhao58sJ9uFsPB,LE FIVE Montreuil,published,pro,,48.8613036&2.4653095,2024-02-29T22:00:00.000Z,60,8,public,false,,,u9uC1vjdcdQ3UqNxI0SiFxor0m43,0,10,0,0,0,0,0
WqRfik281GZdHZeIXnR0,Foot POWER 5,canceled,pro,,48.960066&2.2061913,2024-03-03T11:00:00.000Z,90,10,public,false,,,sss3dYi6nzWd7rEjwcQ30LGKudj1,0,10,0,0,0,0,0
Wqx7p5Sg6JARVzVl5LKo,FOOTMAX,draft,captain,ChIJJazitpdJ5kcRIN9wK_jwKUY,49.2391128&2.4577023,2024-01-29T18:00:00.000Z,60,9,public,false,,,XJcxY1mCdZYQzsV6l6Jbc9L322r2,0,10,0,0,0,0,0
WrxJfr6RkOoQEpQFgJ99,Stade Élisabeth,published,captain,ChIJkXj9tq5x5kcROlxynHzTh9o,48.8207737&2.3270972,2024-02-08T18:00:00.000Z,120,,public,false,Compétition,5,oKfGVfs7dYecPpobKfuTXiuhh8J3,7,14,0,0,0,0,0
WsNZoofObNZyhGd4HtRI,Monclub Futbol,played,captain,ChIJGbxxaamUyRIRgGvhHnhJStA,43.4299152&5.4001974,2024-02-09T18:00:00.000Z,60,10,public,false,Compétition,5,i8DdNisnIkXIfAwB5TaeN7nyliA3,10,10,4,0,0,0,1
WsbvnDMVhsBTxVF58s3b,LE FIVE Paris 18,canceled,captain,ChIJpVT4_n1u5kcRzji6FdTBXXo,48.8978522&2.3700234,2024-02-04T22:00:00.000Z,60,5,public,true,Compétition,5,HQVCQOz6OrhL220511FtYes80UL2,5,10,0,0,0,0,0
Wsucy5vOb5AdgCWEuobu,FOOT IN FIVE,published,captain,ChIJoUR0syFp5kcRUlStnwluaYY,48.9552257&2.3328346,2024-02-15T19:30:00.000Z,90,15,public,false,Détente,3,s9uuSbnCRpc7cUN0PQaFTQdkWdE2,9,10,0,0,0,0,0
WtDKi0FXxRcvfaWmPFxE,Top Ten,published,pro,,48.8729106&2.6840919,2024-01-23T21:30:00.000Z,90,16.5,public,false,,,i27253AGxOfXgYJK72sBnvUGuMk2,0,10,0,0,0,0,0
Ww1QsULvvjCLczPzLRHB,UrbanSoccer - Lille Lezennes,draft,captain,ChIJR3ro5nTWwkcRfM_S3Be9HjI,50.6162725&3.0998108,2024-02-01T18:00:00.000Z,60,,public,false,,,Oo3IjP5M40a60G6EUcmgRxngDci1,0,0,0,0,0,0,0
Ww1a6zPQmVZyiTXNr1HG,LE FIVE Sarcelles,canceled,captain,ChIJ6_q3Fxhq5kcRCpoEwnoXX1Q,48.99782219999999&2.3902225,2024-02-05T18:45:00.000Z,60,10,public,false,Compétition,5,ew3GACDRP8UnjNCcNvvniBkgvOP2,9,10,0,0,0,0,0
WwXtORHLrwvQvHSSAiEG,LE FIVE Montreuil,published,pro,,48.8613036&2.4653095,2024-02-22T22:00:00.000Z,60,8,public,false,,,u9uC1vjdcdQ3UqNxI0SiFxor0m43,0,10,0,0,0,0,0
WyCo2N18uq1Mbws60461,LE FIVE Paris 18,played,pro,ChIJpVT4_n1u5kcRzji6FdTBXXo,48.8978522&2.3700234,2024-01-21T21:30:00.000Z,90,12,public,false,,,UQf33jQhVZhle917nO0h7D5qclV2,10,10,6,0,0,0,5
WyQedhxTTwvIgzOnJnZS,LE FIVE Paris 18,published,pro,,48.8978522&2.3700234,2024-02-26T21:20:00.000Z,90,10,public,false,,,UQf33jQhVZhle917nO0h7D5qclV2,0,10,0,0,0,0,0
Wyie1cmPgafz4jIwsXo0,Footbox,published,pro,,48.9022789&2.582647,2024-03-06T22:00:00.000Z,60,10,public,false,,,QI89VPazyLhBVnWH871jk4BUEZI3,0,10,0,0,0,0,0
WyrqmeFexlkdHlVnalTy,UrbanSoccer - Puteaux,played,captain,ChIJM_sC0-Nk5kcRhL1y_EFIje8,48.8836397&2.2312283,2024-01-30T11:00:00.000Z,60,10.5,public,true,Détente,,ux445iWsvRbHkdkIfy7f3OevvQ62,10,10,0,0,0,0,0
X0SBUqBBAF82KLFdA1N1,LE FIVE Paris 13,published,pro,ChIJ_bOSChhz5kcRZMTeq_6Gdzg,48.8181615&2.3658793,2024-02-10T10:00:00.000Z,90,13,public,false,,,FjSnzlRFFfhWVWQJGfIEwRc2ZMj2,1,10,0,0,0,0,0
X1PAfnlxsjgjiYdXfmJk,Stadium Thiais,published,pro,,48.7511024&2.3713455,2024-02-18T10:30:00.000Z,90,15,public,false,,,psf3NmXEPwdCltHKJC7VuvJocrF3,1,10,0,0,0,0,0
X1a6sq5tnfKRSlCmRxs8,UrbanSoccer La Défense,canceled,captain,ChIJh4rnfVhk5kcRV2Q-ZKdm8vA,48.8996456&2.2216773,2024-01-30T16:30:00.000Z,60,13.5,public,true,Détente,2,DJvtoLO1iCYbjpQh54G9B3aKgSg1,10,10,0,0,0,0,0
X35cHvnuobMM7Im8xCfj,LE FIVE Montreuil,published,pro,,48.8613036&2.4653095,2024-01-31T16:30:00.000Z,90,11.5,public,false,,,u9uC1vjdcdQ3UqNxI0SiFxor0m43,0,10,0,0,0,0,0
X3UeEj4DmrmZsM3hoHG8,LE FIVE Paris 18,published,pro,,48.8978522&2.3700234,2024-02-13T21:20:00.000Z,90,10,public,false,,,UQf33jQhVZhle917nO0h7D5qclV2,9,10,0,0,0,0,4
X4SUow2bbpmmD1P2XlrT,Stadium Thiais,published,pro,,48.7511024&2.3713455,2024-03-08T14:00:00.000Z,90,8,public,false,,,psf3NmXEPwdCltHKJC7VuvJocrF3,0,10,0,0,0,0,0
X5suPlrPmIdzXBuOKvt3,UrbanSoccer La Défense,canceled,captain,,48.8996456&2.2216773,2024-01-21T09:15:00.000Z,90,,public,true,Détente,3,wTtvkw2paHS0LzkIWUzAnUHcMP62,10,10,0,0,0,0,0
X610tSsiUEMxFn6cxtCH,LE FIVE Paris 17,played,captain,ChIJ7eI8sFNv5kcR5xy52Wc57NU,48.900032&2.3213449,2024-01-28T16:00:00.000Z,90,18,public,true,Détente,2,hOUQ7eUBUHZMEDxYrcB9nugdZSZ2,10,10,0,0,0,0,0
X7m3IiTrUjbR24ZCtB4e,LE FIVE Bezons,canceled,captain,ChIJ71Mv0Wpk5kcRg-H9x7L-dXo,48.9190524&2.211796,2024-02-02T21:00:00.000Z,90,14,public,true,Détente,3,xIBEOJ9ZGgUH9M5kgcfymVflIKv1,5,10,0,0,0,0,0
X9AcyRzwY5RAhcVAubuL,Top Ten,canceled,pro,ChIJfXprBx4b5kcRmhe-5pLZUek,48.8729106&2.6840919,2024-01-20T17:00:00.000Z,90,15,public,false,,,i27253AGxOfXgYJK72sBnvUGuMk2,0,10,0,0,0,0,0
X9NRX4UPCMnL0SZ4anVq,LE FIVE Paris 18,canceled,pro,,48.8978522&2.3700234,2024-01-24T21:20:00.000Z,90,10,public,false,,,UQf33jQhVZhle917nO0h7D5qclV2,1,10,0,0,0,0,0
X9sDJHqEXTX9BmTcBPCO,BIG5,canceled,captain,ChIJsb_7TJFp5kcRSPL5VqZulr4,48.9901429&2.3617895,2024-01-20T19:00:00.000Z,90,13,public,false,Détente,2,C9SRMrcQ22WtsEqbmaxPpyB0gDn1,8,10,0,0,0,0,0
X9y8aKfV9lRWXzVgIwFt,LE FIVE Bezons,canceled,captain,ChIJ71Mv0Wpk5kcRg-H9x7L-dXo,48.9190524&2.211796,2024-02-04T21:00:00.000Z,90,13,public,true,Compétition,5,onVoUGpZkOckTmObo96e9w84o0L2,2,10,0,0,0,0,0
XBX01yd641CKVxLbc7Sr,Stadium Thiais,canceled,captain,ChIJ64X9jzx05kcRsHvSfOv6UcA,48.7511024&2.3713455,2024-01-22T21:00:00.000Z,90,14,public,false,Détente,3,0ZjHLSfEApPWXDsKIZKmXshY5lr1,8,10,0,0,0,0,0
XBuPYgi8th7S3gzFxWbd,Gymnase Felix Eboué,canceled,captain,ChIJ-yo0UegS5kcRuceZIBAQaGg,48.8817274&2.4843295,2024-02-11T09:45:00.000Z,120,,public,false,Compétition,4,5tI7nJKuTRWNJgO1jYKyzMYNwog2,11,12,0,0,0,0,0
XEB2mjBeLe8DbL6mMtzX,Hall des sports Langevin-Wallon,played,captain,ChIJGSdHn74T5kcRGAx1z0JCbwo,48.8808&2.4821681,2024-01-26T19:30:00.000Z,120,,public,false,Compétition,4,5tI7nJKuTRWNJgO1jYKyzMYNwog2,12,12,5,0,0,0,6
XH8NLSgQU9HWwMVr6dkT,Testing Purposes,published,pro,,67.461524&-152.801377,2024-02-01T19:15:00.000Z,60,12,public,false,,,f2LrY7SAV3U1V9tUVAZfiMxA3uu1,0,10,0,0,0,0,0
XI3GCUyAhN34LOtNDXxQ,Kinshasa,published,pro,,-4.3032527&15.310528,2024-01-26T15:30:00.000Z,90,11,public,false,,,zCvsukfMuuffsuPpSTQwb7MusMD2,0,10,0,0,0,0,0
XIcW3D7INgG8ND4dwKeV,Stade de la Plaine,played,captain,ChIJsZ2XBj165kcRuf1UK_aXv9k,48.7905631&2.2495574,2024-01-20T14:00:00.000Z,90,,public,false,Compétition,3,QofQD7xEt3MMv8tfFXfVQLTuuUm2,14,14,11,0,0,0,5
XJtbw7wRWc92Hlh3RkKT,Footbox,published,pro,,48.9022789&2.582647,2024-03-12T14:00:00.000Z,60,7,public,false,,,QI89VPazyLhBVnWH871jk4BUEZI3,0,10,0,0,0,0,0
XKkNPwmlwsji9SzFNwAp,UrbanSoccer - Porte d'Aubervilliers,played,captain,ChIJ0dXjDCZs5kcRvX0EpMwxsUY,48.9074912&2.3746518,2024-01-22T19:30:00.000Z,60,14.5,public,true,Détente,3,4Tc3ekjSLVhB0GHhDoDpiY712m42,10,10,2,0,0,0,1
XN5jAnLR452lKTFG6Pzb,UrbanSoccer - Lille Bondues,played,captain,ChIJ58ZerMgrw0cR2Jyp7tZjBn4,50.6913774&3.0860264,2024-02-05T17:30:00.000Z,60,11,public,true,Détente,,jff5gmZs5jNn2Ze534jPswj76cl2,10,10,1,0,0,0,0
XNPHn8a0RpgdAZbZ7CIa,Stadium Thiais,published,pro,,48.7511024&2.3713455,2024-03-01T15:00:00.000Z,90,8,public,false,,,psf3NmXEPwdCltHKJC7VuvJocrF3,0,10,0,0,0,0,0
XOOcwJkDsQM4FaOD7cDe,LE FIVE Montreuil,published,pro,,48.8613036&2.4653095,2024-02-02T16:30:00.000Z,90,11.5,public,false,,,u9uC1vjdcdQ3UqNxI0SiFxor0m43,0,10,0,0,0,0,0
XOxoyuMPHYZN0RqnK4FX,LE 5 DE LEGENDE,canceled,captain,ChIJU_aXKN_A9EcRHCY74rI9i4Y,45.7617542&4.9413708,2024-01-31T20:00:00.000Z,60,10,public,false,Détente,3,uCbhu8IKBbXoNPQADDizNjG82m92,7,10,0,0,0,0,0
XQViTcJRr15MotTRvZxY,FOOT INDOOR Marseille,published,captain,ChIJ41AMCxC8yRIRLHLGt11sc-U,43.2859688&5.4882746,2024-02-13T20:00:00.000Z,60,10,public,false,Détente,3,b1krv79TRpPPlUmJMEcfdMUGfnG3,8,10,0,0,0,0,0
XR10dOZF5ZtFss7vN1su,Foot POWER 5,canceled,pro,,48.960066&2.2061913,2024-02-19T21:30:00.000Z,90,7,public,false,,,sss3dYi6nzWd7rEjwcQ30LGKudj1,0,10,0,0,0,0,0
XSQUJosIwoc8kovPVdmY,UrbanSoccer - Quai d'Ivry,played,captain,ChIJfXxYJ0xy5kcRw9xTkF6-FZQ,48.8199885&2.3936463,2024-01-31T20:15:00.000Z,60,14,public,true,Détente,2,3gs7ui3abeb1VBgz0TAbMl8bM8l2,10,10,3,0,0,0,0
XTQyUqTryShhFzNpKWB4,Play Soccer,published,captain,ChIJQ-UxZn-5rhIRKWoQydM5T9s,43.5512023&1.4098927,2024-01-25T11:00:00.000Z,60,8,public,false,,,pL0skPQs4CYYVXb682MCC9jXu8K2,8,10,0,0,0,0,0
XTVVfGDH1ZNKBtwcQ099,Game 13 foot indoor,canceled,captain,ChIJNSDvlsXryRIRUXao9hwB79I,43.41258939999999&5.366617,2024-01-25T20:30:00.000Z,60,10,public,false,Compétition,3,U4uVJxQAMySzPBXZN4MEYGNEuCe2,7,10,0,0,0,0,1
XTwsA2DEKGLCfQW18FGE,Stadium Thiais,published,pro,,48.7511024&2.3713455,2024-03-01T16:30:00.000Z,90,10,public,false,,,psf3NmXEPwdCltHKJC7VuvJocrF3,0,10,0,0,0,0,0
XVSC3bSTesaWat1kAtJs,LE FIVE Sarcelles,canceled,captain,ChIJ6_q3Fxhq5kcRCpoEwnoXX1Q,48.99782219999999&2.3902225,2024-02-02T21:30:00.000Z,90,13,public,true,Compétition,3,C95eHewoTPa5Utlbnv6pXk5hRLy2,10,10,0,0,0,0,0
XW0XLcheJL7SDsZWoWEv,Foot paris,published,captain,ChIJd2GJua5t5kcR_zneoHO7R-k,48.8904693&2.3731397,2024-02-04T10:00:00.000Z,150,2,public,false,Compétition,5,6g66Hr0t8ESpVJkqTW80lI9cRdr2,14,18,0,0,0,0,3
XW9eUfeoSRsy72o53jaZ,LE FIVE Paris 17,played,captain,ChIJ7eI8sFNv5kcR5xy52Wc57NU,48.900032&2.3213449,2024-02-01T20:00:00.000Z,60,12,public,true,Détente,3,zm5qjZYZ5VMK9DVnIRrybTpFLiG3,10,10,1,0,0,0,0
XWw8xUdExNf90g4C2FVK,Foot POWER 5,canceled,pro,,48.960066&2.2061913,2024-02-29T21:30:00.000Z,90,7,public,false,,,sss3dYi6nzWd7rEjwcQ30LGKudj1,0,10,0,0,0,0,0
XX8t3ZVydocpL0PikMqV,Stadium Thiais,published,pro,,48.7511024&2.3713455,2024-02-27T14:00:00.000Z,90,8,public,false,,,psf3NmXEPwdCltHKJC7VuvJocrF3,0,10,0,0,0,0,0
XX9dmAQJ8DnQZNtMAErI,UrbanSoccer - Lyon Parilly,played,captain,ChIJx3FQWjLC9EcRrrQb2eV7i_4,45.7120399&4.9039284,2024-01-23T18:30:00.000Z,60,11,public,true,Détente,3,n5c9QLSYaOZtWbLBuNEQjHF3BRq1,10,10,4,0,0,0,0
XYTqSxhQnm7hNqDYkA4C,Classico Foot,canceled,captain,ChIJFV442oCxrhIRgsZy5aIbkNs,43.5945434&1.2911399,2024-01-28T16:00:00.000Z,60,9,public,false,,3,QFeUoXgFena6X5JrQ0j3n7npgKy1,3,10,0,0,0,0,0
XYdxkrt6in1Or2sFxrB2,Stadium Thiais,played,pro,,48.7511024&2.3713455,2024-01-26T17:00:00.000Z,90,14,public,false,,,psf3NmXEPwdCltHKJC7VuvJocrF3,10,10,6,0,1,0,2
XYwuf0kBO7Yl1MmTSFJk,LE FIVE Marville - La Courneuve,played,captain,ChIJ2dHdMZxr5kcR0aKYHYsp0pY,48.9364404&2.3869147,2024-01-22T20:00:00.000Z,90,15,public,false,Détente,3,qprDASpz0Dg8ax2ZL7FV3wjVFL02,10,10,3,0,0,0,0
XZ1rSBApHVxZxl56P32B,UrbanSoccer - Toulouse Montaudran,played,captain,ChIJl772e0u8rhIR2foRX4Xa2CI,43.574642&1.4801835,2024-02-05T11:20:00.000Z,60,8,public,true,Détente,3,tw2vPyadcybRr00VteOCyDGZvnt1,10,10,0,0,0,0,0
XZb15HE896SsN18VDn5I,Foot-Max Argenteuil,published,captain,ChIJi9oIzaRm5kcRJYcK7QsdRMU,48.9501569&2.2093741,2024-02-16T19:30:00.000Z,90,12,public,false,Compétition,5,x1rFpjV0niWhBEzm6w7OmAGUBpD3,10,10,0,0,0,0,2
XZd5xGTFJuvlnP6ew9NV,BIG5,played,captain,ChIJsb_7TJFp5kcRSPL5VqZulr4,48.9901429&2.3617895,2024-02-04T17:30:00.000Z,90,12.5,public,false,Détente,,ReCsHFTJF2UPbBz6r46f8OeS5rT2,10,10,0,0,0,0,1
XadQsWlzT94CD6LLgckO,Footbox,published,pro,,48.9022789&2.582647,2024-03-01T16:00:00.000Z,60,7,public,false,,,QI89VPazyLhBVnWH871jk4BUEZI3,0,10,0,0,0,0,0
Xb06jElrplXiZ0cGqcD5,LE FIVE Bezons,published,pro,,48.91909&2.2093051,2024-02-16T16:30:00.000Z,90,10.5,public,false,,,U3MriTZbPbTUEsU6RtRuHxDMKvg2,10,10,0,0,0,0,1
XbFqxDVE2YlwYGtZ3BD3,LE FIVE Paris 18,played,pro,,48.8978522&2.3700234,2024-02-02T16:00:00.000Z,60,5,public,false,,,UQf33jQhVZhle917nO0h7D5qclV2,10,10,2,0,0,0,10
XbMOQQ4NQp65UwVZkvPV,Stade Élisabeth,published,captain,ChIJkXj9tq5x5kcROlxynHzTh9o,48.8207737&2.3270972,2024-02-14T18:00:00.000Z,120,2,public,false,Compétition,5,8i5faoQkJ4YSkhRB5skPBLiEh1G3,16,16,0,0,0,0,2
XbPAJnWGOndhLmezqHmO,Stadium Thiais,published,pro,,48.7511024&2.3713455,2024-02-16T18:00:00.000Z,90,15,public,false,,,psf3NmXEPwdCltHKJC7VuvJocrF3,10,10,0,0,0,0,2
XbconTkXlHCoN2FX3N0K,UrbanSoccer - Puteaux,played,captain,ChIJM_sC0-Nk5kcRhL1y_EFIje8,48.8836397&2.2312283,2024-02-05T17:30:00.000Z,60,13.5,public,true,Détente,,gS2tE4wr3jbmluTfpk5CLCYpWd03,10,10,3,0,0,0,0
Xd6Pr6OCOmUPLGWGjNws,STADIUM FOOT 5 VILLAGE,published,captain,ChIJbbOWFtC4yRIR0WXVerbWmnE,43.269413&5.4260321,2024-01-27T09:00:00.000Z,60,10,public,false,Détente,3,QlqNeGwFLxfMRaCBaWqAprByVC53,9,10,0,0,0,0,0
Xeg65xd36Fjrn8hZ5e1r,LE FIVE Montreuil,published,pro,,48.8613036&2.4653095,2024-01-19T22:00:00.000Z,60,8,public,false,,,u9uC1vjdcdQ3UqNxI0SiFxor0m43,1,10,0,0,0,0,0
Xf1D7jsPtrQRtgHbem6W,Foot POWER 5,canceled,pro,,48.960066&2.2061913,2024-01-24T21:30:00.000Z,90,7,public,false,,,sss3dYi6nzWd7rEjwcQ30LGKudj1,0,10,0,0,0,0,0
XfYPvyPiD6XM4KjMQLBd,UrbanSoccer - Marne-La-Vallée,canceled,captain,ChIJ6bDBiosP5kcROXiloHzSdhc,48.82658600000001&2.6296937,2024-01-28T19:00:00.000Z,60,10,public,true,Compétition,3,DVXaUvaR4zPrFICIZA5rLSmonVG2,5,10,0,0,0,0,0
XfnLzu06KjoD2c8CtkSz,UrbanSoccer - Grenoble,published,captain,ChIJX6YWdrz1ikcRwdG7lUc49fg,45.2039795&5.7734857,2024-01-31T17:45:00.000Z,90,10,public,true,Détente,2,hmI9qwmxcLVM8ieeVjHoDsqBTch2,9,10,0,0,0,0,0
Xh3yoS7c244A0eYySpR0,Stadium Thiais,played,pro,,48.7511024&2.3713455,2024-01-22T18:00:00.000Z,90,15,public,false,,,psf3NmXEPwdCltHKJC7VuvJocrF3,10,10,10,0,0,0,2
XhbHDEflDoC2izcpM3EP,Foot POWER 5,canceled,pro,,48.960066&2.2061913,2024-02-20T20:00:00.000Z,90,7,public,false,,,sss3dYi6nzWd7rEjwcQ30LGKudj1,0,10,0,0,0,0,0
XhlJEeusx7qQe5TfAlAd,Stade de football de Rognonas,canceled,captain,ChIJydAKW0fptRIRFoMYlXd7DwA,43.8987722&4.8059385,2024-01-24T13:00:00.000Z,60,9,public,false,,,iWsQ4PREPkgt7xg09jTv19vUpgC3,1,10,0,0,0,0,0
XjVOzWCo0n0CI2KiObT5,Footbox,canceled,captain,ChIJY-WkusIR5kcR-tEad3UtaSQ,48.9022789&2.582647,2024-02-08T11:00:00.000Z,60,12,public,false,Détente,3,lew9uSpD5XZ1ssU57aslTyBtXeX2,9,10,0,0,0,0,0
XjrZJElfFAE13T8h2K3Y,Foot POWER 5,canceled,pro,,48.960066&2.2061913,2024-02-04T20:00:00.000Z,90,10,public,false,,,sss3dYi6nzWd7rEjwcQ30LGKudj1,0,10,0,0,0,0,0
XkKxbBK8k9arxeT9bNsq,Speed Soccer Five,published,pro,,48.7360598&2.315058,2024-02-13T17:00:00.000Z,90,13,public,false,,,MkTJljXziPXBdRdijccndMLBNCC3,2,10,0,0,0,0,0
XlvoH0yHvK21UNVqs3ij,Stadium Thiais,published,pro,,48.7511024&2.3713455,2024-01-26T16:30:00.000Z,90,10,public,false,,,psf3NmXEPwdCltHKJC7VuvJocrF3,0,10,0,0,0,0,0
XmVo1dbFyu8q00HUfWqA,STADIUM FOOT 5 VILLAGE,canceled,captain,ChIJbbOWFtC4yRIR0WXVerbWmnE,43.269413&5.4260321,2024-02-11T16:00:00.000Z,60,10,public,false,Détente,,MKjoGJESIIfNKw5sH93VODBuvLv2,9,10,0,0,0,0,0
XpeCTddyZ25VR7CVBX2p,Foot POWER 5,canceled,pro,,48.960066&2.2061913,2024-02-13T18:30:00.000Z,90,7,public,false,,,sss3dYi6nzWd7rEjwcQ30LGKudj1,0,10,0,0,0,0,0
XpeZJGUB7qIdAaSSlDV9,Halle Georges Carpentier,canceled,captain,ChIJnXkSwCty5kcR-nlHXNFQlg4,48.82020139999999&2.3672361,2024-01-29T14:00:00.000Z,120,,public,false,Détente,,FYfgfT1shkXXyaMI4sZTA7d9Qdw2,1,16,0,0,0,0,0
Xq3h8dAlhw2XmajnDUbQ,Footbox,published,pro,,48.9022789&2.582647,2024-02-25T16:00:00.000Z,60,10,public,false,,,QI89VPazyLhBVnWH871jk4BUEZI3,0,10,0,0,0,0,0
XqpaEW6oLUnkg6XTs2Ty,UrbanSoccer Meudon,published,captain,ChIJ0WKvjbh75kcRoqSmyWwW2jQ,48.80013599999999&2.2140811,2024-01-20T17:00:00.000Z,60,9,public,true,,3,39hn1OcaTeWqvRhgWHvCKrpEcBU2,5,10,0,0,0,0,0
XtkHp7zsldyC6ndtRHUy,Top Ten,published,pro,,48.8729106&2.6840919,2024-02-08T11:00:00.000Z,90,5,public,false,,,i27253AGxOfXgYJK72sBnvUGuMk2,1,10,0,0,0,0,0
XuBTkK2KL1V0rtSmT61J,LE FIVE Paris 18,draft,captain,ChIJpVT4_n1u5kcRzji6FdTBXXo,48.8978522&2.3700234,2024-01-30T18:30:00.000Z,60,14,public,true,Détente,2,yb2Lf2SE43Qbv9lslzMllwnrtFF3,0,10,0,0,0,0,0
XuUrwhwDpKUUtkCPzMTk,Foot POWER 5,canceled,pro,,48.960066&2.2061913,2024-01-30T21:30:00.000Z,90,7,public,false,,,sss3dYi6nzWd7rEjwcQ30LGKudj1,0,10,0,0,0,0,0
XuWbA1vMgFcLBbczsV09,UrbanSoccer - Asnières,played,captain,ChIJi5LkLT9v5kcRSlhScqEFNWs,48.92192379999999&2.3068311,2024-02-10T18:15:00.000Z,60,10,public,true,,3,HAZCGcJPRiR8NwwAKxJ3dP8opDb2,10,10,1,0,0,0,0
XuvJbkWUJfMDqVxxO6ti,Stade Municipal de Châtillon,canceled,captain,ChIJR4npU45w5kcR31mOzMmoOwA,48.809172&2.287586,2024-01-23T11:10:00.000Z,90,,public,false,Détente,3,rzC8A0bd4afb9AWrHKlCPT9461y1,11,18,0,0,0,0,2
XvLIC3iCneXBAZrEefxD,Stadium Thiais,played,pro,ChIJ64X9jzx05kcRsHvSfOv6UcA,48.7511024&2.3713455,2024-01-24T15:00:00.000Z,90,8,public,false,,,psf3NmXEPwdCltHKJC7VuvJocrF3,12,12,9,0,0,0,2
Xwkn1L6kEw75U40PRSXL,LE FIVE Morangis,played,captain,ChIJA4uAhOXZ5UcRp-vZXZP-ovY,48.692672&2.3192811,2024-01-30T20:30:00.000Z,90,13,public,false,Compétition,3,sH1ldKgn8Tbpv6K7UAKl6vHdwE03,10,10,3,0,0,0,0
Y092taGcjq3x5JR9WYuS,Footbox,published,pro,,48.9022789&2.582647,2024-02-17T13:00:00.000Z,60,10,public,false,,,QI89VPazyLhBVnWH871jk4BUEZI3,0,10,0,0,0,0,0
Y0UpzYFwwqtRJF2XjWsI,Foot POWER 5,canceled,pro,,48.960066&2.2061913,2024-03-04T17:00:00.000Z,90,5,public,false,,,sss3dYi6nzWd7rEjwcQ30LGKudj1,0,10,0,0,0,0,0
Y1cIg5BRjN36XCM37GiM,Top Ten,published,pro,,48.8729106&2.6840919,2024-02-19T21:30:00.000Z,90,16.5,public,false,,,i27253AGxOfXgYJK72sBnvUGuMk2,0,10,0,0,0,0,0
Y2VH0Huhnbk934fPzPBk,Stadium Thiais,played,captain,ChIJ64X9jzx05kcRsHvSfOv6UcA,48.7511024&2.3713455,2024-01-26T16:45:00.000Z,90,,public,false,Compétition,,5EeXakeQlrMNtVomjPsNv5syEp02,10,10,1,0,0,0,1
Y3QpWk3QOZElYt0UlgiT,Le Street Foot en Salle,played,captain,ChIJt_AXL6Jg5kcRu6rBmnrmeUM,49.0164435&2.181307,2024-02-10T09:15:00.000Z,120,10,public,false,Détente,3,aCPGHZTGQaV2Cbw0D43kNCsMkrg1,12,12,3,0,0,0,0
Y3UoYuUdUA13leN0gdX7,Foot paris,published,captain,ChIJd2GJua5t5kcR_zneoHO7R-k,48.8904693&2.3731397,2024-02-18T09:30:00.000Z,150,2,public,false,Compétition,5,6g66Hr0t8ESpVJkqTW80lI9cRdr2,14,18,0,0,0,0,1
Y3adhm7xgKpgcC6z3YZj,LE PARK Complexe Multisports,canceled,captain,ChIJdUHbID8O5kcRV5lQhiHTvhs,48.8337843&2.5728501,2024-01-28T16:00:00.000Z,90,15,public,false,Détente,3,i3kj7ZbPjZTqKRrksJRYL8kBd6K2,5,10,0,0,0,0,0
Y4DnQ2WntdYeWJfjE3OC,LE FIVE Montreuil,published,pro,,48.8613036&2.4653095,2024-02-02T22:00:00.000Z,60,8,public,false,,,u9uC1vjdcdQ3UqNxI0SiFxor0m43,8,10,0,0,0,0,2
Y5nhIj9HvQKAF7l4aKjt,UrbanSoccer - Porte d'Aubervilliers,published,captain,ChIJ0dXjDCZs5kcRvX0EpMwxsUY,48.9074912&2.3746518,2024-02-01T21:30:00.000Z,90,14,public,true,,3,4wlgJV2EZlXrc0jLsYRPkRbeOEC3,3,10,0,0,0,0,0
Y7DCyyGxNK0c3tx4qSNe,LE FIVE Champigny,published,pro,,48.8194084&2.5251846,2024-02-27T16:00:00.000Z,60,7,public,false,,,evlV9mUgATYQ5343zpYZvk4w0r03,0,10,0,0,0,0,0
Y7QsTPzhcGPjid4Juv6E,LE FIVE Montreuil,published,pro,,48.8613036&2.4653095,2024-02-28T16:30:00.000Z,90,11.5,public,false,,,u9uC1vjdcdQ3UqNxI0SiFxor0m43,0,10,0,0,0,0,0
Y7wn09JgQ0nFd7j5Hvxf,LE FIVE Bobigny,published,pro,,48.901553&2.4313304,2024-01-23T22:00:00.000Z,60,8,public,false,,,4owi3i7t8EOvFNF6UQvACOpiDRy1,3,10,0,0,0,0,0
Y82NebOJwhlGq4dva5Yg,Foot-Max Argenteuil,canceled,pro,,48.9501632&2.2093946,2024-01-23T18:00:00.000Z,60,7,public,false,,,SuEnyPZ4TgNIkt1yap2yJ3ZHO6p1,0,10,0,0,0,0,0
Y863dYDVQxpmV8M6hf9M,UrbanSoccer - Porte d'Aubervilliers,published,captain,ChIJ0dXjDCZs5kcRvX0EpMwxsUY,48.9074912&2.3746518,2024-01-30T19:15:00.000Z,60,14.5,public,true,Détente,2,b2L6ymzheaUlsTrjazVtCxh7sio1,9,10,0,0,0,0,0
Y8ElYPxRhqF1QfZNS8Ac,UrbanSoccer - Quai d'Ivry,canceled,captain,ChIJfXxYJ0xy5kcRw9xTkF6-FZQ,48.8199885&2.3936463,2024-02-01T14:15:00.000Z,60,,private,true,Détente,3,84TO5SKjqpSu0Yc1bO2VGGUTYjf2,1,10,0,0,0,0,0
Y8bROwQzHK1xZR7c8nxm,LE FIVE Bobigny,published,pro,,48.901553&2.4313304,2024-02-20T22:00:00.000Z,60,8,public,false,,,4owi3i7t8EOvFNF6UQvACOpiDRy1,0,10,0,0,0,0,0
YABqHj1tuYfkiJEMMd87,Top Ten,published,pro,,48.8729106&2.6840919,2024-03-01T16:00:00.000Z,90,5,public,false,,,i27253AGxOfXgYJK72sBnvUGuMk2,0,10,0,0,0,0,0
YANdqYO4yEyDfeF036UN,LE FIVE Bezons,canceled,pro,,48.91909&2.2093051,2024-01-27T20:00:00.000Z,90,13.5,public,false,,,U3MriTZbPbTUEsU6RtRuHxDMKvg2,3,10,0,0,0,0,1
YAiXuSe5IasLvLF5B4Fk,Centre Sportif Jules Noël,canceled,captain,ChIJWZM9NFJw5kcRDJY_s1u1Er4,48.8241549&2.3145477,2024-01-27T17:00:00.000Z,120,,public,false,Compétition,5,oKfGVfs7dYecPpobKfuTXiuhh8J3,6,12,0,0,0,0,0
YBAwL0VL3iGv60303c9v,UrbanSoccer La Défense,played,captain,ChIJh4rnfVhk5kcRV2Q-ZKdm8vA,48.8996456&2.2216773,2024-01-29T18:15:00.000Z,60,14.5,public,true,Détente,,UtjQqmd3SdSzrVZNlXvfIyBEnDC3,10,10,0,0,0,0,0
YCygukzwnCs3zucwDQzs,Footbox,published,pro,,48.9022789&2.582647,2024-02-29T22:00:00.000Z,60,10,public,false,,,QI89VPazyLhBVnWH871jk4BUEZI3,0,10,0,0,0,0,0
YELQ4kQUkJMJKrKQOhsG,Stadium Thiais,published,pro,,48.7511024&2.3713455,2024-02-18T19:30:00.000Z,90,15,public,false,,,psf3NmXEPwdCltHKJC7VuvJocrF3,0,10,0,0,0,0,0
YFDIKdW1lQCuM91uGOAI,LE FIVE Paris 18,played,captain,ChIJpVT4_n1u5kcRzji6FdTBXXo,48.8978522&2.3700234,2024-01-27T12:30:00.000Z,90,20,public,true,Détente,2,b7P9lGD1NWOYPJlmIwMmlUMHjmt2,10,10,1,0,0,0,0
YFTl0qTckPyM14fqxKxc,Foot-Max Argenteuil,played,captain,ChIJi9oIzaRm5kcRJYcK7QsdRMU,48.9501569&2.2093741,2024-01-21T16:00:00.000Z,90,12,public,false,Détente,2,F8OWu4MspmRPd01zZ29PxlZXFZN2,10,10,7,0,0,0,6
YFzmcjifi2Z4I6TT3GoM,UrbanSoccer - Porte d'Aubervilliers,played,captain,ChIJ0dXjDCZs5kcRvX0EpMwxsUY,48.9074912&2.3746518,2024-02-05T09:30:00.000Z,90,7.5,public,true,,3,swNOBZQkiCYqDwEMrBPVkcRpaen2,10,10,0,0,0,0,2
YG4r1EJKB6F1AUaczHe2,Kipsta,played,captain,ChIJ0XpN_cUow0cReyYmuLmffS8,50.7086996&3.173711200000001,2024-02-02T20:00:00.000Z,60,7,public,false,Détente,3,MStt9zLZOzP30I3xzkekQkYDiXq2,10,10,1,0,0,0,0
YGX5KgtoE8GpuuGWWN7i,LE FIVE Montreuil,published,pro,,48.8613036&2.4653095,2024-01-24T11:00:00.000Z,90,10.5,public,false,,,u9uC1vjdcdQ3UqNxI0SiFxor0m43,1,10,0,0,0,0,0
YIB7xkeMzI7heVKbmO1P,LE FIVE Paris 18,played,captain,ChIJpVT4_n1u5kcRzji6FdTBXXo,48.8978522&2.3700234,2024-01-29T20:00:00.000Z,60,14,public,true,Détente,3,3iBCKUmpEMTLAc8TwNoybwyE87L2,10,10,2,0,0,0,0
YJ9BfcphDMcDp4y6BQxC,Game 13 foot indoor,published,captain,ChIJNSDvlsXryRIRUXao9hwB79I,43.41258939999999&5.366617,2024-01-21T18:00:00.000Z,60,10,public,false,Compétition,,g9UpblN4GdetODKXH5L35ZRNl5y1,5,10,0,0,0,0,0
YJNyHRVlX7QPXNhaLM20,Top Ten,published,pro,,48.8729106&2.6840919,2024-02-08T21:30:00.000Z,90,16.5,public,false,,,i27253AGxOfXgYJK72sBnvUGuMk2,0,10,0,0,0,0,0
YJjAuhEDoSBH2XoI2x8R,UrbanSoccer - Puteaux,played,captain,ChIJM_sC0-Nk5kcRhL1y_EFIje8,48.8836397&2.2312283,2024-01-30T14:00:00.000Z,90,,public,true,Chill,3,vflmu9vKCyWDQc8KqerpDKG89Nu1,10,10,2,0,0,0,2
YKEqLrM9fBhxeRIiQVEG,LE FIVE Sarcelles,played,captain,ChIJ6_q3Fxhq5kcRCpoEwnoXX1Q,48.99782219999999&2.3902225,2024-02-02T17:45:00.000Z,60,10,public,false,Compétition,5,ew3GACDRP8UnjNCcNvvniBkgvOP2,10,10,2,0,0,0,0
YLdkyGyFtY7tEdk1uboC,UrbanSoccer - Asnières,published,captain,ChIJi5LkLT9v5kcRSlhScqEFNWs,48.92192379999999&2.3068311,2024-02-13T20:30:00.000Z,90,13.5,public,true,Détente,3,vZsElmt88gMpyysHa4Il7nfYy4m2,10,10,0,0,0,0,1
YNclaKzM2Ro3fdhQuhUv,Complexe sportif Franc Moisin,published,captain,ChIJrQc5QEZv5kcRF0HyisE6QY0,48.9276779&2.3714076,2024-01-29T19:30:00.000Z,60,,public,false,Compétition,5,fddnyVPOj3SWmkSHP5MlIORYP3a2,12,14,0,0,0,0,2
YPFIgpiKSgSmw0szkoaT,Stadium Thiais,published,pro,,48.7511024&2.3713455,2024-02-01T11:00:00.000Z,60,7,public,false,,,psf3NmXEPwdCltHKJC7VuvJocrF3,2,10,0,0,0,0,0
YPLWWRxZ7qrcSqBmyCSH,Foot POWER 5,canceled,pro,,48.960066&2.2061913,2024-02-11T20:00:00.000Z,90,10,public,false,,,sss3dYi6nzWd7rEjwcQ30LGKudj1,0,10,0,0,0,0,0
YQHoop2VvpHHJBYE89tZ,Top Ten,published,pro,,48.8729106&2.6840919,2024-03-05T21:30:00.000Z,90,16.5,public,false,,,i27253AGxOfXgYJK72sBnvUGuMk2,0,10,0,0,0,0,0
YSoYQ3cVc3a2JswaPeLG,LE PARK Complexe Multisports,canceled,captain,ChIJdUHbID8O5kcRV5lQhiHTvhs,48.8337843&2.5728501,2024-01-20T09:00:00.000Z,120,10.5,private,false,Détente,2,9dfxOVkH5hUeQBphmBdnpqnF6JD3,9,10,0,0,0,0,0
YSx1xqGCBJ6JNINsP0Fo,Play Soccer,played,captain,ChIJQ-UxZn-5rhIRKWoQydM5T9s,43.5512023&1.4098927,2024-01-25T18:30:00.000Z,60,10,public,false,Détente,2,ALKmZi58BQcwiVINAeCH2chkXe32,10,10,1,0,0,0,0
YT8mhj2rmBw7RiNkNGIy,UrbanSoccer - Puteaux,canceled,captain,ChIJM_sC0-Nk5kcRhL1y_EFIje8,48.8836397&2.2312283,2024-01-29T12:00:00.000Z,60,15,public,true,Détente,2,z5rcTznutRPf1O0Jm5uoDpyhKv03,8,10,0,0,0,0,0
YTAioLQun7m8fpw3aWKY,LE FIVE Créteil,published,pro,,48.7643086&2.4706522,2024-01-31T16:00:00.000Z,60,7,public,false,,,ZmXMWx7aTdPoPkkGOWa2HIQVblq2,0,10,0,0,0,0,0
YTLngkMBtddyNE0Y6mYY,Cité des Sports,published,captain,ChIJ70UPf6R75kcRGb3NAV9k7Ww,48.8247744&2.2650728,2024-02-14T11:15:00.000Z,90,,public,false,Détente,3,Vu4Mh1iuRtZb5xqP2fgfcW12n0V2,16,16,0,0,0,0,2
YTxfAEuRp9wq0XgM7vlk,Stade Olympique Yves du Manoir,played,captain,ChIJYeUIntpl5kcRZsN35flVVAY,48.9292771&2.2477717,2024-01-28T14:00:00.000Z,120,,public,false,Détente,3,PtkvtQ1fpKaRhe7aOba2OrusnPl1,16,16,6,0,0,0,2
YUkzMLZxWrS6pz8AYwma,LE FIVE Villette,canceled,captain,ChIJTUFnQjps5kcR0pHITLTw1PI,48.9070122&2.3861459,2024-01-21T16:00:00.000Z,60,12,public,false,Chill,2,s0bTIdyo7wdsK1Mj1UhDmNbO0Oh2,5,10,0,0,0,0,0
YV05ZLV6geZpowj9zpoX,We Are Sports,played,captain,ChIJFZU5oBHC9EcRJTFrSkI1xxg,45.7113247&4.8761886,2024-01-25T19:00:00.000Z,60,10,public,false,Détente,2,p2g6gfC97zem1lLX6Z4AQgPC2vf1,12,12,0,0,0,0,0
YW9tT3oJQ84ORgX0kT3w,Complexe du Val de l'Arc,played,captain,ChIJ53LnbPeNyRIR3Q8P8MLhKhQ,43.5103735&5.4663255,2024-01-20T13:00:00.000Z,90,,public,false,Détente,3,KM6eaHvVavYE40EcheqPnyDlWtj1,10,10,3,0,0,0,0
YY79bkQOc3XRWJiM4PHo,LE FIVE Paris 18,played,captain,ChIJpVT4_n1u5kcRzji6FdTBXXo,48.8978522&2.3700234,2024-02-12T21:00:00.000Z,60,5,public,true,Détente,3,n4W8yUPegFbSD03f1VsK8IkVZRg2,10,10,4,0,0,0,1
YYc8W4RB6qAhxBN0QLJ5,UrbanSoccer - Puteaux,played,captain,ChIJM_sC0-Nk5kcRhL1y_EFIje8,48.8836397&2.2312283,2024-02-10T17:00:00.000Z,60,12.5,public,true,Détente,2,oXSs49xyeQhmxvAxVqGSqrZyRxF3,10,10,1,0,0,0,1
YZgk5TQYIYBSSSbTC2mR,Stadium Thiais,canceled,captain,ChIJ64X9jzx05kcRsHvSfOv6UcA,48.7511137&2.3715422,2024-02-12T06:30:00.000Z,30,12,public,false,Détente,2,dJvIZfVJbffmF9Jr3dfsR3Dt9yA3,7,10,0,0,0,0,0
YaOORNfYr6I8zNNxiMK3,Abd Drive,played,captain,ChIJCVBWxGht5kcRclC3u2EvPKs,48.86598919999999&2.4308229,2024-01-27T08:00:00.000Z,150,,public,false,Compétition,5,i0E2h7DylAZZa74nZXgURaHFPkl1,10,10,8,0,0,0,1
Yaaq7782emlruZmmT1AU,Stadium Thiais,published,pro,,48.7511024&2.3713455,2024-03-07T14:00:00.000Z,90,8,public,false,,,psf3NmXEPwdCltHKJC7VuvJocrF3,0,10,0,0,0,0,0
Yb790qyW2QlInnWJLcav,LE FIVE Bezons,published,pro,,48.91909&2.2093051,2024-03-01T16:30:00.000Z,90,10.5,public,false,,,U3MriTZbPbTUEsU6RtRuHxDMKvg2,0,10,0,0,0,0,0
YbLQqCi2pUZ1IFKACQdj,UrbanSoccer - Puteaux,played,captain,ChIJM_sC0-Nk5kcRhL1y_EFIje8,48.8836397&2.2312283,2024-01-21T15:00:00.000Z,90,12,public,true,Détente,3,Tdbb5p508dVAW12sHB2CCgEjC1v1,10,10,2,0,0,0,2
YbR8FGWig9JL1WrT5tc2,UrbanSoccer - Quai d'Ivry,canceled,captain,ChIJfXxYJ0xy5kcRw9xTkF6-FZQ,48.8199885&2.3936463,2024-02-07T11:00:00.000Z,60,9.5,public,true,Détente,2,9GujGyyY9BXJR8SaFwR6EQbyEjM2,9,10,0,0,0,0,0
YdLUJrT67eOOKMEBOwCu,UrbanSoccer - Quai d'Ivry,canceled,captain,ChIJfXxYJ0xy5kcRw9xTkF6-FZQ,48.8199885&2.3936463,2024-01-26T19:30:00.000Z,60,14,public,true,Détente,3,GpRn5D1bA0NNdJIZ246GZ1UVp272,9,10,0,0,0,0,0
YdNk3YYm9SBZ3Xrghn8W,Speed Soccer Five,canceled,captain,ChIJ2xTNglV25kcR3UDi4AXGfDU,48.7360598&2.315058,2024-02-11T17:30:00.000Z,90,14,public,false,Détente,3,38n9OHYdOthEZjosrLq2hO3AIfX2,9,10,0,0,0,0,0
YdTSGNEh6dmXrDdnpUct,Stadium Thiais,draft,captain,ChIJ64X9jzx05kcRsHvSfOv6UcA,48.7511024&2.3713455,2024-01-22T15:55:00.000Z,120,,public,false,,,Dohg1zNvhsbmGrYuAmExKFyjruw2,0,0,0,0,0,0,0
YdcbdKd0jzZ5azWL6BEG,Terrain de Draveil,played,captain,ChIJ8TYAB93f5UcRtDLTkIEHl88,48.6889414&2.3919424,2024-01-28T09:15:00.000Z,120,,private,false,Compétition,3,4UFqEa4a0Lgs47WeclcJErXD5s82,18,18,10,0,0,0,4
YeRSr9NFXP2oDLhRxwU9,UrbanSoccer - Asnières,played,captain,ChIJi5LkLT9v5kcRSlhScqEFNWs,48.92192379999999&2.3068311,2024-01-24T17:45:00.000Z,60,5,public,true,Compétition,,2XwDS2gtT9Mxc5t4LFvnvLzOw0j1,10,10,2,0,0,0,4
YefBbZqLCrvsmcaau3cw,Top Ten,played,pro,,48.8729106&2.6840919,2024-01-23T16:00:00.000Z,90,5,public,false,,,i27253AGxOfXgYJK72sBnvUGuMk2,10,10,9,0,0,0,6
Yg6fmgXn2gl3U3U910kO,LE FIVE Bobigny,published,pro,,48.901553&2.4313304,2024-02-20T17:00:00.000Z,60,8,public,false,,,4owi3i7t8EOvFNF6UQvACOpiDRy1,0,10,0,0,0,0,0
Yh4TQFLG1gguzkrbwmwP,UrbanSoccer - Lille Lezennes,played,captain,ChIJR3ro5nTWwkcRfM_S3Be9HjI,50.6162725&3.0998108,2024-02-12T21:15:00.000Z,60,5,public,true,Détente,3,dvdYbjXAR8fQjpIGtP7Po8prEdE3,10,10,4,0,0,0,0
Yh5wMQUtCBetyx9kOo7a,Stade Robespierre,canceled,captain,ChIJrSdPdLpk5kcRTIf7gmbAvcU,48.8692482&2.2034218,2024-02-11T14:00:00.000Z,90,5,public,false,Compétition,4,uK7KAxZFpwZeIpiBLR7VWDgp0qF2,1,10,0,0,0,0,0
YhLTOY0l3vL1shprlOHk,Massilia FIVE,played,captain,ChIJxZ6UmMW-yRIR7ot5DChYj4w,43.28920790000001&5.4503802,2024-02-01T19:00:00.000Z,60,10,private,false,Détente,,2adpBQtqTDgqVTTxGtZEfXZVNXg2,10,10,8,0,0,0,0
YiMAvCoqs3harmcK2UM7,Play Soccer,canceled,captain,ChIJQ-UxZn-5rhIRKWoQydM5T9s,43.5512023&1.4098927,2024-01-22T19:00:00.000Z,60,10,public,false,,,pL0skPQs4CYYVXb682MCC9jXu8K2,7,10,0,0,0,0,0
YjTSvW7XBwTx2AU3577M,Gymnase Marcel Gentilini,played,captain,ChIJT_UUP9AS5kcRs7PNdGQROYo,48.8851928&2.4695731,2024-02-06T19:45:00.000Z,90,,public,false,Compétition,5,86izsfkQuDbHkPtJUuZm64odfKE2,10,10,3,0,0,0,2
YjvUFk4wg3tFojCgfqON,Foot-Max Argenteuil,played,captain,ChIJi9oIzaRm5kcRJYcK7QsdRMU,48.9501569&2.2093741,2024-01-28T17:20:00.000Z,120,16,public,false,Détente,3,WecOV2qWsDZMr7OUhDagAQ0iRej1,10,10,1,0,0,0,2
YkTqrxlGgyTMS2n2PJe5,Stadium Thiais,published,pro,,48.7511024&2.3713455,2024-02-19T15:00:00.000Z,90,10,public,false,,,psf3NmXEPwdCltHKJC7VuvJocrF3,0,10,0,0,0,0,0
YldHGrOYaI0Fdu9VmK5M,LE FIVE Créteil,played,captain,ChIJ88lx3VwL5kcRVxCh4lD6_Gk,48.7643086&2.4706522,2024-02-09T15:30:00.000Z,90,7.5,public,false,Détente,3,rUzkBHpIJ1YFV4MRQjyiYHl4QMX2,10,10,6,0,0,0,3
YmTlzIG02rfA8QYh6mpK,LE FIVE Montreuil,published,pro,,48.8613036&2.4653095,2024-02-06T21:30:00.000Z,90,13.5,public,false,,,u9uC1vjdcdQ3UqNxI0SiFxor0m43,0,10,0,0,0,0,0
YqvJLjEfJzVJN79Rpe54,Stadium Thiais,published,pro,,48.7511024&2.3713455,2024-03-01T14:00:00.000Z,90,8,public,false,,,psf3NmXEPwdCltHKJC7VuvJocrF3,0,10,0,0,0,0,0
YrMn43OC4LAkYfsYKiHu,GOPARK INTERIEUR - Paintball et trampolines parc,published,captain,ChIJ2cJmdhf15kcRQ4mUOxIVzd0,49.045624&2.0799886,2024-02-06T19:00:00.000Z,120,12.5,public,false,Chill,2,5svK059jMCWGd7IRy8UcfstZDyO2,10,12,0,0,0,0,5
YsAdobRJmcyOujYomxBf,Foot POWER 5,canceled,pro,,48.960066&2.2061913,2024-01-25T21:30:00.000Z,90,7,public,false,,,sss3dYi6nzWd7rEjwcQ30LGKudj1,0,10,0,0,0,0,0
Ysr6BeF8VgxuHdStnKGI,City Stade - Les Blagis (Basket),canceled,captain,ChIJKz0h4Alx5kcRDfJDRw9JniQ,48.7849737&2.2978799,2024-01-20T08:45:00.000Z,150,,public,false,Détente,4,aQFen6FLmpgU4CIlRKgUiAvoiJO2,14,14,0,0,0,0,0
Yu1WZwn48kIjFXw0d9m3,Le Street Foot en Salle,played,captain,ChIJt_AXL6Jg5kcRu6rBmnrmeUM,49.0164435&2.181307,2024-02-01T19:00:00.000Z,90,15,public,false,Compétition,3,roqTCtLWtzZ7MZFTiKmsvCgMCiG2,10,10,4,0,0,0,3
Yu8OG9Cd0MQTwxNhwYMS,Top Ten,played,captain,ChIJfXprBx4b5kcRmhe-5pLZUek,48.8729106&2.6840919,2024-01-22T19:00:00.000Z,90,16,public,false,Détente,3,Jo3Z2CdlPXMh4NMnJPc1N8FAa2B3,10,10,6,0,0,0,1
YuMkkSHdvXNgv2YqzV6C,Halle Georges Carpentier,played,captain,ChIJnXkSwCty5kcR-nlHXNFQlg4,48.82020139999999&2.3672361,2024-02-08T11:00:00.000Z,120,,private,false,Compétition,3,kRAf444M3RUd6EWIOWpKVKs78SI2,16,16,14,0,0,0,7
YuiKvb1Ht4hRbH2fyTTD,LE FIVE Bezons,published,pro,,48.91909&2.2093051,2024-02-21T16:30:00.000Z,90,10.5,public,false,,,U3MriTZbPbTUEsU6RtRuHxDMKvg2,0,10,0,0,0,0,0
YvgYPPXbf3ZOpN62ZuNw,Stadium Thiais,published,pro,ChIJ64X9jzx05kcRsHvSfOv6UcA,48.7511024&2.3713455,2024-01-30T18:00:00.000Z,90,15,public,false,,,psf3NmXEPwdCltHKJC7VuvJocrF3,0,10,0,0,0,0,0
Yw7NKwYbQ9R5QTyz0Gze,LE FIVE Paris 13,published,pro,,48.8181615&2.3658793,2024-02-06T22:00:00.000Z,60,10,public,false,,,FjSnzlRFFfhWVWQJGfIEwRc2ZMj2,1,10,0,0,0,0,0
Ywjlx6nVEyapX1DGQxlW,Stadium Thiais,played,pro,,48.7511024&2.3713455,2024-01-28T18:00:00.000Z,90,15,public,false,,,psf3NmXEPwdCltHKJC7VuvJocrF3,10,10,1,0,0,0,1
YzrxOgHMPdkWlnpQNzPl,Kinshasa - Test,published,pro,,-4.3032527&15.310528,2024-02-27T04:00:00.000Z,60,12,public,false,,,zCvsukfMuuffsuPpSTQwb7MusMD2,0,10,0,0,0,0,0
YzsbVdgJJz5R7k8ESgJE,Stadium Thiais,published,pro,,48.7511024&2.3713455,2024-01-21T12:00:00.000Z,90,15,public,false,,,psf3NmXEPwdCltHKJC7VuvJocrF3,0,10,0,0,0,0,1
Z0LLQqCfxnrvslLX3Zg7,Play Soccer,played,captain,ChIJQ-UxZn-5rhIRKWoQydM5T9s,43.5512023&1.4098927,2024-01-23T19:00:00.000Z,60,10,public,false,Détente,2,wBLa7mVFYuT3I9zoAAC8pMdIQs13,10,10,1,0,0,0,0
Z18aoAPwm9a2ZKg1B5dn,Monclub Futbol,canceled,captain,ChIJGbxxaamUyRIRgGvhHnhJStA,43.4299152&5.4001974,2024-01-23T18:00:00.000Z,60,10,public,false,Compétition,3,8wzlDQdHu2RUqj5Art7hpL2VTIX2,6,10,0,0,0,0,0
Z2DlEHuS1lNJcIMAnp6n,Foot POWER 5,canceled,pro,,48.960066&2.2061913,2024-03-01T17:00:00.000Z,90,5,public,false,,,sss3dYi6nzWd7rEjwcQ30LGKudj1,0,10,0,0,0,0,0
Z4UzTQ8YdM7QUzjoTO4E,LE FIVE Montreuil,published,pro,,48.8613036&2.4653095,2024-03-12T16:00:00.000Z,60,7,public,false,,,u9uC1vjdcdQ3UqNxI0SiFxor0m43,0,10,0,0,0,0,0
Z4ZrIhdxOByPzSKdGjgu,UrbanSoccer La Défense,played,captain,ChIJh4rnfVhk5kcRV2Q-ZKdm8vA,48.8996456&2.2216773,2024-02-08T12:30:00.000Z,60,5,public,true,Détente,3,anlrXpXSFdhPt5APX5MhOPj45Ht2,10,10,2,0,0,0,1
Z4hqF3MsNcoWPP0nFjqm,Play Soccer,played,captain,ChIJQ-UxZn-5rhIRKWoQydM5T9s,43.5512023&1.4098927,2024-01-21T14:00:00.000Z,60,8,public,false,,5,8LtkeOuZHeePxfkXdNPmQSr7V9L2,10,10,2,0,0,0,0
Z68hjHYt87JlCVBs89xO,UrbanSoccer - Quai d'Ivry,canceled,captain,ChIJfXxYJ0xy5kcRw9xTkF6-FZQ,48.8199885&2.3936463,2024-02-11T18:00:00.000Z,90,18.75,public,true,Détente,3,rUzkBHpIJ1YFV4MRQjyiYHl4QMX2,1,10,0,0,0,0,1
Z6QzKbJKo2WxyWjM5UHi,Footbox,published,pro,,48.9022789&2.582647,2024-02-24T15:00:00.000Z,60,10,public,false,,,QI89VPazyLhBVnWH871jk4BUEZI3,0,10,0,0,0,0,0
Z6VvhgNNG2TEqCHUMihq,Footsal Cousinerie,canceled,captain,ChIJXQyb1d8pw0cRLO_Ed5xHTIQ,50.6440829&3.1459612,2024-01-24T20:00:00.000Z,90,8.5,public,false,Détente,2,B0zaVQnMeBabl1RHzfc588KI1kj1,10,10,0,0,0,0,0
Z6tyqKQdHILxSgg90b0H,Stadium Thiais,canceled,captain,ChIJ64X9jzx05kcRsHvSfOv6UcA,48.7511024&2.3713455,2024-01-21T11:00:00.000Z,90,15,public,false,Détente,1,T0gYd02mAcQ3nFRaDLdSQvaj8WW2,6,12,0,0,0,0,0
Z7vfCcdIE64F4YJ4JMT1,Monclub Futbol,played,pro,,43.4299152&5.4001974,2024-02-04T17:00:00.000Z,90,12,public,false,,,CSTy9rmJRQSyWlqWuGiUhGpAGqf2,10,10,8,0,0,0,0
Z8cXdNSo1zfzUbfgYcxh,LE FIVE Montreuil,published,pro,,48.8613036&2.4653095,2024-02-20T12:00:00.000Z,60,7,public,false,,,u9uC1vjdcdQ3UqNxI0SiFxor0m43,0,10,0,0,0,0,0
ZAX6YVAb4jdroUsGuNNJ,LE FIVE Paris 13,published,pro,,48.8181615&2.3658793,2024-02-16T22:00:00.000Z,60,10,public,false,,,FjSnzlRFFfhWVWQJGfIEwRc2ZMj2,0,10,0,0,0,0,0
ZBh343xB9QImueUhp2Qc,UrbanSoccer - Porte d'Aubervilliers,played,captain,ChIJ0dXjDCZs5kcRvX0EpMwxsUY,48.9074912&2.3746518,2024-01-30T19:15:00.000Z,90,20.25,public,true,Détente,3,xga9yq8QKxQPgJxsN5XqbZSsqIq1,10,10,2,0,0,0,1
ZD04riIWN2uXXbDzjjlX,LE FIVE Bezons,canceled,captain,ChIJ71Mv0Wpk5kcRg-H9x7L-dXo,48.9190524&2.211796,2024-02-04T11:30:00.000Z,60,10,public,true,Détente,3,vCxS2f3sIudIjl2jeEiMi9Qk1Zh2,7,10,0,0,0,0,0
ZF2q3AdHetFWk2QNHTwb,Game 13 foot indoor,canceled,captain,ChIJNSDvlsXryRIRUXao9hwB79I,43.41258939999999&5.366617,2024-01-28T17:30:00.000Z,60,10,public,false,Détente,4,RPwfyrL30dS1yvyJwGrn0z2HgSa2,6,10,0,0,0,0,0
ZGNSN68tQConb2eeNSYR,Evolution Football,canceled,captain,ChIJX0YulIi8yRIRnGh62u3UXTQ,43.2836074&5.52356,2024-01-25T20:30:00.000Z,90,11,public,false,Détente,3,JqbrJvDiZLa6I7HJ9kCNrRDPJjQ2,10,12,0,0,0,0,0
ZHGFUvLmxNsHtVcHaIQE,Stade Marius Requier,played,captain,ChIJZ99DmFPtyRIRo93gYYOp8b8,43.5039781&5.3911845,2024-02-09T19:45:00.000Z,90,,public,false,Compétition,,flRb9d7MzXhxACGwjWr251WIx7Q2,16,16,3,0,0,0,1
ZIfHYtowkzTwrKb4n1QW,Stadium Thiais,canceled,captain,ChIJ64X9jzx05kcRsHvSfOv6UcA,48.7511137&2.3715422,2024-02-08T18:30:00.000Z,90,15,public,false,Détente,3,nw7OtPvvibZLVMCBi0qlsCY7msf2,6,10,0,0,0,0,1
ZIrhL1qqCJt6oM6MTY3M,UrbanSoccer - Puteaux,canceled,captain,ChIJM_sC0-Nk5kcRhL1y_EFIje8,48.8836397&2.2312283,2024-01-26T19:30:00.000Z,60,14.5,public,true,Détente,1,A3839YYje6gL4xDhMljOzOnftmf1,9,10,0,0,0,0,0
ZL1zVEoN2DiD9r7AMVvl,Foot POWER 5,canceled,pro,,48.960066&2.2061913,2024-03-05T17:00:00.000Z,90,5,public,false,,,sss3dYi6nzWd7rEjwcQ30LGKudj1,0,10,0,0,0,0,0
ZMeEUnNzeAWsLCbnOS3y,UrbanSoccer - Asnières,played,captain,ChIJi5LkLT9v5kcRSlhScqEFNWs,48.92192379999999&2.3068311,2024-01-30T18:30:00.000Z,90,20,public,true,Détente,4,Cp09WJtjkARHJE3WTNNPUZh3mWu2,10,10,0,0,0,0,0
ZNZICIWxnRxSb1yfmaiZ,Stadium Thiais,published,pro,,48.7511024&2.3713455,2024-01-30T21:00:00.000Z,90,14,public,false,,,psf3NmXEPwdCltHKJC7VuvJocrF3,0,10,0,0,0,0,0
ZPcCAQBkXmlKBY5TRG2h,Z5 Aix,played,captain,ChIJKb-U_9KSyRIRKIFKbH5mW18,43.4787869&5.3969048,2024-01-29T17:00:00.000Z,60,11,public,false,Détente,2,yN33RfgnwveslueOs6QpPsDDeBn1,10,10,10,0,0,0,1
ZSPPV4OvDuIsdL4Pa5vF,Monclub Futbol,played,captain,ChIJGbxxaamUyRIRgGvhHnhJStA,43.4299152&5.4001974,2024-02-06T19:00:00.000Z,60,10,public,false,Détente,3,nxPNmtMLqxSZHx7hbX45VPndE5n1,10,10,1,0,0,0,1
ZSrLWetCzRL7gcHayuCt,Top Ten,published,pro,,48.8729106&2.6840919,2024-02-22T16:00:00.000Z,90,5,public,false,,,i27253AGxOfXgYJK72sBnvUGuMk2,0,10,0,0,0,0,0
ZTLSjj9hzleQ0uWr9Cy0,LE FIVE Montreuil,published,pro,,48.8613036&2.4653095,2024-02-16T11:30:00.000Z,90,10.5,public,false,,,u9uC1vjdcdQ3UqNxI0SiFxor0m43,0,10,0,0,0,0,0
ZTd4HpH0Vmbba6xqwMzM,UrbanSoccer - Porte d'Aubervilliers,canceled,captain,ChIJ0dXjDCZs5kcRvX0EpMwxsUY,48.9074912&2.3746518,2024-01-20T19:15:00.000Z,60,10.5,public,true,Compétition,2,amHMfBbWcNS4PAlvRqdXMgrrLd83,5,10,0,0,0,0,0
ZU4GGrFNsHTrh9kbHj3U,Stade Robespierre,published,captain,ChIJrSdPdLpk5kcRTIf7gmbAvcU,48.8692482&2.2034218,2024-02-12T12:30:00.000Z,120,5,public,false,Compétition,4,P2fpoPcsJ3ZKgVNv94Q8rJ8w4Zd2,8,10,0,0,0,0,0
ZULw4tYjouNF6bEtLtaI,Footbox,published,pro,,48.9022789&2.582647,2024-02-16T17:00:00.000Z,60,10,public,false,,,QI89VPazyLhBVnWH871jk4BUEZI3,0,10,0,0,0,0,0
ZVeucIEy9xA9wIpHygUu,LE FIVE Montreuil,published,pro,,48.8613036&2.4653095,2024-02-27T16:00:00.000Z,60,7,public,false,,,u9uC1vjdcdQ3UqNxI0SiFxor0m43,0,10,0,0,0,0,0
ZVfVnYeiCIE0DymvxcUg,UrbanSoccer La Défense,published,captain,ChIJh4rnfVhk5kcRV2Q-ZKdm8vA,48.8996456&2.2216773,2024-02-03T15:45:00.000Z,60,13,public,true,Chill,,ptMiCCYt0FcQmRuwaCCwz2LapD13,9,10,0,0,0,0,1
ZViLxjVpG0J2EViTP6ib,We Are Sports,canceled,captain,ChIJFZU5oBHC9EcRJTFrSkI1xxg,45.7113247&4.8761886,2024-02-08T19:30:00.000Z,60,10,public,false,Détente,,GVdaLPxjA6SDWn0FPDlZ3A9mJut2,9,10,0,0,0,0,0
ZWh0X0rLq7P9vY3ahyfI,LE FIVE Créteil,published,pro,,48.7643086&2.4706522,2024-02-02T16:00:00.000Z,60,7,public,false,,,ZmXMWx7aTdPoPkkGOWa2HIQVblq2,0,10,0,0,0,0,2
ZWh8ZPVawUFGtoxjy0Om,Speed Soccer Five,canceled,captain,ChIJ2xTNglV25kcR3UDi4AXGfDU,48.7360598&2.315058,2024-02-07T20:00:00.000Z,90,13,public,false,Détente,3,LG3Q44fKNwSrT7kC4KQjqLqPi712,5,10,0,0,0,0,0
ZWkWhdJOkGvY1OcxeM84,Foot POWER 5,canceled,pro,,48.960066&2.2061913,2024-03-09T11:00:00.000Z,60,5,public,false,,,sss3dYi6nzWd7rEjwcQ30LGKudj1,0,10,0,0,0,0,0
ZYYC43FSuHauoOhh4IjC,Play Soccer,played,captain,ChIJQ-UxZn-5rhIRKWoQydM5T9s,43.5512023&1.4098927,2024-02-10T17:30:00.000Z,90,12,public,false,,,8LtkeOuZHeePxfkXdNPmQSr7V9L2,10,10,0,0,0,0,0
ZYe1MIF6F8BSA7ckqTUM,LE FIVE Bezons,published,pro,,48.91909&2.2093051,2024-02-20T17:00:00.000Z,60,7,public,false,,,U3MriTZbPbTUEsU6RtRuHxDMKvg2,1,10,0,0,0,0,0
ZaFsjJYhI6peWWibNyWS,UrbanSoccer - Puteaux,published,captain,ChIJM_sC0-Nk5kcRhL1y_EFIje8,48.8836397&2.2312283,2024-02-15T11:00:00.000Z,60,11,private,true,Détente,3,WQ5S4tuh8AhHhITkAMce3yq8gRm2,10,10,0,0,0,0,0
Zal4xh0vgK66GacZjfuM,LE FIVE Paris 18,played,pro,ChIJpVT4_n1u5kcRzji6FdTBXXo,48.8978522&2.3700234,2024-01-27T21:30:00.000Z,90,10,public,false,,,UQf33jQhVZhle917nO0h7D5qclV2,10,10,6,1,1,0,3
ZaqTyBQy2iRWn7kCFt4N,Evolution Football,canceled,captain,ChIJX0YulIi8yRIRnGh62u3UXTQ,43.2836074&5.52356,2024-02-12T20:00:00.000Z,60,8.5,public,false,Détente,3,Mbm7PMhXKBZQXZa0aXm24d0dVrq1,7,10,0,0,0,0,0
Zcb34Hr1cZbsKseGehKB,Footbox,published,pro,,48.9022789&2.582647,2024-02-13T21:00:00.000Z,60,10,public,false,,,QI89VPazyLhBVnWH871jk4BUEZI3,0,10,0,0,0,0,0
ZccI4dqGR4OUjoNzgkFa,Top Ten,published,pro,,48.8729106&2.6840919,2024-03-01T22:00:00.000Z,90,16.5,public,false,,,i27253AGxOfXgYJK72sBnvUGuMk2,0,10,0,0,0,0,0
ZcgxzaIxUhLHun6iap1B,LE FIVE Montreuil,canceled,pro,ChIJJdTQjr0T5kcRZmGxtIJVy44,48.8613036&2.4653095,2024-01-20T17:30:00.000Z,90,15,public,false,,,u9uC1vjdcdQ3UqNxI0SiFxor0m43,5,10,0,0,0,0,0
ZdAqFZoxEyk55HlLoueU,LE FIVE Bobigny,published,pro,,48.901553&2.4313304,2024-02-12T22:00:00.000Z,60,8,public,false,,,4owi3i7t8EOvFNF6UQvACOpiDRy1,0,10,0,0,0,0,0
Zf8DUhSW6cQbtLgSAw2N,UrbanSoccer - Quai d'Ivry,canceled,captain,ChIJfXxYJ0xy5kcRw9xTkF6-FZQ,48.8199885&2.3936463,2024-01-26T20:00:00.000Z,60,13.5,public,true,Compétition,4,KsEZs1H8x0Z2hszYC6H2AnwNttf1,9,10,0,0,0,0,0
ZfRtG5rjVKuJqAqIR1JY,Stadium Thiais,played,pro,,48.7511024&2.3713455,2024-01-21T10:30:00.000Z,90,15,public,false,,,psf3NmXEPwdCltHKJC7VuvJocrF3,10,10,10,0,1,0,1
ZhSE83BPYHsek2A3LPkk,Le 13 - Foot en salle - Marseille,played,captain,ChIJR62kUm_ByRIRDnGQqGCeUVQ,43.33370070000001&5.370389599999999,2024-01-24T16:30:00.000Z,60,8.5,public,false,Détente,1,LLsTllyXIuW637VLSGW7SRA1jvX2,10,10,2,0,0,0,0
ZiTc5HiHqrDKKx56nHNz,UrbanSoccer Meudon,played,captain,ChIJ0WKvjbh75kcRoqSmyWwW2jQ,48.80013599999999&2.2140811,2024-01-22T17:45:00.000Z,90,,public,true,Compétition,5,Iwd5zwXw4iZlqeowof6AYB7K4vG3,10,10,3,0,0,0,1
ZilqpHUylbpJ5n6tANFg,UrbanSoccer La Défense,played,captain,ChIJh4rnfVhk5kcRV2Q-ZKdm8vA,48.8996456&2.2216773,2024-02-05T21:00:00.000Z,60,14,public,true,Détente,4,ZZdiEAZqtWNi9nL4G2pBQkzyWSk2,10,10,0,0,0,0,1
ZkWvh8wMUqB2gptggeDI,UrbanSoccer - Porte d'Aubervilliers,canceled,captain,ChIJ0dXjDCZs5kcRvX0EpMwxsUY,48.9074912&2.3746518,2024-02-11T17:00:00.000Z,90,18.75,public,true,Détente,3,9wdRFE6WwWQyz7Ud9v1IeK8B66G2,10,10,0,0,0,0,0
ZkrTEziOqQpjAtvybILY,Piscine Lionel Terray,played,captain,ChIJZcoTs5935kcR4jTBXF_htIo,48.7356566&2.2869837,2024-02-03T09:00:00.000Z,90,,public,false,Détente,2,Dohg1zNvhsbmGrYuAmExKFyjruw2,10,10,0,0,0,0,0
ZmGpWqaimL24U5knVT9p,Foot POWER 5,canceled,pro,,48.960066&2.2061913,2024-02-24T11:00:00.000Z,60,5,public,false,,,sss3dYi6nzWd7rEjwcQ30LGKudj1,0,10,0,0,0,0,0
ZmLjnQfq14sG5jrPBYuv,Footsal Cousinerie,played,captain,ChIJXQyb1d8pw0cRLO_Ed5xHTIQ,50.6440829&3.1459612,2024-02-07T17:30:00.000Z,90,9,public,false,Détente,2,E70HYnM87Jc6Xz0dDHt9cAU1Eif1,10,10,1,0,0,0,0
ZmtyUrqFcpC8BD8SBXMP,BIG5,canceled,captain,ChIJsb_7TJFp5kcRSPL5VqZulr4,48.9901429&2.3617895,2024-02-03T12:30:00.000Z,120,18,public,false,Détente,3,S7F3G5iuPNWVU8C5aKh1cFebGCA3,9,10,0,0,0,0,1
Zn3y191Bk2RRkIXIPD8v,UrbanSoccer - Lille Lezennes,canceled,captain,ChIJR3ro5nTWwkcRfM_S3Be9HjI,50.6162725&3.0998108,2024-01-26T20:45:00.000Z,60,5,public,true,Détente,1,AGzWGRxiFsPmcAoBh6oPcKVdALk2,10,10,0,0,0,0,0
ZnM9R92gsxXGcDZCHOoH,UrbanSoccer - Lille Lezennes,played,captain,ChIJR3ro5nTWwkcRfM_S3Be9HjI,50.6169533&3.0995426,2024-01-22T15:00:00.000Z,90,6,public,true,Détente,3,KoMMspPpOrQB6lklhBjC6eSYPZp2,10,10,5,0,0,0,0
ZnbCRyHAP3Lb9KtymgkS,Stadium Thiais,published,pro,,48.7511024&2.3713455,2024-02-22T18:00:00.000Z,90,15,public,false,,,psf3NmXEPwdCltHKJC7VuvJocrF3,0,10,0,0,0,0,0
ZolmvMgpcGOm1SFHotpi,LE FIVE Créteil,played,captain,ChIJ88lx3VwL5kcRVxCh4lD6_Gk,48.7643086&2.4706522,2024-01-26T21:00:00.000Z,90,16,public,false,Détente,3,N3YGknfQ1wRztd8lYNV2kwt0N9D3,10,10,0,0,0,0,0
ZpCtspB5QAvZMeGIOsZ7,LE PARK Complexe Multisports,played,captain,ChIJMU8gErUJ5kcRSnpvacKwFtM,48.71189589999999&2.5771181,2024-02-10T17:00:00.000Z,60,12,public,false,Compétition,3,1OPlOCtWQZa9JgewOMcNu4xTdEk1,10,10,1,0,0,0,0
ZqL1eVcMP3MXafJzKGKQ,Footbox,published,pro,,48.9022789&2.582647,2024-03-13T22:00:00.000Z,60,10,public,false,,,QI89VPazyLhBVnWH871jk4BUEZI3,0,10,0,0,0,0,0
Zqs3Sw4r517XodEu6j1E,UrbanSoccer La Défense,played,captain,ChIJh4rnfVhk5kcRV2Q-ZKdm8vA,48.8996456&2.2216773,2024-02-08T12:00:00.000Z,60,12,public,true,Chill,2,NvDsgNhyomfhca0CDgdUsDPAWAg1,10,10,2,0,0,0,3
ZqvEBVmsZqG6hWl8h8Q5,UrbanSoccer - Lille Lezennes,published,captain,ChIJR3ro5nTWwkcRfM_S3Be9HjI,50.6162725&3.0998108,2024-02-13T19:50:00.000Z,60,10.5,public,true,Compétition,3,xR4ED6qRzmg0HreT9TkBwvuQM912,8,10,0,0,0,0,0
ZvDQeBnrfBB4LBf0oWWg,UrbanSoccer La Défense,played,captain,ChIJh4rnfVhk5kcRV2Q-ZKdm8vA,48.8996456&2.2216773,2024-02-09T18:45:00.000Z,120,20,public,true,Détente,3,ih2abKFew6f2t36r731iVthppwD3,10,10,3,0,0,0,1
ZvqecFwg7do9Viw8amEd,UrbanSoccer - Puteaux,played,captain,ChIJM_sC0-Nk5kcRhL1y_EFIje8,48.8836397&2.2312283,2024-01-29T17:25:00.000Z,60,12.5,public,true,Détente,2,S6JRth0NcYZlCxF8DfrLlY6rMzt1,10,10,2,0,0,0,1
ZwvGO7NkeKVEkRIO79yr,Stadium Thiais,canceled,captain,ChIJ64X9jzx05kcRsHvSfOv6UcA,48.7511137&2.3715422,2024-02-04T15:00:00.000Z,90,15,public,false,,3,8z69joeXgRXkGFP3TNv4gKoMtiy1,6,12,0,0,0,0,0
Zx2QcYrmhI3RwuhFs9y4,LE FIVE Sarcelles,played,captain,ChIJ6_q3Fxhq5kcRCpoEwnoXX1Q,48.99782219999999&2.3902225,2024-01-28T21:00:00.000Z,60,10,public,false,Compétition,,aAxTlVFAwGgJFOjck5qyWaNj2FI2,10,10,2,0,0,0,1
ZxWVvDQyBM6yQhTBhgud,Urban Soccer,canceled,captain,ChIJQa9SIC3v9EcR6KzO4cOApok,45.6833208&4.7719325,2024-01-23T18:10:00.000Z,60,,public,true,Détente,,0WcCkuTTcxP66inmNCdYT6XB1zR2,9,10,0,0,0,0,0
Zyf44PQ4fDgxWMf03lb9,Cité des Sports,canceled,captain,ChIJ70UPf6R75kcRGb3NAV9k7Ww,48.8247744&2.2650728,2024-01-29T18:30:00.000Z,60,,public,false,Détente,3,aMlvBw19UpSu9hfySwnEMbW7uTB3,9,10,0,0,0,0,0
a0U1yRoY9O4Ox5VSr552,We Are Sports,canceled,captain,ChIJFZU5oBHC9EcRJTFrSkI1xxg,45.7113247&4.8761886,2024-02-01T18:30:00.000Z,60,7,public,false,Détente,2,tsZOgNPKP2QLmPlbL38dA0nXpbd2,3,10,0,0,0,0,0
a1SY73v6sba6ehss26i6,Top Ten,published,pro,,48.8729106&2.6840919,2024-02-12T11:00:00.000Z,90,5,public,false,,,i27253AGxOfXgYJK72sBnvUGuMk2,0,10,0,0,0,0,0
a22yCjnlJtUotTwv7n9h,LE FIVE Champigny,published,pro,,48.8194084&2.5251846,2024-02-09T16:00:00.000Z,60,7,public,false,,,evlV9mUgATYQ5343zpYZvk4w0r03,0,10,0,0,0,0,2
a3CbvLbYRv0uErJBWIGP,Gymnase Nelson Mandela,canceled,captain,ChIJ5R20aHJr5kcRUbjLBsWKPS8,49.00172449999999&2.3945244,2024-01-22T19:30:00.000Z,90,,public,false,Compétition,5,HQVCQOz6OrhL220511FtYes80UL2,7,16,0,0,0,0,0
a3JcRPEhlLKuKKgXBsCC,Terrain de Rugby et de football de l'Hippodrome d'Auteuil,played,captain,ChIJCSzecLd65kcR5ZjhyyKieaE,48.84983099999999&2.2554075,2024-01-29T19:20:00.000Z,90,,public,false,Compétition,5,1LDJWrjBcJPRiS8a2m1todvXiJM2,14,14,3,0,0,0,1
a48UpsTLhEffi394GQWp,Stadium Thiais,published,pro,,48.7511024&2.3713455,2024-01-26T14:00:00.000Z,90,8,public,false,,,psf3NmXEPwdCltHKJC7VuvJocrF3,0,10,0,0,0,0,0
a4usCrlpIeLR8atbjaav,LE FIVE Paris 13,played,captain,ChIJ_bOSChhz5kcRZMTeq_6Gdzg,48.8181615&2.3658793,2024-01-21T19:45:00.000Z,60,5,public,true,Détente,3,chS51XjYiJgHXzKphcgUD3VuZrH2,10,10,0,0,0,0,4
a5M3OI3nOUl124StFXPg,Kinshasa - Test,published,pro,,-4.3032527&15.310528,2024-02-13T04:00:00.000Z,60,12,public,false,,,zCvsukfMuuffsuPpSTQwb7MusMD2,0,10,0,0,0,0,0
a5WrSl8XyVS7n2iNxQ84,Stade de la Croix des Mèches,canceled,captain,ChIJUb_3hhwN5kcRBg5StcbsjgU,48.7871609&2.4510767,2024-02-04T14:00:00.000Z,90,,public,false,Détente,3,ZuqTKctNzwWy5eYfYU2k2at0bQb2,10,10,0,0,0,0,0
a5e1ssHFp7XBN15t5LO9,LE FIVE Paris 18,draft,captain,ChIJpVT4_n1u5kcRzji6FdTBXXo,48.8978522&2.3700234,2024-02-05T19:30:00.000Z,90,,public,false,,,gk8lgHgK9zgS7MYXjD6wn6UBRC63,0,0,0,0,0,0,0
a5qMwSLlZrkLGxK8T9Yb,Stadium Thiais,played,captain,ChIJ64X9jzx05kcRsHvSfOv6UcA,48.7511137&2.3715422,2024-02-04T18:00:00.000Z,90,15,public,false,Détente,4,77LP1qNYnlOczjiQeUcRbzlBpeF3,12,12,7,0,0,0,1
a7diD6oM7z3bKK5dBi5f,Parc du Tremblay,played,captain,ChIJk0qVHxQN5kcRgZNKPXpcIG8,48.8258617&2.4877366,2024-01-20T09:10:00.000Z,120,,public,false,Compétition,4,I274GHtABIMtP3sDHwQbXPWyKmC2,16,16,9,0,0,0,0
a96qc0zaw7xxNOwWNCBm,LE FIVE Carrières-sous-Poissy,published,captain,ChIJ9T4fWfyL5kcRCBX-FyZLvEE,48.9468144&2.0230574,2024-01-27T17:00:00.000Z,60,10,public,false,Détente,3,UQ0LmgMJZYZzwiB8cUn0e4Bv4iw2,6,10,0,0,0,0,1
a9Wmiwb8QJ0QrZvFrm6o,LE PARK Complexe Multisports,played,captain,ChIJdUHbID8O5kcRV5lQhiHTvhs,48.8337843&2.5728501,2024-02-12T18:30:00.000Z,60,10,public,false,Détente,2,6trSfhXu40fMmNBcA4s3ATCzKOu1,10,10,0,0,0,0,1
a9lSymvhCuCtPeh7LNPm,LE FIVE Paris 18,published,pro,,48.8978522&2.3700234,2024-02-23T21:20:00.000Z,90,10,public,false,,,UQf33jQhVZhle917nO0h7D5qclV2,0,10,0,0,0,0,0
a9nqeK1xWGbsV003uqYL,Top Ten,played,captain,ChIJfXprBx4b5kcRmhe-5pLZUek,48.8729106&2.6840919,2024-02-08T19:00:00.000Z,90,15.5,private,false,Détente,3,JL8C2dyPg8bpGBe27Mb1R7kO4yB3,10,10,1,0,0,0,0
aBqi0xAiAzLnIvX4WrzD,LE FIVE Créteil,played,captain,ChIJ88lx3VwL5kcRVxCh4lD6_Gk,48.7643086&2.4706522,2024-02-01T18:30:00.000Z,60,11,public,false,Détente,2,nwCO7ClwcpduYGwx2LUOmuC5chF2,10,10,8,0,0,0,0
aEvKoGosK9GtAnLv49x7,Stadium Thiais,published,pro,,48.7511024&2.3713455,2024-03-03T10:30:00.000Z,90,15,public,false,,,psf3NmXEPwdCltHKJC7VuvJocrF3,0,10,0,0,0,0,0
aF6MSjhqokx0ySC612GP,Footbox,published,pro,,48.9022789&2.582647,2024-02-21T20:00:00.000Z,60,10,public,false,,,QI89VPazyLhBVnWH871jk4BUEZI3,0,10,0,0,0,0,0
aFaphuvill6IT4RqkGvG,Terrain de Sport Westermeyer,canceled,captain,ChIJkcqlrnhz5kcRYDm_fAMKBxo,48.81732909999999&2.392745,2024-02-04T08:20:00.000Z,150,,public,false,Détente,,FYfgfT1shkXXyaMI4sZTA7d9Qdw2,9,10,0,0,0,0,0
aGlGIs5awgIVAWUTBhWI,Parc des Sévines,canceled,captain,ChIJ1-_7SUhv5kcRuFo_vTkcn_c,48.9297768&2.3037282,2024-01-31T19:00:00.000Z,120,,public,false,Chill,4,alKdx0B0bAPF23akKWxXruUtnw43,5,10,0,0,0,0,0
aHGCJeMawOg2R97SOTef,LE FIVE Bobigny,published,pro,,48.901553&2.4313304,2024-02-28T17:00:00.000Z,60,8,public,false,,,4owi3i7t8EOvFNF6UQvACOpiDRy1,0,10,0,0,0,0,0
aI5dsg0MCFs9lD6C6tnV,UrbanSoccer Meudon,played,captain,ChIJ0WKvjbh75kcRoqSmyWwW2jQ,48.80013599999999&2.2140811,2024-01-29T18:45:00.000Z,90,17.25,public,true,Détente,3,1aJ3GdfxKfcSFm478yjdpSaevVC3,10,10,2,0,0,0,1
aICeGgb8AmF0svrtG3RL,UrbanSoccer - Asnières,played,captain,ChIJi5LkLT9v5kcRSlhScqEFNWs,48.92192379999999&2.3068311,2024-01-27T11:00:00.000Z,90,8.5,public,true,Détente,3,vrVXJWNErnO0f2QrVkyJpwJ6DGX2,10,10,0,0,0,0,1
aK0gYoE4b3Nd2DhWYjXH,UrbanSoccer La Défense,played,captain,ChIJh4rnfVhk5kcRV2Q-ZKdm8vA,48.8996456&2.2216773,2024-02-09T21:15:00.000Z,60,14,public,true,Détente,2,EWvyyRg2G2OvXASqVHc1WnVkvc43,10,10,4,0,0,0,1
aK9No1ukgF2Xwvyt4aTI,Stade Élisabeth,published,captain,ChIJkXj9tq5x5kcROlxynHzTh9o,48.8207737&2.3270972,2024-02-11T08:00:00.000Z,150,2,public,false,Compétition,5,8i5faoQkJ4YSkhRB5skPBLiEh1G3,15,16,0,0,0,0,1
aKVzKeHl7X7yEqfmoRGq,UrbanSoccer La Défense,played,captain,ChIJh4rnfVhk5kcRV2Q-ZKdm8vA,48.8996456&2.2216773,2024-02-03T09:15:00.000Z,60,12.5,public,true,Détente,3,NnF2qO1XR1UbJsvXdzCc94rf0T42,10,10,1,0,0,0,1
aLiUMjwwPvPWWvitYtz8,Footbox,published,pro,,48.9022789&2.582647,2024-02-26T13:00:00.000Z,60,7,public,false,,,QI89VPazyLhBVnWH871jk4BUEZI3,0,10,0,0,0,0,0
aNYWdgWcECbk3Flwy16u,Stadium Thiais,published,pro,,48.7511024&2.3713455,2024-02-14T14:00:00.000Z,90,8,public,false,,,psf3NmXEPwdCltHKJC7VuvJocrF3,0,10,0,0,0,0,0
aNr9EgtpL4MOgM3guhJe,Stadium Thiais,published,pro,,48.7511024&2.3713455,2024-02-24T12:00:00.000Z,90,15,public,false,,,psf3NmXEPwdCltHKJC7VuvJocrF3,0,10,0,0,0,0,0
aNuqe708u7HwVkd7gbRz,Stadium Thiais,played,captain,ChIJ64X9jzx05kcRsHvSfOv6UcA,48.7511024&2.3713455,2024-01-25T15:55:00.000Z,120,10,public,false,Compétition,3,Dohg1zNvhsbmGrYuAmExKFyjruw2,10,10,2,0,0,0,0
aQAKzqJx0a4K1x3Nz27R,UrbanSoccer - Puteaux,canceled,captain,ChIJM_sC0-Nk5kcRhL1y_EFIje8,48.8836397&2.2312283,2024-02-11T11:00:00.000Z,60,13,public,true,Détente,2,8rY2LLxtWsUhFxStEBtYlI2w9ny2,6,10,0,0,0,0,0
aQUyfbJjIcEFgF9yS6Bx,LE FIVE Bezons,published,pro,,48.91909&2.2093051,2024-03-12T17:00:00.000Z,60,7,public,false,,,U3MriTZbPbTUEsU6RtRuHxDMKvg2,0,10,0,0,0,0,0
aQv7VGA2ehSUjWorVCzs,LE FIVE Montreuil,published,pro,,48.8613036&2.4653095,2024-01-29T22:00:00.000Z,60,8,public,false,,,u9uC1vjdcdQ3UqNxI0SiFxor0m43,0,10,0,0,0,0,0
aRE9GH1C4AyEMFUzjImC,Foot-Max Argenteuil,published,captain,ChIJi9oIzaRm5kcRJYcK7QsdRMU,48.9501569&2.2093741,2024-02-01T20:00:00.000Z,60,8,public,false,Détente,,NjmfqXZgTBaqqkagmTqQccV1h7v1,9,10,0,0,0,0,1
aRQWwS06H8giFqzTfKbG,UrbanSoccer - Quai d'Ivry,published,captain,ChIJfXxYJ0xy5kcRw9xTkF6-FZQ,48.8199885&2.3936463,2024-02-13T18:00:00.000Z,60,13,public,true,Détente,3,TYV4WQfcTtfHwhvipJ9YWya8uvz1,10,10,0,0,0,0,0
aSgvTjpsk08Rx7xkMZCe,Foot POWER 5,canceled,pro,,48.960066&2.2061913,2024-01-26T17:00:00.000Z,90,5,public,false,,,sss3dYi6nzWd7rEjwcQ30LGKudj1,0,10,0,0,0,0,0
aSn2IQXc4OkkxA1OSOiI,OHSPORT,played,captain,ChIJHeG9fA4X5kcRbGNzVY5Ud5I,48.9672396&2.5670436,2024-02-12T21:00:00.000Z,60,10,public,false,Détente,3,ZlDjDDwCqsc4NF9nDlUzUJoqaAO2,10,10,3,0,0,0,0
aTjUGu7iUbB7PRpHTtEu,Parc Omnisport Suzanne Lenglen,published,captain,ChIJ0_E6kcV65kcRpEn1nM0j_KU,48.8303784&2.2714163,2024-01-30T13:00:00.000Z,120,,public,false,Compétition,3,mhTTNAGjXiMpcUDScm0BrqX0Gtf1,6,18,0,0,0,0,0
aTvbPCG07fCRgzysb1C2,Stadium Thiais,published,pro,,48.7511024&2.3713455,2024-02-15T18:00:00.000Z,90,15,public,false,,,psf3NmXEPwdCltHKJC7VuvJocrF3,6,10,0,0,0,0,0
aU7RRGFDSAYbfI8StSFs,Speed Soccer Five,published,pro,,48.7360598&2.315058,2024-02-27T17:00:00.000Z,90,13,public,false,,,MkTJljXziPXBdRdijccndMLBNCC3,0,10,0,0,0,0,0
aUiVqMfJKaVhXGvXPlbg,UrbanSoccer - Lyon Barolles,canceled,captain,ChIJN4l-IC3v9EcRf9QJKIVC_aY,45.6837539&4.7725939,2024-02-10T16:30:00.000Z,60,10,public,true,Détente,2,CtNFqr0EPoVhchQqBoufnZrvWU33,9,10,0,0,0,0,0
aWLRUIW5MI8MuEu2shrR,Stadium Thiais,played,pro,ChIJ64X9jzx05kcRsHvSfOv6UcA,48.7511024&2.3713455,2024-02-12T19:30:00.000Z,90,15,public,false,,,psf3NmXEPwdCltHKJC7VuvJocrF3,10,10,5,0,0,0,3
aWVqDX6qrUfa6BXKl2zd,LE FIVE VITROLLES,played,captain,ChIJi4A-IrHoyRIRunoYLEGNeYI,43.4338497&5.240971399999999,2024-02-07T17:00:00.000Z,60,10,public,false,Détente,3,dIqIMHAysFbONZtzZLGfAzp8IMR2,10,10,0,0,0,0,1
aX37z5t6ldJcOgDCWuMG,Top Ten,played,captain,ChIJfXprBx4b5kcRmhe-5pLZUek,48.8729106&2.6840919,2024-01-27T17:00:00.000Z,60,10,public,false,Détente,2,WpGAhdmulIdsMLgkOSuAldGXgFK2,10,10,6,0,0,0,2
aXUf31xIhMvJWe50cHBf,Kaiser Park,played,captain,ChIJsRLZzKFg5kcRBCfNws9nssw,49.0175545&2.1775301,2024-01-28T14:00:00.000Z,90,15,public,false,Détente,2,cqW2FgTkB4ZAU8zb24wWo35KYj83,10,10,2,0,0,0,2
aYT25vIN9vHLLtdHcxk4,UrbanSoccer La Défense,published,captain,ChIJh4rnfVhk5kcRV2Q-ZKdm8vA,48.8996456&2.2216773,2024-02-13T19:15:00.000Z,60,14.5,public,true,Détente,3,uXinhTCnJabPwHfWKNCwa6udOVj1,10,10,0,0,0,0,3
aYgHs8gMonwR8FKN0wit,Z5 Aix,played,captain,ChIJKb-U_9KSyRIRKIFKbH5mW18,43.4787869&5.3969048,2024-02-05T20:00:00.000Z,60,11,public,false,Détente,3,xrqCNeeXkffxTI1WvhqYgfhlv9n1,10,10,4,0,0,0,0
aZepDykUvUxs552Aj7hk,Foot POWER 5,canceled,pro,,48.960066&2.2061913,2024-01-22T17:00:00.000Z,90,5,public,false,,,sss3dYi6nzWd7rEjwcQ30LGKudj1,0,10,0,0,0,0,0
aZvLvKBIG9vXLGFHL4aa,Syndicat Interdépartemental des Sports de Choisy-le-Roi,canceled,captain,ChIJfbbB7qZ05kcRSShtZvltwEU,48.7712037&2.4348238,2024-02-03T10:50:00.000Z,120,,public,false,Détente,3,sF9wMR6gU3XbXYhoABhWGcJcxAu1,14,18,0,0,0,0,1
aaeeC27DSETLdfNxO5y3,Stadium Thiais,published,pro,,48.7511024&2.3713455,2024-02-03T12:00:00.000Z,90,15,public,false,,,psf3NmXEPwdCltHKJC7VuvJocrF3,0,10,0,0,0,0,0
abCzGN2OAkUyuFyZdNmN,LE FIVE Paris 13,published,pro,,48.8181615&2.3658793,2024-02-27T22:00:00.000Z,60,10,public,false,,,FjSnzlRFFfhWVWQJGfIEwRc2ZMj2,0,10,0,0,0,0,0
abNjjZGP3KFjY2OQM4gA,Stadium Thiais,published,pro,,48.7511024&2.3713455,2024-01-23T21:00:00.000Z,90,14,public,false,,,psf3NmXEPwdCltHKJC7VuvJocrF3,0,10,0,0,0,0,0
abeIuNPMrUCm3QCAQ632,LE FIVE Bezons,published,pro,,48.91909&2.2093051,2024-03-07T21:00:00.000Z,90,14,public,false,,,U3MriTZbPbTUEsU6RtRuHxDMKvg2,0,10,0,0,0,0,0
ac1dn7B4evZZqjh2mFbb,UrbanSoccer - Puteaux,played,captain,ChIJM_sC0-Nk5kcRhL1y_EFIje8,48.8836397&2.2312283,2024-02-01T18:30:00.000Z,60,13,public,true,Détente,3,Di12SH11fFXqKGb9vDod5O8JtFB3,10,10,4,0,0,0,2
accU8Q5wsfEOc3bBMIdU,Stadium Thiais,published,pro,,48.7511024&2.3713455,2024-02-02T14:00:00.000Z,90,8,public,false,,,psf3NmXEPwdCltHKJC7VuvJocrF3,0,10,0,0,0,0,0
ad9pSucbEolA82onuJ0s,Top Ten,played,pro,,48.8729106&2.6840919,2024-02-06T16:00:00.000Z,90,5,public,false,,,i27253AGxOfXgYJK72sBnvUGuMk2,10,10,9,0,0,0,7
adPulez43fmvJ8FxBCrj,Stadium Thiais,published,pro,ChIJ64X9jzx05kcRsHvSfOv6UcA,48.7511024&2.3713455,2024-01-24T19:30:00.000Z,90,15,public,false,,,psf3NmXEPwdCltHKJC7VuvJocrF3,0,12,0,0,0,0,1
adiHQGam3NGZ4e8J7t8L,POWER FIVE ( Foot à 5 en intérieur ),played,captain,ChIJ6ULNmyh15kcRV9cjbnBjGr8,48.73026429999999&2.4346948,2024-02-05T18:15:00.000Z,30,10,public,false,Détente,,B1z0F04UIfgHLlnchcdD4A6OJA32,10,10,0,0,0,0,0
aeS4CCLoj8HmTzBX7Cyk,LE FIVE Paris 18,published,pro,,48.8978522&2.3700234,2024-03-12T16:00:00.000Z,60,5,public,false,,,UQf33jQhVZhle917nO0h7D5qclV2,1,10,0,0,0,0,0
aeYirlh6Y1nhRDI4QGOY,Stade Lilian Thuram,played,captain,ChIJy0-vXf9l5kcRH4WAmpihUQE,48.933705&2.2828141,2024-01-21T09:15:00.000Z,150,,private,false,Détente,3,fwrCzizjC5UGI9TzJdi1JinvWet1,18,18,10,0,0,0,1
aeqYjAJr7a0xubMxKEfo,LE FIVE Bezons,played,pro,,48.91909&2.2093051,2024-02-12T17:00:00.000Z,60,7,public,false,,,U3MriTZbPbTUEsU6RtRuHxDMKvg2,10,10,9,0,0,0,4
af38Z4Y5YrFNrVQrT2Wu,Top Ten,published,pro,ChIJfXprBx4b5kcRmhe-5pLZUek,48.8729106&2.6840919,2024-02-11T12:30:00.000Z,90,15,public,false,,,i27253AGxOfXgYJK72sBnvUGuMk2,0,10,0,0,0,0,0
afXUbhf0irAZObQl8YE2,Stadium Thiais,published,pro,ChIJ64X9jzx05kcRsHvSfOv6UcA,48.7511024&2.3713455,2024-02-13T17:30:00.000Z,90,14,public,false,,,psf3NmXEPwdCltHKJC7VuvJocrF3,0,10,0,0,0,0,0
agKY4T0aKhkVOJLdedF3,Stadium Thiais,played,pro,ChIJ64X9jzx05kcRsHvSfOv6UcA,48.7511024&2.3713455,2024-02-03T10:30:00.000Z,90,12,public,false,,,psf3NmXEPwdCltHKJC7VuvJocrF3,10,10,5,1,0,0,2
agZLm7f7YsmAAfqmzMiX,Monclub Futbol,played,pro,ChIJGbxxaamUyRIRgGvhHnhJStA,43.4299152&5.4001974,2024-02-08T19:00:00.000Z,60,10,public,false,,,CSTy9rmJRQSyWlqWuGiUhGpAGqf2,10,10,8,0,0,0,0
agoEUurjXPKhAPHbQSXI,LE FIVE Champigny,published,pro,,48.8194084&2.5251846,2024-02-02T16:00:00.000Z,60,7,public,false,,,evlV9mUgATYQ5343zpYZvk4w0r03,0,10,0,0,0,0,1
ahM9TtFA49VvLki7I31s,UrbanSoccer - Marne-La-Vallée,published,captain,ChIJ6bDBiosP5kcROXiloHzSdhc,48.82658600000001&2.6296937,2024-02-15T19:20:00.000Z,90,15.75,public,true,Détente,4,pc5sZEZSy5Nnzq7NygjDWzuE4wj2,5,10,0,0,0,0,0
ak284qLyV32kemNj5xyC,LE FIVE Champigny,played,captain,ChIJsXi1PLYN5kcRTVVDuczgS2s,48.8194084&2.5251846,2024-02-08T19:30:00.000Z,90,15,public,false,Détente,2,8JeHXYdT8fdlHaksPrriPbDHv842,10,10,2,0,0,0,1
al7Akg0oyKsI1ZeKJEoD,LE FIVE Paris 18,published,pro,ChIJpVT4_n1u5kcRzji6FdTBXXo,48.8978522&2.3700234,2024-01-28T21:30:00.000Z,90,12,public,false,,,UQf33jQhVZhle917nO0h7D5qclV2,3,10,0,0,0,0,0
amSFTvPmFBxmoDEt5nKU,UrbanSoccer - Puteaux,canceled,captain,ChIJM_sC0-Nk5kcRhL1y_EFIje8,48.8836397&2.2312283,2024-02-06T19:00:00.000Z,60,15,public,true,Détente,2,tADc402LbzNQItwCyfxaRTs36sH2,9,10,0,0,0,0,0
anSTL10wSGRiKZPXVjyl,Foot-Max Argenteuil,canceled,captain,ChIJi9oIzaRm5kcRJYcK7QsdRMU,48.9501569&2.2093741,2024-02-02T18:00:00.000Z,90,12,public,false,Compétition,5,x1rFpjV0niWhBEzm6w7OmAGUBpD3,10,10,0,0,0,0,1
anV4IjFQl6JAvr2KGZH3,Stadium Thiais,played,pro,ChIJ64X9jzx05kcRsHvSfOv6UcA,48.7511024&2.3713455,2024-01-28T19:30:00.000Z,90,15,public,false,,,psf3NmXEPwdCltHKJC7VuvJocrF3,10,10,8,1,0,0,2
anfsKRDhuQpHAkIddwFT,LE FIVE Paris 18,played,pro,,48.8978522&2.3700234,2024-01-30T21:20:00.000Z,90,10,public,false,,,UQf33jQhVZhle917nO0h7D5qclV2,10,10,6,0,0,0,3
apCWTRbAPY1JcOD7vP8K,UrbanSoccer - Lille Bondues,canceled,captain,ChIJ58ZerMgrw0cR2Jyp7tZjBn4,50.6913774&3.0860264,2024-02-05T17:45:00.000Z,60,9.5,public,true,Compétition,3,3omoD4yPfmdB1DZxOCQfgedKPfx1,5,10,0,0,0,0,0
apW8bDBrpmuPHnc737TT,Top Ten,published,pro,,48.8729106&2.6840919,2024-03-06T11:00:00.000Z,90,5,public,false,,,i27253AGxOfXgYJK72sBnvUGuMk2,0,10,0,0,0,0,0
apgW2PH9aQgn6sU0fXSU,LE FIVE Paris 17,played,captain,ChIJ7eI8sFNv5kcR5xy52Wc57NU,48.900032&2.3213449,2024-01-26T18:30:00.000Z,90,18,public,true,Détente,2,qwy8H1lpm0cA0FbmVTWkHpQbzny2,10,10,2,0,0,0,2
arBik28BaDGnxC7WpcWy,UrbanSoccer - Porte d'Aubervilliers,canceled,captain,ChIJ0dXjDCZs5kcRvX0EpMwxsUY,48.9074912&2.3746518,2024-02-05T16:00:00.000Z,60,7,private,true,Détente,2,eNRJaPTBn1NoMvayjj4tmsuKodG3,7,10,0,0,0,0,0
ardflVIhERzFCKFHhGBl,Footbox,published,pro,,48.9022789&2.582647,2024-02-27T21:00:00.000Z,60,10,public,false,,,QI89VPazyLhBVnWH871jk4BUEZI3,0,10,0,0,0,0,0
arxicpUx0HgVeRixYDBL,Top Ten,published,pro,,48.8729106&2.6840919,2024-01-26T21:30:00.000Z,90,16.5,public,false,,,i27253AGxOfXgYJK72sBnvUGuMk2,0,10,0,0,0,0,0
asCNJnNsA5KupxNcvsDo,Centre sportif Suzanne Lenglen,canceled,captain,ChIJjyw8lw975kcRB8dEmGn3P0Q,48.8302835&2.2740847,2024-02-03T18:30:00.000Z,60,,public,false,Détente,,9dp5LHYWIbcxIlOJNciL71gOU802,9,10,0,0,0,0,0
asy8wdW6fwzjp1UO4ntA,Stade Robespierre,canceled,captain,ChIJrSdPdLpk5kcRTIf7gmbAvcU,48.8692482&2.2034218,2024-02-10T13:00:00.000Z,120,5,public,false,Compétition,5,uK7KAxZFpwZeIpiBLR7VWDgp0qF2,1,10,0,0,0,0,0
atkuXPotRwYfxpRpPiQT,LE FIVE Villette,played,captain,ChIJTUFnQjps5kcR0pHITLTw1PI,48.9070122&2.3861459,2024-02-05T19:30:00.000Z,90,18,public,false,Détente,3,X7SknW0NrdfRv1JxdoOD42EHvwv2,10,10,0,0,0,0,1
auFFwB8Yy6UmydgT8Dbl,We Are Sports,played,captain,ChIJFZU5oBHC9EcRJTFrSkI1xxg,45.7113247&4.8761886,2024-01-22T18:30:00.000Z,60,10,public,false,Détente,2,6LqxDqAWJaUlyC7u83GNSThf9zn2,8,8,2,0,0,0,0
avnEOQebKwnAWK8Plc3J,Stadium Thiais,played,captain,ChIJ64X9jzx05kcRsHvSfOv6UcA,48.7511137&2.3715422,2024-02-05T20:30:00.000Z,90,14,public,false,Détente,4,xtR2oJdOCLXt2fbajisGpU3Fes22,10,10,7,0,0,0,2
ay8dV37ht6JmBUvFX8kK,UrbanSoccer La Défense,canceled,captain,ChIJh4rnfVhk5kcRV2Q-ZKdm8vA,48.8996456&2.2216773,2024-01-22T17:15:00.000Z,60,14,public,true,Détente,2,8kEaTxsnTxOhz1Tp79Q1h72GMVi2,8,10,0,0,0,0,0
azwCG7GAXcbeDNah2vc8,LE FIVE Paris 18,played,pro,,48.8978522&2.3700234,2024-02-05T16:00:00.000Z,60,5,public,false,,,UQf33jQhVZhle917nO0h7D5qclV2,10,10,7,0,0,0,5
b0NEOEHTQGS1Wd58inJe,LE FIVE Montreuil,canceled,captain,ChIJJdTQjr0T5kcRZmGxtIJVy44,48.8607303&2.4650432,2024-02-04T10:30:00.000Z,60,11,public,false,Détente,3,9fKVe5bYXhPeaaV2DszUENaSQ953,10,10,0,0,0,0,0
b0ZIHT11h8Y9UgzqOdYi,Sport dans la Ville Rhône-Alpes,played,captain,ChIJoUEDcmvr9EcRILCz6hDCQ2o,45.7811703&4.8081568,2024-02-01T19:00:00.000Z,60,,public,false,Détente,3,X15EGE8roSXTWJH59WI4ovCSGw03,10,10,4,0,0,0,0
b2X6uizEsMRHtTJARhvD,Stadium Thiais,played,pro,,48.7511024&2.3713455,2024-01-20T18:00:00.000Z,90,15,public,false,,,psf3NmXEPwdCltHKJC7VuvJocrF3,10,10,5,0,0,0,2
b3FQiVDVQLCpDmoM8HK8,LE FIVE Villette,canceled,captain,ChIJTUFnQjps5kcR0pHITLTw1PI,48.9070122&2.3861459,2024-01-29T18:00:00.000Z,60,12,public,false,Détente,2,nC6R68gbUzOUhr04A9XNjEJHUjy2,9,10,0,0,0,0,0
b5svyvuBMSvkRi2P2dLL,UrbanSoccer Meudon,canceled,captain,ChIJ0WKvjbh75kcRoqSmyWwW2jQ,48.80013599999999&2.2140811,2024-01-22T20:00:00.000Z,90,14,public,true,Détente,3,3CpmvOjU8Xc0th6FHfUT3HWOKxL2,5,10,0,0,0,0,2
b622fd41iFISlZMZ1zqY,Cité des Sports,played,captain,ChIJ70UPf6R75kcRGb3NAV9k7Ww,48.8247744&2.2650728,2024-01-23T17:30:00.000Z,60,13,public,false,Détente,2,fgAuELqlsJY5yEvKitrB3M85UjJ3,10,10,3,0,0,0,0
b6ZAWEG4UwoJ7HwapJ7I,UrbanSoccer - Porte d'Aubervilliers,played,captain,ChIJ0dXjDCZs5kcRvX0EpMwxsUY,48.9074912&2.3746518,2024-02-04T17:30:00.000Z,90,17,public,true,Détente,2,7FnG9luYxXdpc3eHRBg0YyexwZ42,10,10,1,0,0,0,0
b6zaNfQf9cb2rLJXVQ5t,Gymnase Rosalind Franklin,published,captain,ChIJeUB7Xqlz5kcR_akj6eEkBmk,48.8095385&2.4035959,2024-02-04T09:00:00.000Z,120,,public,false,Détente,,RPBkJhlCOXYsBalhtCn3yAwbtgp2,3,10,0,0,0,0,0
b85IhhaMzTGfGb8DAY9z,UrbanSoccer - Marne-La-Vallée,canceled,captain,ChIJ6bDBiosP5kcROXiloHzSdhc,48.82658600000001&2.6296937,2024-01-28T11:45:00.000Z,90,12,public,true,Détente,2,5RZCeCcAdWh3cZGKj8uebbbKZ7B2,9,10,0,0,0,0,0
b8T66EKNibIeB3q9jS38,Stadium Thiais,played,pro,ChIJ64X9jzx05kcRsHvSfOv6UcA,48.7511024&2.3713455,2024-02-07T19:30:00.000Z,90,15,public,false,,,psf3NmXEPwdCltHKJC7VuvJocrF3,10,10,5,0,0,1,1
b8WPjp7lqmHPJdAREVID,LE FIVE Montreuil,published,pro,,48.8613036&2.4653095,2024-03-11T11:00:00.000Z,60,7,public,false,,,u9uC1vjdcdQ3UqNxI0SiFxor0m43,0,10,0,0,0,0,0
b8bcj1URmTRHTqhOgNEa,UrbanSoccer Evry,canceled,captain,ChIJW0Ut1G7e5UcRt621n2fRQ5M,48.6286849&2.4066366,2024-02-10T18:30:00.000Z,90,9,public,true,Compétition,3,0asGZ9fEnDeJUjaY2BLdrkW6w4u2,2,10,0,0,0,0,0
b9OUrjMBcXbQO9OCwucd,Stadium Thiais,published,pro,,48.7511024&2.3713455,2024-02-23T14:00:00.000Z,90,8,public,false,,,psf3NmXEPwdCltHKJC7VuvJocrF3,0,10,0,0,0,0,0
b9dLuhsHS9edzMbLcTM8,Stadium Thiais,played,captain,ChIJ64X9jzx05kcRsHvSfOv6UcA,48.7511137&2.3715422,2024-02-05T15:55:00.000Z,120,10,public,false,Compétition,3,Dohg1zNvhsbmGrYuAmExKFyjruw2,10,10,2,0,0,0,0
bAyfVddCMHBXmzHOABoo,LE FIVE Paris 17,published,captain,ChIJ7eI8sFNv5kcR5xy52Wc57NU,48.900032&2.3213449,2024-01-30T17:30:00.000Z,90,18,public,true,Détente,2,ceLFtHV0fAc1qVDALW7MlrTr2m82,9,10,0,0,0,0,0
bBM42S5jzSFfHe83UxPS,Evolution Football,played,captain,ChIJX0YulIi8yRIRnGh62u3UXTQ,43.2836074&5.52356,2024-01-31T17:30:00.000Z,60,9,public,false,Détente,,o5jaJS4K7ZQNKka2y2cBws3MfXK2,10,10,0,0,0,0,1
bC0c6sTlcooYq4xuSgOT,Foot POWER 5,canceled,pro,,48.960066&2.2061913,2024-03-06T21:30:00.000Z,90,7,public,false,,,sss3dYi6nzWd7rEjwcQ30LGKudj1,0,10,0,0,0,0,0
bCGGDKBaqWKZYPURXdTP,UrbanSoccer - Porte d'Aubervilliers,played,captain,ChIJ0dXjDCZs5kcRvX0EpMwxsUY,48.9074912&2.3746518,2024-02-04T11:45:00.000Z,90,,public,true,Détente,2,o4nNbGbIgoMaDREnLZbPEOQ1YjZ2,10,10,2,0,0,0,2
bDY1FI3N3JuEn2P9t3he,UrbanSoccer Evry,played,captain,ChIJW0Ut1G7e5UcRt621n2fRQ5M,48.6286849&2.4066366,2024-02-07T19:40:00.000Z,90,16,public,true,Détente,,f4HHLcjgZSbLTp7za7I9cEdioyg2,10,10,0,0,0,0,0
bDivhX8CvUhu1en3S6uz,Footbox,published,pro,,48.9022789&2.582647,2024-02-18T13:00:00.000Z,60,10,public,false,,,QI89VPazyLhBVnWH871jk4BUEZI3,0,10,0,0,0,0,0
bEvlPZ1b3j2eeObNWcJb,Stadium Thiais,published,pro,,48.7511024&2.3713455,2024-02-24T16:30:00.000Z,90,12,public,false,,,psf3NmXEPwdCltHKJC7VuvJocrF3,0,10,0,0,0,0,0
bGBBuDPJBeziAl0CxA81,UrbanSoccer - Lyon Parilly,played,captain,ChIJx3FQWjLC9EcRrrQb2eV7i_4,45.7120399&4.9039284,2024-01-29T18:15:00.000Z,60,10,public,true,Détente,,yitNInW7bSSoe41UzRAyzHfhFj22,10,10,1,0,0,0,0
bGfxiwanR5OJctVJeBYB,Top Ten,published,pro,,48.8729106&2.6840919,2024-03-04T16:00:00.000Z,90,5,public,false,,,i27253AGxOfXgYJK72sBnvUGuMk2,1,10,0,0,0,0,0
bHU2X3dGTpRwMYpGIxsa,GOPARK INTERIEUR - Paintball et trampolines parc,canceled,captain,ChIJ2cJmdhf15kcRQ4mUOxIVzd0,49.045624&2.0799886,2024-02-11T20:00:00.000Z,90,12,public,false,Détente,3,TlFdoPzd1sOf6Sm1jV063PZtaLV2,9,12,0,0,0,0,0
bI9mmct6X446A1lYJFQz,UrbanSoccer La Défense,played,captain,ChIJh4rnfVhk5kcRV2Q-ZKdm8vA,48.8996456&2.2216773,2024-01-25T21:00:00.000Z,60,14,public,true,Détente,3,22RhJ5iSWDedsOpuCQrIKO36Jrg1,10,10,0,0,0,0,0
bIqu4jHU31HHGiBZIV9O,LE PARK Complexe Multisports,played,captain,ChIJdUHbID8O5kcRV5lQhiHTvhs,48.8337843&2.5728501,2024-02-04T15:00:00.000Z,90,15,private,false,Détente,3,uQpRRWuRhxcek7544rADGpc0NlC2,10,10,2,0,0,0,0
bIsqGWvf1bBcq8jKq6ZE,"Stade Géo André, La Courneuve",canceled,captain,ChIJW6kIVABt5kcRSzOJoHMEilE,48.9241944&2.3992965,2024-02-11T07:50:00.000Z,150,,public,false,Détente,3,UsGv9ezU2BPHEVKyWJUd8uCwxBd2,9,10,0,0,0,0,0
bIw6sNq3OlmWgBXuFkV0,Top Ten,played,pro,ChIJfXprBx4b5kcRmhe-5pLZUek,48.8729106&2.6840919,2024-01-21T12:00:00.000Z,90,15,public,false,,,i27253AGxOfXgYJK72sBnvUGuMk2,10,10,7,0,0,0,2
bJsQ3mekjKsCf3pj7ZyO,LE FIVE Montreuil,published,pro,,48.8613036&2.4653095,2024-02-01T11:00:00.000Z,90,10.5,public,false,,,u9uC1vjdcdQ3UqNxI0SiFxor0m43,0,10,0,0,0,0,0
bLRkEQyDBTOLdKCa2kWF,Stadium Thiais,published,pro,ChIJ64X9jzx05kcRsHvSfOv6UcA,48.7511024&2.3713455,2024-02-02T19:30:00.000Z,90,15,public,false,,,psf3NmXEPwdCltHKJC7VuvJocrF3,0,12,0,0,0,0,0
bLWY8ubTXsPtiyb2hCVR,Top Ten,played,captain,ChIJfXprBx4b5kcRmhe-5pLZUek,48.8729106&2.6840919,2024-02-11T09:30:00.000Z,90,14,public,false,Détente,3,lGNuS10G12aZG5beiZgPABtj8Xf2,10,10,2,0,0,0,0
bM7Xvxr4kdHvF6rKYtIz,Top Ten,published,pro,,48.8729106&2.6840919,2024-02-27T22:00:00.000Z,90,16.5,public,false,,,i27253AGxOfXgYJK72sBnvUGuMk2,0,10,0,0,0,0,0
bMPrtx5CrmsahjnfA8jD,LE FIVE Paris 18,published,captain,ChIJpVT4_n1u5kcRzji6FdTBXXo,48.8978522&2.3700234,2024-02-11T17:00:00.000Z,60,14,public,true,Détente,2,3Xt7qRqEerge0OsmzPi1LY6DNmu1,9,10,0,0,0,0,1
bNMvnmEiBolhK12dqpHi,LE FIVE Bobigny,published,pro,,48.901553&2.4313304,2024-02-13T22:00:00.000Z,60,8,public,false,,,4owi3i7t8EOvFNF6UQvACOpiDRy1,0,10,0,0,0,0,1
bNSM2tLDCBbEIDHkSjXv,Footbox,published,pro,,48.9022789&2.582647,2024-03-02T16:00:00.000Z,60,10,public,false,,,QI89VPazyLhBVnWH871jk4BUEZI3,0,10,0,0,0,0,0
bOmjfq1EhAFqWuoaWZvi,Sport dans la Ville Rhône-Alpes,played,captain,ChIJoUEDcmvr9EcRILCz6hDCQ2o,45.7811703&4.8081568,2024-02-06T17:00:00.000Z,60,9,public,false,Détente,,t2kTQ4g5uQUCFCiTCjvm8BK3LSG2,10,10,2,0,0,0,1
bPGacRHmgr0gtRDKmbNA,Z5 Aix,published,captain,ChIJKb-U_9KSyRIRKIFKbH5mW18,43.4787869&5.3969048,2024-02-16T17:30:00.000Z,60,11,private,false,Détente,2,WAR3T49i5EVWHTe2EKh3b0WsVpM2,1,10,0,0,0,0,0
bQCppdKP5HRkjGfejVI8,Footbox,published,pro,,48.9022789&2.582647,2024-02-25T15:00:00.000Z,60,10,public,false,,,QI89VPazyLhBVnWH871jk4BUEZI3,0,10,0,0,0,0,0
bQalVyJ3J4LwKYU0EXaH,LE FIVE Montreuil,published,pro,,48.8613036&2.4653095,2024-02-10T21:00:00.000Z,120,20,public,false,,,u9uC1vjdcdQ3UqNxI0SiFxor0m43,0,10,0,0,0,0,0
bR0pzjMcdesMkdGVzHGa,Top Ten,published,pro,,48.8729106&2.6840919,2024-02-23T21:30:00.000Z,90,16.5,public,false,,,i27253AGxOfXgYJK72sBnvUGuMk2,0,10,0,0,0,0,0
bRjpk06EGAXVuKcWpDCa,Centre Sportif Candie,canceled,captain,ChIJGzAqWPpx5kcRn8zn_6q7BoY,48.8513896&2.3802138,2024-02-07T11:15:00.000Z,60,15,public,false,Détente,2,fWGP3ztjvyRqOzVkuH4ktcQZ03s2,8,12,0,0,0,0,0
bSn1y5CDd141VbeyfruF,Stadium Thiais,published,pro,ChIJ64X9jzx05kcRsHvSfOv6UcA,48.7511024&2.3713455,2024-01-26T18:00:00.000Z,90,15,public,false,,,psf3NmXEPwdCltHKJC7VuvJocrF3,0,10,0,0,0,0,0
bTsYWvdrmVpGpjIKLhSn,LE FIVE Champigny,played,captain,ChIJsXi1PLYN5kcRTVVDuczgS2s,48.8194084&2.5251846,2024-02-04T09:30:00.000Z,90,16.5,public,false,Détente,2,hE9CkuIlqcRHw1LmBFAZby0iZyB3,10,10,2,0,0,0,2
bUSA179vkTJaHXTosZIH,UrbanSoccer - Toulouse Montaudran,canceled,captain,ChIJl772e0u8rhIR2foRX4Xa2CI,43.574642&1.4801835,2024-02-02T17:30:00.000Z,60,8.5,public,true,Détente,3,Vyzvib7nC1d1fpD6UpA52BdH2qD3,10,10,0,0,0,0,0
bUVnq1UeQZJNK9dUzwJm,Stade Robespierre,published,captain,ChIJrSdPdLpk5kcRTIf7gmbAvcU,48.8692482&2.2034218,2024-02-17T10:00:00.000Z,90,5,public,false,Compétition,4,uK7KAxZFpwZeIpiBLR7VWDgp0qF2,2,12,0,0,0,0,0
bVabWFPaCxvg3Hn8Zla3,Sport dans la Ville Rhône-Alpes,played,captain,ChIJoUEDcmvr9EcRILCz6hDCQ2o,45.7811703&4.8081568,2024-01-24T20:30:00.000Z,60,10,public,false,Détente,3,Dl5aaahRy8davx7HNmxWlPDvehM2,10,10,3,0,0,0,0
bW3rE2IwWLhUokUiFYyu,Antony,played,captain,ChIJf8cFRhF35kcR0D6LaMOCCwQ,48.759255&2.302553,2024-01-21T07:45:00.000Z,90,10,public,false,Détente,3,Dohg1zNvhsbmGrYuAmExKFyjruw2,10,10,0,0,0,0,0
bWBKlZq5iSuCLRiMbBfh,LE FIVE Créteil,published,pro,,48.7643086&2.4706522,2024-01-25T16:00:00.000Z,60,7,public,false,,,ZmXMWx7aTdPoPkkGOWa2HIQVblq2,0,10,0,0,0,0,0
bZRUImGTNxWBySx5lAmS,Foot POWER 5,canceled,pro,,48.960066&2.2061913,2024-02-06T21:30:00.000Z,90,7,public,false,,,sss3dYi6nzWd7rEjwcQ30LGKudj1,0,10,0,0,0,0,0
bZsKjASyF5QDsMBjnGd1,UrbanSoccer La Défense,played,captain,ChIJh4rnfVhk5kcRV2Q-ZKdm8vA,48.8996456&2.2216773,2024-01-21T15:45:00.000Z,60,14,public,true,,3,FBM9Rd6gYYTaIQDhC5wmpzZwg1U2,10,10,2,0,0,0,0
bbFGQgB8Ke1sCGw30nTZ,LE FIVE Montreuil,published,pro,,48.8613036&2.4653095,2024-03-09T13:00:00.000Z,90,15,public,false,,,u9uC1vjdcdQ3UqNxI0SiFxor0m43,0,10,0,0,0,0,0
bbLvI2TqEbqr75zG5etZ,Stadium Thiais,published,pro,,48.7511024&2.3713455,2024-02-28T11:00:00.000Z,60,7,public,false,,,psf3NmXEPwdCltHKJC7VuvJocrF3,0,10,0,0,0,0,0
bbQMAsrI1ncrtiEeze94,Padel Pioline,played,captain,ChIJ6WaGooiTyRIRtwKvldVl984,43.5085107&5.4087401,2024-01-22T20:00:00.000Z,60,8,public,false,Détente,3,BmXKMJ3rglT3r5rvnYIM8e8kBI93,10,10,10,0,0,0,0
bbcyY6007aa3CwhalKex,Cité des Sports,played,captain,ChIJ70UPf6R75kcRGb3NAV9k7Ww,48.8247744&2.2650728,2024-02-05T19:30:00.000Z,60,13,public,false,Détente,3,e9m2ordPISR5TJtnhRV0LqAP0023,10,10,2,0,0,0,0
bcNVb22ZCnbL2dxqGU5e,LE FIVE Villette,played,captain,ChIJTUFnQjps5kcR0pHITLTw1PI,48.9070122&2.3861459,2024-02-07T17:00:00.000Z,60,8,public,false,Détente,2,1dEip9CNL5dziAN7iFX6ljziMQ42,10,10,5,0,0,0,1
bcPqiZhEQ9BKAEdWabLb,Centre Sportif Maryse Hilsz,canceled,captain,ChIJgY6iBYxt5kcRHD7TB4jAHV4,48.8520783&2.4128877,2024-02-09T13:30:00.000Z,120,,public,false,Détente,2,vft2WRS7zdU9ST6fNn76LWPt8Vn2,1,16,0,0,0,0,0
bceMmz9JOBmUNwB3i5yW,LE FIVE Bezons,canceled,pro,,48.91909&2.2093051,2024-01-24T21:00:00.000Z,90,14,public,false,,,U3MriTZbPbTUEsU6RtRuHxDMKvg2,0,10,0,0,0,0,0
bcfe25A1tHw2b6VsU6ji,UrbanSoccer - Toulouse Montaudran,canceled,captain,ChIJl772e0u8rhIR2foRX4Xa2CI,43.574642&1.4801835,2024-01-29T18:00:00.000Z,60,11,public,true,Détente,3,U1n2PGxu7RRLUxVlhHEbZ7kf1QF2,10,10,0,0,0,0,0
bcsOQSvHdCwcYkBWNE71,LE FIVE Sarcelles,played,captain,ChIJ6_q3Fxhq5kcRCpoEwnoXX1Q,48.99782219999999&2.3902225,2024-01-24T18:30:00.000Z,90,13,public,false,Détente,3,936SMzamUOVIRLk6iF4GW4uFgTm2,10,10,1,0,0,0,4
bd9ifgoeSbjKww4HwXAp,LE FIVE Paris 18,played,captain,ChIJpVT4_n1u5kcRzji6FdTBXXo,48.8978522&2.3700234,2024-02-07T18:00:00.000Z,90,,public,true,Détente,2,cNgKKhWueQadxnVTy4PXH6XvMc52,10,10,4,0,0,0,6
bevFVGE9BBPPNsTCJIDD,Stadium Thiais,published,pro,,48.7511024&2.3713455,2024-02-05T15:00:00.000Z,90,10,public,false,,,psf3NmXEPwdCltHKJC7VuvJocrF3,0,10,0,0,0,0,0
bexrcu312GJDL3VAKan3,Padel Pioline,canceled,captain,ChIJ6WaGooiTyRIRtwKvldVl984,43.5085107&5.4087401,2024-01-31T19:00:00.000Z,60,8,public,false,Détente,3,BmXKMJ3rglT3r5rvnYIM8e8kBI93,5,10,0,0,0,0,0
bfOSdEz2pkleH0QULQue,LE FIVE Bobigny,played,captain,ChIJV8UONORs5kcRXxR5Qd7x130,48.901553&2.4313304,2024-01-30T18:00:00.000Z,90,15,public,false,Détente,2,wxEDIpT20XdSCWDMwixmIQ1QuKA2,10,10,0,0,0,0,0
bivfIXvHblLHgdIvDSXX,Parcours sportif de la plaine du Luth,canceled,captain,ChIJzRgVdzJv5kcRvh7TyyBSol0,48.9353111&2.2867938,2024-01-20T09:50:00.000Z,90,,public,false,Compétition,5,IPBsO07hSPQnWzruNVQADGFnN7F2,11,12,0,0,0,0,0
bj1v9iOSU2kWfJnAfAA9,UrbanSoccer - Puteaux,played,captain,ChIJM_sC0-Nk5kcRhL1y_EFIje8,48.8836397&2.2312283,2024-01-28T17:00:00.000Z,90,21.75,public,true,Détente,2,ubi3gJ2VG5ZxhsBfeLwjHyvuOEq1,10,10,3,0,0,0,0
bjUakHRR0ey0deIOdkRr,LE FIVE Créteil,played,pro,,48.7643086&2.4706522,2024-02-11T11:00:00.000Z,60,11,public,false,,,ZmXMWx7aTdPoPkkGOWa2HIQVblq2,10,10,9,0,0,0,2
bjrg9R3irfJlJRDBzRdx,Stadium Thiais,published,pro,,48.7511024&2.3713455,2024-02-19T14:00:00.000Z,90,8,public,false,,,psf3NmXEPwdCltHKJC7VuvJocrF3,0,10,0,0,0,0,0
bk9zD61raAay0DSRaxLl,UrbanSoccer - Asnières,played,captain,ChIJi5LkLT9v5kcRSlhScqEFNWs,48.92192379999999&2.3068311,2024-02-01T17:00:00.000Z,60,12,public,true,Détente,3,KrWkWxPPJDVvYXIpyaKJHLgM9r83,10,10,1,0,0,0,0
bkMPlDvEPbvNGsRSVcYE,Top Ten,published,pro,,48.8729106&2.6840919,2024-03-12T11:00:00.000Z,90,5,public,false,,,i27253AGxOfXgYJK72sBnvUGuMk2,0,10,0,0,0,0,0
blAGUNriali66OzaWE2O,UrbanSoccer - Puteaux,played,captain,ChIJM_sC0-Nk5kcRhL1y_EFIje8,48.8836397&2.2312283,2024-01-29T20:30:00.000Z,60,15,public,true,Détente,4,CRlVqhN9OqWj4ttkvRmL8nw5dT02,10,10,3,0,0,0,0
bmGoyqOl4LuzZGStI9Rq,UrbanSoccer - Quai d'Ivry,published,captain,ChIJfXxYJ0xy5kcRw9xTkF6-FZQ,48.8199885&2.3936463,2024-02-07T10:50:00.000Z,60,9.5,public,true,Détente,2,9GujGyyY9BXJR8SaFwR6EQbyEjM2,9,10,0,0,0,0,0
bnDJeZ8PYCN2BjRFHdMV,UrbanSoccer Guyancourt,canceled,captain,ChIJmdX-2c-A5kcRj1wtOS8rZmo,48.7722091&2.0600292,2024-01-22T18:00:00.000Z,60,10,public,true,Détente,2,wjlnLRJWCeM0gRuAGqI3be6sLta2,6,10,0,0,0,0,0
bnNujOR3bgPePHeE1Hi4,LE FIVE Villette,canceled,captain,ChIJTUFnQjps5kcR0pHITLTw1PI,48.9070122&2.3861459,2024-01-22T20:00:00.000Z,90,18,public,true,Détente,4,6DqSrFEgCye9P4csPfcGmxOtlN23,9,10,0,0,0,0,0
bnUFyWxA920aFJdxgTl1,Stadium Thiais,published,pro,,48.7511024&2.3713455,2024-03-10T19:30:00.000Z,90,15,public,false,,,psf3NmXEPwdCltHKJC7VuvJocrF3,0,10,0,0,0,0,0
bnVqiVEBkXZVT43H6uzL,Game 13 foot indoor,canceled,captain,ChIJNSDvlsXryRIRUXao9hwB79I,43.41258939999999&5.366617,2024-01-29T20:00:00.000Z,60,10,public,false,Détente,3,tNI5PAPgX0MDq6T4GlwP3d2ndaO2,8,10,0,0,0,0,0
boWi09rVz2uC3CRbf6Tv,UrbanSoccer - Marne-La-Vallée,played,captain,ChIJ6bDBiosP5kcROXiloHzSdhc,48.82658600000001&2.6296937,2024-02-09T18:30:00.000Z,60,11.5,public,true,Détente,3,XqKE77KP75T9tQkX3sg8AfmykyP2,10,10,4,0,0,0,0
bq957a6OhOgTdrCyZejq,Footbox,published,pro,,48.9022789&2.582647,2024-02-27T20:00:00.000Z,60,10,public,false,,,QI89VPazyLhBVnWH871jk4BUEZI3,0,10,0,0,0,0,0
bqKcUdCS3KbSu3TCjAI6,LE FIVE Paris 17,played,captain,ChIJ7eI8sFNv5kcR5xy52Wc57NU,48.900032&2.3213449,2024-02-07T21:00:00.000Z,60,5,public,true,Competition,4,8QP315cqVJSgeQMI10S7wDEn7SQ2,10,10,2,0,0,0,1
brFGXNyWMFEkGN8s4LHZ,STADIUM FOOT 5 VILLAGE,published,captain,ChIJbbOWFtC4yRIR0WXVerbWmnE,43.269413&5.4260321,2024-02-05T19:00:00.000Z,90,15,public,false,Détente,,MKjoGJESIIfNKw5sH93VODBuvLv2,8,10,0,0,0,0,0
btFWItb4PMnzdOaVuXeg,Footbox,published,pro,,48.9022789&2.582647,2024-02-26T21:00:00.000Z,60,10,public,false,,,QI89VPazyLhBVnWH871jk4BUEZI3,0,10,0,0,0,0,0
btzCWT3CD2jdINtrZnzH,Stadium Thiais,published,pro,ChIJ64X9jzx05kcRsHvSfOv6UcA,48.7511024&2.3713455,2024-02-03T21:00:00.000Z,90,15,public,false,,,psf3NmXEPwdCltHKJC7VuvJocrF3,0,10,0,0,0,0,0
bv7pl1jLHuNusU5Owh75,Foot POWER 5,canceled,pro,,48.960066&2.2061913,2024-03-10T20:00:00.000Z,90,10,public,false,,,sss3dYi6nzWd7rEjwcQ30LGKudj1,0,10,0,0,0,0,0
bwxP9rhW5czCjNLxfcQH,LE FIVE Paris 18,played,captain,ChIJpVT4_n1u5kcRzji6FdTBXXo,48.8978522&2.3700234,2024-01-28T11:00:00.000Z,90,20,public,true,Détente,3,6XXFbIC4rpP71ewqYMrmS01sAbY2,10,10,2,0,0,0,1
byA6lNLOhrt0bikZAtiz,UrbanSoccer La Défense,played,captain,ChIJh4rnfVhk5kcRV2Q-ZKdm8vA,48.8996456&2.2216773,2024-02-03T17:00:00.000Z,90,18,public,true,,3,8c0sLipQY7NC6X7Yujo09nv5Ny83,10,10,3,0,0,0,2
c23k0ttwNgtw4Y8A1cMe,Parc de Choisy,published,captain,ChIJ7RWNzpZ05kcRTkknDj8Df-I,48.7664003&2.4305572,2024-02-10T11:00:00.000Z,120,,private,false,Détente,3,4wfM3ZXk50ZwT3MgJYdZBMhnju12,16,18,0,0,0,0,0
c2EtucKWvCVWUS2KjKMc,STADIUM FOOT 5 VILLAGE,canceled,captain,ChIJbbOWFtC4yRIR0WXVerbWmnE,43.269413&5.4260321,2024-02-01T18:00:00.000Z,60,10,public,false,Détente,4,MKjoGJESIIfNKw5sH93VODBuvLv2,5,10,0,0,0,0,0
c2YDluNxUNqevxixYDUx,UrbanSoccer - Porte d'Aubervilliers,played,captain,ChIJ0dXjDCZs5kcRvX0EpMwxsUY,48.9074912&2.3746518,2024-02-12T19:45:00.000Z,60,15,public,true,Détente,4,ZWz4QsXbOndU0e44kpgxAjMAD0A3,10,10,0,0,0,0,0
c4f90Na4mCvlm90eCc34,UrbanSoccer - Toulouse Montaudran,canceled,captain,ChIJl772e0u8rhIR2foRX4Xa2CI,43.574642&1.4801835,2024-02-08T19:30:00.000Z,60,11,public,true,Compétition,3,mFLyDMjxXzLYjhpcHW6yKyh9O7p1,10,10,0,0,0,0,0
c51z0UXwDldn3TUMV26L,Foot-Max Argenteuil,played,captain,ChIJi9oIzaRm5kcRJYcK7QsdRMU,48.9501569&2.2093741,2024-01-26T19:30:00.000Z,90,12,public,false,Compétition,5,x1rFpjV0niWhBEzm6w7OmAGUBpD3,10,10,5,0,0,0,4
c58KkJLptO1p39MtZefY,UrbanSoccer - Puteaux,played,captain,ChIJM_sC0-Nk5kcRhL1y_EFIje8,48.8836397&2.2312283,2024-01-20T19:00:00.000Z,60,5,public,true,Détente,2,PvDQsexRENaHtU0ljK3p2C1BwKo1,10,10,6,0,0,0,5
c5TMd8ApJ1xmNlIKjLXS,Créteil Pompadour,played,captain,ChIJX79lm6d05kcRdvnIvrrCKDc,48.771485&2.4353447,2024-01-20T11:00:00.000Z,120,,public,false,Détente,,sF9wMR6gU3XbXYhoABhWGcJcxAu1,18,18,6,0,0,0,3
c7LDCXOFj9VgTS6Vx8gA,LE FIVE Villette,canceled,captain,ChIJTUFnQjps5kcR0pHITLTw1PI,48.9070122&2.3861459,2024-02-03T11:00:00.000Z,60,10,public,false,Détente,3,llQX2MUU4bdO9CLNbrKjiszrC2e2,8,10,0,0,0,0,1
c7UUb0pXgKneNKeBZvic,Stadium Thiais,canceled,captain,ChIJ64X9jzx05kcRsHvSfOv6UcA,48.7511137&2.3715422,2024-02-09T19:15:00.000Z,90,15,public,false,Compétition,3,ivJjDu3v1IbjkaGKCqaOoVymlgD3,5,10,0,0,0,0,0
c8QndrIJoq6guGfJHBem,Stadium Thiais,published,pro,,48.7511024&2.3713455,2024-02-29T16:30:00.000Z,90,10,public,false,,,psf3NmXEPwdCltHKJC7VuvJocrF3,0,10,0,0,0,0,0
c9OyVJxgH1I7ElghvfHM,Soccer Five,published,captain,ChIJp0K53sp55kcR61-WTU8Yv5k,48.7368129&2.2591558,2024-02-17T08:00:00.000Z,90,,public,false,Détente,3,Dohg1zNvhsbmGrYuAmExKFyjruw2,3,10,0,0,0,0,0
cCG2VWdAZj87IdreMLpz,Stade Élisabeth,played,captain,ChIJkXj9tq5x5kcROlxynHzTh9o,48.8207737&2.3270972,2024-01-24T18:00:00.000Z,120,2,public,false,Compétition,5,8i5faoQkJ4YSkhRB5skPBLiEh1G3,16,16,5,0,0,0,6
cD0VG8Mc8R6snHFtGLsn,Le 13 - Foot en salle - Marseille,played,captain,ChIJR62kUm_ByRIRDnGQqGCeUVQ,43.33370070000001&5.370389599999999,2024-01-24T18:30:00.000Z,60,10,public,false,Compétition,,vKo5dHtVyXUPuVaU71jLXVTQVk53,10,10,1,0,0,0,0
cDsBTAhT2oxFztNUtPMZ,FOOT INDOOR Marseille,played,captain,ChIJ41AMCxC8yRIRLHLGt11sc-U,43.2859688&5.4882746,2024-02-05T19:00:00.000Z,60,10,public,false,Détente,3,bc0ByPYGeSSG13411DrRcfm66n73,10,10,2,0,0,0,0
cEJSl3EF9R2jDq47gtH2,Monclub Futbol,played,pro,,43.4299152&5.4001974,2024-02-11T17:00:00.000Z,90,12,public,false,,,CSTy9rmJRQSyWlqWuGiUhGpAGqf2,10,10,6,0,0,0,3
cFzrlw7jekHwf7tTz2uY,Stade Yves du Manoir,canceled,captain,ChIJl7niylB95kcRgp-Qz2gUzpY,48.8356132&2.1471731,2024-01-24T09:00:00.000Z,120,,public,false,Compétition,4,9RsiW31iSGhaAT8kokv7pIP4bmU2,14,18,0,0,0,0,0
cGDYoXUO1QbYBapZUWR7,Antony,played,captain,ChIJf8cFRhF35kcR0D6LaMOCCwQ,48.759255&2.302553,2024-01-21T08:15:00.000Z,90,10,public,false,Détente,3,Dohg1zNvhsbmGrYuAmExKFyjruw2,10,10,2,0,0,0,0
cGSgZH8SYfOMhF4sOIL8,FOOT IN FIVE,played,captain,ChIJoUR0syFp5kcRUlStnwluaYY,48.9552257&2.3328346,2024-02-08T20:30:00.000Z,90,15,public,false,Détente,3,s9uuSbnCRpc7cUN0PQaFTQdkWdE2,10,10,3,0,0,0,2
cHz5IfKdAO7BTMoKYFaz,LE FIVE Montreuil,canceled,captain,ChIJJdTQjr0T5kcRZmGxtIJVy44,48.8607303&2.4650432,2024-02-10T11:15:00.000Z,90,15,public,false,Compétition,3,D8hQuGA7uZgAOWF8Hu9qxxC1oc53,10,10,0,0,0,0,0
cIGLwdaDftkbMpgcPbrD,UrbanSoccer - Quai d'Ivry,played,captain,ChIJfXxYJ0xy5kcRw9xTkF6-FZQ,48.8199885&2.3936463,2024-01-22T18:00:00.000Z,90,19.5,public,true,Détente,,qJPKJZcHOMTuiDkitnBseicnsn62,10,10,0,0,0,0,1
cJ5H5PJtVTWJnuAkj4WX,LE FIVE Créteil,played,captain,ChIJ88lx3VwL5kcRVxCh4lD6_Gk,48.7643086&2.4706522,2024-01-20T17:00:00.000Z,60,10,public,false,Compétition,4,adlHh5xCSveR2BBHsjoVrXHGmGD2,10,10,2,0,0,0,0
cJWyl7slZrm2wNDBzjJK,Top Ten,published,pro,,48.8729106&2.6840919,2024-01-25T22:00:00.000Z,90,16.5,public,false,,,i27253AGxOfXgYJK72sBnvUGuMk2,0,10,0,0,0,0,0
cK3alM62nqaaKxHjxnUm,UrbanSoccer - Porte d'Aubervilliers,played,captain,ChIJ0dXjDCZs5kcRvX0EpMwxsUY,48.9074912&2.3746518,2024-02-08T19:15:00.000Z,60,15,public,true,Détente,3,KHrdRQLbCqhpE1I2ToemZnNXXrT2,10,10,2,0,0,0,0
cK51kNI2zahhp34RBT7F,LE FIVE Bezons,published,captain,ChIJ71Mv0Wpk5kcRg-H9x7L-dXo,48.9190524&2.211796,2024-02-13T20:00:00.000Z,90,14,public,true,Compétition,4,B5IEyXnkzfZniludjQGbyvoeeAI3,10,10,0,0,0,0,0
cKpZ5VmSvxDNr63PM3nD,LE FIVE Paris 17,played,captain,ChIJ7eI8sFNv5kcR5xy52Wc57NU,48.900032&2.3213449,2024-01-30T21:00:00.000Z,60,5,public,true,Détente,3,RyXjyrw56oSSuuPubs1TGCsV05G2,10,10,3,0,0,0,0
cKq1x4pChPknpkq3fxCM,Hall des sports Langevin-Wallon,published,captain,ChIJGSdHn74T5kcRGAx1z0JCbwo,48.8808&2.4821681,2024-03-01T19:30:00.000Z,120,,public,false,Compétition,4,5tI7nJKuTRWNJgO1jYKyzMYNwog2,12,12,0,0,0,0,1
cLJhlx1Uy4NqaSHgvwCU,UrbanSoccer - Quai d'Ivry,played,captain,ChIJfXxYJ0xy5kcRw9xTkF6-FZQ,48.8199885&2.3936463,2024-02-01T21:00:00.000Z,60,14,public,true,Détente,3,ag058i8xycSBGAlrvdNrn2cXl903,10,10,4,0,0,0,1
cLsk6qDdi13JwLK3GEJd,City Stade - Ivry,canceled,captain,ChIJkcqlrnhz5kcRYDm_fAMKBxo,48.8172947&2.3926639,2024-01-21T08:20:00.000Z,150,,public,false,Détente,,FYfgfT1shkXXyaMI4sZTA7d9Qdw2,9,10,0,0,0,0,3
cM3cKM2ndxVnwCNFFKr7,Stadium Thiais,published,pro,,48.7511024&2.3713455,2024-02-24T18:00:00.000Z,90,15,public,false,,,psf3NmXEPwdCltHKJC7VuvJocrF3,0,10,0,0,0,0,0
cMJXsnBQggmxTuhCrtOi,LE FIVE Montreuil,canceled,captain,ChIJJdTQjr0T5kcRZmGxtIJVy44,48.8607303&2.4650432,2024-02-09T19:30:00.000Z,90,16.5,public,false,Détente,3,O5Xtgn2M4xcy8dQVEhzZ20zUzPU2,10,10,0,0,0,0,0
cOQMMLPpKHprnGLh2hrv,Le B3 Soccer - Club de l’Arbois,canceled,captain,ChIJa69uraDryRIRRlY7a07cUqU,43.4263643&5.365863600000001,2024-01-25T19:00:00.000Z,60,10,public,false,Détente,2,jYFNoj1C3yY2lmWJNki81FI2JVz2,8,10,0,0,0,0,1
cSlPEGct07RVoe4F64nI,Events Five,canceled,captain,ChIJf8cSCJG5rhIRoQadPH-wW1U,43.5399703&1.3922897,2024-02-09T21:00:00.000Z,60,7,public,false,,,m4KpLYWUQghzy9kZi4QLUXSdwd32,6,10,0,0,0,0,1
cTcAoPLAxiDBsgASmWDK,Stadium Thiais,published,pro,,48.7511024&2.3713455,2024-03-11T21:00:00.000Z,90,14,public,false,,,psf3NmXEPwdCltHKJC7VuvJocrF3,0,10,0,0,0,0,0
cV8edmx2H8b810nOiuzs,UrbanSoccer La Défense,played,captain,ChIJh4rnfVhk5kcRV2Q-ZKdm8vA,48.8996456&2.2216773,2024-01-26T20:45:00.000Z,60,14.5,public,true,Détente,2,dHXCQqNGaWZzX1XqcRj0FpyLnz23,10,10,5,0,0,0,1
cW0fVn1JHeSNziBjNVcr,Stadium Thiais,published,captain,ChIJ64X9jzx05kcRsHvSfOv6UcA,48.7511137&2.3715422,2024-02-07T16:30:00.000Z,90,10,public,false,Compétition,3,Dohg1zNvhsbmGrYuAmExKFyjruw2,5,10,0,0,0,0,1
cW9AkrKYHI0b3sN5fTSJ,Massilia FIVE,canceled,captain,ChIJxZ6UmMW-yRIR7ot5DChYj4w,43.28920790000001&5.4503802,2024-02-15T19:00:00.000Z,60,10,private,false,Détente,2,SrD2RCfeRtPR07dx1prpVpPDyrv1,9,10,0,0,0,0,0
cX1KKgRQW6UkKCX8cpIX,Footbox,published,pro,,48.9022789&2.582647,2024-02-24T19:00:00.000Z,60,10,public,false,,,QI89VPazyLhBVnWH871jk4BUEZI3,0,10,0,0,0,0,0
cXK2FUAMvflTXv77xnTS,UrbanSoccer - Porte d'Aubervilliers,draft,captain,ChIJ0dXjDCZs5kcRvX0EpMwxsUY,48.9074912&2.3746518,2024-01-24T11:00:00.000Z,120,7.5,public,true,,,NFDDccaYozd8Ip49CoUTi0jSx1J3,0,10,0,0,0,0,0
cXRbKUWBynDFuaRLyBJF,Stadium Thiais,played,pro,ChIJ64X9jzx05kcRsHvSfOv6UcA,48.7511024&2.3713455,2024-02-09T18:00:00.000Z,90,15,public,false,,,psf3NmXEPwdCltHKJC7VuvJocrF3,10,10,8,0,0,0,1
cXVJ2UCX0gsnIWv3JcB1,UrbanSoccer - Toulouse Montaudran,played,captain,ChIJl772e0u8rhIR2foRX4Xa2CI,43.574642&1.4801835,2024-02-07T20:30:00.000Z,60,10,public,true,Détente,4,aUXSDToe4ae6IAugvfaWy4b8kuc2,10,10,3,0,0,0,0
cZcI5BzV3NNp9ypEywsP,UrbanSoccer - Toulouse Sept Deniers,published,captain,ChIJk5nUBdOkrhIRP-1aUJzo-lA,43.6321552&1.411696,2024-01-20T10:15:00.000Z,60,8,private,true,Détente,3,n4M5DmRwDxMEKGWTQ1JNVUTDWrr2,8,10,0,0,0,0,0
cb6kaOW5ejKsL3iVrkQ4,Stadium Thiais,published,pro,,48.7511024&2.3713455,2024-03-03T15:00:00.000Z,90,15,public,false,,,psf3NmXEPwdCltHKJC7VuvJocrF3,0,10,0,0,0,0,0
cbZmakSOBqPtXkA2uTJF,Foot-Max Argenteuil,published,pro,ChIJi9oIzaRm5kcRJYcK7QsdRMU,48.9501632&2.2093946,2024-01-31T21:00:00.000Z,90,12,public,false,,,SuEnyPZ4TgNIkt1yap2yJ3ZHO6p1,1,10,0,0,0,0,0
cbaEDkOpgv5nVlW99ard,Speed Soccer Five,published,pro,ChIJ2xTNglV25kcR3UDi4AXGfDU,48.7360598&2.315058,2024-02-02T19:30:00.000Z,90,13,public,false,,,MkTJljXziPXBdRdijccndMLBNCC3,0,10,0,0,0,0,0
cbcxMB2fXogZSmEydRUq,LE FIVE Paris 18,played,pro,ChIJpVT4_n1u5kcRzji6FdTBXXo,48.8978522&2.3700234,2024-02-11T09:00:00.000Z,90,15,public,false,,,UQf33jQhVZhle917nO0h7D5qclV2,10,10,2,0,0,0,1
cc570Sijve0AokCkSquK,Stadium Thiais,played,pro,,48.7511024&2.3713455,2024-01-26T21:00:00.000Z,90,14,public,false,,,psf3NmXEPwdCltHKJC7VuvJocrF3,10,10,9,0,0,0,2
ccpBkVm5Ga2Y3P3lWaL8,UrbanSoccer - Porte d'Aubervilliers,canceled,captain,ChIJ0dXjDCZs5kcRvX0EpMwxsUY,48.9074912&2.3746518,2024-01-27T18:00:00.000Z,60,10.5,public,true,Compétition,3,amHMfBbWcNS4PAlvRqdXMgrrLd83,7,10,0,0,0,0,0
ccyO4ac07qdeOMiFRNmI,Z5 Aix,canceled,captain,ChIJKb-U_9KSyRIRKIFKbH5mW18,43.4787869&5.3969048,2024-02-02T17:00:00.000Z,60,10,public,false,Détente,2,XBBWsXbbIYTDG9Qi2SzCtmOQIxG2,5,10,0,0,0,0,0
cdDAKYlC4Xzy06RoCATF,Stadium Thiais,hidden,pro,ChIJ64X9jzx05kcRsHvSfOv6UcA,48.7511024&2.3713455,2024-02-01T19:30:00.000Z,90,15,public,false,,,psf3NmXEPwdCltHKJC7VuvJocrF3,9,10,0,0,0,0,0
cfcjRR4GRkUJSPlDvmkx,Monclub Futbol,played,pro,,43.4299152&5.4001974,2024-01-28T17:00:00.000Z,90,12,public,false,,,CSTy9rmJRQSyWlqWuGiUhGpAGqf2,10,10,6,0,0,0,4
cfxjPL3nMRABaAbZtuAC,UrbanSoccer La Défense,played,captain,ChIJh4rnfVhk5kcRV2Q-ZKdm8vA,48.8996456&2.2216773,2024-02-12T20:00:00.000Z,90,22.5,public,true,Détente,4,rMpowkfwMxWwX8RcpuxN7vsq0U32,10,10,3,0,0,0,0
cg9AQmwhIWNb5mGKaqx5,Abd Drive,played,captain,ChIJCVBWxGht5kcRclC3u2EvPKs,48.86598919999999&2.4308229,2024-02-10T08:00:00.000Z,150,,private,false,Compétition,5,i0E2h7DylAZZa74nZXgURaHFPkl1,12,12,8,0,0,0,0
cgI0lzdelC0KYesHArrB,Stade du Cœur Volant,played,captain,ChIJiweBVX9j5kcRLatyg_AE6vU,48.8616922&2.107885,2024-02-11T15:00:00.000Z,90,,public,false,Compétition,3,OpjY7Bv7AMb8s2U5DXkpnXg0oJP2,14,14,4,0,0,0,1
cgkyYUAFztfZgwVVAZo3,Footbox,published,pro,,48.9022789&2.582647,2024-03-13T13:00:00.000Z,60,7,public,false,,,QI89VPazyLhBVnWH871jk4BUEZI3,0,10,0,0,0,0,0
ck242U6cQQ6s0gYEGqcY,BIG5,played,captain,ChIJsb_7TJFp5kcRSPL5VqZulr4,48.9901429&2.3617895,2024-01-27T14:30:00.000Z,120,18,public,false,Détente,3,S7F3G5iuPNWVU8C5aKh1cFebGCA3,10,10,2,0,0,0,0
ckM3mPGvwigFJeLJl85M,LE FIVE Champigny,published,pro,,48.8194084&2.5251846,2024-01-27T18:00:00.000Z,60,11,public,false,,,evlV9mUgATYQ5343zpYZvk4w0r03,0,10,0,0,0,0,0
clBeCbUL3JJ26u2J3PYp,LE FIVE Montreuil,published,pro,,48.8613036&2.4653095,2024-03-05T16:00:00.000Z,60,7,public,false,,,u9uC1vjdcdQ3UqNxI0SiFxor0m43,0,10,0,0,0,0,0
clVPXygN8Cw9Hp4Siy47,Entente Sportive Saint-Priest,played,captain,ChIJz-TMr2_E9EcRRUz_3vDdK4Q,45.6932182&4.9607148,2024-02-11T08:30:00.000Z,120,,public,false,Détente,3,LFpR9pJoFXc9dtEZ4aqxHoOqoxA2,16,16,4,0,1,0,1
cmNCrZm9h3mPoAybgNCh,Top Ten,published,pro,,48.8729106&2.6840919,2024-02-26T11:00:00.000Z,90,5,public,false,,,i27253AGxOfXgYJK72sBnvUGuMk2,0,10,0,0,0,0,0
cmtZaIJPO1kBRxQBxO5D,Stadium Thiais,canceled,captain,ChIJ64X9jzx05kcRsHvSfOv6UcA,48.7511137&2.3715422,2024-02-11T17:00:00.000Z,60,14,public,false,Détente,3,6M4f5MX3PCXOB6bAoSJR1UKemwl2,10,10,0,0,0,0,1
cnVktGVkaYmZaC9UMwlc,Terrain de Sport Westermeyer,canceled,captain,ChIJkcqlrnhz5kcRYDm_fAMKBxo,48.81732909999999&2.392745,2024-02-11T08:20:00.000Z,150,,public,false,Détente,,FYfgfT1shkXXyaMI4sZTA7d9Qdw2,9,10,0,0,0,0,1
cnhxmsem12wvAlUAPtXQ,La Plaine des Sports - Université Paris-Saclay,played,captain,ChIJv4ZkWb5_5kcRkQ23aJHNq24,48.71200899999999&2.1560772,2024-02-11T14:00:00.000Z,90,,public,false,Détente,3,ee1xUgZHOqeY6QdvDARYVOlrzLj2,16,16,4,0,0,0,1
coawPg0iuSzz8hH3nbYu,LE FIVE Paris 13,played,captain,ChIJ_bOSChhz5kcRZMTeq_6Gdzg,48.8181615&2.3658793,2024-01-31T20:30:00.000Z,60,14,public,true,Détente,3,lu7LwPFaxwPX1eWVUvCa6aD9bSP2,10,10,0,0,0,0,0
conB1yXIyWzeNlM9c5R4,Speed Soccer Five,published,pro,ChIJ2xTNglV25kcR3UDi4AXGfDU,48.7360598&2.315058,2024-02-02T18:00:00.000Z,90,13,public,false,,,MkTJljXziPXBdRdijccndMLBNCC3,1,10,0,0,0,0,0
cp92bc4urrecVXsIauj4,LE FIVE Champigny,played,captain,ChIJsXi1PLYN5kcRTVVDuczgS2s,48.8194084&2.5251846,2024-01-30T16:30:00.000Z,60,9,public,false,Détente,3,exQUjdqArjZttEJ1G7iPsc8tJgw2,10,10,1,0,0,0,0
cpazx4XQd2sWnL4HWwGg,Footbox,published,pro,,48.9022789&2.582647,2024-02-23T16:00:00.000Z,60,7,public,false,,,QI89VPazyLhBVnWH871jk4BUEZI3,0,10,0,0,0,0,0
cpgCVCM8qumY18VvaIUN,UrbanSoccer - Quai d'Ivry,canceled,captain,ChIJfXxYJ0xy5kcRw9xTkF6-FZQ,48.8199885&2.3936463,2024-01-28T20:00:00.000Z,60,12,public,true,Détente,3,xhKdNjTjRxWfX7o0pLIcqpPjl7E3,5,10,0,0,0,0,0
cpqppvwavVnCco5xqFO7,Stadium Thiais,published,pro,,48.7511024&2.3713455,2024-02-18T09:30:00.000Z,90,15,public,false,,,psf3NmXEPwdCltHKJC7VuvJocrF3,0,10,0,0,0,0,0
cqT5CdSxPlnltZu8XAIo,Footbox,published,pro,,48.9022789&2.582647,2024-03-03T13:00:00.000Z,60,10,public,false,,,QI89VPazyLhBVnWH871jk4BUEZI3,0,10,0,0,0,0,0
crDMJCudqiVfyYFjEXP7,We Are Sports,played,captain,ChIJFZU5oBHC9EcRJTFrSkI1xxg,45.7113247&4.8761886,2024-01-29T17:30:00.000Z,60,10,public,false,Competition,,8lrnY3MQ1LWvpzRscGy5tOYxWy23,10,10,4,0,0,0,1
crhajDPkCjCfBhsHIdio,LE FIVE Marville - La Courneuve,published,captain,ChIJ2dHdMZxr5kcR0aKYHYsp0pY,48.9364404&2.3869147,2024-02-08T21:30:00.000Z,90,13,public,false,Détente,2,qprDASpz0Dg8ax2ZL7FV3wjVFL02,9,10,0,0,0,0,0
cscoZvlFIKGCqvdwFxGT,Stadium Thiais,canceled,captain,ChIJ64X9jzx05kcRsHvSfOv6UcA,48.7511024&2.3713455,2024-01-31T21:00:00.000Z,90,14,public,false,Compétition,,k5uV0OgfsbfK3rA84puHJKDRlxl1,23,24,0,0,0,0,0
cslM8FBibVwGNrnQSN0Q,Stade Esplanade Salvador Allende,published,captain,ChIJmXps7iln5kcRQyytwkErXLw,48.9418667&2.2496757,2024-01-21T11:00:00.000Z,90,,public,false,Détente,3,reugKjXkQXaI9FiNGhxGckIluo32,7,12,0,0,0,0,0
ctiJN4Gx9R6QZarckWuB,LE FIVE Bezons,published,pro,,48.91909&2.2093051,2024-02-17T20:00:00.000Z,90,13.5,public,false,,,U3MriTZbPbTUEsU6RtRuHxDMKvg2,10,10,0,0,0,0,0
cuQgBA4UvXEJPNFTN3CH,Top Ten,published,pro,,48.8729106&2.6840919,2024-02-23T16:00:00.000Z,90,5,public,false,,,i27253AGxOfXgYJK72sBnvUGuMk2,10,10,0,0,0,0,1
cupRTULnnYX0OGXXIybk,Game 13 foot indoor,played,captain,ChIJNSDvlsXryRIRUXao9hwB79I,43.41258939999999&5.366617,2024-01-30T19:00:00.000Z,60,10,public,false,Détente,1,YRqiIIRIa7WLYzz10t8KebtmcKp1,10,10,10,0,0,0,2
cvZXZa9f53V79DmGHUEe,LE FIVE Paris 18,played,captain,ChIJpVT4_n1u5kcRzji6FdTBXXo,48.8978522&2.3700234,2024-01-30T18:00:00.000Z,60,14,public,true,Détente,2,WWgd2I51SHRZaKyr7sQy8MVgXCY2,10,10,1,0,0,0,0
cwPfyRPqqpBorlScP9xL,Stadium Thiais,canceled,captain,ChIJ64X9jzx05kcRsHvSfOv6UcA,48.7511137&2.3715422,2024-02-09T18:00:00.000Z,90,15,public,false,Compétition,4,KJ5gCoMkVEcO1cT3Ii5lb7Oucc22,12,12,0,0,0,0,0
cyYBVJX5NNXtuuGaP2uZ,LE PARK Complexe Multisports,played,captain,ChIJdUHbID8O5kcRV5lQhiHTvhs,48.8337843&2.5728501,2024-01-21T10:00:00.000Z,90,15,public,false,Détente,3,dhjlywiAr1Oil0AYd2jgVPqMics1,10,10,4,0,0,0,0
czBOA7a8Yndy0omHqUuW,Top Ten,published,pro,,48.8729106&2.6840919,2024-02-16T22:00:00.000Z,90,16.5,public,false,,,i27253AGxOfXgYJK72sBnvUGuMk2,0,10,0,0,0,0,0
czZdF6diz9mumXDhl0KV,Top Ten,published,pro,,48.8729106&2.6840919,2024-02-29T16:00:00.000Z,90,5,public,false,,,i27253AGxOfXgYJK72sBnvUGuMk2,3,10,0,0,0,0,0
czkN4GZ1m644BW5siFj0,Speed Soccer Five,published,pro,ChIJ2xTNglV25kcR3UDi4AXGfDU,48.7360598&2.315058,2024-02-11T17:00:00.000Z,90,14,public,false,,,MkTJljXziPXBdRdijccndMLBNCC3,1,10,0,0,0,0,1
czwSvHy9uxU5eaF3vsx1,Stadium Thiais,published,pro,,48.7511024&2.3713455,2024-03-03T18:00:00.000Z,90,15,public,false,,,psf3NmXEPwdCltHKJC7VuvJocrF3,0,10,0,0,0,0,0
d0LtFxoQSqk4YcXPIXbw,Top Ten,published,pro,,48.8729106&2.6840919,2024-02-21T11:00:00.000Z,90,5,public,false,,,i27253AGxOfXgYJK72sBnvUGuMk2,0,10,0,0,0,0,0
d0lh7P7pHHLE052cOidz,UrbanSoccer Meudon,published,captain,ChIJ0WKvjbh75kcRoqSmyWwW2jQ,48.80013599999999&2.2140811,2024-02-13T11:30:00.000Z,60,9,public,true,Détente,2,TqgOhKIZuZNLjSAicL4Q3fb8eG53,10,10,0,0,0,0,1
d1o4plCMXNouTEU4JnrW,Events Five,canceled,captain,ChIJf8cSCJG5rhIRoQadPH-wW1U,43.5399703&1.3922897,2024-01-25T20:00:00.000Z,60,9,public,false,Compétition,,ylSrVh9Qa5UXqlon6yzaKsprFZE3,5,10,0,0,0,0,0
d1xnSl4Mo94DnVsk3AQO,Stadium Thiais,published,pro,,48.7511024&2.3713455,2024-02-11T12:00:00.000Z,90,15,public,false,,,psf3NmXEPwdCltHKJC7VuvJocrF3,0,10,0,0,0,0,1
d3VKWkyp9yYq9K1DpPmY,LE FIVE Paris 18,canceled,captain,ChIJpVT4_n1u5kcRzji6FdTBXXo,48.8978522&2.3700234,2024-02-01T21:30:00.000Z,90,10,public,true,Compétition,,KXpRdfAeb4fbZDkTMTOVlwVTuaD2,1,10,0,0,0,0,0
d3gbgMqdSbeCnW9fKity,LE FIVE Paris 18,published,pro,,48.8978522&2.3700234,2024-02-14T21:20:00.000Z,90,10,public,false,,,UQf33jQhVZhle917nO0h7D5qclV2,1,10,0,0,0,0,0
d3wJR3yv5L48GtMIaG1k,Testing Purposes,published,pro,,67.461524&-152.801377,2024-02-27T15:00:00.000Z,90,12,public,false,,,f2LrY7SAV3U1V9tUVAZfiMxA3uu1,0,10,0,0,0,0,0
d4VYmHVHngWaBH5qerG8,Stadium Thiais,played,captain,ChIJ64X9jzx05kcRsHvSfOv6UcA,48.7511024&2.3713455,2024-01-27T15:00:00.000Z,90,12,public,false,Compétition,3,PicP3Zxzwke1o2U4k4rmfc45Ja42,10,10,8,0,0,0,1
d6bokTIJRdHvECDfRgf7,LE FIVE Paris 18,draft,captain,ChIJpVT4_n1u5kcRzji6FdTBXXo,48.8978522&2.3700234,2024-02-09T19:00:00.000Z,60,,private,false,,,WwUq7bFMu7dGKfspToX9zVQjpJB2,0,0,0,0,0,0,0
d7zmzuYNDTTMLciJl9rq,Cap Loisirs,played,captain,ChIJ6xl7EP2irhIRG2TbDQazLzE,43.64393279999999&1.4791113,2024-01-20T09:50:00.000Z,90,6,public,false,Détente,3,DSMX6sXNSyffe5ZF0LMWXK90eAv2,10,10,2,0,0,0,1
d9lJuQj84dnoaPWuZg9V,Stade Jules Guesdes,canceled,captain,ChIJ6Y-oIqzB9EcRA-0_IjLe6xQ,45.7566549&4.9076868,2024-02-01T19:00:00.000Z,60,,public,false,Compétition,2,HyT9sUQYU0Vrdd8DzG3FgFe8qr42,9,14,0,0,0,0,0
dABCWSfrKT24RKBb60BZ,Stadium Thiais,published,pro,,48.7511024&2.3713455,2024-01-23T16:30:00.000Z,90,10,public,false,,,psf3NmXEPwdCltHKJC7VuvJocrF3,0,10,0,0,0,0,0
dBkMH53NQ4oyeRuc7ZYZ,Events Five,played,captain,ChIJf8cSCJG5rhIRoQadPH-wW1U,43.5399703&1.3922897,2024-02-03T17:00:00.000Z,60,8,public,false,Détente,2,AMEnp6DXr5auGuUEuCYRvdtRzUC2,10,10,2,0,1,0,1
dCCO861EaFqYlqOckt9w,LE FIVE Bezons,published,pro,,48.91909&2.2093051,2024-02-13T21:00:00.000Z,90,14,public,false,,,U3MriTZbPbTUEsU6RtRuHxDMKvg2,10,10,0,0,0,0,1
dClw5iOWRAkpYiYQAlCW,LE FIVE Paris 18,played,captain,ChIJpVT4_n1u5kcRzji6FdTBXXo,48.8978522&2.3700234,2024-02-12T13:00:00.000Z,90,7.5,public,true,Détente,2,3tOqa67MUFhzCXdXgb0uZcL9HLu2,10,10,3,0,0,0,0
dCwWsZeMYCCLl5HKc118,Stadium Thiais,canceled,captain,ChIJ64X9jzx05kcRsHvSfOv6UcA,48.7511024&2.3713455,2024-01-31T21:00:00.000Z,90,14,public,false,Compétition,4,k5uV0OgfsbfK3rA84puHJKDRlxl1,11,24,0,0,0,0,0
dDwP8erdgF89rsDRYACe,Monclub Futbol,played,captain,ChIJGbxxaamUyRIRgGvhHnhJStA,43.4299152&5.4001974,2024-01-31T18:00:00.000Z,60,10,public,false,Détente,3,uYX7P5kdWghdtKRSG26ZY8zoZGu2,10,10,5,0,0,0,2
dENaBOwtd2hnYmFnkhpf,LE FIVE Champigny,published,pro,,48.8194084&2.5251846,2024-02-13T16:00:00.000Z,60,7,public,false,,,evlV9mUgATYQ5343zpYZvk4w0r03,0,10,0,0,0,0,0
dFANgxT7vBQfQZj9cQSg,Antony,published,captain,ChIJf8cFRhF35kcR0D6LaMOCCwQ,48.759255&2.302553,2024-01-28T13:00:00.000Z,90,,public,false,Détente,3,Dohg1zNvhsbmGrYuAmExKFyjruw2,2,10,0,0,0,0,1
dFQ9EtyjA7lIuoRJCVUF,LE FIVE Créteil,played,pro,,48.7643086&2.4706522,2024-02-04T11:00:00.000Z,60,11,public,false,,,ZmXMWx7aTdPoPkkGOWa2HIQVblq2,10,10,10,0,1,0,0
dFaG7jLGNN5Pmc8wGZ6N,LE FIVE Champigny,published,pro,,48.8194084&2.5251846,2024-03-07T17:00:00.000Z,60,11,public,false,,,evlV9mUgATYQ5343zpYZvk4w0r03,0,10,0,0,0,0,0
dFaW5JFpov6IFSUTQlxu,Play Soccer,published,captain,ChIJQ-UxZn-5rhIRKWoQydM5T9s,43.5512023&1.4098927,2024-01-30T20:00:00.000Z,60,10,public,false,,,8LtkeOuZHeePxfkXdNPmQSr7V9L2,5,10,0,0,0,0,0
dGiELINlQRTZvWPWw9Q1,LE FIVE Morangis,played,captain,ChIJA4uAhOXZ5UcRp-vZXZP-ovY,48.692672&2.3192811,2024-02-08T10:00:00.000Z,90,4.5,public,false,Détente,,g5OrId1Nw3ZdLj3cSX79Pm7UBBk2,12,12,0,0,0,0,1
dILKKRKmJWT5lzdfgpf8,UrbanSoccer - Quai d'Ivry,published,captain,ChIJfXxYJ0xy5kcRw9xTkF6-FZQ,48.8199885&2.3936463,2024-01-21T18:00:00.000Z,90,19.5,private,true,Détente,,qJPKJZcHOMTuiDkitnBseicnsn62,9,10,0,0,0,0,0
dIQ0CeIOTmDKzF1yjdsS,LE FIVE Paris 18,canceled,captain,ChIJpVT4_n1u5kcRzji6FdTBXXo,48.8978522&2.3700234,2024-01-24T21:00:00.000Z,60,5,public,true,Détente,3,n4W8yUPegFbSD03f1VsK8IkVZRg2,9,10,0,0,0,0,1
dJDFnxZCRAqYmIzJWmsG,Gymnase Thomas Masaryk,published,captain,ChIJS_RiLON55kcR05F__S0vpnc,48.7621267&2.2633816,2024-01-29T20:00:00.000Z,30,,public,false,Détente,3,jlB1qr0PgEXu5m5q7852mvUhCvk1,7,10,0,0,0,0,0
dJdPozuIKOCjxjWY0rfG,Stadium Thiais,published,pro,,48.7511024&2.3713455,2024-02-15T15:00:00.000Z,90,8,public,false,,,psf3NmXEPwdCltHKJC7VuvJocrF3,0,10,0,0,0,0,0
dKX2mpOEe62LgwpTt92w,UrbanSoccer - Porte d'Aubervilliers,played,captain,ChIJ0dXjDCZs5kcRvX0EpMwxsUY,48.9074912&2.3746518,2024-01-22T21:00:00.000Z,60,13,public,true,Détente,3,CGqFHTHfbicecusH9q1obESTvxw1,10,10,5,0,0,0,0
dKwG01vIgqvsJRkdAqhN,Stadium Thiais,published,pro,,48.7511024&2.3713455,2024-02-13T18:00:00.000Z,90,15,public,false,,,psf3NmXEPwdCltHKJC7VuvJocrF3,10,10,0,0,0,0,0
dM3HXkaTykvns6ySWdQV,La Plaine des Sports - Université Paris-Saclay,played,captain,ChIJv4ZkWb5_5kcRkQ23aJHNq24,48.71200899999999&2.1560772,2024-01-20T08:10:00.000Z,150,,public,false,Chill,2,lVmxZV136gVfAw5AoUhazZPEWH33,22,22,2,0,0,0,0
dMLUA7hxI74Vo61rtSPO,FOOT IN FIVE,canceled,captain,ChIJoUR0syFp5kcRUlStnwluaYY,48.9552257&2.3328346,2024-01-31T20:30:00.000Z,90,15,public,false,Détente,2,WOU1Im8UrUf84C6GGDtfyrAM50u1,3,10,0,0,0,0,1
dNhV5TYSLv91XJEMEFSy,Stadium Thiais,published,pro,,48.7511024&2.3713455,2024-03-02T21:00:00.000Z,90,15,public,false,,,psf3NmXEPwdCltHKJC7VuvJocrF3,0,10,0,0,0,0,0
dOncZi3dATN7xcr39OvZ,Top Ten,played,captain,ChIJfXprBx4b5kcRmhe-5pLZUek,48.8729106&2.6840919,2024-02-11T08:00:00.000Z,90,12,public,false,Détente,2,X3rZnkTKKvP3wJS3DTHWae9Z5vg2,12,12,6,0,0,0,0
dPh8qEIOWNrwScWqk3PG,F5 Foot Five,canceled,captain,ChIJjUbM5G7A9EcRW3mlkrhyXxY,45.7857911&4.905926399999999,2024-02-08T17:00:00.000Z,60,10.5,public,false,Détente,2,eyg4jzU72eTwyaBcf2Juh4co7bq2,9,10,0,0,0,0,3
dPhvHv3SxuwTwvrFWz36,UrbanSoccer - Porte d'Aubervilliers,published,captain,ChIJ0dXjDCZs5kcRvX0EpMwxsUY,48.9074912&2.3746518,2024-02-13T19:00:00.000Z,60,14,public,true,Compétition,4,TIVSQaDxRdPKQlQOhl5VChWF7px1,8,10,0,0,0,0,0
dQ6AYiS2CZpjbOhy1A1f,Top Ten,published,pro,,48.8729106&2.6840919,2024-02-28T22:00:00.000Z,90,16.5,public,false,,,i27253AGxOfXgYJK72sBnvUGuMk2,0,10,0,0,0,0,0
dQGhPAmGJXgWCYgvzBAg,Tours Foot Indoor Ex Le Five,canceled,captain,ChIJ_W2Q_SPV_EcRj3zLt_rpEw4,47.4324282&0.6918124,2024-01-28T15:00:00.000Z,60,9,public,false,Détente,,5TkC1W2nHtNUIHsE46dkQuYfQAf1,5,10,0,0,0,0,0
dSTr4T0CFWR0K2mSROvT,Créteil Pompadour,published,captain,ChIJX79lm6d05kcRdvnIvrrCKDc,48.771485&2.4353447,2024-01-28T12:00:00.000Z,90,,public,false,Compétition,4,cNY7bOhulFPOE51pOPDt2dXn5p92,16,18,0,0,0,0,7
dSiUL57d8ZPv9iFKuJYT,Footbox,published,pro,,48.9022789&2.582647,2024-03-07T14:00:00.000Z,60,7,public,false,,,QI89VPazyLhBVnWH871jk4BUEZI3,0,10,0,0,0,0,0
dSseMEHe6pivSBbOwOiW,Stade Louis Boury,played,captain,ChIJLVk-5IVv5kcRNWYWGZlZ1sY,48.924964&2.3019224,2024-02-11T14:00:00.000Z,90,,public,false,Compétition,5,gcUvLJGsLVN6MjE3Z9SQqllcqAd2,10,10,1,0,0,0,0
dXWWJRBopjmsY5ph8tbJ,LE FIVE Morangis,canceled,captain,ChIJA4uAhOXZ5UcRp-vZXZP-ovY,48.692672&2.3192811,2024-02-17T08:30:00.000Z,90,15,public,false,Détente,,6LTR25IINVaDKUxVrs9abFmgGFn1,1,10,0,0,0,0,0
dY1re0G8qxtf0hpW3hzZ,Futsal,published,captain,ChIJW2Aqm4nXwkcRlCVWc3BBA7g,50.6160524&3.100639,2024-02-16T18:00:00.000Z,90,8,private,false,Compétition,4,apVKYcOhmBZbIt0BG505gXs5JVd2,4,10,0,0,0,0,0
dZPS0NruyzHNm1ikTbsC,LE FIVE Villette,canceled,captain,ChIJTUFnQjps5kcR0pHITLTw1PI,48.9070122&2.3861459,2024-01-24T22:00:00.000Z,60,8,public,false,Détente,,vOtVraRuprb8kfOHpsqqKtFsMfs2,5,10,0,0,0,0,0
darSizMPQhG8KtVgS2Hz,UrbanSoccer - Quai d'Ivry,published,captain,ChIJfXxYJ0xy5kcRw9xTkF6-FZQ,48.8199885&2.3936463,2024-01-28T10:45:00.000Z,60,13,public,true,Détente,3,6EsGBB4O7Dd3XwktRyhj9GPFd553,9,10,0,0,0,0,1
dc8bq252uzECqcFUcLx2,LE FIVE Sarcelles,canceled,captain,ChIJ6_q3Fxhq5kcRCpoEwnoXX1Q,48.99782219999999&2.3902225,2024-02-02T17:45:00.000Z,60,10,public,false,Compétition,,ew3GACDRP8UnjNCcNvvniBkgvOP2,9,10,0,0,0,0,0
dd9mqIvz6Hmu7KrHR1Qp,Top Ten,published,pro,,48.8729106&2.6840919,2024-02-15T16:00:00.000Z,90,5,public,false,,,i27253AGxOfXgYJK72sBnvUGuMk2,10,10,0,0,0,0,2
ddjuTklOnGaVJUqKWHWC,Stadium Thiais,published,pro,ChIJ64X9jzx05kcRsHvSfOv6UcA,48.7511024&2.3713455,2024-02-05T18:00:00.000Z,90,15,public,false,,,psf3NmXEPwdCltHKJC7VuvJocrF3,0,10,0,0,0,0,0
deXdfDhBX44hGHv72pkq,Stadium Thiais,published,pro,,48.7511024&2.3713455,2024-02-19T16:30:00.000Z,90,10,public,false,,,psf3NmXEPwdCltHKJC7VuvJocrF3,0,10,0,0,0,0,0
deaCPrHRq2R227d9o7mn,LE FIVE Montreuil,published,pro,,48.8613036&2.4653095,2024-02-24T13:00:00.000Z,90,15,public,false,,,u9uC1vjdcdQ3UqNxI0SiFxor0m43,0,10,0,0,0,0,0
defo4kghX3BYnD6aknlu,Footbox,published,pro,,48.9022789&2.582647,2024-03-02T15:00:00.000Z,60,10,public,false,,,QI89VPazyLhBVnWH871jk4BUEZI3,0,10,0,0,0,0,0
dfM4I8BxsEO20TIfBRII,Stadium Thiais,published,captain,ChIJ64X9jzx05kcRsHvSfOv6UcA,48.7511137&2.3715422,2024-02-16T16:00:00.000Z,120,10,public,false,Compétition,3,Dohg1zNvhsbmGrYuAmExKFyjruw2,3,10,0,0,0,0,0
dfOvvukHpGctxDktTlZ0,UrbanSoccer Meudon,played,captain,ChIJ0WKvjbh75kcRoqSmyWwW2jQ,48.8001204&2.2140771,2024-02-04T09:00:00.000Z,90,14.25,public,true,Détente,4,tu3ax1Py4va5qgtw6nLGhb6gyH52,10,10,1,0,0,0,0
dg3mTNAoYzt4x66qK9mE,OHSPORT,played,captain,ChIJHeG9fA4X5kcRbGNzVY5Ud5I,48.9672396&2.5670436,2024-02-11T12:30:00.000Z,60,10,public,false,Détente,1,hCxYbfP8OCbVbYsWPqmewgcq4i32,10,10,1,0,0,0,0
di7uitaJ5mQW3d5KnvV0,Sport dans la Ville Rhône-Alpes,played,captain,ChIJoUEDcmvr9EcRILCz6hDCQ2o,45.7811703&4.8081568,2024-01-25T19:00:00.000Z,60,,public,false,Détente,3,X15EGE8roSXTWJH59WI4ovCSGw03,10,10,2,0,0,0,1
diHHuhuaHjjqB74ZFC31,UrbanSoccer - Quai d'Ivry,played,captain,ChIJfXxYJ0xy5kcRw9xTkF6-FZQ,48.8199885&2.3936463,2024-01-20T15:45:00.000Z,90,17,private,true,Chill,2,T3uGoCvSwZeG7U3c0rkTxIZrIEq2,10,10,0,0,0,0,0
diHbdqTLVAvft9Pelj2Q,LE FIVE Paris 18,canceled,captain,ChIJpVT4_n1u5kcRzji6FdTBXXo,48.8978522&2.3700234,2024-01-27T12:00:00.000Z,60,13,public,true,Chill,3,GCQ9kveKoVYIlYxNaMP5nl4Tmtw2,10,10,0,0,0,0,0
djCHXojJRF4eTyiMCpta,LE FIVE Morangis,played,captain,ChIJA4uAhOXZ5UcRp-vZXZP-ovY,48.692672&2.3192811,2024-01-21T19:00:00.000Z,90,15,public,false,Détente,3,yRwYD6EgF9bSzFkj1Gwu8XcS0PT2,10,10,2,0,0,0,1
dkHQKUcF2L0lfP0BE1Kf,AS Ermont (Amicale Sportive Ermont),played,captain,ChIJ9y9jk6Nn5kcRnRa4fDjVo-A,48.9952415&2.2504249,2024-01-23T19:00:00.000Z,120,,public,false,Compétition,5,6JXgCR5so6fABA4AmJERaIczAbm1,22,22,5,0,0,0,2
dkkQtJsbzrko53Y7h5FE,UrbanSoccer - Lille Lezennes,canceled,captain,ChIJR3ro5nTWwkcRfM_S3Be9HjI,50.6162725&3.0998108,2024-01-25T19:30:00.000Z,60,12,public,true,Chill,3,xZihXFLag7Ts9JrLM6Z5uVGxOhe2,8,10,0,0,0,0,0
dlfwmWUb02IJXhZUtrcf,UrbanSoccer - Marne-La-Vallée,canceled,captain,ChIJ6bDBiosP5kcROXiloHzSdhc,48.82658600000001&2.6296937,2024-01-28T16:00:00.000Z,90,13.5,public,true,Compétition,3,kS27vvnYevdhIuy65ISvbHMV5U82,10,10,0,0,0,0,1
dmDkrCXAuL8mFhVbuDZ6,Cité des Sports,played,captain,ChIJ70UPf6R75kcRGb3NAV9k7Ww,48.8247744&2.2650728,2024-02-09T11:30:00.000Z,60,,public,false,Détente,2,K5CzcNLmuwh0niESegoUyBQ1w812,10,10,1,0,0,0,3
dpUO4RhGyI0Hexg96wBI,LE FIVE Montreuil,published,pro,,48.8613036&2.4653095,2024-02-11T08:00:00.000Z,90,15,public,false,,,u9uC1vjdcdQ3UqNxI0SiFxor0m43,0,10,0,0,0,0,0
ds2CzYY3SjcjFu9fo4R8,LE FIVE Bezons,canceled,captain,ChIJ71Mv0Wpk5kcRg-H9x7L-dXo,48.9190524&2.211796,2024-01-27T19:00:00.000Z,120,15,public,true,Compétition,,FgPXyCTGLcRWII5J6fDipTmRn0Y2,10,10,0,0,0,0,0
dsYYOxhOgGedEFzRoFuv,LE FIVE Créteil,published,pro,,48.7643086&2.4706522,2024-03-11T16:00:00.000Z,60,7,public,false,,,ZmXMWx7aTdPoPkkGOWa2HIQVblq2,0,10,0,0,0,0,0
dtFiDTgjQR4H9eZFwn0A,UrbanSoccer La Défense,played,captain,ChIJh4rnfVhk5kcRV2Q-ZKdm8vA,48.8996456&2.2216773,2024-02-09T19:00:00.000Z,60,15,public,true,Compétition,5,1CFh6t2f5UazSJwlC4OFZyh3EoV2,10,10,2,0,0,0,1
du1zttaK5WFMA8hcfYDy,UrbanSoccer La Défense,published,captain,ChIJh4rnfVhk5kcRV2Q-ZKdm8vA,48.8996456&2.2216773,2024-01-26T12:30:00.000Z,60,14.5,public,true,Détente,2,JbE8P7tb4ZTJT59liqGI6fEXmEA2,8,10,0,0,0,0,0
duNFhqngnJjflpUo8gGM,LE FIVE Villette,canceled,captain,ChIJTUFnQjps5kcR0pHITLTw1PI,48.9070122&2.3861459,2024-01-22T18:00:00.000Z,60,12,public,false,Détente,2,ft0dr7tQK7hFTnq7HhQUbmuycWv2,10,10,0,0,0,0,0
dvFLTtZ4yafg7IWBq3tb,Play Soccer,played,captain,ChIJQ-UxZn-5rhIRKWoQydM5T9s,43.5512023&1.4098927,2024-02-10T17:30:00.000Z,90,12,public,false,,,8LtkeOuZHeePxfkXdNPmQSr7V9L2,10,10,4,0,0,0,0
dvbKXJFDmhI3lWpF5XrV,Top Ten,played,pro,,48.8729106&2.6840919,2024-01-29T16:00:00.000Z,90,5,public,false,,,i27253AGxOfXgYJK72sBnvUGuMk2,10,10,10,1,0,0,13
dvecXFLS2ycVFCC8N40K,UrbanSoccer Meudon,played,captain,ChIJ0WKvjbh75kcRoqSmyWwW2jQ,48.80013599999999&2.2140811,2024-01-22T19:30:00.000Z,90,16.5,public,true,Détente,3,PGl6d9h1Jcd2JxTl3QXnbLBL73E3,10,10,3,0,0,0,0
dvzbrH4DW9KNGFmReFcW,Footbox,published,pro,,48.9022789&2.582647,2024-03-13T14:00:00.000Z,60,7,public,false,,,QI89VPazyLhBVnWH871jk4BUEZI3,0,10,0,0,0,0,0
dwVNbDfypKbqTuiV1Z34,UrbanSoccer - Lyon Parilly,canceled,captain,ChIJx3FQWjLC9EcRrrQb2eV7i_4,45.7120399&4.9039284,2024-02-13T19:30:00.000Z,60,11,public,true,Détente,3,Dix7eBNwrlMEVgI3G9huQuX63Ad2,10,10,0,0,0,0,0
dyKQOTmywvl9W8IG3iu6,Footbox,published,pro,,48.9022789&2.582647,2024-03-06T18:00:00.000Z,60,10,public,false,,,QI89VPazyLhBVnWH871jk4BUEZI3,0,10,0,0,0,0,0
dybMYDd4Bz6S0dJUQyT1,LE FIVE Marville - La Courneuve,published,captain,ChIJ2dHdMZxr5kcR0aKYHYsp0pY,48.9364404&2.3869147,2024-01-22T20:00:00.000Z,60,9,public,false,Détente,,kQ9eyMUdc3QqALTLrciBp1ubOxG3,5,10,0,0,0,0,1
dycqJTIxtVuXqGzq9zP8,Rue du Musée,published,captain,ChIJ4ypzX6B15kcRFesay1dBJco,48.71676&2.39852,2024-01-28T12:00:00.000Z,120,1,public,false,Détente,4,5v9WX6HkohWW6s4r8BR39p1iJxu1,14,16,0,0,0,0,3
e0CqEqZVqGi2mPMoKXk1,Play Soccer,canceled,captain,ChIJQ-UxZn-5rhIRKWoQydM5T9s,43.5512023&1.4098927,2024-02-12T20:30:00.000Z,60,10,public,false,,,8LtkeOuZHeePxfkXdNPmQSr7V9L2,5,10,0,0,0,0,0
e0JoToVQmaiWPglw6Wid,Plaine des Jeux de Gerland,played,captain,ChIJBYG18IPp9EcRUNpTJFdu8f0,45.7213257&4.8272967,2024-02-06T17:30:00.000Z,90,,public,false,Compétition,,dyM7Xg7Q1mTkv3H3VQOBZs6NzP03,14,14,3,0,0,0,0
e3I0eSIfCLph2hOB6xvQ,Foot-Max Argenteuil,played,captain,ChIJi9oIzaRm5kcRJYcK7QsdRMU,48.9501569&2.2093741,2024-02-11T15:00:00.000Z,90,12,public,false,,3,F8OWu4MspmRPd01zZ29PxlZXFZN2,10,10,7,0,0,1,1
e4AvAsXDfYsBfwNuVfNe,Stadium Thiais,played,pro,,48.7511024&2.3713455,2024-02-01T18:00:00.000Z,90,15,public,false,,,psf3NmXEPwdCltHKJC7VuvJocrF3,10,10,6,0,1,0,4
e58ixmfTMYCPXJ92P16h,Footbox,published,pro,,48.9022789&2.582647,2024-02-21T14:00:00.000Z,60,7,public,false,,,QI89VPazyLhBVnWH871jk4BUEZI3,0,10,0,0,0,0,0
e5ZcVVmqTWFwpgLu06C5,FOOT INDOOR Marseille,published,captain,ChIJ41AMCxC8yRIRLHLGt11sc-U,43.2859688&5.4882746,2024-02-12T19:30:00.000Z,60,10,public,false,Détente,2,EKED6s0Ce1blBOCoFJk0JKnfrov2,9,10,0,0,0,0,0
e6D0zjt2N0CY8fMSGaLH,We Are Sports,played,captain,ChIJFZU5oBHC9EcRJTFrSkI1xxg,45.7113247&4.8761886,2024-01-30T19:00:00.000Z,60,10,public,false,Détente,2,C0tIJK1E6qSQDXwkeBUMR5VYmMj1,12,12,2,0,0,0,0
e7gYV4VqjFTBIyMrzAsV,LE FIVE Paris 18,canceled,captain,ChIJpVT4_n1u5kcRzji6FdTBXXo,48.8978522&2.3700234,2024-01-27T13:30:00.000Z,90,15,public,true,Détente,3,uPlaWj2xSHMgJEtIo0vOlQu8n2X2,1,10,0,0,0,0,0
e8FIvM5ZvzJlAUwJ4WZl,LE FIVE Paris 13,published,pro,,48.8181615&2.3658793,2024-02-09T22:00:00.000Z,60,10,public,false,,,FjSnzlRFFfhWVWQJGfIEwRc2ZMj2,0,10,0,0,0,0,0
eBQb5xhpw9wEtLhY1hvT,LE FIVE Paris 17,played,captain,ChIJ7eI8sFNv5kcR5xy52Wc57NU,48.900032&2.3213449,2024-01-29T18:00:00.000Z,60,,public,true,Détente,3,6QTn7pztRMR1KpkN7NHrvzJyMB43,10,10,6,0,0,0,3
eD0WFHj5q23kGYR7oeJB,UrbanSoccer - Quai d'Ivry,played,captain,ChIJfXxYJ0xy5kcRw9xTkF6-FZQ,48.8199885&2.3936463,2024-01-24T20:15:00.000Z,60,14,public,true,Détente,2,3gs7ui3abeb1VBgz0TAbMl8bM8l2,10,10,2,0,0,0,1
eDGASc4AhRcxgwWXtmXU,FOOT INDOOR Marseille,canceled,captain,ChIJ41AMCxC8yRIRLHLGt11sc-U,43.2859688&5.4882746,2024-01-29T17:00:00.000Z,60,10,public,false,Détente,3,24y0gkK3dpWPvxL32Gh8Ou3xmxJ3,9,10,0,0,0,0,0
eDeIki9ezyWSDXNvBBe4,LE FIVE Paris 18,published,captain,ChIJpVT4_n1u5kcRzji6FdTBXXo,48.8978522&2.3700234,2024-02-06T19:00:00.653Z,60,14,public,false,Chill,2,hj7Ou3QoLYW0oxOZRSyHO0e62XY2,10,10,0,0,0,0,1
eF9GqdtGojddaQ8pvVrc,Z5 Aix,played,captain,ChIJKb-U_9KSyRIRKIFKbH5mW18,43.4787869&5.3969048,2024-02-07T18:30:00.000Z,60,11,public,false,Détente,2,lS5Ogv6YqMXE9msYuaMHx8LtJvb2,10,10,1,0,0,0,0
eFB75TIdb5XVloNCD8jv,Parc Interdépartemental des Sports du Tremblay,played,captain,ChIJBVkfrQ4N5kcRGi-XnNQN_yo,48.8281085&2.491365,2024-01-29T19:00:00.000Z,90,,public,false,Compétition,4,tXHTUiLCpRUt3jcv0gMLhg5j2FX2,14,14,2,0,0,0,1
eFYmIckNUf6crFpv7Ofi,Firefoot,canceled,captain,ChIJ0zSROfj15kcR4l0wrCcYPMk,49.0275342&2.1040185,2024-01-22T19:30:00.000Z,90,13,public,false,Détente,3,zwfmRECwbGhNTC0VyKshdEniWw42,7,10,0,0,0,0,0
eGYQS30s424szlvIwT5w,LE FIVE Bobigny,canceled,captain,ChIJV8UONORs5kcRXxR5Qd7x130,48.901553&2.4313304,2024-02-02T21:00:00.000Z,60,10,public,false,Détente,3,bSBJcvkvaFh2Dwst99Cr8BMxfPF3,4,10,0,0,0,0,0
eHmanoKwIAAFWUxf5USl,Stadium Thiais,published,pro,,48.7511024&2.3713455,2024-02-15T14:00:00.000Z,90,8,public,false,,,psf3NmXEPwdCltHKJC7VuvJocrF3,1,10,0,0,0,0,0
eJjwUYZUZZ0lL7uGJoBw,UrbanSoccer - Porte d'Aubervilliers,canceled,captain,ChIJ0dXjDCZs5kcRvX0EpMwxsUY,48.9074912&2.3746518,2024-01-22T20:00:00.000Z,60,15,public,true,Détente,,QrNPeHHJkOgu6d62ZbcfulWrT5U2,9,10,0,0,0,0,0
eKNUYzZAY6UMsd5cFHMs,LE FIVE Montreuil,published,pro,,48.8613036&2.4653095,2024-02-07T16:30:00.000Z,90,11.5,public,false,,,u9uC1vjdcdQ3UqNxI0SiFxor0m43,1,10,0,0,0,0,0
eLCH0bqG71P3kI5feO60,Footbox,published,pro,,48.9022789&2.582647,2024-03-08T17:00:00.000Z,60,10,public,false,,,QI89VPazyLhBVnWH871jk4BUEZI3,0,10,0,0,0,0,0
eMDEM8YVKSVBLhnnYUDW,Game 13 foot indoor,published,captain,ChIJNSDvlsXryRIRUXao9hwB79I,43.41258939999999&5.366617,2024-02-01T17:00:00.000Z,60,10,public,false,Détente,4,RPwfyrL30dS1yvyJwGrn0z2HgSa2,5,10,0,0,0,0,0
eOW3ReAVyHsyfMiQxUCQ,UrbanSoccer - Quai d'Ivry,played,captain,ChIJfXxYJ0xy5kcRw9xTkF6-FZQ,48.8199885&2.3936463,2024-01-21T18:45:00.000Z,90,13,public,true,Compétition,3,MjpqLjwjISeHIE5ULGDu2a1UO6x2,10,10,6,0,0,0,2
eQoo20QYfUVWQ5rCfIuz,Monclub Futbol,played,pro,,43.4299152&5.4001974,2024-02-03T15:30:00.000Z,90,12,public,false,,,CSTy9rmJRQSyWlqWuGiUhGpAGqf2,10,10,8,0,0,0,1
eRJWoeTH0P5Zs6HXyUyk,Parc Sainte Barbe,canceled,captain,ChIJtw301r5w5kcRvRjidiuAyaw,48.7922897&2.2913469,2024-01-23T14:00:00.000Z,90,,public,false,Détente,4,rzC8A0bd4afb9AWrHKlCPT9461y1,10,16,0,0,0,0,0
eRbIFmcS4CtYY0vSEtTC,Monclub Futbol,played,captain,ChIJGbxxaamUyRIRgGvhHnhJStA,43.4299152&5.4001974,2024-02-12T19:00:00.000Z,60,10,public,false,Détente,,T2QG662V9Ta7lQrXxzHChQsGOFZ2,10,10,3,0,0,0,2
eRh02ExECJD3ho8swBp4,Stadium Thiais,published,pro,,48.7511024&2.3713455,2024-02-05T16:30:00.000Z,90,10,public,false,,,psf3NmXEPwdCltHKJC7VuvJocrF3,0,10,0,0,0,0,0
eZFv4VW21LfOKYAd0qiu,LE FIVE Montreuil,published,pro,,48.8613036&2.4653095,2024-03-06T16:30:00.000Z,90,11.5,public,false,,,u9uC1vjdcdQ3UqNxI0SiFxor0m43,0,10,0,0,0,0,0
eZr5LHrOF0niZSvMcFOC,LE FIVE Créteil,published,pro,,48.7643086&2.4706522,2024-01-23T16:00:00.000Z,60,7,public,false,,,ZmXMWx7aTdPoPkkGOWa2HIQVblq2,0,10,0,0,0,0,0
eaHXZLisPxmONbtVS8lA,STADIUM FOOT 5 VILLAGE,canceled,captain,ChIJbbOWFtC4yRIR0WXVerbWmnE,43.269413&5.4260321,2024-02-06T19:30:00.000Z,90,15,public,false,Competition,4,f3zvpaYAOxRNXb7CTy6FmGhaR1q1,9,10,0,0,0,0,0
eaMgwq2DZQToek3CMYRi,LE FIVE Paris 18,published,pro,,48.8978522&2.3700234,2024-02-18T21:30:00.000Z,90,12,public,false,,,UQf33jQhVZhle917nO0h7D5qclV2,0,10,0,0,0,0,0
ebRCaPmxWb8f3oENyNvS,Foot POWER 5,canceled,pro,,48.960066&2.2061913,2024-01-29T21:30:00.000Z,90,7,public,false,,,sss3dYi6nzWd7rEjwcQ30LGKudj1,0,10,0,0,0,0,0
echYnkMHFBDEwr6R5OrW,LE FIVE Villette,played,captain,ChIJTUFnQjps5kcR0pHITLTw1PI,48.9070122&2.3861459,2024-02-04T09:00:00.000Z,60,12,private,false,Détente,4,1m47Ag3S3YXwVuw8DkcYIYLXehW2,10,10,0,0,0,0,0
edxmNHs3PYe4IzMu3cw5,LE FIVE Montreuil,published,pro,,48.8613036&2.4653095,2024-01-25T22:00:00.000Z,60,8,public,false,,,u9uC1vjdcdQ3UqNxI0SiFxor0m43,0,10,0,0,0,0,0
ee3gt9fwXmzMRmatKdBL,Stadium Thiais,played,pro,,48.7511024&2.3713455,2024-02-03T21:00:00.000Z,90,15,public,false,,,psf3NmXEPwdCltHKJC7VuvJocrF3,10,10,8,0,0,1,2
efc6YO1KBXYO9YnC4law,Speed Soccer Five,published,pro,,48.7360598&2.315058,2024-03-06T17:00:00.000Z,90,13,public,false,,,MkTJljXziPXBdRdijccndMLBNCC3,0,10,0,0,0,0,0
eg2Ys33ltQo8JB7B55s4,Stains,canceled,captain,ChIJ6_yphcJr5kcRMmpL4MPqRks,48.95538699999999&2.384703,2024-01-21T09:30:00.000Z,60,,public,false,Détente,2,WTfMaejqzvhX9DQFnK1jrd9OJVE2,6,12,0,0,0,0,0
ehJTUi1AlsirzsJCCocu,B14 - Sports et Loisirs Indoor,played,captain,ChIJaeLKMYXe5UcRHyWJ8X8FaPA,48.62229&2.3800445,2024-01-26T18:15:00.000Z,60,9,public,false,Détente,,Vd2iHvVtEXeFAMwDEbfUKIFmccd2,10,10,2,0,0,0,1
eiIvvceeolNzaRkOseOX,UrbanSoccer - Porte d'Aubervilliers,played,captain,ChIJ0dXjDCZs5kcRvX0EpMwxsUY,48.9074912&2.3746518,2024-01-20T08:30:00.000Z,90,14.25,public,true,Détente,3,L02BKHmdNuU1GdZvkp5ONBcd0Z82,10,10,2,0,0,0,0
eiPfzVXyNKsPn3xWkySW,LE FIVE Créteil,published,pro,,48.7643086&2.4706522,2024-02-09T16:00:00.000Z,60,7,public,false,,,ZmXMWx7aTdPoPkkGOWa2HIQVblq2,0,10,0,0,0,0,1
ekGWigjfwc3JlBloIZNP,Stadium Thiais,played,pro,,48.7511024&2.3713455,2024-02-03T15:00:00.000Z,90,12,public,false,,,psf3NmXEPwdCltHKJC7VuvJocrF3,10,10,5,0,0,0,4
ekaGLAPpFJDEluJ5pGvI,Complexe sportif de l'île des Vannes,canceled,captain,ChIJTZWfSNNv5kcRmHP3Tz0AJ6A,48.9188419&2.3245603,2024-02-11T15:45:00.000Z,120,4,public,false,Détente,4,Csrh8EMzKaZCCcCZeEhs2tGGZRr1,7,10,0,0,0,0,0
ekwT4Ctdr5MjsfqIYwZ5,LE FIVE Paris 17,canceled,captain,ChIJ7eI8sFNv5kcR5xy52Wc57NU,48.900032&2.3213449,2024-02-05T19:00:00.000Z,90,18,public,true,Détente,3,akPQLhBCZuUwS5yxrKF1JFCm5vg2,10,10,0,0,0,0,0
elizhvr4Vcn8Qkaib0hq,LE FIVE Montreuil,published,pro,,48.8613036&2.4653095,2024-02-28T09:00:00.000Z,90,10.5,public,false,,,u9uC1vjdcdQ3UqNxI0SiFxor0m43,0,10,0,0,0,0,0
ely7zn79VPuWZasy0LP5,Events Five,canceled,captain,ChIJf8cSCJG5rhIRoQadPH-wW1U,43.5399703&1.3922897,2024-02-02T20:45:00.000Z,60,7,public,false,,,kz4gID3e1cY9RfDVkcGnK2fsrOx1,7,10,0,0,0,0,1
emeGsjRVeeT4GakTaECW,UrbanSoccer - Quai d'Ivry,played,captain,ChIJfXxYJ0xy5kcRw9xTkF6-FZQ,48.8199885&2.3936463,2024-01-22T18:45:00.000Z,30,20,public,true,Détente,3,d7t0T1dQHVV3lnqL9ZcHaJU84o73,10,10,1,0,0,0,0
emx6fyucu3avJxJZ2elx,UrbanSoccer - Lille Lezennes,canceled,captain,ChIJR3ro5nTWwkcRfM_S3Be9HjI,50.6162725&3.0998108,2024-01-25T18:00:00.000Z,60,12.75,public,true,Compétition,3,xR4ED6qRzmg0HreT9TkBwvuQM912,8,10,0,0,0,0,0
enC5eQYtp0Yu0BvREUga,Stadium Thiais,played,captain,ChIJ64X9jzx05kcRsHvSfOv6UcA,48.7511024&2.3713455,2024-01-25T16:00:00.000Z,120,10,public,false,Compétition,3,Dohg1zNvhsbmGrYuAmExKFyjruw2,10,10,10,0,0,0,3
enVtggepXWz7p5tHEcXe,Stadium Thiais,draft,captain,ChIJ64X9jzx05kcRsHvSfOv6UcA,48.7511024&2.3713455,2024-01-25T21:00:00.000Z,90,15,public,false,Détente,2,gP4WF4v9jNNJWgT6HNXMr4O6dG33,0,10,0,0,0,0,0
eo5lKX8iNkYdUilhaP6t,LE FIVE Paris 17,canceled,captain,ChIJ7eI8sFNv5kcR5xy52Wc57NU,48.900032&2.3213449,2024-01-22T19:30:00.000Z,60,12,public,true,Détente,3,cKmel0Aqp3Vwqjg71gmB0yguqem1,9,10,0,0,0,0,0
eoDAbi1DTmv3rJvbFXOp,Stade Lénine,played,captain,ChIJkZtNFHBx5kcRSJxW_zxIUz4,48.8202285&2.2982211,2024-02-08T11:00:00.000Z,90,,public,false,Compétition,3,AkrgBTx64wbEUYB1CvUV0WNRudY2,8,8,3,0,0,0,2
eoLHMu4NGYUuaWJ7l4kl,Game 13 foot indoor,canceled,captain,ChIJNSDvlsXryRIRUXao9hwB79I,43.41258939999999&5.366617,2024-01-26T19:30:00.000Z,60,10,public,false,Détente,3,tNI5PAPgX0MDq6T4GlwP3d2ndaO2,6,10,0,0,0,0,0
epDka6LBIHCNxtYmX0Kl,LE FIVE Paris 13,published,pro,,48.8181615&2.3658793,2024-02-12T22:00:00.000Z,60,10,public,false,,,FjSnzlRFFfhWVWQJGfIEwRc2ZMj2,0,10,0,0,0,0,0
epj1iwHQMsz8OQz1cFeW,LE FIVE Sarcelles,canceled,captain,ChIJ6_q3Fxhq5kcRCpoEwnoXX1Q,48.99782219999999&2.3902225,2024-02-07T20:00:00.000Z,90,13,public,false,Détente,2,teJWyUweiHbF7gi2wai3tq2vDQI3,6,10,0,0,0,0,1
eq9h1tL2nQ0sGJM7hTMJ,LE FIVE Montreuil,published,pro,,48.8613036&2.4653095,2024-02-26T16:00:00.000Z,90,11,public,false,,,u9uC1vjdcdQ3UqNxI0SiFxor0m43,0,10,0,0,0,0,0
eraWZVzP8dTQGIv3K3cY,LE FIVE Montreuil,published,pro,,48.8613036&2.4653095,2024-01-28T13:00:00.000Z,90,15,public,false,,,u9uC1vjdcdQ3UqNxI0SiFxor0m43,0,10,0,0,0,0,0
eryXWuyEuJeX8WCKNYvF,Top Ten,played,pro,,48.8729106&2.6840919,2024-02-02T16:00:00.000Z,90,5,public,false,,,i27253AGxOfXgYJK72sBnvUGuMk2,10,10,8,0,0,0,9
eth4kLEFCLn75YPCz9Ik,LE FIVE Montreuil,published,pro,,48.8613036&2.4653095,2024-02-14T11:00:00.000Z,90,10.5,public,false,,,u9uC1vjdcdQ3UqNxI0SiFxor0m43,0,10,0,0,0,0,0
eugxL2qyvlZrKD7LiviG,UrbanSoccer - Lyon Parilly,played,captain,ChIJx3FQWjLC9EcRrrQb2eV7i_4,45.7120399&4.9039284,2024-02-06T14:50:00.000Z,60,6,public,true,Compétition,,B6tWZAy3bgTUbyN0CtS7McqaOcW2,10,10,0,0,0,0,0
ewFTuRQa5Vm1fB5W7qNZ,Stadium Thiais,played,pro,,48.7511024&2.3713455,2024-01-20T10:30:00.000Z,90,12,public,false,,,psf3NmXEPwdCltHKJC7VuvJocrF3,10,10,5,0,0,0,6
exzIJGcA2i8bVjn8Mm70,Stadium Thiais,published,pro,,48.7511024&2.3713455,2024-02-06T16:30:00.000Z,90,10,public,false,,,psf3NmXEPwdCltHKJC7VuvJocrF3,0,10,0,0,0,0,1
eyRViy43FvLipitWz66o,LE FIVE Paris 18,played,pro,ChIJpVT4_n1u5kcRzji6FdTBXXo,48.8978522&2.3700234,2024-01-21T11:30:00.000Z,90,12,public,false,,,UQf33jQhVZhle917nO0h7D5qclV2,10,10,6,0,0,0,7
eygMC7enxVYy7x4612mk,Stadium Thiais,published,pro,,48.7511024&2.3713455,2024-03-13T21:00:00.000Z,90,14,public,false,,,psf3NmXEPwdCltHKJC7VuvJocrF3,0,10,0,0,0,0,0
ez9sBcuNFPooBH2Qjho1,Kinshasa,published,pro,,-4.3032527&15.310528,2024-02-02T15:30:00.000Z,90,11,public,false,,,zCvsukfMuuffsuPpSTQwb7MusMD2,0,10,0,0,0,0,0
ezI50vVd6py3pJSW60ZV,UrbanSoccer Meudon,played,captain,ChIJ0WKvjbh75kcRoqSmyWwW2jQ,48.8001204&2.2140771,2024-01-29T18:30:00.000Z,60,,public,true,Détente,4,OeBbgIv6VRX0SFImVYXE2nLA3Pd2,10,10,4,0,0,0,0
ezeThCg4xHwatzE7tgqz,Halle Georges Carpentier,played,captain,ChIJnXkSwCty5kcR-nlHXNFQlg4,48.82020139999999&2.3672361,2024-01-29T14:00:00.000Z,120,,public,false,Détente,,FYfgfT1shkXXyaMI4sZTA7d9Qdw2,16,16,15,0,1,0,1
f1yammqHOXZFdR5tbEK2,Play Soccer,played,captain,ChIJQ-UxZn-5rhIRKWoQydM5T9s,43.5512023&1.4098927,2024-01-30T16:30:00.000Z,60,9,public,false,Détente,,DWh92QLnudQobaf8k1DTr22NOzT2,10,10,4,0,0,0,1
f2wKJeOkWtH0Yhzz09r5,Play Soccer,draft,captain,ChIJQ-UxZn-5rhIRKWoQydM5T9s,43.5512023&1.4098927,2024-02-01T18:00:00.000Z,60,10,public,false,,,pL0skPQs4CYYVXb682MCC9jXu8K2,0,10,0,0,0,0,0
f6ouj4iDG974iDfdgIii,LE FIVE Paris 18,canceled,captain,ChIJpVT4_n1u5kcRzji6FdTBXXo,48.8978522&2.3700234,2024-01-31T20:30:00.000Z,60,14,public,true,Détente,3,rLwbDNL6lWU50AjgiOw5X8KbSWA2,8,10,0,0,0,0,0
f7QdPNkhIGuQ4W7Q8HxK,LE FIVE Bezons,played,pro,,48.91909&2.2093051,2024-02-06T17:00:00.000Z,60,7,public,false,,,U3MriTZbPbTUEsU6RtRuHxDMKvg2,10,10,9,0,3,0,2
f7pcGHeDvrDzW9skYiop,UrbanSoccer Evry,published,captain,ChIJW0Ut1G7e5UcRt621n2fRQ5M,48.6286849&2.4066366,2024-01-20T12:00:00.000Z,60,8.5,public,true,Chill,,uqcFDgcChMUMdLzJTdWU8Gf42cZ2,6,10,0,0,0,0,0
f8Z5asPXA1WAN9iw5tIf,UrbanSoccer - Porte d'Aubervilliers,played,captain,ChIJ0dXjDCZs5kcRvX0EpMwxsUY,48.9074912&2.3746518,2024-01-31T19:15:00.000Z,60,15,public,true,Détente,,ah3QJlcMQWUf3c8pbqFsx5ffAVk1,10,10,4,0,0,0,0
f91cvXwGHcRpkzhgNJbO,LE FIVE Bobigny,published,pro,,48.901553&2.4313304,2024-02-12T17:00:00.000Z,60,8,public,false,,,4owi3i7t8EOvFNF6UQvACOpiDRy1,0,10,0,0,0,0,1
f93O8tRouYuM5HgAOcIV,Centre Sportif Lionel Terray,played,captain,ChIJo7Jtup935kcRUd9lcEtEKzc,48.7349914&2.287439,2024-02-11T10:00:00.000Z,90,10,public,false,Détente,3,Dohg1zNvhsbmGrYuAmExKFyjruw2,10,10,0,0,0,0,0
f9mINSr1reVTF86UrZqm,Massilia FIVE,played,captain,ChIJxZ6UmMW-yRIR7ot5DChYj4w,43.28920790000001&5.4503802,2024-01-25T19:00:00.000Z,60,10,private,false,Détente,2,SrD2RCfeRtPR07dx1prpVpPDyrv1,10,10,7,0,0,0,1
fAAeuqU9xHfECev7ShIN,Stadium Thiais,played,captain,ChIJ64X9jzx05kcRsHvSfOv6UcA,48.7511024&2.3713455,2024-02-05T16:00:00.000Z,120,10,public,false,Compétition,3,Dohg1zNvhsbmGrYuAmExKFyjruw2,10,10,10,0,0,0,1
fAau1FmRBBbQH4F8d3ja,Stadium Thiais,published,pro,,48.7511024&2.3713455,2024-01-22T16:30:00.000Z,90,10,public,false,,,psf3NmXEPwdCltHKJC7VuvJocrF3,0,10,0,0,0,0,0
fAd89RalZNkEDD5CtyoT,Stadium Thiais,published,pro,,48.7511024&2.3713455,2024-01-28T13:30:00.000Z,90,15,public,false,,,psf3NmXEPwdCltHKJC7VuvJocrF3,0,10,0,0,0,0,2
fBmM5hNvDnK6iGIkZ47j,LE FIVE Paris 18,played,pro,ChIJpVT4_n1u5kcRzji6FdTBXXo,48.8978522&2.3700234,2024-01-28T21:30:00.000Z,90,12,public,false,,,UQf33jQhVZhle917nO0h7D5qclV2,10,10,8,0,0,0,3
fCgOUD4XyqmrNc1CHHqs,Foot POWER 5,canceled,pro,,48.960066&2.2061913,2024-01-27T18:30:00.000Z,90,10,public,false,,,sss3dYi6nzWd7rEjwcQ30LGKudj1,0,10,0,0,0,0,0
fCzQei3u5CjH51T21SkF,LE FIVE Paris 18,played,captain,ChIJpVT4_n1u5kcRzji6FdTBXXo,48.8978522&2.3700234,2024-01-31T20:30:00.000Z,60,14,public,true,Détente,2,pdakyihAo4Zs1qnK76UCGhIEtOR2,10,10,3,0,0,0,1
fDV3sD5PX1Ie1ZiWxauk,LE FIVE Bezons,published,pro,,48.91909&2.2093051,2024-03-05T21:00:00.000Z,90,14,public,false,,,U3MriTZbPbTUEsU6RtRuHxDMKvg2,0,10,0,0,0,0,0
fDePlszn3us1Sac1LsNj,Top Ten,published,pro,,48.8729106&2.6840919,2024-03-11T11:00:00.000Z,90,5,public,false,,,i27253AGxOfXgYJK72sBnvUGuMk2,0,10,0,0,0,0,0
fDexyG5YmZnlHbVqvUfW,LE FIVE Montreuil,published,pro,,48.8613036&2.4653095,2024-01-26T16:30:00.000Z,90,11.5,public,false,,,u9uC1vjdcdQ3UqNxI0SiFxor0m43,2,10,0,0,0,0,0
fDhebXOILF6xvA8xqf38,Stadium Thiais,played,pro,,48.7511024&2.3713455,2024-01-22T21:00:00.000Z,90,14,public,false,,,psf3NmXEPwdCltHKJC7VuvJocrF3,10,10,7,0,0,0,3
fDsg9GTPJ0OnkKyZsKAO,UrbanSoccer - Quai d'Ivry,published,captain,ChIJfXxYJ0xy5kcRw9xTkF6-FZQ,48.8199885&2.3936463,2024-01-25T17:30:00.000Z,60,12,public,true,Chill,3,gUIRKkxVPIcujhPGPRIEx82hUou2,9,10,0,0,0,0,0
fE5LRan5UdFpgiCYaU6o,Top Ten,published,pro,,48.8729106&2.6840919,2024-02-18T11:00:00.000Z,90,15,public,false,,,i27253AGxOfXgYJK72sBnvUGuMk2,0,10,0,0,0,0,0
fGZL5Nz5xUoyJWOpFsGT,LE FIVE Sarcelles,canceled,captain,ChIJ6_q3Fxhq5kcRCpoEwnoXX1Q,48.99782219999999&2.3902225,2024-01-26T17:45:00.000Z,60,10,public,false,Compétition,,ew3GACDRP8UnjNCcNvvniBkgvOP2,6,10,0,0,0,0,0
fHFS4kaeg9KlQMNxFNrB,UrbanSoccer Orsay,played,captain,ChIJpZIJg7J45kcRrKWKhtbfnEQ,48.70829&2.17794,2024-01-31T19:30:00.000Z,90,16.5,public,true,Chill,3,jMj888CHnuglX02AL0WCMH42YhP2,10,10,2,0,0,0,0
fILhRtDVG222YQB9bYR0,UrbanSoccer - Porte d'Aubervilliers,canceled,captain,ChIJ0dXjDCZs5kcRvX0EpMwxsUY,48.9074912&2.3746518,2024-01-22T18:00:00.000Z,90,17.25,public,true,Détente,3,sedwkPZJsFUbSfLrYPQtYzeoXw83,9,10,0,0,0,0,1
fLq5uU5ZfRt6dJBzzapy,Stadium Thiais,draft,captain,ChIJ64X9jzx05kcRsHvSfOv6UcA,48.7511024&2.3713455,2024-01-26T18:00:00.000Z,90,,public,false,,,SN6VhfI6o4f9j3daMlPIEtsuUHk2,0,0,0,0,0,0,0
fM5MiwdISUWGwoZ8vQG5,Foot POWER 5,canceled,pro,,48.960066&2.2061913,2024-01-28T17:00:00.000Z,90,10,public,false,,,sss3dYi6nzWd7rEjwcQ30LGKudj1,0,10,0,0,0,0,0
fMRAphiwvaQxy5fI5tqQ,UrbanSoccer - Quai d'Ivry,played,captain,ChIJfXxYJ0xy5kcRw9xTkF6-FZQ,48.8199885&2.3936463,2024-01-21T17:30:00.000Z,60,14,public,true,Détente,5,xP6whlUZ9yaofwghSRgMjQvrWEn2,10,10,8,1,0,0,2
fN2dGHEzpnyY4NSHywtQ,LE FIVE Carrières-sous-Poissy,played,captain,ChIJ9T4fWfyL5kcRCBX-FyZLvEE,48.9468171&2.0230552,2024-02-08T19:00:00.000Z,90,14,public,false,Détente,3,liP0mX4IVqcBiayvxaKLwqqRSA23,10,10,2,0,0,0,0
fNrKhwghxXlVJaSWpAvA,Stadium Thiais,published,pro,,48.7511024&2.3713455,2024-02-14T21:00:00.000Z,90,14,public,false,,,psf3NmXEPwdCltHKJC7VuvJocrF3,5,10,0,0,0,0,0
fOawphoFIBajOh9dkbY8,Parc de Choisy,published,captain,ChIJ7RWNzpZ05kcRTkknDj8Df-I,48.7664003&2.4305572,2024-01-27T11:00:00.000Z,120,,private,false,Détente,5,sjUe5AarcPVoIYPWc0MANxuRSP12,11,18,0,0,0,0,0
fP8UpYcmZzZz8snIUdDa,Speed Soccer Five,played,captain,ChIJ2xTNglV25kcR3UDi4AXGfDU,48.7360598&2.315058,2024-02-11T09:30:00.000Z,90,14,public,false,Détente,3,Z5sxx936iZX9hchZEihemmPqYW12,10,10,1,0,0,0,1
fPK1l4aDgfilor5ZC6OU,STADIUM FOOT 5 VILLAGE,canceled,captain,ChIJbbOWFtC4yRIR0WXVerbWmnE,43.269413&5.4260321,2024-02-01T17:00:00.000Z,60,10,public,false,,3,7T0kZGAv6lSfVocEF7YXoMjcNGS2,10,10,0,0,0,0,0
fPoTzfu1KnuT7WaERF6k,Halle Georges Carpentier,published,captain,ChIJnXkSwCty5kcR-nlHXNFQlg4,48.82020139999999&2.3672361,2024-02-15T11:00:00.000Z,120,,private,false,Compétition,3,kRAf444M3RUd6EWIOWpKVKs78SI2,16,16,0,0,0,0,2
fQzSTgJoOU5VR9ROPi2M,Stadium Thiais,published,pro,,48.7511024&2.3713455,2024-02-07T11:00:00.000Z,60,7,public,false,,,psf3NmXEPwdCltHKJC7VuvJocrF3,1,10,0,0,0,0,0
fRdcifZR94tUFPwdwL6g,Top Ten,canceled,captain,ChIJfXprBx4b5kcRmhe-5pLZUek,48.8729209&2.6841223,2024-02-03T14:00:00.000Z,90,10,public,false,Détente,,MvYpm0j1V7hisZKjPYAY0LFLmER2,3,10,0,0,0,0,0
fTIe0JEZXIKhPQT3miEA,UrbanSoccer La Défense,canceled,captain,ChIJh4rnfVhk5kcRV2Q-ZKdm8vA,48.8996456&2.2216773,2024-02-12T20:30:00.000Z,60,15,public,true,Competition,4,OLYEZmaF2WXuN9CrFarrhJprszn1,9,10,0,0,0,0,0
fUkQXUKb7Xoed5mjyv1O,Foot POWER 5,canceled,pro,,48.960066&2.2061913,2024-03-10T17:00:00.000Z,90,10,public,false,,,sss3dYi6nzWd7rEjwcQ30LGKudj1,0,10,0,0,0,0,0
fVydUnd2GRiVWarEmCTu,LE FIVE Carrières-sous-Poissy,played,captain,ChIJ9T4fWfyL5kcRCBX-FyZLvEE,48.9468144&2.0230574,2024-01-24T20:00:00.000Z,90,13.5,public,false,Détente,2,VgdQ184DblcTOIFfeExdxEkxZ8i1,10,10,1,0,0,0,1
fWfPunLtSB9c1UElaMP3,Stadium Thiais,played,captain,ChIJ64X9jzx05kcRsHvSfOv6UcA,48.7511024&2.3713455,2024-01-20T15:00:00.000Z,90,12,private,false,Détente,3,PicP3Zxzwke1o2U4k4rmfc45Ja42,10,10,7,0,0,0,0
fY5Hra8B19KpftDPiu8t,Top Ten,canceled,captain,ChIJfXprBx4b5kcRmhe-5pLZUek,48.8729209&2.6841223,2024-01-30T18:30:00.000Z,90,15,public,false,Détente,2,Bo4seHK6ubTPXJNvOxlyb4HDg9i2,6,10,0,0,0,0,0
fY5iJSX8HoQ6eYFqcwp8,Z5 Aix,played,captain,ChIJKb-U_9KSyRIRKIFKbH5mW18,43.4787869&5.3969048,2024-02-11T16:30:00.000Z,60,11,public,false,Détente,3,AEw6jV8NZmYMZb5x1tAukHnetQr2,10,10,0,0,0,0,0
fYAN7VRk06DyYN7oyOFz,Stade Des Courtilles,played,captain,ChIJ83HS9ldv5kcR-plMKkHPNTA,48.929137&2.2834726,2024-02-04T18:00:00.000Z,120,,public,false,Compétition,,OKhfkxDKMDS9m7GyDTrjVlKnvko1,14,14,8,0,0,0,0
fYmWz4UNWa1q752y44kL,LE FIVE Montreuil,published,pro,,48.8613036&2.4653095,2024-02-10T13:00:00.000Z,90,15,public,false,,,u9uC1vjdcdQ3UqNxI0SiFxor0m43,0,10,0,0,0,0,0
fbWEIA8SXzXAmqhxUD71,LE FIVE Villette,played,captain,ChIJTUFnQjps5kcR0pHITLTw1PI,48.9070122&2.3861459,2024-02-08T18:30:00.000Z,60,12,public,false,Détente,1,es2jHJGCt6gNwKxhW3HAmmjdZh33,10,10,2,0,0,0,2
fbkBPyxWWhlG6ne7f6KR,LE FIVE Marville - La Courneuve,played,captain,ChIJ2dHdMZxr5kcR0aKYHYsp0pY,48.9364404&2.3869147,2024-02-06T20:00:00.000Z,90,14,public,false,Détente,,Lifra3OAsch5ipxdxuPAlUkSIYP2,10,10,2,0,0,0,0
fbvktE5hHQ8OLsMya1t5,LE FIVE Bobigny,published,pro,,48.901553&2.4313304,2024-01-23T17:00:00.000Z,60,8,public,false,,,4owi3i7t8EOvFNF6UQvACOpiDRy1,0,10,0,0,0,0,0
fbwBvLk3qpqkpZWZm6eu,Top Ten,played,pro,,48.8729106&2.6840919,2024-01-26T16:00:00.000Z,90,5,public,false,,,i27253AGxOfXgYJK72sBnvUGuMk2,10,10,9,0,0,0,8
ff4d6T4RNlsfkPs7IDf9,LE FIVE Marville - La Courneuve,canceled,captain,ChIJ2dHdMZxr5kcR0aKYHYsp0pY,48.9364404&2.3869147,2024-02-11T10:00:00.000Z,60,10,public,false,Détente,,SteJXFtGpnhdiynsIcqP3JQepE43,8,10,0,0,0,0,1
ffDecK8qgBLDyurVUeZ0,Footbox,published,pro,,48.9022789&2.582647,2024-03-04T20:00:00.000Z,60,10,public,false,,,QI89VPazyLhBVnWH871jk4BUEZI3,0,10,0,0,0,0,0
fg2ROlxVb6d1rA1g36eL,Testing Purposes,published,pro,,67.461524&-152.801377,2024-02-15T19:15:00.000Z,60,12,public,false,,,f2LrY7SAV3U1V9tUVAZfiMxA3uu1,0,10,0,0,0,0,0
fgf1Eyks77XOZa6G7HXy,STADE PIERRE BOURDAN,canceled,captain,ChIJlzXk7HLr9EcR8P0J9oTn_Pk,45.7924336&4.8403733,2024-01-28T09:00:00.000Z,120,,public,false,Détente,3,YnKrswmpQaRBkGKXp9RyyigbphC3,12,16,0,0,0,0,1
fh0j8ZtgUG1uYyu4GyeU,Padel and Foot Strasbourg,published,captain,ChIJE9ZciNLHlkcRF9bBiXbLuYk,48.6273689&7.769607499999998,2024-01-23T19:00:00.000Z,90,9,public,false,Détente,2,RlxZi8Eoi1PTmB6bqQz9nLYnVJX2,9,10,0,0,0,0,0
fiNePA6JEMoSGBWb1AJy,UrbanSoccer - Quai d'Ivry,played,captain,ChIJfXxYJ0xy5kcRw9xTkF6-FZQ,48.8199885&2.3936463,2024-01-28T16:45:00.000Z,90,21,public,true,Compétition,3,eaWE7pnjImSJeVyy4fuJFrzy8p83,10,10,1,0,0,0,2
fiZnGGbDTA5e29vFBjiQ,Stadium Thiais,published,pro,,48.7511024&2.3713455,2024-01-30T15:00:00.000Z,90,8,public,false,,,psf3NmXEPwdCltHKJC7VuvJocrF3,0,10,0,0,0,0,0
fiyReBS1GBgXzliaqLdB,UrbanSoccer - Quai d'Ivry,canceled,captain,ChIJfXxYJ0xy5kcRw9xTkF6-FZQ,48.8199885&2.3936463,2024-02-03T19:30:00.000Z,60,11,public,true,Compétition,4,pYVfbqcKlAW1PNHKRMANa0PiGrq2,9,10,0,0,0,0,0
fjMLrweNL1dCiKB1Bz8y,LE FIVE Créteil,published,pro,,48.7643086&2.4706522,2024-02-26T16:00:00.000Z,60,7,public,false,,,ZmXMWx7aTdPoPkkGOWa2HIQVblq2,0,10,0,0,0,0,0
fk9xmBVDHNQS7cQXz8po,Top Ten,published,pro,,48.8729106&2.6840919,2024-02-13T22:00:00.000Z,90,16.5,public,false,,,i27253AGxOfXgYJK72sBnvUGuMk2,0,10,0,0,0,0,0
fkTJt27JS29EK21Wppcz,UrbanSoccer - Puteaux,played,captain,ChIJM_sC0-Nk5kcRhL1y_EFIje8,48.8836397&2.2312283,2024-01-30T18:45:00.000Z,60,15,public,true,Détente,3,mBf3NrDVpxNCksonBUCeXbiW0bT2,10,10,1,0,0,0,3
fkYDvKB4KXpLjfPExDrV,Stadium Thiais,published,pro,,48.7511024&2.3713455,2024-03-02T18:00:00.000Z,90,15,public,false,,,psf3NmXEPwdCltHKJC7VuvJocrF3,0,10,0,0,0,0,0
flr6ML9wb084LCwtbHI1,Stadium Thiais,published,pro,ChIJ64X9jzx05kcRsHvSfOv6UcA,48.7511024&2.3713455,2024-01-21T14:00:00.000Z,90,15,public,false,,,psf3NmXEPwdCltHKJC7VuvJocrF3,0,10,0,0,0,0,0
fmqkZuNaNmoDpj3yAc2b,Foot-Max Argenteuil,published,pro,ChIJi9oIzaRm5kcRJYcK7QsdRMU,48.9501632&2.2093946,2024-02-12T17:00:00.000Z,60,8,public,false,,,SuEnyPZ4TgNIkt1yap2yJ3ZHO6p1,0,10,0,0,0,0,0
foAoLbIXuFskPERZSulW,UrbanSoccer - Lille Bondues,draft,captain,ChIJ58ZerMgrw0cR2Jyp7tZjBn4,50.6913774&3.0860264,2024-02-05T18:30:00.000Z,60,,public,false,,,OCWzufzKuVWFZsQlEiqXahkjB163,0,0,0,0,0,0,0
foiUATwaTvtyCUoC7DEO,Stadium Thiais,published,pro,,48.7511024&2.3713455,2024-02-06T15:00:00.000Z,90,8,public,false,,,psf3NmXEPwdCltHKJC7VuvJocrF3,0,10,0,0,0,0,0
foplISxgRBM7oN6HjPQG,UrbanSoccer - Porte d'Aubervilliers,played,captain,ChIJ0dXjDCZs5kcRvX0EpMwxsUY,48.9074912&2.3746518,2024-01-28T08:15:00.000Z,60,10.5,public,true,Détente,,jVurX5w7KGVunnQvKNDUtsONNx13,10,10,0,0,0,0,0
fovFTfIJpjJMdu4ZIzFI,We Are Sports,played,captain,ChIJFZU5oBHC9EcRJTFrSkI1xxg,45.7113247&4.8761886,2024-02-12T20:30:00.000Z,60,10,public,false,,2,AhkleKXFPcRoxPvRoMgqknYedmQ2,10,10,2,0,0,0,0
fs6RwkuhAboTTu4WhqdL,UrbanSoccer Orsay,played,captain,ChIJpZIJg7J45kcRrKWKhtbfnEQ,48.70829&2.17794,2024-02-01T19:00:00.000Z,90,17,public,true,Détente,3,s1eo4MV4gLdD17mf1RxuRaEJ7612,10,10,1,0,0,0,0
fsdgtZGgaziVZd8qE6F9,LE FIVE Carrières-sous-Poissy,canceled,captain,ChIJ9T4fWfyL5kcRCBX-FyZLvEE,48.9468144&2.0230574,2024-02-04T10:30:00.000Z,90,13,public,false,Détente,3,mAdomm9Z8bOTkM0mmS2u1f3NCw93,7,10,0,0,0,0,0
ftfAXwVcH1cjztdQ1zpP,Complexe Sportif de la Plaine Delaune,draft,captain,ChIJLxGtAxBr5kcRLQmkAUjfWKY,48.9606187&2.3835395,2024-01-31T19:00:00.000Z,60,,public,false,Détente,3,WTfMaejqzvhX9DQFnK1jrd9OJVE2,0,14,0,0,0,0,0
ftxMDyH6ZWjudx5cOEVL,Stadium Thiais,played,captain,ChIJ64X9jzx05kcRsHvSfOv6UcA,48.7511137&2.3715422,2024-02-09T19:15:00.000Z,90,15,public,false,Compétition,,ivJjDu3v1IbjkaGKCqaOoVymlgD3,10,10,4,0,0,0,5
fucBlAo5ODq4ZGNjUfAh,UrbanSoccer - Puteaux,canceled,captain,ChIJM_sC0-Nk5kcRhL1y_EFIje8,48.8836397&2.2312283,2024-02-04T10:15:00.000Z,60,12,public,true,Détente,3,lnU8xfyBD4QneTTEEEetwM4dZuo1,9,10,0,0,0,0,0
fuf7hnoCjrADzkf6MoOF,LE FIVE Morangis,canceled,captain,ChIJA4uAhOXZ5UcRp-vZXZP-ovY,48.692672&2.3192811,2024-02-08T17:30:00.000Z,90,13,public,false,,2,3QuA5jYfXvWoObvQsF4BK2w42GV2,10,10,0,0,0,0,2
fus6zUHPoMLUFn0jnqaU,LE FIVE Créteil,played,captain,ChIJ88lx3VwL5kcRVxCh4lD6_Gk,48.7643086&2.4706522,2024-01-26T20:00:00.000Z,60,,public,false,Détente,3,eYJ14kmDmcPGj2oHQ5DKONvBml42,10,10,2,0,0,0,0
fy7w3M95iG6Wr8sZ17ez,OHSPORT,canceled,captain,ChIJHeG9fA4X5kcRbGNzVY5Ud5I,48.9672396&2.5670436,2024-01-28T18:00:00.000Z,60,10,public,false,Détente,3,5P0A4f7LzPaagJ67VWn5vhHkEVn2,8,10,0,0,0,0,0
fyNlCwftNndbKmEyBPyd,Antony,published,captain,ChIJf8cFRhF35kcR0D6LaMOCCwQ,48.759255&2.302553,2024-01-28T10:30:00.000Z,90,10,public,false,Détente,3,Dohg1zNvhsbmGrYuAmExKFyjruw2,9,10,0,0,0,0,0
fzCgZ0lmAioxR0ViUUOr,Stadium Thiais,published,pro,ChIJ64X9jzx05kcRsHvSfOv6UcA,48.7511024&2.3713455,2024-02-14T19:30:00.000Z,90,15,public,false,,,psf3NmXEPwdCltHKJC7VuvJocrF3,0,10,0,0,0,0,0
fzQCV8LzXA5qAHjHkLzT,Footsal Cousinerie,canceled,captain,ChIJXQyb1d8pw0cRLO_Ed5xHTIQ,50.6440829&3.1459612,2024-02-07T20:00:00.000Z,90,8.5,public,false,Détente,3,B0zaVQnMeBabl1RHzfc588KI1kj1,10,10,0,0,0,0,0
fzfhM21Bo309GLAY5Qbq,Top Ten,published,pro,,48.8729106&2.6840919,2024-02-22T21:30:00.000Z,90,16.5,public,false,,,i27253AGxOfXgYJK72sBnvUGuMk2,0,10,0,0,0,0,0
g0NBjLs9UuLOr5MBq3jQ,Sport dans la Ville Rhône-Alpes,played,captain,ChIJoUEDcmvr9EcRILCz6hDCQ2o,45.7811703&4.8081568,2024-01-29T18:30:00.000Z,90,13,public,false,Détente,2,wI26BYY3hHOd0qRylT1SYXccJZJ3,10,10,3,0,0,0,0
g0gfPhqHNUODVHQgjOeI,Classico Foot,published,captain,ChIJFV442oCxrhIRgsZy5aIbkNs,43.5945434&1.2911399,2024-01-26T20:30:00.000Z,60,9,public,false,Détente,,vZqrt7VHboSIBssGXfBBTfzZp032,9,10,0,0,0,0,0
g1JohSp2HGuPSE6FBy9j,UrbanSoccer - Puteaux,canceled,captain,ChIJM_sC0-Nk5kcRhL1y_EFIje8,48.8836397&2.2312283,2024-02-04T13:00:00.000Z,60,11.5,public,true,Détente,,Ytn9um8Y07QOoebAd3Bhr8nwXZg1,8,10,0,0,0,0,0
g1bAjky5acGtsodCxoD5,UrbanSoccer - Quai d'Ivry,played,captain,ChIJfXxYJ0xy5kcRw9xTkF6-FZQ,48.8199885&2.3936463,2024-02-03T16:00:00.000Z,90,12,public,true,Détente,2,iCEMjNop3OeA4Z1NDhtc00UOTEs2,10,10,1,0,0,0,0
g2TlcqArKUY0BAaThq15,LE FIVE Paris 13,played,captain,ChIJ_bOSChhz5kcRZMTeq_6Gdzg,48.8181615&2.3658793,2024-02-05T18:30:00.000Z,60,14,public,true,Détente,3,xgchDtBjaNTWuYoF26ypnCNi8Nm2,10,10,3,0,0,0,1
g2acXG7CMTQH8UW7KlIZ,Stadium Thiais,played,pro,,48.7511024&2.3713455,2024-02-12T18:00:00.000Z,90,15,public,false,,,psf3NmXEPwdCltHKJC7VuvJocrF3,10,10,9,0,0,0,6
g2rRtZ4JjzEmdINNGVn8,UrbanSoccer - Porte d'Aubervilliers,canceled,captain,ChIJ0dXjDCZs5kcRvX0EpMwxsUY,48.9074912&2.3746518,2024-02-03T17:00:00.000Z,90,15.75,public,true,Détente,3,mvrh9nBt50XYdjtWlWJolNpj0Kz1,5,10,0,0,0,0,0
g41knsV8t7vRi7KdgVla,UrbanSoccer - Puteaux,played,captain,ChIJM_sC0-Nk5kcRhL1y_EFIje8,48.8836397&2.2312283,2024-02-12T18:00:00.000Z,60,15,public,true,Chill,5,Gk61iaH8taWVyAbDIqXa1ga0bRH3,10,10,0,0,0,0,2
g49P8Q9YdpXFecp9sCuj,Foot POWER 5,canceled,pro,,48.960066&2.2061913,2024-02-20T17:00:00.000Z,90,5,public,false,,,sss3dYi6nzWd7rEjwcQ30LGKudj1,0,10,0,0,0,0,0
g4EcybkVbf32IUm5r0mT,Top Ten,published,pro,,48.8729106&2.6840919,2024-02-16T16:00:00.000Z,90,5,public,false,,,i27253AGxOfXgYJK72sBnvUGuMk2,10,10,0,0,0,0,5
g4Uj3XgUDnJjcbWEvgen,City Stade - Ivry,canceled,captain,ChIJkcqlrnhz5kcRYDm_fAMKBxo,48.8172947&2.3926639,2024-01-28T08:20:00.000Z,150,,public,false,Détente,,FYfgfT1shkXXyaMI4sZTA7d9Qdw2,9,10,0,0,0,0,0
g4dsMo1jTQ6tkKO9dnQU,UrbanSoccer - Lyon Parilly,canceled,captain,ChIJx3FQWjLC9EcRrrQb2eV7i_4,45.7120399&4.9039284,2024-02-13T16:00:00.000Z,60,8.5,public,true,Compétition,3,B6tWZAy3bgTUbyN0CtS7McqaOcW2,9,10,0,0,0,0,0
g5DchZkUug6zcW1lV9Bu,Footsal,published,captain,ChIJa7HS298pw0cRMoVDj0XqVdI,50.6397895&3.1251337,2024-02-15T19:00:00.000Z,60,8,private,false,Détente,3,ydQSvbudLDZHsUN8NFABk8kFyeo2,10,10,0,0,0,0,2
g6tP3mgFnCVKPcjy4ygA,Stadium Thiais,played,captain,ChIJ64X9jzx05kcRsHvSfOv6UcA,48.7511137&2.3715422,2024-02-11T09:30:00.000Z,90,15,public,false,Compétition,3,XaqPYXeExNhIHmcDJQoWj5n4mnF3,10,10,2,0,0,0,1
g70q4iF95TvBxCOAIhM1,Stadium Thiais,played,pro,ChIJ64X9jzx05kcRsHvSfOv6UcA,48.7511024&2.3713455,2024-02-11T18:00:00.000Z,90,15,public,false,,,psf3NmXEPwdCltHKJC7VuvJocrF3,12,12,9,0,0,0,1
g76fflmdcl0bovEP8AJ3,UrbanSoccer La Défense,played,captain,ChIJh4rnfVhk5kcRV2Q-ZKdm8vA,48.8996456&2.2216773,2024-02-02T20:00:00.000Z,90,21,public,true,Détente,3,EWvyyRg2G2OvXASqVHc1WnVkvc43,10,10,3,0,0,0,1
g7Rnw9NkfZbEU8h7aEd9,Stadium Thiais,published,pro,ChIJ64X9jzx05kcRsHvSfOv6UcA,48.7511024&2.3713455,2024-01-30T19:30:00.000Z,90,15,public,false,,,psf3NmXEPwdCltHKJC7VuvJocrF3,0,10,0,0,0,0,0
g88OxbGPqLNn0Ggb3FCr,Le 13 - Foot en salle - Marseille,canceled,captain,ChIJR62kUm_ByRIRDnGQqGCeUVQ,43.33370070000001&5.370389599999999,2024-02-08T19:30:00.000Z,60,10,public,false,Détente,3,JhzYtbyIfxe5yUlcuYzUPNXhyMN2,6,10,0,0,0,0,0
g90pXvK6sUnFA8Kn1mtP,Centre Sportif Lionel Terray,published,captain,ChIJo7Jtup935kcRUd9lcEtEKzc,48.7349914&2.287439,2024-02-10T09:00:00.000Z,60,,public,false,Détente,3,Dohg1zNvhsbmGrYuAmExKFyjruw2,11,12,0,0,0,0,0
gAHjD0DRWgm44vJ6xPdX,LE FIVE Paris 17,published,captain,ChIJ7eI8sFNv5kcR5xy52Wc57NU,48.900032&2.3213449,2024-02-13T21:00:00.000Z,60,5,public,true,Competition,4,8QP315cqVJSgeQMI10S7wDEn7SQ2,8,10,0,0,0,0,1
gAbWjd9wY27oTOTfKYX1,Stade Suzanne Lenglen,published,captain,,48.83101689999999&2.272363,2024-01-22T09:45:00.000Z,90,,public,false,Détente,3,NJxBoCMTp6TyjzUGjNXAqxTk2WM2,15,16,0,0,0,0,2
gAl0TGmy3qwKKmDzH10I,Game 13 foot indoor,published,captain,ChIJNSDvlsXryRIRUXao9hwB79I,43.41258939999999&5.366617,2024-02-20T19:00:00.000Z,60,10,private,false,Détente,2,YRqiIIRIa7WLYzz10t8KebtmcKp1,10,10,0,0,0,0,1
gCOxsnp2iMpaYftuSmVK,Kinshasa,published,pro,,-4.3032527&15.310528,2024-02-18T11:23:00.000Z,90,12,public,false,,,zCvsukfMuuffsuPpSTQwb7MusMD2,0,10,0,0,0,0,0
gCnhozLupia7PbKWZXNE,LE FIVE Villette,published,captain,ChIJTUFnQjps5kcR0pHITLTw1PI,48.9070122&2.3861459,2024-02-05T17:30:00.000Z,60,10,public,false,Détente,2,YgHOGcaQpfSxFcWORSZOcICZkSI3,9,10,0,0,0,0,0
gDfC3obYcAsiVOTxKcYf,UrbanSoccer Meudon,published,captain,ChIJ0WKvjbh75kcRoqSmyWwW2jQ,48.80013599999999&2.2140811,2024-02-13T19:30:00.000Z,90,15,public,true,Détente,3,HJotKKrtUJaLFOvmszXxkGnM8Q52,10,10,0,0,0,0,0
gELUIapLEJAFKNyCFsuf,Foot POWER 5,canceled,pro,,48.960066&2.2061913,2024-02-10T17:00:00.000Z,90,7,public,false,,,sss3dYi6nzWd7rEjwcQ30LGKudj1,0,10,0,0,0,0,0
gEP2iURgSSs99fPqRtc0,Foot POWER 5,canceled,pro,,48.960066&2.2061913,2024-03-07T17:00:00.000Z,90,5,public,false,,,sss3dYi6nzWd7rEjwcQ30LGKudj1,0,10,0,0,0,0,0
gEQP3Vl5mtdsPzYpAKFu,Play Soccer,played,captain,ChIJQ-UxZn-5rhIRKWoQydM5T9s,43.5512023&1.4098927,2024-02-07T18:30:00.000Z,60,10,public,false,,,pL0skPQs4CYYVXb682MCC9jXu8K2,10,10,2,0,0,0,0
gERVmfBLrEsqrra17Tpx,Halle Georges Carpentier,published,captain,ChIJnXkSwCty5kcR-nlHXNFQlg4,48.82020139999999&2.3672361,2024-02-02T14:00:00.000Z,120,,public,false,Détente,,FYfgfT1shkXXyaMI4sZTA7d9Qdw2,15,16,0,0,0,0,5
gEY8HJ0NFwjo1Jb3OvFW,FOOT INDOOR Marseille,played,captain,ChIJ41AMCxC8yRIRLHLGt11sc-U,43.2859688&5.4882746,2024-01-28T09:00:00.000Z,60,10,public,false,Détente,2,p5RLJog4gzS5k9JJmj7fHkGw2fc2,10,10,2,0,0,0,1
gFovRnKOd5FaZBaGEZo7,LE FIVE Bobigny,published,pro,,48.901553&2.4313304,2024-01-25T17:00:00.000Z,60,8,public,false,,,4owi3i7t8EOvFNF6UQvACOpiDRy1,0,10,0,0,0,0,0
gG0HCnvelxfmVH18tHIf,Foot POWER 5,canceled,pro,,48.960066&2.2061913,2024-01-20T17:00:00.000Z,90,7,public,false,,,sss3dYi6nzWd7rEjwcQ30LGKudj1,0,10,0,0,0,0,0
gGaTtThautIsqArdfzEF,Stade Municipal Nelson Paillou,canceled,captain,ChIJs6n4qxFv5kcRZxYcf-iuE64,48.9094529&2.3119474,2024-02-05T16:00:00.000Z,120,7,public,false,,,rRYqdqFwsRVbom7JGDAxdzHP7mH2,12,20,0,0,0,0,0
gHDWAae19G2mXeGjUrqF,UrbanSoccer - Puteaux,played,captain,ChIJM_sC0-Nk5kcRhL1y_EFIje8,48.8836397&2.2312283,2024-01-30T12:45:00.000Z,90,8,public,true,Détente,3,BUHAxDHqmVf0n7GzPREl0cmZksx1,10,10,1,0,0,0,2
gHHuYm1MrC8WG62YKovt,LE FIVE Sarcelles,played,captain,ChIJ6_q3Fxhq5kcRCpoEwnoXX1Q,48.99782219999999&2.3902225,2024-02-07T21:00:00.000Z,120,10,public,false,,3,AGObZu2iaSS3pnbOMA9IfKIcS102,10,10,3,0,0,0,1
gIsoubfbeHZmFki4aBVT,FOOT IN FIVE,played,captain,ChIJoUR0syFp5kcRUlStnwluaYY,48.9552257&2.3328346,2024-02-08T18:30:00.000Z,90,12,public,false,Détente,,QbnIHVgRM8Qwnz7DOLJ4NKDqlsI2,10,10,1,0,0,0,0
gIvShPphdM4uwTYzDYQE,Stadium Thiais,played,pro,,48.7511024&2.3713455,2024-01-25T18:00:00.000Z,90,15,public,false,,,psf3NmXEPwdCltHKJC7VuvJocrF3,10,10,5,0,1,0,7
gJOsqNQPmZyiGZH2QMf7,Kaiser Park,played,captain,ChIJsRLZzKFg5kcRBCfNws9nssw,49.0175545&2.1775301,2024-02-09T17:30:00.000Z,90,13,public,false,Compétition,3,zd1BRxoeuiMS4nFerSzLhPnEKL82,10,10,4,0,0,0,3
gJRl1eiSH5hS2TN1WIwC,LE FIVE Créteil,played,pro,,48.7643086&2.4706522,2024-01-21T11:00:00.000Z,60,11,public,false,,,ZmXMWx7aTdPoPkkGOWa2HIQVblq2,10,10,8,0,0,0,1
gJsepiWfUieSvVzBPJeL,LE FIVE Paris 13,published,pro,,48.8181615&2.3658793,2024-02-26T22:00:00.000Z,60,10,public,false,,,FjSnzlRFFfhWVWQJGfIEwRc2ZMj2,0,10,0,0,0,0,0
gL1lSbPsS4rkreZNC0of,Z5 Aix,canceled,captain,ChIJKb-U_9KSyRIRKIFKbH5mW18,43.4787869&5.3969048,2024-02-02T17:00:00.000Z,60,11,public,false,Détente,2,XBBWsXbbIYTDG9Qi2SzCtmOQIxG2,10,10,0,0,0,0,0
gL2ktv6DKTaDYLg6SwZJ,Game 13 foot indoor,canceled,captain,ChIJNSDvlsXryRIRUXao9hwB79I,43.41258939999999&5.366617,2024-01-29T18:30:00.000Z,60,10,public,false,Détente,3,tNI5PAPgX0MDq6T4GlwP3d2ndaO2,8,10,0,0,0,0,0
gLlzHamTGWwWoS9Qqm7x,Massilia FIVE,played,captain,ChIJxZ6UmMW-yRIR7ot5DChYj4w,43.28920790000001&5.4503802,2024-02-11T17:00:00.000Z,60,10,public,false,Détente,2,y3LThe3Uptdviucdw7eZ4mip3Zr1,10,10,1,0,0,0,1
gLxTpR8fMFPLOmDRWI0r,LE FIVE Villette,played,captain,ChIJTUFnQjps5kcR0pHITLTw1PI,48.9070122&2.3861459,2024-02-07T19:00:00.000Z,90,18,public,false,Détente,2,uihlaEvpHNNfCRxhjxekj4Dq7sB2,10,10,3,0,0,0,1
gLyMmrOlIgODbdlxXoyY,Foot POWER 5,canceled,pro,,48.960066&2.2061913,2024-03-09T18:30:00.000Z,90,10,public,false,,,sss3dYi6nzWd7rEjwcQ30LGKudj1,0,10,0,0,0,0,0
gLyogfh8s1as7K23DLb2,Footsal,played,captain,ChIJa7HS298pw0cRMoVDj0XqVdI,50.6397895&3.1251337,2024-02-01T19:00:00.000Z,60,8,public,false,Détente,3,ydQSvbudLDZHsUN8NFABk8kFyeo2,10,10,10,0,0,0,5
gMcIc3iEXAaZHuZaV2gL,Stadium Thiais,published,captain,ChIJ64X9jzx05kcRsHvSfOv6UcA,48.7511137&2.3715422,2024-02-20T16:00:00.000Z,120,10,public,false,Compétition,3,Dohg1zNvhsbmGrYuAmExKFyjruw2,3,10,0,0,0,0,0
gMzGVMuqGQ1GVKQueGdm,LE FIVE Montreuil,published,pro,,48.8613036&2.4653095,2024-02-09T16:30:00.000Z,90,11.5,public,false,,,u9uC1vjdcdQ3UqNxI0SiFxor0m43,0,10,0,0,0,0,0
gN444fUWrKIEBzP0c11g,Stadium Thiais,hidden,pro,ChIJ64X9jzx05kcRsHvSfOv6UcA,48.7511024&2.3713455,2024-02-02T19:30:00.000Z,90,15,public,false,,,psf3NmXEPwdCltHKJC7VuvJocrF3,2,10,0,0,0,0,0
gOhWM1BHFLZDSUN5ARd4,Foot POWER 5,canceled,pro,,48.960066&2.2061913,2024-02-07T17:00:00.000Z,90,5,public,false,,,sss3dYi6nzWd7rEjwcQ30LGKudj1,0,10,0,0,0,0,0
gPlVrha6812sIv2Paqe0,LE FIVE Paris 18,played,captain,ChIJpVT4_n1u5kcRzji6FdTBXXo,48.8978522&2.3700234,2024-01-23T10:30:00.000Z,120,5,public,true,Détente,3,c6llGGr5oTUJ6Vhl4HevktjACT63,10,10,3,0,0,0,1
gR3oQ0MlS14w7wSybUP7,UrbanSoccer - Porte d'Aubervilliers,canceled,captain,ChIJ0dXjDCZs5kcRvX0EpMwxsUY,48.9074912&2.3746518,2024-01-20T19:15:00.000Z,60,10.5,public,true,Compétition,3,X0Zx5uZfuUfmVO5EfM3ZLDKwLDF3,8,10,0,0,0,0,0
gS0FNadimajFN1akR4za,Stadium Thiais,published,pro,,48.7511024&2.3713455,2024-02-05T14:00:00.000Z,90,8,public,false,,,psf3NmXEPwdCltHKJC7VuvJocrF3,0,10,0,0,0,0,1
gS1kUJ7LQsTRsMADUIq7,Footbox,published,pro,,48.9022789&2.582647,2024-03-04T21:00:00.000Z,60,10,public,false,,,QI89VPazyLhBVnWH871jk4BUEZI3,0,10,0,0,0,0,0
gSSBPWktp5VtNlSpBoCV,Footbox,published,pro,,48.9022789&2.582647,2024-02-20T21:00:00.000Z,60,10,public,false,,,QI89VPazyLhBVnWH871jk4BUEZI3,0,10,0,0,0,0,0
gTOc7U7VJToEJSspsZfv,Footbox,published,pro,,48.9022789&2.582647,2024-02-14T14:00:00.000Z,60,7,public,false,,,QI89VPazyLhBVnWH871jk4BUEZI3,0,10,0,0,0,0,0
gTdfQzCk99VqThMie9Cd,Top Ten,published,pro,,48.8729106&2.6840919,2024-03-04T21:30:00.000Z,90,16.5,public,false,,,i27253AGxOfXgYJK72sBnvUGuMk2,0,10,0,0,0,0,0
gTxhxEly4xxLZbytd7Ry,Stade de Foot André Robert,played,captain,ChIJaYV-Ok4d5kcRxzQr1RiT9DI,48.875595&2.7515223,2024-01-25T20:00:00.000Z,120,,public,false,Détente,3,oHZ6slylkVPuwodkOiA4R831Oyk1,16,16,3,0,0,0,2
gU5mluB56pblNBvTOQxD,BIG5,published,captain,ChIJsb_7TJFp5kcRSPL5VqZulr4,48.9901429&2.3617895,2024-01-23T21:00:00.000Z,90,12.5,public,false,Détente,3,ReCsHFTJF2UPbBz6r46f8OeS5rT2,3,10,0,0,0,0,1
gU9uMdCSDyt5nn6z8ay7,UrbanSoccer - Puteaux,played,captain,ChIJM_sC0-Nk5kcRhL1y_EFIje8,48.8836397&2.2312283,2024-01-29T18:30:00.000Z,60,13.5,public,true,Détente,3,ByCmNS49SrO4lsxtMksQkSMYL3n2,10,10,1,0,0,0,2
gV28EJ5Nuz3G3GVb7FZv,Centre Sportif Maryse Hilsz,canceled,captain,ChIJgY6iBYxt5kcRHD7TB4jAHV4,48.8520783&2.4128877,2024-02-12T12:00:00.000Z,120,,public,false,Détente,2,vft2WRS7zdU9ST6fNn76LWPt8Vn2,1,16,0,0,0,0,0
gXYTNuBBz0raINaNRUlh,UrbanSoccer - Quai d'Ivry,played,captain,ChIJfXxYJ0xy5kcRw9xTkF6-FZQ,48.8199885&2.3936463,2024-02-07T19:00:00.000Z,60,14,public,true,Détente,2,5ym5C578Zgbf4BIIX570nDyNT2B3,10,10,4,0,0,0,1
gZaYpIkrCISAW1UPuUDg,F5 Foot Five,played,captain,ChIJjUbM5G7A9EcRW3mlkrhyXxY,45.7857911&4.905926399999999,2024-02-02T18:00:00.000Z,90,14,public,false,Détente,2,2YwIBzjpj7e0aYrfZPE2ISnLspy1,10,10,0,0,0,0,0
gaXQeCMXCzOVgddo5wa9,UrbanSoccer - Toulouse Montaudran,played,captain,ChIJl772e0u8rhIR2foRX4Xa2CI,43.574642&1.4801835,2024-01-29T19:00:00.000Z,60,11,public,true,Détente,2,6RDt5QdaDQarzm5xX8VIKcrsTft1,10,10,4,0,0,0,0
gcfMJbF2CL05SUVXAobh,LE FIVE Paris 18,canceled,captain,ChIJpVT4_n1u5kcRzji6FdTBXXo,48.8978522&2.3700234,2024-01-20T18:00:00.000Z,90,10,public,true,Compétition,3,lq8TKSlwRDe3rDH4PUlIhcscxck1,6,10,0,0,0,0,0
gdW69VxB6fIP6CqLz4yI,Stadium Thiais,played,pro,,48.7511024&2.3713455,2024-02-07T18:00:00.000Z,90,15,public,false,,,psf3NmXEPwdCltHKJC7VuvJocrF3,10,10,6,0,0,1,0
gdbdP0A4SGQN7ZlEN6jw,UrbanSoccer - Lille Lezennes,played,captain,ChIJR3ro5nTWwkcRfM_S3Be9HjI,50.6162725&3.0998108,2024-01-26T21:45:00.000Z,60,5,public,true,Compétition,3,4OqfE9VmZUZxOcies0Iqf0Tmq0I2,10,10,3,0,0,0,0
gepVscJOVkagp2OD3RBi,LE FIVE Marville - La Courneuve,canceled,captain,ChIJ2dHdMZxr5kcR0aKYHYsp0pY,48.9364404&2.3869147,2024-01-23T22:00:00.000Z,60,5,public,false,Détente,5,HQVCQOz6OrhL220511FtYes80UL2,7,10,0,0,0,0,1
ggInbSFsN1mZtWcwccyc,UrbanSoccer - Porte d'Aubervilliers,published,captain,ChIJ0dXjDCZs5kcRvX0EpMwxsUY,48.9074912&2.3746518,2024-02-13T16:15:00.000Z,120,14,public,true,Détente,2,V0vLvWlVCYhoVqS77yMqYmMpxnp1,9,10,0,0,0,0,0
ggeHfHxcsEJJSjMs3mTs,UCPA Sport Station - Meudon,played,captain,ChIJo-1Yfyx65kcRE-ebwNckN-o,48.7827944&2.2266758,2024-01-29T19:15:00.000Z,90,10,public,false,Détente,4,yYOUgwZUhEOOl85477lgHRgxO3l1,16,16,0,0,0,0,0
ggzsq3QGvRNlw9KcFcZT,Play Soccer,played,captain,ChIJQ-UxZn-5rhIRKWoQydM5T9s,43.5512023&1.4098927,2024-02-08T11:30:00.000Z,60,8,public,false,,,8LtkeOuZHeePxfkXdNPmQSr7V9L2,10,10,2,0,0,0,0
gi4ShhDTTDsm2jSjNPDA,LE FIVE Paris 13,played,captain,ChIJ_bOSChhz5kcRZMTeq_6Gdzg,48.8181615&2.3658793,2024-01-23T11:30:00.000Z,60,10,public,true,Détente,2,EwOCVhz73ITOQa3ecSmXPHs1Nf42,10,10,2,0,0,0,1
giYPzp3G6WhE2C6mNSnn,LE FIVE Bezons,published,pro,,48.91909&2.2093051,2024-02-23T16:30:00.000Z,90,10.5,public,false,,,U3MriTZbPbTUEsU6RtRuHxDMKvg2,0,10,0,0,0,0,0
giqEV0nXcA7BeA7Rpu9j,Stadium Thiais,hidden,pro,ChIJ64X9jzx05kcRsHvSfOv6UcA,48.7511024&2.3713455,2024-02-09T20:00:00.000Z,90,15,public,false,,,psf3NmXEPwdCltHKJC7VuvJocrF3,0,10,0,0,0,0,0
gkFajXXlua9kBXjNTreG,Foot-Max Argenteuil,canceled,captain,ChIJi9oIzaRm5kcRJYcK7QsdRMU,48.9501569&2.2093741,2024-02-11T18:00:00.000Z,90,12,private,false,Compétition,4,EBkyQKZSThSt50tqVxjcFaiJK922,4,10,0,0,0,0,0
gkm0Qzc7zIgk1EkMStwg,UrbanSoccer - Marne-La-Vallée,canceled,captain,ChIJ6bDBiosP5kcROXiloHzSdhc,48.82658600000001&2.6296937,2024-01-28T12:00:00.000Z,90,15,public,true,Détente,3,LdzdK0976ZPXFRnB5TZDEHbfzsZ2,9,10,0,0,0,0,0
glX8LlzFPRvo7sL7FIu3,LE FIVE Paris 18,published,pro,,48.8978522&2.3700234,2024-02-17T21:30:00.000Z,90,10,public,false,,,UQf33jQhVZhle917nO0h7D5qclV2,10,10,0,0,0,0,1
glhmmWp6kXrK3i1j00x8,Stade Des Courtilles,canceled,captain,ChIJ83HS9ldv5kcR-plMKkHPNTA,48.929137&2.2834726,2024-02-11T17:30:00.000Z,150,,public,false,Compétition,4,OKhfkxDKMDS9m7GyDTrjVlKnvko1,7,14,0,0,0,0,0
glm9gU0GLmDejmWISa8M,LE FIVE Paris 18,played,captain,ChIJpVT4_n1u5kcRzji6FdTBXXo,48.8978522&2.3700234,2024-01-29T19:30:00.000Z,60,14,public,true,Détente,2,bUplJ5qiERS7TgScEE9lJNYvPb83,10,10,3,0,0,0,0
gm4CgoIPl1Ovorhcu0Ng,Footbox,published,pro,,48.9022789&2.582647,2024-03-10T22:00:00.000Z,60,10,public,false,,,QI89VPazyLhBVnWH871jk4BUEZI3,0,10,0,0,0,0,0
gnOblF95oUZ8eGIJLLYM,LE FIVE Sarcelles,published,captain,ChIJ6_q3Fxhq5kcRCpoEwnoXX1Q,48.99782219999999&2.3902225,2024-02-04T21:00:00.000Z,120,10,public,false,Détente,,SGuEHBTVYmf3lbEad0P7i9ITSAs2,4,10,0,0,0,0,0
gnlwzDH6U8GGPvsAgAmd,LE FIVE Paris 18,draft,captain,ChIJpVT4_n1u5kcRzji6FdTBXXo,48.8978522&2.3700234,2024-02-09T19:00:00.000Z,60,,public,false,,,WwUq7bFMu7dGKfspToX9zVQjpJB2,0,0,0,0,0,0,0
gq4tLAj417EnHmqN5XsG,UrbanSoccer - Puteaux,played,captain,ChIJM_sC0-Nk5kcRhL1y_EFIje8,48.8836397&2.2312283,2024-02-04T10:00:00.000Z,60,14,public,true,Compétition,5,yM6Gps47XufXWvxE6lbYznazwJA3,10,10,2,0,0,0,1
gqVhCKdUymn7cINAKkpG,Antony,played,captain,ChIJf8cFRhF35kcR0D6LaMOCCwQ,48.759255&2.302553,2024-01-21T08:30:00.000Z,90,10,public,false,Détente,3,Dohg1zNvhsbmGrYuAmExKFyjruw2,10,10,2,0,0,0,0
grNtZiRlgG5PK0Hnshww,City stade de la Gravière,canceled,captain,ChIJlWwpFZnt9EcR8KsQCBd5CHQ,45.7315869&4.7791329,2024-02-11T08:45:00.000Z,90,,public,false,Détente,,w3AnX7uWgJc7BarLiBrWplP1RAV2,7,10,0,0,0,0,0
gtOIBXCjXkNOjYLLVTv4,LE FIVE Marville - La Courneuve,published,captain,ChIJ2dHdMZxr5kcR0aKYHYsp0pY,48.9364404&2.3869147,2024-02-08T20:30:00.000Z,90,13,private,false,Détente,2,qprDASpz0Dg8ax2ZL7FV3wjVFL02,9,10,0,0,0,0,0
gtfyt4u3VxOWGDCrKGiU,Speed Soccer Five,published,pro,,48.7360598&2.315058,2024-02-21T17:00:00.000Z,90,13,public,false,,,MkTJljXziPXBdRdijccndMLBNCC3,0,10,0,0,0,0,0
gtsIk5UfAyPHfsn1sfLA,LE FIVE Montreuil,published,pro,,48.8613036&2.4653095,2024-02-13T21:30:00.000Z,90,13.5,public,false,,,u9uC1vjdcdQ3UqNxI0SiFxor0m43,0,10,0,0,0,0,0
guPdBd5Pg4zsaqRrTtfz,UrbanSoccer La Défense,played,captain,ChIJh4rnfVhk5kcRV2Q-ZKdm8vA,48.8996456&2.2216773,2024-02-03T18:30:00.000Z,90,8.5,public,true,Détente,2,PvDQsexRENaHtU0ljK3p2C1BwKo1,10,10,3,0,0,0,6
gv4644t3ufCcVW6NjgOj,LE FIVE Sarcelles,played,captain,ChIJ6_q3Fxhq5kcRCpoEwnoXX1Q,48.99782219999999&2.3902225,2024-02-12T18:45:00.000Z,60,10,public,false,Détente,4,xGqbyGMIOOSZWB8dDdIT0rqQ39u2,10,10,0,0,0,0,1
gv53QvqYW0IuZqGjS3ie,LE FIVE Bezons,published,pro,,48.91909&2.2093051,2024-02-22T17:00:00.000Z,60,7,public,false,,,U3MriTZbPbTUEsU6RtRuHxDMKvg2,1,10,0,0,0,0,0
gxFdwk5RbRkJ0WKahU4j,Top Ten,played,pro,,48.8729106&2.6840919,2024-01-22T16:00:00.000Z,90,5,public,false,,,i27253AGxOfXgYJK72sBnvUGuMk2,10,10,7,0,0,0,6
gxY5f8356r7tGkova55y,LE FIVE Paris 18,hidden,pro,ChIJpVT4_n1u5kcRzji6FdTBXXo,48.8978522&2.3700234,2024-02-13T13:00:00.000Z,90,8,public,false,,,UQf33jQhVZhle917nO0h7D5qclV2,0,10,0,0,0,0,1
gyrB2KgWZYeHJThZF7Xy,Stadium Thiais,published,pro,,48.7511024&2.3713455,2024-02-27T15:00:00.000Z,90,8,public,false,,,psf3NmXEPwdCltHKJC7VuvJocrF3,0,10,0,0,0,0,0
gzG3qcFEhlWhzogFAuQA,LE FIVE La Rochelle,canceled,captain,ChIJAYcXu5xNAUgRiFOwJiUbggQ,46.16183179999999&-1.0915968,2024-01-27T18:00:00.000Z,60,12,public,false,Compétition,3,9R8mApBAOQNJ79IbogT6bn6u0Z03,1,10,0,0,0,0,0
h0UC9InHauXeowKTECJq,UrbanSoccer - Porte d'Aubervilliers,played,captain,ChIJ0dXjDCZs5kcRvX0EpMwxsUY,48.9074912&2.3746518,2024-01-28T16:30:00.000Z,90,18.75,public,true,Détente,3,9wdRFE6WwWQyz7Ud9v1IeK8B66G2,10,10,5,0,0,0,1
h3dbkxHfmL3DZ0yZsvKj,Speed Soccer Five,played,captain,ChIJ2xTNglV25kcR3UDi4AXGfDU,48.7360598&2.315058,2024-01-25T18:00:00.000Z,90,8,public,false,Détente,2,gC7u1zBDDkR6yiDzaEoMqwjc85h2,10,10,1,0,0,0,1
h42lFh2JcSnTspb7ZXFd,LE FIVE Carrières-sous-Poissy,published,captain,ChIJ9T4fWfyL5kcRCBX-FyZLvEE,48.9468144&2.0230574,2024-01-20T17:00:00.000Z,60,9,public,false,Compétition,3,mb2QnXTyGtb3nqmctRQO0L1dGvJ3,9,10,0,0,0,0,0
h5qjTdywwaSLfoJPqrOx,UrbanSoccer La Défense,published,captain,ChIJh4rnfVhk5kcRV2Q-ZKdm8vA,48.8996456&2.2216773,2024-01-27T08:20:00.000Z,90,18,public,true,,3,J8KMu4CQGiRNCkHLTZ8VlzSVTSf2,9,10,0,0,0,0,0
h60zRXxNTRsfrz9Lc87l,Foot POWER 5,canceled,pro,,48.960066&2.2061913,2024-02-20T21:30:00.000Z,90,7,public,false,,,sss3dYi6nzWd7rEjwcQ30LGKudj1,0,10,0,0,0,0,0
h6le5lje1wIfBhJsMadx,Play Soccer,played,captain,ChIJQ-UxZn-5rhIRKWoQydM5T9s,43.5512023&1.4098927,2024-02-02T16:30:00.000Z,60,9,public,false,Détente,,DWh92QLnudQobaf8k1DTr22NOzT2,10,10,1,0,0,0,0
h774g6Ru0eKgXgnRIeWZ,Stadium Thiais,played,pro,ChIJ64X9jzx05kcRsHvSfOv6UcA,48.7511024&2.3713455,2024-01-31T18:00:00.000Z,90,15,public,false,,,psf3NmXEPwdCltHKJC7VuvJocrF3,10,10,8,0,1,7,3
h7QJo4SOXTVYGWPqySzM,Stadium Thiais,published,pro,,48.7511024&2.3713455,2024-01-29T11:00:00.000Z,60,7,public,false,,,psf3NmXEPwdCltHKJC7VuvJocrF3,1,10,0,0,0,0,0
h8l5SIQ8ftDo2ZqFgWU1,UrbanSoccer Meudon,canceled,captain,ChIJ0WKvjbh75kcRoqSmyWwW2jQ,48.80013599999999&2.2140811,2024-02-07T20:30:00.000Z,90,15,public,true,Détente,3,SEtmCWG4hpdCJdWKljNFyCfzdZ03,8,10,0,0,0,0,0
h9lb9FMw9wqtyQiMOjDC,Halle Georges Carpentier,played,captain,ChIJnXkSwCty5kcR-nlHXNFQlg4,48.82020139999999&2.3672361,2024-01-22T11:00:00.000Z,120,,public,false,Compétition,3,kRAf444M3RUd6EWIOWpKVKs78SI2,16,16,14,0,0,1,7
hAYuljPjQe0Ty5kLHm8j,LE FIVE Montreuil,published,pro,,48.8613036&2.4653095,2024-03-10T08:00:00.000Z,90,15,public,false,,,u9uC1vjdcdQ3UqNxI0SiFxor0m43,0,10,0,0,0,0,0
hBKZCGcKyALh6tXjCvLr,UrbanSoccer La Défense,played,captain,ChIJh4rnfVhk5kcRV2Q-ZKdm8vA,48.8996456&2.2216773,2024-02-12T17:00:00.000Z,60,13.5,public,true,Détente,4,WmEIitt9Uwg5axn6vQTP95QfodX2,10,10,1,0,0,0,2
hDxiUierP67cOye0wTFM,Complexe Sportif Eric Tabarly,played,captain,ChIJ9a8PKZ535kcRgCm9gWkP4oc,48.7360814&2.2853616,2024-02-10T08:30:00.000Z,90,,public,false,Détente,3,Dohg1zNvhsbmGrYuAmExKFyjruw2,12,12,0,0,0,0,0
hDyq94ESLjnlsKi40Mqc,UrbanSoccer - Puteaux,canceled,captain,ChIJM_sC0-Nk5kcRhL1y_EFIje8,48.8836397&2.2312283,2024-02-08T18:15:00.000Z,60,13,public,true,Compétition,3,EOGY3s0MXkU1s0wbvfZwpxh2PM93,6,10,0,0,0,0,0
hERoOUCazIhnTynU6wac,LE FIVE Montreuil,published,pro,,48.8613036&2.4653095,2024-02-19T11:00:00.000Z,60,7,public,false,,,u9uC1vjdcdQ3UqNxI0SiFxor0m43,0,10,0,0,0,0,0
hF3TXC7pGy7pYXsCk9AP,Footbox,published,pro,,48.9022789&2.582647,2024-03-04T19:00:00.000Z,60,10,public,false,,,QI89VPazyLhBVnWH871jk4BUEZI3,0,10,0,0,0,0,0
hHKQF0Fc2aIgegVjbfGX,LE FIVE Paris 18,played,captain,ChIJpVT4_n1u5kcRzji6FdTBXXo,48.8978522&2.3700234,2024-01-26T20:15:00.000Z,60,10,public,true,Détente,4,QvqfWrH7juUUbFEYCTa1EtF3mk13,10,10,3,0,0,0,0
hHbR7UJFYcKfMx2g9dyA,LE FIVE Paris 13,canceled,captain,ChIJ_bOSChhz5kcRZMTeq_6Gdzg,48.8181615&2.3658793,2024-02-04T10:00:00.000Z,90,,private,true,Détente,3,88OhFhGHBxXJ1nUXkKtfGjsptKi2,10,10,0,0,0,0,0
hIKR2rPYFM5RgF68pSfF,Speed Soccer Five,published,pro,ChIJ2xTNglV25kcR3UDi4AXGfDU,48.7360598&2.315058,2024-02-10T16:30:00.000Z,90,10,public,false,,,MkTJljXziPXBdRdijccndMLBNCC3,0,10,0,0,0,0,0
hJ8FS20sfJUC7Aw2K2Oq,LE FIVE Créteil,published,pro,,48.7643086&2.4706522,2024-02-07T16:00:00.000Z,60,7,public,false,,,ZmXMWx7aTdPoPkkGOWa2HIQVblq2,0,10,0,0,0,0,1
hKQ1Qfr0SfnlLuWxW3zW,UrbanSoccer La Défense,canceled,captain,ChIJh4rnfVhk5kcRV2Q-ZKdm8vA,48.8996456&2.2216773,2024-02-04T09:45:00.000Z,90,21,public,true,Compétition,4,VlVkIVnCzNXIsoJTKeeKhhgV3Cl1,9,10,0,0,0,0,0
hNQDfJZQHQwtrmOeAXJq,Stadium Thiais,published,pro,ChIJ64X9jzx05kcRsHvSfOv6UcA,48.7511024&2.3713455,2024-02-05T19:00:00.000Z,90,15,public,false,,,psf3NmXEPwdCltHKJC7VuvJocrF3,0,12,0,0,0,0,2
hNbPEVGIex15antVIRES,UrbanSoccer - Porte d'Aubervilliers,canceled,captain,ChIJ0dXjDCZs5kcRvX0EpMwxsUY,48.9074912&2.3746518,2024-02-08T18:30:00.000Z,90,20,public,true,Détente,4,1HvuEta7hXad71LJsqJzTsiJtL52,8,10,0,0,0,0,0
hO4hddXicIXSjds8fMg8,Stadium Thiais,published,pro,,48.7511024&2.3713455,2024-01-31T14:00:00.000Z,90,8,public,false,,,psf3NmXEPwdCltHKJC7VuvJocrF3,1,10,0,0,0,0,0
hOmW6L2MQDKMzA0uWVmH,LE FIVE Paris 18,published,pro,ChIJpVT4_n1u5kcRzji6FdTBXXo,48.8978522&2.3700234,2024-02-13T10:00:00.000Z,90,8,public,false,,,UQf33jQhVZhle917nO0h7D5qclV2,0,10,0,0,0,0,4
hR5dHq5qWohPeWiQbVAt,Le Street Foot en Salle,published,pro,,49.0164435&2.181307,2024-02-19T14:00:00.000Z,120,10,public,false,,,bsRK7e37BkUbETMq0Tg3lbm8Fao2,0,10,0,0,0,0,0
hT1JOXOGuzp2CeUheM7X,LE FIVE Montreuil,published,pro,,48.8613036&2.4653095,2024-01-21T13:00:00.000Z,90,15,public,false,,,u9uC1vjdcdQ3UqNxI0SiFxor0m43,0,10,0,0,0,0,0
hT86iU5A821TKTsqRE4A,Foot-Max Argenteuil,published,pro,,48.9501632&2.2093946,2024-02-24T13:00:00.000Z,120,16,public,false,,,SuEnyPZ4TgNIkt1yap2yJ3ZHO6p1,0,10,0,0,0,0,0
hVBDnBX0NpfZND0oEc9b,LE FIVE Montreuil,canceled,captain,ChIJJdTQjr0T5kcRZmGxtIJVy44,48.8607303&2.4650432,2024-02-08T19:30:00.000Z,90,16.5,public,false,Compétition,4,O5Xtgn2M4xcy8dQVEhzZ20zUzPU2,6,10,0,0,0,0,0
hVVBZVauQRLRzwFSNU13,Stadium Thiais,published,pro,,48.7511024&2.3713455,2024-03-13T18:00:00.000Z,90,15,public,false,,,psf3NmXEPwdCltHKJC7VuvJocrF3,0,10,0,0,0,0,0
hVz2JGXtDaHOPaKHcSIP,LE FIVE Créteil,played,captain,ChIJ88lx3VwL5kcRVxCh4lD6_Gk,48.7643086&2.4706522,2024-01-25T18:30:00.000Z,60,11,public,false,Détente,2,nwCO7ClwcpduYGwx2LUOmuC5chF2,10,10,8,0,0,0,0
hVzIwUqT6s8mUfwLMYuS,LE PARK Complexe Multisports,played,captain,ChIJMU8gErUJ5kcRSnpvacKwFtM,48.71189589999999&2.5771181,2024-02-05T20:30:00.000Z,90,15,public,false,Détente,,Gx04ZxR4hlda7mFV4XiWZKffbmJ2,10,10,2,0,0,0,1
hWQjPBKD7uRsfRVzIKMm,Play Soccer,published,captain,ChIJQ-UxZn-5rhIRKWoQydM5T9s,43.5512023&1.4098927,2024-02-01T11:30:00.000Z,60,8,public,false,,,8LtkeOuZHeePxfkXdNPmQSr7V9L2,5,10,0,0,0,0,0
hXMmh5HPL0hTrWXJIvc8,LE FIVE Bezons,published,pro,,48.91909&2.2093051,2024-03-13T21:00:00.000Z,90,14,public,false,,,U3MriTZbPbTUEsU6RtRuHxDMKvg2,0,10,0,0,0,0,0
hYcMkTW9OdEbMOOQVJrB,Firefoot,canceled,captain,ChIJ0zSROfj15kcR4l0wrCcYPMk,49.0275342&2.1040185,2024-02-07T18:30:00.000Z,90,13,public,false,Détente,3,WMvRUurJWkUwYw3W4IYIyYT9BOt1,8,10,0,0,0,0,1
hZn6nMpgP6YBMGEQiVsj,UrbanSoccer - Toulouse Montaudran,played,captain,ChIJl772e0u8rhIR2foRX4Xa2CI,43.574642&1.4801835,2024-01-26T20:30:00.000Z,60,10,public,true,Compétition,4,aUXSDToe4ae6IAugvfaWy4b8kuc2,10,10,2,0,0,0,0
hbcTUpLmlmyeTuvIhoxe,Top Ten,published,pro,,48.8729106&2.6840919,2024-02-29T16:00:00.000Z,90,5,public,false,,,i27253AGxOfXgYJK72sBnvUGuMk2,0,10,0,0,0,0,0
hcSHaEUN7N1b1lLvXwnd,Stade Suzanne Lenglen,played,captain,,48.83101689999999&2.272363,2024-02-05T09:45:00.000Z,90,,public,false,Détente,3,NJxBoCMTp6TyjzUGjNXAqxTk2WM2,16,16,12,0,0,0,9
hd3SSZZO13SMnpq4QO04,Monclub Futbol,played,pro,ChIJGbxxaamUyRIRgGvhHnhJStA,43.4299152&5.4001974,2024-01-23T17:00:00.000Z,60,10,public,false,,,CSTy9rmJRQSyWlqWuGiUhGpAGqf2,10,10,3,0,0,0,0
hdZGDoTlyHZPKfVV4d3M,Stadium Thiais,played,pro,,48.7511024&2.3713455,2024-01-21T19:30:00.000Z,90,15,public,false,,,psf3NmXEPwdCltHKJC7VuvJocrF3,10,10,7,0,0,0,5
heogE7OlJNpXvrgP3DKk,Stadium Thiais,published,pro,,48.7511024&2.3713455,2024-02-24T21:00:00.000Z,90,15,public,false,,,psf3NmXEPwdCltHKJC7VuvJocrF3,0,10,0,0,0,0,0
hesUQ4XQppTez92GGGvk,Foot POWER 5,canceled,pro,,48.960066&2.2061913,2024-01-28T20:00:00.000Z,90,10,public,false,,,sss3dYi6nzWd7rEjwcQ30LGKudj1,0,10,0,0,0,0,0
hfQvD9tEe7wQzXRccLRS,Stadium Thiais,published,pro,,48.7511024&2.3713455,2024-03-07T15:00:00.000Z,90,8,public,false,,,psf3NmXEPwdCltHKJC7VuvJocrF3,0,10,0,0,0,0,0
hfUISJhDHzANOxlQxoSy,Foot POWER 5,canceled,pro,,48.960066&2.2061913,2024-02-01T21:30:00.000Z,90,7,public,false,,,sss3dYi6nzWd7rEjwcQ30LGKudj1,0,10,0,0,0,0,0
hfoq77k45MZ2jjAkF65z,Play Soccer,played,captain,ChIJQ-UxZn-5rhIRKWoQydM5T9s,43.5512023&1.4098927,2024-01-25T17:30:00.000Z,90,15,public,false,,,8LtkeOuZHeePxfkXdNPmQSr7V9L2,10,10,2,0,0,0,0
hg5f45mqpEVyT3wBzx9H,Stadium Thiais,published,pro,ChIJ64X9jzx05kcRsHvSfOv6UcA,48.7511024&2.3713455,2024-02-14T17:30:00.000Z,90,14,public,false,,,psf3NmXEPwdCltHKJC7VuvJocrF3,0,10,0,0,0,0,0
hguj9wEL2ptGhslGe0w6,Stadium Thiais,published,pro,,48.7511024&2.3713455,2024-02-28T16:30:00.000Z,90,10,public,false,,,psf3NmXEPwdCltHKJC7VuvJocrF3,0,10,0,0,0,0,0
hhCecfGOVISylcmeewJY,Top Ten,published,pro,ChIJfXprBx4b5kcRmhe-5pLZUek,48.8729106&2.6840919,2024-01-28T21:30:00.000Z,90,15,public,false,,,i27253AGxOfXgYJK72sBnvUGuMk2,2,10,0,0,0,0,0
hiTEUzfAqePV0WYkML7T,Top Ten,published,pro,ChIJfXprBx4b5kcRmhe-5pLZUek,48.8729106&2.6840919,2024-01-21T21:00:00.000Z,90,15,public,false,,,i27253AGxOfXgYJK72sBnvUGuMk2,0,10,0,0,0,0,0
hiZf3pBZt93naUkPGqjM,Game 13 foot indoor,played,captain,ChIJNSDvlsXryRIRUXao9hwB79I,43.41258939999999&5.366617,2024-02-04T19:00:00.000Z,60,10,public,false,Détente,3,tNI5PAPgX0MDq6T4GlwP3d2ndaO2,10,10,5,0,0,0,0
hjaKP6spNbAwkyYEwi5N,LE FIVE Paris 13,published,pro,,48.8181615&2.3658793,2024-02-20T22:00:00.000Z,60,10,public,false,,,FjSnzlRFFfhWVWQJGfIEwRc2ZMj2,0,10,0,0,0,0,0
hk2LpQ6zeA6GWrLSf1Ra,LE FIVE Champigny,canceled,captain,ChIJsXi1PLYN5kcRTVVDuczgS2s,48.8194084&2.5251846,2024-01-28T12:00:00.000Z,60,11,public,false,Détente,,KjmHPgd77XVMkfdfsCxoyga5cMI3,10,10,0,0,0,0,0
hkJqC5dIMxCkL1OJqYew,Soccer Five,published,captain,ChIJp0K53sp55kcR61-WTU8Yv5k,48.7368129&2.2591558,2024-02-17T08:30:00.000Z,90,,public,false,Détente,3,Dohg1zNvhsbmGrYuAmExKFyjruw2,4,10,0,0,0,0,0
hlkI7EQi19BDCIdGAP6F,LE FIVE Bezons,published,pro,,48.91909&2.2093051,2024-02-13T17:00:00.000Z,60,7,public,false,,,U3MriTZbPbTUEsU6RtRuHxDMKvg2,10,10,0,0,0,0,2
hmPQMp5khMdzkeIBgMwe,LE FIVE Paris 18,played,captain,ChIJpVT4_n1u5kcRzji6FdTBXXo,48.8978522&2.3700234,2024-02-10T18:00:00.000Z,90,15,public,true,Détente,3,uPlaWj2xSHMgJEtIo0vOlQu8n2X2,4,10,8,0,0,0,1
hpqgZ0f3bCs0YCr8ERiC,LE FIVE Morangis,played,captain,ChIJA4uAhOXZ5UcRp-vZXZP-ovY,48.692672&2.3192811,2024-02-04T09:30:00.000Z,90,15,public,false,Détente,3,BfVmAwOWU5TC02ZJfbvMeslitCh2,10,10,2,0,0,0,3
hpwn8e8tp1o8FujrimG4,LE FIVE Créteil,published,pro,,48.7643086&2.4706522,2024-02-25T11:00:00.000Z,60,11,public,false,,,ZmXMWx7aTdPoPkkGOWa2HIQVblq2,0,10,0,0,0,0,0
hq8gAEevPDfv5r37Xpgg,UrbanSoccer - Quai d'Ivry,played,captain,ChIJfXxYJ0xy5kcRw9xTkF6-FZQ,48.8199885&2.3936463,2024-01-23T20:15:00.000Z,60,14,public,true,Détente,3,7KCTRqHWpoffyFbx9aJh0HxLRM92,10,10,3,0,0,0,0
hqFCsIkOV1h5D0Uvy2sq,Events Five,played,captain,ChIJf8cSCJG5rhIRoQadPH-wW1U,43.5399703&1.3922897,2024-02-06T18:00:00.000Z,60,9,public,false,Détente,3,r88cZbnzedV2RF1d3PB371hbCog1,10,10,1,0,0,0,0
hsC5uYVfX004kDVgljZp,LE FIVE Créteil,published,pro,,48.7643086&2.4706522,2024-02-21T16:00:00.000Z,60,7,public,false,,,ZmXMWx7aTdPoPkkGOWa2HIQVblq2,0,10,0,0,0,0,0
hsSzTA3l2aB09u3TF10p,Events Five,played,captain,ChIJf8cSCJG5rhIRoQadPH-wW1U,43.5399703&1.3922897,2024-01-22T18:00:00.000Z,60,8,public,false,Détente,,AMEnp6DXr5auGuUEuCYRvdtRzUC2,10,10,2,0,0,0,0
huHGUcPHti9otYHiGYxP,Stadium Thiais,played,pro,,48.7511024&2.3713455,2024-01-28T09:30:00.000Z,90,15,public,false,,,psf3NmXEPwdCltHKJC7VuvJocrF3,10,10,5,0,0,0,2
hwvljMSapBAaF5F7KiAN,UrbanSoccer La Défense,played,captain,ChIJh4rnfVhk5kcRV2Q-ZKdm8vA,48.8996456&2.2216773,2024-02-08T21:00:00.000Z,60,14,public,true,Détente,3,UG23bh92yeTazTzl6luByxrPhHf1,10,10,1,0,0,0,0
hxS2dyoxf9hfs2m9wdqL,Top Ten,published,pro,,48.8729106&2.6840919,2024-02-20T11:00:00.000Z,90,5,public,false,,,i27253AGxOfXgYJK72sBnvUGuMk2,0,10,0,0,0,0,0
hyeLteUixTdrRbxaMU42,UrbanSoccer - Nantes St-Sébastien,published,captain,ChIJAyKrntzoBUgRF09hrORC2nc,47.1902798&-1.4846704,2024-02-09T20:00:00.000Z,90,10,public,true,Détente,3,giYynUtuWZhtdZlbggc6OrUoCsT2,9,10,0,0,0,0,0
hzUXyXHYjp3qVhd08Gb2,LE FIVE Bobigny,published,pro,,48.901553&2.4313304,2024-03-05T17:00:00.000Z,60,8,public,false,,,4owi3i7t8EOvFNF6UQvACOpiDRy1,0,10,0,0,0,0,0
i07zlKB7hGT8e9nezLUC,Stadium Thiais,published,pro,,48.7511024&2.3713455,2024-02-09T15:00:00.000Z,90,8,public,false,,,psf3NmXEPwdCltHKJC7VuvJocrF3,0,10,0,0,0,0,1
i0IHM73Omz4y77721HQi,Foot POWER 5,canceled,pro,,48.960066&2.2061913,2024-01-24T17:00:00.000Z,90,5,public,false,,,sss3dYi6nzWd7rEjwcQ30LGKudj1,0,10,0,0,0,0,0
i2avUS7Ya3aspZUTyhcI,UrbanSoccer - Puteaux,canceled,captain,ChIJM_sC0-Nk5kcRhL1y_EFIje8,48.8836397&2.2312283,2024-02-10T11:30:00.000Z,60,13.5,public,true,Détente,2,twygy8xhx3hdyDfwShTbnaVFqDC2,10,10,0,0,0,0,0
i3uAN6OsDp2cEPRkxxmJ,Top Ten,played,pro,,48.8729106&2.6840919,2024-01-31T16:00:00.000Z,90,5,public,false,,,i27253AGxOfXgYJK72sBnvUGuMk2,10,10,7,0,0,0,6
i4FQOzv8hZfiwckgHPzZ,Stadium Thiais,played,captain,ChIJ64X9jzx05kcRsHvSfOv6UcA,48.7511024&2.3713455,2024-01-27T16:30:00.000Z,90,12,public,false,Compétition,4,qsKXCOmO16PUGSORL48ZZB6JiJD2,12,12,3,0,0,0,0
i7xzJeJzp7XRdxC98uv2,Terrain n°23 du Parc Interdépartemental Des Sports de Choisy,published,captain,ChIJvZZjB3515kcRzK_dHETXJkc,48.7699126&2.4314566,2024-02-01T19:30:00.000Z,90,,public,false,Compétition,4,cJe8pjn4xkTpWqLmezIS1Llbc613,13,14,0,0,0,0,1
i8D9Pqk0DzfRbdwLGyRu,Stadium Thiais,published,pro,,48.7511024&2.3713455,2024-02-08T15:00:00.000Z,90,8,public,false,,,psf3NmXEPwdCltHKJC7VuvJocrF3,0,10,0,0,0,0,0
i8uPA75G1cgUVrFKidAF,Foot POWER 5,canceled,pro,,48.960066&2.2061913,2024-02-27T21:30:00.000Z,90,7,public,false,,,sss3dYi6nzWd7rEjwcQ30LGKudj1,0,10,0,0,0,0,0
iCB56rHZMA4Wm7T20Pyp,Foot-Max Argenteuil,played,captain,ChIJi9oIzaRm5kcRJYcK7QsdRMU,48.9501569&2.2093741,2024-02-02T18:30:00.000Z,60,,public,false,Compétition,5,ARM6pbsX0uYvS3pJMno8oMBZhT92,10,10,2,0,0,0,0
iCazYfj8lQppj5NGUIxZ,Game 13 foot indoor,played,captain,ChIJNSDvlsXryRIRUXao9hwB79I,43.41258939999999&5.366617,2024-02-10T17:00:00.000Z,60,10,public,false,Détente,4,RPwfyrL30dS1yvyJwGrn0z2HgSa2,10,10,5,0,0,0,1
iDUlqpHU6FfdDnOxBro2,UrbanSoccer - Lille Bondues,canceled,captain,ChIJ58ZerMgrw0cR2Jyp7tZjBn4,50.6913774&3.0860264,2024-02-02T21:15:00.000Z,90,5,public,true,Détente,3,p059i8qfxARidCRiafJwefCFvjg1,10,10,0,0,0,0,0
iDpey45fAYq1lOqBB4Gt,Spot FUTSAL,published,captain,ChIJwdUawmfVwkcRaNLo_CmNii0,50.6106345&3.0624494,2024-02-07T11:30:00.000Z,60,8,public,false,Détente,3,ksxbYvJWgrTdEXMGoG02kM46XkW2,7,8,0,0,0,0,0
iEGjkVEv7wEsqwaytpcq,LE FIVE Bobigny,published,pro,,48.901553&2.4313304,2024-02-06T22:00:00.000Z,60,8,public,false,,,4owi3i7t8EOvFNF6UQvACOpiDRy1,0,10,0,0,0,0,0
iETGvRO5KVI3DX5wmcQ0,LE FIVE Sarcelles,played,captain,ChIJ6_q3Fxhq5kcRCpoEwnoXX1Q,48.99782219999999&2.3902225,2024-02-08T19:00:00.000Z,90,10,public,false,Compétition,5,IoAhuD1JDofQbI5j8k8uBsyaRr22,10,10,3,0,0,0,1
iFoh0BWTOBPbBYzaQZgG,Footbox,published,pro,,48.9022789&2.582647,2024-02-19T20:00:00.000Z,60,10,public,false,,,QI89VPazyLhBVnWH871jk4BUEZI3,0,10,0,0,0,0,0
iIa4afj3GXqijuZ4eysq,Plaine des Jeux de Gerland,played,captain,ChIJBYG18IPp9EcRUNpTJFdu8f0,45.7213257&4.8272967,2024-02-08T17:30:00.000Z,90,,public,false,Compétition,3,5USGl81JMWeo3fNqNyx50I6L4992,16,16,4,0,0,0,2
iImXsxiXoHOu7BQAKCqa,LE FIVE Bobigny,published,pro,,48.901553&2.4313304,2024-01-30T22:00:00.000Z,60,8,public,false,,,4owi3i7t8EOvFNF6UQvACOpiDRy1,0,10,0,0,0,0,0
iJ0IF4RbYPvc88vj6CMy,LE FIVE Paris 18,played,captain,ChIJpVT4_n1u5kcRzji6FdTBXXo,48.8978522&2.3700234,2024-01-30T19:00:00.000Z,60,14,public,true,Détente,3,amf7QBEzVPaX2TGHU10bDzpLniq1,10,10,3,0,0,0,1
iJFjqo3dhBnj42YKXqdA,Stadium Thiais,published,pro,,48.7511024&2.3713455,2024-01-21T16:30:00.000Z,90,15,public,false,,,psf3NmXEPwdCltHKJC7VuvJocrF3,0,10,0,0,0,0,2
iJzuMTkwfTuYGgjkPNT1,LE FIVE Bezons,canceled,captain,ChIJ71Mv0Wpk5kcRg-H9x7L-dXo,48.9190524&2.211796,2024-01-25T18:30:00.000Z,60,11,public,true,Détente,2,IoybRcV2brRB2tyvryNz5xNgOal1,1,10,0,0,0,0,2
iLSed6oXxHiiH0pVDk8V,LE FIVE Bezons,published,pro,,48.91909&2.2093051,2024-02-29T21:00:00.000Z,90,14,public,false,,,U3MriTZbPbTUEsU6RtRuHxDMKvg2,0,10,0,0,0,0,0
iLoMlJBwpjMFBjVOk5py,Footbox,published,pro,,48.9022789&2.582647,2024-02-20T18:00:00.000Z,60,10,public,false,,,QI89VPazyLhBVnWH871jk4BUEZI3,0,10,0,0,0,0,0
iMsJgmMJL3m8u9TRoSoL,Footbox,published,pro,,48.9022789&2.582647,2024-02-26T22:00:00.000Z,60,10,public,false,,,QI89VPazyLhBVnWH871jk4BUEZI3,0,10,0,0,0,0,0
iNc3a5z1rikN7kXorJ1W,Kinshasa - Test,published,pro,,-4.3032527&15.310528,2024-02-20T04:00:00.000Z,60,12,public,false,,,zCvsukfMuuffsuPpSTQwb7MusMD2,0,10,0,0,0,0,0
iOBPDPL7lAzHgu2DJbPZ,Foot POWER 5,canceled,pro,,48.960066&2.2061913,2024-03-05T17:00:00.000Z,90,5,public,false,,,sss3dYi6nzWd7rEjwcQ30LGKudj1,0,10,0,0,0,0,0
iPHgaz81SuLRzerGmiqP,Stadium Thiais,published,pro,ChIJ64X9jzx05kcRsHvSfOv6UcA,48.7511024&2.3713455,2024-02-08T21:00:00.000Z,90,14,public,false,,,psf3NmXEPwdCltHKJC7VuvJocrF3,0,10,0,0,0,0,1
iQxWUYutRwakuh37XkWh,Stadium Thiais,published,pro,,48.7511024&2.3713455,2024-02-13T14:00:00.000Z,90,8,public,false,,,psf3NmXEPwdCltHKJC7VuvJocrF3,0,10,0,0,0,0,0
iReBF8Fp1ZHeZlTeeW4n,Foot-Max Argenteuil,hidden,pro,ChIJi9oIzaRm5kcRJYcK7QsdRMU,48.9501632&2.2093946,2024-02-07T20:30:00.000Z,90,12,public,false,,,SuEnyPZ4TgNIkt1yap2yJ3ZHO6p1,0,10,0,0,0,0,1
iRhfcmwvYkLuBwRaZbex,Stadium Thiais,canceled,captain,ChIJ64X9jzx05kcRsHvSfOv6UcA,48.7511024&2.3713455,2024-01-22T21:00:00.000Z,90,14,public,false,Détente,3,0ZjHLSfEApPWXDsKIZKmXshY5lr1,8,10,0,0,0,0,0
iSWsz0jahHIcRZpKPHQB,LE FIVE Paris 18,played,pro,,48.8978522&2.3700234,2024-02-01T21:20:00.000Z,90,10,public,false,,,UQf33jQhVZhle917nO0h7D5qclV2,10,10,2,0,0,0,4
iSxOlWyIJJLfOFNnUAH2,Footbox,published,pro,,48.9022789&2.582647,2024-03-02T22:00:00.000Z,60,10,public,false,,,QI89VPazyLhBVnWH871jk4BUEZI3,0,10,0,0,0,0,0
iU8Mf6LZCvmtiwQi5407,Stadium Thiais,hidden,pro,,48.7511024&2.3713455,2024-02-04T09:30:00.000Z,90,15,public,false,,,psf3NmXEPwdCltHKJC7VuvJocrF3,0,10,0,0,0,0,0
iVlOM0CqzJbtCHKqwLYM,LE FIVE Montreuil,published,pro,,48.8613036&2.4653095,2024-01-30T09:00:00.000Z,60,7,public,false,,,u9uC1vjdcdQ3UqNxI0SiFxor0m43,0,10,0,0,0,0,0
iVmtb4jA3XLNzumXQLCS,Stadium Thiais,published,pro,,48.7511024&2.3713455,2024-02-14T18:00:00.000Z,90,15,public,false,,,psf3NmXEPwdCltHKJC7VuvJocrF3,10,10,0,0,0,0,0
iWSBhmX33pnPxJM4Ry8W,LE FIVE Bezons,canceled,pro,,48.91909&2.2093051,2024-01-28T19:00:00.000Z,90,15,public,false,,,U3MriTZbPbTUEsU6RtRuHxDMKvg2,0,10,0,0,0,0,2
iWYsZAPJZ5N7y39YSnBe,Top Ten,published,pro,ChIJfXprBx4b5kcRmhe-5pLZUek,48.8729106&2.6840919,2024-02-03T11:00:00.000Z,90,15,public,false,,,i27253AGxOfXgYJK72sBnvUGuMk2,0,10,0,0,0,0,0
iZXfiCyZIigDMFnfyQsS,UrbanSoccer - Marne-La-Vallée,canceled,captain,ChIJ6bDBiosP5kcROXiloHzSdhc,48.82658600000001&2.6296937,2024-02-04T17:45:00.000Z,90,15,public,true,Détente,2,gstDTGHq0jXJ8LuITLkwXD81kAp2,8,10,0,0,0,0,0
iZezXvFvzIZvRq2BjqR1,UrbanSoccer - Puteaux,canceled,captain,ChIJM_sC0-Nk5kcRhL1y_EFIje8,48.8836397&2.2312283,2024-02-07T21:30:00.000Z,60,9,public,true,Compétition,,Tdbb5p508dVAW12sHB2CCgEjC1v1,10,10,0,0,0,0,0
icAsTzqxlCOvNXXm5zWu,Footbox,published,pro,,48.9022789&2.582647,2024-03-08T15:00:00.000Z,60,7,public,false,,,QI89VPazyLhBVnWH871jk4BUEZI3,0,10,0,0,0,0,0
icfKsVbNzvav1PlAbtMb,Élite 5 Soccer,canceled,captain,ChIJ5-jfdlZk5kcRYIaELgvikaM,48.9009153&2.2297275,2024-02-10T14:00:00.000Z,60,11.5,public,true,Détente,3,OJknS6xEHQg7gnie3oJA8tPlh953,9,10,0,0,0,0,1
ie4Y7eifkZaItsaAyluG,LE FIVE Bezons,played,captain,ChIJ71Mv0Wpk5kcRg-H9x7L-dXo,48.9190524&2.211796,2024-02-03T17:30:00.000Z,90,13.5,public,true,Compétition,,6jx3qyjJjmd0lpo4579xf33gMXy2,10,10,8,0,0,1,2
iet0xNENr5aoE2VTgkXy,Foot-Max Argenteuil,canceled,captain,ChIJi9oIzaRm5kcRJYcK7QsdRMU,48.9501569&2.2093741,2024-01-21T18:30:00.000Z,90,13,public,false,Détente,5,bct7U44WwmPouhAEndpYWq17IYj1,10,10,0,0,0,0,0
ievXQH7Dlou8WE2TIHJh,LE FIVE Bezons,played,pro,,48.91909&2.2093051,2024-01-30T17:00:00.000Z,60,7,public,false,,,U3MriTZbPbTUEsU6RtRuHxDMKvg2,10,10,4,1,0,0,1
igHU3l4brzjGDHiBwKgn,UrbanSoccer - Lyon Barolles,canceled,captain,ChIJN4l-IC3v9EcRf9QJKIVC_aY,45.6837539&4.7725939,2024-01-24T18:00:00.000Z,90,15,public,true,Chill,2,Qp9TQqYurmZLawR7sVxp7BpA2mJ3,8,10,0,0,0,0,0
ihW3sgBaXo6dAzt9W53Y,Stadium Thiais,played,pro,,48.7511024&2.3713455,2024-01-28T15:00:00.000Z,90,15,public,false,,,psf3NmXEPwdCltHKJC7VuvJocrF3,10,10,7,0,0,0,3
ijm3hoXLryFbDAPQWnbU,LE FIVE Villette,played,captain,ChIJTUFnQjps5kcR0pHITLTw1PI,48.9070122&2.3861459,2024-02-04T18:15:00.000Z,60,12,public,false,Compétition,4,N1sS8BeasBdXbZo48sG5hR7kQ9e2,10,10,1,0,0,0,1
ijnkb8zOF1oHQ7yUFkHu,LE FIVE Paris 18,published,pro,ChIJpVT4_n1u5kcRzji6FdTBXXo,48.8978522&2.3700234,2024-01-28T09:00:00.000Z,90,14,public,false,,,UQf33jQhVZhle917nO0h7D5qclV2,0,10,0,0,0,0,0
ikjDuOnlTySSaZDHgIZg,Foot POWER 5,canceled,pro,,48.960066&2.2061913,2024-02-14T17:00:00.000Z,90,5,public,false,,,sss3dYi6nzWd7rEjwcQ30LGKudj1,0,10,0,0,0,0,0
ilCdBWIFGqO2e8umTYNc,B14 - Sports et Loisirs Indoor,canceled,captain,ChIJaeLKMYXe5UcRHyWJ8X8FaPA,48.62229&2.3800445,2024-02-04T14:00:00.000Z,90,13.5,public,false,Détente,3,QSn7KYYzV9dh5vLzuWQIoRd7lJL2,9,10,0,0,0,0,0
imuoa7Ebk4rhFOwI5WQL,UrbanSoccer - Lille Bondues,canceled,captain,ChIJ58ZerMgrw0cR2Jyp7tZjBn4,50.6913774&3.0860264,2024-01-22T20:00:00.000Z,60,10,public,true,,3,aFdcTXIaVjciZhTCYou5NvLgDT52,6,10,0,0,0,0,0
in73auz6Bz2JKa9Uhyo5,We Are Sports,canceled,captain,ChIJFZU5oBHC9EcRJTFrSkI1xxg,45.7113247&4.8761886,2024-01-24T17:00:00.000Z,60,9.5,public,false,Détente,3,lFM4KEplucZP40nbB6tr9ExDuEA3,12,12,0,0,0,0,1
ion7pQnm3rqWSAw6y7LM,LE FIVE Paris 13,played,captain,ChIJ_bOSChhz5kcRZMTeq_6Gdzg,48.8181615&2.3658793,2024-01-29T19:30:00.000Z,60,14,public,true,Détente,2,hx4rV3vIT6QsB4SQPWuNgLAN40C3,10,10,2,0,0,0,2
ipvP6qOcJKIndoXayWvN,Stadium Thiais,published,pro,ChIJ64X9jzx05kcRsHvSfOv6UcA,48.7511024&2.3713455,2024-02-13T18:00:00.000Z,90,15,public,false,,,psf3NmXEPwdCltHKJC7VuvJocrF3,0,10,0,0,0,0,0
is0zdmvtq99yersRRkRX,Top Ten,published,pro,,48.8729106&2.6840919,2024-02-07T21:30:00.000Z,90,16.5,public,false,,,i27253AGxOfXgYJK72sBnvUGuMk2,0,10,0,0,0,0,0
itTaNc1janPLZmWSpq1D,LE FIVE Montreuil,played,pro,,48.8613036&2.4653095,2024-02-03T17:30:00.000Z,90,15,public,false,,,u9uC1vjdcdQ3UqNxI0SiFxor0m43,10,10,3,0,0,0,2
itf8VQHatlWKcBvIKutz,Foot-Max Argenteuil,published,pro,ChIJi9oIzaRm5kcRJYcK7QsdRMU,48.9501632&2.2093946,2024-02-09T17:00:00.000Z,90,12,public,false,,,SuEnyPZ4TgNIkt1yap2yJ3ZHO6p1,0,10,0,0,0,0,0
iu15NDTtGbevDgZwoWcR,Top Ten,published,pro,,48.8729106&2.6840919,2024-02-28T11:00:00.000Z,90,5,public,false,,,i27253AGxOfXgYJK72sBnvUGuMk2,0,10,0,0,0,0,0
iu1jIBus12RaEa4OYtgu,UrbanSoccer - Porte d'Aubervilliers,played,captain,ChIJ0dXjDCZs5kcRvX0EpMwxsUY,48.9074912&2.3746518,2024-02-03T19:15:00.000Z,60,10.5,public,true,Compétition,3,amHMfBbWcNS4PAlvRqdXMgrrLd83,10,10,2,0,0,0,1
iuM2a8ajIxLvDarQ6xTW,UrbanSoccer La Défense,published,captain,ChIJh4rnfVhk5kcRV2Q-ZKdm8vA,48.8996456&2.2216773,2024-01-28T15:45:00.000Z,90,21.75,public,true,Détente,5,AyVTKxqDMvRn9jEcZWHZeFgHs513,9,10,0,0,0,0,0
iuio8h3XvtBVXY1EnhD4,Game 13 foot indoor,played,captain,ChIJNSDvlsXryRIRUXao9hwB79I,43.41258939999999&5.366617,2024-02-12T19:30:00.000Z,90,13,public,false,Détente,3,fZqqBviIBiSg9OzpFtxc36g9he42,10,10,1,0,0,0,1
iw08SKyDid963LqV5hb4,Foot-Max Argenteuil,canceled,captain,ChIJi9oIzaRm5kcRJYcK7QsdRMU,48.9501569&2.2093741,2024-01-19T22:30:00.000Z,60,10,public,false,,2,Py5U1zPAW3P1oey59LNvnqIv4EH2,1,10,0,0,0,0,0
iwFmmkdm1CzZJI9oW8yG,LE FIVE Montreuil,published,pro,,48.8613036&2.4653095,2024-01-28T08:00:00.000Z,90,15,public,false,,,u9uC1vjdcdQ3UqNxI0SiFxor0m43,0,10,0,0,0,0,0
iwRnX8pNfCz2kEzzByWY,UrbanSoccer - Porte d'Aubervilliers,canceled,captain,ChIJ0dXjDCZs5kcRvX0EpMwxsUY,48.9074912&2.3746518,2024-02-06T19:15:00.000Z,90,20.5,public,true,Détente,3,Ao7R9gMW48ZHLaVEkwrKCs83GLt1,9,10,0,0,0,0,0
iwc2swtDyIXJRv2RCEvh,LE FIVE Montreuil,published,pro,,48.8613036&2.4653095,2024-02-16T22:00:00.000Z,60,8,public,false,,,u9uC1vjdcdQ3UqNxI0SiFxor0m43,0,10,0,0,0,0,0
iy4onY9Z8Tzuke0HCVta,Stadium Thiais,published,pro,,48.7511024&2.3713455,2024-02-01T14:00:00.000Z,90,8,public,false,,,psf3NmXEPwdCltHKJC7VuvJocrF3,0,10,0,0,0,0,0
iyDKliuBWHCLLgmg3P4t,Top Ten,played,pro,,48.8729106&2.6840919,2024-02-01T16:00:00.000Z,90,5,public,false,,,i27253AGxOfXgYJK72sBnvUGuMk2,10,10,9,0,0,0,8
iyJSSawrDpzmmIDRnCZr,LE FIVE Montreuil,published,pro,,48.8613036&2.4653095,2024-01-29T22:00:00.000Z,60,8,public,false,,,u9uC1vjdcdQ3UqNxI0SiFxor0m43,0,10,0,0,0,0,0
iyaCuSrp89pzLM8UdS2O,UrbanSoccer - Asnières,played,captain,ChIJi5LkLT9v5kcRSlhScqEFNWs,48.92192379999999&2.3068311,2024-01-25T18:00:00.000Z,60,13.5,public,true,Compétition,,rDYkT3Wkesf08FlaHx5KMRIUqB82,10,10,2,0,0,0,1
iyfMTy0rm9MwKtBiiMhR,Complexe Sportif de Pins-Justaret,played,captain,ChIJ84eIK4G5rhIRRc5EPziLyKA,43.4785415&1.3899201,2024-01-23T19:00:00.000Z,60,,public,false,Détente,3,javIaCwfJQchcwRbGUIfcRhkhU22,10,10,1,0,0,0,0
izF15tQzzv3zEIMnjMX5,Terrain n°23 du Parc Interdépartemental Des Sports de Choisy,played,captain,ChIJvZZjB3515kcRzK_dHETXJkc,48.7699126&2.4314566,2024-01-20T09:00:00.000Z,90,,public,false,Compétition,3,nqDmr7JaEtS7MOcExYiDn9D4xRB2,16,16,6,0,0,1,1
j09FgCCIXSTJK7TQqcxC,Le Street Foot en Salle,played,captain,ChIJt_AXL6Jg5kcRu6rBmnrmeUM,49.0164435&2.181307,2024-02-07T16:00:00.000Z,90,13,public,false,Détente,2,AnhCATRjGrVgKJv7NPeaD7X2ney2,10,10,0,0,0,0,1
j0AccxsNE4WzuSqXzwgP,LE FIVE Paris 17,played,captain,ChIJ7eI8sFNv5kcR5xy52Wc57NU,48.900032&2.3213449,2024-01-24T21:00:00.000Z,60,5,public,true,Détente,3,g1t2I8M9nReIT8adJnbhnFBggpj1,10,10,2,0,0,0,0
j15HNOqFoxdNZF2pHvns,LE FIVE Paris 13,canceled,captain,ChIJ_bOSChhz5kcRZMTeq_6Gdzg,48.8181615&2.3658793,2024-02-03T11:45:00.000Z,60,13,public,true,Détente,3,Ng8pDjSrG6MVSBWZid7Lv0Yo1Op1,10,10,0,0,0,0,0
j1Dgk3kDzb5ocBUpBCTR,Foot POWER 5,canceled,pro,,48.960066&2.2061913,2024-03-05T20:00:00.000Z,90,7,public,false,,,sss3dYi6nzWd7rEjwcQ30LGKudj1,0,10,0,0,0,0,0
j1RvMWDcZwWr9qqCk1e7,Stadium Thiais,published,captain,ChIJ64X9jzx05kcRsHvSfOv6UcA,48.7511024&2.3713455,2024-01-20T11:30:00.000Z,90,10,public,false,Compétition,3,muGetUSU8BY4F8rbQe6Hq5rQOJi2,9,10,0,0,0,0,0
j1b8PZjanGPu80tT24bq,Cap Loisirs,played,captain,ChIJ6xl7EP2irhIRG2TbDQazLzE,43.64393279999999&1.4791113,2024-01-31T17:30:00.000Z,90,8,public,false,Détente,2,IGpZvMdua4SB7wycMbxGc5KpLHl2,10,10,2,0,0,0,0
j1vDM6PNkHQHR6pn9WdL,LE FIVE Marville - La Courneuve,published,captain,ChIJ2dHdMZxr5kcR0aKYHYsp0pY,48.9364404&2.3869147,2024-01-26T11:00:00.000Z,90,,public,false,Détente,,UQIzgg1tU5hqAmZUUBYY03eXnSA2,6,10,0,0,0,0,0
j2fXs6C31OEuxmz8f72k,LE FIVE Bobigny,published,pro,,48.901553&2.4313304,2024-02-26T17:00:00.000Z,60,8,public,false,,,4owi3i7t8EOvFNF6UQvACOpiDRy1,0,10,0,0,0,0,0
j4HCaXmUb1UZDCndECdK,Speed Soccer Five,published,captain,ChIJ2xTNglV25kcR3UDi4AXGfDU,48.7360598&2.315058,2024-02-01T11:30:00.000Z,60,,public,false,Détente,2,lYNA2QbGrlPuza8zGQGjp0TDWig2,9,10,0,0,0,0,0
j5FpUHTiRNDrdU7EoaLs,Top Ten,published,pro,,48.8729106&2.6840919,2024-02-20T21:30:00.000Z,90,16.5,public,false,,,i27253AGxOfXgYJK72sBnvUGuMk2,0,10,0,0,0,0,0
j5HeJ3rdk4IErBHKtZzO,Stadium Thiais,published,pro,ChIJ64X9jzx05kcRsHvSfOv6UcA,48.7511024&2.3713455,2024-01-21T18:00:00.000Z,90,15,public,false,,,psf3NmXEPwdCltHKJC7VuvJocrF3,0,10,0,0,0,0,1
j5b9hJCs7Pq3LT2lR4SV,Top Ten,published,pro,,48.8729106&2.6840919,2024-02-26T16:00:00.000Z,90,5,public,false,,,i27253AGxOfXgYJK72sBnvUGuMk2,4,10,0,0,0,0,0
j5lLsGdD34FDiY5SIwq9,LE FIVE Créteil,published,pro,,48.7643086&2.4706522,2024-02-06T16:00:00.000Z,60,7,public,false,,,ZmXMWx7aTdPoPkkGOWa2HIQVblq2,0,10,0,0,0,0,0
j6PqVMPiOmfn63mY7zVm,LE FIVE Paris 13,played,captain,ChIJ_bOSChhz5kcRZMTeq_6Gdzg,48.8181615&2.3658793,2024-02-04T17:00:00.000Z,60,14,public,true,Chill,2,5OjiDQJlxcQhZ0vknSYDlKt3YHw2,10,10,2,0,0,0,0
j6hVWp16DsImEQRjLAUw,Stadium Thiais,published,captain,ChIJ64X9jzx05kcRsHvSfOv6UcA,48.7511024&2.3713455,2024-01-21T11:30:00.000Z,90,15,public,false,Détente,1,T0gYd02mAcQ3nFRaDLdSQvaj8WW2,6,12,0,0,0,0,0
j7CGG9C2ymHSYGj7tqVs,LE FIVE Paris 13,played,captain,ChIJ_bOSChhz5kcRZMTeq_6Gdzg,48.8181615&2.3658793,2024-01-20T16:30:00.000Z,60,13,public,true,Détente,2,nYcxoUdCCEWJ8qpy9DtwyRqbmEB3,10,10,2,0,0,0,2
j7EE7lscsh1xtN6DOEDz,LE FIVE Montreuil,published,pro,,48.8613036&2.4653095,2024-03-09T21:00:00.000Z,120,20,public,false,,,u9uC1vjdcdQ3UqNxI0SiFxor0m43,0,10,0,0,0,0,0
j7tGRWqx0o9Hgso7tciF,UrbanSoccer - Toulouse Montaudran,canceled,captain,ChIJl772e0u8rhIR2foRX4Xa2CI,43.574642&1.4801835,2024-01-22T18:00:00.000Z,60,11,public,true,Détente,3,U1n2PGxu7RRLUxVlhHEbZ7kf1QF2,6,10,0,0,0,0,0
j8XgTocKXGjeIDRLQVr1,Centre Sportif Maryse Hilsz,played,captain,ChIJgY6iBYxt5kcRHD7TB4jAHV4,48.8520783&2.4128877,2024-02-06T11:20:00.000Z,150,,private,false,Compétition,5,1Fkzl7JONMQgLkuJEFE1meNaqUI2,16,16,4,0,0,0,2
j8XlcjAyxVuvtxEngAox,Stade Jean Jaurès,played,captain,ChIJZeiwsidk5kcRfr4JxmBG86s,48.9370177&2.2250254,2024-02-03T11:00:00.000Z,120,,public,false,Compétition,4,9RsiW31iSGhaAT8kokv7pIP4bmU2,18,18,13,0,2,0,1
j9GyWgMxnIDvT3RyEktq,Stadium Thiais,published,pro,,48.7511024&2.3713455,2024-01-25T15:00:00.000Z,90,8,public,false,,,psf3NmXEPwdCltHKJC7VuvJocrF3,0,10,0,0,0,0,0
j9KYVqPLC1NWkVo0YOhw,BIG5,played,captain,ChIJsb_7TJFp5kcRSPL5VqZulr4,48.9901429&2.3617895,2024-02-05T19:30:00.000Z,60,10,public,false,Compétition,,aAxTlVFAwGgJFOjck5qyWaNj2FI2,10,10,4,0,0,0,0
j9WAqtvO8q02MZUVHHss,Sport dans la Ville Rhône-Alpes,played,captain,ChIJoUEDcmvr9EcRILCz6hDCQ2o,45.7811703&4.8081568,2024-01-26T18:30:00.000Z,90,10.5,public,false,Détente,3,jIybTcoz4qQodKKdUzBBzeQFuEQ2,10,10,2,0,0,0,1
j9XnvJWaiLjD27UOA0Ko,Stadium Thiais,published,pro,,48.7511024&2.3713455,2024-03-09T13:00:00.000Z,90,12,public,false,,,psf3NmXEPwdCltHKJC7VuvJocrF3,0,10,0,0,0,0,0
j9pW6DqdarTGQdcX4N4T,Sport dans la Ville Rhône-Alpes,played,captain,ChIJoUEDcmvr9EcRILCz6hDCQ2o,45.7811703&4.8081568,2024-02-02T17:30:00.000Z,90,11,public,false,Détente,3,4uPe6492ZjcAwjgjyeJfgClF9lx1,10,10,8,0,0,0,1
jAUbO0m4h0iXstbx0Bqy,UrbanSoccer La Défense,played,captain,ChIJh4rnfVhk5kcRV2Q-ZKdm8vA,48.8996456&2.2216773,2024-01-31T21:00:00.000Z,60,14,public,true,Compétition,3,Pndl4JjXiXMQ6t5zjS4UeIbI9UI3,10,10,5,0,0,0,1
jBFerrecSqvt2gKrOzZ9,UrbanSoccer - Puteaux,played,captain,ChIJM_sC0-Nk5kcRhL1y_EFIje8,48.8836397&2.2312283,2024-02-12T20:00:00.000Z,60,15,public,true,Détente,1,w86XBBkSiUXroD2Dna4GGvjnhtz1,10,10,1,0,0,0,1
jBPqcEzcx1qR6IU9x5Xm,Centre Sportif Hautpoul,published,captain,ChIJ79fuL8Zt5kcRk9e1VH01h_U,48.8847213&2.3874252,2024-02-03T16:45:00.000Z,120,5,public,false,Compétition,,u1d5UxHx7maGj4sc4EU7rDuYr0p2,2,12,0,0,0,0,0
jBnzvTlXFHSOVkvSb4Je,UrbanSoccer La Défense,played,captain,ChIJh4rnfVhk5kcRV2Q-ZKdm8vA,48.8996456&2.2216773,2024-02-02T19:00:00.000Z,60,15,public,true,Chill,4,vQZmIv4IM3cPqh4UyJZxEgLFaU13,10,10,3,0,0,2,4
jBsBlVvUkLRJ0SOdN7h9,Mondial Soccer Martigues,published,captain,ChIJxSxBZ0rmyRIRD43lI6mPqdE,43.40826250000001&5.0265179,2024-01-25T18:30:00.000Z,60,9,public,false,Détente,2,x0nSfGyx5Mdf3Qw93Fa1aNZyv8A2,5,10,0,0,0,0,0
jCD0iKHrItQordFiKwqz,Stade Gilles Joye,played,captain,ChIJw2BPcJnzyRIRLzzgcSTD9TM,43.5744126&5.3446134,2024-02-12T18:00:00.000Z,60,7,public,false,Détente,,uAEut48qBDUb9yI8BZY79qCquMq1,10,10,7,0,0,0,0
jCPzu1wH5YoKhYG3RD6w,LE FIVE Bezons,published,pro,,48.91909&2.2093051,2024-02-20T21:00:00.000Z,90,14,public,false,,,U3MriTZbPbTUEsU6RtRuHxDMKvg2,0,10,0,0,0,0,0
jE8l9YI5zWu1pLZmnzNB,UrbanSoccer - Toulouse Montaudran,played,captain,ChIJl772e0u8rhIR2foRX4Xa2CI,43.574642&1.4801835,2024-02-11T18:00:00.000Z,60,9.5,public,true,Détente,3,avKJSzRSupMiFKc3xCym3DTQFL33,10,10,0,0,0,0,0
jELZCeNQJz2tlBf9NRzt,LE 5 DE LEGENDE,published,captain,ChIJU_aXKN_A9EcRHCY74rI9i4Y,45.7617542&4.9413708,2024-02-13T18:00:00.000Z,60,10,public,false,Compétition,4,HYZnOSOXnShrhj2MfELfmlU6Jbq1,10,10,0,0,0,0,0
jEppl9C8x2OKKseGWXcn,UrbanSoccer Guyancourt,canceled,captain,ChIJmdX-2c-A5kcRj1wtOS8rZmo,48.7722091&2.0600292,2024-02-12T18:30:00.000Z,60,10,private,true,Détente,3,CrOBczekKTQvhnbuUD1E4Hd2so03,10,10,0,0,0,0,0
jHRtKTzSLgDeanuZ0mEM,Stade Municipal Guy Môquet,canceled,captain,ChIJR4npU45w5kcR31mOzMmoOwA,48.8087222&2.2872884,2024-02-12T23:00:00.000Z,120,,public,false,Détente,4,rzC8A0bd4afb9AWrHKlCPT9461y1,13,16,0,0,0,0,0
jIjJEzcYGoRAsggqElu5,Stadium Thiais,published,pro,,48.7511024&2.3713455,2024-02-23T17:00:00.000Z,90,14,public,false,,,psf3NmXEPwdCltHKJC7VuvJocrF3,0,10,0,0,0,0,0
jJqGEzPs5QGUOVzPxrE4,Foot POWER 5,canceled,pro,,48.960066&2.2061913,2024-02-12T17:00:00.000Z,90,5,public,false,,,sss3dYi6nzWd7rEjwcQ30LGKudj1,0,10,0,0,0,0,0
jK27MxvDNMYCI6FicUtA,Stadium Thiais,played,pro,,48.7511024&2.3713455,2024-02-03T10:30:00.000Z,90,12,public,false,,,psf3NmXEPwdCltHKJC7VuvJocrF3,10,10,6,0,0,0,2
jKA8UstiWllOTDRi4OFn,Footbox,published,pro,,48.9022789&2.582647,2024-02-28T18:00:00.000Z,60,10,public,false,,,QI89VPazyLhBVnWH871jk4BUEZI3,0,10,0,0,0,0,0
jKk3dhgXgfad6NA4tdyZ,Top Ten,published,pro,,48.8729106&2.6840919,2024-02-21T16:00:00.000Z,90,5,public,false,,,i27253AGxOfXgYJK72sBnvUGuMk2,10,10,0,0,0,0,1
jMWWzi6r2xPBHsF0f3AS,Footbox,published,pro,,48.9022789&2.582647,2024-02-25T21:00:00.000Z,60,10,public,false,,,QI89VPazyLhBVnWH871jk4BUEZI3,0,10,0,0,0,0,0
jMdiVmFLR8m2UOm62Kzj,UrbanSoccer Evry,played,captain,ChIJW0Ut1G7e5UcRt621n2fRQ5M,48.6286849&2.4066366,2024-02-07T17:00:00.000Z,90,13.5,public,true,Détente,3,ZWHc1yaQG3P2eIUYg2O8O2K4b4N2,10,10,1,0,0,0,0
jNMeezOtzylye3m1YLO3,LE FIVE Paris 17,published,pro,,48.900032&2.3213449,2024-02-21T16:00:00.000Z,60,5,public,false,,,V6mqbc9C8FNa1RQlUupjeoqOsZL2,2,10,0,0,0,0,0
jNbDLgF9lNqDUNeFyMWO,Z5 Aix,played,captain,ChIJKb-U_9KSyRIRKIFKbH5mW18,43.4787869&5.3969048,2024-01-30T19:00:00.000Z,60,11,public,false,Détente,4,GItP5Tx0G2aCA71ZatSaO5uY3DZ2,10,10,4,0,0,0,1
jOjPlV5JoRSJcYBJlI6w,UrbanSoccer - Quai d'Ivry,published,captain,ChIJfXxYJ0xy5kcRw9xTkF6-FZQ,48.8199885&2.3936463,2024-02-14T17:45:00.000Z,60,12.5,public,true,Détente,2,RoMfZif1IwcYJ39Jl7rQC4nGiUz1,7,10,0,0,0,0,0
jQbIlmLcC3QfWzjmTS96,Speed Soccer Five,played,captain,ChIJ2xTNglV25kcR3UDi4AXGfDU,48.7360598&2.315058,2024-02-04T09:30:00.000Z,90,14,public,false,Détente,3,Z5sxx936iZX9hchZEihemmPqYW12,10,10,4,1,0,0,1
jS5mVimlnWFaMXSmDAIm,Foot POWER 5,canceled,pro,,48.960066&2.2061913,2024-02-17T18:30:00.000Z,90,10,public,false,,,sss3dYi6nzWd7rEjwcQ30LGKudj1,0,10,0,0,0,0,0
jSdyLde1bbi5houw9O8K,KIPSTADIUM : Centre de Pratique dédié aux Sports Collectifs,played,captain,ChIJydcoT88ow0cRLnHvlF-Z_jE,50.708529&3.173304,2024-01-30T18:00:00.000Z,60,8,public,false,Détente,3,Zb9502EsYoacYH2RzlDSWSZlMYy2,10,10,2,0,0,0,0
jSluKY9ZUpgGRUCWuws2,Bordeaux Soccer,published,captain,ChIJCRHQufUoVQ0RmXgf8oHOE08,44.8710961&-0.5620394,2024-01-30T11:10:00.000Z,60,2,public,false,Détente,2,oO5QkKY2wPWyzyAApV1jQvr9iHC3,9,10,0,0,0,0,0
jStyPeJ6aHKZSXi50Had,UrbanSoccer - Porte d'Aubervilliers,canceled,captain,ChIJ0dXjDCZs5kcRvX0EpMwxsUY,48.9074912&2.3746518,2024-01-28T12:30:00.000Z,60,7.5,public,true,Détente,,0ULOPK5ImBfpxej91rstBWktcS03,10,10,0,0,0,0,0
jSwIJJXqz9KVw9oyq0zs,Parc des sports des Maisons Rouges,published,captain,ChIJlRgC-MAN5kcRniSfE7KINi8,48.8302193&2.5256499,2024-02-14T14:30:00.000Z,90,,public,false,Détente,3,nCIerBruUxNCAJX6MHa6BkuBSrR2,6,18,0,0,0,0,1
jTqbOp68o12wnigrXfmW,Stadium Thiais,published,pro,,48.7511024&2.3713455,2024-03-08T11:00:00.000Z,60,7,public,false,,,psf3NmXEPwdCltHKJC7VuvJocrF3,0,10,0,0,0,0,0
jUHHc4ZGBzvj6SSRZBrU,LE FIVE Paris 13,published,captain,ChIJ_bOSChhz5kcRZMTeq_6Gdzg,48.8181615&2.3658793,2024-01-31T12:30:00.000Z,60,13,public,true,Chill,3,aUQe2xArUcSZuuTQ6vXzfOFG2Zv2,9,10,0,0,0,0,0
jUJ14uymL0l1VntwRc0i,UrbanSoccer - Marne-La-Vallée,canceled,captain,ChIJ6bDBiosP5kcROXiloHzSdhc,48.82658600000001&2.6296937,2024-02-11T18:30:00.000Z,60,10,public,true,Compétition,3,DVXaUvaR4zPrFICIZA5rLSmonVG2,5,10,0,0,0,0,0
jVnXirVBSGkLI1XAxrHj,"Stade Géo André, La Courneuve",played,captain,ChIJW6kIVABt5kcRSzOJoHMEilE,48.9241944&2.3992965,2024-02-04T07:50:00.000Z,150,,public,false,Détente,3,UsGv9ezU2BPHEVKyWJUd8uCwxBd2,10,10,2,0,0,0,0
jVpsqvq1q23TD8yBe3t4,LE FIVE Montreuil,published,pro,,48.8613036&2.4653095,2024-03-01T16:30:00.000Z,90,11.5,public,false,,,u9uC1vjdcdQ3UqNxI0SiFxor0m43,0,10,0,0,0,0,0
jXMEVN8IBcNsJ3bUJEhk,LE FIVE Carrières-sous-Poissy,canceled,captain,ChIJ9T4fWfyL5kcRCBX-FyZLvEE,48.9469325&2.0233834,2024-01-29T20:30:00.000Z,90,14,public,false,Détente,2,TkPgYN9tBsb1oxMgqzweEteBNcG2,9,10,0,0,0,0,0
jXa3mT2vPcQtA8RuHFFJ,Halle Georges Carpentier,played,captain,ChIJnXkSwCty5kcR-nlHXNFQlg4,48.82020139999999&2.3672361,2024-02-09T11:00:00.000Z,120,,public,false,Compétition,3,kRAf444M3RUd6EWIOWpKVKs78SI2,16,16,14,0,0,0,8
jZaI23HhDscdQDQeNeP0,Play Soccer,played,captain,ChIJQ-UxZn-5rhIRKWoQydM5T9s,43.5512023&1.4098927,2024-01-21T17:00:00.000Z,90,13.5,public,false,,3,9ndPGsv3ksOJZ0heACZG2NFpVq43,10,10,4,0,0,0,1
jaHrFbLtbpBbzmzXorEL,Speed Soccer Five,published,pro,,48.7360598&2.315058,2024-02-22T17:00:00.000Z,90,13,public,false,,,MkTJljXziPXBdRdijccndMLBNCC3,0,10,0,0,0,0,0
jaydIIyQ9T6jKjpnTQWf,Top Ten,canceled,captain,ChIJfXprBx4b5kcRmhe-5pLZUek,48.8729106&2.6840919,2024-01-20T15:00:00.000Z,90,16,public,false,Détente,3,Jo3Z2CdlPXMh4NMnJPc1N8FAa2B3,2,10,0,0,0,0,0
jb28TUloSgPpqzXRZyvL,Top Ten,played,captain,ChIJfXprBx4b5kcRmhe-5pLZUek,48.8729106&2.6840919,2024-01-28T08:00:00.000Z,90,12,public,false,Détente,2,X3rZnkTKKvP3wJS3DTHWae9Z5vg2,12,12,3,0,0,0,1
jbSDfb3cSMVdnq0OHafR,UrbanSoccer - Quai d'Ivry,played,captain,ChIJfXxYJ0xy5kcRw9xTkF6-FZQ,48.8199885&2.3936463,2024-01-21T11:45:00.000Z,60,12.5,public,true,Détente,2,7kXtboMl0GVQtXgQdgc4sSVvYKI2,10,10,2,0,0,0,1
jbTMcCDC9aqXLrT1Nn94,LE FIVE Bezons,played,captain,ChIJ71Mv0Wpk5kcRg-H9x7L-dXo,48.9190524&2.211796,2024-02-07T18:00:00.000Z,90,16.5,public,true,Détente,2,kM0BXqfS7VT2I5wjR7lxSMgru5L2,10,10,0,0,0,0,1
jblkU7W7Geld2UpzKlyx,Footbox,published,pro,,48.9022789&2.582647,2024-02-19T15:00:00.000Z,60,7,public,false,,,QI89VPazyLhBVnWH871jk4BUEZI3,0,10,0,0,0,0,0
jduMNABAxdxPrXX8Z1RW,LE FIVE Paris 18,played,captain,ChIJpVT4_n1u5kcRzji6FdTBXXo,48.8978522&2.3700234,2024-02-01T18:00:00.000Z,60,12,public,true,Chill,3,GCQ9kveKoVYIlYxNaMP5nl4Tmtw2,10,10,0,0,0,0,0
jeEGRAClfnYNi4KzHaoC,Gymnase Rosalind Franklin,canceled,captain,ChIJeUB7Xqlz5kcR_akj6eEkBmk,48.8095385&2.4035959,2024-02-04T11:00:00.000Z,60,12,public,false,Détente,2,lew9uSpD5XZ1ssU57aslTyBtXeX2,7,10,0,0,0,0,0
jgHvPLqWX8W3fR7bGauc,Sport dans la Ville Rhône-Alpes,published,captain,ChIJoUEDcmvr9EcRILCz6hDCQ2o,45.7811703&4.8081568,2024-02-08T19:00:00.000Z,60,,public,false,Détente,3,X15EGE8roSXTWJH59WI4ovCSGw03,8,10,0,0,0,0,0
jgNTkiUJrPQDXRz3FGLM,LE FIVE Paris 13,canceled,captain,ChIJ_bOSChhz5kcRZMTeq_6Gdzg,48.8181615&2.3658793,2024-02-03T12:30:00.000Z,60,10,public,true,Chill,3,aUQe2xArUcSZuuTQ6vXzfOFG2Zv2,9,10,0,0,0,0,0
jhRUHcira7GSHRjgDK6q,Stadium Thiais,played,pro,,48.7511024&2.3713455,2024-01-22T11:00:00.000Z,60,7,public,false,,,psf3NmXEPwdCltHKJC7VuvJocrF3,10,10,8,0,0,0,0
jhSsiyQFrBlI7qkI2kQo,LE FIVE Montreuil,published,pro,,48.8613036&2.4653095,2024-03-12T21:30:00.000Z,90,13.5,public,false,,,u9uC1vjdcdQ3UqNxI0SiFxor0m43,0,10,0,0,0,0,0
jjZ5e2vmzWPVp9f7ic87,We Are Sports,played,captain,ChIJFZU5oBHC9EcRJTFrSkI1xxg,45.7113247&4.8761886,2024-01-30T18:00:00.000Z,60,10,public,false,Détente,,IQOeIlovs9Tmbvdj8zAR8zCJL3d2,12,12,1,0,0,0,0
jkWKDpz5LGVA1Kw75ZEM,Stadium Thiais,published,pro,ChIJ64X9jzx05kcRsHvSfOv6UcA,48.7511024&2.3713455,2024-02-10T15:00:00.000Z,90,12,public,false,,,psf3NmXEPwdCltHKJC7VuvJocrF3,0,10,0,0,0,0,0
jkxfNZeO2NzPx14uYKJm,UrbanSoccer - Toulouse Sept Deniers,canceled,captain,ChIJk5nUBdOkrhIRP-1aUJzo-lA,43.6321552&1.411696,2024-02-10T18:00:00.000Z,60,5,public,true,Compétition,4,DOlPs6BfttWCNTT28mqUqgRujxu2,6,10,0,0,0,0,0
jllGWC8H2VB94iT2mEwP,Centre Sportif Maryse Hilsz,played,captain,ChIJgY6iBYxt5kcRHD7TB4jAHV4,48.8520783&2.4128877,2024-01-30T11:20:00.000Z,150,,private,false,Compétition,5,1Fkzl7JONMQgLkuJEFE1meNaqUI2,16,16,4,0,0,0,0
jnFkC63x0uZhNtr5t284,Stade Foot,played,captain,ChIJ5elUTj5v5kcRECr66en6SlE,48.9297245&2.3063741,2024-01-21T10:00:00.000Z,90,,public,false,,5,9PHJwYTtQNefMhONIHQUDCsvltt2,10,10,4,0,0,0,3
jpKwpyZTcOJNRbegA1mN,Gymnase Raymond Burgard,published,captain,ChIJXWvMzz5w5kcRxt3F8esG5Rg,48.84010360000001&2.3041271,2024-02-04T09:00:00.000Z,120,10,public,false,Détente,3,YN4CLRLyxxe2dbSZBOw9zItt2T93,11,12,0,0,0,0,4
jr9dMzpozywQ1sDGZuBC,UrbanSoccer - Quai d'Ivry,canceled,captain,ChIJfXxYJ0xy5kcRw9xTkF6-FZQ,48.8199885&2.3936463,2024-02-02T18:00:00.000Z,60,13,public,true,Détente,2,h0wpW2m7u0Y8mOBcnpSktCOKdre2,7,10,0,0,0,0,0
jrp0CcHmYWXeRVUbaAOl,We Are Sports,played,captain,ChIJFZU5oBHC9EcRJTFrSkI1xxg,45.7113247&4.8761886,2024-02-07T18:00:00.000Z,60,10,public,false,Détente,2,jnTrDpxKR2ZZNG30ncu5GmrJHBz2,10,10,1,0,0,0,0
jtwGcDLs9hKcfX4LL0JM,UrbanSoccer La Défense,canceled,captain,ChIJh4rnfVhk5kcRV2Q-ZKdm8vA,48.8996456&2.2216773,2024-01-27T11:15:00.000Z,90,10,public,true,Détente,,kM0BXqfS7VT2I5wjR7lxSMgru5L2,10,10,0,0,0,0,0
juJGcNxZ30aR3mdGAIet,Evolution Football,played,captain,ChIJX0YulIi8yRIRnGh62u3UXTQ,43.2836074&5.52356,2024-02-06T18:30:00.000Z,60,9,private,false,Détente,5,Lzo7WogBgXfxjsbuEBGvB9HLjxv1,10,10,9,0,0,0,0
juqiwu8II8FaIWHQW5ct,Stadium Thiais,played,pro,,48.7511024&2.3713455,2024-01-29T21:00:00.000Z,90,14,public,false,,,psf3NmXEPwdCltHKJC7VuvJocrF3,10,10,7,0,0,0,2
jvbFOpuoElojJ1eI6RY5,Stade Élisabeth,canceled,captain,ChIJkXj9tq5x5kcROlxynHzTh9o,48.8207737&2.3270972,2024-01-20T17:00:00.000Z,120,,public,false,Compétition,5,oKfGVfs7dYecPpobKfuTXiuhh8J3,11,14,0,0,0,0,0
jvq2zEwAT4JqyFUyWBHv,LE FIVE Paris 17,published,pro,,48.900032&2.3213449,2024-03-05T16:00:00.000Z,60,5,public,false,,,V6mqbc9C8FNa1RQlUupjeoqOsZL2,0,10,0,0,0,0,0
jxbyeLBpM53wS0E18mDp,FOOT IN FIVE,canceled,captain,ChIJoUR0syFp5kcRUlStnwluaYY,48.9552257&2.3328346,2024-02-08T20:30:00.000Z,90,15,public,false,Détente,2,WOU1Im8UrUf84C6GGDtfyrAM50u1,5,10,0,0,0,0,0
jzTAtmlsDaniY9B9TgAH,UrbanSoccer - Puteaux,played,captain,ChIJM_sC0-Nk5kcRhL1y_EFIje8,48.8836397&2.2312283,2024-01-25T18:30:00.000Z,60,13,public,true,Détente,3,Di12SH11fFXqKGb9vDod5O8JtFB3,10,10,4,0,0,0,0
jzsVkxPShqkCgmQAbLR4,LE FIVE Paris 18,played,pro,,48.8978522&2.3700234,2024-01-26T16:00:00.000Z,60,5,public,false,,,UQf33jQhVZhle917nO0h7D5qclV2,10,10,6,0,0,0,6
k0rfjckW8UPc7zRWNkBB,Stadium Thiais,played,captain,ChIJ64X9jzx05kcRsHvSfOv6UcA,48.7511024&2.3713455,2024-01-26T19:00:00.000Z,90,10,private,false,Détente,,yzYKgIjiBsUDva2PubyLRbruw5q2,8,8,3,0,0,0,0
k0wFEjFGCfOm85vWm2ES,Top Ten,published,pro,,48.8729106&2.6840919,2024-03-07T22:00:00.000Z,90,16.5,public,false,,,i27253AGxOfXgYJK72sBnvUGuMk2,0,10,0,0,0,0,0
k21FpxuRHFGsrmhsH7Bq,LE FIVE Bezons,played,captain,ChIJ71Mv0Wpk5kcRg-H9x7L-dXo,48.9190524&2.211796,2024-01-30T18:00:00.000Z,60,5,public,true,Détente,2,ocgUVgxr5gUugo6sMrODgfUAEkD2,10,10,4,0,0,0,1
k2hP2sfG47rJKk4roUYE,LE FIVE Créteil,played,captain,ChIJ88lx3VwL5kcRVxCh4lD6_Gk,48.7643086&2.4706522,2024-02-02T13:30:00.000Z,90,7.5,public,false,Détente,3,rUzkBHpIJ1YFV4MRQjyiYHl4QMX2,10,10,2,0,0,0,0
k5uQ2quPGZRXj8zi6ou3,LE FIVE Bezons,published,pro,,48.91909&2.2093051,2024-02-23T11:00:00.000Z,90,10,public,false,,,U3MriTZbPbTUEsU6RtRuHxDMKvg2,0,10,0,0,0,0,0
k65Z0XmNOYYTWPiRGQTv,UrbanSoccer - Porte d'Aubervilliers,canceled,captain,ChIJ0dXjDCZs5kcRvX0EpMwxsUY,48.9074912&2.3746518,2024-01-25T19:45:00.000Z,90,22.5,public,true,Détente,5,sa66xCz9OaZseUUq7KPlEDXFeOR2,10,10,0,0,0,0,0
k8MUmUz29x1R85fpgids,Plaine des Jeux de Gerland,played,captain,ChIJBYG18IPp9EcRUNpTJFdu8f0,45.7213257&4.8272967,2024-01-28T08:45:00.000Z,90,,public,false,Compétition,3,5USGl81JMWeo3fNqNyx50I6L4992,16,16,3,0,0,0,1
k8yb9FTnARKSn6AzWzVO,LE FIVE Bobigny,published,pro,,48.901553&2.4313304,2024-03-01T17:00:00.000Z,60,8,public,false,,,4owi3i7t8EOvFNF6UQvACOpiDRy1,0,10,0,0,0,0,0
k9S6Qufalje5H0JIR2jo,LE FIVE Paris 13,played,captain,ChIJ_bOSChhz5kcRZMTeq_6Gdzg,48.8181615&2.3658793,2024-02-10T10:45:00.000Z,60,13,public,true,Détente,3,Ng8pDjSrG6MVSBWZid7Lv0Yo1Op1,10,10,1,0,0,0,1
kA91yHo7hRDeyYXEKXpz,Le Street Foot en Salle,canceled,captain,ChIJt_AXL6Jg5kcRu6rBmnrmeUM,49.0164435&2.181307,2024-02-09T18:00:00.000Z,120,16,public,false,Détente,3,KnmjgH3FzkfYUtFsnaiV39BE5Vu2,6,10,0,0,0,0,0
kBXxeZPY5P9Gn7WWtpqj,Top Ten,published,pro,,48.8729106&2.6840919,2024-03-04T16:00:00.000Z,90,5,public,false,,,i27253AGxOfXgYJK72sBnvUGuMk2,0,10,0,0,0,0,0
kBvU8a0i4QTtCDpwprCU,Football Club de Saint Leu la Forêt,published,captain,,49.00369260000001&2.2487359,2024-01-31T19:15:00.000Z,90,,public,false,Détente,3,IiYp96QKWSUG4ivnY7A33P73HJj1,11,16,0,0,0,0,4
kCePLU93cfGmGp1m0ZVC,LE FIVE Bezons,played,pro,,48.91909&2.2093051,2024-01-24T16:30:00.000Z,90,10.5,public,false,,,U3MriTZbPbTUEsU6RtRuHxDMKvg2,10,10,8,0,0,0,3
kDlXfmlW9e1eOeMM0vxY,UrbanSoccer - Asnières,played,captain,ChIJi5LkLT9v5kcRSlhScqEFNWs,48.92192379999999&2.3068311,2024-01-30T19:50:00.000Z,60,13.5,public,true,Compétition,5,bFg4a6uRt0a6uvuP5ipd6c3p7Rn1,10,10,3,0,0,0,0
kECzcJj9RujV4GvHfITQ,Foot-Max Argenteuil,published,captain,ChIJi9oIzaRm5kcRJYcK7QsdRMU,48.9501569&2.2093741,2024-01-21T13:00:00.000Z,90,12,public,false,Détente,2,gD1stalrCoWBfz3p13JNYqZW3jO2,5,10,0,0,0,0,0
kEq7gIaFK66f7FxPfGgc,Play Soccer,played,captain,ChIJQ-UxZn-5rhIRKWoQydM5T9s,43.5512023&1.4098927,2024-02-11T17:30:00.000Z,90,12,public,false,Détente,3,8LtkeOuZHeePxfkXdNPmQSr7V9L2,10,10,1,0,0,0,0
kFsRUUALAdteHYnQcYbE,Footbox,published,pro,,48.9022789&2.582647,2024-02-26T19:00:00.000Z,60,10,public,false,,,QI89VPazyLhBVnWH871jk4BUEZI3,0,10,0,0,0,0,0
kG2erxjQlpifuuVGVpc3,Monclub Futbol,canceled,pro,ChIJGbxxaamUyRIRgGvhHnhJStA,43.4299152&5.4001974,2024-01-22T18:00:00.000Z,60,10,public,false,,,CSTy9rmJRQSyWlqWuGiUhGpAGqf2,0,10,0,0,0,0,0
kGQU3nLRJdg5vVdWoh8r,UrbanSoccer - Quai d'Ivry,played,captain,ChIJfXxYJ0xy5kcRw9xTkF6-FZQ,48.8199885&2.3936463,2024-02-05T18:15:00.000Z,90,19,public,true,Détente,2,QXoq4H9djtPxuREwepupwzjtRNA2,10,10,0,0,0,0,0
kGpLgDOC4lBQBjyKrlia,LE FIVE Paris 18,published,pro,,48.8978522&2.3700234,2024-03-07T16:00:00.000Z,60,5,public,false,,,UQf33jQhVZhle917nO0h7D5qclV2,0,10,0,0,0,0,0
kHyv7Z4g53fUoSTRNOos,Monclub Futbol,published,captain,ChIJGbxxaamUyRIRgGvhHnhJStA,43.4299152&5.4001974,2024-02-02T20:00:00.000Z,60,10,public,false,Détente,2,CSTy9rmJRQSyWlqWuGiUhGpAGqf2,8,10,0,0,0,0,0
kIUWV7ukZXQrOFNWuZen,Top Ten,canceled,captain,ChIJfXprBx4b5kcRmhe-5pLZUek,48.8729106&2.6840919,2024-02-13T18:30:00.000Z,90,15,public,false,Détente,2,Bo4seHK6ubTPXJNvOxlyb4HDg9i2,9,10,0,0,0,0,1
kIdgWoQFE4EhDv2rn4xQ,Terrain n°23 du Parc Interdépartemental Des Sports de Choisy,canceled,captain,ChIJvZZjB3515kcRzK_dHETXJkc,48.7699126&2.4314566,2024-02-03T09:00:00.000Z,150,,public,false,Compétition,4,nqDmr7JaEtS7MOcExYiDn9D4xRB2,16,16,0,0,0,0,1
kIhoCwVM7HPXhgkBjUrr,Stadium Thiais,published,pro,,48.7511024&2.3713455,2024-01-24T14:00:00.000Z,90,8,public,false,,,psf3NmXEPwdCltHKJC7VuvJocrF3,1,10,0,0,0,0,0
kJUjnEHCvfBbHEqxv5L0,Stadium Thiais,published,pro,ChIJ64X9jzx05kcRsHvSfOv6UcA,48.7511024&2.3713455,2024-02-06T18:30:00.000Z,90,15,public,false,,,psf3NmXEPwdCltHKJC7VuvJocrF3,0,12,0,0,0,0,0
kKcUytt1kNsZBOwc0320,Stadium Thiais,published,pro,ChIJ64X9jzx05kcRsHvSfOv6UcA,48.7511024&2.3713455,2024-01-30T17:00:00.000Z,90,14,public,false,,,psf3NmXEPwdCltHKJC7VuvJocrF3,0,10,0,0,0,0,0
kMAHJDEnUj63RYdNTB5U,Le Street Foot en Salle,published,pro,,49.0164435&2.181307,2024-02-12T14:00:00.000Z,120,10,public,false,,,bsRK7e37BkUbETMq0Tg3lbm8Fao2,0,10,0,0,0,0,1
kNJrXzBpdmfqfW5ausz8,UrbanSoccer - Marne-La-Vallée,played,captain,ChIJ6bDBiosP5kcROXiloHzSdhc,48.82658600000001&2.6296937,2024-01-25T18:45:00.000Z,90,18,public,true,Détente,3,s5DUje8gmcadxAAg4uEqgVX4qQp1,10,10,0,0,0,0,1
kO7dQ3wWYDoGmdF67LJo,STADE PIERRE BOURDAN,played,captain,ChIJlzXk7HLr9EcR8P0J9oTn_Pk,45.7924336&4.8403733,2024-02-11T09:00:00.000Z,120,,public,false,Détente,3,YnKrswmpQaRBkGKXp9RyyigbphC3,16,16,6,0,0,0,2
kOj0n8ffN9ZHw60YEpo6,Stadium Thiais,published,pro,,48.7511024&2.3713455,2024-02-28T18:00:00.000Z,90,15,public,false,,,psf3NmXEPwdCltHKJC7VuvJocrF3,0,10,0,0,0,0,0
kPhqgxfkpZudBe9Hmsw7,LE FIVE Champigny,published,pro,,48.8194084&2.5251846,2024-01-25T17:00:00.000Z,60,11,public,false,,,evlV9mUgATYQ5343zpYZvk4w0r03,0,10,0,0,0,0,1
kSmip0DNLUgnLu5MP9d7,Gymnase Anatole France,canceled,captain,ChIJ67jXNkRv5kcR1f7HoYqWpQA,48.9245548&2.298522,2024-01-26T14:00:00.000Z,90,,public,false,Compétition,4,DuOk90xmAVVZD1YUtUhEOxPlLHX2,4,10,0,0,0,0,2
kTyVa9RbvuKhYicRL8dd,LE FIVE Paris 18,played,pro,ChIJpVT4_n1u5kcRzji6FdTBXXo,48.8978522&2.3700234,2024-01-21T09:00:00.000Z,90,12,public,false,,,UQf33jQhVZhle917nO0h7D5qclV2,10,10,9,0,0,0,2
kVBLVA2I2lsjiYlVh8bj,We Are Sports,played,captain,ChIJFZU5oBHC9EcRJTFrSkI1xxg,45.7113247&4.8761886,2024-02-01T20:00:00.000Z,60,10,public,false,Détente,2,vkCGfEeBnYbOAMKG8BAtK14aVA43,12,12,4,0,0,0,1
kVtMSjYnkm8hVdOiN9SA,Stadium Thiais,canceled,pro,ChIJ64X9jzx05kcRsHvSfOv6UcA,48.7511024&2.3713455,2024-01-31T19:30:00.000Z,90,15,public,false,,,psf3NmXEPwdCltHKJC7VuvJocrF3,6,10,0,0,0,0,0
kXAT82tV8XGbqKI95HII,Stadium Thiais,published,pro,,48.7511024&2.3713455,2024-02-01T15:00:00.000Z,90,8,public,false,,,psf3NmXEPwdCltHKJC7VuvJocrF3,0,10,0,0,0,0,0
kXjbmz5TvfjQ4dPxImSO,Stade Suchet,played,captain,ChIJn_jMprN65kcRf4CiZAaAht4,48.85501319999999&2.2620447,2024-02-08T11:00:00.000Z,90,,public,false,Détente,3,XnvW9brVmuclYXS7MIYBC1ThD8e2,20,20,3,0,0,0,0
kXl4UYBhT2US9usleKjh,LE FIVE Paris 18,played,captain,ChIJpVT4_n1u5kcRzji6FdTBXXo,48.8978522&2.3700234,2024-01-24T17:30:00.000Z,60,,public,true,Détente,3,eVfIwfee1sbKcKwhcIpuszVdnZV2,10,10,4,0,0,0,3
kXtVolqiL2f1RbV8a36U,Game 13 foot indoor,played,captain,ChIJNSDvlsXryRIRUXao9hwB79I,43.41258939999999&5.366617,2024-02-01T18:00:00.000Z,60,10,public,false,Détente,2,tNI5PAPgX0MDq6T4GlwP3d2ndaO2,10,10,2,0,0,0,0
kXum05RxwkZrL1Kz8yPx,Stadium Thiais,published,pro,,48.7511024&2.3713455,2024-02-17T09:30:00.000Z,90,12,public,false,,,psf3NmXEPwdCltHKJC7VuvJocrF3,1,10,0,0,0,0,0
kZL003EA7OXAmgRemziu,LE FIVE Villette,played,captain,ChIJTUFnQjps5kcR0pHITLTw1PI,48.9070122&2.3861459,2024-01-29T19:30:00.000Z,90,18,public,false,Détente,3,X7SknW0NrdfRv1JxdoOD42EHvwv2,10,10,3,0,0,0,1
kZo5DdJExLtmKqnJ5zvY,LE FIVE Paris 18,played,captain,ChIJpVT4_n1u5kcRzji6FdTBXXo,48.8978522&2.3700234,2024-01-26T16:00:00.000Z,60,5,public,true,Détente,3,JaQ3Zpce0VXW29xXgnAx9aSKApJ3,10,10,3,0,0,0,0
kZyZvBmF7xI6KtzUfvPm,Stadium Thiais,canceled,captain,ChIJ64X9jzx05kcRsHvSfOv6UcA,48.7511137&2.3715422,2024-02-07T19:30:00.000Z,90,15,private,false,Détente,,C41uLRu1nXX3sNBhLbABqcipElj2,9,10,0,0,0,0,0
kaQzDKqHg4Six62qw2zZ,UrbanSoccer - Lyon Parilly,played,captain,ChIJx3FQWjLC9EcRrrQb2eV7i_4,45.7120399&4.9039284,2024-01-22T18:15:00.000Z,90,15,private,true,Détente,3,vENMZ1yaZJg7Ie8dtcOnOQInYJh2,10,10,6,0,0,0,0
kaqoZpsFVk1k2ZtPOm1G,Play Soccer,played,captain,ChIJQ-UxZn-5rhIRKWoQydM5T9s,43.5512023&1.4098927,2024-01-28T12:00:00.000Z,60,8,public,false,Compétition,,FTL8x7HcDKdotSu7Ve4etKLD5Bj1,10,10,6,0,0,0,1
kc58XXdKtIg0DdnyQzMf,LE FIVE VITROLLES,published,captain,ChIJi4A-IrHoyRIRunoYLEGNeYI,43.4338497&5.240971399999999,2024-02-13T16:30:00.000Z,60,9,public,false,,2,AGkeTpFrTqfhT2b0mWmOc9YV3y83,10,10,0,0,0,0,0
ke7pX6kimJAx6Ot1Z9Ki,Speed Soccer Five,published,pro,,48.7360598&2.315058,2024-02-23T17:00:00.000Z,90,13,public,false,,,MkTJljXziPXBdRdijccndMLBNCC3,0,10,0,0,0,0,0
kf4owvQ6CtdzIy3sFs4X,UrbanSoccer - Quai d'Ivry,canceled,captain,ChIJfXxYJ0xy5kcRw9xTkF6-FZQ,48.8199885&2.3936463,2024-01-24T18:00:00.000Z,60,,public,true,Détente,2,WfoYoLm85qT9EBCxY2rokJckRZC3,8,10,0,0,0,0,0
kgcNQgmalnIMK5FMkTKf,UrbanSoccer - Lille Bondues,canceled,captain,ChIJ58ZerMgrw0cR2Jyp7tZjBn4,50.6913774&3.0860264,2024-01-26T19:30:00.000Z,60,10,public,true,Chill,,T7SgRJHZK8SzCqXHg4UOQp0uTir2,8,10,0,0,0,0,0
kh2NQ4sdtffPLpOLDcGZ,LE FIVE Bezons,played,pro,,48.91909&2.2093051,2024-02-01T21:00:00.000Z,90,14,public,false,,,U3MriTZbPbTUEsU6RtRuHxDMKvg2,10,10,7,0,0,0,4
kh3g2NvUCjRFAVderF6k,UrbanSoccer - Puteaux,played,captain,ChIJM_sC0-Nk5kcRhL1y_EFIje8,48.8836397&2.2312283,2024-02-08T18:00:00.000Z,60,14.5,public,true,Chill,2,Zm7I4YafVOOiFFM4hN5JjYGih2r1,10,10,3,0,0,0,0
khFWHjGTU0PnSeH8F9Uu,Stadium Thiais,played,pro,,48.7511024&2.3713455,2024-01-27T16:30:00.000Z,90,12,public,false,,,psf3NmXEPwdCltHKJC7VuvJocrF3,10,10,8,0,0,0,0
khLXdHoakAu3WJ0ooUf4,Top Ten,published,pro,,48.8729106&2.6840919,2024-03-04T22:00:00.000Z,90,16.5,public,false,,,i27253AGxOfXgYJK72sBnvUGuMk2,0,10,0,0,0,0,0
khwWNSpOPOnCM3RPqdXR,Stadium Thiais,published,pro,,48.7511024&2.3713455,2024-01-24T16:30:00.000Z,90,10,public,false,,,psf3NmXEPwdCltHKJC7VuvJocrF3,0,10,0,0,0,0,0
kkrUIwBn589s2QAIwGzV,LE FIVE Bezons,published,captain,ChIJ71Mv0Wpk5kcRg-H9x7L-dXo,48.9190524&2.211796,2024-02-13T18:00:00.000Z,60,12,public,true,Détente,3,rozWHJA9MMWn7asaS78B4zaxOgE3,10,10,0,0,0,0,1
kl7QBPmtZOK63F6dHLNo,LE FIVE Paris 18,published,pro,,48.8978522&2.3700234,2024-03-08T16:00:00.000Z,60,5,public,false,,,UQf33jQhVZhle917nO0h7D5qclV2,0,10,0,0,0,0,0
klEzuecBtla6M3NWC6ut,FOOT IN FIVE,canceled,captain,ChIJoUR0syFp5kcRUlStnwluaYY,48.9552257&2.3328346,2024-01-28T18:30:00.000Z,90,15,public,false,Compétition,4,MlMCUQrOsYWMoltYRGFknz0KO3x1,2,10,0,0,0,0,0
klQ6BX3DNGQKx67DrveC,LE FIVE Bordeaux,draft,captain,ChIJteaBh_koVQ0RqH2VtN-qL5I,44.8798631&-0.5594838999999999,2024-01-31T20:30:00.000Z,60,,public,false,,,MR8BxOfeHDY1qWdFvElomq83XJi2,0,0,0,0,0,0,0
kluZaEHKnrCtAZMaLv6v,LE FIVE Créteil,published,pro,,48.7643086&2.4706522,2024-02-08T16:00:00.000Z,60,7,public,false,,,ZmXMWx7aTdPoPkkGOWa2HIQVblq2,0,10,0,0,0,0,0
kmb5CpykoKDrfJAcO3uF,UrbanSoccer La Défense,played,captain,ChIJh4rnfVhk5kcRV2Q-ZKdm8vA,48.8996456&2.2216773,2024-01-21T12:15:00.000Z,60,14,public,true,Détente,2,JbE8P7tb4ZTJT59liqGI6fEXmEA2,10,10,1,0,0,0,1
kmn5KUKBQL0Nz4ZHlTDv,Top Ten,published,pro,,48.8729106&2.6840919,2024-02-01T21:30:00.000Z,90,16.5,public,false,,,i27253AGxOfXgYJK72sBnvUGuMk2,0,10,0,0,0,0,0
knHaNDUhEjryNzBvvnpI,UrbanSoccer La Défense,played,captain,ChIJh4rnfVhk5kcRV2Q-ZKdm8vA,48.8996456&2.2216773,2024-01-20T15:30:00.000Z,60,13.5,public,true,Chill,,9MRoN4rGjlcYvcK2qa7xF0ryANj2,10,10,1,1,0,0,1
knOEZIT9wgMPyLGWmjP6,UrbanSoccer - Puteaux,canceled,captain,,48.8836397&2.2312283,2024-01-29T18:45:00.000Z,60,15,public,true,Compétition,4,oHsSFRzFHOMXKuNnYEuuR6y7FAO2,10,10,0,0,0,0,2
koiseQaQoFqHG3sjjIbM,UrbanSoccer - Lille Bondues,played,captain,ChIJ58ZerMgrw0cR2Jyp7tZjBn4,50.6913774&3.0860264,2024-02-01T18:50:00.000Z,60,10.5,public,true,Compétition,3,vtyy5a1BUYMBKAn3y6kb6XPxf0Y2,10,10,2,0,0,0,0
kot0IeJMmXLGiBAj91H7,Footbox,published,pro,,48.9022789&2.582647,2024-03-06T19:00:00.000Z,60,10,public,false,,,QI89VPazyLhBVnWH871jk4BUEZI3,0,10,0,0,0,0,0
kp3Zp4vKbny1ntmX7ZnV,UrbanSoccer Evry,canceled,captain,,48.6286849&2.4066366,2024-01-30T19:30:00.000Z,90,15,public,true,Compétition,4,oLPDuIoiNaRPJRshKRx6EQzSHzE3,9,10,0,0,0,0,0
kpbiPmqy0ShHM6gGTVtZ,UrbanSoccer - Lille Lezennes,played,captain,ChIJR3ro5nTWwkcRfM_S3Be9HjI,50.6162725&3.0998108,2024-02-12T18:15:00.000Z,60,11.5,public,true,Détente,2,7ebmSrP0nwNVU7ODvfiYVkOxc2r1,10,10,0,0,0,0,1
kpeWUOKlOpI571cWNDCq,Stadium Thiais,published,pro,,48.7511024&2.3713455,2024-03-11T18:00:00.000Z,90,15,public,false,,,psf3NmXEPwdCltHKJC7VuvJocrF3,0,10,0,0,0,0,0
kqFDu4yPJd3qq8CF7CZb,LE FIVE Montreuil,published,pro,,48.8613036&2.4653095,2024-03-05T12:00:00.000Z,60,7,public,false,,,u9uC1vjdcdQ3UqNxI0SiFxor0m43,0,10,0,0,0,0,0
kqSibQ9FOieefrK0vW9G,LE FIVE Bezons,played,pro,,48.91909&2.2093051,2024-02-04T19:00:00.000Z,90,15,public,false,,,U3MriTZbPbTUEsU6RtRuHxDMKvg2,10,10,6,0,0,0,6
kr9nwmtNZD8Vi4tiQ02i,BIG5,played,captain,ChIJsb_7TJFp5kcRSPL5VqZulr4,48.9901429&2.3617895,2024-02-03T12:30:00.000Z,120,18,private,false,Détente,,S7F3G5iuPNWVU8C5aKh1cFebGCA3,10,10,3,0,0,0,0
ksBxqGcpG5mXzTCE7CZU,LE FIVE Paris 18,canceled,captain,ChIJpVT4_n1u5kcRzji6FdTBXXo,48.8978522&2.3700234,2024-01-31T21:30:00.000Z,90,7.5,public,true,Détente,,g1t2I8M9nReIT8adJnbhnFBggpj1,9,10,0,0,0,0,1
ksRxpL6vlbftSM8ZkAqC,Monclub Futbol,played,captain,ChIJGbxxaamUyRIRgGvhHnhJStA,43.4299152&5.4001974,2024-02-08T18:00:00.000Z,60,10,public,false,Détente,3,S9E40Df3gVhdMPUGfSdTb5IlRSm1,10,10,3,0,0,0,0
ksujGZlxN9o0qiZNIy1d,Stadium Thiais,published,pro,ChIJ64X9jzx05kcRsHvSfOv6UcA,48.7511024&2.3713455,2024-02-06T18:00:00.000Z,90,15,public,false,,,psf3NmXEPwdCltHKJC7VuvJocrF3,3,10,0,0,0,0,0
ktWaPWBsgbwTBipU0GZ4,UrbanSoccer - Puteaux,played,captain,ChIJM_sC0-Nk5kcRhL1y_EFIje8,48.8836397&2.2312283,2024-01-27T11:25:00.000Z,60,13,public,true,Détente,3,cdV2RHR98VO037Rf3nQrlu4cOvv1,10,10,0,0,0,0,1
ktcj7Ny2l3M4NTfyDYUZ,Speed Soccer Five,published,pro,,48.7360598&2.315058,2024-02-09T17:00:00.000Z,90,13,public,false,,,MkTJljXziPXBdRdijccndMLBNCC3,0,10,0,0,0,0,0
ku6NV4LcfX5KF2Id1g2s,Top Ten,played,pro,,48.8729106&2.6840919,2024-01-30T16:00:00.000Z,90,5,public,false,,,i27253AGxOfXgYJK72sBnvUGuMk2,10,10,9,0,0,0,3
kvPqB2Fs2v5WwO4MFqg1,Speed Soccer Five,played,captain,ChIJ2xTNglV25kcR3UDi4AXGfDU,48.7360598&2.315058,2024-02-11T17:30:00.000Z,90,14,public,false,Détente,,38n9OHYdOthEZjosrLq2hO3AIfX2,10,10,0,0,0,0,0
kw42akklnMeUX45HWZXW,Stadium Thiais,canceled,captain,ChIJ64X9jzx05kcRsHvSfOv6UcA,48.7511024&2.3713455,2024-01-22T19:30:00.000Z,90,14,public,false,Détente,3,gJjG45E4mrTr1z2IX2fMNyA3YR13,8,10,0,0,0,0,0
kx2KGAAyhl9C2kLL3idi,UrbanSoccer La Défense,canceled,captain,ChIJh4rnfVhk5kcRV2Q-ZKdm8vA,48.8996456&2.2216773,2024-01-25T19:00:00.000Z,60,15,private,true,Détente,2,tADc402LbzNQItwCyfxaRTs36sH2,9,10,0,0,0,0,0
ky11XD1YjgzKiwO52jKA,Events Five,canceled,captain,ChIJf8cSCJG5rhIRoQadPH-wW1U,43.5399703&1.3922897,2024-01-31T18:00:00.000Z,60,9.5,public,false,Détente,3,dnAk8SuzEUMTsYXkQJL6fOKkOYy2,9,10,0,0,0,0,0
kyRtpxHZbTA7H1WqfmuN,Stade Robespierre,canceled,captain,ChIJrSdPdLpk5kcRTIf7gmbAvcU,48.8692482&2.2034218,2024-02-03T13:00:00.000Z,120,2,public,false,Compétition,5,uK7KAxZFpwZeIpiBLR7VWDgp0qF2,4,10,0,0,0,0,0
kyeWDULMxf8sM9MiuUGn,LE FIVE Montreuil,published,pro,,48.8613036&2.4653095,2024-01-23T09:00:00.000Z,60,7,public,false,,,u9uC1vjdcdQ3UqNxI0SiFxor0m43,0,10,0,0,0,0,0
kz8EpvF2LtJQrD1z4DU8,Top Ten,published,pro,,48.8729106&2.6840919,2024-03-12T21:30:00.000Z,90,16.5,public,false,,,i27253AGxOfXgYJK72sBnvUGuMk2,0,10,0,0,0,0,0
kzTJNS49YZTrqkatyQvv,LE FIVE Paris 18,published,pro,,48.8978522&2.3700234,2024-03-13T16:00:00.000Z,60,5,public,false,,,UQf33jQhVZhle917nO0h7D5qclV2,0,10,0,0,0,0,0
kzqAVBpm6e1dF5sczAyd,LE FIVE Montreuil,published,pro,,48.8613036&2.4653095,2024-03-08T16:30:00.000Z,90,11.5,public,false,,,u9uC1vjdcdQ3UqNxI0SiFxor0m43,0,10,0,0,0,0,0
l3d7QquPRfrfjmmHJPcM,Stadium Thiais,published,pro,,48.7511024&2.3713455,2024-03-09T18:00:00.000Z,90,15,public,false,,,psf3NmXEPwdCltHKJC7VuvJocrF3,0,10,0,0,0,0,0
l4njPqvpZj1f4P5hvHGc,Foot POWER 5,canceled,pro,,48.960066&2.2061913,2024-02-20T17:00:00.000Z,90,5,public,false,,,sss3dYi6nzWd7rEjwcQ30LGKudj1,0,10,0,0,0,0,0
l6GNVA2IlH2caHRNOUFo,Stadium Thiais,published,pro,,48.7511024&2.3713455,2024-02-19T18:00:00.000Z,90,15,public,false,,,psf3NmXEPwdCltHKJC7VuvJocrF3,0,10,0,0,0,0,0
l8kvq8Jg9QOd49HjnwZ1,UrbanSoccer - Lille Bondues,played,captain,ChIJ58ZerMgrw0cR2Jyp7tZjBn4,50.6913774&3.0860264,2024-02-08T19:00:00.000Z,60,11.5,public,true,,3,zWb9THu7fZPI9qzfd1yeiqfaqJd2,10,10,0,0,0,0,0
l9p2dmpBMiUtXbpRt5rh,LE FIVE Paris 18,played,captain,ChIJpVT4_n1u5kcRzji6FdTBXXo,48.8978522&2.3700234,2024-02-06T21:00:00.000Z,60,5,public,true,Détente,4,Rr3AS7V02egLsgPCKF7XB6hPl2W2,10,10,8,0,0,0,1
lDYF9c4omIfx0RrF0qIX,Stadium Thiais,published,pro,ChIJ64X9jzx05kcRsHvSfOv6UcA,48.7511024&2.3713455,2024-02-09T18:00:00.000Z,90,15,public,false,,,psf3NmXEPwdCltHKJC7VuvJocrF3,0,10,0,0,0,0,1
lDdrlhLYKOK4LR2MAnYm,Stadium Thiais,published,pro,,48.7511024&2.3713455,2024-03-02T09:30:00.000Z,90,12,public,false,,,psf3NmXEPwdCltHKJC7VuvJocrF3,0,10,0,0,0,0,0
lEo57v9jB7yNFfzzmSuS,Fit'n Soccer,played,captain,ChIJfWQYaM9v6kcR5wfQjFQqpv4,49.6973533&4.918232600000001,2024-01-21T08:00:00.000Z,90,1000,public,false,Compétition,2,zpEAAo6okJdTPHQ0uJUAKoadMWA2,22,22,0,0,0,0,0
lGM0MhnhqdYrqOM5FULj,AS Ermont (Amicale Sportive Ermont),published,captain,ChIJ9y9jk6Nn5kcRnRa4fDjVo-A,48.9952415&2.2504249,2024-01-25T19:00:00.000Z,120,,public,false,Compétition,5,6JXgCR5so6fABA4AmJERaIczAbm1,21,22,0,0,0,0,4
lGMxTlx1XKJENZZbI019,B14 - Sports et Loisirs Indoor,canceled,captain,ChIJaeLKMYXe5UcRHyWJ8X8FaPA,48.62229&2.3800445,2024-02-03T18:00:00.000Z,30,13.5,public,false,Détente,2,VSTvHkjbJ1eE7I4JHZXc9XYveW52,6,10,0,0,0,0,0
lICs9I28KlHDQWKvACGt,LE FIVE Créteil,published,pro,,48.7643086&2.4706522,2024-03-01T16:00:00.000Z,60,7,public,false,,,ZmXMWx7aTdPoPkkGOWa2HIQVblq2,0,10,0,0,0,0,0
lIJxnyDqOEMOU4L0kWsE,Le 13 - Foot en salle - Marseille,played,captain,ChIJR62kUm_ByRIRDnGQqGCeUVQ,43.33370070000001&5.370389599999999,2024-02-06T17:00:00.000Z,60,9,public,false,Détente,3,KljEaksyr0NUprqoSvfc8uatqK72,10,10,1,0,0,0,0
lIkus90mS6bleB8xNuNf,UrbanSoccer - Puteaux,canceled,captain,ChIJM_sC0-Nk5kcRhL1y_EFIje8,48.8836397&2.2312283,2024-02-08T20:00:00.000Z,60,10,public,true,,2,NA7GMvlZOtdqP8Hk07p0AyAEbnh1,10,10,0,0,0,0,1
lJc8s56IKlnSolnmPqiq,UrbanSoccer Meudon,played,captain,ChIJ0WKvjbh75kcRoqSmyWwW2jQ,48.80013599999999&2.2140811,2024-02-10T10:00:00.000Z,60,12,public,true,Détente,3,Ea6M9KaEcEZpJ0TzLdWvWJaUD5t1,10,10,0,0,0,0,0
lLEWDQlZAOhlk8BNmvvS,UrbanSoccer - Asnières,played,captain,ChIJi5LkLT9v5kcRSlhScqEFNWs,48.92192379999999&2.3068311,2024-02-02T17:20:00.000Z,60,11.5,public,true,Détente,3,ecC5LByWdJggB5yfrfSlpWZpQoA3,10,10,2,0,0,0,0
lLTuS4137IW3x4aLzt05,LE PARK Complexe Multisports,published,captain,ChIJMU8gErUJ5kcRSnpvacKwFtM,48.71189589999999&2.5771181,2024-01-21T09:30:00.000Z,90,12.5,public,false,Détente,,83dI1VJ1R5dTabcWXoa1OrdOQAa2,7,10,0,0,0,0,0
lM7xSdcMHjOKtRYXTKs5,Foot POWER 5,canceled,pro,,48.960066&2.2061913,2024-02-10T11:00:00.000Z,60,5,public,false,,,sss3dYi6nzWd7rEjwcQ30LGKudj1,0,10,0,0,0,0,0
lMlHJORg9qCIpzT54B49,FOOT IN FIVE,canceled,captain,ChIJoUR0syFp5kcRUlStnwluaYY,48.9552257&2.3328346,2024-02-09T19:00:00.000Z,90,15,public,false,,3,AQNK8sgUdTUcd8X065FNxiqdHmF3,8,10,0,0,0,0,0
lNTtyOjSCiWYarzBEXsP,Stadium Thiais,played,captain,ChIJ64X9jzx05kcRsHvSfOv6UcA,48.7511024&2.3713455,2024-01-31T19:30:00.000Z,90,15,public,false,Détente,2,emyaA5qYXlQPVKtlRk2BCZ2YKNd2,10,10,1,0,0,0,2
lNavp720GBwsLgRBO5wM,Urban Football Meudon,played,captain,ChIJFeLBC2N75kcRyM1mlEZ3HjM,48.7983594&2.2102561,2024-01-31T18:00:00.000Z,90,15.75,public,false,Détente,3,afKB7yoOkDMtTvgGUnzhf5DvzXs1,14,14,1,0,0,0,0
lOOBBAClj6E6GzYFiGFQ,UrbanSoccer Orsay,played,captain,ChIJpZIJg7J45kcRrKWKhtbfnEQ,48.70829&2.17794,2024-01-21T14:00:00.000Z,90,17,public,true,Détente,3,s1eo4MV4gLdD17mf1RxuRaEJ7612,10,10,0,0,0,0,1
lORBfFiFwLzxvpiiORi6,LE FIVE Bezons,published,pro,,48.91909&2.2093051,2024-02-19T17:00:00.000Z,60,7,public,false,,,U3MriTZbPbTUEsU6RtRuHxDMKvg2,0,10,0,0,0,0,0
lQ3MnLryZrH5iiT72i8n,Monclub Futbol,played,captain,ChIJGbxxaamUyRIRgGvhHnhJStA,43.4299152&5.4001974,2024-02-02T19:00:00.000Z,60,10,public,false,Détente,3,XgMQLOLWkfdQq8BZDtEpH1cah8U2,10,10,0,0,0,0,0
lQ9fLlzNELz56e6cBLWd,Gymnase Japy,published,captain,ChIJjSwEGPZt5kcRwOzDxHPp9SQ,48.855835&2.3820976,2024-02-07T11:00:00.000Z,60,15,public,false,Détente,2,fWGP3ztjvyRqOzVkuH4ktcQZ03s2,5,12,0,0,0,0,0
lQNMJVZJJK1fty5dfsUu,Stadium Thiais,published,pro,,48.7511024&2.3713455,2024-03-04T15:00:00.000Z,90,10,public,false,,,psf3NmXEPwdCltHKJC7VuvJocrF3,0,10,0,0,0,0,0
lQONUyRMYqT3JHALI0LW,Speed Soccer Five,published,pro,,48.7360598&2.315058,2024-03-04T17:00:00.000Z,90,13,public,false,,,MkTJljXziPXBdRdijccndMLBNCC3,0,10,0,0,0,0,0
lR1i1B3DPrZ5mUTHeP7Y,Game 13 foot indoor,played,captain,ChIJNSDvlsXryRIRUXao9hwB79I,43.41258939999999&5.366617,2024-01-23T19:00:00.000Z,60,10,private,false,Détente,2,YRqiIIRIa7WLYzz10t8KebtmcKp1,10,10,9,0,0,0,0
lSPqWuTGDSbu359wuZ1m,Footbox,published,pro,,48.9022789&2.582647,2024-02-26T15:00:00.000Z,60,7,public,false,,,QI89VPazyLhBVnWH871jk4BUEZI3,0,10,0,0,0,0,0
lSXIIL5DSAMa40ttwsOz,Parc Interdépartemental des Sports du Tremblay,published,captain,,48.8281085&2.491365,2024-02-13T15:00:00.000Z,90,,public,false,Compétition,4,OKSK9YmBnhPYPn6fchCcUo9A2Mt2,18,18,0,0,0,0,1
lSay55JFoop6MJqWTAZc,UrbanSoccer - Lille Lezennes,played,captain,ChIJR3ro5nTWwkcRfM_S3Be9HjI,50.6162725&3.0998108,2024-02-11T18:00:00.000Z,120,12.75,public,true,Compétition,3,xR4ED6qRzmg0HreT9TkBwvuQM912,10,10,1,0,0,0,0
lTNWMHqidYFrtTEp8iyk,LE FIVE Paris 18,canceled,captain,ChIJpVT4_n1u5kcRzji6FdTBXXo,48.8978522&2.3700234,2024-01-31T17:00:00.000Z,60,12,public,true,Compétition,,bGe0GfgFHHNHe9EV7kq6ubVhG853,8,10,0,0,0,0,0
lTn2o33J9fMZyMYYVJhy,UrbanSoccer Orsay,played,captain,,48.70829&2.17794,2024-01-22T11:30:00.000Z,60,,public,true,Détente,2,AlnKacg8F5hefef1kJCEBuwGrZT2,10,10,1,0,0,0,0
lVA1mNTOKtAU50JhMGuC,LE FIVE Villette,canceled,captain,ChIJTUFnQjps5kcR0pHITLTw1PI,48.9070122&2.3861459,2024-02-07T17:00:00.000Z,60,8,public,false,Détente,2,YbciA8LAEgMHwsboGv98BIKcums1,6,10,0,0,0,0,0
lWYVw0uU8A0I5xcMWHQb,Top Ten,published,pro,,48.8729106&2.6840919,2024-03-13T21:30:00.000Z,90,16.5,public,false,,,i27253AGxOfXgYJK72sBnvUGuMk2,0,10,0,0,0,0,0
lX48xQyM9ZYFTYLs8wAO,LE FIVE Bezons,published,pro,,48.91909&2.2093051,2024-02-21T21:00:00.000Z,90,14,public,false,,,U3MriTZbPbTUEsU6RtRuHxDMKvg2,0,10,0,0,0,0,0
lX5tqvLloLdDXRaWNLTF,Complexe Sportif Joliot Curie,canceled,captain,ChIJacI3n-Zu5kcRwmiZSPOK5M4,48.9048558&2.3404909,2024-02-09T20:00:00.000Z,90,,public,false,Compétition,4,occ4wdaUe0RoikvBHx6GXqgqZ8E2,13,14,0,0,0,0,0
lXok2pqoNwUXa4I5PSLx,Top Ten,published,pro,ChIJfXprBx4b5kcRmhe-5pLZUek,48.8729106&2.6840919,2024-02-12T15:30:00.000Z,90,5,public,false,,,i27253AGxOfXgYJK72sBnvUGuMk2,0,12,0,0,0,0,0
lY6JoJSItRh5M2miOLiX,LE FIVE Bezons,played,captain,ChIJ71Mv0Wpk5kcRg-H9x7L-dXo,48.9190524&2.211796,2024-02-07T19:00:00.000Z,60,11,public,true,Détente,2,Mh3dYJqqGNcSmx1RufEqZ6m7s4q2,10,10,3,0,0,0,1
lZeaBId1cpeJYrnSTwFN,LE FIVE Paris 18,canceled,captain,ChIJpVT4_n1u5kcRzji6FdTBXXo,48.8978522&2.3700234,2024-02-11T11:00:00.000Z,60,14,public,true,Chill,3,NB6D3hfGSqQ9jWQo3fvkYPEGbiy1,9,10,0,0,0,0,0
lcZXBf07WWKuc1pDdgwo,Game 13 foot indoor,played,captain,ChIJNSDvlsXryRIRUXao9hwB79I,43.41258939999999&5.366617,2024-02-12T18:30:00.000Z,60,10,public,false,Détente,3,tNI5PAPgX0MDq6T4GlwP3d2ndaO2,10,10,0,0,0,0,0
lfeoglLjXaRNZsXrgzId,UrbanSoccer - Toulouse Montaudran,canceled,captain,ChIJl772e0u8rhIR2foRX4Xa2CI,43.574642&1.4801835,2024-02-09T18:00:00.000Z,60,8,public,true,,,kz4gID3e1cY9RfDVkcGnK2fsrOx1,6,10,0,0,0,0,0
lg0x5n8u2nh0eJJjNLi0,LE FIVE VITROLLES,canceled,captain,ChIJi4A-IrHoyRIRunoYLEGNeYI,43.4338497&5.240971399999999,2024-01-29T17:00:00.000Z,60,10,public,false,Détente,2,l41JjGhIMFeMRLcZlbJ1S8zpVXj2,10,10,0,0,0,0,1
lgJ4BOMh10bDJ6XvEiaP,Footsal,played,captain,ChIJa7HS298pw0cRMoVDj0XqVdI,50.6397895&3.1251337,2024-02-08T19:00:00.000Z,60,8,public,false,Détente,3,ydQSvbudLDZHsUN8NFABk8kFyeo2,10,10,10,0,0,0,0
lgiEqgT54Zcn9CjkRObX,UrbanSoccer - Lyon Parilly,draft,captain,ChIJx3FQWjLC9EcRrrQb2eV7i_4,45.7120399&4.9039284,2024-02-07T19:00:00.000Z,60,,public,false,,,GVdaLPxjA6SDWn0FPDlZ3A9mJut2,0,0,0,0,0,0,0
lhUAaYCXLMs0jSIigzan,Stade de Foot André Robert,published,captain,ChIJaYV-Ok4d5kcRxzQr1RiT9DI,48.875595&2.7515223,2024-02-08T20:00:00.000Z,120,,public,false,Détente,3,oHZ6slylkVPuwodkOiA4R831Oyk1,15,16,0,0,0,0,0
lhteQ80fDcXip6rVppnw,Gymnase Thomas Masaryk,played,captain,ChIJS_RiLON55kcR05F__S0vpnc,48.7621267&2.2633816,2024-02-05T19:10:00.000Z,150,,public,false,Détente,3,jlB1qr0PgEXu5m5q7852mvUhCvk1,10,10,3,0,0,0,4
liKOYmpg8JmuiCcSYAt5,UrbanSoccer - Marne-La-Vallée,published,captain,ChIJ6bDBiosP5kcROXiloHzSdhc,48.82658600000001&2.6296937,2024-02-04T11:30:00.000Z,90,12.5,public,true,Détente,,AZW4eE26vCcDavANdPQgOqs70xx2,9,10,0,0,0,0,0
ljOrJ0YE03M0h63wZi5P,Spot FUTSAL,played,captain,ChIJwdUawmfVwkcRaNLo_CmNii0,50.6106345&3.0624494,2024-01-31T18:00:00.000Z,90,10,public,false,Détente,3,lZlBzBjGTHciWjQraOPYPLGQvtk2,10,10,0,0,0,0,0
lkn2rSnfFTfW40Ke8MiC,Parc des Sévines,canceled,captain,ChIJ1-_7SUhv5kcRuFo_vTkcn_c,48.9297768&2.3037282,2024-02-07T19:00:00.000Z,120,,public,false,Chill,4,alKdx0B0bAPF23akKWxXruUtnw43,1,16,0,0,0,0,0
llROpaSVFxeOd7I5AoCW,Foot POWER 5,canceled,pro,,48.960066&2.2061913,2024-03-05T18:30:00.000Z,90,7,public,false,,,sss3dYi6nzWd7rEjwcQ30LGKudj1,0,10,0,0,0,0,0
lnFKWQaodtO23AlqpMWI,Firefoot,played,captain,ChIJ0zSROfj15kcR4l0wrCcYPMk,49.0275342&2.1040185,2024-01-23T19:30:00.000Z,90,13,public,false,Détente,3,zwfmRECwbGhNTC0VyKshdEniWw42,10,10,4,0,0,0,1
lnr495b0ZrQ3cDIjrs5a,Massilia FIVE,published,captain,ChIJxZ6UmMW-yRIR7ot5DChYj4w,43.28920790000001&5.4503802,2024-01-31T18:00:00.000Z,60,10,public,false,Détente,3,mWEaGLECsicukPh2SX6CN4aLXFx2,6,10,0,0,0,0,0
loZLRZ50XX2eNV3CCAIp,Foot POWER 5,canceled,pro,,48.960066&2.2061913,2024-02-13T17:00:00.000Z,90,5,public,false,,,sss3dYi6nzWd7rEjwcQ30LGKudj1,0,10,0,0,0,0,0
lokZCwUCHp4OpIS2JoRB,Stade de la Tour aux Parachutes,played,captain,ChIJbwsrhCpy5kcRca22Pnhr8MU,48.8175176&2.3643354,2024-02-09T15:00:00.000Z,120,,public,false,,,IEU57Q7nmbbkCnloDOZa6y1BGHS2,16,16,12,1,1,5,5
lpy7CNi41YnUj2ohx9P0,Stade Municipal Marcel Calmes,canceled,captain,ChIJC_qK2CjIrhIRowoOHPBnvOk,43.4718791&1.3349558,2024-01-23T11:15:00.000Z,60,,public,false,Détente,3,javIaCwfJQchcwRbGUIfcRhkhU22,4,10,0,0,0,0,0
lq210u1itURZNYtp5rrY,Terrain de Rugby et de football de l'Hippodrome d'Auteuil,played,captain,ChIJCSzecLd65kcR5ZjhyyKieaE,48.84983099999999&2.2554075,2024-01-29T19:20:00.000Z,90,,public,false,Compétition,5,1LDJWrjBcJPRiS8a2m1todvXiJM2,14,14,2,0,0,0,0
lrK6Xgv2R1AXBQu7DMyk,Antony,played,captain,ChIJf8cFRhF35kcR0D6LaMOCCwQ,48.759255&2.302553,2024-01-28T08:15:00.000Z,90,10,public,false,Détente,3,Dohg1zNvhsbmGrYuAmExKFyjruw2,10,10,2,0,0,0,0
lsEHXqDfT7MUi39SqZRe,Stadium Thiais,played,captain,ChIJ64X9jzx05kcRsHvSfOv6UcA,48.7511024&2.3713455,2024-01-31T19:30:00.000Z,90,15,public,false,Compétition,5,OCo4rVohavaNmk1Hghm3U6v7mak2,10,10,3,0,0,0,0
ltBFjviocgHT4rLSMN7W,LE FIVE Bobigny,canceled,pro,,48.901553&2.4313304,2024-02-08T17:00:00.000Z,60,8,public,false,,,4owi3i7t8EOvFNF6UQvACOpiDRy1,0,10,0,0,0,0,0
lv6i9rBSiwaepFEBXbQh,Stadium Thiais,played,pro,,48.7511024&2.3713455,2024-02-06T18:00:00.000Z,90,15,public,false,,,psf3NmXEPwdCltHKJC7VuvJocrF3,10,10,6,0,0,0,0
lvTBxGYN5JODNtUcYPqp,Top Ten,published,pro,,48.8729106&2.6840919,2024-02-13T21:30:00.000Z,90,16.5,public,false,,,i27253AGxOfXgYJK72sBnvUGuMk2,0,10,0,0,0,0,0
lvy2V5qdapKlmOlK7cSk,Foot-Max Argenteuil,published,pro,ChIJi9oIzaRm5kcRJYcK7QsdRMU,48.9501632&2.2093946,2024-02-01T18:00:00.000Z,60,8,public,false,,,SuEnyPZ4TgNIkt1yap2yJ3ZHO6p1,0,10,0,0,0,0,0
lwA6INQ2GzXMAMUfBSG3,Stadium Thiais,published,pro,,48.7511024&2.3713455,2024-01-29T16:30:00.000Z,90,10,public,false,,,psf3NmXEPwdCltHKJC7VuvJocrF3,0,10,0,0,0,0,0
lwPrtYZvXnVjagpxcCmk,LE FIVE Paris 17,canceled,captain,ChIJ7eI8sFNv5kcR5xy52Wc57NU,48.900032&2.3213449,2024-01-23T20:00:00.000Z,60,12,public,true,Détente,3,Hqpi4qTSm0ZPTDJwLvCd2Q7tAC63,9,10,0,0,0,0,0
lxA5pg0WjJSYAKUjZtwu,LE FIVE Bezons,published,captain,ChIJ71Mv0Wpk5kcRg-H9x7L-dXo,48.9190524&2.211796,2024-01-28T16:00:00.000Z,60,10,public,true,Détente,3,IhRIypZc36a5gYXKkxvBrdTcjBb2,9,10,0,0,0,0,0
lyJCLWferWsvPnwxruJU,Events Five,draft,captain,ChIJf8cSCJG5rhIRoQadPH-wW1U,43.5399703&1.3922897,2024-02-01T18:00:00.000Z,60,,public,false,,,PQ9EWncT4TYmXInwjDgHbs76rjX2,0,0,0,0,0,0,0
lynU6fhmazkTKpuAPo2D,Sun Set Soccer,played,captain,ChIJ-2jOt33D9EcRLZL2mS5Gvz4,45.6768927&4.9409477,2024-02-08T18:30:00.000Z,60,10,public,false,Détente,2,c2DZUF3puvTi0hq04XElNGFHknF2,10,10,3,0,0,0,0
lz6pR9F40wzNch78T0Oi,UrbanSoccer La Défense,played,captain,ChIJh4rnfVhk5kcRV2Q-ZKdm8vA,48.8996456&2.2216773,2024-02-09T19:00:00.000Z,90,16,public,true,Détente,2,PSm1I61DB6Ogzln2MYyImRsWEUN2,10,10,2,0,2,0,3
lzw0KLhBZQIGfpZVu1cb,Foot-Max Argenteuil,played,pro,ChIJi9oIzaRm5kcRJYcK7QsdRMU,48.9501632&2.2093946,2024-02-10T16:00:00.000Z,90,12,public,false,,,SuEnyPZ4TgNIkt1yap2yJ3ZHO6p1,10,10,0,0,0,0,0
m109lRirpT7V4LbY5UOz,City stade de la Gravière,canceled,captain,ChIJlWwpFZnt9EcR8KsQCBd5CHQ,45.7315869&4.7791329,2024-01-28T08:45:00.000Z,60,,public,false,Détente,2,w3AnX7uWgJc7BarLiBrWplP1RAV2,5,10,0,0,0,0,0
m1Vz2hVurU25niWPWPLq,LE FIVE Paris 13,canceled,captain,ChIJ_bOSChhz5kcRZMTeq_6Gdzg,48.8181615&2.3658793,2024-02-03T17:30:00.000Z,90,11.5,public,true,Détente,2,o2jV6LybU1Wx5biAwXkQCL6JGJP2,7,10,0,0,0,0,0
m1lLJtS2vxd8olKlUw97,POWER FIVE ( Foot à 5 en intérieur ),canceled,captain,ChIJ6ULNmyh15kcRV9cjbnBjGr8,48.73026429999999&2.4346948,2024-01-27T20:00:00.000Z,90,15,public,false,Compétition,3,GHdcskz31KgtZnEVWHA7jpyTOlo2,8,10,0,0,0,0,0
m1o6WT4pG8pRWkR252fx,Speed Soccer Five,published,pro,,48.7360598&2.315058,2024-02-19T17:00:00.000Z,90,13,public,false,,,MkTJljXziPXBdRdijccndMLBNCC3,0,10,0,0,0,0,0
m1s43BRKf1tUWVAmYYSI,UrbanSoccer La Défense,canceled,captain,ChIJh4rnfVhk5kcRV2Q-ZKdm8vA,48.8996456&2.2216773,2024-02-06T20:45:00.000Z,60,14.5,public,true,Chill,2,4RJBZvLR7dXZSjxN1gDXJoLdszw2,9,10,0,0,0,0,0
m2LIBrUavWBKh0Vat8D5,Footbox,published,pro,,48.9022789&2.582647,2024-02-17T17:00:00.000Z,60,10,public,false,,,QI89VPazyLhBVnWH871jk4BUEZI3,0,10,0,0,0,0,0
m2M0FC5rGjH1X8G3nj97,Stadium Thiais,canceled,captain,ChIJ64X9jzx05kcRsHvSfOv6UcA,48.7511137&2.3715422,2024-02-11T11:00:00.000Z,90,15,public,false,Détente,3,OQGFC1IXUmPziQd5BL6o1kHoOIj2,4,10,0,0,0,0,0
m3CxUxxHzITkciY8975t,UrbanSoccer - Asnières,played,captain,ChIJi5LkLT9v5kcRSlhScqEFNWs,48.92192379999999&2.3068311,2024-01-23T17:30:00.000Z,60,12,public,true,Détente,2,VNADILNC9lapXlN3FzZXo1OIk9o2,10,10,2,0,0,0,1
m4NYfbw5XLfmJaEn7JKk,Foot POWER 5,canceled,pro,,48.960066&2.2061913,2024-02-21T17:00:00.000Z,90,5,public,false,,,sss3dYi6nzWd7rEjwcQ30LGKudj1,0,10,0,0,0,0,0
m4RnMeSHzJgtlrtFqB88,Top Ten,published,pro,,48.8729106&2.6840919,2024-02-04T11:00:00.000Z,90,15,public,false,,,i27253AGxOfXgYJK72sBnvUGuMk2,0,10,0,0,0,0,1
m5LQVkN3g9hDUGSi0e0a,UrbanSoccer Orsay,played,captain,ChIJpZIJg7J45kcRrKWKhtbfnEQ,48.70829&2.17794,2024-01-21T13:30:00.000Z,90,15,public,true,Détente,3,ee1xUgZHOqeY6QdvDARYVOlrzLj2,10,10,2,0,0,0,1
m69XelPQ1LFjdCOmxU30,Play Soccer,canceled,captain,ChIJQ-UxZn-5rhIRKWoQydM5T9s,43.5512023&1.4098927,2024-02-12T18:30:00.000Z,90,13.5,public,false,Détente,3,9ihmjaFkzLah40eTyvwsYUITLXz2,9,10,0,0,0,0,0
m78mHphjXFBefijwG84h,UrbanSoccer La Défense,published,captain,ChIJh4rnfVhk5kcRV2Q-ZKdm8vA,48.8996456&2.2216773,2024-02-09T12:00:00.000Z,60,13,public,true,Compétition,5,7EmW6eGa2ldu2NbZasvRClv9Zcs2,9,10,0,0,0,0,0
m9j2lsp4xwwnJOT7cttG,UrbanSoccer Meudon,canceled,captain,ChIJ0WKvjbh75kcRoqSmyWwW2jQ,48.80013599999999&2.2140811,2024-02-08T20:00:00.000Z,90,17,public,true,Détente,3,4bYlzSvfLEgYWiyH0mjE1sQFnKs1,10,10,0,0,0,0,0
mA2rje8YiRVn1KPNvgLj,Stadium Thiais,played,captain,ChIJ64X9jzx05kcRsHvSfOv6UcA,48.7511137&2.3715422,2024-02-12T15:55:00.000Z,120,10,public,false,Compétition,3,Dohg1zNvhsbmGrYuAmExKFyjruw2,10,10,3,0,0,0,0
mAUP1W62H6OKQeQwarkn,Stadium Thiais,published,pro,,48.7511024&2.3713455,2024-02-08T11:00:00.000Z,60,7,public,false,,,psf3NmXEPwdCltHKJC7VuvJocrF3,9,10,0,0,0,0,2
mAdc28WTTba55AAkld64,LE FIVE Montreuil,canceled,captain,ChIJJdTQjr0T5kcRZmGxtIJVy44,48.8607303&2.4650432,2024-01-20T12:30:00.000Z,90,10,public,false,Détente,2,fLWkaVLVkxZMUVdvAmlCJRiSaEy2,9,10,0,0,0,0,0
mAr73cAjWA5SqAZR2M8y,Monclub Futbol,played,captain,,43.4299152&5.4001974,2024-02-07T18:00:00.000Z,60,10,public,false,Détente,3,7dvCI56J46g8hbZAK5Vctt88IOl1,10,10,1,0,0,0,0
mBFKJi6txYdTNaAQOSYs,LE FIVE Paris 17,played,captain,ChIJ7eI8sFNv5kcR5xy52Wc57NU,48.900032&2.3213449,2024-02-10T12:00:00.000Z,90,15,public,true,,4,7CRCSDUhQgahjgxZSA2O3Nuk6Bl1,10,10,1,0,0,0,0
mBjBl7FVYcCBHIOedZya,LE FIVE Villette,canceled,captain,ChIJTUFnQjps5kcR0pHITLTw1PI,48.9070122&2.3861459,2024-02-07T11:00:00.000Z,60,7,public,false,,3,NRakKOGkhNUBLljC3RVBIgn9IW22,9,10,0,0,0,0,0
mEc64tdSaYm2o2Hwvyfa,LE FIVE Bezons,published,pro,,48.91909&2.2093051,2024-02-27T21:00:00.000Z,90,14,public,false,,,U3MriTZbPbTUEsU6RtRuHxDMKvg2,0,10,0,0,0,0,0
mEpp1BgRLXg5NdzylCWV,UrbanSoccer - Asnières,canceled,captain,,48.92192379999999&2.3068311,2024-02-01T21:30:00.000Z,90,5,public,true,Détente,3,5qq0zfP2PefyCYjpJkx8mg1Dr7B3,9,10,0,0,0,0,0
mF7lN4t3Ovv0lJyvHJqs,Foot POWER 5,canceled,pro,,48.960066&2.2061913,2024-02-17T17:00:00.000Z,90,7,public,false,,,sss3dYi6nzWd7rEjwcQ30LGKudj1,0,10,0,0,0,0,0
mFqIfwsTb0YrSPNz4ewd,LE FIVE Sarcelles,played,captain,ChIJ6_q3Fxhq5kcRCpoEwnoXX1Q,48.99782219999999&2.3902225,2024-02-08T19:00:00.000Z,90,10,public,false,Détente,3,que2ClS9cKaQ76VTIMNVaEEzQlW2,10,10,4,0,0,0,2
mGXZ9wqV2z40soMoFZ3u,Le Street Foot en Salle,played,captain,ChIJt_AXL6Jg5kcRu6rBmnrmeUM,49.0164435&2.181307,2024-02-04T08:45:00.000Z,90,13,public,false,Compétition,4,4MGQj2BCmRQcGdFP1Z2tkYZMYaY2,10,10,1,0,0,0,1
mHEFk0QsP1TG7jDqmVux,F5 Foot Five,published,captain,ChIJjUbM5G7A9EcRW3mlkrhyXxY,45.7857911&4.905926399999999,2024-02-14T20:00:00.000Z,60,10,public,false,Détente,2,fwPW9mVYmwc6QUXMb0k9xFsC7VJ2,10,10,0,0,0,0,0
mHH5IRAi8ZA5285w5StX,Foot POWER 5,canceled,pro,,48.960066&2.2061913,2024-03-03T17:00:00.000Z,90,10,public,false,,,sss3dYi6nzWd7rEjwcQ30LGKudj1,0,10,0,0,0,0,0
mI9FLv46WUgIpE3wmJih,LE FIVE Bobigny,published,pro,,48.901553&2.4313304,2024-02-22T17:00:00.000Z,60,8,public,false,,,4owi3i7t8EOvFNF6UQvACOpiDRy1,0,10,0,0,0,0,0
mIKkBeGxeugITH0Vyw0Z,LE FIVE Villette,canceled,captain,ChIJTUFnQjps5kcR0pHITLTw1PI,48.9070122&2.3861459,2024-02-07T18:00:00.000Z,60,8,public,false,Détente,,YbciA8LAEgMHwsboGv98BIKcums1,7,10,0,0,0,0,0
mIQ7RL4wc3AL3d1Pkk7b,Top Ten,published,pro,,48.8729106&2.6840919,2024-02-13T16:00:00.000Z,90,5,public,false,,,i27253AGxOfXgYJK72sBnvUGuMk2,10,10,0,0,0,0,5
mIkDE5Lys4UMMKxpiKgb,LE FIVE Créteil,played,captain,ChIJ88lx3VwL5kcRVxCh4lD6_Gk,48.7643086&2.4706522,2024-01-20T08:00:00.000Z,60,12,public,false,Compétition,3,mAW2iXnFuaXa4Aicz5BbWxO8WRM2,10,10,0,0,0,0,2
mJcdAngLczAmuSmyw3OB,LE FIVE Sarcelles,published,captain,ChIJ6_q3Fxhq5kcRCpoEwnoXX1Q,48.99782219999999&2.3902225,2024-02-13T19:30:00.000Z,90,10,public,false,Détente,,7zqwIqCe79UpNd8UOOgZeeFEGHg2,10,10,0,0,0,0,0
mKVdUSQ1QmKvJPul8vAj,Footbox,published,pro,,48.9022789&2.582647,2024-03-04T15:00:00.000Z,60,7,public,false,,,QI89VPazyLhBVnWH871jk4BUEZI3,0,10,0,0,0,0,0
mKdfVuSlwTqALuSWZ29j,Stadium Thiais,published,pro,,48.7511024&2.3713455,2024-03-06T18:00:00.000Z,90,15,public,false,,,psf3NmXEPwdCltHKJC7VuvJocrF3,0,10,0,0,0,0,0
mL60trNojy3Iblz9rdJu,Parc de Choisy,played,captain,ChIJ7RWNzpZ05kcRTkknDj8Df-I,48.7664003&2.4305572,2024-02-05T19:00:00.000Z,90,,public,false,Compétition,5,ljBHxHlRB9ZOa1hfRaRBJt484qT2,22,22,1,0,0,0,0
mLBGw11yt5kGBQSUzZME,Stadium Thiais,published,pro,,48.7511024&2.3713455,2024-02-22T21:00:00.000Z,90,14,public,false,,,psf3NmXEPwdCltHKJC7VuvJocrF3,0,10,0,0,0,0,0
mLLLcjlE03dBP29tqUUf,Footbox,published,pro,,48.9022789&2.582647,2024-03-09T17:00:00.000Z,60,10,public,false,,,QI89VPazyLhBVnWH871jk4BUEZI3,0,10,0,0,0,0,0
mLMChxxQp3vXPJoR8WFm,UrbanSoccer - Puteaux,played,captain,ChIJM_sC0-Nk5kcRhL1y_EFIje8,48.8836397&2.2312283,2024-02-02T20:00:00.000Z,60,14,public,true,Détente,,JbE8P7tb4ZTJT59liqGI6fEXmEA2,10,10,1,0,0,0,3
mLphVPG48eL6d2DFAFVL,UrbanSoccer - Asnières,played,captain,ChIJi5LkLT9v5kcRSlhScqEFNWs,48.92192379999999&2.3068311,2024-01-29T22:00:00.000Z,60,9,public,true,Compétition,5,us9asL6E8UUj2F4XrUXMfaQsVvJ3,10,10,2,0,0,0,2
mOhGRek4IskCYO1ko41w,City stade de la Gravière,canceled,captain,ChIJlWwpFZnt9EcR8KsQCBd5CHQ,45.7315869&4.7791329,2024-02-03T09:00:00.000Z,90,,public,false,Détente,,w3AnX7uWgJc7BarLiBrWplP1RAV2,7,10,0,0,0,0,2
mOtL8waddReTprV8oDWm,Lille Football Faubourg de Bethune,played,captain,ChIJgUO_inLVwkcR9OZ3Xp9c_v0,50.62148730000001&3.0386445,2024-01-25T18:30:00.000Z,120,2,public,false,Détente,2,zjy5cuJtnGeiJ4QHpaZDAoTpGUJ2,16,16,6,0,0,0,1
mRyrnxgrXukYGgiSufYA,Stadium Thiais,published,pro,,48.7511024&2.3713455,2024-01-28T21:00:00.000Z,90,15,public,false,,,psf3NmXEPwdCltHKJC7VuvJocrF3,0,10,0,0,0,0,0
mSXUIkHLp321wU3uvFZ8,City KOF,canceled,captain,ChIJ_2pirmlv5kcRTpGJ0UDn1Y8,48.9155954&2.2963072,2024-02-01T11:00:00.000Z,90,,public,false,Détente,2,PL0nw3BiAUhxDJuKc8qZsRazcM23,6,10,0,0,0,0,0
mTIdv3xcchaeqFch8ISW,Foot POWER 5,canceled,pro,,48.960066&2.2061913,2024-02-26T21:30:00.000Z,90,7,public,false,,,sss3dYi6nzWd7rEjwcQ30LGKudj1,0,10,0,0,0,0,0
mTtAsorxgkvQe5EH7oMK,Top Ten,published,pro,ChIJfXprBx4b5kcRmhe-5pLZUek,48.8729106&2.6840919,2024-01-31T19:00:00.000Z,90,16.5,public,false,,,i27253AGxOfXgYJK72sBnvUGuMk2,0,10,0,0,0,0,0
mU0Xb0iQe0V4FD6lLvbU,LE FIVE Paris 18,played,pro,,48.8978522&2.3700234,2024-01-29T16:00:00.000Z,60,5,public,false,,,UQf33jQhVZhle917nO0h7D5qclV2,10,10,8,0,0,0,5
mWrvKoaxZm7aSP22A721,Foot POWER 5,canceled,pro,,48.960066&2.2061913,2024-02-24T17:00:00.000Z,90,7,public,false,,,sss3dYi6nzWd7rEjwcQ30LGKudj1,0,10,0,0,0,0,0
mYYowJ3Hkngep5qVvQA4,Parc de Choisy,played,captain,ChIJ7RWNzpZ05kcRTkknDj8Df-I,48.7664003&2.4305572,2024-01-24T19:45:00.000Z,60,,public,false,Compétition,5,BwSaJB4l1uOZWAw2mFAhqOI9nZA2,10,10,1,0,0,0,3
mc5BOtdhxA3M23NQOEqR,Footbox,published,pro,,48.9022789&2.582647,2024-03-13T18:00:00.000Z,60,10,public,false,,,QI89VPazyLhBVnWH871jk4BUEZI3,0,10,0,0,0,0,0
mcG7qMfOtt9G7EgqNc7X,LE FIVE Bezons,canceled,captain,ChIJ71Mv0Wpk5kcRg-H9x7L-dXo,48.9190524&2.211796,2024-01-20T11:45:00.000Z,60,9,public,true,Compétition,4,itR9Tb0l93fBMx8bTBhhZhiDI9o1,4,10,0,0,0,0,1
md6m4Apkfzy4ixehAP3A,Play Soccer,published,captain,ChIJQ-UxZn-5rhIRKWoQydM5T9s,43.5512023&1.4098927,2024-02-13T20:00:00.000Z,60,10,public,false,,3,d5EYxV2UtnN11dTUFwyazwKhaKl1,6,10,0,0,0,0,0
mdm2tEotmx7hpIPAQRTQ,UrbanSoccer - Porte d'Aubervilliers,played,captain,ChIJ0dXjDCZs5kcRvX0EpMwxsUY,48.9074912&2.3746518,2024-02-07T17:30:00.000Z,60,13,public,true,Détente,3,MaDSP4Kt7qhKzLCKM8v1XqJtNag1,10,10,3,0,0,0,4
meBfrrOjd8aNqrTjmIWN,UrbanSoccer - Toulouse Montaudran,played,captain,ChIJl772e0u8rhIR2foRX4Xa2CI,43.574642&1.4801835,2024-02-02T21:00:00.000Z,60,8,public,true,Détente,,eRHt8BjGIkQ1SZ4gLnrSkVwohlU2,10,10,0,0,0,0,1
mfKCUIBgwpVovH4qlgGt,LE FIVE Bobigny,published,pro,,48.901553&2.4313304,2024-01-22T22:00:00.000Z,60,8,public,false,,,4owi3i7t8EOvFNF6UQvACOpiDRy1,0,10,0,0,0,0,0
mfOzR8vSAUgRaHwqeAL3,Footbox,published,pro,,48.9022789&2.582647,2024-03-11T13:00:00.000Z,60,7,public,false,,,QI89VPazyLhBVnWH871jk4BUEZI3,0,10,0,0,0,0,0
mfrE79eJAGb6Xlq6L2rG,Stadium Thiais,published,pro,,48.7511024&2.3713455,2024-02-17T12:00:00.000Z,90,15,public,false,,,psf3NmXEPwdCltHKJC7VuvJocrF3,0,10,0,0,0,0,0
mg5ZAGiWfB0NAVyBkvHR,OHSPORT,canceled,captain,ChIJHeG9fA4X5kcRbGNzVY5Ud5I,48.9672396&2.5670436,2024-01-24T19:00:00.000Z,90,15,public,false,Compétition,,yRCXuY2xOMTu4MuMb67vgN4uKpq1,5,10,0,0,0,0,0
mgP2gVUkuxLRDz2t110x,Le 13 - Foot en salle - Marseille,canceled,captain,ChIJR62kUm_ByRIRDnGQqGCeUVQ,43.33370070000001&5.370389599999999,2024-02-10T19:30:00.000Z,60,10,public,false,Détente,3,tYE0hxio2uYHYCahKUN7QqZwcbi1,6,10,0,0,0,0,1
mgu97jHZtdGK3Y8si5pN,Game 13 foot indoor,played,captain,ChIJNSDvlsXryRIRUXao9hwB79I,43.41258939999999&5.366617,2024-01-26T20:30:00.000Z,60,10,public,false,Compétition,3,n42Kr45s5FQbazTgs3tATXt5Tgq1,10,10,0,0,0,0,0
mh2IhSBlV7It771bvDaW,Le Mercato FOOT INDOOR,canceled,captain,ChIJzRK7HJy_yRIRqEreyEiAfC0,43.3426654&5.4084961,2024-01-29T16:45:00.000Z,60,10,public,false,,4,BW1Qy9u5d6R1UI6St0iYvcARTbl2,3,10,0,0,0,0,1
mjUWqTXfcaKVC1qdeejV,UrbanSoccer - Puteaux,played,captain,ChIJM_sC0-Nk5kcRhL1y_EFIje8,48.8836397&2.2312283,2024-01-26T18:30:00.000Z,60,13,public,true,Compétition,3,EOGY3s0MXkU1s0wbvfZwpxh2PM93,10,10,3,0,0,0,3
mmNEvVzeM8Wou4yjOm4e,Stade de la Poterne,played,captain,ChIJNX0GHvZ35kcRwSp1zW1FHl8,48.7354688&2.270022,2024-02-11T14:00:00.000Z,90,,public,false,Compétition,,taZD7iFpWZarSI5FcZNlfb9c9nu1,10,10,7,0,0,0,0
mmiN3V9kFTbrcJpONcbh,UrbanSoccer La Défense,played,captain,ChIJh4rnfVhk5kcRV2Q-ZKdm8vA,48.8996456&2.2216773,2024-02-11T15:00:00.000Z,60,13,public,true,Compétition,3,4yonKLK5hdcTTCCfPSMfpt0rHYn1,10,10,4,0,0,0,2
mmiVqr7ojZkDmXMMctPK,Stadium Thiais,played,pro,ChIJ64X9jzx05kcRsHvSfOv6UcA,48.7511024&2.3713455,2024-01-23T18:00:00.000Z,90,15,public,false,,,psf3NmXEPwdCltHKJC7VuvJocrF3,10,10,6,0,1,0,0
mnU0xgVrYXL5Ichj3h6D,Stade Lilian Thuram,played,captain,ChIJy0-vXf9l5kcRH4WAmpihUQE,48.933705&2.2828141,2024-01-28T08:15:00.000Z,150,,public,false,Détente,4,VACWm8ZQBwXzz3nMcuBji92IT8p1,16,16,0,0,0,0,0
mqVx4X86HxmXn6AegAGT,LE FIVE Villette,published,captain,,48.9070122&2.3861459,2024-01-29T18:00:00.000Z,60,12,public,true,Détente,2,ltZxkyljnVZm3foXd5XtuGQVLev1,9,10,0,0,0,0,0
ms0ntj5Jl3UyvA2FAwLt,Stade Des Courtilles,played,captain,ChIJ83HS9ldv5kcR-plMKkHPNTA,48.929137&2.2834726,2024-02-11T17:30:00.000Z,150,,public,false,Compétition,4,362hoymryLViTjqE7fc8aW4jgTm2,14,14,5,0,0,0,0
ms2RBu58C8D9kldWbV7w,Stadium Thiais,published,pro,,48.7511024&2.3713455,2024-03-10T21:00:00.000Z,90,15,public,false,,,psf3NmXEPwdCltHKJC7VuvJocrF3,0,10,0,0,0,0,0
mtMyTU0vl5oyV0HwzS0b,Stadium Thiais,played,pro,,48.7511024&2.3713455,2024-01-26T18:00:00.000Z,90,15,public,false,,,psf3NmXEPwdCltHKJC7VuvJocrF3,10,10,9,0,3,0,5
mu2bLQmqIR5IUJT3eNg2,Footbox,draft,captain,ChIJY-WkusIR5kcR-tEad3UtaSQ,48.9022789&2.582647,2024-01-21T17:00:00.000Z,60,,public,false,,,QCNVQAY71Ef7U7fxgfmYGIUl4nb2,0,0,0,0,0,0,0
munmGHBCZ7Ue3ChGsO0k,UrbanSoccer Meudon,played,captain,ChIJ0WKvjbh75kcRoqSmyWwW2jQ,48.8001204&2.2140771,2024-01-31T20:30:00.000Z,90,15,public,true,Détente,3,SEtmCWG4hpdCJdWKljNFyCfzdZ03,10,10,1,0,0,0,0
mxsIr9FybeQ3aAkCyKJe,LE FIVE Paris 18,played,captain,ChIJpVT4_n1u5kcRzji6FdTBXXo,48.8978522&2.3700234,2024-01-30T18:00:00.000Z,60,14,public,true,Détente,2,WWgd2I51SHRZaKyr7sQy8MVgXCY2,10,10,1,0,0,0,0
myEy1I03F81MP3Va5RUo,Complexe sportif de l'île des Vannes,canceled,captain,ChIJTZWfSNNv5kcRmHP3Tz0AJ6A,48.9188419&2.3245603,2024-01-28T15:45:00.000Z,120,,public,false,Détente,4,Csrh8EMzKaZCCcCZeEhs2tGGZRr1,11,16,0,0,0,0,1
myrWtaQypcenRlXqvriL,Footbox,published,pro,,48.9022789&2.582647,2024-03-08T14:00:00.000Z,60,7,public,false,,,QI89VPazyLhBVnWH871jk4BUEZI3,0,10,0,0,0,0,0
mzwOzj0m080HJ3TpXu9z,LE FIVE Paris 13,canceled,pro,ChIJ_bOSChhz5kcRZMTeq_6Gdzg,48.8181615&2.3658793,2024-01-28T03:00:00.000Z,60,10,public,false,,,FjSnzlRFFfhWVWQJGfIEwRc2ZMj2,0,10,0,0,0,0,0
n0QFuEaNt8yIgWU1Gq4c,Footbox,published,pro,,48.9022789&2.582647,2024-03-11T21:00:00.000Z,60,10,public,false,,,QI89VPazyLhBVnWH871jk4BUEZI3,0,10,0,0,0,0,0
n0sRkKYy5Tne46dJh9FG,STADIUM FOOT 5 VILLAGE,canceled,captain,ChIJbbOWFtC4yRIR0WXVerbWmnE,43.269413&5.4260321,2024-02-08T20:00:00.000Z,60,10,public,false,Détente,3,MKjoGJESIIfNKw5sH93VODBuvLv2,6,10,0,0,0,0,0
n1HJv4TvOqrKrj35wj2j,Foot POWER 5,canceled,pro,,48.960066&2.2061913,2024-01-30T20:00:00.000Z,90,7,public,false,,,sss3dYi6nzWd7rEjwcQ30LGKudj1,0,10,0,0,0,0,0
n1cPcV8vaqOSWRMtSWil,OHSPORT,played,captain,ChIJHeG9fA4X5kcRbGNzVY5Ud5I,48.9672396&2.5670436,2024-01-28T15:30:00.000Z,90,15,private,false,,3,K6fWpPp6bIaaC2XqyCrNfDOKimZ2,10,10,0,0,0,0,0
n1ofoBFXm2XSjeA2ncie,UrbanSoccer - Porte d'Aubervilliers,played,captain,ChIJ0dXjDCZs5kcRvX0EpMwxsUY,48.9074912&2.3746518,2024-02-11T08:30:00.000Z,90,15,public,true,Détente,3,C0gV3IxNmJgyeAVFzT4pTujpwuB2,10,10,1,0,0,0,0
n2Etdw6Cm2dwoAH8Fc9Y,Stadium Thiais,played,pro,ChIJ64X9jzx05kcRsHvSfOv6UcA,48.7511024&2.3713455,2024-01-26T18:00:00.000Z,90,15,public,false,,,psf3NmXEPwdCltHKJC7VuvJocrF3,10,10,9,0,0,0,5
n3W8yYt8YFntrXMbn3RJ,Arena Club,published,captain,ChIJeWJWRjYvw0cRbnJR4ZXAKMA,50.7696017&3.1236104,2024-02-13T18:15:00.000Z,60,8.5,public,false,Détente,3,gYtFqSj0PydNaTTSfkvDaSMqvqc2,6,10,0,0,0,0,0
n3yT6xLmBnTkNQpG2g3L,Plaine des Jeux de Gerland,published,captain,ChIJBYG18IPp9EcRUNpTJFdu8f0,45.7213257&4.8272967,2024-02-07T17:30:00.000Z,90,,public,false,Compétition,3,5USGl81JMWeo3fNqNyx50I6L4992,6,16,0,0,0,0,0
n4OKHENrb6paUdCNuc42,Top Ten,published,pro,,48.8729106&2.6840919,2024-02-15T22:00:00.000Z,90,16.5,public,false,,,i27253AGxOfXgYJK72sBnvUGuMk2,0,10,0,0,0,0,0
n53WeicnkmEmib6JuDE3,LE FIVE Paris 18,published,pro,,48.8978522&2.3700234,2024-01-23T21:20:00.000Z,90,10,public,false,,,UQf33jQhVZhle917nO0h7D5qclV2,0,10,0,0,0,0,1
n5ecznYJ01GR1jrWGmK5,Cité des Sports,canceled,captain,ChIJ70UPf6R75kcRGb3NAV9k7Ww,48.8247744&2.2650728,2024-02-04T13:00:00.000Z,60,13,public,false,Détente,3,jE92HpRp0iNEvDzc98Jh3F9dkAi1,7,10,0,0,0,0,0
n67Eim2wl6wVQoTrFeHf,UrbanSoccer - Lille Lezennes,published,captain,ChIJR3ro5nTWwkcRfM_S3Be9HjI,50.6162725&3.0998108,2024-01-31T17:30:00.000Z,60,9,public,true,Détente,2,KoMMspPpOrQB6lklhBjC6eSYPZp2,4,10,0,0,0,0,0
n799dkUnphrQawfYbqgY,Top Ten,published,pro,,48.8729106&2.6840919,2024-02-07T22:00:00.000Z,90,16.5,public,false,,,i27253AGxOfXgYJK72sBnvUGuMk2,0,10,0,0,0,0,0
n7ANRuj1Q8Q4rt2ARPe6,Top Ten,published,pro,ChIJfXprBx4b5kcRmhe-5pLZUek,48.8729106&2.6840919,2024-02-11T17:00:00.000Z,90,15,public,false,,,i27253AGxOfXgYJK72sBnvUGuMk2,0,10,0,0,0,0,0
n7UfubdWmxPgxC9YQ3F1,Stadium Antibes,published,captain,ChIJSSGxg-PUzRIRblID9ACQndc,43.6121609&7.122323,2024-01-20T10:00:00.000Z,90,10.5,public,false,Détente,3,p19qKNMksiYXrahCuiOVu7DOFc12,6,10,0,0,0,0,0
n9T0OqVzZ3pYFW0geo9D,UrbanSoccer La Défense,played,captain,ChIJh4rnfVhk5kcRV2Q-ZKdm8vA,48.8996456&2.2216773,2024-02-04T13:30:00.000Z,60,14.5,public,true,Détente,4,vXtI2jCnS1heSQPibELRoZDpivY2,10,10,4,1,0,0,1
nApTPzBDJBJCuobIPneX,Footbox,published,pro,,48.9022789&2.582647,2024-03-08T18:00:00.000Z,60,10,public,false,,,QI89VPazyLhBVnWH871jk4BUEZI3,0,10,0,0,0,0,0
nAwIRXERctBwcVjJymlY,Stadium Thiais,played,pro,ChIJ64X9jzx05kcRsHvSfOv6UcA,48.7511024&2.3713455,2024-01-20T19:30:00.000Z,90,15,public,false,,,psf3NmXEPwdCltHKJC7VuvJocrF3,10,10,2,0,0,0,1
nEDlxL5nqyEK2uHdtEm8,LE FIVE Marville - La Courneuve,played,captain,ChIJ2dHdMZxr5kcR0aKYHYsp0pY,48.9364404&2.3869147,2024-01-30T19:00:00.000Z,90,,public,false,Détente,3,cqW2FgTkB4ZAU8zb24wWo35KYj83,10,10,1,0,0,0,0
nEDzVNskoqFEQyHFvSMY,Stadium Thiais,published,pro,,48.7511024&2.3713455,2024-02-24T09:30:00.000Z,90,12,public,false,,,psf3NmXEPwdCltHKJC7VuvJocrF3,0,10,0,0,0,0,0
nEEabWJNd0WYJlajqPwd,UrbanSoccer Evry,canceled,captain,ChIJW0Ut1G7e5UcRt621n2fRQ5M,48.6286849&2.4066366,2024-02-04T13:00:00.000Z,90,15,public,true,Compétition,4,crYBIdJXHcQc3rDu0gV7BT2e3xk1,9,10,0,0,0,0,0
nEtVPheG7m1cmgqBew6t,LE FIVE Bobigny,published,pro,,48.901553&2.4313304,2024-03-12T22:00:00.000Z,60,8,public,false,,,4owi3i7t8EOvFNF6UQvACOpiDRy1,0,10,0,0,0,0,0
nFGmIX69PeFVNazfYHuC,LE FIVE Bezons,played,pro,,48.91909&2.2093051,2024-02-05T21:00:00.000Z,90,14,public,false,,,U3MriTZbPbTUEsU6RtRuHxDMKvg2,10,10,8,0,0,0,2
nFpPZ8rbXU1zFFpzn2bx,Stadium Thiais,published,pro,ChIJ64X9jzx05kcRsHvSfOv6UcA,48.7511024&2.3713455,2024-02-07T18:30:00.000Z,90,15,public,false,,,psf3NmXEPwdCltHKJC7VuvJocrF3,0,10,0,0,0,0,0
nFyrda3K4GUvWolirvMv,Footbox,published,pro,,48.9022789&2.582647,2024-03-11T15:00:00.000Z,60,7,public,false,,,QI89VPazyLhBVnWH871jk4BUEZI3,0,10,0,0,0,0,0
nIoqOy5fHYPeS4YBbEG4,LE FIVE Paris 18,published,captain,ChIJpVT4_n1u5kcRzji6FdTBXXo,48.8978522&2.3700234,2024-02-13T19:00:00.000Z,60,14,public,true,Détente,3,hj7Ou3QoLYW0oxOZRSyHO0e62XY2,7,10,0,0,0,0,0
nJjQVPSCxaPGLAfIwcXe,Stadium Thiais,published,pro,,48.7511024&2.3713455,2024-02-25T15:00:00.000Z,90,15,public,false,,,psf3NmXEPwdCltHKJC7VuvJocrF3,0,10,0,0,0,0,0
nKiU8ywxQDW9rIQELpNc,LE FIVE Marville - La Courneuve,published,pro,ChIJ2dHdMZxr5kcR0aKYHYsp0pY,48.9361223&2.3872592,2024-02-11T08:00:00.000Z,60,10,public,false,,,1GfAHFfqO6dOj37bPrTRuDS5gnk1,0,10,0,0,0,0,1
nKqaZtYW1CSAwj9zEeIU,Z5 Aix,played,captain,ChIJKb-U_9KSyRIRKIFKbH5mW18,43.4787869&5.3969048,2024-01-22T17:00:00.000Z,60,11,public,false,Détente,2,yN33RfgnwveslueOs6QpPsDDeBn1,10,10,9,0,0,0,1
nLvtGPDmBmGQMUBedjHX,Stadium Thiais,played,pro,,48.7511024&2.3713455,2024-02-04T12:00:00.000Z,90,15,public,false,,,psf3NmXEPwdCltHKJC7VuvJocrF3,10,10,7,0,0,0,4
nM3GG3yvadrrsPpolOC5,TEP Reverdy,played,captain,ChIJ97IzEXZt5kcRrziQffedeSo,48.8852655&2.3762939,2024-02-12T18:00:00.000Z,120,5,public,false,Détente,4,IPmbamz2bkMhCjliEqifTUkx2ir2,12,12,4,0,0,0,2
nNKbrZEFzzlKojrySNtt,Parc de Choisy,played,captain,ChIJ7RWNzpZ05kcRTkknDj8Df-I,48.7664003&2.4305572,2024-02-03T11:00:00.000Z,120,,public,false,Détente,3,4wfM3ZXk50ZwT3MgJYdZBMhnju12,18,18,15,1,0,0,2
nNLVV7XUU7hXczswEfTV,LE FIVE OL,canceled,captain,ChIJmz3whejH9EcR3j9ApNRukKE,45.7673403&4.9802325,2024-01-31T18:30:00.000Z,60,11,public,false,Détente,1,zX5zjSTlVuUHeLLdIZcOw0IJc852,6,10,0,0,0,0,0
nO043Z6jYlsuLinwXsnH,Stade Georges Carpentier,played,captain,ChIJDcRAPQZz5kcRRfIYvk9rvQQ,48.8190383&2.3661251,2024-01-23T10:55:00.000Z,120,,public,false,Compétition,4,vQNlrcZerla2OrnrgLggBpIzW2q1,16,16,14,0,1,0,4
nPPmLGRVifWXslqRfR9s,LE FIVE Bobigny,published,pro,,48.901553&2.4313304,2024-02-15T17:00:00.000Z,60,8,public,false,,,4owi3i7t8EOvFNF6UQvACOpiDRy1,1,10,0,0,0,0,0
nPYz8SSR6KN3fE7D4FAW,LE FIVE Bezons,canceled,pro,,48.91909&2.2093051,2024-02-07T21:00:00.000Z,90,14,public,false,,,U3MriTZbPbTUEsU6RtRuHxDMKvg2,6,10,0,0,0,0,0
nPjiiwXc3nkKJkoFdP5N,Parc Sainte Barbe,canceled,captain,ChIJtw301r5w5kcRvRjidiuAyaw,48.7922897&2.2913469,2024-01-29T15:05:00.000Z,90,,public,false,Détente,4,rzC8A0bd4afb9AWrHKlCPT9461y1,10,16,0,0,0,0,0
nQGitDhftQ6ty0bnEbWY,UrbanSoccer - Lille Lezennes,played,captain,ChIJR3ro5nTWwkcRfM_S3Be9HjI,50.6162725&3.0998108,2024-02-01T20:30:00.000Z,90,10.5,public,true,Détente,3,dvdYbjXAR8fQjpIGtP7Po8prEdE3,10,10,6,0,0,0,1
nQMpRJrROCJZyWUrh3UF,Stadium Thiais,published,pro,,48.7511024&2.3713455,2024-02-18T18:00:00.000Z,90,15,public,false,,,psf3NmXEPwdCltHKJC7VuvJocrF3,0,10,0,0,0,0,0
nQU9yqT1dvXbCCZC6PEA,UrbanSoccer - Quai d'Ivry,played,captain,ChIJfXxYJ0xy5kcRw9xTkF6-FZQ,48.8199885&2.3936463,2024-02-03T16:00:00.000Z,90,17,public,true,,2,T3uGoCvSwZeG7U3c0rkTxIZrIEq2,10,10,0,0,0,0,0
nR5IdI7OXhcANMkAjLQ5,Le Street Foot en Salle,published,pro,ChIJt_AXL6Jg5kcRu6rBmnrmeUM,49.0164435&2.181307,2024-02-12T17:00:00.000Z,120,16,public,false,,,bsRK7e37BkUbETMq0Tg3lbm8Fao2,0,10,0,0,0,0,0
nU2F8hXoSe5qOWs1j4SH,Testing Purposes,published,pro,,67.461524&-152.801377,2024-01-23T15:00:00.000Z,90,12,public,false,,,f2LrY7SAV3U1V9tUVAZfiMxA3uu1,0,10,0,0,0,0,0
nUjETgNOVHQdYSgrg02Q,LE FIVE Bezons,published,pro,,48.91909&2.2093051,2024-03-09T20:00:00.000Z,90,13.5,public,false,,,U3MriTZbPbTUEsU6RtRuHxDMKvg2,0,10,0,0,0,0,0
nVOO3OxbcV8TJq31d8vb,Footbox,published,pro,,48.9022789&2.582647,2024-02-28T15:00:00.000Z,60,7,public,false,,,QI89VPazyLhBVnWH871jk4BUEZI3,0,10,0,0,0,0,0
nVkIA4hVhVVtbfzv21Th,Lycée Agricole,canceled,captain,ChIJJeaXC2G-rhIRwxpnAd6UwGM,43.5353068&1.4847053,2024-02-04T15:30:00.000Z,90,,public,false,Détente,3,o6OcD0GMLzZUBtX7NZu2glkOEZj2,9,12,0,0,0,0,0
nVlD99DVLuLYPkM91g59,Antony,published,captain,ChIJf8cFRhF35kcR0D6LaMOCCwQ,48.759255&2.302553,2024-01-27T13:00:00.000Z,90,,public,false,Détente,3,Dohg1zNvhsbmGrYuAmExKFyjruw2,3,12,0,0,0,0,0
nW2p1G2hCnYyQ2zRhVQu,Stade Georges Carpentier,published,captain,ChIJDcRAPQZz5kcRRfIYvk9rvQQ,48.8190383&2.3661251,2024-02-05T11:00:00.000Z,120,,public,false,Compétition,3,kRAf444M3RUd6EWIOWpKVKs78SI2,15,16,0,0,0,0,3
nWPH0RedB24p2VWrh2vd,LE FIVE Montreuil,published,pro,,48.8613036&2.4653095,2024-02-03T15:00:00.000Z,60,10,public,false,,,u9uC1vjdcdQ3UqNxI0SiFxor0m43,1,10,0,0,0,0,1
nXCAYjUfHgsm452LXtOP,Stadium Thiais,played,pro,,48.7511024&2.3713455,2024-02-02T21:00:00.000Z,90,14,public,false,,,psf3NmXEPwdCltHKJC7VuvJocrF3,10,10,8,0,0,0,1
nXPqjIuFAsbashjkyhoC,LE FIVE Champigny,published,pro,,48.8194084&2.5251846,2024-02-16T16:00:00.000Z,60,7,public,false,,,evlV9mUgATYQ5343zpYZvk4w0r03,0,10,0,0,0,0,0
nXYTrtbs2iomXWkhwuyH,Classico Foot,played,captain,ChIJFV442oCxrhIRgsZy5aIbkNs,43.5945434&1.2911399,2024-01-28T17:55:00.000Z,60,8,public,false,Détente,2,juHxVa5M3aSgsuwGYsKgi53Fqzv1,10,10,3,0,0,0,2
nY2sD60CnrU6rsiBAiLH,LE FIVE Paris 13,published,pro,,48.8181615&2.3658793,2024-02-15T22:00:00.000Z,60,10,public,false,,,FjSnzlRFFfhWVWQJGfIEwRc2ZMj2,0,10,0,0,0,0,0
nY7mHlnYKpKBO6S7yXMZ,Massilia FIVE,played,captain,ChIJxZ6UmMW-yRIR7ot5DChYj4w,43.28920790000001&5.4503802,2024-02-02T17:00:00.000Z,60,10,public,false,Détente,2,E4hGFDeR8rPaVoZBlOQxP1Lz7zl1,10,10,5,0,0,0,0
nZFLvYSgz5UWTtFUfkXI,LE FIVE Créteil,published,pro,,48.7643086&2.4706522,2024-01-29T16:00:00.000Z,60,7,public,false,,,ZmXMWx7aTdPoPkkGOWa2HIQVblq2,0,10,0,0,0,0,0
naUe40NlUo1BK8M003Pd,UrbanSoccer - Lyon Parilly,played,captain,ChIJx3FQWjLC9EcRrrQb2eV7i_4,45.7120399&4.9039284,2024-02-04T10:00:00.000Z,90,13.5,public,true,Détente,2,m77T3qpFCzcYDtLRDUKGQ2cg7uG2,10,10,0,0,0,0,0
nciGuXBWcmYt7eBm6cyD,LE FIVE Paris 17,played,pro,,48.900032&2.3213449,2024-02-06T16:00:00.000Z,60,5,public,false,,,V6mqbc9C8FNa1RQlUupjeoqOsZL2,10,10,9,0,0,0,1
nct4IvkNaLiFK9rxQhJN,Stadium Thiais,played,captain,ChIJ64X9jzx05kcRsHvSfOv6UcA,48.7511137&2.3715422,2024-02-02T18:00:00.000Z,90,15,public,false,,3,x238wYqJ2FU3MxddDHSCSEBqadB2,10,10,2,0,0,0,0
ndAlVRaTiD1RXYYRDwJV,Stadium Thiais,published,pro,,48.7511024&2.3713455,2024-03-02T16:30:00.000Z,90,12,public,false,,,psf3NmXEPwdCltHKJC7VuvJocrF3,0,10,0,0,0,0,0
ndUXVIO5OKfe9UFDeYMf,LE FIVE Sarcelles,canceled,captain,ChIJ6_q3Fxhq5kcRCpoEwnoXX1Q,48.99782219999999&2.3902225,2024-01-24T18:30:00.000Z,90,13,private,false,Détente,3,936SMzamUOVIRLk6iF4GW4uFgTm2,4,10,0,0,0,0,0
ndkczgfsjCabj6DcIkzW,UrbanSoccer - Quai d'Ivry,played,captain,ChIJfXxYJ0xy5kcRw9xTkF6-FZQ,48.8199885&2.3936463,2024-02-11T12:30:00.000Z,60,12,public,true,Détente,3,wSeOuEtyetaOPB3N06i6hxJHIb03,10,10,2,0,0,0,1
neZPPy4L2u1W0aDXJv6j,FOOT INDOOR Marseille,published,captain,ChIJ41AMCxC8yRIRLHLGt11sc-U,43.2859688&5.4882746,2024-02-10T09:00:00.000Z,60,10,private,false,Détente,2,p5RLJog4gzS5k9JJmj7fHkGw2fc2,1,10,0,0,0,0,0
nf9oqMnK8m9Njf6OB9jm,Stadium Thiais,played,captain,ChIJ64X9jzx05kcRsHvSfOv6UcA,48.7511024&2.3713455,2024-02-02T19:15:00.000Z,90,15,public,false,Compétition,3,ivJjDu3v1IbjkaGKCqaOoVymlgD3,10,10,6,0,0,0,0
nfs2FcZS3k7o0dHCulrX,Centre Sportif Candie,played,captain,ChIJGzAqWPpx5kcRn8zn_6q7BoY,48.8513896&2.3802138,2024-01-29T21:15:00.000Z,90,,public,false,Détente,3,ZOCadCc4bWc7WWov2PuTEC35b2g1,10,10,1,0,0,0,3
nh0Cuv7afZd5dFtsMNwP,Play Soccer,played,captain,ChIJQ-UxZn-5rhIRKWoQydM5T9s,43.5512023&1.4098927,2024-01-26T19:00:00.000Z,90,13.5,public,false,,3,8LtkeOuZHeePxfkXdNPmQSr7V9L2,10,10,4,0,0,0,0
nin7VyltTEqCZ8QW8mGR,Classico Foot,played,captain,ChIJFV442oCxrhIRgsZy5aIbkNs,43.5945434&1.2911399,2024-02-04T19:00:00.000Z,60,8,public,false,Compétition,4,1ZYZDZ2TV5doCKQ610CkiGN0K9R2,10,10,1,0,0,0,0
nkVeKIxl12eFNqASZfud,Stadium Thiais,played,captain,ChIJ64X9jzx05kcRsHvSfOv6UcA,48.7511024&2.3713455,2024-01-21T09:30:00.000Z,90,15,public,false,Détente,3,IlNYKbxJM5OikfmqXPad4NX0RM32,10,10,4,0,0,1,3
nl2cF6TS8nqYjTHNtXNS,Testing Purposes,published,pro,,67.461524&-152.801377,2024-02-06T15:00:00.000Z,90,12,public,false,,,f2LrY7SAV3U1V9tUVAZfiMxA3uu1,0,10,0,0,0,0,0
nlOuykEe0SkSqCK9bxW7,LE FIVE Bezons,canceled,pro,ChIJ04KEHBZk5kcRoDWLaMOCCwQ,48.91909&2.2093051,2024-02-10T11:00:00.000Z,90,13.5,public,false,,,U3MriTZbPbTUEsU6RtRuHxDMKvg2,10,10,0,0,0,0,1
nmgbMzmSL6xW3hl2rE5o,Classico Foot,played,captain,ChIJFV442oCxrhIRgsZy5aIbkNs,43.5945434&1.2911399,2024-01-22T11:15:00.000Z,60,8,public,false,Détente,2,N5zg8ctjducTeq4gfFuRaPWWkdg1,10,10,0,0,0,0,1
nmqu5gthM0iQ6cTjTAf7,LE FIVE Paris 13,published,pro,,48.8181615&2.3658793,2024-03-07T22:00:00.000Z,60,10,public,false,,,FjSnzlRFFfhWVWQJGfIEwRc2ZMj2,0,10,0,0,0,0,0
nmrFWl4W2KvsoojZPyMX,Play Soccer,published,captain,ChIJQ-UxZn-5rhIRKWoQydM5T9s,43.5512023&1.4098927,2024-02-08T11:30:00.000Z,60,8,public,false,,,8LtkeOuZHeePxfkXdNPmQSr7V9L2,9,10,0,0,0,0,0
nnNFfdVeFB6TSsvnPqK9,Stadium Thiais,played,pro,,48.7511024&2.3713455,2024-01-27T21:00:00.000Z,90,15,public,false,,,psf3NmXEPwdCltHKJC7VuvJocrF3,10,10,6,0,0,0,1
nnQC5g31piMOOt91fFBg,Top Ten,published,pro,ChIJfXprBx4b5kcRmhe-5pLZUek,48.8729106&2.6840919,2024-01-27T08:00:00.000Z,90,15,public,false,,,i27253AGxOfXgYJK72sBnvUGuMk2,0,10,0,0,0,0,0
no9xK8rd7Xp8tfNOQdrR,UrbanSoccer - Quai d'Ivry,played,captain,ChIJfXxYJ0xy5kcRw9xTkF6-FZQ,48.8199885&2.3936463,2024-01-29T20:30:00.000Z,60,14,public,true,Détente,3,iKHKxCVglKSXtPZfGPa1tPkFugl2,10,10,1,0,0,0,1
nrv75Edr11DtsmYx0UW1,Foot POWER 5,canceled,pro,,48.960066&2.2061913,2024-02-12T17:00:00.000Z,90,5,public,false,,,sss3dYi6nzWd7rEjwcQ30LGKudj1,0,10,0,0,0,0,0
nrvJAUXkUXXpGrORfguc,UrbanSoccer - Puteaux,canceled,captain,ChIJM_sC0-Nk5kcRhL1y_EFIje8,48.8836397&2.2312283,2024-03-02T16:15:00.000Z,60,,public,true,Détente,,bQldKP0WFeOSLXuK9zq1a2lfb903,1,10,0,0,0,0,0
nubhEaz23btMx6TRR19j,Events Five,played,captain,ChIJf8cSCJG5rhIRoQadPH-wW1U,43.5399703&1.3922897,2024-02-07T19:00:00.000Z,60,9,public,false,Détente,3,kVyaXWV4MbXOhkS18nTiduhfbai1,10,10,1,0,0,0,0
nvDQTHbcErzp9uDg7H9G,LE FIVE Villette,played,captain,ChIJTUFnQjps5kcR0pHITLTw1PI,48.9070122&2.3861459,2024-01-31T18:00:00.000Z,60,12,public,false,Détente,2,HyTxpFhXmdhAuifzKsqMZdmeS5q1,10,10,4,0,0,0,1
nvPzuCDTG8wLKpEGsEwU,Futsal 17e - Viking Club Paris,published,captain,ChIJ6bCcaTRv5kcRSQHUYpTWVaU,48.895936&2.3169137,2024-02-12T08:00:00.000Z,180,,public,false,Détente,1,8i5faoQkJ4YSkhRB5skPBLiEh1G3,5,20,0,0,0,0,1
nvyoGK6jmTcwJL2JWpfa,LE FIVE Créteil,published,pro,,48.7643086&2.4706522,2024-02-18T11:00:00.000Z,60,11,public,false,,,ZmXMWx7aTdPoPkkGOWa2HIQVblq2,6,10,0,0,0,0,0
nwM9LCDaoqz5sVqwgdOG,UrbanSoccer - Lille Bondues,played,captain,ChIJ58ZerMgrw0cR2Jyp7tZjBn4,50.6913774&3.0860264,2024-02-11T11:30:00.000Z,60,6,public,true,Détente,2,ikyMn7gbpQWL7q7Kug1u5I7nIRu2,10,10,2,0,0,0,1
nwe2JQQrauBEXTQFAPU5,UrbanSoccer - Lyon Parilly,draft,captain,ChIJx3FQWjLC9EcRrrQb2eV7i_4,45.7120399&4.9039284,2024-02-08T18:30:00.000Z,60,,public,false,,,GVdaLPxjA6SDWn0FPDlZ3A9mJut2,0,0,0,0,0,0,0
nxE6QdrkvQu3crxS40MR,Parc Sainte Barbe,canceled,captain,ChIJtw301r5w5kcRvRjidiuAyaw,48.7922897&2.2913469,2024-01-25T15:00:00.000Z,90,,public,false,Détente,4,rzC8A0bd4afb9AWrHKlCPT9461y1,8,16,0,0,0,0,0
nxHB3KGcbTuYdfBltrs4,UrbanSoccer - Asnières,canceled,captain,ChIJi5LkLT9v5kcRSlhScqEFNWs,48.92192379999999&2.3068311,2024-01-31T19:00:00.000Z,60,12,public,true,Détente,3,kfEgj0MU16UPonh31P5B54lFa0b2,10,10,0,0,0,0,0
nxjwlU5ffUrTACtGccop,LE FIVE Paris 13,canceled,pro,,48.8181615&2.3658793,2024-01-24T22:00:00.000Z,60,10,public,false,,,FjSnzlRFFfhWVWQJGfIEwRc2ZMj2,0,10,0,0,0,0,0
nxnHoWxhYEmpufq78jFG,UrbanSoccer La Défense,played,captain,ChIJh4rnfVhk5kcRV2Q-ZKdm8vA,48.8996456&2.2216773,2024-01-29T17:00:00.000Z,60,12.5,public,true,Détente,3,WmEIitt9Uwg5axn6vQTP95QfodX2,10,10,5,0,0,0,2
nxvTveygJDEtF22dkBPy,Stadium Thiais,published,pro,,48.7511024&2.3713455,2024-02-26T14:00:00.000Z,90,8,public,false,,,psf3NmXEPwdCltHKJC7VuvJocrF3,0,10,0,0,0,0,0
nzkjpHWMf1bX6mzJCvnE,UrbanSoccer Guyancourt,played,captain,ChIJmdX-2c-A5kcRj1wtOS8rZmo,48.7722091&2.0600292,2024-02-08T17:30:00.000Z,60,8,public,true,Détente,3,PeisLZvymXVoaHhzbVAskKMJ3jQ2,10,10,2,0,0,0,0
o0Ndg4furpHSHNTLhH60,UrbanSoccer La Défense,canceled,captain,ChIJh4rnfVhk5kcRV2Q-ZKdm8vA,48.8996456&2.2216773,2024-02-10T12:00:00.000Z,60,13,public,true,Compétition,5,7EmW6eGa2ldu2NbZasvRClv9Zcs2,9,10,0,0,0,0,0
o1KCMIGYvyDFRT0ACS8y,UrbanSoccer Meudon,canceled,captain,ChIJ0WKvjbh75kcRoqSmyWwW2jQ,48.8001204&2.2140771,2024-02-02T19:00:00.000Z,120,,public,true,Détente,3,xX1K6PrGzzNNbwwSO0tlh0rOeoC2,10,10,0,0,0,0,0
o1mbDCGRJD47alhCp9XA,Stade Sonny anderson,published,captain,ChIJhwWrIsjr9EcRXzfmLKL7YT4,45.74553119999999&4.8168893,2024-02-04T14:00:00.000Z,120,,public,false,Détente,2,ucesVRsJksZUoAEaqoclA9ZoklH2,16,18,0,0,0,0,0
o2JScgudZP4af6Nrob0C,Evolution Football,canceled,captain,ChIJX0YulIi8yRIRnGh62u3UXTQ,43.2836074&5.52356,2024-01-29T21:00:00.000Z,60,10,public,false,Détente,3,tLfG2HHzZwZ8cjXJSgDstQsOQmx1,6,10,0,0,0,0,0
o2nHmTpAaVOXwUzLhBbx,LE FIVE Bezons,canceled,pro,,48.91909&2.2093051,2024-02-09T11:00:00.000Z,90,10,public,false,,,U3MriTZbPbTUEsU6RtRuHxDMKvg2,1,10,0,0,0,0,0
o3AG723hMkxQmwyfAfkz,UrbanSoccer La Défense,played,captain,ChIJh4rnfVhk5kcRV2Q-ZKdm8vA,48.8996456&2.2216773,2024-02-04T15:00:00.000Z,60,14.5,public,true,Détente,2,dwieOYsBQcXB6gzkxkw58vx1MW62,10,10,3,0,0,0,2
o3e3aSZI0XjUP96UUmBH,Stadium Thiais,played,captain,,48.7511024&2.3713455,2024-01-27T09:30:00.000Z,90,12,public,false,Détente,3,aP4PclCOArZE5kmeKhFzB1Jl9E83,12,12,6,0,0,0,2
o41jRHW429s1nHvCEByr,Footbox,published,pro,,48.9022789&2.582647,2024-02-25T22:00:00.000Z,60,10,public,false,,,QI89VPazyLhBVnWH871jk4BUEZI3,0,10,0,0,0,0,0
o5BbgKJmYujFnOVvml6S,Top Ten,published,pro,ChIJfXprBx4b5kcRmhe-5pLZUek,48.8729106&2.6840919,2024-01-22T15:00:00.000Z,90,5,public,false,,,i27253AGxOfXgYJK72sBnvUGuMk2,0,10,0,0,0,0,0
o5TJcr6Wkc5uGzIzRg2y,UrbanSoccer - Puteaux,played,captain,ChIJM_sC0-Nk5kcRhL1y_EFIje8,48.8836397&2.2312283,2024-01-29T18:30:00.000Z,60,13.5,public,true,Détente,1,Hsznb68iWuW1xPy774XXx2xu5ts2,10,10,2,0,0,0,2
o5oa3pN278zEWXovrkUS,UrbanSoccer La Défense,canceled,captain,ChIJh4rnfVhk5kcRV2Q-ZKdm8vA,48.8996456&2.2216773,2024-01-31T18:40:00.000Z,60,,public,true,Détente,,2PotkD5PcdYHdjGbDAvNs1prBUK2,10,10,0,0,0,0,3
o6FTQHRKk9J9BpfL9OeD,LE FIVE Champigny,played,captain,ChIJsXi1PLYN5kcRTVVDuczgS2s,48.8194084&2.5251846,2024-02-05T18:00:00.000Z,90,12,public,false,Détente,2,wnIJTk2XWRX4GUZ6khj0TPeMOv12,10,10,1,0,0,0,0
o6MsbVy1y1T1VOYzupUj,Sport dans la Ville Rhône-Alpes,played,captain,ChIJoUEDcmvr9EcRILCz6hDCQ2o,45.7811703&4.8081568,2024-01-25T17:00:00.000Z,60,8,public,false,Détente,3,GmB6XtGvshWTl7ALEuX6bOLOlyI2,10,10,2,0,0,0,0
o6xlbSJElLtgq2z8ysjO,City KOF,canceled,captain,ChIJ_2pirmlv5kcRTpGJ0UDn1Y8,48.9155954&2.2963072,2024-01-30T11:00:00.000Z,90,,public,false,Détente,2,PL0nw3BiAUhxDJuKc8qZsRazcM23,6,10,0,0,0,0,1
o75JmZdHbMSZgGnhwl7k,UrbanSoccer - Quai d'Ivry,canceled,captain,ChIJfXxYJ0xy5kcRw9xTkF6-FZQ,48.8199885&2.3936463,2024-01-28T13:40:00.000Z,120,3,public,true,Compétition,4,0Ar3LQMLhMWoCgpvJgUdWolGaoP2,10,10,0,0,0,0,2
o7OsmotW7sG60EJYlvH3,Stadium Thiais,published,pro,,48.7511024&2.3713455,2024-03-03T09:30:00.000Z,90,15,public,false,,,psf3NmXEPwdCltHKJC7VuvJocrF3,0,10,0,0,0,0,0
o9ZnOPbc8dTmu78fBquH,Stadium Thiais,published,pro,,48.7511024&2.3713455,2024-02-18T16:30:00.000Z,90,15,public,false,,,psf3NmXEPwdCltHKJC7VuvJocrF3,0,10,0,0,0,0,0
o9xKpZ1BCksIvmyoYrdS,Antony,published,captain,ChIJf8cFRhF35kcR0D6LaMOCCwQ,48.759255&2.302553,2024-02-04T09:00:00.000Z,90,10,public,false,Détente,3,Dohg1zNvhsbmGrYuAmExKFyjruw2,9,10,0,0,0,0,0
oAAEgxK9T0AnXzIYLVe5,UrbanSoccer - Porte d'Aubervilliers,canceled,captain,ChIJ0dXjDCZs5kcRvX0EpMwxsUY,48.9074912&2.3746518,2024-01-28T12:15:00.000Z,90,7.5,public,true,Détente,2,o4nNbGbIgoMaDREnLZbPEOQ1YjZ2,9,10,0,0,0,0,0
oCSNEAVtVPcmIIgKemfC,FOOT IN FIVE,played,captain,ChIJoUR0syFp5kcRUlStnwluaYY,48.9552257&2.3328346,2024-02-08T19:30:00.000Z,90,15,public,false,Détente,3,atmK2lQabZRSNSMpwyZ51yZdpsn2,10,10,1,0,0,0,0
oDt2ClyvIcESY9StaKgs,LE FIVE Bobigny,published,captain,ChIJV8UONORs5kcRXxR5Qd7x130,48.901553&2.4313304,2024-02-08T21:30:00.000Z,90,15,public,false,Compétition,5,rO8eE4gQKOV3eBoBKXTSVdTSSbr1,5,10,0,0,0,0,0
oE1wk8M1mTE7pYakLimL,Le 13 - Foot en salle - Marseille,canceled,captain,ChIJR62kUm_ByRIRDnGQqGCeUVQ,43.33370070000001&5.370389599999999,2024-02-02T18:30:00.000Z,60,10,public,false,Compétition,,lN4Dq9utmOhbstMTtKsNYyKoNdP2,6,10,0,0,0,0,0
oEYqiYZyq6WIIBKZCXOD,Stadium Thiais,played,pro,,48.7511024&2.3713455,2024-01-29T18:00:00.000Z,90,15,public,false,,,psf3NmXEPwdCltHKJC7VuvJocrF3,10,10,10,0,1,0,2
oFaZdySpjRoqKqNpIKv3,Massilia FIVE,played,captain,ChIJxZ6UmMW-yRIR7ot5DChYj4w,43.28920790000001&5.4503802,2024-01-26T20:00:00.000Z,60,10,public,false,,4,PJA7Xm3DTMOGWw6kCBvmjv2GkxA2,10,10,0,0,0,0,0
oGvJdLBYoyDKafTlRELR,Footbox,published,pro,,48.9022789&2.582647,2024-02-23T18:00:00.000Z,60,10,public,false,,,QI89VPazyLhBVnWH871jk4BUEZI3,0,10,0,0,0,0,0
oHroBdbBeuAV2NvkzTfk,Top Ten,canceled,pro,,48.8729106&2.6840919,2024-02-12T21:30:00.000Z,90,16.5,public,false,,,i27253AGxOfXgYJK72sBnvUGuMk2,0,10,0,0,0,0,0
oI4emDDv6p2ZZhKcX9Ey,Stadium Thiais,published,pro,ChIJ64X9jzx05kcRsHvSfOv6UcA,48.7511024&2.3713455,2024-01-22T21:00:00.000Z,90,14,public,false,,,psf3NmXEPwdCltHKJC7VuvJocrF3,1,10,0,0,0,0,0
oJUhLUWa2gmT6mEC4ZaZ,Game 13 foot indoor,canceled,captain,ChIJNSDvlsXryRIRUXao9hwB79I,43.41258939999999&5.366617,2024-02-03T21:00:00.000Z,60,10,public,false,Compétition,4,RPwfyrL30dS1yvyJwGrn0z2HgSa2,10,10,0,0,0,0,0
oJo9qWAZlaWE5NLbDk4b,Le Street Foot en Salle,played,captain,ChIJt_AXL6Jg5kcRu6rBmnrmeUM,49.0164435&2.181307,2024-02-03T09:15:00.000Z,120,10,public,false,Détente,4,aCPGHZTGQaV2Cbw0D43kNCsMkrg1,12,12,2,0,0,0,0
oJtNk3b6ZnMJAeTBHXD0,Monclub Futbol,published,pro,,43.4299152&5.4001974,2024-02-25T17:00:00.000Z,90,12,public,false,,,CSTy9rmJRQSyWlqWuGiUhGpAGqf2,0,10,0,0,0,0,0
oL39RJo91mVCnoj6pymI,Top Ten,published,pro,,48.8729106&2.6840919,2024-02-16T16:00:00.000Z,90,5,public,false,,,i27253AGxOfXgYJK72sBnvUGuMk2,5,10,0,0,0,0,0
oLA5XXQZrSuE8ASGEWTz,LE FIVE Paris 18,played,pro,ChIJpVT4_n1u5kcRzji6FdTBXXo,48.8978522&2.3700234,2024-01-22T18:50:00.000Z,60,10,public,false,,,UQf33jQhVZhle917nO0h7D5qclV2,10,10,7,0,0,0,0
oLBViQqgzhcqlomEsv29,Foot POWER 5,canceled,pro,,48.960066&2.2061913,2024-01-23T21:30:00.000Z,90,7,public,false,,,sss3dYi6nzWd7rEjwcQ30LGKudj1,0,10,0,0,0,0,0
oLKEHEWwymVE4kcZsb3X,LE FIVE Paris 18,canceled,captain,ChIJpVT4_n1u5kcRzji6FdTBXXo,48.8978522&2.3700234,2024-01-20T14:00:00.000Z,60,13,public,true,Chill,2,PbFewrh6frcK8seX5CmMTBxvda93,8,10,0,0,0,0,0
oLvjE8SSc81p4ZFecdeb,Stade Gaston Bussière,published,captain,ChIJa2mHFCgV5kcRMwtLpKniYU0,48.93984709999999&2.5329682,2024-02-17T16:00:00.000Z,120,,public,false,Détente,3,ZsMml2ttXjdSNfdJbtnKCtxxsRe2,7,14,0,0,0,0,0
oMcW5eJ0Z6s5uDOJrSFy,Parc de Choisy,played,captain,ChIJ7RWNzpZ05kcRTkknDj8Df-I,48.7664003&2.4305572,2024-01-31T20:00:00.000Z,60,,public,false,Détente,2,nX9BAR22HaZZjPTMNMrZRPyc39i2,14,14,2,0,0,0,3
oMkVxUvEFa0x6fpLEG40,Stadium Thiais,played,pro,ChIJ64X9jzx05kcRsHvSfOv6UcA,48.7511024&2.3713455,2024-02-02T18:30:00.000Z,90,15,public,false,,,psf3NmXEPwdCltHKJC7VuvJocrF3,10,10,4,0,0,0,0
oNAMD3bwYCi4eOr1XLKx,UrbanSoccer - Porte d'Aubervilliers,canceled,captain,ChIJ0dXjDCZs5kcRvX0EpMwxsUY,48.9074912&2.3746518,2024-01-27T18:30:00.000Z,60,10.5,public,true,Compétition,3,amHMfBbWcNS4PAlvRqdXMgrrLd83,8,10,0,0,0,0,0
oO33IPp0vaeD8RvXctrl,LE FIVE Paris 18,published,pro,,48.8978522&2.3700234,2024-02-29T21:20:00.000Z,90,10,public,false,,,UQf33jQhVZhle917nO0h7D5qclV2,0,10,0,0,0,0,0
oOuev5kJiJjSjNS4X5N3,UrbanSoccer - Porte d'Aubervilliers,canceled,captain,ChIJ0dXjDCZs5kcRvX0EpMwxsUY,48.9074912&2.3746518,2024-01-20T11:15:00.000Z,60,,public,true,Détente,2,XLKfEPIhx4PR8VC1WpQlZbka7mG3,10,10,0,0,0,0,0
oPQfgsLdVVSU43fRhPg3,UrbanSoccer - Porte d'Aubervilliers,canceled,captain,ChIJ0dXjDCZs5kcRvX0EpMwxsUY,48.9074912&2.3746518,2024-01-29T19:10:00.000Z,60,12,public,true,Compétition,5,dpZ0rCLmTCYVeePUCLBQ8SY3Oyq1,9,10,0,0,0,0,0
oRU6yM5VSkMvvkIBclct,UrbanSoccer - Quai d'Ivry,played,captain,ChIJfXxYJ0xy5kcRw9xTkF6-FZQ,48.8199885&2.3936463,2024-02-10T09:30:00.000Z,60,11,public,true,Détente,3,8V691eLd0QUso6rosfvRXAusjsh1,10,10,1,0,0,0,3
oRzffcyHT5FWRaXc9Vjn,Stadium Thiais,published,pro,ChIJ64X9jzx05kcRsHvSfOv6UcA,48.7511024&2.3713455,2024-02-03T15:00:00.000Z,90,12,public,false,,,psf3NmXEPwdCltHKJC7VuvJocrF3,1,10,0,0,0,0,1
oSASHs03Hqa6qDP31vw9,Stadium Thiais,published,pro,,48.7511024&2.3713455,2024-02-21T15:00:00.000Z,90,8,public,false,,,psf3NmXEPwdCltHKJC7VuvJocrF3,0,10,0,0,0,0,0
oSXhzQSdSZbzJj1XAxBX,Stadium Thiais,published,pro,ChIJ64X9jzx05kcRsHvSfOv6UcA,48.7511024&2.3713455,2024-02-12T18:00:00.000Z,90,15,public,false,,,psf3NmXEPwdCltHKJC7VuvJocrF3,0,10,0,0,0,0,0
oTPGZz3IyF18gtTqyQCh,Parc Interdépartemental des Sports du Tremblay,canceled,captain,ChIJBVkfrQ4N5kcRGi-XnNQN_yo,48.8281085&2.491365,2024-02-03T09:30:00.000Z,120,,public,false,Competition,5,GT2ejS2ZbVVEKVTldTExXEx3QCs1,11,16,0,0,0,0,1
oTlZnksLphrrHFIe8vSc,LE FIVE Montreuil,published,pro,,48.8613036&2.4653095,2024-02-20T09:00:00.000Z,60,7,public,false,,,u9uC1vjdcdQ3UqNxI0SiFxor0m43,0,10,0,0,0,0,0
oUwRj9Zs4V15HVaAwNMb,Élite 5 Soccer,canceled,captain,ChIJ5-jfdlZk5kcRYIaELgvikaM,48.9009153&2.2297275,2024-02-08T18:00:00.000Z,60,12.5,public,true,Détente,,thX6xc8akzM8mh9xs0zqrP5jxAq2,9,10,0,0,0,0,0
oVKzdbQNSLl7dbuGJWyA,UrbanSoccer - Lille Lezennes,canceled,captain,ChIJR3ro5nTWwkcRfM_S3Be9HjI,50.6162725&3.0998108,2024-02-05T19:15:00.000Z,60,11,public,true,Détente,2,GPASo2XNBhcehizKUrU26hVFyxF3,10,10,0,0,0,0,0
oWTqvRQXOjqjGvV3vAHe,Game 13 foot indoor,canceled,captain,ChIJNSDvlsXryRIRUXao9hwB79I,43.41258939999999&5.366617,2024-01-25T20:30:00.000Z,60,10,public,false,Détente,4,RPwfyrL30dS1yvyJwGrn0z2HgSa2,10,10,0,0,0,0,0
oWV5hMBrhpNfMejBWoqh,Ball In d'Or Dreux,draft,captain,ChIJgRwhLzZV4UcRZ1kZ41ivPqU,48.7468231&1.3611978,2024-02-01T19:00:00.000Z,60,,public,false,,,zPvEc6N6XGNzCUmsMuNjUtip6jp1,0,0,0,0,0,0,0
oXi3bpU5HPpNNFXKAc7F,Events Five,canceled,captain,ChIJf8cSCJG5rhIRoQadPH-wW1U,43.5399703&1.3922897,2024-01-28T17:30:00.000Z,60,7,public,false,,,m4KpLYWUQghzy9kZi4QLUXSdwd32,4,10,0,0,0,0,0
oYgCJl0kB5MLcS1moP5Q,Stadium Thiais,published,pro,,48.7511024&2.3713455,2024-01-29T18:00:00.000Z,90,15,public,false,,,psf3NmXEPwdCltHKJC7VuvJocrF3,0,10,0,0,0,0,0
oa7bZywUrMBZeAtpNqmn,Cité des Sports,played,captain,ChIJ70UPf6R75kcRGb3NAV9k7Ww,48.8247744&2.2650728,2024-02-08T19:30:00.000Z,60,13,public,false,Détente,3,H1q5Ebp0nJfOnYz51vLg3Us2dQX2,10,10,2,0,0,0,0
oaCpkberOpb4xVzz3Cl0,LE FIVE Montreuil,published,pro,,48.8613036&2.4653095,2024-01-22T22:00:00.000Z,60,8,public,false,,,u9uC1vjdcdQ3UqNxI0SiFxor0m43,0,10,0,0,0,0,0
ocysWuWFYoWa9JCGmLHG,Stains,published,captain,ChIJ6_yphcJr5kcRMmpL4MPqRks,48.95538699999999&2.384703,2024-02-03T10:00:00.000Z,90,,public,false,Détente,2,PY4xVpp2kuN4vNMdN0QVj8hVkDz1,7,12,0,0,0,0,1
odXyO9qBBpOoqpa0WIj9,Play Soccer,canceled,captain,ChIJQ-UxZn-5rhIRKWoQydM5T9s,43.5512023&1.4098927,2024-02-04T16:30:00.000Z,90,12,public,false,,,8LtkeOuZHeePxfkXdNPmQSr7V9L2,5,10,0,0,0,0,0
odd4AZq67nSJV8zl91Zs,UrbanSoccer - Lille Bondues,played,captain,ChIJ58ZerMgrw0cR2Jyp7tZjBn4,50.6913774&3.0860264,2024-02-04T18:00:00.000Z,60,9,public,true,Détente,3,HScgtlXvZoPUQxBmHcHkpHQ2SuI3,10,10,0,0,0,0,0
oduHsQ3RHRRChnGZx6H2,LE FIVE Paris 18,played,captain,ChIJpVT4_n1u5kcRzji6FdTBXXo,48.8978522&2.3700234,2024-01-28T10:00:00.000Z,60,14,public,true,Chill,2,yOqLCjsERJOMq9WVGWLYC8FIlKm2,10,10,1,0,0,0,1
oeHZLd9XO34ULOkpFrgY,Footsal Cousinerie,played,captain,ChIJXQyb1d8pw0cRLO_Ed5xHTIQ,50.6440829&3.1459612,2024-01-23T20:00:00.000Z,60,9,public,false,Détente,3,OmdfIc8YtYZNRdFWrpBi2FVGgCw2,10,10,3,0,0,1,1
oeyJ0RP63aUH4AhMshNe,LE FIVE Montreuil,published,pro,,48.8613036&2.4653095,2024-02-18T08:00:00.000Z,90,15,public,false,,,u9uC1vjdcdQ3UqNxI0SiFxor0m43,0,10,0,0,0,0,0
ofQsRvn7GGLUGSXxpn4l,Top Ten,published,pro,,48.8729106&2.6840919,2024-02-27T16:00:00.000Z,90,5,public,false,,,i27253AGxOfXgYJK72sBnvUGuMk2,0,10,0,0,0,0,0
og7UMucWbZr13nhrSEL6,Top Ten,published,pro,,48.8729106&2.6840919,2024-02-14T22:00:00.000Z,90,16.5,public,false,,,i27253AGxOfXgYJK72sBnvUGuMk2,0,10,0,0,0,0,0
ogwPZUFfkQNsI27NmH2b,Top Ten,published,pro,,48.8729106&2.6840919,2024-03-08T21:30:00.000Z,90,16.5,public,false,,,i27253AGxOfXgYJK72sBnvUGuMk2,0,10,0,0,0,0,0
oh6rW7UtWKDcW5ox6Dte,UrbanSoccer - Puteaux,played,captain,ChIJM_sC0-Nk5kcRhL1y_EFIje8,48.8836397&2.2312283,2024-01-29T17:30:00.000Z,60,13.5,public,true,Détente,,gS2tE4wr3jbmluTfpk5CLCYpWd03,10,10,3,0,0,0,2
oi60EKRDc2HGEQQiPN0K,LE FIVE Paris 17,published,captain,ChIJ7eI8sFNv5kcR5xy52Wc57NU,48.900032&2.3213449,2024-02-13T20:00:00.000Z,60,12,public,true,Détente,2,4E9IlsbiWkd5y4uHNXAtHpwMt833,10,10,0,0,0,0,1
oiUDWXHQrhTZCsuDhcKv,LE FIVE Paris 13,canceled,captain,ChIJ_bOSChhz5kcRZMTeq_6Gdzg,48.8181615&2.3658793,2024-01-26T18:00:00.000Z,60,14,public,true,Détente,1,JA2VICdG76OC5vYOHJGvLU1BnSs2,3,10,0,0,0,0,0
ojGNVEBzwxp2i79VaY0G,Palais des Sports Maurice Thorez,played,captain,ChIJf7ZDwpNz5kcRZn5FP5AT8lg,48.7931091&2.3943762,2024-01-29T11:00:00.000Z,90,,public,false,Compétition,3,hW0wMt0biTXpbfJZqxou65Fk7PG2,12,12,3,0,0,0,0
ojqHTra6FBgaozFE5mEJ,Stadium Thiais,canceled,captain,ChIJ64X9jzx05kcRsHvSfOv6UcA,48.7511137&2.3715422,2024-02-11T09:00:00.000Z,90,15,public,false,Détente,1,T0gYd02mAcQ3nFRaDLdSQvaj8WW2,6,12,0,0,0,0,1
ojs0svACmBKajJ19tBe2,UrbanSoccer - Porte d'Aubervilliers,played,captain,ChIJ0dXjDCZs5kcRvX0EpMwxsUY,48.9074912&2.3746518,2024-01-26T21:00:00.000Z,60,5,public,true,Compétition,4,e8XA0GbnFsSrurXTkLklES4fUUS2,10,10,0,0,0,0,2
okH16Q8MO4AGnFefy5iG,Stadium Thiais,published,pro,,48.7511024&2.3713455,2024-03-12T16:30:00.000Z,90,10,public,false,,,psf3NmXEPwdCltHKJC7VuvJocrF3,0,10,0,0,0,0,0
one7VM5bGXWyIfPOtg1E,Stade Jacques Joly,played,captain,ChIJbVB_oUrD9EcRLYcRGjtSCTA,45.69690019999999&4.9393848,2024-02-04T08:30:00.000Z,120,,public,false,Détente,3,LFpR9pJoFXc9dtEZ4aqxHoOqoxA2,16,16,1,0,0,0,1
ooTNBxA7jHBaRs9BhHe5,LE FIVE Paris 18,played,captain,ChIJpVT4_n1u5kcRzji6FdTBXXo,48.8978522&2.3700234,2024-01-25T20:30:00.000Z,60,14,public,true,Détente,3,pJCkjpGO5Ge5kh6k81rwJz5ygFy2,10,10,1,0,0,0,0
opWQcR4IvVxANRRrxdFo,Stadium Thiais,played,pro,,48.7511024&2.3713455,2024-02-04T19:30:00.000Z,90,15,public,false,,,psf3NmXEPwdCltHKJC7VuvJocrF3,10,10,9,0,0,0,1
oph1lXagcs0OwrtAncTt,LE FIVE Paris 18,published,pro,ChIJpVT4_n1u5kcRzji6FdTBXXo,48.8978522&2.3700234,2024-02-16T10:00:00.000Z,90,8,public,false,,,UQf33jQhVZhle917nO0h7D5qclV2,0,10,0,0,0,0,1
opxS7bzJUgmdgK3PhiCk,Foot POWER 5,canceled,pro,,48.960066&2.2061913,2024-01-28T08:00:00.000Z,90,10,public,false,,,sss3dYi6nzWd7rEjwcQ30LGKudj1,0,10,0,0,0,0,0
oqZi7ClEcI4dFRQNxNHu,LE FIVE Montreuil,published,pro,,48.8613036&2.4653095,2024-01-25T16:00:00.000Z,90,11,public,false,,,u9uC1vjdcdQ3UqNxI0SiFxor0m43,4,10,0,0,0,0,0
or9aHrXZCWaZ5bxeMaJw,Antony,played,captain,ChIJf8cFRhF35kcR0D6LaMOCCwQ,48.759255&2.302553,2024-02-04T07:00:00.000Z,90,10,public,false,Détente,3,Dohg1zNvhsbmGrYuAmExKFyjruw2,10,10,0,0,0,0,0
ounV5faBjfmDE5LfX0Ro,UrbanSoccer - Puteaux,canceled,captain,ChIJM_sC0-Nk5kcRhL1y_EFIje8,48.8836397&2.2312283,2024-01-28T13:15:00.000Z,60,14.5,public,true,Compétition,3,Ytn9um8Y07QOoebAd3Bhr8nwXZg1,9,10,0,0,0,0,0
ovUC5kAst4GmfyPfnG2r,Foot-Max Argenteuil,played,captain,ChIJi9oIzaRm5kcRJYcK7QsdRMU,48.9501569&2.2093741,2024-01-28T14:00:00.000Z,90,12,public,false,,3,F8OWu4MspmRPd01zZ29PxlZXFZN2,10,10,5,0,0,0,3
owdwYbXw3sOK4IO3cGuH,Top Ten,published,pro,,48.8729106&2.6840919,2024-03-08T16:00:00.000Z,90,5,public,false,,,i27253AGxOfXgYJK72sBnvUGuMk2,0,10,0,0,0,0,0
owkJyZhuDRKGa1ZHzXla,Game 13 foot indoor,played,captain,ChIJNSDvlsXryRIRUXao9hwB79I,43.41258939999999&5.366617,2024-02-05T19:00:00.000Z,60,10,public,false,Détente,3,tNI5PAPgX0MDq6T4GlwP3d2ndaO2,10,10,0,0,0,0,0
owuwkScmeLvKwpaURoZp,UrbanSoccer - Lille Lezennes,played,captain,ChIJR3ro5nTWwkcRfM_S3Be9HjI,50.6169533&3.0995426,2024-01-21T18:15:00.000Z,120,12.75,public,true,Compétition,3,xR4ED6qRzmg0HreT9TkBwvuQM912,10,10,3,0,0,0,0
ozysaEKFut10gzEQctZw,UrbanSoccer - Toulouse Montaudran,canceled,captain,ChIJl772e0u8rhIR2foRX4Xa2CI,43.574642&1.4801835,2024-01-20T18:00:00.000Z,60,10,private,true,Détente,1,w4n2VqzXhTMZX5kUWLNp5FKhy853,1,10,0,0,0,0,0
p0QAoSsKqtIDyxQHyWKO,LE FIVE Paris 18,canceled,captain,ChIJpVT4_n1u5kcRzji6FdTBXXo,48.8978522&2.3700234,2024-01-22T20:30:00.000Z,90,10,private,true,Détente,3,qprDASpz0Dg8ax2ZL7FV3wjVFL02,2,10,0,0,0,0,0
p0RTw3awcEa1GFla1MYY,Sun Set Soccer,canceled,captain,,45.6768927&4.9409477,2024-01-20T20:00:00.000Z,60,8,public,false,Détente,3,tB1QdykL2NQnIa1TLUUeIwYIsft2,10,10,0,0,0,0,0
p0tjzKfiJEAUi0LiHnxj,Stade Lilian Thuram,played,captain,ChIJy0-vXf9l5kcRH4WAmpihUQE,48.933705&2.2828141,2024-02-11T09:15:00.000Z,150,,private,false,Détente,3,fwrCzizjC5UGI9TzJdi1JinvWet1,18,18,13,0,0,0,1
p28vbytZ0haFnWBW0iiA,Monclub Futbol,played,captain,ChIJGbxxaamUyRIRgGvhHnhJStA,43.4299152&5.4001974,2024-01-25T18:00:00.000Z,60,10,public,false,Détente,3,S9E40Df3gVhdMPUGfSdTb5IlRSm1,10,10,3,0,0,0,1
p29oEcb4XOLXhND7clcV,Stadium Thiais,played,captain,ChIJ64X9jzx05kcRsHvSfOv6UcA,48.7511024&2.3713455,2024-01-20T18:00:00.000Z,90,15,public,false,Compétition,3,DzirRN1PaZd32bvrY7ZZYrQn7kE2,10,10,3,0,0,0,0
p6l1EJDWNyT4gPo0XYhB,Stadium Thiais,played,captain,ChIJ64X9jzx05kcRsHvSfOv6UcA,48.7511024&2.3713455,2024-01-28T09:30:00.000Z,90,15,public,false,Détente,3,MExi1O1oPjQKTXDmIW483grqvv13,10,10,10,0,0,0,3
p6lJvG4qENtrjMBXIz2a,LE FIVE Paris 18,played,pro,ChIJpVT4_n1u5kcRzji6FdTBXXo,48.8978522&2.3700234,2024-02-03T21:30:00.000Z,90,10,public,false,,,UQf33jQhVZhle917nO0h7D5qclV2,10,10,7,0,0,0,3
p7oMhDtrRNbuP57CFFeQ,Stadium Thiais,published,pro,,48.7511024&2.3713455,2024-02-27T16:30:00.000Z,90,10,public,false,,,psf3NmXEPwdCltHKJC7VuvJocrF3,0,10,0,0,0,0,0
p8QJjkfNSBXXhPDIRzHK,LE FIVE Paris 13,published,pro,,48.8181615&2.3658793,2024-02-21T22:00:00.000Z,60,10,public,false,,,FjSnzlRFFfhWVWQJGfIEwRc2ZMj2,0,10,0,0,0,0,0
p8de8yrkDRZNw5NMUKgd,LE FIVE Bezons,played,pro,,48.91909&2.2093051,2024-02-02T16:30:00.000Z,90,10.5,public,false,,,U3MriTZbPbTUEsU6RtRuHxDMKvg2,10,10,9,0,0,0,5
pBYf1ZWzS3N316Y5NvgA,LE FIVE Montreuil,published,pro,,48.8613036&2.4653095,2024-02-12T22:00:00.000Z,60,8,public,false,,,u9uC1vjdcdQ3UqNxI0SiFxor0m43,0,10,0,0,0,0,0
pDAKH0AY1sJkbZ4q9fjS,Antony,played,captain,ChIJf8cFRhF35kcR0D6LaMOCCwQ,48.759255&2.302553,2024-01-28T07:00:00.000Z,90,10,public,false,Détente,3,Dohg1zNvhsbmGrYuAmExKFyjruw2,10,10,0,0,0,0,0
pDLq1H3vo48KvNPP5XHr,Monclub Futbol,played,pro,ChIJGbxxaamUyRIRgGvhHnhJStA,43.4299152&5.4001974,2024-02-10T16:00:00.000Z,90,12,public,false,,,CSTy9rmJRQSyWlqWuGiUhGpAGqf2,10,10,6,0,0,0,0
pEKPKRLCkLrMtANUIldf,City-Stade,played,captain,ChIJ_____8t75kcR0UKlEaGLc-w,48.78723859999999&2.2321955,2024-01-27T09:00:00.000Z,120,,public,false,Détente,4,VCr3vK6r5NfjK18JrxaVTAHVmA93,10,10,3,0,0,0,1
pFiemMYGqJe8qELCia1C,Footbox,published,pro,,48.9022789&2.582647,2024-03-10T13:00:00.000Z,60,10,public,false,,,QI89VPazyLhBVnWH871jk4BUEZI3,0,10,0,0,0,0,0
pG0cI2WBm7HiH2IQBMW8,Evolution Football,played,captain,ChIJX0YulIi8yRIRnGh62u3UXTQ,43.2836074&5.52356,2024-02-05T21:00:00.000Z,60,10,public,false,Détente,3,tLfG2HHzZwZ8cjXJSgDstQsOQmx1,10,10,0,0,0,0,0
pGpczSFnju3ZMi4Ugc7W,LE FIVE Paris 17,published,pro,,48.900032&2.3213449,2024-01-23T16:00:00.000Z,60,5,public,false,,,V6mqbc9C8FNa1RQlUupjeoqOsZL2,1,10,0,0,0,0,2
pH7eJz3xc7WWITHG1cUZ,LE FIVE Paris 17,published,pro,,48.900032&2.3213449,2024-02-13T16:00:00.000Z,60,5,public,false,,,V6mqbc9C8FNa1RQlUupjeoqOsZL2,10,10,0,0,0,0,1
pItEjW68tm9MTe59FwEE,Stadium Thiais,published,pro,,48.7511024&2.3713455,2024-03-13T16:30:00.000Z,90,10,public,false,,,psf3NmXEPwdCltHKJC7VuvJocrF3,0,10,0,0,0,0,0
pJPPlNsYlz7qrCvOR74S,STADE PIERRE BOURDAN,published,captain,ChIJlzXk7HLr9EcR8P0J9oTn_Pk,45.7924336&4.8403733,2024-01-21T09:00:00.000Z,120,,public,false,Détente,2,YnKrswmpQaRBkGKXp9RyyigbphC3,9,16,0,0,0,0,0
pJTESQY3Ot6cjGfOxBfu,LE FIVE Bezons,canceled,captain,ChIJ71Mv0Wpk5kcRg-H9x7L-dXo,48.9190524&2.211796,2024-01-28T15:45:00.000Z,60,10,public,true,Détente,3,IhRIypZc36a5gYXKkxvBrdTcjBb2,8,10,0,0,0,0,0
pJkKQy7StfsGZMkBW0Qi,Play Soccer,published,captain,ChIJQ-UxZn-5rhIRKWoQydM5T9s,43.5512023&1.4098927,2024-01-26T21:00:00.000Z,60,9,public,false,,3,8LtkeOuZHeePxfkXdNPmQSr7V9L2,1,10,0,0,0,0,0
pJvQNYlY1tYtFtC5mDtx,City-Stade,played,captain,ChIJ_____8t75kcR0UKlEaGLc-w,48.78723859999999&2.2321955,2024-02-03T09:00:00.000Z,120,,public,false,Détente,3,VCr3vK6r5NfjK18JrxaVTAHVmA93,10,10,2,0,0,0,1
pKi1j4gRpX7ZvFZ3prwk,UrbanSoccer La Défense,played,captain,ChIJh4rnfVhk5kcRV2Q-ZKdm8vA,48.8996456&2.2216773,2024-01-28T16:00:00.000Z,60,14,public,true,Détente,3,bGe0GfgFHHNHe9EV7kq6ubVhG853,10,10,2,0,0,0,1
pLU62KXp3Gmv5k5YIvK4,Stadium Thiais,published,pro,,48.7511024&2.3713455,2024-03-02T15:00:00.000Z,90,12,public,false,,,psf3NmXEPwdCltHKJC7VuvJocrF3,0,10,0,0,0,0,0
pNA0ejwB8kUKQD6R4Qcn,Stade Jean Jaurès,canceled,captain,ChIJZeiwsidk5kcRfr4JxmBG86s,48.9370177&2.2250254,2024-01-24T12:00:00.000Z,120,,public,false,Compétition,4,9RsiW31iSGhaAT8kokv7pIP4bmU2,5,18,0,0,0,0,0
pOC6Tmkv7ayJBVd9DEXZ,Stadium Thiais,played,captain,ChIJ64X9jzx05kcRsHvSfOv6UcA,48.7511137&2.3715422,2024-02-02T21:00:00.000Z,90,15,public,false,Détente,3,VbcLh0RDPDYVaN28Hs6CAiyHmh83,10,10,3,0,0,0,0
pOlwgV3KZfvraSgXYKzY,LE FIVE Bobigny,canceled,pro,,48.901553&2.4313304,2024-01-26T17:00:00.000Z,60,8,public,false,,,4owi3i7t8EOvFNF6UQvACOpiDRy1,1,10,0,0,0,0,0
pPILIbjKulLHHPDMXvBf,Stadium Thiais,played,pro,ChIJ64X9jzx05kcRsHvSfOv6UcA,48.7511024&2.3713455,2024-02-10T19:30:00.000Z,90,15,public,false,,,psf3NmXEPwdCltHKJC7VuvJocrF3,10,10,4,0,0,0,0
pPIxopJcGQIwlNF7Srwr,Top Ten,published,pro,ChIJfXprBx4b5kcRmhe-5pLZUek,48.8729106&2.6840919,2024-01-27T21:30:00.000Z,90,15,public,false,,,i27253AGxOfXgYJK72sBnvUGuMk2,0,10,0,0,0,0,0
pPbSMpKBmOL1CHBstWLL,Stadium Thiais,played,pro,ChIJ64X9jzx05kcRsHvSfOv6UcA,48.7511024&2.3713455,2024-01-21T15:30:00.000Z,90,15,public,false,,,psf3NmXEPwdCltHKJC7VuvJocrF3,10,10,7,0,0,0,3
pPhibyCYnjpSuTiEV1RT,"Plateau sportif Langevin, Gennevilliers",played,captain,ChIJufyQ7mpv5kcR-d-H3ZeTPb4,48.9278928&2.2874652,2024-01-23T17:45:00.000Z,90,,public,false,Compétition,5,IPBsO07hSPQnWzruNVQADGFnN7F2,10,10,4,0,0,0,4
pPpVDpUOD1ScpnjOziBQ,Game 13 foot indoor,played,captain,ChIJNSDvlsXryRIRUXao9hwB79I,43.41258939999999&5.366617,2024-01-25T17:30:00.000Z,60,10,public,false,Détente,2,DwUR2I0rdfa40m10L51LPgZlAAi1,10,10,3,0,0,1,2
pQBIbR7yUJ7SfZ2QiFlg,Footbox,published,pro,,48.9022789&2.582647,2024-03-09T12:00:00.000Z,60,10,public,false,,,QI89VPazyLhBVnWH871jk4BUEZI3,0,10,0,0,0,0,0
pROCYH2rjTKETsu4eSKx,LE FIVE Sarcelles,played,captain,ChIJ6_q3Fxhq5kcRCpoEwnoXX1Q,48.99782219999999&2.3902225,2024-02-01T19:00:00.000Z,90,10,public,false,Compétition,5,IoAhuD1JDofQbI5j8k8uBsyaRr22,10,10,2,0,0,0,1
pS5UhEvtkT6ei1s2q20o,LE FIVE Créteil,published,pro,,48.7643086&2.4706522,2024-03-03T11:00:00.000Z,60,11,public,false,,,ZmXMWx7aTdPoPkkGOWa2HIQVblq2,0,10,0,0,0,0,0
pS82AeaLBLc4PNXUn5F9,Parc Sainte Barbe,canceled,captain,ChIJtw301r5w5kcRvRjidiuAyaw,48.7922897&2.2913469,2024-01-31T11:00:00.000Z,120,,public,false,Détente,4,rzC8A0bd4afb9AWrHKlCPT9461y1,9,16,0,0,0,0,1
pTAbSbgsYKdNxpOJlT7g,Game 13 foot indoor,canceled,captain,ChIJNSDvlsXryRIRUXao9hwB79I,43.41258939999999&5.366617,2024-02-09T18:30:00.000Z,60,10,public,false,Détente,3,KToYmCQ2guXoIRW7kIoZeOMjzPd2,10,10,0,0,0,0,0
pTRWagaNyaKswK96bSYP,Top Ten,published,pro,,48.8729106&2.6840919,2024-02-06T22:00:00.000Z,90,16.5,public,false,,,i27253AGxOfXgYJK72sBnvUGuMk2,0,10,0,0,0,0,1
pU0BhJ6KFJ4ooFLA2Cpm,UrbanSoccer - Puteaux,played,captain,ChIJM_sC0-Nk5kcRhL1y_EFIje8,48.8836397&2.2312283,2024-02-02T20:00:00.000Z,60,14,public,true,Détente,3,SEJEahaqYVVlW05PP2N7hVaKFE72,10,10,4,1,0,0,3
pUXTMz8qSj8UUOnT5OHH,UrbanSoccer - Toulouse Montaudran,played,captain,ChIJl772e0u8rhIR2foRX4Xa2CI,43.574642&1.4801835,2024-01-26T11:00:00.000Z,60,8,public,true,Détente,,mjSUKQxNFAQyhIBqTPOQiTdKWJY2,10,10,0,0,0,0,1
pUvUEjXlowUHjsrVbowg,Complexe sportif de l'île des Vannes,canceled,captain,ChIJTZWfSNNv5kcRmHP3Tz0AJ6A,48.9188419&2.3245603,2024-01-28T15:45:00.000Z,120,,public,false,Compétition,5,Csrh8EMzKaZCCcCZeEhs2tGGZRr1,10,10,0,0,0,0,0
pVhD5KIj9SsM8AVNvjfk,Stadium Thiais,played,pro,,48.7511024&2.3713455,2024-02-11T09:30:00.000Z,90,15,public,false,,,psf3NmXEPwdCltHKJC7VuvJocrF3,10,10,3,0,0,0,2
pWEkGe5PI9BSRKdEcZYn,GOPARK INTERIEUR - Paintball et trampolines parc,published,captain,ChIJ2cJmdhf15kcRQ4mUOxIVzd0,49.045624&2.0799886,2024-02-13T20:00:00.000Z,90,12,public,false,Détente,3,TlFdoPzd1sOf6Sm1jV063PZtaLV2,12,12,0,0,0,0,1
pWQM7QTNuEJpJmmL2bu4,Stadium Thiais,published,pro,ChIJ64X9jzx05kcRsHvSfOv6UcA,48.7511024&2.3713455,2024-02-10T12:30:00.000Z,90,15,public,false,,,psf3NmXEPwdCltHKJC7VuvJocrF3,0,12,0,0,0,0,1
pWyrbQxN2GPrelSUnFIx,Centre sportif Suzanne Lenglen,canceled,captain,ChIJjyw8lw975kcRB8dEmGn3P0Q,48.8302835&2.2740847,2024-01-26T13:00:00.000Z,90,,public,false,Compétition,3,og2EZuv5H8PCmqLY8RjBnUSpa8Y2,8,16,0,0,0,0,0
pXAAsiBdSNg7Ak8iu99u,Top Ten,played,captain,ChIJfXprBx4b5kcRmhe-5pLZUek,48.8729209&2.6841223,2024-01-30T20:00:00.000Z,90,15,public,false,Détente,3,8FrxHIuCFhcjbTjzTicXer9t9Vz2,10,10,2,0,0,0,0
pYimy1PnBdZyBm3fwk5Q,Noisy Le Grand Futsal,canceled,captain,ChIJvfMD4xYO5kcReGOpojsoyNk,48.8388754&2.564665,2024-02-04T15:00:00.000Z,90,15,private,false,Détente,,uQpRRWuRhxcek7544rADGpc0NlC2,1,10,0,0,0,0,0
pZFitlx77eiqzyXGH6Ta,LE FIVE Montreuil,published,pro,,48.8613036&2.4653095,2024-01-25T11:00:00.000Z,90,10.5,public,false,,,u9uC1vjdcdQ3UqNxI0SiFxor0m43,1,10,0,0,0,0,0
paTd2PAWTV8Ju43Ahlbf,Top Ten,published,pro,,48.8729106&2.6840919,2024-02-28T16:00:00.000Z,90,5,public,false,,,i27253AGxOfXgYJK72sBnvUGuMk2,5,10,0,0,0,0,1
pdVMkv8NKTHQeXjqnSwC,Top Ten,played,pro,,48.8729106&2.6840919,2024-02-07T16:00:00.000Z,90,5,public,false,,,i27253AGxOfXgYJK72sBnvUGuMk2,10,10,10,0,0,0,10
peRziSuxmgT8kETDdu7z,UrbanSoccer Orsay,played,captain,ChIJpZIJg7J45kcRrKWKhtbfnEQ,48.70829&2.17794,2024-02-08T19:00:00.000Z,90,17.25,public,true,Détente,3,ee1xUgZHOqeY6QdvDARYVOlrzLj2,10,10,0,0,0,0,0
peUyHCp2Pnoho8sB4oV5,Stadium Thiais,published,pro,,48.7511024&2.3713455,2024-02-20T11:00:00.000Z,60,7,public,false,,,psf3NmXEPwdCltHKJC7VuvJocrF3,0,10,0,0,0,0,0
pf5FTwyGxbxDHHClEyJe,LE FIVE Sarcelles,played,captain,ChIJ6_q3Fxhq5kcRCpoEwnoXX1Q,48.99782219999999&2.3902225,2024-01-28T17:00:00.000Z,60,13,public,false,Détente,,SGuEHBTVYmf3lbEad0P7i9ITSAs2,10,10,3,0,0,0,1
piBLVxwwOU5S0XEEhzna,LE FIVE Paris 18,published,pro,,48.8978522&2.3700234,2024-02-13T16:00:00.000Z,60,5,public,false,,,UQf33jQhVZhle917nO0h7D5qclV2,8,10,0,0,0,0,5
pjdWBY29Gtj9ZiEN7n5L,Kinshasa,published,pro,,-4.3032527&15.310528,2024-02-11T11:23:00.000Z,90,12,public,false,,,zCvsukfMuuffsuPpSTQwb7MusMD2,1,10,0,0,0,0,0
pjiPrYry6ogz3V3jRMRp,Stadium Thiais,published,pro,,48.7511024&2.3713455,2024-03-06T15:00:00.000Z,90,8,public,false,,,psf3NmXEPwdCltHKJC7VuvJocrF3,0,10,0,0,0,0,0
pkApaUn7uzbO2E7Jn4o0,Stadium Thiais,played,captain,ChIJ64X9jzx05kcRsHvSfOv6UcA,48.7511024&2.3713455,2024-01-26T18:00:00.000Z,90,15,public,false,Détente,3,3byFrILy0EMADJDI5qcgooUVKPy2,10,10,5,0,0,0,4
pniqBjcv97mKbGtwVFKB,F5 Foot Five,played,captain,ChIJjUbM5G7A9EcRW3mlkrhyXxY,45.7857911&4.905926399999999,2024-02-01T19:00:00.000Z,60,10,public,false,Détente,4,R01GH804gVMhrrQIAIH20PMYnHk2,10,10,2,0,0,0,0
pnirP9sV98HqCjvg9Z6q,LE FIVE Montreuil,played,captain,ChIJJdTQjr0T5kcRZmGxtIJVy44,48.8607303&2.4650432,2024-01-26T22:00:00.000Z,60,5,private,false,Détente,4,OuJ75P9Oyqg97I4ZUhBk2d6p9rO2,10,10,4,0,0,0,0
pnksu7Twsuu8nOUvUioD,LE FIVE Paris 17,played,captain,ChIJ7eI8sFNv5kcR5xy52Wc57NU,48.900032&2.3213449,2024-01-23T11:30:00.000Z,60,10,public,true,Détente,2,KoThYRQqO3RDB3Gw4iiKn0zuuvf2,10,10,2,0,0,0,0
poBM4r2PtxNNhZ7MBe6c,UrbanSoccer La Défense,played,captain,ChIJh4rnfVhk5kcRV2Q-ZKdm8vA,48.8996456&2.2216773,2024-02-09T17:30:00.000Z,60,14.5,public,true,,4,qkbgc5McrFcCDsjV94eJgqC0Msu1,10,10,1,0,0,0,1
pp1f8bGTZblSMCfQ2bAm,Top Ten,published,pro,ChIJfXprBx4b5kcRmhe-5pLZUek,48.8729106&2.6840919,2024-01-27T17:30:00.000Z,90,15,public,false,,,i27253AGxOfXgYJK72sBnvUGuMk2,0,10,0,0,0,0,0
ppUC13J1lBLA4bwYRMqZ,Foot POWER 5,canceled,pro,,48.960066&2.2061913,2024-01-31T17:00:00.000Z,90,5,public,false,,,sss3dYi6nzWd7rEjwcQ30LGKudj1,0,10,0,0,0,0,0
pqFzSA90VFyTXyMFWTjA,Play Soccer,played,captain,ChIJQ-UxZn-5rhIRKWoQydM5T9s,43.5512023&1.4098927,2024-01-31T19:30:00.000Z,60,10,public,false,,,8LtkeOuZHeePxfkXdNPmQSr7V9L2,10,10,3,0,0,0,0
pqURMxh5bKjMKxrkM80N,Stadium Thiais,published,pro,,48.7511024&2.3713455,2024-02-25T16:30:00.000Z,90,15,public,false,,,psf3NmXEPwdCltHKJC7VuvJocrF3,0,10,0,0,0,0,0
pqnSmj2l0gQUW5mjTC2s,Top Ten,published,pro,,48.8729106&2.6840919,2024-03-12T16:00:00.000Z,90,5,public,false,,,i27253AGxOfXgYJK72sBnvUGuMk2,0,10,0,0,0,0,0
pqsILLHHNHoTOLzT7kOL,UrbanSoccer - Porte d'Aubervilliers,canceled,captain,ChIJ0dXjDCZs5kcRvX0EpMwxsUY,48.9074912&2.3746518,2024-02-11T19:45:00.000Z,60,15,public,true,Détente,4,ZWz4QsXbOndU0e44kpgxAjMAD0A3,5,10,0,0,0,0,0
pr0qBsMG3HduCMozgZvX,Stadium Thiais,published,pro,,48.7511024&2.3713455,2024-02-12T15:00:00.000Z,90,10,public,false,,,psf3NmXEPwdCltHKJC7VuvJocrF3,0,10,0,0,0,0,0
prECLn4XSQFVsLiUBrl9,Stadium Thiais,played,captain,ChIJ64X9jzx05kcRsHvSfOv6UcA,48.7511024&2.3713455,2024-01-25T19:00:00.000Z,90,15,private,false,Compétition,3,ivJjDu3v1IbjkaGKCqaOoVymlgD3,10,10,2,0,0,0,0
proG0Y2wDRQlrlmOLjcq,Top Ten,published,pro,,48.8729106&2.6840919,2024-02-09T22:00:00.000Z,90,16.5,public,false,,,i27253AGxOfXgYJK72sBnvUGuMk2,0,10,0,0,0,0,0
proppkHPjfd7Z0J8tnSa,City Stade - Ivry,played,captain,ChIJkcqlrnhz5kcRYDm_fAMKBxo,48.8172947&2.3926639,2024-01-21T08:20:00.000Z,150,,public,false,Détente,,FYfgfT1shkXXyaMI4sZTA7d9Qdw2,10,10,2,0,0,0,1
psnQDK2ky3zuLZzgdcSu,LE FIVE Montreuil,published,pro,,48.8613036&2.4653095,2024-03-12T12:00:00.000Z,60,7,public,false,,,u9uC1vjdcdQ3UqNxI0SiFxor0m43,0,10,0,0,0,0,0
pt41ru2PXiI7kCx2OkCi,LE FIVE Montreuil,published,pro,,48.8613036&2.4653095,2024-03-06T11:00:00.000Z,90,10.5,public,false,,,u9uC1vjdcdQ3UqNxI0SiFxor0m43,0,10,0,0,0,0,0
ptPfKQtcc3AK0pLnelXs,Stade Lilian Thuram,played,captain,ChIJy0-vXf9l5kcRH4WAmpihUQE,48.933705&2.2828141,2024-01-28T08:10:00.000Z,150,,public,false,Compétition,5,9u07nYCxPsS4Kuk04jJnzAYlOXf2,16,16,2,0,0,0,2
ptWytvlIzP4FKpOLN5DU,LE FIVE Sarcelles,published,captain,ChIJ6_q3Fxhq5kcRCpoEwnoXX1Q,48.99782219999999&2.3902225,2024-02-15T19:00:00.000Z,90,10,public,false,Détente,3,que2ClS9cKaQ76VTIMNVaEEzQlW2,10,10,0,0,0,0,0
ptzDTqlhdePEgX0nB7te,LE FIVE Paris 18,played,pro,,48.8978522&2.3700234,2024-02-05T21:20:00.000Z,90,10,public,false,,,UQf33jQhVZhle917nO0h7D5qclV2,10,10,8,0,1,0,5
pumXNEzaoswqzCH5i4W8,UrbanSoccer - Puteaux,played,captain,ChIJM_sC0-Nk5kcRhL1y_EFIje8,48.8836397&2.2312283,2024-01-28T18:00:00.000Z,60,12,public,true,Détente,3,Tdbb5p508dVAW12sHB2CCgEjC1v1,10,10,3,0,0,0,2
pvEszpn2oA60UG6DrP5T,Hall des sports Langevin-Wallon,played,captain,ChIJGSdHn74T5kcRGAx1z0JCbwo,48.8808&2.4821681,2024-02-09T19:30:00.000Z,120,,public,false,Compétition,4,5tI7nJKuTRWNJgO1jYKyzMYNwog2,12,12,6,0,0,0,5
pvWONVsQCUybNkV8HjNN,LE PARK Complexe Multisports,canceled,captain,ChIJdUHbID8O5kcRV5lQhiHTvhs,48.8337843&2.5728501,2024-01-24T11:30:00.000Z,60,4,public,false,,3,5lNgxQ4W4TaNBcQKlImX9ajsqCC2,9,10,0,0,0,0,0
pyg5o8xh590IFcj6E9Yb,Top Ten,published,pro,ChIJfXprBx4b5kcRmhe-5pLZUek,48.8729106&2.6840919,2024-01-21T11:30:00.000Z,90,15,public,false,,,i27253AGxOfXgYJK72sBnvUGuMk2,0,12,0,0,0,0,1
q0WxlKBpigpxI3UF9LUE,Futsal,played,captain,ChIJW2Aqm4nXwkcRlCVWc3BBA7g,50.6160524&3.100639,2024-01-26T18:00:00.000Z,90,8,private,false,Compétition,4,apVKYcOhmBZbIt0BG505gXs5JVd2,10,10,7,0,0,0,0
q2JTp1blLlRcXbGR1BwE,LE FIVE Marville - La Courneuve,played,captain,ChIJ2dHdMZxr5kcR0aKYHYsp0pY,48.9364404&2.3869147,2024-01-27T11:00:00.000Z,90,,public,false,Détente,,UQIzgg1tU5hqAmZUUBYY03eXnSA2,10,10,2,0,0,0,2
q38YxLE2toZFpN9b3qSw,UrbanSoccer - Angers,canceled,captain,ChIJBcOLHhJ_CEgRBi_FUHPvAQ0,47.472353&-0.6048954999999999,2024-02-09T13:00:00.000Z,60,10,public,true,Détente,2,hRO6pMT29rV3DpkvoSo9j0FOECj2,3,10,0,0,0,0,0
q3ZoYE0XHx1F3OTtuNTa,Stadium Thiais,published,pro,,48.7511024&2.3713455,2024-02-16T11:00:00.000Z,60,7,public,false,,,psf3NmXEPwdCltHKJC7VuvJocrF3,0,10,0,0,0,0,0
q3rJ3W25Oil3UCSRUtRC,Footbox,published,pro,,48.9022789&2.582647,2024-02-25T14:00:00.000Z,60,10,public,false,,,QI89VPazyLhBVnWH871jk4BUEZI3,0,10,0,0,0,0,0
q5qHzPAknJGyyLYh9SHH,Top Ten,played,captain,ChIJfXprBx4b5kcRmhe-5pLZUek,48.8729106&2.6840919,2024-01-20T17:00:00.000Z,60,10,public,false,Détente,2,WpGAhdmulIdsMLgkOSuAldGXgFK2,10,10,4,0,0,0,0
q6Js57Vq4SlkuCZqYRAT,Top Ten,published,pro,,48.8729106&2.6840919,2024-01-23T16:00:00.000Z,90,5,public,false,,,i27253AGxOfXgYJK72sBnvUGuMk2,0,10,0,0,0,0,5
q6SuxTf4JnJSds6Yiq5h,UrbanSoccer - Asnières,canceled,captain,ChIJi5LkLT9v5kcRSlhScqEFNWs,48.92192379999999&2.3068311,2024-02-12T20:30:00.000Z,90,13.5,public,true,Détente,3,vZsElmt88gMpyysHa4Il7nfYy4m2,9,10,0,0,0,0,0
q6Xnn1E2iI7yWTi7535v,Footbox,published,pro,,48.9022789&2.582647,2024-03-02T12:00:00.000Z,60,10,public,false,,,QI89VPazyLhBVnWH871jk4BUEZI3,0,10,0,0,0,0,0
q7JT6UHdhiwE8sEmqaiG,Le Mercato FOOT INDOOR,canceled,captain,ChIJzRK7HJy_yRIRqEreyEiAfC0,43.3426654&5.4084961,2024-02-05T19:00:00.000Z,60,7.5,public,false,Détente,3,usdqxt6LMwXPc4AMWZ0NpxwPYR63,8,10,0,0,0,0,0
q8Jzo0LlynnSbNGUEeNn,Footbox,published,pro,,48.9022789&2.582647,2024-02-21T15:00:00.000Z,60,7,public,false,,,QI89VPazyLhBVnWH871jk4BUEZI3,0,10,0,0,0,0,0
q8lb1rrg7aIIeIgyeaWk,LE FIVE Paris 18,played,captain,ChIJpVT4_n1u5kcRzji6FdTBXXo,48.8978522&2.3700234,2024-02-12T22:00:00.000Z,60,5,public,true,Compétition,5,HQVCQOz6OrhL220511FtYes80UL2,10,10,6,0,0,0,0
qAO0YgvKl9RJZ2bCQhwU,LE FIVE Bezons,published,pro,,48.91909&2.2093051,2024-02-14T21:00:00.000Z,90,14,public,false,,,U3MriTZbPbTUEsU6RtRuHxDMKvg2,0,10,0,0,0,0,0
qBE66M7Edibwd9DtRFHr,Stadium Thiais,played,pro,ChIJ64X9jzx05kcRsHvSfOv6UcA,48.7511024&2.3713455,2024-02-08T18:00:00.000Z,90,15,public,false,,,psf3NmXEPwdCltHKJC7VuvJocrF3,10,10,8,0,0,0,2
qBdU9jNjIZQTPzFX7m7O,LE FIVE VITROLLES,played,captain,ChIJi4A-IrHoyRIRunoYLEGNeYI,43.4338497&5.240971399999999,2024-02-09T22:00:00.000Z,60,8,public,false,Détente,,RSksq6zRGSZFAezpuIWm00nkLdI2,10,10,2,0,0,0,0
qBheqqdXI31qCtZMHcLd,Skatepark de Charonne,canceled,captain,ChIJvbbfRvVt5kcRPabtcgU9cOk,48.85615199999999&2.3884235,2024-02-10T09:30:00.000Z,120,,public,false,Compétition,5,bsKS0eg06Qgeez3CXFRMDxi2kjt2,7,10,0,0,0,0,1
qCibd6VwuJVY4Zje5xgD,Foot POWER 5,canceled,pro,,48.960066&2.2061913,2024-03-08T17:00:00.000Z,90,5,public,false,,,sss3dYi6nzWd7rEjwcQ30LGKudj1,0,10,0,0,0,0,0
qE0sc3e456HUBq9ALbqL,Parc des Sévines,played,captain,ChIJv2671kdv5kcRvcrtQqiuAvQ,48.9267&2.30329,2024-02-01T11:20:00.000Z,60,,public,false,Détente,2,74fSRAEAFQeuA0MuBXzLOQkQasn1,14,14,1,0,0,0,0
qEdh6PBozpz81gCM0ss6,LE FIVE Paris 13,published,captain,ChIJ_bOSChhz5kcRZMTeq_6Gdzg,48.8181615&2.3658793,2024-02-08T09:00:00.000Z,60,10,public,true,Compétition,2,IDi1GwlCS3UiUeohkP21dBdx99O2,1,10,0,0,0,0,0
qGNdSlGux78FB33T8w7F,UrbanSoccer La Défense,canceled,captain,ChIJh4rnfVhk5kcRV2Q-ZKdm8vA,48.8996456&2.2216773,2024-01-28T15:45:00.000Z,90,21.75,public,true,Détente,5,AyVTKxqDMvRn9jEcZWHZeFgHs513,9,10,0,0,0,0,0
qGhrq0uMJXkVtUnuTGKR,UrbanSoccer - Puteaux,played,captain,ChIJM_sC0-Nk5kcRhL1y_EFIje8,48.8836397&2.2312283,2024-01-21T12:00:00.000Z,90,21,public,true,Détente,3,cdV2RHR98VO037Rf3nQrlu4cOvv1,10,10,2,0,0,0,0
qHvNtCoXN2ixyJfLtZKt,Classico Foot,canceled,captain,ChIJFV442oCxrhIRgsZy5aIbkNs,43.5945434&1.2911399,2024-01-30T19:00:00.000Z,60,9,public,false,Détente,3,gwuFGYc4hwgADLs8TjyYVsS3fSS2,9,10,0,0,0,0,0
qM2xXacqPIlkwTDmDcLJ,LE FIVE Paris 17,canceled,captain,ChIJ7eI8sFNv5kcR5xy52Wc57NU,48.900032&2.3213449,2024-01-26T20:30:00.000Z,90,18,public,true,Chill,3,ifrWrPL72odtXdX5oni1wWuYcoN2,10,10,0,0,0,0,0
qMgj9yob7cKFNlirFtq0,Padel Pioline,canceled,captain,ChIJ6WaGooiTyRIRtwKvldVl984,43.5085107&5.4087401,2024-01-31T18:00:00.000Z,60,8,public,false,Détente,3,rLbMhlfrTCeNEfIXGJDNfyWsV632,5,10,0,0,0,0,0
qP04hQ0QVHH93zrTqvLC,Events Five,played,captain,ChIJf8cSCJG5rhIRoQadPH-wW1U,43.5399703&1.3922897,2024-01-29T18:00:00.000Z,60,8,public,false,Détente,2,AMEnp6DXr5auGuUEuCYRvdtRzUC2,10,10,2,0,0,0,0
qQBp3Dfs6i4jphxLUFPd,Stadium Thiais,played,captain,ChIJ64X9jzx05kcRsHvSfOv6UcA,48.7511137&2.3715422,2024-02-04T11:00:00.000Z,90,15,private,false,,4,v9QxjofU6CgNGn14lbpXD92mad93,10,10,0,0,0,0,0
qQTaV6zdnU0P80vVtONA,LE FIVE Paris 13,published,pro,,48.8181615&2.3658793,2024-01-29T22:00:00.000Z,60,10,public,false,,,FjSnzlRFFfhWVWQJGfIEwRc2ZMj2,0,10,0,0,0,0,1
qQpGYmDR8bM0q9wQb4D9,LE FIVE Paris 17,published,pro,,48.900032&2.3213449,2024-03-07T16:00:00.000Z,60,5,public,false,,,V6mqbc9C8FNa1RQlUupjeoqOsZL2,0,10,0,0,0,0,0
qSDS1PEQUhnKaEeidIBo,UrbanSoccer - Lille Bondues,canceled,captain,ChIJ58ZerMgrw0cR2Jyp7tZjBn4,50.6913774&3.0860264,2024-01-22T18:30:00.000Z,60,11,public,true,Détente,3,OCWzufzKuVWFZsQlEiqXahkjB163,9,10,0,0,0,0,0
qSxOdSnNkLUbjeAedVH7,UrbanSoccer - Toulouse Sept Deniers,canceled,captain,ChIJk5nUBdOkrhIRP-1aUJzo-lA,43.6321552&1.411696,2024-02-04T17:10:00.000Z,90,13.5,public,true,Détente,3,qYH09o8qjsXOMpHf56MBTYcMKhp1,9,10,0,0,0,0,0
qTHlUXCQZyitLzu4mkUU,LE FIVE Marville - La Courneuve,played,captain,ChIJ2dHdMZxr5kcR0aKYHYsp0pY,48.9364404&2.3869147,2024-01-25T17:30:00.000Z,90,14,public,false,Détente,,pjYtyc6ovPQlG42xOPuk2Epitt92,10,10,1,0,0,0,1
qTUkvycvgYlpldYt9dSE,Stadium Thiais,published,pro,,48.7511024&2.3713455,2024-01-20T16:30:00.000Z,90,12,public,false,,,psf3NmXEPwdCltHKJC7VuvJocrF3,0,10,0,0,0,0,0
qTd3ZPwXtgDFKXXjIjQs,LE FIVE Paris 13,published,captain,ChIJ_bOSChhz5kcRZMTeq_6Gdzg,48.8181615&2.3658793,2024-01-27T09:00:00.000Z,60,14,private,true,Détente,2,HCIZn58X0Ac5YB1vzTLeOt4ceMI3,7,8,0,0,0,0,1
qTjnXqkkGdKbQCTpn5zw,UrbanSoccer Meudon,canceled,captain,ChIJ0WKvjbh75kcRoqSmyWwW2jQ,48.8001204&2.2140771,2024-01-30T18:30:00.000Z,60,11.5,public,true,Détente,,vqH5S6QUpXbyIFWf5LczdUAlVBQ2,9,10,0,0,0,0,0
qUSMT2xHrzp6AQISKbOE,Top Ten,published,pro,,48.8729106&2.6840919,2024-03-02T15:30:00.000Z,90,15,public,false,,,i27253AGxOfXgYJK72sBnvUGuMk2,0,10,0,0,0,0,0
qUrmwuFpfFel027igYUd,UrbanSoccer La Défense,played,captain,ChIJh4rnfVhk5kcRV2Q-ZKdm8vA,48.8996456&2.2216773,2024-01-28T16:00:00.000Z,90,21.5,public,true,Détente,2,J94jgmKVgWSAq7oBTqIzsm09nri2,10,10,2,0,0,0,1
qWE5JjCF7tkS6Mgj1hWY,Top Ten,played,captain,ChIJfXprBx4b5kcRmhe-5pLZUek,48.8729106&2.6840919,2024-01-20T19:30:00.000Z,90,6,public,false,Détente,2,kdUZphTzf4WDohaeV0pKdSG8kX63,12,12,3,0,0,0,0
qWS9EFSSlnpTHhqLePTO,FIVE ARENA MEAUX ,published,pro,,48.9539465&2.9154573,2024-02-04T09:30:00.000Z,90,10,public,false,,,4K6djqUyJdTgGF3Q7nh7CXQHqVh1,0,10,0,0,0,0,0
qWspXgx5o7QSLCf5tStQ,LE FIVE Morangis,canceled,captain,ChIJA4uAhOXZ5UcRp-vZXZP-ovY,48.692672&2.3192811,2024-02-09T20:30:00.000Z,90,14,public,false,Détente,,GeY3OezqbIW13tvJpKY3ph4fPTj1,1,10,0,0,0,0,0
qX6IfJBq9IJUAJSfNhu1,UrbanSoccer - Asnières,played,captain,ChIJi5LkLT9v5kcRSlhScqEFNWs,48.92192379999999&2.3068311,2024-01-23T17:30:00.000Z,60,12,public,true,Détente,3,Bgm1QLZMc7ZydS0vEI04Uu0K2nD3,10,10,1,0,0,0,0
qYXzwYMB5Z7mOp8SBHUS,LE FIVE Bezons,canceled,captain,ChIJ71Mv0Wpk5kcRg-H9x7L-dXo,48.9190524&2.211796,2024-02-03T13:30:00.000Z,90,13.5,public,true,Détente,3,Ie6QHln4ZZT5QOIxAkzi1CEDjLG2,10,10,0,0,0,0,1
qZXjFoxOE6dXyd7WgpFA,UrbanSoccer - Quai d'Ivry,played,captain,ChIJfXxYJ0xy5kcRw9xTkF6-FZQ,48.8199885&2.3936463,2024-01-27T08:45:00.000Z,90,15,public,true,Détente,3,ClJ8xW3on0O29u8chL9okdN1JBY2,10,10,0,0,0,0,0
qaEl7U5ZcJOavrEjt3zx,LE FIVE Bobigny,published,captain,ChIJV8UONORs5kcRXxR5Qd7x130,48.901553&2.4313304,2024-01-27T15:00:00.000Z,90,15,public,false,Détente,3,uPlaWj2xSHMgJEtIo0vOlQu8n2X2,2,10,0,0,0,0,0
qb8Vta41VP0rtvUDMNMF,UrbanSoccer - Lille Lezennes,canceled,captain,ChIJR3ro5nTWwkcRfM_S3Be9HjI,50.6162725&3.0998108,2024-02-11T16:00:00.000Z,60,11,public,true,Détente,3,FfODf1K4wxQF0dc4cH43GeK7Kd23,9,10,0,0,0,0,0
qc5uYomKtn3m64mlyfKP,Play Soccer,played,captain,ChIJQ-UxZn-5rhIRKWoQydM5T9s,43.5512023&1.4098927,2024-01-25T18:00:00.000Z,60,10,public,false,,,8LtkeOuZHeePxfkXdNPmQSr7V9L2,10,10,4,0,0,0,1
qcscdNrekFnDKVlGT3wO,Sport dans la Ville Rhône-Alpes,played,captain,ChIJoUEDcmvr9EcRILCz6hDCQ2o,45.7811703&4.8081568,2024-02-07T18:00:00.000Z,90,13,public,false,Détente,3,goWfR3BnnZZsX9KXGB8YEVCj6rv2,10,10,4,0,0,0,0
qelfbRH9xvtgNpRRcKls,Stadium Thiais,played,captain,ChIJ64X9jzx05kcRsHvSfOv6UcA,48.7511024&2.3713455,2024-01-28T14:00:00.000Z,90,12,public,false,Détente,3,N3YGknfQ1wRztd8lYNV2kwt0N9D3,10,10,3,0,0,0,1
qfPVumvFEX478AHQgH4h,LE FIVE Villette,published,captain,ChIJTUFnQjps5kcR0pHITLTw1PI,48.9070122&2.3861459,2024-01-24T17:00:00.000Z,60,8,public,false,Détente,2,HyTxpFhXmdhAuifzKsqMZdmeS5q1,8,10,0,0,0,0,1
qfie0PLtHqfosGLp77pk,UrbanSoccer - Quai d'Ivry,canceled,captain,ChIJfXxYJ0xy5kcRw9xTkF6-FZQ,48.8199885&2.3936463,2024-01-30T20:15:00.000Z,60,14,public,true,Détente,3,7KCTRqHWpoffyFbx9aJh0HxLRM92,6,10,0,0,0,0,0
qhVFzwpDD8LWqUKzM3Sf,UrbanSoccer - Quai d'Ivry,canceled,captain,ChIJfXxYJ0xy5kcRw9xTkF6-FZQ,48.8199885&2.3936463,2024-01-28T09:00:00.000Z,120,20,public,true,,3,742RCjYR9KhvGvHzS0oN8AsFpvY2,9,10,0,0,0,0,0
qkF7jA119WjtNNwyapzV,LE FIVE Champigny,published,pro,,48.8194084&2.5251846,2024-02-20T16:00:00.000Z,60,7,public,false,,,evlV9mUgATYQ5343zpYZvk4w0r03,0,10,0,0,0,0,0
qkfrjV6URrDEvaBzSfcI,UrbanSoccer La Défense,canceled,captain,ChIJh4rnfVhk5kcRV2Q-ZKdm8vA,48.8996456&2.2216773,2024-01-31T19:45:00.000Z,60,15,public,true,Détente,3,ujrkM923ZkZfdxOxjC0wVMcRqxw1,10,10,0,0,0,0,0
qm2kBPYiWPLbynRQSBB7,Foot POWER 5,canceled,pro,,48.960066&2.2061913,2024-02-04T17:00:00.000Z,90,10,public,false,,,sss3dYi6nzWd7rEjwcQ30LGKudj1,0,10,0,0,0,0,0
qmYXrYxcoERfd1k8Pal0,LE FIVE Montreuil,published,pro,,48.8613036&2.4653095,2024-02-18T13:00:00.000Z,90,15,public,false,,,u9uC1vjdcdQ3UqNxI0SiFxor0m43,0,10,0,0,0,0,0
qnSEgVDNaX1k30WLP7V0,LE FIVE Montreuil,played,captain,ChIJJdTQjr0T5kcRZmGxtIJVy44,48.8607303&2.4650432,2024-01-28T10:00:00.000Z,60,10,public,false,Détente,3,9fKVe5bYXhPeaaV2DszUENaSQ953,10,10,2,0,0,0,1
qq6UM0Yc1HmG9hCRYCd0,Massilia Foot Indoor 2,published,captain,ChIJxZ6UmMW-yRIRfYNGGPPJfIU,43.3266563&5.3836488,2024-01-20T09:00:00.000Z,60,9,public,false,Détente,3,9JItkFokU7N8jvLxYRyhwTOUY7t1,8,10,0,0,0,0,0
qrGxTjSnBEAMTQyQIbKK,LE FIVE Paris 17,canceled,captain,ChIJ7eI8sFNv5kcR5xy52Wc57NU,48.900032&2.3213449,2024-02-10T20:00:00.000Z,60,12,public,true,Détente,3,4E9IlsbiWkd5y4uHNXAtHpwMt833,5,10,0,0,0,0,0
qrr2T0lxNPOC56szYO9F,Stade Municipal Marcel Calmes,published,captain,ChIJC_qK2CjIrhIRowoOHPBnvOk,43.4718791&1.3349558,2024-02-01T10:00:00.000Z,60,,public,false,Détente,,javIaCwfJQchcwRbGUIfcRhkhU22,3,10,0,0,0,0,0
qvKYwnvsbmhGXMYaihNd,LE FIVE Paris 18,played,captain,ChIJpVT4_n1u5kcRzji6FdTBXXo,48.8978522&2.3700234,2024-01-30T18:30:00.000Z,60,14,public,true,Détente,2,YtW7PR9E5ya9nis8ptOIwNwFqad2,10,10,3,0,0,0,0
qvjWRwhcOt7IrC8r3gaM,Top Ten,published,pro,ChIJfXprBx4b5kcRmhe-5pLZUek,48.8729106&2.6840919,2024-01-28T08:00:00.000Z,90,15,public,false,,,i27253AGxOfXgYJK72sBnvUGuMk2,1,10,0,0,0,0,0
qwm0evvkylGHVboY71aI,LE FIVE Paris 17,published,pro,,48.900032&2.3213449,2024-02-27T16:00:00.000Z,60,5,public,false,,,V6mqbc9C8FNa1RQlUupjeoqOsZL2,1,10,0,0,0,0,0
qxU5khYlB9O0AcMT6PhX,UrbanSoccer - Porte d'Aubervilliers,played,captain,ChIJ0dXjDCZs5kcRvX0EpMwxsUY,48.9074912&2.3746518,2024-02-04T17:00:00.000Z,90,21,public,true,Détente,,hwkM4ghXAlZJ1nHq3lDvqgb5mis1,10,10,3,0,0,0,0
qzQf6GuZEHBhZ2Rw4Qzk,LE FIVE Montreuil,published,pro,,48.8613036&2.4653095,2024-02-07T09:00:00.000Z,90,10.5,public,false,,,u9uC1vjdcdQ3UqNxI0SiFxor0m43,1,10,0,0,0,0,0
qzToj23RVIYgEF4PlKjl,Stadium Thiais,played,pro,ChIJ64X9jzx05kcRsHvSfOv6UcA,48.7511024&2.3713455,2024-02-01T21:00:00.000Z,90,14,public,false,,,psf3NmXEPwdCltHKJC7VuvJocrF3,10,10,5,0,0,0,1
qzkTXsK0aNeLMtqN0SMd,LE FIVE Montreuil,published,pro,,48.8613036&2.4653095,2024-02-26T11:00:00.000Z,60,7,public,false,,,u9uC1vjdcdQ3UqNxI0SiFxor0m43,0,10,0,0,0,0,0
r1diwsKbIqKkb1qwfbbR,Monclub Futbol,published,pro,,43.4299152&5.4001974,2024-02-24T15:30:00.000Z,90,12,public,false,,,CSTy9rmJRQSyWlqWuGiUhGpAGqf2,0,10,0,0,0,0,0
r3H0WG76ptN2PScFFB1I,LE FIVE Bezons,canceled,pro,,48.91909&2.2093051,2024-01-25T17:00:00.000Z,60,7,public,false,,,U3MriTZbPbTUEsU6RtRuHxDMKvg2,0,10,0,0,0,0,0
r3I87cqzG99mb56v15wc,UrbanSoccer Meudon,played,captain,ChIJ0WKvjbh75kcRoqSmyWwW2jQ,48.80013599999999&2.2140811,2024-02-05T19:30:00.000Z,90,16.5,public,true,Détente,3,PGl6d9h1Jcd2JxTl3QXnbLBL73E3,10,10,0,0,0,0,1
r3gytvorJtGwIumT0Gom,LE FIVE Créteil,canceled,captain,ChIJ88lx3VwL5kcRVxCh4lD6_Gk,48.7643086&2.4706522,2024-02-15T18:30:00.000Z,60,11,public,false,Détente,2,kM4xdNe9LtQRo8K0dIf3BmRs8Ba2,6,10,0,0,0,0,1
r62ajYu5NteagiZjylke,UrbanSoccer - Asnières,played,captain,ChIJi5LkLT9v5kcRSlhScqEFNWs,48.92192379999999&2.3068311,2024-01-24T18:00:00.000Z,90,18,public,true,Détente,,lNa631RtvLSY1UGkaEOy2g9MDWS2,10,10,1,0,0,0,2
r6wKQBBLaPcP3yYcMNW7,Stadium Thiais,published,pro,,48.7511024&2.3713455,2024-02-04T13:30:00.000Z,90,15,public,false,,,psf3NmXEPwdCltHKJC7VuvJocrF3,9,10,0,0,0,0,5
r7sotH6nVi36hfCBPUt5,Stade Élisabeth,played,captain,ChIJkXj9tq5x5kcROlxynHzTh9o,48.8207737&2.3270972,2024-01-31T18:00:00.000Z,120,2,public,false,Compétition,5,8i5faoQkJ4YSkhRB5skPBLiEh1G3,16,16,4,0,0,0,3
r96Q1WobHAJEyMNTS0kC,LE FIVE Bobigny,published,captain,ChIJV8UONORs5kcRXxR5Qd7x130,48.901553&2.4313304,2024-02-09T11:15:00.000Z,90,15,public,false,Détente,3,5zRUuV1GVSN1uOLQxXM6U2xJ5as2,8,10,0,0,0,0,0
r9WBziZkvexWK7AxViZX,Stade Jean Jaurès,canceled,captain,ChIJZeiwsidk5kcRfr4JxmBG86s,48.9370177&2.2250254,2024-01-28T13:00:00.000Z,120,,public,false,Compétition,4,9RsiW31iSGhaAT8kokv7pIP4bmU2,6,18,0,0,0,0,0
rA0U6bj2GpStxxd7C18G,LE FIVE Montreuil,published,pro,,48.8613036&2.4653095,2024-03-02T21:00:00.000Z,120,20,public,false,,,u9uC1vjdcdQ3UqNxI0SiFxor0m43,0,10,0,0,0,0,0
rAT9dLJzF2SBlXKs0cqG,LE FIVE Paris 13,played,captain,ChIJ_bOSChhz5kcRZMTeq_6Gdzg,48.8181615&2.3658793,2024-01-30T11:30:00.000Z,60,10,public,true,Détente,1,jK9kjcdvGzSrFdlOP5ch13L2zf02,10,10,0,0,0,0,0
rAprNMmXUm8Md7QleS8D,LE FIVE Paris 17,canceled,captain,ChIJ7eI8sFNv5kcR5xy52Wc57NU,48.900032&2.3213449,2024-02-01T21:30:00.000Z,90,7.5,public,true,Compétition,4,MJS4YoVRqbWbm6aiyKoMnYg6LIA2,10,10,0,0,0,0,0
rCMg31YyocyPMMfOFOWj,Footsal Cousinerie,canceled,captain,ChIJXQyb1d8pw0cRLO_Ed5xHTIQ,50.6440829&3.1459612,2024-01-24T17:00:00.000Z,90,9,public,false,Compétition,3,oa45QOejc2QQKxua9SfcJV7YVOt1,9,10,0,0,0,0,0
rCgYVeO49FDMNITC2pXs,LE FIVE Marville - La Courneuve,published,captain,ChIJ2dHdMZxr5kcR0aKYHYsp0pY,48.9364404&2.3869147,2024-01-22T20:30:00.000Z,60,10,public,false,Détente,3,5FQ1M4CokibZi9DRUmtVpFJ3sRi1,5,10,0,0,0,0,0
rDaDLk2JW2hYWXGgiCeL,UrbanSoccer - Asnières,played,captain,ChIJi5LkLT9v5kcRSlhScqEFNWs,48.92192379999999&2.3068311,2024-02-04T18:00:00.000Z,90,10,public,true,Détente,5,mv5k6a7jJBUgJ4V0kMNyBJJJPqS2,10,10,0,0,0,0,0
rDtb9oRsJunA6VT525pl,LE FIVE Paris 18,played,captain,ChIJpVT4_n1u5kcRzji6FdTBXXo,48.8978522&2.3700234,2024-02-08T19:00:00.000Z,60,8.5,public,true,Détente,2,15SBk1kgEmgPBm3IlklgT6pQZ9n2,10,10,0,0,0,0,1
rGpbs3gkaGww1Kg2yFmx,UrbanSoccer - Quai d'Ivry,canceled,captain,,48.8199885&2.3936463,2024-01-28T09:00:00.000Z,90,,public,true,Détente,3,00uWFovO0YQslm06rTX69FTdyrw2,9,10,0,0,0,0,0
rHwhEMog3aWRuSJS0nQ6,LE FIVE Paris 18,published,pro,,48.8978522&2.3700234,2024-02-15T16:00:00.000Z,60,5,public,false,,,UQf33jQhVZhle917nO0h7D5qclV2,10,10,0,0,0,0,5
rJj0gxvTG4kcXFNSuPDb,Stadium Thiais,played,pro,ChIJ64X9jzx05kcRsHvSfOv6UcA,48.7511024&2.3713455,2024-02-06T19:30:00.000Z,90,15,public,false,,,psf3NmXEPwdCltHKJC7VuvJocrF3,10,10,6,0,0,0,2
rL4oFucJDqmPqSR41dDV,BIG5,canceled,captain,ChIJsb_7TJFp5kcRSPL5VqZulr4,48.9901429&2.3617895,2024-02-10T23:30:00.000Z,90,12.5,public,false,Détente,2,rXda40mbIxd71Kf0YODTWnYO0fJ2,9,10,0,0,0,0,0
rLv5SpWVvJQ4dJjrexqU,UrbanSoccer - Porte d'Aubervilliers,played,captain,ChIJ0dXjDCZs5kcRvX0EpMwxsUY,48.9074912&2.3746518,2024-02-06T19:15:00.000Z,90,20.5,public,true,Détente,2,Ao7R9gMW48ZHLaVEkwrKCs83GLt1,10,10,1,0,0,0,1
rM5y9EStmGHyUbbFDyhK,Play Soccer,canceled,captain,ChIJQ-UxZn-5rhIRKWoQydM5T9s,43.5512023&1.4098927,2024-01-26T17:30:00.000Z,90,8,public,false,Compétition,,diJ6LSOFZ6N8rEue0vv7PEZmXJ12,10,10,0,0,0,0,1
rMyTvkTOUTwtCg99BAtB,Z5 Aix,played,captain,ChIJKb-U_9KSyRIRKIFKbH5mW18,43.4787869&5.3969048,2024-01-23T19:30:00.000Z,60,11,public,false,Détente,4,GItP5Tx0G2aCA71ZatSaO5uY3DZ2,10,10,2,0,0,0,0
rNEwKPyXSvSXtDUj4Lhn,Top Ten,published,pro,,48.8729106&2.6840919,2024-03-05T16:00:00.000Z,90,5,public,false,,,i27253AGxOfXgYJK72sBnvUGuMk2,0,10,0,0,0,0,0
rOjZrdK2bwsuRYlVCv5T,UrbanSoccer - Marne-La-Vallée,played,captain,ChIJ6bDBiosP5kcROXiloHzSdhc,48.82658600000001&2.6296937,2024-02-09T19:00:00.000Z,60,12,public,true,Compétition,5,cbL7m5i4cZRxK51VIGxNJNdyC762,10,10,2,0,0,0,0
rP3IdWtAcFfqvQrGhSdj,Game 13 foot indoor,played,captain,ChIJNSDvlsXryRIRUXao9hwB79I,43.41258939999999&5.366617,2024-02-09T20:30:00.000Z,60,10,public,false,Détente,3,tNI5PAPgX0MDq6T4GlwP3d2ndaO2,10,10,3,0,2,0,1
rPwt1Gan6wTg41D3CSVF,Stadium Thiais,played,pro,,48.7511024&2.3713455,2024-01-27T13:00:00.000Z,90,12,public,false,,,psf3NmXEPwdCltHKJC7VuvJocrF3,10,10,6,0,0,0,0
rPx0tISfELyKmFgZLlyV,UrbanSoccer - Puteaux,canceled,captain,ChIJM_sC0-Nk5kcRhL1y_EFIje8,48.8836397&2.2312283,2024-02-01T20:00:00.000Z,60,15,public,true,Détente,2,tADc402LbzNQItwCyfxaRTs36sH2,10,10,0,0,0,0,0
rQBoHgtH7yhWJnCG54By,LE FIVE Champigny,canceled,captain,ChIJsXi1PLYN5kcRTVVDuczgS2s,48.8194084&2.5251846,2024-02-11T17:30:00.000Z,90,16.5,public,false,Détente,2,wnIJTk2XWRX4GUZ6khj0TPeMOv12,9,10,0,0,0,0,0
rQBwGzFlLnw8Hb5ckKpw,LE FIVE Paris 13,canceled,pro,,48.8181615&2.3658793,2024-01-19T22:00:00.000Z,60,10,public,false,,,FjSnzlRFFfhWVWQJGfIEwRc2ZMj2,1,10,0,0,0,0,0
rRJbHaqRQ4n97tDvvOZG,LE FIVE Montreuil,published,captain,ChIJJdTQjr0T5kcRZmGxtIJVy44,48.8607303&2.4650432,2024-01-28T18:00:00.000Z,60,10,public,false,Détente,3,HxRMa5gbplSw4t4sf0dL5H3ERhr2,1,10,0,0,0,0,1
rT9o1hfLndIvu3Jag981,Stadium Thiais,published,pro,,48.7511024&2.3713455,2024-03-05T14:00:00.000Z,90,8,public,false,,,psf3NmXEPwdCltHKJC7VuvJocrF3,0,10,0,0,0,0,0
rUUT6CNOASvq7e2JU92W,Monclub Futbol,published,captain,ChIJGbxxaamUyRIRgGvhHnhJStA,43.4299152&5.4001974,2024-01-23T16:00:00.000Z,60,10,public,false,Détente,2,53qb93rTUrMjzIedYSq5kbEW92I2,9,10,0,0,0,0,0
rXJ8BiROjpmRYqZKxWNT,UrbanSoccer - Quai d'Ivry,canceled,captain,ChIJfXxYJ0xy5kcRw9xTkF6-FZQ,48.8199885&2.3936463,2024-02-04T15:00:00.000Z,90,21,public,true,Détente,3,FV1K7hDvSPZFQ3FXxIXsVB26fV42,9,10,0,0,0,0,0
rYkZT2fnSMhCz0chZq9u,LE FIVE Créteil,canceled,captain,ChIJ88lx3VwL5kcRVxCh4lD6_Gk,48.7643086&2.4706522,2024-01-23T21:30:00.000Z,90,17.5,public,false,Détente,2,UUriE2rlxmfoZ2vZIDGG9QtSA3F3,10,10,0,0,0,0,0
rZEovtzRGs3AWihWslsG,LE PARK Complexe Multisports,played,captain,ChIJdUHbID8O5kcRV5lQhiHTvhs,48.8337843&2.5728501,2024-02-01T20:30:00.000Z,90,15,public,false,Détente,3,829zZz6oFwgbm5XgM88zXeeLYNB3,10,10,2,0,0,0,1
rammnykoWMa7ja7qoeLc,LE FIVE Paris 18,played,captain,ChIJpVT4_n1u5kcRzji6FdTBXXo,48.8978522&2.3700234,2024-02-03T12:00:00.000Z,90,19.5,public,true,Détente,3,fd2VfANH3nTtyKyt1v2m07qSijs2,10,10,1,0,0,0,0
rcWz2QbJxc90NSmJ5cNz,POWER FIVE ( Foot à 5 en intérieur ),canceled,captain,ChIJ6ULNmyh15kcRV9cjbnBjGr8,48.73026429999999&2.4346948,2024-02-11T19:00:00.000Z,90,15,public,false,Détente,2,EHZB6c5iRjY7Bqm1fWmpwmymat03,10,10,0,0,0,0,1
rdOzOtPwEY1EcWzEv31I,LE FIVE Montreuil,published,pro,,48.8613036&2.4653095,2024-01-22T22:00:00.000Z,60,8,public,false,,,u9uC1vjdcdQ3UqNxI0SiFxor0m43,0,10,0,0,0,0,0
reebPRpjV9TzafbX6WrW,Stadium Thiais,published,pro,ChIJ64X9jzx05kcRsHvSfOv6UcA,48.7511024&2.3713455,2024-02-01T21:30:00.000Z,90,14,public,false,,,psf3NmXEPwdCltHKJC7VuvJocrF3,2,10,0,0,0,0,0
retF4BV8NcgYE7QWBdpT,Terrain de Sport Westermeyer,canceled,captain,ChIJkcqlrnhz5kcRYDm_fAMKBxo,48.81732909999999&2.392745,2024-02-04T08:20:00.000Z,150,,public,false,Détente,,FYfgfT1shkXXyaMI4sZTA7d9Qdw2,9,10,0,0,0,0,0
rfFHoW8xaWde8WiSg5W2,Events Five,played,captain,ChIJf8cSCJG5rhIRoQadPH-wW1U,43.5399703&1.3922897,2024-01-31T18:00:00.000Z,60,8,public,false,Détente,3,r88cZbnzedV2RF1d3PB371hbCog1,10,10,3,0,0,0,0
rfwMsUoJR8MEohbdwlcL,Monclub Futbol,canceled,pro,ChIJGbxxaamUyRIRgGvhHnhJStA,43.4299152&5.4001974,2024-01-23T19:30:00.000Z,60,10,public,false,,,CSTy9rmJRQSyWlqWuGiUhGpAGqf2,0,10,0,0,0,0,0
rgsHQgJ408PtlsnUMRyg,Sport dans la Ville Rhône-Alpes,published,captain,ChIJoUEDcmvr9EcRILCz6hDCQ2o,45.7811703&4.8081568,2024-01-23T18:00:00.000Z,90,13,public,false,Détente,4,goWfR3BnnZZsX9KXGB8YEVCj6rv2,7,10,0,0,0,0,0
ri5OKuaAPdTFaN9Cv5zU,UrbanSoccer - Quai d'Ivry,canceled,captain,ChIJfXxYJ0xy5kcRw9xTkF6-FZQ,48.8199885&2.3936463,2024-01-23T20:30:00.000Z,60,13.5,public,true,Détente,2,N70CPW8iepeZm5DEeRF8AN6bzIy1,10,10,0,0,0,0,0
rjvrSV5VBLnCfpAG6ebV,LE FIVE Marville - La Courneuve,played,captain,ChIJ2dHdMZxr5kcR0aKYHYsp0pY,48.9364404&2.3869147,2024-02-12T19:30:00.000Z,60,10,public,false,,3,g4YKJhMUAHb7IxdpMzLCIt1KAJ22,10,10,0,0,0,0,1
rkL7QKkY5NDG7NZx12gf,UrbanSoccer La Défense,played,captain,ChIJh4rnfVhk5kcRV2Q-ZKdm8vA,48.8996456&2.2216773,2024-01-21T10:00:00.000Z,60,14,public,true,Détente,3,E9bSjA4e3vZd2E0jqpZiGWHiSDF3,10,10,0,0,0,0,0
rnuFuLWZXhWTom94ThxJ,Stadium Antibes,published,captain,ChIJSSGxg-PUzRIRblID9ACQndc,43.6121609&7.122323,2024-02-10T09:30:00.000Z,90,10.5,public,false,Détente,3,p19qKNMksiYXrahCuiOVu7DOFc12,5,10,0,0,0,0,0
roF2dH17hLl18ZwRWiLq,Complexe Sportif des Fillettes,published,captain,ChIJqcAr2YZu5kcRUTijKY5WfL0,48.8995287&2.3641637,2024-02-18T09:00:00.000Z,180,,public,false,Détente,2,ZRFiUCiK1TfUcKS5rs0md5OTJa12,10,16,0,0,0,0,0
rocqrr039HJgKYboWr9V,STADIUM FOOT 5 VILLAGE,canceled,captain,ChIJbbOWFtC4yRIR0WXVerbWmnE,43.269413&5.4260321,2024-02-01T18:00:00.000Z,60,10,public,false,Détente,3,MKjoGJESIIfNKw5sH93VODBuvLv2,8,10,0,0,0,0,0
rpZ2CZO0aH4LKQ2s0gSO,LE FIVE Paris 18,played,pro,,48.8978522&2.3700234,2024-02-01T16:00:00.000Z,60,5,public,false,,,UQf33jQhVZhle917nO0h7D5qclV2,10,10,7,0,0,0,13
rrFCk2rDMvgzsDPCzhxP,LE FIVE Montreuil,published,pro,,48.8613036&2.4653095,2024-02-23T11:30:00.000Z,90,10.5,public,false,,,u9uC1vjdcdQ3UqNxI0SiFxor0m43,0,10,0,0,0,0,0
rryxtiPNsd7lbAc9CRAg,Stains,published,captain,ChIJ6_yphcJr5kcRMmpL4MPqRks,48.95538699999999&2.384703,2024-02-10T10:00:00.000Z,90,,public,false,Détente,2,PY4xVpp2kuN4vNMdN0QVj8hVkDz1,5,12,0,0,0,0,1
rsC7DFtFZFxYgCoCmSGm,Classico Foot,canceled,captain,ChIJFV442oCxrhIRgsZy5aIbkNs,43.5945434&1.2911399,2024-02-04T18:00:00.000Z,60,8,public,false,Détente,3,Qush7HtWzEWsaOod0UCwcmo0Tbf2,8,10,0,0,0,0,0
rt61RdzTd8qOrpOFiH9Q,UrbanSoccer - Quai d'Ivry,canceled,captain,ChIJfXxYJ0xy5kcRw9xTkF6-FZQ,48.8199885&2.3936463,2024-01-30T18:00:00.000Z,60,13.5,public,true,Détente,2,4orUejlEGkeJFOf0zD7eZ9JRZsq2,10,10,0,0,0,0,0
rv4CHmnWHO8LDYFOD71Z,Halle Georges Carpentier,played,captain,ChIJnXkSwCty5kcR-nlHXNFQlg4,48.82020139999999&2.3672361,2024-01-30T11:00:00.000Z,120,,private,false,Compétition,3,kRAf444M3RUd6EWIOWpKVKs78SI2,16,16,13,0,0,0,4
rwsC4gtFqOBupkMwQsge,Top Ten,published,pro,,48.8729106&2.6840919,2024-02-13T11:00:00.000Z,90,5,public,false,,,i27253AGxOfXgYJK72sBnvUGuMk2,0,10,0,0,0,0,1
rzYxFNduTb9jPfYM5ZLT,LE FIVE Montreuil,played,captain,ChIJJdTQjr0T5kcRZmGxtIJVy44,48.8607303&2.4650432,2024-01-29T18:00:00.000Z,90,7.5,public,false,Détente,2,mNBcNuigc0N5j8AHJjKIZXLAXjb2,10,10,2,0,0,0,0
rzm7lMfOJMKxnvSgRfQE,LE FIVE Paris 18,played,pro,,48.8978522&2.3700234,2024-02-09T16:00:00.000Z,60,5,public,false,,,UQf33jQhVZhle917nO0h7D5qclV2,10,10,6,0,0,0,11
s0vQK8BKBytwqAZ6Hv7p,Stadium Thiais,published,pro,,48.7511024&2.3713455,2024-02-17T13:00:00.000Z,90,12,public,false,,,psf3NmXEPwdCltHKJC7VuvJocrF3,0,10,0,0,0,0,0
s12JuJnJ5Gt6jjtHxz5L,LE FIVE Carrières-sous-Poissy,played,captain,ChIJ9T4fWfyL5kcRCBX-FyZLvEE,48.9469325&2.0233834,2024-01-31T18:00:00.000Z,60,10,public,false,Détente,3,mAdomm9Z8bOTkM0mmS2u1f3NCw93,10,10,2,0,0,0,0
s24jKuFqxOUNIyetFfqZ,UrbanSoccer Orsay,canceled,captain,ChIJpZIJg7J45kcRrKWKhtbfnEQ,48.70829&2.17794,2024-02-10T18:00:00.000Z,60,9,public,true,Compétition,,BVwpsikC1qScc0JSp6nt4kJiVWu2,1,10,0,0,0,0,0
s4mJwBrt1IRTCS6wg6g0,GOPARK INTERIEUR - Paintball et trampolines parc,canceled,captain,ChIJ2cJmdhf15kcRQ4mUOxIVzd0,49.045624&2.0799886,2024-02-04T18:15:00.000Z,90,15,public,false,Détente,2,PE6L8boIAzTOeoRu2lwnbnNSFVj2,9,10,0,0,0,0,0
s5FRgbbryPhzAyqPC187,UrbanSoccer La Défense,played,captain,ChIJh4rnfVhk5kcRV2Q-ZKdm8vA,48.8996456&2.2216773,2024-01-28T17:00:00.000Z,60,14.5,public,true,Competition,5,ksOERTOg3DVIKio74q0U7pUnF373,10,10,2,0,0,0,0
s6ZrL08in0fehQfepzzP,Laser Stadium,draft,captain,ChIJpZdywq4i9UcRJAPhLaIPorA,45.355282&4.8109091,2024-01-31T18:00:00.000Z,60,9.5,public,false,Détente,2,gM6ubuxBZSVtArDIn1LWUqLhaqh2,0,10,0,0,0,0,0
s6xqkDMF0I3KsL52XlJc,LE FIVE Montreuil,published,pro,,48.8613036&2.4653095,2024-01-29T11:00:00.000Z,60,7,public,false,,,u9uC1vjdcdQ3UqNxI0SiFxor0m43,0,10,0,0,0,0,0
s7tvTvUB5j8CxF3BPaL7,UrbanSoccer - Quai d'Ivry,played,captain,ChIJfXxYJ0xy5kcRw9xTkF6-FZQ,48.8199885&2.3936463,2024-01-21T14:00:00.000Z,60,12.5,public,true,,3,rcH5ONcMhWeBi1uJJu3ouNW0j962,10,10,5,0,0,0,0
s8Et8IYENL1pP2kodRHZ,LE FIVE Créteil,published,pro,,48.7643086&2.4706522,2024-02-12T16:00:00.000Z,60,7,public,false,,,ZmXMWx7aTdPoPkkGOWa2HIQVblq2,0,10,0,0,0,0,0
s8bPqTCRPBhSiLlnb5br,Foot POWER 5,canceled,pro,,48.960066&2.2061913,2024-02-26T17:00:00.000Z,90,5,public,false,,,sss3dYi6nzWd7rEjwcQ30LGKudj1,0,10,0,0,0,0,0
s8dylZLA7TP3ZOlx9i4M,UrbanSoccer Evry,played,captain,ChIJW0Ut1G7e5UcRt621n2fRQ5M,48.6286849&2.4066366,2024-01-23T18:15:00.000Z,60,10,public,true,Détente,,AFtrHhc3KENoaFJsnm2lYMf7plm1,10,10,0,0,0,0,0
sAA4XMSTi1p6w4cakb3A,LE FIVE Paris 18,played,pro,,48.8978522&2.3700234,2024-01-24T16:00:00.000Z,60,5,public,false,,,UQf33jQhVZhle917nO0h7D5qclV2,10,10,8,0,0,0,2
sAJOS2GnCbLGKRu0oD8R,Footbox,published,pro,,48.9022789&2.582647,2024-02-13T20:00:00.000Z,60,10,public,false,,,QI89VPazyLhBVnWH871jk4BUEZI3,0,10,0,0,0,0,0
sAywdGq1qKzGCKvVGmDT,UrbanSoccer - Quai d'Ivry,canceled,captain,,48.8199885&2.3936463,2024-01-31T19:00:00.000Z,60,14,public,true,Compétition,3,uCVF8mFvBwT9XmWIibOJYk9iiqB2,9,10,0,0,0,0,0
sBUKjkfHk8xabjUWUkQ3,LE FIVE Bobigny,published,pro,,48.901553&2.4313304,2024-02-26T22:00:00.000Z,60,8,public,false,,,4owi3i7t8EOvFNF6UQvACOpiDRy1,0,10,0,0,0,0,0
sBeP7HnMS7L8IjVHMvn7,LE FIVE Paris 13,played,captain,ChIJ_bOSChhz5kcRZMTeq_6Gdzg,48.8181615&2.3658793,2024-01-25T18:00:00.000Z,60,,public,true,Détente,2,O0bBWHyAiHg5ixCl6CmmRy7hnPH2,10,10,3,0,0,0,2
sCspLgesscfPsguhtfkR,UrbanSoccer Evry,canceled,captain,ChIJW0Ut1G7e5UcRt621n2fRQ5M,48.6286849&2.4066366,2024-01-30T19:30:00.000Z,90,15,public,true,Compétition,4,ZegGT1YBevfi7XkWEix5UYtbQzT2,9,10,0,0,0,0,1
sDTdpxRmrciSd518s31s,UrbanSoccer - Puteaux,draft,captain,ChIJM_sC0-Nk5kcRhL1y_EFIje8,48.8836397&2.2312283,2024-02-04T10:00:00.000Z,60,,public,false,,,I0q8xEizxbMaPlHSmD7oIBNwlH43,0,0,0,0,0,0,0
sDeA7FKF96EdMhv8jPfH,Stade Robespierre,canceled,captain,ChIJrSdPdLpk5kcRTIf7gmbAvcU,48.8692482&2.2034218,2024-02-11T13:00:00.000Z,120,5,public,false,Compétition,4,P2fpoPcsJ3ZKgVNv94Q8rJ8w4Zd2,2,10,0,0,0,0,0
sFDk1d02Ngjho81KUe7T,Speed Soccer Five,published,pro,,48.7360598&2.315058,2024-02-16T17:00:00.000Z,90,13,public,false,,,MkTJljXziPXBdRdijccndMLBNCC3,0,10,0,0,0,0,1
sFNaZeQCu1syQ2cyyPQZ,Gymnase Camille Hébert,played,captain,ChIJQybDFNLb5UcRG9ra-znd2_o,48.5992336&2.3085829,2024-01-28T17:00:00.000Z,120,,public,false,Détente,3,DrXsCNK4MXTeVNrtmstj60OjHxp2,10,10,3,0,0,0,1
sG8v3CMrOHmwYpuzLrno,Foot POWER 5,canceled,pro,,48.960066&2.2061913,2024-03-04T17:00:00.000Z,90,5,public,false,,,sss3dYi6nzWd7rEjwcQ30LGKudj1,0,10,0,0,0,0,0
sGno6bIwJRo9agogF5QR,LE FIVE Paris 18,played,captain,ChIJpVT4_n1u5kcRzji6FdTBXXo,48.8978522&2.3700234,2024-01-29T19:30:00.000Z,90,18,public,true,Détente,3,neywugCW3iOo86KXR8lfTpXh4c33,10,10,1,0,0,0,0
sHgtgNfUEZWgkrnjNJ3F,Play Soccer,played,captain,ChIJQ-UxZn-5rhIRKWoQydM5T9s,43.5512023&1.4098927,2024-01-21T12:00:00.000Z,60,8,public,false,Détente,,IsIoLlds0XOKDa3X8LR9YWMMwnr2,10,10,1,0,0,0,0
sIf4dP8BtCHP8DOJtv2l,Foot POWER 5,canceled,pro,,48.960066&2.2061913,2024-02-24T18:30:00.000Z,90,10,public,false,,,sss3dYi6nzWd7rEjwcQ30LGKudj1,0,10,0,0,0,0,0
sJVazCpRruwHSN79VLBf,LE FIVE Montreuil,published,pro,,48.8613036&2.4653095,2024-03-05T21:30:00.000Z,90,13.5,public,false,,,u9uC1vjdcdQ3UqNxI0SiFxor0m43,0,10,0,0,0,0,0
sK85dWGtKZmAxC5JaOOl,Stadium Thiais,hidden,pro,,48.7511024&2.3713455,2024-01-26T20:00:00.000Z,90,15,public,false,,,psf3NmXEPwdCltHKJC7VuvJocrF3,0,10,0,0,0,0,0
sKPYg7LhBjKNoHn8tLtk,LE FIVE Montreuil,published,captain,ChIJJdTQjr0T5kcRZmGxtIJVy44,48.8607303&2.4650432,2024-02-04T18:00:00.000Z,90,15,public,false,Détente,2,h6nvbmkepYdYobk0VhW22RZaSzo1,5,10,0,0,0,0,0
sLYuDcO4T1oQPjrGmBCi,UrbanSoccer - Toulouse Montaudran,played,captain,ChIJl772e0u8rhIR2foRX4Xa2CI,43.574642&1.4801835,2024-01-28T17:30:00.000Z,60,9.5,public,true,Détente,3,avKJSzRSupMiFKc3xCym3DTQFL33,10,10,0,0,0,0,0
sMEsbVDWbcUwdSLvJBpH,UrbanSoccer La Défense,canceled,captain,ChIJh4rnfVhk5kcRV2Q-ZKdm8vA,48.8996456&2.2216773,2024-01-28T10:15:00.000Z,60,14.5,public,true,Détente,2,lOpPQldwxnX4suOMbyqSmIN6kBf1,9,10,0,0,0,0,0
sMfzYYMAi3nOGqSQR5ZZ,LE FIVE Morangis,played,captain,ChIJA4uAhOXZ5UcRp-vZXZP-ovY,48.692672&2.3192811,2024-01-25T19:45:00.000Z,60,11,public,false,Détente,,RQGSvSY6ExcJTDERvaf9z5RDCdy1,10,10,2,0,0,0,0
sMnXzamKRVAqKodTCNgm,Game 13 foot indoor,canceled,captain,ChIJNSDvlsXryRIRUXao9hwB79I,43.41258939999999&5.366617,2024-01-30T21:00:00.000Z,60,10,public,false,Détente,,RSksq6zRGSZFAezpuIWm00nkLdI2,7,10,0,0,0,0,0
sMtUAKJZC1FjJBARngFO,UrbanSoccer - Asnières,played,captain,ChIJi5LkLT9v5kcRSlhScqEFNWs,48.92192379999999&2.3068311,2024-01-28T11:00:00.000Z,90,,public,true,Détente,5,9PHJwYTtQNefMhONIHQUDCsvltt2,10,10,4,1,0,0,0
sR0Spp3LA0laknkPyHo8,LE FIVE Paris 17,published,pro,ChIJ7eI8sFNv5kcR5xy52Wc57NU,48.900032&2.3213449,2024-02-09T22:00:00.000Z,60,5,public,false,,,V6mqbc9C8FNa1RQlUupjeoqOsZL2,1,10,0,0,0,0,2
sScq6LLiOyg8XTwUHYjl,Stade Élisabeth,played,captain,ChIJkXj9tq5x5kcROlxynHzTh9o,48.8207737&2.3270972,2024-01-26T18:30:00.000Z,90,,public,false,Compétition,4,oKfGVfs7dYecPpobKfuTXiuhh8J3,14,14,6,0,0,0,0
sSw7UGiZ2d4BmsxmWkcn,UrbanSoccer La Défense,canceled,captain,ChIJh4rnfVhk5kcRV2Q-ZKdm8vA,48.8996456&2.2216773,2024-02-11T18:30:00.000Z,60,,public,true,,,ptMiCCYt0FcQmRuwaCCwz2LapD13,10,10,0,0,0,0,0
sTg87UYx5v6HJ34WafQZ,UrbanSoccer - Quai d'Ivry,canceled,captain,ChIJfXxYJ0xy5kcRw9xTkF6-FZQ,48.8199885&2.3936463,2024-01-28T18:00:00.000Z,60,14,public,true,Compétition,5,g3qBNoWsdEZf3m8xtgzIiAQGkv42,3,10,0,0,0,0,0
sUi5W6i7knVS53XdrEfA,Stade Lilian Thuram,played,captain,ChIJy0-vXf9l5kcRH4WAmpihUQE,48.933705&2.2828141,2024-02-11T12:00:00.000Z,90,,public,false,Détente,4,9PHJwYTtQNefMhONIHQUDCsvltt2,10,10,2,0,0,0,2
sUmPTCLk397WuzMyQ5qw,LE FIVE Paris 13,published,pro,,48.8181615&2.3658793,2024-03-13T22:00:00.000Z,60,10,public,false,,,FjSnzlRFFfhWVWQJGfIEwRc2ZMj2,0,10,0,0,0,0,0
sVZwhBFmdYN9FHPDAKl3,Top Ten,published,pro,,48.8729106&2.6840919,2024-01-29T16:00:00.000Z,90,5,public,false,,,i27253AGxOfXgYJK72sBnvUGuMk2,5,10,0,0,0,0,7
sWQPRivAW0P7wDEjwWGz,Monclub Futbol,published,pro,,43.4299152&5.4001974,2024-03-09T15:30:00.000Z,90,12,public,false,,,CSTy9rmJRQSyWlqWuGiUhGpAGqf2,0,10,0,0,0,0,0
sWYo21Lgl4wzjhtqmntN,UrbanSoccer - Porte d'Aubervilliers,played,captain,ChIJ0dXjDCZs5kcRvX0EpMwxsUY,48.9074912&2.3746518,2024-02-10T19:00:00.000Z,60,10.5,public,true,Compétition,3,amHMfBbWcNS4PAlvRqdXMgrrLd83,10,10,0,0,0,0,1
sYIbMVI5DdtQ6z6PyEA4,UrbanSoccer - Lille Lezennes,played,captain,ChIJR3ro5nTWwkcRfM_S3Be9HjI,50.6162725&3.0998108,2024-01-30T17:00:00.000Z,60,9,public,true,Détente,2,KoMMspPpOrQB6lklhBjC6eSYPZp2,10,10,3,0,0,0,1
sZM5SVcU51nk1Mmu895B,UrbanSoccer - Puteaux,canceled,captain,ChIJM_sC0-Nk5kcRhL1y_EFIje8,48.8836397&2.2312283,2024-01-30T14:00:00.000Z,90,7.5,public,true,Chill,,vflmu9vKCyWDQc8KqerpDKG89Nu1,9,10,0,0,0,0,0
sZd6fouTCmlB6v5FnkPr,Footbox,published,pro,,48.9022789&2.582647,2024-02-19T13:00:00.000Z,60,7,public,false,,,QI89VPazyLhBVnWH871jk4BUEZI3,0,10,0,0,0,0,0
sZsbnXBMAgbRpxn9twQm,LE FIVE Villette,canceled,captain,ChIJTUFnQjps5kcR0pHITLTw1PI,48.9070122&2.3861459,2024-01-24T20:00:00.000Z,60,12,public,false,Détente,3,UF4XQOQe7bWJF0SqVrG4NWmSnfO2,10,10,0,0,0,0,0
sbkmnxoQzAJAps0n43o4,LE FIVE Carrières-sous-Poissy,canceled,captain,ChIJ9T4fWfyL5kcRCBX-FyZLvEE,48.9469325&2.0233834,2024-02-02T22:00:00.000Z,60,9,public,false,,3,Wy3wc8FHaCYWTvZWNBBuL5f6n6n2,9,10,0,0,0,0,0
sblucvweZ7bkDQ9jW11h,Stade Fernand Hémon,draft,captain,ChIJfXGQDppl5kcRbIAeLeJfu7A,48.9294963&2.2533406,2024-02-03T15:00:00.000Z,90,,public,false,,,4rnznLBud4RLj3BVCokpgk1tqlU2,0,0,0,0,0,0,0
scja26xGPkzYw1ip5hUp,Classico Foot,canceled,captain,ChIJFV442oCxrhIRgsZy5aIbkNs,43.5945434&1.2911399,2024-02-02T19:00:00.000Z,60,9,public,false,Détente,3,bENnr6x212hBm7UE5jgycQuup8E3,9,10,0,0,0,0,0
sdBIpXX7rEUVMjYP8yFl,LE FIVE Paris 17,canceled,captain,ChIJ7eI8sFNv5kcR5xy52Wc57NU,48.900032&2.3213449,2024-02-04T16:30:00.000Z,90,18,public,true,Détente,2,aXkSOqpdjVdEOcZRXM0DTuH96Cq2,9,10,0,0,0,0,0
sdZT4wBmYSpcbCb74Nml,LE FIVE Bobigny,published,pro,,48.901553&2.4313304,2024-02-19T17:00:00.000Z,60,8,public,false,,,4owi3i7t8EOvFNF6UQvACOpiDRy1,0,10,0,0,0,0,0
sdsLfa9TxgKVoGEEXbRM,Monclub Futbol,published,captain,ChIJGbxxaamUyRIRgGvhHnhJStA,43.4299152&5.4001974,2024-02-01T17:30:00.000Z,60,10,public,false,,,AJhhBgOA04SJ5cqig5ffOrI68J53,4,10,0,0,0,0,0
seZkSMuuC0VfG71xB2nN,LE FIVE Paris 13,published,pro,ChIJ_bOSChhz5kcRZMTeq_6Gdzg,48.8181615&2.3658793,2024-02-10T22:00:00.000Z,60,10,public,false,,,FjSnzlRFFfhWVWQJGfIEwRc2ZMj2,0,10,0,0,0,0,1
sgPUjO2JF7b4Hvq434v5,LE FIVE Bezons,published,captain,ChIJ71Mv0Wpk5kcRg-H9x7L-dXo,48.9190524&2.211796,2024-01-25T17:30:00.000Z,60,,public,true,Détente,3,xfUboCk38ZhvU0cho2bxu4if0fl1,9,10,0,0,0,0,0
sh5iO1V21ujLIPp2vNrI,Stadium Thiais,played,captain,ChIJ64X9jzx05kcRsHvSfOv6UcA,48.7511137&2.3715422,2024-02-11T17:00:00.000Z,90,14,public,false,Détente,3,6M4f5MX3PCXOB6bAoSJR1UKemwl2,10,10,1,0,0,0,0
siyNwTFFvLpHtjIgmTGP,Footbox,published,pro,,48.9022789&2.582647,2024-03-03T15:00:00.000Z,60,10,public,false,,,QI89VPazyLhBVnWH871jk4BUEZI3,0,10,0,0,0,0,0
sjjKRTKG6Hbyi25z93OR,Footbox,published,pro,,48.9022789&2.582647,2024-02-25T13:00:00.000Z,60,10,public,false,,,QI89VPazyLhBVnWH871jk4BUEZI3,0,10,0,0,0,0,0
sjjffFgbph73gYEeGR4H,Play Soccer,played,captain,ChIJQ-UxZn-5rhIRKWoQydM5T9s,43.5512023&1.4098927,2024-02-02T17:00:00.000Z,60,9,public,false,,,8LtkeOuZHeePxfkXdNPmQSr7V9L2,10,10,1,0,0,0,0
skDlHqqkHd37YPvlhDkU,Foot POWER 5,canceled,pro,,48.960066&2.2061913,2024-02-18T17:00:00.000Z,90,10,public,false,,,sss3dYi6nzWd7rEjwcQ30LGKudj1,0,10,0,0,0,0,0
smE4n3hB04Oes1LFliQ2,Stadium Thiais,played,pro,,48.7511024&2.3713455,2024-02-10T13:00:00.000Z,90,12,public,false,,,psf3NmXEPwdCltHKJC7VuvJocrF3,10,10,4,0,0,0,1
snRBfj28DK3YtjrB9wUY,Classico Foot,published,captain,ChIJFV442oCxrhIRgsZy5aIbkNs,43.5945434&1.2911399,2024-02-04T17:55:00.000Z,60,8,public,false,Détente,2,juHxVa5M3aSgsuwGYsKgi53Fqzv1,8,10,0,0,0,0,0
snT8lgUQS8AqBhNkwYDU,Play Soccer,played,captain,ChIJQ-UxZn-5rhIRKWoQydM5T9s,43.5512023&1.4098927,2024-02-01T18:00:00.000Z,60,10,public,false,,,8LtkeOuZHeePxfkXdNPmQSr7V9L2,10,10,2,0,0,0,0
sncmrGOsZ48FpZqfBsdR,Stadium Thiais,published,pro,,48.7511024&2.3713455,2024-02-29T18:00:00.000Z,90,15,public,false,,,psf3NmXEPwdCltHKJC7VuvJocrF3,0,10,0,0,0,0,0
spAqR47wtgwHdD3CaR8X,Stadium Thiais,published,captain,ChIJ64X9jzx05kcRsHvSfOv6UcA,48.7511137&2.3715422,2024-02-16T19:20:00.000Z,90,15,public,false,Compétition,3,ivJjDu3v1IbjkaGKCqaOoVymlgD3,5,10,0,0,0,0,0
spBXDdR4gLuXzqDCA0Gg,Footbox,published,pro,,48.9022789&2.582647,2024-03-02T14:00:00.000Z,60,10,public,false,,,QI89VPazyLhBVnWH871jk4BUEZI3,0,10,0,0,0,0,0
spM1UumRm36xsTWGGNnO,Antony,played,captain,ChIJf8cFRhF35kcR0D6LaMOCCwQ,48.759255&2.302553,2024-01-21T08:30:00.000Z,90,10,public,false,Détente,3,Dohg1zNvhsbmGrYuAmExKFyjruw2,10,10,3,0,0,0,0
spUtsDU7SNdURHvWCsEw,Stade Robespierre,canceled,captain,ChIJrSdPdLpk5kcRTIf7gmbAvcU,48.8692482&2.2034218,2024-02-12T09:30:00.000Z,90,5,public,false,Compétition,4,P2fpoPcsJ3ZKgVNv94Q8rJ8w4Zd2,3,10,0,0,0,0,0
spatqtNDlqhjSYfvQjpl,LE FIVE Montreuil,published,pro,,48.8613036&2.4653095,2024-02-01T16:00:00.000Z,90,11,public,false,,,u9uC1vjdcdQ3UqNxI0SiFxor0m43,0,10,0,0,0,0,0
spdgQBkjvVQVDa3ZIJgA,Foot POWER 5,canceled,pro,,48.960066&2.2061913,2024-02-14T21:30:00.000Z,90,7,public,false,,,sss3dYi6nzWd7rEjwcQ30LGKudj1,0,10,0,0,0,0,0
spqnPjn9m2S7XOpmCpY2,LE FIVE Paris 17,played,captain,ChIJ7eI8sFNv5kcR5xy52Wc57NU,48.900032&2.3213449,2024-02-06T11:30:00.000Z,60,10,public,true,Détente,2,KoThYRQqO3RDB3Gw4iiKn0zuuvf2,10,10,3,0,0,0,1
sq2RFqVbUnq031OjXwzJ,Top Ten,played,pro,,48.8729106&2.6840919,2024-02-07T16:00:00.000Z,90,5,public,false,,,i27253AGxOfXgYJK72sBnvUGuMk2,10,10,6,0,0,0,4
srSKuME7WOOlCc2fecJe,Stadium Thiais,published,pro,,48.7511024&2.3713455,2024-03-05T15:00:00.000Z,90,8,public,false,,,psf3NmXEPwdCltHKJC7VuvJocrF3,0,10,0,0,0,0,0
ssAV7zsZqv1kXukzHTdP,UrbanSoccer - Asnières,canceled,captain,ChIJi5LkLT9v5kcRSlhScqEFNWs,48.92192379999999&2.3068311,2024-02-03T18:00:00.000Z,60,77,private,true,Détente,1,h8hE7KFyK3c5rYC0GoVU7Y7DJrf2,8,10,0,0,0,0,0
st6CK2n05AjNl5XG5dNl,Top Ten,played,captain,ChIJfXprBx4b5kcRmhe-5pLZUek,48.8729106&2.6840919,2024-01-21T08:00:00.000Z,90,13,public,false,Détente,2,X3rZnkTKKvP3wJS3DTHWae9Z5vg2,12,12,3,0,0,0,2
svC12lDPkQRHMxhPNN4z,LE FIVE Bobigny,published,pro,,48.901553&2.4313304,2024-02-21T17:00:00.000Z,60,8,public,false,,,4owi3i7t8EOvFNF6UQvACOpiDRy1,0,10,0,0,0,0,0
svJGEH5lbMF9MUPNjzeF,Stadium Thiais,published,pro,ChIJ64X9jzx05kcRsHvSfOv6UcA,48.7511024&2.3713455,2024-02-14T17:00:00.000Z,90,14,public,false,,,psf3NmXEPwdCltHKJC7VuvJocrF3,0,10,0,0,0,0,0
swldEe1O9oAXjGNxeIU4,Stadium Thiais,published,pro,ChIJ64X9jzx05kcRsHvSfOv6UcA,48.7511024&2.3713455,2024-01-25T21:00:00.000Z,90,14,public,false,,,psf3NmXEPwdCltHKJC7VuvJocrF3,0,10,0,0,0,0,0
sxzGG4xBjg4UO2lscw4j,Stade Lilian Thuram,canceled,captain,ChIJy0-vXf9l5kcRH4WAmpihUQE,48.933705&2.2828141,2024-02-04T07:00:00.000Z,150,,private,false,Détente,3,bvwFuUpB8ORr9UZhI1UFOuxbqtc2,3,18,0,0,0,0,0
sz2VoTBEPYdmB60RLTGu,Antony,played,captain,ChIJf8cFRhF35kcR0D6LaMOCCwQ,48.759255&2.302553,2024-01-28T10:30:00.000Z,90,,public,false,Détente,3,Dohg1zNvhsbmGrYuAmExKFyjruw2,10,10,0,0,1,1,0
szDOGdolcJN7D9MjGleP,Evolution Football,played,captain,ChIJX0YulIi8yRIRnGh62u3UXTQ,43.2836074&5.52356,2024-02-06T20:30:00.000Z,60,9,public,false,Détente,2,B3XUwRSzjtg7WFBaNIMUMzOShpa2,10,10,4,0,0,0,0
szqLkCNr8lMl8FDmMEQJ,LE FIVE Paris 13,published,pro,,48.8181615&2.3658793,2024-01-22T22:00:00.000Z,60,10,public,false,,,FjSnzlRFFfhWVWQJGfIEwRc2ZMj2,1,10,0,0,0,0,0
t0oSoz0m58aIC2TKBVtg,UrbanSoccer - Porte d'Aubervilliers,played,captain,ChIJ0dXjDCZs5kcRvX0EpMwxsUY,48.9074912&2.3746518,2024-01-28T12:00:00.000Z,90,7.5,public,true,Détente,3,cMDXsSUbWpbk3P8V4YnVbpJ8MbG3,10,10,2,0,0,0,2
t2JAYZpGOFrdJe2DOgZB,OHSPORT,published,captain,ChIJHeG9fA4X5kcRbGNzVY5Ud5I,48.9672396&2.5670436,2024-01-19T23:00:00.000Z,60,10,public,false,Détente,2,fa6aWrOxh8bufEtvDjnITS0fU9A2,6,10,0,0,0,0,0
t2Kygb4DjJXXcEvDlpYZ,Massilia Foot Indoor 2,canceled,captain,ChIJxZ6UmMW-yRIRfYNGGPPJfIU,43.3266563&5.3836488,2024-01-23T20:00:00.000Z,60,9,public,false,Compétition,3,rUN7HDgVWxfrQDr1Da2fBlZFnxU2,5,10,0,0,0,0,0
t2SMItODIDgz2ORn0jjj,LE FIVE Paris 18,published,pro,,48.8978522&2.3700234,2024-03-09T21:30:00.000Z,90,10,public,false,,,UQf33jQhVZhle917nO0h7D5qclV2,0,10,0,0,0,0,0
t2V8XAwpcXYG3bULB1oT,LE FIVE Paris 18,played,captain,ChIJpVT4_n1u5kcRzji6FdTBXXo,48.8978522&2.3700234,2024-01-21T16:00:00.000Z,60,14,public,true,Détente,3,aggC8sDnBLMraWkjGtyythFavdq1,10,10,0,0,0,0,2
t5DpvoizqPAXFTFhXdbI,UrbanSoccer - Lille Lezennes,played,captain,ChIJR3ro5nTWwkcRfM_S3Be9HjI,50.6162725&3.0998108,2024-02-02T21:00:00.000Z,60,8.5,public,true,Compétition,,kvoIegy3rVYPaMsZ1iZ5QE5oPzS2,10,10,0,0,0,0,0
t6PHHKvmt7kmqejGa0SK,POWER FIVE ( Foot à 5 en intérieur ),canceled,captain,ChIJ6ULNmyh15kcRV9cjbnBjGr8,48.73026429999999&2.4346948,2024-02-10T19:00:00.000Z,90,15,public,false,Détente,2,EHZB6c5iRjY7Bqm1fWmpwmymat03,2,10,0,0,0,0,0
t6QXy5knzGopsi0WboH1,FIVE ARENA,draft,captain,ChIJ02bKSuih6EcRb796CXVbkVs,48.9539465&2.9154573,2024-01-28T15:30:00.000Z,90,,public,false,,,1Kj2bSrfvHV1vanqoqIoAQqnW5y1,0,0,0,0,0,0,0
t8KEDWH1VOEFaH4Shrd3,UrbanSoccer La Défense,played,captain,ChIJh4rnfVhk5kcRV2Q-ZKdm8vA,48.8996456&2.2216773,2024-02-09T19:00:00.000Z,60,15,public,true,Détente,2,Zf7ejcUr7gTI9B0jvrr5WrKceYt1,10,10,3,0,0,0,2
t8onNjYJMOdQL7omAeWT,LE FIVE Champigny,played,captain,ChIJsXi1PLYN5kcRTVVDuczgS2s,48.8194084&2.5251846,2024-01-27T18:00:00.000Z,90,15,public,false,Détente,3,WTZfaifTGXdiVC8NxBW3smI8lNP2,10,10,4,0,0,0,1
t8wmqf4KeH9cRG4HinD1,Top Ten,published,pro,,48.8729106&2.6840919,2024-02-23T16:00:00.000Z,90,5,public,false,,,i27253AGxOfXgYJK72sBnvUGuMk2,0,10,0,0,0,0,0
tAxUmNc6CFRTHGGrKSm1,LE FIVE Paris 18,published,pro,,48.8978522&2.3700234,2024-02-28T16:00:00.000Z,60,5,public,false,,,UQf33jQhVZhle917nO0h7D5qclV2,0,10,0,0,0,0,0
tCKcSN1ss1xgAZq9OUty,LE FIVE Marville - La Courneuve,played,captain,ChIJ2dHdMZxr5kcR0aKYHYsp0pY,48.9364404&2.3869147,2024-02-10T20:00:00.000Z,90,15,public,false,Détente,,Lifra3OAsch5ipxdxuPAlUkSIYP2,10,10,5,1,0,0,0
tCY3XDoMy9qK1fasjJ6Y,Top Ten,published,pro,,48.8729106&2.6840919,2024-01-22T22:00:00.000Z,90,16.5,public,false,,,i27253AGxOfXgYJK72sBnvUGuMk2,0,10,0,0,0,0,0
tECQl2aE59M2G0OtxadZ,LE FIVE Paris 17,played,captain,ChIJ7eI8sFNv5kcR5xy52Wc57NU,48.900032&2.3213449,2024-02-05T18:30:00.000Z,60,12,public,true,Détente,3,GtpBmQGss7ZeMHIjX0rkediYCv22,10,10,2,0,0,0,0
tEM7FIi8Ugl9pNgjUvfJ,Stadium Thiais,published,pro,,48.7511024&2.3713455,2024-03-12T18:00:00.000Z,90,15,public,false,,,psf3NmXEPwdCltHKJC7VuvJocrF3,0,10,0,0,0,0,0
tFTIM1t5HlcmlbtQBNJL,Game 13 foot indoor,published,captain,ChIJNSDvlsXryRIRUXao9hwB79I,43.41258939999999&5.366617,2024-02-02T21:30:00.000Z,60,10,public,false,Détente,4,tNI5PAPgX0MDq6T4GlwP3d2ndaO2,9,10,0,0,0,0,0
tFhKGultNQPgXaiLVlET,Stadium Thiais,played,pro,,48.7511024&2.3713455,2024-02-06T11:00:00.000Z,60,7,public,false,,,psf3NmXEPwdCltHKJC7VuvJocrF3,10,10,8,0,0,0,0
tFkCisgcdWocTJxjlDHR,Foot POWER 5,canceled,pro,,48.960066&2.2061913,2024-03-05T21:30:00.000Z,90,7,public,false,,,sss3dYi6nzWd7rEjwcQ30LGKudj1,0,10,0,0,0,0,0
tFndQ4lu3JRCvKyaazwr,Stadium Thiais,played,pro,,48.7511024&2.3713455,2024-01-21T18:00:00.000Z,90,15,public,false,,,psf3NmXEPwdCltHKJC7VuvJocrF3,10,10,1,0,0,0,3
tFya2anjptW4nmPOddaM,UrbanSoccer - Lyon Parilly,canceled,captain,ChIJx3FQWjLC9EcRrrQb2eV7i_4,45.7120399&4.9039284,2024-01-28T18:00:00.000Z,60,9,public,true,Détente,3,CtqMNlNENCfDHregwg3llpiUGYi1,10,10,0,0,0,0,1
tG1xm3peWQuRUI1rM0Y0,Top Ten,published,pro,,48.8729106&2.6840919,2024-02-01T16:00:00.000Z,90,5,public,false,,,i27253AGxOfXgYJK72sBnvUGuMk2,0,10,0,0,0,0,3
tGkHYmhoTbJFk5CyeRjk,LE FIVE Montreuil,published,pro,,48.8613036&2.4653095,2024-03-03T08:00:00.000Z,90,15,public,false,,,u9uC1vjdcdQ3UqNxI0SiFxor0m43,0,10,0,0,0,0,0
tH6v3iA65DycA8FujObH,LE FIVE Paris 17,published,pro,,48.900032&2.3213449,2024-02-16T16:00:00.000Z,60,5,public,false,,,V6mqbc9C8FNa1RQlUupjeoqOsZL2,10,10,0,0,0,0,2
tIXb1WanzlS6tYWt2HEh,LE FIVE Paris 18,published,pro,,48.8978522&2.3700234,2024-03-01T16:00:00.000Z,60,5,public,false,,,UQf33jQhVZhle917nO0h7D5qclV2,0,10,0,0,0,0,0
tL1ZLsCwVvwdw6fZNmPm,LE FIVE Montreuil,published,pro,,48.8613036&2.4653095,2024-03-02T15:00:00.000Z,60,10,public,false,,,u9uC1vjdcdQ3UqNxI0SiFxor0m43,0,10,0,0,0,0,0
tLuRSa5uWew7F35T4HBl,Monclub Futbol,canceled,pro,ChIJGbxxaamUyRIRgGvhHnhJStA,43.4299152&5.4001974,2024-02-06T20:00:00.000Z,90,10,public,false,,,CSTy9rmJRQSyWlqWuGiUhGpAGqf2,0,10,0,0,0,0,0
tPzHr6nCfOGrMWaum2ha,Stadium Thiais,published,pro,,48.7511024&2.3713455,2024-03-11T14:00:00.000Z,90,8,public,false,,,psf3NmXEPwdCltHKJC7VuvJocrF3,0,10,0,0,0,0,0
tQs0rPtWPuGumuVyh1Uy,Stade Municipal Gérard Houllier,played,captain,,49.00413959999999&2.2501428,2024-01-26T19:00:00.000Z,90,,public,false,Détente,3,IiYp96QKWSUG4ivnY7A33P73HJj1,14,14,5,0,0,0,3
tR3BSQjI9vZChRurDKVJ,UrbanSoccer Meudon,canceled,captain,ChIJ0WKvjbh75kcRoqSmyWwW2jQ,48.8001204&2.2140771,2024-02-02T17:30:00.000Z,90,10,public,true,Détente,3,npkCJxc9cQQqqBil7RF08EN2Ow03,9,10,0,0,0,0,0
tR8p4KPqdO1442H7zYIs,Parc Interdépartemental des Sports du Tremblay,draft,captain,ChIJBVkfrQ4N5kcRGi-XnNQN_yo,48.8281085&2.491365,2024-02-03T14:30:00.000Z,120,,public,false,,,JTh2SZwej6OVVpBqOfYOAb2cA1j1,0,0,0,0,0,0,0
tRLwB5qc3AORfA4yBwyU,BIG5,published,captain,ChIJsb_7TJFp5kcRSPL5VqZulr4,48.9901429&2.3617895,2024-01-27T22:00:00.000Z,90,13,public,false,Détente,2,jRbefojb1OM9QmpR3nAKssJ8uyy2,9,10,0,0,0,0,0
tRYdjHcFakHy2owcceuY,Play Soccer,played,captain,ChIJQ-UxZn-5rhIRKWoQydM5T9s,43.5512023&1.4098927,2024-01-29T20:30:00.000Z,60,10,public,false,,,8LtkeOuZHeePxfkXdNPmQSr7V9L2,10,10,3,0,0,0,0
tSPtAxvNPKaiUfT4ITkP,UrbanSoccer - Quai d'Ivry,played,captain,ChIJfXxYJ0xy5kcRw9xTkF6-FZQ,48.8199885&2.3936463,2024-02-11T16:45:00.000Z,90,5,public,true,Détente,3,eaWE7pnjImSJeVyy4fuJFrzy8p83,10,10,1,0,0,0,0
tSpIZSQfdd3hTAgHNGLU,Stade Jean-Pierre Wimille,played,captain,ChIJpROZRl9l5kcRIMxrDepRwGo,48.87414159999999&2.2772219,2024-02-10T18:45:00.000Z,120,,public,false,Compétition,4,yYooFWCotnbWyjyvr6azXRljgil2,16,16,1,0,0,0,2
tTEhmcSsYRdAc3egSEjG,Élite 5 Soccer,played,captain,ChIJ5-jfdlZk5kcRYIaELgvikaM,48.9009153&2.2297275,2024-01-21T18:00:00.000Z,60,10,public,true,Compétition,5,RU05aXDYKVWAd8PyMi7uSQHrgSG2,10,10,0,0,0,0,0
tUUUYhgs3tOqUWNrq0yB,Top Ten,played,pro,,48.8729106&2.6840919,2024-02-09T16:00:00.000Z,90,5,public,false,,,i27253AGxOfXgYJK72sBnvUGuMk2,10,10,10,0,0,0,11
tUed3WpCJq9FOzwVWRBY,Gymnase Japy,published,captain,ChIJjSwEGPZt5kcRwOzDxHPp9SQ,48.855835&2.3820976,2024-02-07T11:00:00.000Z,60,7.5,public,false,Détente,2,QkZg1H0BtdcagypLa9xTvY0WtIl1,8,10,0,0,0,0,0
tWMcsRafnO8lryhxEvgN,Stadium Thiais,played,captain,ChIJ64X9jzx05kcRsHvSfOv6UcA,48.7511137&2.3715422,2024-02-11T18:30:00.000Z,90,15,public,false,Détente,2,VYqxE5jahUSHbP4CHIWxmxEzsyE3,12,12,0,0,0,0,1
tWVNJx9Fjg8R1nXmW4Bo,Kinshasa,published,pro,,-4.3032527&15.310528,2024-03-08T15:00:00.000Z,90,21,public,false,,,zCvsukfMuuffsuPpSTQwb7MusMD2,0,10,0,0,0,0,0
tWwO37Rn5DuOQlDfMLYP,UrbanSoccer - Quai d'Ivry,played,captain,ChIJfXxYJ0xy5kcRw9xTkF6-FZQ,48.8199885&2.3936463,2024-01-31T17:00:00.000Z,60,12,public,true,Détente,2,EvoYKsm679OmOqHezQcUqP8G7sf1,10,10,1,0,0,0,0
tXcHTntkbKhStG0A6wi4,UrbanSoccer - Quai d'Ivry,published,captain,ChIJfXxYJ0xy5kcRw9xTkF6-FZQ,48.8199885&2.3936463,2024-02-04T19:00:00.000Z,90,19,public,true,Détente,,rUzkBHpIJ1YFV4MRQjyiYHl4QMX2,4,10,0,0,0,0,1
tY0bqDqHzWmHfdbZk9fU,LE FIVE Bezons,draft,captain,ChIJ71Mv0Wpk5kcRg-H9x7L-dXo,48.9190524&2.211796,2024-01-20T17:30:00.000Z,90,13.5,public,true,Détente,3,dBD02rAC5oQIz0nnrufdD9xkNc83,0,10,0,0,0,0,0
tZ7VM3AmvYeDOKNhRjPl,Stadium Thiais,played,captain,ChIJ64X9jzx05kcRsHvSfOv6UcA,48.7511137&2.3715422,2024-02-08T16:25:00.000Z,90,10,public,false,Compétition,3,Dohg1zNvhsbmGrYuAmExKFyjruw2,10,10,8,0,0,0,2
tZu0WH4zCjzVSnZQZfzQ,Foot POWER 5,canceled,pro,,48.960066&2.2061913,2024-03-10T08:00:00.000Z,90,10,public,false,,,sss3dYi6nzWd7rEjwcQ30LGKudj1,0,10,0,0,0,0,0
tbAPYCm7WRvNlOKHiPHB,Stadium Thiais,published,pro,,48.7511024&2.3713455,2024-02-12T16:30:00.000Z,90,10,public,false,,,psf3NmXEPwdCltHKJC7VuvJocrF3,0,10,0,0,0,0,0
tcDO20vrLSsrrDtav5lx,Élite 5 Soccer,played,captain,ChIJ5-jfdlZk5kcRYIaELgvikaM,48.9009153&2.2297275,2024-01-24T19:00:00.000Z,60,12,public,true,Détente,4,Mh3dYJqqGNcSmx1RufEqZ6m7s4q2,10,10,1,0,0,0,0
teDuiC0B3Y29FnHUkg8W,Game 13 foot indoor,canceled,captain,ChIJNSDvlsXryRIRUXao9hwB79I,43.41258939999999&5.366617,2024-02-01T17:00:00.000Z,60,10,public,false,Compétition,4,tNI5PAPgX0MDq6T4GlwP3d2ndaO2,4,10,0,0,0,0,0
teTY913bFXNYs92O6g1C,LE PARK Complexe Multisports,canceled,captain,ChIJMU8gErUJ5kcRSnpvacKwFtM,48.71189589999999&2.5771181,2024-02-10T19:00:00.000Z,90,13,public,false,Détente,2,nTsTH8yUCpPjyLb747QFjmtR0pk2,9,10,0,0,0,0,0
tee59cm4xSo2QbiOyhBH,LE FIVE Villette,played,captain,ChIJTUFnQjps5kcR0pHITLTw1PI,48.9070122&2.3861459,2024-01-31T18:00:00.000Z,60,12,public,false,Compétition,2,0VARNXSjqkWRNUqkhK56qLym0Gv1,10,10,2,0,0,0,1
tgC2Tl7cWSrYcrt9pIfT,LE FIVE Bezons,published,pro,,48.91909&2.2093051,2024-03-02T20:00:00.000Z,90,13.5,public,false,,,U3MriTZbPbTUEsU6RtRuHxDMKvg2,0,10,0,0,0,0,0
tgIeMhd6r6184fZUpWiT,Parc Interdépartemental des Sports du Tremblay,published,captain,ChIJBVkfrQ4N5kcRGi-XnNQN_yo,48.8281085&2.491365,2024-02-13T14:00:00.000Z,120,,public,false,Compétition,4,uBBACLxkethaV9Y330hL2lGBj622,16,16,0,0,0,0,3
tgW1DZKl0MgMDb1rKWuc,Kinshasa,published,pro,,-4.3032527&15.310528,2024-02-16T15:30:00.000Z,90,11,public,false,,,zCvsukfMuuffsuPpSTQwb7MusMD2,0,10,0,0,0,0,0
ti04yfXTDCozf2aS7ikn,Foot-Max Argenteuil,published,pro,ChIJi9oIzaRm5kcRJYcK7QsdRMU,48.9501632&2.2093946,2024-01-31T17:00:00.000Z,60,8,public,false,,,SuEnyPZ4TgNIkt1yap2yJ3ZHO6p1,0,10,0,0,0,0,0
tiGSTgbB5FIWyTAM263s,UrbanSoccer La Défense,played,captain,ChIJh4rnfVhk5kcRV2Q-ZKdm8vA,48.8996456&2.2216773,2024-01-28T08:15:00.000Z,90,18,public,true,,3,J8KMu4CQGiRNCkHLTZ8VlzSVTSf2,10,10,1,0,0,0,1
tky54yVhJuANNcpu9TrE,Speed Soccer Five,published,pro,,48.7360598&2.315058,2024-02-29T17:00:00.000Z,90,13,public,false,,,MkTJljXziPXBdRdijccndMLBNCC3,0,10,0,0,0,0,0
tlQreIaw6j8mBmLGDoOd,LE FIVE Montreuil,published,pro,,48.8613036&2.4653095,2024-02-22T11:00:00.000Z,90,10.5,public,false,,,u9uC1vjdcdQ3UqNxI0SiFxor0m43,0,10,0,0,0,0,0
tlXr0oaynY8sqwFIdnuo,Speed Soccer Five,canceled,captain,ChIJ2xTNglV25kcR3UDi4AXGfDU,48.7360598&2.315058,2024-02-08T20:00:00.000Z,90,13,public,false,Détente,3,LG3Q44fKNwSrT7kC4KQjqLqPi712,10,10,0,0,0,0,1
tnQbDGdOPErmRlYzREnB,LE FIVE Montreuil,published,pro,,48.8613036&2.4653095,2024-02-14T22:00:00.000Z,60,8,public,false,,,u9uC1vjdcdQ3UqNxI0SiFxor0m43,0,10,0,0,0,0,0
tpQZZvte0fZvF4Qr36IK,Le Street Foot en Salle,played,captain,ChIJt_AXL6Jg5kcRu6rBmnrmeUM,49.0164435&2.181307,2024-01-26T19:30:00.000Z,90,14,public,false,Détente,2,jK9kjcdvGzSrFdlOP5ch13L2zf02,12,12,2,0,0,0,1
tpxu3d6ufv9AufsvTpEw,LE FIVE Paris 18,played,pro,,48.8978522&2.3700234,2024-01-20T21:30:00.000Z,90,10,public,false,,,UQf33jQhVZhle917nO0h7D5qclV2,10,10,2,0,0,0,4
tqHEZ0NYh3ivIPTuVp98,Cité des Sports,published,captain,ChIJ70UPf6R75kcRGb3NAV9k7Ww,48.8247744&2.2650728,2024-01-31T11:15:00.000Z,60,,public,false,Détente,3,UhA5K0uIX2bvgsHTVtkKXBbL5Jf1,17,18,0,0,0,0,7
tsL65xBDpfINYACo6dYu,Foot POWER 5,canceled,pro,,48.960066&2.2061913,2024-02-04T08:00:00.000Z,90,10,public,false,,,sss3dYi6nzWd7rEjwcQ30LGKudj1,0,10,0,0,0,0,0
ttKIJj9vEtmTKTxPgnQi,Game 13 foot indoor,played,captain,ChIJNSDvlsXryRIRUXao9hwB79I,43.41258939999999&5.366617,2024-01-30T17:00:00.000Z,60,10,public,false,Détente,3,tNI5PAPgX0MDq6T4GlwP3d2ndaO2,10,10,0,0,0,0,0
tuJjAkBYrLZvS6QtJR66,UrbanSoccer La Défense,played,captain,ChIJh4rnfVhk5kcRV2Q-ZKdm8vA,48.8996456&2.2216773,2024-01-22T17:00:00.000Z,60,12.5,public,true,Détente,3,WmEIitt9Uwg5axn6vQTP95QfodX2,10,10,4,0,0,0,4
tuc5eInQQR9QkoGX8bME,Stade Pierre Letessier,played,captain,ChIJmcO_CLgS5kcR_tYXn2vhXNs,48.8750074&2.4964236,2024-01-21T09:45:00.000Z,120,,public,false,Compétition,4,5tI7nJKuTRWNJgO1jYKyzMYNwog2,18,18,3,0,0,0,4
tvq5w4c0Gkpi8H5FD6uk,LE FIVE Sarcelles,canceled,captain,ChIJ6_q3Fxhq5kcRCpoEwnoXX1Q,48.99782219999999&2.3902225,2024-02-05T21:00:00.000Z,120,13,public,false,Détente,,SGuEHBTVYmf3lbEad0P7i9ITSAs2,5,10,0,0,0,0,0
tvwsLrYxd8LV8MIn3mXF,Le Street Foot en Salle,played,captain,ChIJt_AXL6Jg5kcRu6rBmnrmeUM,49.0164435&2.181307,2024-01-24T19:00:00.000Z,60,10,public,false,Compétition,5,hdb0YP9HZUcfMw27dW8jOPBQt3w1,10,10,6,0,0,0,7
twnwKkiaCVEwojC0JqtE,UrbanSoccer - Porte d'Aubervilliers,played,captain,ChIJ0dXjDCZs5kcRvX0EpMwxsUY,48.9074912&2.3746518,2024-01-29T18:55:00.000Z,60,14.5,public,true,Détente,2,cb1gnuWj4qXbhYzjL1tsyKvvltq1,10,10,0,0,0,0,0
txeVc2WajvoWOdILq9iw,Le Street Foot en Salle,played,captain,ChIJt_AXL6Jg5kcRu6rBmnrmeUM,49.0164435&2.181307,2024-01-28T16:00:00.000Z,120,16,public,false,Compétition,4,X6BNbt82bXeXneZ8qOHFpL9D1Zp1,10,10,1,0,1,0,1
tyoI4PYTtNEsNS1lyYlD,LE FIVE Paris 18,published,pro,,48.8978522&2.3700234,2024-03-11T21:20:00.000Z,90,10,public,false,,,UQf33jQhVZhle917nO0h7D5qclV2,0,10,0,0,0,0,0
tzEt4NnnoPKAuveWpcin,UrbanSoccer La Défense,canceled,captain,ChIJh4rnfVhk5kcRV2Q-ZKdm8vA,48.8996456&2.2216773,2024-02-03T11:30:00.000Z,60,13.5,public,true,Chill,4,pclqxLNXgee3D6GgTwPSlSjj2h82,9,10,0,0,0,0,0
tzbgZSAGbAvy07fNJnEz,Monclub Futbol,played,captain,ChIJGbxxaamUyRIRgGvhHnhJStA,43.4299152&5.4001974,2024-02-05T19:00:00.000Z,60,10,public,false,Détente,,T2QG662V9Ta7lQrXxzHChQsGOFZ2,10,10,4,0,0,0,0
tzlJ4ho5tbkIy96gN7vR,LE FIVE Créteil,published,captain,ChIJ88lx3VwL5kcRVxCh4lD6_Gk,48.7643086&2.4706522,2024-02-03T17:00:00.000Z,60,10,public,false,Chill,,W3cHpkumXBRR4hKoJTYOpTrUH5v1,9,10,0,0,0,0,0
u6E9wizaHUSn5QoHepSE,Monclub Futbol,played,pro,,43.4299152&5.4001974,2024-01-21T17:00:00.000Z,90,12,public,false,,,CSTy9rmJRQSyWlqWuGiUhGpAGqf2,10,10,6,0,1,0,3
u6rRB27mDGPrdV3ocmB4,UrbanSoccer - Puteaux,played,captain,ChIJM_sC0-Nk5kcRhL1y_EFIje8,48.8836397&2.2312283,2024-02-08T19:00:00.000Z,60,15,public,true,Détente,2,tADc402LbzNQItwCyfxaRTs36sH2,10,10,1,0,0,0,2
u6wF6MFmwToyzl6AyXMF,UrbanSoccer - Quai d'Ivry,canceled,captain,,48.8199885&2.3936463,2024-01-21T14:00:00.000Z,60,12.5,public,true,Compétition,3,1RKIZoZqa5ambF8GkS0JpNjWLBq1,5,10,0,0,0,0,0
u7Jq9cGotjD4ihlnOJXt,Game 13 foot indoor,played,captain,ChIJNSDvlsXryRIRUXao9hwB79I,43.41258939999999&5.366617,2024-01-20T19:30:00.000Z,60,10,public,false,Détente,4,RPwfyrL30dS1yvyJwGrn0z2HgSa2,10,10,2,0,0,0,1
u7bAUZnXwErjRSBHZi7b,Top Ten,played,pro,,48.8729106&2.6840919,2024-02-09T16:00:00.000Z,90,5,public,false,,,i27253AGxOfXgYJK72sBnvUGuMk2,10,10,6,0,0,0,11
u99pgo6pJWV206ToAOAH,UrbanSoccer La Défense,canceled,captain,ChIJh4rnfVhk5kcRV2Q-ZKdm8vA,48.8996456&2.2216773,2024-02-10T11:15:00.000Z,60,13.5,public,true,Détente,3,FshaFmrAbNREEGEom3F2gsHUrFR2,9,10,0,0,0,0,0
uAQgGUm020CWLv6riO4d,Stadium Thiais,published,pro,,48.7511024&2.3713455,2024-03-06T21:00:00.000Z,90,14,public,false,,,psf3NmXEPwdCltHKJC7VuvJocrF3,0,10,0,0,0,0,0
uB4qx362eNezGy3Dsd5n,Footbox,published,pro,,48.9022789&2.582647,2024-02-14T20:00:00.000Z,60,10,public,false,,,QI89VPazyLhBVnWH871jk4BUEZI3,0,10,0,0,0,0,0
uBA8z940Ty5wTEVGga2X,LE FIVE Villette,played,captain,ChIJTUFnQjps5kcR0pHITLTw1PI,48.9070122&2.3861459,2024-02-06T18:30:00.000Z,60,12,public,false,Détente,,E4GCb6d9xeXE847zGIdC0SJ6lQg2,10,10,2,0,0,0,0
uBFLrJekmeyEYRaAsb0u,Monclub Futbol,played,captain,,43.4299152&5.4001974,2024-01-24T18:00:00.000Z,60,10,public,false,Détente,3,7dvCI56J46g8hbZAK5Vctt88IOl1,10,10,5,0,0,0,2
uDbDYd4XYHye72CExpT3,Stadium Thiais,played,captain,ChIJ64X9jzx05kcRsHvSfOv6UcA,48.7511137&2.3715422,2024-02-12T20:30:00.000Z,90,14,public,false,Détente,,mfpkwBKLYBN6f6plr95O7woVM8t2,12,12,3,0,0,0,2
uEu3xs8uXoeos5H6ke9c,Top Ten,published,pro,,48.8729106&2.6840919,2024-01-24T11:00:00.000Z,90,5,public,false,,,i27253AGxOfXgYJK72sBnvUGuMk2,0,10,0,0,0,0,1
uFdRmkkXT6zbbiG3eNu3,Foot POWER 5,canceled,pro,,48.960066&2.2061913,2024-02-20T18:30:00.000Z,90,7,public,false,,,sss3dYi6nzWd7rEjwcQ30LGKudj1,0,10,0,0,0,0,0
uHEeoOm5xpfE4HQis61q,LE FIVE Carrières-sous-Poissy,canceled,captain,ChIJ9T4fWfyL5kcRCBX-FyZLvEE,48.9469325&2.0233834,2024-01-30T20:30:00.000Z,90,12,public,false,,2,MqTQ7MHD6tWp7cFTinuLxxK4i4K2,10,10,0,0,0,0,0
uHKpGcBKmWElBCKsWJja,UrbanSoccer - Toulouse Sept Deniers,canceled,captain,ChIJk5nUBdOkrhIRP-1aUJzo-lA,43.6321552&1.411696,2024-01-20T17:00:00.000Z,60,8,public,true,Détente,3,TJ3KK3gAy4SMm6nEdRZLsCnI5Iy2,1,10,0,0,0,0,0
uHSmOWX3BierHcfsGLp2,Events Five,published,captain,ChIJf8cSCJG5rhIRoQadPH-wW1U,43.5399703&1.3922897,2024-02-03T16:00:00.000Z,60,7,public,false,,,m4KpLYWUQghzy9kZi4QLUXSdwd32,8,10,0,0,0,0,0
uHftOWajjyBCyzU789gz,LE FIVE Bobigny,played,captain,ChIJV8UONORs5kcRXxR5Qd7x130,48.901553&2.4313304,2024-02-09T19:00:00.000Z,90,15,public,false,Détente,2,gW9aeEiiZMZQvDAz6I3Tm71GJSU2,10,10,3,0,1,0,0
uHtVQub2DSYGDY39rygR,Stadium Thiais,published,pro,,48.7511024&2.3713455,2024-02-24T13:00:00.000Z,90,12,public,false,,,psf3NmXEPwdCltHKJC7VuvJocrF3,0,10,0,0,0,0,0
uIG8abMhMav5ye88pmjF,LE FIVE Montreuil,published,pro,,48.8613036&2.4653095,2024-02-08T16:00:00.000Z,90,11,public,false,,,u9uC1vjdcdQ3UqNxI0SiFxor0m43,0,10,0,0,0,0,0
uJMcVpIvW7OcsgDmqOj6,LE FIVE Carrières-sous-Poissy,played,captain,ChIJ9T4fWfyL5kcRCBX-FyZLvEE,48.9468144&2.0230574,2024-01-26T19:30:00.000Z,60,10,public,false,Détente,3,jis7SHX8CZhgVZcMQAK8FAU6TUt1,10,10,2,0,0,0,1
uMTLL08JoKkxUEEYrH38,Stade Lilian Thuram,played,captain,ChIJy0-vXf9l5kcRH4WAmpihUQE,48.933705&2.2828141,2024-01-28T09:15:00.000Z,150,,private,false,Détente,3,fwrCzizjC5UGI9TzJdi1JinvWet1,18,18,11,0,0,0,0
uP9E6qx2ccVHJNu7JZbq,Footbox,published,pro,,48.9022789&2.582647,2024-02-19T22:00:00.000Z,60,10,public,false,,,QI89VPazyLhBVnWH871jk4BUEZI3,0,10,0,0,0,0,0
uPRLF2N3YklWQfwQKxsb,UrbanSoccer Guyancourt,published,captain,ChIJmdX-2c-A5kcRj1wtOS8rZmo,48.7722091&2.0600292,2024-01-31T11:15:00.000Z,90,,public,true,Détente,3,BDns611c38YFyqobxpZC7VgiTxh1,11,12,0,0,0,0,0
uPuu5Bq3p92ZbfdE9miM,LE FIVE Paris 18,published,pro,,48.8978522&2.3700234,2024-02-07T16:00:00.000Z,60,5,public,false,,,UQf33jQhVZhle917nO0h7D5qclV2,9,10,0,0,0,0,12
uRAzXcsBwx93JRL6zHW9,LE FIVE Montreuil,published,pro,,48.8613036&2.4653095,2024-03-06T22:00:00.000Z,60,8,public,false,,,u9uC1vjdcdQ3UqNxI0SiFxor0m43,0,10,0,0,0,0,0
uRj1voMV3AYAawpSiW4C,Stadium Thiais,published,pro,ChIJ64X9jzx05kcRsHvSfOv6UcA,48.7511024&2.3713455,2024-01-29T21:00:00.000Z,90,14,public,false,,,psf3NmXEPwdCltHKJC7VuvJocrF3,0,10,0,0,0,0,0
uRz1FQKtZsPQ9kkUpnD1,Stadium Thiais,published,pro,,48.7511024&2.3713455,2024-01-27T12:00:00.000Z,90,15,public,false,,,psf3NmXEPwdCltHKJC7VuvJocrF3,0,10,0,0,0,0,0
uS1XqXD35S3YFkBlnNqc,BIG5,played,captain,ChIJsb_7TJFp5kcRSPL5VqZulr4,48.9901429&2.3617895,2024-02-08T19:00:00.000Z,120,18,public,false,Détente,2,S7F3G5iuPNWVU8C5aKh1cFebGCA3,10,10,0,0,0,0,0
uT0CkKRUPdaglN3hbUOX,UrbanSoccer La Défense,played,captain,ChIJh4rnfVhk5kcRV2Q-ZKdm8vA,48.8996456&2.2216773,2024-01-28T10:30:00.000Z,60,14,public,true,Détente,3,E9bSjA4e3vZd2E0jqpZiGWHiSDF3,10,10,3,0,0,0,1
uU5y1MJp8Tg7NwoeZWrc,Game 13 foot indoor,played,captain,ChIJNSDvlsXryRIRUXao9hwB79I,43.41258939999999&5.366617,2024-02-06T19:00:00.000Z,60,10,private,false,Détente,2,YRqiIIRIa7WLYzz10t8KebtmcKp1,10,10,9,0,0,0,1
uUT4yHgmzLTNXJstQZpX,Stadium Thiais,published,pro,,48.7511024&2.3713455,2024-02-26T15:00:00.000Z,90,10,public,false,,,psf3NmXEPwdCltHKJC7VuvJocrF3,0,10,0,0,0,0,0
uUnY0NnrpGx3STpV3FP2,LE FIVE Bobigny,published,pro,,48.901553&2.4313304,2024-02-05T17:00:00.000Z,60,8,public,false,,,4owi3i7t8EOvFNF6UQvACOpiDRy1,0,10,0,0,0,0,0
uX8dsilO2ctnQtFq0Yrh,Stade Makowski,canceled,captain,ChIJvShnxJpt5kcRwdqlaq1s3E0,48.9090365&2.436058,2024-01-21T09:00:00.000Z,150,,public,false,Compétition,5,FmWwP3CHDDPrKuS9tlikkebaorJ3,13,14,0,0,0,0,0
uXbuKYSVsg9gyKS1daPx,Stadium Thiais,played,pro,,48.7511024&2.3713455,2024-01-31T18:00:00.000Z,90,15,public,false,,,psf3NmXEPwdCltHKJC7VuvJocrF3,10,10,3,0,0,0,2
uZjoYuGBgO4nMomDtWeB,LE FIVE Paris 13,published,pro,,48.8181615&2.3658793,2024-02-19T22:00:00.000Z,60,10,public,false,,,FjSnzlRFFfhWVWQJGfIEwRc2ZMj2,0,10,0,0,0,0,0
uZna0u69QyvkPihJpjxh,UrbanSoccer - Quai d'Ivry,canceled,captain,ChIJfXxYJ0xy5kcRw9xTkF6-FZQ,48.8199885&2.3936463,2024-01-27T11:15:00.000Z,60,10,public,true,Détente,3,MpP0z1uA45Ma873ulIM0ApwfAfx1,10,10,0,0,0,0,1
ubqXqCGkV7M5nFNALf1d,UrbanSoccer La Défense,played,captain,ChIJh4rnfVhk5kcRV2Q-ZKdm8vA,48.8996456&2.2216773,2024-01-31T17:15:00.000Z,60,12.5,public,true,Détente,2,dHXCQqNGaWZzX1XqcRj0FpyLnz23,10,10,2,0,1,0,3
udwBZRtMxu278Exc1MJc,LE FIVE Paris 18,published,pro,,48.8978522&2.3700234,2024-02-22T21:20:00.000Z,90,10,public,false,,,UQf33jQhVZhle917nO0h7D5qclV2,0,10,0,0,0,0,0
ueYHreVslQ8pedVDPryq,UrbanSoccer La Défense,canceled,captain,ChIJh4rnfVhk5kcRV2Q-ZKdm8vA,48.8996456&2.2216773,2024-02-03T11:15:00.000Z,60,13.5,public,true,Détente,3,OuKQCNAVmVgFhmarS3uuUBkQu6F2,3,10,0,0,0,0,0
uf0EbMsY4obdiuSQJxDD,Events Five,canceled,captain,ChIJf8cSCJG5rhIRoQadPH-wW1U,43.5399703&1.3922897,2024-02-04T16:00:00.000Z,60,7,private,false,,,m4KpLYWUQghzy9kZi4QLUXSdwd32,2,10,0,0,0,0,0
ug2DKnGqrBF7v0f8yRdr,Set Marseille,canceled,captain,ChIJOcEljl_HyRIR8QPwjTSwqRU,43.2626774&5.3937758,2024-01-23T16:00:00.000Z,60,10,public,false,Détente,3,FagBbulF1hXSSmfaRwdfcmfrgfp2,2,10,0,0,0,0,0
ugHO7wQEW9Zf3G3enDtG,UrbanSoccer La Défense,played,captain,ChIJh4rnfVhk5kcRV2Q-ZKdm8vA,48.8996456&2.2216773,2024-02-07T18:40:00.000Z,60,,public,true,Détente,,2PotkD5PcdYHdjGbDAvNs1prBUK2,10,10,3,0,0,0,4
uhOxG5aI4MMor2ihuwTB,UCPA Sport Station - Meudon,played,captain,ChIJo-1Yfyx65kcRE-ebwNckN-o,48.7827944&2.2266758,2024-01-22T19:15:00.000Z,90,10,private,false,Détente,,yYOUgwZUhEOOl85477lgHRgxO3l1,16,16,2,0,0,0,0
uhqssIxeiCoraSt9p8sg,LE FIVE Sarcelles,canceled,captain,ChIJ6_q3Fxhq5kcRCpoEwnoXX1Q,48.99782219999999&2.3902225,2024-02-08T20:00:00.000Z,90,13,public,false,Détente,2,teJWyUweiHbF7gi2wai3tq2vDQI3,5,10,0,0,0,0,0
ujSFNoVAipLP5KzD6Qls,Cité des Sports,played,captain,ChIJ70UPf6R75kcRGb3NAV9k7Ww,48.8247744&2.2650728,2024-02-09T19:30:00.000Z,60,13,public,false,Compétition,3,Q09e04VS2PeQgdp6YavEUuIAjal2,10,10,5,0,0,0,0
up3IMytnBw0AV2c2rMHF,Speed Soccer Five,published,pro,,48.7360598&2.315058,2024-02-28T17:00:00.000Z,90,13,public,false,,,MkTJljXziPXBdRdijccndMLBNCC3,0,10,0,0,0,0,0
upSc7JRNFJ11N0Q3IRnv,STADIUM FOOT 5 VILLAGE,canceled,captain,ChIJbbOWFtC4yRIR0WXVerbWmnE,43.269413&5.4260321,2024-01-29T18:00:00.000Z,60,10,public,false,Détente,3,MKjoGJESIIfNKw5sH93VODBuvLv2,10,10,0,0,0,0,0
uqB7ucRzH83j7QSorakZ,UrbanSoccer - Lyon Parilly,canceled,captain,ChIJx3FQWjLC9EcRrrQb2eV7i_4,45.7120399&4.9039284,2024-01-23T18:30:00.000Z,60,11,public,true,Détente,3,QUujlsu0G8X7kCWXMeOuQdGF3WI3,7,10,0,0,0,0,0
ur4Bl0YYoYTKItvi6skr,Speed Soccer Five,published,captain,ChIJ2xTNglV25kcR3UDi4AXGfDU,48.7360598&2.315058,2024-02-07T19:45:00.000Z,90,13.5,public,false,Détente,3,jeSxOGNZwXR3iuTx0hcSDPzLKIj1,8,10,0,0,0,0,0
urYPI1zdBLbtSBUtsQDG,Foot-Max Argenteuil,published,pro,,48.9501632&2.2093946,2024-02-17T13:00:00.000Z,120,16,public,false,,,SuEnyPZ4TgNIkt1yap2yJ3ZHO6p1,1,10,0,0,0,0,0
urjtFeETUjrcuewzaCaT,Foot POWER 5,canceled,pro,,48.960066&2.2061913,2024-02-22T21:30:00.000Z,90,7,public,false,,,sss3dYi6nzWd7rEjwcQ30LGKudj1,0,10,0,0,0,0,0
urrJGm3uKK8CqO2TmMiI,Stadium Thiais,published,pro,,48.7511024&2.3713455,2024-02-28T21:00:00.000Z,90,14,public,false,,,psf3NmXEPwdCltHKJC7VuvJocrF3,0,10,0,0,0,0,0
urw1mKc7RfGzOrYJyCrt,Urban Soccer,played,captain,ChIJQa9SIC3v9EcR6KzO4cOApok,45.6833208&4.7719325,2024-02-01T19:00:00.000Z,60,10,public,true,Détente,2,9hkk6iX8pQWfPblM8PeIw5ZiyNz1,10,10,2,0,0,0,0
us2LmDnpKH4uYGru3BQ3,Stade Des Courtilles,published,captain,ChIJ83HS9ldv5kcR-plMKkHPNTA,48.929137&2.2834726,2024-02-03T17:30:00.000Z,150,,public,false,Compétition,3,OKhfkxDKMDS9m7GyDTrjVlKnvko1,7,14,0,0,0,0,0
usHohTZZeSwTGxT5CZS8,FIVE ARENA,published,captain,ChIJ02bKSuih6EcRb796CXVbkVs,48.9539465&2.9154573,2024-01-26T17:30:00.000Z,90,10,public,false,Détente,3,V83vGtqTTEYePKlTv2LkgsBJ1UJ2,4,10,0,0,0,0,0
ushbUhjbJYC3rDIXCEm6,Sport dans la Ville Rhône-Alpes,canceled,captain,ChIJoUEDcmvr9EcRILCz6hDCQ2o,45.7811703&4.8081568,2024-01-26T20:00:00.000Z,90,10,public,false,Détente,3,aayUhogt15eM9gYGrAVUCnwbPqi1,4,10,0,0,0,0,0
utUrjvKptXdURVe5fju7,Le 13 - Foot en salle - Marseille,played,captain,ChIJR62kUm_ByRIRDnGQqGCeUVQ,43.33370070000001&5.370389599999999,2024-02-06T19:00:00.000Z,60,9,public,false,Compétition,2,vzCXSeJYbaZacDav8pXWl7X9Wih1,10,10,4,0,0,0,0
utbcJUyI5ttWpDuEx6CM,Parc Omnisport Suzanne Lenglen,played,captain,ChIJ0_E6kcV65kcRpEn1nM0j_KU,48.8303784&2.2714163,2024-02-02T13:00:00.000Z,120,,public,false,Compétition,3,mhTTNAGjXiMpcUDScm0BrqX0Gtf1,18,18,9,0,0,0,2
utoXmYGbigS4iIzkCpfi,Stadium Thiais,published,pro,,48.7511024&2.3713455,2024-03-03T12:00:00.000Z,90,15,public,false,,,psf3NmXEPwdCltHKJC7VuvJocrF3,0,10,0,0,0,0,0
uuon49mxWnfXFy8wqqQN,Gymnase Raymond Burgard,published,captain,ChIJXWvMzz5w5kcRxt3F8esG5Rg,48.84010360000001&2.3041271,2024-01-21T09:00:00.000Z,120,,public,false,Détente,4,YN4CLRLyxxe2dbSZBOw9zItt2T93,11,12,0,0,0,0,7
uvAB1AHpVE3GUuOs7Dca,Centre Sportif Hautpoul,canceled,captain,ChIJ79fuL8Zt5kcRk9e1VH01h_U,48.8847213&2.3874252,2024-01-28T16:45:00.000Z,120,5,public,false,Compétition,,u1d5UxHx7maGj4sc4EU7rDuYr0p2,5,12,0,0,0,0,2
uwS3jZKqquH5tYLSlvuU,Parc des Sports,canceled,captain,ChIJV8Nr3hIb5kcRKfPPqbSUG30,48.8731664&2.7199166,2024-02-01T18:30:00.000Z,90,,public,false,Compétition,3,0egHHBP3sEf0NZbfdtq3CbnPlmB3,1,12,0,0,0,0,0
uwT2MV0QkAYpOVuT4AED,Top Ten,published,pro,,48.8729106&2.6840919,2024-01-30T11:00:00.000Z,90,5,public,false,,,i27253AGxOfXgYJK72sBnvUGuMk2,0,10,0,0,0,0,0
uzizOvCcJGBzywqBiq05,Footbox,published,pro,,48.9022789&2.582647,2024-03-06T21:00:00.000Z,60,10,public,false,,,QI89VPazyLhBVnWH871jk4BUEZI3,0,10,0,0,0,0,0
v02W1xzgDfHPJmFp4SY1,LE FIVE Paris 18,published,pro,,48.8978522&2.3700234,2024-03-04T16:00:00.000Z,60,5,public,false,,,UQf33jQhVZhle917nO0h7D5qclV2,0,10,0,0,0,0,0
v0EJt0qNERhiwnnuyY7N,LE FIVE Sarcelles,canceled,captain,ChIJ6_q3Fxhq5kcRCpoEwnoXX1Q,48.99782219999999&2.3902225,2024-02-08T23:00:00.000Z,90,10,public,false,Détente,3,que2ClS9cKaQ76VTIMNVaEEzQlW2,4,10,0,0,0,0,0
v1DlB2QPIwMXLlUEFnmT,Five académie,draft,captain,ChIJnwl_n5hr5kcRnfgTJrNYSo8,48.8952533&2.367703,2024-02-04T18:00:00.000Z,60,,public,false,,,9v4jZHdjWEcpIaTOXjvNwoG9kbx1,0,0,0,0,0,0,0
v1cObLT9LUlQhNqCfVZj,Monclub Futbol,published,pro,ChIJGbxxaamUyRIRgGvhHnhJStA,43.4299152&5.4001974,2024-01-25T20:00:00.000Z,60,10,public,false,,,CSTy9rmJRQSyWlqWuGiUhGpAGqf2,0,10,0,0,0,0,0
v1tLWYH0CJGK3bvaDHZ0,Top Ten,published,pro,ChIJfXprBx4b5kcRmhe-5pLZUek,48.8729106&2.6840919,2024-02-02T16:00:00.000Z,90,5,public,false,,,i27253AGxOfXgYJK72sBnvUGuMk2,0,12,0,0,0,0,0
v2d70tQjJWPu1tmSA7B2,Top Ten,played,pro,,48.8729106&2.6840919,2024-01-24T16:00:00.000Z,90,5,public,false,,,i27253AGxOfXgYJK72sBnvUGuMk2,10,10,8,0,1,0,6
v3ik6gAlaAvtQEndlSfg,Monclub Futbol,published,pro,,43.4299152&5.4001974,2024-03-03T17:00:00.000Z,90,12,public,false,,,CSTy9rmJRQSyWlqWuGiUhGpAGqf2,0,10,0,0,0,0,0
v437q8McGOSQqaJGCazC,FOOT INDOOR Marseille,played,captain,,43.2859688&5.4882746,2024-02-03T17:00:00.000Z,60,10,public,false,Détente,3,wX9wOBRf3cPbFRE3dfJ9Z2r7EZA3,10,10,1,0,0,0,0
v4PNp6DN3IurQAJYzXxb,LE FIVE Paris 18,played,captain,ChIJpVT4_n1u5kcRzji6FdTBXXo,48.8978522&2.3700234,2024-01-29T18:50:00.000Z,60,14,public,true,Détente,2,ft0dr7tQK7hFTnq7HhQUbmuycWv2,10,10,3,0,0,0,2
v4jeKApTuWgtx8fhvfMQ,UrbanSoccer - Lille Lezennes,canceled,captain,ChIJR3ro5nTWwkcRfM_S3Be9HjI,50.6162725&3.0998108,2024-02-08T19:30:00.000Z,60,10,public,true,,3,AnvNUpJkuJaIaX0DqYY6TEFtWhK2,1,10,0,0,0,0,0
v5MZEmhjWXRNaSLYVpLt,Stadium Thiais,canceled,captain,ChIJ64X9jzx05kcRsHvSfOv6UcA,48.7511024&2.3713455,2024-01-21T09:30:00.000Z,90,15,public,false,Détente,,T0gYd02mAcQ3nFRaDLdSQvaj8WW2,11,12,0,0,0,0,0
v5bEilYVuJ42KVHBcAiw,UrbanSoccer - Porte d'Aubervilliers,canceled,captain,ChIJ0dXjDCZs5kcRvX0EpMwxsUY,48.9074912&2.3746518,2024-01-27T18:00:00.000Z,60,10.5,public,true,Compétition,3,amHMfBbWcNS4PAlvRqdXMgrrLd83,7,10,0,0,0,0,0
v64XHz31pWPagylAXBCj,LE FIVE Champigny,published,pro,,48.8194084&2.5251846,2024-02-06T16:00:00.000Z,60,7,public,false,,,evlV9mUgATYQ5343zpYZvk4w0r03,1,10,0,0,0,0,0
v6AeTLugw8mzS3scj1AP,Stadium Thiais,canceled,captain,ChIJ64X9jzx05kcRsHvSfOv6UcA,48.7511137&2.3715422,2024-02-08T18:30:00.000Z,90,15,public,false,Détente,3,nw7OtPvvibZLVMCBi0qlsCY7msf2,6,10,0,0,0,0,0
v8Q1apLExxlyq5YnClfN,Stadium Thiais,published,pro,,48.7511024&2.3713455,2024-03-09T12:00:00.000Z,90,15,public,false,,,psf3NmXEPwdCltHKJC7VuvJocrF3,0,10,0,0,0,0,0
v8mEdcIc2SIzzzaim9qE,Stadium Thiais,played,pro,,48.7511024&2.3713455,2024-02-10T09:30:00.000Z,90,12,public,false,,,psf3NmXEPwdCltHKJC7VuvJocrF3,10,10,9,0,0,0,3
v8wEoXv0m77KHvmzRN6E,LE FIVE Montreuil,published,pro,,48.8613036&2.4653095,2024-02-28T22:00:00.000Z,60,8,public,false,,,u9uC1vjdcdQ3UqNxI0SiFxor0m43,0,10,0,0,0,0,0
v9BExup5S9eQsQhGinFA,LE FIVE Champigny,played,captain,ChIJsXi1PLYN5kcRTVVDuczgS2s,48.8194084&2.5251846,2024-01-21T11:00:00.000Z,90,15,public,false,Détente,4,wJ2okluaw0h7DZXhIHDNinKPUS33,10,10,1,0,0,0,0
v9d8cTRWLw6RwVBI656M,LE FIVE Paris 18,published,pro,,48.8978522&2.3700234,2024-02-16T21:20:00.000Z,90,10,public,false,,,UQf33jQhVZhle917nO0h7D5qclV2,10,10,0,0,0,0,1
v9tUF8ATbUoGsgJ63u92,LE FIVE Paris 18,canceled,pro,ChIJpVT4_n1u5kcRzji6FdTBXXo,48.8978522&2.3700234,2024-01-29T18:50:00.000Z,60,10,public,false,,,UQf33jQhVZhle917nO0h7D5qclV2,0,10,0,0,0,0,2
vA1y3ZHW6Q1UXfAm3KKl,LE FIVE Paris 17,played,captain,ChIJ7eI8sFNv5kcR5xy52Wc57NU,48.900032&2.3213449,2024-01-31T19:00:00.000Z,60,12,public,true,Détente,2,agoKoaqnTMf1ckNnDEaeBuBXI1q1,10,10,1,0,0,0,0
vAbfkRahy3qAIBlFYPB4,LE FIVE Paris 18,played,pro,,48.8978522&2.3700234,2024-01-22T21:20:00.000Z,90,10,public,false,,,UQf33jQhVZhle917nO0h7D5qclV2,10,10,9,0,0,0,4
vC425CyiRzqM09WlPFhQ,Stadium Thiais,published,pro,,48.7511024&2.3713455,2024-03-11T11:00:00.000Z,60,7,public,false,,,psf3NmXEPwdCltHKJC7VuvJocrF3,0,10,0,0,0,0,0
vCxjCh8ZUiZDWGjZ0Gei,Parcours sportif de la plaine du Luth,canceled,captain,ChIJzRgVdzJv5kcRvh7TyyBSol0,48.9353111&2.2867938,2024-01-20T09:50:00.000Z,90,,public,false,Compétition,5,IPBsO07hSPQnWzruNVQADGFnN7F2,11,12,0,0,0,0,0
vDKrBSVamWdYIiyF4eMQ,LE FIVE Montreuil,played,captain,ChIJJdTQjr0T5kcRZmGxtIJVy44,48.8607303&2.4650432,2024-01-25T19:00:00.000Z,60,11,public,false,Détente,2,USaCK7pN0XTY5Okc5UHef9ssP702,10,10,4,0,0,0,0
vE6zSuWIsD2GgJ9kg0wL,UrbanSoccer - Quai d'Ivry,played,captain,ChIJfXxYJ0xy5kcRw9xTkF6-FZQ,48.8199885&2.3936463,2024-01-29T19:30:00.000Z,90,21,private,true,Détente,3,jHAofATgHaQ2XhP7YQ1MqZt84003,10,10,4,0,0,0,1
vFFDR9NCumLWXgmg67Ep,Kinshasa - Test,published,pro,,-4.3032527&15.310528,2024-03-05T04:00:00.000Z,60,12,public,false,,,zCvsukfMuuffsuPpSTQwb7MusMD2,0,10,0,0,0,0,0
vI0YcdspHv8QjtvUKyqp,LE FIVE Morangis,played,captain,ChIJA4uAhOXZ5UcRp-vZXZP-ovY,48.692672&2.3192811,2024-01-25T10:00:00.000Z,60,3.5,public,false,Détente,,g5OrId1Nw3ZdLj3cSX79Pm7UBBk2,10,10,2,0,0,0,1
vIVnYDokqNWtukP9o2fC,Top Ten,published,pro,,48.8729106&2.6840919,2024-02-21T21:30:00.000Z,90,16.5,public,false,,,i27253AGxOfXgYJK72sBnvUGuMk2,0,10,0,0,0,0,0
vJrEL60UgSuOc8kGkLFz,LE FIVE Bezons,canceled,captain,ChIJ71Mv0Wpk5kcRg-H9x7L-dXo,48.9190524&2.211796,2024-02-07T19:00:00.000Z,60,11,public,true,,3,scoj4cOOmXQB6JiC86ZGMsXL1mu2,5,10,0,0,0,0,0
vLXsGdkvyBPxKI8d65Qj,UrbanSoccer - Porte d'Aubervilliers,played,captain,ChIJ0dXjDCZs5kcRvX0EpMwxsUY,48.9074912&2.3746518,2024-01-30T19:00:00.000Z,60,14,public,true,Compétition,4,TIVSQaDxRdPKQlQOhl5VChWF7px1,10,10,5,0,0,0,1
vNHy6iSRq3zvQlD8vkEJ,Footsal Cousinerie,played,captain,ChIJXQyb1d8pw0cRLO_Ed5xHTIQ,50.6440829&3.1459612,2024-01-31T18:30:00.000Z,60,9.5,public,false,Détente,2,Qx9IRNgl0wPDYVR2z7b3tdEOxem1,10,10,3,0,0,0,1
vNfH3fIyuo0YZfFQPWjV,Stadium Thiais,published,pro,ChIJ64X9jzx05kcRsHvSfOv6UcA,48.7511024&2.3713455,2024-02-11T11:00:00.000Z,90,15,public,false,,,psf3NmXEPwdCltHKJC7VuvJocrF3,1,10,0,0,0,0,0
vNnFVjmcza8t9zQlQCAT,LE FIVE Bezons,published,pro,,48.91909&2.2093051,2024-02-15T17:00:00.000Z,60,7,public,false,,,U3MriTZbPbTUEsU6RtRuHxDMKvg2,5,10,0,0,0,0,0
vO0RlEQ87dAVZfG4AN5m,Terrain de Football des Blagis,played,captain,ChIJo1VQy8hw5kcRGlSSiJpcq-Q,48.7855644&2.2991542,2024-01-31T17:30:00.000Z,120,,public,false,Détente,5,rzC8A0bd4afb9AWrHKlCPT9461y1,12,12,2,0,0,0,0
vOJBiTDPJHKYd8xFYY8w,FOOT IN FIVE,played,captain,ChIJoUR0syFp5kcRUlStnwluaYY,48.9552257&2.3328346,2024-01-25T19:00:00.000Z,90,12,public,false,Compétition,4,pjh03qmN8OVJvrh7seecNujkppJ2,10,10,7,0,0,0,2
vOin3GMBt5ebylwByj1v,Centre Sportif Maryse Hilsz,published,captain,ChIJgY6iBYxt5kcRHD7TB4jAHV4,48.8520783&2.4128877,2024-02-13T11:20:00.000Z,150,,public,false,Compétition,5,1Fkzl7JONMQgLkuJEFE1meNaqUI2,16,16,0,0,0,0,5
vOm7d0L7So4PWqmV8675,UrbanSoccer Evry,played,captain,ChIJW0Ut1G7e5UcRt621n2fRQ5M,48.6286849&2.4066366,2024-02-09T19:10:00.000Z,60,11,public,true,Détente,3,Vd2iHvVtEXeFAMwDEbfUKIFmccd2,10,10,3,0,0,0,0
vQhRp2eumsdMln5apfwx,Terrain de Draveil,canceled,captain,ChIJ8TYAB93f5UcRtDLTkIEHl88,48.6889414&2.3919424,2024-01-21T09:15:00.000Z,120,,private,false,Compétition,3,4UFqEa4a0Lgs47WeclcJErXD5s82,3,18,0,0,0,0,0
vR09enUZK7YrcYtOTZYj,UrbanSoccer - Toulouse Sept Deniers,canceled,captain,ChIJk5nUBdOkrhIRP-1aUJzo-lA,43.6321552&1.411696,2024-01-26T17:20:00.000Z,60,9,public,true,Détente,2,HeoQ6JHVgEgu7Z6zPQreYC1wsWy1,9,10,0,0,0,0,0
vR9YrtZ7trQgT7flTaHR,UrbanSoccer - Toulouse Montaudran,canceled,captain,ChIJl772e0u8rhIR2foRX4Xa2CI,43.574642&1.4801835,2024-02-11T18:00:00.000Z,60,9.5,private,true,Détente,3,avKJSzRSupMiFKc3xCym3DTQFL33,6,10,0,0,0,0,0
vRbBucY69WI90V5ds674,LE FIVE Paris 18,canceled,captain,ChIJpVT4_n1u5kcRzji6FdTBXXo,48.8978522&2.3700234,2024-02-11T12:50:00.000Z,60,14,public,true,Détente,2,Vs86WK03L2e6HpXNNaTFwveyg7i1,8,10,0,0,0,0,2
vRdnD2osWT05kxiHhx3r,LE FIVE Bobigny,published,pro,,48.901553&2.4313304,2024-01-29T17:00:00.000Z,60,8,public,false,,,4owi3i7t8EOvFNF6UQvACOpiDRy1,0,10,0,0,0,0,0
vRgxYK2GsouyIg0HcKzr,UrbanSoccer - Quai d'Ivry,canceled,captain,ChIJfXxYJ0xy5kcRw9xTkF6-FZQ,48.8199885&2.3936463,2024-02-11T13:40:00.000Z,120,3,public,true,Compétition,5,0Ar3LQMLhMWoCgpvJgUdWolGaoP2,10,10,0,0,0,0,0
vRlS2xShVjOkkFBgYbPL,UrbanSoccer - Toulouse Sept Deniers,published,captain,ChIJk5nUBdOkrhIRP-1aUJzo-lA,43.6321552&1.411696,2024-02-13T14:30:00.000Z,60,4.9,public,true,Détente,2,wtnsXikCw2SzC8ybn61IvBinamt1,9,10,0,0,0,0,0
vSq7EhzjuR6ttczzTwb6,LE FIVE Paris 18,published,pro,,48.8978522&2.3700234,2024-03-13T21:20:00.000Z,90,10,public,false,,,UQf33jQhVZhle917nO0h7D5qclV2,0,10,0,0,0,0,0
vTdEHriu7jxQg16ga9Oa,Footbox,published,pro,,48.9022789&2.582647,2024-03-05T16:00:00.000Z,60,7,public,false,,,QI89VPazyLhBVnWH871jk4BUEZI3,0,10,0,0,0,0,0
vUD3v3Y3EG3THSeM1dBe,Top Ten,published,pro,,48.8729106&2.6840919,2024-02-14T21:30:00.000Z,90,16.5,public,false,,,i27253AGxOfXgYJK72sBnvUGuMk2,0,10,0,0,0,0,0
vUEtGyINlV5u0ca4cSNy,F5 Foot Five,played,captain,ChIJjUbM5G7A9EcRW3mlkrhyXxY,45.7857911&4.905926399999999,2024-02-06T18:00:00.000Z,60,9.5,public,false,Détente,4,R01GH804gVMhrrQIAIH20PMYnHk2,10,10,4,0,0,0,1
vUuTOpWe0lry19t0Cn1l,Footbox,published,pro,,48.9022789&2.582647,2024-02-17T12:00:00.000Z,60,10,public,false,,,QI89VPazyLhBVnWH871jk4BUEZI3,0,10,0,0,0,0,0
vWJlOhaZIY6SQd6nQBST,LE FIVE Bobigny,published,pro,,48.901553&2.4313304,2024-02-09T17:00:00.000Z,60,8,public,false,,,4owi3i7t8EOvFNF6UQvACOpiDRy1,1,10,0,0,0,0,0
vX4Hri78QVMAKjSLjJTh,Le Street Foot en Salle,published,pro,,49.0164435&2.181307,2024-03-11T14:00:00.000Z,120,10,public,false,,,bsRK7e37BkUbETMq0Tg3lbm8Fao2,0,10,0,0,0,0,0
vXkjznouI9GGoS9Hs45v,Parcours sportif de la plaine du Luth,published,captain,ChIJzRgVdzJv5kcRvh7TyyBSol0,48.9353111&2.2867938,2024-01-31T18:45:00.000Z,60,,public,false,Compétition,,4VrS00bbKuWtEedLaYrX5cUcugH2,10,12,0,0,0,0,0
vYV52Jmc77WoYIn6IvN8,Top Ten,published,pro,,48.8729106&2.6840919,2024-03-11T21:30:00.000Z,90,16.5,public,false,,,i27253AGxOfXgYJK72sBnvUGuMk2,0,10,0,0,0,0,0
vZ91M7daYVdZdscfx7Ed,Sport dans la Ville Rhône-Alpes,canceled,captain,ChIJoUEDcmvr9EcRILCz6hDCQ2o,45.7811703&4.8081568,2024-01-30T18:00:00.000Z,90,13.5,public,false,Détente,3,SDw87q1F8QhXnX5vcTafuGPsQCq2,9,10,0,0,0,0,0
vcQeltPLIsFCw101DNVG,UrbanSoccer - Lille Lezennes,played,captain,ChIJR3ro5nTWwkcRfM_S3Be9HjI,50.6162725&3.0998108,2024-01-26T20:30:00.000Z,60,7,public,true,Compétition,5,oKEWIFrnexPci9Khf2eEGBAE3vC3,10,10,2,0,0,0,0
vczDD7oA3cIF9rs9u8Ql,Play Soccer,canceled,captain,ChIJQ-UxZn-5rhIRKWoQydM5T9s,43.5512023&1.4098927,2024-02-12T18:30:00.000Z,90,15,public,false,Détente,3,8LtkeOuZHeePxfkXdNPmQSr7V9L2,5,10,0,0,0,0,0
vf6OA7ERCeAmuP8xGd9v,UrbanSoccer La Défense,played,captain,ChIJh4rnfVhk5kcRV2Q-ZKdm8vA,48.8996456&2.2216773,2024-02-06T19:15:00.000Z,60,14.5,public,true,Détente,3,uXinhTCnJabPwHfWKNCwa6udOVj1,10,10,5,0,0,0,2
vfD747pSNitda1eRbTEH,Foot-Max Argenteuil,hidden,pro,ChIJi9oIzaRm5kcRJYcK7QsdRMU,48.9501632&2.2093946,2024-02-07T19:00:00.000Z,60,8,public,false,,,SuEnyPZ4TgNIkt1yap2yJ3ZHO6p1,0,10,0,0,0,0,0
vflfdMDXFNWAn3I8bg9B,Abd Drive,played,captain,ChIJCVBWxGht5kcRclC3u2EvPKs,48.86598919999999&2.4308229,2024-02-03T08:00:00.000Z,150,,private,false,Compétition,5,i0E2h7DylAZZa74nZXgURaHFPkl1,12,12,9,0,0,0,0
vgttJQJ3fwDRP8qVgMty,Top Ten,published,pro,,48.8729106&2.6840919,2024-01-25T11:00:00.000Z,90,5,public,false,,,i27253AGxOfXgYJK72sBnvUGuMk2,0,10,0,0,0,0,0
vhKs6GzbpEhWmgTZdRaq,LE FIVE Paris 17,published,captain,ChIJ7eI8sFNv5kcR5xy52Wc57NU,48.900032&2.3213449,2024-02-13T21:00:00.000Z,60,12,public,true,Détente,2,5OwhhiBh3MOqMXg12U2pM23e1b62,6,10,0,0,0,0,0
vj6bDwVuVuSpLw4KvIVc,Stadium Thiais,published,pro,,48.7511024&2.3713455,2024-03-05T21:00:00.000Z,90,14,public,false,,,psf3NmXEPwdCltHKJC7VuvJocrF3,0,10,0,0,0,0,0
vk0gxEgCKOdX9M2Pyl43,Spot FUTSAL,canceled,captain,ChIJwdUawmfVwkcRaNLo_CmNii0,50.6106345&3.0624494,2024-01-31T18:00:00.000Z,30,10,public,false,Détente,3,lZlBzBjGTHciWjQraOPYPLGQvtk2,5,10,0,0,0,0,0
vl03f5OuJi4AxwM5253P,UrbanSoccer La Défense,canceled,captain,ChIJh4rnfVhk5kcRV2Q-ZKdm8vA,48.8996456&2.2216773,2024-02-05T17:30:00.000Z,60,12.5,private,true,Détente,4,WmEIitt9Uwg5axn6vQTP95QfodX2,10,10,0,0,0,0,0
vnnJso09McewEn5Tqlzr,Top Ten,canceled,pro,,48.8729106&2.6840919,2024-01-27T15:30:00.000Z,90,15,public,false,,,i27253AGxOfXgYJK72sBnvUGuMk2,0,10,0,0,0,0,0
vsg4pApw6z7saQjyeESV,LE PARK Complexe Multisports,played,captain,ChIJMU8gErUJ5kcRSnpvacKwFtM,48.71189589999999&2.5771181,2024-01-29T20:30:00.000Z,90,15,public,false,Détente,,Gx04ZxR4hlda7mFV4XiWZKffbmJ2,10,10,2,0,0,0,0
vtW0TexpJqnmFGzqCorE,LE FIVE Bezons,published,pro,,48.91909&2.2093051,2024-02-01T17:00:00.000Z,60,7,public,false,,,U3MriTZbPbTUEsU6RtRuHxDMKvg2,9,10,0,0,0,0,3
vtmI7bpnHSX2Qcn1xsdw,UrbanSoccer Evry,published,captain,ChIJW0Ut1G7e5UcRt621n2fRQ5M,48.6286849&2.4066366,2024-02-04T09:00:00.000Z,60,8.5,public,true,Détente,1,pwwJen5u33YfTlLeIUTwuRCckeC2,7,10,0,0,0,0,0
vuKbbldXaOvXYChn47fD,Game 13 foot indoor,played,captain,ChIJNSDvlsXryRIRUXao9hwB79I,43.41258939999999&5.366617,2024-02-01T17:30:00.000Z,60,10,public,false,Détente,3,tNI5PAPgX0MDq6T4GlwP3d2ndaO2,10,10,5,0,0,0,0
vvE8b8kygkdSD16mj16M,Cité des Sports,played,captain,ChIJ70UPf6R75kcRGb3NAV9k7Ww,48.8247744&2.2650728,2024-01-25T19:30:00.000Z,60,6.5,public,false,Détente,2,KuCNTsiHBjPuvLsT7GCCVZ6zVZj2,10,10,1,0,0,0,1
vvlI1l84OQa2aDj7A7JV,UrbanSoccer Evry,canceled,captain,ChIJW0Ut1G7e5UcRt621n2fRQ5M,48.6286849&2.4066366,2024-02-08T21:00:00.000Z,90,6,public,true,Détente,2,0asGZ9fEnDeJUjaY2BLdrkW6w4u2,9,10,0,0,0,0,0
vvtYycvK4oYUShinI534,Footbox,published,pro,,48.9022789&2.582647,2024-02-16T15:00:00.000Z,60,7,public,false,,,QI89VPazyLhBVnWH871jk4BUEZI3,0,10,0,0,0,0,0
vvutLn4OAmQrvDgdEkE3,Stadium Thiais,played,pro,ChIJ64X9jzx05kcRsHvSfOv6UcA,48.7511024&2.3713455,2024-01-31T21:00:00.000Z,90,14,public,false,,,psf3NmXEPwdCltHKJC7VuvJocrF3,10,10,6,0,0,0,0
vwqvK4klq0p8Ga17M8x0,LE FIVE Montreuil,published,pro,,48.8613036&2.4653095,2024-02-21T22:00:00.000Z,60,8,public,false,,,u9uC1vjdcdQ3UqNxI0SiFxor0m43,0,10,0,0,0,0,0
vwqwa7R7K0Og5jGQVZMz,UrbanSoccer - Puteaux,played,captain,ChIJM_sC0-Nk5kcRhL1y_EFIje8,48.8836397&2.2312283,2024-02-12T17:30:00.000Z,90,21,public,true,Détente,2,pyp3RvQmMoZHazoQtuaP6dsd7J42,10,10,0,0,0,0,1
vxor4KRit10yrdbiAuFq,LE FIVE Paris 18,published,pro,,48.8978522&2.3700234,2024-02-21T16:00:00.000Z,60,5,public,false,,,UQf33jQhVZhle917nO0h7D5qclV2,6,10,0,0,0,0,0
vxuMbezBCaXC64tDXwtT,Speed Soccer Five,published,pro,,48.7360598&2.315058,2024-02-26T17:00:00.000Z,90,13,public,false,,,MkTJljXziPXBdRdijccndMLBNCC3,0,10,0,0,0,0,0
vyjoiBxWylHRAZolJY2Q,Bagneux - Lucie Aubrac,played,captain,ChIJqcs-eeJw5kcRmcmp8GTsuE8,48.80356&2.31743,2024-02-08T18:35:00.000Z,90,,public,false,Détente,3,Mf6hDeaA15NYAYiJLQ3dbkeC1xX2,12,12,1,0,0,0,0
vzDLML4RgsBaAPlxpRWZ,Events Five,canceled,captain,ChIJf8cSCJG5rhIRoQadPH-wW1U,43.5399703&1.3922897,2024-01-26T20:30:00.000Z,60,7,public,false,,,m4KpLYWUQghzy9kZi4QLUXSdwd32,7,10,0,0,0,0,1
w0PXBViqCUuUaI75D6o6,Play Soccer,draft,captain,ChIJQ-UxZn-5rhIRKWoQydM5T9s,43.5512023&1.4098927,2024-01-30T19:30:00.000Z,60,10,public,false,,,8LtkeOuZHeePxfkXdNPmQSr7V9L2,0,10,0,0,0,0,0
w1gNwqzA1UgIRSauBFwn,LE FIVE Bobigny,played,captain,ChIJV8UONORs5kcRXxR5Qd7x130,48.901553&2.4313304,2024-02-10T11:15:00.000Z,90,15,public,false,Détente,3,5zRUuV1GVSN1uOLQxXM6U2xJ5as2,10,10,2,0,0,0,0
w1pHXuzgDFo9zOg39BqK,LE FIVE Champigny,published,pro,,48.8194084&2.5251846,2024-02-22T17:00:00.000Z,60,11,public,false,,,evlV9mUgATYQ5343zpYZvk4w0r03,0,10,0,0,0,0,0
w2pAtyhe4xgDL1ebaBxz,Stadium Thiais,played,pro,ChIJ64X9jzx05kcRsHvSfOv6UcA,48.7511024&2.3713455,2024-02-06T19:30:00.000Z,90,15,public,false,,,psf3NmXEPwdCltHKJC7VuvJocrF3,12,12,9,0,0,0,1
w407LaCDakSm04N2aaVu,Parc Interdépartemental des Sports du Tremblay,canceled,captain,ChIJBVkfrQ4N5kcRGi-XnNQN_yo,48.8281085&2.491365,2024-02-02T14:30:00.000Z,90,,public,false,Compétition,3,JTh2SZwej6OVVpBqOfYOAb2cA1j1,1,16,0,0,0,0,0
w4AoxIMdLYx8npXyngw6,Game 13 foot indoor,canceled,captain,ChIJNSDvlsXryRIRUXao9hwB79I,43.41258939999999&5.366617,2024-02-12T19:30:00.000Z,90,13,public,false,Détente,3,fZqqBviIBiSg9OzpFtxc36g9he42,10,10,0,0,0,0,1
w4EKlP9CfPtc0i00W6bI,Stadium Thiais,published,pro,,48.7511024&2.3713455,2024-03-02T12:00:00.000Z,90,15,public,false,,,psf3NmXEPwdCltHKJC7VuvJocrF3,0,10,0,0,0,0,0
w4ladnKCVfpPY7Z77EoD,UrbanSoccer La Défense,played,captain,ChIJh4rnfVhk5kcRV2Q-ZKdm8vA,48.8996456&2.2216773,2024-02-10T18:30:00.000Z,90,8.5,public,true,Détente,2,PvDQsexRENaHtU0ljK3p2C1BwKo1,10,10,7,0,0,0,2
w5a1jjP519B6x9gMmlDI,UrbanSoccer - Asnières,played,captain,ChIJi5LkLT9v5kcRSlhScqEFNWs,48.92192379999999&2.3068311,2024-02-11T20:30:00.000Z,90,15.75,public,true,Détente,3,FfMDDrBH4QVfPPhuTDCL6LcU1pT2,10,10,1,0,0,0,1
w6nsRT4fGg9oAYhQLXPy,Stadium Thiais,published,pro,,48.7511024&2.3713455,2024-02-06T14:00:00.000Z,90,8,public,false,,,psf3NmXEPwdCltHKJC7VuvJocrF3,1,10,0,0,0,0,0
w6q2NtnYkI8Z2bfQQxOz,LE FIVE Champigny,published,pro,,48.8194084&2.5251846,2024-03-12T16:00:00.000Z,60,7,public,false,,,evlV9mUgATYQ5343zpYZvk4w0r03,0,10,0,0,0,0,0
w731Lx5Ud4SXf8XsfG6k,Stadium Thiais,published,pro,,48.7511024&2.3713455,2024-03-10T16:30:00.000Z,90,15,public,false,,,psf3NmXEPwdCltHKJC7VuvJocrF3,0,10,0,0,0,0,0
w74Efy98Q7V866FfUZj1,Stadium Thiais,canceled,captain,ChIJ64X9jzx05kcRsHvSfOv6UcA,48.7511137&2.3715422,2024-02-11T18:30:00.000Z,90,15,public,false,Compétition,4,w3KEWlCrD4adPoxf70dHet1exH92,4,10,0,0,0,0,1
w7AydPlkkjAj539aRfxb,UrbanSoccer - Puteaux,published,captain,ChIJM_sC0-Nk5kcRhL1y_EFIje8,48.8836397&2.2312283,2024-02-15T19:00:00.000Z,60,14.5,private,true,Détente,3,RjnILKUgrrYly5GOAr8iC9cVDLt2,7,10,0,0,0,0,0
w7iD7ET9cHExyOSgHZee,LE FIVE Créteil,published,pro,,48.7643086&2.4706522,2024-01-26T16:00:00.000Z,60,7,public,false,,,ZmXMWx7aTdPoPkkGOWa2HIQVblq2,1,10,0,0,0,0,0
w9QwJcYGfWV0ldG2hPxN,UrbanSoccer - Quai d'Ivry,played,captain,ChIJfXxYJ0xy5kcRw9xTkF6-FZQ,48.8199885&2.3936463,2024-01-25T19:00:00.000Z,60,14.5,public,true,Détente,3,dnOjS9SrPaPq05a8H8XttrKblQd2,10,10,2,0,0,0,0
wAY27w7YnP6EpRGGdrBn,UrbanSoccer - Toulouse Sept Deniers,canceled,captain,ChIJk5nUBdOkrhIRP-1aUJzo-lA,43.6321552&1.411696,2024-02-11T15:45:00.000Z,90,12,public,true,Détente,1,7Tb5XUFyHzXtxXh1KP4qZwZpR5b2,10,10,0,0,0,0,0
wAlc3rZI8Vp1eLFj9Y2l,Antony,played,captain,ChIJf8cFRhF35kcR0D6LaMOCCwQ,48.759255&2.302553,2024-02-04T10:30:00.000Z,90,10,public,false,Détente,3,Dohg1zNvhsbmGrYuAmExKFyjruw2,10,10,0,0,0,0,0
wBQ3Gcf4N2bmneC9ulNm,Play Soccer,played,captain,ChIJQ-UxZn-5rhIRKWoQydM5T9s,43.5512023&1.4098927,2024-02-06T18:00:00.000Z,90,15,public,false,,,pL0skPQs4CYYVXb682MCC9jXu8K2,10,10,6,0,1,0,1
wBsDZVYmtcL1Z9A3ocXS,Terrain de Draveil,played,captain,ChIJ8TYAB93f5UcRtDLTkIEHl88,48.6889414&2.3919424,2024-01-21T09:00:00.000Z,120,,private,false,Compétition,1,Hv45ROBglcQOzX9m5pnHHVKNhYG2,18,18,13,0,0,0,1
wCkPWg5nS8uEG6cgmJZu,LE FIVE Bezons,published,pro,,48.91909&2.2093051,2024-03-05T17:00:00.000Z,60,7,public,false,,,U3MriTZbPbTUEsU6RtRuHxDMKvg2,0,10,0,0,0,0,0
wEqxtsZ2Fut59cKyMvLZ,Top Ten,published,pro,,48.8729106&2.6840919,2024-02-16T11:00:00.000Z,90,5,public,false,,,i27253AGxOfXgYJK72sBnvUGuMk2,1,10,0,0,0,0,0
wFaElaBSYQoUagYSJ84b,UrbanSoccer Evry,played,captain,ChIJW0Ut1G7e5UcRt621n2fRQ5M,48.6286849&2.4066366,2024-02-01T18:30:00.000Z,90,15,public,true,Détente,3,xWl3gMGRsvXk7tYSpzQFSlPjSbs2,10,10,3,0,0,1,1
wGoOYB3VRBYHEcgCDmlZ,LE FIVE Morangis,played,captain,ChIJA4uAhOXZ5UcRp-vZXZP-ovY,48.692672&2.3192811,2024-01-30T10:00:00.000Z,90,3.5,public,false,Détente,,g5OrId1Nw3ZdLj3cSX79Pm7UBBk2,10,10,2,0,0,0,3
wGuFjQSG5D7MdssPUSLf,UrbanSoccer - Porte d'Aubervilliers,played,captain,ChIJ0dXjDCZs5kcRvX0EpMwxsUY,48.9074912&2.3746518,2024-01-20T13:00:00.000Z,90,13.75,public,true,Détente,3,IFwIRgdb1bb1rS07dEY2mhSI7Fi2,10,10,3,0,0,0,0
wHe0G49J9uJJlqJt478e,Stade du Cœur Volant,canceled,captain,ChIJiweBVX9j5kcRLatyg_AE6vU,48.8616922&2.107885,2024-01-21T15:00:00.000Z,90,,public,false,Compétition,3,OpjY7Bv7AMb8s2U5DXkpnXg0oJP2,11,14,0,0,0,0,0
wHxKwaAKfq02aYiC352l,UrbanSoccer - Asnières,played,captain,ChIJi5LkLT9v5kcRSlhScqEFNWs,48.92192379999999&2.3068311,2024-01-24T19:00:00.000Z,60,12,public,true,Chill,3,dpgmwKNvoWUHcsBu8waKrRZjzDC3,10,10,0,0,0,0,1
wINmQf7D6G7MIgEoc2P2,FOOT IN FIVE,played,captain,ChIJoUR0syFp5kcRUlStnwluaYY,48.9552257&2.3328346,2024-02-12T19:30:00.000Z,90,15,public,false,Détente,2,Se4mp6hzjpNiXC7pZAIvpbzOuOu2,10,10,0,0,0,0,2
wK4r81xr49TSOkDxPXBc,Stade Pierre Letessier,played,captain,ChIJmcO_CLgS5kcR_tYXn2vhXNs,48.8750074&2.4964236,2024-02-04T10:00:00.000Z,120,,public,false,Compétition,4,5tI7nJKuTRWNJgO1jYKyzMYNwog2,18,18,2,0,0,0,2
wK8Aq1NVmu2edwNWHZBD,Top Ten,published,pro,,48.8729106&2.6840919,2024-03-08T11:00:00.000Z,90,5,public,false,,,i27253AGxOfXgYJK72sBnvUGuMk2,0,10,0,0,0,0,0
wKT5z32bXQg5AvZvWZ9U,LE FIVE Créteil,published,captain,ChIJ88lx3VwL5kcRVxCh4lD6_Gk,48.7643086&2.4706522,2024-02-15T18:30:00.000Z,60,11,private,false,Détente,,kM4xdNe9LtQRo8K0dIf3BmRs8Ba2,10,10,0,0,0,0,0
wL2Vn6NsjPClXqyc0TC2,UrbanSoccer Guyancourt,played,captain,ChIJmdX-2c-A5kcRj1wtOS8rZmo,48.7722091&2.0600292,2024-02-01T11:30:00.000Z,60,9,public,true,Détente,3,jWjf55weXdMhiLUDedxI9tvkxBn2,10,10,1,0,0,0,0
wL6DI4diVxi2NyZwrKaP,LE FIVE Paris 18,played,captain,ChIJpVT4_n1u5kcRzji6FdTBXXo,48.8978522&2.3700234,2024-01-23T17:30:00.000Z,60,5,public,true,Détente,2,ZyuqrykbzpUeu49FyS93Ja03k7F2,10,10,0,0,0,0,2
wLGZluVCvVN5adJxinKx,UrbanSoccer - Asnières,played,captain,ChIJi5LkLT9v5kcRSlhScqEFNWs,48.92192379999999&2.3068311,2024-01-27T08:45:00.000Z,120,16,public,true,Détente,4,RAx2HcFPURUmNLSXsg9q6OkJ5WS2,10,10,2,0,0,0,0
wLjGFUgmYUkZuQQDrI30,Stadium Thiais,published,pro,,48.7511024&2.3713455,2024-01-22T15:00:00.000Z,90,10,public,false,,,psf3NmXEPwdCltHKJC7VuvJocrF3,0,10,0,0,0,0,0
wMRwyj5gpRZxIiLcIBal,Stadium Thiais,published,pro,,48.7511024&2.3713455,2024-01-29T19:30:00.000Z,90,15,public,false,,,psf3NmXEPwdCltHKJC7VuvJocrF3,0,10,0,0,0,0,0
wMd5FSXDiHXwHr77H3qh,Game 13 foot indoor,canceled,captain,ChIJNSDvlsXryRIRUXao9hwB79I,43.41258939999999&5.366617,2024-01-20T18:00:00.000Z,60,10,public,false,Détente,3,OArLthkKM4gEcA8qItrfPvJY4HI3,5,10,0,0,0,0,0
wNDGhBqrwr4vOsjKKFmz,Foot POWER 5,canceled,pro,,48.960066&2.2061913,2024-02-06T20:00:00.000Z,90,7,public,false,,,sss3dYi6nzWd7rEjwcQ30LGKudj1,0,10,0,0,0,0,0
wNLRVze6eX4KG0MpI6ut,Stadium Thiais,published,pro,,48.7511024&2.3713455,2024-02-15T21:00:00.000Z,90,14,public,false,,,psf3NmXEPwdCltHKJC7VuvJocrF3,0,10,0,0,0,0,0
wOKCJ3huW8YTcuE9NknK,LE FIVE Montreuil,published,pro,,48.8613036&2.4653095,2024-02-20T16:00:00.000Z,60,7,public,false,,,u9uC1vjdcdQ3UqNxI0SiFxor0m43,0,10,0,0,0,0,0
wOYHcivD6GpgIWp0kMoq,LE FIVE Paris 18,canceled,captain,ChIJpVT4_n1u5kcRzji6FdTBXXo,48.8978522&2.3700234,2024-02-13T19:00:00.000Z,60,14,public,true,Détente,2,hj7Ou3QoLYW0oxOZRSyHO0e62XY2,7,10,0,0,0,0,0
wOmpsCRFlSyxo40fHoVD,B14 - Sports et Loisirs Indoor,played,captain,ChIJaeLKMYXe5UcRHyWJ8X8FaPA,48.62229&2.3800445,2024-01-25T19:00:00.000Z,60,9,public,false,Détente,2,aDcsbbiFZPdtFbIdjCTe3AoxXAy2,10,10,2,0,0,0,0
wPIDbmQw8gG8g6tpVHno,Top Ten,published,pro,,48.8729106&2.6840919,2024-02-25T11:00:00.000Z,90,15,public,false,,,i27253AGxOfXgYJK72sBnvUGuMk2,0,10,0,0,0,0,0
wPiWgw4txgn4HjrPvcRu,UrbanSoccer - Quai d'Ivry,played,captain,ChIJfXxYJ0xy5kcRw9xTkF6-FZQ,48.8199885&2.3936463,2024-01-26T18:45:00.000Z,90,19.5,public,true,Détente,2,4f3Mlo2Z8jP2xrxlKJneB373q1D3,10,10,3,0,0,0,0
wQZ0eODJOSp532nE2QRX,HOPPS Group,canceled,captain,ChIJbyKUBx7tyRIRv5g9F9KhQO8,43.4738978&5.367859,2024-01-30T18:00:00.000Z,90,10,public,false,Détente,2,L0fQhgqdrohDIJVjyihnwJe2O0c2,1,4,0,0,0,0,0
wR20KiIo6LAAoxDXHcUR,Top Ten,published,pro,ChIJfXprBx4b5kcRmhe-5pLZUek,48.8729106&2.6840919,2024-01-28T14:00:00.000Z,90,15,public,false,,,i27253AGxOfXgYJK72sBnvUGuMk2,0,10,0,0,0,0,1
wRCElO38KKVmncBUfFA0,LE FIVE Créteil,published,pro,,48.7643086&2.4706522,2024-02-01T16:00:00.000Z,60,7,public,false,,,ZmXMWx7aTdPoPkkGOWa2HIQVblq2,0,10,0,0,0,0,0
wSkW5d0LcvQt80ct7DAn,Stadium Thiais,published,pro,,48.7511024&2.3713455,2024-02-08T16:30:00.000Z,90,10,public,false,,,psf3NmXEPwdCltHKJC7VuvJocrF3,0,10,0,0,0,0,0
wT8ohGpdiLUIWDGV3IeP,Stadium Thiais,published,pro,ChIJ64X9jzx05kcRsHvSfOv6UcA,48.7511024&2.3713455,2024-02-05T19:30:00.000Z,90,15,public,false,,,psf3NmXEPwdCltHKJC7VuvJocrF3,3,10,0,0,0,0,1
wThhX6EMx6F9QdCjLK8S,LE FIVE Bobigny,published,captain,ChIJV8UONORs5kcRXxR5Qd7x130,48.901553&2.4313304,2024-02-13T17:15:00.000Z,30,14,public,false,Compétition,3,aGOQUUcv76eGYsEbk14UEZIPGJC2,10,10,0,0,0,0,0
wTrRg5WaxbuzRxnwfeUF,Stade Robespierre,canceled,captain,ChIJrSdPdLpk5kcRTIf7gmbAvcU,48.8692482&2.2034218,2024-02-11T16:00:00.000Z,60,5,public,false,Compétition,3,P2fpoPcsJ3ZKgVNv94Q8rJ8w4Zd2,2,10,0,0,0,0,0
wVRJHK4rvRrUBWV4BWPN,UrbanSoccer - Puteaux,canceled,captain,ChIJM_sC0-Nk5kcRhL1y_EFIje8,48.8836397&2.2312283,2024-02-08T19:00:00.000Z,60,15,public,true,Détente,4,zx15E8kqOyMIfe9kE6wecnEydcu2,7,10,0,0,0,0,1
wW3B6ifvDowznZbtRbhz,UrbanSoccer - Marne-La-Vallée,canceled,captain,ChIJ6bDBiosP5kcROXiloHzSdhc,48.82658600000001&2.6296937,2024-02-06T17:15:00.000Z,90,12.5,public,true,Détente,3,yml5Vs9XFYSDcopfsRoJkKqmVH53,7,10,0,0,0,0,0
wWdinRHm0x5Q6e26ZJfA,Stade de la Habette,played,captain,ChIJe02fRPcN5kcRMFMVlwIl9Ec,48.7747069&2.468236,2024-02-11T14:00:00.000Z,180,,public,false,Compétition,5,a69lPbfIBJPfDaYg8oayWud6vKE3,22,22,8,1,0,5,1
wWkncyMVGRA5IlJLfsdH,Play Soccer,played,captain,ChIJQ-UxZn-5rhIRKWoQydM5T9s,43.5512023&1.4098927,2024-01-28T16:30:00.000Z,90,12,private,false,Compétition,3,2NU7A9Qv4FSliapXOPdbyvoZIbt2,10,10,1,0,0,0,0
wX2JN09AmZzxlB6djKfK,Top Ten,canceled,pro,ChIJfXprBx4b5kcRmhe-5pLZUek,48.8729106&2.6840919,2024-01-20T15:30:00.000Z,90,15,public,false,,,i27253AGxOfXgYJK72sBnvUGuMk2,0,10,0,0,0,0,0
wXLrXzxfFhsbezKoQPTn,UrbanSoccer - Quai d'Ivry,published,captain,ChIJfXxYJ0xy5kcRw9xTkF6-FZQ,48.8199885&2.3936463,2024-02-09T20:00:00.000Z,90,14,public,true,Détente,4,TjGDzFudrqOi7iaBTjiVmvkMlyY2,9,10,0,0,0,0,0
wZQn0sBp7yF1K95LAhS8,Stadium Thiais,published,pro,,48.7511024&2.3713455,2024-03-10T15:00:00.000Z,90,15,public,false,,,psf3NmXEPwdCltHKJC7VuvJocrF3,0,10,0,0,0,0,0
wb5HNjoERf9FvEESC0Ki,UrbanSoccer La Défense,published,captain,ChIJh4rnfVhk5kcRV2Q-ZKdm8vA,48.8996456&2.2216773,2024-02-06T13:15:00.000Z,60,13.5,private,true,Détente,,VD9ODfaAjcS1pb401hKVLbwXGt92,1,10,0,0,0,0,0
wb6Pk8mWlIhXI91azQXr,UrbanSoccer La Défense,played,captain,ChIJh4rnfVhk5kcRV2Q-ZKdm8vA,48.8996456&2.2216773,2024-02-09T21:00:00.000Z,60,13.5,public,true,Compétition,3,bejOstLp5vSPNFNbdBXF1ON1W6y2,10,10,1,0,0,0,1
wbJdv3T0N8rLDoxuhrHl,LE FIVE Paris 13,played,captain,ChIJ_bOSChhz5kcRZMTeq_6Gdzg,48.8181615&2.3658793,2024-02-04T10:00:00.000Z,90,,public,true,Détente,3,88OhFhGHBxXJ1nUXkKtfGjsptKi2,10,10,1,0,0,0,1
wcdK0r5gcGTs1UJ2icB7,UrbanSoccer - Lille Lezennes,canceled,captain,ChIJR3ro5nTWwkcRfM_S3Be9HjI,50.6162725&3.0998108,2024-02-09T21:45:00.000Z,60,5,public,true,Détente,3,dvdYbjXAR8fQjpIGtP7Po8prEdE3,5,10,0,0,0,0,1
wdbmW5hPk0cDvO54tskg,Le 13 - Foot en salle - Marseille,played,captain,ChIJR62kUm_ByRIRDnGQqGCeUVQ,43.33370070000001&5.370389599999999,2024-01-25T17:30:00.000Z,60,5,public,false,Détente,2,noNs6FKuSgYxo0SALvwGFsl70WT2,10,10,2,0,0,0,0
wecycAy3YJudOY2angvy,Foot POWER 5,canceled,pro,,48.960066&2.2061913,2024-01-30T21:30:00.000Z,90,7,public,false,,,sss3dYi6nzWd7rEjwcQ30LGKudj1,0,10,0,0,0,0,0
wfqFBPHC9EHGx1nvSZu3,UrbanSoccer - Quai d'Ivry,published,captain,ChIJfXxYJ0xy5kcRw9xTkF6-FZQ,48.8199885&2.3936463,2024-01-23T18:00:00.000Z,60,14,public,true,Détente,2,J80L68kXGyYJ2YS4qjac8Eecxiv1,9,10,0,0,0,0,0
wgAuUGSRfc6E9dRsTHfH,LE FIVE Paris 17,played,captain,ChIJ7eI8sFNv5kcR5xy52Wc57NU,48.900032&2.3213449,2024-02-01T18:00:00.000Z,60,14,public,true,Détente,3,G8mUuWdpvyRMd7WcoRFkLn8r7TZ2,10,10,2,0,0,0,0
wgQWg18CX4TAUDYjO6Oi,UrbanSoccer - Porte d'Aubervilliers,canceled,captain,ChIJ0dXjDCZs5kcRvX0EpMwxsUY,48.9074912&2.3746518,2024-02-05T18:00:00.000Z,90,17.25,public,true,Détente,,sedwkPZJsFUbSfLrYPQtYzeoXw83,9,10,0,0,0,0,0
wirHH0MyjFpfnn6pP5OM,Footbox,published,pro,,48.9022789&2.582647,2024-03-12T16:00:00.000Z,60,7,public,false,,,QI89VPazyLhBVnWH871jk4BUEZI3,0,10,0,0,0,0,0
wkKFHfRCoVksH5HWmIje,Terrain de Draveil,draft,captain,ChIJ8TYAB93f5UcRtDLTkIEHl88,48.6889414&2.3919424,2024-01-21T09:00:00.000Z,90,,public,false,,,QqFB5xTACzZPFyr43fszoyrtOwi1,0,0,0,0,0,0,0
wkYE7VqxyNKLtrjUKDvz,Events Five,canceled,captain,ChIJf8cSCJG5rhIRoQadPH-wW1U,43.5399703&1.3922897,2024-02-04T15:00:00.000Z,60,7,private,false,,,kz4gID3e1cY9RfDVkcGnK2fsrOx1,9,10,0,0,0,0,0
wkoetaGBXxTPEUHBsvF1,LE FIVE Montreuil,published,pro,,48.8613036&2.4653095,2024-02-29T11:00:00.000Z,90,10.5,public,false,,,u9uC1vjdcdQ3UqNxI0SiFxor0m43,0,10,0,0,0,0,0
wlSAhgENx8VFrwu5ji5P,Footbox,published,pro,,48.9022789&2.582647,2024-02-21T22:00:00.000Z,60,10,public,false,,,QI89VPazyLhBVnWH871jk4BUEZI3,0,10,0,0,0,0,0
wlk9jlS3Whi6aYFoOWsC,UrbanSoccer Orsay,canceled,captain,ChIJpZIJg7J45kcRrKWKhtbfnEQ,48.70829&2.17794,2024-02-11T17:30:00.000Z,90,15,public,true,Compétition,3,ATyx273HNUZj4aJpEqTaHx5zblN2,9,10,0,0,0,0,1
wlpDjgvrpgyJJmibP9bF,LE FIVE Paris 18,draft,captain,ChIJpVT4_n1u5kcRzji6FdTBXXo,48.8978522&2.3700234,2024-01-22T18:00:00.000Z,60,,public,false,,,QXoq4H9djtPxuREwepupwzjtRNA2,0,0,0,0,0,0,0
wlq9o8fcfQPrx2Kd58sd,Testing Purposes,published,pro,,67.461524&-152.801377,2024-03-05T15:00:00.000Z,90,12,public,false,,,f2LrY7SAV3U1V9tUVAZfiMxA3uu1,0,10,0,0,0,0,0
wm3s0c3JdX3lvF8jBDTf,Game 13 foot indoor,published,captain,ChIJNSDvlsXryRIRUXao9hwB79I,43.41258939999999&5.366617,2024-02-05T19:30:00.000Z,60,10,public,false,Détente,3,tNI5PAPgX0MDq6T4GlwP3d2ndaO2,4,10,0,0,0,0,1
wnuiGpfHVemRknyyccEz,Foot POWER 5,canceled,pro,,48.960066&2.2061913,2024-02-27T21:30:00.000Z,90,7,public,false,,,sss3dYi6nzWd7rEjwcQ30LGKudj1,0,10,0,0,0,0,0
wogCGGvo34eteLi51XY9,Top Ten,published,pro,,48.8729106&2.6840919,2024-02-05T22:00:00.000Z,90,16.5,public,false,,,i27253AGxOfXgYJK72sBnvUGuMk2,0,10,0,0,0,0,0
wokYAb5seoeWdqwCH7nu,LE FIVE Marville - La Courneuve,canceled,captain,ChIJ2dHdMZxr5kcR0aKYHYsp0pY,48.9364404&2.3869147,2024-01-29T19:50:00.000Z,60,,public,false,Compétition,4,TbwwiLoyCOffg0AsJZpqCEmt0qm2,14,14,0,0,0,0,0
wp3JjlqWObvmzIjMcwNP,LE FIVE Paris 18,published,pro,,48.8978522&2.3700234,2024-02-21T21:20:00.000Z,90,10,public,false,,,UQf33jQhVZhle917nO0h7D5qclV2,0,10,0,0,0,0,0
wpuMSlQALC5Enmhpz0u0,LE FIVE Bobigny,played,captain,ChIJV8UONORs5kcRXxR5Qd7x130,48.901553&2.4313304,2024-01-26T20:00:00.000Z,60,10,public,false,Détente,3,NkGMGAb855W728OT4LBv1iO3rhF3,10,10,1,0,0,0,1
wqLeq3PJQ4xLFug6JONw,LE FIVE Villette,played,captain,ChIJTUFnQjps5kcR0pHITLTw1PI,48.9070122&2.3861459,2024-02-10T10:00:00.000Z,90,10,public,false,,3,ORUvH3rWuafbwxGVukmM25R6zJv1,10,10,2,0,0,0,1
wr6PFyDnSKyEDfZXNVAH,LE FIVE Paris 17,canceled,captain,ChIJ7eI8sFNv5kcR5xy52Wc57NU,48.900032&2.3213449,2024-02-09T18:00:00.000Z,60,10,public,true,Détente,2,nyxJe7CK46QVNnvuWbnab2y8K8n1,9,10,0,0,0,0,1
wrHcEo44MdgR5KNuQ8lN,LE FIVE Paris 18,published,pro,,48.8978522&2.3700234,2024-03-12T21:20:00.000Z,90,10,public,false,,,UQf33jQhVZhle917nO0h7D5qclV2,0,10,0,0,0,0,0
ws5NgZy3AAra8RXeN94G,UrbanSoccer La Défense,canceled,captain,ChIJh4rnfVhk5kcRV2Q-ZKdm8vA,48.8996456&2.2216773,2024-01-28T15:30:00.000Z,90,21.75,public,true,Détente,4,AeNrPTSIaHTR3c3ZY28KcgcncPh2,9,10,0,0,0,0,0
wt9F0cUAkqwWcb0w0THu,LE FIVE Villette,played,captain,ChIJTUFnQjps5kcR0pHITLTw1PI,48.9070122&2.3861459,2024-01-25T22:00:00.000Z,60,8,public,false,Détente,2,vOtVraRuprb8kfOHpsqqKtFsMfs2,10,10,6,0,0,0,0
wtIjLP8nSM6vgCl26Cvz,Stadium Thiais,published,pro,,48.7511024&2.3713455,2024-02-11T21:00:00.000Z,90,15,public,false,,,psf3NmXEPwdCltHKJC7VuvJocrF3,0,10,0,0,0,0,0
wunyo5ZLHicGxwuS8Ri7,City KOF,played,captain,ChIJ_2pirmlv5kcRTpGJ0UDn1Y8,48.9155954&2.2963072,2024-01-23T11:00:00.000Z,90,,public,false,Détente,2,PL0nw3BiAUhxDJuKc8qZsRazcM23,10,10,3,0,0,0,1
wv7BVCBV8gxY3vE1oW6m,Le Street Foot en Salle,canceled,captain,ChIJt_AXL6Jg5kcRu6rBmnrmeUM,49.0164435&2.181307,2024-02-11T13:00:00.000Z,90,13,public,false,Détente,2,3qlOjNAkftRe7fgdNJ6H2r56mI02,6,10,0,0,0,0,0
wvD75M4i1bv653Lhu3jE,Stadium Thiais,published,pro,,48.7511024&2.3713455,2024-02-07T15:00:00.000Z,90,8,public,false,,,psf3NmXEPwdCltHKJC7VuvJocrF3,0,10,0,0,0,0,0
wy0ykSkUcfgNWkM8kERH,Abd Drive,played,captain,ChIJCVBWxGht5kcRclC3u2EvPKs,48.86598919999999&2.4308229,2024-01-20T08:00:00.000Z,150,,public,false,Compétition,5,i0E2h7DylAZZa74nZXgURaHFPkl1,10,10,10,0,0,0,1
wyNkVfpYa8GnK7XZMHqa,Foot POWER 5,canceled,pro,,48.960066&2.2061913,2024-02-26T17:00:00.000Z,90,5,public,false,,,sss3dYi6nzWd7rEjwcQ30LGKudj1,0,10,0,0,0,0,0
wzEGxwkOJ69ddxqPWKd1,Foot POWER 5,canceled,pro,,48.960066&2.2061913,2024-01-23T18:30:00.000Z,90,7,public,false,,,sss3dYi6nzWd7rEjwcQ30LGKudj1,0,10,0,0,0,0,0
wzcDfjpSoLPFp0pJ0PBW,Footbox,published,pro,,48.9022789&2.582647,2024-02-19T18:00:00.000Z,60,10,public,false,,,QI89VPazyLhBVnWH871jk4BUEZI3,0,10,0,0,0,0,0
x06zVmwhysB6cAZ9sS8c,Speed Soccer Five,published,pro,,48.7360598&2.315058,2024-03-05T17:00:00.000Z,90,13,public,false,,,MkTJljXziPXBdRdijccndMLBNCC3,0,10,0,0,0,0,0
x0lHVSNhJJP7LY1HdlEB,LE FIVE Paris 18,played,captain,ChIJpVT4_n1u5kcRzji6FdTBXXo,48.8978522&2.3700234,2024-01-23T20:30:00.000Z,60,14,public,true,Compétition,3,gP8yCfO5CueVxeNTHrj86LFBJS72,10,10,3,0,0,0,1
x1gzGUiflZ1uDGNNMiF1,Footbox,published,pro,,48.9022789&2.582647,2024-03-04T22:00:00.000Z,60,10,public,false,,,QI89VPazyLhBVnWH871jk4BUEZI3,0,10,0,0,0,0,0
x2J8ttdHX5hbn0xZ5KMF,Events Five,played,captain,ChIJf8cSCJG5rhIRoQadPH-wW1U,43.5399703&1.3922897,2024-01-31T19:00:00.000Z,60,9,public,false,Détente,3,kVyaXWV4MbXOhkS18nTiduhfbai1,10,10,2,0,0,0,0
x3KYs4eWTYlpto8324v5,LE FIVE Carrières-sous-Poissy,canceled,captain,ChIJ9T4fWfyL5kcRCBX-FyZLvEE,48.9468144&2.0230574,2024-01-24T20:00:00.000Z,90,9,public,false,Détente,3,DOstjJRsrTPnu5Y1sisa9aQkUEO2,8,10,0,0,0,0,0
x5rcM9lafCzHL4HiCQTS,Footbox,published,pro,,48.9022789&2.582647,2024-02-24T12:00:00.000Z,60,10,public,false,,,QI89VPazyLhBVnWH871jk4BUEZI3,0,10,0,0,0,0,0
x81leykw51iKOEHvsCE6,Stadium Thiais,published,pro,,48.7511024&2.3713455,2024-03-09T16:30:00.000Z,90,12,public,false,,,psf3NmXEPwdCltHKJC7VuvJocrF3,0,10,0,0,0,0,0
x94zYiLCDEiwGX0QzR9K,LE FIVE Montreuil,published,pro,,48.8613036&2.4653095,2024-02-03T21:00:00.000Z,120,20,public,false,,,u9uC1vjdcdQ3UqNxI0SiFxor0m43,0,10,0,0,0,0,0
x9fme9ORZgS8KMzPKyMl,Parc Sainte Barbe,played,captain,ChIJtw301r5w5kcRvRjidiuAyaw,48.7922897&2.2913469,2024-02-09T14:00:00.000Z,120,,public,false,Détente,4,rzC8A0bd4afb9AWrHKlCPT9461y1,16,16,7,0,0,0,0
xAjrTJiwiTJiJMBmn4TD,LE FIVE Bobigny,published,pro,,48.901553&2.4313304,2024-02-29T17:00:00.000Z,60,8,public,false,,,4owi3i7t8EOvFNF6UQvACOpiDRy1,0,10,0,0,0,0,0
xBSjo17DV1lVY7A7wARh,UrbanSoccer - Marne-La-Vallée,played,captain,ChIJ6bDBiosP5kcROXiloHzSdhc,48.82658600000001&2.6296937,2024-01-28T12:00:00.000Z,90,12.75,public,true,Détente,3,1im3Za6nqRODoMIbAD2U8b0biHe2,10,10,1,0,0,0,0
xBvYngFxnoQJR7RHPtzi,LE FIVE Paris 18,played,captain,ChIJpVT4_n1u5kcRzji6FdTBXXo,48.8978522&2.3700234,2024-02-08T10:20:00.000Z,90,10,public,true,Compétition,2,0279DK8CItNt6EZ5IKJsMaWaOLo1,10,10,2,0,0,0,0
xC3yD3KLaCqXgfxRb6A2,LE FIVE Paris 17,published,pro,,48.900032&2.3213449,2024-02-22T16:00:00.000Z,60,5,public,false,,,V6mqbc9C8FNa1RQlUupjeoqOsZL2,2,10,0,0,0,0,0
xCTEUI2sfwSKHnzRL1BD,Top Ten,published,pro,,48.8729106&2.6840919,2024-02-07T11:00:00.000Z,90,5,public,false,,,i27253AGxOfXgYJK72sBnvUGuMk2,0,10,0,0,0,0,0
xDE1c2H9SmcWtm5eVPGs,Sport dans la Ville Rhône-Alpes,played,captain,ChIJoUEDcmvr9EcRILCz6hDCQ2o,45.7811703&4.8081568,2024-02-09T18:00:00.000Z,60,7,public,false,Détente,2,G4QpHYUbqoZlQKbQPAHxFhJo6Yh1,10,10,4,0,0,0,0
xDQzswzxLOrCNwGb72cn,UrbanSoccer - Quai d'Ivry,played,captain,ChIJfXxYJ0xy5kcRw9xTkF6-FZQ,48.8199885&2.3936463,2024-02-05T19:30:00.000Z,90,21,public,true,Détente,3,jHAofATgHaQ2XhP7YQ1MqZt84003,10,10,5,0,0,0,1
xDz0WUNQHxvsX80qe8ci,Foot POWER 5,canceled,pro,,48.960066&2.2061913,2024-02-23T17:00:00.000Z,90,5,public,false,,,sss3dYi6nzWd7rEjwcQ30LGKudj1,0,10,0,0,0,0,0
xE9QnSDmfbgIrpVKV1NZ,Top Ten,published,pro,ChIJfXprBx4b5kcRmhe-5pLZUek,48.8729106&2.6840919,2024-02-04T15:00:00.000Z,90,15,public,false,,,i27253AGxOfXgYJK72sBnvUGuMk2,0,10,0,0,0,0,1
xELQPlviucNPAztNamOv,LE FIVE Bordeaux,canceled,captain,ChIJteaBh_koVQ0RqH2VtN-qL5I,44.8798631&-0.5594838999999999,2024-01-31T20:30:00.000Z,60,11,public,false,Détente,3,MR8BxOfeHDY1qWdFvElomq83XJi2,9,10,0,0,0,0,0
xEvTt5YC2xa0F8tQ6hR8,Speed Soccer Five,canceled,captain,ChIJ2xTNglV25kcR3UDi4AXGfDU,48.7360598&2.315058,2024-02-06T18:00:00.000Z,60,10,public,false,Détente,3,ArZKuopJDWaqatRGo6HRXsE7DHH3,4,10,0,0,0,0,0
xF4KjTaPWYqxCq3hqOFi,Stadium Thiais,published,pro,,48.7511024&2.3713455,2024-03-06T14:00:00.000Z,90,8,public,false,,,psf3NmXEPwdCltHKJC7VuvJocrF3,0,10,0,0,0,0,0
xGl6U03nEFGquhvgLhjG,LE FIVE Paris 18,played,pro,ChIJpVT4_n1u5kcRzji6FdTBXXo,48.8978522&2.3700234,2024-02-04T21:30:00.000Z,90,12,public,false,,,UQf33jQhVZhle917nO0h7D5qclV2,10,10,5,0,0,1,5
xH1NGfnuAl8LVd3FoC2m,Kinshasa,published,pro,,-4.3032527&15.310528,2024-02-16T15:00:00.000Z,90,21,public,false,,,zCvsukfMuuffsuPpSTQwb7MusMD2,0,10,0,0,0,0,0
xICKTsPwCFl4lB5ERZut,Élite 5 Soccer,played,captain,ChIJ5-jfdlZk5kcRYIaELgvikaM,48.9009153&2.2297275,2024-01-24T19:00:00.000Z,60,12.5,public,true,,3,scoj4cOOmXQB6JiC86ZGMsXL1mu2,10,10,3,0,0,0,0
xIe26JwkCXHv0YRt8qVm,Hoops Factory Paris-Villette,published,captain,ChIJs1kcDDRs5kcRkbfCQVfDcyA,48.9046968&2.3794611,2024-02-03T11:30:00.000Z,120,12.5,public,false,Compétition,,Kkwzqc6eJEQtEbC5ESwv5hh6Zv93,6,8,0,0,0,0,0
xIyNp0nR6ymrzmY3PkG7,UrbanSoccer Meudon,played,captain,ChIJ0WKvjbh75kcRoqSmyWwW2jQ,48.80013599999999&2.2140811,2024-02-05T18:30:00.000Z,60,11,public,true,Détente,2,EDie9XF88MaFm6pgj1QDO1kwdVo1,10,10,1,0,0,0,1
xK4tIZcmVTLQbPkEHHiO,UrbanSoccer - Toulouse Montaudran,published,captain,ChIJl772e0u8rhIR2foRX4Xa2CI,43.574642&1.4801835,2024-02-07T21:00:00.000Z,60,5,public,true,Détente,3,tw2vPyadcybRr00VteOCyDGZvnt1,8,10,0,0,0,0,0
xMPE2WQvaA6vewBCT6Jf,Stadium Thiais,played,pro,,48.7511024&2.3713455,2024-01-21T21:00:00.000Z,90,15,public,false,,,psf3NmXEPwdCltHKJC7VuvJocrF3,10,10,7,0,0,0,3
xMjdWaLjx3LLapAeGHMe,Kinshasa,published,pro,,-4.3032527&15.310528,2024-01-26T15:00:00.000Z,90,21,public,false,,,zCvsukfMuuffsuPpSTQwb7MusMD2,0,10,0,0,0,0,0
xMk8R4IppQykpz7S1L67,UrbanSoccer - Porte d'Aubervilliers,played,captain,ChIJ0dXjDCZs5kcRvX0EpMwxsUY,48.9074912&2.3746518,2024-01-21T16:45:00.000Z,90,18.75,public,true,Détente,2,Ms4ItPy3MSMXmEGcl6HJashMD2G3,10,10,1,0,0,0,1
xMkbmegEsDFQldCtlVKR,Foot POWER 5,canceled,pro,,48.960066&2.2061913,2024-02-18T20:00:00.000Z,90,10,public,false,,,sss3dYi6nzWd7rEjwcQ30LGKudj1,0,10,0,0,0,0,0
xNDGxr27tXvcCr2pp2j2,Game 13 foot indoor,played,captain,ChIJNSDvlsXryRIRUXao9hwB79I,43.41258939999999&5.366617,2024-01-20T18:00:00.000Z,60,10,public,false,Détente,3,OArLthkKM4gEcA8qItrfPvJY4HI3,10,10,4,0,0,0,1
xNZ4sJ91NErfx5MePYLb,City KOF,played,captain,ChIJ_2pirmlv5kcRTpGJ0UDn1Y8,48.9155954&2.2963072,2024-02-08T11:00:00.000Z,90,,public,false,Détente,2,PL0nw3BiAUhxDJuKc8qZsRazcM23,10,10,3,0,0,0,2
xOfbBYggumlvDB9CZWIs,Stadium Thiais,published,pro,,48.7511024&2.3713455,2024-03-06T16:30:00.000Z,90,10,public,false,,,psf3NmXEPwdCltHKJC7VuvJocrF3,0,10,0,0,0,0,0
xOx81NTDV3DiNV4B4rdF,Stade Olympique Yves du Manoir,canceled,captain,ChIJYeUIntpl5kcRZsN35flVVAY,48.9292771&2.2477717,2024-01-24T09:00:00.000Z,120,,public,false,Compétition,4,9RsiW31iSGhaAT8kokv7pIP4bmU2,10,18,0,0,0,0,0
xPyjzQ4Af3EEtMTWuRkJ,Stadium Thiais,published,pro,,48.7511024&2.3713455,2024-02-18T12:00:00.000Z,90,15,public,false,,,psf3NmXEPwdCltHKJC7VuvJocrF3,0,10,0,0,0,0,0
xR6vHUcQ1GUsGVNoyMbD,UrbanSoccer Guyancourt,canceled,captain,ChIJmdX-2c-A5kcRj1wtOS8rZmo,48.7722091&2.0600292,2024-02-06T19:30:00.000Z,90,16.5,public,true,Détente,2,Jsq6DEYF6EQaSloolKJefhsf5JE2,9,10,0,0,0,0,0
xRK3mzw29CiAxh6oVbSP,UrbanSoccer - Quai d'Ivry,canceled,captain,ChIJfXxYJ0xy5kcRw9xTkF6-FZQ,48.8199885&2.3936463,2024-01-26T19:15:00.000Z,60,14,public,true,Compétition,3,EWvyyRg2G2OvXASqVHc1WnVkvc43,9,10,0,0,0,0,0
xSE3tzZj1hGuAtb1cAAK,Play Soccer,played,captain,ChIJQ-UxZn-5rhIRKWoQydM5T9s,43.5512023&1.4098927,2024-01-26T11:20:00.000Z,60,8,public,false,,,8LtkeOuZHeePxfkXdNPmQSr7V9L2,10,10,2,0,0,0,0
xU1ETWvT5Owfk4P1LVJd,LE FIVE Villette,played,captain,ChIJTUFnQjps5kcR0pHITLTw1PI,48.9070122&2.3861459,2024-02-11T10:00:00.000Z,60,12,public,false,Détente,3,aNDQnSFWCfUiHK3rBqbtw62jVYQ2,10,10,4,0,0,0,1
xUEnXnOgEHVRJwG6VFwa,Top Ten,published,pro,,48.8729106&2.6840919,2024-01-26T22:00:00.000Z,90,16.5,public,false,,,i27253AGxOfXgYJK72sBnvUGuMk2,0,10,0,0,0,0,0
xUXX2Sos1CPrYEfNt78h,LE FIVE Villette,played,captain,ChIJTUFnQjps5kcR0pHITLTw1PI,48.9070122&2.3861459,2024-02-08T18:00:00.000Z,60,12,public,false,Compétition,2,0VARNXSjqkWRNUqkhK56qLym0Gv1,10,10,3,0,0,0,1
xUaSoMmKdVkfGHrglkHv,Stadium Thiais,published,pro,,48.7511024&2.3713455,2024-02-12T14:00:00.000Z,90,8,public,false,,,psf3NmXEPwdCltHKJC7VuvJocrF3,0,10,0,0,0,0,0
xUez8hWfmLcvkrHsJVKO,Foot-Max Argenteuil,published,pro,ChIJi9oIzaRm5kcRJYcK7QsdRMU,48.9501632&2.2093946,2024-02-08T21:00:00.000Z,90,12,public,false,,,SuEnyPZ4TgNIkt1yap2yJ3ZHO6p1,2,10,0,0,0,0,1
xVUArhvHnxd4avTwbHQv,Stadium Thiais,canceled,captain,ChIJ64X9jzx05kcRsHvSfOv6UcA,48.7511137&2.3715422,2024-02-11T20:00:00.000Z,90,14,public,false,,,6M4f5MX3PCXOB6bAoSJR1UKemwl2,7,10,0,0,0,0,0
xWDqiEQNa2CgdkUu7Ce1,LE FIVE Paris 13,played,captain,ChIJ_bOSChhz5kcRZMTeq_6Gdzg,48.8181615&2.3658793,2024-01-23T17:00:00.000Z,60,14,public,true,Détente,2,zSlY9xSmEfUrxZLUCCZX2LUZi7f2,10,10,2,0,0,0,0
xWPTQiAWVKE7N1mUCGjK,Top Ten,hidden,pro,ChIJfXprBx4b5kcRmhe-5pLZUek,48.8729106&2.6840919,2024-02-02T17:30:00.000Z,90,16.5,public,false,,,i27253AGxOfXgYJK72sBnvUGuMk2,0,10,0,0,0,0,0
xWuacjKZtdEj5zREU3wM,UrbanSoccer - Toulouse Montaudran,played,captain,ChIJl772e0u8rhIR2foRX4Xa2CI,43.574642&1.4801835,2024-02-12T20:00:00.000Z,60,10.5,public,true,Détente,4,nF6mzYrCqNcNj5iSi7r377rebA13,10,10,0,0,0,0,1
xWyawaKpEbgpa0rroi7c,Play Soccer,canceled,captain,ChIJQ-UxZn-5rhIRKWoQydM5T9s,43.5512023&1.4098927,2024-02-13T17:30:00.000Z,90,1.3e+51,public,false,Détente,3,ti4yIUTlFfRmvM2c8xPjGRFyuvV2,7,10,0,0,0,0,0
xYbN0lENKdVW9HV7zgBD,UrbanSoccer - Marne-La-Vallée,published,captain,ChIJ6bDBiosP5kcROXiloHzSdhc,48.82658600000001&2.6296937,2024-01-28T17:00:00.000Z,60,10,public,true,Compétition,4,DVXaUvaR4zPrFICIZA5rLSmonVG2,7,10,0,0,0,0,1
xZ1FygfLqL8y0tbXyaIr,Stade Municipal Marcel Calmes,canceled,captain,ChIJC_qK2CjIrhIRowoOHPBnvOk,43.4718791&1.3349558,2024-02-03T10:00:00.000Z,60,,public,false,Détente,3,javIaCwfJQchcwRbGUIfcRhkhU22,8,10,0,0,0,0,0
xZvSjuSlWx5rtjnG8x3x,Play Soccer,canceled,captain,ChIJQ-UxZn-5rhIRKWoQydM5T9s,43.5512023&1.4098927,2024-01-24T20:30:00.000Z,60,10,public,false,,,8LtkeOuZHeePxfkXdNPmQSr7V9L2,10,10,0,0,0,0,1
xaHYLGpY4ltLyRkPZCC8,Play Soccer,canceled,captain,ChIJQ-UxZn-5rhIRKWoQydM5T9s,43.5512023&1.4098927,2024-01-28T19:30:00.000Z,60,9,public,false,Détente,,DWh92QLnudQobaf8k1DTr22NOzT2,10,10,0,0,0,0,0
xaQrsTUnxdK98EmmgOLO,Stadium Thiais,published,pro,ChIJ64X9jzx05kcRsHvSfOv6UcA,48.7511024&2.3713455,2024-01-31T21:00:00.000Z,90,14,public,false,,,psf3NmXEPwdCltHKJC7VuvJocrF3,0,10,0,0,0,0,0
xaUND2V9Ib0GBVwOIVE5,UrbanSoccer - Quai d'Ivry,draft,captain,ChIJfXxYJ0xy5kcRw9xTkF6-FZQ,48.8199885&2.3936463,2024-01-26T17:30:00.000Z,60,,public,false,,,gUIRKkxVPIcujhPGPRIEx82hUou2,0,0,0,0,0,0,0
xavTQaw5L9DLptvinJpq,Evolution Football,played,captain,ChIJX0YulIi8yRIRnGh62u3UXTQ,43.2836074&5.52356,2024-02-12T21:00:00.000Z,60,10,public,false,Détente,3,tLfG2HHzZwZ8cjXJSgDstQsOQmx1,10,10,3,0,0,0,0
xbF99ueKTFIi9uGE6Og2,LE FIVE Sarcelles,played,captain,ChIJ6_q3Fxhq5kcRCpoEwnoXX1Q,48.99782219999999&2.3902225,2024-01-20T19:00:00.000Z,90,13,public,false,Détente,3,xqIX6oqV3PWob6WmI8BKnVvqA723,10,10,4,0,0,0,2
xbPtsGfJbbBeC0tYsRY0,UrbanSoccer - Quai d'Ivry,played,captain,ChIJfXxYJ0xy5kcRw9xTkF6-FZQ,48.8199885&2.3936463,2024-01-22T19:30:00.000Z,90,21,public,true,Détente,3,jHAofATgHaQ2XhP7YQ1MqZt84003,10,10,5,0,0,0,0
xbV9tLhufFqvhJLMm9Bt,Le Street Foot en Salle,published,pro,ChIJt_AXL6Jg5kcRu6rBmnrmeUM,49.0164435&2.181307,2024-02-12T14:00:00.000Z,120,10,public,false,,,bsRK7e37BkUbETMq0Tg3lbm8Fao2,0,10,0,0,0,0,0
xbuLX2G27xx9ZjarCbYe,Gymnase Félix Faure,played,captain,ChIJh1wlXZQN5kcRLNrSwNxEU7c,48.83610299999999&2.5191798,2024-01-30T11:15:00.000Z,90,,public,false,Détente,3,qFbkQ1I6cegKn6VUPf2VQggtw4k2,10,10,1,0,0,0,0
xbxxLg1kiaAbjX9EbTiI,UrbanSoccer - Puteaux,canceled,captain,ChIJM_sC0-Nk5kcRhL1y_EFIje8,48.8836397&2.2312283,2024-01-21T08:00:00.000Z,60,11,public,true,Détente,3,h9HQURuU5UZpVg1pNrgkqdPwCsH3,9,10,0,0,0,0,0
xcFSTH5QRFOfqjEhjFLq,LE FIVE Paris 18,canceled,captain,ChIJpVT4_n1u5kcRzji6FdTBXXo,48.8978522&2.3700234,2024-02-08T19:30:00.000Z,60,14,public,true,Détente,3,0u224nNcSrUEHP05qzJxWiNGI9b2,9,10,0,0,0,0,2
xdZxKkQ8U3W9HvpuHsY9,Stadium Thiais,played,captain,ChIJ64X9jzx05kcRsHvSfOv6UcA,48.7511024&2.3713455,2024-02-03T15:00:00.000Z,90,12,private,false,Détente,3,PicP3Zxzwke1o2U4k4rmfc45Ja42,10,10,6,0,0,0,1
xddoS7WYIrW1f96EeLDL,Parc de Choisy,published,captain,ChIJ7RWNzpZ05kcRTkknDj8Df-I,48.7664003&2.4305572,2024-01-20T11:00:00.000Z,120,,private,false,Détente,3,sjUe5AarcPVoIYPWc0MANxuRSP12,8,18,0,0,0,0,0
xdlAP4Qyakvi6rf42RAl,LE FIVE Montreuil,published,pro,,48.8613036&2.4653095,2024-01-22T16:00:00.000Z,90,11,public,false,,,u9uC1vjdcdQ3UqNxI0SiFxor0m43,0,10,0,0,0,0,0
xdrRybdfk0SouGiloqt6,Stadium Thiais,published,pro,,48.7511024&2.3713455,2024-02-27T21:00:00.000Z,90,14,public,false,,,psf3NmXEPwdCltHKJC7VuvJocrF3,0,10,0,0,0,0,0
xe6cil92WBgjId2kkJ67,UrbanSoccer - Puteaux,played,captain,ChIJM_sC0-Nk5kcRhL1y_EFIje8,48.8836397&2.2312283,2024-02-03T11:30:00.000Z,90,16,public,true,Détente,5,N1IxBH4p2pY7nILsZ2tvGtNO8bN2,10,10,3,0,0,0,2
xeQCMj3Pt6Jz4C9ocaEM,UrbanSoccer - Marne-La-Vallée,published,captain,ChIJ6bDBiosP5kcROXiloHzSdhc,48.82658600000001&2.6296937,2024-01-26T19:00:00.000Z,60,,public,true,Détente,2,N7Mwf3tArBMKmTfZWgHnTe8A0NX2,9,10,0,0,0,0,0
xflvXMQU55RpGocJBKOd,UrbanSoccer Guyancourt,played,captain,ChIJmdX-2c-A5kcRj1wtOS8rZmo,48.7722091&2.0600292,2024-01-23T11:15:00.000Z,90,10,public,true,,3,BDns611c38YFyqobxpZC7VgiTxh1,10,10,0,0,0,0,0
xjiwyCMf6X8pQAdsC807,B14 - Sports et Loisirs Indoor,played,captain,ChIJaeLKMYXe5UcRHyWJ8X8FaPA,48.62229&2.3800445,2024-01-27T18:00:00.000Z,90,13.5,public,false,Détente,2,0NUFRL7ogXZ47skrfNwacFsQXI12,10,10,3,0,0,0,2
xkBpmX87XcWcAtZNblVs,Stadium Thiais,published,pro,,48.7511024&2.3713455,2024-01-27T18:00:00.000Z,90,15,public,false,,,psf3NmXEPwdCltHKJC7VuvJocrF3,0,10,0,0,0,0,0
xkC4iBGgklLkxV0HCyWJ,GOPARK INTERIEUR - Paintball et trampolines parc,published,captain,ChIJ2cJmdhf15kcRQ4mUOxIVzd0,49.045624&2.0799886,2024-02-13T19:00:00.000Z,120,12.5,public,false,Détente,2,5svK059jMCWGd7IRy8UcfstZDyO2,12,12,0,0,0,0,0
xkMOZ28HdRxUsja2I9e5,UrbanSoccer La Défense,played,captain,ChIJh4rnfVhk5kcRV2Q-ZKdm8vA,48.8996456&2.2216773,2024-01-28T16:30:00.000Z,60,14,public,true,Détente,3,YwoGFOwhjSR6P67Z7AE7n6EGOKw1,10,10,1,0,0,0,0
xkaiqs7sTaSyx1G5C8Fl,LE FIVE Paris 18,canceled,captain,ChIJpVT4_n1u5kcRzji6FdTBXXo,48.8978522&2.3700234,2024-02-09T22:00:00.000Z,60,5,public,true,,5,HQVCQOz6OrhL220511FtYes80UL2,9,10,0,0,0,0,1
xkwExo6kEm3pFjaGIfrM,Play Soccer,played,captain,ChIJQ-UxZn-5rhIRKWoQydM5T9s,43.5512023&1.4098927,2024-01-24T20:00:00.000Z,60,10,public,false,,,8LtkeOuZHeePxfkXdNPmQSr7V9L2,10,10,4,0,0,0,2
xl9lmOJTMKeyNhR8Q8eD,UrbanSoccer - Marne-La-Vallée,played,captain,ChIJ6bDBiosP5kcROXiloHzSdhc,48.82658600000001&2.6296937,2024-02-11T11:45:00.000Z,90,12.75,public,true,Détente,2,AZW4eE26vCcDavANdPQgOqs70xx2,10,10,2,0,0,0,2
xlV3nLoGoI2HLTYk0hVS,LE FIVE Paris 18,published,captain,ChIJpVT4_n1u5kcRzji6FdTBXXo,48.8978522&2.3700234,2024-01-27T18:30:00.000Z,90,7.5,public,true,Détente,3,oQHAkmHYcAclv7l8o8hGLr496NJ3,9,10,0,0,0,0,2
xltJEeeK93iIJVLbwIcQ,LE FIVE Paris 18,played,captain,ChIJpVT4_n1u5kcRzji6FdTBXXo,48.8978522&2.3700234,2024-02-01T19:00:00.000Z,60,14,public,true,Détente,2,a2zNblKzjXVIrjzrfjdp1zZQhsv1,10,10,3,0,0,0,0
xmdCIJfepKTvc6zh9r1y,LE FIVE Paris 18,published,pro,,48.8978522&2.3700234,2024-03-04T21:20:00.000Z,90,10,public,false,,,UQf33jQhVZhle917nO0h7D5qclV2,0,10,0,0,0,0,0
xoD4BKk5U3tbZrzEEiQ5,Stade Robespierre,canceled,captain,ChIJrSdPdLpk5kcRTIf7gmbAvcU,48.8692482&2.2034218,2024-02-12T13:30:00.000Z,90,5,public,false,Compétition,3,P2fpoPcsJ3ZKgVNv94Q8rJ8w4Zd2,1,10,0,0,0,0,0
xoXUsoEl4EnFonqGCabN,UrbanSoccer La Défense,canceled,captain,ChIJh4rnfVhk5kcRV2Q-ZKdm8vA,48.8996456&2.2216773,2024-01-22T17:45:00.000Z,60,13,public,true,Détente,3,VzAQF4pdANbErz8rRrsph4DpJ8B3,5,10,0,0,0,0,0
xp77xx8yx9LuPOze3Vsn,Stadium Thiais,published,pro,,48.7511024&2.3713455,2024-03-05T18:00:00.000Z,90,15,public,false,,,psf3NmXEPwdCltHKJC7VuvJocrF3,0,10,0,0,0,0,0
xpbQ5EsSbB76UVRaImAE,Stadium Thiais,published,pro,,48.7511024&2.3713455,2024-02-02T15:00:00.000Z,90,8,public,false,,,psf3NmXEPwdCltHKJC7VuvJocrF3,0,10,0,0,0,0,1
xpzgZn3VXFPSlLCqZuwU,LE FIVE Montreuil,published,pro,,48.8613036&2.4653095,2024-02-05T22:00:00.000Z,60,8,public,false,,,u9uC1vjdcdQ3UqNxI0SiFxor0m43,0,10,0,0,0,0,0
xqLPzIAg3Rl9GD0e8VPI,Top Ten,canceled,captain,ChIJfXprBx4b5kcRmhe-5pLZUek,48.8729106&2.6840919,2024-01-24T19:00:00.000Z,90,15,public,false,Détente,3,VGsBGTIKqNXZ0uwLPIyZ8o8y8wV2,6,10,0,0,0,0,0
xrXOY64AazHi5BYksJ4r,POWER FIVE ( Foot à 5 en intérieur ),played,captain,ChIJ6ULNmyh15kcRV9cjbnBjGr8,48.73026429999999&2.4346948,2024-01-28T16:30:00.000Z,90,15,public,false,Compétition,4,zXmJZFbgdia9cfZ4ZjcQLQNhDQ82,10,10,3,0,0,0,0
xrgUU4LaDNuRiLbF5FAb,UrbanSoccer - Lille Lezennes,canceled,captain,ChIJR3ro5nTWwkcRfM_S3Be9HjI,50.6169533&3.0995426,2024-01-21T19:00:00.000Z,90,14.25,public,true,Compétition,4,bzIoDKngWbNylUgisF0qzqHZg2r2,7,10,0,0,0,0,0
xu7GW1cC8jSiT0A5SCuM,Z5 Aix,played,captain,ChIJKb-U_9KSyRIRKIFKbH5mW18,43.4787869&5.3969048,2024-01-28T10:00:00.000Z,90,11,public,false,Détente,2,BkTenhYmWUOrc7Ia5Pz0A7usZim1,10,10,1,0,0,0,1
xvIO00iMSgxuGpkJajul,LE FIVE Bezons,published,pro,,48.91909&2.2093051,2024-03-07T17:00:00.000Z,60,7,public,false,,,U3MriTZbPbTUEsU6RtRuHxDMKvg2,0,10,0,0,0,0,0
xvJr8MQ25hQPQByZekTx,UrbanSoccer - Puteaux,draft,captain,ChIJM_sC0-Nk5kcRhL1y_EFIje8,48.8836397&2.2312283,2024-01-28T18:00:00.000Z,60,,public,false,,,hgDw6nJBkqQgNYUWDodbEbw98Pc2,0,0,0,0,0,0,0
xvWKc5E0NI8FlBxOqP3h,Stadium Thiais,played,captain,ChIJ64X9jzx05kcRsHvSfOv6UcA,48.7511024&2.3713455,2024-02-04T09:30:00.000Z,90,15,public,false,Détente,,T0gYd02mAcQ3nFRaDLdSQvaj8WW2,12,12,2,0,0,0,2
xxCqXPbH4sxzWeoliW9i,Stadium Thiais,published,pro,,48.7511024&2.3713455,2024-02-21T21:00:00.000Z,90,14,public,false,,,psf3NmXEPwdCltHKJC7VuvJocrF3,0,10,0,0,0,0,0
xxgQ4jSi2fz5BEhL81DL,UrbanSoccer - Toulouse Montaudran,played,captain,ChIJl772e0u8rhIR2foRX4Xa2CI,43.574642&1.4801835,2024-01-22T11:20:00.000Z,60,8,public,true,Détente,3,tw2vPyadcybRr00VteOCyDGZvnt1,10,10,0,0,0,0,0
xxj5ajTafWdyHEsyOXQt,Gymnase Rosalind Franklin,published,captain,ChIJeUB7Xqlz5kcR_akj6eEkBmk,48.8095385&2.4035959,2024-02-04T09:30:00.000Z,60,,public,false,Détente,3,Zg2tEzNtLhNVUAPvrxVDVvliKqq2,7,10,0,0,0,0,0
xyxeDQWXT9UGYiAkyU6W,LE FIVE Morangis,played,captain,ChIJA4uAhOXZ5UcRp-vZXZP-ovY,48.692672&2.3192811,2024-01-26T20:30:00.000Z,90,14,public,false,Détente,,GeY3OezqbIW13tvJpKY3ph4fPTj1,10,10,4,0,0,0,0
xz6IXDWM4hYAp3ZR1nSQ,UrbanSoccer - Lille Lezennes,published,captain,ChIJR3ro5nTWwkcRfM_S3Be9HjI,50.6162725&3.0998108,2024-01-31T17:00:00.000Z,60,9,public,true,Détente,2,IMFFZo8zL9VwGnzQyYVuSMeHc5q1,2,10,0,0,0,0,0
xzIiXCXKzdyDPpBL0Uaq,Stade de l'İle de Puteaux,canceled,captain,ChIJIZUd2yJl5kcRRWoJNnmY1Ds,48.8758697&2.2435162,2024-01-28T13:30:00.000Z,120,,public,false,,3,FvG6v0rgeEdxhSw6DNgYlngPHjM2,15,16,0,0,0,0,1
xzKNhYBAvNzDFl6gEcgN,Monclub Futbol,published,pro,ChIJGbxxaamUyRIRgGvhHnhJStA,43.4299152&5.4001974,2024-01-24T20:00:00.000Z,90,10,public,false,,,CSTy9rmJRQSyWlqWuGiUhGpAGqf2,0,10,0,0,0,0,0
y1NjA0WKoSgxxi9vnZW8,Stadium Thiais,published,captain,ChIJ64X9jzx05kcRsHvSfOv6UcA,48.7511024&2.3713455,2024-01-24T19:30:00.000Z,90,15,private,false,Détente,2,4RHDQtermHaFhL7qUwROYvMuoIF3,9,10,0,0,0,0,0
y2btPMFh3suONif3VXds,Stadium Thiais,published,pro,,48.7511024&2.3713455,2024-02-04T15:00:00.000Z,90,15,public,false,,,psf3NmXEPwdCltHKJC7VuvJocrF3,0,10,0,0,0,0,0
y4xSITCDIS0bIZotN1jL,Monclub Futbol,canceled,captain,ChIJGbxxaamUyRIRgGvhHnhJStA,43.4299152&5.4001974,2024-01-25T17:30:00.000Z,60,10,public,false,,,AJhhBgOA04SJ5cqig5ffOrI68J53,5,10,0,0,0,0,1
y6FcahSUirWCMxYaHTd0,Stade Blaise Matuidi,canceled,captain,ChIJn1R6YPhl5kcRr9wNvjELcJQ,48.9310762&2.2810592,2024-01-23T20:00:00.000Z,90,5,public,false,Compétition,3,m3NCqz9ukkekBpTsDwwt1YicJMC2,12,16,0,0,0,0,0
y7NzRLhEwpXlOxNSpOCB,UrbanSoccer - Toulouse Montaudran,played,captain,ChIJl772e0u8rhIR2foRX4Xa2CI,43.574642&1.4801835,2024-01-31T17:30:00.000Z,60,11,public,true,Détente,3,QkPdR0lP7WYATo9TEkBcGlPNN2j1,10,10,1,0,0,0,0
y7XekJdrsDb4b543oHgy,Footbox,published,pro,,48.9022789&2.582647,2024-02-19T14:00:00.000Z,60,7,public,false,,,QI89VPazyLhBVnWH871jk4BUEZI3,0,10,0,0,0,0,0
y7pqa8s0Z6C9qr7ULebV,Stadium Thiais,published,pro,,48.7511024&2.3713455,2024-01-28T16:30:00.000Z,90,15,public,false,,,psf3NmXEPwdCltHKJC7VuvJocrF3,3,10,0,0,0,0,1
y8HZAtZc0nBTpFR2wdLL,Footbox,published,pro,,48.9022789&2.582647,2024-02-17T22:00:00.000Z,60,10,public,false,,,QI89VPazyLhBVnWH871jk4BUEZI3,0,10,0,0,0,0,0
y8L10EF7YOSibN8bY7Bi,Footbox,published,pro,,48.9022789&2.582647,2024-02-27T16:00:00.000Z,60,7,public,false,,,QI89VPazyLhBVnWH871jk4BUEZI3,0,10,0,0,0,0,0
yCEXNj5cMcIGET8URRBx,Stadium Thiais,published,pro,ChIJ64X9jzx05kcRsHvSfOv6UcA,48.7511024&2.3713455,2024-02-08T18:00:00.000Z,90,15,public,false,,,psf3NmXEPwdCltHKJC7VuvJocrF3,0,10,0,0,0,0,0
yCHcFfY2vaDrKwJPtI9u,LE FIVE Bezons,published,captain,ChIJ71Mv0Wpk5kcRg-H9x7L-dXo,48.9190524&2.211796,2024-01-25T18:00:00.000Z,60,,public,true,Détente,,xfUboCk38ZhvU0cho2bxu4if0fl1,9,10,0,0,0,0,0
yG9jzhIthhUOzeUDp8eE,Decathlon Village Marseille Bouc Bel Air,canceled,captain,ChIJ1Q7SU-mSyRIRX6xvssJB-KE,43.431807&5.396542,2024-01-24T11:20:00.000Z,60,7.5,public,false,,2,sAyO1AXltZcsw55GSERcLd4EB8r1,9,10,0,0,0,0,0
yJlQQc0sNHLfavARL78c,LE FIVE Montreuil,published,pro,,48.8613036&2.4653095,2024-01-26T22:00:00.000Z,60,8,public,false,,,u9uC1vjdcdQ3UqNxI0SiFxor0m43,0,10,0,0,0,0,0
yMHaJQlkZT3MWWtkBO5L,UrbanSoccer - Quai d'Ivry,played,captain,ChIJfXxYJ0xy5kcRw9xTkF6-FZQ,48.8199885&2.3936463,2024-02-04T12:00:00.000Z,60,12.5,public,true,Détente,2,evb189dQmZTllf2MHjyBtmnO7333,10,10,2,0,0,0,0
yMP5xKIpyNlykN9WQEHR,Stadium Thiais,published,pro,,48.7511024&2.3713455,2024-02-27T11:00:00.000Z,60,7,public,false,,,psf3NmXEPwdCltHKJC7VuvJocrF3,0,10,0,0,0,0,0
yN6nkJ7dcIKBwgrCAYqh,Sport dans la Ville Rhône-Alpes,played,captain,ChIJoUEDcmvr9EcRILCz6hDCQ2o,45.7811703&4.8081568,2024-02-06T18:00:00.000Z,60,,public,false,Détente,2,tvZNfVEQt1g28boBM3YDQUJO9sc2,10,10,0,0,0,0,1
yRMf5la7IzpIVFV1oF7M,LE FIVE Paris 18,published,pro,,48.8978522&2.3700234,2024-02-27T16:00:00.000Z,60,5,public,false,,,UQf33jQhVZhle917nO0h7D5qclV2,1,10,0,0,0,0,0
yS24lQQx9sSCMZAoCLc7,UrbanSoccer - Marne-La-Vallée,published,captain,ChIJ6bDBiosP5kcROXiloHzSdhc,48.82658600000001&2.6296937,2024-02-13T19:15:00.000Z,60,11.5,public,true,Détente,,EEJiwQ4cUmc1Y1fDYKQFGPld7Mg1,8,10,0,0,0,0,0
ySUu2Us4030pmXhNsNlN,Game 13 foot indoor,published,captain,ChIJNSDvlsXryRIRUXao9hwB79I,43.41258939999999&5.366617,2024-01-23T21:00:00.000Z,60,10,public,false,Détente,3,tNI5PAPgX0MDq6T4GlwP3d2ndaO2,8,10,0,0,0,0,0
yTMa5ZxxCPQ3EYGyAD06,Stadium Thiais,played,pro,ChIJ64X9jzx05kcRsHvSfOv6UcA,48.7511024&2.3713455,2024-02-05T19:30:00.000Z,90,15,public,false,,,psf3NmXEPwdCltHKJC7VuvJocrF3,10,10,3,0,0,0,0
yVBFYh0rkob4gl2dzucK,LE FIVE Bobigny,published,pro,,48.901553&2.4313304,2024-03-13T17:00:00.000Z,60,8,public,false,,,4owi3i7t8EOvFNF6UQvACOpiDRy1,0,10,0,0,0,0,0
yVFn3d1ZBpBHyfzlXG4J,Sport dans la Ville Rhône-Alpes,played,captain,ChIJoUEDcmvr9EcRILCz6hDCQ2o,45.7811703&4.8081568,2024-01-24T17:00:00.000Z,60,7,public,false,Détente,3,YQA7zKjcQrPQk2ImNmXafCnbB3O2,12,12,2,0,0,0,0
yViKwTSbaWsvDaMW5MkQ,Stadium Thiais,published,pro,ChIJ64X9jzx05kcRsHvSfOv6UcA,48.7511024&2.3713455,2024-02-07T19:30:00.000Z,90,15,public,false,,,psf3NmXEPwdCltHKJC7VuvJocrF3,0,10,0,0,0,0,0
yWCBXAm9ayTY1HWztp9K,LE FIVE Paris 18,played,captain,ChIJpVT4_n1u5kcRzji6FdTBXXo,48.8978522&2.3700234,2024-02-01T19:00:00.000Z,60,14,public,true,Détente,2,fwZlAQ9diEM73xuIqk4bPQZhIe52,10,10,3,0,0,0,0
yWWqwyO55pRA2EaDFdbQ,Stadium Thiais,played,pro,,48.7511024&2.3713455,2024-01-20T09:30:00.000Z,90,12,public,false,,,psf3NmXEPwdCltHKJC7VuvJocrF3,10,10,9,0,0,0,6
yWhmXxxUnxVGhyteGgsB,Top Ten,published,pro,ChIJfXprBx4b5kcRmhe-5pLZUek,48.8729106&2.6840919,2024-02-09T21:00:00.000Z,90,15,public,false,,,i27253AGxOfXgYJK72sBnvUGuMk2,0,10,0,0,0,0,0
yWrXq8FnootqxrAuMGNe,KIPSTADIUM : Centre de Pratique dédié aux Sports Collectifs,canceled,captain,ChIJydcoT88ow0cRLnHvlF-Z_jE,50.708529&3.173304,2024-01-24T20:00:00.000Z,60,8,public,false,Compétition,3,hgObhGlaUIOFdJb14iIq8gOznr22,9,10,0,0,0,0,0
yXhWvgTx7hiC1E2UNhLS,Padel Football Club,played,captain,ChIJ62K5YQBh5kcRiSit3ITdkqg,49.0175597&2.1775182,2024-01-25T20:30:00.000Z,90,15,public,false,Détente,2,x9wRtMiAk8gzLg0mVLB0WvMSTEF2,10,10,3,0,0,0,2
yZA0jRn0WXnYYmPIh4ko,LE FIVE Bobigny,canceled,captain,ChIJV8UONORs5kcRXxR5Qd7x130,48.901553&2.4313304,2024-01-27T15:00:00.000Z,60,15,public,false,Détente,3,uPlaWj2xSHMgJEtIo0vOlQu8n2X2,1,10,0,0,0,0,0
yZGCYRNbAAgDKlJeIb56,UrbanSoccer - Toulouse Montaudran,played,captain,ChIJl772e0u8rhIR2foRX4Xa2CI,43.574642&1.4801835,2024-02-12T11:20:00.000Z,60,8,public,true,Détente,,tw2vPyadcybRr00VteOCyDGZvnt1,10,10,0,0,0,0,0
yZQ5ISCgOTKioNbyhnGU,Foot POWER 5,canceled,pro,,48.960066&2.2061913,2024-02-25T17:00:00.000Z,90,10,public,false,,,sss3dYi6nzWd7rEjwcQ30LGKudj1,0,10,0,0,0,0,0
ybHN0t4VsoYMwi3yYrgq,FIVE ARENA,canceled,captain,ChIJ02bKSuih6EcRb796CXVbkVs,48.9539465&2.9154573,2024-02-01T19:30:00.000Z,90,15,public,false,Détente,2,QvEJrjhePXc9G9wriMT78s9Zyb52,10,10,0,0,0,0,0
ybHrKPc8gZYBrCVJYSZn,LE FIVE Bobigny,published,pro,,48.901553&2.4313304,2024-03-11T22:00:00.000Z,60,8,public,false,,,4owi3i7t8EOvFNF6UQvACOpiDRy1,0,10,0,0,0,0,0
ybNf6Axre1Rw3MZwrPmv,Stadium Thiais,canceled,captain,ChIJ64X9jzx05kcRsHvSfOv6UcA,48.7511024&2.3713455,2024-01-31T19:30:00.000Z,30,15,private,false,Détente,,jjLhMLJ2QuMLvUsPZQgqXcYxSAA2,4,10,0,0,0,0,0
yd82mTbU74ZvRtSSq8XU,LE FIVE Bezons,published,pro,,48.91909&2.2093051,2024-02-26T21:00:00.000Z,90,14,public,false,,,U3MriTZbPbTUEsU6RtRuHxDMKvg2,0,10,0,0,0,0,0
ydJNu3sGlkQRWWnTJTfe,Footbox,published,pro,,48.9022789&2.582647,2024-02-28T13:00:00.000Z,60,7,public,false,,,QI89VPazyLhBVnWH871jk4BUEZI3,0,10,0,0,0,0,0
yducQn25T7noZ6qbIvaR,City KOF,played,captain,ChIJ_2pirmlv5kcRTpGJ0UDn1Y8,48.9155954&2.2963072,2024-01-25T11:00:00.000Z,90,,public,false,Détente,2,PL0nw3BiAUhxDJuKc8qZsRazcM23,10,10,1,0,0,0,0
yg07MiDQmm5uYV98SvRe,Complexe sportif Arrighi - Stade - Gymnase - Tennis,played,captain,ChIJdY7UfIRz5kcRyDIR404fW5A,48.7830911&2.3989573,2024-02-01T19:00:00.000Z,120,,private,false,Détente,4,5v9WX6HkohWW6s4r8BR39p1iJxu1,16,16,10,0,0,0,4
ygAUK41qhviywfxR40Ku,UrbanSoccer Guyancourt,published,captain,ChIJmdX-2c-A5kcRj1wtOS8rZmo,48.7722091&2.0600292,2024-02-13T17:00:00.000Z,60,8.5,public,true,Détente,,fNKvplQ0u2bo6jOd6TzP89Wfvxq1,10,10,0,0,0,0,0
yhnTk7KHrHsMeBo3Wv5a,Stadium Thiais,canceled,captain,ChIJ64X9jzx05kcRsHvSfOv6UcA,48.7511137&2.3715422,2024-02-09T19:30:00.000Z,90,15,public,false,Détente,,7iBVQgzSwqhKTNLIghNfWCTgiLq1,9,10,0,0,0,0,0
yiD6tu3dtkXavnRqr3Gn,UrbanSoccer - Quai d'Ivry,canceled,captain,ChIJfXxYJ0xy5kcRw9xTkF6-FZQ,48.8199885&2.3936463,2024-01-27T20:00:00.000Z,90,20,public,true,Compétition,5,3HjnneDnEieQVwHyjidxLTJyAMu2,8,10,0,0,0,0,0
yicafWUchjxAMpX43Se1,OHSPORT,canceled,captain,ChIJHeG9fA4X5kcRbGNzVY5Ud5I,48.9672396&2.5670436,2024-01-20T22:00:00.000Z,60,10,public,false,Détente,2,fa6aWrOxh8bufEtvDjnITS0fU9A2,5,10,0,0,0,0,0
yidoiRr50nR0OGH2pYtu,LE FIVE Créteil,published,pro,,48.7643086&2.4706522,2024-03-13T16:00:00.000Z,60,7,public,false,,,ZmXMWx7aTdPoPkkGOWa2HIQVblq2,0,10,0,0,0,0,0
yitmyoW4YImBvlSP7oP5,Centre Sportif Jules Noël,played,captain,ChIJWZM9NFJw5kcRDJY_s1u1Er4,48.8241549&2.3145477,2024-01-27T17:00:00.000Z,120,,public,false,Compétition,5,oKfGVfs7dYecPpobKfuTXiuhh8J3,14,14,9,0,0,0,3
ylWTdmI6G7jtPEbVj3vK,UrbanSoccer Orsay,published,captain,ChIJpZIJg7J45kcRrKWKhtbfnEQ,48.70829&2.17794,2024-02-07T19:00:00.000Z,90,17.25,public,true,Détente,3,ee1xUgZHOqeY6QdvDARYVOlrzLj2,7,10,0,0,0,0,0
ymJ3pFwXterdag4o5vdl,Monclub Futbol,canceled,pro,,43.4299152&5.4001974,2024-01-27T15:30:00.000Z,90,12,public,false,,,CSTy9rmJRQSyWlqWuGiUhGpAGqf2,5,10,0,0,0,0,0
ymgCwJTKJU7PEPoBLiV9,LE FIVE Bezons,canceled,pro,,48.91909&2.2093051,2024-01-26T11:00:00.000Z,90,10,public,false,,,U3MriTZbPbTUEsU6RtRuHxDMKvg2,0,10,0,0,0,0,0
ymv13u1JggQOMtQAcdeg,Terrain de Draveil,played,captain,ChIJ8TYAB93f5UcRtDLTkIEHl88,48.6889414&2.3919424,2024-02-11T09:15:00.000Z,120,,private,false,Compétition,3,4UFqEa4a0Lgs47WeclcJErXD5s82,18,18,15,0,0,0,2
ynQPSNQkt4YrqhH7Uwa3,Stadium Thiais,played,pro,ChIJ64X9jzx05kcRsHvSfOv6UcA,48.7511024&2.3713455,2024-01-26T18:30:00.000Z,90,15,public,false,,,psf3NmXEPwdCltHKJC7VuvJocrF3,10,10,5,0,0,0,1
ynUW9ta7BJfv4QmFsPiZ,Top Ten,published,pro,,48.8729106&2.6840919,2024-03-07T21:30:00.000Z,90,16.5,public,false,,,i27253AGxOfXgYJK72sBnvUGuMk2,0,10,0,0,0,0,0
ynuKoL3JroAyRqRIhLqP,Foot POWER 5,canceled,pro,,48.960066&2.2061913,2024-01-23T20:00:00.000Z,90,7,public,false,,,sss3dYi6nzWd7rEjwcQ30LGKudj1,0,10,0,0,0,0,0
yqEOyYycTgECTcHRTvGx,Stadium Thiais,played,captain,ChIJ64X9jzx05kcRsHvSfOv6UcA,48.7511024&2.3713455,2024-02-01T19:30:00.000Z,90,15,public,false,Détente,3,r8V1uV2R5xgbq6icEtFLuVLn0VS2,10,10,2,0,0,0,1
yqTYCyH1XnsBljZxerbJ,Top Ten,published,pro,,48.8729106&2.6840919,2024-03-12T16:00:00.000Z,90,5,public,false,,,i27253AGxOfXgYJK72sBnvUGuMk2,0,10,0,0,0,0,0
yr043mpU01kSQmdDBBfw,Play Soccer,published,captain,ChIJQ-UxZn-5rhIRKWoQydM5T9s,43.5512023&1.4098927,2024-02-01T20:30:00.000Z,60,10,public,false,,,pL0skPQs4CYYVXb682MCC9jXu8K2,5,10,0,0,0,0,0
yrPO2Qd0a47mCijXmbMV,UrbanSoccer - Quai d'Ivry,canceled,captain,ChIJfXxYJ0xy5kcRw9xTkF6-FZQ,48.8199885&2.3936463,2024-01-23T20:00:00.000Z,90,14,public,true,Détente,3,cpLpISmb7jhaKR5AIJxSuOk6SeP2,9,10,0,0,0,0,0
yrh8dO53ge0TMKmoiFVf,UrbanSoccer La Défense,played,captain,ChIJh4rnfVhk5kcRV2Q-ZKdm8vA,48.8996456&2.2216773,2024-01-22T18:00:00.000Z,60,14.5,public,true,Détente,2,UtjQqmd3SdSzrVZNlXvfIyBEnDC3,10,10,2,0,0,0,2
ytHCS8irMZgUSTEQNayI,Plaine des Jeux de Gerland,canceled,captain,ChIJBYG18IPp9EcRUNpTJFdu8f0,45.7213257&4.8272967,2024-01-23T17:30:00.000Z,90,,public,false,Détente,3,5USGl81JMWeo3fNqNyx50I6L4992,8,16,0,0,0,0,0
yuEm4SzD669ORb94CMv6,Monclub Futbol,published,captain,ChIJGbxxaamUyRIRgGvhHnhJStA,43.4299152&5.4001974,2024-02-08T17:30:00.000Z,60,10,public,false,,,AJhhBgOA04SJ5cqig5ffOrI68J53,9,10,0,0,0,0,2
yuKTs1URQRIdPyXjNZ3c,LE FIVE Paris 13,played,captain,ChIJ_bOSChhz5kcRZMTeq_6Gdzg,48.8181615&2.3658793,2024-02-06T20:00:00.000Z,60,,public,true,Compétition,3,wE39ENE8CzbfQ53WnF2GI8d5r0J3,10,10,1,0,0,0,4
yv3EQM6cdsk73SlpFc8p,Foot-Max Argenteuil,played,captain,ChIJi9oIzaRm5kcRJYcK7QsdRMU,48.9501569&2.2093741,2024-01-21T18:30:00.000Z,90,13,public,false,Détente,5,bct7U44WwmPouhAEndpYWq17IYj1,10,10,2,0,0,0,0
yvnaHrDvCOzS1ply30rQ,Play Soccer,played,captain,ChIJQ-UxZn-5rhIRKWoQydM5T9s,43.5512023&1.4098927,2024-02-04T16:30:00.000Z,90,12,public,false,Compétition,,kLvO9k3OJNSStM9sPiRFoL6JGUw2,10,10,1,0,0,0,0
yw22CB7m8ho8F4rgQHrm,Stadium Thiais,played,captain,ChIJ64X9jzx05kcRsHvSfOv6UcA,48.7511024&2.3713455,2024-02-02T18:00:00.000Z,90,13.5,public,false,Compétition,4,KJ5gCoMkVEcO1cT3Ii5lb7Oucc22,12,12,5,0,0,0,3
yxckLuNQUq9owmfhMd4Y,Stadium Thiais,published,captain,ChIJ64X9jzx05kcRsHvSfOv6UcA,48.7511024&2.3713455,2024-01-29T09:30:00.000Z,90,15,public,false,Détente,,T0gYd02mAcQ3nFRaDLdSQvaj8WW2,6,12,0,0,0,0,0
yxq2J7pdVpN22FoF3j1U,UrbanSoccer - Asnières,played,captain,ChIJi5LkLT9v5kcRSlhScqEFNWs,48.92192379999999&2.3068311,2024-01-23T18:30:00.000Z,60,,public,true,Compétition,4,MC0SHAURLUOHB3DesytF7KXhYAI2,10,10,1,0,0,0,3
yytj2iCF8n4wJhSrX6oF,LE FIVE Montreuil,published,pro,,48.8613036&2.4653095,2024-01-21T08:00:00.000Z,90,15,public,false,,,u9uC1vjdcdQ3UqNxI0SiFxor0m43,0,10,0,0,0,0,0
yzBFnSkrC8jxFTdsubF7,Centre Sportif Hautpoul,canceled,captain,ChIJ79fuL8Zt5kcRk9e1VH01h_U,48.8847213&2.3874252,2024-02-11T17:00:00.000Z,90,5,public,false,Compétition,5,u1d5UxHx7maGj4sc4EU7rDuYr0p2,9,12,0,0,0,0,0
yzBwXwqHeQdVIefeS6so,Stadium Thiais,published,pro,,48.7511024&2.3713455,2024-02-23T16:30:00.000Z,90,10,public,false,,,psf3NmXEPwdCltHKJC7VuvJocrF3,0,10,0,0,0,0,0
z1rTdUWehvCtOwAv4CF4,Classico Foot,played,captain,ChIJFV442oCxrhIRgsZy5aIbkNs,43.5945434&1.2911399,2024-02-01T19:00:00.000Z,60,8,public,false,Compétition,3,1ZYZDZ2TV5doCKQ610CkiGN0K9R2,10,10,3,0,0,0,1
z2V5RmfS5G7NMHsWprHA,Top Ten,published,pro,ChIJfXprBx4b5kcRmhe-5pLZUek,48.8729106&2.6840919,2024-02-11T08:00:00.000Z,90,15,public,false,,,i27253AGxOfXgYJK72sBnvUGuMk2,0,10,0,0,0,0,0
z4J0UGaycNuh1K2gFvz3,LE FIVE Paris 13,published,pro,,48.8181615&2.3658793,2024-02-14T22:00:00.000Z,60,10,public,false,,,FjSnzlRFFfhWVWQJGfIEwRc2ZMj2,0,10,0,0,0,0,0
z4yvrIYsh8wy0pdLHcXb,Game 13 foot indoor,played,captain,ChIJNSDvlsXryRIRUXao9hwB79I,43.41258939999999&5.366617,2024-01-29T19:30:00.000Z,90,13,public,false,Détente,3,fZqqBviIBiSg9OzpFtxc36g9he42,10,10,2,0,0,0,0
z5RFeYnGv8YgoRnAliwq,Stadium Thiais,played,pro,,48.7511024&2.3713455,2024-02-11T15:00:00.000Z,90,15,public,false,,,psf3NmXEPwdCltHKJC7VuvJocrF3,10,10,7,0,0,0,5
z5sIWm2uIf5y3adGZwiA,Stade Élisabeth,canceled,captain,ChIJkXj9tq5x5kcROlxynHzTh9o,48.8207737&2.3270972,2024-01-20T18:00:00.000Z,90,,public,false,Compétition,5,oKfGVfs7dYecPpobKfuTXiuhh8J3,11,14,0,0,0,0,0
z6HxzGFUlz50gT2u8po2,LE FIVE Créteil,published,captain,ChIJ88lx3VwL5kcRVxCh4lD6_Gk,48.7643086&2.4706522,2024-02-07T13:30:00.000Z,90,10.5,public,false,Détente,3,rUzkBHpIJ1YFV4MRQjyiYHl4QMX2,5,10,0,0,0,0,0
z8xBo3Hmcbl4uvUsVDDK,Le Street Foot en Salle,played,captain,ChIJt_AXL6Jg5kcRu6rBmnrmeUM,49.0164435&2.181307,2024-01-21T18:00:00.000Z,60,9,public,false,Détente,4,CIIM8n7uLZOD2AIEQSdh1od0RR53,10,10,3,0,0,1,3
z9pTvs3fSvjqT7R15NO3,Gymnase Henri Wallon,played,captain,ChIJEzBEjZBm5kcRnjnyKOb5TGU,48.9507133&2.2239801,2024-01-28T09:15:00.000Z,90,,public,false,Détente,3,hNL25FRWJwW78vTlyGpURjafpL13,10,10,2,0,0,0,0
z9sSNdqyjakRV0tYROVI,LE FIVE Villette,canceled,captain,ChIJTUFnQjps5kcR0pHITLTw1PI,48.9070122&2.3861459,2024-02-13T18:00:00.000Z,60,12,public,false,Détente,3,YqfmyJL3pGeWgbFbRU44G1VIQGB2,7,10,0,0,0,0,0
zAK6iena3ruCI8rv5dqC,LE FIVE Bobigny,published,pro,,48.901553&2.4313304,2024-01-29T22:00:00.000Z,60,8,public,false,,,4owi3i7t8EOvFNF6UQvACOpiDRy1,0,10,0,0,0,0,0
zBbPEf3WO3eTaPGUzrFU,Top Ten,published,pro,,48.8729106&2.6840919,2024-02-19T16:00:00.000Z,90,5,public,false,,,i27253AGxOfXgYJK72sBnvUGuMk2,1,10,0,0,0,0,0
zBgy3VqPLhv3D8bH9SV2,UrbanSoccer - Quai d'Ivry,canceled,captain,ChIJfXxYJ0xy5kcRw9xTkF6-FZQ,48.8199885&2.3936463,2024-02-09T19:45:00.000Z,90,14,public,true,Détente,4,TjGDzFudrqOi7iaBTjiVmvkMlyY2,9,10,0,0,0,0,0
zCgwBca7Jtb5aMtN0jnZ,Game 13 foot indoor,played,pro,ChIJNSDvlsXryRIRUXao9hwB79I,43.41258939999999&5.366617,2024-02-06T19:30:00.000Z,60,10,public,false,,,4CPt9QJ6GEQgrpyTuzm8CMK844V2,10,10,3,0,0,0,0
zDKt43So4PbxAQwFzJID,Top Ten,published,pro,ChIJfXprBx4b5kcRmhe-5pLZUek,48.8729106&2.6840919,2024-02-10T21:30:00.000Z,90,15,public,false,,,i27253AGxOfXgYJK72sBnvUGuMk2,0,10,0,0,0,0,0
zDwcyPda0Bur7u1rqPCN,Stadium Thiais,played,pro,ChIJ64X9jzx05kcRsHvSfOv6UcA,48.7511024&2.3713455,2024-01-23T19:30:00.000Z,90,15,public,false,,,psf3NmXEPwdCltHKJC7VuvJocrF3,10,10,5,1,1,1,0
zE7Y4SqlBI0H1UoSk1VA,LE FIVE Champigny,played,captain,ChIJsXi1PLYN5kcRTVVDuczgS2s,48.8194084&2.5251846,2024-02-04T13:00:00.000Z,60,11,public,false,Détente,3,KjmHPgd77XVMkfdfsCxoyga5cMI3,10,10,2,0,0,0,1
zEK1EVYGFwZCC72TGZ8k,UrbanSoccer - Lille Lezennes,published,captain,ChIJR3ro5nTWwkcRfM_S3Be9HjI,50.6162725&3.0998108,2024-02-16T21:00:00.000Z,120,5,public,true,Compétition,3,OowwgTo0WkPFbf8IaSh364BpKOx2,4,10,0,0,0,0,0
zEanoLOhnJp7B2eRqhGm,LE FIVE Montreuil,published,pro,,48.8613036&2.4653095,2024-02-05T16:00:00.000Z,90,11,public,false,,,u9uC1vjdcdQ3UqNxI0SiFxor0m43,3,10,0,0,0,0,0
zFwc33terZ6CV0WRdaE6,UrbanSoccer - Lyon Parilly,draft,captain,ChIJx3FQWjLC9EcRrrQb2eV7i_4,45.7120399&4.9039284,2024-02-06T14:50:00.000Z,60,,public,false,,,B6tWZAy3bgTUbyN0CtS7McqaOcW2,0,0,0,0,0,0,0
zJvqtn6eIIeugZ54Ullf,UrbanSoccer Guyancourt,canceled,captain,ChIJmdX-2c-A5kcRj1wtOS8rZmo,48.7722091&2.0600292,2024-01-28T16:00:00.000Z,90,15,public,true,Détente,3,BBlUeTWRF3cmuyewjkB7kaHXHcA3,6,10,0,0,0,0,0
zK04gLMIQckWIHJLqsuE,Events Five,played,captain,ChIJf8cSCJG5rhIRoQadPH-wW1U,43.5399703&1.3922897,2024-02-12T18:00:00.000Z,60,8,public,false,Détente,2,AMEnp6DXr5auGuUEuCYRvdtRzUC2,10,10,0,0,0,0,0
zK5gnGxPflKzmdmU7dNM,We Are Sports,played,captain,ChIJFZU5oBHC9EcRJTFrSkI1xxg,45.7113247&4.8761886,2024-02-04T18:00:00.000Z,60,9,public,false,Compétition,4,XJcOYdFvY5MUD6R6YXRxUdDSIxc2,10,10,1,0,0,0,1
zK7qvMf83QolE4rsYdoz,Speed Soccer Five,played,captain,ChIJ2xTNglV25kcR3UDi4AXGfDU,48.7360598&2.315058,2024-01-21T09:30:00.000Z,90,14,public,false,Détente,3,ausjLaB8ySbGDRZ5flISejVrjmh2,10,10,5,0,0,0,0
zKIqmB2In0FnHuzal9fL,LE FIVE Créteil,canceled,captain,ChIJ88lx3VwL5kcRVxCh4lD6_Gk,48.7643086&2.4706522,2024-02-04T14:50:00.000Z,90,13.75,public,false,Competition,1,XIVR06haFpYikxBDfwdk06SYDzL2,11,12,0,0,0,0,0
zKRh7UrIL5wPodELnDlx,Monclub Futbol,canceled,pro,ChIJGbxxaamUyRIRgGvhHnhJStA,43.4299152&5.4001974,2024-01-30T18:00:00.000Z,60,10,public,false,,,CSTy9rmJRQSyWlqWuGiUhGpAGqf2,9,10,0,0,0,0,0
zLpcFZVzOFuPWC8Nk9G4,LE FIVE Montreuil,played,captain,ChIJJdTQjr0T5kcRZmGxtIJVy44,48.8607303&2.4650432,2024-01-29T18:00:00.000Z,90,16.5,public,false,Détente,3,GIWZAPZ6EqXL1PHYLo3wpSZAOqd2,10,10,2,0,0,0,0
zO1WzWzW8xfa0XkyGEAb,Top Ten,played,captain,ChIJfXprBx4b5kcRmhe-5pLZUek,48.8729106&2.6840919,2024-01-24T19:00:00.000Z,90,15,public,false,Détente,3,VGsBGTIKqNXZ0uwLPIyZ8o8y8wV2,10,10,2,0,0,0,1
zPCTQETFEjOzqGuXwxgj,UrbanSoccer Meudon,played,captain,ChIJ0WKvjbh75kcRoqSmyWwW2jQ,48.80013599999999&2.2140811,2024-02-05T17:30:00.000Z,60,,public,true,Détente,3,tE18t4xrOUZZb0G4vFLqHX2Lmwp2,12,12,3,0,0,0,1
zRMpYwOXeq5sudAFccqI,Massilia Foot Indoor 2,played,captain,ChIJxZ6UmMW-yRIRfYNGGPPJfIU,43.3266563&5.3836488,2024-01-21T09:00:00.000Z,60,9,public,false,Détente,3,9JItkFokU7N8jvLxYRyhwTOUY7t1,10,10,4,0,0,0,0
zSCgqx6SWN4fG868mlsK,LE FIVE Bezons,published,pro,,48.91909&2.2093051,2024-02-16T11:00:00.000Z,90,10,public,false,,,U3MriTZbPbTUEsU6RtRuHxDMKvg2,0,10,0,0,0,0,0
zSHN1U2QGmJ88IZy6hIJ,Monclub Futbol,published,pro,,43.4299152&5.4001974,2024-02-18T17:00:00.000Z,90,12,public,false,,,CSTy9rmJRQSyWlqWuGiUhGpAGqf2,0,10,0,0,0,0,0
zSUlHPfwMWFkh7ChXPMY,Stadium Thiais,published,pro,,48.7511024&2.3713455,2024-01-25T14:00:00.000Z,90,8,public,false,,,psf3NmXEPwdCltHKJC7VuvJocrF3,0,10,0,0,0,0,0
zSt6CwcRev1JIkiNjrQu,LE FIVE Montreuil,published,pro,,48.8613036&2.4653095,2024-02-08T11:00:00.000Z,90,10.5,public,false,,,u9uC1vjdcdQ3UqNxI0SiFxor0m43,1,10,0,0,0,0,1
zTHpTf3GHnEfWQco13WT,LE FIVE Montreuil,published,pro,,48.8613036&2.4653095,2024-01-23T16:00:00.000Z,60,7,public,false,,,u9uC1vjdcdQ3UqNxI0SiFxor0m43,0,10,0,0,0,0,0
zTWTs9KGOBZ7NbnLzu8A,LE FIVE Paris 18,published,captain,ChIJpVT4_n1u5kcRzji6FdTBXXo,48.8978522&2.3700234,2024-01-31T19:30:00.000Z,60,14,public,true,Détente,3,BtL57Qk9uXVAkULvhEBfWqRS7qd2,8,10,0,0,0,0,0
zTgkuPxGkPpNPD9IKvpr,LE FIVE Montreuil,published,pro,,48.8613036&2.4653095,2024-02-12T22:00:00.000Z,60,8,public,false,,,u9uC1vjdcdQ3UqNxI0SiFxor0m43,0,10,0,0,0,0,0
zUOgRSNmJ0h0Jy9Y7LL4,Parc Sainte Barbe,canceled,captain,ChIJtw301r5w5kcRvRjidiuAyaw,48.7922897&2.2913469,2024-01-22T17:00:00.000Z,120,,public,false,Détente,4,rzC8A0bd4afb9AWrHKlCPT9461y1,9,16,0,0,0,0,0
zUoAIOUAcltpa67hMF6f,LE FIVE Montreuil,published,pro,,48.8613036&2.4653095,2024-01-24T09:00:00.000Z,90,10.5,public,false,,,u9uC1vjdcdQ3UqNxI0SiFxor0m43,0,10,0,0,0,0,0
zVwrSV0gch6cgkCQRCn6,LE FIVE Montreuil,published,pro,,48.8613036&2.4653095,2024-02-19T16:00:00.000Z,90,11,public,false,,,u9uC1vjdcdQ3UqNxI0SiFxor0m43,0,10,0,0,0,0,0
zWOcwpOmsCJlOEaBLSHR,Top Ten,canceled,captain,ChIJfXprBx4b5kcRmhe-5pLZUek,48.8729106&2.6840919,2024-02-11T14:00:00.000Z,90,12,public,false,Détente,2,MvYpm0j1V7hisZKjPYAY0LFLmER2,1,12,0,0,0,0,0
zWhXBuDvKpBJmUxliLGI,OHSPORT,published,captain,ChIJHeG9fA4X5kcRbGNzVY5Ud5I,48.9672396&2.5670436,2024-01-23T16:30:00.000Z,90,5,public,false,Compétition,3,mzrT24rJRkf68NZkecyEb5KUKdT2,9,10,0,0,0,0,0
zXDN6oiGxgujJHE4cIfK,LE FIVE Créteil,played,captain,ChIJ88lx3VwL5kcRVxCh4lD6_Gk,48.7643086&2.4706522,2024-01-25T19:00:00.000Z,60,10,public,false,Détente,3,mAW2iXnFuaXa4Aicz5BbWxO8WRM2,10,10,0,0,0,0,1
zXcvpZeUnALKgSaa2xk5,LE FIVE Bezons,played,captain,ChIJ71Mv0Wpk5kcRg-H9x7L-dXo,48.9190524&2.211796,2024-02-10T17:00:00.000Z,90,13.5,public,true,Détente,3,HEcA8G5vxTXENk5BOxw5DSIYI5r2,10,10,4,0,0,0,0
zYxJpao1YOQV4Ioaofqj,TEP Reverdy,played,captain,ChIJ97IzEXZt5kcRrziQffedeSo,48.8852655&2.3762939,2024-02-05T18:00:00.000Z,120,5,public,false,Détente,4,IPmbamz2bkMhCjliEqifTUkx2ir2,12,12,3,0,0,0,2
zZ86XLGTHahfX7ZjUijP,Stadium Thiais,published,pro,,48.7511024&2.3713455,2024-02-22T14:00:00.000Z,90,8,public,false,,,psf3NmXEPwdCltHKJC7VuvJocrF3,0,10,0,0,0,0,0
zZEGEBIePKQHN2b7ykbx,UrbanSoccer - Toulouse Sept Deniers,played,captain,ChIJk5nUBdOkrhIRP-1aUJzo-lA,43.6321552&1.411696,2024-01-23T18:15:00.000Z,60,11,public,true,Détente,3,GXTqHQXaY3SsMdc2negL2XgJx7I2,10,10,0,0,0,0,0
zZYhEdGYoiub6aURQ43c,LE FIVE Créteil,published,pro,,48.7643086&2.4706522,2024-03-10T11:00:00.000Z,60,11,public,false,,,ZmXMWx7aTdPoPkkGOWa2HIQVblq2,0,10,0,0,0,0,0
zacSoTc4nnsOnXK4UnFL,Kinshasa,published,pro,,-4.3032527&15.310528,2024-02-09T15:30:00.000Z,90,11,public,false,,,zCvsukfMuuffsuPpSTQwb7MusMD2,0,10,0,0,0,0,0
zaggoiNIbujzcSzqJRWa,LE PARK Complexe Multisports,played,captain,ChIJdUHbID8O5kcRV5lQhiHTvhs,48.8337843&2.5728501,2024-02-11T19:30:00.000Z,30,15,public,false,Détente,3,ubSO3rExfRY507GfG7qz7LWy5jC3,10,10,1,0,0,0,0
zbPQq9UdscGCcqLHt80T,UrbanSoccer - Porte d'Aubervilliers,canceled,captain,ChIJ0dXjDCZs5kcRvX0EpMwxsUY,48.9074912&2.3746518,2024-01-30T18:15:00.000Z,60,13.5,public,true,Chill,2,bkfhj1BgTbR0P9Am0qQlLeNK2QG3,9,10,0,0,0,0,1
zbaAnabPbIo3odrtPzuX,Stadium Thiais,played,captain,ChIJ64X9jzx05kcRsHvSfOv6UcA,48.7511024&2.3713455,2024-02-03T10:15:00.000Z,90,8,public,false,Compétition,3,w354bbFdsUaL0D784c6BR7KSv3J3,10,10,8,0,0,1,3
zca3NX2u786QcfsGVAPE,LE FIVE Paris 18,played,captain,ChIJpVT4_n1u5kcRzji6FdTBXXo,48.8978522&2.3700234,2024-01-28T16:00:00.000Z,60,14,public,true,,,Vs86WK03L2e6HpXNNaTFwveyg7i1,10,10,4,0,0,0,0
zdZ2uTJSffisldabSNbd,Le Street Foot en Salle,played,captain,ChIJt_AXL6Jg5kcRu6rBmnrmeUM,49.0164435&2.181307,2024-02-09T19:30:00.000Z,90,14,public,false,Détente,3,jK9kjcdvGzSrFdlOP5ch13L2zf02,10,10,3,0,0,0,1
zdZJAlNOlHLnaQWo2puK,Game 13 foot indoor,played,captain,ChIJNSDvlsXryRIRUXao9hwB79I,43.41258939999999&5.366617,2024-02-01T18:00:00.000Z,60,10,public,false,Détente,2,tNI5PAPgX0MDq6T4GlwP3d2ndaO2,10,10,3,0,0,0,0
zeHz50OiUszq6WSqxEZu,LE FIVE Paris 18,canceled,captain,ChIJpVT4_n1u5kcRzji6FdTBXXo,48.8978522&2.3700234,2024-02-01T18:30:00.000Z,60,14,public,true,Détente,,Se58Ic7xbaN0SikjS5Mh0nUWTBf1,9,10,0,0,0,0,0
zeja0gkbDzva60VsEBNW,Stadium Thiais,published,pro,,48.7511024&2.3713455,2024-03-05T16:30:00.000Z,90,10,public,false,,,psf3NmXEPwdCltHKJC7VuvJocrF3,0,10,0,0,0,0,0
zfTmQW8mXLAOhbj0fhIL,Monclub Futbol,published,pro,ChIJGbxxaamUyRIRgGvhHnhJStA,43.4299152&5.4001974,2024-01-20T15:00:00.000Z,90,12,public,false,,,CSTy9rmJRQSyWlqWuGiUhGpAGqf2,0,10,0,0,0,0,0
zgc46STC8XnknLusRvWF,Speed Soccer Five,played,captain,ChIJ2xTNglV25kcR3UDi4AXGfDU,48.7360598&2.315058,2024-01-28T09:30:00.000Z,90,14,public,false,Détente,3,Z5sxx936iZX9hchZEihemmPqYW12,10,10,2,0,0,0,0
zgdoeJRq4rCHmrlqQ36Z,Plaine des Jeux de Gerland,published,captain,ChIJBYG18IPp9EcRUNpTJFdu8f0,45.7213257&4.8272967,2024-02-07T17:30:00.000Z,90,,public,false,Compétition,3,5USGl81JMWeo3fNqNyx50I6L4992,7,16,0,0,0,0,0
zglP33c7VCxpvsHYOHEK,LE FIVE Montreuil,canceled,captain,ChIJJdTQjr0T5kcRZmGxtIJVy44,48.8607303&2.4650432,2024-01-24T19:00:00.000Z,60,10,public,false,Détente,2,USaCK7pN0XTY5Okc5UHef9ssP702,6,10,0,0,0,0,0
zhNzz4EJ1mgImCU8CZYp,UrbanSoccer La Défense,canceled,captain,ChIJh4rnfVhk5kcRV2Q-ZKdm8vA,48.8996456&2.2216773,2024-01-27T17:45:00.000Z,60,,public,true,Compétition,4,aNv8R1C1MXaYMUrUaAhusvoQ1Uq2,10,10,0,0,0,0,2
zhgzD2BSyftaRsNdLzX7,LE FIVE Bordeaux,canceled,captain,ChIJteaBh_koVQ0RqH2VtN-qL5I,44.8798631&-0.5594838999999999,2024-01-31T20:30:00.000Z,60,16,public,false,Détente,2,MR8BxOfeHDY1qWdFvElomq83XJi2,7,10,0,0,0,0,0
zi1kf6IPcHZmZ95TOUqi,UrbanSoccer - Lyon Barolles,canceled,captain,ChIJN4l-IC3v9EcRf9QJKIVC_aY,45.6837539&4.7725939,2024-01-31T17:30:00.000Z,60,9.5,public,true,Détente,3,ApkF6TnH1WVMKvZT3WBIsSz4ZeW2,9,10,0,0,0,0,0
ziDWHLdXx5H5nZpaWHRX,LE FIVE Bezons,canceled,captain,ChIJ71Mv0Wpk5kcRg-H9x7L-dXo,48.9190524&2.211796,2024-02-11T15:15:00.000Z,90,15,public,true,Détente,3,9eaVRr81GOZkRse9wwXTdedH7ex2,6,10,0,0,0,0,1
ziq8O2aYa8BpvV7Kspcf,Top Ten,published,pro,,48.8729106&2.6840919,2024-01-31T11:00:00.000Z,90,5,public,false,,,i27253AGxOfXgYJK72sBnvUGuMk2,4,10,0,0,0,0,0
zkpHPDMmTyBrwmNMVPSq,Stade Lilian Thuram,published,captain,ChIJy0-vXf9l5kcRH4WAmpihUQE,48.933705&2.2828141,2024-02-11T07:00:00.000Z,150,,public,false,Détente,3,bvwFuUpB8ORr9UZhI1UFOuxbqtc2,17,18,0,0,0,0,4
zkqSA2CR38xauF8f0Es1,Stade Suzanne Lenglen,played,captain,ChIJvTSVwnVw5kcR9CmKGXIcwtA,48.83101689999999&2.272363,2024-02-01T11:10:00.000Z,90,,public,false,Détente,3,Q1D4wQxCwQXnRgdIemz47OapBqe2,16,16,1,0,1,0,0
zl9GtTZ4FjpJzbuNBrrL,Z5 Aix,canceled,captain,ChIJKb-U_9KSyRIRKIFKbH5mW18,43.4787869&5.3969048,2024-01-31T20:00:00.000Z,60,11,public,false,Compétition,,kWD69MQl2aOE7WmgBCzFjAbInPi1,9,10,0,0,0,0,0
zmMUwKqXKfGtAmY2aVt9,Stadium Thiais,canceled,captain,ChIJ64X9jzx05kcRsHvSfOv6UcA,48.7511024&2.3713455,2024-01-28T10:30:00.000Z,90,15,public,false,Détente,,T0gYd02mAcQ3nFRaDLdSQvaj8WW2,7,12,0,0,0,0,0
zmRkCFfWvFVe4ciWOKYr,Monclub Futbol,published,pro,ChIJGbxxaamUyRIRgGvhHnhJStA,43.4299152&5.4001974,2024-02-13T19:00:00.000Z,60,10,public,false,,,CSTy9rmJRQSyWlqWuGiUhGpAGqf2,5,10,0,0,0,0,3
zmpaGX3dNpkgIpO37pJj,UrbanSoccer La Défense,draft,captain,ChIJh4rnfVhk5kcRV2Q-ZKdm8vA,48.8996456&2.2216773,2024-02-09T18:00:00.000Z,60,14.5,public,true,Détente,3,RwVkoIVEkXNSHlG4DHDbfN5VBZg1,0,10,0,0,0,0,0
znNkoFjJMGbs94U7a4FT,LE FIVE Paris 18,canceled,captain,ChIJpVT4_n1u5kcRzji6FdTBXXo,48.8978522&2.3700234,2024-02-03T13:00:00.000Z,60,13,public,true,,3,zZPaks2J10QWgrCC7SwlmQTX0TD2,9,10,0,0,0,0,0
znVDWs6bM9AEGKsclii4,City Stade - Ivry,canceled,captain,ChIJkcqlrnhz5kcRYDm_fAMKBxo,48.8172947&2.3926639,2024-01-28T08:20:00.000Z,150,,public,false,Détente,,FYfgfT1shkXXyaMI4sZTA7d9Qdw2,9,10,0,0,0,0,0
znxTTQLSopngQA6xsOya,LE FIVE Bezons,played,pro,,48.91909&2.2093051,2024-01-25T21:00:00.000Z,90,14,public,false,,,U3MriTZbPbTUEsU6RtRuHxDMKvg2,10,10,8,0,0,0,2
zoWTwLlBs1lzri4BmhNY,STADIUM FOOT 5 VILLAGE,published,captain,ChIJbbOWFtC4yRIR0WXVerbWmnE,43.269413&5.4260321,2024-02-13T18:00:00.000Z,90,15,public,false,Détente,3,MKjoGJESIIfNKw5sH93VODBuvLv2,10,10,0,0,0,0,0
zobeHWECW9yDskFCSeII,Stade Lilian Thuram,played,captain,ChIJy0-vXf9l5kcRH4WAmpihUQE,48.933705&2.2828141,2024-01-28T07:00:00.000Z,150,,public,false,Détente,3,bvwFuUpB8ORr9UZhI1UFOuxbqtc2,18,18,17,0,0,1,1
zqPTM892yYpTjw5J2gDn,LE 5 DE LEGENDE,played,captain,ChIJU_aXKN_A9EcRHCY74rI9i4Y,45.7617542&4.9413708,2024-01-25T18:00:00.000Z,90,10,public,false,Détente,2,eyg4jzU72eTwyaBcf2Juh4co7bq2,10,10,2,0,0,0,0
zrZxD7WLvNd2XLaxv8Fg,Stadium Thiais,played,pro,,48.7511024&2.3713455,2024-02-09T14:00:00.000Z,90,8,public,false,,,psf3NmXEPwdCltHKJC7VuvJocrF3,10,10,7,0,0,1,2
zrpx5OmRLB7SEYkoNrDp,LE FIVE Bezons,played,captain,ChIJ71Mv0Wpk5kcRg-H9x7L-dXo,48.9190524&2.211796,2024-02-04T11:30:00.000Z,60,10,public,true,Détente,3,vCxS2f3sIudIjl2jeEiMi9Qk1Zh2,10,10,3,0,0,0,0
zsQH5DsJcHFhXOj79Kx4,LE FIVE Montreuil,published,pro,,48.8613036&2.4653095,2024-03-07T22:00:00.000Z,60,8,public,false,,,u9uC1vjdcdQ3UqNxI0SiFxor0m43,0,10,0,0,0,0,0
ztPtTMVexx9wrDYv5LNS,LE FIVE Marville - La Courneuve,canceled,captain,ChIJ2dHdMZxr5kcR0aKYHYsp0pY,48.9364404&2.3869147,2024-02-08T21:00:00.000Z,60,10,public,false,Détente,2,lZc2z0SnhGP2Qu5xgd70oO8TJXo2,1,10,0,0,0,0,1
ztlNg1CI2THuT4C691pm,LE FIVE Paris 13,canceled,captain,ChIJ_bOSChhz5kcRZMTeq_6Gdzg,48.8181615&2.3658793,2024-01-28T09:00:00.000Z,60,14,public,true,Compétition,,r5isbrwYwsZGMzDE05K3XiXUlCg1,8,10,0,0,0,0,0
zuII4i2b5iAOJ9pgsJzd,UrbanSoccer - Quai d'Ivry,played,captain,ChIJfXxYJ0xy5kcRw9xTkF6-FZQ,48.8199885&2.3936463,2024-01-29T20:00:00.000Z,90,21,public,true,Compétition,5,3HjnneDnEieQVwHyjidxLTJyAMu2,10,10,2,0,0,0,0
zuKLShlgPhVG6mCiliM7,LE FIVE Bezons,published,pro,,48.91909&2.2093051,2024-02-15T21:00:00.000Z,90,14,public,false,,,U3MriTZbPbTUEsU6RtRuHxDMKvg2,0,10,0,0,0,0,1
zv5J4wWL99QRZCEUN10p,Play Soccer,played,captain,ChIJQ-UxZn-5rhIRKWoQydM5T9s,43.5512023&1.4098927,2024-02-08T19:00:00.000Z,60,10,public,false,,3,8LtkeOuZHeePxfkXdNPmQSr7V9L2,10,10,4,0,0,0,1
zwGF7Aw8hYR9a5mgUklK,LE FIVE Montreuil,published,pro,,48.8613036&2.4653095,2024-02-13T09:00:00.000Z,60,7,public,false,,,u9uC1vjdcdQ3UqNxI0SiFxor0m43,0,10,0,0,0,0,0
zwKo7h0U3EN179fCZTe9,LE FIVE Champigny,published,pro,,48.8194084&2.5251846,2024-02-17T18:00:00.000Z,60,11,public,false,,,evlV9mUgATYQ5343zpYZvk4w0r03,0,10,0,0,0,0,0
zxLcCS4paOWvEHs9N5Je,Cité des Sports,published,captain,ChIJ70UPf6R75kcRGb3NAV9k7Ww,48.8247744&2.2650728,2024-02-14T11:15:00.000Z,60,,public,false,Détente,3,UhA5K0uIX2bvgsHTVtkKXBbL5Jf1,16,16,0,0,0,0,1
zy18rnOb46k6DIRmVWy3,Cité des Sports,canceled,captain,ChIJ70UPf6R75kcRGb3NAV9k7Ww,48.8247744&2.2650728,2024-02-04T10:30:00.000Z,60,13,public,false,Détente,3,1Bz3p0ciXyRWXB2Di80CLRrog5b2,6,10,0,0,0,0,0
zyub1KUJGPMlbTOoflyn,UrbanSoccer - Lille Lezennes,canceled,captain,ChIJR3ro5nTWwkcRfM_S3Be9HjI,50.6169533&3.0995426,2024-01-22T17:00:00.000Z,60,7,public,true,Détente,,KoMMspPpOrQB6lklhBjC6eSYPZp2,1,10,0,0,0,0,0
zyw8iEEqirZzD4Tq3LvS,LE FIVE Morangis,canceled,captain,ChIJA4uAhOXZ5UcRp-vZXZP-ovY,48.692672&2.3192811,2024-01-23T17:00:00.000Z,60,10,public,false,Détente,2,PS9n8jmLhPX5jPksGclXkWO0Tff2,9,10,0,0,0,0,0
zyx0VA3N4sRjOeek3NcN,Top Ten,played,pro,,48.8729106&2.6840919,2024-02-12T16:00:00.000Z,90,5,public,false,,,i27253AGxOfXgYJK72sBnvUGuMk2,10,10,6,0,0,0,9
zzYFE5RvM6WEGaWcWWyv,Testing Purposes,published,pro,,67.461524&-152.801377,2024-02-29T19:15:00.000Z,60,12,public,false,,,f2LrY7SAV3U1V9tUVAZfiMxA3uu1,0,10,0,0,0,0,0
zzoEmUU8w9lK2Wp2UZtl,UrbanSoccer - Asnières,played,captain,ChIJi5LkLT9v5kcRSlhScqEFNWs,48.92192379999999&2.3068311,2024-01-27T18:15:00.000Z,90,10,public,true,Détente,3,HAZCGcJPRiR8NwwAKxJ3dP8opDb2,10,10,3,0,0,0,2
zzqQWWnrPVkjart7ZWmR,LE FIVE Montreuil,canceled,pro,,48.8613036&2.4653095,2024-01-20T13:00:00.000Z,90,15,public,false,,,u9uC1vjdcdQ3UqNxI0SiFxor0m43,2,10,0,0,0,0,0
zzzQytNwA7l2R99d1sMK,UrbanSoccer - Porte d'Aubervilliers,played,captain,ChIJ0dXjDCZs5kcRvX0EpMwxsUY,48.9074912&2.3746518,2024-02-12T19:30:00.000Z,60,14.5,public,true,Détente,3,4Tc3ekjSLVhB0GHhDoDpiY712m42,10,10,1,0,0,0,0
