DOC_ID,CENTRE,STATUS,TYPE,PLACE_ID,LOCATION,DATE,DURATION,PRICE,VISIBILITY,GOLD_EXCLUSIVE,MOOD,LEVEL,ORGANIZER,ATTENDEES,MAX_PLAYERS,GOOD_PLAYERS,LATE_PLAYERS,NO_SHOW_PLAYERS,RUDE_PLAYERS,INTERESTED
02ONDHsCzZCSenzyjUdl,Game 13 foot indoor,played,captain,ChIJNSDvlsXryRIRUXao9hwB79I,43.41258939999999&5.366617,2024-03-01T18:30:00.000Z,60,10,public,false,Détente,3,KToYmCQ2guXoIRW7kIoZeOMjzPd2,10,10,3,0,1,0,0
02P4Ad46JMOKQr3nHXVI,LE FIVE Montreuil,published,pro,ChIJJdTQjr0T5kcRZmGxtIJVy44,48.8613036&2.4653095,2024-02-27T09:00:00.000Z,60,7,public,false,,,u9uC1vjdcdQ3UqNxI0SiFxor0m43,0,10,0,0,0,0,0
03U0BusYBA2ehxFNqCat,LE FIVE Créteil,published,pro,ChIJ88lx3VwL5kcRVxCh4lD6_Gk,48.7643086&2.4706522,2024-03-04T16:00:00.000Z,60,7,public,false,,,ZmXMWx7aTdPoPkkGOWa2HIQVblq2,0,10,0,0,0,0,0
054LzgxfFoyCi9uysTMF,UrbanSoccer - Toulouse Sept Deniers,canceled,captain,ChIJk5nUBdOkrhIRP-1aUJzo-lA,43.6321552&1.411696,2024-02-27T19:15:00.000Z,60,11,public,true,Détente,2,XyuJ4eIkcaNqAXtc3Y3ANuwT2753,10,10,0,0,0,0,0
05aIcVcjhLmmedzGEbvt,UrbanSoccer Meudon,played,captain,ChIJ0WKvjbh75kcRoqSmyWwW2jQ,48.80013599999999&2.2140811,2024-03-07T21:00:00.000Z,60,11,public,true,Détente,3,DzXoAwFO67eqgYhEBTmS2Va4enn1,10,10,0,0,0,0,0
08Np2EEXEHjhMhmzBTVI,LE FIVE Villette,played,captain,ChIJTUFnQjps5kcR0pHITLTw1PI,48.9070122&2.3861459,2024-02-20T21:00:00.000Z,60,12,public,false,Détente,3,jksmqX3GNoNUbwisiQn5lc58sUE2,10,10,3,0,0,0,4
08W0LADJ4wauu89kNGI4,Stade Des Courtilles,canceled,captain,ChIJ83HS9ldv5kcR-plMKkHPNTA,48.929137&2.2834726,2024-02-20T17:30:00.000Z,120,,public,false,,4,OUDonTRM5JTwDDmUMOikuN6wCKz1,7,14,0,0,0,0,0
094U8qF1YeG0JgK0IvRf,UrbanSoccer La Défense,canceled,captain,ChIJh4rnfVhk5kcRV2Q-ZKdm8vA,48.8996456&2.2216773,2024-02-20T17:30:00.000Z,90,22.5,public,true,Détente,2,SLO1tgT1KXPgnCIgq3IVJlkgpZu1,9,10,0,0,0,0,0
09ALDJSxcbHbF4k5EW4K,LE FIVE Montreuil,published,pro,ChIJJdTQjr0T5kcRZmGxtIJVy44,48.8613036&2.4653095,2024-02-23T16:30:00.000Z,90,11.5,public,false,,,u9uC1vjdcdQ3UqNxI0SiFxor0m43,0,10,0,0,0,0,0
0ABB07nbLDsRXWQzuFcp,LE FIVE Marville - La Courneuve,published,pro,,48.9361223&2.3872592,2024-03-01T16:00:00.000Z,60,7,public,false,,,1GfAHFfqO6dOj37bPrTRuDS5gnk1,0,10,0,0,0,0,0
0D3OpfQxhXyxYUJXdCyr,Footbox,published,pro,ChIJY-WkusIR5kcR-tEad3UtaSQ,48.9022789&2.582647,2024-03-02T19:00:00.000Z,60,10,public,false,,,QI89VPazyLhBVnWH871jk4BUEZI3,0,10,0,0,0,0,0
0DG5IHKOlB134FZlGo3g,Complexe Sportif de la Plaine Delaune,played,captain,ChIJLxGtAxBr5kcRLQmkAUjfWKY,48.9606187&2.3835395,2024-03-04T19:00:00.000Z,60,,public,false,Compétition,4,wbm507mCG1d5eRTeTu5PvINASEO2,14,14,3,0,0,0,2
0E77UyEl2vedpZcqG9Uq,Gymnase Japy,canceled,captain,ChIJjSwEGPZt5kcRwOzDxHPp9SQ,48.855835&2.3820976,2024-02-21T11:00:00.000Z,60,15,public,false,Détente,2,fWGP3ztjvyRqOzVkuH4ktcQZ03s2,4,12,0,0,0,0,0
0FoLn4Q2lFEHF7uHfjpY,UrbanSoccer - Puteaux,canceled,captain,ChIJM_sC0-Nk5kcRhL1y_EFIje8,48.8836397&2.2312283,2024-03-07T11:00:00.000Z,60,11.5,public,true,Détente,3,jV7IvYbIjPQ4xm56MmYUh7G1G3E3,9,10,0,0,0,0,0
0H9hUD1hLOIknb0wp5Yb,UrbanSoccer - Lyon Parilly,canceled,captain,ChIJx3FQWjLC9EcRrrQb2eV7i_4,45.7120399&4.9039284,2024-03-06T17:30:00.000Z,60,10.5,public,true,Détente,,xbpm22AaGYSjpLAqRvDkPryrvIG3,9,10,0,0,0,0,0
0I3i3XASNRCxubYOoaXE,GOPARK INTERIEUR - Paintball et trampolines parc,played,captain,ChIJ2cJmdhf15kcRQ4mUOxIVzd0,49.045624&2.0799886,2024-03-02T13:00:00.000Z,120,10,public,false,Détente,2,lnHz9jTuArhJVNtMHfp8fEOx8Hw2,10,10,2,0,0,0,2
0Iw4TmfrCmDNn5ZZ7xf0,Stadium Thiais,played,captain,ChIJ64X9jzx05kcRsHvSfOv6UcA,48.7511137&2.3715422,2024-02-20T16:00:00.000Z,120,10,public,false,Détente,3,Dohg1zNvhsbmGrYuAmExKFyjruw2,10,10,1,0,0,0,0
0K3WosezFvhO0SvIMAsV,FOOT INDOOR Marseille,played,captain,ChIJ41AMCxC8yRIRLHLGt11sc-U,43.2859688&5.4882746,2024-02-27T21:00:00.000Z,60,10,public,false,Détente,3,wOzjc7m7V2dOtsxwwsK4L4a82uv2,10,10,2,0,0,0,0
0MNRT61uN1LvfFNzDuNj,F5 Foot Five,played,captain,ChIJjUbM5G7A9EcRW3mlkrhyXxY,45.7857911&4.905926399999999,2024-03-07T20:00:00.000Z,60,10,public,false,Détente,3,XILh80rxOWU9Wthgc3wM6Y8CL8D3,10,10,0,0,0,0,0
0MpDkR7tCZ3KZIXIfkKf,UrbanSoccer - Quai d'Ivry,published,captain,ChIJfXxYJ0xy5kcRw9xTkF6-FZQ,48.8199885&2.3936463,2024-02-22T21:30:00.000Z,90,12,private,true,Competition,3,aaVBCgFxeONfNb58OYibE4JHVNi2,5,10,0,0,0,0,0
0NhL4BeAsKI4P63x3wvJ,UrbanSoccer La Défense,played,captain,ChIJh4rnfVhk5kcRV2Q-ZKdm8vA,48.8996456&2.2216773,2024-03-04T19:00:00.000Z,60,,public,true,Compétition,,iSjunp0dG3c3WuBgtf3KMtyh28F3,10,10,4,0,0,0,5
0NtBtlwyiAby16XZhDHW,Foot-Max Argenteuil,played,captain,ChIJi9oIzaRm5kcRJYcK7QsdRMU,48.9501569&2.2093741,2024-02-29T21:30:00.000Z,60,8,public,false,Détente,,NjmfqXZgTBaqqkagmTqQccV1h7v1,10,10,2,0,0,0,3
0OKdAtT05Dsg7yuf8v5I,LE FIVE Bobigny,played,captain,ChIJV8UONORs5kcRXxR5Qd7x130,48.901553&2.4313304,2024-03-03T15:00:00.000Z,120,20,public,false,Détente,3,pONshbFBMrNIRGUkU4eRHOJjrHL2,10,10,2,0,0,0,0
0PTUQWFPMALpSCG2EjNx,Stadium Thiais,played,pro,,48.7511024&2.3713455,2024-02-29T21:00:00.000Z,90,14,public,false,,,psf3NmXEPwdCltHKJC7VuvJocrF3,10,10,6,0,0,1,0
0PqNmhh5wpiWPZwFbrPo,Speed Soccer Five,published,pro,ChIJ2xTNglV25kcR3UDi4AXGfDU,48.7360598&2.315058,2024-02-20T17:30:00.000Z,90,12,public,false,,,MkTJljXziPXBdRdijccndMLBNCC3,0,10,0,0,0,0,0
0QeiBUMrHZqM2opSgqF6,LE FIVE Montreuil,published,pro,ChIJJdTQjr0T5kcRZmGxtIJVy44,48.8613036&2.4653095,2024-03-07T16:00:00.000Z,90,11,public,false,,,u9uC1vjdcdQ3UqNxI0SiFxor0m43,0,10,0,0,0,0,0
0QrB3juYBpZ8t4Xe8ffo,UrbanSoccer - Puteaux,played,captain,ChIJM_sC0-Nk5kcRhL1y_EFIje8,48.8836397&2.2312283,2024-02-21T19:00:00.000Z,60,15,public,true,Détente,3,MSsRoBP7UWT47YfX6aRHaDxlvY02,10,10,3,0,0,0,2
0SDAneTUg0gddEYyQLcz,Grésillons - Félix Eboué,canceled,captain,ChIJr8e0ehVv5kcROCx3JH8c-i8,48.9169653&2.3068115,2024-02-25T09:30:00.000Z,120,,public,false,Détente,5,Vfq9bIbpHcRDP232q9RRDrbKWyQ2,14,14,0,0,0,0,0
0U2BMx7gKJMMDIUFJxEK,UrbanSoccer - Marne-La-Vallée,played,captain,ChIJ6bDBiosP5kcROXiloHzSdhc,48.82658600000001&2.6296937,2024-02-27T20:00:00.000Z,90,16.5,public,true,Détente,3,yUgPKVkeovYjq5mQC88iLcieUdw1,10,10,0,0,0,0,1
0VrfeNF29PSR09QPBXQ5,Play Soccer,canceled,captain,ChIJQ-UxZn-5rhIRKWoQydM5T9s,43.5512023&1.4098927,2024-03-05T16:30:00.000Z,60,9,public,false,Détente,,DWh92QLnudQobaf8k1DTr22NOzT2,9,10,0,0,0,0,1
0YYY7yEmyAqWd7DMYqQu,Monclub Futbol,canceled,captain,ChIJGbxxaamUyRIRgGvhHnhJStA,43.4299152&5.4001974,2024-02-28T16:00:00.000Z,60,10,public,false,Détente,2,TBrHh8kaTtXgh3qQEytcHoGTfPJ2,9,10,0,0,0,0,0
0cpt3K7DkszBocrnTj7Q,L PARK - LE FIVE - 4PADEL Lens Liévin,published,captain,ChIJ291icE063UcR1gWGn8xhzpw,50.429107&2.742526,2024-03-06T20:00:00.000Z,60,11,public,false,Compétition,3,NwkQR5SYdhMWpG7iMpdWs79D0363,5,10,0,0,0,0,0
0dmJ7Kmz5FfnjCTN7qeL,LE FIVE Paris 18,canceled,captain,ChIJpVT4_n1u5kcRzji6FdTBXXo,48.8978522&2.3700234,2024-02-24T09:30:00.000Z,90,19.5,public,true,Compétition,3,5pTH9VEoV5QNqR8FOoaCVg0Mahj2,5,10,0,0,0,0,0
0erXq65bF1CwBniLinv0,Top Ten,canceled,pro,ChIJfXprBx4b5kcRmhe-5pLZUek,48.8729106&2.6840919,2024-02-24T15:30:00.000Z,90,15,public,false,,,i27253AGxOfXgYJK72sBnvUGuMk2,0,10,0,0,0,0,0
0exCBz875qG5cEqNbapz,UrbanSoccer - Porte d'Aubervilliers,canceled,captain,ChIJ0dXjDCZs5kcRvX0EpMwxsUY,48.9074912&2.3746518,2024-03-03T17:00:00.000Z,60,12.5,public,true,Détente,4,UEThoxuCsXZBe8E869mL4TeppWC2,7,10,0,0,0,0,0
0gYcVO88CttQfzjBFTWp,UrbanSoccer - Quai d'Ivry,canceled,captain,ChIJfXxYJ0xy5kcRw9xTkF6-FZQ,48.8199885&2.3936463,2024-02-26T19:15:00.000Z,90,22,public,true,Compétition,4,pLHHDzrFmiMmPhwJFYxX5r5DbSf2,10,10,0,0,0,0,0
0hbaxriWttPEY5PdEMdq,LE FIVE Marville - La Courneuve,played,captain,ChIJ2dHdMZxr5kcR0aKYHYsp0pY,48.9364404&2.3869147,2024-02-24T11:00:00.000Z,60,,public,false,Détente,,UQIzgg1tU5hqAmZUUBYY03eXnSA2,10,10,5,0,0,0,2
0i3JHsa0apjQXcq5h399,Stadium Thiais,played,captain,ChIJ64X9jzx05kcRsHvSfOv6UcA,48.7511137&2.3715422,2024-03-06T18:30:00.000Z,90,15,public,false,Détente,1,HxDNucEFQlPaVKgA2LY1qWUpCP53,10,10,0,0,0,0,0
0iPrbFxPpTTn0dBHbk8q,LE FIVE Morangis,played,captain,ChIJA4uAhOXZ5UcRp-vZXZP-ovY,48.692672&2.3192811,2024-02-26T19:00:00.000Z,90,14,public,false,Détente,3,lBFghTuY8xaZaCC6cZb6QQm3T0A3,10,10,1,0,0,0,0
0j5ZuaecYnGEVWhfi8eG,Plaine des Jeux de Gerland,published,captain,ChIJBYG18IPp9EcRUNpTJFdu8f0,45.7213257&4.8272967,2024-02-29T17:45:00.000Z,120,,public,false,Compétition,2,LxPSuGjhV3PRpF9vyIhcfl5h3Lv1,2,16,0,0,0,0,0
0j9qCEzkOTrvWAsXmI5o,UrbanSoccer - Marne-La-Vallée,canceled,captain,ChIJ6bDBiosP5kcROXiloHzSdhc,48.82658600000001&2.6296937,2024-02-29T19:00:00.000Z,60,10,public,true,Détente,3,9Xzw6ucZASXPXxB3wszHTJMT7jc2,9,10,0,0,0,0,0
0lLSKH8tIkBMeWZYlYb3,UrbanSoccer - Marne-La-Vallée,played,captain,ChIJ6bDBiosP5kcROXiloHzSdhc,48.82658600000001&2.6296937,2024-02-23T18:45:00.000Z,60,12,public,true,Compétition,5,cbL7m5i4cZRxK51VIGxNJNdyC762,10,10,3,0,0,1,1
0lPv4EJL0slha3hiBHfb,UrbanSoccer - Quai d'Ivry,played,captain,ChIJfXxYJ0xy5kcRw9xTkF6-FZQ,48.8199885&2.3936463,2024-03-07T18:15:00.000Z,60,14.5,public,true,Chill,,YvA53s8wRXMGxC6fFNlEcwrgSkn2,10,10,1,0,0,0,0
0m43ZPb95o4nJCcOSn8g,UrbanSoccer La Défense,played,captain,,48.8996456&2.2216773,2024-03-04T19:00:00.000Z,60,14,public,true,Détente,3,oHsSFRzFHOMXKuNnYEuuR6y7FAO2,10,10,1,0,0,0,3
0n2C3Q3tAuxlDKb3xUUo,UrbanSoccer - Quai d'Ivry,played,captain,ChIJfXxYJ0xy5kcRw9xTkF6-FZQ,48.8199885&2.3936463,2024-02-22T19:30:00.000Z,90,20,public,true,Détente,3,KQAFiGVoDSRLAVJ3Guiy4AK0zxx1,10,10,3,0,0,0,0
0pCADMaqlzD5s9fg3hxr,Footbox,published,pro,ChIJY-WkusIR5kcR-tEad3UtaSQ,48.9022789&2.582647,2024-02-23T15:00:00.000Z,60,7,public,false,,,QI89VPazyLhBVnWH871jk4BUEZI3,0,10,0,0,0,0,1
0plupfeRAchvImuWJgwj,Top Ten,played,captain,ChIJfXprBx4b5kcRmhe-5pLZUek,48.8729106&2.6840919,2024-02-20T18:30:00.000Z,90,15,public,false,Détente,,Bo4seHK6ubTPXJNvOxlyb4HDg9i2,10,10,3,0,0,0,0
0s7oPXQiZvth95WDFojO,Play Soccer,played,captain,ChIJQ-UxZn-5rhIRKWoQydM5T9s,43.5512023&1.4098927,2024-02-23T18:00:00.000Z,60,10,public,false,,,pL0skPQs4CYYVXb682MCC9jXu8K2,10,10,5,0,0,0,0
0sxP0FfSj1ZpKEqBQxkP,FIVE ARENA MEAUX ,published,pro,,48.9539465&2.9154573,2024-03-01T19:30:00.000Z,90,10,public,false,,,4K6djqUyJdTgGF3Q7nh7CXQHqVh1,0,10,0,0,0,0,0
0vpq5tt4o2PJBLjKqaA6,UrbanSoccer - Lyon Barolles,played,captain,ChIJN4l-IC3v9EcRf9QJKIVC_aY,45.6837539&4.7725939,2024-02-21T20:00:00.000Z,60,13,public,true,Détente,3,UuqNMSTLCUc3p7mBJL89Mlgoimr2,10,10,0,0,0,0,0
0ykVeuPGcIJv8DqMgLSm,Play Soccer,canceled,captain,ChIJQ-UxZn-5rhIRKWoQydM5T9s,43.5512023&1.4098927,2024-02-25T16:00:00.000Z,60,8,public,false,Détente,3,jlLqo165wZhKZ9qtha8vUdgN4pp1,10,10,0,0,0,0,0
0ys2Dx2nHCgHLoxuKVUU,LE PARK Complexe Multisports,played,captain,ChIJMU8gErUJ5kcRSnpvacKwFtM,48.71189589999999&2.5771181,2024-02-26T20:30:00.000Z,90,15,public,false,Détente,3,Gx04ZxR4hlda7mFV4XiWZKffbmJ2,10,10,2,0,0,0,3
0z2Xsad6DDewimjdHanF,LE FIVE Paris 18,played,captain,ChIJpVT4_n1u5kcRzji6FdTBXXo,48.8978522&2.3700234,2024-02-21T17:30:00.000Z,60,14,public,true,Détente,2,VAli3qdUJ7TRSpavUqZPsu6fPxs2,10,10,1,0,0,0,1
0zOI0w5fiGpbIOS3HEXy,Stade Charles Rigoulot,published,captain,ChIJwavA01xw5kcRMJPZSc31-nI,48.8266746&2.3003469,2024-03-07T11:30:00.000Z,60,,public,false,Détente,2,WqXAfub8bMfVQFaOhpJToQiHxJg1,13,14,0,0,0,0,1
0zfWqK7SwNyWVEUJDJE3,UrbanSoccer - Quai d'Ivry,published,captain,ChIJfXxYJ0xy5kcRw9xTkF6-FZQ,48.8199885&2.3936463,2024-03-06T16:15:00.000Z,60,12,public,true,Détente,3,EvoYKsm679OmOqHezQcUqP8G7sf1,9,10,0,0,0,0,0
0zj6ShKSVwBTZLBeRXz6,Footbox,canceled,pro,ChIJY-WkusIR5kcR-tEad3UtaSQ,48.9022789&2.582647,2024-03-01T15:00:00.000Z,60,7,public,false,,,QI89VPazyLhBVnWH871jk4BUEZI3,0,10,0,0,0,0,0
11DEDQrfifYl78qHgf80,Footbox,canceled,pro,ChIJY-WkusIR5kcR-tEad3UtaSQ,48.9022789&2.582647,2024-02-27T18:00:00.000Z,60,10,public,false,,,QI89VPazyLhBVnWH871jk4BUEZI3,0,10,0,0,0,0,0
14KxzskCNH0VOU9v6gdn,UrbanSoccer - Lille Bondues,played,captain,ChIJ58ZerMgrw0cR2Jyp7tZjBn4,50.6913774&3.0860264,2024-03-01T21:20:00.000Z,90,5,public,true,Détente,3,p059i8qfxARidCRiafJwefCFvjg1,10,10,1,0,1,0,0
14iGs3EEvphce9jD7nFk,LE FIVE VITROLLES,canceled,captain,ChIJi4A-IrHoyRIRunoYLEGNeYI,43.4338497&5.240971399999999,2024-03-03T15:00:00.000Z,60,10,public,false,Détente,,F5Qdj6cZKGUa9oOMqyhbttpDNx72,3,10,0,0,0,0,0
16iLO5xneeGLOmtgEYno,LE FIVE Bobigny,played,captain,ChIJV8UONORs5kcRXxR5Qd7x130,48.901553&2.4313304,2024-02-22T16:30:00.000Z,90,,public,false,Détente,2,19SL20qrrBTvWtasC9JtgkqkqU42,10,10,4,0,0,0,2
17aiO4XCttkIRUIYreZy,Le Street Foot en Salle,published,pro,ChIJt_AXL6Jg5kcRu6rBmnrmeUM,49.0164435&2.181307,2024-02-26T14:00:00.000Z,120,10,public,false,,,bsRK7e37BkUbETMq0Tg3lbm8Fao2,1,10,0,0,0,0,1
17ztPxOWLRzezjBnJEaR,UrbanSoccer - Lille Lezennes,canceled,captain,ChIJR3ro5nTWwkcRfM_S3Be9HjI,50.6162725&3.0998108,2024-02-22T17:30:00.000Z,60,11,public,true,Détente,2,mAqvBiSmdROFxjyphpUL9FtbvHm1,10,10,0,0,0,0,0
19n1SBnEd9fnEk78dBlE,LE FIVE Montreuil,published,pro,ChIJJdTQjr0T5kcRZmGxtIJVy44,48.8613036&2.4653095,2024-02-27T12:00:00.000Z,60,7,public,false,,,u9uC1vjdcdQ3UqNxI0SiFxor0m43,2,10,0,0,0,0,0
1C7N1O22OS44SV2eZn1o,Stadium Thiais,played,pro,ChIJ64X9jzx05kcRsHvSfOv6UcA,48.7511024&2.3713455,2024-02-23T18:30:00.000Z,90,15,public,false,,,psf3NmXEPwdCltHKJC7VuvJocrF3,10,10,5,0,0,0,1
1J8h3JbKpU7tIY4Rd1qD,Stadium Thiais,canceled,captain,,48.7511137&2.3715422,2024-02-24T16:30:00.000Z,90,12,public,false,,3,p6bduUKVVnhhYJvtSp7znpDVX022,9,10,0,0,0,0,0
1KDSLrVZYEpRd7YJBEVN,LE FIVE Bobigny,canceled,captain,ChIJV8UONORs5kcRXxR5Qd7x130,48.901553&2.4313304,2024-02-20T20:00:00.000Z,60,10,public,false,Détente,2,CUq43EbnBrbb4MabFyW9Fsb3lzw2,10,10,0,0,0,0,0
1KLgyyZG6EuKVFK64q6I,Stade Municipal Guy Môquet,canceled,captain,ChIJR4npU45w5kcR31mOzMmoOwA,48.8087222&2.2872884,2024-02-27T00:00:00.000Z,30,,public,false,Détente,3,rzC8A0bd4afb9AWrHKlCPT9461y1,13,18,0,0,0,0,0
1L6guJU05ccNxAyaekmj,Footbox,canceled,pro,ChIJY-WkusIR5kcR-tEad3UtaSQ,48.9022789&2.582647,2024-02-27T22:00:00.000Z,60,10,public,false,,,QI89VPazyLhBVnWH871jk4BUEZI3,0,10,0,0,0,0,0
1MrhWeJcrnW7mCS2StYJ,Kinshasa - Test,published,pro,ChIJi2oG_jAxahoRjTdSH05-ixY,-4.3032527&15.310528,2024-02-28T09:00:00.000Z,60,12,public,false,,,zCvsukfMuuffsuPpSTQwb7MusMD2,0,10,0,0,0,0,0
1MxYlh7D5LPlFuZU7jvv,UrbanSoccer - Puteaux,played,captain,ChIJM_sC0-Nk5kcRhL1y_EFIje8,48.8836397&2.2312283,2024-02-20T17:00:00.000Z,60,14.5,public,true,Détente,1,K8Hq8P0aAQXTmzrpM9Vo9zkkmOl1,10,10,2,0,0,0,1
1Peza0QoLaKKoLAKkUzi,Top Ten,published,pro,ChIJfXprBx4b5kcRmhe-5pLZUek,48.8729106&2.6840919,2024-02-22T22:00:00.000Z,90,16.5,public,false,,,i27253AGxOfXgYJK72sBnvUGuMk2,0,10,0,0,0,0,0
1SMloECW0mLgsOvbYGSL,UrbanSoccer La Défense,canceled,captain,ChIJh4rnfVhk5kcRV2Q-ZKdm8vA,48.8996456&2.2216773,2024-02-25T08:15:00.000Z,120,18.75,public,true,Détente,3,AUkfTwJUXCU0jcWvBoji5msJaYy2,7,10,0,0,0,0,0
1SPsTjkJ4LjTkQnxOcUf,Stadium Thiais,hidden,pro,,48.7511024&2.3713455,2024-03-07T19:30:00.000Z,90,15,public,false,,,psf3NmXEPwdCltHKJC7VuvJocrF3,0,10,0,0,0,0,0
1TSJRphKlEp9fU55reuY,FOOT IN FIVE,played,captain,ChIJoUR0syFp5kcRUlStnwluaYY,48.9552257&2.3328346,2024-02-22T18:00:00.000Z,90,15,public,false,Détente,2,WOPzqkRngEXIhtusPBQs3ekn9Ql2,10,10,3,0,0,0,3
1WQhLAyv9YkqH3dimhmp,Créteil-Université,canceled,captain,ChIJGfwESEtz5kcRbDNcd1MW_aQ,48.7899812&2.4505074,2024-03-03T16:00:00.000Z,90,,public,false,Détente,2,ZuqTKctNzwWy5eYfYU2k2at0bQb2,10,10,0,0,0,0,0
1XHWnFaILaR90pF1fqVr,Stade Des Courtilles,canceled,captain,ChIJ83HS9ldv5kcR-plMKkHPNTA,48.929137&2.2834726,2024-02-24T17:30:00.000Z,120,,public,false,Détente,4,OUDonTRM5JTwDDmUMOikuN6wCKz1,1,10,0,0,0,0,0
1XIsj3USLamYEaJlletA,LE FIVE Paris 18,played,pro,ChIJpVT4_n1u5kcRzji6FdTBXXo,48.8978522&2.3700234,2024-03-03T21:30:00.000Z,90,12,public,false,,,UQf33jQhVZhle917nO0h7D5qclV2,10,10,7,0,0,0,4
1ZKBdiW7BT2IYnu6r50X,Stadium Thiais,played,captain,ChIJ64X9jzx05kcRsHvSfOv6UcA,48.7511137&2.3715422,2024-02-22T16:00:00.000Z,120,10,public,false,Compétition,3,Dohg1zNvhsbmGrYuAmExKFyjruw2,10,10,9,0,0,0,1
1ZpWo6nVRLSc1pyEazli,UrbanSoccer - Puteaux,played,captain,ChIJM_sC0-Nk5kcRhL1y_EFIje8,48.8836397&2.2312283,2024-02-20T11:30:00.000Z,60,10,public,true,Détente,3,GvrW3YWykKMMTYVExyRi5nh54mZ2,10,10,2,0,0,0,0
1c18rBftCkSYOPuTSKbu,UrbanSoccer - Quai d'Ivry,canceled,captain,ChIJfXxYJ0xy5kcRw9xTkF6-FZQ,48.8199885&2.3936463,2024-03-03T13:40:00.000Z,120,3,public,true,Compétition,5,0Ar3LQMLhMWoCgpvJgUdWolGaoP2,9,10,0,0,0,0,0
1cleEYz8VgO5skJy3RdQ,Kinshasa,published,pro,ChIJi2oG_jAxahoRjTdSH05-ixY,-4.3032527&15.310528,2024-03-03T11:23:00.000Z,90,12,public,false,,,zCvsukfMuuffsuPpSTQwb7MusMD2,0,10,0,0,0,0,0
1dFcqNfwf8e2DqVViXb5,UCPA Sport Station - Meudon,played,captain,ChIJo-1Yfyx65kcRE-ebwNckN-o,48.7827944&2.2266758,2024-03-04T19:15:00.000Z,90,10,public,false,Détente,4,yYOUgwZUhEOOl85477lgHRgxO3l1,16,16,3,0,0,0,0
1fXQGnzBdSeOtlkNj0Kn,Play Soccer,played,captain,ChIJQ-UxZn-5rhIRKWoQydM5T9s,43.5512023&1.4098927,2024-02-25T17:30:00.000Z,90,12,public,false,Détente,2,8LtkeOuZHeePxfkXdNPmQSr7V9L2,10,10,5,0,0,0,0
1fhFzTu8709DqQw7NstL,Play Soccer,played,captain,ChIJQ-UxZn-5rhIRKWoQydM5T9s,43.5512023&1.4098927,2024-02-29T17:00:00.000Z,60,9,public,false,Détente,,5vjtjQaQ5bai1zmwXC7G1Q9l8vI2,10,10,4,0,0,0,0
1fqvqx0nGEA3yrg0DBH9,LE FIVE Paris 18,played,pro,ChIJpVT4_n1u5kcRzji6FdTBXXo,48.8978522&2.3700234,2024-02-22T16:00:00.000Z,60,5,public,false,,,UQf33jQhVZhle917nO0h7D5qclV2,10,10,9,0,0,0,12
1hAmdLEAHTE1mZabkjnu,Play Soccer,played,captain,ChIJQ-UxZn-5rhIRKWoQydM5T9s,43.5512023&1.4098927,2024-02-21T18:00:00.000Z,60,10,public,false,,,8LtkeOuZHeePxfkXdNPmQSr7V9L2,10,10,2,0,0,0,0
1ivFipeuGmomxkJCQgW7,Stadium Thiais,published,captain,ChIJ64X9jzx05kcRsHvSfOv6UcA,48.7511137&2.3715422,2024-03-07T16:30:00.000Z,90,10,public,false,Détente,3,Dohg1zNvhsbmGrYuAmExKFyjruw2,7,10,0,0,0,0,0
1jQkt3TDxK0XrcnwaVm2,Stadium Antibes,hidden,pro,ChIJSSGxg-PUzRIRblID9ACQndc,43.6121609&7.122323,2024-03-05T17:00:00.000Z,60,10,public,false,,,w5VZiCXqSxQ40riMnKYLO11xmeJ2,0,10,0,0,0,0,0
1kcSNcB3YhZrQaB6ZXCZ,UrbanSoccer - Quai d'Ivry,played,captain,ChIJfXxYJ0xy5kcRw9xTkF6-FZQ,48.8199885&2.3936463,2024-03-04T17:45:00.000Z,90,16.5,public,true,Détente,2,eeK43eqIteaxuJkW5dzM3Ikpq2i2,10,10,1,0,0,0,0
1lj3YXnIMi3SIFItJaFY,LE FIVE Paris 17,played,captain,ChIJ7eI8sFNv5kcR5xy52Wc57NU,48.900032&2.3213449,2024-02-22T18:00:00.000Z,60,12,public,true,Détente,3,x9vqscbULSM1YyIpWknvAM00B7v2,10,10,1,0,0,0,2
1lmbXV6K8ExUsYigQSHo,Top Ten,played,pro,ChIJfXprBx4b5kcRmhe-5pLZUek,48.8729106&2.6840919,2024-03-05T16:00:00.000Z,90,5,public,false,,,i27253AGxOfXgYJK72sBnvUGuMk2,10,10,9,0,0,0,10
1luR625VIgrPh1Qiouja,Futsal,played,captain,ChIJW2Aqm4nXwkcRlCVWc3BBA7g,50.6160524&3.100639,2024-03-01T18:00:00.000Z,90,8,public,false,Compétition,3,apVKYcOhmBZbIt0BG505gXs5JVd2,10,10,9,0,0,0,1
1nnt7IhI8BoBNg9xOd4G,UrbanSoccer - Quai d'Ivry,canceled,captain,ChIJfXxYJ0xy5kcRw9xTkF6-FZQ,48.8199885&2.3936463,2024-03-06T21:00:00.000Z,90,20,public,true,Compétition,3,dIBCJWg91LS2ZPpMSWHmKcBZXo32,10,10,0,0,0,0,0
1qirzgzGykdGFeu4jKeZ,Torcy,canceled,captain,ChIJ35zklK0a5kcRgEmMaMOCCwQ,48.850572&2.654472,2024-02-25T09:30:00.000Z,90,,public,false,Détente,3,jdEhbKKeZAbWfF2vB0kTHFEu0ZD2,11,12,0,0,0,0,0
1sSfCF6Ogz8X3XxjX7p5,Z5 Aix,canceled,captain,ChIJKb-U_9KSyRIRKIFKbH5mW18,43.4787869&5.3969048,2024-02-28T20:00:00.000Z,60,11,public,false,Détente,,jYFNoj1C3yY2lmWJNki81FI2JVz2,8,10,0,0,0,0,0
1u0J1XQnbVmIgJkWytvR,Stadium Thiais,played,captain,ChIJ64X9jzx05kcRsHvSfOv6UcA,48.7511137&2.3715422,2024-02-23T16:00:00.000Z,120,10,public,false,Détente,3,Dohg1zNvhsbmGrYuAmExKFyjruw2,10,10,1,0,0,0,0
21nHHnH6xM1GmhdhO6tB,Top Ten,published,pro,ChIJfXprBx4b5kcRmhe-5pLZUek,48.8729106&2.6840919,2024-02-23T17:30:00.000Z,90,16.5,public,false,,,i27253AGxOfXgYJK72sBnvUGuMk2,0,10,0,0,0,0,0
2447kinTWWISaZDnQjhr,UrbanSoccer - Asnières,played,captain,ChIJi5LkLT9v5kcRSlhScqEFNWs,48.92192379999999&2.3068311,2024-02-22T19:30:00.000Z,60,13,public,true,Détente,3,nY8s2BmFmeVQbn0JXgaTasfBDNT2,10,10,3,0,0,0,1
24GLbp6ywMOP9k4xpV76,Stadium Thiais,played,pro,ChIJ64X9jzx05kcRsHvSfOv6UcA,48.7511024&2.3713455,2024-03-01T21:00:00.000Z,90,14,public,false,,,psf3NmXEPwdCltHKJC7VuvJocrF3,10,10,3,0,0,0,2
24NJSP0V9LIjgZzt3wsB,UrbanSoccer Evry,published,captain,ChIJW0Ut1G7e5UcRt621n2fRQ5M,48.6286849&2.4066366,2024-02-22T17:15:00.000Z,90,13.5,public,true,Détente,3,FBrRwiYQvjbd6UeXKISPFhhsK4a2,9,10,0,0,0,0,0
25JoybFgKPlSsdHU9Jji,LE PARK Complexe Multisports,canceled,captain,ChIJMU8gErUJ5kcRSnpvacKwFtM,48.71189589999999&2.5771181,2024-02-22T19:30:00.000Z,90,15,public,false,Détente,2,5s70nzeTzoOkDAWARdtLJRWCSfF3,8,10,0,0,0,0,0
25R4OHTU37PkxKgqzHKh,Le Street Foot en Salle,played,captain,ChIJt_AXL6Jg5kcRu6rBmnrmeUM,49.0164435&2.181307,2024-02-23T17:30:00.000Z,90,13,public,false,Compétition,5,pFzXIXpbKGa6Y4q8RgaVZ3TQUYj1,10,10,5,0,0,2,5
26ZDouOzSObochsNKRbI,Stadium Thiais,canceled,captain,ChIJ64X9jzx05kcRsHvSfOv6UcA,48.7511137&2.3715422,2024-03-03T19:00:00.000Z,90,15,public,false,Compétition,5,rVPwhfbB90NFNYdzgMNp5vT5yuv2,7,10,0,0,0,0,2
26n8t1sAlp8J0U76Y3bg,Play Soccer,played,captain,ChIJQ-UxZn-5rhIRKWoQydM5T9s,43.5512023&1.4098927,2024-02-22T20:30:00.000Z,60,10,public,false,Compétition,,2NU7A9Qv4FSliapXOPdbyvoZIbt2,10,10,0,0,0,0,0
28SIedRSGLx823p7PIq4,Soccer Five,played,captain,ChIJp0K53sp55kcR61-WTU8Yv5k,48.7368129&2.2591558,2024-02-25T09:30:00.000Z,90,10,public,false,Détente,3,Dohg1zNvhsbmGrYuAmExKFyjruw2,10,10,0,0,0,0,0
29KIkPI7xkC1m7DwvLSU,Top Ten,published,pro,ChIJfXprBx4b5kcRmhe-5pLZUek,48.8729106&2.6840919,2024-02-25T15:30:00.000Z,90,15,public,false,,,i27253AGxOfXgYJK72sBnvUGuMk2,0,10,0,0,0,0,0
2AXK1L9cJgR99Jy00XvV,LE FIVE Bezons,played,captain,ChIJ71Mv0Wpk5kcRg-H9x7L-dXo,48.9190524&2.211796,2024-03-06T17:30:00.000Z,60,8.5,public,true,Compétition,3,gKdWPQZ3KaP14hi2gujBdsj7int2,10,10,3,0,0,0,0
2AtvPwqPSJamA1q0tDJb,UrbanSoccer Guyancourt,published,captain,ChIJmdX-2c-A5kcRj1wtOS8rZmo,48.7722091&2.0600292,2024-02-27T11:30:00.000Z,60,8.5,public,true,Détente,3,jWjf55weXdMhiLUDedxI9tvkxBn2,8,10,0,0,0,0,0
2BYpzQuUBHrLatOi0FBC,UrbanSoccer - Asnières,played,captain,ChIJi5LkLT9v5kcRSlhScqEFNWs,48.92192379999999&2.3068311,2024-03-03T09:00:00.000Z,60,12,public,true,Détente,2,0fTTGbG5LPfxrrZv6BoH2ZMYgKk2,10,10,0,0,0,0,1
2ChX2W9yF5A7fx70OMNc,UrbanSoccer Evry,canceled,captain,ChIJW0Ut1G7e5UcRt621n2fRQ5M,48.6286849&2.4066366,2024-02-24T17:15:00.000Z,90,13.5,public,true,Détente,3,FBrRwiYQvjbd6UeXKISPFhhsK4a2,10,10,0,0,0,0,0
2HfFkFazidWvwcHfSA2H,Parc Interdépartemental des Sports du Tremblay,played,captain,,48.8281085&2.491365,2024-03-05T15:00:00.000Z,90,,public,false,Compétition,4,OKSK9YmBnhPYPn6fchCcUo9A2Mt2,18,18,1,0,0,0,4
2IHWpDQzFpnUjjYDVrBB,LE FIVE Champigny,published,pro,ChIJsXi1PLYN5kcRTVVDuczgS2s,48.8194084&2.5251846,2024-02-24T18:00:00.000Z,60,11,public,false,,,evlV9mUgATYQ5343zpYZvk4w0r03,2,10,0,0,0,0,0
2IUJiGRCoOG3tSDRgYWu,UrbanSoccer - Quai d'Ivry,published,captain,ChIJfXxYJ0xy5kcRw9xTkF6-FZQ,48.8199885&2.3936463,2024-02-25T11:30:00.000Z,90,,public,true,Compétition,4,Cow4ZNAUf8hPQIhf9Uw9clJNtvr1,9,10,0,0,0,0,0
2LOTvRpTKE8GqBRn0UfA,Parc Interdépartemental des Sports du Tremblay,played,captain,ChIJBVkfrQ4N5kcRGi-XnNQN_yo,48.8281085&2.491365,2024-02-24T10:00:00.000Z,120,,public,false,Compétition,4,FMKiTLsf7gXgZa0Z4dqBzIOUrxr1,16,16,3,0,0,0,10
2NhZuGK4JNO8R9nmj5Y2,Plaine des Jeux de Gerland,played,captain,ChIJBYG18IPp9EcRUNpTJFdu8f0,45.7213257&4.8272967,2024-02-27T17:30:00.000Z,90,,public,false,Compétition,3,5USGl81JMWeo3fNqNyx50I6L4992,16,16,7,0,0,0,4
2NmbvcZH56qtlQCjfZyg,UrbanSoccer - Puteaux,played,captain,ChIJM_sC0-Nk5kcRhL1y_EFIje8,48.8836397&2.2312283,2024-02-29T11:00:00.000Z,60,11,public,true,Détente,3,WQ5S4tuh8AhHhITkAMce3yq8gRm2,10,10,10,0,0,0,1
2P3NsEYmLSKRM6oWj1Y4,UrbanSoccer - Lille Lezennes,canceled,captain,ChIJR3ro5nTWwkcRfM_S3Be9HjI,50.6162725&3.0998108,2024-02-21T18:00:00.000Z,60,10,public,true,Chill,,b0WW4AbIGBNJ6rJhMJSzcmSTFzu2,5,10,0,0,0,0,0
2PpD4cwxhF3g7SWd69cT,LE FIVE Créteil,played,captain,ChIJ88lx3VwL5kcRVxCh4lD6_Gk,48.7643086&2.4706522,2024-03-01T17:30:00.000Z,90,16.5,public,false,Détente,2,KmY3PaHGFAfCGXZrSQjkg3xWUmx1,10,10,2,0,0,0,0
2R0WLeLfRk2zz2hzuBgJ,Stadium Thiais,played,captain,ChIJ64X9jzx05kcRsHvSfOv6UcA,48.7511137&2.3715422,2024-02-23T16:00:00.000Z,120,10,public,false,Détente,3,Dohg1zNvhsbmGrYuAmExKFyjruw2,10,10,2,0,0,0,0
2S4oBSJliONoCMM5ffId,Sport dans la Ville Rhône-Alpes,played,captain,ChIJoUEDcmvr9EcRILCz6hDCQ2o,45.7811703&4.8081568,2024-02-21T18:00:00.000Z,90,13.5,public,false,,3,goWfR3BnnZZsX9KXGB8YEVCj6rv2,10,10,6,0,0,0,2
2SJ7S3NShoQEsmCTIH6b,UrbanSoccer - Quai d'Ivry,canceled,captain,ChIJfXxYJ0xy5kcRw9xTkF6-FZQ,48.8199885&2.3936463,2024-02-25T11:30:00.000Z,60,12.5,public,true,Détente,3,HuUecDA8YfesRAUbLGzdbIeXGg52,10,10,0,0,0,0,0
2T2webZO7e4t6CYeHL5U,Stade Blaise Matuidi,published,captain,ChIJn1R6YPhl5kcRr9wNvjELcJQ,48.9310762&2.2810592,2024-02-28T20:00:00.000Z,90,5,public,false,Détente,2,m3NCqz9ukkekBpTsDwwt1YicJMC2,10,14,0,0,0,0,2
2V984aIQOgtT3odzhezT,Speed Soccer Five,played,captain,ChIJ2xTNglV25kcR3UDi4AXGfDU,48.7360598&2.315058,2024-02-22T19:00:00.000Z,90,13,public,false,Détente,3,Z5sxx936iZX9hchZEihemmPqYW12,10,10,2,0,0,0,0
2VGeoRFZqwEGjp4Mqh0Q,LE FIVE Paris 13,canceled,captain,ChIJ_bOSChhz5kcRZMTeq_6Gdzg,48.8181615&2.3658793,2024-02-26T16:00:00.000Z,60,10,public,true,Détente,2,3rIf1Zb5Hugqb3kzar5LUippcgu1,10,10,0,0,0,0,1
2X5QNpgVmtGbRtcc40LT,LE FIVE VITROLLES,canceled,captain,ChIJi4A-IrHoyRIRunoYLEGNeYI,43.4338497&5.240971399999999,2024-03-04T15:00:00.000Z,60,10,public,false,Détente,,F5Qdj6cZKGUa9oOMqyhbttpDNx72,3,10,0,0,0,0,1
2Y0Ggdm7seGNYAiiXAZ9,LE FIVE Paris 18,played,pro,ChIJpVT4_n1u5kcRzji6FdTBXXo,48.8978522&2.3700234,2024-03-02T21:30:00.000Z,90,10,public,false,,,UQf33jQhVZhle917nO0h7D5qclV2,10,10,5,0,0,0,9
2YXhslwi6IjONGKTfWMT,Game 13 foot indoor,canceled,captain,ChIJNSDvlsXryRIRUXao9hwB79I,43.41258939999999&5.366617,2024-03-03T17:30:00.000Z,60,10,public,false,Détente,3,RPwfyrL30dS1yvyJwGrn0z2HgSa2,10,10,0,0,0,0,0
2YvY2W68M7HfZhXFxuPB,Complexe sportif de l'île des Vannes,played,captain,ChIJTZWfSNNv5kcRmHP3Tz0AJ6A,48.9188419&2.3245603,2024-03-03T15:40:00.000Z,120,,public,false,Compétition,4,Csrh8EMzKaZCCcCZeEhs2tGGZRr1,16,16,0,0,0,0,0
2ZIZr1yzABNOeQbZzDLN,Footbox,published,pro,ChIJY-WkusIR5kcR-tEad3UtaSQ,48.9022789&2.582647,2024-03-01T18:00:00.000Z,60,10,public,false,,,QI89VPazyLhBVnWH871jk4BUEZI3,0,10,0,0,0,0,0
2ZPuCoUJrIN6m3TvZGBg,LE FIVE Sarcelles,played,captain,ChIJ6_q3Fxhq5kcRCpoEwnoXX1Q,48.99782219999999&2.3902225,2024-03-06T18:30:00.000Z,90,10,public,false,Compétition,4,1TMrACwXXwPagbpHmLW7EyHlszg2,10,10,1,0,0,0,3
2d65Y9lqJFaYXqQpMcSZ,Stadium Thiais,canceled,captain,ChIJ64X9jzx05kcRsHvSfOv6UcA,48.7511137&2.3715422,2024-02-23T15:30:00.000Z,90,12,public,false,Détente,4,kWIXOjVn4JO8RLoDO2thI1n3qex1,11,12,0,0,0,0,0
2faw4GaCmJJPsBc1NTtI,Complexe Sportif des Fillettes,played,captain,ChIJqcAr2YZu5kcRUTijKY5WfL0,48.8995287&2.3641637,2024-02-25T09:00:00.000Z,180,,public,false,Détente,2,ZRFiUCiK1TfUcKS5rs0md5OTJa12,16,16,9,0,0,0,7
2iItvn7uzLLboGrbpsz3,Stadium Thiais,played,captain,ChIJ64X9jzx05kcRsHvSfOv6UcA,48.7511137&2.3715422,2024-02-28T19:30:00.000Z,90,15,public,false,Détente,2,emyaA5qYXlQPVKtlRk2BCZ2YKNd2,10,10,2,0,0,0,1
2jZhLUVDIlH4YKSvyvS9,Foot-Max Argenteuil,published,captain,ChIJi9oIzaRm5kcRJYcK7QsdRMU,48.9501569&2.2093741,2024-02-21T21:00:00.000Z,90,12,public,false,Compétition,3,3zZXjfdn5FXuudKGf2ktNDX90Ip1,9,10,0,0,0,0,2
2jeXXcXCLfXNPLCCeYfW,UrbanSoccer Orsay,played,captain,ChIJpZIJg7J45kcRrKWKhtbfnEQ,48.70829&2.17794,2024-02-29T17:00:00.000Z,60,8,public,true,Détente,2,mEAgYt147FPVie84ASPeuYvn9zp1,10,10,3,0,0,0,0
2jkPxxWfP3mqbbezWgVI,Foot POWER 5,canceled,pro,ChIJuTCIFshm5kcRBtEQJ76dAzc,48.960066&2.2061913,2024-03-03T08:00:00.000Z,90,10,public,false,,,sss3dYi6nzWd7rEjwcQ30LGKudj1,0,10,0,0,0,0,0
2kB4LiwlPAdiKeSyVR9n,Footbox,published,pro,ChIJY-WkusIR5kcR-tEad3UtaSQ,48.9022789&2.582647,2024-02-22T22:00:00.000Z,60,10,public,false,,,QI89VPazyLhBVnWH871jk4BUEZI3,0,10,0,0,0,0,0
2kXa0XFU2UqUKeX0Pq2i,Le Street Foot en Salle,played,captain,ChIJt_AXL6Jg5kcRu6rBmnrmeUM,49.0164435&2.181307,2024-02-20T20:00:00.000Z,120,16,public,false,Détente,2,J1lWYnAktaNFmD4X4c6r2mZyk443,12,12,3,0,0,0,1
2lUEMtd6wgIurBHJl1VS,City Stade - Les Blagis (Basket),played,captain,ChIJKz0h4Alx5kcRDfJDRw9JniQ,48.7849737&2.2978799,2024-02-24T08:30:00.000Z,150,,public,false,Détente,4,aQFen6FLmpgU4CIlRKgUiAvoiJO2,14,14,2,0,0,0,2
2mj4tTsh1iADFioGxqTr,UrbanSoccer - Porte d'Aubervilliers,played,captain,ChIJ0dXjDCZs5kcRvX0EpMwxsUY,48.9074912&2.3746518,2024-02-27T19:00:00.000Z,60,14,public,true,Compétition,5,TIVSQaDxRdPKQlQOhl5VChWF7px1,10,10,7,0,0,0,1
2nxtBvC4b8qugnLpMQeu,Evolution Football,played,captain,ChIJX0YulIi8yRIRnGh62u3UXTQ,43.2836074&5.52356,2024-02-26T21:00:00.000Z,60,10,public,false,Détente,3,saqKERJo6bfxUSkN8A7zSPK1KYr1,10,10,3,0,0,0,0
2ogpGtPEcApRSZziUYAY,Stadium Thiais,played,captain,ChIJ64X9jzx05kcRsHvSfOv6UcA,48.7511137&2.3715422,2024-02-23T19:20:00.000Z,90,15,public,false,Compétition,3,ivJjDu3v1IbjkaGKCqaOoVymlgD3,10,10,5,0,0,1,4
2qFHjwmKcEZUdYGG7rHp,UrbanSoccer - Asnières,played,captain,ChIJi5LkLT9v5kcRSlhScqEFNWs,48.92192379999999&2.3068311,2024-02-29T20:30:00.000Z,60,14,public,true,Détente,4,UG23bh92yeTazTzl6luByxrPhHf1,10,10,2,0,0,0,1
2rg0XCzVVT27bOywxFmH,UrbanSoccer La Défense,canceled,captain,ChIJh4rnfVhk5kcRV2Q-ZKdm8vA,48.8996456&2.2216773,2024-02-27T19:30:00.000Z,60,14.5,private,true,Chill,2,lyj5xUYZGKZpQ3vcsTbGJkfQPkG2,9,10,0,0,0,0,0
2sNSkN8MGdzpIdXYDuDT,Foot POWER 5,canceled,pro,ChIJuTCIFshm5kcRBtEQJ76dAzc,48.960066&2.2061913,2024-02-25T11:00:00.000Z,90,10,public,false,,,sss3dYi6nzWd7rEjwcQ30LGKudj1,0,10,0,0,0,0,0
2scDVQDilMtgK0bwmu9W,UrbanSoccer La Défense,played,captain,ChIJh4rnfVhk5kcRV2Q-ZKdm8vA,48.8996456&2.2216773,2024-02-25T16:45:00.000Z,90,21.75,public,true,Détente,2,QrNPeHHJkOgu6d62ZbcfulWrT5U2,10,10,1,0,0,0,3
2tBEkcCj0wtpFWOt9vTM,Stadium Thiais,published,pro,ChIJ64X9jzx05kcRsHvSfOv6UcA,48.7511024&2.3713455,2024-03-05T19:00:00.000Z,90,13,public,false,,,psf3NmXEPwdCltHKJC7VuvJocrF3,0,10,0,0,0,0,0
2tHfZQxNBTrgINTsl6bz,Stadium Thiais,published,captain,ChIJ64X9jzx05kcRsHvSfOv6UcA,48.7511137&2.3715422,2024-03-02T20:00:00.000Z,90,15,public,false,Compétition,4,n4pjf9aSnTUKo8doQwwhg3glACT2,9,10,0,0,0,0,0
2thsQsQNKCJfccIwvRr6,LE FIVE Paris 17,published,captain,ChIJ7eI8sFNv5kcR5xy52Wc57NU,48.900032&2.3213449,2024-03-03T09:00:00.000Z,60,12,public,true,Chill,1,QvGjp6l6USRQu2PinltyiMY5pn93,5,10,0,0,0,0,1
2vZdhG1jMg090gNlxlbo,UrbanSoccer - Porte d'Aubervilliers,played,captain,ChIJ0dXjDCZs5kcRvX0EpMwxsUY,48.9074912&2.3746518,2024-03-07T18:00:00.000Z,90,,public,true,Détente,3,0aLoS6CZrTg2gvDNjoyIjSX8Bvp1,10,10,3,0,0,0,3
2vzv3kht40r2dSisyZdi,Foot paris,published,captain,ChIJd2GJua5t5kcR_zneoHO7R-k,48.8904693&2.3731397,2024-03-03T08:45:00.000Z,150,2,public,false,Compétition,5,6g66Hr0t8ESpVJkqTW80lI9cRdr2,17,20,0,0,0,0,1
30mFjSgYctiNB5f74uIN,Top Ten,published,pro,ChIJfXprBx4b5kcRmhe-5pLZUek,48.8729106&2.6840919,2024-02-26T22:00:00.000Z,90,16.5,public,false,,,i27253AGxOfXgYJK72sBnvUGuMk2,0,10,0,0,0,0,0
3237hfRVsUEjxyihtq0N,Centre Sportif Hautpoul,played,captain,ChIJ79fuL8Zt5kcRk9e1VH01h_U,48.8847213&2.3874252,2024-02-26T22:00:00.000Z,45,2,public,false,Compétition,3,iRty3I3PfeUoz0Li6UdFPcxUqDJ2,10,10,3,0,0,0,2
33spOtoAeZ6F15TxeOSE,Stade Marcel Cerdan,canceled,captain,ChIJSXSn-kNs5kcRxv6PHouOZv8,48.91033220000001&2.4008781,2024-02-22T19:00:00.000Z,60,,public,false,Compétition,4,I3wAlZejqaRbpoqw5UX66A0MgUp1,12,14,0,0,0,0,2
34HV4DaBohdvGNvci7wf,UrbanSoccer Orsay,published,captain,ChIJpZIJg7J45kcRrKWKhtbfnEQ,48.70829&2.17794,2024-03-04T11:30:00.000Z,60,,public,true,Détente,,AlnKacg8F5hefef1kJCEBuwGrZT2,8,10,0,0,0,0,0
36vM9Vqf7L0Fsf7kgqgv,LE FIVE Marville - La Courneuve,played,captain,ChIJ2dHdMZxr5kcR0aKYHYsp0pY,48.9364404&2.3869147,2024-03-06T18:30:00.000Z,90,15,public,false,Compétition,3,w5i9ScEy0Nb1O53z5B9PhcZHFWo2,10,10,1,0,0,0,3
3DhImIXsCULmHZp5vDej,Play Soccer,played,captain,ChIJQ-UxZn-5rhIRKWoQydM5T9s,43.5512023&1.4098927,2024-03-01T17:00:00.000Z,90,13.5,public,false,Détente,3,ti4yIUTlFfRmvM2c8xPjGRFyuvV2,10,10,3,0,0,0,0
3EUjr3UKiGLNLYiA5FYn,BIG5,played,captain,ChIJsb_7TJFp5kcRSPL5VqZulr4,48.9901429&2.3617895,2024-03-03T17:00:00.000Z,90,13.5,public,false,Détente,2,L4QAUVj8zrYPOCTtsHowHG22pYM2,10,10,2,0,0,0,7
3G5drZ20l25oiK5O3Ht2,LE FIVE Montreuil,published,pro,ChIJJdTQjr0T5kcRZmGxtIJVy44,48.8613036&2.4653095,2024-03-01T11:30:00.000Z,90,10.5,public,false,,,u9uC1vjdcdQ3UqNxI0SiFxor0m43,1,10,0,0,0,0,1
3ILvhFuG3Ca7xxzGbJ6X,LE FIVE Montreuil,played,captain,ChIJJdTQjr0T5kcRZmGxtIJVy44,48.8607303&2.4650432,2024-02-22T19:30:00.000Z,60,11,public,false,Détente,3,pP5Ze2tDPvXk0JVvbLR3WsjUSYk1,10,10,1,0,1,0,1
3NQkxqEhghZYLLXfOrX1,Foot-Max Argenteuil,played,captain,ChIJi9oIzaRm5kcRJYcK7QsdRMU,48.9501569&2.2093741,2024-03-02T18:00:00.000Z,90,12,public,false,Détente,,bct7U44WwmPouhAEndpYWq17IYj1,10,10,6,0,0,0,1
3RF8MoEe549lG1drKhIe,OHSPORT,canceled,captain,ChIJHeG9fA4X5kcRbGNzVY5Ud5I,48.9672396&2.5670436,2024-02-22T21:00:00.000Z,60,10,public,false,Compétition,4,byUFd315QLNbu1HfF2Zdcin4fOn1,5,10,0,0,0,0,0
3TSnUGXeDcBgT6IGdQ0p,LE FIVE Paris 17,played,captain,ChIJ7eI8sFNv5kcR5xy52Wc57NU,48.900032&2.3213449,2024-02-29T18:00:00.000Z,60,,public,true,Détente,3,BjQwFLbblQTSHiQmovxiQvmEeHn2,10,10,1,0,0,0,4
3UG9W7OJRVLkzkywpdQw,Top Ten,published,pro,ChIJfXprBx4b5kcRmhe-5pLZUek,48.8729106&2.6840919,2024-02-26T15:00:00.000Z,90,5,public,false,,,i27253AGxOfXgYJK72sBnvUGuMk2,0,10,0,0,0,0,0
3Uo4SlnFFsy76hckAqFM,STADIUM FOOT 5 VILLAGE,played,captain,ChIJbbOWFtC4yRIR0WXVerbWmnE,43.269413&5.4260321,2024-03-05T19:30:00.000Z,90,15,public,false,Competition,4,f3zvpaYAOxRNXb7CTy6FmGhaR1q1,10,10,1,0,0,0,0
3V26kOPn4DENmTOICYNR,LE FIVE Champigny,played,captain,ChIJsXi1PLYN5kcRTVVDuczgS2s,48.8194084&2.5251846,2024-03-06T20:30:00.000Z,60,10,public,false,Compétition,3,OCpd5zV5AVVG6xExkvHZn1fWVx42,10,10,3,0,0,0,1
3Yb59v6tAGPl4PCzrMOx,Cap Loisirs,canceled,captain,ChIJ6xl7EP2irhIRG2TbDQazLzE,43.64393279999999&1.4791113,2024-02-28T17:30:00.000Z,90,8,public,false,Détente,2,jqe877cudrbnR66lHDNmNVyP6A72,7,10,0,0,0,0,0
3ZnQHUgO1duJbb2IulPi,GOPARK INTERIEUR - Paintball et trampolines parc,canceled,captain,ChIJ2cJmdhf15kcRQ4mUOxIVzd0,49.045624&2.0799886,2024-03-04T18:30:00.000Z,30,15,public,false,Compétition,3,En6XZ2uE6nPVrBEBaB0b3Jsfxgi1,7,10,0,0,0,0,0
3bFltq5GeI5YvJ6VYfqu,Stade de l'Ile Billancourt,played,captain,ChIJ_VzHyPZ65kcRie3KTzFg37c,48.8223054&2.2450824,2024-02-29T11:20:00.000Z,90,,public,false,Compétition,3,KkIe20SESrQEox7gFr1iQCSjgI72,16,16,8,0,0,0,3
3bhMxrfCQyYPizee8xJP,Footbox,published,pro,ChIJY-WkusIR5kcR-tEad3UtaSQ,48.9022789&2.582647,2024-03-05T21:00:00.000Z,60,10,public,false,,,QI89VPazyLhBVnWH871jk4BUEZI3,0,10,0,0,0,0,0
3dklcsWcIbLpalzL7LUY,LE FIVE Paris 17,canceled,captain,ChIJ7eI8sFNv5kcR5xy52Wc57NU,48.900032&2.3213449,2024-03-03T16:00:00.000Z,90,10,public,true,Chill,1,bF7pgypCSSajfeWP1azrmFkp5OX2,10,10,0,0,0,0,0
3eGAeHhWVAW9DQCUy1RG,Terrain Multisports du Parc des Temps des Cerises,canceled,captain,ChIJYYi2uFxv5kcR2n8eVMITn14,48.9194924&2.354155,2024-03-07T19:30:00.000Z,90,,public,false,Détente,3,NLGHyeLG4UgkpvzfiYLZWUBIkF22,5,10,0,0,0,0,0
3hx653kbIKBoj8FekdMp,LE FIVE Créteil,canceled,captain,ChIJ88lx3VwL5kcRVxCh4lD6_Gk,48.7643086&2.4706522,2024-03-04T17:00:00.000Z,60,8,public,false,Détente,2,KmY3PaHGFAfCGXZrSQjkg3xWUmx1,5,10,0,0,0,0,0
3i4HtXHU4yfex4xA8GpB,Foot-Max Argenteuil,published,pro,ChIJi9oIzaRm5kcRJYcK7QsdRMU,48.9501632&2.2093946,2024-03-01T18:00:00.000Z,90,12,public,false,,,SuEnyPZ4TgNIkt1yap2yJ3ZHO6p1,0,10,0,0,0,0,0
3im3f8lSZMncALLcoFcS,FOOT INDOOR Marseille,played,captain,ChIJ41AMCxC8yRIRLHLGt11sc-U,43.2859688&5.4882746,2024-03-07T18:00:00.000Z,60,10,public,false,Détente,3,wt0yuEWUqpX7inbd3j3go44lLNU2,10,10,6,0,0,0,0
3j6xORgLWFqVprfIUrBX,FIVE ARENA,published,captain,ChIJ02bKSuih6EcRb796CXVbkVs,48.9539465&2.9154573,2024-03-02T13:00:00.000Z,180,15,public,false,Chill,3,eZmO0gLGsuae4rpnVNBEKx03Zty2,6,10,0,0,0,0,0
3lbEuvGicOPSV2DPOTQ4,LE FIVE Villette,played,captain,ChIJTUFnQjps5kcR0pHITLTw1PI,48.9070122&2.3861459,2024-03-03T18:20:00.000Z,60,12,public,false,Détente,3,N1sS8BeasBdXbZo48sG5hR7kQ9e2,10,10,0,0,0,0,0
3mL2oo5yopcKeBoR7Exx,UrbanSoccer Evry,played,captain,ChIJW0Ut1G7e5UcRt621n2fRQ5M,48.6286849&2.4066366,2024-03-07T18:15:00.000Z,90,15.75,public,true,Compétition,3,iwFWhQjFryZZi74TDw73EIHrdVw1,10,10,1,0,0,0,1
3nLv1eWbP9VlvcQBJpFe,Stadium Thiais,played,captain,ChIJ64X9jzx05kcRsHvSfOv6UcA,48.7511137&2.3715422,2024-02-21T16:30:00.000Z,90,10,private,false,Détente,3,Dohg1zNvhsbmGrYuAmExKFyjruw2,10,10,0,0,0,0,1
3qcRdDChOBe3znleXqku,Game 13 foot indoor,published,captain,ChIJNSDvlsXryRIRUXao9hwB79I,43.41258939999999&5.366617,2024-02-22T17:00:00.000Z,60,10,public,false,Détente,3,Ez3YAlfrUxgTTJcxq9sNBTRxuHP2,9,10,0,0,0,0,0
3sGzU1F0RDhfuyu3folj,UrbanSoccer - Puteaux,played,captain,ChIJM_sC0-Nk5kcRhL1y_EFIje8,48.8836397&2.2312283,2024-03-04T17:25:00.000Z,60,12,public,true,Détente,2,FCAd6dFPXFMzIMkjOOaRLg1AEmu2,10,10,2,0,0,0,1
3tQh9oqJw2fzY2zVxw4C,Cité des Sports,played,captain,ChIJ70UPf6R75kcRGb3NAV9k7Ww,48.8247744&2.2650728,2024-02-28T18:30:00.000Z,60,13,public,false,Détente,3,H1q5Ebp0nJfOnYz51vLg3Us2dQX2,10,10,3,1,0,0,0
3ujeEZnGsGS2ujlCCkDP,Stadium Thiais,published,pro,,48.7511024&2.3713455,2024-02-28T18:00:00.000Z,90,15,public,false,,,psf3NmXEPwdCltHKJC7VuvJocrF3,0,10,0,0,0,0,0
3v0IcyROxaMLXPPbmNLb,UrbanSoccer - Lille Bondues,canceled,captain,ChIJ58ZerMgrw0cR2Jyp7tZjBn4,50.6913774&3.0860264,2024-02-25T11:30:00.000Z,90,6.5,public,true,Détente,2,ikyMn7gbpQWL7q7Kug1u5I7nIRu2,3,10,0,0,0,0,0
3wdTnxRyLENtX7GJb29x,Sport dans la Ville Rhône-Alpes,played,captain,ChIJoUEDcmvr9EcRILCz6hDCQ2o,45.7811703&4.8081568,2024-02-29T17:50:00.000Z,60,4,public,false,Chill,2,uXrpxl0byHaoxStW1zznb4U3NRI2,10,10,4,0,0,0,0
40E82oknwzAF5sK7jHoL,LE FIVE Villette,played,captain,ChIJTUFnQjps5kcR0pHITLTw1PI,48.9070122&2.3861459,2024-02-25T18:15:00.000Z,60,12,public,false,Compétition,3,N1sS8BeasBdXbZo48sG5hR7kQ9e2,10,10,7,0,0,0,1
412Gqlh8MOc6jd9RPRAt,Stade Pointe du Lac,published,captain,ChIJIywtvoEL5kcRYbhmic43-ho,48.7679841&2.4632522,2024-03-07T08:15:00.000Z,150,,public,false,Détente,3,KHkx2XYwqeX5i4K2SErrvDyMHVC3,17,20,0,0,0,0,0
41CAYvfzgM6BvgzfVL5i,Footbox,published,pro,ChIJY-WkusIR5kcR-tEad3UtaSQ,48.9022789&2.582647,2024-02-20T16:00:00.000Z,60,7,public,false,,,QI89VPazyLhBVnWH871jk4BUEZI3,0,10,0,0,0,0,0
421ibpn1BLXcbhZAD1lq,Foot POWER 5,canceled,pro,ChIJuTCIFshm5kcRBtEQJ76dAzc,48.960066&2.2061913,2024-02-27T20:00:00.000Z,90,7,public,false,,,sss3dYi6nzWd7rEjwcQ30LGKudj1,0,10,0,0,0,0,0
439yK79RKvdhxCINnocc,Footbox,canceled,pro,ChIJY-WkusIR5kcR-tEad3UtaSQ,48.9022789&2.582647,2024-03-06T14:00:00.000Z,60,7,public,false,,,QI89VPazyLhBVnWH871jk4BUEZI3,0,10,0,0,0,0,0
43h0hV81iDWXpXv72veZ,Centre Sportif Candie,played,captain,ChIJGzAqWPpx5kcRn8zn_6q7BoY,48.8513598&2.3802022,2024-03-04T21:15:00.000Z,90,,public,false,Détente,3,ZOCadCc4bWc7WWov2PuTEC35b2g1,10,10,3,0,0,0,2
45Ct7PhjfG2arqFR2qbM,Stade Des Courtilles,canceled,captain,ChIJ83HS9ldv5kcR-plMKkHPNTA,48.929137&2.2834726,2024-03-03T17:15:00.000Z,120,,public,false,,4,OUDonTRM5JTwDDmUMOikuN6wCKz1,7,14,0,0,0,0,0
45EGUB8fIM4y5Oh4TEB9,UrbanSoccer - Porte d'Aubervilliers,played,captain,ChIJ0dXjDCZs5kcRvX0EpMwxsUY,48.9074912&2.3746518,2024-03-04T18:15:00.000Z,60,12.5,public,true,Détente,2,mDJ1XlTQcOhMTnHDxMKRTFyZLXG3,10,10,0,0,0,0,0
46rjN3tQG1zfF06VPVTV,LE FIVE Sarcelles,canceled,captain,ChIJ6_q3Fxhq5kcRCpoEwnoXX1Q,48.99782219999999&2.3902225,2024-02-24T17:30:00.000Z,90,13,public,false,Détente,2,L4QAUVj8zrYPOCTtsHowHG22pYM2,10,10,0,0,0,0,0
47zlzKyAgzbzTLwKjxup,LE FIVE Villette,canceled,captain,ChIJTUFnQjps5kcR0pHITLTw1PI,48.9070122&2.3861459,2024-02-21T11:00:00.000Z,60,7,public,false,Détente,4,mhT59AVfAcbz8MNwdiRo05xPxc92,9,10,0,0,0,0,0
49gzpipXtesmhzC30kyC,LE FIVE Bezons,played,pro,ChIJ04KEHBZk5kcRoDWLaMOCCwQ,48.91909&2.2093051,2024-02-28T21:00:00.000Z,90,14,public,false,,,U3MriTZbPbTUEsU6RtRuHxDMKvg2,10,10,6,0,0,0,4
4AAx9ckQK1drMhwypBF8,LE FIVE Paris 18,played,captain,ChIJpVT4_n1u5kcRzji6FdTBXXo,48.8978522&2.3700234,2024-02-20T20:00:00.000Z,60,14,public,true,Détente,3,VqIidnWYtIOH3FIyVjh0Zk5PWBI3,10,10,0,0,0,0,1
4AFYEElxp4Mo4NiIACYC,LE FIVE Montreuil,published,pro,ChIJJdTQjr0T5kcRZmGxtIJVy44,48.8613036&2.4653095,2024-02-21T09:00:00.000Z,90,10.5,public,false,,,u9uC1vjdcdQ3UqNxI0SiFxor0m43,0,10,0,0,0,0,0
4EMIKeuiE1veA7x0i6Dl,Stadium Thiais,played,pro,ChIJ64X9jzx05kcRsHvSfOv6UcA,48.7511024&2.3713455,2024-02-29T21:00:00.000Z,90,14,public,false,,,psf3NmXEPwdCltHKJC7VuvJocrF3,10,10,5,0,1,0,3
4EoJELd8RsSGU4xFNw4d,UrbanSoccer La Défense,played,captain,ChIJh4rnfVhk5kcRV2Q-ZKdm8vA,48.8996456&2.2216773,2024-03-07T11:00:00.000Z,60,12,public,true,Détente,2,4zfvh8XIAUhMRxy0K8zDD8rB0MG2,10,10,0,0,0,0,0
4Fft5JZJj2U8agavvwNc,LE FIVE Montreuil,played,captain,ChIJJdTQjr0T5kcRZmGxtIJVy44,48.8607303&2.4650432,2024-03-03T10:00:00.000Z,60,10,public,false,Détente,3,cAvu5OqzdrY011LFD57S6e9Lfg03,10,10,2,0,0,0,2
4HcLOieaHAVo6yuEdglA,LE FIVE Montreuil,published,pro,ChIJJdTQjr0T5kcRZmGxtIJVy44,48.8613036&2.4653095,2024-02-19T22:00:00.000Z,60,8,public,false,,,u9uC1vjdcdQ3UqNxI0SiFxor0m43,0,10,0,0,0,0,0
4Hppug99awCO4aYgca9S,UrbanSoccer La Défense,played,captain,ChIJh4rnfVhk5kcRV2Q-ZKdm8vA,48.8996456&2.2216773,2024-02-22T19:00:00.000Z,60,14.5,public,true,Détente,4,w5tijqihPvalN4GI49NM7gNRwYE2,10,10,3,0,0,0,6
4HxPYlKqKGgpkfCyViof,UrbanSoccer - Puteaux,played,captain,ChIJM_sC0-Nk5kcRhL1y_EFIje8,48.8836397&2.2312283,2024-03-07T19:00:00.000Z,60,14.5,private,true,Détente,3,RjnILKUgrrYly5GOAr8iC9cVDLt2,10,10,0,0,0,0,0
4JfeFZAmjVAvSJpI5SlV,LE FIVE Paris 18,played,captain,ChIJpVT4_n1u5kcRzji6FdTBXXo,48.8978522&2.3700234,2024-03-07T21:00:00.000Z,60,5,public,true,Compétition,4,x5W8VDUCJYPvBEWtIxQY6iNkxgZ2,10,10,3,0,0,0,4
4MTurrS9EwFY8SvTtO8k,KIPSTADIUM : Centre de Pratique dédié aux Sports Collectifs,played,captain,ChIJydcoT88ow0cRLnHvlF-Z_jE,50.708529&3.173304,2024-02-21T19:00:00.000Z,60,8,public,false,Détente,2,Zj6WgpBE65eJO4fjThDteNNesqC2,10,10,3,0,0,0,0
4Nw0rPtxWYUfW66P9BbJ,UrbanSoccer La Défense,played,captain,ChIJh4rnfVhk5kcRV2Q-ZKdm8vA,48.8996456&2.2216773,2024-03-07T19:00:00.000Z,60,14.5,public,true,Détente,4,w5tijqihPvalN4GI49NM7gNRwYE2,10,10,1,0,0,0,1
4Qv2WluACVM0yoh87Ci5,Stade Pierre Letessier,played,captain,ChIJmcO_CLgS5kcR_tYXn2vhXNs,48.8750074&2.4964236,2024-03-03T09:30:00.000Z,150,,public,false,Compétition,4,5tI7nJKuTRWNJgO1jYKyzMYNwog2,18,18,2,0,0,0,4
4S1bXX208nYjzAxePtbQ,Footbox,canceled,pro,ChIJY-WkusIR5kcR-tEad3UtaSQ,48.9022789&2.582647,2024-03-01T14:00:00.000Z,60,7,public,false,,,QI89VPazyLhBVnWH871jk4BUEZI3,0,10,0,0,0,0,0
4SOVInond4fHL89XCHFW,LE FIVE Montreuil,published,pro,ChIJJdTQjr0T5kcRZmGxtIJVy44,48.8613036&2.4653095,2024-02-26T22:00:00.000Z,60,8,public,false,,,u9uC1vjdcdQ3UqNxI0SiFxor0m43,0,10,0,0,0,0,0
4SP5dd4gbRpkPG1iFnEh,OHSPORT,canceled,captain,ChIJHeG9fA4X5kcRbGNzVY5Ud5I,48.9672396&2.5670436,2024-02-21T19:30:00.000Z,90,15,public,false,Détente,,CK1XonIJmpa3yICG67X3LNefHa22,7,10,0,0,0,0,0
4SUmNwUigkKPJMd88vWW,UrbanSoccer Orsay,played,captain,ChIJpZIJg7J45kcRrKWKhtbfnEQ,48.70829&2.17794,2024-02-22T19:00:00.000Z,90,17,public,true,Détente,3,s1eo4MV4gLdD17mf1RxuRaEJ7612,10,10,0,0,0,0,0
4TDGdDNdz3FLI9qaG2hQ,UrbanSoccer Evry,canceled,captain,ChIJW0Ut1G7e5UcRt621n2fRQ5M,48.6286849&2.4066366,2024-02-28T18:00:00.000Z,60,10.5,public,true,Détente,2,jzP984A3TAhWUx3DRFaEyS1xE8j2,9,10,0,0,0,0,1
4Zl2Ww8lSjoXBBX7oii4,Stade Georges Carpentier,played,captain,ChIJDcRAPQZz5kcRRfIYvk9rvQQ,48.8190383&2.3661251,2024-02-27T11:05:00.000Z,120,,private,false,Compétition,4,i96TQD5kXHXRdIdYtABJquAFNVx2,16,16,13,0,0,0,8
4ZlXSGK2L9ZRUMxUNhgj,LE FIVE Paris 18,played,pro,ChIJpVT4_n1u5kcRzji6FdTBXXo,48.8978522&2.3700234,2024-03-05T21:20:00.000Z,90,10,public,false,,,UQf33jQhVZhle917nO0h7D5qclV2,10,10,8,0,0,0,2
4aFPsybSsUZSpfNqWxDx,LE FIVE Montreuil,hidden,pro,ChIJJdTQjr0T5kcRZmGxtIJVy44,48.8613036&2.4653095,2024-03-02T17:30:00.000Z,90,15,public,false,,,u9uC1vjdcdQ3UqNxI0SiFxor0m43,10,10,0,0,0,0,0
4c1HiH6cZgYiFtZRkMlp,Game 13 foot indoor,played,captain,ChIJNSDvlsXryRIRUXao9hwB79I,43.41258939999999&5.366617,2024-03-05T17:00:00.000Z,60,10,public,false,Détente,3,Ez3YAlfrUxgTTJcxq9sNBTRxuHP2,10,10,0,0,0,0,0
4eDsrCrZkb2JP1tH0mQ7,Sport dans la Ville Rhône-Alpes,played,captain,ChIJoUEDcmvr9EcRILCz6hDCQ2o,45.7811703&4.8081568,2024-02-21T18:00:00.000Z,90,13.5,public,false,Détente,,mqVfqcKhTYdDc73hCb1aX1JRZzL2,10,10,2,0,0,0,5
4eNU9WQst4SwKYdlZXsQ,BIG5,canceled,captain,ChIJsb_7TJFp5kcRSPL5VqZulr4,48.9901429&2.3617895,2024-03-03T17:00:00.000Z,90,13.5,public,false,Détente,2,L4QAUVj8zrYPOCTtsHowHG22pYM2,8,10,0,0,0,0,0
4fuWcexmqWKcrhpZYmRJ,UrbanSoccer - Porte d'Aubervilliers,played,captain,ChIJ0dXjDCZs5kcRvX0EpMwxsUY,48.9074912&2.3746518,2024-02-20T18:05:00.000Z,60,14,public,true,Détente,3,G8mUuWdpvyRMd7WcoRFkLn8r7TZ2,10,10,0,0,0,0,2
4gKZj7yJWwm5g9319MnW,LE FIVE Bezons,canceled,pro,ChIJ04KEHBZk5kcRoDWLaMOCCwQ,48.91909&2.2093051,2024-03-01T11:00:00.000Z,90,10,public,false,,,U3MriTZbPbTUEsU6RtRuHxDMKvg2,5,10,0,0,0,0,0
4gYnUfICQRIFNIB3XKjP,Stadium Thiais,published,pro,ChIJ64X9jzx05kcRsHvSfOv6UcA,48.7511024&2.3713455,2024-02-23T15:00:00.000Z,90,8,public,false,,,psf3NmXEPwdCltHKJC7VuvJocrF3,0,10,0,0,0,0,0
4iBwKrEunSmBKfA9nXtu,Gymnase de la Cour des Lions,canceled,captain,ChIJd0LXaGht5kcRJ2ZiKn74kFM,48.8606549&2.370355,2024-02-23T11:15:00.000Z,60,15,public,false,Détente,2,fWGP3ztjvyRqOzVkuH4ktcQZ03s2,2,12,0,0,0,0,0
4jq3Nxl12S6wOFRprwRm,Stade de football,published,captain,ChIJnQd_-ZW58EcRkoZDzNsibMs,46.396912&2.8586459,2024-03-04T12:05:00.000Z,30,100,private,false,,1,kR9ktzVUrkaMXasYB18bRmfD20O2,1,10,0,0,0,0,0
4ll1Hnf1bWoXOaxR71xs,UrbanSoccer - Limoges,published,captain,ChIJW6IzlEUz-UcRIlyS1lolmbc,45.8084631&1.2586858,2024-02-24T18:00:00.000Z,60,10,public,true,Détente,,PJHFqrN04pNlSLUl1g5pDCBSPH82,1,10,0,0,0,0,0
4mM3z0odxF2rmk4DphxN,Top Ten,played,pro,ChIJfXprBx4b5kcRmhe-5pLZUek,48.8729106&2.6840919,2024-03-01T16:00:00.000Z,90,5,public,false,,,i27253AGxOfXgYJK72sBnvUGuMk2,10,10,5,0,0,0,10
4p1SKRGWwPBPIWYCxICH,Centre Sportif Léon Biancotto,played,captain,ChIJ-VeFoadv5kcRK1mEqcLRlxQ,48.8961559&2.3117446,2024-02-28T19:45:00.000Z,60,,public,false,Compétition,3,W3lAQQ3pS8QJRU9yDLDIyI2jOgy1,14,14,1,0,1,0,4
4pfH5noDOfgaV4IQz5sH,LE FIVE Paris 18,played,captain,ChIJpVT4_n1u5kcRzji6FdTBXXo,48.8978522&2.3700234,2024-03-05T18:00:00.000Z,60,14,public,true,Détente,2,AMxxKnFez9dHxoELrlDI12ERLvW2,10,10,2,0,0,0,1
4rhrrvVnXBMhXalqF6pe,Stadium Thiais,published,captain,ChIJ64X9jzx05kcRsHvSfOv6UcA,48.7511137&2.3715422,2024-02-23T16:30:00.000Z,120,10,public,false,Détente,3,Dohg1zNvhsbmGrYuAmExKFyjruw2,9,10,0,0,0,0,0
4rnYfSAAlnrcXmBbJr3i,Stadium Thiais,published,pro,ChIJ64X9jzx05kcRsHvSfOv6UcA,48.7511024&2.3713455,2024-03-06T18:00:00.000Z,90,15,public,false,,,psf3NmXEPwdCltHKJC7VuvJocrF3,1,10,0,0,0,0,0
4seAlVlEmRgnF1F3fOn3,LE FIVE Bezons,played,pro,ChIJ04KEHBZk5kcRoDWLaMOCCwQ,48.91909&2.2093051,2024-02-28T16:30:00.000Z,90,10.5,public,false,,,U3MriTZbPbTUEsU6RtRuHxDMKvg2,10,10,7,0,1,0,3
4uyNjtBrr7P52x8FEs0K,LE FIVE Champigny,played,captain,ChIJsXi1PLYN5kcRTVVDuczgS2s,48.8194084&2.5251846,2024-02-27T19:25:00.000Z,90,16.5,public,false,Détente,,H87PgE8mVNbkq1svhnS5AoIvqgh1,10,10,2,0,0,0,0
4xQgPweDaQcH9dnQcyqh,LE FIVE Montreuil,played,captain,ChIJJdTQjr0T5kcRZmGxtIJVy44,48.8607303&2.4650432,2024-03-06T20:30:00.000Z,90,16.5,public,false,,3,CzE1iEQRnse3Eij55wlfNLxpcrR2,10,10,2,0,0,0,1
4yLfK3WtziNVcCQ3Fes9,Testing Purposes,published,pro,,67.461524&-152.801377,2024-03-07T19:15:00.000Z,60,12,public,false,,,f2LrY7SAV3U1V9tUVAZfiMxA3uu1,0,10,0,0,0,0,0
52VfvjGTh69Jm0xnA9SY,UrbanSoccer - Marne-La-Vallée,played,captain,ChIJ6bDBiosP5kcROXiloHzSdhc,48.82658600000001&2.6296937,2024-03-03T09:15:00.000Z,90,13,public,true,Détente,2,m3LN69pQs2WajCnTPb7PpHTJpMm1,10,10,0,0,0,0,0
53K6Jvbj1jeKG0mH3eDw,UrbanSoccer - Porte d'Aubervilliers,played,captain,ChIJ0dXjDCZs5kcRvX0EpMwxsUY,48.9074912&2.3746518,2024-03-03T12:00:00.000Z,60,12,public,true,Détente,2,wCMm75dZpQf1030CHeVv1rGMnZE2,10,10,6,0,0,0,2
557IjxzqAb2zM7cp72t4,LE FIVE Créteil,played,captain,ChIJ88lx3VwL5kcRVxCh4lD6_Gk,48.7643086&2.4706522,2024-02-21T18:00:00.000Z,60,11,public,false,Détente,4,NDdn5avgv6Wp5SsQToiuba3PZ1u2,10,10,0,0,0,0,0
557NLZ0u9AbErN0TJklo,We Are Sports,played,captain,ChIJFZU5oBHC9EcRJTFrSkI1xxg,45.7113247&4.8761886,2024-02-28T18:00:00.000Z,60,10,public,false,Détente,3,ZvNgpRDShYb05TBD7NkwSqxgIP93,12,12,3,0,0,0,1
55k2jd6YZPVWl0g3QOGT,Parc Interdépartemental des Sports du Tremblay,played,captain,ChIJBVkfrQ4N5kcRGi-XnNQN_yo,48.8281085&2.491365,2024-02-25T15:00:00.000Z,120,,public,false,Compétition,4,JTh2SZwej6OVVpBqOfYOAb2cA1j1,18,18,2,0,0,0,0
55qruM7geH5O1LvsgWMI,Stade Des Courtilles,canceled,captain,ChIJ83HS9ldv5kcR-plMKkHPNTA,48.929137&2.2834726,2024-02-28T18:35:00.000Z,90,,public,false,,,OUDonTRM5JTwDDmUMOikuN6wCKz1,7,14,0,0,0,0,0
56OPTazS4BTQbH3W5ENQ,UrbanSoccer - Lyon Parilly,canceled,captain,ChIJx3FQWjLC9EcRrrQb2eV7i_4,45.7120399&4.9039284,2024-02-25T16:00:00.000Z,90,12.75,public,true,Compétition,3,vSeT6JrqdHW54HyGOZDjzrm9F742,10,10,0,0,0,0,0
56SHGhElM00dm6oc2h6w,Urban Football Meudon,canceled,captain,ChIJFeLBC2N75kcRyM1mlEZ3HjM,48.7983594&2.2102561,2024-03-07T21:00:00.000Z,90,10,public,false,,,ieqcF1MaPKfg3e05FNWsy2p3Kcq2,5,10,0,0,0,0,0
582piVnTX0ftvzkqaclm,LE FIVE Montreuil,canceled,captain,ChIJJdTQjr0T5kcRZmGxtIJVy44,48.8607303&2.4650432,2024-02-25T10:00:00.000Z,60,10,public,false,Détente,3,cAvu5OqzdrY011LFD57S6e9Lfg03,9,10,0,0,0,0,0
5CKnJESeZJmVRrQW7Uxk,Stade Suzanne Lenglen,canceled,captain,ChIJvTSVwnVw5kcR9CmKGXIcwtA,48.83101689999999&2.272363,2024-02-29T11:10:00.000Z,90,,public,false,Détente,3,Q1D4wQxCwQXnRgdIemz47OapBqe2,14,16,0,0,0,0,1
5DE974XKHAphzjPWgwo1,Foot-Max Argenteuil,played,captain,ChIJi9oIzaRm5kcRJYcK7QsdRMU,48.9501569&2.2093741,2024-03-04T20:00:00.000Z,90,12,public,false,Compétition,5,nIBDZZzYUhUGwD8kutAaXR6nZtY2,10,10,2,0,0,0,3
5Fjy0tnRr5X3iJoqcFwG,UrbanSoccer - Toulouse Sept Deniers,canceled,captain,ChIJk5nUBdOkrhIRP-1aUJzo-lA,43.6321552&1.411696,2024-03-03T16:00:00.000Z,90,12,public,true,Détente,1,7Tb5XUFyHzXtxXh1KP4qZwZpR5b2,9,10,0,0,0,0,0
5FsUXw9WEnbbufhXZjYs,Stadium Thiais,played,captain,ChIJ64X9jzx05kcRsHvSfOv6UcA,48.7511137&2.3715422,2024-02-25T18:30:00.000Z,90,12,public,false,Détente,3,Pxfz1Y1npYdl3DJruAXOC7blxgI3,10,10,3,0,0,0,0
5HrWZOufligzUNa3bsYp,Complexe Sportif Marcel Cerdan,published,captain,ChIJsxyEJH1w5kcRFlPyHFZfSzA,48.8143466&2.2897313,2024-02-22T11:00:00.000Z,90,,public,false,Compétition,3,AkrgBTx64wbEUYB1CvUV0WNRudY2,9,10,0,0,0,0,3
5LoNQ5AMVpFwxXUPIFsV,Complexe Sportif Jean Mermoz,published,captain,ChIJOySjcPJ05kcRuekWO3AsDRk,48.75076929999999&2.4137734,2024-03-07T19:30:00.000Z,60,,public,false,Compétition,3,D8H9bvl6lGZGBLlPq0slq7zTS0D2,13,14,0,0,0,0,0
5NTHjppewkbJuCqoY7Ak,UrbanSoccer La Défense,played,captain,ChIJh4rnfVhk5kcRV2Q-ZKdm8vA,48.8996456&2.2216773,2024-02-20T18:15:00.000Z,60,14.5,public,true,Compétition,3,oMRpp2JfVcdwqdTtb9wU0D1iIIf2,10,10,3,0,0,0,4
5Q0i3zSLe7CH62Jgmh7s,LE PARK Complexe Multisports,played,captain,ChIJdUHbID8O5kcRV5lQhiHTvhs,48.8337843&2.5728501,2024-03-06T11:30:00.000Z,60,4,public,false,Détente,3,G6yoF5W0fCQir8KtxHmHZkJuheA3,10,10,1,0,0,0,0
5QgvuJls1JqYhvJB2Uy6,Le 13 - Foot en salle - Marseille,canceled,captain,ChIJR62kUm_ByRIRDnGQqGCeUVQ,43.33370070000001&5.370389599999999,2024-03-06T19:30:00.000Z,60,10,public,false,Détente,3,FytIyeHexnXqZMRq8wsAZXoI8du1,8,10,0,0,0,0,0
5RGqUFgm61I4hUBWcNr5,Footbox,canceled,pro,ChIJY-WkusIR5kcR-tEad3UtaSQ,48.9022789&2.582647,2024-03-02T13:00:00.000Z,60,10,public,false,,,QI89VPazyLhBVnWH871jk4BUEZI3,0,10,0,0,0,0,0
5U5efRqPYMjiCb7SlWbh,Footsal Cousinerie,played,captain,ChIJXQyb1d8pw0cRLO_Ed5xHTIQ,50.6440829&3.1459612,2024-02-28T17:00:00.000Z,90,9,public,false,Compétition,3,dF40vWxa0LQqOtEEfoBuGbICoen2,10,10,4,0,0,0,0
5UQv7Ict2w69xjv8Rtcg,Le Street Foot en Salle,played,captain,ChIJt_AXL6Jg5kcRu6rBmnrmeUM,49.0164435&2.181307,2024-03-03T15:00:00.000Z,90,13,public,false,Détente,2,x9wRtMiAk8gzLg0mVLB0WvMSTEF2,10,10,2,0,0,0,0
5UYM1OHMTiAZwBJQ5JKi,UrbanSoccer La Défense,canceled,captain,ChIJh4rnfVhk5kcRV2Q-ZKdm8vA,48.8996456&2.2216773,2024-02-28T13:00:00.000Z,60,10,public,true,,3,hZT3TqxaNkg9dXqDAk4tmZHnodN2,8,10,0,0,0,0,1
5VLY4dAvGzvoE0YHa5JV,LE FIVE Champigny,published,pro,ChIJsXi1PLYN5kcRTVVDuczgS2s,48.8194084&2.5251846,2024-02-29T17:00:00.000Z,60,11,public,false,,,evlV9mUgATYQ5343zpYZvk4w0r03,0,10,0,0,0,0,0
5WsghV1D7kGQ6ckcYgIP,Stadium Thiais,published,pro,ChIJ64X9jzx05kcRsHvSfOv6UcA,48.7511024&2.3713455,2024-03-06T11:00:00.000Z,60,7,public,false,,,psf3NmXEPwdCltHKJC7VuvJocrF3,0,10,0,0,0,0,0
5XEGq66CA5wa9iuEP1g3,UrbanSoccer - Toulouse Montaudran,canceled,captain,ChIJl772e0u8rhIR2foRX4Xa2CI,43.574642&1.4801835,2024-02-25T09:30:00.000Z,90,12.75,public,true,Détente,2,2PMT7XYnAdbBA6Qi7TD9Z7xTQfF2,7,10,0,0,0,0,0
5YjSkV8cOnuvfJgG5bC0,UrbanSoccer - Puteaux,canceled,captain,ChIJM_sC0-Nk5kcRhL1y_EFIje8,48.8836397&2.2312283,2024-03-03T16:30:00.000Z,90,19.5,public,true,Competition,3,nm44xIEXhqPLpz6uZ61sX7y9Ifu2,9,10,0,0,0,0,0
5ZDGw9M9kHqLhd4YU0fr,Game 13 foot indoor,played,captain,ChIJNSDvlsXryRIRUXao9hwB79I,43.41258939999999&5.366617,2024-03-07T19:00:00.000Z,60,10,public,false,Détente,3,Ez3YAlfrUxgTTJcxq9sNBTRxuHP2,10,10,0,0,0,0,1
5a8Fx1h5wkY4IQU3j4Bu,Game 13 foot indoor,played,captain,ChIJNSDvlsXryRIRUXao9hwB79I,43.41258939999999&5.366617,2024-03-04T18:30:00.000Z,60,10,public,false,Détente,4,RPwfyrL30dS1yvyJwGrn0z2HgSa2,10,10,4,0,0,1,3
5ac0uQEEg7I1f32uUpNt,LE FIVE Bobigny,published,pro,ChIJV8UONORs5kcRXxR5Qd7x130,48.901553&2.4313304,2024-02-27T17:00:00.000Z,60,8,public,false,,,4owi3i7t8EOvFNF6UQvACOpiDRy1,0,10,0,0,0,0,0
5bUcFjoA7xAc7aITfEOv,Stadium Thiais,published,pro,ChIJ64X9jzx05kcRsHvSfOv6UcA,48.7511024&2.3713455,2024-03-04T16:30:00.000Z,90,10,public,false,,,psf3NmXEPwdCltHKJC7VuvJocrF3,0,10,0,0,0,0,0
5f8Txvhwg5sl47Y1KPtc,UrbanSoccer - Lille Bondues,played,captain,ChIJ58ZerMgrw0cR2Jyp7tZjBn4,50.6913774&3.0860264,2024-02-21T19:30:00.000Z,60,11.5,public,true,Compétition,3,AGfibHDjKvTUPMe8vxKxlIwYGYC3,10,10,0,0,0,0,1
5gIsKbQwZ9scqQAKzhev,Firefoot,canceled,captain,ChIJ0zSROfj15kcR4l0wrCcYPMk,49.0275342&2.1040185,2024-03-03T17:00:00.000Z,90,18,public,false,Détente,4,4oAr94gQEIaVQA4PocOMkXOgY7u2,10,10,0,0,0,0,1
5ihGVJCAXaYY57055iu4,Stadium Thiais,published,pro,ChIJ64X9jzx05kcRsHvSfOv6UcA,48.7511024&2.3713455,2024-03-07T16:30:00.000Z,90,10,public,false,,,psf3NmXEPwdCltHKJC7VuvJocrF3,0,10,0,0,0,0,1
5itLTYWa2hsnditHRrhN,UrbanSoccer Orsay,played,captain,ChIJpZIJg7J45kcRrKWKhtbfnEQ,48.70829&2.17794,2024-03-06T19:00:00.000Z,90,16,public,true,Chill,3,jMj888CHnuglX02AL0WCMH42YhP2,10,10,0,0,0,0,0
5iyLyoCqXBZdIloYfmmG,UrbanSoccer - Porte d'Aubervilliers,played,captain,ChIJ0dXjDCZs5kcRvX0EpMwxsUY,48.9074912&2.3746518,2024-03-03T17:00:00.000Z,90,18.75,public,true,Détente,3,9wdRFE6WwWQyz7Ud9v1IeK8B66G2,10,10,0,0,0,0,2
5mmHRL95JsgTXHF0Yp8l,UrbanSoccer - Lyon Parilly,played,captain,ChIJx3FQWjLC9EcRrrQb2eV7i_4,45.7120399&4.9039284,2024-02-29T18:30:00.000Z,60,11.5,public,true,Détente,2,YR63TR3dzJQcbUeEZyvpiWEAox93,10,10,3,0,0,0,0
5n8WWL9S6zbRnXNfU1ol,LE FIVE Marville - La Courneuve,canceled,captain,ChIJ2dHdMZxr5kcR0aKYHYsp0pY,48.9364404&2.3869147,2024-03-02T12:45:00.000Z,90,15,public,false,Détente,2,Ld7XFk2yJSbKlb7XtA82MmFXYve2,10,10,0,0,0,0,0
5qQzULmx3sGcZZdkHHL8,LE 5 DE LEGENDE,played,captain,ChIJU_aXKN_A9EcRHCY74rI9i4Y,45.7617542&4.9413708,2024-02-28T20:00:00.000Z,90,15,public,false,Détente,3,5D0COej5Gtgms9WzT7S9rRTAHVC3,10,10,0,0,0,0,0
5qZl5F5sGMSKno7tRFWA,LE FIVE Bezons,canceled,captain,ChIJ71Mv0Wpk5kcRg-H9x7L-dXo,48.9190524&2.211796,2024-03-02T21:00:00.000Z,90,13,public,true,Compétition,5,d8k53FdQymdrz2mIVZKmbFEx8dD3,3,10,0,0,0,0,0
5vyCXgQmgX5tPST9rXof,LE FIVE Bobigny,played,captain,ChIJV8UONORs5kcRXxR5Qd7x130,48.901553&2.4313304,2024-02-28T17:00:00.000Z,60,8,public,false,,4,7HPhGc2cpsaMh6Ha2uqTAwebPcy1,10,10,0,0,0,0,0
5x15BbndF8iaCNtWEAlh,UrbanSoccer Evry,published,captain,ChIJW0Ut1G7e5UcRt621n2fRQ5M,48.6286849&2.4066366,2024-02-22T17:15:00.000Z,90,13.5,public,true,Détente,3,FBrRwiYQvjbd6UeXKISPFhhsK4a2,9,10,0,0,0,0,0
5yYjBOvY5FMhd1eXP7W6,Stadium Antibes,hidden,pro,ChIJSSGxg-PUzRIRblID9ACQndc,43.6121609&7.122323,2024-03-06T17:00:00.000Z,60,10,public,false,,,w5VZiCXqSxQ40riMnKYLO11xmeJ2,0,10,0,0,0,0,0
5zl1aXjelPYMPPAiUCox,Game 13 foot indoor,canceled,captain,ChIJNSDvlsXryRIRUXao9hwB79I,43.41258939999999&5.366617,2024-03-01T17:30:00.000Z,60,10,public,false,Compétition,4,RPwfyrL30dS1yvyJwGrn0z2HgSa2,8,10,0,0,0,0,0
605uJUTHGxy7ZebivrTS,Monclub Futbol,published,pro,ChIJGbxxaamUyRIRgGvhHnhJStA,43.4299152&5.4001974,2024-02-27T18:00:00.000Z,60,10,public,false,,,CSTy9rmJRQSyWlqWuGiUhGpAGqf2,0,10,0,0,0,0,0
622GnN8TWd70VSK5aWY3,Footbox,canceled,pro,ChIJY-WkusIR5kcR-tEad3UtaSQ,48.9022789&2.582647,2024-02-28T19:00:00.000Z,60,10,public,false,,,QI89VPazyLhBVnWH871jk4BUEZI3,0,10,0,0,0,0,0
62qpy7MlVZQNRhtmnc3F,Stadium Thiais,published,pro,ChIJ64X9jzx05kcRsHvSfOv6UcA,48.7511024&2.3713455,2024-02-24T15:00:00.000Z,90,12,public,false,,,psf3NmXEPwdCltHKJC7VuvJocrF3,0,10,0,0,0,0,0
643YR3VCdwBeBYSLW8gu,Stadium Thiais,played,captain,ChIJ64X9jzx05kcRsHvSfOv6UcA,48.7511137&2.3715422,2024-03-01T18:00:00.000Z,90,15,public,false,Compétition,5,5tIDdEf9kPhO3aoq9CRqiUzIf5v2,12,12,6,0,0,1,4
64iKDl4lOX4MOJYukYXY,Stade Élisabeth,played,captain,ChIJkXj9tq5x5kcROlxynHzTh9o,48.8207737&2.3270972,2024-02-24T17:45:00.000Z,120,,public,false,Compétition,5,oKfGVfs7dYecPpobKfuTXiuhh8J3,14,14,7,0,0,0,3
67WxqCJnPvGhjSycjjPZ,LE FIVE Montreuil,published,pro,ChIJJdTQjr0T5kcRZmGxtIJVy44,48.8613036&2.4653095,2024-03-07T11:00:00.000Z,90,10.5,public,false,,,u9uC1vjdcdQ3UqNxI0SiFxor0m43,0,10,0,0,0,0,0
6AGBhAQHL1yX0yUIHwKD,LE FIVE Bobigny,played,captain,ChIJV8UONORs5kcRXxR5Qd7x130,48.901553&2.4313304,2024-02-25T17:30:00.000Z,30,15,public,false,Détente,3,khr3o6oDi6awuwq5hDPcMMy7ET23,10,10,1,0,0,0,0
6CCjfjkHf1pHlz9Caomz,LE FIVE Bobigny,published,captain,ChIJV8UONORs5kcRXxR5Qd7x130,48.901553&2.4313304,2024-02-21T19:00:00.000Z,120,17,public,false,Détente,2,CfRp3dB6DsaqeMaisrMR5yijF6b2,9,10,0,0,0,0,1
6Czchi7RNLMGYcVopnc8,Play Soccer,played,captain,ChIJQ-UxZn-5rhIRKWoQydM5T9s,43.5512023&1.4098927,2024-03-01T20:30:00.000Z,90,13.5,public,false,Détente,2,8LtkeOuZHeePxfkXdNPmQSr7V9L2,10,10,6,0,0,0,0
6DAve1Zrr6oI6r3EMrus,City Stade - Les Blagis (Basket),played,captain,ChIJKz0h4Alx5kcRDfJDRw9JniQ,48.7849737&2.2978799,2024-03-02T08:45:00.000Z,150,,public,false,Détente,3,aQFen6FLmpgU4CIlRKgUiAvoiJO2,14,14,3,0,0,0,0
6EJNLcwxqmRlQXrzsGPe,UrbanSoccer - Quai d'Ivry,canceled,captain,ChIJfXxYJ0xy5kcRw9xTkF6-FZQ,48.8199885&2.3936463,2024-02-28T20:45:00.000Z,60,14.5,public,true,Détente,3,5fTvjoGLzGMojD4PUs420iiDVxf1,8,10,0,0,0,0,0
6FIsDROZP8bpX3PlqNKS,Lille Football Faubourg de Bethune,canceled,captain,ChIJgUO_inLVwkcR9OZ3Xp9c_v0,50.62148730000001&3.0386445,2024-02-22T18:30:00.000Z,120,2,public,false,Détente,2,zjy5cuJtnGeiJ4QHpaZDAoTpGUJ2,10,16,0,0,0,0,2
6FOwuEm0kaRJq10SQJIe,LE FIVE Bobigny,published,pro,ChIJV8UONORs5kcRXxR5Qd7x130,48.901553&2.4313304,2024-02-23T17:00:00.000Z,60,8,public,false,,,4owi3i7t8EOvFNF6UQvACOpiDRy1,1,10,0,0,0,0,1
6GCi5fgpH9l25YSbzunP,Massilia FIVE,played,captain,ChIJxZ6UmMW-yRIR7ot5DChYj4w,43.28920790000001&5.4503802,2024-03-05T19:00:00.000Z,60,10,public,false,Détente,3,jW5upMJW5KOX3gVito1GITyDgQs2,10,10,1,0,0,0,0
6GfX5Ju0uY57ra0AUKnq,Top Ten,published,pro,ChIJfXprBx4b5kcRmhe-5pLZUek,48.8729106&2.6840919,2024-02-19T22:00:00.000Z,90,16.5,public,false,,,i27253AGxOfXgYJK72sBnvUGuMk2,0,10,0,0,0,0,0
6I6DdeaGrkwKdv2leHoo,Footsal Cousinerie,canceled,captain,ChIJXQyb1d8pw0cRLO_Ed5xHTIQ,50.6440829&3.1459612,2024-03-04T18:30:00.000Z,60,9,public,false,Compétition,3,h1BNzrw7a8WtYlD1CQfwYyglTD73,7,10,0,0,0,0,0
6JTFAxK6Zb9nAmaaQaER,LE FIVE Montreuil,published,pro,ChIJJdTQjr0T5kcRZmGxtIJVy44,48.8613036&2.4653095,2024-02-24T15:00:00.000Z,60,10,public,false,,,u9uC1vjdcdQ3UqNxI0SiFxor0m43,0,10,0,0,0,0,0
6LQ4jXZdcKkKjLkt87Gi,Plaine des Jeux de Gerland,played,captain,ChIJBYG18IPp9EcRUNpTJFdu8f0,45.7213257&4.8272967,2024-03-01T18:00:00.000Z,120,,public,false,Détente,3,LxPSuGjhV3PRpF9vyIhcfl5h3Lv1,10,10,7,0,0,0,0
6QC1TEvY91j2sDzOk62R,Stadium Thiais,played,pro,ChIJ64X9jzx05kcRsHvSfOv6UcA,48.7511024&2.3713455,2024-03-03T13:30:00.000Z,90,15,public,false,,,psf3NmXEPwdCltHKJC7VuvJocrF3,10,10,4,0,0,1,3
6Qc9wsUFrk2NVByNsoJT,GOPARK INTERIEUR - Paintball et trampolines parc,played,captain,ChIJ2cJmdhf15kcRQ4mUOxIVzd0,49.045624&2.0799886,2024-02-27T19:00:00.000Z,120,12.5,public,false,Détente,2,5svK059jMCWGd7IRy8UcfstZDyO2,12,12,7,0,0,0,1
6RsV5ZAh8Yh4wfOEATHs,Footsal,played,captain,,50.6397895&3.1251337,2024-03-07T19:00:00.000Z,60,8,public,false,Détente,3,QdW4jplVvNZfZx1dXpklkwRzHjo1,10,10,10,0,0,0,2
6SXKvD4Q6Wwk2M4HqtKQ,Sun Set Soccer,canceled,captain,ChIJ-2jOt33D9EcRLZL2mS5Gvz4,45.6768927&4.9409477,2024-02-29T17:30:00.000Z,90,13,public,false,Détente,2,D1z0HClnQcPwRR7Ctq4eGzvoOHD2,7,10,0,0,0,0,0
6SrIpZRY0y60ZZbKlILR,Stadium Thiais,played,captain,ChIJ64X9jzx05kcRsHvSfOv6UcA,48.7511137&2.3715422,2024-02-28T19:30:00.000Z,90,15,private,false,Détente,2,4RHDQtermHaFhL7qUwROYvMuoIF3,10,10,3,0,0,0,0
6WyjQqSvV20oZA0z8Tgu,Stadium Thiais,canceled,captain,ChIJ64X9jzx05kcRsHvSfOv6UcA,48.7511137&2.3715422,2024-02-21T18:00:00.000Z,90,8,public,false,Compétition,3,UflcsSojqbMyPLWcKVpJGH0H5D83,1,10,0,0,0,0,0
6XuMGNtQdyK0VOQLhKjw,Foot POWER 5,canceled,pro,ChIJuTCIFshm5kcRBtEQJ76dAzc,48.960066&2.2061913,2024-02-28T17:00:00.000Z,90,5,public,false,,,sss3dYi6nzWd7rEjwcQ30LGKudj1,0,10,0,0,0,0,0
6Z7LBGhFD6CUsYF1T9pv,UrbanSoccer Guyancourt,played,captain,ChIJmdX-2c-A5kcRj1wtOS8rZmo,48.7722091&2.0600292,2024-02-20T19:00:00.000Z,90,16,public,true,Compétition,2,1m7ItkzfzQT3CJr8hsE2hHmcavW2,10,10,2,0,0,0,1
6aIgd1WB8tBWjmfLXOrw,LE FIVE Paris 18,played,captain,ChIJpVT4_n1u5kcRzji6FdTBXXo,48.8978522&2.3700234,2024-03-06T18:00:00.000Z,60,14,public,true,Détente,2,QhEm090yDOVbJf88kjdUm9kMLhl1,10,10,0,0,0,0,0
6aprzkD9x4fD8GRE2xzj,Stadium Thiais,played,pro,ChIJ64X9jzx05kcRsHvSfOv6UcA,48.7511024&2.3713455,2024-02-26T21:00:00.000Z,90,12,public,false,,,psf3NmXEPwdCltHKJC7VuvJocrF3,12,12,8,0,0,0,2
6bK1J4BzXXCrHqrI44pv,UrbanSoccer - Quai d'Ivry,played,captain,ChIJfXxYJ0xy5kcRw9xTkF6-FZQ,48.8199885&2.3936463,2024-02-22T20:45:00.000Z,60,15,public,true,Détente,2,sO0LTl6YaUdGKsUAKJmHWRbiZDL2,10,10,0,0,0,0,0
6erfPfiYf4FDdVVkUzcY,Le Sporting Nantes,published,captain,ChIJo-3LeLXsBUgRu6gtAgQ6sJA,47.2215137&-1.6415682,2024-02-21T16:30:00.000Z,60,7,public,false,Détente,1,4KOCGAvsPdPGWPI7Di1jkaHrDyy1,7,10,0,0,0,0,0
6hx4hufIhOTR2V4VcUqM,UrbanSoccer - Puteaux,played,captain,ChIJM_sC0-Nk5kcRhL1y_EFIje8,48.8836397&2.2312283,2024-02-20T21:30:00.000Z,60,13,public,true,Détente,3,i8RwLl7FqQNcrB73kctakU6iqwr1,10,10,3,0,0,0,1
6ljwRNlEBTxI36mzNKei,Top Ten,played,pro,ChIJfXprBx4b5kcRmhe-5pLZUek,48.8729106&2.6840919,2024-02-28T21:30:00.000Z,90,16.5,public,false,,,i27253AGxOfXgYJK72sBnvUGuMk2,10,10,4,0,0,0,0
6m9CBKejzbJVzfi2JKHb,Le Street Foot en Salle,played,captain,ChIJt_AXL6Jg5kcRu6rBmnrmeUM,49.0164435&2.181307,2024-02-25T10:30:00.000Z,90,13,public,false,Détente,2,fUEop5lNJWh0YPTGRhJzX2wbEY82,10,10,4,1,0,0,1
6mcj5xxS3Pcx8v37bhLL,Kinshasa,published,pro,ChIJi2oG_jAxahoRjTdSH05-ixY,-4.3032527&15.310528,2024-02-23T15:00:00.000Z,90,21,public,false,,,zCvsukfMuuffsuPpSTQwb7MusMD2,0,10,0,0,0,0,0
6oQdNjpUsWztWAqfp6K7,Play Soccer,played,captain,ChIJQ-UxZn-5rhIRKWoQydM5T9s,43.5512023&1.4098927,2024-02-27T17:00:00.000Z,90,13,public,false,,4,9ndPGsv3ksOJZ0heACZG2NFpVq43,10,10,4,0,0,0,1
6oaURuXh27wanKgvCjrz,Le 13 - Foot en salle - Marseille,canceled,captain,ChIJR62kUm_ByRIRDnGQqGCeUVQ,43.33370070000001&5.370389599999999,2024-02-27T18:00:00.000Z,60,10,public,false,Détente,3,fIhi7V2KmzRGAHGUvph6Cb9O51t1,9,10,0,0,0,0,0
6rJXfpUctcgX6SdLDgwm,Stadium Thiais,canceled,captain,ChIJ64X9jzx05kcRsHvSfOv6UcA,48.7511137&2.3715422,2024-03-06T19:30:00.000Z,90,15,public,false,Détente,2,emyaA5qYXlQPVKtlRk2BCZ2YKNd2,4,10,0,0,0,0,0
6sgqLkQT6sjbuTn7AeDD,Saint Brice Football Club,canceled,captain,ChIJJyhJ481p5kcRo8LiPW6BP1A,49.0057487&2.3458516,2024-02-24T22:00:00.000Z,60,10,public,false,Détente,4,O1snA8LRjAXQVysU3puWkLfVcza2,6,10,0,0,0,0,0
6ulbc3YH0c6ezVyxOfox,Stadium Thiais,played,captain,ChIJ64X9jzx05kcRsHvSfOv6UcA,48.7511137&2.3715422,2024-02-23T12:00:00.000Z,90,10,public,false,Détente,3,peuCjTURpaZpz6Z7OLhzZyn5pVZ2,10,10,6,0,0,0,0
6wlzLcTZCYn2undhtwiC,UrbanSoccer - Asnières,canceled,captain,ChIJi5LkLT9v5kcRSlhScqEFNWs,48.92192379999999&2.3068311,2024-03-01T19:30:00.000Z,90,18.75,public,true,Compétition,3,35Lr5jbDfzUfSvsKf42Uk7TLyzi2,9,10,0,0,0,0,0
6yEp6Vv0cpWDjGM9gHWA,UrbanSoccer - Porte d'Aubervilliers,played,captain,ChIJ0dXjDCZs5kcRvX0EpMwxsUY,48.9074912&2.3746518,2024-03-07T19:30:00.000Z,90,21,public,true,Détente,2,yFkcXNtHwXPgxX0qKc79CKYMKgC2,10,10,0,0,0,0,0
6zUyhYZ5Z8ItltD0OD5g,Play Soccer,played,captain,ChIJQ-UxZn-5rhIRKWoQydM5T9s,43.5512023&1.4098927,2024-03-07T11:15:00.000Z,60,9,public,false,Détente,2,Yvo3t5cPGafDi62cTeU2baljxU82,10,10,6,0,0,0,0
70HtlKyZyqVYPi0lwHip,Game 13 foot indoor,played,captain,ChIJNSDvlsXryRIRUXao9hwB79I,43.41258939999999&5.366617,2024-02-22T19:30:00.000Z,60,10,public,false,Détente,3,Ez3YAlfrUxgTTJcxq9sNBTRxuHP2,10,10,7,0,0,0,0
70dgLlzQ2cKff1ge5lrX,LE FIVE Paris 18,canceled,captain,ChIJpVT4_n1u5kcRzji6FdTBXXo,48.8978522&2.3700234,2024-03-01T19:00:00.000Z,60,14,public,true,,3,zZPaks2J10QWgrCC7SwlmQTX0TD2,9,10,0,0,0,0,0
70hPk0MCnm4nDjV1mOuL,LE FIVE Villette,played,captain,ChIJTUFnQjps5kcR0pHITLTw1PI,48.9070122&2.3861459,2024-03-06T16:00:00.000Z,60,7,public,false,Détente,2,HyTxpFhXmdhAuifzKsqMZdmeS5q1,10,10,6,1,0,0,0
72zGItwODowk1E653jSY,LE FIVE Montreuil,played,captain,ChIJJdTQjr0T5kcRZmGxtIJVy44,48.8607303&2.4650432,2024-02-22T19:00:00.000Z,60,11,public,false,Détente,2,uJLeXtaHvQNPJhzLaKumA83Vmrr2,10,10,5,0,0,0,0
74y04oEj27YiQ6P59T5c,LE FIVE Montreuil,published,pro,ChIJJdTQjr0T5kcRZmGxtIJVy44,48.8613036&2.4653095,2024-03-03T13:00:00.000Z,90,15,public,false,,,u9uC1vjdcdQ3UqNxI0SiFxor0m43,0,10,0,0,0,0,0
75HnQD0RHIv6cTHTBlDj,LE FIVE Champigny,played,captain,ChIJsXi1PLYN5kcRTVVDuczgS2s,48.8194084&2.5251846,2024-03-03T18:30:00.000Z,90,11,public,false,Compétition,4,MniR3ZbIhXaeE4uVABsGYNQmjlw2,10,10,3,0,0,0,0
762KgZYpD41za2LI3QNU,LE FIVE Montreuil,published,pro,ChIJJdTQjr0T5kcRZmGxtIJVy44,48.8613036&2.4653095,2024-02-27T21:30:00.000Z,90,13.5,public,false,,,u9uC1vjdcdQ3UqNxI0SiFxor0m43,0,10,0,0,0,0,0
765FJWWfan8a1haEyVER,UrbanSoccer - Quai d'Ivry,played,captain,ChIJfXxYJ0xy5kcRw9xTkF6-FZQ,48.8199885&2.3936463,2024-03-04T19:30:00.000Z,90,21,public,true,Détente,3,jHAofATgHaQ2XhP7YQ1MqZt84003,10,10,8,0,0,0,0
76WU8ljQmQppZHAtzpCh,FOOT INDOOR Marseille,played,captain,ChIJ41AMCxC8yRIRLHLGt11sc-U,43.2859688&5.4882746,2024-02-20T20:30:00.000Z,60,10,public,false,Détente,2,nLmA8QYUsgNiCKeh5OaUwraMdxv2,10,10,0,0,0,0,0
774z0csoqrHc0yhSwvv9,UrbanSoccer La Défense,canceled,captain,ChIJh4rnfVhk5kcRV2Q-ZKdm8vA,48.8996456&2.2216773,2024-02-22T19:00:00.000Z,60,15,public,true,Détente,2,3CpmvOjU8Xc0th6FHfUT3HWOKxL2,9,10,0,0,0,0,0
781A7x1Y9Lyd2pUajwsv,Monclub Futbol,published,pro,ChIJGbxxaamUyRIRgGvhHnhJStA,43.4299152&5.4001974,2024-03-07T17:30:00.000Z,60,10,public,false,,,CSTy9rmJRQSyWlqWuGiUhGpAGqf2,0,10,0,0,0,0,0
78KdswZ3dz0ROrTbgWTK,Stadium Thiais,published,captain,ChIJ64X9jzx05kcRsHvSfOv6UcA,48.7511137&2.3715422,2024-02-24T20:00:00.000Z,90,15,public,false,Compétition,3,n4pjf9aSnTUKo8doQwwhg3glACT2,5,10,0,0,0,0,0
79bEpzilC6TvTUKrEPBC,UrbanSoccer - Lyon Parilly,canceled,captain,ChIJx3FQWjLC9EcRrrQb2eV7i_4,45.7120399&4.9039284,2024-03-03T14:00:00.000Z,60,8.5,public,true,Détente,3,030Ks7rpDta4uOP4cm3vpJNhKz53,4,10,0,0,0,0,0
7A5mBCTLcNfoPWaMZcPj,LE FIVE Morangis,played,captain,ChIJA4uAhOXZ5UcRp-vZXZP-ovY,48.692672&2.3192811,2024-02-22T11:00:00.000Z,60,3.5,public,false,Détente,,g5OrId1Nw3ZdLj3cSX79Pm7UBBk2,10,10,3,1,0,1,3
7BaKN74WeLhMh38MVPvx,Terrain n°23 du Parc Interdépartemental Des Sports de Choisy,published,captain,ChIJvZZjB3515kcRzK_dHETXJkc,48.7699126&2.4314566,2024-03-07T18:45:00.000Z,60,7,public,false,Chill,2,VDNTup82diYOQ12nrop8vnkWerf2,1,14,0,0,0,0,0
7DBuCAJTdJZv4n5pDgTh,Kaiser Park,played,captain,ChIJsRLZzKFg5kcRBCfNws9nssw,49.0175545&2.1775301,2024-02-27T19:00:00.000Z,90,15,public,false,Détente,3,fTSRHkvCwQViD9lqN3QjWqhhpih1,10,10,1,0,0,0,2
7EAfVR299v9Y1N5lxU8Y,LE FIVE Paris 17,played,captain,ChIJ7eI8sFNv5kcR5xy52Wc57NU,48.900032&2.3213449,2024-03-07T21:00:00.000Z,120,10,public,true,Détente,2,o2jV6LybU1Wx5biAwXkQCL6JGJP2,10,10,0,0,0,0,0
7HKb2TJahjWXMAe7j2N2,LE FIVE Bobigny,published,pro,ChIJV8UONORs5kcRXxR5Qd7x130,48.901553&2.4313304,2024-03-04T17:00:00.000Z,60,8,public,false,,,4owi3i7t8EOvFNF6UQvACOpiDRy1,2,10,0,0,0,0,0
7ITGyy5fzlXzbN95XGTP,Stadium Thiais,published,pro,ChIJ64X9jzx05kcRsHvSfOv6UcA,48.7511024&2.3713455,2024-02-26T18:00:00.000Z,90,15,public,false,,,psf3NmXEPwdCltHKJC7VuvJocrF3,0,10,0,0,0,0,0
7IoRO7aGMpe6b4OGMDqq,Z5 Aix,played,captain,ChIJKb-U_9KSyRIRKIFKbH5mW18,43.4787869&5.3969048,2024-02-27T18:30:00.000Z,60,11,public,false,Détente,3,zBecm450FzNBdT72vr3EEt5KW983,10,10,2,0,0,0,1
7K084R1QMVBGBlRNePpW,Stadium Thiais,published,pro,ChIJ64X9jzx05kcRsHvSfOv6UcA,48.7511024&2.3713455,2024-03-01T11:00:00.000Z,60,7,public,false,,,psf3NmXEPwdCltHKJC7VuvJocrF3,0,10,0,0,0,0,0
7MPefdQtxJIrwqXs4Geb,UrbanSoccer - Lyon Parilly,published,captain,ChIJx3FQWjLC9EcRrrQb2eV7i_4,45.7120399&4.9039284,2024-03-04T17:00:00.000Z,60,7,public,true,Détente,2,QPQIwGfmPPYUAQbUeIZw0yfKCJ32,5,10,0,0,0,0,0
7OUbS0r9NMWWpPk8lpkk,UrbanSoccer - Quai d'Ivry,played,captain,ChIJfXxYJ0xy5kcRw9xTkF6-FZQ,48.8199885&2.3936463,2024-03-04T17:30:00.000Z,60,12,public,true,Détente,2,e89vojIXYOg27mBw0cilNortvVp2,10,10,0,0,0,0,0
7QcSo2saO02yrRddr50d,UrbanSoccer - Asnières,canceled,captain,ChIJi5LkLT9v5kcRSlhScqEFNWs,48.92192379999999&2.3068311,2024-03-02T14:00:00.000Z,90,,public,true,Compétition,4,zUvdCVARzoQnoRY4L2thkwDWhuO2,7,14,0,0,0,0,0
7S59inewn8nB3DkH3su2,LE FIVE Paris 13,canceled,pro,ChIJ_bOSChhz5kcRZMTeq_6Gdzg,48.8181615&2.3658793,2024-03-04T22:00:00.000Z,60,10,public,false,,,FjSnzlRFFfhWVWQJGfIEwRc2ZMj2,7,10,0,0,0,0,1
7Uta5gBIxtULO9MlTxWC,LE FIVE Bezons,played,pro,ChIJ04KEHBZk5kcRoDWLaMOCCwQ,48.91909&2.2093051,2024-03-06T21:00:00.000Z,90,14,public,false,,,U3MriTZbPbTUEsU6RtRuHxDMKvg2,10,10,0,0,0,0,1
7UyyaC15aGOGiPGiNKJW,Footbox,canceled,pro,ChIJY-WkusIR5kcR-tEad3UtaSQ,48.9022789&2.582647,2024-03-03T12:00:00.000Z,60,10,public,false,,,QI89VPazyLhBVnWH871jk4BUEZI3,0,10,0,0,0,0,0
7XwhyC2f2imwRCo1l47b,UrbanSoccer - Asnières,played,captain,,48.92192379999999&2.3068311,2024-03-01T21:30:00.000Z,90,5,public,true,Détente,3,5qq0zfP2PefyCYjpJkx8mg1Dr7B3,10,10,1,0,0,0,2
7ZBmeRAvmevLP7JBvpMv,UrbanSoccer Evry,played,captain,ChIJW0Ut1G7e5UcRt621n2fRQ5M,48.6286849&2.4066366,2024-03-03T10:30:00.000Z,60,8.5,public,true,Détente,,SehqXRhSXXg8teLwqalefRWWTZJ2,10,10,0,0,0,0,0
7bXgYzPyxYn1CMFkfkjK,LE FIVE Paris 18,played,captain,ChIJpVT4_n1u5kcRzji6FdTBXXo,48.8978522&2.3700234,2024-03-06T20:30:00.000Z,60,12,public,true,Détente,4,IwsUsKzy8ggpgnNhqNE8V86pHH52,10,10,0,0,0,1,0
7f8Ps8NBG270KaKTpIsI,We Are Sports,played,captain,ChIJFZU5oBHC9EcRJTFrSkI1xxg,45.7113247&4.8761886,2024-03-06T18:30:00.000Z,60,10,public,false,Détente,3,ZvNgpRDShYb05TBD7NkwSqxgIP93,10,10,6,0,0,0,1
7fLrmI5rYv7wJtoBD9x2,UrbanSoccer - Toulouse Montaudran,played,captain,ChIJl772e0u8rhIR2foRX4Xa2CI,43.574642&1.4801835,2024-03-04T18:00:00.000Z,60,11,public,true,Détente,3,U1n2PGxu7RRLUxVlhHEbZ7kf1QF2,10,10,1,0,0,0,0
7g6fmfeSXLsdMxLafMoF,LE FIVE La Rochelle,published,captain,ChIJAYcXu5xNAUgRiFOwJiUbggQ,46.16183179999999&-1.0915968,2024-02-20T14:00:00.000Z,90,10,public,false,Détente,2,Ngigbm3cq8dG9amXAD8Ho5FdiZw1,5,10,0,0,0,0,0
7iQ1WsOXgHRE3uuABp0J,Footbox,published,pro,ChIJY-WkusIR5kcR-tEad3UtaSQ,48.9022789&2.582647,2024-02-21T18:00:00.000Z,60,10,public,false,,,QI89VPazyLhBVnWH871jk4BUEZI3,1,10,0,0,0,0,0
7kchh1Ds9jJ9PPI3xMSe,Play Soccer,played,captain,ChIJQ-UxZn-5rhIRKWoQydM5T9s,43.5512023&1.4098927,2024-02-23T18:00:00.000Z,90,13.5,public,false,,2,8LtkeOuZHeePxfkXdNPmQSr7V9L2,10,10,0,0,0,0,0
7l4b7LvMfDwux0pH7cTo,LE FIVE Paris 18,played,captain,ChIJpVT4_n1u5kcRzji6FdTBXXo,48.8978522&2.3700234,2024-02-24T12:30:00.000Z,60,13,public,true,Détente,2,QhEm090yDOVbJf88kjdUm9kMLhl1,10,10,5,2,1,0,1
7lvp0ZBtD09lbqUHBiJz,UrbanSoccer - Puteaux,played,captain,ChIJM_sC0-Nk5kcRhL1y_EFIje8,48.8836397&2.2312283,2024-03-03T16:30:00.000Z,90,19.5,public,true,Détente,4,K3rcllEj8xWR995DO2oNemT8BSh2,10,10,2,0,0,0,4
7lwAe3OyELe4SYGUk4kl,LE FIVE Paris 18,played,captain,ChIJpVT4_n1u5kcRzji6FdTBXXo,48.8978522&2.3700234,2024-02-26T19:00:00.000Z,60,14,public,true,Détente,3,x6HXHeoKRgfgBIJmy2aFzazHHkb2,10,10,1,0,0,0,0
7o5QArn2aWfZZKuTyXZs,UrbanSoccer La Défense,played,captain,ChIJh4rnfVhk5kcRV2Q-ZKdm8vA,48.8996456&2.2216773,2024-02-23T19:00:00.000Z,60,15,public,true,Détente,3,Zf7ejcUr7gTI9B0jvrr5WrKceYt1,10,10,1,0,0,0,0
7oBitQcuXQrMB5egRYVV,LE FIVE Paris 18,played,pro,ChIJpVT4_n1u5kcRzji6FdTBXXo,48.8978522&2.3700234,2024-02-29T15:50:00.000Z,60,5,public,false,,,UQf33jQhVZhle917nO0h7D5qclV2,10,10,10,0,0,0,12
7pDuOTZcIeD2xYaMogYj,Foot POWER 5,canceled,pro,ChIJuTCIFshm5kcRBtEQJ76dAzc,48.960066&2.2061913,2024-02-29T17:00:00.000Z,90,5,public,false,,,sss3dYi6nzWd7rEjwcQ30LGKudj1,0,10,0,0,0,0,0
7tT69iEFIuVHusZLwbCM,LE FIVE Rouen,played,captain,ChIJc7A1v4ne4EcRyi0mTJfk2WI,49.4276596&1.1038652,2024-02-26T19:00:00.000Z,60,9,private,false,Détente,2,4rmCQAiOzeWUFhBGKF6Cv7hv5wl1,10,10,0,0,0,0,0
7u3H3CA2s5qcOX6jkYV3,Le 13 - Foot en salle - Marseille,published,captain,ChIJR62kUm_ByRIRDnGQqGCeUVQ,43.33370070000001&5.370389599999999,2024-03-02T11:00:00.000Z,60,10,private,false,,3,1klsnAufEPdoXXbKsBiWh4Tq5y73,1,10,0,0,0,0,0
7vtsaNy7RYO79KhHM60i,Stadium Thiais,hidden,pro,,48.7511024&2.3713455,2024-03-01T18:30:00.000Z,90,15,public,false,,,psf3NmXEPwdCltHKJC7VuvJocrF3,0,10,0,0,0,0,0
7w18rJ4OPty8DKYDPK18,LE FIVE Bezons,canceled,pro,ChIJ04KEHBZk5kcRoDWLaMOCCwQ,48.91909&2.2093051,2024-03-06T16:30:00.000Z,90,10.5,public,false,,,U3MriTZbPbTUEsU6RtRuHxDMKvg2,0,10,0,0,0,0,0
828I8y3SlZ5dHGFL5tD0,Game 13 foot indoor,played,captain,ChIJNSDvlsXryRIRUXao9hwB79I,43.41258939999999&5.366617,2024-03-01T19:00:00.000Z,60,10,public,false,Détente,4,Ez3YAlfrUxgTTJcxq9sNBTRxuHP2,10,10,2,0,0,0,1
85fBOy47kcdswmKM23Rd,Foot-Max Argenteuil,published,pro,ChIJi9oIzaRm5kcRJYcK7QsdRMU,48.9501632&2.2093946,2024-02-23T22:30:00.000Z,90,12,public,false,,,SuEnyPZ4TgNIkt1yap2yJ3ZHO6p1,8,10,0,0,0,0,4
86vFpA4WLTH5cdzqF817,Monclub Futbol,played,captain,ChIJGbxxaamUyRIRgGvhHnhJStA,43.4299152&5.4001974,2024-02-28T17:00:00.000Z,60,10,public,false,Compétition,3,EyCW4ZK9HIc0UzwprIx58D4GSy82,10,10,2,0,0,0,0
87QHVoocyv2UHQBvaT5F,Stadium Thiais,played,pro,ChIJ64X9jzx05kcRsHvSfOv6UcA,48.7511024&2.3713455,2024-02-29T11:00:00.000Z,60,7,public,false,,,psf3NmXEPwdCltHKJC7VuvJocrF3,10,10,5,0,0,0,4
87pM4MUTKYXmbyaOdvv5,LE FIVE Marville - La Courneuve,played,captain,ChIJ2dHdMZxr5kcR0aKYHYsp0pY,48.9364404&2.3869147,2024-03-04T20:00:00.000Z,90,13.5,public,false,Détente,3,WIPtEf9kb7RR99H8XnJsAtZdt012,10,10,1,0,0,0,1
88FXGAvK5JHkmHbwe1jd,Stadium Thiais,played,captain,ChIJ64X9jzx05kcRsHvSfOv6UcA,48.7511137&2.3715422,2024-03-01T15:55:00.000Z,120,10,public,false,Détente,3,Dohg1zNvhsbmGrYuAmExKFyjruw2,10,10,2,0,0,0,1
88gD5qgMHKcQ7Mwgq4MO,Play Soccer,played,captain,ChIJQ-UxZn-5rhIRKWoQydM5T9s,43.5512023&1.4098927,2024-02-20T19:00:00.000Z,60,10,public,false,Détente,2,wBLa7mVFYuT3I9zoAAC8pMdIQs13,10,10,2,0,0,0,0
89QIL4MrqEVi0AHo7xYz,Laneuveville-devant-Nancy,published,captain,ChIJ48ubExSZlEcRw5sR7oj8eh4,48.65564810000001&6.227988600000001,2024-02-24T13:00:00.000Z,180,1,private,false,Détente,3,0w4UqVJaTFY4RiCIIFQpP3Ge2iZ2,4,10,0,0,0,0,0
8ALgATNdsVlsCLdA7J6C,Stadium Thiais,published,pro,ChIJ64X9jzx05kcRsHvSfOv6UcA,48.7511024&2.3713455,2024-02-27T19:30:00.000Z,90,15,public,false,,,psf3NmXEPwdCltHKJC7VuvJocrF3,0,12,0,0,0,0,1
8BYhF5Q95GtuP3MBXsLf,Le Street Foot en Salle,canceled,captain,ChIJt_AXL6Jg5kcRu6rBmnrmeUM,49.0164435&2.181307,2024-02-24T14:55:00.000Z,60,9,public,false,Détente,3,1Bz3p0ciXyRWXB2Di80CLRrog5b2,6,10,0,0,0,0,2
8CHKECXfrIhXugIE8Rbs,Events Five,canceled,captain,ChIJf8cSCJG5rhIRoQadPH-wW1U,43.5399703&1.3922897,2024-03-07T17:00:00.000Z,60,9,public,false,Compétition,3,gYp8FyCQHSN7rsMacmhUVybxTk62,9,10,0,0,0,0,0
8CKHGkA1lKVFaz1Ae8fO,Stadium Thiais,published,pro,ChIJ64X9jzx05kcRsHvSfOv6UcA,48.7511024&2.3713455,2024-02-25T18:00:00.000Z,90,15,public,false,,,psf3NmXEPwdCltHKJC7VuvJocrF3,1,10,0,0,0,0,0
8E1NoEpuQru9aOQjfNaa,UrbanSoccer - Porte d'Aubervilliers,draft,captain,,48.9074912&2.3746518,2024-03-03T17:00:00.000Z,60,,public,false,,,h8awW9Tg0hg5vC9RzsaoXyTeWiu1,0,0,0,0,0,0,0
8FLNaZfsEAD4rXJHJshL,BIG5,canceled,captain,ChIJsb_7TJFp5kcRSPL5VqZulr4,48.9901429&2.3617895,2024-03-03T10:00:00.000Z,90,13.5,public,false,Détente,3,paImjNxSSYQOjcKl64gnpg9l9EY2,7,10,0,0,0,0,0
8FTCo3UTcQuh2K66Fxf2,Stadium Thiais,published,pro,ChIJ64X9jzx05kcRsHvSfOv6UcA,48.7511024&2.3713455,2024-03-07T21:00:00.000Z,90,14,public,false,,,psf3NmXEPwdCltHKJC7VuvJocrF3,0,10,0,0,0,0,0
8Fv3G2SCG4sYHYpZiiJd,UrbanSoccer - Puteaux,played,captain,ChIJM_sC0-Nk5kcRhL1y_EFIje8,48.8836397&2.2312283,2024-03-02T12:20:00.000Z,60,13.5,public,true,Chill,4,Gk61iaH8taWVyAbDIqXa1ga0bRH3,10,10,2,0,0,0,1
8HoFlAxy1z7j7cO4mqFr,UrbanSoccer - Quai d'Ivry,canceled,captain,ChIJfXxYJ0xy5kcRw9xTkF6-FZQ,48.8199885&2.3936463,2024-02-20T18:00:00.000Z,60,15,public,true,Détente,2,CrcQf0Nftmay3qS5E7DDQnhbzU22,8,10,0,0,0,0,0
8K58q3o1k0mLVu5wgytY,Centre Sportif Léon Biancotto,canceled,captain,ChIJ-VeFoadv5kcRK1mEqcLRlxQ,48.8961559&2.3117446,2024-03-02T10:00:00.000Z,60,,public,false,Compétition,3,m7imBq1NUyNWG8h7VnEi8MATmRl1,13,14,0,0,0,0,3
8Kv8wKesKTvbsdw49zj8,Complexe Sportif Marcel Cerdan,played,captain,ChIJ4yO_Yfq7rhIRBZbt2F1J1yM,43.58651529999999&1.3986464,2024-02-27T18:30:00.000Z,90,,public,false,Détente,2,Ig64ZF2Ct9c4jhqlrqeMFtYtkvf2,22,22,2,0,0,0,1
8LejL5SRl3oDtEAfmdq6,Soccer Five,canceled,captain,ChIJp0K53sp55kcR61-WTU8Yv5k,48.7368129&2.2591558,2024-02-24T09:00:00.000Z,90,,public,false,Détente,3,Dohg1zNvhsbmGrYuAmExKFyjruw2,7,10,0,0,0,0,1
8Mrh2pWz3G76E1E9PFoi,Stade Lénine,canceled,captain,ChIJkZtNFHBx5kcRSJxW_zxIUz4,48.8202285&2.2982211,2024-02-25T09:00:00.000Z,90,,private,false,Compétition,4,AkrgBTx64wbEUYB1CvUV0WNRudY2,4,10,0,0,0,0,0
8NhUNiLMTQe5daWfIaBE,Foot POWER 5,canceled,pro,ChIJuTCIFshm5kcRBtEQJ76dAzc,48.960066&2.2061913,2024-03-07T21:30:00.000Z,90,7,public,false,,,sss3dYi6nzWd7rEjwcQ30LGKudj1,0,10,0,0,0,0,0
8NmPXzpbQ1n4OLRQWJkE,Stadium Thiais,played,captain,ChIJ64X9jzx05kcRsHvSfOv6UcA,48.7511137&2.3715422,2024-02-21T21:00:00.000Z,90,14,public,false,Détente,2,hsT7W6aI7Ab1mcUdMT3eFGVHSUq2,10,10,2,0,0,0,0
8OVn3soflmugaXQ9TC4L,STADIUM FOOT 5 VILLAGE,played,captain,ChIJbbOWFtC4yRIR0WXVerbWmnE,43.269413&5.4260321,2024-03-05T18:00:00.000Z,90,15,public,false,,4,7T0kZGAv6lSfVocEF7YXoMjcNGS2,10,10,0,0,0,0,0
8POYGHwXlRtWibUTDcDJ,LE FIVE Sarcelles,played,captain,ChIJ6_q3Fxhq5kcRCpoEwnoXX1Q,48.99782219999999&2.3902225,2024-02-28T19:00:00.000Z,90,10,public,false,Détente,4,que2ClS9cKaQ76VTIMNVaEEzQlW2,10,10,4,0,0,0,6
8PjMTb2LtznuiFet05OF,Spot FUTSAL,canceled,captain,ChIJwdUawmfVwkcRaNLo_CmNii0,50.6106345&3.0624494,2024-03-03T18:00:00.000Z,90,10,public,false,Détente,3,lZlBzBjGTHciWjQraOPYPLGQvtk2,2,10,0,0,0,0,0
8QpIqJnsyfGXcLIM00CZ,Stadium Thiais,canceled,captain,ChIJ64X9jzx05kcRsHvSfOv6UcA,48.7511137&2.3715422,2024-02-21T19:30:00.000Z,30,15,public,false,Détente,3,emyaA5qYXlQPVKtlRk2BCZ2YKNd2,9,10,0,0,0,0,0
8Rk6Ipb2lrX7FVumTupa,LE FIVE Montreuil,published,pro,ChIJJdTQjr0T5kcRZmGxtIJVy44,48.8613036&2.4653095,2024-02-20T21:30:00.000Z,90,13.5,public,false,,,u9uC1vjdcdQ3UqNxI0SiFxor0m43,0,10,0,0,0,0,0
8TYwHZ6NnaePmk9vvDlA,Monclub Futbol,canceled,captain,ChIJGbxxaamUyRIRgGvhHnhJStA,43.4299152&5.4001974,2024-03-07T17:30:00.000Z,60,10,public,false,,,AJhhBgOA04SJ5cqig5ffOrI68J53,6,10,0,0,0,0,0
8TZmFilFXREzX0QJKG7a,LE FIVE Montreuil,published,pro,ChIJJdTQjr0T5kcRZmGxtIJVy44,48.8613036&2.4653095,2024-02-25T13:00:00.000Z,90,15,public,false,,,u9uC1vjdcdQ3UqNxI0SiFxor0m43,1,10,0,0,0,0,0
8ThVDmYjnfSFt6NYCvBC,Foot POWER 5,canceled,pro,ChIJuTCIFshm5kcRBtEQJ76dAzc,48.960066&2.2061913,2024-03-02T17:00:00.000Z,90,7,public,false,,,sss3dYi6nzWd7rEjwcQ30LGKudj1,0,10,0,0,0,0,0
8Tol81VtlelxIzdMlSCr,LE FIVE Morangis,canceled,captain,ChIJA4uAhOXZ5UcRp-vZXZP-ovY,48.692672&2.3192811,2024-03-06T19:30:00.000Z,90,15,public,false,Détente,,XOm02rrqPlOgCMLPRqKj16ZiuYR2,1,10,0,0,0,0,0
8Un4o9LSM5d1MdJlhCDV,Sport dans la Ville Rhône-Alpes,played,captain,ChIJoUEDcmvr9EcRILCz6hDCQ2o,45.7811703&4.8081568,2024-02-28T18:00:00.000Z,60,9,public,false,Détente,2,G4QpHYUbqoZlQKbQPAHxFhJo6Yh1,10,10,3,0,0,0,3
8WqolcVfy8I998wTPntw,UrbanSoccer - Lyon Parilly,played,captain,ChIJx3FQWjLC9EcRrrQb2eV7i_4,45.7120399&4.9039284,2024-02-27T18:30:00.000Z,60,11,public,true,Détente,3,QUujlsu0G8X7kCWXMeOuQdGF3WI3,10,10,3,0,0,0,0
8ZQPwMRIc8XPDBGWCXBZ,Stadium Thiais,played,pro,ChIJ64X9jzx05kcRsHvSfOv6UcA,48.7511024&2.3713455,2024-02-25T19:30:00.000Z,90,15,public,false,,,psf3NmXEPwdCltHKJC7VuvJocrF3,10,10,7,1,0,0,1
8bhEN3x0BzcaovVF5U3k,Top Ten,published,pro,ChIJfXprBx4b5kcRmhe-5pLZUek,48.8729106&2.6840919,2024-03-02T10:30:00.000Z,90,15,public,false,,,i27253AGxOfXgYJK72sBnvUGuMk2,0,10,0,0,0,0,0
8cioSgOk5oB4fmponYRq,STADIUM FOOT 5 VILLAGE,published,captain,ChIJbbOWFtC4yRIR0WXVerbWmnE,43.269413&5.4260321,2024-02-29T20:00:00.000Z,60,10,public,false,,2,MKjoGJESIIfNKw5sH93VODBuvLv2,8,10,0,0,0,0,0
8f73ni6PyLFqTTLoFFA3,LE FIVE Paris 13,played,captain,ChIJ_bOSChhz5kcRZMTeq_6Gdzg,48.8181615&2.3658793,2024-03-04T17:00:00.000Z,60,14,public,true,Chill,2,tMQEjpQhhPNYl6q8Q770ukG48SD2,10,10,2,0,0,0,0
8fODQcOhrtU6ljI41HEF,Play Soccer,canceled,captain,ChIJQ-UxZn-5rhIRKWoQydM5T9s,43.5512023&1.4098927,2024-02-28T20:00:00.000Z,60,10,public,false,Détente,2,8LtkeOuZHeePxfkXdNPmQSr7V9L2,10,10,0,0,0,0,0
8fZknax89OdI8lN4c4zU,LE FIVE Paris 17,canceled,captain,ChIJ7eI8sFNv5kcR5xy52Wc57NU,48.900032&2.3213449,2024-02-23T18:30:00.000Z,90,18,public,true,Détente,2,qwy8H1lpm0cA0FbmVTWkHpQbzny2,10,10,0,0,0,0,1
8g393r38KcRQdYQVxo02,Footbox,published,pro,ChIJY-WkusIR5kcR-tEad3UtaSQ,48.9022789&2.582647,2024-02-24T17:00:00.000Z,60,10,public,false,,,QI89VPazyLhBVnWH871jk4BUEZI3,0,10,0,0,0,0,0
8ip8MvVBV8CgGf1vcLvv,Footbox,published,pro,ChIJY-WkusIR5kcR-tEad3UtaSQ,48.9022789&2.582647,2024-02-22T14:00:00.000Z,60,7,public,false,,,QI89VPazyLhBVnWH871jk4BUEZI3,0,10,0,0,0,0,0
8l7OkJ507yNmxib4R55X,Spot FUTSAL,played,captain,ChIJwdUawmfVwkcRaNLo_CmNii0,50.6106345&3.0624494,2024-03-06T19:00:00.000Z,90,10,public,false,Détente,3,lZlBzBjGTHciWjQraOPYPLGQvtk2,10,10,0,0,0,0,0
8oF1DZEHnyrmVhaHRcO2,LE FIVE Montreuil,canceled,captain,ChIJJdTQjr0T5kcRZmGxtIJVy44,48.8607303&2.4650432,2024-02-25T18:30:00.000Z,90,15,public,false,Détente,3,DiWO3b3whoYk6XXk4Q0WobHdutx2,5,10,0,0,0,0,0
8oJiddWVgIP3Y2jFeARR,Le Street Foot en Salle,played,captain,ChIJt_AXL6Jg5kcRu6rBmnrmeUM,49.0164435&2.181307,2024-02-24T19:00:00.000Z,120,16,public,false,Détente,3,SzGrKjKfGudmGUPtoaQE6ATgMVD2,10,10,1,0,0,0,3
8porK71DDyIo9XNGMoIT,Stadium Thiais,played,captain,ChIJ64X9jzx05kcRsHvSfOv6UcA,48.7511137&2.3715422,2024-02-25T17:00:00.000Z,90,15,public,false,Compétition,4,bSezr0gjJhfR82kVtAB5jN889YH3,10,10,2,0,0,0,1
8rvis0ChhbQ8Cc2UUhEq,Top Ten,played,pro,ChIJfXprBx4b5kcRmhe-5pLZUek,48.8729106&2.6840919,2024-02-22T16:00:00.000Z,90,5,public,false,,,i27253AGxOfXgYJK72sBnvUGuMk2,10,10,10,0,0,0,8
8slbO4WkYgYC7tlrwUzh,LE FIVE Montreuil,played,pro,ChIJJdTQjr0T5kcRZmGxtIJVy44,48.8613036&2.4653095,2024-02-23T22:00:00.000Z,60,8,public,false,,,u9uC1vjdcdQ3UqNxI0SiFxor0m43,10,10,4,0,0,0,0
8tCBi760Me9tRlx3LTjA,Footsal Cousinerie,played,captain,ChIJXQyb1d8pw0cRLO_Ed5xHTIQ,50.6440829&3.1459612,2024-03-05T18:50:00.000Z,60,8,public,false,Détente,3,srJhiuI1F9VzHZ1SMcSb8YyMD2h2,10,10,0,0,0,0,1
8voMVWyqLMGGziae46iD,LE FIVE Marville - La Courneuve,played,captain,ChIJ2dHdMZxr5kcR0aKYHYsp0pY,48.9364404&2.3869147,2024-02-24T16:00:00.000Z,60,10,public,false,Compétition,,dh7cdpBBwbcaSthLm0V2agK6x0n2,10,10,6,0,1,0,1
8wzntA4H4mifnGJDabWt,Monclub Futbol,published,pro,ChIJGbxxaamUyRIRgGvhHnhJStA,43.4299152&5.4001974,2024-02-23T17:00:00.000Z,60,10,public,false,,,CSTy9rmJRQSyWlqWuGiUhGpAGqf2,1,10,0,0,0,0,0
8xDN0EXig74clxtTYd4P,LE FIVE Créteil,published,captain,ChIJ88lx3VwL5kcRVxCh4lD6_Gk,48.7643086&2.4706522,2024-02-20T16:30:00.000Z,60,5,public,false,Compétition,5,AqLevZbE2qg9FF7PVxLZbLLj7JD3,1,10,0,0,0,0,0
8yLFxB9Zaa3Q5IW0tbAe,UrbanSoccer - Porte d'Aubervilliers,played,captain,ChIJ0dXjDCZs5kcRvX0EpMwxsUY,48.9074912&2.3746518,2024-02-24T19:00:00.000Z,60,10.5,public,true,Compétition,3,amHMfBbWcNS4PAlvRqdXMgrrLd83,10,10,1,0,0,0,6
91W6vOI4AUahH89YRe78,LE FIVE Créteil,played,captain,ChIJ88lx3VwL5kcRVxCh4lD6_Gk,48.7643086&2.4706522,2024-02-22T18:30:00.000Z,60,11,public,false,Détente,2,nwCO7ClwcpduYGwx2LUOmuC5chF2,10,10,7,0,0,0,3
92XtCmee4XeQO8IeSWo7,LE FIVE Paris 18,played,captain,ChIJpVT4_n1u5kcRzji6FdTBXXo,48.8978522&2.3700234,2024-02-23T18:30:00.000Z,60,14,public,true,Détente,2,8ER9QjK30UPKyAtzzMC0zdWANmA2,10,10,2,0,0,0,4
94npjtefTVFFEbNg2BDL,UrbanSoccer - Asnières,canceled,captain,ChIJi5LkLT9v5kcRSlhScqEFNWs,48.92192379999999&2.3068311,2024-02-25T20:00:00.000Z,60,10,public,true,Compétition,5,eeI9gwqZfqNwwSqLIaaM8iczwSt1,4,10,0,0,0,0,1
95r9YagG71UW66RSSjGL,Play Soccer,played,captain,ChIJQ-UxZn-5rhIRKWoQydM5T9s,43.5512023&1.4098927,2024-03-06T20:00:00.000Z,60,10,public,false,,,8LtkeOuZHeePxfkXdNPmQSr7V9L2,10,10,1,0,0,0,0
991yBE01h029AdJxmsJ9,UrbanSoccer - Quai d'Ivry,played,captain,ChIJfXxYJ0xy5kcRw9xTkF6-FZQ,48.8199885&2.3936463,2024-02-22T18:00:00.000Z,60,14,public,true,Détente,3,gWYI7EDFF4gPP4LN6f97SghQfmN2,10,10,3,0,0,0,3
99937H3lmA9JJ9jkUU8G,Stadium Thiais,played,pro,,48.7511024&2.3713455,2024-02-28T19:30:00.000Z,90,15,public,false,,,psf3NmXEPwdCltHKJC7VuvJocrF3,12,12,7,0,0,0,3
99wJDYeKnFLqqDsrd8FT,Gymnase Rosalind Franklin,published,captain,ChIJeUB7Xqlz5kcR_akj6eEkBmk,48.8095385&2.4035959,2024-02-25T09:20:00.000Z,120,,public,false,Détente,2,RPBkJhlCOXYsBalhtCn3yAwbtgp2,5,10,0,0,0,0,0
9BeHezAochzk98RXwHSD,UrbanSoccer - Asnières,played,captain,ChIJi5LkLT9v5kcRSlhScqEFNWs,48.92192379999999&2.3068311,2024-02-21T19:00:00.000Z,60,12,public,true,Détente,3,kfEgj0MU16UPonh31P5B54lFa0b2,10,10,1,0,0,0,5
9Cnge1YWUPZ9C8v375TR,UrbanSoccer - Porte d'Aubervilliers,canceled,captain,ChIJ0dXjDCZs5kcRvX0EpMwxsUY,48.9074912&2.3746518,2024-02-26T18:00:00.000Z,60,11.5,public,true,Détente,3,ZOivcpUstrWsw2CjP0zIcqKQZJA2,10,10,0,0,0,0,0
9DCFQRIKsYGyaHt3a8Xy,Play Soccer,canceled,captain,ChIJQ-UxZn-5rhIRKWoQydM5T9s,43.5512023&1.4098927,2024-02-26T19:00:00.000Z,60,10,public,false,Détente,2,Gccdkxa5lEblxvNniV5S9BTnFhy1,10,10,0,0,0,0,0
9E3MlGhdYZRC82PlK4c4,Stadium Thiais,played,captain,ChIJ64X9jzx05kcRsHvSfOv6UcA,48.7511137&2.3715422,2024-02-20T16:00:00.000Z,120,10,public,false,Compétition,3,Dohg1zNvhsbmGrYuAmExKFyjruw2,10,10,1,0,0,0,1
9FwV96MiSQSQ0XIAV3Vy,LE FIVE Villette,canceled,captain,ChIJTUFnQjps5kcR0pHITLTw1PI,48.9070122&2.3861459,2024-03-05T20:00:00.000Z,60,12,public,false,Détente,3,UF4XQOQe7bWJF0SqVrG4NWmSnfO2,7,10,0,0,0,0,1
9GMJsZ50QYuKbQp4YGDI,UrbanSoccer La Défense,canceled,captain,ChIJh4rnfVhk5kcRV2Q-ZKdm8vA,48.8996456&2.2216773,2024-02-25T17:00:00.000Z,60,14.5,public,true,Détente,2,C6rcIXvlVyP7fsnawdCt2IzMzh63,9,10,0,0,0,0,1
9GW5ZfiaD4vliuTQS46H,Stadium Thiais,played,pro,ChIJ64X9jzx05kcRsHvSfOv6UcA,48.7511024&2.3713455,2024-03-04T11:00:00.000Z,60,7,public,false,,,psf3NmXEPwdCltHKJC7VuvJocrF3,10,10,6,0,0,0,1
9H3h151H7bXWDtVWmds2,STADIUM FOOT 5 VILLAGE,canceled,captain,ChIJbbOWFtC4yRIR0WXVerbWmnE,43.269413&5.4260321,2024-02-21T17:00:00.000Z,60,10,public,false,Détente,3,m8N4UxiohPOfPsDkGmXqxXGYQoo1,9,10,0,0,0,0,0
9IHEfLX99NI2oeSRPryA,Top Ten,published,pro,ChIJfXprBx4b5kcRmhe-5pLZUek,48.8729106&2.6840919,2024-03-03T11:00:00.000Z,90,15,public,false,,,i27253AGxOfXgYJK72sBnvUGuMk2,0,10,0,0,0,0,0
9KCHqJzMJlB6dXM9uGNh,Complexe du Val de l'Arc,played,captain,ChIJ53LnbPeNyRIR3Q8P8MLhKhQ,43.5103735&5.4663255,2024-03-02T13:00:00.000Z,120,,public,false,Détente,3,KM6eaHvVavYE40EcheqPnyDlWtj1,10,10,2,0,0,0,0
9Lq5gZm9xkLN69ZF98Tu,UrbanSoccer Evry,published,captain,ChIJW0Ut1G7e5UcRt621n2fRQ5M,48.6286849&2.4066366,2024-03-03T19:00:00.000Z,90,12,public,true,Compétition,,w354bbFdsUaL0D784c6BR7KSv3J3,1,10,0,0,0,0,0
9MRjPxjVu6BFsGTfn4sF,Speed Soccer Five,published,pro,ChIJ2xTNglV25kcR3UDi4AXGfDU,48.7360598&2.315058,2024-02-23T20:30:00.000Z,90,12,public,false,,,MkTJljXziPXBdRdijccndMLBNCC3,0,10,0,0,0,0,0
9QVmjf3Xx4UGZy77xQzx,Stadium Thiais,published,pro,ChIJ64X9jzx05kcRsHvSfOv6UcA,48.7511024&2.3713455,2024-03-04T14:00:00.000Z,90,8,public,false,,,psf3NmXEPwdCltHKJC7VuvJocrF3,0,10,0,0,0,0,1
9QcjIb7h43CJsTxyWj4B,UrbanSoccer - Porte d'Aubervilliers,canceled,captain,ChIJ0dXjDCZs5kcRvX0EpMwxsUY,48.9074912&2.3746518,2024-03-01T21:15:00.000Z,60,5,public,true,Compétition,4,e8XA0GbnFsSrurXTkLklES4fUUS2,10,10,0,0,0,0,0
9QdIXggTlo9wYOaGNMYh,UrbanSoccer - Marne-La-Vallée,canceled,captain,ChIJ6bDBiosP5kcROXiloHzSdhc,48.82658600000001&2.6296937,2024-02-26T20:00:00.000Z,90,18,public,true,Compétition,3,r58DdTYUJMOGjQlqB4cJVwZ7DF83,5,10,0,0,0,0,0
9R4ZQjXCxoPKLeqk0qKf,Stade Municipal Guy Môquet,played,captain,ChIJR4npU45w5kcR31mOzMmoOwA,48.8087222&2.2872884,2024-03-05T11:10:00.000Z,120,,public,false,Détente,3,rzC8A0bd4afb9AWrHKlCPT9461y1,18,18,5,0,0,0,0
9T6hwCOIBeiK3Lwbx1ri,LE FIVE Paris 18,published,pro,ChIJpVT4_n1u5kcRzji6FdTBXXo,48.8978522&2.3700234,2024-03-02T22:00:00.000Z,60,7,public,false,,,UQf33jQhVZhle917nO0h7D5qclV2,1,10,0,0,0,0,1
9WHTuZcu9EVYKEOMTdEJ,UrbanSoccer - Quai d'Ivry,played,captain,ChIJfXxYJ0xy5kcRw9xTkF6-FZQ,48.8199885&2.3936463,2024-02-28T17:30:00.000Z,60,11,public,true,Détente,2,Y4kc9OV9mLRRmsDoDIPOoryWnDn2,10,10,0,0,0,0,0
9Wy7ZpGxnyuDGPbguMtI,Stade de la Tour aux Parachutes,played,captain,ChIJbwsrhCpy5kcRca22Pnhr8MU,48.8175176&2.3643354,2024-02-20T11:00:00.000Z,120,,private,false,Compétition,3,kRAf444M3RUd6EWIOWpKVKs78SI2,16,16,14,0,0,0,12
9bfOm6hzlzFXRPaNd8n3,Le Street Foot en Salle,canceled,captain,ChIJt_AXL6Jg5kcRu6rBmnrmeUM,49.0164435&2.181307,2024-03-03T09:00:00.000Z,90,12,public,false,Détente,2,j1TwlOOmwoPrmm8Ar6pdl83pzxG3,7,10,0,0,0,0,0
9blPDH8qdg5gCb0z2mEL,LE FIVE Bezons,played,captain,ChIJ71Mv0Wpk5kcRg-H9x7L-dXo,48.9190524&2.211796,2024-03-02T16:30:00.000Z,120,13.5,public,true,Détente,,GPsbQHDAv3QT9to65DFO4XVTerq1,10,10,5,0,0,0,1
9ha3DaysO00XIE5eis62,UrbanSoccer La Défense,played,captain,ChIJh4rnfVhk5kcRV2Q-ZKdm8vA,48.8996456&2.2216773,2024-03-03T19:00:00.000Z,90,20.25,public,true,Détente,2,FfMDDrBH4QVfPPhuTDCL6LcU1pT2,10,10,1,0,0,0,0
9jLcML26p47AfTxjhxAE,Parc de Choisy,played,captain,ChIJ7RWNzpZ05kcRTkknDj8Df-I,48.7664003&2.4305572,2024-02-24T11:00:00.000Z,120,,private,false,Détente,3,xWVIkTDFSheBRP5GWmdG7WWHRB53,18,18,16,0,0,0,0
9k9HZm9MnR5MxDexsz9s,LE FIVE VITROLLES,canceled,captain,ChIJi4A-IrHoyRIRunoYLEGNeYI,43.4338497&5.240971399999999,2024-03-04T15:00:00.000Z,60,10,public,false,Détente,,F5Qdj6cZKGUa9oOMqyhbttpDNx72,3,10,0,0,0,0,0
9kH82BO8WITlrP1exgZX,Z5 Aix,canceled,captain,ChIJKb-U_9KSyRIRKIFKbH5mW18,43.4787869&5.3969048,2024-02-28T19:30:00.000Z,60,11,private,false,Détente,3,HSM7jkKHGXZ8nkd46sIhSLMSM3W2,8,10,0,0,0,0,0
9krk2n2I7HtWJbSBpBSB,Centre Sportif Hautpoul,published,captain,ChIJ79fuL8Zt5kcRk9e1VH01h_U,48.8847213&2.3874252,2024-02-25T17:45:00.000Z,60,4,public,false,Compétition,,iRty3I3PfeUoz0Li6UdFPcxUqDJ2,11,12,0,0,0,0,0
9mpXpQ2Tzh8Kd9e465ez,Stadium Thiais,published,pro,ChIJ64X9jzx05kcRsHvSfOv6UcA,48.7511024&2.3713455,2024-02-26T16:30:00.000Z,90,10,public,false,,,psf3NmXEPwdCltHKJC7VuvJocrF3,1,10,0,0,0,0,0
9pjZt8Jw2Bq5bbZqe6R4,UrbanSoccer - Quai d'Ivry,played,captain,ChIJfXxYJ0xy5kcRw9xTkF6-FZQ,48.8199885&2.3936463,2024-03-02T08:00:00.000Z,60,10,public,true,Détente,3,ClJ8xW3on0O29u8chL9okdN1JBY2,10,10,3,0,0,0,0
9qsjozV5mW5XlMDif87z,Parc des Sports du Segrais,played,captain,ChIJ8bNaLq8F5kcREfqqOhsFDnk,48.8343265&2.6488423,2024-02-28T18:50:00.000Z,90,,public,false,Détente,3,ZW2XNVuf6cXIQekYAV97fQnjpTE3,12,12,3,0,0,0,0
9wHYYHZG9zFHqBVgyG5s,UrbanSoccer La Défense,canceled,captain,ChIJh4rnfVhk5kcRV2Q-ZKdm8vA,48.8996456&2.2216773,2024-02-27T20:30:00.000Z,60,14.5,public,true,Détente,,KtiFZn0XboUoofGbUoULf2oaFrC2,6,10,0,0,0,0,0
9wa4Tj0jPSuRjkAe8Ls1,LE FIVE Paris 18,played,pro,ChIJpVT4_n1u5kcRzji6FdTBXXo,48.8978522&2.3700234,2024-03-02T21:30:00.000Z,90,10,public,false,,,UQf33jQhVZhle917nO0h7D5qclV2,10,10,5,0,0,0,6
9woCop6AtrJp0KQJlPtJ,LE FIVE Bezons,played,captain,ChIJ71Mv0Wpk5kcRg-H9x7L-dXo,48.9190524&2.211796,2024-03-02T18:00:00.000Z,60,9,public,true,Détente,2,vCxS2f3sIudIjl2jeEiMi9Qk1Zh2,10,10,3,0,0,0,1
9zQUrpk3nSeTgcAquLwd,Footbox,published,pro,ChIJY-WkusIR5kcR-tEad3UtaSQ,48.9022789&2.582647,2024-02-25T12:00:00.000Z,60,10,public,false,,,QI89VPazyLhBVnWH871jk4BUEZI3,0,10,0,0,0,0,0
9zlh8UXBX4stkXTOITTT,UrbanSoccer - Quai d'Ivry,played,captain,ChIJfXxYJ0xy5kcRw9xTkF6-FZQ,48.8199885&2.3936463,2024-03-04T19:00:00.000Z,90,21,public,true,Détente,3,pHPNtCyfuNMuPeLEvRRq0iNnFFa2,10,10,2,0,0,0,0
A02S3mJpdVIF0SQa3jEK,Stadium Thiais,played,captain,ChIJ64X9jzx05kcRsHvSfOv6UcA,48.7511137&2.3715422,2024-03-06T19:30:00.000Z,90,15,public,false,Détente,3,emyaA5qYXlQPVKtlRk2BCZ2YKNd2,10,10,5,0,0,0,2
A0ZuSSNuAjKY4nKdnM0X,UrbanSoccer - Quai d'Ivry,canceled,captain,ChIJfXxYJ0xy5kcRw9xTkF6-FZQ,48.8199885&2.3936463,2024-03-05T19:30:00.000Z,90,21.75,public,true,Détente,3,D5KxtpQKUtYoEQpvwcKR5MdEf722,7,10,0,0,0,0,0
A14ZE2aoc1mGDvyj9C4O,Creteil - Université,published,captain,ChIJI19v67QM5kcRCk81qrMDmTY,48.7901321&2.452883,2024-02-24T09:40:00.000Z,90,,public,false,Détente,2,ZuqTKctNzwWy5eYfYU2k2at0bQb2,9,12,0,0,0,0,1
A3J0caHPx1dsBLGoX6Qe,UrbanSoccer - Quai d'Ivry,played,captain,ChIJfXxYJ0xy5kcRw9xTkF6-FZQ,48.8199885&2.3936463,2024-03-03T17:15:00.000Z,60,14,public,true,Détente,2,KN1H0bXnzZRs6X1hmKkiL0oHr5W2,10,10,0,0,0,0,0
A3KpPoKNXW7emXUs2Tsl,Speed Soccer Five,canceled,captain,ChIJ2xTNglV25kcR3UDi4AXGfDU,48.7360598&2.315058,2024-03-05T17:30:00.000Z,90,9,public,false,Détente,,gC7u1zBDDkR6yiDzaEoMqwjc85h2,1,10,0,0,0,0,0
A5X3NGC2JIhUeu10u1rd,LE FIVE Champigny,published,pro,ChIJsXi1PLYN5kcRTVVDuczgS2s,48.8194084&2.5251846,2024-03-01T16:00:00.000Z,60,7,public,false,,,evlV9mUgATYQ5343zpYZvk4w0r03,0,10,0,0,0,0,0
AD4WisFSIsbbB8WEZ2Dd,UrbanSoccer - Toulouse Sept Deniers,played,captain,ChIJk5nUBdOkrhIRP-1aUJzo-lA,43.6321552&1.411696,2024-02-21T11:15:00.000Z,60,9,public,true,Détente,2,ey1sMB6osjQ6xzWomeW52yl4qWi1,10,10,0,0,0,0,0
ADDm7ReZL2NgfvMZuBQE,LE FIVE Paris 13,canceled,captain,ChIJ_bOSChhz5kcRZMTeq_6Gdzg,48.8181615&2.3658793,2024-03-02T12:15:00.000Z,60,13,public,true,Détente,3,Ng8pDjSrG6MVSBWZid7Lv0Yo1Op1,7,10,0,0,0,0,0
ADeFxC7dLfhYgFLX9QJ4,FIVE ARENA,published,captain,ChIJ02bKSuih6EcRb796CXVbkVs,48.9539465&2.9154573,2024-02-24T17:30:00.000Z,90,10,public,false,Détente,3,Lk24hd6ggMNRVSKLw1SisbDTwep2,3,10,0,0,0,0,0
AFCw22QiHqTaf2bFwTlY,LE FIVE Paris 18,played,pro,ChIJpVT4_n1u5kcRzji6FdTBXXo,48.8978522&2.3700234,2024-02-25T21:30:00.000Z,90,12,public,false,,,UQf33jQhVZhle917nO0h7D5qclV2,10,10,9,0,0,0,3
AH4nQVjn09wHNIILPhmw,Testing Purposes,published,pro,,67.461524&-152.801377,2024-02-22T19:15:00.000Z,60,12,public,false,,,f2LrY7SAV3U1V9tUVAZfiMxA3uu1,0,10,0,0,0,0,0
AIdjcAzDqFPgDlU7bpSF,Top Ten,played,pro,ChIJfXprBx4b5kcRmhe-5pLZUek,48.8729106&2.6840919,2024-02-20T16:00:00.000Z,90,5,public,false,,,i27253AGxOfXgYJK72sBnvUGuMk2,10,10,10,0,0,0,9
AKcmGVO2UW5Y1RfJQFTL,Halle Georges Carpentier,canceled,captain,ChIJnXkSwCty5kcR-nlHXNFQlg4,48.82020139999999&2.3672361,2024-02-25T12:00:00.000Z,90,,public,false,Compétition,4,uTWs8g0XI4Moa6mpRgYMZNJgyuG2,3,16,0,0,0,0,0
AL4mi56KarYLuKLdBh4t,Top Ten,published,pro,ChIJfXprBx4b5kcRmhe-5pLZUek,48.8729106&2.6840919,2024-02-25T13:30:00.000Z,90,15,public,false,,,i27253AGxOfXgYJK72sBnvUGuMk2,0,10,0,0,0,0,0
ALK8ksT6P7Ys0b4vWI1V,Stadium Thiais,published,pro,ChIJ64X9jzx05kcRsHvSfOv6UcA,48.7511024&2.3713455,2024-02-21T11:00:00.000Z,60,7,public,false,,,psf3NmXEPwdCltHKJC7VuvJocrF3,0,10,0,0,0,0,0
AMS6N61t8ZBAgiYQhRji,LE FIVE Paris 13,played,captain,ChIJ_bOSChhz5kcRZMTeq_6Gdzg,48.8181615&2.3658793,2024-02-29T20:00:00.000Z,90,21,public,true,Détente,,aJh6vtjH75UVy8krfVy0UicMk173,10,10,1,0,0,0,0
AMXRSkwXMGchmzY4l80J,Stade Élisabeth,canceled,captain,ChIJkXj9tq5x5kcROlxynHzTh9o,48.8207737&2.3270972,2024-02-24T14:00:00.000Z,120,,public,false,Compétition,5,oKfGVfs7dYecPpobKfuTXiuhh8J3,13,14,0,0,0,0,0
AOwjU7JfjG2mgpvzcPO2,LE FIVE Montreuil,published,pro,ChIJJdTQjr0T5kcRZmGxtIJVy44,48.8613036&2.4653095,2024-02-29T16:00:00.000Z,90,11,public,false,,,u9uC1vjdcdQ3UqNxI0SiFxor0m43,1,10,0,0,0,0,0
APdII7ozV09TvPTq56G4,Monclub Futbol,published,pro,ChIJGbxxaamUyRIRgGvhHnhJStA,43.4299152&5.4001974,2024-03-06T20:00:00.000Z,90,10,public,false,,,CSTy9rmJRQSyWlqWuGiUhGpAGqf2,0,10,0,0,0,0,0
ASG5RlalQKrHMnWzFCxs,UrbanSoccer - Lyon Parilly,played,captain,ChIJx3FQWjLC9EcRrrQb2eV7i_4,45.7120399&4.9039284,2024-03-02T14:00:00.000Z,60,8.5,public,true,Détente,3,030Ks7rpDta4uOP4cm3vpJNhKz53,10,10,6,0,0,0,0
ASiGsyU2K30bSOuCBTJ3,UrbanSoccer - Porte d'Aubervilliers,played,captain,ChIJ0dXjDCZs5kcRvX0EpMwxsUY,48.9074912&2.3746518,2024-02-24T17:00:00.000Z,60,10.5,public,true,Détente,3,zrF2XKbwEuhYslUspUeFvdPDtQt2,10,10,2,0,0,0,0
ATOlIpfjUYAvhJ7nTkaM,Top Ten,played,pro,ChIJfXprBx4b5kcRmhe-5pLZUek,48.8729106&2.6840919,2024-02-28T16:00:00.000Z,90,5,public,false,,,i27253AGxOfXgYJK72sBnvUGuMk2,10,10,5,0,0,0,12
ATVISpxsbw0hq4WulxHN,KG5 - Foot en salle - Strasbourg / Mundolsheim,canceled,captain,ChIJRSG64gm4lkcRPQTZbn3M85Q,48.6354584&7.724195300000001,2024-03-05T19:30:00.000Z,90,15,private,false,Détente,2,jY5wFzE2EMaJVo3fmFeTjqJkLEl1,10,10,0,0,0,0,0
ATZmqTduh7CRQdpX1iin,UrbanSoccer La Défense,played,captain,ChIJh4rnfVhk5kcRV2Q-ZKdm8vA,48.8996456&2.2216773,2024-02-24T09:30:00.000Z,60,13.5,public,true,Détente,3,OuKQCNAVmVgFhmarS3uuUBkQu6F2,10,10,5,0,0,0,1
AVunH752yoOIVkAB7GdW,UrbanSoccer Meudon,played,captain,ChIJ0WKvjbh75kcRoqSmyWwW2jQ,48.80013599999999&2.2140811,2024-02-28T20:30:00.000Z,90,15,public,true,Détente,3,SEtmCWG4hpdCJdWKljNFyCfzdZ03,10,10,1,0,0,0,2
AXaBLMUskzyQ9Dh6dOYa,Play Soccer,canceled,captain,ChIJQ-UxZn-5rhIRKWoQydM5T9s,43.5512023&1.4098927,2024-03-04T18:00:00.000Z,60,10,public,false,Détente,2,ALKmZi58BQcwiVINAeCH2chkXe32,6,10,0,0,0,0,1
AXfzHefaMeeU6yemNzdW,Foot-Max Argenteuil,canceled,captain,ChIJi9oIzaRm5kcRJYcK7QsdRMU,48.9501569&2.2093741,2024-03-05T19:30:00.000Z,90,12,public,false,Détente,3,kUeyiKDJfRcPHstLrRUUJ2htV7J3,4,10,0,0,0,0,0
AaoFDOzcIdOflf1UIl14,Footbox,published,pro,ChIJY-WkusIR5kcR-tEad3UtaSQ,48.9022789&2.582647,2024-02-20T14:00:00.000Z,60,7,public,false,,,QI89VPazyLhBVnWH871jk4BUEZI3,0,10,0,0,0,0,0
AaqGpQd8XPOExBBCYyBi,Cité des Sports,played,captain,ChIJ70UPf6R75kcRGb3NAV9k7Ww,48.8247744&2.2650728,2024-02-28T19:30:00.000Z,60,5,public,false,Compétition,3,2AkrkZRpZGXb2pAzZll7TNZms5E2,10,10,6,0,0,0,1
Ab9baS4CaQZHSspBLDSg,city-stade,canceled,captain,ChIJE1CI4dxv5kcRyxG3qBa7dYE,48.9124217&2.3126372,2024-03-02T13:00:00.000Z,120,,public,false,Compétition,3,p6CSfplBr1bFDVdylKaSjfU2YpS2,5,10,0,0,0,0,0
AbvhfjMtR6eOSktvzKOh,We Are Sports,played,captain,ChIJFZU5oBHC9EcRJTFrSkI1xxg,45.7113247&4.8761886,2024-02-22T17:30:00.000Z,60,10,public,false,Détente,3,Zg4HxZl0Q6SJaHiNwUr9Ti9BRGD3,10,10,3,0,0,0,3
Ae8YnzO1PtEqYncfhn84,LE FIVE Paris 18,played,pro,ChIJpVT4_n1u5kcRzji6FdTBXXo,48.8978522&2.3700234,2024-02-23T16:00:00.000Z,60,5,public,false,,,UQf33jQhVZhle917nO0h7D5qclV2,10,10,10,0,0,0,10
Ah55OaVd7jty4qpJhiEN,Top Ten,published,pro,ChIJfXprBx4b5kcRmhe-5pLZUek,48.8729106&2.6840919,2024-02-29T11:00:00.000Z,90,5,public,false,,,i27253AGxOfXgYJK72sBnvUGuMk2,0,10,0,0,0,0,0
AjJlYOctCVAXens19NCN,LE FIVE Paris 17,published,captain,ChIJ7eI8sFNv5kcR5xy52Wc57NU,48.900032&2.3213449,2024-02-20T11:30:00.000Z,60,10,public,true,Détente,2,2KKJq4hC8QZstXdKqXHyVLOrt903,9,10,0,0,0,0,0
AjdpWRFzd2Md0egbNGIb,Stade Des Courtilles,canceled,captain,ChIJ83HS9ldv5kcR-plMKkHPNTA,48.929137&2.2834726,2024-02-21T17:10:00.000Z,120,,public,false,Détente,,OUDonTRM5JTwDDmUMOikuN6wCKz1,8,14,0,0,0,0,7
AlJFtAqlNDtaX42Wtxi4,FOOT INDOOR Marseille,canceled,captain,ChIJ41AMCxC8yRIRLHLGt11sc-U,43.2859688&5.4882746,2024-03-02T19:00:00.000Z,60,10,public,false,Compétition,3,y8aH8rulNoceTT3EoRBVx1McoCN2,5,10,0,0,0,0,0
AocxibpJwiiJtkV15aYm,UrbanSoccer - Porte d'Aubervilliers,played,captain,ChIJ0dXjDCZs5kcRvX0EpMwxsUY,48.9074912&2.3746518,2024-02-23T21:15:00.000Z,60,5,public,true,Compétition,4,e8XA0GbnFsSrurXTkLklES4fUUS2,10,10,2,0,0,0,1
AppCoLis7f9y7RlwXFXy,UrbanSoccer - Marne-La-Vallée,played,captain,ChIJ6bDBiosP5kcROXiloHzSdhc,48.82658600000001&2.6296937,2024-03-05T17:15:00.000Z,90,12.5,public,true,Détente,3,yml5Vs9XFYSDcopfsRoJkKqmVH53,10,10,0,0,0,0,0
AuGC888CmWFzd5yoGico,Top Ten,published,pro,ChIJfXprBx4b5kcRmhe-5pLZUek,48.8729106&2.6840919,2024-02-23T11:00:00.000Z,90,5,public,false,,,i27253AGxOfXgYJK72sBnvUGuMk2,1,10,0,0,0,0,0
AuhezMiuIbCkEM97qR6q,F5 Foot Five,played,captain,ChIJjUbM5G7A9EcRW3mlkrhyXxY,45.7857911&4.905926399999999,2024-03-05T18:00:00.000Z,60,9.5,public,false,Détente,3,2YwIBzjpj7e0aYrfZPE2ISnLspy1,10,10,3,0,0,0,0
Awb3KUx1E3y5lx6Hw9mj,Mondial Soccer Martigues,played,captain,ChIJxSxBZ0rmyRIRD43lI6mPqdE,43.40826250000001&5.0265179,2024-02-23T19:00:00.000Z,60,10,public,false,Chill,3,yF0Q7BTWqGR4Wx0Sc6csWN3pNWs2,10,10,1,0,0,0,0
B080k2KycscNicJWUJxz,UrbanSoccer - Porte d'Aubervilliers,played,captain,ChIJ0dXjDCZs5kcRvX0EpMwxsUY,48.9074912&2.3746518,2024-03-03T09:00:00.000Z,30,,public,true,,4,UXHobm6OxJY82Hrp2V0LDtMguvk2,10,10,0,0,0,0,1
B09Cg6VlCP94gGbmxUSZ,Play Soccer,published,captain,ChIJQ-UxZn-5rhIRKWoQydM5T9s,43.5512023&1.4098927,2024-02-21T19:00:00.000Z,60,10,public,false,Détente,2,8LtkeOuZHeePxfkXdNPmQSr7V9L2,5,10,0,0,0,0,0
B0j6xA0rhHgEKMJ7fX7O,Stadium Thiais,played,captain,ChIJ64X9jzx05kcRsHvSfOv6UcA,48.7511137&2.3715422,2024-03-01T21:00:00.000Z,90,15,public,false,Détente,3,VbcLh0RDPDYVaN28Hs6CAiyHmh83,10,10,3,0,0,0,3
B1Plspl6qwzFpPNA9MGT,UrbanSoccer La Défense,played,captain,ChIJh4rnfVhk5kcRV2Q-ZKdm8vA,48.8996456&2.2216773,2024-02-25T11:00:00.000Z,60,14,public,true,Détente,3,NfaoYjVA3GW1dxEg83ZbIB4RMqv1,10,10,1,0,0,0,2
B2pEj8w57nJ318E4PfUe,LE FIVE Montreuil,played,captain,ChIJJdTQjr0T5kcRZmGxtIJVy44,48.8607303&2.4650432,2024-02-27T19:30:00.000Z,90,7.5,public,false,Détente,3,f1BFyBFPufQUSnCJ8OCYsVt8HEF3,10,10,3,0,0,0,0
B2y6fRDUySnIqP1VW2yl,FOOT IN FIVE,played,captain,ChIJoUR0syFp5kcRUlStnwluaYY,48.9552257&2.3328346,2024-02-29T19:30:00.000Z,90,15,public,false,Détente,3,s9uuSbnCRpc7cUN0PQaFTQdkWdE2,10,10,3,0,0,0,5
B4K6U6gLrkAGLdABVHfE,Stadium Thiais,canceled,captain,ChIJ64X9jzx05kcRsHvSfOv6UcA,48.7511137&2.3715422,2024-02-20T19:30:00.000Z,90,15,public,false,Détente,,mFQvFaU0aiTe4uQHLfl5s8Di3U33,9,10,0,0,0,0,0
B58oaqvzFHzxcngG4cIv,Stade de l'Ile Billancourt,published,captain,ChIJ_VzHyPZ65kcRie3KTzFg37c,48.8223054&2.2450824,2024-02-22T11:20:00.000Z,90,,public,false,,3,xKfPAdke8KgQVkW2kylu7ud5QBg1,14,16,0,0,0,0,1
B5mT5UDioh1wNIT3vlpv,Spot FUTSAL,played,captain,ChIJwdUawmfVwkcRaNLo_CmNii0,50.6106345&3.0624494,2024-03-06T11:30:00.000Z,60,8,public,false,Détente,3,gfILmO9T1NeMOTv4o7N7douAlOX2,8,8,1,0,0,0,0
BA3s3viWsZ1AvJaeFTxZ,FOOT INDOOR 84,played,captain,ChIJ_fXJygyNtRIRWrG_JSu4V3w,43.99168&4.9072002,2024-02-29T19:00:00.000Z,60,8,public,false,,3,Q6OCtUn0TjVmzF8EUl2snWOlLiI3,10,10,0,0,0,0,0
BBuZZhcVTGCybchKo3zx,UrbanSoccer La Défense,played,captain,ChIJh4rnfVhk5kcRV2Q-ZKdm8vA,48.8996456&2.2216773,2024-02-27T19:30:00.000Z,60,10,public,true,Chill,3,rebJdTSm7AdacTNVUFfbPT5MSkE3,10,10,0,1,0,0,1
BD6zE18IcfcaPagKmfaR,LE PARK Complexe Multisports,played,captain,ChIJMU8gErUJ5kcRSnpvacKwFtM,48.71189589999999&2.5771181,2024-02-22T19:30:00.000Z,90,10,public,false,Détente,2,eiXRW0nitpXfAHvdhHtqTedr4zv1,10,10,0,0,0,0,0
BDh9nxnmCpOZ4qVgpCPt,Game 13 foot indoor,canceled,captain,ChIJNSDvlsXryRIRUXao9hwB79I,43.41258939999999&5.366617,2024-02-21T21:00:00.000Z,60,10,public,false,Détente,3,Ez3YAlfrUxgTTJcxq9sNBTRxuHP2,3,10,0,0,0,0,0
BDvvf1TGUkFgpphQdFO0,LE FIVE Paris 18,canceled,captain,ChIJpVT4_n1u5kcRzji6FdTBXXo,48.8978522&2.3700234,2024-02-21T18:30:00.000Z,60,14,public,true,Détente,1,es2jHJGCt6gNwKxhW3HAmmjdZh33,9,10,0,0,0,0,0
BFGiCEC6nwohJFVGZWGJ,LE FIVE Paris 18,played,pro,ChIJpVT4_n1u5kcRzji6FdTBXXo,48.8978522&2.3700234,2024-03-06T22:00:00.000Z,60,6,public,false,,,UQf33jQhVZhle917nO0h7D5qclV2,10,10,8,0,0,0,0
BGJfNXaNtbilOxcbJR9K,UrbanSoccer La Défense,canceled,captain,ChIJh4rnfVhk5kcRV2Q-ZKdm8vA,48.8996456&2.2216773,2024-03-04T17:15:00.000Z,60,14,public,true,Détente,1,k6r1awaBNIMUzpYwoVJSTHo8yZ92,8,10,0,0,0,0,0
BHE1quMz5KPHfIboNiCS,Parc des sports des Maisons Rouges,canceled,captain,ChIJlRgC-MAN5kcRniSfE7KINi8,48.8302193&2.5256499,2024-02-23T18:00:00.000Z,60,,public,false,Détente,3,I7iI2MbRRJYfCprChfOqkmxb9Yq2,1,16,0,0,0,0,0
BIU8VnSbci003KRQNWRN,Play Soccer,played,captain,ChIJQ-UxZn-5rhIRKWoQydM5T9s,43.5512023&1.4098927,2024-03-05T19:00:00.000Z,60,10,public,false,Détente,2,wBLa7mVFYuT3I9zoAAC8pMdIQs13,10,10,4,0,0,0,0
BIrhgGARXGsrRnJx8Zbl,LE FIVE Paris 17,played,captain,ChIJ7eI8sFNv5kcR5xy52Wc57NU,48.900032&2.3213449,2024-03-03T18:00:00.000Z,90,,public,true,Détente,3,z9eRBtmipgSMErW601oWEwX8x6S2,10,10,1,0,0,0,0
BJfA74AdAA8EiojJTs5w,Top Ten,played,pro,ChIJfXprBx4b5kcRmhe-5pLZUek,48.8729106&2.6840919,2024-03-01T16:00:00.000Z,90,5,public,false,,,i27253AGxOfXgYJK72sBnvUGuMk2,10,10,9,0,0,0,13
BNcdXfwnB5mhu4wZ7dbl,LE FIVE Paris 13,played,captain,ChIJ_bOSChhz5kcRZMTeq_6Gdzg,48.8181615&2.3658793,2024-03-04T19:00:00.000Z,60,14,public,true,Détente,3,xgchDtBjaNTWuYoF26ypnCNi8Nm2,10,10,3,0,0,0,1
BNpwDE63sDMtAOW4YKD1,LE FIVE Champigny,published,pro,ChIJsXi1PLYN5kcRTVVDuczgS2s,48.8194084&2.5251846,2024-03-05T16:00:00.000Z,60,7,public,false,,,evlV9mUgATYQ5343zpYZvk4w0r03,0,10,0,0,0,0,0
BTBcTQPu0xCn48bRMjk5,LE FIVE Créteil,published,pro,ChIJ88lx3VwL5kcRVxCh4lD6_Gk,48.7643086&2.4706522,2024-03-07T16:00:00.000Z,60,7,public,false,,,ZmXMWx7aTdPoPkkGOWa2HIQVblq2,3,10,0,0,0,0,0
BTJYt4qhRGkq7njUkzD9,UrbanSoccer Meudon,played,captain,ChIJ0WKvjbh75kcRoqSmyWwW2jQ,48.80013599999999&2.2140811,2024-03-04T18:45:00.000Z,90,17.25,public,true,Détente,3,1aJ3GdfxKfcSFm478yjdpSaevVC3,10,10,3,0,0,0,0
BTrtxftSweUtgIiG8Wgx,LE FIVE Bezons,played,captain,ChIJ71Mv0Wpk5kcRg-H9x7L-dXo,48.9190524&2.211796,2024-03-04T19:00:00.000Z,60,,public,true,Détente,3,Ipq9mDR8x7TdjGupWhHS3jbMs9o2,10,10,2,0,0,0,1
BVFavsvFY0pZm6FGtCX1,Play Soccer,canceled,captain,ChIJQ-UxZn-5rhIRKWoQydM5T9s,43.5512023&1.4098927,2024-02-21T17:00:00.000Z,60,9,public,false,Détente,3,5vjtjQaQ5bai1zmwXC7G1Q9l8vI2,8,10,0,0,0,0,0
BXAhtDuN49a4B6v7izQe,LE FIVE Paris 18,published,captain,ChIJpVT4_n1u5kcRzji6FdTBXXo,48.8978522&2.3700234,2024-03-02T19:00:00.000Z,90,13,public,true,Détente,2,y8etfTjqrMb19aus0jOlrgtVGZj1,5,10,0,0,0,0,0
BYEtI3Y80SSDdT14k18p,LE FIVE Paris 18,hidden,pro,ChIJpVT4_n1u5kcRzji6FdTBXXo,48.8978522&2.3700234,2024-03-04T18:50:00.000Z,60,10,public,false,,,UQf33jQhVZhle917nO0h7D5qclV2,4,10,0,0,0,0,0
BYmqeo55l3rKaj6LEfzy,Stade Élisabeth,played,captain,ChIJkXj9tq5x5kcROlxynHzTh9o,48.8207737&2.3270972,2024-02-21T18:00:00.000Z,120,2,public,false,Compétition,5,8i5faoQkJ4YSkhRB5skPBLiEh1G3,16,16,6,0,0,0,2
Bb1yjxCGyOxFeosNMH23,Bordeaux Soccer,published,captain,ChIJCRHQufUoVQ0RmXgf8oHOE08,44.8710961&-0.5620394,2024-02-20T11:15:00.000Z,60,,public,false,Détente,2,oO5QkKY2wPWyzyAApV1jQvr9iHC3,7,10,0,0,0,0,0
BcL1QyBmaIugxVKAG96o,LE FIVE Paris 18,canceled,pro,ChIJpVT4_n1u5kcRzji6FdTBXXo,48.8978522&2.3700234,2024-03-01T21:20:00.000Z,90,10,public,false,,,UQf33jQhVZhle917nO0h7D5qclV2,0,10,0,0,0,0,0
BcjSDszWdMXU1JO6UnCG,Top Ten,published,pro,ChIJfXprBx4b5kcRmhe-5pLZUek,48.8729106&2.6840919,2024-02-24T12:00:00.000Z,90,15,public,false,,,i27253AGxOfXgYJK72sBnvUGuMk2,0,10,0,0,0,0,0
BctrbNdrCTo6qBBVP4su,UrbanSoccer Meudon,published,captain,ChIJ0WKvjbh75kcRoqSmyWwW2jQ,48.80013599999999&2.2140811,2024-03-04T18:00:00.000Z,60,13.5,public,true,Détente,,gS2tE4wr3jbmluTfpk5CLCYpWd03,9,10,0,0,0,0,0
BdcAY4BsSR2g4CYliLsy,Foot POWER 5,canceled,pro,ChIJuTCIFshm5kcRBtEQJ76dAzc,48.960066&2.2061913,2024-03-05T21:30:00.000Z,90,7,public,false,,,sss3dYi6nzWd7rEjwcQ30LGKudj1,0,10,0,0,0,0,0
BeByk9ZOKpUwkEMXXDng,Game 13 foot indoor,published,captain,ChIJNSDvlsXryRIRUXao9hwB79I,43.41258939999999&5.366617,2024-02-24T20:30:00.000Z,60,10,public,false,Détente,4,Ez3YAlfrUxgTTJcxq9sNBTRxuHP2,9,10,0,0,0,0,0
BfOa0IYvHzdSYNrSwv5T,LE FIVE Paris 17,played,captain,ChIJ7eI8sFNv5kcR5xy52Wc57NU,48.900032&2.3213449,2024-03-05T16:00:00.000Z,60,10,public,true,Détente,3,JaQ3Zpce0VXW29xXgnAx9aSKApJ3,10,10,2,0,0,0,0
Bgql54MUPB3NYMZHVnaE,Soccer Five,played,captain,ChIJp0K53sp55kcR61-WTU8Yv5k,48.7368129&2.2591558,2024-02-24T09:00:00.000Z,90,10,public,false,Détente,2,Dohg1zNvhsbmGrYuAmExKFyjruw2,10,10,0,0,0,0,0
BiHXFvlhO4U4DInCUh9o,Stadium Thiais,played,pro,ChIJ64X9jzx05kcRsHvSfOv6UcA,48.7511024&2.3713455,2024-02-20T18:00:00.000Z,90,13,public,false,,,psf3NmXEPwdCltHKJC7VuvJocrF3,10,10,7,0,0,0,3
BiXmLA4Zhfr6S8uQZo7n,UrbanSoccer - Lille Bondues,published,captain,ChIJ58ZerMgrw0cR2Jyp7tZjBn4,50.6913774&3.0860264,2024-02-23T11:30:00.000Z,90,6.5,private,true,Détente,2,ikyMn7gbpQWL7q7Kug1u5I7nIRu2,1,10,0,0,0,0,0
BigA4oTIB3jUNz3ne3Pa,Classico Foot,played,captain,ChIJFV442oCxrhIRgsZy5aIbkNs,43.5945434&1.2911399,2024-02-23T18:00:00.000Z,60,9,public,false,Détente,3,n4hi5r6NXeWEcduLhRj86JCXthc2,10,10,3,0,0,0,1
BjSTuBTylIElCbVH2CzJ,LE FIVE Bezons,played,pro,ChIJ04KEHBZk5kcRoDWLaMOCCwQ,48.91909&2.2093051,2024-02-24T11:00:00.000Z,90,13.5,public,false,,,U3MriTZbPbTUEsU6RtRuHxDMKvg2,10,10,5,0,0,0,2
BkQUyll1ibt2RZOsweyz,Play Soccer,published,captain,ChIJQ-UxZn-5rhIRKWoQydM5T9s,43.5512023&1.4098927,2024-02-23T17:00:00.000Z,30,12,public,false,,,pL0skPQs4CYYVXb682MCC9jXu8K2,5,10,0,0,0,0,0
BltAZjMkBVx59iW4Cg2z,UrbanSoccer - Puteaux,canceled,captain,ChIJM_sC0-Nk5kcRhL1y_EFIje8,48.8836397&2.2312283,2024-02-29T21:00:00.000Z,60,14,public,true,Détente,4,UG23bh92yeTazTzl6luByxrPhHf1,8,10,0,0,0,0,0
BmI23qYle4qO6ZUG2tVu,Cité des Sports,canceled,captain,ChIJ70UPf6R75kcRGb3NAV9k7Ww,48.8247744&2.2650728,2024-03-02T19:00:00.000Z,60,13,public,false,,3,BE5TERsNfQTBHy3lAr2PGREXviq2,6,10,0,0,0,0,1
Bp1IWHjdn7G74WfA1xjL,Footsal Cousinerie,played,captain,ChIJXQyb1d8pw0cRLO_Ed5xHTIQ,50.6440829&3.1459612,2024-03-06T20:00:00.000Z,90,8.5,public,false,Détente,2,B0zaVQnMeBabl1RHzfc588KI1kj1,10,10,3,0,0,0,1
BrVWgXfL5wPzGtjZXocG,Stadium Thiais,canceled,captain,ChIJ64X9jzx05kcRsHvSfOv6UcA,48.7511137&2.3715422,2024-02-22T19:30:00.000Z,90,15,public,false,Détente,4,N1WVnqv0jcU0WDaPITpzpO7UBLD2,5,10,0,0,0,0,0
BrztiGtAY3t1CuYknnod,Rue du Musée,played,captain,ChIJ4ypzX6B15kcRFesay1dBJco,48.71676&2.39852,2024-03-03T12:30:00.000Z,120,,private,false,Compétition,5,5v9WX6HkohWW6s4r8BR39p1iJxu1,16,16,11,0,0,2,3
BsW39Inir4ZruvNblw8z,Massilia FIVE,played,captain,ChIJxZ6UmMW-yRIR7ot5DChYj4w,43.28920790000001&5.4503802,2024-02-21T18:00:00.000Z,60,10,public,false,Détente,2,mEyOtboVu2VwML4wfYYmzoDc4DF2,10,10,1,0,0,0,0
BsWRHhhhd0H5cQGR1m7n,LE FIVE VITROLLES,played,captain,ChIJi4A-IrHoyRIRunoYLEGNeYI,43.4338497&5.240971399999999,2024-03-01T18:00:00.000Z,60,10,public,false,Compétition,4,RZjIP0X67tM4LKY3FF5apu37vKC2,10,10,0,0,0,0,1
BtPLFGjcnLUegZ2jVEZN,Footbox,published,pro,ChIJY-WkusIR5kcR-tEad3UtaSQ,48.9022789&2.582647,2024-02-20T20:00:00.000Z,60,10,public,false,,,QI89VPazyLhBVnWH871jk4BUEZI3,0,10,0,0,0,0,0
BwQSMC0hjpZFJQQpY1UP,Foot POWER 5,canceled,pro,ChIJuTCIFshm5kcRBtEQJ76dAzc,48.960066&2.2061913,2024-02-27T18:30:00.000Z,90,7,public,false,,,sss3dYi6nzWd7rEjwcQ30LGKudj1,0,10,0,0,0,0,0
BxOMZxAqYLZ6P6OaduK9,LE FIVE Bezons,canceled,captain,ChIJ71Mv0Wpk5kcRg-H9x7L-dXo,48.9190524&2.211796,2024-03-03T21:30:00.000Z,30,7.5,public,true,Détente,,dBD02rAC5oQIz0nnrufdD9xkNc83,5,10,0,0,0,0,0
Bxw3qfH1QsNITz2vMF43,UrbanSoccer - Asnières,canceled,captain,ChIJi5LkLT9v5kcRSlhScqEFNWs,48.92192379999999&2.3068311,2024-03-02T09:30:00.000Z,90,18,public,true,Chill,3,URjj3fOznfc2IBpErpv9ziNLcjE2,9,10,0,0,0,0,0
BzUFSSFV2WLz0riBkCfH,Footbox,published,pro,ChIJY-WkusIR5kcR-tEad3UtaSQ,48.9022789&2.582647,2024-02-20T22:00:00.000Z,60,10,public,false,,,QI89VPazyLhBVnWH871jk4BUEZI3,0,10,0,0,0,0,0
C0AfoMVfhsu9zo6wcQG9,LE FIVE Paris 13,published,pro,ChIJ_bOSChhz5kcRZMTeq_6Gdzg,48.8181615&2.3658793,2024-03-05T22:00:00.000Z,60,10,public,false,,,FjSnzlRFFfhWVWQJGfIEwRc2ZMj2,0,10,0,0,0,0,1
C2Sht6RU8xzYT7jjCkYB,LE FIVE Marville - La Courneuve,canceled,captain,ChIJ2dHdMZxr5kcR0aKYHYsp0pY,48.9364404&2.3869147,2024-03-05T19:00:00.000Z,90,15,public,false,Détente,3,QwV7RKo5R4fC4E0SZiZ0wkUch0B2,10,10,0,0,0,0,0
C3JbHLhmrftn3rJe6Idu,Stadium Thiais,played,captain,ChIJ64X9jzx05kcRsHvSfOv6UcA,48.7511137&2.3715422,2024-02-20T21:00:00.000Z,120,10,public,false,Détente,3,Dohg1zNvhsbmGrYuAmExKFyjruw2,10,10,0,0,0,0,0
C41Kt5VzKpHVnlhw0EaD,Play Soccer,played,captain,ChIJQ-UxZn-5rhIRKWoQydM5T9s,43.5512023&1.4098927,2024-02-26T19:30:00.000Z,90,15,public,false,,3,pL0skPQs4CYYVXb682MCC9jXu8K2,10,10,5,0,0,0,0
C4R0uZVyUl0oyHa4CbjK,Z5 Aix,played,captain,ChIJKb-U_9KSyRIRKIFKbH5mW18,43.4787869&5.3969048,2024-03-02T14:00:00.000Z,60,10,public,false,Détente,2,3B2sa80JJVV0ZjTnQ4s8OfGzZww1,10,10,1,0,0,0,2
C8niM7sWUbJZkLd8wm0z,Stadium Thiais,played,captain,ChIJ64X9jzx05kcRsHvSfOv6UcA,48.7511137&2.3715422,2024-02-20T19:30:00.000Z,90,15,public,false,Détente,,A3vQcfLoqHNMdEPiPf797XFy3JW2,12,12,4,0,0,0,0
C9Fxv5KHcdC8cvpJRpCp,Le 13 - Foot en salle - Marseille,played,captain,ChIJR62kUm_ByRIRDnGQqGCeUVQ,43.33370070000001&5.370389599999999,2024-02-28T20:30:00.000Z,60,10,public,false,Détente,4,OArLthkKM4gEcA8qItrfPvJY4HI3,10,10,3,0,0,0,1
CBbx54kGiAQk01pfYuZ7,Le Street Foot en Salle,played,captain,ChIJt_AXL6Jg5kcRu6rBmnrmeUM,49.0164435&2.181307,2024-02-21T19:00:00.000Z,120,18,public,false,Compétition,,wxbhGUZev3N97NCRGBbh8lEJmQr2,12,12,1,0,0,0,4
CEKoHuYhmhM3FDhT5Cii,LE FIVE Bezons,played,captain,ChIJ71Mv0Wpk5kcRg-H9x7L-dXo,48.9190524&2.211796,2024-02-22T17:30:00.000Z,60,5,public,true,Détente,3,xfUboCk38ZhvU0cho2bxu4if0fl1,10,10,1,0,0,0,1
CFcVoqZUdbrL5AguV21B,Parc Sainte Barbe,canceled,captain,ChIJtw301r5w5kcRvRjidiuAyaw,48.7922897&2.2913469,2024-03-05T12:00:00.000Z,120,,public,false,Détente,4,rzC8A0bd4afb9AWrHKlCPT9461y1,13,16,0,0,0,0,0
CHsMtqWLlwxBMBgUlJLo,Play Soccer,played,captain,ChIJQ-UxZn-5rhIRKWoQydM5T9s,43.5512023&1.4098927,2024-02-25T16:00:00.000Z,90,0.12,public,false,Compétition,,2NU7A9Qv4FSliapXOPdbyvoZIbt2,10,10,3,0,0,0,0
CKfUVHUQiw5ijkGoBgv3,UrbanSoccer - Quai d'Ivry,canceled,captain,ChIJfXxYJ0xy5kcRw9xTkF6-FZQ,48.8199885&2.3936463,2024-02-23T21:15:00.000Z,90,11.5,public,true,Compétition,4,oKfGVfs7dYecPpobKfuTXiuhh8J3,9,10,0,0,0,0,0
CLOhEy7q5fsemruzb0um,Stade Desroys du Roure,published,captain,ChIJ0fOtapfg5UcRPVyltwTw_G0,48.6363807&2.4509731,2024-03-07T12:00:00.000Z,180,,public,false,Compétition,4,TTXVUJ8HHZdRSCZw2fGdem5bPS72,15,16,0,0,0,0,0
CNCCS4nbgV5wAZIBlWGl,Stadium Thiais,played,captain,ChIJ64X9jzx05kcRsHvSfOv6UcA,48.7511137&2.3715422,2024-02-27T18:30:00.000Z,90,14,public,false,Compétition,5,s3I2h3bnGyaBLpdlg3HvVlVlQ4x1,10,10,2,0,0,0,0
CNcbGRR8decbvJ7q5pPk,UrbanSoccer La Défense,played,captain,ChIJh4rnfVhk5kcRV2Q-ZKdm8vA,48.8996456&2.2216773,2024-03-06T19:15:00.000Z,60,15,public,true,Détente,2,vqcx0r01jkdpucMBLTwysZpAD5G3,10,10,0,0,0,0,2
CPFta8kcUcDIRAs18nV7,Cité des Sports,played,captain,ChIJ70UPf6R75kcRGb3NAV9k7Ww,48.8247744&2.2650728,2024-02-21T11:15:00.000Z,90,,public,false,Détente,3,Vu4Mh1iuRtZb5xqP2fgfcW12n0V2,16,16,6,0,0,0,2
CPntIg2kANjq6GkneOYD,LE FIVE Paris 17,played,captain,ChIJ7eI8sFNv5kcR5xy52Wc57NU,48.900032&2.3213449,2024-02-28T21:00:00.000Z,60,5,public,true,,3,93EETGDXMhXqmVRbqkgOLKcbO5D2,10,10,5,0,1,0,1
CQ5l3NuI3XVkdKAXAAn5,Game 13 foot indoor,played,captain,ChIJNSDvlsXryRIRUXao9hwB79I,43.41258939999999&5.366617,2024-02-29T18:30:00.000Z,60,10,public,false,Détente,3,Ez3YAlfrUxgTTJcxq9sNBTRxuHP2,10,10,0,0,0,0,0
CQ8t9nmHG3F1GF9yVfYE,UrbanSoccer La Défense,played,captain,ChIJh4rnfVhk5kcRV2Q-ZKdm8vA,48.8996456&2.2216773,2024-03-06T16:45:00.000Z,60,12.5,public,true,Détente,2,0OxJIIpxnxfwFqmAxzyyPkTYRdE2,10,10,1,0,0,0,2
CR4Wa4aUEqd4nQdqJplR,UrbanSoccer - Quai d'Ivry,canceled,captain,ChIJfXxYJ0xy5kcRw9xTkF6-FZQ,48.8199885&2.3936463,2024-02-29T19:30:00.000Z,60,15,public,true,Détente,3,chfMEhKaM4hJgV75Z26J4tOHD602,10,10,0,0,0,0,0
CSubdqjmWg8UYE7R89Wu,UrbanSoccer - Asnières,canceled,captain,ChIJi5LkLT9v5kcRSlhScqEFNWs,48.92192379999999&2.3068311,2024-03-01T19:30:00.000Z,90,18.75,public,true,Compétition,3,35Lr5jbDfzUfSvsKf42Uk7TLyzi2,10,10,0,0,0,0,0
CUxapWHBXChxu6tddcuG,Game 13 foot indoor,played,captain,ChIJNSDvlsXryRIRUXao9hwB79I,43.41258939999999&5.366617,2024-03-05T19:00:00.000Z,60,10,private,false,Détente,2,YRqiIIRIa7WLYzz10t8KebtmcKp1,10,10,5,0,0,0,2
CVgDmpupxkko8K8TC5jt,UrbanSoccer - Puteaux,played,captain,ChIJM_sC0-Nk5kcRhL1y_EFIje8,48.8836397&2.2312283,2024-03-07T11:00:00.000Z,60,11,public,true,Détente,2,69NZhz1Oe9fwFl35k37zj3W9qDx2,10,10,0,0,0,0,1
CXYxKnR0K8m3zXZF1ZYS,Parc Interdépartemental des Sports du Tremblay,played,captain,ChIJBVkfrQ4N5kcRGi-XnNQN_yo,48.8281085&2.491365,2024-03-02T09:30:00.000Z,120,,public,false,Détente,4,UOQPCcwCrZQFZzMd4dKzUVGstCH2,16,16,9,0,0,1,6
CYQBFi2M5OYXJHIstnUY,Sun Set Soccer,played,captain,ChIJ-2jOt33D9EcRLZL2mS5Gvz4,45.6768927&4.9409477,2024-02-27T17:25:00.000Z,60,9,public,false,Détente,3,zCP4vlh8JJOG7R0AgTJusMFKWHd2,10,10,4,0,0,0,0
CZCJDhGMt9QSp04yITG0,LE FIVE Montreuil,published,pro,ChIJJdTQjr0T5kcRZmGxtIJVy44,48.8613036&2.4653095,2024-03-04T16:00:00.000Z,90,11,public,false,,,u9uC1vjdcdQ3UqNxI0SiFxor0m43,0,10,0,0,0,0,0
CbMXI3WRpmb7zTRHO40c,Centre Sportif Léon Biancotto,played,captain,ChIJ-VeFoadv5kcRK1mEqcLRlxQ,48.8961559&2.3117446,2024-03-02T10:00:00.000Z,60,,public,false,Compétition,4,m7imBq1NUyNWG8h7VnEi8MATmRl1,14,14,1,0,0,0,1
Cc3s5FGHSpfLujxJURl7,Stadium Thiais,published,pro,ChIJ64X9jzx05kcRsHvSfOv6UcA,48.7511024&2.3713455,2024-02-24T10:30:00.000Z,90,12,public,false,,,psf3NmXEPwdCltHKJC7VuvJocrF3,1,10,0,0,0,0,1
Ch2T2a3awbsbLcAxRhEx,Stade Olympique Yves du Manoir,played,captain,ChIJYeUIntpl5kcRZsN35flVVAY,48.9292771&2.2477717,2024-03-03T09:50:00.000Z,90,,public,false,Détente,4,reugKjXkQXaI9FiNGhxGckIluo32,18,18,4,0,0,0,4
CiiCUYTSnVpV7yS9qMgN,Footbox,published,pro,ChIJY-WkusIR5kcR-tEad3UtaSQ,48.9022789&2.582647,2024-03-03T21:00:00.000Z,60,10,public,false,,,QI89VPazyLhBVnWH871jk4BUEZI3,0,10,0,0,0,0,0
CjG8JkPLYDgKa5dAW7to,UrbanSoccer - Montpellier,published,captain,ChIJVXFMq4ylthIRtrZPBHOMTAc,43.6287861&3.9096381,2024-02-29T19:00:00.000Z,60,9,public,true,Détente,3,JX8Ltma6WsXKdNhxFgGK8PI4r463,8,10,0,0,0,0,0
Clct4RulgX9y78OEIcC2,Game 13 foot indoor,played,captain,ChIJNSDvlsXryRIRUXao9hwB79I,43.41258939999999&5.366617,2024-02-26T21:00:00.000Z,60,10,public,false,Détente,4,Ez3YAlfrUxgTTJcxq9sNBTRxuHP2,10,10,2,0,0,0,0
CoebtifPdronEivy5Asn,OHSPORT,played,captain,ChIJHeG9fA4X5kcRbGNzVY5Ud5I,48.9672396&2.5670436,2024-03-03T14:30:00.000Z,90,6,public,false,Détente,4,bXWeejSjRBPupsPRVTkBDN0lC152,10,10,1,0,0,0,1
Cp81MkbtWsCic4jhSTn1,UrbanSoccer - Toulouse Sept Deniers,played,captain,ChIJk5nUBdOkrhIRP-1aUJzo-lA,43.6321552&1.411696,2024-02-25T16:00:00.000Z,60,8,public,true,Détente,2,R7i6QyBIZQdWXcpxRGEOjvJj3rG3,10,10,0,0,0,0,0
CppvTEW68iPFEV947SsI,Game 13 foot indoor,canceled,captain,ChIJNSDvlsXryRIRUXao9hwB79I,43.41258939999999&5.366617,2024-02-22T19:00:00.000Z,60,10,public,false,Détente,4,RPwfyrL30dS1yvyJwGrn0z2HgSa2,5,10,0,0,0,0,0
CqCyt2eCvO6MDNcST6TS,Monclub Futbol,canceled,captain,ChIJGbxxaamUyRIRgGvhHnhJStA,43.4299152&5.4001974,2024-03-04T18:00:00.000Z,60,11,public,false,Détente,5,9TnJ81MnmEh0OFNpicuKG2vJUSf2,9,10,0,0,0,0,0
Cqq2jyVJbr2tcyfNkj8q,Parc des Sports,played,captain,ChIJPebzUkFv5kcRmjqF743bIsU,48.92430390000001&2.3017009,2024-03-03T13:00:00.000Z,90,,public,false,Compétition,5,gcUvLJGsLVN6MjE3Z9SQqllcqAd2,10,10,4,0,0,0,0
CsjXdm3JvnKk4fRracBl,Footbox,published,pro,ChIJY-WkusIR5kcR-tEad3UtaSQ,48.9022789&2.582647,2024-02-24T13:00:00.000Z,60,10,public,false,,,QI89VPazyLhBVnWH871jk4BUEZI3,0,10,0,0,0,0,0
Cu4V8F3ULrCCOd9GIiek,UrbanSoccer - Puteaux,published,captain,ChIJM_sC0-Nk5kcRhL1y_EFIje8,48.8836397&2.2312283,2024-02-23T12:00:00.000Z,60,13.5,public,true,Détente,2,qgSADfvrIHczE1QtuDhlVnrASB83,8,10,0,0,0,0,0
CuOcW1Mowymn437Wdffo,UrbanSoccer - Puteaux,played,captain,ChIJM_sC0-Nk5kcRhL1y_EFIje8,48.8836397&2.2312283,2024-03-05T17:30:00.000Z,60,12,public,true,Chill,2,t93XzDm6RoPFMGNO5rR9p8NiGxg2,10,10,2,0,0,0,0
CvO2q5XFRtOk6DlKSnAC,Stade de la Plaine,published,captain,,48.7905631&2.2495574,2024-03-02T10:50:00.000Z,120,,public,false,Détente,3,O7xt6UJcQpawKC4xrt8JnnEJDzW2,14,16,0,0,0,0,1
Cvdx2U4pQSHSp3wMC3ct,Stadium Thiais,published,pro,ChIJ64X9jzx05kcRsHvSfOv6UcA,48.7511024&2.3713455,2024-02-21T16:30:00.000Z,90,10,public,false,,,psf3NmXEPwdCltHKJC7VuvJocrF3,0,10,0,0,0,0,0
Cx3uev7uf5MDtSYmDsAh,Testing Purposes,published,pro,,67.461524&-152.801377,2024-02-20T15:00:00.000Z,90,12,public,false,,,f2LrY7SAV3U1V9tUVAZfiMxA3uu1,0,10,0,0,0,0,0
CyejfJoku40H8rhKl6Qy,Footbox,canceled,pro,ChIJY-WkusIR5kcR-tEad3UtaSQ,48.9022789&2.582647,2024-03-06T20:00:00.000Z,60,10,public,false,,,QI89VPazyLhBVnWH871jk4BUEZI3,0,10,0,0,0,0,0
Cyrd5uE30yroOyXON0yj,UrbanSoccer Meudon,played,captain,ChIJ0WKvjbh75kcRoqSmyWwW2jQ,48.80013599999999&2.2140811,2024-02-24T16:25:00.000Z,90,8,public,true,Détente,3,XRo34E6cc3VJ1RVVbejWsYDbB553,10,10,2,0,0,0,0
CzYBawWgEQmS8EiqA741,Antony,played,captain,ChIJf8cFRhF35kcR0D6LaMOCCwQ,48.759255&2.302553,2024-03-03T08:20:00.000Z,90,10,public,false,Détente,3,Dohg1zNvhsbmGrYuAmExKFyjruw2,10,10,2,0,0,0,0
D0Ji8Yae6vs3ruTKtSlZ,LE FIVE Paris 18,canceled,pro,ChIJpVT4_n1u5kcRzji6FdTBXXo,48.8978522&2.3700234,2024-03-06T21:20:00.000Z,90,10,public,false,,,UQf33jQhVZhle917nO0h7D5qclV2,0,10,0,0,0,0,0
D7WQzNmtlEExeucOk7Gh,UrbanSoccer Meudon,played,captain,ChIJ0WKvjbh75kcRoqSmyWwW2jQ,48.80013599999999&2.2140811,2024-03-04T17:30:00.000Z,60,,public,true,Détente,3,tE18t4xrOUZZb0G4vFLqHX2Lmwp2,12,12,0,0,0,0,1
DAYmnaT5mb4q4nECnMpa,Stade Georges Carpentier,played,captain,ChIJDcRAPQZz5kcRRfIYvk9rvQQ,48.8190383&2.3661251,2024-02-23T15:00:00.000Z,90,,public,false,Détente,4,JU3C6gIW2VYYc16aanhgp5xx9Gi2,16,16,14,0,0,0,8
DFnqJtpA9fM0ckSgqwe1,Sport dans la Ville Rhône-Alpes,canceled,captain,ChIJoUEDcmvr9EcRILCz6hDCQ2o,45.7811703&4.8081568,2024-03-05T18:30:00.000Z,90,13,public,false,Compétition,3,jIybTcoz4qQodKKdUzBBzeQFuEQ2,10,10,0,0,0,0,1
DGV8kmIh8CIrhrvhUghW,UrbanSoccer Meudon,played,captain,ChIJ0WKvjbh75kcRoqSmyWwW2jQ,48.80013599999999&2.2140811,2024-02-28T19:30:00.000Z,90,15,public,true,Détente,3,HJotKKrtUJaLFOvmszXxkGnM8Q52,10,10,0,0,0,0,2
DGpkaEYBN4xTLLCB42tH,LE FIVE Paris 17,played,captain,ChIJ7eI8sFNv5kcR5xy52Wc57NU,48.900032&2.3213449,2024-02-23T18:00:00.000Z,60,12,public,true,Détente,3,qVQkVPt91cOY1IVono3ra8LV5pr2,10,10,1,0,0,0,0
DJQ1WWsbKRhQPcnSZCc9,LE FIVE Bobigny,published,captain,ChIJV8UONORs5kcRXxR5Qd7x130,48.901553&2.4313304,2024-03-02T19:15:00.000Z,90,10,public,false,Détente,2,edoY0g4FZ4ZUH5YfbSyW88uMpf02,9,10,0,0,0,0,0
DJWq3UrJqHpjuzaqQMFN,FOOT IN FIVE,played,captain,ChIJoUR0syFp5kcRUlStnwluaYY,48.9552257&2.3328346,2024-02-25T09:30:00.000Z,90,15,public,false,,4,dtFq1JByaGRa7hIWMaszrnWWzUN2,10,10,5,0,0,0,3
DKMb4Wr0hgiQtC9RBerH,UrbanSoccer La Défense,canceled,captain,ChIJh4rnfVhk5kcRV2Q-ZKdm8vA,48.8996456&2.2216773,2024-03-02T11:00:00.000Z,60,13.5,public,true,Chill,2,NA7GMvlZOtdqP8Hk07p0AyAEbnh1,9,10,0,0,0,0,0
DKyokmhKbJDbxkZddMVv,Game 13 foot indoor,canceled,captain,ChIJNSDvlsXryRIRUXao9hwB79I,43.41258939999999&5.366617,2024-02-22T18:30:00.000Z,60,10,public,false,Détente,3,Ez3YAlfrUxgTTJcxq9sNBTRxuHP2,10,10,0,0,0,0,0
DLhlvV61SODeeomNIhKT,LE FIVE Sarcelles,canceled,captain,ChIJ6_q3Fxhq5kcRCpoEwnoXX1Q,48.99782219999999&2.3902225,2024-03-01T20:30:00.000Z,90,13,public,false,Compétition,4,3A1J1D0NbSTNYCX6OYBl7ziyH4x1,9,10,0,0,0,0,0
DMepysI9DJkjzoBLHFp9,Play Soccer,played,captain,ChIJQ-UxZn-5rhIRKWoQydM5T9s,43.5512023&1.4098927,2024-02-29T18:00:00.000Z,60,11,public,false,Détente,2,KqlbxuZcMQMhujELtbUi207wpBv2,10,10,2,0,0,0,0
DMm97pCD0zieATlmFURp,Palais des Sports Maurice Thorez,played,captain,ChIJf7ZDwpNz5kcRZn5FP5AT8lg,48.7931091&2.3943762,2024-02-29T11:00:00.000Z,90,,public,false,Compétition,3,s66PitEmlIWAS6rfHkw618t3F8I2,10,10,3,0,0,0,0
DN6LQvlcNZ1XK36ShVJQ,Game 13 foot indoor,canceled,captain,ChIJNSDvlsXryRIRUXao9hwB79I,43.41258939999999&5.366617,2024-02-22T16:30:00.000Z,60,10,public,false,Détente,3,Ez3YAlfrUxgTTJcxq9sNBTRxuHP2,3,10,0,0,0,0,0
DNYsDr86SYVMrQvEaudJ,UrbanSoccer - Asnières,played,captain,ChIJi5LkLT9v5kcRSlhScqEFNWs,48.92192379999999&2.3068311,2024-02-29T20:15:00.000Z,90,20.25,public,true,Compétition,4,CQ6mPL8YWeMjTyx45R0MFn0dzXC3,10,10,1,0,0,0,1
DPldiz1d8XsqfgnHRGZV,Stadium Thiais,played,captain,ChIJ64X9jzx05kcRsHvSfOv6UcA,48.7511137&2.3715422,2024-02-26T20:00:00.000Z,90,15,public,false,Détente,2,Dcn2lFYuu1N75bTvFYdKyBwf22z1,10,10,2,0,0,0,3
DQhGCNICW6HHArBmiE8w,LE FIVE Marville - La Courneuve,published,pro,ChIJ2dHdMZxr5kcR0aKYHYsp0pY,48.9361223&2.3872592,2024-03-07T16:00:00.000Z,60,7,public,false,,,1GfAHFfqO6dOj37bPrTRuDS5gnk1,3,10,0,0,0,0,0
DRC3rKhzZpkx0wB9Nfvo,Stadium Thiais,played,captain,ChIJ64X9jzx05kcRsHvSfOv6UcA,48.7511137&2.3715422,2024-02-27T18:00:00.000Z,90,15,public,false,,4,qsKXCOmO16PUGSORL48ZZB6JiJD2,12,12,1,0,0,0,0
DSVNLhUo9miVE1z86eaF,UrbanSoccer - Porte d'Aubervilliers,played,captain,ChIJ0dXjDCZs5kcRvX0EpMwxsUY,48.9074912&2.3746518,2024-02-26T18:00:00.000Z,60,11.5,public,true,Détente,3,ZOivcpUstrWsw2CjP0zIcqKQZJA2,10,10,2,0,0,0,0
DT10AWmcZmjOHiQ2EihL,LE FIVE Paris 18,published,captain,ChIJpVT4_n1u5kcRzji6FdTBXXo,48.8978522&2.3700234,2024-02-24T10:00:00.000Z,90,7.5,public,true,Compétition,3,2Tx3WBJfdQOM4n9YcvqYBS4BZis2,1,10,0,0,0,0,0
DTmixQ4pXud9ticiFFno,LE FIVE Paris 18,played,captain,ChIJpVT4_n1u5kcRzji6FdTBXXo,48.8978522&2.3700234,2024-02-23T21:30:00.000Z,90,7.5,public,true,Détente,4,Rr3AS7V02egLsgPCKF7XB6hPl2W2,10,10,5,0,0,0,5
DU4JeVIKvGdhJwgDAb7o,Game 13 foot indoor,published,captain,ChIJNSDvlsXryRIRUXao9hwB79I,43.41258939999999&5.366617,2024-02-28T19:30:00.000Z,60,10,public,false,Détente,3,Ez3YAlfrUxgTTJcxq9sNBTRxuHP2,9,10,0,0,0,0,1
DUbVLAlaF1zBFWxjcQ0r,LE FIVE Bezons,canceled,captain,ChIJ71Mv0Wpk5kcRg-H9x7L-dXo,48.9190524&2.211796,2024-03-01T21:15:00.000Z,90,12,public,true,Compétition,5,O4t4dE4BCAh4vZ7VRaa816vklkA3,7,10,0,0,0,0,0
DUreqtvU1VYjdDSHmhjp,Stadium Thiais,canceled,pro,,48.7511024&2.3713455,2024-03-03T10:30:00.000Z,90,15,public,false,,,psf3NmXEPwdCltHKJC7VuvJocrF3,0,12,0,0,0,0,0
DWveQ7CYh03hwt0X6vLH,UrbanSoccer Meudon,canceled,captain,ChIJ0WKvjbh75kcRoqSmyWwW2jQ,48.80013599999999&2.2140811,2024-03-06T11:00:00.000Z,60,,public,true,Détente,4,OeBbgIv6VRX0SFImVYXE2nLA3Pd2,10,10,0,0,0,0,0
DZuKvBoZZkdv3sL3VRUk,LE FIVE Paris 17,hidden,pro,ChIJ7eI8sFNv5kcR5xy52Wc57NU,48.900032&2.3213449,2024-02-21T18:00:00.000Z,60,12,public,false,,,V6mqbc9C8FNa1RQlUupjeoqOsZL2,0,10,0,0,0,0,0
DaR1qHI1webvelALPZy5,UrbanSoccer - Asnières,played,captain,,48.92192379999999&2.3068311,2024-02-23T21:30:00.000Z,90,5,public,true,Détente,3,5qq0zfP2PefyCYjpJkx8mg1Dr7B3,10,10,3,0,0,0,2
DccN3U9ulUjJYXNIUP7V,Top Ten,canceled,captain,ChIJfXprBx4b5kcRmhe-5pLZUek,48.8729106&2.6840919,2024-03-05T20:00:00.000Z,90,15,public,false,Compétition,4,8FrxHIuCFhcjbTjzTicXer9t9Vz2,6,10,0,0,0,0,0
DdWz80ny8SlbgxWdk21w,Classico Foot,played,captain,ChIJFV442oCxrhIRgsZy5aIbkNs,43.5945434&1.2911399,2024-03-03T18:00:00.000Z,60,8,public,false,Compétition,3,RNJaY2LoEbSTU3KzOCwES0uahoq1,10,10,6,0,0,0,3
DhW74tz99zoZYB1p0HIv,Stadium Thiais,played,pro,ChIJ64X9jzx05kcRsHvSfOv6UcA,48.7511024&2.3713455,2024-03-05T11:00:00.000Z,60,7,public,false,,,psf3NmXEPwdCltHKJC7VuvJocrF3,10,10,7,2,0,0,1
DhW7nb4hPCyKjAls6udw,LE FIVE Paris 18,canceled,captain,ChIJpVT4_n1u5kcRzji6FdTBXXo,48.8978522&2.3700234,2024-02-24T21:25:00.000Z,90,7.5,public,true,Compétition,4,FOBuOvjMUcRoZqcRFKWUc5u42Hz2,5,10,0,0,0,0,0
DhjSd4ITOg70JhxLkRCN,Play Soccer,canceled,captain,ChIJQ-UxZn-5rhIRKWoQydM5T9s,43.5512023&1.4098927,2024-03-06T19:30:00.000Z,60,10,public,false,Détente,3,8LtkeOuZHeePxfkXdNPmQSr7V9L2,10,10,0,0,0,0,0
DitZDz1fa7Sq2VzLN6AR,UrbanSoccer La Défense,canceled,captain,ChIJh4rnfVhk5kcRV2Q-ZKdm8vA,48.8996456&2.2216773,2024-03-07T20:15:00.000Z,60,22.5,public,true,Détente,3,qZMWkh1D4wYZUxfEuKT34TJSyht1,7,10,0,0,0,0,0
DkWPkpJwhGDHJ81ur6KS,LE FIVE Villette,played,captain,ChIJTUFnQjps5kcR0pHITLTw1PI,48.9070122&2.3861459,2024-02-25T13:30:00.000Z,90,18,public,false,Détente,2,UQsQ4SrkpyV3Pm3lUg88RA4bCPV2,10,10,1,0,0,0,2
Dkj7Jg8GeHD685CddkAy,Lycée Général et Technologique Agricole des Sciences Vertes,played,captain,ChIJJeaXC2G-rhIRxBldjaesmiA,43.537116&1.4897633,2024-03-03T15:30:00.000Z,120,,public,false,Détente,3,o6OcD0GMLzZUBtX7NZu2glkOEZj2,12,12,4,0,0,0,1
Dl78JUKMSNX8foMxhmrs,Plaine des Jeux de Gerland,published,captain,ChIJBYG18IPp9EcRUNpTJFdu8f0,45.7213257&4.8272967,2024-02-29T17:15:00.000Z,90,,public,false,Compétition,4,qkz6urrJMJeq0lUDE7LHt85b6Kk1,15,16,0,0,0,0,0
DlwZCcosAZ4zzu9IHrqS,Stade Des Courtilles,published,captain,ChIJ83HS9ldv5kcR-plMKkHPNTA,48.929137&2.2834726,2024-02-23T17:30:00.000Z,120,,public,false,Détente,4,OUDonTRM5JTwDDmUMOikuN6wCKz1,7,14,0,0,0,0,0
DnMXgk7qdcCRZXfwB2ZF,Stadium Thiais,played,pro,ChIJ64X9jzx05kcRsHvSfOv6UcA,48.7511024&2.3713455,2024-03-03T16:30:00.000Z,90,15,public,false,,,psf3NmXEPwdCltHKJC7VuvJocrF3,10,10,5,2,0,0,7
Drd8kPu1m2k84EzdZEPs,Z5 Aix,played,captain,ChIJKb-U_9KSyRIRKIFKbH5mW18,43.4787869&5.3969048,2024-03-03T09:45:00.000Z,120,11,public,false,Détente,2,BkTenhYmWUOrc7Ia5Pz0A7usZim1,10,10,0,0,0,0,0
DsfxQfub781WgMJj354q,LE FIVE Paris 18,played,pro,ChIJpVT4_n1u5kcRzji6FdTBXXo,48.8978522&2.3700234,2024-02-20T16:00:00.000Z,60,5,public,false,,,UQf33jQhVZhle917nO0h7D5qclV2,10,10,9,0,0,1,6
Dt3rbPDkHyQrGUY05ZbG,Urban Football Meudon,played,captain,ChIJFeLBC2N75kcRyM1mlEZ3HjM,48.7983594&2.2102561,2024-03-07T19:00:00.000Z,90,16.5,public,false,Détente,3,Eky9dVVNQmbB9akUqXl9wI6eE282,14,14,0,0,0,0,0
DtxRs6t7Xm8Jw8irm5af,Footsal Cousinerie,played,captain,ChIJXQyb1d8pw0cRLO_Ed5xHTIQ,50.6440829&3.1459612,2024-03-06T18:30:00.000Z,60,9,public,false,Compétition,3,h1BNzrw7a8WtYlD1CQfwYyglTD73,10,10,2,0,0,0,1
DuyKXYzS5Xki6Nq2v9fz,Top Ten,played,pro,ChIJfXprBx4b5kcRmhe-5pLZUek,48.8729106&2.6840919,2024-03-07T16:00:00.000Z,90,5,public,false,,,i27253AGxOfXgYJK72sBnvUGuMk2,9,10,7,0,0,0,7
DvvXGlmE5tbzkL7xrnoe,Stadium Thiais,published,pro,ChIJ64X9jzx05kcRsHvSfOv6UcA,48.7511024&2.3713455,2024-02-22T11:00:00.000Z,60,7,public,false,,,psf3NmXEPwdCltHKJC7VuvJocrF3,0,10,0,0,0,0,1
DwqvUi0cMLVN3DmGfcAK,UrbanSoccer - Asnières,canceled,captain,ChIJi5LkLT9v5kcRSlhScqEFNWs,48.92192379999999&2.3068311,2024-03-02T09:30:00.000Z,90,17.25,public,true,Détente,3,NUKshUe0TxeLi9HZQQ24K9FBHA12,9,10,0,0,0,0,0
Dx6zMrmscVmPAmiGYe0E,LE FIVE Créteil,played,captain,ChIJ88lx3VwL5kcRVxCh4lD6_Gk,48.7643086&2.4706522,2024-03-07T18:30:00.000Z,60,11,public,false,Chill,1,OpRyQm0eBUh0f1ekbHc97lLRDUg1,10,10,1,0,0,0,1
DySMYtqogYSlOI6TdLsP,LE FIVE Paris 18,played,pro,ChIJpVT4_n1u5kcRzji6FdTBXXo,48.8978522&2.3700234,2024-03-03T18:00:00.000Z,60,10,public,false,,,UQf33jQhVZhle917nO0h7D5qclV2,10,10,8,0,0,0,1
DzFh4vMzXNaajdoEdKlI,UrbanSoccer - Marne-La-Vallée,canceled,captain,ChIJ6bDBiosP5kcROXiloHzSdhc,48.82658600000001&2.6296937,2024-02-29T18:30:00.000Z,60,10.5,public,true,Détente,,oLPDuIoiNaRPJRshKRx6EQzSHzE3,10,10,0,0,0,0,0
E01Sc7Mae09cBqeJ9Cfk,UrbanSoccer - Lyon Parilly,played,captain,ChIJx3FQWjLC9EcRrrQb2eV7i_4,45.7120399&4.9039284,2024-02-27T17:00:00.000Z,90,13.5,public,true,Détente,,QnFSzDz0bGgRhPMipuSjEnoDdx02,10,10,0,0,0,0,0
E0ldBByF9pXiE5UbNz93,Le Street Foot en Salle,draft,captain,ChIJt_AXL6Jg5kcRu6rBmnrmeUM,49.0164435&2.181307,2024-02-25T09:00:00.000Z,90,16,public,false,,,j1TwlOOmwoPrmm8Ar6pdl83pzxG3,0,10,0,0,0,0,0
E1E7IpUUHYVeRQHl3LMG,UrbanSoccer - Asnières,played,captain,ChIJi5LkLT9v5kcRSlhScqEFNWs,48.92192379999999&2.3068311,2024-02-25T18:30:00.000Z,60,13,public,true,Détente,3,FfMDDrBH4QVfPPhuTDCL6LcU1pT2,10,10,5,0,0,0,1
E2y4snjErhtECOCqaI0t,LE FIVE Champigny,played,captain,ChIJsXi1PLYN5kcRTVVDuczgS2s,48.8194084&2.5251846,2024-03-03T11:25:00.000Z,60,10,public,false,Détente,,KjmHPgd77XVMkfdfsCxoyga5cMI3,10,10,0,0,0,0,0
E3cXVSbuWvtUWNd9FuEa,LE FIVE Montreuil,published,pro,ChIJJdTQjr0T5kcRZmGxtIJVy44,48.8613036&2.4653095,2024-02-24T21:00:00.000Z,120,20,public,false,,,u9uC1vjdcdQ3UqNxI0SiFxor0m43,0,10,0,0,0,0,0
E6CifEPx9s5zdVREIZzu,Stade Georges Racine,canceled,captain,ChIJDZg5z11v5kcRk4jjPZYQShs,48.9063715&2.3127112,2024-02-27T11:15:00.000Z,90,,public,false,Détente,3,2LI2FdIfzBX71LGpcMSJBBty8fh2,12,14,0,0,0,0,0
E6wkrBJ1OJ9AEoG9A0Ao,Footbox,canceled,pro,ChIJY-WkusIR5kcR-tEad3UtaSQ,48.9022789&2.582647,2024-03-05T19:00:00.000Z,60,10,public,false,,,QI89VPazyLhBVnWH871jk4BUEZI3,0,10,0,0,0,0,0
EBJNbEFbrmvq4Cx3Xt5d,Top Ten,published,pro,ChIJfXprBx4b5kcRmhe-5pLZUek,48.8729106&2.6840919,2024-02-25T20:30:00.000Z,90,15,public,false,,,i27253AGxOfXgYJK72sBnvUGuMk2,0,10,0,0,0,0,0
ECzEjubRyX8AVk5NtwLh,Play Soccer,played,captain,ChIJQ-UxZn-5rhIRKWoQydM5T9s,43.5512023&1.4098927,2024-02-24T17:00:00.000Z,90,12,public,false,,,pL0skPQs4CYYVXb682MCC9jXu8K2,10,10,4,0,0,0,1
ED43tV4L83n57MrEZozC,Foot-Max Argenteuil,published,pro,ChIJi9oIzaRm5kcRJYcK7QsdRMU,48.9501632&2.2093946,2024-03-06T18:00:00.000Z,60,8,public,false,,,SuEnyPZ4TgNIkt1yap2yJ3ZHO6p1,0,10,0,0,0,0,0
EDvGaEqLXVyhmbT7ZdXY,UrbanSoccer - Quai d'Ivry,canceled,captain,ChIJfXxYJ0xy5kcRw9xTkF6-FZQ,48.8199885&2.3936463,2024-02-27T18:00:00.000Z,60,13,public,true,Détente,3,saJMvRqtoQXoojkvOdesIuhDfb93,10,10,0,0,0,0,0
EFaa5Q4oH2499PB2qwHa,Classico Foot,played,captain,ChIJFV442oCxrhIRgsZy5aIbkNs,43.5945434&1.2911399,2024-03-01T18:30:00.000Z,60,9,public,false,Détente,3,uqbrk7pNzBZsX0V0406AfnrOCip1,10,10,4,1,0,0,0
ELKkveZLQHHExbduscXs,Foot-Max Argenteuil,published,pro,ChIJi9oIzaRm5kcRJYcK7QsdRMU,48.9501632&2.2093946,2024-03-04T22:00:00.000Z,90,12,public,false,,,SuEnyPZ4TgNIkt1yap2yJ3ZHO6p1,2,10,0,0,0,0,0
ELM64ErZUSKD66hhKOuh,UrbanSoccer - Asnières,published,captain,ChIJi5LkLT9v5kcRSlhScqEFNWs,48.92192379999999&2.3068311,2024-02-22T19:00:00.000Z,60,12,public,true,Détente,3,UbgLgcybQfgzUI2aordvHzWdANz2,8,10,0,0,0,0,1
EMfFqvcVMFI5DYGo5IEO,UrbanSoccer - Porte d'Aubervilliers,played,captain,ChIJ0dXjDCZs5kcRvX0EpMwxsUY,48.9074912&2.3746518,2024-03-01T19:30:00.000Z,60,14,public,true,Détente,2,oSTr8LNXDqdwH4NAdcPQYpZ7Lcm2,10,10,0,0,0,0,1
ENjIclqh6HA4J0i70mz3,LE FIVE Montreuil,published,pro,ChIJJdTQjr0T5kcRZmGxtIJVy44,48.8613036&2.4653095,2024-02-22T16:00:00.000Z,90,11,public,false,,,u9uC1vjdcdQ3UqNxI0SiFxor0m43,0,10,0,0,0,0,0
ENkzvNSvmLwrvNAiEVhy,Gymnase Raymond Burgard,published,captain,ChIJXWvMzz5w5kcRxt3F8esG5Rg,48.84010360000001&2.3041271,2024-02-25T09:00:00.000Z,120,5,public,false,Détente,2,YN4CLRLyxxe2dbSZBOw9zItt2T93,11,12,0,0,0,0,2
ESGyNhIBj9rGAMpvmOj0,LE FIVE Bezons,played,captain,ChIJ71Mv0Wpk5kcRg-H9x7L-dXo,48.9190524&2.211796,2024-02-27T18:30:00.000Z,60,11,public,true,Détente,,lUX4K4K1q8QJOO95yUSLpsCIHGI3,10,10,1,0,0,0,4
ESYJ3OjfysiifbN4uqDb,UrbanSoccer - Porte d'Aubervilliers,canceled,captain,ChIJ0dXjDCZs5kcRvX0EpMwxsUY,48.9074912&2.3746518,2024-02-25T13:00:00.000Z,90,7.5,public,true,Détente,4,cd6uwIamv4ZAe6OPqDHpnK5TdtH3,9,10,0,0,0,0,0
EUHKUqXQYhhaCpc8NMUN,Stadium Thiais,published,pro,ChIJ64X9jzx05kcRsHvSfOv6UcA,48.7511024&2.3713455,2024-02-25T18:00:00.000Z,90,15,public,false,,,psf3NmXEPwdCltHKJC7VuvJocrF3,5,10,0,0,0,0,1
EUwcP7ZSZwMz1o5WIZzo,Footbox,canceled,pro,ChIJY-WkusIR5kcR-tEad3UtaSQ,48.9022789&2.582647,2024-02-28T14:00:00.000Z,60,7,public,false,,,QI89VPazyLhBVnWH871jk4BUEZI3,0,10,0,0,0,0,0
EVxqKGBYs0PjJGfLrwHy,LE PARK Complexe Multisports,canceled,captain,ChIJMU8gErUJ5kcRSnpvacKwFtM,48.71189589999999&2.5771181,2024-03-05T19:00:00.000Z,90,15,public,false,Détente,2,C74cnJX23UTXZBSKZLMoRYMdN8Q2,10,10,0,0,0,0,0
EW3ESEWN4X1VH8M47dH3,Events Five,played,captain,ChIJf8cSCJG5rhIRoQadPH-wW1U,43.5399703&1.3922897,2024-03-06T19:00:00.000Z,60,9,public,false,Détente,2,kVyaXWV4MbXOhkS18nTiduhfbai1,10,10,1,0,0,0,0
EWHGUFfyN7Yz00QSX4wb,Centre Sportif Lucien Dimet,canceled,captain,ChIJMU-7ZQ9x5kcRnF2zTPIuAqI,48.8094238&2.3298901,2024-03-02T07:00:00.000Z,120,,public,false,,4,Oq5Fo12MkZYBPnQ67wj8yYxCUqv2,10,10,0,0,0,0,0
EWq4XWxCKsk9vEfud9yx,STADIUM FOOT 5 VILLAGE,published,pro,,43.269413&5.4260321,2024-03-07T11:00:00.000Z,60,10,public,false,,,fnjdH1TDJDcBVFnZjcSuXiImF7p2,0,10,0,0,0,0,0
EXtErrIjHcWDOxkojevp,Le 13 - Foot en salle - Marseille,played,captain,ChIJR62kUm_ByRIRDnGQqGCeUVQ,43.33370070000001&5.370389599999999,2024-03-06T17:30:00.000Z,60,10,public,false,Détente,4,OArLthkKM4gEcA8qItrfPvJY4HI3,10,10,1,0,0,0,0
EYPInm1uYQECN9pA1SSm,Stadium Thiais,published,pro,ChIJ64X9jzx05kcRsHvSfOv6UcA,48.7511024&2.3713455,2024-02-20T21:00:00.000Z,90,12,public,false,,,psf3NmXEPwdCltHKJC7VuvJocrF3,0,10,0,0,0,0,0
EYS9MIL9fghdzAnoDkuL,KG5 - Foot en salle - Strasbourg / Mundolsheim,canceled,captain,ChIJRSG64gm4lkcRPQTZbn3M85Q,48.6354584&7.724195300000001,2024-02-20T18:00:00.000Z,60,10,public,false,Détente,3,BzJRIxnG4yfW6Am6Soubygvepjk1,2,10,0,0,0,0,0
EaFvcNV6MyUPIRXj7bIh,LE FIVE Paris 13,canceled,captain,ChIJ_bOSChhz5kcRZMTeq_6Gdzg,48.8181615&2.3658793,2024-02-27T18:00:00.000Z,60,14,public,true,Chill,2,zUnNYfBR2WcQcqp1d5QHQnY9Fgg1,10,10,0,0,0,0,2
EbV3rtRO6p8dn7LzsoPW,Foot paris,canceled,captain,ChIJd2GJua5t5kcR_zneoHO7R-k,48.8904693&2.3731397,2024-02-29T10:30:00.000Z,120,5,public,false,Compétition,5,6g66Hr0t8ESpVJkqTW80lI9cRdr2,3,18,0,0,0,0,0
Ec9jQylKDMxuMyLp22vC,LE FIVE Paris 18,played,captain,ChIJpVT4_n1u5kcRzji6FdTBXXo,48.8978522&2.3700234,2024-02-20T18:00:00.000Z,60,14,public,true,Détente,2,bK4AwzpWBrSs3M9fVPkOHrLetBW2,10,10,3,0,0,0,3
EcRxvuUt0ZNnhBwqC3zH,UrbanSoccer - Lyon Parilly,canceled,captain,ChIJx3FQWjLC9EcRrrQb2eV7i_4,45.7120399&4.9039284,2024-02-27T20:00:00.000Z,60,10,public,true,Détente,3,MXwhH38WhCgt1V2AMA0mpfa8xVm1,9,10,0,0,0,0,0
Eca5QomO5udJHLponZ3Y,Monclub Futbol,played,pro,ChIJGbxxaamUyRIRgGvhHnhJStA,43.4299152&5.4001974,2024-03-03T18:00:00.000Z,90,12,public,false,,,CSTy9rmJRQSyWlqWuGiUhGpAGqf2,10,10,4,0,0,0,1
EeSRZCE5f886Gjv5XxGO,Stadium Thiais,played,captain,ChIJ64X9jzx05kcRsHvSfOv6UcA,48.7511137&2.3715422,2024-02-24T16:30:00.000Z,90,12,public,false,,3,qsKXCOmO16PUGSORL48ZZB6JiJD2,12,12,6,0,0,0,1
EiDnmcjqA2quYlG4U5D1,Play Soccer,canceled,captain,ChIJQ-UxZn-5rhIRKWoQydM5T9s,43.5512023&1.4098927,2024-02-20T20:00:00.000Z,60,10,public,false,,,pL0skPQs4CYYVXb682MCC9jXu8K2,5,10,0,0,0,0,0
EiSeJUYforp0uXWwiOQE,Lille Football Faubourg de Bethune,played,captain,ChIJgUO_inLVwkcR9OZ3Xp9c_v0,50.62148730000001&3.0386445,2024-03-07T18:10:00.000Z,120,2,public,false,Détente,2,zjy5cuJtnGeiJ4QHpaZDAoTpGUJ2,16,16,10,0,0,0,0
EjC03WUg9iyvJbDAJQKm,Stade Maurice David,played,captain,ChIJaXQ_52yNyRIRTTyW4d4LcGc,43.5276929&5.4235549,2024-02-26T18:00:00.000Z,120,,public,false,Détente,,KM6eaHvVavYE40EcheqPnyDlWtj1,10,10,1,0,0,0,0
EjGGuW6YUDVrdWpJOW8q,Game 13 foot indoor,played,captain,ChIJNSDvlsXryRIRUXao9hwB79I,43.41258939999999&5.366617,2024-03-03T19:00:00.000Z,60,11,public,false,Compétition,3,g9UpblN4GdetODKXH5L35ZRNl5y1,10,10,5,0,0,0,0
Ekg9yLFo40ueoxSCHU1d,LE FIVE Paris 18,played,captain,ChIJpVT4_n1u5kcRzji6FdTBXXo,48.8978522&2.3700234,2024-02-21T21:00:00.000Z,60,5,public,true,Compétition,4,ZsG36PTvjNSQbnuV9kInuHn0u4X2,10,10,4,0,0,0,4
Em377HoiYvSBSZdhv9Ap,UrbanSoccer Meudon,played,captain,ChIJ0WKvjbh75kcRoqSmyWwW2jQ,48.80013599999999&2.2140811,2024-03-05T18:45:00.000Z,60,11.5,public,true,Détente,3,JZGcczCKR6epejvL0Vrwn1zqKKv2,10,10,3,0,0,0,0
En7SOAMAQPJRajQIZoyh,Footsal Cousinerie,canceled,captain,ChIJXQyb1d8pw0cRLO_Ed5xHTIQ,50.6440829&3.1459612,2024-02-25T09:15:00.000Z,60,9,public,false,Détente,,K2vFaC0dH1SCWsToa7zGMcPLZ9B2,9,10,0,0,0,0,0
EnE6Knj3dRGVH0CWOcFd,LE FIVE Villette,played,captain,ChIJTUFnQjps5kcR0pHITLTw1PI,48.9070122&2.3861459,2024-03-03T15:30:00.000Z,90,18,public,false,Chill,3,gmHyIxS4qkOvlEjPDPEI9qAEoFo1,10,10,0,0,0,0,1
EoIyybN5Pr2HV4MTGBBe,Footbox,canceled,pro,ChIJY-WkusIR5kcR-tEad3UtaSQ,48.9022789&2.582647,2024-03-04T18:00:00.000Z,60,10,public,false,,,QI89VPazyLhBVnWH871jk4BUEZI3,0,10,0,0,0,0,0
Ev3bzg768Pq4pZkOPV1U,LE FIVE Villette,played,captain,ChIJTUFnQjps5kcR0pHITLTw1PI,48.9070122&2.3861459,2024-02-25T19:00:00.000Z,60,,public,false,Compétition,4,N1sS8BeasBdXbZo48sG5hR7kQ9e2,10,10,2,0,0,0,1
EwnlB2w8zz1quS1RSaoz,Kaiser Park,played,captain,ChIJsRLZzKFg5kcRBCfNws9nssw,49.0175545&2.1775301,2024-02-28T19:00:00.000Z,90,16,public,false,Détente,,wxbhGUZev3N97NCRGBbh8lEJmQr2,10,10,2,0,0,0,1
EyOke4IBOr7n61TNlCHv,Terrain de Draveil,published,captain,ChIJ8TYAB93f5UcRtDLTkIEHl88,48.6889414&2.3919424,2024-02-25T09:00:00.000Z,120,,public,false,Compétition,3,4UFqEa4a0Lgs47WeclcJErXD5s82,14,18,0,0,0,0,0
EylQghifSptApdn7JVLw,UrbanSoccer - Lyon Parilly,played,captain,ChIJx3FQWjLC9EcRrrQb2eV7i_4,45.7120399&4.9039284,2024-03-05T19:30:00.000Z,90,13.5,public,true,Détente,2,m77T3qpFCzcYDtLRDUKGQ2cg7uG2,10,10,3,0,0,0,0
F0s5nIicuEw6W106xJDc,Foot POWER 5,canceled,pro,ChIJuTCIFshm5kcRBtEQJ76dAzc,48.960066&2.2061913,2024-03-03T20:00:00.000Z,90,10,public,false,,,sss3dYi6nzWd7rEjwcQ30LGKudj1,0,10,0,0,0,0,0
F39gD8DhbBAv9u0TUtOI,UrbanSoccer - Lyon Parilly,played,captain,ChIJx3FQWjLC9EcRrrQb2eV7i_4,45.7120399&4.9039284,2024-02-21T18:00:00.000Z,90,16.5,public,true,Détente,2,LS25jUaHfTNiBZTHfqXKA2Uxlgw2,10,10,1,0,0,0,0
F4W1YwjrMQSbFzNcWuN1,Z5 Aix,played,captain,ChIJKb-U_9KSyRIRKIFKbH5mW18,43.4787869&5.3969048,2024-02-25T09:50:00.000Z,120,11,public,false,Détente,2,BkTenhYmWUOrc7Ia5Pz0A7usZim1,10,10,4,0,0,0,0
F4vJj5IYOsROAXmnbFyW,UrbanSoccer Meudon,played,captain,ChIJ0WKvjbh75kcRoqSmyWwW2jQ,48.80013599999999&2.2140811,2024-02-25T10:30:00.000Z,60,10,public,true,Détente,1,QvOlCebd2PRSSPERnKj8q1EpvgI3,14,14,0,0,0,0,0
F5GZthSoKK09ygGIRWEW,LE FIVE Villette,published,captain,ChIJTUFnQjps5kcR0pHITLTw1PI,48.9070122&2.3861459,2024-03-04T18:00:00.000Z,60,12,public,false,Détente,,p3LqdInEj6fsJOomYM2dUJ77Mn52,5,10,0,0,0,0,0
F5wE02wt4n5n2L387LTE,Stadium Thiais,played,pro,ChIJ64X9jzx05kcRsHvSfOv6UcA,48.7511024&2.3713455,2024-03-03T20:30:00.000Z,90,15,public,false,,,psf3NmXEPwdCltHKJC7VuvJocrF3,10,10,6,0,0,0,4
F6PoE9CczRmsZSBzTE2k,LE FIVE Carrières-sous-Poissy,published,captain,ChIJ9T4fWfyL5kcRCBX-FyZLvEE,48.9468171&2.0230552,2024-03-04T17:30:00.000Z,90,13,public,false,Détente,,D20naCVMlGOUuXTHQ9LpZibXzpJ2,9,10,0,0,0,0,0
FC2Soc4pk3Hl3byNzbQX,FIVE ARENA,canceled,captain,ChIJ02bKSuih6EcRb796CXVbkVs,48.9539465&2.9154573,2024-02-27T18:50:00.000Z,90,7,public,false,Détente,2,UPbRhNYZWKfw8XmfwQNos85AV4s2,10,10,0,0,0,0,0
FDfFTs9qm3Gj4nzfbtVM,UrbanSoccer La Défense,canceled,captain,ChIJh4rnfVhk5kcRV2Q-ZKdm8vA,48.8996456&2.2216773,2024-02-22T18:00:00.000Z,60,15,public,true,Détente,3,wwwSCl4VKbeqMo8M0SkDUKPCxS72,6,10,0,0,0,0,1
FEFRg16RkJ8AjKCVDn3N,UrbanSoccer Guyancourt,canceled,captain,ChIJmdX-2c-A5kcRj1wtOS8rZmo,48.7722091&2.0600292,2024-03-04T20:00:00.000Z,90,17.25,public,true,Compétition,2,1m7ItkzfzQT3CJr8hsE2hHmcavW2,8,10,0,0,0,0,0
FEMy8Uo92TIoq9Jgr6xT,LE FIVE Paris 17,canceled,captain,ChIJ7eI8sFNv5kcR5xy52Wc57NU,48.900032&2.3213449,2024-02-25T09:00:00.000Z,60,12,public,true,Chill,2,QvGjp6l6USRQu2PinltyiMY5pn93,5,10,0,0,0,0,0
FH1nOiJ2X10gl4M0QWja,Speed Soccer Five,published,pro,ChIJ2xTNglV25kcR3UDi4AXGfDU,48.7360598&2.315058,2024-02-20T20:30:00.000Z,90,12,public,false,,,MkTJljXziPXBdRdijccndMLBNCC3,2,10,0,0,0,0,1
FJN6tpOqw23SywZMILnu,Monclub Futbol,played,captain,ChIJGbxxaamUyRIRgGvhHnhJStA,43.4299152&5.4001974,2024-02-28T18:30:00.000Z,60,10,public,false,Détente,2,2jtITF2voegE38kuhiqMAMalV1q1,10,10,1,0,1,0,0
FK6kwFnjs3jw76Znhr2x,OHSPORT,published,captain,ChIJHeG9fA4X5kcRbGNzVY5Ud5I,48.9672396&2.5670436,2024-03-03T08:00:00.000Z,60,8,public,false,Détente,2,fWnHvBxpLqMj8Fp8965lKOd7RbH3,9,10,0,0,0,0,0
FLWUXXeojDMFRs0E0fEF,STADIUM FOOT 5 VILLAGE,canceled,captain,ChIJbbOWFtC4yRIR0WXVerbWmnE,43.269413&5.4260321,2024-02-27T17:00:00.000Z,60,10,public,false,,,Vd2POI30scVRCHez3UyUHk7uuHx1,10,10,0,0,0,0,0
FMr97LLsLrjSnl9BmnaE,LE FIVE Paris 17,played,pro,ChIJ7eI8sFNv5kcR5xy52Wc57NU,48.900032&2.3213449,2024-02-29T16:00:00.000Z,60,5,public,false,,,V6mqbc9C8FNa1RQlUupjeoqOsZL2,10,10,9,0,0,0,9
FMrmwiCemDst8s8KpX08,UrbanSoccer Guyancourt,played,captain,ChIJmdX-2c-A5kcRj1wtOS8rZmo,48.7722091&2.0600292,2024-02-22T11:30:00.000Z,60,8.5,public,true,Détente,3,4UJbZ59vNcOoUDBQzkkRTDiLYA33,10,10,2,0,0,0,1
FNInEupuFOnNNL2DdSB7,Parc de Choisy,published,captain,ChIJ7RWNzpZ05kcRTkknDj8Df-I,48.7664003&2.4305572,2024-03-07T19:30:00.000Z,60,7,public,false,Compétition,3,s07JSnByr4cK4nenA1O20t1kL6o1,13,14,0,0,0,0,1
FPCfGlNtfCogVmUqlJWP,UrbanSoccer Evry,canceled,captain,ChIJW0Ut1G7e5UcRt621n2fRQ5M,48.6286849&2.4066366,2024-02-21T19:15:00.000Z,90,15,public,true,Compétition,3,oLPDuIoiNaRPJRshKRx6EQzSHzE3,9,10,0,0,0,0,0
FQx1ohKDeHGvdIy9VCjH,LE FIVE Montreuil,published,pro,ChIJJdTQjr0T5kcRZmGxtIJVy44,48.8613036&2.4653095,2024-03-01T09:00:00.000Z,90,10.5,public,false,,,u9uC1vjdcdQ3UqNxI0SiFxor0m43,0,10,0,0,0,0,0
FSPQBBya3ayDHv16Q7G7,F5 Foot Five,canceled,captain,ChIJjUbM5G7A9EcRW3mlkrhyXxY,45.7857911&4.905926399999999,2024-03-07T20:00:00.000Z,90,12,public,false,Compétition,3,XILh80rxOWU9Wthgc3wM6Y8CL8D3,6,10,0,0,0,0,0
FThoXfSpijtWvgYHDJ0X,Stadium Thiais,published,pro,,48.7511024&2.3713455,2024-03-01T18:00:00.000Z,90,15,public,false,,,psf3NmXEPwdCltHKJC7VuvJocrF3,0,10,0,0,0,0,0
FV3CC10Wr57YNoteSV81,LE FIVE Morangis,canceled,captain,ChIJA4uAhOXZ5UcRp-vZXZP-ovY,48.692672&2.3192811,2024-03-04T20:30:00.000Z,60,12,public,false,Détente,3,q2THFihoUHaTIEd3F7eOg4fi9qK2,9,10,0,0,0,0,0
FVD4xFGBAzRC0LxoiMW3,Le Mercato FOOT INDOOR,played,captain,ChIJzRK7HJy_yRIRqEreyEiAfC0,43.3426654&5.4084961,2024-02-26T19:00:00.000Z,60,7.5,public,false,Détente,3,usdqxt6LMwXPc4AMWZ0NpxwPYR63,10,10,2,0,0,0,0
FYPOzew8n5sXXotv7mlH,Halle Georges Carpentier,published,captain,ChIJnXkSwCty5kcR-nlHXNFQlg4,48.82020139999999&2.3672361,2024-03-05T17:30:00.000Z,150,,public,false,Compétition,5,ILY6io7dWQWnIFWAt9WkHQ1NFI03,1,16,0,0,0,0,1
FZe8eZ2N0EQ4LLusBMhU,Plaine Sud Choisy le Roi,played,captain,ChIJy7Ge3Sx15kcRHWmYuC6PvEs,48.764821&2.4305883,2024-02-20T18:00:00.000Z,90,,public,false,Compétition,5,1LDJWrjBcJPRiS8a2m1todvXiJM2,14,14,8,0,0,0,10
FZoixYEnnKHsDG59kZ0n,LE FIVE Bezons,canceled,captain,ChIJ71Mv0Wpk5kcRg-H9x7L-dXo,48.9190524&2.211796,2024-03-02T21:30:00.000Z,90,7.5,public,true,Détente,5,dBD02rAC5oQIz0nnrufdD9xkNc83,5,10,0,0,0,0,0
FaVOEdPj5bsNuoSyetHM,UrbanSoccer La Défense,canceled,captain,ChIJh4rnfVhk5kcRV2Q-ZKdm8vA,48.8996456&2.2216773,2024-03-04T18:15:00.000Z,60,14.5,public,true,Détente,,KtiFZn0XboUoofGbUoULf2oaFrC2,8,10,0,0,0,0,0
FajtbG6HabcrT00FXlkA,LE FIVE Villette,published,captain,ChIJTUFnQjps5kcR0pHITLTw1PI,48.9070122&2.3861459,2024-03-03T17:00:00.000Z,60,12,public,false,Compétition,4,HTBdC55gYJWDpPIzcHHanHDTiqj2,9,10,0,0,0,0,1
FcHCYeaDLGRBWm0ocU8L,STADIUM FOOT 5 VILLAGE,published,pro,,43.269413&5.4260321,2024-03-06T11:00:00.000Z,60,10,public,false,,,fnjdH1TDJDcBVFnZjcSuXiImF7p2,0,10,0,0,0,0,0
FcSOtoHuL2HwHdIgnfk6,Evolution Football,played,captain,ChIJX0YulIi8yRIRnGh62u3UXTQ,43.2836074&5.52356,2024-02-29T21:00:00.000Z,60,10,public,false,Détente,2,eQO5sHfpiyTrkvmySoNaXuflSo22,10,10,2,0,0,0,0
FdLAwDPjsTykZrN0Q3ID,LE PARK Complexe Multisports,played,captain,ChIJMU8gErUJ5kcRSnpvacKwFtM,48.71189589999999&2.5771181,2024-02-26T19:00:00.000Z,90,15,public,false,Détente,1,pxZLKLJrivg1igkYPvuGu2geB9D2,10,10,2,0,0,0,0
FeOsyjgVdL6WDBdCK1tP,Stade René Dewerpe,played,captain,ChIJ1S8Pla9s5kcRR0yJUxnBeEc,48.9257193&2.4522133,2024-02-29T19:15:00.000Z,90,,public,false,Détente,2,8zu9eox17hWGXQdg1dr3XQOMVLO2,14,14,3,0,0,0,0
FfEnRVXh2lNMFDc7lBCy,Z5 Aix,canceled,captain,ChIJKb-U_9KSyRIRKIFKbH5mW18,43.4787869&5.3969048,2024-02-28T20:00:00.000Z,60,11,public,false,Détente,3,HSM7jkKHGXZ8nkd46sIhSLMSM3W2,10,10,0,0,0,0,0
Ffaz35JbNmZUK8UzOZ62,UrbanSoccer - Asnières,played,captain,ChIJi5LkLT9v5kcRSlhScqEFNWs,48.92192379999999&2.3068311,2024-03-02T18:15:00.000Z,60,10,public,true,Détente,3,HAZCGcJPRiR8NwwAKxJ3dP8opDb2,10,10,5,0,1,0,2
FfxmRW3HoOCMkn1lYc78,Top Ten,played,pro,ChIJfXprBx4b5kcRmhe-5pLZUek,48.8729106&2.6840919,2024-02-20T16:00:00.000Z,90,5,public,false,,,i27253AGxOfXgYJK72sBnvUGuMk2,10,10,8,1,0,0,7
FgtNgSV8Vrk3gSfkudVe,UrbanSoccer La Défense,canceled,captain,ChIJh4rnfVhk5kcRV2Q-ZKdm8vA,48.8996456&2.2216773,2024-03-02T11:30:00.000Z,60,14,public,true,Détente,3,WqLWFVlJq0X1YacSLucWjSbXVGh1,9,10,0,0,0,0,0
FgwH5GRGyG9jOHr9UqhL,UrbanSoccer - Marne-La-Vallée,canceled,captain,ChIJ6bDBiosP5kcROXiloHzSdhc,48.82658600000001&2.6296937,2024-03-02T16:15:00.000Z,90,13.5,public,true,Compétition,3,SEfbXJqtP1UFINBa5QUgOR8sIlp1,9,10,0,0,0,0,0
Fh7gdvAUWYu6bj1hJUwc,Stadium Thiais,hidden,pro,,48.7511024&2.3713455,2024-03-07T19:30:00.000Z,90,15,public,false,,,psf3NmXEPwdCltHKJC7VuvJocrF3,0,10,0,0,0,0,0
FhGpP8rzEPCVJIVCLn7X,Stadium Thiais,published,pro,,48.7511024&2.3713455,2024-03-07T19:30:00.000Z,90,15,public,false,,,psf3NmXEPwdCltHKJC7VuvJocrF3,0,12,0,0,0,0,1
Flf7QnqJLTHl8DomtJVt,UrbanSoccer - Asnières,played,captain,ChIJi5LkLT9v5kcRSlhScqEFNWs,48.92192379999999&2.3068311,2024-03-05T17:30:00.000Z,60,11,public,true,Détente,2,yHAlJCnUMubD78WWEzWuPrvHke12,10,10,2,0,0,0,0
FluMik7XEC6mcxSTgTRh,Top Ten,published,pro,ChIJfXprBx4b5kcRmhe-5pLZUek,48.8729106&2.6840919,2024-03-01T21:30:00.000Z,90,16.5,public,false,,,i27253AGxOfXgYJK72sBnvUGuMk2,0,10,0,0,0,0,0
Fmmi9Lzia3azg8xcS6iK,Footbox,published,pro,ChIJY-WkusIR5kcR-tEad3UtaSQ,48.9022789&2.582647,2024-03-03T22:00:00.000Z,60,10,public,false,,,QI89VPazyLhBVnWH871jk4BUEZI3,0,10,0,0,0,0,0
Fnp9JCyrbn7ctXSDYE7g,LE PARK Complexe Multisports,played,captain,ChIJdUHbID8O5kcRV5lQhiHTvhs,48.8337843&2.5728501,2024-02-22T20:30:00.000Z,90,15,public,false,Compétition,3,829zZz6oFwgbm5XgM88zXeeLYNB3,10,10,4,0,0,0,2
FpRzqM1rYpoUZNqgixKe,LE FIVE Paris 18,played,captain,ChIJpVT4_n1u5kcRzji6FdTBXXo,48.8978522&2.3700234,2024-02-21T20:00:00.000Z,90,21,public,true,Détente,3,wkY2e3LRJbUypvRW76okOU7awV03,10,10,1,0,0,0,0
FpWHqk4UAp5AjbYhbPVT,LE FIVE Paris 18,played,pro,ChIJpVT4_n1u5kcRzji6FdTBXXo,48.8978522&2.3700234,2024-02-28T21:20:00.000Z,90,10,public,false,,,UQf33jQhVZhle917nO0h7D5qclV2,10,10,4,0,0,0,7
FqcASR41IBoLSonGjrBV,Top Ten,published,pro,ChIJfXprBx4b5kcRmhe-5pLZUek,48.8729106&2.6840919,2024-02-24T17:30:00.000Z,90,15,public,false,,,i27253AGxOfXgYJK72sBnvUGuMk2,0,10,0,0,0,0,0
Fr2ppBHVy4vQurru0Rtz,Sun Set Soccer,played,captain,ChIJ-2jOt33D9EcRLZL2mS5Gvz4,45.6768927&4.9409477,2024-02-24T17:30:00.000Z,60,8,public,false,Compétition,4,UlPU8SQtiFNrLsm1DBj553lNk5x2,10,10,2,0,0,0,1
FtaAHaUMqLZZjGfXf5E4,city-stade,canceled,captain,ChIJE1CI4dxv5kcRyxG3qBa7dYE,48.9124217&2.3126372,2024-03-01T20:00:00.000Z,120,,public,false,Compétition,3,p6CSfplBr1bFDVdylKaSjfU2YpS2,4,16,0,0,0,0,0
FuTltWbUjCf6YlsVnaFd,UrbanSoccer La Défense,played,captain,ChIJh4rnfVhk5kcRV2Q-ZKdm8vA,48.8996456&2.2216773,2024-02-21T11:30:00.000Z,60,,public,true,Détente,4,UG23bh92yeTazTzl6luByxrPhHf1,10,10,3,0,0,0,3
Fv7iDcAck3H00UHt4tTb,F5 Foot Five,played,captain,ChIJjUbM5G7A9EcRW3mlkrhyXxY,45.7857911&4.905926399999999,2024-03-07T17:00:00.000Z,60,10,public,false,Détente,2,eyg4jzU72eTwyaBcf2Juh4co7bq2,10,10,3,0,0,0,0
G07jX0MfZHZcW1nbIGT2,Foot POWER 5,canceled,pro,ChIJuTCIFshm5kcRBtEQJ76dAzc,48.960066&2.2061913,2024-02-25T08:00:00.000Z,90,10,public,false,,,sss3dYi6nzWd7rEjwcQ30LGKudj1,0,10,0,0,0,0,0
G1JMXyiPEDAbvAuJnYEQ,LE FIVE Paris 17,played,pro,,48.900032&2.3213449,2024-03-04T16:00:00.000Z,60,5,public,false,,,V6mqbc9C8FNa1RQlUupjeoqOsZL2,10,10,9,0,0,0,4
G2v1tUY2nMrQvb8WLk2m,Play Soccer,canceled,captain,ChIJQ-UxZn-5rhIRKWoQydM5T9s,43.5512023&1.4098927,2024-03-01T15:00:00.000Z,90,12,public,false,Détente,2,8LtkeOuZHeePxfkXdNPmQSr7V9L2,5,10,0,0,0,0,0
G3DtrGCuhSt7QFH6CYwc,Stadium Thiais,played,captain,ChIJ64X9jzx05kcRsHvSfOv6UcA,48.7511137&2.3715422,2024-03-04T15:55:00.000Z,120,10,public,false,Détente,3,Dohg1zNvhsbmGrYuAmExKFyjruw2,10,10,2,0,0,0,0
G530ktQLoXRYazGfPzFc,UrbanSoccer Evry,played,captain,ChIJW0Ut1G7e5UcRt621n2fRQ5M,48.6286849&2.4066366,2024-02-29T18:30:00.000Z,90,16.5,public,true,Compétition,3,iwFWhQjFryZZi74TDw73EIHrdVw1,10,10,2,0,0,0,0
G5h3ipDKTcTQnbEbh5K3,Stade Lilian Thuram,played,captain,ChIJy0-vXf9l5kcRH4WAmpihUQE,48.933705&2.2828141,2024-03-03T08:20:00.000Z,150,,public,false,Compétition,4,VACWm8ZQBwXzz3nMcuBji92IT8p1,16,16,1,0,0,0,0
G5j79cVszl6IVPMLHYvn,UrbanSoccer - Lyon Parilly,played,captain,ChIJx3FQWjLC9EcRrrQb2eV7i_4,45.7120399&4.9039284,2024-02-26T18:15:00.000Z,90,15,public,true,Détente,3,vENMZ1yaZJg7Ie8dtcOnOQInYJh2,10,10,7,0,0,0,0
G6gEPGVjgEGmtTaaHV8G,Foot POWER 5,canceled,pro,ChIJuTCIFshm5kcRBtEQJ76dAzc,48.960066&2.2061913,2024-02-28T21:30:00.000Z,90,7,public,false,,,sss3dYi6nzWd7rEjwcQ30LGKudj1,0,10,0,0,0,0,0
G8pk2tF7WRbnUuI6qwAX,Stadium Thiais,published,captain,ChIJ64X9jzx05kcRsHvSfOv6UcA,48.7511137&2.3715422,2024-02-28T16:30:00.000Z,120,10,public,false,Détente,3,Dohg1zNvhsbmGrYuAmExKFyjruw2,9,10,0,0,0,0,0
G96JEokfeI92iHxh8ykx,Stade Velpeau,canceled,captain,ChIJ7T9xehZ35kcRrbiEqd5yU6s,48.759413&2.3048279,2024-03-01T17:20:00.000Z,90,,public,false,Chill,3,KItYT7tPJMOAEWLh46finv01Jt02,16,16,0,0,0,0,0
G9HLee6gqlSxgUxD2kel,UrbanSoccer - Lyon Parilly,played,captain,ChIJx3FQWjLC9EcRrrQb2eV7i_4,45.7120399&4.9039284,2024-02-25T17:30:00.000Z,90,15,public,true,Chill,2,Qp9TQqYurmZLawR7sVxp7BpA2mJ3,10,10,3,0,0,0,1
GDQZtdTU9c3tgOw5qqxb,UrbanSoccer Meudon,played,captain,ChIJ0WKvjbh75kcRoqSmyWwW2jQ,48.80013599999999&2.2140811,2024-02-26T17:30:00.000Z,60,,public,true,Détente,3,tE18t4xrOUZZb0G4vFLqHX2Lmwp2,10,10,2,0,0,0,0
GG2WzpNzQOOT5rAJ5fUY,LE FIVE Montreuil,published,pro,ChIJJdTQjr0T5kcRZmGxtIJVy44,48.8613036&2.4653095,2024-02-19T22:00:00.000Z,60,8,public,false,,,u9uC1vjdcdQ3UqNxI0SiFxor0m43,0,10,0,0,0,0,0
GGKtOa7DPmRKBlG1Q69y,LE FIVE Montreuil,published,pro,ChIJJdTQjr0T5kcRZmGxtIJVy44,48.8613036&2.4653095,2024-03-06T09:00:00.000Z,90,10.5,public,false,,,u9uC1vjdcdQ3UqNxI0SiFxor0m43,0,10,0,0,0,0,0
GIakM2X62CGfS4pWhZdQ,LE FIVE Villette,canceled,captain,ChIJTUFnQjps5kcR0pHITLTw1PI,48.9070122&2.3861459,2024-02-28T19:30:00.000Z,60,12,public,false,Chill,2,auFHwaOAAkcXfX0HCdWuGOST9862,5,10,0,0,0,0,0
GM0EiUtSuXhWzrlbw9Uo,LE FIVE Paris 17,played,captain,ChIJ7eI8sFNv5kcR5xy52Wc57NU,48.900032&2.3213449,2024-02-22T19:30:00.000Z,90,18,public,true,Compétition,3,BRvQRhP7f8WWZIMbNxHgBjXRKcT2,10,10,4,0,0,0,1
GMSAbzSkDB7jgQsRaENv,Top Ten,played,pro,ChIJfXprBx4b5kcRmhe-5pLZUek,48.8729106&2.6840919,2024-02-23T16:00:00.000Z,90,5,public,false,,,i27253AGxOfXgYJK72sBnvUGuMk2,10,10,9,0,0,0,9
GNPqv34FHAw1vG8RheeX,Stadium Thiais,published,pro,ChIJ64X9jzx05kcRsHvSfOv6UcA,48.7511024&2.3713455,2024-02-26T21:00:00.000Z,90,12,public,false,,,psf3NmXEPwdCltHKJC7VuvJocrF3,0,10,0,0,0,0,0
GO6Ee5mAfbSSB1YWwE3b,UrbanSoccer - Marne-La-Vallée,canceled,captain,ChIJ6bDBiosP5kcROXiloHzSdhc,48.82658600000001&2.6296937,2024-02-26T20:00:00.000Z,90,18,public,true,Compétition,5,r58DdTYUJMOGjQlqB4cJVwZ7DF83,5,10,0,0,0,0,0
GOpIAmbUMJEqFgsz7VJZ,UrbanSoccer - Puteaux,played,captain,ChIJM_sC0-Nk5kcRhL1y_EFIje8,48.8836397&2.2312283,2024-03-04T18:30:00.000Z,60,13,public,true,Détente,3,9ylXPLbursQOLTQWbokYz17M7vp2,10,10,1,0,0,0,0
GQQLnmt4IcdwLrOJao9S,Top Ten,played,pro,ChIJfXprBx4b5kcRmhe-5pLZUek,48.8729106&2.6840919,2024-02-27T20:30:00.000Z,90,16.5,public,false,,,i27253AGxOfXgYJK72sBnvUGuMk2,10,10,3,0,0,0,0
GRKt7TteMFlTozO2eK1T,UrbanSoccer - Toulouse Sept Deniers,canceled,captain,ChIJk5nUBdOkrhIRP-1aUJzo-lA,43.6321552&1.411696,2024-03-02T18:00:00.000Z,60,5,public,true,Détente,4,2AQ3CjnJEdVrlntmxcoGBz0F6DJ2,4,10,0,0,0,0,0
GT0inv2yQGPHuaQ0CbZT,Halle Georges Carpentier,played,captain,ChIJnXkSwCty5kcR-nlHXNFQlg4,48.82020139999999&2.3672361,2024-03-07T11:00:00.000Z,120,,private,false,Compétition,3,kRAf444M3RUd6EWIOWpKVKs78SI2,16,16,11,0,0,0,3
GTRcZn3CSje1jLs0Wi8z,Top Ten,published,pro,ChIJfXprBx4b5kcRmhe-5pLZUek,48.8729106&2.6840919,2024-02-26T21:30:00.000Z,90,16.5,public,false,,,i27253AGxOfXgYJK72sBnvUGuMk2,0,10,0,0,0,0,0
GTUiRWWSebpgCIi5ICXx,LE FIVE Paris 13,played,pro,,48.8181615&2.3658793,2024-02-24T21:00:00.000Z,60,10,public,false,,,FjSnzlRFFfhWVWQJGfIEwRc2ZMj2,10,10,5,0,0,0,4
GUj7SB5b6DjzmVfIZqjl,Stadium Thiais,played,pro,ChIJ64X9jzx05kcRsHvSfOv6UcA,48.7511024&2.3713455,2024-03-04T18:00:00.000Z,90,15,public,false,,,psf3NmXEPwdCltHKJC7VuvJocrF3,10,10,8,0,0,0,2
Ga1i3IWlK4deaEQfiXkc,STADIUM FOOT 5 VILLAGE,canceled,captain,ChIJbbOWFtC4yRIR0WXVerbWmnE,43.269413&5.4260321,2024-02-27T19:30:00.000Z,90,15,public,false,Competition,4,f3zvpaYAOxRNXb7CTy6FmGhaR1q1,8,10,0,0,0,0,0
GbfKR84d9eMpYJFn2jDE,Footsal Cousinerie,canceled,captain,ChIJXQyb1d8pw0cRLO_Ed5xHTIQ,50.6440829&3.1459612,2024-02-25T09:15:00.000Z,60,9,public,false,Détente,,K2vFaC0dH1SCWsToa7zGMcPLZ9B2,7,20,0,0,0,0,0
Gc2adXRPMcZzSWAUXFFq,Espace Grand Paris,canceled,captain,ChIJ90iuVDgL5kcRK-ufasTjbnQ,48.7676544&2.4566032,2024-02-25T15:00:00.000Z,120,4,public,false,Compétition,3,B7ZImDDnE4dG9bUxjzSxrKkceOj1,5,8,0,0,0,0,0
Gc9SfAEe547shACt09Uz,UrbanSoccer - Toulouse Montaudran,played,captain,ChIJl772e0u8rhIR2foRX4Xa2CI,43.574642&1.4801835,2024-03-07T11:20:00.000Z,60,9,public,true,Détente,3,tw2vPyadcybRr00VteOCyDGZvnt1,10,10,0,0,0,0,0
GdYFmHYfJUM469n5mBqP,Urban Football Meudon,played,captain,ChIJFeLBC2N75kcRyM1mlEZ3HjM,48.7983594&2.2102561,2024-02-29T19:00:00.000Z,90,16.5,public,false,Détente,3,Eky9dVVNQmbB9akUqXl9wI6eE282,14,14,3,0,0,0,1
Gei8MkzdMxif04Pc5gxs,Footsal Cousinerie,canceled,captain,ChIJXQyb1d8pw0cRLO_Ed5xHTIQ,50.6440829&3.1459612,2024-03-06T20:30:00.000Z,90,9,public,false,Détente,2,pWelZWPNMnhPfW7dZfwvOe7qi9B2,7,10,0,0,0,0,0
Ggn72iOFX91Q1tuyF5Re,Halle Georges Carpentier,played,captain,ChIJnXkSwCty5kcR-nlHXNFQlg4,48.82020139999999&2.3672361,2024-03-04T11:00:00.000Z,120,,public,false,Compétition,3,kRAf444M3RUd6EWIOWpKVKs78SI2,16,16,13,0,0,0,6
Gl1WYqsYBeLdiuBiKHju,LE FIVE Montreuil,published,pro,ChIJJdTQjr0T5kcRZmGxtIJVy44,48.8613036&2.4653095,2024-03-02T13:00:00.000Z,90,15,public,false,,,u9uC1vjdcdQ3UqNxI0SiFxor0m43,0,10,0,0,0,0,0
GmeWK2up06AAbE4y1eYM,KIPSTADIUM : Centre de Pratique dédié aux Sports Collectifs,played,captain,ChIJydcoT88ow0cRLnHvlF-Z_jE,50.708529&3.173304,2024-02-23T18:00:00.000Z,60,8,public,false,Détente,3,Zb9502EsYoacYH2RzlDSWSZlMYy2,10,10,2,0,0,0,0
GnCNMD0kbDjMOxvNViAe,Stadium Thiais,hidden,pro,ChIJ64X9jzx05kcRsHvSfOv6UcA,48.7511024&2.3713455,2024-03-07T18:00:00.000Z,90,15,public,false,,,psf3NmXEPwdCltHKJC7VuvJocrF3,1,10,0,0,0,0,1
Goxtxse2Gl0sk7nxBXAm,Foot-Max Argenteuil,canceled,captain,ChIJi9oIzaRm5kcRJYcK7QsdRMU,48.9501569&2.2093741,2024-02-22T17:30:00.000Z,60,8,private,false,Compétition,,EBkyQKZSThSt50tqVxjcFaiJK922,1,10,0,0,0,0,0
Gpb38vHqhUI0p5ZsEcbH,UrbanSoccer - Porte d'Aubervilliers,canceled,captain,ChIJ0dXjDCZs5kcRvX0EpMwxsUY,48.9074912&2.3746518,2024-03-04T18:15:00.000Z,60,14,public,true,Détente,3,x6HXHeoKRgfgBIJmy2aFzazHHkb2,7,10,0,0,0,0,0
GrkUnutEZhe4R2juxhq1,Stadium Thiais,played,pro,ChIJ64X9jzx05kcRsHvSfOv6UcA,48.7511024&2.3713455,2024-02-27T19:30:00.000Z,90,15,public,false,,,psf3NmXEPwdCltHKJC7VuvJocrF3,10,10,6,0,0,0,3
GuQDlJGMvnMC4J4oIdLV,Stade Dominique Duvauchelle,played,captain,ChIJXewCD1oL5kcRZ-TKl50UlKk,48.7677805&2.4606444,2024-02-24T08:15:00.000Z,150,,public,false,Détente,2,KHkx2XYwqeX5i4K2SErrvDyMHVC3,18,18,5,0,0,0,3
GvzSXULx8OuXwwxnxjhN,Stade Georges Racine,published,captain,ChIJDZg5z11v5kcRk4jjPZYQShs,48.9063715&2.3127112,2024-02-20T11:20:00.000Z,60,,public,false,Détente,3,2LI2FdIfzBX71LGpcMSJBBty8fh2,15,16,0,0,0,0,0
GxuB8wX5O2Mj24MAORvR,Stade Élisabeth,played,captain,ChIJkXj9tq5x5kcROlxynHzTh9o,48.8207737&2.3270972,2024-02-28T18:00:00.000Z,120,3,public,false,Compétition,5,8i5faoQkJ4YSkhRB5skPBLiEh1G3,16,16,7,0,0,0,10
Gz4Hc5iv7c7zD0xrQ753,Events Five,canceled,captain,ChIJf8cSCJG5rhIRoQadPH-wW1U,43.5399703&1.3922897,2024-03-06T18:30:00.000Z,60,9,public,false,Détente,3,CGdNKreQnfginGXjY6HItXlKbSH3,7,10,0,0,0,0,0
GzDJVY9U88OPK8r0xtyr,Top Ten,played,captain,ChIJfXprBx4b5kcRmhe-5pLZUek,48.8729106&2.6840919,2024-02-27T20:00:00.000Z,90,15,public,false,Compétition,3,V8tFK3jM97O7tGPwHrJ0F71lUds1,10,10,4,0,0,0,0
GzhpxRlfIhe7mhaYl3U5,Top Ten,published,pro,ChIJfXprBx4b5kcRmhe-5pLZUek,48.8729106&2.6840919,2024-02-21T22:00:00.000Z,90,16.5,public,false,,,i27253AGxOfXgYJK72sBnvUGuMk2,0,10,0,0,0,0,0
H4pDobdKvHC0vLdOmkOv,LE FIVE Paris 13,hidden,pro,ChIJ_bOSChhz5kcRZMTeq_6Gdzg,48.8181615&2.3658793,2024-02-25T21:00:00.000Z,60,10,public,false,,,FjSnzlRFFfhWVWQJGfIEwRc2ZMj2,10,10,0,0,0,0,0
H790bfGe3ujykhFiaFRm,UrbanSoccer - Lille Lezennes,played,captain,ChIJR3ro5nTWwkcRfM_S3Be9HjI,50.6162725&3.0998108,2024-03-06T19:00:00.000Z,60,11,public,true,Détente,2,9ebOu2QFHWNuey5x1ZdxQZeraJw2,10,10,0,0,0,0,0
HBIzseopDFgzxkH4jYzW,Cap Loisirs,played,captain,ChIJ6xl7EP2irhIRG2TbDQazLzE,43.64393279999999&1.4791113,2024-02-21T17:30:00.000Z,90,8,public,false,Détente,2,IGpZvMdua4SB7wycMbxGc5KpLHl2,10,10,1,0,0,0,1
HBjnqb030QIMMGrggbQT,LE FIVE Paris 13,canceled,captain,ChIJ_bOSChhz5kcRZMTeq_6Gdzg,48.8181615&2.3658793,2024-03-01T11:00:00.000Z,60,5,public,true,Compétition,3,PeRItuU8N3fzr25fuj8hBKrfMJj2,8,10,0,0,0,0,0
HBnUG3fuMcR7nskvO85l,Footsal,played,captain,,50.6397895&3.1251337,2024-02-29T19:00:00.000Z,60,8,public,false,Détente,3,QdW4jplVvNZfZx1dXpklkwRzHjo1,10,10,10,0,0,0,1
HCL7bOa3Lky23fVWND5j,LE FIVE Bezons,played,captain,ChIJ71Mv0Wpk5kcRg-H9x7L-dXo,48.9190524&2.211796,2024-03-07T21:00:00.000Z,90,14,public,true,Compétition,5,d8k53FdQymdrz2mIVZKmbFEx8dD3,10,10,0,0,0,0,0
HDfQYl3leg0zCacGIlRl,Plaine des Jeux de Gerland,canceled,captain,ChIJBYG18IPp9EcRUNpTJFdu8f0,45.7213257&4.8272967,2024-02-27T17:45:00.000Z,90,,public,false,Compétition,2,LxPSuGjhV3PRpF9vyIhcfl5h3Lv1,7,16,0,0,0,0,0
HGTid0KXVqUZ1uKOdINY,Stadium Thiais,played,pro,ChIJ64X9jzx05kcRsHvSfOv6UcA,48.7511024&2.3713455,2024-03-02T13:00:00.000Z,90,12,public,false,,,psf3NmXEPwdCltHKJC7VuvJocrF3,10,10,8,0,0,0,0
HI2BKu55EG9AKYMCLQz3,Monclub Futbol,published,pro,ChIJGbxxaamUyRIRgGvhHnhJStA,43.4299152&5.4001974,2024-02-20T18:30:00.000Z,60,10,public,false,,,CSTy9rmJRQSyWlqWuGiUhGpAGqf2,0,10,0,0,0,0,0
HICu97JKFtvW9fvszw2E,UrbanSoccer - Porte d'Aubervilliers,played,captain,ChIJ0dXjDCZs5kcRvX0EpMwxsUY,48.9074912&2.3746518,2024-03-06T18:15:00.000Z,60,10,public,true,Détente,3,a6SrtTH0xyPJNOl1eSB47EmHXBC3,10,10,1,0,0,0,1
HIDqLadwMpe1UPT2sBHE,UrbanSoccer - Quai d'Ivry,played,captain,ChIJfXxYJ0xy5kcRw9xTkF6-FZQ,48.8199885&2.3936463,2024-02-20T19:15:00.000Z,60,14.5,public,true,Chill,1,r6lh1WQQeVfd1SN2Dstfv0oF3082,10,10,3,0,0,0,0
HIr3uzMkxZ8te8hG4OKT,L PARK - LE FIVE - 4PADEL Lens Liévin,canceled,captain,ChIJ291icE063UcR1gWGn8xhzpw,50.429107&2.742526,2024-03-03T14:30:00.000Z,60,9,public,false,Compétition,4,xUb9RNRhFHZee4LOso2Q4b4utnl1,5,10,0,0,0,0,0
HJyokMpQfeLLOTOOsfot,Stadium Thiais,played,pro,ChIJ64X9jzx05kcRsHvSfOv6UcA,48.7511024&2.3713455,2024-02-25T09:30:00.000Z,90,15,public,false,,,psf3NmXEPwdCltHKJC7VuvJocrF3,10,10,9,0,0,0,4
HQ5T1NDNZudEl5J2b8RK,Skatepark de Charonne,published,captain,ChIJvbbfRvVt5kcRPabtcgU9cOk,48.85615199999999&2.3884234,2024-03-02T09:00:00.000Z,150,,public,false,Compétition,,mpaB4OfEI4R24z7kq4Yjqh3smh32,1,10,0,0,0,0,0
HQtmu5wmgWmYud43EN5B,UrbanSoccer Evry,canceled,captain,ChIJW0Ut1G7e5UcRt621n2fRQ5M,48.6286849&2.4066366,2024-02-23T18:30:00.000Z,90,15.75,private,true,Détente,3,FBrRwiYQvjbd6UeXKISPFhhsK4a2,7,10,0,0,0,0,0
HRg9Rff0gjFqoJLjRB52,LE FIVE Marville - La Courneuve,played,captain,ChIJ2dHdMZxr5kcR0aKYHYsp0pY,48.9364404&2.3869147,2024-03-03T16:00:00.000Z,90,15,public,false,Compétition,3,9eA6X2TFiNdgmuk4M4BOcB4geRa2,10,10,1,0,0,0,0
HTbUyEF2D9fGNyIDAfvm,Stadium Thiais,published,pro,ChIJ64X9jzx05kcRsHvSfOv6UcA,48.7511024&2.3713455,2024-02-27T18:30:00.000Z,90,15,public,false,,,psf3NmXEPwdCltHKJC7VuvJocrF3,0,12,0,0,0,0,0
HUEn09vcVZrE5MMO6COm,UrbanSoccer La Défense,canceled,captain,ChIJh4rnfVhk5kcRV2Q-ZKdm8vA,48.8996456&2.2216773,2024-02-25T16:00:00.000Z,60,14.5,public,true,Competition,5,3n3N6aZvtTMv3ljF9tomDhTg9202,10,10,0,0,0,0,0
HW0sBCXSHPIgM8Xamq3e,LE FIVE Sarcelles,played,captain,ChIJ6_q3Fxhq5kcRCpoEwnoXX1Q,48.99782219999999&2.3902225,2024-03-03T19:00:00.000Z,120,15,public,false,Compétition,,aAxTlVFAwGgJFOjck5qyWaNj2FI2,10,10,1,0,0,0,1
HXOJ8fOBPYA5LW4EDoOw,GOPARK INTERIEUR - Paintball et trampolines parc,canceled,captain,ChIJ2cJmdhf15kcRQ4mUOxIVzd0,49.045624&2.0799886,2024-03-06T20:30:00.000Z,90,16,public,false,Détente,3,F4UeYu3zazMrdTjEmfXeMwgZuNJ2,12,12,0,0,0,0,1
HXXwOFHGSgIlCgool796,LE FIVE Bezons,played,captain,ChIJ71Mv0Wpk5kcRg-H9x7L-dXo,48.9190524&2.211796,2024-02-20T17:30:00.000Z,90,15,public,true,Détente,2,FDTgZY2LHoVwvrcUkjdvMaB0oSm1,10,10,2,0,0,0,5
HdrbAcISA48MKuEvlv4E,UrbanSoccer - Quai d'Ivry,canceled,captain,ChIJfXxYJ0xy5kcRw9xTkF6-FZQ,48.8199885&2.3936463,2024-02-23T21:20:00.000Z,90,11.5,public,true,Compétition,5,oKfGVfs7dYecPpobKfuTXiuhh8J3,10,10,0,0,0,0,0
HeJL2BI27oBWSGkqrSxX,Le Street Foot en Salle,draft,captain,ChIJt_AXL6Jg5kcRu6rBmnrmeUM,49.0164435&2.181307,2024-02-25T09:00:00.000Z,120,,public,false,,,j1TwlOOmwoPrmm8Ar6pdl83pzxG3,0,0,0,0,0,0,0
HfDM8cmaPiY5q96oDcm3,Stadium Thiais,canceled,captain,ChIJ64X9jzx05kcRsHvSfOv6UcA,48.7511137&2.3715422,2024-03-01T21:30:00.000Z,90,14,public,false,Détente,3,2OdHLNz3n6MWVEeFXd8LLcTSFZ73,6,10,0,0,0,0,0
HfvEBKC4IIHjXr7KLiJk,City KOF,played,captain,ChIJ_2pirmlv5kcRTpGJ0UDn1Y8,48.9155954&2.2963072,2024-02-29T11:00:00.000Z,90,,public,false,Détente,2,PL0nw3BiAUhxDJuKc8qZsRazcM23,10,10,1,0,0,0,2
HhAqO1mjbLGNYIxClmSZ,Gymnase Camille Hébert,published,captain,ChIJQybDFNLb5UcRG9ra-znd2_o,48.5992336&2.3085829,2024-02-25T17:00:00.000Z,120,,public,false,Détente,3,DrXsCNK4MXTeVNrtmstj60OjHxp2,11,12,0,0,0,0,0
HhygBFNa807xh44EB4p4,Parc Sainte Barbe,played,captain,ChIJtw301r5w5kcRvRjidiuAyaw,48.7922897&2.2913469,2024-02-27T12:45:00.000Z,120,,public,false,Détente,4,rzC8A0bd4afb9AWrHKlCPT9461y1,16,16,4,0,0,0,1
HiISEyHluR17jJ74VXsd,UrbanSoccer - Puteaux,played,captain,ChIJM_sC0-Nk5kcRhL1y_EFIje8,48.8836397&2.2312283,2024-02-29T18:30:00.000Z,60,13,public,true,Détente,3,Di12SH11fFXqKGb9vDod5O8JtFB3,10,10,5,0,0,0,4
HirG9DBxSqNtuO42ig0V,UrbanSoccer - Lille Lezennes,published,captain,ChIJR3ro5nTWwkcRfM_S3Be9HjI,50.6162725&3.0998108,2024-03-07T17:30:00.000Z,60,11.5,public,true,Détente,3,dvdYbjXAR8fQjpIGtP7Po8prEdE3,9,10,0,0,0,0,0
HjVoYXgnZQcBCJb33ApX,LE FIVE Paris 17,played,pro,ChIJ7eI8sFNv5kcR5xy52Wc57NU,48.900032&2.3213449,2024-02-23T16:00:00.000Z,60,5,public,false,,,V6mqbc9C8FNa1RQlUupjeoqOsZL2,10,10,10,0,0,0,12
HkWlDKwjEwSwWrLXgyMw,Cité des Sports,canceled,captain,ChIJ70UPf6R75kcRGb3NAV9k7Ww,48.8247744&2.2650728,2024-02-24T19:00:00.000Z,60,13,public,false,,2,BE5TERsNfQTBHy3lAr2PGREXviq2,6,10,0,0,0,0,0
Ht1BnXxddZiSpelz2jJp,UrbanSoccer La Défense,canceled,captain,ChIJh4rnfVhk5kcRV2Q-ZKdm8vA,48.8996456&2.2216773,2024-02-28T14:00:00.000Z,90,7.5,public,true,Chill,,vflmu9vKCyWDQc8KqerpDKG89Nu1,9,10,0,0,0,0,0
HtllPErzjsvP32SgliFD,UrbanSoccer - Porte d'Aubervilliers,played,captain,ChIJ0dXjDCZs5kcRvX0EpMwxsUY,48.9074912&2.3746518,2024-02-20T19:00:00.000Z,60,14,public,true,Compétition,5,TIVSQaDxRdPKQlQOhl5VChWF7px1,10,10,7,0,0,0,0
Hv0JURiHB6e7HNE02Xfx,Stadium Thiais,published,pro,ChIJ64X9jzx05kcRsHvSfOv6UcA,48.7511024&2.3713455,2024-03-01T17:00:00.000Z,90,14,public,false,,,psf3NmXEPwdCltHKJC7VuvJocrF3,0,10,0,0,0,0,0
Hwz11zhyrfgep3ANQBtW,LE FIVE Créteil,published,pro,ChIJ88lx3VwL5kcRVxCh4lD6_Gk,48.7643086&2.4706522,2024-02-20T16:00:00.000Z,60,7,public,false,,,ZmXMWx7aTdPoPkkGOWa2HIQVblq2,1,10,0,0,0,0,0
HySj3RCl0DvBBDxVEU70,UrbanSoccer La Défense,played,captain,ChIJh4rnfVhk5kcRV2Q-ZKdm8vA,48.8996456&2.2216773,2024-03-03T18:30:00.000Z,60,14.5,public,true,Compétition,4,9Gg7MuwiWXSy61Q7UhfleApyv5v1,10,10,1,0,0,0,1
I3eB6rCwo2OWTEsaCwz4,Le 13 - Foot en salle - Marseille,played,captain,ChIJR62kUm_ByRIRDnGQqGCeUVQ,43.33370070000001&5.370389599999999,2024-03-06T19:30:00.000Z,60,10,public,false,Détente,4,FytIyeHexnXqZMRq8wsAZXoI8du1,10,10,0,0,0,0,0
I4SeJkdpkJl18LE2AYxK,LE FIVE Bobigny,published,captain,ChIJV8UONORs5kcRXxR5Qd7x130,48.901553&2.4313304,2024-02-25T16:30:00.000Z,90,15,public,false,,1,moW7vLn86OPktsoVNfIo9hWv5Eb2,8,10,0,0,0,0,0
I575kHguHd0CjCasYEHx,Kinshasa,published,pro,ChIJi2oG_jAxahoRjTdSH05-ixY,-4.3032527&15.310528,2024-03-01T15:30:00.000Z,90,11,public,false,,,zCvsukfMuuffsuPpSTQwb7MusMD2,0,10,0,0,0,0,0
I8JRmxxMygzWbxJV1eBg,Foot-Max Argenteuil,published,pro,ChIJi9oIzaRm5kcRJYcK7QsdRMU,48.9501632&2.2093946,2024-03-04T18:00:00.000Z,60,8,public,false,,,SuEnyPZ4TgNIkt1yap2yJ3ZHO6p1,0,10,0,0,0,0,1
I8M66zwrfYV7VczxmkMz,LE FIVE Paris 13,played,captain,ChIJ_bOSChhz5kcRZMTeq_6Gdzg,48.8181615&2.3658793,2024-03-07T18:00:00.000Z,60,,public,true,Détente,2,LckLc6eqJmdQNxXyyu5u5yI7ReA3,10,10,3,0,0,0,4
ICaEbPQBlwNO5dopRoN2,Top Ten,canceled,pro,ChIJfXprBx4b5kcRmhe-5pLZUek,48.8729106&2.6840919,2024-02-25T12:30:00.000Z,90,15,public,false,,,i27253AGxOfXgYJK72sBnvUGuMk2,0,10,0,0,0,0,0
IDReVKOyK1VyJwSlrkUo,LE FIVE La Rochelle,published,captain,ChIJAYcXu5xNAUgRiFOwJiUbggQ,46.16183179999999&-1.0915968,2024-02-23T17:00:00.000Z,60,8,public,false,Détente,2,z1uYveLu5YNRAd3NxOH8YiwGPgB3,6,10,0,0,0,0,0
IFYvQViviSqhuhqP4w3G,Stadium Thiais,played,captain,ChIJ64X9jzx05kcRsHvSfOv6UcA,48.7511137&2.3715422,2024-03-01T19:15:00.000Z,90,15,public,false,Compétition,3,ivJjDu3v1IbjkaGKCqaOoVymlgD3,10,10,7,0,0,1,4
IJFq8hEzBpAXFVLeiDgb,City KOF,played,captain,ChIJ_2pirmlv5kcRTpGJ0UDn1Y8,48.9155954&2.2963072,2024-02-21T11:00:00.000Z,90,,public,false,Détente,2,PL0nw3BiAUhxDJuKc8qZsRazcM23,10,10,2,0,0,0,0
IKgHvFCXW9gwHGINcUFy,Stade Lilian Thuram,played,captain,ChIJy0-vXf9l5kcRH4WAmpihUQE,48.933705&2.2828141,2024-02-25T07:00:00.000Z,150,,public,false,Détente,3,bvwFuUpB8ORr9UZhI1UFOuxbqtc2,18,18,16,0,1,0,2
IKiD3uqD34ObIfoNduGf,UrbanSoccer - Asnières,canceled,captain,ChIJi5LkLT9v5kcRSlhScqEFNWs,48.92192379999999&2.3068311,2024-02-27T21:30:00.000Z,90,11,public,true,Compétition,5,WkdYSBHZbRWR87pmgtkaAzclCOr1,3,10,0,0,0,0,0
ILWGuuvEPrXWb0GFdOnJ,LE FIVE Paris 18,played,pro,ChIJpVT4_n1u5kcRzji6FdTBXXo,48.8978522&2.3700234,2024-03-04T18:45:00.000Z,60,10,public,false,,,UQf33jQhVZhle917nO0h7D5qclV2,10,10,7,0,0,0,8
ILxNIqluhnq9AJkeKHmR,Parc Interdépartemental des Sports du Tremblay,played,captain,,48.8281085&2.491365,2024-02-27T15:00:00.000Z,90,,public,false,Compétition,4,OKSK9YmBnhPYPn6fchCcUo9A2Mt2,18,18,0,0,0,0,1
IODkmyLS8sQrL5BWONNV,LE FIVE Bobigny,canceled,captain,ChIJV8UONORs5kcRXxR5Qd7x130,48.901553&2.4313304,2024-02-26T21:30:00.000Z,90,15,public,false,Compétition,5,rO8eE4gQKOV3eBoBKXTSVdTSSbr1,5,10,0,0,0,0,0
IOXc0Ci8efQJDCHj5vqX,LE FIVE Montreuil,published,pro,ChIJJdTQjr0T5kcRZmGxtIJVy44,48.8613036&2.4653095,2024-03-04T11:00:00.000Z,60,7,public,false,,,u9uC1vjdcdQ3UqNxI0SiFxor0m43,2,10,0,0,0,0,0
IPjc53fSNLHmz2xe9Jj4,Classico Foot,canceled,captain,ChIJFV442oCxrhIRgsZy5aIbkNs,43.5945434&1.2911399,2024-03-05T20:00:00.000Z,90,10,public,false,Détente,2,6E3fBuYai3cNF1FZfModQSXi3cv1,7,10,0,0,0,0,0
IRTLrLuLwaamXXuU26up,Spot FUTSAL,played,captain,ChIJwdUawmfVwkcRaNLo_CmNii0,50.6106345&3.0624494,2024-02-28T11:30:00.000Z,60,8,public,false,Détente,3,gfILmO9T1NeMOTv4o7N7douAlOX2,8,8,1,0,0,0,0
IRsL9j3NFmJ5DC8G94wU,Monclub Futbol,published,pro,ChIJGbxxaamUyRIRgGvhHnhJStA,43.4299152&5.4001974,2024-02-22T18:30:00.000Z,60,10,public,false,,,CSTy9rmJRQSyWlqWuGiUhGpAGqf2,0,10,0,0,0,0,1
IScnq4g4H1cFgvT1W9PI,UrbanSoccer - Porte d'Aubervilliers,played,captain,ChIJ0dXjDCZs5kcRvX0EpMwxsUY,48.9074912&2.3746518,2024-02-27T18:15:00.000Z,60,,public,true,Détente,3,p1k8m2FOH3U4A8Paje43pS2J1Fx2,10,10,1,0,0,0,2
ITxX5B28kg8uzhAi7o5c,Sun Set Soccer,played,captain,ChIJ-2jOt33D9EcRLZL2mS5Gvz4,45.6768927&4.9409477,2024-03-03T17:00:00.000Z,90,12,public,false,Détente,3,MoZldSptsZUnpp9jCF7841okpwg1,10,10,1,0,0,0,1
IVaQmAkVaNmi8sETyw1K,UrbanSoccer - Quai d'Ivry,played,captain,ChIJfXxYJ0xy5kcRw9xTkF6-FZQ,48.8199885&2.3936463,2024-02-23T21:15:00.000Z,90,11.5,public,true,Compétition,5,oKfGVfs7dYecPpobKfuTXiuhh8J3,10,10,2,0,0,0,0
IVldtPyMcZj2ov8MzQgr,Top Ten,published,pro,ChIJfXprBx4b5kcRmhe-5pLZUek,48.8729106&2.6840919,2024-02-27T16:00:00.000Z,90,5,public,false,,,i27253AGxOfXgYJK72sBnvUGuMk2,0,10,0,0,0,0,4
IXHl7t1FFfBBgSivy5U9,Stade Olympique Yves du Manoir,played,captain,ChIJYeUIntpl5kcRZsN35flVVAY,48.9292771&2.2477717,2024-02-25T09:45:00.000Z,90,,public,false,Détente,3,reugKjXkQXaI9FiNGhxGckIluo32,10,10,4,0,0,0,1
IZD5sA3vBsZ5vpioPRVP,LE FIVE Montreuil,published,pro,ChIJJdTQjr0T5kcRZmGxtIJVy44,48.8613036&2.4653095,2024-02-21T16:30:00.000Z,90,11.5,public,false,,,u9uC1vjdcdQ3UqNxI0SiFxor0m43,1,10,0,0,0,0,0
IZc0ZsPCjFYXpveJ1GSo,UrbanSoccer - Puteaux,canceled,captain,ChIJM_sC0-Nk5kcRhL1y_EFIje8,48.8836397&2.2312283,2024-03-04T17:30:00.000Z,60,13.5,public,true,Détente,2,PWUAmu5kaFfaOKQoeNErrMSU96q1,9,10,0,0,0,0,0
IbeWFbugMdn9PJAiGgfw,Monclub Futbol,canceled,pro,ChIJGbxxaamUyRIRgGvhHnhJStA,43.4299152&5.4001974,2024-02-28T18:00:00.000Z,60,10,public,false,,,CSTy9rmJRQSyWlqWuGiUhGpAGqf2,0,10,0,0,0,0,0
IdtM2nLHy0OWNoVjTb6Z,We Are Sports,played,captain,ChIJFZU5oBHC9EcRJTFrSkI1xxg,45.7113247&4.8761886,2024-03-04T19:30:00.000Z,60,10,public,false,,2,AhkleKXFPcRoxPvRoMgqknYedmQ2,10,10,4,0,0,0,1
Ieb60mOvCkKWNg0FvEMR,Events Five,played,captain,ChIJf8cSCJG5rhIRoQadPH-wW1U,43.5399703&1.3922897,2024-03-07T18:30:00.000Z,60,9,public,false,Détente,3,CGdNKreQnfginGXjY6HItXlKbSH3,10,10,0,0,0,0,0
Ih4r4ighlI4DPP3woI2e,Spot FUTSAL,published,captain,ChIJwdUawmfVwkcRaNLo_CmNii0,50.6106345&3.0624494,2024-02-20T18:30:00.000Z,90,10,public,false,Détente,3,ksxbYvJWgrTdEXMGoG02kM46XkW2,9,10,0,0,0,0,0
In49ix7HQm6bsoiOxzdK,LE FIVE Bezons,canceled,captain,ChIJ71Mv0Wpk5kcRg-H9x7L-dXo,48.9190524&2.211796,2024-02-22T21:00:00.000Z,60,11,public,true,Détente,1,u2afojOn70Z6CtLWxRQON56EeJb2,5,10,0,0,0,0,0
IniomsYKMKFSGnMRQq4U,Monclub Futbol,canceled,captain,ChIJGbxxaamUyRIRgGvhHnhJStA,43.4299152&5.4001974,2024-02-27T19:00:00.000Z,60,10,public,false,Détente,3,nxPNmtMLqxSZHx7hbX45VPndE5n1,9,10,0,0,0,0,0
Iot6cFZD1TV30tuimdVy,Play Soccer,canceled,captain,ChIJQ-UxZn-5rhIRKWoQydM5T9s,43.5512023&1.4098927,2024-03-05T20:30:00.000Z,60,8,public,false,Détente,2,wy4FSYrnAwRsjUrSWy7b0emBHE33,2,10,0,0,0,0,0
IpT5KVzj3iL4OzkaJg57,Footbox,canceled,pro,ChIJY-WkusIR5kcR-tEad3UtaSQ,48.9022789&2.582647,2024-03-04T13:00:00.000Z,60,7,public,false,,,QI89VPazyLhBVnWH871jk4BUEZI3,0,10,0,0,0,0,0
IpvI6lTmi8ymi915ROVR,Sport dans la Ville Rhône-Alpes,played,captain,ChIJoUEDcmvr9EcRILCz6hDCQ2o,45.7811703&4.8081568,2024-03-07T18:00:00.000Z,60,4,public,false,Chill,2,uXrpxl0byHaoxStW1zznb4U3NRI2,10,10,1,0,0,0,3
ItBddFDJrZDZYGhNaX8w,UrbanSoccer Guyancourt,played,captain,ChIJmdX-2c-A5kcRj1wtOS8rZmo,48.7722091&2.0600292,2024-03-05T09:30:00.000Z,60,7,public,true,Détente,2,RmEQxKzHNXb6d8kv1iaaiB8DPUf2,10,10,0,0,0,0,0
IvkoZIU99nay5OvyEmC4,Play Soccer,played,captain,ChIJQ-UxZn-5rhIRKWoQydM5T9s,43.5512023&1.4098927,2024-02-26T18:00:00.000Z,60,10,public,false,Détente,2,ALKmZi58BQcwiVINAeCH2chkXe32,10,10,4,0,0,0,1
IxNOcU7CyVpNJtQSSlvu,UrbanSoccer - Toulouse Sept Deniers,canceled,captain,ChIJk5nUBdOkrhIRP-1aUJzo-lA,43.6321552&1.411696,2024-03-01T11:15:00.000Z,60,9,public,true,Détente,2,dR3jZ95xF7fjdJG79h0RlKCgNmO2,6,10,0,0,0,0,0
IxmdPRvcwQJVKsvxR4lG,UrbanSoccer - Quai d'Ivry,played,captain,ChIJfXxYJ0xy5kcRw9xTkF6-FZQ,48.8199885&2.3936463,2024-03-01T19:30:00.000Z,60,14,public,true,Chill,,b4NSttB4bIbP7ON5mg6hLjna6Ev2,10,10,1,0,0,0,1
IyPTvsWbC78viKBbDHC6,UrbanSoccer - Puteaux,played,captain,ChIJM_sC0-Nk5kcRhL1y_EFIje8,48.8836397&2.2312283,2024-03-03T18:00:00.000Z,60,13,public,true,Détente,3,t7zuUcMvKVUWUUs0gIIpRyU0NiJ2,10,10,1,0,0,0,3
Izam91QWBcqVvuEjIAn4,Top Ten,played,captain,ChIJfXprBx4b5kcRmhe-5pLZUek,48.8729106&2.6840919,2024-02-25T08:00:00.000Z,90,12,public,false,Détente,2,X3rZnkTKKvP3wJS3DTHWae9Z5vg2,12,12,2,0,1,0,2
J21ICaie0mqanUrYCJfg,Events Five,canceled,captain,ChIJf8cSCJG5rhIRoQadPH-wW1U,43.5399703&1.3922897,2024-03-02T15:30:00.000Z,60,8,public,false,Compétition,5,ntzmWAjH78SPWaoqkFegTFMthjD2,6,10,0,0,0,0,0
J2XVTnF2WUaqI5ob8p5j,Monclub Futbol,played,captain,ChIJGbxxaamUyRIRgGvhHnhJStA,43.4299152&5.4001974,2024-02-29T18:00:00.000Z,60,10,public,false,Détente,3,S9E40Df3gVhdMPUGfSdTb5IlRSm1,10,10,2,0,0,0,1
J4dxlbpn5nHZgebeBiEn,Stade Desroys du Roure,canceled,captain,ChIJ0fOtapfg5UcRPVyltwTw_G0,48.6363807&2.4509731,2024-03-03T12:00:00.000Z,180,,public,false,Compétition,3,TTXVUJ8HHZdRSCZw2fGdem5bPS72,15,16,0,0,0,0,0
J6SVQAu6i752qdXGz91p,UrbanSoccer Orsay,played,captain,ChIJpZIJg7J45kcRrKWKhtbfnEQ,48.70829&2.17794,2024-03-07T17:30:00.000Z,60,6,public,true,Détente,2,mEAgYt147FPVie84ASPeuYvn9zp1,10,10,1,0,0,0,0
JAtG0sJw9oYB4py0po7x,Stade Des Courtilles,played,captain,ChIJ83HS9ldv5kcR-plMKkHPNTA,48.929137&2.2834726,2024-02-28T17:15:00.000Z,120,,public,false,Compétition,4,OUDonTRM5JTwDDmUMOikuN6wCKz1,14,14,7,0,1,0,2
JBWa7VLH8VbDAeQYp6Pp,UrbanSoccer - Lille Bondues,canceled,captain,ChIJ58ZerMgrw0cR2Jyp7tZjBn4,50.6913774&3.0860264,2024-02-22T18:30:00.000Z,60,11.5,public,true,Détente,3,ocC5dON83qaSxu5YS6BxPvvS5eX2,9,10,0,0,0,0,0
JGXQb6jKsjQhWaH1oxaH,UrbanSoccer - Lyon Parilly,published,captain,ChIJx3FQWjLC9EcRrrQb2eV7i_4,45.7120399&4.9039284,2024-02-22T20:00:00.000Z,60,11,public,true,Détente,2,3lO9vhgWpjd0U7a3Lnw19hJ1w8c2,9,10,0,0,0,0,0
JJA06NVfySMiu5ls7pLV,TEP Reverdy,published,captain,ChIJ97IzEXZt5kcRrziQffedeSo,48.8852655&2.3762939,2024-02-21T11:00:00.000Z,120,,public,false,Détente,2,uRS8SNRfkefuXlQG9xj9iNLnz3v2,6,10,0,0,0,0,0
JJlsl80k0qQfE8V6tEm8,UrbanSoccer - Lille Bondues,canceled,captain,ChIJ58ZerMgrw0cR2Jyp7tZjBn4,50.6913774&3.0860264,2024-02-25T16:30:00.000Z,60,9.5,public,true,Détente,2,yK0Ca25m7PVqfa5UFqTtmn4asIJ3,10,10,0,0,0,0,0
JMuJfi7YXiiqsQOMMqIQ,Game 13 foot indoor,canceled,captain,ChIJNSDvlsXryRIRUXao9hwB79I,43.41258939999999&5.366617,2024-02-23T18:30:00.000Z,60,10,public,false,Détente,3,KToYmCQ2guXoIRW7kIoZeOMjzPd2,10,10,0,0,0,0,0
JNBchDwAvCV2tYNqmnbJ,Stadium Thiais,played,pro,ChIJ64X9jzx05kcRsHvSfOv6UcA,48.7511024&2.3713455,2024-03-01T18:00:00.000Z,90,15,public,false,,,psf3NmXEPwdCltHKJC7VuvJocrF3,10,10,5,0,0,0,2
JNgJNB5ZsXGtUDQNMuCz,LE FIVE Paris 17,played,captain,ChIJ7eI8sFNv5kcR5xy52Wc57NU,48.900032&2.3213449,2024-02-27T17:00:00.000Z,60,12,public,true,Détente,2,7BpYKleQBQSYWfoeGtcERU0LIDB3,10,10,3,0,0,0,1
JO1ZsP6ZQ1kFNMDxMHW9,UrbanSoccer Meudon,played,captain,ChIJ0WKvjbh75kcRoqSmyWwW2jQ,48.80013599999999&2.2140811,2024-03-04T17:45:00.000Z,90,,public,true,Compétition,5,Iwd5zwXw4iZlqeowof6AYB7K4vG3,10,10,1,0,0,0,1
JOEf288oMevQejh2OCGL,UrbanSoccer - Toulouse Sept Deniers,played,captain,ChIJk5nUBdOkrhIRP-1aUJzo-lA,43.6321552&1.411696,2024-02-26T11:30:00.000Z,60,8,public,true,Détente,2,ey1sMB6osjQ6xzWomeW52yl4qWi1,10,10,0,0,0,0,0
JQKcGEBsNnaRGie4yZWH,Footbox,canceled,pro,ChIJY-WkusIR5kcR-tEad3UtaSQ,48.9022789&2.582647,2024-02-27T14:00:00.000Z,60,7,public,false,,,QI89VPazyLhBVnWH871jk4BUEZI3,0,10,0,0,0,0,0
JTGemDC9jQ1w959IYxRO,Footbox,published,pro,ChIJY-WkusIR5kcR-tEad3UtaSQ,48.9022789&2.582647,2024-02-20T19:00:00.000Z,60,10,public,false,,,QI89VPazyLhBVnWH871jk4BUEZI3,0,10,0,0,0,0,0
JU5sHYOVx2bgzmapWeGA,UrbanSoccer La Défense,canceled,captain,ChIJh4rnfVhk5kcRV2Q-ZKdm8vA,48.8996456&2.2216773,2024-02-22T21:15:00.000Z,60,14,public,true,Détente,3,22RhJ5iSWDedsOpuCQrIKO36Jrg1,10,10,0,0,0,0,0
JUO0gOwEnj8CPbK4uBUg,UrbanSoccer Meudon,canceled,captain,ChIJ0WKvjbh75kcRoqSmyWwW2jQ,48.80013599999999&2.2140811,2024-02-28T19:10:00.000Z,60,11.5,public,true,Détente,3,PKGxSN5m5bNXlHN4SPPAnruCjc73,8,10,0,0,0,0,0
JUikmHurxEbEeKa87vS0,LE FIVE Paris 18,canceled,captain,ChIJpVT4_n1u5kcRzji6FdTBXXo,48.8978522&2.3700234,2024-03-02T16:00:00.000Z,90,20,public,true,Détente,3,6XXFbIC4rpP71ewqYMrmS01sAbY2,8,10,0,0,0,0,0
JVKGTwweLzvpYHznUZHV,Parc des sports des Maisons Rouges,canceled,captain,ChIJlRgC-MAN5kcRniSfE7KINi8,48.8302193&2.5256499,2024-02-24T15:25:00.000Z,120,,public,false,Détente,3,Oop5m8oYsXSlDV0DeSw40LNzMiH3,2,16,0,0,0,0,0
JWWucohqTGvqrvHoJIK0,LE FIVE Marville - La Courneuve,canceled,captain,ChIJ2dHdMZxr5kcR0aKYHYsp0pY,48.9364404&2.3869147,2024-03-03T11:30:00.000Z,90,12.5,public,false,Compétition,3,35Lr5jbDfzUfSvsKf42Uk7TLyzi2,8,10,0,0,0,0,0
JcmcsOBia9QdkJ5NulyL,OHSPORT,canceled,captain,ChIJHeG9fA4X5kcRbGNzVY5Ud5I,48.9672396&2.5670436,2024-02-22T19:00:00.000Z,90,15,public,false,Détente,3,Mbn76mOIjGQq90JE9f2UXWmuQDu2,5,10,0,0,0,0,0
Jd5WAJmkacfYMhLW1n8C,LE FIVE Paris 17,published,captain,ChIJ7eI8sFNv5kcR5xy52Wc57NU,48.900032&2.3213449,2024-02-21T11:00:00.000Z,60,10,public,true,Détente,,7oDyz6L7Bof2VJn8GADtY20pyog1,7,10,0,0,0,0,0
Jf4ki0JLxYn56arHhB5H,LE FIVE Créteil,played,captain,ChIJ88lx3VwL5kcRVxCh4lD6_Gk,48.7643086&2.4706522,2024-02-29T18:30:00.000Z,60,11,public,false,Détente,3,nwCO7ClwcpduYGwx2LUOmuC5chF2,10,10,9,0,0,0,3
JfIoBHItykTdsS74VX1A,Terrain n°23 du Parc Interdépartemental Des Sports de Choisy,canceled,captain,ChIJvZZjB3515kcRzK_dHETXJkc,48.7699126&2.4314566,2024-02-25T18:00:00.000Z,90,,public,false,Détente,3,v6oWOknHikP2F6CjPbLoN5sVlB13,14,14,0,0,0,0,0
JgUYYnO8cwqtTfJgfQYx,UrbanSoccer - Toulouse Sept Deniers,canceled,captain,ChIJk5nUBdOkrhIRP-1aUJzo-lA,43.6321552&1.411696,2024-03-01T11:15:00.000Z,60,9,public,true,Détente,3,dR3jZ95xF7fjdJG79h0RlKCgNmO2,7,10,0,0,0,0,0
JhA68MsPB3o4JIIpSSNj,Firefoot,canceled,captain,ChIJ0zSROfj15kcR4l0wrCcYPMk,49.0275342&2.1040185,2024-03-05T19:30:00.000Z,90,13,public,false,Détente,2,79TmvBSLHnSGmwxsOdhc75eryfg2,9,10,0,0,0,0,0
JhMHK391ZK1Kfs3aZnoQ,Cité des Sports,published,captain,ChIJ70UPf6R75kcRGb3NAV9k7Ww,48.8247744&2.2650728,2024-03-06T11:20:00.000Z,60,,public,false,Détente,3,dVANJ5ayzXgftTz8UovN04IAkQ82,15,16,0,0,0,0,1
JkOEzEniWkzV2fV6FgDS,Stadium Thiais,canceled,captain,ChIJ64X9jzx05kcRsHvSfOv6UcA,48.7511137&2.3715422,2024-02-25T16:00:00.000Z,90,15,public,false,,4,8z69joeXgRXkGFP3TNv4gKoMtiy1,6,12,0,0,0,0,0
JmElIEhDdv2KWCcQ85NY,Sport dans la Ville Rhône-Alpes,played,captain,ChIJoUEDcmvr9EcRILCz6hDCQ2o,45.7811703&4.8081568,2024-02-29T19:30:00.000Z,60,9.5,public,false,Détente,2,tHP4gpQsVeO9aTm6rXCZDreZ31o1,10,10,5,0,0,0,0
JoS0ZhSYNrxXj3AA4Nxn,Stade du Chenil,played,captain,ChIJp3Cebqhi5kcROSHjxcgEUrg,48.869573&2.100636,2024-02-25T13:30:00.000Z,120,,public,false,Compétition,4,FLYp1r7H32aXx31aMS462FVgucc2,14,14,1,0,0,0,2
JqdPIEjnOB1DHYEcFCDt,UrbanSoccer - Lille Lezennes,played,captain,ChIJR3ro5nTWwkcRfM_S3Be9HjI,50.6162725&3.0998108,2024-03-05T20:30:00.000Z,60,5,public,true,Détente,3,XJcC6KvRydSGMrOQ3ZBt2fGmG4k2,10,10,2,1,0,0,0
Jrk8iE1YPFLTGWrcerJ2,Stadium Antibes,published,pro,,43.6121609&7.122323,2024-03-05T16:00:00.000Z,60,10,public,false,,,w5VZiCXqSxQ40riMnKYLO11xmeJ2,0,10,0,0,0,0,0
Js2jBUjwwwGYMVrR2t5W,UrbanSoccer - Toulouse Sept Deniers,canceled,captain,ChIJk5nUBdOkrhIRP-1aUJzo-lA,43.6321552&1.411696,2024-02-21T18:00:00.000Z,60,10,public,true,Détente,,QAB22jlkO3Mq5F5Mm3gEII91hAY2,6,10,0,0,0,0,0
JswGQQLoESeVkY8K7AMy,UrbanSoccer La Défense,canceled,captain,ChIJh4rnfVhk5kcRV2Q-ZKdm8vA,48.8996456&2.2216773,2024-03-07T11:00:00.000Z,60,12,public,true,Détente,2,4zfvh8XIAUhMRxy0K8zDD8rB0MG2,10,10,0,0,0,0,0
Jvj6so19iFHYsPldcrCv,UrbanSoccer La Défense,canceled,captain,ChIJh4rnfVhk5kcRV2Q-ZKdm8vA,48.8996456&2.2216773,2024-03-02T13:00:00.000Z,60,11,public,true,Compétition,3,hZT3TqxaNkg9dXqDAk4tmZHnodN2,10,10,0,0,0,0,0
JvluPskodoNuyPXgO1IY,Game 13 foot indoor,canceled,captain,ChIJNSDvlsXryRIRUXao9hwB79I,43.41258939999999&5.366617,2024-03-01T20:30:00.000Z,60,10,public,false,Détente,3,Ez3YAlfrUxgTTJcxq9sNBTRxuHP2,1,10,0,0,0,0,0
JwPKQBwSyCpuJdSgkcBr,Game 13 foot indoor,played,captain,ChIJNSDvlsXryRIRUXao9hwB79I,43.41258939999999&5.366617,2024-02-29T18:30:00.000Z,60,10,public,false,Détente,3,Ez3YAlfrUxgTTJcxq9sNBTRxuHP2,10,10,0,0,0,0,1
K11uIbVcWeuFhBy1MXEq,UrbanSoccer La Défense,played,captain,ChIJh4rnfVhk5kcRV2Q-ZKdm8vA,48.8996456&2.2216773,2024-02-25T09:30:00.000Z,90,21,public,true,Détente,3,ITrNt3Z6SmZV4gcbWF9kRfaR0EQ2,10,10,2,0,0,0,1
K2bejZb4XJI9lwM11fC4,Stadium Thiais,played,captain,ChIJ64X9jzx05kcRsHvSfOv6UcA,48.7511137&2.3715422,2024-03-04T16:00:00.000Z,120,10,public,false,Détente,3,Dohg1zNvhsbmGrYuAmExKFyjruw2,10,10,1,0,0,0,1
K2p9JPyVTVPA4goRpKgj,UrbanSoccer - Asnières,canceled,captain,ChIJi5LkLT9v5kcRSlhScqEFNWs,48.92192379999999&2.3068311,2024-03-02T15:00:00.000Z,90,,public,true,Compétition,4,zUvdCVARzoQnoRY4L2thkwDWhuO2,10,14,0,0,0,0,1
K3BYFda8YSjL2UBqneRY,LE FIVE Créteil,published,pro,ChIJ88lx3VwL5kcRVxCh4lD6_Gk,48.7643086&2.4706522,2024-03-06T16:00:00.000Z,60,7,public,false,,,ZmXMWx7aTdPoPkkGOWa2HIQVblq2,0,10,0,0,0,0,0
K47yPyA3NqTdAu3NSVLj,LE FIVE Champigny,published,pro,ChIJsXi1PLYN5kcRTVVDuczgS2s,48.8194084&2.5251846,2024-03-02T18:00:00.000Z,60,11,public,false,,,evlV9mUgATYQ5343zpYZvk4w0r03,1,10,0,0,0,0,0
K5Wl46oEOfvIxvZx2uGM,UrbanSoccer - Quai d'Ivry,played,captain,ChIJfXxYJ0xy5kcRw9xTkF6-FZQ,48.8199885&2.3936463,2024-02-22T18:10:00.000Z,60,14.5,public,true,Détente,4,oOfAPb8XvvMUUpv7neWrUgMQN832,10,10,1,0,0,0,0
K5wXLBSInqhQmf5gbHq6,Massilia FIVE,played,captain,ChIJxZ6UmMW-yRIR7ot5DChYj4w,43.28920790000001&5.4503802,2024-02-22T19:00:00.000Z,60,10,private,false,Détente,1,Une5csp3KybqaHR7lQK45scUuiI3,10,10,5,0,0,0,0
K6UISRD678eskNLNHvtn,Stadium Thiais,played,captain,ChIJ64X9jzx05kcRsHvSfOv6UcA,48.7511137&2.3715422,2024-02-28T16:00:00.000Z,120,10,public,false,Détente,3,Dohg1zNvhsbmGrYuAmExKFyjruw2,10,10,2,0,0,0,0
K6b4cWzcwVSqIiVSfFAO,Stade Des Courtilles,canceled,captain,ChIJ83HS9ldv5kcR-plMKkHPNTA,48.929137&2.2834726,2024-02-29T18:20:00.000Z,180,,public,false,Compétition,,OKhfkxDKMDS9m7GyDTrjVlKnvko1,9,14,0,0,0,0,0
K7YYIkJYTEfFaNdkMNCh,FOOT IN FIVE,canceled,captain,ChIJoUR0syFp5kcRUlStnwluaYY,48.9552257&2.3328346,2024-03-01T17:00:00.000Z,90,15,public,false,Compétition,4,pFzXIXpbKGa6Y4q8RgaVZ3TQUYj1,3,10,0,0,0,0,0
K7Ywu2zhKIudt8M7EJBQ,Foot-Max Argenteuil,published,captain,ChIJi9oIzaRm5kcRJYcK7QsdRMU,48.9501569&2.2093741,2024-03-03T14:30:00.000Z,90,12,public,false,Détente,3,gD1stalrCoWBfz3p13JNYqZW3jO2,1,10,0,0,0,0,2
KFIGG0fFgTFlFmNaBUm3,STADIUM FOOT 5 VILLAGE,canceled,captain,ChIJbbOWFtC4yRIR0WXVerbWmnE,43.269413&5.4260321,2024-02-20T18:00:00.000Z,90,15,public,false,Compétition,4,bJwmSXPTl0Px369WRJerCpCfTZJ3,9,10,0,0,0,0,0
KFzbQfZCYKZP3wDLK8ob,LE FIVE Montreuil,played,captain,ChIJJdTQjr0T5kcRZmGxtIJVy44,48.8607303&2.4650432,2024-02-23T21:00:00.000Z,120,10,public,false,Détente,2,qEjCJQ9Ur6OMs5O8qyThaVqy6x63,10,10,1,0,0,0,0
KGJi6e2CXRO8DhoOS4w8,LE FIVE Paris 13,played,captain,ChIJ_bOSChhz5kcRZMTeq_6Gdzg,48.8181615&2.3658793,2024-03-01T11:00:00.000Z,60,5,public,true,Compétition,3,PeRItuU8N3fzr25fuj8hBKrfMJj2,10,10,2,0,0,0,0
KI0TK3Gjjdwgt6BaINh0,UrbanSoccer - Lille Lezennes,played,captain,ChIJR3ro5nTWwkcRfM_S3Be9HjI,50.6162725&3.0998108,2024-02-26T21:30:00.000Z,90,7.5,public,true,Détente,3,dvdYbjXAR8fQjpIGtP7Po8prEdE3,10,10,4,0,0,0,0
KKQEOg9PwmM9OPVUeHrY,Soccer Five,played,captain,ChIJp0K53sp55kcR61-WTU8Yv5k,48.7368129&2.2591558,2024-03-03T09:55:00.000Z,30,5,public,false,Détente,3,Dohg1zNvhsbmGrYuAmExKFyjruw2,10,10,1,0,0,0,0
KNOgAkPq7S3uMtDhVn2y,LE FIVE Créteil,played,pro,ChIJ88lx3VwL5kcRVxCh4lD6_Gk,48.7643086&2.4706522,2024-02-23T16:00:00.000Z,60,7,public,false,,,ZmXMWx7aTdPoPkkGOWa2HIQVblq2,10,10,8,0,0,0,2
KNOoAw6iP3GI563JqAJl,LE FIVE Paris 17,played,pro,ChIJ7eI8sFNv5kcR5xy52Wc57NU,48.900032&2.3213449,2024-02-20T16:00:00.000Z,60,5,public,false,,,V6mqbc9C8FNa1RQlUupjeoqOsZL2,10,10,6,0,0,0,5
KOBISWPc0sqv2scsnDT0,Massilia Foot Indoor 2,canceled,captain,ChIJxZ6UmMW-yRIRfYNGGPPJfIU,43.3266563&5.3836488,2024-03-07T19:00:00.000Z,60,9,public,false,Compétition,,Eb81jThcRtagWIKQNgsPlp9klkB2,10,10,0,0,0,0,0
KQKIn138TO7evIQb32rA,city stade montreuil,published,captain,ChIJv5cPk5tt5kcRblN9a2bAb7M,48.8649386&2.4451059,2024-02-20T08:00:00.000Z,90,,public,false,Compétition,,TvfgZbVxseU7fc8BBMawa8k7MLD2,11,12,0,0,0,0,0
KSQpHhKF8cNaYdv9FZTq,LE FIVE Morangis,played,captain,ChIJA4uAhOXZ5UcRp-vZXZP-ovY,48.692672&2.3192811,2024-02-23T19:00:00.000Z,90,15,public,false,Détente,3,ubSO3rExfRY507GfG7qz7LWy5jC3,10,10,2,0,0,0,0
KSnzptWLLMS9tKxP2IYq,Cité des Sports,played,captain,ChIJ70UPf6R75kcRGb3NAV9k7Ww,48.8247744&2.2650728,2024-02-21T11:15:00.000Z,60,,public,false,Détente,3,UhA5K0uIX2bvgsHTVtkKXBbL5Jf1,16,16,7,0,0,0,10
KVpJKtBBYRC5YUon6ObT,UrbanSoccer La Défense,played,captain,ChIJh4rnfVhk5kcRV2Q-ZKdm8vA,48.8996456&2.2216773,2024-02-23T17:30:00.000Z,60,13.5,public,true,Détente,2,ed9kZe8xX2Ug3IpkygNdcmSPMKp2,10,10,4,0,0,0,1
KWexCWxlthuNkpAs0ffo,Play Soccer,played,captain,ChIJQ-UxZn-5rhIRKWoQydM5T9s,43.5512023&1.4098927,2024-02-22T18:00:00.000Z,60,11,public,false,Détente,,KqlbxuZcMQMhujELtbUi207wpBv2,10,10,2,0,0,0,0
KX8PxiRXBiLZDH8KKvNY,UrbanSoccer - Marne-La-Vallée,played,captain,ChIJ6bDBiosP5kcROXiloHzSdhc,48.82658600000001&2.6296937,2024-03-01T18:00:00.000Z,60,11,public,true,Détente,3,mUn5OKiTa4ajaMSrB4Ybcr4ZR5E2,10,10,0,0,0,0,2
KZItYDUeeoX0oamuX3cq,LE FIVE Paris 18,played,captain,ChIJpVT4_n1u5kcRzji6FdTBXXo,48.8978522&2.3700234,2024-02-27T19:00:00.000Z,60,14,public,true,Détente,2,hj7Ou3QoLYW0oxOZRSyHO0e62XY2,10,10,2,0,0,0,0
KbB3mbM4Jqt3FVZmW09m,Sport dans la Ville Rhône-Alpes,canceled,captain,ChIJoUEDcmvr9EcRILCz6hDCQ2o,45.7811703&4.8081568,2024-03-01T20:00:00.000Z,90,14,public,false,Chill,3,YrFqa6C73bWr4WK1Ris0vquH3gA2,8,10,0,0,0,0,0
Kbq2hqY9yF1wmWEy8rwV,UrbanSoccer - Porte d'Aubervilliers,played,captain,ChIJ0dXjDCZs5kcRvX0EpMwxsUY,48.9074912&2.3746518,2024-03-07T11:30:00.000Z,60,,public,true,Détente,2,kVKkoR9NjadzOINPNseJw2xN5w33,10,10,2,0,0,0,1
KefAR3G1c1OqunxV1hXP,Terrain de sport Langevin wallon,canceled,captain,ChIJ8YTRM6Zx5kcRWWK6S3r6dDY,48.80519779999999&2.2934604,2024-02-25T12:00:00.000Z,90,,public,false,Compétition,3,Rw4SKPnPXDMtsv0wlhJNGs76tM33,5,10,0,0,0,0,0
Kf6AecjJePjGqQ6DL7Fh,LE FIVE Bezons,canceled,captain,ChIJ71Mv0Wpk5kcRg-H9x7L-dXo,48.9190524&2.211796,2024-02-24T12:30:00.000Z,90,13.5,public,true,Chill,3,cgsQv1UVkRerqjZwa3aBKYFT1963,7,10,0,0,0,0,0
KgZgtYyz9ElU3G316Acc,LE FIVE Paris 17,played,captain,ChIJ7eI8sFNv5kcR5xy52Wc57NU,48.900032&2.3213449,2024-03-04T18:30:00.000Z,60,12,public,true,Détente,3,GtpBmQGss7ZeMHIjX0rkediYCv22,10,10,0,0,0,0,0
KjJY7ZCPU1G8M7B8Brh6,MONCLUB 2.0,canceled,captain,ChIJv9owGLm-yRIRfuDnd3G6nR4,43.2895156&5.4611522,2024-02-29T17:00:00.000Z,60,10,public,false,Compétition,3,s28KGhmGFsUXO5xeXIrAIjXdxdF3,8,10,0,0,0,0,0
KlKss0tJ7bYjMtq3q7SN,LE FIVE Paris 13,canceled,pro,ChIJ_bOSChhz5kcRZMTeq_6Gdzg,48.8181615&2.3658793,2024-02-28T22:00:00.000Z,60,10,public,false,,,FjSnzlRFFfhWVWQJGfIEwRc2ZMj2,0,10,0,0,0,0,0
KlP48TtSJAukWizu8d5M,LE FIVE Paris 13,canceled,pro,ChIJ_bOSChhz5kcRZMTeq_6Gdzg,48.8181615&2.3658793,2024-02-22T22:00:00.000Z,60,10,public,false,,,FjSnzlRFFfhWVWQJGfIEwRc2ZMj2,0,10,0,0,0,0,0
KlW6bDp37VLim3GmMGu2,Massilia FIVE,published,captain,ChIJxZ6UmMW-yRIR7ot5DChYj4w,43.28920790000001&5.4503802,2024-03-06T22:00:00.000Z,60,10,public,false,Détente,3,wDXwYdWBwzfkHjmVn1E8ciEpVvx2,6,10,0,0,0,0,0
KqGeIkPwHcS8X7I89VhU,Stadium Thiais,played,captain,ChIJ64X9jzx05kcRsHvSfOv6UcA,48.7511137&2.3715422,2024-02-28T16:00:00.000Z,120,10,public,false,Détente,3,Dohg1zNvhsbmGrYuAmExKFyjruw2,10,10,3,0,0,0,1
Kt2hW05IHgEVYquD81sX,Stadium Thiais,published,pro,ChIJ64X9jzx05kcRsHvSfOv6UcA,48.7511024&2.3713455,2024-03-05T17:30:00.000Z,90,12,public,false,,,psf3NmXEPwdCltHKJC7VuvJocrF3,0,10,0,0,0,0,0
Kt4IXzChtLU4yyB0sD9n,Foot POWER 5,canceled,pro,ChIJuTCIFshm5kcRBtEQJ76dAzc,48.960066&2.2061913,2024-03-02T11:00:00.000Z,60,5,public,false,,,sss3dYi6nzWd7rEjwcQ30LGKudj1,0,10,0,0,0,0,0
Kt4MU8ZAJbYbTqCVHmfa,Foot-Max Argenteuil,published,pro,ChIJi9oIzaRm5kcRJYcK7QsdRMU,48.9501632&2.2093946,2024-02-26T18:00:00.000Z,60,8,public,false,,,SuEnyPZ4TgNIkt1yap2yJ3ZHO6p1,0,10,0,0,0,0,2
KuFyphEEZtp2UIcyrh6L,LE FIVE Montreuil,published,pro,ChIJJdTQjr0T5kcRZmGxtIJVy44,48.8613036&2.4653095,2024-02-24T17:30:00.000Z,90,15,public,false,,,u9uC1vjdcdQ3UqNxI0SiFxor0m43,0,10,0,0,0,0,0
KwVfXQb6NSu8kI9z0lSO,Top Ten,played,pro,ChIJfXprBx4b5kcRmhe-5pLZUek,48.8729106&2.6840919,2024-03-06T16:00:00.000Z,90,5,public,false,,,i27253AGxOfXgYJK72sBnvUGuMk2,10,10,8,0,0,0,7
KyFQCw6TXjTie5Yu8xqt,Stadium Thiais,played,captain,ChIJ64X9jzx05kcRsHvSfOv6UcA,48.7511137&2.3715422,2024-02-25T19:30:00.000Z,90,15,public,false,Détente,3,A3vQcfLoqHNMdEPiPf797XFy3JW2,12,12,4,0,0,0,1
KywGmPcvqy8p04wK83Hz,Monclub Futbol,played,captain,ChIJGbxxaamUyRIRgGvhHnhJStA,43.4299152&5.4001974,2024-02-25T10:00:00.000Z,60,10,public,false,Détente,,9Lzm2vQVd4Q4fltw3HCN3IJcZ4x1,10,10,5,0,0,0,1
L0kkfYO5dy7vDCbL4mxu,LE FIVE Paris 18,canceled,captain,ChIJpVT4_n1u5kcRzji6FdTBXXo,48.8978522&2.3700234,2024-03-04T17:00:00.000Z,60,14,public,true,Détente,,1N7kRUHpRBWmb9LWjI5zZzSALyD2,9,10,0,0,0,0,0
L2QxRWcEi9OBHETq4psP,Top Ten,played,captain,ChIJfXprBx4b5kcRmhe-5pLZUek,48.8729106&2.6840919,2024-02-20T20:00:00.000Z,90,15,public,false,Détente,3,8FrxHIuCFhcjbTjzTicXer9t9Vz2,10,10,4,0,0,0,0
L2RQmFWughioaCHPgovY,Urban Football Meudon,played,captain,ChIJFeLBC2N75kcRyM1mlEZ3HjM,48.7983594&2.2102561,2024-02-22T19:00:00.000Z,90,16,public,false,Détente,3,Eky9dVVNQmbB9akUqXl9wI6eE282,14,14,2,0,0,0,1
L5VX7aLHEslmLIekuGt9,Stadium Thiais,published,pro,ChIJ64X9jzx05kcRsHvSfOv6UcA,48.7511024&2.3713455,2024-02-25T21:00:00.000Z,90,15,public,false,,,psf3NmXEPwdCltHKJC7VuvJocrF3,2,10,0,0,0,0,0
L7572Z6pxDha4D7iKSJg,Footbox,canceled,pro,ChIJY-WkusIR5kcR-tEad3UtaSQ,48.9022789&2.582647,2024-03-03T14:00:00.000Z,60,10,public,false,,,QI89VPazyLhBVnWH871jk4BUEZI3,0,10,0,0,0,0,0
L7OxW6qqaOZVWmtTJicn,LE FIVE Paris 18,played,captain,ChIJpVT4_n1u5kcRzji6FdTBXXo,48.8978522&2.3700234,2024-02-27T10:15:00.000Z,120,10,public,true,Détente,2,NNcfLNaRmrSjxQuw5K3mv4rzlLI3,10,10,2,0,0,0,0
L7RiNwSzcmZ1t834XeH5,Stadium Thiais,hidden,pro,,48.7511024&2.3713455,2024-03-06T19:30:00.000Z,90,15,public,false,,,psf3NmXEPwdCltHKJC7VuvJocrF3,0,10,0,0,0,0,0
L7U28CAQ3HgYq8b8diab,LE FIVE Bezons,played,pro,ChIJ04KEHBZk5kcRoDWLaMOCCwQ,48.91909&2.2093051,2024-02-22T21:00:00.000Z,90,14,public,false,,,U3MriTZbPbTUEsU6RtRuHxDMKvg2,10,10,6,0,0,0,7
L88tecw15nEzvS8OYq4z,LE FIVE Paris 17,played,pro,ChIJ7eI8sFNv5kcR5xy52Wc57NU,48.900032&2.3213449,2024-03-06T16:00:00.000Z,60,5,public,false,,,V6mqbc9C8FNa1RQlUupjeoqOsZL2,10,10,10,0,0,0,4
L8Gf3a1N1K5V3RhfLfWs,Parc de Choisy,played,captain,ChIJ7RWNzpZ05kcRTkknDj8Df-I,48.7664003&2.4305572,2024-03-02T11:00:00.000Z,120,,private,false,Détente,3,4wfM3ZXk50ZwT3MgJYdZBMhnju12,18,18,13,0,0,0,0
L8mZuyLHuWUXKVyveZYI,UrbanSoccer Orsay,canceled,captain,ChIJpZIJg7J45kcRrKWKhtbfnEQ,48.70829&2.17794,2024-02-25T16:30:00.000Z,90,15,public,true,Détente,4,T1D2CMjaL5UZ3nu7Y4UGkRG4ZHe2,7,10,0,0,0,0,0
LAVgJJMaRV6yggCG6ynC,Sport dans la Ville Rhône-Alpes,played,captain,ChIJoUEDcmvr9EcRILCz6hDCQ2o,45.7811703&4.8081568,2024-02-28T19:30:00.000Z,60,9,public,false,Détente,2,qMyRsKW5nFM3aF7a4qAHmN9BTh62,10,10,3,0,0,0,1
LAfaH7XAVWPyVmLtCaqU,Arena Club,played,captain,ChIJeWJWRjYvw0cRbnJR4ZXAKMA,50.7696017&3.1236104,2024-02-20T18:00:00.000Z,60,8.5,public,false,Détente,3,gYtFqSj0PydNaTTSfkvDaSMqvqc2,10,10,9,0,0,0,0
LCZpVxeorblmh8306KcJ,POWER FIVE ( Foot à 5 en intérieur ),canceled,captain,ChIJ6ULNmyh15kcRV9cjbnBjGr8,48.73026429999999&2.4346948,2024-02-22T19:00:00.000Z,90,15,public,false,Compétition,3,EHZB6c5iRjY7Bqm1fWmpwmymat03,2,10,0,0,0,0,0
LEbHEbu29dmCVDcwWqbB,LE FIVE Bezons,played,pro,ChIJ04KEHBZk5kcRoDWLaMOCCwQ,48.91909&2.2093051,2024-02-26T17:00:00.000Z,60,7,public,false,,,U3MriTZbPbTUEsU6RtRuHxDMKvg2,10,10,8,0,0,0,3
LFBN4GQn6DtiMobcjqso,LE FIVE Paris 17,played,pro,ChIJ7eI8sFNv5kcR5xy52Wc57NU,48.900032&2.3213449,2024-03-01T16:00:00.000Z,60,5,public,false,,,V6mqbc9C8FNa1RQlUupjeoqOsZL2,10,10,10,0,0,5,8
LFBfJkEouHSIPMQFvNSJ,Foot-Max Argenteuil,published,pro,ChIJi9oIzaRm5kcRJYcK7QsdRMU,48.9501632&2.2093946,2024-03-03T20:30:00.000Z,90,12,public,false,,,SuEnyPZ4TgNIkt1yap2yJ3ZHO6p1,0,10,0,0,0,0,1
LGDuYo0TYzy7dVyh3DXy,UrbanSoccer - Quai d'Ivry,played,captain,ChIJfXxYJ0xy5kcRw9xTkF6-FZQ,48.8199885&2.3936463,2024-03-07T18:00:00.000Z,60,14.5,public,true,Détente,2,PM6moXkSDMM5NmJ5iOsFAaTAi4i2,10,10,1,0,0,0,0
LHRuthsJr58fYvYo1RV3,STADIUM FOOT 5 VILLAGE,canceled,captain,ChIJbbOWFtC4yRIR0WXVerbWmnE,43.269413&5.4260321,2024-02-26T18:00:00.000Z,90,15,public,false,Détente,3,MKjoGJESIIfNKw5sH93VODBuvLv2,10,10,0,0,0,0,0
LHgsoAPRiqHuNDAwcg7G,Sport dans la Ville Rhône-Alpes,canceled,captain,ChIJoUEDcmvr9EcRILCz6hDCQ2o,45.7811703&4.8081568,2024-02-20T19:00:00.000Z,90,13,public,false,Compétition,3,jIybTcoz4qQodKKdUzBBzeQFuEQ2,9,10,0,0,0,0,0
LJ0DnrkMY7UyVRlyr7a5,LE FIVE Paris 13,played,captain,ChIJ_bOSChhz5kcRZMTeq_6Gdzg,48.8181615&2.3658793,2024-03-01T19:00:00.000Z,60,14,public,true,Détente,4,OSQT5gb0Z5ZECKUkDBdExpQsTAt1,10,10,2,0,0,0,3
LJdWsOsnb7bV7JoP31DD,LE FIVE Paris 13,played,captain,ChIJ_bOSChhz5kcRZMTeq_6Gdzg,48.8181615&2.3658793,2024-02-23T18:00:00.000Z,60,,public,true,Détente,2,8rY2LLxtWsUhFxStEBtYlI2w9ny2,10,10,1,0,0,0,2
LLSkJ4oaAId7VZPROOXJ,Sun Set Soccer,canceled,captain,ChIJ-2jOt33D9EcRLZL2mS5Gvz4,45.6768927&4.9409477,2024-03-03T17:00:00.000Z,90,13,public,false,Détente,3,MoZldSptsZUnpp9jCF7841okpwg1,8,10,0,0,0,0,0
LLUfqyoqgaj4EdnNK5WG,Top Ten,played,captain,ChIJfXprBx4b5kcRmhe-5pLZUek,48.8729106&2.6840919,2024-02-25T09:30:00.000Z,90,13,public,false,,3,AgPIrYu6weWBSm3msnuThsN34Pf1,10,10,4,0,0,0,0
LOB0B8eJWKyL44kDL8OH,Foot-Max Argenteuil,canceled,captain,ChIJi9oIzaRm5kcRJYcK7QsdRMU,48.9501569&2.2093741,2024-02-22T21:00:00.000Z,60,11,public,false,Détente,1,u2afojOn70Z6CtLWxRQON56EeJb2,7,10,0,0,0,0,0
LPh9uTcUjHsNWpCRGa4S,LE FIVE Bezons,canceled,captain,ChIJ71Mv0Wpk5kcRg-H9x7L-dXo,48.9190524&2.211796,2024-03-02T19:00:00.000Z,90,13.5,public,true,Détente,2,bXodcAR6uANZrXNwS9lJKad1xIL2,3,10,0,0,0,0,0
LR3z6Wkmj7wl6xcMS11v,UrbanSoccer - Quai d'Ivry,canceled,captain,ChIJfXxYJ0xy5kcRw9xTkF6-FZQ,48.8199885&2.3936463,2024-02-21T17:30:00.000Z,60,11,public,true,Détente,2,Y4kc9OV9mLRRmsDoDIPOoryWnDn2,9,10,0,0,0,0,1
LSz1co62iNAaJ2buR2ZZ,TEP Reverdy,canceled,captain,ChIJ97IzEXZt5kcRrziQffedeSo,48.8852655&2.3762939,2024-03-04T18:00:00.000Z,120,5,public,false,Détente,4,IPmbamz2bkMhCjliEqifTUkx2ir2,12,12,0,0,0,0,4
LTTPSLM0UJi6l2Ktb1he,UrbanSoccer - Porte d'Aubervilliers,played,captain,ChIJ0dXjDCZs5kcRvX0EpMwxsUY,48.9074912&2.3746518,2024-02-27T19:15:00.000Z,90,20,public,true,Détente,3,8SRNDGDQaxUC3RUyJ9nNZ9GUGz93,10,10,4,0,0,0,0
LUqO6b3FIkHsKfK1Ah9B,Play Soccer,published,captain,ChIJQ-UxZn-5rhIRKWoQydM5T9s,43.5512023&1.4098927,2024-02-20T17:00:00.000Z,60,9,public,false,,,8LtkeOuZHeePxfkXdNPmQSr7V9L2,5,10,0,0,0,0,0
LVnn4tHVI6hTdxR0iNPD,UrbanSoccer La Défense,published,captain,ChIJh4rnfVhk5kcRV2Q-ZKdm8vA,48.8996456&2.2216773,2024-03-01T09:15:00.000Z,90,19.5,public,true,Détente,3,LPrFZqM6IQcAoUSQdWTvLi52Uft1,7,10,0,0,0,0,0
LWr62tTdlqzHPyYNoXoI,Top Ten,canceled,captain,ChIJfXprBx4b5kcRmhe-5pLZUek,48.8729106&2.6840919,2024-02-24T20:00:00.000Z,90,15,public,false,Compétition,,J0VjxiqUXFOxIjV4d6VIUY1mM582,9,10,0,0,0,0,0
LXaEuWfKVs9ZFxZjrcL2,UrbanSoccer - Quai d'Ivry,played,captain,,48.8199885&2.3936463,2024-03-03T10:00:00.000Z,90,,public,true,Détente,3,00uWFovO0YQslm06rTX69FTdyrw2,10,10,3,0,0,0,1
LYfP99W8AuYeYcHBWGsO,Stadium Thiais,published,pro,ChIJ64X9jzx05kcRsHvSfOv6UcA,48.7511024&2.3713455,2024-02-20T14:00:00.000Z,90,8,public,false,,,psf3NmXEPwdCltHKJC7VuvJocrF3,0,10,0,0,0,0,0
Lbi59JDL3yzfrGztAufd,UrbanSoccer - Quai d'Ivry,canceled,captain,ChIJfXxYJ0xy5kcRw9xTkF6-FZQ,48.8199885&2.3936463,2024-03-07T18:15:00.000Z,60,14.5,public,true,Chill,2,YvA53s8wRXMGxC6fFNlEcwrgSkn2,10,10,0,0,0,0,0
LbvMgowYNUl1LsjVNy4H,Stadium Thiais,played,captain,ChIJ64X9jzx05kcRsHvSfOv6UcA,48.7511137&2.3715422,2024-03-06T16:00:00.000Z,120,10,public,false,Détente,3,Dohg1zNvhsbmGrYuAmExKFyjruw2,10,10,7,0,1,0,1
Ldw1nCUuvMi2JAmzDR6a,UrbanSoccer - Lille Lezennes,canceled,captain,ChIJR3ro5nTWwkcRfM_S3Be9HjI,50.6162725&3.0998108,2024-03-06T19:50:00.000Z,60,9.5,public,true,Compétition,3,xR4ED6qRzmg0HreT9TkBwvuQM912,8,10,0,0,0,0,1
LejbbwbU6erFyUO2xMJD,UrbanSoccer - Porte d'Aubervilliers,published,captain,ChIJ0dXjDCZs5kcRvX0EpMwxsUY,48.9074912&2.3746518,2024-02-25T14:10:00.000Z,60,5,public,true,Détente,3,nW1aZ8cy14QLKiSoEz7j1I9Goht2,9,10,0,0,0,0,0
Lfd4NnfzKTgqTAVtoUfc,Stadium Thiais,canceled,captain,ChIJ64X9jzx05kcRsHvSfOv6UcA,48.7511137&2.3715422,2024-03-05T18:00:00.000Z,90,15,public,false,Compétition,3,bSezr0gjJhfR82kVtAB5jN889YH3,9,10,0,0,0,0,0
LfeWVETsPpPYRxKN3xdb,LE FIVE Champigny,canceled,captain,ChIJsXi1PLYN5kcRTVVDuczgS2s,48.8194084&2.5251846,2024-03-07T15:00:00.000Z,90,10,public,false,Détente,3,XoJ8FN2MlmZYxI0VCKKp8oKtjbo1,5,10,0,0,0,0,0
LgAJG4cTweDhy0dVsczK,LE FIVE Créteil,canceled,captain,ChIJ88lx3VwL5kcRVxCh4lD6_Gk,48.7643086&2.4706522,2024-02-27T19:00:00.000Z,90,15,public,false,Compétition,3,EHZB6c5iRjY7Bqm1fWmpwmymat03,5,10,0,0,0,0,0
LgBN8tV9X8HQqFoI7ynH,Footbox,published,pro,ChIJY-WkusIR5kcR-tEad3UtaSQ,48.9022789&2.582647,2024-03-05T14:00:00.000Z,60,7,public,false,,,QI89VPazyLhBVnWH871jk4BUEZI3,0,10,0,0,0,0,0
LgcCCiAysSg9Uv6FxW3H,Z5 Aix,played,captain,ChIJKb-U_9KSyRIRKIFKbH5mW18,43.4787869&5.3969048,2024-03-06T20:30:00.000Z,60,10,public,false,Détente,4,cd6uwIamv4ZAe6OPqDHpnK5TdtH3,10,10,1,0,0,0,0
LjZXh7NG6jbk79ybcx8N,Espace Pierre de Coubertin,published,captain,ChIJSeCUUAVA5kcR61frS3jt-6M,49.0250879&2.4621559,2024-03-03T16:00:00.000Z,90,,public,false,Détente,3,QqCjlca15HdnAvALHA0FzUBbbX42,14,16,0,0,0,0,0
Ljqq2UjEU7g00ys8aO6b,Monclub Futbol,played,captain,ChIJGbxxaamUyRIRgGvhHnhJStA,43.4299152&5.4001974,2024-03-03T16:00:00.000Z,60,10,public,false,Détente,3,OZ4gbKApJ6VUiNG5iJScKxFvNd13,10,10,3,0,0,0,2
LlVgC18v7wxeaUhFOPvl,LE FIVE Paris 13,canceled,pro,,48.8181615&2.3658793,2024-02-25T11:00:00.000Z,60,10,public,false,,,FjSnzlRFFfhWVWQJGfIEwRc2ZMj2,0,10,0,0,0,0,0
Lmi5WtZ5JHPKy8VyD34d,LE PARK Complexe Multisports,played,captain,ChIJMU8gErUJ5kcRSnpvacKwFtM,48.71189589999999&2.5771181,2024-03-04T20:30:00.000Z,90,15,public,false,Détente,3,Gx04ZxR4hlda7mFV4XiWZKffbmJ2,10,10,2,0,0,0,2
LnEawWJX4abUqka0HO0I,Top Ten,published,pro,ChIJfXprBx4b5kcRmhe-5pLZUek,48.8729106&2.6840919,2024-03-03T22:00:00.000Z,90,15,public,false,,,i27253AGxOfXgYJK72sBnvUGuMk2,0,10,0,0,0,0,0
LqywMRL2JJNEq5Sfdjz1,UrbanSoccer - Asnières,canceled,captain,ChIJi5LkLT9v5kcRSlhScqEFNWs,48.92192379999999&2.3068311,2024-03-07T15:30:00.000Z,60,8,public,true,Compétition,4,dcQcNZfbqHcv7qU4oYMRsVelgbA2,3,10,0,0,0,0,0
Lr3L9G6CNilpZMyUX7FL,Footbox,canceled,pro,ChIJY-WkusIR5kcR-tEad3UtaSQ,48.9022789&2.582647,2024-03-06T13:00:00.000Z,60,7,public,false,,,QI89VPazyLhBVnWH871jk4BUEZI3,0,10,0,0,0,0,0
LtTd06rLW0ZFDDKxf0VU,UrbanSoccer - Quai d'Ivry,played,captain,ChIJfXxYJ0xy5kcRw9xTkF6-FZQ,48.8199885&2.3936463,2024-02-29T18:00:00.000Z,60,14.5,public,true,Détente,2,3fmp9rpSFugQjWqCXv4GFMj64in1,10,10,2,0,0,0,0
LvZ1WyZVJVwh8JS1NlCt,Stadium Thiais,published,captain,ChIJ64X9jzx05kcRsHvSfOv6UcA,48.7511137&2.3715422,2024-02-24T17:00:00.000Z,90,15,private,false,Compétition,4,bSezr0gjJhfR82kVtAB5jN889YH3,9,10,0,0,0,0,0
LwI911rIWzblF99Jwc9d,UrbanSoccer Orsay,published,captain,ChIJpZIJg7J45kcRrKWKhtbfnEQ,48.70829&2.17794,2024-02-22T19:00:00.000Z,90,17.25,public,true,Détente,3,ee1xUgZHOqeY6QdvDARYVOlrzLj2,9,10,0,0,0,0,1
LwrKhtOzPvH0abuJGdrm,LE FIVE Morangis,canceled,captain,ChIJA4uAhOXZ5UcRp-vZXZP-ovY,48.692672&2.3192811,2024-02-21T20:00:00.000Z,90,13,public,false,Compétition,3,sH1ldKgn8Tbpv6K7UAKl6vHdwE03,6,10,0,0,0,0,0
Lwzcc43TvdrN6N1QXroz,UrbanSoccer - Quai d'Ivry,canceled,captain,ChIJfXxYJ0xy5kcRw9xTkF6-FZQ,48.8199885&2.3936463,2024-03-07T19:30:00.000Z,90,21,public,true,Détente,3,58rQhvTXDMcTLA00IxL6cUd7sVy2,8,10,0,0,0,0,0
Ly3GQxGCGTIpRYAMg1Of,LE FIVE VITROLLES,canceled,captain,ChIJi4A-IrHoyRIRunoYLEGNeYI,43.4338497&5.240971399999999,2024-03-01T18:00:00.000Z,60,10,public,false,Compétition,4,RZjIP0X67tM4LKY3FF5apu37vKC2,9,10,0,0,0,0,0
Ly4YjlWufJBllxF8FK31,MONCLUB 2.0,played,captain,ChIJv9owGLm-yRIRfuDnd3G6nR4,43.2895156&5.4611522,2024-02-23T18:00:00.000Z,60,10,public,false,Détente,3,Al3ndlO7m1MxPlilfHoKQfYmvd13,10,10,2,0,0,0,1
Lyc3FzgK5rAKkVHsnmAr,Le Street Foot en Salle,canceled,captain,ChIJt_AXL6Jg5kcRu6rBmnrmeUM,49.0164435&2.181307,2024-03-04T20:00:00.000Z,90,15,public,false,Compétition,3,a3ZljhWputbpHQakqA1djq0makE2,9,10,0,0,0,0,0
LywusueVKJEESGHKAgOd,LE FIVE Paris 18,played,captain,ChIJpVT4_n1u5kcRzji6FdTBXXo,48.8978522&2.3700234,2024-02-20T19:00:00.000Z,60,14,public,true,Détente,3,EZzOxGPoSmST8hGBBnI3ishOtQ02,10,10,2,0,0,0,0
LzLtrBTxA7eahPdr80qw,Footbox,canceled,pro,ChIJY-WkusIR5kcR-tEad3UtaSQ,48.9022789&2.582647,2024-02-29T14:00:00.000Z,60,7,public,false,,,QI89VPazyLhBVnWH871jk4BUEZI3,0,10,0,0,0,0,0
M12fEajjPocl4etIgzBk,UrbanSoccer - Quai d'Ivry,played,captain,ChIJfXxYJ0xy5kcRw9xTkF6-FZQ,48.8199885&2.3936463,2024-03-06T16:30:00.000Z,90,14.25,public,true,Détente,2,uNifdNcuylVkaNareLqQpFCQwlM2,10,10,3,0,0,0,0
M3qZhFU47LXcGh71Jyv2,UrbanSoccer - Asnières,canceled,captain,ChIJi5LkLT9v5kcRSlhScqEFNWs,48.92192379999999&2.3068311,2024-02-25T12:30:00.000Z,60,12,public,true,Détente,,ohytnprqHwfQT4xiKRk7eq8CSir1,9,10,0,0,0,0,0
M4HuIgyGd0yq0ePDqXAM,Halle Georges Carpentier,published,captain,ChIJnXkSwCty5kcR-nlHXNFQlg4,48.82020139999999&2.3672361,2024-03-05T11:00:00.000Z,120,,public,false,Compétition,3,kRAf444M3RUd6EWIOWpKVKs78SI2,14,16,0,0,0,0,5
M5aro6yFpnjExKIcVpXH,UrbanSoccer - Toulouse Montaudran,played,captain,ChIJl772e0u8rhIR2foRX4Xa2CI,43.574642&1.4801835,2024-02-22T20:50:00.000Z,60,5,public,true,Détente,3,EO107bt4qOSbqnnvmyI2mjQrh1D2,10,10,0,0,0,0,0
M7auBs2cNQHtP5kKBFwN,Stade Suzanne Lenglen,played,captain,ChIJvTSVwnVw5kcR9CmKGXIcwtA,48.83101689999999&2.272363,2024-02-27T11:10:00.000Z,90,,public,false,Détente,3,Q1D4wQxCwQXnRgdIemz47OapBqe2,16,16,5,0,0,0,0
M8RTRm19m28dJGVvNeof,Stade de la Botte,published,captain,ChIJIe1d4rW8yRIRZxKF16dTZCY,43.2906303&5.5581912,2024-02-24T13:00:00.000Z,120,,public,false,Détente,3,sL72FBOn8LV0jO8mvrPMr1ypTK63,6,12,0,0,0,0,0
MAKAhISz3CjKMpdatsux,LE FIVE Bezons,played,pro,ChIJ04KEHBZk5kcRoDWLaMOCCwQ,48.91909&2.2093051,2024-02-24T20:00:00.000Z,90,13.5,public,false,,,U3MriTZbPbTUEsU6RtRuHxDMKvg2,10,10,8,0,0,0,3
MFrQCSwOG2AVzpeOV369,Stadium Thiais,played,captain,ChIJ64X9jzx05kcRsHvSfOv6UcA,48.7511137&2.3715422,2024-02-22T15:55:00.000Z,120,10,public,false,Compétition,3,Dohg1zNvhsbmGrYuAmExKFyjruw2,10,10,3,0,0,0,1
MFvxoGvNFILUYuix8jWl,Stadium Thiais,published,captain,ChIJ64X9jzx05kcRsHvSfOv6UcA,48.7511137&2.3715422,2024-02-26T16:30:00.000Z,120,10,public,false,Détente,3,Dohg1zNvhsbmGrYuAmExKFyjruw2,6,10,0,0,0,0,0
MHLltaiHmKc5KyZa2L1M,Le 13 - Foot en salle - Marseille,canceled,captain,ChIJR62kUm_ByRIRDnGQqGCeUVQ,43.33370070000001&5.370389599999999,2024-02-23T18:30:00.000Z,60,10,public,false,Détente,3,3jyg79NiLJO2dZOefT25Q88vws83,9,10,0,0,0,0,0
MIEr7q724DKMxbBu4Cgr,L PARK - LE FIVE - 4PADEL Lens Liévin,canceled,captain,ChIJ291icE063UcR1gWGn8xhzpw,50.429107&2.742526,2024-03-03T14:30:00.000Z,60,9,public,false,Compétition,4,xUb9RNRhFHZee4LOso2Q4b4utnl1,5,10,0,0,0,0,0
MLvhiOZYfCaRYiZuuwOe,LE FIVE Champigny,canceled,captain,ChIJsXi1PLYN5kcRTVVDuczgS2s,48.8194084&2.5251846,2024-03-03T11:20:00.000Z,60,10,public,false,Détente,,KjmHPgd77XVMkfdfsCxoyga5cMI3,9,10,0,0,0,0,0
MO5DAn7whCv0OZkmljMY,Kinshasa,published,pro,ChIJi2oG_jAxahoRjTdSH05-ixY,-4.3032527&15.310528,2024-03-01T15:00:00.000Z,90,21,public,false,,,zCvsukfMuuffsuPpSTQwb7MusMD2,0,10,0,0,0,0,0
MRMnNU7m8fWJdx7Jo3Am,Top Ten,played,captain,ChIJfXprBx4b5kcRmhe-5pLZUek,48.8729106&2.6840919,2024-02-28T20:30:00.000Z,90,16.5,public,false,Détente,2,DGbz5Q6OX4e6xKkMLks3j9qfpCg1,10,10,3,0,0,0,1
MS0N0k5o3DDFRx1w3iEY,UrbanSoccer - Asnières,played,captain,ChIJi5LkLT9v5kcRSlhScqEFNWs,48.92192379999999&2.3068311,2024-02-24T15:00:00.000Z,90,15,public,true,Compétition,3,3Uu3JhmGLOWQhsDq12m5B7NIhjH2,10,10,4,0,0,0,1
MVXid5Vg1WTVulFBNTun,LE FIVE Morangis,played,captain,ChIJA4uAhOXZ5UcRp-vZXZP-ovY,48.692672&2.3192811,2024-03-01T20:30:00.000Z,90,14,public,false,Détente,,GeY3OezqbIW13tvJpKY3ph4fPTj1,10,10,2,0,0,0,1
MVrCbkQPUh2WrrV3HNGF,UrbanSoccer - Asnières,played,captain,ChIJi5LkLT9v5kcRSlhScqEFNWs,48.92192379999999&2.3068311,2024-02-24T11:00:00.000Z,90,8.5,public,true,Détente,3,vrVXJWNErnO0f2QrVkyJpwJ6DGX2,10,10,4,0,0,0,0
MXLE26i8hviBaCCacM1t,Top Ten,played,pro,ChIJfXprBx4b5kcRmhe-5pLZUek,48.8729106&2.6840919,2024-02-21T16:00:00.000Z,90,5,public,false,,,i27253AGxOfXgYJK72sBnvUGuMk2,10,10,2,0,0,0,8
MXPiiQfqBgcrYHLn8Zpx,UrbanSoccer - Toulouse Sept Deniers,canceled,captain,ChIJk5nUBdOkrhIRP-1aUJzo-lA,43.6321552&1.411696,2024-03-01T11:15:00.000Z,60,9,public,true,Détente,3,dR3jZ95xF7fjdJG79h0RlKCgNmO2,9,10,0,0,0,0,0
MYfEP95O8iotlszOOdGe,LE FIVE Villette,canceled,captain,ChIJTUFnQjps5kcR0pHITLTw1PI,48.9070122&2.3861459,2024-02-28T19:30:00.000Z,60,12,public,false,Chill,2,auFHwaOAAkcXfX0HCdWuGOST9862,5,10,0,0,0,0,0
MZ9wewxdNBgItneBv2FG,UrbanSoccer - Porte d'Aubervilliers,canceled,captain,ChIJ0dXjDCZs5kcRvX0EpMwxsUY,48.9074912&2.3746518,2024-03-07T19:30:00.000Z,90,22.5,public,true,Détente,5,sa66xCz9OaZseUUq7KPlEDXFeOR2,2,10,0,0,0,0,1
MZCyDeY0cApj58x9WZTl,LE FIVE Valenciennes,published,captain,ChIJs_yKhaPvwkcRtt71kMRaz8A,50.3821465&3.4713322,2024-02-29T17:00:00.000Z,60,8,public,false,Détente,2,SEDbxVPny9N2afAnwvfRVB7VJ1N2,8,10,0,0,0,0,0
MZh9hmROwyqAnA3PfVSG,UrbanSoccer La Défense,played,captain,ChIJh4rnfVhk5kcRV2Q-ZKdm8vA,48.8996456&2.2216773,2024-03-04T18:15:00.000Z,60,14.5,public,true,Détente,3,KtiFZn0XboUoofGbUoULf2oaFrC2,10,10,4,0,0,0,1
MaI30pPPY0t3x1Mvnu2R,UrbanSoccer - Porte d'Aubervilliers,canceled,captain,ChIJ0dXjDCZs5kcRvX0EpMwxsUY,48.9074912&2.3746518,2024-02-22T15:00:00.000Z,120,10,public,true,Compétition,2,V0vLvWlVCYhoVqS77yMqYmMpxnp1,6,10,0,0,0,0,0
MaPpKws7Ghv8igVLDmqY,Massilia FIVE,canceled,captain,ChIJxZ6UmMW-yRIR7ot5DChYj4w,43.28920790000001&5.4503802,2024-03-01T20:00:00.000Z,60,10,public,false,Détente,3,PJA7Xm3DTMOGWw6kCBvmjv2GkxA2,9,10,0,0,0,0,0
Mb0F89DnAv4D14VFWb4t,Stadium Thiais,played,pro,ChIJ64X9jzx05kcRsHvSfOv6UcA,48.7511024&2.3713455,2024-02-23T21:00:00.000Z,90,14,public,false,,,psf3NmXEPwdCltHKJC7VuvJocrF3,10,10,5,0,0,0,3
Mc7cJ2RA7y7vg2xG5Aqd,LE FIVE Paris 18,played,captain,ChIJpVT4_n1u5kcRzji6FdTBXXo,48.8978522&2.3700234,2024-03-02T17:00:00.000Z,60,12,public,true,Détente,2,yb2Lf2SE43Qbv9lslzMllwnrtFF3,10,10,3,0,1,0,0
McnxIZCfrUJKhpo8i6pw,Monclub Futbol,played,captain,ChIJGbxxaamUyRIRgGvhHnhJStA,43.4299152&5.4001974,2024-03-01T19:00:00.000Z,60,10,public,false,Détente,,vlKOTrfiuaYFff4YNJ0v2dJJzp52,10,10,2,0,0,0,1
MgoFN2WXiF421sTgOytc,F5 Foot Five,canceled,captain,ChIJjUbM5G7A9EcRW3mlkrhyXxY,45.7857911&4.905926399999999,2024-03-06T18:30:00.000Z,60,9.5,public,false,Compétition,,TWp5Upp4CQalQFzW2RkfnBBnIzs2,10,10,0,0,0,0,0
MguSC1QOEV873sBOHJZh,B14 - Sports et Loisirs Indoor,played,captain,ChIJaeLKMYXe5UcRHyWJ8X8FaPA,48.62229&2.3800445,2024-03-02T17:30:00.000Z,90,13.5,public,false,Détente,2,0NUFRL7ogXZ47skrfNwacFsQXI12,10,10,7,0,0,0,3
Mj0hdBOKbSbOjhM9ijaH,UrbanSoccer - Quai d'Ivry,played,captain,ChIJfXxYJ0xy5kcRw9xTkF6-FZQ,48.8199885&2.3936463,2024-03-05T19:00:00.000Z,60,14,public,true,Détente,4,AA6yObM110SWfnv82wbxWfk8mhx2,10,10,1,0,0,0,0
Mj5ufeVDWWtZ2HNMeheM,Rue du Musée,played,captain,ChIJ4ypzX6B15kcRFesay1dBJco,48.71676&2.39852,2024-02-25T12:00:00.000Z,120,,public,false,Détente,3,5v9WX6HkohWW6s4r8BR39p1iJxu1,16,16,15,0,0,0,3
Mq8wXyZvpiytD6PH91wB,UrbanSoccer - Lille Bondues,published,captain,ChIJ58ZerMgrw0cR2Jyp7tZjBn4,50.6913774&3.0860264,2024-02-24T16:30:00.000Z,60,9.5,public,true,Détente,,yK0Ca25m7PVqfa5UFqTtmn4asIJ3,5,10,0,0,0,0,0
MqlpWGSZnL99HOUrJZ0D,Stadium Thiais,played,pro,ChIJ64X9jzx05kcRsHvSfOv6UcA,48.7511024&2.3713455,2024-03-04T21:00:00.000Z,90,14,public,false,,,psf3NmXEPwdCltHKJC7VuvJocrF3,10,10,5,0,0,0,2
MrPptAdbLpcFgEKwlqqV,Z5 Aix,canceled,captain,ChIJKb-U_9KSyRIRKIFKbH5mW18,43.4787869&5.3969048,2024-02-28T16:30:00.000Z,60,11,public,false,Détente,2,TBrHh8kaTtXgh3qQEytcHoGTfPJ2,10,10,0,0,0,0,0
MsIdXECPwugJmxB9uizK,UrbanSoccer La Défense,played,captain,ChIJh4rnfVhk5kcRV2Q-ZKdm8vA,48.8996456&2.2216773,2024-02-24T09:15:00.000Z,60,12.5,public,true,Détente,3,NnF2qO1XR1UbJsvXdzCc94rf0T42,10,10,1,0,0,0,0
MullSHPn9WvM1Wbqy2jc,Stadium Thiais,played,captain,ChIJ64X9jzx05kcRsHvSfOv6UcA,48.7511137&2.3715422,2024-03-03T10:20:00.000Z,90,15,public,false,Détente,1,T0gYd02mAcQ3nFRaDLdSQvaj8WW2,12,12,3,0,0,0,1
Mw4HQDp9FNw67tftGzlV,Foot POWER 5,canceled,pro,ChIJuTCIFshm5kcRBtEQJ76dAzc,48.960066&2.2061913,2024-02-28T17:00:00.000Z,90,5,public,false,,,sss3dYi6nzWd7rEjwcQ30LGKudj1,0,10,0,0,0,0,0
MwOL3Kyct4hvHzMTY6oo,UrbanSoccer - Quai d'Ivry,played,captain,ChIJfXxYJ0xy5kcRw9xTkF6-FZQ,48.8199885&2.3936463,2024-03-03T16:00:00.000Z,90,20,public,true,,3,nnVMCQjNFGMCWP80TQIm2Wl4Lcf1,10,10,1,0,0,0,0
MybkgSpZQ6Nud2YfNB4l,LE FIVE Montreuil,published,pro,ChIJJdTQjr0T5kcRZmGxtIJVy44,48.8613036&2.4653095,2024-02-25T08:00:00.000Z,90,15,public,false,,,u9uC1vjdcdQ3UqNxI0SiFxor0m43,0,10,0,0,0,0,0
MycPJotBUxdoi2ZoZGIx,Foot-Max Argenteuil,published,pro,,48.9501632&2.2093946,2024-02-27T11:00:00.000Z,60,8,public,false,,,SuEnyPZ4TgNIkt1yap2yJ3ZHO6p1,0,10,0,0,0,0,0
N1rcaDBOjumOlzaho5kk,Stade Gilles Joye,played,captain,ChIJw2BPcJnzyRIRLzzgcSTD9TM,43.5744126&5.3446134,2024-02-26T18:00:00.000Z,60,7,private,false,Détente,3,uAEut48qBDUb9yI8BZY79qCquMq1,10,10,7,0,0,0,1
N2F8KO9fzhei4Pa90J3I,Top Ten,published,pro,ChIJfXprBx4b5kcRmhe-5pLZUek,48.8729106&2.6840919,2024-02-20T22:00:00.000Z,90,16.5,public,false,,,i27253AGxOfXgYJK72sBnvUGuMk2,0,10,0,0,0,0,0
N4eyhjDQBBM7ylfg0ULK,UrbanSoccer - Lille Bondues,played,captain,ChIJ58ZerMgrw0cR2Jyp7tZjBn4,50.6913774&3.0860264,2024-03-03T12:00:00.000Z,90,6.5,public,true,Détente,3,OQh22cNGtiWTA37nn0SL82K1J742,10,10,3,0,0,0,0
N5s2KMa1vB96tgBpWf6l,STADIUM FOOT 5 VILLAGE,canceled,captain,ChIJbbOWFtC4yRIR0WXVerbWmnE,43.269413&5.4260321,2024-02-21T18:00:00.000Z,60,10,public,false,Détente,3,JhzYtbyIfxe5yUlcuYzUPNXhyMN2,10,10,0,0,0,0,0
N6BU32SCT78a1E6FFUjd,STADE PIERRE BOURDAN,played,captain,ChIJlzXk7HLr9EcR8P0J9oTn_Pk,45.7924336&4.8403733,2024-02-25T09:00:00.000Z,120,,public,false,Détente,3,YnKrswmpQaRBkGKXp9RyyigbphC3,16,16,3,0,0,0,3
N6TIDyQbJ4k201iEnngx,Top Ten,published,pro,ChIJfXprBx4b5kcRmhe-5pLZUek,48.8729106&2.6840919,2024-02-24T09:30:00.000Z,90,15,public,false,,,i27253AGxOfXgYJK72sBnvUGuMk2,0,10,0,0,0,0,0
N99IEGrWUxUEZCjqmPkH,Génération Foot,published,captain,ChIJB5QQodiZyRIRv_b1lXEzTAY,43.3971868&5.563496799999999,2024-03-01T18:00:00.000Z,60,10,public,false,Compétition,,RuH4Nbrl9Qg0NM7PYEPxDZXNcIy2,9,12,0,0,0,0,0
NBbvhBReCovjeeKslx2y,UrbanSoccer - Puteaux,played,captain,ChIJM_sC0-Nk5kcRhL1y_EFIje8,48.8836397&2.2312283,2024-02-21T20:00:00.000Z,60,15,public,true,Détente,3,vP3StvRlYRgqWlrYIouB7XMf0Jt1,10,10,3,0,0,0,1
NDXp2I0UzAyAft1nU1vH,LE FIVE Villette,canceled,captain,ChIJTUFnQjps5kcR0pHITLTw1PI,48.9070122&2.3861459,2024-02-21T18:00:00.000Z,60,10,private,false,Détente,2,7oDyz6L7Bof2VJn8GADtY20pyog1,1,10,0,0,0,0,0
NEpEdHXxsHedTn2lAYaP,LE FIVE Carrières-sous-Poissy,canceled,captain,ChIJ9T4fWfyL5kcRCBX-FyZLvEE,48.9468171&2.0230552,2024-02-22T17:30:00.000Z,90,13,public,false,,4,T3MXqcHK9jTOVl5qDb6YLQV5V8R2,1,10,0,0,0,0,0
NFvxV9tAWt3wrqweeGig,Stadium Thiais,canceled,captain,ChIJ64X9jzx05kcRsHvSfOv6UcA,48.7511137&2.3715422,2024-02-24T15:30:00.000Z,90,12,public,false,Détente,4,kWIXOjVn4JO8RLoDO2thI1n3qex1,11,12,0,0,0,0,0
NG8vKb5CyJzYyAvzQRwb,UrbanSoccer - Lille Bondues,canceled,captain,ChIJ58ZerMgrw0cR2Jyp7tZjBn4,50.6913774&3.0860264,2024-03-07T19:00:00.000Z,60,11.5,public,true,Compétition,3,vtyy5a1BUYMBKAn3y6kb6XPxf0Y2,5,10,0,0,0,0,0
NHI4eAm9lVmfWtn8sm9m,LE FIVE Montreuil,published,pro,ChIJJdTQjr0T5kcRZmGxtIJVy44,48.8613036&2.4653095,2024-02-28T11:00:00.000Z,90,10.5,public,false,,,u9uC1vjdcdQ3UqNxI0SiFxor0m43,0,10,0,0,0,0,0
NJVDozrF5VKhfbG71oD9,Foot-Max Argenteuil,published,pro,ChIJi9oIzaRm5kcRJYcK7QsdRMU,48.9501632&2.2093946,2024-02-21T21:30:00.000Z,90,12,public,false,,,SuEnyPZ4TgNIkt1yap2yJ3ZHO6p1,0,10,0,0,0,0,0
NKAGdLbhOM9ELHSBmc7t,LE FIVE Annemasse,published,captain,ChIJVc4JI-FtjEcRkBpWIDCVoII,46.206535&6.280475,2024-03-07T19:00:00.000Z,60,10,public,false,Détente,2,aOkdSvCqIbYknyB72o7qHDISGQr1,8,10,0,0,0,0,0
NLDxUEnqqtQle3r4HOsj,Top Ten,published,pro,ChIJfXprBx4b5kcRmhe-5pLZUek,48.8729106&2.6840919,2024-03-04T11:00:00.000Z,90,5,public,false,,,i27253AGxOfXgYJK72sBnvUGuMk2,1,10,0,0,0,0,1
NMsy2E9K6u3vbdvD0YEe,LE FIVE Paris 17,canceled,captain,ChIJ7eI8sFNv5kcR5xy52Wc57NU,48.900032&2.3213449,2024-03-05T16:00:00.000Z,60,10,public,true,Détente,,JaQ3Zpce0VXW29xXgnAx9aSKApJ3,9,10,0,0,0,0,0
NN0UIyf8XZ8EseWju74l,Stadium Thiais,published,pro,ChIJ64X9jzx05kcRsHvSfOv6UcA,48.7511024&2.3713455,2024-03-07T11:00:00.000Z,60,7,public,false,,,psf3NmXEPwdCltHKJC7VuvJocrF3,3,10,0,0,0,0,0
NNUQASp6tWVDTxOLODdF,Foot-Max Argenteuil,canceled,pro,ChIJi9oIzaRm5kcRJYcK7QsdRMU,48.9501632&2.2093946,2024-02-23T17:00:00.000Z,60,8,public,false,,,SuEnyPZ4TgNIkt1yap2yJ3ZHO6p1,2,10,0,0,0,0,3
NRVZXBKtJUVpVlvwD88U,Play Soccer,played,captain,ChIJQ-UxZn-5rhIRKWoQydM5T9s,43.5512023&1.4098927,2024-02-22T20:00:00.000Z,60,10,public,false,,,8LtkeOuZHeePxfkXdNPmQSr7V9L2,10,10,2,0,0,0,0
NUh92mxwj0Sdi1yQD4FC,LE FIVE Bezons,canceled,captain,ChIJ71Mv0Wpk5kcRg-H9x7L-dXo,48.9190524&2.211796,2024-03-02T09:00:00.000Z,120,15,public,true,Compétition,3,VP0RN7DNzKdciaLPLuIosJopPSe2,9,10,0,0,0,0,0
NUjE8tbyc6sph0z9KwVH,Stadium Thiais,published,pro,ChIJ64X9jzx05kcRsHvSfOv6UcA,48.7511024&2.3713455,2024-02-26T11:00:00.000Z,60,7,public,false,,,psf3NmXEPwdCltHKJC7VuvJocrF3,0,10,0,0,0,0,1
NUrscyHqfCFComcTgSi0,MONCLUB 2.0,played,captain,ChIJv9owGLm-yRIRfuDnd3G6nR4,43.2895156&5.4611522,2024-02-21T18:30:00.000Z,60,10,public,false,Détente,2,acWFODV94rS86IjtYjTFel9PdrQ2,10,10,1,0,0,0,0
NX6bH0CVJz2vEeoplE8X,OHSPORT,canceled,captain,ChIJHeG9fA4X5kcRbGNzVY5Ud5I,48.9672396&2.5670436,2024-03-03T08:00:00.000Z,60,8,public,false,Détente,2,fWnHvBxpLqMj8Fp8965lKOd7RbH3,9,10,0,0,0,0,0
NaxxdRFQM2afafQQSvob,Footbox,canceled,pro,ChIJY-WkusIR5kcR-tEad3UtaSQ,48.9022789&2.582647,2024-03-05T20:00:00.000Z,60,10,public,false,,,QI89VPazyLhBVnWH871jk4BUEZI3,0,10,0,0,0,0,0
Ne961wyGwS4S8qz9b8zl,Stadium Thiais,canceled,captain,ChIJ64X9jzx05kcRsHvSfOv6UcA,48.7511137&2.3715422,2024-03-01T18:30:00.000Z,90,14,public,false,,3,WQ8DBlC1ROcrnpDAc8BSpoFemUj1,7,10,0,0,0,0,0
Nh3ERqkddv6HMkoEwvpl,LE FIVE Marville - La Courneuve,played,captain,ChIJ2dHdMZxr5kcR0aKYHYsp0pY,48.9364404&2.3869147,2024-02-26T19:45:00.000Z,60,,public,false,Compétition,4,TbwwiLoyCOffg0AsJZpqCEmt0qm2,12,12,3,0,0,0,0
NhKu76GvczbnHhMzLTm8,LE FIVE Paris 13,published,pro,ChIJ_bOSChhz5kcRZMTeq_6Gdzg,48.8181615&2.3658793,2024-03-06T22:00:00.000Z,60,10,public,false,,,FjSnzlRFFfhWVWQJGfIEwRc2ZMj2,0,10,0,0,0,0,0
NiAZu6Tl70qPCPRAz4X7,Footbox,canceled,pro,ChIJY-WkusIR5kcR-tEad3UtaSQ,48.9022789&2.582647,2024-03-02T17:00:00.000Z,60,10,public,false,,,QI89VPazyLhBVnWH871jk4BUEZI3,0,10,0,0,0,0,0
NiGYwgGKNOZKZrWGrhxL,STADIUM FOOT 5 VILLAGE,canceled,captain,ChIJbbOWFtC4yRIR0WXVerbWmnE,43.269413&5.4260321,2024-02-29T19:00:00.000Z,60,10,public,false,,3,MKjoGJESIIfNKw5sH93VODBuvLv2,9,10,0,0,0,0,0
NjDEjaUVoc8ydpgmV9P6,Stadium Thiais,published,pro,ChIJ64X9jzx05kcRsHvSfOv6UcA,48.7511024&2.3713455,2024-03-02T18:00:00.000Z,90,15,public,false,,,psf3NmXEPwdCltHKJC7VuvJocrF3,0,10,0,0,0,0,0
NjwOrhDe1FKQcRy7h33T,LE FIVE Paris 18,canceled,captain,ChIJpVT4_n1u5kcRzji6FdTBXXo,48.8978522&2.3700234,2024-02-21T18:30:00.000Z,60,14,public,true,Détente,3,SfZQZ0sG7QflwtNdnZ8Qq3xwctm2,8,10,0,0,0,0,0
NkFd5lq2b2qx5UOsKCbH,Cité des Sports,played,captain,ChIJ70UPf6R75kcRGb3NAV9k7Ww,48.8247744&2.2650728,2024-03-03T10:30:00.000Z,60,12,public,false,,3,FX8nwwdDJIeMHXa62UiqcbWNCwo2,10,10,5,0,0,0,1
NkxAC90AUm0R7gEIxH71,LE PARK Complexe Multisports,canceled,captain,ChIJdUHbID8O5kcRV5lQhiHTvhs,48.8337843&2.5728501,2024-02-22T16:30:00.000Z,90,10,public,false,Compétition,5,55P5dI8hIqhqQ7DhJ9gJ11ESHqr1,4,10,0,0,0,0,2
NmHhdb3tgEJO7Q04n0R7,LE FIVE Bezons,canceled,captain,ChIJ71Mv0Wpk5kcRg-H9x7L-dXo,48.9190524&2.211796,2024-02-21T21:00:00.000Z,60,11,public,true,Détente,1,u2afojOn70Z6CtLWxRQON56EeJb2,5,10,0,0,0,0,0
NpVItb0T5qMX0tZGMdBV,Centre Sportif Maryse Hilsz,played,captain,ChIJgY6iBYxt5kcRHD7TB4jAHV4,48.8520783&2.4128877,2024-02-29T11:15:00.000Z,150,,private,false,Compétition,5,1Fkzl7JONMQgLkuJEFE1meNaqUI2,16,16,2,0,0,0,0
Nqi2wfappXLRPTDB2gZT,Sport dans la Ville Rhône-Alpes,canceled,captain,ChIJoUEDcmvr9EcRILCz6hDCQ2o,45.7811703&4.8081568,2024-02-28T18:30:00.000Z,90,13.5,public,false,Détente,2,wI26BYY3hHOd0qRylT1SYXccJZJ3,4,10,0,0,0,0,0
NtGH9fnAkmHCTl5yjq8Z,FOOT INDOOR Marseille,played,captain,ChIJ41AMCxC8yRIRLHLGt11sc-U,43.2859688&5.4882746,2024-03-02T20:30:00.000Z,90,10,public,false,Détente,3,TqIKxKA383WxJVWJ00l1La5PfaJ3,10,10,0,0,0,0,0
NtcbW9P1ECc3N8XLxWFR,Foot-Max Argenteuil,published,pro,ChIJi9oIzaRm5kcRJYcK7QsdRMU,48.9501632&2.2093946,2024-02-20T16:30:00.000Z,90,12,public,false,,,SuEnyPZ4TgNIkt1yap2yJ3ZHO6p1,0,10,0,0,0,0,0
NuRulnsOQm5AkhRPyWsn,Top Ten,published,pro,ChIJfXprBx4b5kcRmhe-5pLZUek,48.8729106&2.6840919,2024-03-06T21:30:00.000Z,90,16.5,public,false,,,i27253AGxOfXgYJK72sBnvUGuMk2,0,10,0,0,0,0,0
NuXX1PCwiBjrZ0c6lVNM,LE FIVE Morangis,played,captain,ChIJA4uAhOXZ5UcRp-vZXZP-ovY,48.692672&2.3192811,2024-03-03T18:55:00.000Z,90,13,public,false,Détente,2,RgCXRpDNpJQ96At1u5JaA4qxiiT2,10,10,3,0,0,0,1
Nui846Yk1ly014otFtv7,UrbanSoccer - Quai d'Ivry,canceled,captain,ChIJfXxYJ0xy5kcRw9xTkF6-FZQ,48.8199885&2.3936463,2024-03-06T19:45:00.000Z,60,14.5,public,true,Détente,,PlfWgHrVvcSzvXaD92dTJc555Ct2,10,10,0,0,0,0,0
NvEzJgDeLxWQ34qeyyjB,UrbanSoccer - Toulouse Montaudran,published,captain,ChIJl772e0u8rhIR2foRX4Xa2CI,43.574642&1.4801835,2024-02-21T21:30:00.000Z,60,8,public,true,Compétition,2,wy4FSYrnAwRsjUrSWy7b0emBHE33,9,10,0,0,0,0,0
Nw5K4ZzfZz5zFjDZsID5,LE FIVE Créteil,published,pro,ChIJ88lx3VwL5kcRVxCh4lD6_Gk,48.7643086&2.4706522,2024-02-22T16:00:00.000Z,60,7,public,false,,,ZmXMWx7aTdPoPkkGOWa2HIQVblq2,0,10,0,0,0,0,0
NwpIwsB6ItH7FhE5hmC1,UrbanSoccer - Porte d'Aubervilliers,played,captain,ChIJ0dXjDCZs5kcRvX0EpMwxsUY,48.9074912&2.3746518,2024-02-23T20:00:00.000Z,60,14,public,true,Détente,2,HCagDGdQbWggpREaQo3SlCVCDk02,10,10,2,0,0,0,4
NxWiwO8SCJPuqNBn4D5K,Top Ten,published,pro,ChIJfXprBx4b5kcRmhe-5pLZUek,48.8729106&2.6840919,2024-03-07T16:00:00.000Z,90,5,public,false,,,i27253AGxOfXgYJK72sBnvUGuMk2,0,10,0,0,0,0,0
O4AH8Cx53dHxOQwmUlL9,Complexe Sportif Poterne des Peupliers,canceled,captain,ChIJS_Qk0oRx5kcRHn15k91MRMg,48.81971859999999&2.3538563,2024-02-20T11:00:00.000Z,90,,public,false,Détente,2,mYy6ypePJbP1WJzvE9OnLWlclFQ2,14,14,0,0,0,0,7
OB3lHHMD8j5ouuJ9w5y4,UrbanSoccer La Défense,played,captain,ChIJh4rnfVhk5kcRV2Q-ZKdm8vA,48.8996456&2.2216773,2024-03-02T18:30:00.000Z,90,11,public,true,Détente,2,PvDQsexRENaHtU0ljK3p2C1BwKo1,10,10,6,0,0,0,3
OD8bUkUs6ragXslOfIqY,Stadium Thiais,played,pro,ChIJ64X9jzx05kcRsHvSfOv6UcA,48.7511024&2.3713455,2024-03-01T18:00:00.000Z,90,15,public,false,,,psf3NmXEPwdCltHKJC7VuvJocrF3,10,10,2,0,1,0,0
OFU90SVsslpvMh1pJ9OO,Footbox,published,pro,ChIJY-WkusIR5kcR-tEad3UtaSQ,48.9022789&2.582647,2024-02-26T14:00:00.000Z,60,7,public,false,,,QI89VPazyLhBVnWH871jk4BUEZI3,0,10,0,0,0,0,0
OGZBNJmNz42O3jDJDaV3,Mondial Soccer Martigues,canceled,captain,ChIJxSxBZ0rmyRIRD43lI6mPqdE,43.40826250000001&5.0265179,2024-03-07T18:00:00.000Z,60,8.5,public,false,Compétition,3,RZjIP0X67tM4LKY3FF5apu37vKC2,3,10,0,0,0,0,0
OI5tlb0QOlBGJGeADn5c,LE FIVE Bobigny,canceled,captain,ChIJV8UONORs5kcRXxR5Qd7x130,48.901553&2.4313304,2024-03-02T19:15:00.000Z,60,10,public,false,,,edoY0g4FZ4ZUH5YfbSyW88uMpf02,9,10,0,0,0,0,0
OO6dM29CtmSRpV6Trxz5,LE FIVE Villette,canceled,captain,ChIJTUFnQjps5kcR0pHITLTw1PI,48.9070122&2.3861459,2024-02-25T13:30:00.000Z,90,18,public,false,Détente,3,DWKEoBmrEAOwA4Sh09yAggqBJxg1,8,10,0,0,0,0,0
OPUp9voZ36bFEXMPxgXE,Halle Georges Carpentier,played,captain,ChIJnXkSwCty5kcR-nlHXNFQlg4,48.82020139999999&2.3672361,2024-02-26T11:00:00.000Z,120,,public,false,Compétition,3,kRAf444M3RUd6EWIOWpKVKs78SI2,16,16,15,0,0,0,16
OR4DKXP2vTCNalctfply,Parc Sainte Barbe,played,captain,ChIJtw301r5w5kcRvRjidiuAyaw,48.7922897&2.2913469,2024-02-23T13:45:00.000Z,120,,public,false,Détente,4,rzC8A0bd4afb9AWrHKlCPT9461y1,16,16,3,0,0,0,0
OSCWUemh2N1KBw314kMA,LE FIVE Bezons,canceled,pro,ChIJ04KEHBZk5kcRoDWLaMOCCwQ,48.91909&2.2093051,2024-03-04T17:00:00.000Z,60,7,public,false,,,U3MriTZbPbTUEsU6RtRuHxDMKvg2,0,10,0,0,0,0,1
OSGNjQiSH0KlN0L34b8H,Stadium Thiais,published,pro,ChIJ64X9jzx05kcRsHvSfOv6UcA,48.7511024&2.3713455,2024-02-27T11:00:00.000Z,60,7,public,false,,,psf3NmXEPwdCltHKJC7VuvJocrF3,0,10,0,0,0,0,1
OTXJzSCs8lXMn4Kt30eR,Halle Georges Carpentier,canceled,captain,ChIJnXkSwCty5kcR-nlHXNFQlg4,48.82020139999999&2.3672361,2024-03-04T14:15:00.000Z,120,,public,false,Détente,2,8IjJtyz03TerAGLF55u66MxTLKy1,4,16,0,0,0,0,2
OVyC6afbsWOMJVUu5nGd,Stadium Thiais,played,captain,ChIJ64X9jzx05kcRsHvSfOv6UcA,48.7511137&2.3715422,2024-02-21T19:30:00.000Z,90,15,private,false,Détente,2,4RHDQtermHaFhL7qUwROYvMuoIF3,10,10,4,0,0,0,0
OWK6uWJNBDxj38ypaFpj,Stadium Thiais,published,captain,ChIJ64X9jzx05kcRsHvSfOv6UcA,48.7511137&2.3715422,2024-03-05T16:30:00.000Z,90,10,public,false,Détente,3,Dohg1zNvhsbmGrYuAmExKFyjruw2,8,10,0,0,0,0,0
OXUL93E2FTmnaIATzUCg,Footbox,published,pro,ChIJY-WkusIR5kcR-tEad3UtaSQ,48.9022789&2.582647,2024-03-05T22:00:00.000Z,60,10,public,false,,,QI89VPazyLhBVnWH871jk4BUEZI3,0,10,0,0,0,0,0
OXhaoYvKHHNNjkc7mJxe,Foot POWER 5,canceled,pro,ChIJuTCIFshm5kcRBtEQJ76dAzc,48.960066&2.2061913,2024-02-21T21:30:00.000Z,90,7,public,false,,,sss3dYi6nzWd7rEjwcQ30LGKudj1,0,10,0,0,0,0,0
OYeQXqR16Ntalqyb2xg9,LE FIVE Paris 18,canceled,captain,ChIJpVT4_n1u5kcRzji6FdTBXXo,48.8978522&2.3700234,2024-02-22T17:00:00.000Z,60,14,public,true,Détente,3,XpcqnQFga1eIrmtAAHQTZdL6WJO2,7,10,0,0,0,0,0
OZqKm0015c2sZU9gIS39,Events Five,played,captain,ChIJf8cSCJG5rhIRoQadPH-wW1U,43.5399703&1.3922897,2024-02-21T19:00:00.000Z,60,9,public,false,Détente,3,kVyaXWV4MbXOhkS18nTiduhfbai1,10,10,0,1,1,1,0
OaCFWuQKGEH2mEPS14tu,UrbanSoccer - Asnières,played,captain,ChIJi5LkLT9v5kcRSlhScqEFNWs,48.92192379999999&2.3068311,2024-03-01T18:00:00.000Z,90,16,public,true,Détente,2,2CvT6T4CjuZaWrslV1KHUaBP7E23,10,10,1,0,0,0,2
OcEvxCoxuQFVMH8FTXgV,UrbanSoccer - Lille Bondues,played,captain,ChIJ58ZerMgrw0cR2Jyp7tZjBn4,50.6913774&3.0860264,2024-03-06T17:15:00.000Z,60,9,public,true,Détente,2,3wEPeCCvotfyvriyeuRqpdLGMkh2,10,10,3,0,0,0,0
Ocb7JTIONd6DBxT8316B,Firefoot,canceled,captain,ChIJ0zSROfj15kcR4l0wrCcYPMk,49.0275342&2.1040185,2024-03-03T17:00:00.000Z,90,18,public,false,Détente,3,4oAr94gQEIaVQA4PocOMkXOgY7u2,9,10,0,0,0,0,0
OekWHs2FiHPGZyqGiGiZ,Stadium Thiais,published,pro,ChIJ64X9jzx05kcRsHvSfOv6UcA,48.7511024&2.3713455,2024-02-29T14:00:00.000Z,90,8,public,false,,,psf3NmXEPwdCltHKJC7VuvJocrF3,0,10,0,0,0,0,1
OhY6uT9QZoycwgVaql4m,LE FIVE Paris 18,played,pro,ChIJpVT4_n1u5kcRzji6FdTBXXo,48.8978522&2.3700234,2024-02-20T21:20:00.000Z,90,10,public,false,,,UQf33jQhVZhle917nO0h7D5qclV2,10,10,7,0,0,0,5
OkXGFJ8AIBZNDbWAhAoC,Stadium Thiais,published,pro,ChIJ64X9jzx05kcRsHvSfOv6UcA,48.7511024&2.3713455,2024-02-25T13:30:00.000Z,90,15,public,false,,,psf3NmXEPwdCltHKJC7VuvJocrF3,0,10,0,0,0,0,0
Okik0WAfDnqtn6XQYIyv,LE FIVE Sarcelles,played,captain,ChIJ6_q3Fxhq5kcRCpoEwnoXX1Q,48.99782219999999&2.3902225,2024-02-25T19:30:00.000Z,90,10,public,false,Détente,5,m9EiuBHnOkeZJFdrBnZQZ67Azap2,10,10,3,0,0,0,3
OljdA4hyUtzEgi2HR47D,Footbox,published,pro,ChIJY-WkusIR5kcR-tEad3UtaSQ,48.9022789&2.582647,2024-02-26T20:00:00.000Z,60,10,public,false,,,QI89VPazyLhBVnWH871jk4BUEZI3,0,10,0,0,0,0,0
Orcv4gzMrc8bsPwqquyG,LE FIVE Bezons,played,pro,ChIJ04KEHBZk5kcRoDWLaMOCCwQ,48.91909&2.2093051,2024-03-04T21:00:00.000Z,90,14,public,false,,,U3MriTZbPbTUEsU6RtRuHxDMKvg2,10,10,10,0,1,0,3
OsZ92RFg0crPsZDIl2zW,Footbox,published,pro,ChIJY-WkusIR5kcR-tEad3UtaSQ,48.9022789&2.582647,2024-02-24T14:00:00.000Z,60,10,public,false,,,QI89VPazyLhBVnWH871jk4BUEZI3,0,10,0,0,0,0,0
OtWIBrspWoCUKj7jESn8,LE FIVE Bezons,published,pro,ChIJ04KEHBZk5kcRoDWLaMOCCwQ,48.91909&2.2093051,2024-02-27T17:00:00.000Z,60,7,public,false,,,U3MriTZbPbTUEsU6RtRuHxDMKvg2,9,10,0,0,0,0,3
Ou0A1F0KnpcnmOgy4Dtl,LE FIVE Montreuil,published,pro,ChIJJdTQjr0T5kcRZmGxtIJVy44,48.8613036&2.4653095,2024-03-01T22:00:00.000Z,60,8,public,false,,,u9uC1vjdcdQ3UqNxI0SiFxor0m43,0,10,0,0,0,0,0
Ou4N5cO0OXpInhV6IyX5,F5 Foot Five,canceled,captain,ChIJjUbM5G7A9EcRW3mlkrhyXxY,45.7857911&4.905926399999999,2024-03-06T18:30:00.000Z,60,10,public,false,Détente,2,IVJrAOET89XatlU0xdIIfZqApmO2,10,10,0,0,0,0,0
OvX4eBtFz2fgnL1io8dc,UrbanSoccer - Marne-La-Vallée,played,captain,ChIJ6bDBiosP5kcROXiloHzSdhc,48.82658600000001&2.6296937,2024-03-03T11:30:00.000Z,90,12,public,true,Détente,2,5RZCeCcAdWh3cZGKj8uebbbKZ7B2,10,10,1,0,0,0,0
OxlU05YyV9cayrCRD1QE,UrbanSoccer Meudon,canceled,captain,ChIJ0WKvjbh75kcRoqSmyWwW2jQ,48.80013599999999&2.2140811,2024-03-02T16:30:00.000Z,90,8,public,true,Détente,3,xMzNdgYOIjaGbC99oNjyAebowx53,9,10,0,0,0,0,0
OymeJSBb2vyxfH50SRmz,Urban Football Meudon,played,captain,ChIJFeLBC2N75kcRyM1mlEZ3HjM,48.7983594&2.2102561,2024-02-28T19:30:00.000Z,90,16,public,false,Détente,3,mXuIgrdnzeMmSShHhzhN8rghn4n2,14,14,1,0,0,0,0
Oz3hABpNNHlqbgBO26de,UrbanSoccer - Lille Lezennes,canceled,captain,ChIJR3ro5nTWwkcRfM_S3Be9HjI,50.6162725&3.0998108,2024-02-27T20:45:00.000Z,60,5,public,true,Détente,3,g0yEoXByY9Nk3Vva2fLzJmkqOg92,5,10,0,0,0,0,0
OzOj5eQE4ZqK9NUktMcw,UrbanSoccer - Puteaux,played,captain,ChIJM_sC0-Nk5kcRhL1y_EFIje8,48.8836397&2.2312283,2024-02-24T12:00:00.000Z,60,13.5,public,true,Détente,2,qgSADfvrIHczE1QtuDhlVnrASB83,10,10,3,1,1,0,1
P0iFnD52mIniRG052dsh,UrbanSoccer - Asnières,published,captain,ChIJi5LkLT9v5kcRSlhScqEFNWs,48.92192379999999&2.3068311,2024-03-04T18:00:00.000Z,60,12,private,true,Détente,,OXyJhafPSKVW9ggbkUeIZMNzqA72,1,10,0,0,0,0,0
P2BPR8L0ZRSwxkelskDI,LE FIVE Paris 17,played,captain,,48.900032&2.3213449,2024-02-25T16:00:00.000Z,60,12,public,true,Détente,2,HiuNV4zhzthdHGSgBGtdhHeJVgP2,10,10,1,0,0,0,0
P4FBTI3b17h1mrEeJmiY,Stade Jacques Lenoble,published,captain,ChIJoWAxwG9j5kcRyILHJ9xQVBs,48.8883428&2.1772335,2024-03-03T08:30:00.000Z,120,,public,false,Détente,4,mNXLsAJto1efHwO8PYgRmnyhAa93,11,12,0,0,0,0,0
P6LVb8yvZXxmtvgFN646,UrbanSoccer - Puteaux,played,captain,,48.8836397&2.2312283,2024-03-06T11:00:00.000Z,90,18,public,true,Détente,3,zxskq5cgQ3ObDNeWMUn5lVUNVr13,10,10,0,0,0,0,3
P8UC1a3WhBvkimaS9DDw,LE FIVE Paris 13,canceled,pro,ChIJ_bOSChhz5kcRZMTeq_6Gdzg,48.8181615&2.3658793,2024-02-24T17:00:00.000Z,60,10,public,false,,,FjSnzlRFFfhWVWQJGfIEwRc2ZMj2,0,10,0,0,0,0,0
P9oM2e7TQ4gSdSsXeOhe,UrbanSoccer - Puteaux,published,captain,ChIJM_sC0-Nk5kcRhL1y_EFIje8,48.8836397&2.2312283,2024-03-05T19:00:00.000Z,60,14,public,true,Compétition,4,zx15E8kqOyMIfe9kE6wecnEydcu2,9,10,0,0,0,0,0
PDRsbyforceN7StJkGtb,Footbox,published,pro,ChIJY-WkusIR5kcR-tEad3UtaSQ,48.9022789&2.582647,2024-02-21T21:00:00.000Z,60,10,public,false,,,QI89VPazyLhBVnWH871jk4BUEZI3,0,10,0,0,0,0,0
PEB3hP7cvbLvE7MZCHuM,LE FIVE Bezons,canceled,pro,ChIJ04KEHBZk5kcRoDWLaMOCCwQ,48.91909&2.2093051,2024-02-25T19:00:00.000Z,90,15,public,false,,,U3MriTZbPbTUEsU6RtRuHxDMKvg2,4,10,0,0,0,0,2
PGTWjvvXVv61diK1nCTm,LE FIVE Paris 17,played,captain,ChIJ7eI8sFNv5kcR5xy52Wc57NU,48.900032&2.3213449,2024-02-23T19:00:00.000Z,60,12,public,true,Détente,2,OnI7Uk2E3eSZaX8rpR8FysJa9op2,10,10,3,0,0,0,1
PIVno3H7lGHp0L7tZhWX,LE FIVE Bobigny,published,captain,ChIJV8UONORs5kcRXxR5Qd7x130,48.901553&2.4313304,2024-02-25T16:00:00.000Z,90,15,private,false,,2,moW7vLn86OPktsoVNfIo9hWv5Eb2,9,10,0,0,0,0,0
PJJDjfNmLRKHQ3gqhabe,Stadium Thiais,played,pro,ChIJ64X9jzx05kcRsHvSfOv6UcA,48.7511024&2.3713455,2024-03-02T10:30:00.000Z,90,12,public,false,,,psf3NmXEPwdCltHKJC7VuvJocrF3,10,10,6,0,0,0,2
PJrrrR9NN0wM3XOBiU3P,Stadium Thiais,canceled,captain,ChIJ64X9jzx05kcRsHvSfOv6UcA,48.7511137&2.3715422,2024-03-06T18:30:00.000Z,90,15,public,false,Détente,1,HxDNucEFQlPaVKgA2LY1qWUpCP53,8,10,0,0,0,0,0
PKfpzXxKCvOVcwBCzovr,LE FIVE Paris 18,published,captain,ChIJpVT4_n1u5kcRzji6FdTBXXo,48.8978522&2.3700234,2024-02-22T10:15:00.000Z,120,5,public,true,Compétition,3,c6llGGr5oTUJ6Vhl4HevktjACT63,7,10,0,0,0,0,0
PLdw9Zg3F51VkLY7IFQy,FOOT INDOOR Marseille,canceled,captain,ChIJ41AMCxC8yRIRLHLGt11sc-U,43.2859688&5.4882746,2024-02-20T20:30:00.000Z,60,10,public,false,Détente,2,nLmA8QYUsgNiCKeh5OaUwraMdxv2,8,10,0,0,0,0,0
PLz9pKopCXhBpJeCt7tZ,B14 - Sports et Loisirs Indoor,played,captain,ChIJaeLKMYXe5UcRHyWJ8X8FaPA,48.62229&2.3800445,2024-02-21T19:30:00.000Z,90,13.5,public,false,Compétition,4,wRVBt3qEIQX7KuxIR4eAv4Qco6w1,10,10,1,0,0,0,0
PM2hdCrw1vXdR0k6nBEG,LE FIVE Paris 18,canceled,captain,ChIJpVT4_n1u5kcRzji6FdTBXXo,48.8978522&2.3700234,2024-02-21T20:00:00.000Z,90,21,public,true,Compétition,3,wkY2e3LRJbUypvRW76okOU7awV03,9,10,0,0,0,0,0
PM53d5roHmQzfp0n8QQW,Top Ten,canceled,captain,ChIJfXprBx4b5kcRmhe-5pLZUek,48.8729106&2.6840919,2024-03-03T18:00:00.000Z,60,10,private,false,Détente,3,4M0b363larVnI1tHLYheqQmcgwy2,1,10,0,0,0,0,0
POKTcfzmsYrQ5WtMEflS,Stadium Thiais,published,pro,ChIJ64X9jzx05kcRsHvSfOv6UcA,48.7511024&2.3713455,2024-02-26T18:30:00.000Z,90,15,public,false,,,psf3NmXEPwdCltHKJC7VuvJocrF3,0,10,0,0,0,0,1
PSg2K7NHr1FB46ypEsfN,LE FIVE Champigny,played,captain,ChIJsXi1PLYN5kcRTVVDuczgS2s,48.8194084&2.5251846,2024-03-06T19:30:00.000Z,90,16.5,public,false,Détente,3,qtdTYSK768dpfb8fbCsZBATJT6J3,10,10,2,0,0,0,3
PTfC2zGrTZAd9zK5QFwN,Stadium Thiais,published,pro,ChIJ64X9jzx05kcRsHvSfOv6UcA,48.7511024&2.3713455,2024-02-23T11:00:00.000Z,60,7,public,false,,,psf3NmXEPwdCltHKJC7VuvJocrF3,0,10,0,0,0,0,0
PU4H44Juwi7n6bdj5WV5,LE FIVE Paris 18,played,captain,ChIJpVT4_n1u5kcRzji6FdTBXXo,48.8978522&2.3700234,2024-03-01T21:30:00.000Z,90,7.5,public,true,Détente,3,9ioULcjTwAfkuaInxEcvynZTcPb2,10,10,1,0,0,0,3
PUSqnRgRqLLTKbiyi9yE,Monclub Futbol,published,pro,ChIJGbxxaamUyRIRgGvhHnhJStA,43.4299152&5.4001974,2024-03-02T15:30:00.000Z,90,12,public,false,,,CSTy9rmJRQSyWlqWuGiUhGpAGqf2,0,10,0,0,0,0,0
PVsyJ8l9iEhZjMUj4ruI,Stade Georges Carpentier,canceled,captain,ChIJDcRAPQZz5kcRRfIYvk9rvQQ,48.8190383&2.3661251,2024-02-27T14:30:00.000Z,90,,public,false,Détente,4,JU3C6gIW2VYYc16aanhgp5xx9Gi2,3,16,0,0,0,0,1
PW5tHs1RKeinX3b0b3Xn,LE FIVE Sarcelles,played,captain,ChIJ6_q3Fxhq5kcRCpoEwnoXX1Q,48.99782219999999&2.3902225,2024-03-06T19:30:00.000Z,90,13,public,false,Détente,3,7zqwIqCe79UpNd8UOOgZeeFEGHg2,10,10,4,0,0,0,1
PXYyEyw0Vr5JkD0R7qwi,Stadium Thiais,played,pro,ChIJ64X9jzx05kcRsHvSfOv6UcA,48.7511024&2.3713455,2024-02-28T14:00:00.000Z,90,8,public,false,,,psf3NmXEPwdCltHKJC7VuvJocrF3,10,10,7,0,0,0,4
PY5oAXpzJlkux0r4NwEP,Classico Foot,published,captain,ChIJFV442oCxrhIRgsZy5aIbkNs,43.5945434&1.2911399,2024-02-22T19:30:00.000Z,60,8,public,false,Compétition,3,1ZYZDZ2TV5doCKQ610CkiGN0K9R2,9,10,0,0,0,0,0
PZ5ORF8ttKUuRwIBkpoB,Footbox,published,pro,ChIJY-WkusIR5kcR-tEad3UtaSQ,48.9022789&2.582647,2024-02-24T22:00:00.000Z,60,10,public,false,,,QI89VPazyLhBVnWH871jk4BUEZI3,1,10,0,0,0,0,0
PZBwoUF3l5ytfotvhEiR,Stadium Thiais,played,captain,ChIJ64X9jzx05kcRsHvSfOv6UcA,48.7511137&2.3715422,2024-02-21T18:30:00.000Z,90,15,public,false,,3,qsKXCOmO16PUGSORL48ZZB6JiJD2,12,12,3,0,0,0,2
PdWmgcDbQksy6Ek7PIaA,UrbanSoccer - Porte d'Aubervilliers,played,captain,ChIJ0dXjDCZs5kcRvX0EpMwxsUY,48.9074912&2.3746518,2024-02-22T17:45:00.000Z,60,13,public,true,Détente,3,PwekmI0HY8eUJaIdRR8AMKr6d203,10,10,1,0,0,0,1
PgdOnRRYLhI8nLW3VMmF,LE FIVE Paris 18,played,pro,ChIJpVT4_n1u5kcRzji6FdTBXXo,48.8978522&2.3700234,2024-03-05T16:00:00.000Z,60,5,public,false,,,UQf33jQhVZhle917nO0h7D5qclV2,10,10,10,0,0,2,4
PgqutgdLr6vry3rG4bsl,LE FIVE Paris 18,published,pro,ChIJpVT4_n1u5kcRzji6FdTBXXo,48.8978522&2.3700234,2024-03-02T08:30:00.000Z,90,10,public,false,,,UQf33jQhVZhle917nO0h7D5qclV2,9,10,0,0,0,0,8
Pgs4Kjl22zxhPImabMqU,UrbanSoccer - Puteaux,canceled,captain,ChIJM_sC0-Nk5kcRhL1y_EFIje8,48.8836397&2.2312283,2024-02-24T18:00:00.000Z,120,10,public,true,Compétition,,12zH327GP6M0eKl8lMsoXXFV7oV2,12,12,0,0,0,0,0
Pgzkuak1a1lg94iDkOFD,Urban Soccer,canceled,captain,ChIJQa9SIC3v9EcR6KzO4cOApok,45.6833208&4.7719325,2024-02-20T18:10:00.000Z,60,10.5,public,true,Détente,,0WcCkuTTcxP66inmNCdYT6XB1zR2,9,10,0,0,0,0,0
PhiASiGQ5dGpn2rTRia7,Foot POWER 5,canceled,pro,ChIJuTCIFshm5kcRBtEQJ76dAzc,48.960066&2.2061913,2024-02-21T17:00:00.000Z,90,5,public,false,,,sss3dYi6nzWd7rEjwcQ30LGKudj1,0,10,0,0,0,0,0
PhnlELZdT0L23Sti7hpp,Foot-Max Argenteuil,published,pro,ChIJi9oIzaRm5kcRJYcK7QsdRMU,48.9501632&2.2093946,2024-03-07T19:00:00.000Z,60,8,public,false,,,SuEnyPZ4TgNIkt1yap2yJ3ZHO6p1,0,10,0,0,0,0,0
PipB962g1FG1zn7H4pWe,Parc des Sports du Segrais,canceled,captain,ChIJ8bNaLq8F5kcREfqqOhsFDnk,48.8343265&2.6488423,2024-02-25T10:30:00.000Z,120,,public,false,Compétition,4,c7NA7X0rrwOox71oD2M0nq0iYh23,1,16,0,0,0,0,0
PjrQrKY5CqR6kJGoigkW,Stadium Thiais,played,pro,ChIJ64X9jzx05kcRsHvSfOv6UcA,48.7511024&2.3713455,2024-02-23T18:00:00.000Z,90,15,public,false,,,psf3NmXEPwdCltHKJC7VuvJocrF3,10,10,7,0,0,0,1
PkPEOryaAE9W8kcaIYiK,LE FIVE Villette,canceled,captain,ChIJTUFnQjps5kcR0pHITLTw1PI,48.9070122&2.3861459,2024-02-27T10:00:00.000Z,90,10.5,public,false,Détente,2,s5qobJ4lXHdzhsksQ2gaZoZyc0x2,10,10,0,0,0,0,0
PkXkatXoCBNJqhzbhytE,LE FIVE Marville - La Courneuve,played,captain,ChIJ2dHdMZxr5kcR0aKYHYsp0pY,48.9364404&2.3869147,2024-02-22T18:30:00.000Z,90,8,public,false,Détente,3,AX0UGGRpJEPcXPp7yQl77M4HaK93,10,10,5,0,0,0,3
Pl5XA39ltj8Eou34Fzko,Footbox,canceled,pro,ChIJY-WkusIR5kcR-tEad3UtaSQ,48.9022789&2.582647,2024-03-05T18:00:00.000Z,60,10,public,false,,,QI89VPazyLhBVnWH871jk4BUEZI3,0,10,0,0,0,0,0
PnxaM9b9KTnmeTx5ZMEN,LE FIVE Villette,played,captain,ChIJTUFnQjps5kcR0pHITLTw1PI,48.9070122&2.3861459,2024-03-04T21:00:00.000Z,120,17,public,false,Détente,2,jehfTU6R89SENFYpSJL9dOkX57C3,10,10,3,0,0,0,1
PoHfDvVzyKEvRdPuIkCV,UrbanSoccer - Toulouse Sept Deniers,canceled,captain,ChIJk5nUBdOkrhIRP-1aUJzo-lA,43.6321552&1.411696,2024-02-25T17:30:00.000Z,60,9,public,true,Détente,,X8HBrsdKMnQfqfukysx17h01UZp1,4,10,0,0,0,0,0
Pob5CeZxtEmUR7Czk7Kg,LE FIVE Paris 18,played,captain,ChIJpVT4_n1u5kcRzji6FdTBXXo,48.8978522&2.3700234,2024-02-26T18:00:00.000Z,60,,public,true,Détente,2,O1cw63huUZUzvBVXVfRjnKLWXch2,10,10,2,0,0,0,3
Pq8WVBUVDqT6MFpMxE85,UrbanSoccer - Quai d'Ivry,canceled,captain,ChIJfXxYJ0xy5kcRw9xTkF6-FZQ,48.8199885&2.3936463,2024-02-27T18:00:00.000Z,60,13,public,true,Détente,3,C1EhxsgtuWZXEdCgOj7jVKFwRaF2,10,10,0,0,0,0,1
PqH6yc38568xvO1sMyCh,Stadium Thiais,published,pro,ChIJ64X9jzx05kcRsHvSfOv6UcA,48.7511024&2.3713455,2024-03-07T18:00:00.000Z,90,15,public,false,,,psf3NmXEPwdCltHKJC7VuvJocrF3,0,10,0,0,0,0,0
PqIm0s0SBRyHuhTJFslr,UrbanSoccer - Quai d'Ivry,played,captain,ChIJfXxYJ0xy5kcRw9xTkF6-FZQ,48.8199885&2.3936463,2024-03-03T19:00:00.000Z,60,13,public,true,Détente,2,jKhXOQiGUGh6REgvkfID4sAYmyW2,10,10,3,0,0,0,0
PqOvgLoXlYYHbHxYkXJq,LE FIVE Créteil,published,pro,ChIJ88lx3VwL5kcRVxCh4lD6_Gk,48.7643086&2.4706522,2024-02-27T16:00:00.000Z,60,7,public,false,,,ZmXMWx7aTdPoPkkGOWa2HIQVblq2,0,10,0,0,0,0,0
PqYA2281WbBHCMNN9OSg,LE FIVE Bobigny,published,captain,ChIJV8UONORs5kcRXxR5Qd7x130,48.901553&2.4313304,2024-02-25T15:50:00.000Z,30,15,private,false,Détente,3,moW7vLn86OPktsoVNfIo9hWv5Eb2,9,10,0,0,0,0,2
PrRYieZKwTlnWzLIAju1,Monclub Futbol,played,captain,ChIJGbxxaamUyRIRgGvhHnhJStA,43.4299152&5.4001974,2024-02-26T19:00:00.000Z,60,10,public,false,Détente,3,T2QG662V9Ta7lQrXxzHChQsGOFZ2,10,10,2,0,0,0,0
PsFJtsXVMjc7dUvP0OcV,LE FIVE Villette,played,captain,ChIJTUFnQjps5kcR0pHITLTw1PI,48.9070122&2.3861459,2024-02-21T20:00:00.000Z,60,12,public,false,,4,IwsUsKzy8ggpgnNhqNE8V86pHH52,10,10,2,0,0,0,0
PsUkENWHkerISShMQjgM,UrbanSoccer - Quai d'Ivry,canceled,captain,ChIJfXxYJ0xy5kcRw9xTkF6-FZQ,48.8199885&2.3936463,2024-02-20T18:00:00.000Z,60,13,public,true,Compétition,4,saJMvRqtoQXoojkvOdesIuhDfb93,9,10,0,0,0,0,0
PuZTZMeVgjSyGbImMS5E,UrbanSoccer Evry,played,captain,ChIJW0Ut1G7e5UcRt621n2fRQ5M,48.6286849&2.4066366,2024-02-22T19:30:00.000Z,90,16.5,public,true,Compétition,3,Xsvh0aZCjPdJofHP16INir1yaen2,10,10,1,0,0,0,0
PucTXmOrA8RRNN4pHvoj,Foot POWER 5,canceled,pro,ChIJuTCIFshm5kcRBtEQJ76dAzc,48.960066&2.2061913,2024-03-06T17:00:00.000Z,90,5,public,false,,,sss3dYi6nzWd7rEjwcQ30LGKudj1,0,10,0,0,0,0,0
PwS2yJjzaV96V94k24S4,Top Ten,canceled,pro,ChIJfXprBx4b5kcRmhe-5pLZUek,48.8729106&2.6840919,2024-02-24T22:00:00.000Z,90,15,public,false,,,i27253AGxOfXgYJK72sBnvUGuMk2,0,10,0,0,0,0,0
PwaydWsY6cTl1qU1t1nv,LE FIVE Montreuil,published,pro,ChIJJdTQjr0T5kcRZmGxtIJVy44,48.8613036&2.4653095,2024-02-26T22:00:00.000Z,60,8,public,false,,,u9uC1vjdcdQ3UqNxI0SiFxor0m43,0,10,0,0,0,0,0
Pyu6nKtyJetUBDO0vVZC,UrbanSoccer Evry,played,captain,ChIJW0Ut1G7e5UcRt621n2fRQ5M,48.6286849&2.4066366,2024-02-24T17:15:00.000Z,90,13.5,public,true,Détente,3,FBrRwiYQvjbd6UeXKISPFhhsK4a2,10,10,2,0,0,0,0
Pz5idenYPIUGn9z8j7I4,Play Soccer,played,captain,ChIJQ-UxZn-5rhIRKWoQydM5T9s,43.5512023&1.4098927,2024-03-07T21:00:00.000Z,60,9,public,false,Détente,3,8LtkeOuZHeePxfkXdNPmQSr7V9L2,10,10,8,0,0,0,0
PzoYBzgQ3M5PXpVvLT9w,Play Soccer,published,captain,ChIJQ-UxZn-5rhIRKWoQydM5T9s,43.5512023&1.4098927,2024-02-26T18:00:00.000Z,60,10,public,false,,,8LtkeOuZHeePxfkXdNPmQSr7V9L2,9,10,0,0,0,0,0
Q0sejaLZmKRoZusBrNzG,UrbanSoccer La Défense,played,captain,ChIJh4rnfVhk5kcRV2Q-ZKdm8vA,48.8996456&2.2216773,2024-02-26T17:00:00.000Z,60,12.5,public,true,Détente,3,WmEIitt9Uwg5axn6vQTP95QfodX2,10,10,3,0,0,0,0
Q4O4mKQlz4Yqz4tsu7ck,UrbanSoccer - Puteaux,canceled,captain,ChIJM_sC0-Nk5kcRhL1y_EFIje8,48.8836397&2.2312283,2024-02-29T11:00:00.000Z,60,11,private,true,Détente,3,WQ5S4tuh8AhHhITkAMce3yq8gRm2,1,10,0,0,0,0,0
Q6Tyza4i7bIbtE08hXIa,LE FIVE Paris 17,published,pro,ChIJ7eI8sFNv5kcR5xy52Wc57NU,48.900032&2.3213449,2024-02-28T16:00:00.000Z,60,5,public,false,,,V6mqbc9C8FNa1RQlUupjeoqOsZL2,9,10,0,0,0,0,1
Q6nbkeizpAKootL7IfTp,LE FIVE Bezons,canceled,pro,ChIJ04KEHBZk5kcRoDWLaMOCCwQ,48.91909&2.2093051,2024-02-29T17:00:00.000Z,60,7,public,false,,,U3MriTZbPbTUEsU6RtRuHxDMKvg2,3,10,0,0,0,0,3
Q6xdOCSSWrluUWTYXTCz,UrbanSoccer - Lille Lezennes,played,captain,ChIJR3ro5nTWwkcRfM_S3Be9HjI,50.6162725&3.0998108,2024-03-03T17:00:00.000Z,60,9.5,public,true,Compétition,3,4nesmp6e1nMoe4LkhXUygD1NDY13,10,10,0,0,0,0,0
Q7FZ8MkgHRyvk7AsTCUo,UrbanSoccer La Défense,played,captain,ChIJh4rnfVhk5kcRV2Q-ZKdm8vA,48.8996456&2.2216773,2024-02-28T11:30:00.000Z,60,12,public,true,Détente,2,4zfvh8XIAUhMRxy0K8zDD8rB0MG2,10,10,2,0,0,0,0
QABPhlQuDOJc28pAXX8C,UrbanSoccer La Défense,played,captain,ChIJh4rnfVhk5kcRV2Q-ZKdm8vA,48.8996456&2.2216773,2024-02-28T11:00:00.000Z,60,12,public,true,Détente,2,2y6CLYdsY3chznmG0pfK2osxqfJ2,10,10,0,0,0,0,0
QCpODGM8sKWutry2fg0G,Top Ten,published,pro,ChIJfXprBx4b5kcRmhe-5pLZUek,48.8729106&2.6840919,2024-02-28T17:30:00.000Z,90,16.5,public,false,,,i27253AGxOfXgYJK72sBnvUGuMk2,0,10,0,0,0,0,0
QDBAGzrpx5prIDBtN2Go,GOPARK INTERIEUR - Paintball et trampolines parc,played,captain,ChIJ2cJmdhf15kcRQ4mUOxIVzd0,49.045624&2.0799886,2024-03-04T18:30:00.000Z,90,15,public,false,Compétition,,En6XZ2uE6nPVrBEBaB0b3Jsfxgi1,10,10,1,0,0,0,1
QEgXfASW3n0QFy6bzL0q,LE FIVE Villette,canceled,captain,ChIJTUFnQjps5kcR0pHITLTw1PI,48.9070122&2.3861459,2024-02-28T19:30:00.000Z,60,12,public,false,Competition,2,auFHwaOAAkcXfX0HCdWuGOST9862,5,10,0,0,0,0,0
QJc5T3PsiJ0utTVUvOFM,UrbanSoccer - Lille Bondues,canceled,captain,ChIJ58ZerMgrw0cR2Jyp7tZjBn4,50.6913774&3.0860264,2024-02-24T13:00:00.000Z,60,10,public,true,Détente,2,rGhEcKmjOHgdYVM1t8wt8FOvCHz2,10,10,0,0,0,0,0
QKsDrG0DNHqcQL6vk97B,LE FIVE Champigny,played,captain,ChIJsXi1PLYN5kcRTVVDuczgS2s,48.8194084&2.5251846,2024-02-26T18:00:00.000Z,90,16,public,false,Détente,2,wnIJTk2XWRX4GUZ6khj0TPeMOv12,10,10,5,0,0,0,0
QLvTJddC8hktNEvL9qed,UrbanSoccer Meudon,played,captain,ChIJ0WKvjbh75kcRoqSmyWwW2jQ,48.80013599999999&2.2140811,2024-02-25T15:45:00.000Z,60,13.5,public,true,Détente,3,bfmB6C87zGhihR4MKVxS4HwNXhL2,10,10,1,0,0,0,1
QMum2Uy0FCGKTAdyluwt,Parc des Sports Pierre Bourdan,canceled,captain,ChIJC3W_rdDq9EcRt0WohePkN2w,45.7932624&4.839739700000001,2024-03-03T09:00:00.000Z,120,,public,false,Détente,3,YnKrswmpQaRBkGKXp9RyyigbphC3,9,16,0,0,0,0,0
QOmGJZDCJZNLtXCCMPZT,UrbanSoccer La Défense,played,captain,ChIJh4rnfVhk5kcRV2Q-ZKdm8vA,48.8996456&2.2216773,2024-03-03T15:40:00.000Z,90,21.75,public,true,Détente,3,A2b4kZx4w8X6wS7AZojSj2wGsJ22,10,10,1,0,0,0,0
QPPpBXVQVkO6hpll8oFl,Stadium Thiais,played,captain,ChIJ64X9jzx05kcRsHvSfOv6UcA,48.7511137&2.3715422,2024-03-07T19:30:00.000Z,90,15,public,false,Détente,3,r8V1uV2R5xgbq6icEtFLuVLn0VS2,10,10,0,0,0,0,0
QSokBItPaqrGDU6tJ8Vp,LE FIVE Carrières-sous-Poissy,canceled,captain,ChIJ9T4fWfyL5kcRCBX-FyZLvEE,48.9468171&2.0230552,2024-03-04T19:30:00.000Z,90,13,public,false,,5,T3MXqcHK9jTOVl5qDb6YLQV5V8R2,3,10,0,0,0,0,0
QU3N0THWi18fEW68GyLk,LE FIVE Paris 13,played,captain,ChIJ_bOSChhz5kcRZMTeq_6Gdzg,48.8181615&2.3658793,2024-02-23T20:30:00.000Z,60,14,public,true,Détente,4,OSQT5gb0Z5ZECKUkDBdExpQsTAt1,10,10,0,0,0,0,3
QUvql61FZ0QqedhYmH14,LE FIVE Paris 17,played,captain,ChIJ7eI8sFNv5kcR5xy52Wc57NU,48.900032&2.3213449,2024-02-28T20:00:00.000Z,60,12,public,true,Détente,3,8o5oqgn0DeM4IafqhBNtzLGpCtk2,10,10,4,0,0,0,2
QVRZJpWXpDp5nkXBdx5X,LE FIVE Créteil,published,pro,ChIJ88lx3VwL5kcRVxCh4lD6_Gk,48.7643086&2.4706522,2024-02-28T16:00:00.000Z,60,7,public,false,,,ZmXMWx7aTdPoPkkGOWa2HIQVblq2,1,10,0,0,0,0,1
QX1g1sx3mJhVlJtZNWuz,UrbanSoccer - Quai d'Ivry,published,captain,ChIJfXxYJ0xy5kcRw9xTkF6-FZQ,48.8199885&2.3936463,2024-02-27T17:30:00.000Z,60,11,public,true,Détente,2,Y4kc9OV9mLRRmsDoDIPOoryWnDn2,8,10,0,0,0,0,0
QXx9LUNlzNznbhpHN7xp,UrbanSoccer - Asnières,played,captain,ChIJi5LkLT9v5kcRSlhScqEFNWs,48.92192379999999&2.3068311,2024-03-06T19:00:00.000Z,60,12,public,true,Détente,2,PNBBR43n3aY5pq3Q9t8WztZu7E13,10,10,3,0,0,0,0
QXyOKuvq5jj65p9SvnBT,UrbanSoccer La Défense,played,captain,ChIJh4rnfVhk5kcRV2Q-ZKdm8vA,48.8996456&2.2216773,2024-02-27T20:00:00.000Z,60,14.5,public,true,Détente,2,9Gg7MuwiWXSy61Q7UhfleApyv5v1,10,10,3,0,0,0,1
QYckXKiSDmVMcFgQEhSK,Footsal Cousinerie,played,captain,ChIJXQyb1d8pw0cRLO_Ed5xHTIQ,50.6440829&3.1459612,2024-02-21T18:30:00.000Z,60,9.5,public,false,Détente,2,Qx9IRNgl0wPDYVR2z7b3tdEOxem1,10,10,0,0,0,0,0
QZGEFCehpUUqDg8Z3iWK,LE FIVE Bobigny,published,pro,ChIJV8UONORs5kcRXxR5Qd7x130,48.901553&2.4313304,2024-02-27T22:00:00.000Z,60,8,public,false,,,4owi3i7t8EOvFNF6UQvACOpiDRy1,1,10,0,0,0,0,1
QaIVq9Cr2amaejpdqrj0,UrbanSoccer - Quai d'Ivry,canceled,captain,ChIJfXxYJ0xy5kcRw9xTkF6-FZQ,48.8199885&2.3936463,2024-03-07T20:40:00.000Z,60,15,private,true,Détente,3,ag058i8xycSBGAlrvdNrn2cXl903,10,10,0,0,0,0,0
QcFaHzg9DpF4Iaci3rFB,UrbanSoccer - Lyon Parilly,played,captain,ChIJx3FQWjLC9EcRrrQb2eV7i_4,45.7120399&4.9039284,2024-03-03T14:00:00.000Z,30,13.5,public,true,Détente,,QnFSzDz0bGgRhPMipuSjEnoDdx02,10,10,0,0,0,0,2
QdDpRpeWopIES4E8Fdru,UrbanSoccer - Porte d'Aubervilliers,canceled,captain,ChIJ0dXjDCZs5kcRvX0EpMwxsUY,48.9074912&2.3746518,2024-02-25T09:00:00.000Z,90,17,public,true,Compétition,4,G4jk3ysKAhOzXY5E5FNbFFfqAZ23,9,10,0,0,0,0,0
QeWr6ngYYAhXpYU0of2d,Stadium Thiais,played,captain,ChIJ64X9jzx05kcRsHvSfOv6UcA,48.7511137&2.3715422,2024-02-27T15:55:00.000Z,120,10,public,false,Détente,3,Dohg1zNvhsbmGrYuAmExKFyjruw2,10,10,2,0,0,0,0
QeodUzH4mjZyrFog7Mbn,Stadium Thiais,published,pro,ChIJ64X9jzx05kcRsHvSfOv6UcA,48.7511024&2.3713455,2024-02-29T15:00:00.000Z,90,8,public,false,,,psf3NmXEPwdCltHKJC7VuvJocrF3,0,10,0,0,0,0,1
QgeMwz3Fv7hIJraP2Qm6,Play Soccer,canceled,captain,ChIJQ-UxZn-5rhIRKWoQydM5T9s,43.5512023&1.4098927,2024-02-29T11:30:00.000Z,60,8,public,false,Compétition,5,8LtkeOuZHeePxfkXdNPmQSr7V9L2,5,10,0,0,0,0,0
QgmgU6XzrnRvpLjw0C3H,FIVE ARENA,published,captain,ChIJ02bKSuih6EcRb796CXVbkVs,48.9539465&2.9154573,2024-03-07T20:15:00.000Z,90,10,public,false,Compétition,4,Hie9osXF8MNHEinU2zy4w1DfUQZ2,5,10,0,0,0,0,0
QhlAy0FUrDsqZQtEjIn1,Stadium Thiais,played,captain,ChIJ64X9jzx05kcRsHvSfOv6UcA,48.7511137&2.3715422,2024-03-02T19:30:00.000Z,90,15,public,false,Compétition,4,BonTxh0ZVBQJ0tFJsPnkBcr3pG32,10,10,9,0,0,0,3
QhyoyaMqTiOj91al6CwV,Game 13 foot indoor,played,captain,ChIJNSDvlsXryRIRUXao9hwB79I,43.41258939999999&5.366617,2024-03-05T18:30:00.000Z,60,10,public,false,Compétition,4,h4XbufS8n3ZQcN4esu1FdB6ms5H2,10,10,4,0,0,0,2
Qiap8DyweHqXbyGkRRmn,UrbanSoccer - Quai d'Ivry,canceled,captain,ChIJfXxYJ0xy5kcRw9xTkF6-FZQ,48.8199885&2.3936463,2024-02-22T17:45:00.000Z,60,13,public,true,Détente,,YgHOGcaQpfSxFcWORSZOcICZkSI3,9,10,0,0,0,0,0
QjNJnFWQToT2BWKXmRes,Footbox,published,pro,ChIJY-WkusIR5kcR-tEad3UtaSQ,48.9022789&2.582647,2024-02-27T19:00:00.000Z,60,10,public,false,,,QI89VPazyLhBVnWH871jk4BUEZI3,0,10,0,0,0,0,0
QkO9pkVekNeUz02X60wq,Stadium Thiais,published,pro,ChIJ64X9jzx05kcRsHvSfOv6UcA,48.7511024&2.3713455,2024-02-25T10:30:00.000Z,90,15,public,false,,,psf3NmXEPwdCltHKJC7VuvJocrF3,2,10,0,0,0,0,0
QkvyHW0JivqKU0zQltm6,Footbox,canceled,pro,ChIJY-WkusIR5kcR-tEad3UtaSQ,48.9022789&2.582647,2024-03-01T17:00:00.000Z,60,10,public,false,,,QI89VPazyLhBVnWH871jk4BUEZI3,0,10,0,0,0,0,0
QlfQnERlkEoeg6Lt0qc7,UrbanSoccer - Toulouse Sept Deniers,canceled,captain,ChIJk5nUBdOkrhIRP-1aUJzo-lA,43.6321552&1.411696,2024-02-25T16:00:00.000Z,60,9,public,true,Détente,,X8HBrsdKMnQfqfukysx17h01UZp1,4,10,0,0,0,0,0
QmkKD72fVPQEOke6MwHW,Foot POWER 5,canceled,pro,ChIJuTCIFshm5kcRBtEQJ76dAzc,48.960066&2.2061913,2024-03-04T21:30:00.000Z,90,7,public,false,,,sss3dYi6nzWd7rEjwcQ30LGKudj1,0,10,0,0,0,0,0
QoTmhaEb5GgEJGpTnm9S,LE FIVE Créteil,published,pro,ChIJ88lx3VwL5kcRVxCh4lD6_Gk,48.7643086&2.4706522,2024-02-29T16:00:00.000Z,60,7,public,false,,,ZmXMWx7aTdPoPkkGOWa2HIQVblq2,0,10,0,0,0,0,0
QozOp5Xo6WkRlNMZblYS,UrbanSoccer Orsay,canceled,captain,ChIJpZIJg7J45kcRrKWKhtbfnEQ,48.70829&2.17794,2024-02-22T19:00:00.000Z,60,10,public,true,Détente,4,jQH7GNNj2OWXNcYzoBtSBMwtKcA2,5,10,0,0,0,0,0
QpSZAERKE6AisLXBm2hw,Stade Lilian Thuram,played,captain,ChIJy0-vXf9l5kcRH4WAmpihUQE,48.933705&2.2828141,2024-03-03T09:15:00.000Z,150,,private,false,Détente,3,fwrCzizjC5UGI9TzJdi1JinvWet1,18,18,12,0,0,0,1
Qr3kfyqZMOU4gnMpKTJe,Play Soccer,canceled,captain,ChIJQ-UxZn-5rhIRKWoQydM5T9s,43.5512023&1.4098927,2024-03-07T19:00:00.000Z,60,10,public,false,,,pL0skPQs4CYYVXb682MCC9jXu8K2,10,10,0,0,0,0,0
Qs1QvjFpJ64oBU1DOov2,UrbanSoccer - Quai d'Ivry,played,captain,ChIJfXxYJ0xy5kcRw9xTkF6-FZQ,48.8199885&2.3936463,2024-03-05T18:30:00.000Z,90,14.5,public,true,Competition,3,lppkOL9ay1VhR7EYSh39FXV8N1G3,10,10,0,0,0,0,0
QsXs2tGSmTmw9elxA4Bg,Top Ten,published,pro,ChIJfXprBx4b5kcRmhe-5pLZUek,48.8729106&2.6840919,2024-02-28T16:00:00.000Z,90,5,public,false,,,i27253AGxOfXgYJK72sBnvUGuMk2,0,12,0,0,0,0,0
QsuJIfJUR8KomyGAcYkz,UrbanSoccer Meudon,canceled,captain,ChIJ0WKvjbh75kcRoqSmyWwW2jQ,48.80013599999999&2.2140811,2024-02-20T19:30:00.000Z,60,11.5,public,true,Détente,2,CE0spS8P9SYBfCRUTrV6BcE6i6D2,7,10,0,0,0,0,0
QtAKtJ52TNJwBxqBJEFy,UrbanSoccer Orsay,played,captain,ChIJpZIJg7J45kcRrKWKhtbfnEQ,48.70829&2.17794,2024-02-22T19:00:00.000Z,60,10,public,true,Détente,4,N1WVnqv0jcU0WDaPITpzpO7UBLD2,10,10,1,0,0,0,0
QuIx4FbUefO4pcXqs2ej,LE FIVE Morangis,canceled,captain,ChIJA4uAhOXZ5UcRp-vZXZP-ovY,48.692672&2.3192811,2024-02-28T20:00:00.000Z,60,12,public,false,Détente,2,L3NqknvMjRffjZM4VS8GCkrNQCg1,9,10,0,0,0,0,0
Qw22GmTaW2CTPAKLSByU,Fc Courcouronnes,published,captain,ChIJ13_p6XHe5UcRbyip0XQZRVg,48.627674&2.4184343,2024-03-03T10:00:00.000Z,120,,public,false,,2,BSdg2JsXTBU1P3vqLsMD5pAPYHH3,5,10,0,0,0,0,1
Qwtz8zrJ5OTz6yJstEFQ,Stadium Thiais,published,pro,ChIJ64X9jzx05kcRsHvSfOv6UcA,48.7511024&2.3713455,2024-02-22T16:30:00.000Z,90,10,public,false,,,psf3NmXEPwdCltHKJC7VuvJocrF3,1,10,0,0,0,0,2
QxDZdu6zJmjvZ4LG3HBE,UrbanSoccer Orsay,canceled,captain,ChIJpZIJg7J45kcRrKWKhtbfnEQ,48.70829&2.17794,2024-02-26T19:30:00.000Z,90,16.5,public,true,Chill,3,jMj888CHnuglX02AL0WCMH42YhP2,6,10,0,0,0,0,0
QxLETTQltCP5L8c3ip3v,Stade Gaston Bussière,canceled,captain,ChIJa2mHFCgV5kcRMwtLpKniYU0,48.93984709999999&2.5329682,2024-02-25T08:30:00.000Z,120,,public,false,Détente,3,D1jkjeniSIcu2J9VyxuhfvcsOgC2,7,14,0,0,0,0,0
QzyLUK8FZPv1tRzgKd0o,UrbanSoccer - Asnières,canceled,captain,ChIJi5LkLT9v5kcRSlhScqEFNWs,48.92192379999999&2.3068311,2024-03-01T19:30:00.000Z,90,18.75,public,true,Compétition,3,35Lr5jbDfzUfSvsKf42Uk7TLyzi2,10,10,0,0,0,0,0
R2aySnXIQUqfnGgM0QAP,LE FIVE Paris 13,canceled,pro,ChIJ_bOSChhz5kcRZMTeq_6Gdzg,48.8181615&2.3658793,2024-02-23T22:00:00.000Z,60,10,public,false,,,FjSnzlRFFfhWVWQJGfIEwRc2ZMj2,2,10,0,0,0,0,0
R3w2SAEsjBipb1RjtFrg,Top Ten,published,pro,ChIJfXprBx4b5kcRmhe-5pLZUek,48.8729106&2.6840919,2024-02-29T21:30:00.000Z,90,16.5,public,false,,,i27253AGxOfXgYJK72sBnvUGuMk2,0,10,0,0,0,0,0
R4dSO2ithnmy0sBRm1GC,Foot POWER 5,canceled,pro,ChIJuTCIFshm5kcRBtEQJ76dAzc,48.960066&2.2061913,2024-02-25T20:00:00.000Z,90,10,public,false,,,sss3dYi6nzWd7rEjwcQ30LGKudj1,0,10,0,0,0,0,0
R4nKOUFOHhP1qANbvhBT,LE FIVE Paris 18,published,pro,ChIJpVT4_n1u5kcRzji6FdTBXXo,48.8978522&2.3700234,2024-03-06T16:00:00.000Z,60,5,public,false,,,UQf33jQhVZhle917nO0h7D5qclV2,9,10,0,0,0,0,8
R56NcAzzH4cfzfbdwRc7,Foot POWER 5,canceled,pro,ChIJuTCIFshm5kcRBtEQJ76dAzc,48.960066&2.2061913,2024-03-06T17:00:00.000Z,90,5,public,false,,,sss3dYi6nzWd7rEjwcQ30LGKudj1,0,10,0,0,0,0,0
R5OAZHGbe2Yd4TRriG8X,LE FIVE Paris 13,canceled,captain,ChIJ_bOSChhz5kcRZMTeq_6Gdzg,48.8181615&2.3658793,2024-02-26T22:00:00.000Z,60,10,public,true,Compétition,4,MIczBz9gMEVuIcLISgBgcVyhFFP2,1,10,0,0,0,0,0
R5a8sWq74b5UEuVuQyu7,Top Ten,published,pro,ChIJfXprBx4b5kcRmhe-5pLZUek,48.8729106&2.6840919,2024-03-01T11:00:00.000Z,90,5,public,false,,,i27253AGxOfXgYJK72sBnvUGuMk2,1,10,0,0,0,0,0
R8zYyogmMarTpQBAcxe4,UrbanSoccer - Quai d'Ivry,played,captain,ChIJfXxYJ0xy5kcRw9xTkF6-FZQ,48.8199885&2.3936463,2024-03-05T19:00:00.000Z,60,12,public,true,Détente,3,CzPmJVmG32Uzl3aWPlNGP6Y7Hf22,10,10,0,0,0,0,0
RDGR7AQtn01aAFAgvuUk,Top Ten,hidden,pro,ChIJfXprBx4b5kcRmhe-5pLZUek,48.8729106&2.6840919,2024-03-02T18:00:00.000Z,90,15,public,false,,,i27253AGxOfXgYJK72sBnvUGuMk2,5,10,0,0,0,0,0
RE7IjbOOhyIoTNLEgy88,Z5 Aix,played,captain,ChIJKb-U_9KSyRIRKIFKbH5mW18,43.4787869&5.3969048,2024-02-28T19:30:00.000Z,60,11,public,false,Détente,3,2Nd2srhOmKMh83sGpEWIWopQJDw2,10,10,3,0,0,0,1
REj1glmZdhGqll3V0i6t,UrbanSoccer - Lyon Parilly,canceled,captain,ChIJx3FQWjLC9EcRrrQb2eV7i_4,45.7120399&4.9039284,2024-03-04T20:15:00.000Z,90,10,public,true,Détente,2,IxZ5vwAA8IYEPFmltMa5uQkurAI3,10,10,0,0,0,0,0
RG1LA7fSFOBZ1W1nwG7Y,Stadium Thiais,published,pro,ChIJ64X9jzx05kcRsHvSfOv6UcA,48.7511024&2.3713455,2024-02-28T15:00:00.000Z,90,8,public,false,,,psf3NmXEPwdCltHKJC7VuvJocrF3,0,10,0,0,0,0,0
RGntJBjlIBV6P5nWNi7r,Top Ten,canceled,pro,ChIJfXprBx4b5kcRmhe-5pLZUek,48.8729106&2.6840919,2024-02-25T08:00:00.000Z,90,15,public,false,,,i27253AGxOfXgYJK72sBnvUGuMk2,0,10,0,0,0,0,0
RHsWxRFuAlbOeTURMrym,Urban Football Meudon,played,captain,ChIJFeLBC2N75kcRyM1mlEZ3HjM,48.7983594&2.2102561,2024-03-05T17:30:00.000Z,90,15.75,public,false,Détente,3,afKB7yoOkDMtTvgGUnzhf5DvzXs1,14,14,0,0,0,0,0
RI6wYwjUUfz7HAIX5cfl,LE FIVE Marville - La Courneuve,published,captain,ChIJ2dHdMZxr5kcR0aKYHYsp0pY,48.9364404&2.3869147,2024-02-26T18:00:00.000Z,90,,public,false,Détente,3,1VX9aWzukugZEyXrORwtdO6qek62,9,10,0,0,0,0,0
RKSCBZnomBIubcL3kPW8,UrbanSoccer La Défense,played,captain,ChIJh4rnfVhk5kcRV2Q-ZKdm8vA,48.8996456&2.2216773,2024-02-29T11:00:00.000Z,60,12,public,true,Détente,2,EWvyyRg2G2OvXASqVHc1WnVkvc43,10,10,1,0,0,0,0
RKcbhLdZUHnw1V6svZFp,Stadium Thiais,played,captain,ChIJ64X9jzx05kcRsHvSfOv6UcA,48.7511137&2.3715422,2024-02-21T19:30:00.000Z,90,14,public,false,Détente,4,Kzb75kxwELgHLMoYvZ38lUzNnWG3,10,10,3,0,0,0,0
RLGcWQSbC2T3TSlNGwIB,Terrain de football Synthétique n°1,played,captain,ChIJqfdoIdFl5kcRqwddHG1PcBc,48.9291121&2.2500407,2024-03-02T08:30:00.000Z,90,,public,false,Compétition,3,3ys4K0HjGRbv34G5if3a7wATxta2,10,10,6,0,0,0,0
RMzPTwimxQz9bsYdhB8n,Stadium Thiais,canceled,captain,ChIJ64X9jzx05kcRsHvSfOv6UcA,48.7511137&2.3715422,2024-02-25T19:30:00.000Z,90,14,public,false,Compétition,4,rAuhO2Rf7Ha80eaBg3xXVuHi2d02,1,10,0,0,0,0,1
RSg5I4rQTvjuswxc6XPE,Stadium Thiais,published,pro,ChIJ64X9jzx05kcRsHvSfOv6UcA,48.7511024&2.3713455,2024-02-22T15:00:00.000Z,90,8,public,false,,,psf3NmXEPwdCltHKJC7VuvJocrF3,0,10,0,0,0,0,0
RTCKYa7qKdL9ZM3Y4Sdx,Top Ten,published,pro,ChIJfXprBx4b5kcRmhe-5pLZUek,48.8729106&2.6840919,2024-02-29T22:00:00.000Z,90,16.5,public,false,,,i27253AGxOfXgYJK72sBnvUGuMk2,0,10,0,0,0,0,0
RTYPwtWH6UDwq4DJIr28,LE FIVE Marville - La Courneuve,canceled,captain,ChIJ2dHdMZxr5kcR0aKYHYsp0pY,48.9364404&2.3869147,2024-02-26T20:00:00.000Z,60,,public,false,Détente,4,JOaO13Uw0AUOxcSa7igMv8WS9w52,11,14,0,0,0,0,0
RV8kseUogaKd68RCzyLk,GOPARK INTERIEUR - Paintball et trampolines parc,canceled,captain,ChIJ2cJmdhf15kcRQ4mUOxIVzd0,49.045624&2.0799886,2024-03-02T15:30:00.000Z,90,10,public,false,Détente,,dKM3fB6dxJMjLqClBRETl0xhStg2,6,10,0,0,0,0,0
RWIevyZUxuV9NPwn19RJ,Sun Set Soccer,played,captain,ChIJ-2jOt33D9EcRLZL2mS5Gvz4,45.6768927&4.9409477,2024-02-25T16:00:00.000Z,90,12,public,false,Détente,3,MoZldSptsZUnpp9jCF7841okpwg1,10,10,2,0,0,0,0
RWowjQpT6wdX67Fo9d7g,Complexe sportif de l'île des Vannes,canceled,captain,ChIJTZWfSNNv5kcRmHP3Tz0AJ6A,48.9188419&2.3245603,2024-03-03T15:30:00.000Z,120,,public,false,Détente,4,Csrh8EMzKaZCCcCZeEhs2tGGZRr1,15,16,0,0,0,0,0
RX8U1ojz8gjsWZEQETsP,Firefoot,canceled,captain,ChIJ0zSROfj15kcR4l0wrCcYPMk,49.0275342&2.1040185,2024-02-21T18:00:00.000Z,30,12,public,false,Détente,3,cIYvIwhqpyWQWEuLkn7nrkAv6u02,9,10,0,0,0,0,0
RYHbPVbx7u5I9f81a82x,Le Street Foot en Salle,published,pro,ChIJt_AXL6Jg5kcRu6rBmnrmeUM,49.0164435&2.181307,2024-03-04T14:00:00.000Z,120,10,public,false,,,bsRK7e37BkUbETMq0Tg3lbm8Fao2,1,10,0,0,0,0,1
RYLn5L2fiHlHag90HC45,UrbanSoccer - Quai d'Ivry,canceled,captain,ChIJfXxYJ0xy5kcRw9xTkF6-FZQ,48.8199885&2.3936463,2024-03-07T20:40:00.000Z,60,15,public,true,Détente,3,ag058i8xycSBGAlrvdNrn2cXl903,10,10,0,0,0,0,2
RZEakxG5VkXJLqWVowXK,UrbanSoccer - Toulouse Sept Deniers,played,captain,ChIJk5nUBdOkrhIRP-1aUJzo-lA,43.6321552&1.411696,2024-02-28T17:15:00.000Z,60,10,public,true,Détente,3,MCmrZFKY78Y4E15SLAvp4OoWwMS2,10,10,2,0,0,0,0
RaRkaXnoR2kytSNf6M6m,Stadium Thiais,played,pro,ChIJ64X9jzx05kcRsHvSfOv6UcA,48.7511024&2.3713455,2024-02-26T18:00:00.000Z,90,15,public,false,,,psf3NmXEPwdCltHKJC7VuvJocrF3,10,10,8,0,0,0,4
RaigiRYcvCGoHu79hDJV,Centre sportif Suzanne Lenglen,played,captain,ChIJjyw8lw975kcRB8dEmGn3P0Q,48.8302835&2.2740847,2024-03-01T11:10:00.000Z,60,,public,false,Détente,3,lONDqWnRNbfiPJ9EzsTYySBess63,16,16,4,0,0,0,1
RbAMbeU7KDyrjI3M58r9,Foot-Max Argenteuil,canceled,captain,ChIJi9oIzaRm5kcRJYcK7QsdRMU,48.9501569&2.2093741,2024-03-06T19:00:00.000Z,90,13,public,false,Détente,4,NyMT5g5AbvWGj0dtepGfP8wkKCQ2,10,10,0,0,0,0,0
RbT1iH5baNkcqJD7h6oi,Cité des Sports,canceled,captain,ChIJ70UPf6R75kcRGb3NAV9k7Ww,48.8247744&2.2650728,2024-02-28T19:30:00.000Z,60,5,public,false,Détente,3,2AkrkZRpZGXb2pAzZll7TNZms5E2,5,10,0,0,0,0,2
RcJd0NAH75Mrobecy5H1,Top Ten,published,pro,ChIJfXprBx4b5kcRmhe-5pLZUek,48.8729106&2.6840919,2024-02-25T21:30:00.000Z,90,15,public,false,,,i27253AGxOfXgYJK72sBnvUGuMk2,1,10,0,0,0,0,0
RduHx5DfE4L1fHQhECCe,Footbox,published,pro,ChIJY-WkusIR5kcR-tEad3UtaSQ,48.9022789&2.582647,2024-02-21T13:00:00.000Z,60,7,public,false,,,QI89VPazyLhBVnWH871jk4BUEZI3,0,10,0,0,0,0,0
ReyCS8NtM7fd2nMIffq5,STADIUM FOOT 5 VILLAGE,canceled,captain,ChIJbbOWFtC4yRIR0WXVerbWmnE,43.269413&5.4260321,2024-02-24T18:00:00.000Z,60,10,public,false,Détente,,MKjoGJESIIfNKw5sH93VODBuvLv2,3,10,0,0,0,0,0
RfLTgqhLb0MJa78Je53b,Kinshasa,published,pro,ChIJi2oG_jAxahoRjTdSH05-ixY,-4.3032527&15.310528,2024-02-23T15:30:00.000Z,90,11,public,false,,,zCvsukfMuuffsuPpSTQwb7MusMD2,0,10,0,0,0,0,0
RgQDE07B7NE3iP9vvEAa,Stade Olympique Yves du Manoir,played,captain,ChIJYeUIntpl5kcRZsN35flVVAY,48.9292771&2.2477717,2024-03-01T14:00:00.000Z,120,,public,false,Compétition,5,U3gMk9AqD1UDGa1mnX8BD6lk8L13,16,16,14,0,0,1,5
RkMXuGMvceAyGlJ6GwfN,Top Ten,published,pro,ChIJfXprBx4b5kcRmhe-5pLZUek,48.8729106&2.6840919,2024-02-27T11:00:00.000Z,90,5,public,false,,,i27253AGxOfXgYJK72sBnvUGuMk2,0,10,0,0,0,0,0
Rl0Cytp7Vc1MFd52Hb4I,Top Ten,published,pro,ChIJfXprBx4b5kcRmhe-5pLZUek,48.8729106&2.6840919,2024-02-25T20:00:00.000Z,90,15,public,false,,,i27253AGxOfXgYJK72sBnvUGuMk2,0,10,0,0,0,0,2
RptJ5KUccA0vJqnEzGkH,Sport dans la Ville Rhône-Alpes,played,captain,ChIJoUEDcmvr9EcRILCz6hDCQ2o,45.7811703&4.8081568,2024-02-23T19:00:00.000Z,90,10.5,public,false,Détente,2,z6S8IAocxTMQLzJMcm058B4LW3y2,10,10,2,0,0,0,1
RptnnJ1nGXTPL5TSXyo6,Stadium Thiais,played,captain,ChIJ64X9jzx05kcRsHvSfOv6UcA,48.7511137&2.3715422,2024-03-03T09:30:00.000Z,90,15,public,false,Détente,3,IlNYKbxJM5OikfmqXPad4NX0RM32,10,10,7,1,0,3,5
Rs62Ezu5MYtUExFBKUEo,UrbanSoccer La Défense,played,captain,ChIJh4rnfVhk5kcRV2Q-ZKdm8vA,48.8996456&2.2216773,2024-02-22T18:15:00.000Z,60,14.5,public,true,Chill,2,NA7GMvlZOtdqP8Hk07p0AyAEbnh1,10,10,3,0,0,1,4
Rs9xClGLL3ht7aGypXks,Top Ten,published,pro,ChIJfXprBx4b5kcRmhe-5pLZUek,48.8729106&2.6840919,2024-03-07T11:00:00.000Z,90,5,public,false,,,i27253AGxOfXgYJK72sBnvUGuMk2,2,10,0,0,0,0,0
RsOPQvabgchMI0NMEjaa,Play Soccer,played,captain,ChIJQ-UxZn-5rhIRKWoQydM5T9s,43.5512023&1.4098927,2024-02-21T19:00:00.000Z,60,10,public,false,Détente,,DaqsKeAdkOd2YtijNX8BUUbTBvz1,10,10,5,0,0,0,0
RuZu4rKudq8aUDl6Vxly,Play Soccer,played,captain,ChIJQ-UxZn-5rhIRKWoQydM5T9s,43.5512023&1.4098927,2024-03-03T17:30:00.000Z,90,12,public,false,,,8LtkeOuZHeePxfkXdNPmQSr7V9L2,10,10,5,0,0,0,0
RukvMRdNoJpxfjSlrZJo,Footbox,canceled,pro,ChIJY-WkusIR5kcR-tEad3UtaSQ,48.9022789&2.582647,2024-02-28T22:00:00.000Z,60,10,public,false,,,QI89VPazyLhBVnWH871jk4BUEZI3,0,10,0,0,0,0,0
Rv2F0H2e1uBxJcWJ7afk,Play Soccer,played,captain,ChIJQ-UxZn-5rhIRKWoQydM5T9s,43.5512023&1.4098927,2024-02-24T17:00:00.000Z,90,12,public,false,Détente,2,8LtkeOuZHeePxfkXdNPmQSr7V9L2,10,10,0,0,0,0,0
RvFtuPxhzvgwLCIsgNol,LE FIVE Champigny,played,pro,ChIJsXi1PLYN5kcRTVVDuczgS2s,48.8194084&2.5251846,2024-02-23T16:00:00.000Z,60,7,public,false,,,evlV9mUgATYQ5343zpYZvk4w0r03,10,10,1,0,0,0,0
RvbU1Y0QYXA8wdxn3tCo,Le 13 - Foot en salle - Marseille,played,captain,ChIJR62kUm_ByRIRDnGQqGCeUVQ,43.33370070000001&5.370389599999999,2024-02-29T18:00:00.000Z,60,10,public,false,Détente,3,JhzYtbyIfxe5yUlcuYzUPNXhyMN2,10,10,1,0,0,0,0
S1PDlrQE9EV1lfN78Jh8,Stadium Thiais,canceled,captain,ChIJ64X9jzx05kcRsHvSfOv6UcA,48.7511137&2.3715422,2024-02-27T13:50:00.000Z,90,10,public,false,,2,QMw5lU34ZbbTCjIEZBGQF1wpcsi1,11,12,0,0,0,0,0
S25jStznRba57Msnv1Hs,Espace Matthieu Doucet -,played,captain,ChIJAW0f8pIc5kcRnlgbQlyy1sE,48.8757995&2.7506006,2024-02-28T20:00:00.000Z,120,,public,false,Détente,3,oHZ6slylkVPuwodkOiA4R831Oyk1,16,16,4,0,0,0,0
S4NfwB1xmpqZtsWbJ4G1,Footbox,published,pro,ChIJY-WkusIR5kcR-tEad3UtaSQ,48.9022789&2.582647,2024-02-28T21:00:00.000Z,60,10,public,false,,,QI89VPazyLhBVnWH871jk4BUEZI3,0,10,0,0,0,0,0
S4gLigzpbO5vMkzyYJcR,UrbanSoccer - Puteaux,played,captain,,48.8836397&2.2312283,2024-02-20T11:00:00.000Z,60,11.5,public,true,Détente,3,qLJ6ybeunBMPdBie0Mnea7RnRFE2,10,10,0,0,0,0,0
S4nf4SagSy4qAMJ8UerP,LE FIVE Paris 13,published,pro,ChIJ_bOSChhz5kcRZMTeq_6Gdzg,48.8181615&2.3658793,2024-02-25T22:00:00.000Z,60,10,public,false,,,FjSnzlRFFfhWVWQJGfIEwRc2ZMj2,1,10,0,0,0,0,1
S5Phn7lheGr8RqupzqFC,Top Ten,published,captain,ChIJfXprBx4b5kcRmhe-5pLZUek,48.8729106&2.6840919,2024-03-03T09:00:00.000Z,60,9,public,false,Détente,3,cb1qGz7DkYabQZ09abv3mhooZBD3,8,10,0,0,0,0,0
S7PvYBtrLFIejd0Upmqa,LE FIVE Montreuil,published,pro,ChIJJdTQjr0T5kcRZmGxtIJVy44,48.8613036&2.4653095,2024-02-23T09:00:00.000Z,90,10.5,public,false,,,u9uC1vjdcdQ3UqNxI0SiFxor0m43,0,10,0,0,0,0,0
S8ToG7kgNbd6Ex6B3GhU,LE FIVE Villette,canceled,captain,ChIJTUFnQjps5kcR0pHITLTw1PI,48.9070122&2.3861459,2024-02-25T11:00:00.000Z,60,12,public,false,Détente,2,wlsueBiqqRNHWMYVYi0HerGgPJi1,7,10,0,0,0,0,0
S9Av4NKUeqO6cUKPIvOs,LE FIVE Bezons,played,captain,ChIJ71Mv0Wpk5kcRg-H9x7L-dXo,48.9190524&2.211796,2024-03-03T17:30:00.000Z,60,10,public,true,Détente,4,AVigg25VeddHwUSTxoOC54mSyZm2,10,10,4,0,0,0,4
S9UXzVigVeBWwqlhYjEs,UrbanSoccer Evry,canceled,captain,ChIJW0Ut1G7e5UcRt621n2fRQ5M,48.6286849&2.4066366,2024-03-02T17:45:00.000Z,90,13.5,public,true,Détente,3,FBrRwiYQvjbd6UeXKISPFhhsK4a2,9,10,0,0,0,0,0
SD5nLEynSWMArgZkL6Lq,LE FIVE Paris 18,published,pro,ChIJpVT4_n1u5kcRzji6FdTBXXo,48.8978522&2.3700234,2024-03-05T19:30:00.000Z,60,10,public,false,,,UQf33jQhVZhle917nO0h7D5qclV2,0,10,0,0,0,0,0
SHmwj9UVq5aBOk9fy86T,LE FIVE Paris 13,published,pro,ChIJ_bOSChhz5kcRZMTeq_6Gdzg,48.8181615&2.3658793,2024-03-05T21:00:00.000Z,60,10,public,false,,,FjSnzlRFFfhWVWQJGfIEwRc2ZMj2,0,10,0,0,0,0,0
SILEvDWxC13N3Wl8hAph,Footbox,published,pro,ChIJY-WkusIR5kcR-tEad3UtaSQ,48.9022789&2.582647,2024-02-28T20:00:00.000Z,60,10,public,false,,,QI89VPazyLhBVnWH871jk4BUEZI3,0,10,0,0,0,0,0
SK9IIFdApHnzB0T2Wbq4,Parc départemental des sports de Marville,played,captain,ChIJb7v1Kghs5kcRlOK5J2yhoCk,48.9370153&2.3847308,2024-02-26T20:00:00.000Z,60,,public,false,Détente,3,JOaO13Uw0AUOxcSa7igMv8WS9w52,14,14,3,0,0,0,1
SLl20joCQooyOdBrJwzc,LE FIVE Paris 18,canceled,captain,ChIJpVT4_n1u5kcRzji6FdTBXXo,48.8978522&2.3700234,2024-02-22T21:30:00.000Z,90,7.5,public,true,Détente,4,aJicOaxHR8PWYKfbad0HfPvVBVe2,3,10,0,0,0,0,0
SLlBP1w9KM12eUz3irAh,STADIUM FOOT 5 VILLAGE,canceled,captain,ChIJbbOWFtC4yRIR0WXVerbWmnE,43.269413&5.4260321,2024-02-28T18:00:00.000Z,60,10,public,false,,3,MKjoGJESIIfNKw5sH93VODBuvLv2,5,10,0,0,0,0,0
SMBM7NajN1y5nmugnWYt,Top Ten,played,captain,ChIJfXprBx4b5kcRmhe-5pLZUek,48.8729106&2.6840919,2024-03-03T09:30:00.000Z,90,14,public,false,Détente,3,lGNuS10G12aZG5beiZgPABtj8Xf2,10,10,2,0,0,0,0
SMN79KWzSc6X9a70ROXW,FOOT IN FIVE,played,captain,ChIJoUR0syFp5kcRUlStnwluaYY,48.9552257&2.3328346,2024-02-25T13:15:00.000Z,60,10,public,false,Competition,3,OJoCk14zuXgwyoveP0Q2TIF9jUQ2,10,10,1,0,0,0,0
SMTrdmyQcN0TRNVVVARS,Stadium Thiais,published,pro,ChIJ64X9jzx05kcRsHvSfOv6UcA,48.7511024&2.3713455,2024-02-20T15:00:00.000Z,90,8,public,false,,,psf3NmXEPwdCltHKJC7VuvJocrF3,0,10,0,0,0,0,0
SNmIsEkMaGlOuvo830Dn,LE FIVE Paris 18,published,pro,ChIJpVT4_n1u5kcRzji6FdTBXXo,48.8978522&2.3700234,2024-03-07T21:20:00.000Z,90,10,public,false,,,UQf33jQhVZhle917nO0h7D5qclV2,8,10,0,0,0,0,6
SRXHXepaemJkqiNQobF9,LE FIVE Paris 18,played,pro,ChIJpVT4_n1u5kcRzji6FdTBXXo,48.8978522&2.3700234,2024-02-24T21:30:00.000Z,90,10,public,false,,,UQf33jQhVZhle917nO0h7D5qclV2,10,10,6,0,0,0,13
SUmhZg6W9L6wdahKnDfP,STADIUM FOOT 5 VILLAGE,canceled,captain,ChIJbbOWFtC4yRIR0WXVerbWmnE,43.269413&5.4260321,2024-03-04T19:00:00.000Z,60,10,public,false,Détente,,MKjoGJESIIfNKw5sH93VODBuvLv2,10,10,0,0,0,0,0
SUofl3lBBqrJNHXYLs14,UrbanSoccer - Asnières,played,captain,ChIJi5LkLT9v5kcRSlhScqEFNWs,48.92192379999999&2.3068311,2024-03-06T18:30:00.000Z,60,,public,true,Compétition,3,Tws3soIvSlQloj8YKkUaHjHmwcs2,10,10,0,0,0,0,3
SV2jGjgxIHKRjsK8quMb,UrbanSoccer - Quai d'Ivry,played,captain,ChIJfXxYJ0xy5kcRw9xTkF6-FZQ,48.8199885&2.3936463,2024-02-29T20:30:00.000Z,60,14.5,public,true,Détente,2,FxB4RU5IG3c0595d447E5zqSFHt1,10,10,2,0,0,0,1
SWvUT8MBEotvCXZJ6GaS,UrbanSoccer - Toulouse Sept Deniers,canceled,captain,ChIJk5nUBdOkrhIRP-1aUJzo-lA,43.6321552&1.411696,2024-03-02T17:00:00.000Z,60,8,public,true,Détente,1,R7i6QyBIZQdWXcpxRGEOjvJj3rG3,5,10,0,0,0,0,0
ScNrjvlqEy228l6EhEBt,Monclub Futbol,played,captain,ChIJGbxxaamUyRIRgGvhHnhJStA,43.4299152&5.4001974,2024-03-05T18:00:00.000Z,60,11,public,false,Détente,4,TLO9lAZbxFgxPImWJhZVGP1Wjya2,10,10,5,0,0,0,0
SdRFXFSsLvjrNzkBldxx,UrbanSoccer - Toulouse Sept Deniers,canceled,captain,ChIJk5nUBdOkrhIRP-1aUJzo-lA,43.6321552&1.411696,2024-02-24T17:30:00.000Z,60,9,public,true,Détente,3,X8HBrsdKMnQfqfukysx17h01UZp1,4,10,0,0,0,0,1
SeUcQdSXlVHbLr8PQ20d,Parc Sainte Barbe,played,captain,ChIJtw301r5w5kcRvRjidiuAyaw,48.7922897&2.2913469,2024-02-21T12:40:00.000Z,120,,public,false,Détente,4,rzC8A0bd4afb9AWrHKlCPT9461y1,16,16,4,0,0,0,0
SgmgqKaUBzFzDgPt3JXr,UrbanSoccer - Lille Lezennes,canceled,captain,ChIJR3ro5nTWwkcRfM_S3Be9HjI,50.6162725&3.0998108,2024-02-26T17:45:00.000Z,90,15,public,true,Détente,2,7ebmSrP0nwNVU7ODvfiYVkOxc2r1,8,10,0,0,0,0,0
Sgpc0WILtT9jSklRlvXV,Foot POWER 5,canceled,pro,ChIJuTCIFshm5kcRBtEQJ76dAzc,48.960066&2.2061913,2024-03-02T18:30:00.000Z,90,10,public,false,,,sss3dYi6nzWd7rEjwcQ30LGKudj1,0,10,0,0,0,0,0
Sinw5LeHR5pMNMQLkTTm,Foot-Max Argenteuil,canceled,pro,ChIJi9oIzaRm5kcRJYcK7QsdRMU,48.9501632&2.2093946,2024-03-02T13:00:00.000Z,120,16,public,false,,,SuEnyPZ4TgNIkt1yap2yJ3ZHO6p1,0,10,0,0,0,0,3
SjWIfv9TMFoxpje4wkUL,UrbanSoccer - Toulouse Montaudran,played,captain,ChIJl772e0u8rhIR2foRX4Xa2CI,43.574642&1.4801835,2024-02-25T17:30:00.000Z,60,9,public,true,Détente,2,v8a4g66qE0ZEVHJ5qmkq3q9rKDo1,10,10,0,0,0,0,0
SjqYl57mf0a91UthDM3j,UrbanSoccer Meudon,canceled,captain,ChIJ0WKvjbh75kcRoqSmyWwW2jQ,48.80013599999999&2.2140811,2024-03-07T17:20:00.000Z,60,8,public,true,Détente,3,yh9G1DORUhSzgWjXKOXe9wv4KF72,9,10,0,0,0,0,0
SkiNxQO6H6qbLBBXF3VJ,Classico Foot,played,captain,ChIJFV442oCxrhIRgsZy5aIbkNs,43.5945434&1.2911399,2024-02-23T19:00:00.000Z,60,9,public,false,Détente,,vZqrt7VHboSIBssGXfBBTfzZp032,10,10,0,0,0,0,0
Sonj2UOuWaoCfkIzXPgb,Kaiser Park,played,captain,ChIJsRLZzKFg5kcRBCfNws9nssw,49.0175545&2.1775301,2024-03-03T12:00:00.000Z,90,14,public,false,Détente,3,3VaXzkjPujWwf0sDtUaFpubaGm03,10,10,1,0,0,0,0
SotIkQ5OUNTHBZCf6orh,Cité des Sports,played,captain,ChIJ70UPf6R75kcRGb3NAV9k7Ww,48.8247744&2.2650728,2024-02-20T17:00:00.000Z,60,12,public,false,Détente,3,YqUTl57meKfgiNcbYtr182gUz9A3,10,10,1,0,0,0,0
T1jp1ZEP3BSXnpox87OB,UrbanSoccer - Porte d'Aubervilliers,published,captain,ChIJ0dXjDCZs5kcRvX0EpMwxsUY,48.9074912&2.3746518,2024-02-21T15:00:00.000Z,120,10,public,true,Détente,2,V0vLvWlVCYhoVqS77yMqYmMpxnp1,6,10,0,0,0,0,0
T3wD8O4pDCrDZMhEgqPQ,UrbanSoccer - Porte d'Aubervilliers,canceled,captain,ChIJ0dXjDCZs5kcRvX0EpMwxsUY,48.9074912&2.3746518,2024-03-04T17:15:00.000Z,60,10,public,true,Détente,2,qSFy8NrBVZhQg7EeTBJDdVsNLC72,10,10,0,0,0,0,0
T5mEBVIrTfdne184RfJ6,LE FIVE Paris 18,played,captain,ChIJpVT4_n1u5kcRzji6FdTBXXo,48.8978522&2.3700234,2024-03-01T18:30:00.000Z,90,21,public,true,Détente,3,8ER9QjK30UPKyAtzzMC0zdWANmA2,10,10,1,0,0,0,0
T7fgcw4a6XDGmugTnmcc,Game 13 foot indoor,played,captain,ChIJNSDvlsXryRIRUXao9hwB79I,43.41258939999999&5.366617,2024-02-27T19:00:00.000Z,60,10,private,false,Détente,2,YRqiIIRIa7WLYzz10t8KebtmcKp1,10,10,5,0,0,0,1
T7oEnTNB6wiqMhzOPah6,LE FIVE Paris 17,played,pro,,48.900032&2.3213449,2024-02-26T16:00:00.000Z,60,5,public,false,,,V6mqbc9C8FNa1RQlUupjeoqOsZL2,10,10,9,0,0,0,4
T7x9eRxdyl4UDEgwUxfL,Soccer Five,played,captain,ChIJp0K53sp55kcR61-WTU8Yv5k,48.7368129&2.2591558,2024-02-25T08:00:00.000Z,90,10,public,false,Détente,2,Dohg1zNvhsbmGrYuAmExKFyjruw2,10,10,0,0,0,0,0
T8qXJ7VuJcj7GAWciEef,Créteil Pompadour,published,captain,ChIJX79lm6d05kcRdvnIvrrCKDc,48.771485&2.4353447,2024-03-03T12:00:00.000Z,120,,public,false,Compétition,4,UnJDV5vrN8dg5S8guOpS4eXU5Dz1,16,18,0,0,0,0,1
T99ipWmYyMDyDd41dh1N,Yespark,played,captain,ChIJJcM9ws9l5kcRIvjC_pWMwB8,48.92784959999999&2.2475239,2024-02-24T08:30:00.000Z,90,,public,false,Détente,3,emdZynVBFcf2ygUeDjK6ZkuDb1e2,10,10,5,0,0,0,2
T9osgTbgecF7NHZLf8NA,LE PARK Complexe Multisports,canceled,captain,ChIJdUHbID8O5kcRV5lQhiHTvhs,48.8337843&2.5728501,2024-02-23T18:00:00.000Z,90,15,public,false,Détente,3,XqKE77KP75T9tQkX3sg8AfmykyP2,5,10,0,0,0,0,1
T9xcyLJZSYQ2jz1ZLQL8,LE FIVE Villette,canceled,captain,ChIJTUFnQjps5kcR0pHITLTw1PI,48.9070122&2.3861459,2024-02-28T19:30:00.000Z,60,12,public,false,Chill,2,auFHwaOAAkcXfX0HCdWuGOST9862,7,10,0,0,0,0,2
TB9U8r4uD9BE2ZBrCfyc,Sport dans la Ville Rhône-Alpes,canceled,captain,ChIJoUEDcmvr9EcRILCz6hDCQ2o,45.7811703&4.8081568,2024-02-23T18:30:00.000Z,90,10.5,public,false,Compétition,3,jIybTcoz4qQodKKdUzBBzeQFuEQ2,9,10,0,0,0,0,1
TBk0abi2ACz1OpkHnLpx,FOOT INDOOR Marseille,played,captain,ChIJ41AMCxC8yRIRLHLGt11sc-U,43.2859688&5.4882746,2024-02-25T11:00:00.000Z,60,10,public,false,Compétition,3,1klsnAufEPdoXXbKsBiWh4Tq5y73,10,10,3,0,0,2,0
TDHUP5j58EUeiuwyi5m6,UrbanSoccer La Défense,canceled,captain,ChIJh4rnfVhk5kcRV2Q-ZKdm8vA,48.8996456&2.2216773,2024-03-04T17:10:00.000Z,60,14,public,true,Détente,2,G81AA2f5dHc0VSg50pvp9eaQ3nl1,10,10,0,0,0,0,0
TFDK9Gb6Gfk70K58Kqa3,LE FIVE Paris 18,canceled,captain,ChIJpVT4_n1u5kcRzji6FdTBXXo,48.8978522&2.3700234,2024-02-20T19:30:00.000Z,60,14,public,true,Détente,3,U034HnKKLMfDx6rm9ROaDJgJB822,8,10,0,0,0,0,0
TFEb7ftvYzbojUnJEaUt,Top Ten,published,pro,ChIJfXprBx4b5kcRmhe-5pLZUek,48.8729106&2.6840919,2024-02-21T19:00:00.000Z,90,16.5,public,false,,,i27253AGxOfXgYJK72sBnvUGuMk2,0,10,0,0,0,0,0
TGo4x2r8pAy8JuPHVqRB,LE FIVE Paris 17,canceled,captain,ChIJ7eI8sFNv5kcR5xy52Wc57NU,48.900032&2.3213449,2024-03-07T20:00:00.000Z,60,12,private,true,Détente,3,zm5qjZYZ5VMK9DVnIRrybTpFLiG3,10,10,0,0,0,0,0
THYIpaetAHqefqHjKoGr,UrbanSoccer - Quai d'Ivry,canceled,captain,ChIJfXxYJ0xy5kcRw9xTkF6-FZQ,48.8199885&2.3936463,2024-02-23T19:30:00.000Z,90,18,public,true,Détente,2,FfMDDrBH4QVfPPhuTDCL6LcU1pT2,7,10,0,0,0,0,0
THadbInwNUpRd41EwXMz,LE FIVE Paris 18,canceled,captain,ChIJpVT4_n1u5kcRzji6FdTBXXo,48.8978522&2.3700234,2024-03-06T19:30:00.000Z,60,14,public,true,Détente,2,SbAuSQMNPCekkE4wRvbPgNNv6o72,10,10,0,0,0,0,0
TIxdPqNLlwPueMSu8IvL,UrbanSoccer - Marne-La-Vallée,played,captain,ChIJ6bDBiosP5kcROXiloHzSdhc,48.82658600000001&2.6296937,2024-02-27T19:15:00.000Z,60,11.5,public,true,Détente,2,EEJiwQ4cUmc1Y1fDYKQFGPld7Mg1,10,10,0,0,0,0,1
TLsN9Nm2uk74yUPHlp2K,UrbanSoccer - Toulouse Sept Deniers,played,captain,ChIJk5nUBdOkrhIRP-1aUJzo-lA,43.6321552&1.411696,2024-03-03T17:30:00.000Z,60,9.5,public,true,Détente,2,fHj7ncmBHdTr3r6loaZW3T6Oxt13,10,10,2,0,0,0,1
TQMAK1Sn9REJ4vJB7Wx0,LE FIVE Paris 17,played,captain,ChIJ7eI8sFNv5kcR5xy52Wc57NU,48.900032&2.3213449,2024-02-26T19:30:00.000Z,60,12,public,true,Détente,,Cj0XVw1khnP18oiOzmCKEODW1zD2,10,10,0,0,0,0,0
TS0uHzWg8CM0E8dPyT8o,Classico Foot,played,captain,ChIJFV442oCxrhIRgsZy5aIbkNs,43.5945434&1.2911399,2024-02-23T18:30:00.000Z,60,9,public,false,Détente,3,uqbrk7pNzBZsX0V0406AfnrOCip1,10,10,2,0,0,0,1
TZ22F07FbTxCqJfpECQR,Stadium Thiais,played,captain,ChIJ64X9jzx05kcRsHvSfOv6UcA,48.7511137&2.3715422,2024-03-01T18:30:00.000Z,90,14,public,false,,3,WQ8DBlC1ROcrnpDAc8BSpoFemUj1,10,10,3,0,0,0,0
TZdICdEyfSt331kCOziy,UrbanSoccer - Toulouse Montaudran,played,captain,ChIJl772e0u8rhIR2foRX4Xa2CI,43.574642&1.4801835,2024-02-28T18:30:00.000Z,60,11,public,true,Détente,2,KqlbxuZcMQMhujELtbUi207wpBv2,10,10,4,0,0,0,0
TZlHBBeFrLJTq5rdcWZX,Foot POWER 5,canceled,pro,ChIJuTCIFshm5kcRBtEQJ76dAzc,48.960066&2.2061913,2024-02-20T21:30:00.000Z,90,7,public,false,,,sss3dYi6nzWd7rEjwcQ30LGKudj1,0,10,0,0,0,0,0
Ta7rOaIFemdsUCwQKCmf,LE FIVE Bobigny,published,pro,ChIJV8UONORs5kcRXxR5Qd7x130,48.901553&2.4313304,2024-02-19T22:00:00.000Z,60,8,public,false,,,4owi3i7t8EOvFNF6UQvACOpiDRy1,0,10,0,0,0,0,0
TaHlvHMIbukWIcxhRJL0,LE FIVE Bezons,canceled,captain,ChIJ71Mv0Wpk5kcRg-H9x7L-dXo,48.9190524&2.211796,2024-03-02T19:00:00.000Z,90,13.5,public,true,,2,bXodcAR6uANZrXNwS9lJKad1xIL2,9,10,0,0,0,0,0
TbTlqTpsTYmEjPyu1xwl,UrbanSoccer - Asnières,canceled,captain,ChIJi5LkLT9v5kcRSlhScqEFNWs,48.92192379999999&2.3068311,2024-02-26T21:45:00.000Z,60,9.5,public,true,Compétition,5,LApAsX3LXHP0CkOTfpRKtERhApO2,10,10,0,0,0,0,2
TcBWZUuujNf3W2rxVpkG,Foot POWER 5,canceled,pro,ChIJuTCIFshm5kcRBtEQJ76dAzc,48.960066&2.2061913,2024-02-27T17:00:00.000Z,90,5,public,false,,,sss3dYi6nzWd7rEjwcQ30LGKudj1,0,10,0,0,0,0,0
Tg7sYRCpXWIfH7DpOHb9,UrbanSoccer - Lyon Parilly,canceled,captain,ChIJx3FQWjLC9EcRrrQb2eV7i_4,45.7120399&4.9039284,2024-03-01T19:00:00.000Z,90,10,public,true,Détente,3,bgfKef658yX8AHhGuCmfPkNaMMD2,5,10,0,0,0,0,0
TgOtv1qIBuKVZ9kDr7IY,Play Soccer,canceled,captain,ChIJQ-UxZn-5rhIRKWoQydM5T9s,43.5512023&1.4098927,2024-03-03T17:00:00.000Z,90,12,public,false,,,pL0skPQs4CYYVXb682MCC9jXu8K2,9,10,0,0,0,0,0
ThTCpTpp88QRfIvFpadk,UrbanSoccer La Défense,played,captain,ChIJh4rnfVhk5kcRV2Q-ZKdm8vA,48.8996456&2.2216773,2024-03-03T09:45:00.000Z,60,14,public,true,Détente,3,OuKQCNAVmVgFhmarS3uuUBkQu6F2,10,10,4,0,0,0,2
TibRtqlaRbmDakrtsTKG,UrbanSoccer - Lille Lezennes,canceled,captain,ChIJR3ro5nTWwkcRfM_S3Be9HjI,50.6162725&3.0998108,2024-02-23T16:30:00.000Z,60,5,public,true,Détente,3,dvdYbjXAR8fQjpIGtP7Po8prEdE3,1,10,0,0,0,0,0
TjJ3CQwIscUNtfC7nppd,UrbanSoccer - Quai d'Ivry,canceled,captain,ChIJfXxYJ0xy5kcRw9xTkF6-FZQ,48.8199885&2.3936463,2024-02-23T21:20:00.000Z,90,11.5,public,true,Compétition,5,oKfGVfs7dYecPpobKfuTXiuhh8J3,10,10,0,0,0,0,0
Tl1TzQp3d5C4UV0b8JQh,Stadium Thiais,played,captain,ChIJ64X9jzx05kcRsHvSfOv6UcA,48.7511137&2.3715422,2024-02-25T09:30:00.000Z,30,15,public,false,Détente,2,UTfY1WbgvaY4SUgpOOH5xWN2Z1G2,10,10,4,0,0,0,0
Tl7wPB9pnFOQNFPjpTq7,UrbanSoccer - Asnières,canceled,captain,ChIJi5LkLT9v5kcRSlhScqEFNWs,48.92192379999999&2.3068311,2024-02-28T19:30:00.000Z,60,13.5,public,true,Détente,4,aPFdDV7DQ0SIbkflur7SIpiCL2D3,4,10,0,0,0,0,0
TmHGVlskYlXvMN8YjN1c,LE FIVE Paris 13,played,captain,ChIJ_bOSChhz5kcRZMTeq_6Gdzg,48.8181615&2.3658793,2024-02-26T20:00:00.000Z,60,14,public,true,Détente,3,TZAnCfdPmpSazLxq52W6VIJoiOj2,10,10,4,0,0,0,0
TmKCIcxRPHkUIJGfRw20,Complexe Sportif des Fillettes,played,captain,ChIJqcAr2YZu5kcRUTijKY5WfL0,48.8995287&2.3641637,2024-02-21T18:15:00.000Z,60,,public,false,Compétition,4,nROzsnyHSHV7QeRbPDHebMkqm0z1,14,14,2,0,0,0,2
TofhSBIBLbh3aHnceHX5,UrbanSoccer - Marne-La-Vallée,canceled,captain,ChIJ6bDBiosP5kcROXiloHzSdhc,48.82658600000001&2.6296937,2024-02-26T20:00:00.000Z,90,18,public,true,Compétition,4,r58DdTYUJMOGjQlqB4cJVwZ7DF83,1,10,0,0,0,0,0
Tqt2UnnbFYBAsWU9tIcY,LE FIVE Villette,published,captain,ChIJTUFnQjps5kcR0pHITLTw1PI,48.9070122&2.3861459,2024-03-04T20:00:00.000Z,90,18,public,false,Détente,,ydw4M05voVWMTMbzschUkFod6b62,8,10,0,0,0,0,2
TsjSGIQ0Z81CxkQ9lXdY,LE FIVE Montreuil,published,pro,ChIJJdTQjr0T5kcRZmGxtIJVy44,48.8613036&2.4653095,2024-03-04T22:00:00.000Z,60,8,public,false,,,u9uC1vjdcdQ3UqNxI0SiFxor0m43,0,10,0,0,0,0,0
TyJbFlHOyJYq034nxHOv,Stadium Thiais,published,pro,ChIJ64X9jzx05kcRsHvSfOv6UcA,48.7511024&2.3713455,2024-02-20T16:30:00.000Z,90,10,public,false,,,psf3NmXEPwdCltHKJC7VuvJocrF3,0,10,0,0,0,0,1
Tz6wWLgO8yFdxV0MPCEd,LE FIVE Paris 17,published,captain,ChIJ7eI8sFNv5kcR5xy52Wc57NU,48.900032&2.3213449,2024-02-26T15:00:00.000Z,60,10,public,true,Détente,,bbtlYKqWz7cwDNTCgsoXc2IptH52,5,10,0,0,0,0,1
TzFIugYDwpKIIBq6WckZ,Top Ten,played,pro,ChIJfXprBx4b5kcRmhe-5pLZUek,48.8729106&2.6840919,2024-02-26T16:00:00.000Z,90,5,public,false,,,i27253AGxOfXgYJK72sBnvUGuMk2,10,10,7,0,0,1,4
TzKDak1oqlpl9B9gxYRS,Terrain de Sport Westermeyer,canceled,captain,ChIJkcqlrnhz5kcRYDm_fAMKBxo,48.81732909999999&2.392745,2024-02-25T09:45:00.000Z,150,,public,false,Détente,2,FYfgfT1shkXXyaMI4sZTA7d9Qdw2,9,10,0,0,0,0,0
U1SxyrlIjnjr0Wls2gjE,Le Street Foot en Salle,played,captain,ChIJt_AXL6Jg5kcRu6rBmnrmeUM,49.0164435&2.181307,2024-02-28T19:00:00.000Z,90,12,public,false,Détente,3,hdb0YP9HZUcfMw27dW8jOPBQt3w1,10,10,7,0,0,0,4
U2TmLgDyEtC8MdkUrrFr,Stadium Thiais,published,pro,ChIJ64X9jzx05kcRsHvSfOv6UcA,48.7511024&2.3713455,2024-02-25T12:00:00.000Z,90,15,public,false,,,psf3NmXEPwdCltHKJC7VuvJocrF3,0,10,0,0,0,0,0
U3pUFSJwCFmxr90ziNSr,Foot-Max Argenteuil,published,pro,ChIJi9oIzaRm5kcRJYcK7QsdRMU,48.9501632&2.2093946,2024-02-24T10:00:00.000Z,90,12,public,false,,,SuEnyPZ4TgNIkt1yap2yJ3ZHO6p1,0,10,0,0,0,0,0
U4DYUzyVJ4lwXtz8peyx,UrbanSoccer - Lyon Parilly,played,captain,ChIJx3FQWjLC9EcRrrQb2eV7i_4,45.7120399&4.9039284,2024-03-04T18:15:00.000Z,90,15,private,true,Détente,3,vENMZ1yaZJg7Ie8dtcOnOQInYJh2,10,10,6,0,0,0,0
U4ncVCBrHJ2CGxFk82QW,Footbox,canceled,pro,ChIJY-WkusIR5kcR-tEad3UtaSQ,48.9022789&2.582647,2024-03-06T15:00:00.000Z,60,7,public,false,,,QI89VPazyLhBVnWH871jk4BUEZI3,0,10,0,0,0,0,0
U5vfaEqaUPvyNGinG3wO,City Stade Sud Bagneux,canceled,captain,ChIJpVLJJgBx5kcRQcHAfkzSr8Y,48.78808679999999&2.3022635,2024-03-02T18:00:00.000Z,120,,public,false,Compétition,4,oKfGVfs7dYecPpobKfuTXiuhh8J3,14,14,0,0,0,0,3
U8UVvekSHvj5BdFcdY05,UrbanSoccer - Quai d'Ivry,played,captain,ChIJfXxYJ0xy5kcRw9xTkF6-FZQ,48.8199885&2.3936463,2024-02-20T18:00:00.000Z,60,13.5,public,true,Détente,2,8Jre03KIPaMAxaeFJvMxvhOsyxE3,10,10,2,0,0,0,2
UAz6gvO98VG1z41lrZ0O,LE FIVE Créteil,published,pro,ChIJ88lx3VwL5kcRVxCh4lD6_Gk,48.7643086&2.4706522,2024-03-05T16:00:00.000Z,60,7,public,false,,,ZmXMWx7aTdPoPkkGOWa2HIQVblq2,1,10,0,0,0,0,0
UBRR6Mn2Ci6nYKOAYImw,UrbanSoccer - Lille Lezennes,canceled,captain,ChIJR3ro5nTWwkcRfM_S3Be9HjI,50.6162725&3.0998108,2024-02-29T17:30:00.000Z,60,9,public,true,Détente,,d04PypYD11hC9xRW7H3xSwfsR4B2,3,10,0,0,0,0,0
UDUI9y9StWQrnhblMLja,UrbanSoccer La Défense,published,captain,ChIJh4rnfVhk5kcRV2Q-ZKdm8vA,48.8996456&2.2216773,2024-03-02T10:00:00.000Z,60,11,public,true,Compétition,5,X4uIIxy9ZrTiXXCINOLiOyj2G8F2,7,10,0,0,0,0,0
UFYIAvUXxycgGJsGaNC2,Game 13 foot indoor,published,captain,ChIJNSDvlsXryRIRUXao9hwB79I,43.41258939999999&5.366617,2024-03-06T18:30:00.000Z,60,10,public,false,Détente,3,Ez3YAlfrUxgTTJcxq9sNBTRxuHP2,3,10,0,0,0,0,0
UI2jvTwyWs3am4Go5kpe,Footbox,published,pro,ChIJY-WkusIR5kcR-tEad3UtaSQ,48.9022789&2.582647,2024-02-21T19:00:00.000Z,60,10,public,false,,,QI89VPazyLhBVnWH871jk4BUEZI3,0,10,0,0,0,0,0
UK2UlauZLAsMrRU1DyAq,UrbanSoccer - Quai d'Ivry,played,captain,ChIJfXxYJ0xy5kcRw9xTkF6-FZQ,48.8199885&2.3936463,2024-03-07T19:45:00.000Z,90,20,public,true,Détente,3,K482d3xcTsbz4fYMOl5XmRaK9Al2,10,10,2,0,0,1,0
ULNupAgWquwvArMoIDm6,Foot POWER 5,canceled,pro,ChIJuTCIFshm5kcRBtEQJ76dAzc,48.960066&2.2061913,2024-02-27T17:00:00.000Z,90,5,public,false,,,sss3dYi6nzWd7rEjwcQ30LGKudj1,0,10,0,0,0,0,0
UMXVoXqbGr7EUgORzrf3,UrbanSoccer - Lille Lezennes,played,captain,ChIJR3ro5nTWwkcRfM_S3Be9HjI,50.6162725&3.0998108,2024-03-03T14:00:00.000Z,60,8.5,public,true,Compétition,3,2sanzmSM99PtBOgzVeGt2bUNxCC2,10,10,3,0,0,0,0
UMiYY7rlTLcKgxpWEXUS,LE FIVE Paris 18,played,captain,ChIJpVT4_n1u5kcRzji6FdTBXXo,48.8978522&2.3700234,2024-02-20T21:00:00.000Z,60,14,public,true,Détente,3,gP8yCfO5CueVxeNTHrj86LFBJS72,10,10,2,0,0,0,1
UMtNX2fvF0sD11l1tyIe,Stadium Thiais,played,pro,ChIJ64X9jzx05kcRsHvSfOv6UcA,48.7511024&2.3713455,2024-02-23T18:00:00.000Z,90,15,public,false,,,psf3NmXEPwdCltHKJC7VuvJocrF3,10,10,5,0,0,0,1
UNFs8XhmBOE6JNMtNe3k,LE FIVE Paris 18,hidden,pro,ChIJpVT4_n1u5kcRzji6FdTBXXo,48.8978522&2.3700234,2024-02-25T16:00:00.000Z,90,10,public,false,,,UQf33jQhVZhle917nO0h7D5qclV2,0,10,0,0,0,0,0
UOMIwzTGQJg83KkJtZJc,FOOT IN FIVE,canceled,captain,ChIJoUR0syFp5kcRUlStnwluaYY,48.9552257&2.3328346,2024-02-24T17:00:00.000Z,90,15,public,false,Compétition,4,pFzXIXpbKGa6Y4q8RgaVZ3TQUYj1,1,10,0,0,0,0,0
USicydcxYLEbjKqLdo2M,Play Soccer,canceled,captain,ChIJQ-UxZn-5rhIRKWoQydM5T9s,43.5512023&1.4098927,2024-02-27T11:30:00.000Z,60,8,public,false,,,8LtkeOuZHeePxfkXdNPmQSr7V9L2,8,10,0,0,0,0,0
UT4xgBf001RKKpFXU5CC,LE PARK Complexe Multisports,published,captain,ChIJdUHbID8O5kcRV5lQhiHTvhs,48.8337843&2.5728501,2024-02-26T18:30:00.000Z,60,10,public,false,Détente,2,6trSfhXu40fMmNBcA4s3ATCzKOu1,9,10,0,0,0,0,0
UTJcuQhmQzqWglpayQJe,UrbanSoccer Orsay,canceled,captain,ChIJpZIJg7J45kcRrKWKhtbfnEQ,48.70829&2.17794,2024-02-22T20:30:00.000Z,60,11.5,public,true,,3,e97kYGqyMESLn7Cx7cqhJX0Ugvk1,1,10,0,0,0,0,0
UVMHjXy6nApH3t16JLAn,UrbanSoccer - Toulouse Sept Deniers,canceled,captain,ChIJk5nUBdOkrhIRP-1aUJzo-lA,43.6321552&1.411696,2024-03-03T16:00:00.000Z,30,12,public,true,Détente,,7Tb5XUFyHzXtxXh1KP4qZwZpR5b2,9,10,0,0,0,0,0
UXOr2eYpPzgCqaSHTspG,LE PARK Complexe Multisports,canceled,captain,ChIJMU8gErUJ5kcRSnpvacKwFtM,48.71189589999999&2.5771181,2024-03-01T18:00:00.000Z,90,15,public,false,Détente,2,RRHJL5sS0wRg6OKzZokEYtd1mdz2,5,10,0,0,0,0,0
UXQ1w9MOYVb6LaTS6dB3,LE FIVE Paris 18,played,captain,ChIJpVT4_n1u5kcRzji6FdTBXXo,48.8978522&2.3700234,2024-02-27T18:30:00.000Z,60,14,public,true,Détente,,yb2Lf2SE43Qbv9lslzMllwnrtFF3,10,10,3,0,0,0,1
UaCPO6VFtxkbqnw07kiv,Top Ten,published,pro,ChIJfXprBx4b5kcRmhe-5pLZUek,48.8729106&2.6840919,2024-03-07T17:30:00.000Z,90,165,public,false,,,i27253AGxOfXgYJK72sBnvUGuMk2,0,10,0,0,0,0,0
UaU4RgqsKOARepg7UVLr,Footbox,canceled,pro,ChIJY-WkusIR5kcR-tEad3UtaSQ,48.9022789&2.582647,2024-03-03T16:00:00.000Z,60,10,public,false,,,QI89VPazyLhBVnWH871jk4BUEZI3,0,10,0,0,0,0,0
UcHE7ztnhRZoc61tb5Sd,Stadium Thiais,published,pro,ChIJ64X9jzx05kcRsHvSfOv6UcA,48.7511024&2.3713455,2024-02-21T14:00:00.000Z,90,8,public,false,,,psf3NmXEPwdCltHKJC7VuvJocrF3,1,10,0,0,0,0,1
UdermOWSIEVwCLI6T2DZ,LE FIVE Bezons,played,pro,ChIJ04KEHBZk5kcRoDWLaMOCCwQ,48.91909&2.2093051,2024-03-03T19:00:00.000Z,90,15,public,false,,,U3MriTZbPbTUEsU6RtRuHxDMKvg2,10,10,8,0,1,0,7
Ue56yokZP5zd42VVPM6v,UrbanSoccer - Quai d'Ivry,played,captain,ChIJfXxYJ0xy5kcRw9xTkF6-FZQ,48.8199885&2.3936463,2024-02-20T17:00:00.000Z,60,11.5,public,true,Compétition,5,zVFyiSjFQpbquLDuUGOHWXNZO1w2,10,10,3,0,0,0,1
UerVFjrYEGoTHK6hrXID,Evolution Football,canceled,captain,ChIJX0YulIi8yRIRnGh62u3UXTQ,43.2836074&5.52356,2024-03-01T20:00:00.000Z,60,9,public,false,Détente,3,zZSd6LMeHpShEqkT7yOHz76kjP03,9,10,0,0,0,0,0
UgtlAAJqN9MS5jOZ6PYv,UrbanSoccer - Porte d'Aubervilliers,played,captain,ChIJ0dXjDCZs5kcRvX0EpMwxsUY,48.9074912&2.3746518,2024-02-28T18:00:00.000Z,60,12.5,public,true,Détente,4,Js0ZVwfTpuRoYrt9YeO4eFMwpth1,10,10,3,0,0,0,1
UheXe3Rw3dXXV0gFues7,UrbanSoccer Evry,canceled,captain,ChIJW0Ut1G7e5UcRt621n2fRQ5M,48.6286849&2.4066366,2024-03-01T11:00:00.000Z,90,12,public,true,Compétition,3,w354bbFdsUaL0D784c6BR7KSv3J3,1,10,0,0,0,0,0
UhxaHYqkxUD748xXYEUr,Play Soccer,played,captain,ChIJQ-UxZn-5rhIRKWoQydM5T9s,43.5512023&1.4098927,2024-03-06T19:30:00.000Z,60,10,public,false,Détente,3,8LtkeOuZHeePxfkXdNPmQSr7V9L2,10,10,4,0,0,0,0
UiEUrhU73ECWWo9LkgyO,Stadium Thiais,played,pro,ChIJ64X9jzx05kcRsHvSfOv6UcA,48.7511024&2.3713455,2024-03-03T19:30:00.000Z,90,15,public,false,,,psf3NmXEPwdCltHKJC7VuvJocrF3,12,12,9,0,0,0,5
Um32Gp19k2LLPJle9pyE,UrbanSoccer - Puteaux,played,captain,ChIJM_sC0-Nk5kcRhL1y_EFIje8,48.8836397&2.2312283,2024-03-04T17:30:00.000Z,60,10,public,true,Détente,3,hptCWP5WHhZz7ABw4gNaekWihtT2,10,10,2,0,0,0,1
UpRrAf6vlQdJbAfYQBKf,Terrain de sport Langevin wallon,canceled,captain,ChIJ8YTRM6Zx5kcRWWK6S3r6dDY,48.80519779999999&2.2934604,2024-02-25T12:30:00.000Z,90,,public,false,Compétition,3,Rw4SKPnPXDMtsv0wlhJNGs76tM33,8,10,0,0,0,0,0
UqH2vdYD08aN8iqY3cFI,Top Ten,published,pro,ChIJfXprBx4b5kcRmhe-5pLZUek,48.8729106&2.6840919,2024-02-22T11:00:00.000Z,90,5,public,false,,,i27253AGxOfXgYJK72sBnvUGuMk2,0,10,0,0,0,0,0
UsX1ZeDwgs8EF8vVLwAC,LE FIVE Paris 17,played,captain,ChIJ7eI8sFNv5kcR5xy52Wc57NU,48.900032&2.3213449,2024-02-26T19:00:00.000Z,60,12,public,true,Détente,2,wiP7CjsMP4ejYJwcc9LMAm5KDuv2,10,10,2,0,0,0,0
UttOBqvOM9qvtUTm8rqc,LE FIVE Morangis,canceled,captain,ChIJA4uAhOXZ5UcRp-vZXZP-ovY,48.692672&2.3192811,2024-02-27T17:30:00.000Z,60,10,public,false,Compétition,2,PS9n8jmLhPX5jPksGclXkWO0Tff2,10,10,0,0,0,0,0
UubgBGyavMyQksdbc2ty,UrbanSoccer - Quai d'Ivry,played,captain,ChIJfXxYJ0xy5kcRw9xTkF6-FZQ,48.8199885&2.3936463,2024-02-20T19:45:00.000Z,60,14.5,public,true,Détente,2,N70CPW8iepeZm5DEeRF8AN6bzIy1,10,10,3,0,0,0,0
Uug4rlT6vvQ5XZXVvdmY,UrbanSoccer Meudon,played,captain,ChIJ0WKvjbh75kcRoqSmyWwW2jQ,48.80013599999999&2.2140811,2024-03-07T19:30:00.000Z,90,16.5,public,true,Détente,3,jkKbDwmEuuUBtB1ypHKLVvsqLmF2,10,10,0,0,0,0,0
UurWpscg2eF1rZaA2wZC,LE FIVE Paris 17,played,captain,ChIJ7eI8sFNv5kcR5xy52Wc57NU,48.900032&2.3213449,2024-03-02T11:00:00.000Z,60,10,public,true,Chill,2,XDHpmHmokreTqQEX5WwhKEegfZE2,10,10,2,0,0,0,0
UvCUkZaytP9VNQ0BjXEf,Stadium Thiais,played,captain,ChIJ64X9jzx05kcRsHvSfOv6UcA,48.7511137&2.3715422,2024-02-20T16:00:00.000Z,120,10,public,false,Détente,3,Dohg1zNvhsbmGrYuAmExKFyjruw2,10,10,2,0,0,0,0
Ux72AbKyEJKvV6xWKn3u,LE FIVE Paris 18,canceled,captain,ChIJpVT4_n1u5kcRzji6FdTBXXo,48.8978522&2.3700234,2024-02-28T13:30:00.000Z,60,10,public,true,Détente,2,pTDDyl1TKzTO6WOS0wjvfTNR2mS2,7,10,0,0,0,0,1
UxoR4PJ3edFknGXOsbGU,UrbanSoccer - Toulouse Sept Deniers,played,captain,ChIJk5nUBdOkrhIRP-1aUJzo-lA,43.6321552&1.411696,2024-02-27T11:30:00.000Z,60,9,public,true,Détente,3,ut6d6LhB5IRFea9D3TUVJnvHalp1,10,10,2,0,0,0,0
UyMU1Z8hxmyUFUYaitiE,Centre Sportif Maryse Hilsz,played,captain,ChIJgY6iBYxt5kcRHD7TB4jAHV4,48.8520783&2.4128877,2024-03-05T11:20:00.000Z,150,,private,false,Compétition,5,1Fkzl7JONMQgLkuJEFE1meNaqUI2,16,16,0,0,0,0,0
Uyum52PGWCylO5yyskyR,UrbanSoccer La Défense,canceled,captain,ChIJh4rnfVhk5kcRV2Q-ZKdm8vA,48.8996456&2.2216773,2024-03-01T19:15:00.000Z,60,15,public,true,Détente,3,woxciayJG1g5veD3WTxX4xwyqAz1,9,10,0,0,0,0,0
V0771Lo2xVX9pzgd70r0,Footbox,published,pro,ChIJY-WkusIR5kcR-tEad3UtaSQ,48.9022789&2.582647,2024-02-26T18:00:00.000Z,60,10,public,false,,,QI89VPazyLhBVnWH871jk4BUEZI3,0,10,0,0,0,0,0
V1zYX1NXXO6vSNSbSlR7,UrbanSoccer - Lille Lezennes,canceled,captain,ChIJR3ro5nTWwkcRfM_S3Be9HjI,50.6162725&3.0998108,2024-03-04T21:00:00.000Z,60,5,public,true,Détente,3,P5NHKGTAoMNoNii01JrdAYqY2mr2,5,10,0,0,0,0,0
V3OCfE89av4sG31VCvIT,UrbanSoccer - Puteaux,played,captain,ChIJM_sC0-Nk5kcRhL1y_EFIje8,48.8836397&2.2312283,2024-03-07T18:00:00.000Z,60,14.5,public,true,Détente,3,gMLIXwxV4Cf03czt5rl3xClCRst1,10,10,0,0,0,0,2
V6BHU4rFrhC1yck2Bor1,UrbanSoccer - Puteaux,played,captain,ChIJM_sC0-Nk5kcRhL1y_EFIje8,48.8836397&2.2312283,2024-02-22T11:00:00.000Z,60,11,public,true,Détente,3,WQ5S4tuh8AhHhITkAMce3yq8gRm2,10,10,10,0,0,0,0
V6gtAG0eWyThYBcEfI41,UrbanSoccer - Porte d'Aubervilliers,canceled,captain,ChIJ0dXjDCZs5kcRvX0EpMwxsUY,48.9074912&2.3746518,2024-03-03T08:45:00.000Z,60,12,private,true,Chill,4,XLgh1e1C9yNF4Lg70LZupkdHvFi2,9,10,0,0,0,0,0
V9gtP5dNE5y1beNGFiB3,Sport dans la Ville Rhône-Alpes,canceled,captain,ChIJoUEDcmvr9EcRILCz6hDCQ2o,45.7811703&4.8081568,2024-02-28T17:00:00.000Z,90,13,public,false,Détente,4,cjs1TdTDJuNnnvxRDFKOTIWUmA73,7,10,0,0,0,0,0
VA96xH8yvf1aIw7BACKO,Le 13 - Foot en salle - Marseille,canceled,captain,ChIJR62kUm_ByRIRDnGQqGCeUVQ,43.33370070000001&5.370389599999999,2024-03-06T19:20:00.000Z,60,12,public,false,,4,bm66scWJU8SuhIpKIska6vB8mdt2,8,10,0,0,0,0,0
VATSRpSkAR895bPoBVLE,LE FIVE Montreuil,published,pro,ChIJJdTQjr0T5kcRZmGxtIJVy44,48.8613036&2.4653095,2024-03-05T09:00:00.000Z,60,7,public,false,,,u9uC1vjdcdQ3UqNxI0SiFxor0m43,0,10,0,0,0,0,0
VAegfKfHu1SZNaCgTEkO,UrbanSoccer - Quai d'Ivry,published,captain,ChIJfXxYJ0xy5kcRw9xTkF6-FZQ,48.8199885&2.3936463,2024-02-22T21:00:00.000Z,60,15,public,true,Competition,,OLYEZmaF2WXuN9CrFarrhJprszn1,6,10,0,0,0,0,0
VB7ZkCvXQwz3JOR05AQc,Stadium Thiais,canceled,captain,ChIJ64X9jzx05kcRsHvSfOv6UcA,48.7511137&2.3715422,2024-03-06T20:00:00.000Z,90,14,public,false,Compétition,4,S4caqen5x8VpVPMeP1uP4X5Dhpr1,7,10,0,0,0,0,0
VBvK6deT1ES9vJFoPvC9,LE FIVE Montreuil,published,pro,ChIJJdTQjr0T5kcRZmGxtIJVy44,48.8613036&2.4653095,2024-03-04T22:00:00.000Z,60,8,public,false,,,u9uC1vjdcdQ3UqNxI0SiFxor0m43,0,10,0,0,0,0,0
VE7YQYmvFFPjUzVjg2yR,UrbanSoccer La Défense,canceled,captain,ChIJh4rnfVhk5kcRV2Q-ZKdm8vA,48.8996456&2.2216773,2024-02-25T18:45:00.000Z,90,20.25,public,true,Détente,3,FfMDDrBH4QVfPPhuTDCL6LcU1pT2,6,10,0,0,0,0,1
VEA947h3AuhrIA0LICjU,Stade Georges Carpentier,played,captain,ChIJDcRAPQZz5kcRRfIYvk9rvQQ,48.8190383&2.3661251,2024-03-01T15:30:00.000Z,120,,public,false,,3,IEU57Q7nmbbkCnloDOZa6y1BGHS2,16,16,9,0,1,1,15
VEnMa2OvmJltVFYij6Tt,Stadium Thiais,played,pro,ChIJ64X9jzx05kcRsHvSfOv6UcA,48.7511024&2.3713455,2024-02-21T18:00:00.000Z,90,15,public,false,,,psf3NmXEPwdCltHKJC7VuvJocrF3,10,10,7,0,0,0,6
VFCwGuxrgvV6ChzXwYlo,Kinshasa,published,pro,ChIJi2oG_jAxahoRjTdSH05-ixY,-4.3032527&15.310528,2024-02-25T11:23:00.000Z,90,12,public,false,,,zCvsukfMuuffsuPpSTQwb7MusMD2,0,10,0,0,0,0,0
VFsexJqD0sfzjBA0WhSJ,CA Romainville,canceled,captain,ChIJ6ZZX-Itt5kcRjhHfH1Jkgdc,48.8869386&2.4421851,2024-02-25T09:30:00.000Z,120,9999999,public,false,Détente,3,lp3HxMszwUT4btAAKLAKDzNdP1j1,1,24,0,0,0,0,0
VGpsu8x8qYoMA55SZnXa,Top Ten,played,pro,ChIJfXprBx4b5kcRmhe-5pLZUek,48.8729106&2.6840919,2024-03-06T16:00:00.000Z,90,5,public,false,,,i27253AGxOfXgYJK72sBnvUGuMk2,10,10,3,0,0,0,7
VH8OtgvadFOMDPaZsjUg,Complexe sportif Arrighi - Stade - Gymnase - Tennis,canceled,captain,ChIJdY7UfIRz5kcRyDIR404fW5A,48.7830911&2.3989573,2024-02-22T19:00:00.000Z,120,,private,false,Détente,3,5v9WX6HkohWW6s4r8BR39p1iJxu1,16,16,0,0,0,0,2
VI3CRJKdhT3hbg809WjJ,Footbox,published,pro,ChIJY-WkusIR5kcR-tEad3UtaSQ,48.9022789&2.582647,2024-02-23T14:00:00.000Z,60,7,public,false,,,QI89VPazyLhBVnWH871jk4BUEZI3,0,10,0,0,0,0,0
VIRgC3jaG7oLZzApkdcE,Foot POWER 5,canceled,pro,ChIJuTCIFshm5kcRBtEQJ76dAzc,48.960066&2.2061913,2024-02-22T17:00:00.000Z,90,5,public,false,,,sss3dYi6nzWd7rEjwcQ30LGKudj1,0,10,0,0,0,0,0
VPwnCUQoq60tXFT35Y8x,Stade Suchet,played,captain,ChIJn_jMprN65kcRf4CiZAaAht4,48.85501319999999&2.2620447,2024-02-28T10:45:00.000Z,90,,public,false,Détente,3,XnvW9brVmuclYXS7MIYBC1ThD8e2,10,10,3,0,0,0,6
VRgV2TwPzJrd1kP4vvgI,Play Soccer,canceled,captain,ChIJQ-UxZn-5rhIRKWoQydM5T9s,43.5512023&1.4098927,2024-02-29T18:00:00.000Z,60,10,public,false,Détente,2,Vu8c6MUZE5eC3WjWEjTz1B6HAX92,2,10,0,0,0,0,0
VSRTyJUBopxtkjkMXHjw,Speed Soccer Five,played,captain,ChIJ2xTNglV25kcR3UDi4AXGfDU,48.7360598&2.315058,2024-02-22T18:30:00.000Z,90,13,public,false,Détente,2,FWiHj2WYCIaFSxxUqjWxQeBim1S2,10,10,1,0,0,0,0
VSV5aMETlozFLtvykY4t,Game 13 foot indoor,published,captain,ChIJNSDvlsXryRIRUXao9hwB79I,43.41258939999999&5.366617,2024-02-25T11:00:00.000Z,60,10,public,false,Détente,4,Ez3YAlfrUxgTTJcxq9sNBTRxuHP2,9,10,0,0,0,0,0
VSpQjmK23i60kNp3riMx,Terrain de football extérieur,canceled,captain,ChIJ05tyRmlt5kcRMz1mc81GAoY,48.8578959&2.4479048,2024-02-24T09:50:00.000Z,90,,public,false,Détente,3,qwxV6W1jTdYxVX5YKahQnOl9ej83,8,10,0,0,0,0,1
VTMJCLO4Ui4Re5hUnkxI,UrbanSoccer - Puteaux,played,captain,ChIJM_sC0-Nk5kcRhL1y_EFIje8,48.8836397&2.2312283,2024-03-01T17:30:00.000Z,90,19.5,public,true,Détente,2,NEKFy2e54EejpzM1OrTQlMGNXek2,10,10,2,0,0,0,3
VUe89w0n5xbJq6Xmx9uz,UrbanSoccer - Quai d'Ivry,played,captain,ChIJfXxYJ0xy5kcRw9xTkF6-FZQ,48.8199885&2.3936463,2024-02-27T20:15:00.000Z,60,14,public,true,Détente,3,7KCTRqHWpoffyFbx9aJh0HxLRM92,10,10,1,0,0,0,1
VV3YAjF05ACJu8hWjU2O,LE FIVE Bezons,canceled,captain,ChIJ71Mv0Wpk5kcRg-H9x7L-dXo,48.9190524&2.211796,2024-02-28T22:00:00.000Z,60,11,public,true,Détente,,fegm8VarPMVE3hf2APl6llCnPpD3,1,10,0,0,0,0,0
VVkIJ6BpujUFKwjSUnK9,LE FIVE Villette,canceled,captain,ChIJTUFnQjps5kcR0pHITLTw1PI,48.9070122&2.3861459,2024-02-20T18:00:00.000Z,60,12,public,false,Détente,3,bq5PYibx0dc8CtgPFur2BqH8l2j1,9,10,0,0,0,0,0
VW7IjRXiEArH87t0jpeU,LE FIVE Paris 17,published,captain,ChIJ7eI8sFNv5kcR5xy52Wc57NU,48.900032&2.3213449,2024-03-05T16:30:00.000Z,90,14.5,public,true,Compétition,2,t0vpbCzdyfTdNJrIyUBRkswDzO53,9,10,0,0,0,0,0
VWHpvltcZfJof0HBf1Ug,UrbanSoccer - Marne-La-Vallée,published,captain,ChIJ6bDBiosP5kcROXiloHzSdhc,48.82658600000001&2.6296937,2024-02-21T19:45:00.000Z,90,18,public,true,Compétition,4,r58DdTYUJMOGjQlqB4cJVwZ7DF83,5,10,0,0,0,0,0
VWYvjI3p3iyxdvvrZxXC,LE PARK Complexe Multisports,canceled,captain,ChIJdUHbID8O5kcRV5lQhiHTvhs,48.8337843&2.5728501,2024-02-29T16:30:00.000Z,90,10,public,false,Compétition,5,55P5dI8hIqhqQ7DhJ9gJ11ESHqr1,7,10,0,0,0,0,0
VYQqrPoTgZcDJ0xn8zAW,UrbanSoccer - Puteaux,canceled,captain,ChIJM_sC0-Nk5kcRhL1y_EFIje8,48.8836397&2.2312283,2024-02-24T18:00:00.000Z,120,7.5,public,true,Compétition,4,12zH327GP6M0eKl8lMsoXXFV7oV2,11,12,0,0,0,0,0
VYXAXyRGUEijLefkvrr7,Events Five,canceled,captain,ChIJf8cSCJG5rhIRoQadPH-wW1U,43.5399703&1.3922897,2024-03-04T18:00:00.000Z,60,9,public,false,Détente,,AMEnp6DXr5auGuUEuCYRvdtRzUC2,10,10,0,0,0,0,0
VYkDnxsHYpmGSecQsyKH,Monclub Futbol,canceled,pro,ChIJGbxxaamUyRIRgGvhHnhJStA,43.4299152&5.4001974,2024-03-02T15:30:00.000Z,90,12,public,false,,,CSTy9rmJRQSyWlqWuGiUhGpAGqf2,3,10,0,0,0,0,0
VZ9zCsZkx1XBYQgDkB61,LE FIVE Montreuil,published,pro,ChIJJdTQjr0T5kcRZmGxtIJVy44,48.8613036&2.4653095,2024-02-21T11:00:00.000Z,90,10.5,public,false,,,u9uC1vjdcdQ3UqNxI0SiFxor0m43,0,10,0,0,0,0,0
VdNhnVLxnpWdKmtlPuLn,Monclub Futbol,canceled,captain,ChIJGbxxaamUyRIRgGvhHnhJStA,43.4299152&5.4001974,2024-02-28T18:00:00.000Z,60,9,public,false,Détente,2,CSTy9rmJRQSyWlqWuGiUhGpAGqf2,7,10,0,0,0,0,0
Vg7v8pbkmUgE5jHRZx4n,Stadium Thiais,published,pro,ChIJ64X9jzx05kcRsHvSfOv6UcA,48.7511024&2.3713455,2024-02-24T18:00:00.000Z,90,15,public,false,,,psf3NmXEPwdCltHKJC7VuvJocrF3,0,10,0,0,0,0,0
VgLpxi3iYK5qgFA77Muj,UrbanSoccer La Défense,played,captain,ChIJh4rnfVhk5kcRV2Q-ZKdm8vA,48.8996456&2.2216773,2024-03-02T17:00:00.000Z,60,12.5,public,true,Détente,2,Ot7FS5u513eyFucAKLCoOwJ9C2m1,10,10,0,0,0,0,0
Vgs6FhZcciuMybbMeY9h,Foot-Max Argenteuil,published,pro,,48.9501632&2.2093946,2024-03-05T11:00:00.000Z,60,8,public,false,,,SuEnyPZ4TgNIkt1yap2yJ3ZHO6p1,0,10,0,0,0,0,0
Vi8BpvFJSEHHGYCAGFIN,LE FIVE Bezons,canceled,captain,ChIJ71Mv0Wpk5kcRg-H9x7L-dXo,48.9190524&2.211796,2024-02-27T18:00:00.000Z,60,13,public,true,,3,9WXQyb3C85XO76iQoK1K2FoniFs1,5,10,0,0,0,0,0
ViXdk21OUCRnHJ5txTK3,UrbanSoccer - Puteaux,canceled,captain,ChIJM_sC0-Nk5kcRhL1y_EFIje8,48.8836397&2.2312283,2024-03-04T18:30:00.000Z,60,13,public,true,Détente,3,bhJeB6nV3qaXLJZZ1m5g4ndq4mz2,10,10,0,0,0,0,1
VjPlhDWwVLSxUh3esd9c,Events Five,played,captain,ChIJf8cSCJG5rhIRoQadPH-wW1U,43.5399703&1.3922897,2024-02-28T18:00:00.000Z,60,9.5,public,false,Détente,3,dnAk8SuzEUMTsYXkQJL6fOKkOYy2,10,10,2,0,0,0,0
VkTQnGHDrpoKwwDZgxRV,UrbanSoccer - Lille Lezennes,published,captain,ChIJR3ro5nTWwkcRfM_S3Be9HjI,50.6162725&3.0998108,2024-02-24T15:45:00.000Z,60,9,public,true,Détente,,KoMMspPpOrQB6lklhBjC6eSYPZp2,5,10,0,0,0,0,0
VkYTlo7QKMyyRbDlroTd,Stade Georges Carpentier,canceled,captain,ChIJDcRAPQZz5kcRRfIYvk9rvQQ,48.8190383&2.3661251,2024-03-05T14:30:00.000Z,120,,public,false,Compétition,5,ILY6io7dWQWnIFWAt9WkHQ1NFI03,3,16,0,0,0,0,0
VmwCBovh9KPFqXD8VKGU,LE FIVE Paris 18,played,pro,ChIJpVT4_n1u5kcRzji6FdTBXXo,48.8978522&2.3700234,2024-02-26T16:00:00.000Z,60,5,public,false,,,UQf33jQhVZhle917nO0h7D5qclV2,10,10,9,0,0,0,3
Vn4oLuRpqDOVMlJpwgnl,UrbanSoccer - Toulouse Montaudran,played,captain,ChIJl772e0u8rhIR2foRX4Xa2CI,43.574642&1.4801835,2024-03-06T17:30:00.000Z,60,11,public,true,Détente,3,QkPdR0lP7WYATo9TEkBcGlPNN2j1,10,10,0,0,0,0,0
Vo8LSQThizOJrV5JLs4J,Top Ten,published,pro,ChIJfXprBx4b5kcRmhe-5pLZUek,48.8729106&2.6840919,2024-03-05T11:00:00.000Z,90,5,public,false,,,i27253AGxOfXgYJK72sBnvUGuMk2,2,10,0,0,0,0,2
VpZVfbHF3Q6n4b0GElyZ,UrbanSoccer - Marne-La-Vallée,played,captain,ChIJ6bDBiosP5kcROXiloHzSdhc,48.82658600000001&2.6296937,2024-02-29T19:15:00.000Z,90,15.75,public,true,Détente,5,pc5sZEZSy5Nnzq7NygjDWzuE4wj2,10,10,2,0,0,0,0
VqBHdaiEG3DNU6FxVS0E,city-stade,canceled,captain,ChIJE1CI4dxv5kcRyxG3qBa7dYE,48.9124217&2.3126372,2024-02-29T20:00:00.000Z,90,,private,false,Compétition,3,p6CSfplBr1bFDVdylKaSjfU2YpS2,7,16,0,0,0,0,1
VtGFJT8UMrhuvCezZ5P6,UrbanSoccer La Défense,canceled,captain,ChIJh4rnfVhk5kcRV2Q-ZKdm8vA,48.8996456&2.2216773,2024-02-20T18:15:00.000Z,60,14.5,public,true,Compétition,4,oMRpp2JfVcdwqdTtb9wU0D1iIIf2,8,10,0,0,0,0,0
VuxkQzAI6BBRRXErWMas,LE FIVE Paris 18,played,pro,ChIJpVT4_n1u5kcRzji6FdTBXXo,48.8978522&2.3700234,2024-02-24T21:30:00.000Z,90,10,public,false,,,UQf33jQhVZhle917nO0h7D5qclV2,10,10,6,0,0,0,8
Vvh5e7CchxX5vIx5YOZT,LE FIVE Paris 13,published,pro,ChIJ_bOSChhz5kcRZMTeq_6Gdzg,48.8181615&2.3658793,2024-03-01T22:00:00.000Z,60,10,public,false,,,FjSnzlRFFfhWVWQJGfIEwRc2ZMj2,0,10,0,0,0,0,0
VxQqoIXY9gDYTvp4oebi,LE FIVE Champigny,played,captain,ChIJsXi1PLYN5kcRTVVDuczgS2s,48.8194084&2.5251846,2024-02-28T19:25:00.000Z,90,16.5,public,false,Détente,,H87PgE8mVNbkq1svhnS5AoIvqgh1,10,10,2,0,0,0,1
Vy9kzDiZmPvSVe9h8Y2n,UrbanSoccer Evry,played,captain,ChIJW0Ut1G7e5UcRt621n2fRQ5M,48.6286849&2.4066366,2024-02-20T18:45:00.000Z,60,11,public,true,Compétition,4,KPJHi1NSttc5gERBJVUmo0068ww1,10,10,2,0,0,0,0
Vz9EuSoINUItdEEIb7mJ,UrbanSoccer - Lille Lezennes,canceled,captain,ChIJR3ro5nTWwkcRfM_S3Be9HjI,50.6162725&3.0998108,2024-02-23T20:00:00.000Z,90,9,public,true,Compétition,2,kLMnhMq4XxfT3taE3uh5EF6R6sB3,9,10,0,0,0,0,0
VzBXYRxF3pURjbyVStHs,UrbanSoccer - Puteaux,published,captain,ChIJM_sC0-Nk5kcRhL1y_EFIje8,48.8836397&2.2312283,2024-03-07T18:00:00.000Z,60,14.5,private,true,Competition,3,ZlJwZCv4A0ZaJqcHEy9eYC9lvUg2,9,10,0,0,0,0,0
W0lOkx8n2RIqWMSrlUcL,UrbanSoccer - Porte d'Aubervilliers,canceled,captain,ChIJ0dXjDCZs5kcRvX0EpMwxsUY,48.9074912&2.3746518,2024-02-22T19:00:00.000Z,60,10,public,true,,2,BRvQRhP7f8WWZIMbNxHgBjXRKcT2,5,10,0,0,0,0,0
W2JDwoa7gHTbtxiRI3KW,Foot-Max Argenteuil,played,captain,ChIJi9oIzaRm5kcRJYcK7QsdRMU,48.9501569&2.2093741,2024-02-26T20:00:00.000Z,60,8,public,false,Détente,,NjmfqXZgTBaqqkagmTqQccV1h7v1,10,10,6,0,0,0,4
W2X1sd36Kkl7IZChB9G2,UrbanSoccer Meudon,published,captain,ChIJ0WKvjbh75kcRoqSmyWwW2jQ,48.80013599999999&2.2140811,2024-03-04T18:30:00.000Z,90,17.5,public,true,Détente,3,wwwSCl4VKbeqMo8M0SkDUKPCxS72,4,10,0,0,0,0,1
W4E638SwVYDKVkbgaD5W,Stadium Thiais,published,captain,ChIJ64X9jzx05kcRsHvSfOv6UcA,48.7511137&2.3715422,2024-03-07T16:30:00.000Z,90,10,public,false,Détente,3,Dohg1zNvhsbmGrYuAmExKFyjruw2,9,10,0,0,0,0,1
W5mVI2abcFiucDaT9v0P,Stadium Thiais,played,pro,ChIJ64X9jzx05kcRsHvSfOv6UcA,48.7511024&2.3713455,2024-02-27T18:00:00.000Z,90,15,public,false,,,psf3NmXEPwdCltHKJC7VuvJocrF3,10,10,5,0,0,0,0
WA6pGsoO26rLmkktkSQ1,LE FIVE Paris 17,played,captain,ChIJ7eI8sFNv5kcR5xy52Wc57NU,48.900032&2.3213449,2024-02-23T18:30:00.000Z,90,18,public,true,Détente,2,qwy8H1lpm0cA0FbmVTWkHpQbzny2,10,10,0,0,0,0,0
WClFcwgq3OYlrCc8wk0a,LE FIVE Paris 13,canceled,pro,ChIJ_bOSChhz5kcRZMTeq_6Gdzg,48.8181615&2.3658793,2024-02-29T22:00:00.000Z,60,10,public,false,,,FjSnzlRFFfhWVWQJGfIEwRc2ZMj2,0,10,0,0,0,0,0
WG4rZUsYQkKk1O6I6F2r,Parc Sainte Barbe,played,captain,ChIJtw301r5w5kcRvRjidiuAyaw,48.7922897&2.2913469,2024-02-29T12:45:00.000Z,120,,public,false,Détente,4,rzC8A0bd4afb9AWrHKlCPT9461y1,16,16,4,0,0,0,0
WGyu622EUZOBtxDvf0JI,Footbox,published,pro,ChIJY-WkusIR5kcR-tEad3UtaSQ,48.9022789&2.582647,2024-02-24T16:00:00.000Z,60,10,public,false,,,QI89VPazyLhBVnWH871jk4BUEZI3,0,10,0,0,0,0,0
WIUNMeVvxNhXMfjVuRl6,UrbanSoccer Meudon,canceled,captain,ChIJ0WKvjbh75kcRoqSmyWwW2jQ,48.80013599999999&2.2140811,2024-03-07T19:00:00.000Z,60,10,public,true,Détente,,W2wFIbcH0aQECe3QOQZBd4zTmhe2,1,10,0,0,0,0,0
WKKe9SbAOwJvhWY3uXOb,UrbanSoccer La Défense,canceled,captain,ChIJh4rnfVhk5kcRV2Q-ZKdm8vA,48.8996456&2.2216773,2024-02-27T20:30:00.000Z,60,14.5,public,true,Détente,3,KtiFZn0XboUoofGbUoULf2oaFrC2,10,10,0,0,0,0,0
WL5DCcEj4qzqbaVY0ux5,UrbanSoccer - Puteaux,played,captain,ChIJM_sC0-Nk5kcRhL1y_EFIje8,48.8836397&2.2312283,2024-03-02T11:00:00.000Z,60,11.5,public,true,Détente,3,gBG4pohfWzPlr1uKFrCC1tFM5wA3,10,10,1,0,0,0,3
WNP7PPRFN2VhVGB9UyRj,Top Ten,played,pro,ChIJfXprBx4b5kcRmhe-5pLZUek,48.8729106&2.6840919,2024-03-06T20:30:00.000Z,90,16.5,public,false,,,i27253AGxOfXgYJK72sBnvUGuMk2,10,10,6,0,0,0,2
WQlNYSulLLIejrLjs8r7,LE FIVE Marville - La Courneuve,played,captain,ChIJ2dHdMZxr5kcR0aKYHYsp0pY,48.9364404&2.3869147,2024-02-29T17:30:00.000Z,90,14,public,false,Détente,4,qsDjY5kB6MON8qU6SLTWc5mpkpu1,10,10,1,0,0,0,1
WQobJ56YsSr21u1vEIl0,Stadium Thiais,played,captain,ChIJ64X9jzx05kcRsHvSfOv6UcA,48.7511137&2.3715422,2024-02-26T16:00:00.000Z,120,10,public,false,Détente,3,Dohg1zNvhsbmGrYuAmExKFyjruw2,10,10,7,0,0,0,1
WUBGJupBwwGWy4RwqC57,POWER FIVE ( Foot à 5 en intérieur ),played,captain,ChIJ6ULNmyh15kcRV9cjbnBjGr8,48.73026429999999&2.4346948,2024-02-25T17:00:00.000Z,90,15,public,false,Compétition,3,HLxCLPCUHMeAJE9SRXfnreRPpL52,10,10,3,0,0,0,1
WVQvSqdW7BQCOJayA5Zg,Kaiser Park,canceled,captain,ChIJsRLZzKFg5kcRBCfNws9nssw,49.0175545&2.1775301,2024-02-28T17:30:00.000Z,90,15,public,false,Détente,,zd1BRxoeuiMS4nFerSzLhPnEKL82,8,10,0,0,0,0,0
WWFZqsTdErwtT8vylQ67,Élite 5 Soccer,canceled,captain,ChIJ5-jfdlZk5kcRYIaELgvikaM,48.9009153&2.2297275,2024-02-21T19:00:00.000Z,60,13,public,true,Détente,3,JhKz2LkfTUcyXGU8oQqbhz1SXCm1,8,10,0,0,0,0,1
WXlInHmEXlhYQx63R6JZ,LE FIVE Paris 17,published,captain,ChIJ7eI8sFNv5kcR5xy52Wc57NU,48.900032&2.3213449,2024-02-26T15:00:00.000Z,60,10,public,true,Détente,,bbtlYKqWz7cwDNTCgsoXc2IptH52,5,10,0,0,0,0,0
WapcTp84RH6fR9of5qZQ,Footbox,published,pro,ChIJY-WkusIR5kcR-tEad3UtaSQ,48.9022789&2.582647,2024-02-23T17:00:00.000Z,60,10,public,false,,,QI89VPazyLhBVnWH871jk4BUEZI3,0,10,0,0,0,0,0
WbJTk8vpXnqtPVCoLHrB,Game 13 foot indoor,played,captain,ChIJNSDvlsXryRIRUXao9hwB79I,43.41258939999999&5.366617,2024-02-20T18:00:00.000Z,60,10,public,false,Détente,3,NwR9qqQY2uXg6yqtYEi791rGCS72,10,10,0,0,0,0,0
WblD5EhfEMz5hspTA1e9,Stadium Thiais,played,captain,ChIJ64X9jzx05kcRsHvSfOv6UcA,48.7511137&2.3715422,2024-03-01T17:00:00.000Z,120,10,public,false,Compétition,3,Dohg1zNvhsbmGrYuAmExKFyjruw2,10,10,0,0,0,0,0
Wd9ALONU2RF66HStYgw6,Top Ten,published,pro,ChIJfXprBx4b5kcRmhe-5pLZUek,48.8729106&2.6840919,2024-03-02T21:30:00.000Z,90,15,public,false,,,i27253AGxOfXgYJK72sBnvUGuMk2,0,10,0,0,0,0,0
Wh3ybZjFy1qMSvAc7Fxi,Parc de Choisy,played,captain,ChIJ7RWNzpZ05kcRTkknDj8Df-I,48.7664003&2.4305572,2024-02-26T19:00:00.000Z,90,,public,false,Compétition,5,ljBHxHlRB9ZOa1hfRaRBJt484qT2,22,22,4,0,0,0,4
WiJafib6wIdaZLzccLWz,Game 13 foot indoor,canceled,captain,ChIJNSDvlsXryRIRUXao9hwB79I,43.41258939999999&5.366617,2024-02-26T19:30:00.000Z,60,10,public,false,Détente,3,Ez3YAlfrUxgTTJcxq9sNBTRxuHP2,5,10,0,0,0,0,0
WieA1xXD33R2YCpyM8SK,LE FIVE Sarcelles,canceled,captain,ChIJ6_q3Fxhq5kcRCpoEwnoXX1Q,48.99782219999999&2.3902225,2024-03-07T19:00:00.000Z,90,10,public,false,Détente,3,que2ClS9cKaQ76VTIMNVaEEzQlW2,9,10,0,0,0,0,3
WioGxovZfs0Is19yWc42,Top Ten,published,pro,ChIJfXprBx4b5kcRmhe-5pLZUek,48.8729106&2.6840919,2024-02-23T22:00:00.000Z,90,16.5,public,false,,,i27253AGxOfXgYJK72sBnvUGuMk2,0,10,0,0,0,0,0
WiybRdv5AcRIWdBFGcLR,Top Ten,published,pro,ChIJfXprBx4b5kcRmhe-5pLZUek,48.8729106&2.6840919,2024-03-05T22:00:00.000Z,90,16.5,public,false,,,i27253AGxOfXgYJK72sBnvUGuMk2,0,10,0,0,0,0,0
WjzfsbOxTAOHFJ757TYm,LE FIVE Paris 18,played,pro,ChIJpVT4_n1u5kcRzji6FdTBXXo,48.8978522&2.3700234,2024-03-04T22:00:00.000Z,60,6,public,false,,,UQf33jQhVZhle917nO0h7D5qclV2,10,10,8,0,0,0,0
Wl560MxYSrchKhRciuLU,LE FIVE Paris 18,played,pro,ChIJpVT4_n1u5kcRzji6FdTBXXo,48.8978522&2.3700234,2024-02-20T10:00:00.000Z,90,8,public,false,,,UQf33jQhVZhle917nO0h7D5qclV2,10,10,9,0,0,0,1
WlKT0u9ytrrzlKpJT9Np,LE FIVE Paris 18,played,pro,ChIJpVT4_n1u5kcRzji6FdTBXXo,48.8978522&2.3700234,2024-02-27T21:20:00.000Z,90,10,public,false,,,UQf33jQhVZhle917nO0h7D5qclV2,10,10,8,0,0,0,4
WlM1jtfQhSx5bOY7FPs5,STADIUM FOOT 5 VILLAGE,published,pro,ChIJbbOWFtC4yRIR0WXVerbWmnE,43.269413&5.4260321,2024-03-05T11:00:00.000Z,60,10,public,false,,,fnjdH1TDJDcBVFnZjcSuXiImF7p2,0,10,0,0,0,0,0
WmPuBZ1vL9amxx3Am9Yf,UrbanSoccer - Puteaux,played,captain,ChIJM_sC0-Nk5kcRhL1y_EFIje8,48.8836397&2.2312283,2024-02-29T19:00:00.000Z,60,14.5,private,true,Détente,3,RjnILKUgrrYly5GOAr8iC9cVDLt2,10,10,7,0,0,0,1
Wn4TMaJrB7w3oR5X2ruY,LE FIVE Morangis,played,captain,ChIJA4uAhOXZ5UcRp-vZXZP-ovY,48.692672&2.3192811,2024-03-05T17:00:00.000Z,60,10,public,false,,2,PS9n8jmLhPX5jPksGclXkWO0Tff2,10,10,3,0,0,0,0
WncN99F6cCfUH6CxWkEG,Spot FUTSAL,played,captain,ChIJwdUawmfVwkcRaNLo_CmNii0,50.6106345&3.0624494,2024-03-05T18:30:00.000Z,90,10,public,false,Détente,3,ksxbYvJWgrTdEXMGoG02kM46XkW2,10,10,0,0,0,0,0
Wo6VY9dzEk4EtDPYYbpJ,Complexe Sportif Eric Tabarly,published,captain,ChIJ9a8PKZ535kcRgCm9gWkP4oc,48.7360814&2.2853616,2024-03-03T14:00:00.000Z,90,,public,false,Détente,3,Dohg1zNvhsbmGrYuAmExKFyjruw2,2,10,0,0,0,0,0
WqDd5ezhao58sJ9uFsPB,LE FIVE Montreuil,published,pro,ChIJJdTQjr0T5kcRZmGxtIJVy44,48.8613036&2.4653095,2024-02-29T22:00:00.000Z,60,8,public,false,,,u9uC1vjdcdQ3UqNxI0SiFxor0m43,0,10,0,0,0,0,0
WqRfik281GZdHZeIXnR0,Foot POWER 5,canceled,pro,ChIJuTCIFshm5kcRBtEQJ76dAzc,48.960066&2.2061913,2024-03-03T11:00:00.000Z,90,10,public,false,,,sss3dYi6nzWd7rEjwcQ30LGKudj1,0,10,0,0,0,0,0
WqyDx5mBtBUR3Sny83YJ,OHSPORT,published,captain,ChIJHeG9fA4X5kcRbGNzVY5Ud5I,48.9672396&2.5670436,2024-03-07T17:30:00.000Z,90,,private,false,Détente,2,igKS4uqVzMaVAB2ejEIxpNIaaWi1,6,10,0,0,0,0,0
Wrga5GsYRPbgDs9tal4b,LE PARK Complexe Multisports,played,captain,ChIJdUHbID8O5kcRV5lQhiHTvhs,48.8337843&2.5728501,2024-03-07T20:30:00.000Z,90,15,public,false,Détente,3,829zZz6oFwgbm5XgM88zXeeLYNB3,10,10,0,0,0,0,0
WrilcV3lIZVt25EzD8MH,LE FIVE Bezons,played,captain,ChIJ71Mv0Wpk5kcRg-H9x7L-dXo,48.9190524&2.211796,2024-02-22T18:30:00.000Z,60,11,public,true,Détente,2,ImwL1E7GjwPBYgtpcBVXldSgXNy2,10,10,3,0,0,0,4
WsNchHSEshEmS5YDXqRh,Parc des Sévines,canceled,captain,ChIJ1-_7SUhv5kcRuFo_vTkcn_c,48.9297768&2.3037282,2024-02-23T11:00:00.000Z,90,,public,false,Détente,,dVw1hYPbT1ZjRNNXwjUHFPey6o73,2,14,0,0,0,0,1
WwXtORHLrwvQvHSSAiEG,LE FIVE Montreuil,published,pro,ChIJJdTQjr0T5kcRZmGxtIJVy44,48.8613036&2.4653095,2024-02-22T22:00:00.000Z,60,8,public,false,,,u9uC1vjdcdQ3UqNxI0SiFxor0m43,0,10,0,0,0,0,0
WxuzBeWyT6UFR1EOQqsq,LE FIVE Paris 17,published,captain,ChIJ7eI8sFNv5kcR5xy52Wc57NU,48.900032&2.3213449,2024-02-20T18:00:00.000Z,60,12,public,true,Détente,2,z9eRBtmipgSMErW601oWEwX8x6S2,9,10,0,0,0,0,0
WyQedhxTTwvIgzOnJnZS,LE FIVE Paris 18,played,pro,ChIJpVT4_n1u5kcRzji6FdTBXXo,48.8978522&2.3700234,2024-02-26T21:20:00.000Z,90,10,public,false,,,UQf33jQhVZhle917nO0h7D5qclV2,10,10,7,0,0,0,4
Wyie1cmPgafz4jIwsXo0,Footbox,published,pro,ChIJY-WkusIR5kcR-tEad3UtaSQ,48.9022789&2.582647,2024-03-06T22:00:00.000Z,60,10,public,false,,,QI89VPazyLhBVnWH871jk4BUEZI3,0,10,0,0,0,0,0
Wyo3WgtFvHz1QxjNNNRz,UrbanSoccer - Puteaux,played,captain,ChIJM_sC0-Nk5kcRhL1y_EFIje8,48.8836397&2.2312283,2024-02-22T19:00:00.000Z,60,14.5,private,true,Détente,3,RjnILKUgrrYly5GOAr8iC9cVDLt2,10,10,8,0,0,0,0
WzgRFpP1pHNlbnoKxemT,Stadium Thiais,played,captain,ChIJ64X9jzx05kcRsHvSfOv6UcA,48.7511137&2.3715422,2024-03-04T19:30:00.000Z,120,18,public,false,Détente,3,7Obo6sHFwqgj2dmnunwTTXR1V983,12,12,1,0,0,0,0
X0dtfzoqHE0RLBrJjsVP,UrbanSoccer - Porte d'Aubervilliers,played,captain,ChIJ0dXjDCZs5kcRvX0EpMwxsUY,48.9074912&2.3746518,2024-02-22T17:10:00.000Z,60,11,public,true,Détente,,C4JqZy5avcYc46k6O7KyLMbNPDe2,10,10,0,0,0,0,2
X3h3lOZlxBaqnBSzTPzM,Massilia Foot Indoor 2,played,captain,ChIJxZ6UmMW-yRIRfYNGGPPJfIU,43.3266563&5.3836488,2024-02-29T19:00:00.000Z,60,9,public,false,Compétition,3,Eb81jThcRtagWIKQNgsPlp9klkB2,10,10,2,0,0,0,0
X9uW3o2LNRyXhSzqGkgY,Terrain de football Synthétique n°1,played,captain,ChIJqfdoIdFl5kcRqwddHG1PcBc,48.9291121&2.2500407,2024-02-25T13:30:00.000Z,120,,public,false,Détente,3,PtkvtQ1fpKaRhe7aOba2OrusnPl1,16,16,4,0,0,0,2
XBic4NbbsR4Rn4Fw6kvx,LE FIVE Bezons,played,captain,ChIJ71Mv0Wpk5kcRg-H9x7L-dXo,48.9190524&2.211796,2024-02-22T21:00:00.000Z,60,11,public,true,Détente,2,u2afojOn70Z6CtLWxRQON56EeJb2,10,10,0,0,0,0,3
XC33UPE3gAooVqzB13e7,UrbanSoccer - Lille Lezennes,played,captain,ChIJR3ro5nTWwkcRfM_S3Be9HjI,50.6162725&3.0998108,2024-02-26T18:00:00.000Z,90,16.5,public,true,Détente,3,VP97LikPv3bdWihl1A1XReIFs1S2,10,10,3,0,0,0,0
XDk02GBpnIgDe23QCXhx,FIVE ARENA,canceled,captain,ChIJ02bKSuih6EcRb796CXVbkVs,48.9539465&2.9154573,2024-02-26T16:00:00.000Z,90,5,public,false,Détente,3,V83vGtqTTEYePKlTv2LkgsBJ1UJ2,1,10,0,0,0,0,0
XDxkRLbjaT3ULMRTvwGN,Parc Sainte Barbe,played,captain,ChIJtw301r5w5kcRvRjidiuAyaw,48.7922897&2.2913469,2024-03-07T12:45:00.000Z,120,,public,false,Détente,5,rzC8A0bd4afb9AWrHKlCPT9461y1,16,16,5,0,0,0,2
XGwuT2U9QwSnZrukbV4m,UrbanSoccer - Asnières,canceled,captain,ChIJi5LkLT9v5kcRSlhScqEFNWs,48.92192379999999&2.3068311,2024-02-23T12:30:00.000Z,60,12,public,true,,3,DE80dXRiU5Zo590Dc97goArOdpt1,7,10,0,0,0,0,0
XIkibq4nnQzbRIuPHdto,LE FIVE Créteil,played,captain,ChIJ88lx3VwL5kcRVxCh4lD6_Gk,48.7643086&2.4706522,2024-03-03T12:00:00.000Z,90,16.5,public,false,Détente,3,dKm4KRHVV7TJI7ChnHErZ7n6ApH3,10,10,3,0,0,0,0
XIzVL7llNCvFnXPYVTyZ,Game 13 foot indoor,canceled,captain,ChIJNSDvlsXryRIRUXao9hwB79I,43.41258939999999&5.366617,2024-03-05T19:30:00.000Z,60,10,public,false,Détente,3,Ez3YAlfrUxgTTJcxq9sNBTRxuHP2,10,10,0,0,0,0,0
XKEzRhquy66Cl3MyCQ17,Z5 Aix,played,captain,ChIJKb-U_9KSyRIRKIFKbH5mW18,43.4787869&5.3969048,2024-02-21T17:30:00.000Z,60,11,public,false,Détente,2,Vd1CKqhBs8gpIrbrcnIsjessmqx1,10,10,1,0,0,0,0
XLUgTd20EnKMeXHs1Oz6,UrbanSoccer - Porte d'Aubervilliers,canceled,captain,ChIJ0dXjDCZs5kcRvX0EpMwxsUY,48.9074912&2.3746518,2024-03-04T18:15:00.000Z,60,14,public,true,Détente,3,x6HXHeoKRgfgBIJmy2aFzazHHkb2,10,10,0,0,0,0,0
XMRbq4KOHJvtymApiAif,UrbanSoccer - Puteaux,published,captain,ChIJM_sC0-Nk5kcRhL1y_EFIje8,48.8836397&2.2312283,2024-03-07T11:00:00.000Z,60,11,public,true,Détente,3,WQ5S4tuh8AhHhITkAMce3yq8gRm2,8,10,0,0,0,0,1
XMh9vf6O6KPjFKIZykzq,UrbanSoccer Meudon,played,captain,ChIJ0WKvjbh75kcRoqSmyWwW2jQ,48.80013599999999&2.2140811,2024-03-07T18:30:00.000Z,90,15,public,true,Détente,,3CpmvOjU8Xc0th6FHfUT3HWOKxL2,10,10,3,0,0,0,0
XNPHn8a0RpgdAZbZ7CIa,Stadium Thiais,published,pro,ChIJ64X9jzx05kcRsHvSfOv6UcA,48.7511024&2.3713455,2024-03-01T15:00:00.000Z,90,8,public,false,,,psf3NmXEPwdCltHKJC7VuvJocrF3,0,10,0,0,0,0,0
XP4CCxefc7dCMxjJLwRG,LE FIVE Sarcelles,published,captain,ChIJ6_q3Fxhq5kcRCpoEwnoXX1Q,48.99782219999999&2.3902225,2024-03-07T18:30:00.000Z,90,10,public,false,Détente,3,que2ClS9cKaQ76VTIMNVaEEzQlW2,9,10,0,0,0,0,0
XT9OsDPdElRcGqAEtV0y,UrbanSoccer - Puteaux,played,captain,ChIJM_sC0-Nk5kcRhL1y_EFIje8,48.8836397&2.2312283,2024-02-22T18:55:00.000Z,60,15,public,true,Chill,5,Gk61iaH8taWVyAbDIqXa1ga0bRH3,10,10,3,0,0,2,0
XTM28kjbZDIuyr7f1bpg,UrbanSoccer La Défense,canceled,captain,ChIJh4rnfVhk5kcRV2Q-ZKdm8vA,48.8996456&2.2216773,2024-02-23T20:30:00.000Z,90,21.75,public,true,Détente,2,dAeehLquZ0ML4KfApU63WrXYX0B2,10,10,0,0,0,0,0
XTwsA2DEKGLCfQW18FGE,Stadium Thiais,published,pro,ChIJ64X9jzx05kcRsHvSfOv6UcA,48.7511024&2.3713455,2024-03-01T16:30:00.000Z,90,10,public,false,,,psf3NmXEPwdCltHKJC7VuvJocrF3,0,10,0,0,0,0,0
XUnf5DWKZLGgSYOdaPsj,UrbanSoccer Evry,published,captain,ChIJW0Ut1G7e5UcRt621n2fRQ5M,48.6286849&2.4066366,2024-02-26T16:30:00.000Z,90,8.5,public,true,Détente,2,bi6JzuWExOaVw9BeMlLNwz2hlsn2,9,10,0,0,0,0,0
XWw8xUdExNf90g4C2FVK,Foot POWER 5,canceled,pro,ChIJuTCIFshm5kcRBtEQJ76dAzc,48.960066&2.2061913,2024-02-29T21:30:00.000Z,90,7,public,false,,,sss3dYi6nzWd7rEjwcQ30LGKudj1,0,10,0,0,0,0,0
XX1HAx9iZIgJbpIIv2qZ,LE FIVE Paris 17,played,captain,ChIJ7eI8sFNv5kcR5xy52Wc57NU,48.900032&2.3213449,2024-03-06T20:00:00.000Z,60,12,public,true,Détente,3,uhQBhmt1naV1AX7ue8fqGY0JZJr2,10,10,0,0,0,0,0
XX8t3ZVydocpL0PikMqV,Stadium Thiais,published,pro,ChIJ64X9jzx05kcRsHvSfOv6UcA,48.7511024&2.3713455,2024-02-27T14:00:00.000Z,90,8,public,false,,,psf3NmXEPwdCltHKJC7VuvJocrF3,0,10,0,0,0,0,0
XZycfO2uCeZTAml01W9t,Top Ten,published,pro,ChIJfXprBx4b5kcRmhe-5pLZUek,48.8729106&2.6840919,2024-02-25T17:30:00.000Z,90,15,public,false,,,i27253AGxOfXgYJK72sBnvUGuMk2,0,10,0,0,0,0,0
XadQsWlzT94CD6LLgckO,Footbox,canceled,pro,ChIJY-WkusIR5kcR-tEad3UtaSQ,48.9022789&2.582647,2024-03-01T16:00:00.000Z,60,7,public,false,,,QI89VPazyLhBVnWH871jk4BUEZI3,0,10,0,0,0,0,0
XbzHuORHjN53RoKoLVlO,Stadium Thiais,played,captain,ChIJ64X9jzx05kcRsHvSfOv6UcA,48.7511137&2.3715422,2024-02-29T16:00:00.000Z,120,10,public,false,Compétition,3,Dohg1zNvhsbmGrYuAmExKFyjruw2,10,10,6,0,0,0,3
XgTXmTT7NNLQVtwNNGz6,MONCLUB 2.0,canceled,captain,ChIJv9owGLm-yRIRfuDnd3G6nR4,43.2895156&5.4611522,2024-02-20T19:30:00.000Z,60,10,public,false,Détente,3,zitvYfGFP8PwFUYe2wZtmT1Xyco1,9,10,0,0,0,0,0
XhbHDEflDoC2izcpM3EP,Foot POWER 5,canceled,pro,ChIJuTCIFshm5kcRBtEQJ76dAzc,48.960066&2.2061913,2024-02-20T20:00:00.000Z,90,7,public,false,,,sss3dYi6nzWd7rEjwcQ30LGKudj1,0,10,0,0,0,0,0
XiuJXYfLeHDPR2VgNMPA,UrbanSoccer - Lille Lezennes,played,captain,ChIJR3ro5nTWwkcRfM_S3Be9HjI,50.6162725&3.0998108,2024-02-23T21:30:00.000Z,60,5,public,true,Détente,3,DWyJQVrdiDdXZsT7nqilO1EYKov2,10,10,2,0,0,0,0
XjHOd7TyWuPqPPJJk0mC,STADIUM FOOT 5 VILLAGE,played,captain,ChIJbbOWFtC4yRIR0WXVerbWmnE,43.269413&5.4260321,2024-03-04T19:00:00.000Z,60,10,public,false,Détente,,MKjoGJESIIfNKw5sH93VODBuvLv2,10,10,2,0,0,0,0
XjYAedN1TPgwixkU9wlu,UrbanSoccer La Défense,played,captain,ChIJh4rnfVhk5kcRV2Q-ZKdm8vA,48.8996456&2.2216773,2024-02-24T13:30:00.000Z,60,13.5,private,true,Détente,2,VD9ODfaAjcS1pb401hKVLbwXGt92,10,10,2,0,0,0,0
XmIhAIKzjHzACBsn7rSp,Stadium Thiais,hidden,pro,,48.7511024&2.3713455,2024-03-01T21:00:00.000Z,90,14,public,false,,,psf3NmXEPwdCltHKJC7VuvJocrF3,4,12,0,0,0,0,0
XnUP2XeYYsLDNB0afcJv,UrbanSoccer - Lille Lezennes,played,captain,ChIJR3ro5nTWwkcRfM_S3Be9HjI,50.6162725&3.0998108,2024-03-03T18:00:00.000Z,120,12.75,public,true,Compétition,3,xR4ED6qRzmg0HreT9TkBwvuQM912,10,10,3,0,0,0,1
Xq3h8dAlhw2XmajnDUbQ,Footbox,published,pro,ChIJY-WkusIR5kcR-tEad3UtaSQ,48.9022789&2.582647,2024-02-25T16:00:00.000Z,60,10,public,false,,,QI89VPazyLhBVnWH871jk4BUEZI3,0,10,0,0,0,0,0
XrWKw7BshozB0da1vf6z,Le 13 - Foot en salle - Marseille,published,captain,ChIJR62kUm_ByRIRDnGQqGCeUVQ,43.33370070000001&5.370389599999999,2024-02-25T15:00:00.000Z,60,10,public,false,Compétition,3,ojyT6jv2OLYzL9EsutRwWlNE3xg2,2,10,0,0,0,0,0
XsnEl5BYp7UNaSoHzDFA,Game 13 foot indoor,published,captain,ChIJNSDvlsXryRIRUXao9hwB79I,43.41258939999999&5.366617,2024-02-25T20:30:00.000Z,60,10,public,false,Détente,3,R1KjHOnu2KcNKT0YWerNHqJSXt53,3,10,0,0,0,0,0
Xu520lDlYrqBgxxgOCdM,LE FIVE Paris 18,played,captain,ChIJpVT4_n1u5kcRzji6FdTBXXo,48.8978522&2.3700234,2024-03-06T17:30:00.000Z,60,,public,true,Détente,,R3Jt5VzdXaOHdoexBxjyzcPw5Ee2,10,10,1,0,0,0,2
XwtjJRAv3yGE2ZSszTXD,FOOT IN FIVE,canceled,captain,ChIJoUR0syFp5kcRUlStnwluaYY,48.9552257&2.3328346,2024-03-04T17:45:00.000Z,90,14,public,false,Compétition,4,xP8WEGhszTboRCfK2hfHMko0szg1,9,10,0,0,0,0,0
XxHksUVyrWhgS2ecQgKM,UrbanSoccer La Défense,canceled,captain,ChIJh4rnfVhk5kcRV2Q-ZKdm8vA,48.8996456&2.2216773,2024-03-07T20:15:00.000Z,30,15,public,true,,3,qZMWkh1D4wYZUxfEuKT34TJSyht1,7,10,0,0,0,0,0
Y0UpzYFwwqtRJF2XjWsI,Foot POWER 5,canceled,pro,ChIJuTCIFshm5kcRBtEQJ76dAzc,48.960066&2.2061913,2024-03-04T17:00:00.000Z,90,5,public,false,,,sss3dYi6nzWd7rEjwcQ30LGKudj1,0,10,0,0,0,0,0
Y6nEZR5tsHXVBbhy3D8g,Stadium Thiais,played,captain,ChIJ64X9jzx05kcRsHvSfOv6UcA,48.7511137&2.3715422,2024-02-29T16:00:00.000Z,120,10,public,false,Détente,3,Dohg1zNvhsbmGrYuAmExKFyjruw2,10,10,2,0,0,0,0
Y7DCyyGxNK0c3tx4qSNe,LE FIVE Champigny,published,pro,ChIJsXi1PLYN5kcRTVVDuczgS2s,48.8194084&2.5251846,2024-02-27T16:00:00.000Z,60,7,public,false,,,evlV9mUgATYQ5343zpYZvk4w0r03,0,10,0,0,0,0,0
Y7QsTPzhcGPjid4Juv6E,LE FIVE Montreuil,played,pro,ChIJJdTQjr0T5kcRZmGxtIJVy44,48.8613036&2.4653095,2024-02-28T16:30:00.000Z,90,11.5,public,false,,,u9uC1vjdcdQ3UqNxI0SiFxor0m43,10,10,5,0,0,0,0
Y8V2Dh8Nrs12QKf74Z6b,Parc Interdépartemental des Sports du Tremblay,played,captain,,48.8281085&2.491365,2024-03-07T15:00:00.000Z,90,,public,false,Compétition,4,OKSK9YmBnhPYPn6fchCcUo9A2Mt2,18,18,0,0,0,0,4
Y8bROwQzHK1xZR7c8nxm,LE FIVE Bobigny,published,pro,ChIJV8UONORs5kcRXxR5Qd7x130,48.901553&2.4313304,2024-02-20T22:00:00.000Z,60,8,public,false,,,4owi3i7t8EOvFNF6UQvACOpiDRy1,0,10,0,0,0,0,0
Y8cmkx4BnXyJiN3lubgV,UrbanSoccer - Lille Lezennes,canceled,captain,ChIJR3ro5nTWwkcRfM_S3Be9HjI,50.6162725&3.0998108,2024-02-23T19:45:00.000Z,60,10,public,true,Détente,,dvdYbjXAR8fQjpIGtP7Po8prEdE3,1,10,0,0,0,0,0
YABqHj1tuYfkiJEMMd87,Top Ten,played,pro,ChIJfXprBx4b5kcRmhe-5pLZUek,48.8729106&2.6840919,2024-03-01T16:00:00.000Z,90,5,public,false,,,i27253AGxOfXgYJK72sBnvUGuMk2,10,10,6,0,0,0,6
YBCqVUl5pQbT08KVxWOh,UrbanSoccer - Porte d'Aubervilliers,published,captain,ChIJ0dXjDCZs5kcRvX0EpMwxsUY,48.9074912&2.3746518,2024-03-06T19:15:00.000Z,60,15,public,true,Compétition,3,GKddlQndKzgpWWaw2Kd92rHYBP82,6,10,0,0,0,0,0
YCygukzwnCs3zucwDQzs,Footbox,published,pro,ChIJY-WkusIR5kcR-tEad3UtaSQ,48.9022789&2.582647,2024-02-29T22:00:00.000Z,60,10,public,false,,,QI89VPazyLhBVnWH871jk4BUEZI3,0,10,0,0,0,0,0
YE7vkIXGvRGDrDcJ7EvF,FIVE ARENA,published,captain,ChIJ02bKSuih6EcRb796CXVbkVs,48.9539465&2.9154573,2024-02-27T16:00:00.000Z,90,5,public,false,Détente,2,V83vGtqTTEYePKlTv2LkgsBJ1UJ2,3,10,0,0,0,0,0
YEouUDYxUnugnWCzFh8Y,LE PARK Complexe Multisports,canceled,captain,ChIJdUHbID8O5kcRV5lQhiHTvhs,48.8337843&2.5728501,2024-03-01T18:00:00.000Z,60,10,public,false,,4,5qMV6mxv08fcBjjDY2x99bTUg5R2,9,10,0,0,0,0,0
YGQcpvdDJOTpp3SD138q,UrbanSoccer La Défense,canceled,captain,ChIJh4rnfVhk5kcRV2Q-ZKdm8vA,48.8996456&2.2216773,2024-03-04T17:00:00.000Z,60,12.5,public,true,Détente,4,WmEIitt9Uwg5axn6vQTP95QfodX2,10,10,0,0,0,0,0
YH8u98UFM5pq0cvtyBdr,UrbanSoccer - Asnières,canceled,captain,ChIJi5LkLT9v5kcRSlhScqEFNWs,48.92192379999999&2.3068311,2024-03-07T20:00:00.000Z,60,13,public,true,Compétition,4,EMtWwLZYPBTHB7I85pcGzCsValr1,9,10,0,0,0,0,0
YJgUoSgvEZxBSfODBDGK,LE FIVE Villette,played,captain,ChIJTUFnQjps5kcR0pHITLTw1PI,48.9070122&2.3861459,2024-03-05T20:30:00.000Z,90,18,public,false,Détente,2,uihlaEvpHNNfCRxhjxekj4Dq7sB2,10,10,2,0,0,0,2
YJofZN0Bu2msFWSv4IH3,UrbanSoccer - Puteaux,played,captain,ChIJM_sC0-Nk5kcRhL1y_EFIje8,48.8836397&2.2312283,2024-02-22T18:30:00.000Z,60,13,public,true,Détente,3,Di12SH11fFXqKGb9vDod5O8JtFB3,10,10,2,0,0,0,0
YK0fpNBB9ByXZ9xPNNyK,LE FIVE Sarcelles,played,captain,ChIJ6_q3Fxhq5kcRCpoEwnoXX1Q,48.99782219999999&2.3902225,2024-02-27T19:30:00.000Z,90,10,public,false,Détente,3,7zqwIqCe79UpNd8UOOgZeeFEGHg2,10,10,4,0,0,0,3
YKkI4ZsxAKXz1lYhwEhP,UrbanSoccer - Puteaux,played,captain,ChIJM_sC0-Nk5kcRhL1y_EFIje8,48.8836397&2.2312283,2024-02-26T17:30:00.000Z,60,12.5,public,true,Détente,3,gS2tE4wr3jbmluTfpk5CLCYpWd03,10,10,4,0,0,0,2
YL60vHHaTAZJqZTdYtdB,L PARK - LE FIVE - 4PADEL Lens Liévin,canceled,captain,ChIJ291icE063UcR1gWGn8xhzpw,50.429107&2.742526,2024-03-03T19:00:00.000Z,60,9,public,false,Compétition,4,xUb9RNRhFHZee4LOso2Q4b4utnl1,5,10,0,0,0,0,0
YMzhmOiAQ7fGUCwIjG9s,Play Soccer,canceled,captain,ChIJQ-UxZn-5rhIRKWoQydM5T9s,43.5512023&1.4098927,2024-02-29T17:30:00.000Z,90,15,public,false,,3,pL0skPQs4CYYVXb682MCC9jXu8K2,5,10,0,0,0,0,0
YNGAvFHISEYxiTWiwrp0,LE FIVE Créteil,played,captain,ChIJ88lx3VwL5kcRVxCh4lD6_Gk,48.7643086&2.4706522,2024-03-03T11:00:00.000Z,90,16.5,public,false,Détente,3,nwCO7ClwcpduYGwx2LUOmuC5chF2,10,10,8,0,0,0,0
YPNtjeeBlL5wTdWXopF7,Game 13 foot indoor,canceled,captain,ChIJNSDvlsXryRIRUXao9hwB79I,43.41258939999999&5.366617,2024-02-26T19:30:00.000Z,60,10,public,false,Détente,3,Ez3YAlfrUxgTTJcxq9sNBTRxuHP2,7,10,0,0,0,0,0
YPZtGhAGh10Ck2iJB8Ll,Top Ten,canceled,pro,ChIJfXprBx4b5kcRmhe-5pLZUek,48.8729106&2.6840919,2024-03-03T18:30:00.000Z,90,15,public,false,,,i27253AGxOfXgYJK72sBnvUGuMk2,3,10,0,0,0,0,0
YPzoT5RDSZKTD32BaStH,Z5 Aix,played,captain,ChIJKb-U_9KSyRIRKIFKbH5mW18,43.4787869&5.3969048,2024-02-23T20:00:00.000Z,60,11,public,false,Détente,2,LC6zgt9ko7cYCghFki9pHFtV26E2,10,10,1,0,0,0,0
YQHoop2VvpHHJBYE89tZ,Top Ten,hidden,pro,ChIJfXprBx4b5kcRmhe-5pLZUek,48.8729106&2.6840919,2024-03-05T21:30:00.000Z,90,16.5,public,false,,,i27253AGxOfXgYJK72sBnvUGuMk2,8,10,0,0,0,0,0
YSkgXLvrDJSP7WPty72H,Monclub Futbol,played,captain,ChIJGbxxaamUyRIRgGvhHnhJStA,43.4299152&5.4001974,2024-02-20T19:00:00.000Z,60,9,public,false,Détente,3,gYzjIXHSBzaCoePh0UaduDL6Y3J2,10,10,1,0,0,0,0
YUjYESUuaXmxsrhuRVzR,LE FIVE Créteil,played,captain,ChIJ88lx3VwL5kcRVxCh4lD6_Gk,48.7643086&2.4706522,2024-02-28T20:10:00.000Z,90,13,public,false,Détente,3,L46xJMXgBgR4l4YAvufZCR0Lsn63,10,10,4,0,0,0,1
YVVaVlmrvTBS52YODz7q,Play Soccer,canceled,captain,ChIJQ-UxZn-5rhIRKWoQydM5T9s,43.5512023&1.4098927,2024-03-06T20:30:00.000Z,60,10,public,false,Détente,3,8LtkeOuZHeePxfkXdNPmQSr7V9L2,9,10,0,0,0,0,0
YVopCiZlw550xdnup5q9,Game 13 foot indoor,played,captain,ChIJNSDvlsXryRIRUXao9hwB79I,43.41258939999999&5.366617,2024-03-06T19:30:00.000Z,60,10,public,false,Détente,3,Ez3YAlfrUxgTTJcxq9sNBTRxuHP2,10,10,3,0,0,0,1
YXn51Uivc9w19Ae3OYvj,LE FIVE Bezons,published,captain,ChIJ71Mv0Wpk5kcRg-H9x7L-dXo,48.9190524&2.211796,2024-03-01T18:00:00.000Z,60,9,public,true,Détente,2,vCxS2f3sIudIjl2jeEiMi9Qk1Zh2,8,10,0,0,0,0,0
YaVSRi4SSYNitP9vRM1k,Futsal,played,captain,ChIJW2Aqm4nXwkcRlCVWc3BBA7g,50.6160524&3.100639,2024-02-23T18:00:00.000Z,90,8,public,false,Compétition,4,apVKYcOhmBZbIt0BG505gXs5JVd2,10,10,9,0,0,0,1
Yaaq7782emlruZmmT1AU,Stadium Thiais,published,pro,ChIJ64X9jzx05kcRsHvSfOv6UcA,48.7511024&2.3713455,2024-03-07T14:00:00.000Z,90,8,public,false,,,psf3NmXEPwdCltHKJC7VuvJocrF3,1,10,0,0,0,0,0
YaraBHQyFhidjMgBDDkr,Play Soccer,published,captain,ChIJQ-UxZn-5rhIRKWoQydM5T9s,43.5512023&1.4098927,2024-02-29T17:00:00.000Z,60,9,public,false,Détente,2,8LtkeOuZHeePxfkXdNPmQSr7V9L2,3,10,0,0,0,0,0
Yb790qyW2QlInnWJLcav,LE FIVE Bezons,played,pro,ChIJ04KEHBZk5kcRoDWLaMOCCwQ,48.91909&2.2093051,2024-03-01T16:30:00.000Z,90,10.5,public,false,,,U3MriTZbPbTUEsU6RtRuHxDMKvg2,10,10,8,0,0,1,9
Ybh1YW8xVbdA412K4Onk,UrbanSoccer Meudon,canceled,captain,ChIJ0WKvjbh75kcRoqSmyWwW2jQ,48.80013599999999&2.2140811,2024-03-04T21:30:00.000Z,90,14,public,true,,2,32AAHW7vQAO4M3eAQRlsEnvntYM2,11,12,0,0,0,0,0
Ybk3yniuDUlgEiVswdOb,LE FIVE Marville - La Courneuve,played,captain,ChIJ2dHdMZxr5kcR0aKYHYsp0pY,48.9364404&2.3869147,2024-03-07T20:00:00.000Z,90,,public,false,Détente,2,G64oHVOCmaWEHwpjlGcdE7gvjp83,10,10,0,0,0,0,4
Ybr3mgh4mT3LTelVFMxt,Evolution Football,played,captain,ChIJX0YulIi8yRIRnGh62u3UXTQ,43.2836074&5.52356,2024-02-27T18:30:00.000Z,60,9,private,false,Détente,5,Lzo7WogBgXfxjsbuEBGvB9HLjxv1,10,10,6,0,0,0,0
YeLCBbe9okuMxi22jNm9,Evolution Football,played,captain,ChIJX0YulIi8yRIRnGh62u3UXTQ,43.2836074&5.52356,2024-02-22T17:30:00.000Z,60,9,public,false,Détente,2,OdgH0coRMCWGf3xNEkvfrerxYl52,10,10,2,0,0,0,0
YfFYpURdqsaK9UV885Kh,LE FIVE Paris 17,played,captain,ChIJ7eI8sFNv5kcR5xy52Wc57NU,48.900032&2.3213449,2024-03-01T19:00:00.000Z,60,12,public,true,Détente,2,OnI7Uk2E3eSZaX8rpR8FysJa9op2,10,10,3,0,0,0,1
Yfh0wCruXUiYqxb1Sd8m,Stadium Thiais,played,captain,ChIJ64X9jzx05kcRsHvSfOv6UcA,48.7511137&2.3715422,2024-02-29T16:00:00.000Z,120,10,public,false,Détente,3,Dohg1zNvhsbmGrYuAmExKFyjruw2,10,10,2,0,0,0,0
Yg6fmgXn2gl3U3U910kO,LE FIVE Bobigny,published,pro,ChIJV8UONORs5kcRXxR5Qd7x130,48.901553&2.4313304,2024-02-20T17:00:00.000Z,60,8,public,false,,,4owi3i7t8EOvFNF6UQvACOpiDRy1,0,10,0,0,0,0,0
YhEfKReLU4smRsH5vJYq,UrbanSoccer - Quai d'Ivry,played,captain,ChIJfXxYJ0xy5kcRw9xTkF6-FZQ,48.8199885&2.3936463,2024-03-04T19:15:00.000Z,90,22,public,true,Compétition,4,pLHHDzrFmiMmPhwJFYxX5r5DbSf2,10,10,1,0,0,0,0
YiGCgEVxMlnjWq93Idlj,Sport dans la Ville Rhône-Alpes,played,captain,ChIJoUEDcmvr9EcRILCz6hDCQ2o,45.7811703&4.8081568,2024-02-22T19:00:00.000Z,90,13.5,public,false,Détente,2,DEv9xyCArEWStZJJtHCdqkvfMUU2,10,10,2,0,0,0,2
YipKk48iMjin7l5qINCC,LE FIVE Créteil,canceled,captain,ChIJ88lx3VwL5kcRVxCh4lD6_Gk,48.7643086&2.4706522,2024-03-02T22:00:00.000Z,60,5,public,false,,3,vsUhQU3HzyOIqXubsTX5eAA3dEq2,5,10,0,0,0,0,0
YkA4dxGhZjHFMrsJU9oU,LE FIVE Marville - La Courneuve,played,captain,ChIJ2dHdMZxr5kcR0aKYHYsp0pY,48.9364404&2.3869147,2024-03-06T17:00:00.000Z,60,10,public,false,Détente,,8a1IiqZPd4WCCGMJlcLdCNgF1jg2,10,10,0,0,0,0,0
YmdNx3V8HySZVPididiK,We Are Sports,canceled,captain,ChIJFZU5oBHC9EcRJTFrSkI1xxg,45.7113247&4.8761886,2024-03-06T18:00:00.000Z,60,10,public,false,Détente,2,jnTrDpxKR2ZZNG30ncu5GmrJHBz2,10,10,0,0,0,0,0
YooyYfnQwHXGVtU6ONft,Le 13 - Foot en salle - Marseille,played,captain,ChIJR62kUm_ByRIRDnGQqGCeUVQ,43.33370070000001&5.370389599999999,2024-03-04T19:00:00.000Z,60,10,public,false,Détente,2,ppsaqHAbORVR8brAGZZXhZznpwf2,10,10,1,0,0,0,0
YqvJLjEfJzVJN79Rpe54,Stadium Thiais,played,pro,ChIJ64X9jzx05kcRsHvSfOv6UcA,48.7511024&2.3713455,2024-03-01T14:00:00.000Z,90,8,public,false,,,psf3NmXEPwdCltHKJC7VuvJocrF3,10,10,7,0,0,0,1
YsNtVCOdlgQXF3yDBIA3,UrbanSoccer - Quai d'Ivry,canceled,captain,ChIJfXxYJ0xy5kcRw9xTkF6-FZQ,48.8199885&2.3936463,2024-02-22T17:45:00.000Z,60,13,public,true,Détente,3,YgHOGcaQpfSxFcWORSZOcICZkSI3,9,10,0,0,0,0,0
Yt7CpeB20FUNTlkYIV8A,CAMPUS MAUPASSANT,published,captain,ChIJT0iPghVz5kcRl2T8KwqqipE,48.7912239&2.441696,2024-02-24T09:30:00.000Z,90,,public,false,Détente,3,ymkMZlNKashIEIZ7aySGiIplwe73,8,10,0,0,0,0,0
YtF5UviqOByPVCqH788V,Stadium Thiais,published,captain,ChIJ64X9jzx05kcRsHvSfOv6UcA,48.7511137&2.3715422,2024-03-06T16:30:00.000Z,90,10,public,false,Détente,3,Dohg1zNvhsbmGrYuAmExKFyjruw2,9,10,0,0,0,0,0
YtjFJ4kkOUA1Rfyo1hBD,Gymnase Félix Faure,played,captain,ChIJh1wlXZQN5kcRLNrSwNxEU7c,48.83610299999999&2.5191798,2024-03-07T11:10:00.000Z,90,,public,false,Détente,3,qFbkQ1I6cegKn6VUPf2VQggtw4k2,10,10,3,0,0,0,2
YuiKvb1Ht4hRbH2fyTTD,LE FIVE Bezons,played,pro,ChIJ04KEHBZk5kcRoDWLaMOCCwQ,48.91909&2.2093051,2024-02-21T16:30:00.000Z,90,10.5,public,false,,,U3MriTZbPbTUEsU6RtRuHxDMKvg2,10,10,8,1,0,0,4
YxD71Yrx46W8426ijjcs,UrbanSoccer - Quai d'Ivry,played,captain,ChIJfXxYJ0xy5kcRw9xTkF6-FZQ,48.8199885&2.3936463,2024-03-01T20:30:00.000Z,60,13.5,public,true,Compétition,5,KsEZs1H8x0Z2hszYC6H2AnwNttf1,10,10,2,0,0,0,0
YxJNQbvm5o4YpUTQUv1H,Monclub Futbol,played,captain,ChIJGbxxaamUyRIRgGvhHnhJStA,43.4299152&5.4001974,2024-03-04T19:00:00.000Z,60,10,public,false,Détente,,T2QG662V9Ta7lQrXxzHChQsGOFZ2,10,10,3,0,0,0,1
Yyk1d8ePdhPHAzfN4xHg,UrbanSoccer Evry,canceled,captain,ChIJW0Ut1G7e5UcRt621n2fRQ5M,48.6286849&2.4066366,2024-03-04T18:00:00.000Z,90,15,public,true,Détente,3,prypX8r6DKekEs4EpoF2812Do333,3,10,0,0,0,0,0
YzObGbsAJUNiDde5zrDt,Stade Velpeau,published,captain,ChIJ7T9xehZ35kcRrbiEqd5yU6s,48.759413&2.3048279,2024-03-01T17:20:00.000Z,90,,public,false,Chill,3,KItYT7tPJMOAEWLh46finv01Jt02,15,16,0,0,0,0,0
YzrxOgHMPdkWlnpQNzPl,Kinshasa - Test,published,pro,ChIJi2oG_jAxahoRjTdSH05-ixY,-4.3032527&15.310528,2024-02-27T04:00:00.000Z,60,12,public,false,,,zCvsukfMuuffsuPpSTQwb7MusMD2,0,10,0,0,0,0,0
Z2DlEHuS1lNJcIMAnp6n,Foot POWER 5,canceled,pro,ChIJuTCIFshm5kcRBtEQJ76dAzc,48.960066&2.2061913,2024-03-01T17:00:00.000Z,90,5,public,false,,,sss3dYi6nzWd7rEjwcQ30LGKudj1,0,10,0,0,0,0,0
Z4KQhcXgNlUWFaiuEraE,OHSPORT,canceled,captain,ChIJHeG9fA4X5kcRbGNzVY5Ud5I,48.9672396&2.5670436,2024-02-20T19:30:00.000Z,90,15,public,false,Détente,2,CK1XonIJmpa3yICG67X3LNefHa22,7,10,0,0,0,0,0
Z4tPTpXmIxzV9x3voO2z,UrbanSoccer - Puteaux,played,captain,ChIJM_sC0-Nk5kcRhL1y_EFIje8,48.8836397&2.2312283,2024-02-25T18:00:00.000Z,60,13.5,public,true,Chill,3,ewPgRlOTQ1ODpDQK7x12CEU7yr73,10,10,3,0,0,0,6
Z6QzKbJKo2WxyWjM5UHi,Footbox,published,pro,ChIJY-WkusIR5kcR-tEad3UtaSQ,48.9022789&2.582647,2024-02-24T15:00:00.000Z,60,10,public,false,,,QI89VPazyLhBVnWH871jk4BUEZI3,0,10,0,0,0,0,0
Z6i2ipucXV75a7wdEOD4,Stade Élisabeth,played,captain,ChIJkXj9tq5x5kcROlxynHzTh9o,48.8207737&2.3270972,2024-03-06T18:00:00.000Z,120,2,public,false,Compétition,5,8i5faoQkJ4YSkhRB5skPBLiEh1G3,16,16,7,0,0,0,5
Z8cXdNSo1zfzUbfgYcxh,LE FIVE Montreuil,published,pro,ChIJJdTQjr0T5kcRZmGxtIJVy44,48.8613036&2.4653095,2024-02-20T12:00:00.000Z,60,7,public,false,,,u9uC1vjdcdQ3UqNxI0SiFxor0m43,0,10,0,0,0,0,0
ZA6ztIgBGlVy1qmlcmVS,Play Soccer,played,captain,ChIJQ-UxZn-5rhIRKWoQydM5T9s,43.5512023&1.4098927,2024-03-01T20:45:00.000Z,60,9,public,false,Détente,3,8LtkeOuZHeePxfkXdNPmQSr7V9L2,10,10,0,0,0,0,0
ZCY7O7PgT6rPQcHP1FDY,LE FIVE Paris 13,canceled,captain,ChIJ_bOSChhz5kcRZMTeq_6Gdzg,48.8181615&2.3658793,2024-02-22T21:00:00.000Z,60,14,public,true,Détente,3,jt8PsnBKHwXGikmF3r8FgQL2ayH3,1,10,0,0,0,0,0
ZCpmTyEtg2gq1RyX3dGI,UrbanSoccer Meudon,published,captain,ChIJ0WKvjbh75kcRoqSmyWwW2jQ,48.80013599999999&2.2140811,2024-02-21T12:00:00.000Z,60,11,public,true,Détente,3,OcYY3zqjbYYqALDEgqlMPLoGKhy1,7,10,0,0,0,0,1
ZEm6oEL4WiIAbmNBBHAV,Foot-Max Argenteuil,played,captain,ChIJi9oIzaRm5kcRJYcK7QsdRMU,48.9501569&2.2093741,2024-03-01T21:15:00.000Z,90,12,public,false,Détente,3,zwvqyeoVbUTvowJxJJvp5ZHYG3h1,10,10,4,1,0,0,3
ZFwVyz6u4hwHtxLFcDyu,Le 13 - Foot en salle - Marseille,played,captain,ChIJR62kUm_ByRIRDnGQqGCeUVQ,43.33370070000001&5.370389599999999,2024-03-06T18:30:00.000Z,60,10,public,false,Compétition,,vKo5dHtVyXUPuVaU71jLXVTQVk53,10,10,0,0,0,0,0
ZG0wLXFqbXvN2QT1KmDh,Game 13 foot indoor,played,captain,ChIJNSDvlsXryRIRUXao9hwB79I,43.41258939999999&5.366617,2024-03-04T19:30:00.000Z,90,13,public,false,Détente,3,fZqqBviIBiSg9OzpFtxc36g9he42,10,10,1,0,0,0,0
ZHU0HL2taIBNHXKM1mLu,Stade Élisabeth,played,captain,ChIJkXj9tq5x5kcROlxynHzTh9o,48.8207737&2.3270972,2024-02-25T08:00:00.000Z,150,2,public,false,Compétition,5,8i5faoQkJ4YSkhRB5skPBLiEh1G3,16,16,5,0,2,0,4
ZHinMDsukClTQD4Bv13d,UrbanSoccer La Défense,played,captain,ChIJh4rnfVhk5kcRV2Q-ZKdm8vA,48.8996456&2.2216773,2024-02-25T10:15:00.000Z,60,14.5,public,true,Détente,3,BPC0EHpyGWUOanSttBrvbRiD2QR2,10,10,2,0,0,0,1
ZKCYMSNdL9F36vry5TqX,LE FIVE Bezons,published,captain,ChIJ71Mv0Wpk5kcRg-H9x7L-dXo,48.9190524&2.211796,2024-02-23T20:00:00.000Z,60,11,private,true,Détente,2,OXmGMyo8RaWGSNpJ21eRR4xWqOr1,4,20,0,0,0,0,0
ZKEYbeIpDtagDksS8lv1,UrbanSoccer - Lyon Parilly,canceled,captain,ChIJx3FQWjLC9EcRrrQb2eV7i_4,45.7120399&4.9039284,2024-03-04T20:30:00.000Z,60,10,public,true,Détente,2,GxvpcdMPawNgBQlTqfqJVIEesA93,3,10,0,0,0,0,0
ZKWjvOZPFMjSpTHxtBw8,Foot paris,played,captain,ChIJd2GJua5t5kcR_zneoHO7R-k,48.8904693&2.3731397,2024-02-25T09:00:00.000Z,120,2,public,false,,5,6g66Hr0t8ESpVJkqTW80lI9cRdr2,20,20,14,1,1,0,1
ZL1zVEoN2DiD9r7AMVvl,Foot POWER 5,canceled,pro,ChIJuTCIFshm5kcRBtEQJ76dAzc,48.960066&2.2061913,2024-03-05T17:00:00.000Z,90,5,public,false,,,sss3dYi6nzWd7rEjwcQ30LGKudj1,0,10,0,0,0,0,0
ZMfFb5ACN8t96WSLZLHu,Terrain André Calcoen,canceled,captain,ChIJM2RViuaK3EcR5QZ91WanJ_A,51.0177993&2.3166,2024-02-25T13:00:00.000Z,90,,public,false,,4,7PcX0tkLsdMHbRoL3VQMZdswJ8A3,7,14,0,0,0,0,0
ZObxP1AgQq7OtGvteu8c,Z5 Aix,published,captain,ChIJKb-U_9KSyRIRKIFKbH5mW18,43.4787869&5.3969048,2024-03-02T09:45:00.000Z,120,11,public,false,Détente,,BkTenhYmWUOrc7Ia5Pz0A7usZim1,9,10,0,0,0,0,0
ZPXOddKOiepgWhuOw9iA,Terrain de Sport Westermeyer,played,captain,ChIJkcqlrnhz5kcRYDm_fAMKBxo,48.81732909999999&2.392745,2024-03-03T08:45:00.000Z,150,,public,false,Détente,2,8IjJtyz03TerAGLF55u66MxTLKy1,10,10,2,0,0,0,1
ZQTvSwRlcx402iXm29gT,UrbanSoccer La Défense,canceled,captain,ChIJh4rnfVhk5kcRV2Q-ZKdm8vA,48.8996456&2.2216773,2024-02-25T13:00:00.000Z,90,21.75,public,true,Détente,2,7LeSnJHQpyUYlhODRaCU8UXgCyG3,9,10,0,0,0,0,0
ZRSx9nvoVPUPY01jh33b,Monclub Futbol,canceled,captain,ChIJGbxxaamUyRIRgGvhHnhJStA,43.4299152&5.4001974,2024-03-06T20:00:00.000Z,60,10,public,false,Détente,3,CSTy9rmJRQSyWlqWuGiUhGpAGqf2,9,10,0,0,0,0,0
ZSrLWetCzRL7gcHayuCt,Top Ten,played,pro,ChIJfXprBx4b5kcRmhe-5pLZUek,48.8729106&2.6840919,2024-02-22T16:00:00.000Z,90,5,public,false,,,i27253AGxOfXgYJK72sBnvUGuMk2,10,10,7,0,0,0,7
ZUH05iZ80h0TYFQmHEM1,LE FIVE Paris 18,played,captain,ChIJpVT4_n1u5kcRzji6FdTBXXo,48.8978522&2.3700234,2024-02-28T18:30:00.000Z,60,14,public,true,Détente,3,SfZQZ0sG7QflwtNdnZ8Qq3xwctm2,10,10,1,0,0,0,3
ZVeucIEy9xA9wIpHygUu,LE FIVE Montreuil,published,pro,ChIJJdTQjr0T5kcRZmGxtIJVy44,48.8613036&2.4653095,2024-02-27T16:00:00.000Z,60,7,public,false,,,u9uC1vjdcdQ3UqNxI0SiFxor0m43,0,10,0,0,0,0,0
ZWBklbJfBncCLvJp4m4K,BIG5,played,captain,ChIJsb_7TJFp5kcRSPL5VqZulr4,48.9901429&2.3617895,2024-02-22T18:30:00.000Z,120,18,public,false,Détente,3,S7F3G5iuPNWVU8C5aKh1cFebGCA3,10,10,3,0,0,0,3
ZYe1MIF6F8BSA7ckqTUM,LE FIVE Bezons,played,pro,ChIJ04KEHBZk5kcRoDWLaMOCCwQ,48.91909&2.2093051,2024-02-20T17:00:00.000Z,60,7,public,false,,,U3MriTZbPbTUEsU6RtRuHxDMKvg2,10,10,9,0,0,0,7
ZcSgbHOa53nNDab5Exg4,UrbanSoccer - Puteaux,canceled,captain,ChIJM_sC0-Nk5kcRhL1y_EFIje8,48.8836397&2.2312283,2024-02-24T18:00:00.000Z,120,10,public,true,Compétition,,12zH327GP6M0eKl8lMsoXXFV7oV2,11,12,0,0,0,0,0
ZccI4dqGR4OUjoNzgkFa,Top Ten,published,pro,ChIJfXprBx4b5kcRmhe-5pLZUek,48.8729106&2.6840919,2024-03-01T22:00:00.000Z,90,16.5,public,false,,,i27253AGxOfXgYJK72sBnvUGuMk2,0,12,0,0,0,0,0
ZcvQ710wfyh61f72M6Gh,LE FIVE Villette,published,captain,ChIJTUFnQjps5kcR0pHITLTw1PI,48.9070122&2.3861459,2024-02-28T20:00:00.000Z,60,,public,false,Détente,3,UF4XQOQe7bWJF0SqVrG4NWmSnfO2,9,10,0,0,0,0,0
Zf08rYZzms4ohAtNJy64,City KOF,played,captain,ChIJ_2pirmlv5kcRTpGJ0UDn1Y8,48.9155954&2.2963072,2024-02-27T11:00:00.000Z,90,,public,false,Détente,2,PL0nw3BiAUhxDJuKc8qZsRazcM23,10,10,3,0,0,0,0
ZfSHifr0gHEIG96E0p7f,UrbanSoccer La Défense,played,captain,ChIJh4rnfVhk5kcRV2Q-ZKdm8vA,48.8996456&2.2216773,2024-03-04T20:00:00.000Z,60,15,public,true,Détente,2,ZDOMgDE8GXeoZrbaf20rzOInhB03,10,10,1,0,0,0,2
ZgHTdiGw5YKpoicqQi4c,Top Ten,published,pro,ChIJfXprBx4b5kcRmhe-5pLZUek,48.8729106&2.6840919,2024-03-06T17:30:00.000Z,90,16.5,public,false,,,i27253AGxOfXgYJK72sBnvUGuMk2,0,10,0,0,0,0,0
ZgtHgJGZxNlrPVM29TVm,Stadium Thiais,published,pro,ChIJ64X9jzx05kcRsHvSfOv6UcA,48.7511024&2.3713455,2024-03-06T16:30:00.000Z,90,10,public,false,,,psf3NmXEPwdCltHKJC7VuvJocrF3,0,10,0,0,0,0,0
ZhP0Pnat2u4GywbMD9Aw,FOOT INDOOR Marseille,canceled,captain,ChIJ41AMCxC8yRIRLHLGt11sc-U,43.2859688&5.4882746,2024-03-01T19:00:00.000Z,60,10,public,false,Compétition,3,y8aH8rulNoceTT3EoRBVx1McoCN2,7,10,0,0,0,0,0
ZinBJDeJR2KcknFb3MBZ,UrbanSoccer - Lille Bondues,canceled,captain,ChIJ58ZerMgrw0cR2Jyp7tZjBn4,50.6913774&3.0860264,2024-03-03T13:00:00.000Z,90,9,public,true,Détente,2,JE1w4Ihy6faOzOmk5y0pwGoPYRS2,8,8,0,0,0,0,0
ZioHsL5rsmbSd3Z2LE7b,Foot-Max Argenteuil,published,pro,ChIJi9oIzaRm5kcRJYcK7QsdRMU,48.9501632&2.2093946,2024-02-26T22:00:00.000Z,90,12,public,false,,,SuEnyPZ4TgNIkt1yap2yJ3ZHO6p1,0,10,0,0,0,0,1
Zm2i5eqQQcfFfIPyoIF5,LE FIVE Paris 18,published,captain,ChIJpVT4_n1u5kcRzji6FdTBXXo,48.8978522&2.3700234,2024-02-24T15:30:00.000Z,90,16,public,true,Détente,2,ICXBevzafQWGqOY1BAIiEbzmTI83,8,10,0,0,0,0,0
ZmGpWqaimL24U5knVT9p,Foot POWER 5,canceled,pro,ChIJuTCIFshm5kcRBtEQJ76dAzc,48.960066&2.2061913,2024-02-24T11:00:00.000Z,60,5,public,false,,,sss3dYi6nzWd7rEjwcQ30LGKudj1,0,10,0,0,0,0,0
ZnbCRyHAP3Lb9KtymgkS,Stadium Thiais,hidden,pro,ChIJ64X9jzx05kcRsHvSfOv6UcA,48.7511024&2.3713455,2024-02-22T18:00:00.000Z,90,15,public,false,,,psf3NmXEPwdCltHKJC7VuvJocrF3,0,10,0,0,0,0,0
ZqEdtjijWnritHeAucaT,LE FIVE Paris 17,played,captain,ChIJ7eI8sFNv5kcR5xy52Wc57NU,48.900032&2.3213449,2024-02-29T19:00:00.000Z,60,12,public,true,Détente,3,i6BoGtYVdBZmQkGcXy5YdjrQTeP2,10,10,3,0,0,0,1
Ztn2yvpqkNvO0ZEddhP9,FOOT IN FIVE,played,captain,ChIJoUR0syFp5kcRUlStnwluaYY,48.9552257&2.3328346,2024-03-03T09:30:00.000Z,90,15,public,false,,3,dtFq1JByaGRa7hIWMaszrnWWzUN2,10,10,2,0,0,0,1
ZvVR0jkyPtstPftzLgZr,Le Street Foot en Salle,canceled,captain,ChIJt_AXL6Jg5kcRu6rBmnrmeUM,49.0164435&2.181307,2024-03-01T22:00:00.000Z,60,10,public,false,Compétition,5,dcQcNZfbqHcv7qU4oYMRsVelgbA2,5,10,0,0,0,0,0
ZvW9icE01N5UiQIjjBk0,Game 13 foot indoor,played,captain,ChIJNSDvlsXryRIRUXao9hwB79I,43.41258939999999&5.366617,2024-02-25T17:30:00.000Z,60,10,public,false,Détente,4,RPwfyrL30dS1yvyJwGrn0z2HgSa2,10,10,3,0,0,0,0
ZxUKwfn55mN90KvvFt8a,UrbanSoccer - Toulouse Sept Deniers,played,captain,ChIJk5nUBdOkrhIRP-1aUJzo-lA,43.6321552&1.411696,2024-02-20T11:30:00.000Z,60,9,public,true,Détente,3,ut6d6LhB5IRFea9D3TUVJnvHalp1,10,10,2,0,0,0,0
Zz8EKDk89Uv0dlkMCSkT,UrbanSoccer Guyancourt,played,captain,ChIJmdX-2c-A5kcRj1wtOS8rZmo,48.7722091&2.0600292,2024-03-04T18:30:00.000Z,60,10,public,true,Détente,3,CrOBczekKTQvhnbuUD1E4Hd2so03,10,10,3,0,0,0,1
a0WV8PhRPqy8qMHactkK,Top Ten,published,pro,ChIJfXprBx4b5kcRmhe-5pLZUek,48.8729106&2.6840919,2024-03-03T21:00:00.000Z,90,15,public,false,,,i27253AGxOfXgYJK72sBnvUGuMk2,0,10,0,0,0,0,0
a1GZoBGLn6r9VDfhesQI,UrbanSoccer - Porte d'Aubervilliers,played,captain,ChIJ0dXjDCZs5kcRvX0EpMwxsUY,48.9074912&2.3746518,2024-02-27T19:00:00.000Z,60,13.5,public,true,Détente,4,f4nH3RQ5JvW0ofgimuemFrP5LZk1,10,10,1,0,0,0,1
a211oDEaLP7gjvg9nE75,UrbanSoccer Meudon,played,captain,ChIJ0WKvjbh75kcRoqSmyWwW2jQ,48.80013599999999&2.2140811,2024-02-25T09:30:00.000Z,90,15.75,public,true,Détente,2,rzZDqucZogfaxgr2Ov9akybiLzK2,10,10,1,0,0,0,0
a3UNLG3pKRTKn6uV78fn,UrbanSoccer - Marne-La-Vallée,canceled,captain,ChIJ6bDBiosP5kcROXiloHzSdhc,48.82658600000001&2.6296937,2024-03-03T09:30:00.000Z,90,13.5,private,true,Détente,2,9y5zsD18uvbMU7K0roS1Qs19Zk92,10,10,0,0,0,0,0
a5D4aHz9lbM5Xk2nYZV5,Foot-Max Argenteuil,published,pro,ChIJi9oIzaRm5kcRJYcK7QsdRMU,48.9501632&2.2093946,2024-02-22T22:00:00.000Z,60,8,public,false,,,SuEnyPZ4TgNIkt1yap2yJ3ZHO6p1,0,10,0,0,0,0,0
a74U9qdUxZW4TpTeOMfn,UrbanSoccer - Puteaux,played,captain,,48.8836397&2.2312283,2024-02-27T11:00:00.000Z,60,11.5,public,true,Détente,3,qLJ6ybeunBMPdBie0Mnea7RnRFE2,10,10,1,0,0,0,1
a8RtVPM4mq046urttZFr,Stadium Thiais,published,pro,,48.7511024&2.3713455,2024-02-28T18:00:00.000Z,90,15,public,false,,,psf3NmXEPwdCltHKJC7VuvJocrF3,0,12,0,0,0,0,0
a8hUt0Rva1VTHNLzaVO9,Le Street Foot en Salle,canceled,captain,ChIJt_AXL6Jg5kcRu6rBmnrmeUM,49.0164435&2.181307,2024-02-25T09:00:00.000Z,120,16,public,false,Détente,2,Ba7yVmFYZaM2jbR8Y8CL2PjrjQn2,2,10,0,0,0,0,0
a9HSwoGJvaiclpTu1zJq,UrbanSoccer - Marne-La-Vallée,canceled,captain,ChIJ6bDBiosP5kcROXiloHzSdhc,48.82658600000001&2.6296937,2024-02-26T20:00:00.000Z,90,18,public,true,Compétition,4,r58DdTYUJMOGjQlqB4cJVwZ7DF83,5,10,0,0,0,0,0
a9Pm21e2Wb1uD0nWa15q,LE FIVE Bobigny,canceled,captain,ChIJV8UONORs5kcRXxR5Qd7x130,48.901553&2.4313304,2024-02-22T11:30:00.000Z,60,10,public,false,Détente,3,wUgty03FVOOZgb0SZrbOL49y3ht2,9,10,0,0,0,0,0
a9lSymvhCuCtPeh7LNPm,LE FIVE Paris 18,played,pro,ChIJpVT4_n1u5kcRzji6FdTBXXo,48.8978522&2.3700234,2024-02-23T21:20:00.000Z,90,10,public,false,,,UQf33jQhVZhle917nO0h7D5qclV2,10,10,3,0,0,0,6
aCYgN6HdT4K4s7UwKb8h,UrbanSoccer - Quai d'Ivry,canceled,captain,ChIJfXxYJ0xy5kcRw9xTkF6-FZQ,48.8199885&2.3936463,2024-02-20T18:45:00.000Z,60,14.5,public,true,Détente,3,hyVpwwsYfMMP8rZ9FJX4w4aIOus1,10,10,0,0,0,0,1
aEvKoGosK9GtAnLv49x7,Stadium Thiais,published,pro,ChIJ64X9jzx05kcRsHvSfOv6UcA,48.7511024&2.3713455,2024-03-03T10:30:00.000Z,90,15,public,false,,,psf3NmXEPwdCltHKJC7VuvJocrF3,0,10,0,0,0,0,0
aF6MSjhqokx0ySC612GP,Footbox,published,pro,ChIJY-WkusIR5kcR-tEad3UtaSQ,48.9022789&2.582647,2024-02-21T20:00:00.000Z,60,10,public,false,,,QI89VPazyLhBVnWH871jk4BUEZI3,0,10,0,0,0,0,0
aHGCJeMawOg2R97SOTef,LE FIVE Bobigny,published,pro,ChIJV8UONORs5kcRXxR5Qd7x130,48.901553&2.4313304,2024-02-28T17:00:00.000Z,60,8,public,false,,,4owi3i7t8EOvFNF6UQvACOpiDRy1,1,10,0,0,0,0,0
aJTzqIeE9BbMh3mXoZv4,UrbanSoccer - Porte d'Aubervilliers,played,captain,ChIJ0dXjDCZs5kcRvX0EpMwxsUY,48.9074912&2.3746518,2024-03-07T19:10:00.000Z,90,22.5,public,true,Détente,3,QbIS3fnEa8QszJJC2JuIvYV5LZH2,10,10,2,0,0,0,3
aJZwP5NDQ63qdL5JFPFG,Monclub Futbol,played,pro,ChIJGbxxaamUyRIRgGvhHnhJStA,43.4299152&5.4001974,2024-02-26T18:00:00.000Z,60,10,public,false,,,CSTy9rmJRQSyWlqWuGiUhGpAGqf2,10,10,4,0,0,0,1
aKFOmJ0rHgIu7BNtQUq2,Stadium Thiais,canceled,captain,ChIJ64X9jzx05kcRsHvSfOv6UcA,48.7511137&2.3715422,2024-02-21T19:30:00.000Z,90,15,private,false,Détente,2,C41uLRu1nXX3sNBhLbABqcipElj2,10,10,0,0,0,0,0
aL1cdnWgCElRENlJ0XBW,FOOT INDOOR Marseille,played,captain,ChIJ41AMCxC8yRIRLHLGt11sc-U,43.2859688&5.4882746,2024-02-20T18:00:00.000Z,60,10,public,false,Détente,3,fIhi7V2KmzRGAHGUvph6Cb9O51t1,10,10,1,0,0,0,1
aLiUMjwwPvPWWvitYtz8,Footbox,published,pro,ChIJY-WkusIR5kcR-tEad3UtaSQ,48.9022789&2.582647,2024-02-26T13:00:00.000Z,60,7,public,false,,,QI89VPazyLhBVnWH871jk4BUEZI3,0,10,0,0,0,0,0
aLs2ZWY7B1jIUZ0hX8zZ,Game 13 foot indoor,played,captain,ChIJNSDvlsXryRIRUXao9hwB79I,43.41258939999999&5.366617,2024-03-03T10:30:00.000Z,60,10,public,false,Détente,3,Ez3YAlfrUxgTTJcxq9sNBTRxuHP2,10,10,0,0,0,0,0
aMWwf7xG5HDjl5Wseusr,UrbanSoccer Meudon,canceled,captain,ChIJ0WKvjbh75kcRoqSmyWwW2jQ,48.80013599999999&2.2140811,2024-02-20T19:30:00.000Z,60,11.5,public,true,Détente,3,cWdoQk4MITX9E8N7mshDFMj5ijk1,10,10,0,0,0,0,0
aN5uegY5tFlYHnm9aLs1,LE FIVE Paris 18,canceled,captain,ChIJpVT4_n1u5kcRzji6FdTBXXo,48.8978522&2.3700234,2024-03-02T17:00:00.000Z,60,12,public,true,Détente,2,yb2Lf2SE43Qbv9lslzMllwnrtFF3,5,10,0,0,0,0,0
aNMMVPGTwIsjahDNkuSj,UrbanSoccer - Lyon Parilly,played,captain,ChIJx3FQWjLC9EcRrrQb2eV7i_4,45.7120399&4.9039284,2024-02-21T15:00:00.000Z,60,7.5,public,true,Compétition,4,B6tWZAy3bgTUbyN0CtS7McqaOcW2,10,10,0,0,0,0,0
aNr9EgtpL4MOgM3guhJe,Stadium Thiais,published,pro,ChIJ64X9jzx05kcRsHvSfOv6UcA,48.7511024&2.3713455,2024-02-24T12:00:00.000Z,90,10,public,false,,,psf3NmXEPwdCltHKJC7VuvJocrF3,0,10,0,0,0,0,0
aOEQzZpJEHvSvGhFLPoM,UrbanSoccer - Quai d'Ivry,published,captain,ChIJfXxYJ0xy5kcRw9xTkF6-FZQ,48.8199885&2.3936463,2024-02-27T18:00:00.000Z,60,13,public,true,Détente,1,4orUejlEGkeJFOf0zD7eZ9JRZsq2,9,10,0,0,0,0,0
aOKnHIQIDb7ZYbnIuSLq,Stadium Thiais,published,pro,,48.7511024&2.3713455,2024-03-02T10:30:00.000Z,90,12,public,false,,,psf3NmXEPwdCltHKJC7VuvJocrF3,0,10,0,0,0,0,0
aPWggmB5BN1NuldnEO3U,UrbanSoccer - Lille Lezennes,played,captain,ChIJR3ro5nTWwkcRfM_S3Be9HjI,50.6162725&3.0998108,2024-02-29T20:00:00.000Z,60,12,public,true,Compétition,3,2sanzmSM99PtBOgzVeGt2bUNxCC2,10,10,2,0,0,0,0
aTPUYlfzY5Kf5a2GOsEj,LE FIVE Carrières-sous-Poissy,played,captain,ChIJ9T4fWfyL5kcRCBX-FyZLvEE,48.9468171&2.0230552,2024-03-04T20:00:00.000Z,90,13,public,false,Détente,4,T3MXqcHK9jTOVl5qDb6YLQV5V8R2,10,10,2,0,1,1,2
aU7RRGFDSAYbfI8StSFs,Speed Soccer Five,published,pro,ChIJ2xTNglV25kcR3UDi4AXGfDU,48.7360598&2.315058,2024-02-27T17:00:00.000Z,90,13,public,false,,,MkTJljXziPXBdRdijccndMLBNCC3,0,10,0,0,0,0,0
aWcn8uWhyLzaiuxSSlrk,LE FIVE Paris 18,played,captain,ChIJpVT4_n1u5kcRzji6FdTBXXo,48.8978522&2.3700234,2024-02-21T17:30:00.000Z,60,14,public,true,Chill,3,12XXT67k6NZ5gHU4gBdfCi14H7A2,10,10,1,0,0,0,2
aXEb01lSTjLu90aUFthF,Parc Sainte Barbe,canceled,captain,ChIJtw301r5w5kcRvRjidiuAyaw,48.7922897&2.2913469,2024-02-20T14:25:00.000Z,120,,public,false,Détente,4,rzC8A0bd4afb9AWrHKlCPT9461y1,12,16,0,0,0,0,1
aZq22aomYZiWNkXEeCAC,UrbanSoccer - Porte d'Aubervilliers,canceled,captain,ChIJ0dXjDCZs5kcRvX0EpMwxsUY,48.9074912&2.3746518,2024-02-27T17:30:00.000Z,90,21.5,public,true,Détente,2,ap0VbHyFFxawf0uSPP8R34bpNrr2,9,10,0,0,0,0,0
abCzGN2OAkUyuFyZdNmN,LE FIVE Paris 13,played,pro,ChIJ_bOSChhz5kcRZMTeq_6Gdzg,48.8181615&2.3658793,2024-02-27T22:00:00.000Z,60,10,public,false,,,FjSnzlRFFfhWVWQJGfIEwRc2ZMj2,10,10,8,0,1,0,2
abeIuNPMrUCm3QCAQ632,LE FIVE Bezons,played,pro,ChIJ04KEHBZk5kcRoDWLaMOCCwQ,48.91909&2.2093051,2024-03-07T21:00:00.000Z,90,14,public,false,,,U3MriTZbPbTUEsU6RtRuHxDMKvg2,10,10,7,0,0,0,2
acxEWzz7MWyi1mdiQhCL,Foot-Max Argenteuil,published,pro,ChIJi9oIzaRm5kcRJYcK7QsdRMU,48.9501632&2.2093946,2024-03-05T18:00:00.000Z,60,8,public,false,,,SuEnyPZ4TgNIkt1yap2yJ3ZHO6p1,0,10,0,0,0,0,1
aevyQm2rLSmrEM0quRH2,UrbanSoccer - Puteaux,canceled,captain,ChIJM_sC0-Nk5kcRhL1y_EFIje8,48.8836397&2.2312283,2024-02-24T18:00:00.000Z,120,10,public,true,Compétition,,12zH327GP6M0eKl8lMsoXXFV7oV2,12,12,0,0,0,0,0
agPwjnF9kaaxslQJGcfq,Events Five,played,captain,ChIJf8cSCJG5rhIRoQadPH-wW1U,43.5399703&1.3922897,2024-02-21T18:00:00.000Z,60,9,public,false,Détente,,AMEnp6DXr5auGuUEuCYRvdtRzUC2,10,10,1,0,0,0,0
aku9javmMOFwKJ66dhm2,UrbanSoccer - Quai d'Ivry,canceled,captain,ChIJfXxYJ0xy5kcRw9xTkF6-FZQ,48.8199885&2.3936463,2024-03-03T14:00:00.000Z,90,18,public,true,Détente,2,knRi8t6svJSGYsHgYI034PEN9Bs1,9,10,0,0,0,0,0
an3ZNSgwQeACOihGCDTu,Game 13 foot indoor,canceled,captain,ChIJNSDvlsXryRIRUXao9hwB79I,43.41258939999999&5.366617,2024-02-29T20:00:00.000Z,60,10,public,false,Détente,3,Ez3YAlfrUxgTTJcxq9sNBTRxuHP2,10,10,0,0,0,0,1
ancy4p67LtrskBm5A0l6,Play Soccer,played,captain,ChIJQ-UxZn-5rhIRKWoQydM5T9s,43.5512023&1.4098927,2024-02-27T18:30:00.000Z,90,15,public,false,,,pL0skPQs4CYYVXb682MCC9jXu8K2,10,10,2,0,0,0,0
apW8bDBrpmuPHnc737TT,Top Ten,published,pro,ChIJfXprBx4b5kcRmhe-5pLZUek,48.8729106&2.6840919,2024-03-06T11:00:00.000Z,90,5,public,false,,,i27253AGxOfXgYJK72sBnvUGuMk2,0,10,0,0,0,0,0
apkjdVm49D8vls7kpP3C,Stadium Thiais,published,pro,ChIJ64X9jzx05kcRsHvSfOv6UcA,48.7511024&2.3713455,2024-02-24T13:00:00.000Z,90,12,public,false,,,psf3NmXEPwdCltHKJC7VuvJocrF3,0,10,0,0,0,0,0
aqWBJBUCti0z1nnlaTXY,LE FIVE Paris 13,played,captain,ChIJ_bOSChhz5kcRZMTeq_6Gdzg,48.8181615&2.3658793,2024-03-04T20:00:00.000Z,60,14,public,true,Détente,2,Os3wOW4AGsY7MsjIwSBDqYBmuOj1,10,10,0,0,0,0,1
ardflVIhERzFCKFHhGBl,Footbox,canceled,pro,ChIJY-WkusIR5kcR-tEad3UtaSQ,48.9022789&2.582647,2024-02-27T21:00:00.000Z,60,10,public,false,,,QI89VPazyLhBVnWH871jk4BUEZI3,0,10,0,0,0,0,0
axroPXBJT2TyFk615NzZ,Monclub Futbol,published,pro,ChIJGbxxaamUyRIRgGvhHnhJStA,43.4299152&5.4001974,2024-03-05T17:00:00.000Z,60,10,public,false,,,CSTy9rmJRQSyWlqWuGiUhGpAGqf2,1,10,0,0,0,0,0
b2haDEKHbHy7FXhBMTc3,Cité des Sports,played,captain,ChIJ70UPf6R75kcRGb3NAV9k7Ww,48.8247744&2.2650728,2024-03-06T19:30:00.000Z,60,13,public,false,Détente,3,H1q5Ebp0nJfOnYz51vLg3Us2dQX2,10,10,3,0,0,0,1
b5PLFJxqPSwZYBWXcrkv,Foot-Max Argenteuil,canceled,pro,ChIJi9oIzaRm5kcRJYcK7QsdRMU,48.9501632&2.2093946,2024-03-01T22:00:00.000Z,90,12,public,false,,,SuEnyPZ4TgNIkt1yap2yJ3ZHO6p1,0,10,0,0,0,0,1
b8JpJc8M3ev1japwy5dF,Stade Des Courtilles,played,captain,ChIJ83HS9ldv5kcR-plMKkHPNTA,48.929137&2.2834726,2024-03-03T16:00:00.000Z,180,,public,false,Compétition,,OKhfkxDKMDS9m7GyDTrjVlKnvko1,14,14,7,0,1,0,1
b9OUrjMBcXbQO9OCwucd,Stadium Thiais,published,pro,ChIJ64X9jzx05kcRsHvSfOv6UcA,48.7511024&2.3713455,2024-02-23T14:00:00.000Z,90,8,public,false,,,psf3NmXEPwdCltHKJC7VuvJocrF3,0,10,0,0,0,0,0
b9im0t5B89KXYdGAaSPj,LE FIVE Bezons,played,captain,ChIJ71Mv0Wpk5kcRg-H9x7L-dXo,48.9190524&2.211796,2024-03-02T13:00:00.000Z,60,6,public,true,Détente,3,liP0mX4IVqcBiayvxaKLwqqRSA23,10,10,2,0,0,0,0
bBTPN0StdrXS0Yx9ZLIb,UrbanSoccer - Quai d'Ivry,played,captain,ChIJfXxYJ0xy5kcRw9xTkF6-FZQ,48.8199885&2.3936463,2024-03-05T18:00:00.000Z,60,13.5,public,true,Détente,2,8Jre03KIPaMAxaeFJvMxvhOsyxE3,10,10,0,0,0,0,0
bC0c6sTlcooYq4xuSgOT,Foot POWER 5,canceled,pro,ChIJuTCIFshm5kcRBtEQJ76dAzc,48.960066&2.2061913,2024-03-06T21:30:00.000Z,90,7,public,false,,,sss3dYi6nzWd7rEjwcQ30LGKudj1,0,10,0,0,0,0,0
bDSRRPy26AuLfxIZjXXn,LE FIVE Villette,canceled,captain,ChIJTUFnQjps5kcR0pHITLTw1PI,48.9070122&2.3861459,2024-03-07T19:00:00.000Z,60,12.5,public,false,Compétition,3,deoHICE1eFftjKgwQlgtUUTBxd82,10,10,0,0,0,0,0
bEvlPZ1b3j2eeObNWcJb,Stadium Thiais,played,pro,ChIJ64X9jzx05kcRsHvSfOv6UcA,48.7511024&2.3713455,2024-02-24T16:30:00.000Z,90,12,public,false,,,psf3NmXEPwdCltHKJC7VuvJocrF3,10,10,5,0,0,1,1
bFiUrAhmHhrV9H5OD3IJ,UrbanSoccer - Lille Lezennes,played,captain,ChIJR3ro5nTWwkcRfM_S3Be9HjI,50.6162725&3.0998108,2024-02-23T20:10:00.000Z,60,9,public,true,,2,JTE85wneibh7jnFC2M74ubFmC4j1,10,10,4,0,0,0,2
bGfxiwanR5OJctVJeBYB,Top Ten,played,pro,ChIJfXprBx4b5kcRmhe-5pLZUek,48.8729106&2.6840919,2024-03-04T16:00:00.000Z,90,5,public,false,,,i27253AGxOfXgYJK72sBnvUGuMk2,10,10,8,0,0,0,9
bKCjcJO64m6m0QQL7cuE,Play Soccer,played,captain,ChIJQ-UxZn-5rhIRKWoQydM5T9s,43.5512023&1.4098927,2024-02-27T17:00:00.000Z,60,10,public,false,,,8LtkeOuZHeePxfkXdNPmQSr7V9L2,10,10,3,0,0,0,0
bL7G1RsqqnrU1nqHWNL9,LE FIVE Champigny,canceled,captain,ChIJsXi1PLYN5kcRTVVDuczgS2s,48.8194084&2.5251846,2024-02-26T22:00:00.000Z,60,5,public,false,Compétition,4,ylwFZJwxI3aJFuolMHsX1Dd0CHa2,10,10,0,0,0,0,1
bLDj9USokNeArAZNtuWJ,LE FIVE Paris 13,canceled,captain,ChIJ_bOSChhz5kcRZMTeq_6Gdzg,48.8181615&2.3658793,2024-02-25T22:00:00.000Z,60,10,public,true,Compétition,4,MIczBz9gMEVuIcLISgBgcVyhFFP2,1,10,0,0,0,0,0
bLcASacCguGtKerJf7TP,UrbanSoccer - Asnières,played,captain,ChIJi5LkLT9v5kcRSlhScqEFNWs,48.92192379999999&2.3068311,2024-03-06T18:30:00.000Z,60,12,public,true,Compétition,3,RdCUSguPIzT1qprXB9RzX3XJMh12,10,10,1,0,0,0,0
bM7Xvxr4kdHvF6rKYtIz,Top Ten,published,pro,ChIJfXprBx4b5kcRmhe-5pLZUek,48.8729106&2.6840919,2024-02-27T22:00:00.000Z,90,16.5,public,false,,,i27253AGxOfXgYJK72sBnvUGuMk2,0,10,0,0,0,0,0
bNSM2tLDCBbEIDHkSjXv,Footbox,canceled,pro,ChIJY-WkusIR5kcR-tEad3UtaSQ,48.9022789&2.582647,2024-03-02T16:00:00.000Z,60,10,public,false,,,QI89VPazyLhBVnWH871jk4BUEZI3,0,10,0,0,0,0,0
bNpiQje2gysyPF15C6hg,Events Five,canceled,captain,ChIJf8cSCJG5rhIRoQadPH-wW1U,43.5399703&1.3922897,2024-02-23T20:30:00.000Z,60,10,public,false,Détente,3,gYp8FyCQHSN7rsMacmhUVybxTk62,9,10,0,0,0,0,0
bOiWKNLxUAuzPyWdkgPg,Sun Set Soccer,canceled,captain,ChIJ-2jOt33D9EcRLZL2mS5Gvz4,45.6768927&4.9409477,2024-02-22T17:30:00.000Z,90,13,public,false,Détente,2,D1z0HClnQcPwRR7Ctq4eGzvoOHD2,9,10,0,0,0,0,0
bPizoT0qXKClciese17F,Abd Drive,played,captain,ChIJCVBWxGht5kcRclC3u2EvPKs,48.86598919999999&2.4308229,2024-03-02T08:00:00.000Z,150,,private,false,Compétition,5,i0E2h7DylAZZa74nZXgURaHFPkl1,10,10,10,0,0,0,0
bQCppdKP5HRkjGfejVI8,Footbox,published,pro,ChIJY-WkusIR5kcR-tEad3UtaSQ,48.9022789&2.582647,2024-02-25T15:00:00.000Z,60,10,public,false,,,QI89VPazyLhBVnWH871jk4BUEZI3,0,10,0,0,0,0,0
bR0pzjMcdesMkdGVzHGa,Top Ten,hidden,pro,ChIJfXprBx4b5kcRmhe-5pLZUek,48.8729106&2.6840919,2024-02-23T21:30:00.000Z,90,16.5,public,false,,,i27253AGxOfXgYJK72sBnvUGuMk2,0,10,0,0,0,0,0
bTlvpGXr1rAqI97wjHTv,Stadium Thiais,played,captain,ChIJ64X9jzx05kcRsHvSfOv6UcA,48.7511137&2.3715422,2024-03-04T16:00:00.000Z,120,10,public,false,Compétition,3,Dohg1zNvhsbmGrYuAmExKFyjruw2,10,10,9,0,0,1,2
bZEzf0PMxbBmOpS5xOXf,Stadium Thiais,played,pro,ChIJ64X9jzx05kcRsHvSfOv6UcA,48.7511024&2.3713455,2024-03-03T16:00:00.000Z,90,15,public,false,,,psf3NmXEPwdCltHKJC7VuvJocrF3,10,10,2,0,0,0,1
ba780nKr0rIHzqLSrz8H,Sport dans la Ville Rhône-Alpes,canceled,captain,ChIJoUEDcmvr9EcRILCz6hDCQ2o,45.7811703&4.8081568,2024-02-28T19:30:00.000Z,60,9.5,public,false,Détente,2,tHP4gpQsVeO9aTm6rXCZDreZ31o1,7,10,0,0,0,0,0
bbLvI2TqEbqr75zG5etZ,Stadium Thiais,published,pro,ChIJ64X9jzx05kcRsHvSfOv6UcA,48.7511024&2.3713455,2024-02-28T11:00:00.000Z,60,7,public,false,,,psf3NmXEPwdCltHKJC7VuvJocrF3,0,10,0,0,0,0,0
bbfiGaQJJ66v7Nd9oWJb,LE FIVE Paris 17,canceled,captain,ChIJ7eI8sFNv5kcR5xy52Wc57NU,48.900032&2.3213449,2024-02-25T09:00:00.000Z,60,12,public,true,Chill,,QvGjp6l6USRQu2PinltyiMY5pn93,6,10,0,0,0,0,0
biYIsmGjnX9MLPnFx8w5,LE FIVE Paris 17,hidden,pro,ChIJ7eI8sFNv5kcR5xy52Wc57NU,48.900032&2.3213449,2024-02-21T18:00:00.000Z,60,12,public,false,,,V6mqbc9C8FNa1RQlUupjeoqOsZL2,0,10,0,0,0,0,2
blEgMtmQ5aUvdjpCe9UM,UrbanSoccer La Défense,canceled,captain,ChIJh4rnfVhk5kcRV2Q-ZKdm8vA,48.8996456&2.2216773,2024-02-23T17:00:00.000Z,60,14.5,public,true,Détente,2,C6rcIXvlVyP7fsnawdCt2IzMzh63,9,10,0,0,0,0,0
bleydIlA2DN10tbLimer,LE FIVE Bezons,played,captain,ChIJ71Mv0Wpk5kcRg-H9x7L-dXo,48.9190524&2.211796,2024-03-02T16:00:00.000Z,60,9,public,true,,3,Ye63qPqAdFPr54YVUgjVWbRHiBR2,10,10,3,0,0,0,0
bnW4LmU23dsAWO8VqcoO,Footsal,played,captain,ChIJa7HS298pw0cRMoVDj0XqVdI,50.6397895&3.1251337,2024-02-22T19:00:00.000Z,60,8,private,false,Détente,3,ydQSvbudLDZHsUN8NFABk8kFyeo2,10,10,9,0,0,0,3
bni7DlDM54V6YVjUg4sI,Abd Drive,played,captain,ChIJCVBWxGht5kcRclC3u2EvPKs,48.86598919999999&2.4308229,2024-02-24T08:00:00.000Z,150,,public,false,Compétition,5,i0E2h7DylAZZa74nZXgURaHFPkl1,12,12,10,0,0,0,3
bq957a6OhOgTdrCyZejq,Footbox,published,pro,ChIJY-WkusIR5kcR-tEad3UtaSQ,48.9022789&2.582647,2024-02-27T20:00:00.000Z,60,10,public,false,,,QI89VPazyLhBVnWH871jk4BUEZI3,4,10,0,0,0,0,0
bqHtuCs20UEB9PhDheJz,Game 13 foot indoor,played,captain,ChIJNSDvlsXryRIRUXao9hwB79I,43.41258939999999&5.366617,2024-03-05T19:00:00.000Z,60,10,public,false,Détente,3,Ez3YAlfrUxgTTJcxq9sNBTRxuHP2,10,10,5,0,0,0,2
btFWItb4PMnzdOaVuXeg,Footbox,published,pro,ChIJY-WkusIR5kcR-tEad3UtaSQ,48.9022789&2.582647,2024-02-26T21:00:00.000Z,60,10,public,false,,,QI89VPazyLhBVnWH871jk4BUEZI3,0,10,0,0,0,0,0
bxMULtnAot7mbuzetIX8,UrbanSoccer La Défense,canceled,captain,ChIJh4rnfVhk5kcRV2Q-ZKdm8vA,48.8996456&2.2216773,2024-02-27T17:15:00.000Z,60,14.5,public,true,Détente,1,gFqhI9TpOJTllzqyC7bVQx8olqT2,8,10,0,0,0,0,0
bxTtSBC6DKGNUB4cbxEd,FOOT IN FIVE,played,captain,ChIJoUR0syFp5kcRUlStnwluaYY,48.9552257&2.3328346,2024-02-25T13:00:00.000Z,90,15,public,false,Détente,3,w1jwoYJpcXM1VrU9CIKmGspCoS32,10,10,2,0,0,0,0
bxaoA8i0f6pj1Amr3C9U,Foot-Max Argenteuil,played,captain,ChIJi9oIzaRm5kcRJYcK7QsdRMU,48.9501569&2.2093741,2024-02-23T19:30:00.000Z,90,12,public,false,Détente,3,LdGtN4NAzbNmo76Odv4400udGl93,10,10,3,0,0,1,3
bxmSJ8qtbg6AayQdCHOh,Game 13 foot indoor,played,captain,ChIJNSDvlsXryRIRUXao9hwB79I,43.41258939999999&5.366617,2024-02-27T17:30:00.000Z,60,10,public,false,Détente,4,RPwfyrL30dS1yvyJwGrn0z2HgSa2,10,10,4,0,0,0,3
bzSbMCSBBCXEiYrdhRPh,UrbanSoccer - Lille Lezennes,canceled,captain,ChIJR3ro5nTWwkcRfM_S3Be9HjI,50.6162725&3.0998108,2024-03-03T18:15:00.000Z,60,9.5,public,true,Détente,3,dvdYbjXAR8fQjpIGtP7Po8prEdE3,2,10,0,0,0,0,0
c0qFj8lbMj28Lr1eFBkc,LE FIVE Bezons,canceled,captain,ChIJ71Mv0Wpk5kcRg-H9x7L-dXo,48.9190524&2.211796,2024-03-03T16:30:00.000Z,90,15,public,true,Détente,3,Ie6QHln4ZZT5QOIxAkzi1CEDjLG2,9,10,0,0,0,0,1
c1GiZus398mEqWVUTTOf,Stadium Thiais,played,pro,,48.7511024&2.3713455,2024-03-04T21:00:00.000Z,90,14,public,false,,,psf3NmXEPwdCltHKJC7VuvJocrF3,10,10,4,0,0,0,1
c2d7LGQZWCoESC2wtV0t,Monclub Futbol,played,pro,ChIJGbxxaamUyRIRgGvhHnhJStA,43.4299152&5.4001974,2024-02-26T18:00:00.000Z,60,10,public,false,,,CSTy9rmJRQSyWlqWuGiUhGpAGqf2,10,10,5,0,0,0,2
c3uB74BSjVbN3gFBeBtF,LE FIVE Paris 17,played,captain,ChIJ7eI8sFNv5kcR5xy52Wc57NU,48.900032&2.3213449,2024-02-29T20:00:00.000Z,60,12,public,true,Détente,3,zm5qjZYZ5VMK9DVnIRrybTpFLiG3,10,10,3,0,0,0,1
c3x27K30JWSt2Jto2XyN,LE FIVE Paris 17,played,captain,ChIJ7eI8sFNv5kcR5xy52Wc57NU,48.900032&2.3213449,2024-03-04T18:00:00.000Z,60,,public,true,Détente,3,6QTn7pztRMR1KpkN7NHrvzJyMB43,10,10,1,0,0,0,0
c4hNZVzXg6QhLIlgf2PX,LE FIVE Carrières-sous-Poissy,canceled,captain,ChIJ9T4fWfyL5kcRCBX-FyZLvEE,48.9468171&2.0230552,2024-03-06T21:30:00.000Z,90,13.5,public,false,Détente,3,VgdQ184DblcTOIFfeExdxEkxZ8i1,9,10,0,0,0,0,0
c5HFfCUecfdZYrdZFvsU,UrbanSoccer - Lille Lezennes,played,captain,ChIJR3ro5nTWwkcRfM_S3Be9HjI,50.6162725&3.0998108,2024-03-06T11:15:00.000Z,60,7.5,public,true,Détente,3,QEccKl5NmihF7wawvolGxLeYhhj1,10,10,0,0,0,0,0
c5LZcEiD9UHdvHXqYjmG,LE FIVE Sarcelles,played,captain,ChIJ6_q3Fxhq5kcRCpoEwnoXX1Q,48.99782219999999&2.3902225,2024-02-24T20:30:00.000Z,90,12.5,public,false,,3,aseCU6zAlSVti09u48rNg7tNcVl1,10,10,0,0,0,0,3
c8QndrIJoq6guGfJHBem,Stadium Thiais,played,pro,ChIJ64X9jzx05kcRsHvSfOv6UcA,48.7511024&2.3713455,2024-02-29T16:30:00.000Z,90,10,public,false,,,psf3NmXEPwdCltHKJC7VuvJocrF3,10,10,5,0,0,0,0
c8r56ocGYxPWawvmsosV,UrbanSoccer - Lille Lezennes,canceled,captain,ChIJR3ro5nTWwkcRfM_S3Be9HjI,50.6162725&3.0998108,2024-03-01T21:15:00.000Z,90,7.5,public,true,Détente,3,dvdYbjXAR8fQjpIGtP7Po8prEdE3,2,10,0,0,0,0,0
c9hn6w2VCJogYDnTiBjC,UrbanSoccer La Défense,played,captain,ChIJh4rnfVhk5kcRV2Q-ZKdm8vA,48.8996456&2.2216773,2024-02-25T15:15:00.000Z,60,14.5,public,true,Détente,4,eYtE7z5kIoha8eFlcQ6ziHaeDs33,10,10,2,0,0,0,2
cAeBhgXkAy2jUWmSR8N2,Foot-Max Argenteuil,published,pro,ChIJi9oIzaRm5kcRJYcK7QsdRMU,48.9501632&2.2093946,2024-03-03T15:00:00.000Z,90,12,public,false,,,SuEnyPZ4TgNIkt1yap2yJ3ZHO6p1,0,10,0,0,0,0,0
cBzAUfkJ8aGZzIMOzW0W,Stade Lénine,played,captain,ChIJkZtNFHBx5kcRSJxW_zxIUz4,48.8202285&2.2982211,2024-02-25T09:00:00.000Z,90,,public,false,Compétition,4,AkrgBTx64wbEUYB1CvUV0WNRudY2,8,8,4,0,0,0,1
cERcCS6j61wakfk6CQeQ,FOOT INDOOR Marseille,played,captain,ChIJ41AMCxC8yRIRLHLGt11sc-U,43.2859688&5.4882746,2024-02-29T18:00:00.000Z,60,10,public,false,Détente,3,wt0yuEWUqpX7inbd3j3go44lLNU2,10,10,2,0,0,0,0
cI0jtIhwy0tsmCejogPv,Stadium Thiais,canceled,captain,ChIJ64X9jzx05kcRsHvSfOv6UcA,48.7511137&2.3715422,2024-03-03T10:15:00.000Z,90,15,public,false,Détente,3,8Gnqklvl7dSLnR1QC2yz9UHY5UB2,12,12,0,0,0,0,0
cIr1fFGWw24Sfes6GRHM,UrbanSoccer - Lille Lezennes,canceled,captain,ChIJR3ro5nTWwkcRfM_S3Be9HjI,50.6162725&3.0998108,2024-02-25T19:00:00.000Z,90,9.5,public,true,Détente,3,OIaQMhYFgkUGQ7G2jaQr1V94OlE2,6,10,0,0,0,0,0
cIwT0OlGf6OQydjixOvg,Firefoot,canceled,captain,ChIJ0zSROfj15kcR4l0wrCcYPMk,49.0275342&2.1040185,2024-02-27T17:30:00.000Z,90,13,public,false,Détente,3,C553Dh0tVXOffbE1iHI2vA2htd53,5,10,0,0,0,0,0
cKq1x4pChPknpkq3fxCM,Hall des sports Langevin-Wallon,played,captain,ChIJGSdHn74T5kcRGAx1z0JCbwo,48.8808&2.4821681,2024-03-01T19:30:00.000Z,120,,public,false,Compétition,4,5tI7nJKuTRWNJgO1jYKyzMYNwog2,12,12,6,0,0,0,3
cM3cKM2ndxVnwCNFFKr7,Stadium Thiais,played,pro,ChIJ64X9jzx05kcRsHvSfOv6UcA,48.7511024&2.3713455,2024-02-24T18:00:00.000Z,90,15,public,false,,,psf3NmXEPwdCltHKJC7VuvJocrF3,10,10,3,0,0,0,1
cMimneUHdWswpGgyIER7,Parc Interdépartemental des Sports du Tremblay,played,captain,ChIJBVkfrQ4N5kcRGi-XnNQN_yo,48.8281085&2.491365,2024-03-02T10:00:00.000Z,120,,public,false,Competition,,GT2ejS2ZbVVEKVTldTExXEx3QCs1,16,16,8,0,0,0,7
cNhonne2dKaaYS67AKzf,LE FIVE Créteil,played,captain,ChIJ88lx3VwL5kcRVxCh4lD6_Gk,48.7643086&2.4706522,2024-02-28T18:00:00.000Z,90,16,public,false,Compétition,4,NDdn5avgv6Wp5SsQToiuba3PZ1u2,10,10,2,0,0,0,1
cPHT0y6RnH904aTUCpzs,Top Ten,published,pro,ChIJfXprBx4b5kcRmhe-5pLZUek,48.8729106&2.6840919,2024-02-24T20:30:00.000Z,90,15,public,false,,,i27253AGxOfXgYJK72sBnvUGuMk2,0,10,0,0,0,0,0
cSJpFn2wFkr2Z7rQ4yYW,Play Soccer,played,captain,ChIJQ-UxZn-5rhIRKWoQydM5T9s,43.5512023&1.4098927,2024-02-20T18:30:00.000Z,90,15,public,false,Détente,3,9ihmjaFkzLah40eTyvwsYUITLXz2,10,10,1,0,0,0,0
cUdId9x6Su6x1a9aWoKi,LE FIVE Bezons,played,captain,ChIJ71Mv0Wpk5kcRg-H9x7L-dXo,48.9190524&2.211796,2024-02-24T17:00:00.000Z,60,9,public,true,Détente,3,vCxS2f3sIudIjl2jeEiMi9Qk1Zh2,10,10,0,0,0,0,2
cWS4S5XLCHPUy9oacCKw,Footsal,canceled,captain,ChIJa7HS298pw0cRMoVDj0XqVdI,50.6397895&3.1251337,2024-02-29T19:15:00.000Z,60,7.5,public,false,Détente,3,ivvysabbD0b4rucXt7vjkhCCeNX2,7,10,0,0,0,0,1
cWfQcFhlto6Pd7gwuWvb,UrbanSoccer La Défense,played,captain,ChIJh4rnfVhk5kcRV2Q-ZKdm8vA,48.8996456&2.2216773,2024-02-23T19:20:00.000Z,90,22,public,true,Détente,3,eKeDE0JjUIQhqn2mhkD9ouxWxfL2,10,10,1,0,0,0,1
cX1KKgRQW6UkKCX8cpIX,Footbox,published,pro,ChIJY-WkusIR5kcR-tEad3UtaSQ,48.9022789&2.582647,2024-02-24T19:00:00.000Z,60,10,public,false,,,QI89VPazyLhBVnWH871jk4BUEZI3,0,10,0,0,0,0,0
cX5ka4reZbbQT8pPN5jY,Foot-Max Argenteuil,played,captain,ChIJi9oIzaRm5kcRJYcK7QsdRMU,48.9501569&2.2093741,2024-02-25T17:30:00.000Z,60,8,public,false,Compétition,4,EBkyQKZSThSt50tqVxjcFaiJK922,10,10,8,0,0,0,2
cYQzdTzONDCO16pmp793,Terrain de sport Langevin wallon,canceled,captain,ChIJ8YTRM6Zx5kcRWWK6S3r6dDY,48.80519779999999&2.2934604,2024-02-20T12:45:00.000Z,90,,public,false,Compétition,4,Rw4SKPnPXDMtsv0wlhJNGs76tM33,6,10,0,0,0,0,1
cZfwKM7EZx3hDIJiEVd8,Stadium Thiais,canceled,captain,ChIJ64X9jzx05kcRsHvSfOv6UcA,48.7511137&2.3715422,2024-02-25T10:30:00.000Z,90,16,public,false,Détente,2,UTfY1WbgvaY4SUgpOOH5xWN2Z1G2,10,10,0,0,0,0,0
cZmBL8f4LPCmJNX4TxfK,Stadium Thiais,played,captain,ChIJ64X9jzx05kcRsHvSfOv6UcA,48.7511137&2.3715422,2024-02-27T14:00:00.000Z,90,10,public,false,,2,QMw5lU34ZbbTCjIEZBGQF1wpcsi1,10,10,1,1,0,0,0
cb6kaOW5ejKsL3iVrkQ4,Stadium Thiais,published,pro,ChIJ64X9jzx05kcRsHvSfOv6UcA,48.7511024&2.3713455,2024-03-03T15:00:00.000Z,90,15,public,false,,,psf3NmXEPwdCltHKJC7VuvJocrF3,1,10,0,0,0,0,1
cbqaDOUP0lLiPCuVybSl,MONCLUB 2.0,played,captain,ChIJv9owGLm-yRIRfuDnd3G6nR4,43.2895156&5.4611522,2024-03-01T18:00:00.000Z,60,10,public,false,Détente,3,Al3ndlO7m1MxPlilfHoKQfYmvd13,10,10,3,0,0,0,1
cceOoj9qrCzBEgMxy7hT,Spot FUTSAL,played,captain,ChIJwdUawmfVwkcRaNLo_CmNii0,50.6106345&3.0624494,2024-02-21T11:30:00.000Z,60,8,public,false,Détente,3,gfILmO9T1NeMOTv4o7N7douAlOX2,8,8,3,0,0,0,0
ce62OzW38IkmVBfs5qTz,LE FIVE Paris 18,played,captain,ChIJpVT4_n1u5kcRzji6FdTBXXo,48.8978522&2.3700234,2024-02-21T18:30:00.000Z,60,,public,true,Chill,3,YynYUNfmvwNSX1jvKhTNta7b1242,10,10,1,0,0,0,0
cfIuiuDdLjxs0FzuERFe,Top Ten,published,pro,ChIJfXprBx4b5kcRmhe-5pLZUek,48.8729106&2.6840919,2024-02-24T16:00:00.000Z,90,15,public,false,,,i27253AGxOfXgYJK72sBnvUGuMk2,0,10,0,0,0,0,0
ciwilv4COaVwNjsM1rSf,Game 13 foot indoor,played,captain,ChIJNSDvlsXryRIRUXao9hwB79I,43.41258939999999&5.366617,2024-02-26T20:00:00.000Z,60,10,public,false,Détente,3,Ez3YAlfrUxgTTJcxq9sNBTRxuHP2,10,10,2,0,0,0,0
clBeCbUL3JJ26u2J3PYp,LE FIVE Montreuil,published,pro,ChIJJdTQjr0T5kcRZmGxtIJVy44,48.8613036&2.4653095,2024-03-05T16:00:00.000Z,60,7,public,false,,,u9uC1vjdcdQ3UqNxI0SiFxor0m43,0,10,0,0,0,0,0
clewIS1xqZl98neaZd3L,Stadium Thiais,published,captain,ChIJ64X9jzx05kcRsHvSfOv6UcA,48.7511137&2.3715422,2024-03-06T16:30:00.000Z,90,10,public,false,Détente,,8TuBHWin3Gd1o31YqF6AZPhrusq2,9,10,0,0,0,0,0
cmNCrZm9h3mPoAybgNCh,Top Ten,published,pro,ChIJfXprBx4b5kcRmhe-5pLZUek,48.8729106&2.6840919,2024-02-26T11:00:00.000Z,90,5,public,false,,,i27253AGxOfXgYJK72sBnvUGuMk2,1,10,0,0,0,0,0
cmnMw1mO6c4B7Z3QY1a8,LE FIVE Paris 17,played,captain,ChIJ7eI8sFNv5kcR5xy52Wc57NU,48.900032&2.3213449,2024-02-21T13:00:00.000Z,60,5,public,true,Chill,2,CyLiuwYA35hSJbXEVf1FHMN1jng1,10,10,0,0,0,0,0
cnVxsDIZ0a9MQRtP6kMz,Monclub Futbol,played,captain,ChIJGbxxaamUyRIRgGvhHnhJStA,43.4299152&5.4001974,2024-02-21T17:00:00.000Z,60,10,public,false,Détente,3,OZ4gbKApJ6VUiNG5iJScKxFvNd13,10,10,3,0,0,0,1
copAOTin6SlFexas0mn0,UrbanSoccer - Quai d'Ivry,played,captain,ChIJfXxYJ0xy5kcRw9xTkF6-FZQ,48.8199885&2.3936463,2024-02-20T18:30:00.000Z,60,14,public,true,Détente,2,nVlGZ0n3KSX2ILRDfixvXfZgVdG3,10,10,4,0,0,0,0
cpazx4XQd2sWnL4HWwGg,Footbox,published,pro,ChIJY-WkusIR5kcR-tEad3UtaSQ,48.9022789&2.582647,2024-02-23T16:00:00.000Z,60,7,public,false,,,QI89VPazyLhBVnWH871jk4BUEZI3,0,10,0,0,0,0,0
cqG1siBVoCuN5vJCl8I9,UrbanSoccer La Défense,played,captain,ChIJh4rnfVhk5kcRV2Q-ZKdm8vA,48.8996456&2.2216773,2024-02-24T13:30:00.000Z,60,13,public,true,Chill,4,QKssy00Z9jaHk4HD9iQZL4DhQQH2,10,10,1,0,0,0,2
cqT5CdSxPlnltZu8XAIo,Footbox,canceled,pro,ChIJY-WkusIR5kcR-tEad3UtaSQ,48.9022789&2.582647,2024-03-03T13:00:00.000Z,60,10,public,false,,,QI89VPazyLhBVnWH871jk4BUEZI3,0,10,0,0,0,0,0
cqwIZTbxc3lPrTjtXfOE,UrbanSoccer - Puteaux,canceled,captain,ChIJM_sC0-Nk5kcRhL1y_EFIje8,48.8836397&2.2312283,2024-03-03T16:00:00.000Z,90,21,public,true,Détente,3,VuL73p8hCqNsu7fxj4oIEnw1pdz2,8,10,0,0,0,0,0
cuQgBA4UvXEJPNFTN3CH,Top Ten,played,pro,ChIJfXprBx4b5kcRmhe-5pLZUek,48.8729106&2.6840919,2024-02-23T16:00:00.000Z,90,5,public,false,,,i27253AGxOfXgYJK72sBnvUGuMk2,10,10,7,0,0,0,7
cvD4Z5O4NyluVWtLSYQJ,Classico Foot,played,captain,ChIJFV442oCxrhIRgsZy5aIbkNs,43.5945434&1.2911399,2024-03-07T20:00:00.000Z,60,9,public,false,Détente,2,2kS9PoiV0NVOLq2k6qlNXnH2LVZ2,10,10,1,0,0,0,0
cvSkMdS6fOANNpvkDMQP,Evolution Football,published,captain,ChIJX0YulIi8yRIRnGh62u3UXTQ,43.2836074&5.52356,2024-03-04T20:30:00.000Z,60,10,public,false,Détente,3,XSQxj6itUcSDogfOjQLo322oVHd2,5,10,0,0,0,0,0
cwTkcT4MeZWGDRdJbeyc,BIG5,played,captain,ChIJsb_7TJFp5kcRSPL5VqZulr4,48.9901429&2.3617895,2024-03-06T18:00:00.000Z,90,10,public,false,Détente,3,Nzql4qYwKyVwGNcrBZGJtzGUIH83,10,10,7,0,0,1,5
cygBRgaJbzx82bFyCJM9,Cité des Sports,played,captain,ChIJ70UPf6R75kcRGb3NAV9k7Ww,48.8247744&2.2650728,2024-02-28T11:15:00.000Z,60,,public,false,Détente,3,UhA5K0uIX2bvgsHTVtkKXBbL5Jf1,16,16,6,0,0,0,4
czZdF6diz9mumXDhl0KV,Top Ten,played,pro,ChIJfXprBx4b5kcRmhe-5pLZUek,48.8729106&2.6840919,2024-02-29T16:00:00.000Z,90,5,public,false,,,i27253AGxOfXgYJK72sBnvUGuMk2,10,10,10,0,0,0,5
czgeIE7ON0TIska4tKOw,UrbanSoccer La Défense,played,captain,ChIJh4rnfVhk5kcRV2Q-ZKdm8vA,48.8996456&2.2216773,2024-03-07T20:15:00.000Z,90,15,public,true,,3,qZMWkh1D4wYZUxfEuKT34TJSyht1,10,10,4,0,0,0,2
czwSvHy9uxU5eaF3vsx1,Stadium Thiais,played,pro,ChIJ64X9jzx05kcRsHvSfOv6UcA,48.7511024&2.3713455,2024-03-03T18:00:00.000Z,90,15,public,false,,,psf3NmXEPwdCltHKJC7VuvJocrF3,10,10,0,0,0,0,3
d0LtFxoQSqk4YcXPIXbw,Top Ten,published,pro,ChIJfXprBx4b5kcRmhe-5pLZUek,48.8729106&2.6840919,2024-02-21T11:00:00.000Z,90,5,public,false,,,i27253AGxOfXgYJK72sBnvUGuMk2,0,10,0,0,0,0,0
d1O1HtSkUhPvS0pIocrg,Play Soccer,canceled,captain,ChIJQ-UxZn-5rhIRKWoQydM5T9s,43.5512023&1.4098927,2024-03-05T18:30:00.000Z,90,13.5,public,false,Détente,3,8LtkeOuZHeePxfkXdNPmQSr7V9L2,10,10,0,0,0,0,0
d3TjrJXzwXJi1IRyCAeN,Antony,played,captain,ChIJf8cFRhF35kcR0D6LaMOCCwQ,48.759255&2.302553,2024-02-25T11:00:00.000Z,90,10,public,false,Détente,3,Dohg1zNvhsbmGrYuAmExKFyjruw2,10,10,0,0,0,0,0
d3ZtiAsu3cqPnbNYYWaZ,Centre Sportif Maryse Hilsz,canceled,captain,ChIJgY6iBYxt5kcRHD7TB4jAHV4,48.8520783&2.4128877,2024-02-21T12:00:00.000Z,120,,public,false,Détente,2,vft2WRS7zdU9ST6fNn76LWPt8Vn2,5,16,0,0,0,0,2
d3wJR3yv5L48GtMIaG1k,Testing Purposes,published,pro,,67.461524&-152.801377,2024-02-27T15:00:00.000Z,90,12,public,false,,,f2LrY7SAV3U1V9tUVAZfiMxA3uu1,0,10,0,0,0,0,0
d4GoHvH9jww2inelGpAc,UrbanSoccer - Porte d'Aubervilliers,played,captain,ChIJ0dXjDCZs5kcRvX0EpMwxsUY,48.9074912&2.3746518,2024-03-04T18:15:00.000Z,60,14,public,true,Détente,3,x6HXHeoKRgfgBIJmy2aFzazHHkb2,10,10,0,0,0,0,0
d4i6lMLNXu7F7XKlK6YU,UrbanSoccer - Asnières,canceled,captain,ChIJi5LkLT9v5kcRSlhScqEFNWs,48.92192379999999&2.3068311,2024-03-03T21:15:00.000Z,90,11,public,true,Compétition,5,O4t4dE4BCAh4vZ7VRaa816vklkA3,10,10,0,0,0,0,5
d4vJS2UvZXsSuAcMO3kg,Play Soccer,played,captain,ChIJQ-UxZn-5rhIRKWoQydM5T9s,43.5512023&1.4098927,2024-02-29T18:30:00.000Z,60,10,public,false,Détente,2,ALKmZi58BQcwiVINAeCH2chkXe32,10,10,3,0,0,0,2
d5PlXOLNY6mDDUwqhwep,UrbanSoccer - Porte d'Aubervilliers,canceled,captain,ChIJ0dXjDCZs5kcRvX0EpMwxsUY,48.9074912&2.3746518,2024-02-22T19:30:00.000Z,90,15,public,true,Compétition,3,BRvQRhP7f8WWZIMbNxHgBjXRKcT2,6,10,0,0,0,0,0
d5cKEQ5KOvahLP6sIptA,Footsal,played,captain,ChIJa7HS298pw0cRMoVDj0XqVdI,50.6397895&3.1251337,2024-03-07T20:15:00.000Z,60,10,public,false,Détente,2,RJUtLSmgxGaSN1SRT9XYg9fGWu12,8,8,1,0,0,0,0
dCbcr2x1MtwQvC0SX9NB,Arena Club,played,captain,ChIJeWJWRjYvw0cRbnJR4ZXAKMA,50.7696017&3.1236104,2024-03-05T18:00:00.000Z,60,8.5,public,false,Détente,3,gYtFqSj0PydNaTTSfkvDaSMqvqc2,10,10,9,0,0,0,0
dEqMesdNDde077mxOa7O,LE FIVE Sarcelles,canceled,captain,ChIJ6_q3Fxhq5kcRCpoEwnoXX1Q,48.99782219999999&2.3902225,2024-03-03T19:00:00.000Z,120,13,public,false,Détente,2,CX1VuDMFYuMGthCYkxMDeU0xdAk1,9,10,0,0,0,0,0
dF3byLZJ1IVB8OCHoxgr,UrbanSoccer Guyancourt,played,captain,ChIJmdX-2c-A5kcRj1wtOS8rZmo,48.7722091&2.0600292,2024-02-23T09:30:00.000Z,60,7,public,true,Détente,,RmEQxKzHNXb6d8kv1iaaiB8DPUf2,10,10,0,0,0,0,0
dFaG7jLGNN5Pmc8wGZ6N,LE FIVE Champigny,published,pro,ChIJsXi1PLYN5kcRTVVDuczgS2s,48.8194084&2.5251846,2024-03-07T17:00:00.000Z,60,11,public,false,,,evlV9mUgATYQ5343zpYZvk4w0r03,0,10,0,0,0,0,1
dJ09oRGQyld9b4eYIiNW,UrbanSoccer - Lille Lezennes,canceled,captain,ChIJR3ro5nTWwkcRfM_S3Be9HjI,50.6162725&3.0998108,2024-02-28T19:50:00.000Z,60,9.5,public,true,Compétition,3,xR4ED6qRzmg0HreT9TkBwvuQM912,8,10,0,0,0,0,0
dJizBr2JtxfGuQsVyUQA,Speed Soccer Five,canceled,pro,ChIJ2xTNglV25kcR3UDi4AXGfDU,48.7360598&2.315058,2024-02-24T15:00:00.000Z,90,10,public,false,,,MkTJljXziPXBdRdijccndMLBNCC3,0,10,0,0,0,0,0
dNhV5TYSLv91XJEMEFSy,Stadium Thiais,published,pro,ChIJ64X9jzx05kcRsHvSfOv6UcA,48.7511024&2.3713455,2024-03-02T21:00:00.000Z,90,15,public,false,,,psf3NmXEPwdCltHKJC7VuvJocrF3,8,10,0,0,0,0,1
dPZi1Xn1Jyk5S8oHuS7b,Arena Club,canceled,captain,ChIJeWJWRjYvw0cRbnJR4ZXAKMA,50.7696017&3.1236104,2024-03-01T19:00:00.000Z,60,8.5,public,false,Détente,3,aNpmHPniVrfhGl5bJ7gbyhGyuWq1,10,10,0,0,0,0,0
dQ6AYiS2CZpjbOhy1A1f,Top Ten,published,pro,ChIJfXprBx4b5kcRmhe-5pLZUek,48.8729106&2.6840919,2024-02-28T22:00:00.000Z,90,16.5,public,false,,,i27253AGxOfXgYJK72sBnvUGuMk2,0,10,0,0,0,0,0
dQVlGosc6f5XxQsyIhxo,UrbanSoccer - Puteaux,played,captain,ChIJM_sC0-Nk5kcRhL1y_EFIje8,48.8836397&2.2312283,2024-02-24T18:00:00.000Z,120,,public,true,Compétition,,12zH327GP6M0eKl8lMsoXXFV7oV2,12,12,2,0,0,0,0
dQguZojwtLvuABhQgzOU,LE FIVE VITROLLES,played,captain,ChIJi4A-IrHoyRIRunoYLEGNeYI,43.4338497&5.240971399999999,2024-02-27T16:00:00.000Z,60,10,public,false,Détente,3,teWMuYKiN0QlURxhdtQ5zsXchXH2,10,10,1,0,0,0,1
dSiUL57d8ZPv9iFKuJYT,Footbox,canceled,pro,ChIJY-WkusIR5kcR-tEad3UtaSQ,48.9022789&2.582647,2024-03-07T14:00:00.000Z,60,7,public,false,,,QI89VPazyLhBVnWH871jk4BUEZI3,0,10,0,0,0,0,0
dTrhL4MOvGimZWUkpzJJ,GOPARK INTERIEUR - Paintball et trampolines parc,played,captain,ChIJ2cJmdhf15kcRQ4mUOxIVzd0,49.045624&2.0799886,2024-02-20T19:00:00.000Z,120,12.5,public,false,Détente,2,5svK059jMCWGd7IRy8UcfstZDyO2,12,12,5,2,0,0,0
dVt6ka7zTiooJrgPDLjN,LE FIVE Marville - La Courneuve,canceled,captain,ChIJ2dHdMZxr5kcR0aKYHYsp0pY,48.9364404&2.3869147,2024-03-02T12:45:00.000Z,30,15,public,false,Détente,2,Ld7XFk2yJSbKlb7XtA82MmFXYve2,9,10,0,0,0,0,0
dYRyWwxnu3j6EZ2ncxE9,LE FIVE Créteil,published,captain,ChIJ88lx3VwL5kcRVxCh4lD6_Gk,48.7643086&2.4706522,2024-02-21T18:00:00.000Z,90,16,public,false,Détente,3,owfPpOTIxAZyjN3L7o5cEHHVZcx1,9,10,0,0,0,0,0
dZBuzziiikU62uK06Qaa,Z5 Aix,played,captain,ChIJKb-U_9KSyRIRKIFKbH5mW18,43.4787869&5.3969048,2024-02-28T18:30:00.000Z,60,11,public,false,Détente,2,lS5Ogv6YqMXE9msYuaMHx8LtJvb2,10,10,2,0,0,0,1
dapUZJvfpCjfg5K3AyU9,Centre Sportif Maryse Hilsz,played,captain,ChIJgY6iBYxt5kcRHD7TB4jAHV4,48.8520783&2.4128877,2024-03-07T11:20:00.000Z,150,,private,false,Compétition,5,1Fkzl7JONMQgLkuJEFE1meNaqUI2,16,16,0,0,0,0,0
ddOszyoz2pefmcGC9D8Y,LE FIVE Bezons,played,captain,ChIJ71Mv0Wpk5kcRg-H9x7L-dXo,48.9190524&2.211796,2024-02-23T21:00:00.000Z,90,14,public,true,Détente,3,8bUFe1hkmuRyNeJWeJoBbiDUSKG3,10,10,8,0,0,1,1
ddq5CfVvPYf7KFxTvyeZ,UrbanSoccer - Toulouse Montaudran,played,captain,ChIJl772e0u8rhIR2foRX4Xa2CI,43.574642&1.4801835,2024-03-04T17:00:00.000Z,60,9.5,public,true,Détente,3,jXhExK0C70hcVsqWTPfBgrBVBWL2,10,10,2,0,0,0,1
de8JnVPKBDQHMsosbYWx,LE PARK Complexe Multisports,played,captain,ChIJMU8gErUJ5kcRSnpvacKwFtM,48.71189589999999&2.5771181,2024-02-26T19:00:00.000Z,90,15,public,false,Détente,2,C74cnJX23UTXZBSKZLMoRYMdN8Q2,10,10,2,0,0,0,2
deaCPrHRq2R227d9o7mn,LE FIVE Montreuil,played,pro,ChIJJdTQjr0T5kcRZmGxtIJVy44,48.8613036&2.4653095,2024-02-24T13:00:00.000Z,90,15,public,false,,,u9uC1vjdcdQ3UqNxI0SiFxor0m43,10,10,6,0,0,0,0
defo4kghX3BYnD6aknlu,Footbox,canceled,pro,ChIJY-WkusIR5kcR-tEad3UtaSQ,48.9022789&2.582647,2024-03-02T15:00:00.000Z,60,10,public,false,,,QI89VPazyLhBVnWH871jk4BUEZI3,0,10,0,0,0,0,0
dfA3qThqO9jIYHKFN3iy,Evolution Football,played,captain,ChIJX0YulIi8yRIRnGh62u3UXTQ,43.2836074&5.52356,2024-02-20T18:30:00.000Z,60,9,private,false,Détente,5,Lzo7WogBgXfxjsbuEBGvB9HLjxv1,10,10,9,0,0,0,0
dfuVINoPaQBIlMi46kDJ,Terrain n°23 du Parc Interdépartemental Des Sports de Choisy,played,captain,ChIJvZZjB3515kcRzK_dHETXJkc,48.7699126&2.4314566,2024-02-25T08:00:00.000Z,120,,public,false,Compétition,3,nqDmr7JaEtS7MOcExYiDn9D4xRB2,16,16,4,0,2,0,2
dh8v0AE7ZtYmkUlFNBu4,Stade Saint Loup,published,captain,ChIJTRjY1Si_yRIRO5JeVp_MG7I,43.2852793&5.430251699999999,2024-02-24T09:30:00.000Z,90,,public,false,Détente,2,x2YviOWuGVhXrNXJE2UUkAWLcXm1,1,8,0,0,0,0,0
dhhc0H1FlzlxXAGLORZp,UrbanSoccer - Lille Lezennes,published,captain,ChIJR3ro5nTWwkcRfM_S3Be9HjI,50.6162725&3.0998108,2024-02-25T18:00:00.000Z,90,13.5,public,true,Chill,2,b0WW4AbIGBNJ6rJhMJSzcmSTFzu2,8,10,0,0,0,0,0
diwsgBHLcGVVIACLA9bJ,LE FIVE Paris 18,canceled,captain,ChIJpVT4_n1u5kcRzji6FdTBXXo,48.8978522&2.3700234,2024-03-03T18:00:00.000Z,60,14,public,true,Détente,2,AMxxKnFez9dHxoELrlDI12ERLvW2,10,10,0,0,0,0,1
djI9oPK46YXnJ5htvVff,Play Soccer,published,captain,ChIJQ-UxZn-5rhIRKWoQydM5T9s,43.5512023&1.4098927,2024-02-27T19:30:00.000Z,90,15,public,false,Détente,3,8LtkeOuZHeePxfkXdNPmQSr7V9L2,9,10,0,0,0,0,0
dmQK9E7qwer20L5xtzuy,Massilia FIVE,published,captain,ChIJxZ6UmMW-yRIR7ot5DChYj4w,43.28920790000001&5.4503802,2024-02-22T09:00:00.000Z,120,18,private,false,Détente,,DjoqhGLRruNCaZocAtKUxICyUUj2,1,10,0,0,0,0,0
dmwJKuxLtW0VRxE9AILB,Stade Suzanne Lenglen,published,captain,ChIJvTSVwnVw5kcR9CmKGXIcwtA,48.83101689999999&2.272363,2024-02-28T20:00:00.000Z,60,,public,false,Compétition,,VDVEej2aDIhSnbw2o5yKnDheVNW2,8,10,0,0,0,0,0
dn45u9NykM2pYWHisEjG,UrbanSoccer - Toulouse Montaudran,canceled,captain,ChIJl772e0u8rhIR2foRX4Xa2CI,43.574642&1.4801835,2024-02-26T18:30:00.000Z,60,11,public,true,Détente,2,KqlbxuZcMQMhujELtbUi207wpBv2,10,10,0,0,0,0,0
do9hY2ItylxGBoNyScqz,UrbanSoccer - Montpellier,published,captain,ChIJVXFMq4ylthIRtrZPBHOMTAc,43.6287861&3.9096381,2024-02-25T18:15:00.000Z,60,5,public,true,,3,JjPBGaqBwTUgiHiSnSfv9rTRPKK2,9,10,0,0,0,0,0
dpsTguw0f41mkqmHRSFs,LE FIVE Paris 18,played,captain,ChIJpVT4_n1u5kcRzji6FdTBXXo,48.8978522&2.3700234,2024-02-27T19:30:00.000Z,60,14,public,true,Détente,3,88AqKBdAIhWOn5jmEWnGUhSAk9H3,10,10,1,0,0,0,1
dqfX14tOCqNmyxAGJtdY,LE FIVE Paris 18,played,captain,ChIJpVT4_n1u5kcRzji6FdTBXXo,48.8978522&2.3700234,2024-03-04T21:00:00.000Z,60,5,public,true,Détente,3,n4W8yUPegFbSD03f1VsK8IkVZRg2,10,10,3,0,0,0,5
dqmO6WWROejRkqQc3r4p,UrbanSoccer - Porte d'Aubervilliers,played,captain,ChIJ0dXjDCZs5kcRvX0EpMwxsUY,48.9074912&2.3746518,2024-02-25T12:45:00.000Z,90,7.5,public,true,Détente,4,cd6uwIamv4ZAe6OPqDHpnK5TdtH3,10,10,3,0,0,0,1
drDSPFtxGvGjlnCN94FD,LE FIVE Villette,published,captain,ChIJTUFnQjps5kcR0pHITLTw1PI,48.9070122&2.3861459,2024-03-05T20:00:00.000Z,60,12,public,false,Détente,3,UF4XQOQe7bWJF0SqVrG4NWmSnfO2,6,10,0,0,0,0,0
du3TKo7YsnqUSJSkV9En,Stade Lénine,canceled,captain,ChIJkZtNFHBx5kcRSJxW_zxIUz4,48.8202285&2.2982211,2024-03-03T11:30:00.000Z,90,,public,false,Détente,3,El0OMrsQNvRZOXnKm0ekSTPMFfC2,1,10,0,0,0,0,0
dwhFc22MIAUs8pn6hWtZ,Parc Sainte Barbe,canceled,captain,ChIJtw301r5w5kcRvRjidiuAyaw,48.7922897&2.2913469,2024-03-01T14:00:00.000Z,120,,public,false,Détente,4,rzC8A0bd4afb9AWrHKlCPT9461y1,10,16,0,0,0,0,0
dyKQOTmywvl9W8IG3iu6,Footbox,canceled,pro,ChIJY-WkusIR5kcR-tEad3UtaSQ,48.9022789&2.582647,2024-03-06T18:00:00.000Z,60,10,public,false,,,QI89VPazyLhBVnWH871jk4BUEZI3,0,10,0,0,0,0,0
dz1KYjwoPzkYu8me6EIs,Monclub Futbol,canceled,pro,ChIJGbxxaamUyRIRgGvhHnhJStA,43.4299152&5.4001974,2024-02-28T19:00:00.000Z,60,10,public,false,,,CSTy9rmJRQSyWlqWuGiUhGpAGqf2,8,10,0,0,0,0,0
e1dFkA5rfS6SoHFXVvxS,LE FIVE Paris 18,canceled,captain,ChIJpVT4_n1u5kcRzji6FdTBXXo,48.8978522&2.3700234,2024-02-21T19:30:00.000Z,60,14,public,true,Détente,3,BtL57Qk9uXVAkULvhEBfWqRS7qd2,10,10,0,0,0,0,0
e4KLpHllPHpGObsQP5Rt,FOOT IN FIVE,canceled,captain,ChIJoUR0syFp5kcRUlStnwluaYY,48.9552257&2.3328346,2024-02-22T18:00:00.000Z,90,15,public,false,Détente,2,qFaFu1llghT8oTbeqENH4ZwtEBb2,9,10,0,0,0,0,0
e58ixmfTMYCPXJ92P16h,Footbox,published,pro,ChIJY-WkusIR5kcR-tEad3UtaSQ,48.9022789&2.582647,2024-02-21T14:00:00.000Z,60,7,public,false,,,QI89VPazyLhBVnWH871jk4BUEZI3,0,10,0,0,0,0,0
e65YfSw8fUHY2nArE2GX,LE FIVE Morangis,published,captain,ChIJA4uAhOXZ5UcRp-vZXZP-ovY,48.692672&2.3192811,2024-02-25T19:00:00.000Z,90,15,public,false,Détente,3,rM4pUmY75HgaB9u7svrCwHCPBiM2,8,10,0,0,0,0,1
e7TG1XfMfVmeYgLaqraB,Parc Interdépartemental des Sports du Tremblay,played,captain,,48.8281085&2.491365,2024-02-22T15:00:00.000Z,90,,public,false,Compétition,4,OKSK9YmBnhPYPn6fchCcUo9A2Mt2,18,18,0,0,0,0,4
e7VnRMv3OPdQS5yJ503D,Speed Soccer Five,played,pro,ChIJ2xTNglV25kcR3UDi4AXGfDU,48.7360598&2.315058,2024-02-21T20:00:00.000Z,90,12,public,false,,,MkTJljXziPXBdRdijccndMLBNCC3,10,10,9,0,0,0,1
e7xgyXzqIkTg0emaebvI,UrbanSoccer - Quai d'Ivry,canceled,captain,ChIJfXxYJ0xy5kcRw9xTkF6-FZQ,48.8199885&2.3936463,2024-03-01T21:15:00.000Z,90,11.5,public,true,Compétition,4,oKfGVfs7dYecPpobKfuTXiuhh8J3,5,10,0,0,0,0,0
eB2T9Bu73MAXY4vBsMhr,UrbanSoccer - Lyon Parilly,played,captain,ChIJx3FQWjLC9EcRrrQb2eV7i_4,45.7120399&4.9039284,2024-03-05T18:30:00.000Z,60,11,public,true,Détente,3,n5c9QLSYaOZtWbLBuNEQjHF3BRq1,10,10,0,0,0,0,0
eCwcrBFVbMacdtLrIO8l,LE FIVE Paris 18,played,captain,ChIJpVT4_n1u5kcRzji6FdTBXXo,48.8978522&2.3700234,2024-03-04T17:00:00.000Z,60,10,public,true,Détente,2,XNUs6w3hL0MFuw40z6xDar7cynt2,10,10,2,0,0,0,1
eFcfc2MgUFMttcMYum79,UrbanSoccer La Défense,played,captain,ChIJh4rnfVhk5kcRV2Q-ZKdm8vA,48.8996456&2.2216773,2024-02-20T19:15:00.000Z,60,14.5,public,true,Détente,3,uXinhTCnJabPwHfWKNCwa6udOVj1,10,10,5,0,0,0,4
eHdTJfXKnhJsVuIUElKu,LE FIVE Marville - La Courneuve,published,pro,,48.9361223&2.3872592,2024-03-04T22:00:00.000Z,60,10,public,false,,,1GfAHFfqO6dOj37bPrTRuDS5gnk1,0,10,0,0,0,0,0
eI4mud78CKGeXs8bLYri,UrbanSoccer - Lille Lezennes,published,captain,ChIJR3ro5nTWwkcRfM_S3Be9HjI,50.6162725&3.0998108,2024-02-29T21:30:00.000Z,90,7.5,public,true,Détente,3,dvdYbjXAR8fQjpIGtP7Po8prEdE3,4,10,0,0,0,0,0
eIBVG0gpoid3x4jQkdUH,Classico Foot,canceled,captain,ChIJFV442oCxrhIRgsZy5aIbkNs,43.5945434&1.2911399,2024-02-26T19:30:00.000Z,60,9,public,false,Détente,2,sh3Ti8wQWbeLpHkq0e0tZXci8IJ3,9,10,0,0,0,0,0
eIMF33gU5Vg4RVS9lPNz,Urban Football Meudon,published,captain,ChIJFeLBC2N75kcRyM1mlEZ3HjM,48.7983594&2.2102561,2024-03-05T17:30:00.000Z,120,21,public,false,Détente,2,qQ57PmaO8hfBK7faRpavBSwQrSH3,7,10,0,0,0,0,0
eIX5B2yTYUHPEYhShtNr,Stadium Thiais,played,pro,ChIJ64X9jzx05kcRsHvSfOv6UcA,48.7511024&2.3713455,2024-02-24T19:30:00.000Z,90,15,public,false,,,psf3NmXEPwdCltHKJC7VuvJocrF3,10,10,3,0,1,0,0
eJEhcYWIiUbigzLrL18s,Stade Alain Mimoun,canceled,captain,ChIJKXgjEg8K5kcRAQMS-mAPMIA,48.6984273&2.5200303,2024-02-25T08:30:00.000Z,120,,public,false,Détente,3,3tQbrsDwhhb8S5C2PF9iZnetZCt1,14,16,0,0,0,0,0
eKLAalA73KouI3JqV11M,UrbanSoccer Meudon,canceled,captain,ChIJ0WKvjbh75kcRoqSmyWwW2jQ,48.80013599999999&2.2140811,2024-03-04T17:30:00.000Z,90,15.75,public,true,Détente,3,afKB7yoOkDMtTvgGUnzhf5DvzXs1,12,14,0,0,0,0,0
eKiIqVd9gfmdMDe3B6mW,LE FIVE Champigny,canceled,captain,ChIJsXi1PLYN5kcRTVVDuczgS2s,48.8194084&2.5251846,2024-02-20T18:00:00.000Z,60,12,public,false,Compétition,3,rnMQQPHOzFUpsbap5RgiGGLTf843,9,10,0,0,0,0,0
eLSn8FTi32b0JGn02tIS,STADIUM FOOT 5 VILLAGE,canceled,captain,ChIJbbOWFtC4yRIR0WXVerbWmnE,43.269413&5.4260321,2024-03-05T20:00:00.000Z,60,10,public,false,Détente,3,MKjoGJESIIfNKw5sH93VODBuvLv2,6,10,0,0,0,0,0
eNmd3oDjUHam3btBcdB2,Foot-Max Argenteuil,published,pro,ChIJi9oIzaRm5kcRJYcK7QsdRMU,48.9501632&2.2093946,2024-03-05T21:00:00.000Z,90,12,public,false,,,SuEnyPZ4TgNIkt1yap2yJ3ZHO6p1,0,10,0,0,0,0,1
eRFwH9OOixWHdGgw0NMD,LE FIVE Villette,played,captain,ChIJTUFnQjps5kcR0pHITLTw1PI,48.9070122&2.3861459,2024-02-28T17:00:00.000Z,60,8,public,false,Détente,,1dEip9CNL5dziAN7iFX6ljziMQ42,10,10,4,0,0,0,2
eS0BOYPLgBGDw2cuMFk7,LE FIVE Paris 13,published,captain,ChIJ_bOSChhz5kcRZMTeq_6Gdzg,48.8181615&2.3658793,2024-02-25T16:00:00.000Z,60,10,private,true,Détente,2,3rIf1Zb5Hugqb3kzar5LUippcgu1,8,10,0,0,0,0,0
eSZcWNmmsr0TQyiAlyuh,Z5 Aix,played,captain,ChIJKb-U_9KSyRIRKIFKbH5mW18,43.4787869&5.3969048,2024-03-06T18:30:00.000Z,60,11,public,false,Détente,2,lS5Ogv6YqMXE9msYuaMHx8LtJvb2,10,10,4,0,0,0,0
eTN8BJT3oCEj64NY8cUE,Le Street Foot en Salle,played,captain,ChIJt_AXL6Jg5kcRu6rBmnrmeUM,49.0164435&2.181307,2024-03-03T11:30:00.000Z,90,13,public,false,Détente,3,U7fm0cpfkhMsaL3cfGifCFFZ6Os1,10,10,4,0,0,0,3
eU5XmT3WkElimidfyfoR,LE FIVE Paris 18,canceled,captain,ChIJpVT4_n1u5kcRzji6FdTBXXo,48.8978522&2.3700234,2024-02-28T20:15:00.000Z,60,14,public,true,Détente,4,iLiN4RjXikUA3gjx4HdbtcFQClD3,7,10,0,0,0,0,0
eUO0ooYm4MhTCOzN3zRx,UrbanSoccer Evry,played,captain,ChIJW0Ut1G7e5UcRt621n2fRQ5M,48.6286849&2.4066366,2024-03-01T16:00:00.000Z,90,12,public,true,Compétition,4,3pHRoo2NRDTddDcOg9QEpHunPFC3,10,10,4,0,1,1,1
eVVNBJd1HptMzdaRn2kM,LE FIVE Paris 17,canceled,captain,,48.900032&2.3213449,2024-03-03T15:30:00.000Z,90,18,public,true,Détente,2,HiuNV4zhzthdHGSgBGtdhHeJVgP2,10,10,0,0,0,0,0
eWBON1BDUL6WpyiIs6ta,Top Ten,published,pro,ChIJfXprBx4b5kcRmhe-5pLZUek,48.8729106&2.6840919,2024-03-01T22:30:00.000Z,60,11,public,false,,,i27253AGxOfXgYJK72sBnvUGuMk2,3,10,0,0,0,0,0
eXSSzbVIFTz7Zf1zNaFf,B14 - Sports et Loisirs Indoor,played,captain,ChIJaeLKMYXe5UcRHyWJ8X8FaPA,48.62229&2.3800445,2024-03-03T14:00:00.000Z,90,13,public,false,Détente,3,1fqP1fs5QoQRkM03hYrcEWknZfx2,10,10,6,0,0,0,2
eXUHSs4JZd6wsO87l3XG,UrbanSoccer - Puteaux,canceled,captain,ChIJM_sC0-Nk5kcRhL1y_EFIje8,48.8836397&2.2312283,2024-02-21T12:00:00.000Z,60,,public,true,Compétition,3,wBXFoWSNnoQmZRxgJnM1oZmqEHZ2,10,10,0,0,0,0,0
eYeeZhX3aBSdrJckleQS,Stadium Thiais,published,pro,ChIJ64X9jzx05kcRsHvSfOv6UcA,48.7511024&2.3713455,2024-02-24T16:30:00.000Z,90,12,public,false,,,psf3NmXEPwdCltHKJC7VuvJocrF3,0,10,0,0,0,0,0
eZFv4VW21LfOKYAd0qiu,LE FIVE Montreuil,published,pro,ChIJJdTQjr0T5kcRZmGxtIJVy44,48.8613036&2.4653095,2024-03-06T16:30:00.000Z,90,11.5,public,false,,,u9uC1vjdcdQ3UqNxI0SiFxor0m43,0,10,0,0,0,0,0
eZXc9g1hLswpfi476eSa,Skatepark de Charonne,published,captain,ChIJvbbfRvVt5kcRPabtcgU9cOk,48.85615199999999&2.3884234,2024-03-03T09:00:00.000Z,150,,public,false,Compétition,,mpaB4OfEI4R24z7kq4Yjqh3smh32,8,10,0,0,0,0,0
efc6YO1KBXYO9YnC4law,Speed Soccer Five,published,pro,ChIJ2xTNglV25kcR3UDi4AXGfDU,48.7360598&2.315058,2024-03-06T17:00:00.000Z,90,13,public,false,,,MkTJljXziPXBdRdijccndMLBNCC3,0,10,0,0,0,0,0
eh2JJXYXVivs2fEbPIbW,UrbanSoccer - Quai d'Ivry,played,captain,ChIJfXxYJ0xy5kcRw9xTkF6-FZQ,48.8199885&2.3936463,2024-03-06T19:00:00.000Z,60,14,public,true,Détente,3,LSX30XUmFQSbbHVaG1YgZ3o5LZD2,10,10,2,0,0,0,1
ehnMmDGOtyum4pAp9Jgt,Play Soccer,published,captain,ChIJQ-UxZn-5rhIRKWoQydM5T9s,43.5512023&1.4098927,2024-03-03T11:30:00.000Z,60,8,public,false,,2,8LtkeOuZHeePxfkXdNPmQSr7V9L2,7,10,0,0,0,0,0
ejPuXgnukTBoMeS3BipL,Stadium Thiais,played,captain,ChIJ64X9jzx05kcRsHvSfOv6UcA,48.7511137&2.3715422,2024-03-01T16:00:00.000Z,120,10,public,false,Détente,3,Dohg1zNvhsbmGrYuAmExKFyjruw2,10,10,8,0,0,0,2
ek8vZ7M0CGumU7bqDx5d,UrbanSoccer La Défense,played,captain,ChIJh4rnfVhk5kcRV2Q-ZKdm8vA,48.8996456&2.2216773,2024-02-22T11:15:00.000Z,60,12,public,true,Détente,2,EWvyyRg2G2OvXASqVHc1WnVkvc43,10,10,2,0,0,0,1
elhdREwRGdRcmYJHnRae,LE PARK Complexe Multisports,canceled,captain,ChIJdUHbID8O5kcRV5lQhiHTvhs,48.8337843&2.5728501,2024-03-04T16:25:00.000Z,90,10,public,false,Compétition,5,qFbkQ1I6cegKn6VUPf2VQggtw4k2,5,10,0,0,0,0,0
elizhvr4Vcn8Qkaib0hq,LE FIVE Montreuil,published,pro,ChIJJdTQjr0T5kcRZmGxtIJVy44,48.8613036&2.4653095,2024-02-28T09:00:00.000Z,90,10.5,public,false,,,u9uC1vjdcdQ3UqNxI0SiFxor0m43,0,10,0,0,0,0,0
en4vFw4XDSPvhJjdR7Qs,UrbanSoccer - Puteaux,played,captain,ChIJM_sC0-Nk5kcRhL1y_EFIje8,48.8836397&2.2312283,2024-02-22T11:00:00.000Z,60,11,public,true,Détente,2,8rY2LLxtWsUhFxStEBtYlI2w9ny2,10,10,1,0,0,0,0
enV9Kc25FcJz5dhBlnPr,Foot-Max Argenteuil,played,pro,ChIJi9oIzaRm5kcRJYcK7QsdRMU,48.9501632&2.2093946,2024-02-25T20:30:00.000Z,90,12,public,false,,,SuEnyPZ4TgNIkt1yap2yJ3ZHO6p1,10,10,4,0,0,0,4
eq9h1tL2nQ0sGJM7hTMJ,LE FIVE Montreuil,published,pro,ChIJJdTQjr0T5kcRZmGxtIJVy44,48.8613036&2.4653095,2024-02-26T16:00:00.000Z,90,11,public,false,,,u9uC1vjdcdQ3UqNxI0SiFxor0m43,0,10,0,0,0,0,0
eqMyyZBGXcrGNYpHntpl,Stade Des Courtilles,published,captain,ChIJ83HS9ldv5kcR-plMKkHPNTA,48.929137&2.2834726,2024-03-02T16:00:00.000Z,180,,public,false,Compétition,,OKhfkxDKMDS9m7GyDTrjVlKnvko1,7,14,0,0,0,0,0
er7JdX2B2bbsBDjYcpGi,Complexe sportif Arrighi - Stade - Gymnase - Tennis,played,captain,ChIJdY7UfIRz5kcRyDIR404fW5A,48.7830911&2.3989573,2024-02-29T19:00:00.000Z,120,,private,false,Compétition,3,5v9WX6HkohWW6s4r8BR39p1iJxu1,16,16,8,2,0,0,5
etF1T8rjUlDrJP0yzorD,Cité des Sports,canceled,captain,ChIJ70UPf6R75kcRGb3NAV9k7Ww,48.8247744&2.2650728,2024-03-04T20:00:00.000Z,60,13,public,false,Détente,2,kK7z2XRxPuNhPYPCN8j1zGoWtOa2,9,10,0,0,0,0,1
euCs2lHIZrPA3RSFVPSP,UrbanSoccer - Quai d'Ivry,played,captain,ChIJfXxYJ0xy5kcRw9xTkF6-FZQ,48.8199885&2.3936463,2024-03-06T21:00:00.000Z,90,20.25,public,true,Détente,3,nUOKRu8emhSG6k4Y6C2plFqpX0e2,10,10,0,0,0,0,0
evvEC3DBjPpaySYiHMOv,LE FIVE Bezons,played,captain,ChIJ71Mv0Wpk5kcRg-H9x7L-dXo,48.9190524&2.211796,2024-03-05T18:00:00.000Z,60,11,public,true,Détente,3,J1KYJOhHMUPD5AuqT9neq1RmAPv2,10,10,0,0,0,0,3
ezzfsTlkAvJzqI6CKtSy,UrbanSoccer Orsay,played,captain,ChIJpZIJg7J45kcRrKWKhtbfnEQ,48.70829&2.17794,2024-02-29T20:30:00.000Z,90,11.5,public,true,Détente,2,1N51bxm129hJnvDTC0YdBThlqr82,10,10,2,0,0,0,1
f0OfQXFNZKjyX1k8z5Pp,Stadium Thiais,published,pro,ChIJ64X9jzx05kcRsHvSfOv6UcA,48.7511024&2.3713455,2024-02-23T18:00:00.000Z,90,15,public,false,,,psf3NmXEPwdCltHKJC7VuvJocrF3,0,10,0,0,0,0,0
f0aZFlE7jkbZuTpEeJXJ,UrbanSoccer - Asnières,played,captain,ChIJi5LkLT9v5kcRSlhScqEFNWs,48.92192379999999&2.3068311,2024-03-02T11:00:00.000Z,90,8.5,public,true,Détente,3,vrVXJWNErnO0f2QrVkyJpwJ6DGX2,10,10,1,0,0,0,1
f1V6ArwV4UJShVBzzuWL,Halle Georges Carpentier,played,captain,ChIJnXkSwCty5kcR-nlHXNFQlg4,48.82020139999999&2.3672361,2024-03-01T11:00:00.000Z,120,,public,false,Compétition,3,kRAf444M3RUd6EWIOWpKVKs78SI2,16,16,15,0,0,0,3
f58ybK3M40v3FNMoxhnU,UrbanSoccer - Porte d'Aubervilliers,played,captain,ChIJ0dXjDCZs5kcRvX0EpMwxsUY,48.9074912&2.3746518,2024-02-25T09:30:00.000Z,90,18.75,public,true,Compétition,5,VlVkIVnCzNXIsoJTKeeKhhgV3Cl1,10,10,2,0,0,0,4
f61Fdk15AV5UHmlrdQqR,Stadium Thiais,played,captain,ChIJ64X9jzx05kcRsHvSfOv6UcA,48.7511137&2.3715422,2024-03-07T18:00:00.000Z,90,15,public,false,Détente,3,IlNYKbxJM5OikfmqXPad4NX0RM32,12,12,0,0,0,0,0
fDV3sD5PX1Ie1ZiWxauk,LE FIVE Bezons,canceled,pro,ChIJ04KEHBZk5kcRoDWLaMOCCwQ,48.91909&2.2093051,2024-03-05T21:00:00.000Z,90,14,public,false,,,U3MriTZbPbTUEsU6RtRuHxDMKvg2,0,10,0,0,0,0,0
fElNdvBU7tgEcPvDxo1W,LE FIVE Paris 18,published,pro,ChIJpVT4_n1u5kcRzji6FdTBXXo,48.8978522&2.3700234,2024-02-21T10:00:00.000Z,90,8,public,false,,,UQf33jQhVZhle917nO0h7D5qclV2,2,10,0,0,0,0,2
fEz0SMziJFxa1OhuvyBp,LE FIVE Créteil,played,captain,ChIJ88lx3VwL5kcRVxCh4lD6_Gk,48.7643086&2.4706522,2024-02-25T11:00:00.000Z,90,16.5,public,false,Détente,2,nwCO7ClwcpduYGwx2LUOmuC5chF2,10,10,8,0,0,0,1
fIeWUybBdCoNpsS8ivoG,UrbanSoccer - Lyon Parilly,played,captain,ChIJx3FQWjLC9EcRrrQb2eV7i_4,45.7120399&4.9039284,2024-02-22T17:00:00.000Z,60,10,public,true,Détente,2,GG0q4gSRMgaXI4eMp5x0kNj0Dff1,10,10,3,0,0,0,0
fIy7SAtMBtuvB2C8JCjQ,UrbanSoccer - Puteaux,played,captain,ChIJM_sC0-Nk5kcRhL1y_EFIje8,48.8836397&2.2312283,2024-03-03T16:30:00.000Z,90,20,public,true,Détente,2,LzLKS7Z5cPSN8dgPpnnTb1cqOcA2,10,10,2,0,0,0,1
fK3HopPnpmc5c0Wmdipc,LE FIVE Paris 18,hidden,pro,ChIJpVT4_n1u5kcRzji6FdTBXXo,48.8978522&2.3700234,2024-03-03T10:30:00.000Z,90,15,public,false,,,UQf33jQhVZhle917nO0h7D5qclV2,0,10,0,0,0,0,0
fLU598zW6p8DFNevQh49,UrbanSoccer - Marne-La-Vallée,canceled,captain,ChIJ6bDBiosP5kcROXiloHzSdhc,48.82658600000001&2.6296937,2024-03-07T18:30:00.000Z,60,10.5,public,true,Détente,,oLPDuIoiNaRPJRshKRx6EQzSHzE3,9,10,0,0,0,0,0
fMz4XYHvSrEXMcwJR9Bk,LE FIVE VITROLLES,canceled,captain,ChIJi4A-IrHoyRIRunoYLEGNeYI,43.4338497&5.240971399999999,2024-03-03T15:00:00.000Z,60,10,public,false,Détente,,F5Qdj6cZKGUa9oOMqyhbttpDNx72,3,10,0,0,0,0,0
fPK3Nh4KexSszi1Idorm,Massilia Foot Indoor 2,played,captain,ChIJxZ6UmMW-yRIRfYNGGPPJfIU,43.3266563&5.3836488,2024-02-22T19:00:00.000Z,60,9,public,false,Compétition,,Eb81jThcRtagWIKQNgsPlp9klkB2,10,10,0,0,0,0,0
fPS5s9cuQq8lbEO4AKGg,UrbanSoccer - Toulouse Sept Deniers,canceled,captain,ChIJk5nUBdOkrhIRP-1aUJzo-lA,43.6321552&1.411696,2024-02-25T16:30:00.000Z,60,8,public,true,Détente,1,X8HBrsdKMnQfqfukysx17h01UZp1,5,10,0,0,0,0,0
fQD0hfEdZHf3xv5ED0Wy,Game 13 foot indoor,published,captain,ChIJNSDvlsXryRIRUXao9hwB79I,43.41258939999999&5.366617,2024-02-20T21:00:00.000Z,60,10,public,false,Détente,3,PHn5paA1QsdBtj9GJPpud46HoNF3,1,10,0,0,0,0,0
fRCjCnMcuoGNFYXgN5yC,Stadium Thiais,played,captain,ChIJ64X9jzx05kcRsHvSfOv6UcA,48.7511137&2.3715422,2024-02-26T16:00:00.000Z,120,10,public,false,Détente,3,Dohg1zNvhsbmGrYuAmExKFyjruw2,10,10,1,0,0,0,1
fSCahmNEiO0gedwSoiZ5,Centre Sportif Maryse Hilsz,played,captain,ChIJgY6iBYxt5kcRHD7TB4jAHV4,48.8520783&2.4128877,2024-02-27T11:20:00.000Z,150,,public,false,Compétition,5,1Fkzl7JONMQgLkuJEFE1meNaqUI2,16,16,1,0,0,0,1
fWBqNSqIrY6bbNRKwVQs,LE PARK Complexe Multisports,played,captain,ChIJdUHbID8O5kcRV5lQhiHTvhs,48.8337843&2.5728501,2024-03-01T19:30:00.000Z,90,15,public,false,Détente,3,qOMnpGDGWgZyXxUkLhkzY0wKNrd2,10,10,1,0,0,0,4
fYqaiFOUCSGjXAWXme3X,Game 13 foot indoor,played,captain,ChIJNSDvlsXryRIRUXao9hwB79I,43.41258939999999&5.366617,2024-02-24T18:00:00.000Z,60,10,public,false,Détente,4,RPwfyrL30dS1yvyJwGrn0z2HgSa2,10,10,5,0,0,1,3
fcnl8cAIQ2QKmFD4EN8I,UrbanSoccer La Défense,played,captain,ChIJh4rnfVhk5kcRV2Q-ZKdm8vA,48.8996456&2.2216773,2024-03-03T17:15:00.000Z,90,21,public,true,Détente,3,JZCvV8aG1rMofBory1y5l0M932J3,10,10,1,0,0,0,1
fcum1PxD9IFREXmahtrd,Stadium Thiais,canceled,captain,ChIJ64X9jzx05kcRsHvSfOv6UcA,48.7511137&2.3715422,2024-02-29T18:00:00.000Z,90,,public,false,Détente,2,JYXEilMqxXRN4z4hF2HzIMte3Aa2,9,10,0,0,0,0,0
ffDecK8qgBLDyurVUeZ0,Footbox,published,pro,ChIJY-WkusIR5kcR-tEad3UtaSQ,48.9022789&2.582647,2024-03-04T20:00:00.000Z,60,10,public,false,,,QI89VPazyLhBVnWH871jk4BUEZI3,0,10,0,0,0,0,0
fggxTXy84tZDivMajPe5,UrbanSoccer - Marne-La-Vallée,played,captain,ChIJ6bDBiosP5kcROXiloHzSdhc,48.82658600000001&2.6296937,2024-02-22T17:45:00.000Z,90,15,public,true,Détente,4,nic0Kn3KQ0RFCorsMrasu1rniSy1,10,10,2,0,0,0,1
fjAGnUiJAdYWwEASi8vR,Entente Sportive Saint-Priest,played,captain,ChIJz-TMr2_E9EcRRUz_3vDdK4Q,45.6932182&4.9607148,2024-02-25T08:30:00.000Z,120,,public,false,Détente,3,LFpR9pJoFXc9dtEZ4aqxHoOqoxA2,16,16,2,0,0,0,5
fjMLrweNL1dCiKB1Bz8y,LE FIVE Créteil,published,pro,ChIJ88lx3VwL5kcRVxCh4lD6_Gk,48.7643086&2.4706522,2024-02-26T16:00:00.000Z,60,7,public,false,,,ZmXMWx7aTdPoPkkGOWa2HIQVblq2,4,10,0,0,0,0,0
fkYDvKB4KXpLjfPExDrV,Stadium Thiais,published,pro,ChIJ64X9jzx05kcRsHvSfOv6UcA,48.7511024&2.3713455,2024-03-02T18:00:00.000Z,90,15,public,false,,,psf3NmXEPwdCltHKJC7VuvJocrF3,0,10,0,0,0,0,0
flUn5avb48Q3JHkjm39n,UrbanSoccer - Lille Lezennes,published,captain,ChIJR3ro5nTWwkcRfM_S3Be9HjI,50.6162725&3.0998108,2024-02-25T15:45:00.000Z,60,9,public,true,Détente,3,KoMMspPpOrQB6lklhBjC6eSYPZp2,5,10,0,0,0,0,0
fma0aWWepI4K08bc4HvA,UrbanSoccer Meudon,played,captain,ChIJ0WKvjbh75kcRoqSmyWwW2jQ,48.80013599999999&2.2140811,2024-02-29T21:30:00.000Z,60,12.5,public,true,Détente,1,eeyzHajkNzRAJ65vifK7AScbFW33,10,10,1,0,0,0,0
fp9gXe9RMSvEECSfW5iS,Stade Élisabeth,played,captain,ChIJkXj9tq5x5kcROlxynHzTh9o,48.8207737&2.3270972,2024-02-26T19:20:00.000Z,90,,public,false,Compétition,5,1LDJWrjBcJPRiS8a2m1todvXiJM2,14,14,0,0,0,0,4
fqezX8KE5IOjxqnxqwTy,Stadium Thiais,canceled,captain,ChIJ64X9jzx05kcRsHvSfOv6UcA,48.7511137&2.3715422,2024-02-20T19:30:00.000Z,90,15,public,false,Détente,,mFQvFaU0aiTe4uQHLfl5s8Di3U33,9,10,0,0,0,0,1
fqnv0qRdvTqHnYwwuolR,UrbanSoccer - Quai d'Ivry,played,captain,ChIJfXxYJ0xy5kcRw9xTkF6-FZQ,48.8199885&2.3936463,2024-02-27T16:30:00.000Z,60,10,public,true,Compétition,5,zVFyiSjFQpbquLDuUGOHWXNZO1w2,10,10,4,0,1,1,0
fwLiDSBMsrQ4YP0hsf1n,LE FIVE VITROLLES,played,captain,ChIJi4A-IrHoyRIRunoYLEGNeYI,43.4338497&5.240971399999999,2024-03-05T16:00:00.000Z,60,10,public,false,Détente,3,x2YviOWuGVhXrNXJE2UUkAWLcXm1,10,10,4,0,0,0,0
fxVUXsg6qamZ7csd56oA,Massilia FIVE,played,captain,ChIJxZ6UmMW-yRIR7ot5DChYj4w,43.28920790000001&5.4503802,2024-02-25T08:30:00.000Z,90,10,public,false,Compétition,3,58Vf7KfTGEbX9YUtg6CCUte6TSC3,10,10,2,0,0,0,0
fyc8yRy6fZeiOhia02jX,Stadium Thiais,played,pro,,48.7511024&2.3713455,2024-03-01T18:00:00.000Z,90,15,public,false,,,psf3NmXEPwdCltHKJC7VuvJocrF3,10,10,4,0,0,0,0
fzfhM21Bo309GLAY5Qbq,Top Ten,hidden,pro,ChIJfXprBx4b5kcRmhe-5pLZUek,48.8729106&2.6840919,2024-02-22T21:30:00.000Z,90,16.5,public,false,,,i27253AGxOfXgYJK72sBnvUGuMk2,0,10,0,0,0,0,0
g0TIleZlLf4jm6pf6MeU,UrbanSoccer La Défense,played,captain,ChIJh4rnfVhk5kcRV2Q-ZKdm8vA,48.8996456&2.2216773,2024-02-25T11:00:00.000Z,60,14.5,private,true,Détente,2,eFOBFeNBpyeOYGJCdZm6AzXRVDd2,10,10,0,0,0,0,0
g1qgou336e56f0hVq7hw,Parc des Sévines,canceled,captain,ChIJ1-_7SUhv5kcRuFo_vTkcn_c,48.9297768&2.3037282,2024-03-06T19:00:00.000Z,120,,public,false,Chill,4,alKdx0B0bAPF23akKWxXruUtnw43,15,16,0,0,0,0,2
g30QwKHXox1mm1HMN73A,Play Soccer,played,captain,ChIJQ-UxZn-5rhIRKWoQydM5T9s,43.5512023&1.4098927,2024-03-04T19:30:00.000Z,60,10,public,false,,,pL0skPQs4CYYVXb682MCC9jXu8K2,10,10,2,0,0,0,0
g49P8Q9YdpXFecp9sCuj,Foot POWER 5,canceled,pro,ChIJuTCIFshm5kcRBtEQJ76dAzc,48.960066&2.2061913,2024-02-20T17:00:00.000Z,90,5,public,false,,,sss3dYi6nzWd7rEjwcQ30LGKudj1,0,10,0,0,0,0,0
g5HUbH4Z4UaUJoegNfyp,Terrain n°23 du Parc Interdépartemental Des Sports de Choisy,played,captain,ChIJvZZjB3515kcRzK_dHETXJkc,48.7699126&2.4314566,2024-02-24T09:15:00.000Z,120,,public,false,Compétition,4,nqDmr7JaEtS7MOcExYiDn9D4xRB2,16,16,1,1,0,0,1
g6ROhS7VgoCWMPaWttBT,Stadium Thiais,published,pro,,48.7511024&2.3713455,2024-02-25T10:30:00.000Z,90,15,public,false,,,psf3NmXEPwdCltHKJC7VuvJocrF3,0,12,0,0,0,0,0
g7bThW4y2AzY79NPJdR2,UrbanSoccer Orsay,canceled,captain,ChIJpZIJg7J45kcRrKWKhtbfnEQ,48.70829&2.17794,2024-02-25T17:00:00.000Z,90,15,public,true,Détente,4,T1D2CMjaL5UZ3nu7Y4UGkRG4ZHe2,10,10,0,0,0,0,0
g9w1gqeT7rJon4crmZgx,TEP Reverdy,played,captain,ChIJ97IzEXZt5kcRrziQffedeSo,48.8852655&2.3762939,2024-02-26T18:00:00.000Z,120,5,public,false,Détente,4,IPmbamz2bkMhCjliEqifTUkx2ir2,12,12,5,0,0,0,3
gAGuA3cWfJ9i3LrW3wDz,UrbanSoccer Guyancourt,canceled,captain,ChIJmdX-2c-A5kcRj1wtOS8rZmo,48.7722091&2.0600292,2024-03-01T18:00:00.000Z,90,10,public,true,Détente,2,CiJ0AJ40hIfNPGb3mSDKBu78vo63,1,10,0,0,0,0,0
gAl0TGmy3qwKKmDzH10I,Game 13 foot indoor,played,captain,ChIJNSDvlsXryRIRUXao9hwB79I,43.41258939999999&5.366617,2024-02-20T19:00:00.000Z,60,10,private,false,Détente,2,YRqiIIRIa7WLYzz10t8KebtmcKp1,10,10,5,0,0,0,1
gB8MpyEcMMwmBD7YnWRn,Foot-Max Argenteuil,played,captain,ChIJi9oIzaRm5kcRJYcK7QsdRMU,48.9501569&2.2093741,2024-02-23T19:30:00.000Z,90,12,public,false,Compétition,5,x1rFpjV0niWhBEzm6w7OmAGUBpD3,10,10,5,0,0,0,7
gC6mYTZN8qUP0w1E4Cvz,UrbanSoccer - Quai d'Ivry,played,captain,ChIJfXxYJ0xy5kcRw9xTkF6-FZQ,48.8199885&2.3936463,2024-03-05T18:00:00.000Z,60,13,public,true,Détente,4,I6K4T4KPYsU0H7FoyiVicTdwukt2,10,10,0,0,0,0,1
gEP2iURgSSs99fPqRtc0,Foot POWER 5,canceled,pro,ChIJuTCIFshm5kcRBtEQJ76dAzc,48.960066&2.2061913,2024-03-07T17:00:00.000Z,90,5,public,false,,,sss3dYi6nzWd7rEjwcQ30LGKudj1,0,10,0,0,0,0,0
gGjPvekdWAYprSjxnu8s,LE FIVE VITROLLES,played,captain,ChIJi4A-IrHoyRIRunoYLEGNeYI,43.4338497&5.240971399999999,2024-02-20T16:00:00.000Z,60,10,public,false,Détente,3,teWMuYKiN0QlURxhdtQ5zsXchXH2,10,10,2,0,0,0,0
gGwKVC0EQti8RgK2ptO2,UrbanSoccer Meudon,canceled,captain,ChIJ0WKvjbh75kcRoqSmyWwW2jQ,48.80013599999999&2.2140811,2024-02-28T19:45:00.000Z,60,11.5,public,true,Détente,2,cWdoQk4MITX9E8N7mshDFMj5ijk1,9,10,0,0,0,0,0
gH25mXsa8eeDwLcyfZDQ,Events Five,played,captain,ChIJf8cSCJG5rhIRoQadPH-wW1U,43.5399703&1.3922897,2024-03-07T16:30:00.000Z,60,9,public,false,Détente,1,S85n4pip2sOkOCjib1QiFfWey753,10,10,0,0,0,0,0
gHR4U5kErOVF9Qs0LKDj,B14 - Sports et Loisirs Indoor,canceled,captain,ChIJaeLKMYXe5UcRHyWJ8X8FaPA,48.62229&2.3800445,2024-02-25T09:15:00.000Z,90,13,public,false,,3,zp999hdX2xcim3gFNTmYQAfxT003,8,10,0,0,0,0,0
gJsepiWfUieSvVzBPJeL,LE FIVE Paris 13,published,pro,ChIJ_bOSChhz5kcRZMTeq_6Gdzg,48.8181615&2.3658793,2024-02-26T22:00:00.000Z,60,10,public,false,,,FjSnzlRFFfhWVWQJGfIEwRc2ZMj2,0,10,0,0,0,0,0
gMcIc3iEXAaZHuZaV2gL,Stadium Thiais,played,captain,ChIJ64X9jzx05kcRsHvSfOv6UcA,48.7511137&2.3715422,2024-02-20T16:00:00.000Z,120,10,public,false,Compétition,3,Dohg1zNvhsbmGrYuAmExKFyjruw2,10,10,5,0,0,0,1
gNZzmHfayChOTq7pQXDl,UrbanSoccer - Porte d'Aubervilliers,canceled,captain,ChIJ0dXjDCZs5kcRvX0EpMwxsUY,48.9074912&2.3746518,2024-03-03T12:00:00.000Z,90,7.5,public,true,,3,cMDXsSUbWpbk3P8V4YnVbpJ8MbG3,10,10,0,0,0,0,0
gOp6tUUhEFeK7gJbdZDt,UrbanSoccer La Défense,played,captain,ChIJh4rnfVhk5kcRV2Q-ZKdm8vA,48.8996456&2.2216773,2024-02-28T21:30:00.000Z,60,6.8,public,true,,3,HJERD3RJTydmC4nuA51BknGkSRB2,10,10,7,0,0,0,4
gPzrkELvl3zp4GTsrOKa,LE FIVE Paris 17,played,captain,ChIJ7eI8sFNv5kcR5xy52Wc57NU,48.900032&2.3213449,2024-02-28T19:00:00.000Z,60,12,public,true,,2,7osUbSjW3ddni603Q3pseOZpztF3,10,10,0,0,0,0,1
gQIWyXgb6De1I34rKUkU,AS Bouc Bel Air,played,captain,ChIJf3v1E1yTyRIRbQR09-NitGo,43.43807049999999&5.410906199999999,2024-02-22T17:30:00.000Z,60,10,public,false,,,ho0u6CjsZ8h0bKcu1WB9ywXv90e2,10,10,5,0,0,0,0
gRT3vQ1W0y1eKM6TeKAg,UrbanSoccer La Défense,canceled,captain,ChIJh4rnfVhk5kcRV2Q-ZKdm8vA,48.8996456&2.2216773,2024-03-03T15:35:00.000Z,90,21.75,public,true,Détente,3,8apSQOIM83hk2j4uTZv9tX6NRuC3,6,10,0,0,0,0,0
gRrRgNejhtA4gUhRXohi,Arena Club,played,captain,ChIJeWJWRjYvw0cRbnJR4ZXAKMA,50.7696017&3.1236104,2024-02-27T18:00:00.000Z,60,8.5,public,false,Détente,3,gYtFqSj0PydNaTTSfkvDaSMqvqc2,10,10,9,0,0,0,1
gS1kUJ7LQsTRsMADUIq7,Footbox,published,pro,ChIJY-WkusIR5kcR-tEad3UtaSQ,48.9022789&2.582647,2024-03-04T21:00:00.000Z,60,10,public,false,,,QI89VPazyLhBVnWH871jk4BUEZI3,0,10,0,0,0,0,0
gSSBPWktp5VtNlSpBoCV,Footbox,published,pro,ChIJY-WkusIR5kcR-tEad3UtaSQ,48.9022789&2.582647,2024-02-20T21:00:00.000Z,60,10,public,false,,,QI89VPazyLhBVnWH871jk4BUEZI3,0,10,0,0,0,0,0
gTdfQzCk99VqThMie9Cd,Top Ten,published,pro,ChIJfXprBx4b5kcRmhe-5pLZUek,48.8729106&2.6840919,2024-03-04T21:30:00.000Z,90,16.5,public,false,,,i27253AGxOfXgYJK72sBnvUGuMk2,5,10,0,0,0,0,1
gVloOZBw67oyStsMaDGH,Massilia Foot Indoor 2,played,captain,ChIJxZ6UmMW-yRIRfYNGGPPJfIU,43.3266563&5.3836488,2024-02-26T19:00:00.000Z,60,10,public,false,Compétition,5,rgJipPg3pmd2Ehdgf4AyBKevPLh1,10,10,3,0,0,0,1
gXuDHuRCGZ8uiwZx0U0M,LE FIVE Morangis,played,captain,ChIJA4uAhOXZ5UcRp-vZXZP-ovY,48.692672&2.3192811,2024-03-01T18:25:00.000Z,60,10,public,false,Détente,3,VcUI6BmKAVOGDArnejGdip5DhJv1,10,10,0,0,0,0,1
gZMpa6ktvAmlDlgQ69g1,Play Soccer,played,captain,ChIJQ-UxZn-5rhIRKWoQydM5T9s,43.5512023&1.4098927,2024-03-04T11:30:00.000Z,60,8,public,false,,,8LtkeOuZHeePxfkXdNPmQSr7V9L2,10,10,2,0,0,0,2
gZTUjriHNXX9Pjx8B3Yq,Stade des Servizières,canceled,captain,ChIJHYhLe7rH9EcR8RVAGTXzAUM,45.7658499&5.0168065,2024-03-04T18:45:00.000Z,60,,public,false,Détente,2,7fv7zwLytaW8UV2NHrUMwbjrd663,16,16,0,0,0,0,0
gdWVYVU4uPysyqYGHaLL,Classico Foot,played,captain,ChIJFV442oCxrhIRgsZy5aIbkNs,43.5945434&1.2911399,2024-02-28T17:30:00.000Z,60,8,public,false,Détente,2,R5dOHFEPsTUUZi54eI7JL1gXhCE2,10,10,1,0,0,0,0
giYPzp3G6WhE2C6mNSnn,LE FIVE Bezons,played,pro,ChIJ04KEHBZk5kcRoDWLaMOCCwQ,48.91909&2.2093051,2024-02-23T16:30:00.000Z,90,10.5,public,false,,,U3MriTZbPbTUEsU6RtRuHxDMKvg2,10,10,9,0,0,0,8
gk89Oo8Kjwa1wiKw6hgk,UrbanSoccer - Lille Lezennes,canceled,captain,ChIJR3ro5nTWwkcRfM_S3Be9HjI,50.6162725&3.0998108,2024-02-23T15:45:00.000Z,90,7,public,true,Détente,3,niWs5K6VpMaPB7Ty6PrPCHR42XX2,10,10,0,0,0,0,0
gknfvvMmOXxBfyevFdhD,Monclub Futbol,canceled,captain,ChIJGbxxaamUyRIRgGvhHnhJStA,43.4299152&5.4001974,2024-03-07T19:30:00.000Z,60,10,public,false,Détente,2,ZjSigKWAWXdYvdi4RuRyfsxpJBy2,1,10,0,0,0,0,0
gmhXiggEONmij138yq90,LE FIVE Créteil,published,captain,ChIJ88lx3VwL5kcRVxCh4lD6_Gk,48.7643086&2.4706522,2024-03-03T15:00:00.000Z,60,11,public,false,Détente,2,4OvysMGs4MTFV4P58R1hkeujP622,5,10,0,0,0,0,0
gnEuW67l9kvi4ldae524,LE PARK Complexe Multisports,played,captain,ChIJdUHbID8O5kcRV5lQhiHTvhs,48.8337843&2.5728501,2024-02-23T19:30:00.000Z,90,15,public,false,Détente,3,qOMnpGDGWgZyXxUkLhkzY0wKNrd2,10,10,2,0,0,0,0
gosoVlLOL629Qd6PACKo,UrbanSoccer - Puteaux,played,captain,ChIJM_sC0-Nk5kcRhL1y_EFIje8,48.8836397&2.2312283,2024-03-02T17:00:00.000Z,60,12.5,public,true,Détente,2,oXSs49xyeQhmxvAxVqGSqrZyRxF3,10,10,0,0,0,0,1
gpDFQBG8UxwhaNHcikYm,UrbanSoccer - Puteaux,canceled,captain,ChIJM_sC0-Nk5kcRhL1y_EFIje8,48.8836397&2.2312283,2024-02-26T17:30:00.000Z,60,13.5,public,true,Détente,2,TE6chqh94PXpn7SyDhE4lG2L80C2,7,10,0,0,0,0,0
gsZkFMtjkLIGYGKOrtlp,UrbanSoccer - Asnières,played,captain,ChIJi5LkLT9v5kcRSlhScqEFNWs,48.92192379999999&2.3068311,2024-03-07T18:00:00.000Z,60,12,public,true,,4,GDQkYsP4cmaV59rDBQyFzKNNlC43,10,10,1,0,0,0,2
gsvip34u8QPhbFQYGnfY,Speed Soccer Five,published,pro,ChIJ2xTNglV25kcR3UDi4AXGfDU,48.7360598&2.315058,2024-02-22T22:00:00.000Z,60,7,public,false,,,MkTJljXziPXBdRdijccndMLBNCC3,0,10,0,0,0,0,0
gtCaKVl6oHLTxWMKSy0v,Play Soccer,canceled,captain,ChIJQ-UxZn-5rhIRKWoQydM5T9s,43.5512023&1.4098927,2024-02-22T19:00:00.000Z,60,10,public,false,,,pL0skPQs4CYYVXb682MCC9jXu8K2,6,10,0,0,0,0,0
gtfyt4u3VxOWGDCrKGiU,Speed Soccer Five,published,pro,ChIJ2xTNglV25kcR3UDi4AXGfDU,48.7360598&2.315058,2024-02-21T17:00:00.000Z,90,13,public,false,,,MkTJljXziPXBdRdijccndMLBNCC3,0,10,0,0,0,0,0
guCsGVCDZbnzigVoch5B,Play Soccer,canceled,captain,ChIJQ-UxZn-5rhIRKWoQydM5T9s,43.5512023&1.4098927,2024-03-05T17:30:00.000Z,60,10,public,false,,,pL0skPQs4CYYVXb682MCC9jXu8K2,5,10,0,0,0,0,0
guJGpnKKwuBx0adSHe0B,Z5 Aix,played,captain,ChIJKb-U_9KSyRIRKIFKbH5mW18,43.4787869&5.3969048,2024-03-01T19:00:00.000Z,60,11,public,false,Détente,2,LC6zgt9ko7cYCghFki9pHFtV26E2,10,10,2,0,0,0,0
gv53QvqYW0IuZqGjS3ie,LE FIVE Bezons,canceled,pro,ChIJ04KEHBZk5kcRoDWLaMOCCwQ,48.91909&2.2093051,2024-02-22T17:00:00.000Z,60,7,public,false,,,U3MriTZbPbTUEsU6RtRuHxDMKvg2,8,10,0,0,0,0,2
gvugAqjpDYuQ4IByV81L,LE FIVE Bobigny,played,captain,ChIJV8UONORs5kcRXxR5Qd7x130,48.901553&2.4313304,2024-02-21T18:00:00.000Z,60,10,public,false,Détente,1,wxEDIpT20XdSCWDMwixmIQ1QuKA2,10,10,0,0,0,0,0
gyrB2KgWZYeHJThZF7Xy,Stadium Thiais,published,pro,ChIJ64X9jzx05kcRsHvSfOv6UcA,48.7511024&2.3713455,2024-02-27T15:00:00.000Z,90,8,public,false,,,psf3NmXEPwdCltHKJC7VuvJocrF3,0,10,0,0,0,0,0
gyyazN45DO6plZtROzZL,UrbanSoccer - Porte d'Aubervilliers,played,captain,ChIJ0dXjDCZs5kcRvX0EpMwxsUY,48.9074912&2.3746518,2024-02-22T20:15:00.000Z,60,15,public,true,Détente,2,nGdvbjcgCIV6euHz9BQe986fz8Y2,10,10,0,0,0,0,2
gz1AgVlpq5jh1UQ8FJeO,LE FIVE Marville - La Courneuve,published,captain,ChIJ2dHdMZxr5kcR0aKYHYsp0pY,48.9364404&2.3869147,2024-03-06T19:30:00.000Z,90,15,public,false,Détente,3,axmulcyJpcUGXjBBGgAzOPsX1CC2,7,10,0,0,0,0,0
h0jqv04l2zEYBU2Ls49n,UrbanSoccer - Lyon Parilly,played,captain,ChIJx3FQWjLC9EcRrrQb2eV7i_4,45.7120399&4.9039284,2024-03-05T20:15:00.000Z,90,10,public,true,Détente,2,IxZ5vwAA8IYEPFmltMa5uQkurAI3,10,10,2,0,0,0,0
h1IMHXIkkHnTXm8obHHo,Stade Lilian Thuram,played,captain,ChIJy0-vXf9l5kcRH4WAmpihUQE,48.933705&2.2828141,2024-03-03T07:00:00.000Z,150,,public,false,Détente,3,bvwFuUpB8ORr9UZhI1UFOuxbqtc2,18,18,15,0,0,1,2
h60zRXxNTRsfrz9Lc87l,Foot POWER 5,canceled,pro,ChIJuTCIFshm5kcRBtEQJ76dAzc,48.960066&2.2061913,2024-02-20T21:30:00.000Z,90,7,public,false,,,sss3dYi6nzWd7rEjwcQ30LGKudj1,0,10,0,0,0,0,0
h6AERkyizyWdNHNWLVCN,LE FIVE Paris 18,played,pro,ChIJpVT4_n1u5kcRzji6FdTBXXo,48.8978522&2.3700234,2024-03-05T19:30:00.000Z,60,10,public,false,,,UQf33jQhVZhle917nO0h7D5qclV2,10,10,6,0,0,0,2
h6BySgC2gFv2tG1QZSLA,UrbanSoccer La Défense,canceled,captain,ChIJh4rnfVhk5kcRV2Q-ZKdm8vA,48.8996456&2.2216773,2024-03-03T15:45:00.000Z,90,21.75,public,true,Compétition,3,TGay0Itv17RXxmHaUODLdwWkkWP2,8,10,0,0,0,0,0
h7aQgeS375MLDDaBG7P3,UrbanSoccer Meudon,played,captain,ChIJ0WKvjbh75kcRoqSmyWwW2jQ,48.80013599999999&2.2140811,2024-02-22T19:30:00.000Z,90,16,public,true,Détente,3,jkKbDwmEuuUBtB1ypHKLVvsqLmF2,10,10,3,0,0,0,0
h9uOsATbkZUlyCa3eabL,LE FIVE Marville - La Courneuve,played,captain,ChIJ2dHdMZxr5kcR0aKYHYsp0pY,48.9364404&2.3869147,2024-02-22T17:30:00.000Z,90,14,public,false,Détente,3,pjYtyc6ovPQlG42xOPuk2Epitt92,10,10,1,0,0,0,1
hAnAWZFbiZMHIPzBX7AF,Cité des Sports,played,captain,ChIJ70UPf6R75kcRGb3NAV9k7Ww,48.8247744&2.2650728,2024-02-20T20:00:00.000Z,60,13,public,false,Détente,3,H1q5Ebp0nJfOnYz51vLg3Us2dQX2,10,10,4,0,0,0,0
hAsP1WZ7FbznSqLgZjHS,UrbanSoccer - Lyon Parilly,published,captain,ChIJx3FQWjLC9EcRrrQb2eV7i_4,45.7120399&4.9039284,2024-03-06T17:30:00.000Z,60,10,public,true,Détente,2,cfg7kRTEhTSxJnu7h0z4cIOWQnU2,7,10,0,0,0,0,0
hBXU2pWfM6j0sUPvw9V8,LE FIVE Paris 18,played,captain,ChIJpVT4_n1u5kcRzji6FdTBXXo,48.8978522&2.3700234,2024-02-28T17:30:00.000Z,60,9.5,public,true,Compétition,,2Tx3WBJfdQOM4n9YcvqYBS4BZis2,10,10,5,0,0,0,1
hBjvc5W8MVlXOjEXqQNJ,LE FIVE Villette,published,captain,ChIJTUFnQjps5kcR0pHITLTw1PI,48.9070122&2.3861459,2024-03-02T15:30:00.000Z,90,18,public,false,Chill,3,gmHyIxS4qkOvlEjPDPEI9qAEoFo1,8,10,0,0,0,0,0
hF3TXC7pGy7pYXsCk9AP,Footbox,published,pro,ChIJY-WkusIR5kcR-tEad3UtaSQ,48.9022789&2.582647,2024-03-04T19:00:00.000Z,60,10,public,false,,,QI89VPazyLhBVnWH871jk4BUEZI3,2,10,0,0,0,0,0
hIpU6xnNpmFf7QmSh3Xq,Arena Club,published,captain,ChIJeWJWRjYvw0cRbnJR4ZXAKMA,50.7696017&3.1236104,2024-02-21T19:00:00.000Z,60,12,public,false,,2,AmPmfEQKWZh0piMSa8PVwSl4Nb82,9,10,0,0,0,0,0
hJD1TM3Byls4Ddk2huAf,UrbanSoccer La Défense,played,captain,ChIJh4rnfVhk5kcRV2Q-ZKdm8vA,48.8996456&2.2216773,2024-02-28T18:00:00.000Z,60,,public,true,Compétition,3,5Jb3ykDmZSRZdgHyzX62ADfGlz13,10,10,3,0,0,0,4
hKfNT0lLO8TL0cV3NUbb,LE FIVE Champigny,published,captain,ChIJsXi1PLYN5kcRTVVDuczgS2s,48.8194084&2.5251846,2024-02-24T11:00:00.000Z,60,10,private,false,Détente,3,KjmHPgd77XVMkfdfsCxoyga5cMI3,9,10,0,0,0,0,0
hLqpVBCZ2MsdmsDouOP2,UrbanSoccer - Quai d'Ivry,canceled,captain,ChIJfXxYJ0xy5kcRw9xTkF6-FZQ,48.8199885&2.3936463,2024-03-01T20:15:00.000Z,90,13.5,public,true,Détente,4,TjGDzFudrqOi7iaBTjiVmvkMlyY2,9,10,0,0,0,0,0
hNYeMUq4MHRPx0lTG8AX,We Are Sports,played,captain,ChIJFZU5oBHC9EcRJTFrSkI1xxg,45.7113247&4.8761886,2024-03-07T17:00:00.000Z,60,10,public,false,Compétition,3,Zg4HxZl0Q6SJaHiNwUr9Ti9BRGD3,12,12,0,0,0,0,0
hNgHW18AeX3nz4jFItcE,F5 Foot Five,canceled,captain,ChIJjUbM5G7A9EcRW3mlkrhyXxY,45.7857911&4.905926399999999,2024-03-02T19:00:00.000Z,60,10,public,false,Détente,3,zBQr7moQtsSOjg4BMMWkH3Xi1mJ2,1,10,0,0,0,0,0
hPt36E1zoS3yuxxTzmTn,Stadium Thiais,played,captain,ChIJ64X9jzx05kcRsHvSfOv6UcA,48.7511137&2.3715422,2024-02-25T20:00:00.000Z,90,14,public,false,Compétition,4,S4caqen5x8VpVPMeP1uP4X5Dhpr1,10,10,4,0,0,0,2
hT86iU5A821TKTsqRE4A,Foot-Max Argenteuil,published,pro,ChIJi9oIzaRm5kcRJYcK7QsdRMU,48.9501632&2.2093946,2024-02-24T13:00:00.000Z,120,16,public,false,,,SuEnyPZ4TgNIkt1yap2yJ3ZHO6p1,0,10,0,0,0,0,1
hTm6ET5JqFzwTYxQWs0r,UrbanSoccer - Lille Bondues,played,captain,ChIJ58ZerMgrw0cR2Jyp7tZjBn4,50.6913774&3.0860264,2024-02-27T19:00:00.000Z,60,11,public,true,Détente,3,GlSaj2QmyFgb8leAblrirTixsGk1,10,10,0,0,0,0,0
hUi66oalPSB81US2SiLK,Firefoot,played,captain,ChIJ0zSROfj15kcR4l0wrCcYPMk,49.0275342&2.1040185,2024-02-21T18:00:00.000Z,90,12,public,false,Détente,3,cIYvIwhqpyWQWEuLkn7nrkAv6u02,10,10,1,0,0,0,3
hW8WZMaGWsJNYqhFnQdt,LE FIVE Carrières-sous-Poissy,canceled,captain,ChIJ9T4fWfyL5kcRCBX-FyZLvEE,48.9468171&2.0230552,2024-03-03T17:30:00.000Z,90,13,public,false,,4,T3MXqcHK9jTOVl5qDb6YLQV5V8R2,7,10,0,0,0,0,1
hXGGyu5WXksShZpBjl9X,Foot-Max Argenteuil,published,pro,ChIJi9oIzaRm5kcRJYcK7QsdRMU,48.9501632&2.2093946,2024-03-02T21:30:00.000Z,90,12,public,false,,,SuEnyPZ4TgNIkt1yap2yJ3ZHO6p1,0,10,0,0,0,0,0
hbHjHCJYsNCxdPA8lVuQ,LE FIVE Paris 17,canceled,captain,ChIJ7eI8sFNv5kcR5xy52Wc57NU,48.900032&2.3213449,2024-02-25T20:00:00.000Z,60,12,public,true,Détente,3,8pCP7nG1ZwX4zEgVKkzQAfkpgY82,7,10,0,0,0,0,0
hbYKczMguMun5y6xDbHN,UrbanSoccer - Asnières,played,captain,ChIJi5LkLT9v5kcRSlhScqEFNWs,48.92192379999999&2.3068311,2024-02-23T17:30:00.000Z,90,17.25,public,true,Détente,2,9E5IeRZKhpXk88eN8SuUKEqR1G03,10,10,0,0,0,1,2
hbcTUpLmlmyeTuvIhoxe,Top Ten,played,pro,ChIJfXprBx4b5kcRmhe-5pLZUek,48.8729106&2.6840919,2024-02-29T16:00:00.000Z,90,5,public,false,,,i27253AGxOfXgYJK72sBnvUGuMk2,10,10,5,0,0,0,8
hci3bdJ2X9vtzWjcgjzP,STADIUM FOOT 5 VILLAGE,played,captain,ChIJbbOWFtC4yRIR0WXVerbWmnE,43.269413&5.4260321,2024-02-21T17:00:00.000Z,60,10,public,false,Détente,3,MKjoGJESIIfNKw5sH93VODBuvLv2,10,10,3,0,0,0,0
hd9mWPNspjIReRA32hUf,Play Soccer,played,captain,ChIJQ-UxZn-5rhIRKWoQydM5T9s,43.5512023&1.4098927,2024-03-06T20:00:00.000Z,60,10,public,false,Détente,3,pL0skPQs4CYYVXb682MCC9jXu8K2,10,10,4,0,0,0,1
heFBi6wLGgejP1T1rgwB,Game 13 foot indoor,played,captain,ChIJNSDvlsXryRIRUXao9hwB79I,43.41258939999999&5.366617,2024-02-22T17:30:00.000Z,60,10,public,false,Détente,2,DwUR2I0rdfa40m10L51LPgZlAAi1,10,10,4,0,0,0,0
heogE7OlJNpXvrgP3DKk,Stadium Thiais,published,pro,ChIJ64X9jzx05kcRsHvSfOv6UcA,48.7511024&2.3713455,2024-02-24T21:00:00.000Z,90,15,public,false,,,psf3NmXEPwdCltHKJC7VuvJocrF3,5,10,0,0,0,0,2
hfQvD9tEe7wQzXRccLRS,Stadium Thiais,published,pro,ChIJ64X9jzx05kcRsHvSfOv6UcA,48.7511024&2.3713455,2024-03-07T15:00:00.000Z,90,8,public,false,,,psf3NmXEPwdCltHKJC7VuvJocrF3,0,10,0,0,0,0,0
hguj9wEL2ptGhslGe0w6,Stadium Thiais,published,pro,ChIJ64X9jzx05kcRsHvSfOv6UcA,48.7511024&2.3713455,2024-02-28T16:30:00.000Z,90,10,public,false,,,psf3NmXEPwdCltHKJC7VuvJocrF3,3,10,0,0,0,0,1
hiwoQflX80uAl2Jw20OF,UrbanSoccer - Lille Bondues,canceled,captain,ChIJ58ZerMgrw0cR2Jyp7tZjBn4,50.6913774&3.0860264,2024-02-28T19:30:00.000Z,60,11,public,true,Compétition,3,AGfibHDjKvTUPMe8vxKxlIwYGYC3,7,10,0,0,0,0,0
hjHbQu98QknOZyUitPoO,F5 Foot Five,canceled,captain,ChIJjUbM5G7A9EcRW3mlkrhyXxY,45.7857911&4.905926399999999,2024-03-06T18:00:00.000Z,60,10,public,false,Détente,3,IVJrAOET89XatlU0xdIIfZqApmO2,10,10,0,0,0,0,0
hjaKP6spNbAwkyYEwi5N,LE FIVE Paris 13,played,pro,ChIJ_bOSChhz5kcRZMTeq_6Gdzg,48.8181615&2.3658793,2024-02-20T22:00:00.000Z,60,10,public,false,,,FjSnzlRFFfhWVWQJGfIEwRc2ZMj2,10,10,8,0,0,2,2
hlSuBkKfXJ8YVtOEIZRz,LE FIVE Villette,played,captain,ChIJTUFnQjps5kcR0pHITLTw1PI,48.9070122&2.3861459,2024-02-20T20:00:00.000Z,60,12,public,false,Détente,2,7OLIzBft3ve5JiX48iP1rsQY1yM2,10,10,0,0,0,0,2
hm8KggHThiynes4rW942,Gymnase des Noirettes,played,captain,ChIJn1UN7mPA9EcRNthMNlEYkTc,45.7848402&4.916903599999999,2024-02-29T19:25:00.000Z,90,,public,false,Compétition,4,rQMjQiOaj4TTFZR0IuQkXwPnOlK2,10,10,5,0,0,0,2
hoZz6EGeOBU4BH1DcVNW,UrbanSoccer - Asnières,played,captain,,48.92192379999999&2.3068311,2024-02-27T21:30:00.000Z,90,5,public,true,Détente,3,5qq0zfP2PefyCYjpJkx8mg1Dr7B3,10,10,4,0,0,0,2
hpwn8e8tp1o8FujrimG4,LE FIVE Créteil,played,pro,ChIJ88lx3VwL5kcRVxCh4lD6_Gk,48.7643086&2.4706522,2024-02-25T11:00:00.000Z,60,11,public,false,,,ZmXMWx7aTdPoPkkGOWa2HIQVblq2,10,10,9,0,0,0,2
hqSNy3bRj2lkvHar8Hsy,LE FIVE Paris 18,canceled,captain,ChIJpVT4_n1u5kcRzji6FdTBXXo,48.8978522&2.3700234,2024-02-23T10:15:00.000Z,120,5,public,true,Compétition,3,c6llGGr5oTUJ6Vhl4HevktjACT63,7,10,0,0,0,0,0
hrXwnH5qMG7YtWmAYBTv,LE FIVE Marville - La Courneuve,published,pro,,48.9361223&2.3872592,2024-03-04T16:00:00.000Z,60,7,public,false,,,1GfAHFfqO6dOj37bPrTRuDS5gnk1,0,10,0,0,0,0,1
hrtN6OeXDrT5Ui10L2OC,LE FIVE VITROLLES,played,captain,ChIJi4A-IrHoyRIRunoYLEGNeYI,43.4338497&5.240971399999999,2024-03-05T17:00:00.000Z,60,10,public,false,Détente,3,6E5dYktiK0arI1P4shBKmnq4Ao42,10,10,0,0,0,0,1
hsC5uYVfX004kDVgljZp,LE FIVE Créteil,played,pro,ChIJ88lx3VwL5kcRVxCh4lD6_Gk,48.7643086&2.4706522,2024-02-21T16:00:00.000Z,60,7,public,false,,,ZmXMWx7aTdPoPkkGOWa2HIQVblq2,10,10,4,0,0,0,1
htYOuwNBu6IHzJcR80DM,Massilia Foot Indoor 2,played,captain,ChIJxZ6UmMW-yRIRfYNGGPPJfIU,43.3266563&5.3836488,2024-02-21T18:00:00.000Z,60,10,public,false,Compétition,5,rgJipPg3pmd2Ehdgf4AyBKevPLh1,10,10,2,0,0,0,0
hvAQ12RcGiIaShRPggH7,LE FIVE Paris 18,canceled,captain,ChIJpVT4_n1u5kcRzji6FdTBXXo,48.8978522&2.3700234,2024-03-03T15:00:00.000Z,60,,public,true,Détente,3,Kvkk1Q8m9oQWd4MtoMlq2PvtuB63,9,10,0,0,0,0,0
hxS2dyoxf9hfs2m9wdqL,Top Ten,published,pro,ChIJfXprBx4b5kcRmhe-5pLZUek,48.8729106&2.6840919,2024-02-20T11:00:00.000Z,90,5,public,false,,,i27253AGxOfXgYJK72sBnvUGuMk2,0,10,0,0,0,0,0
hxYCOdc3CtLVwsBUnraP,UrbanSoccer - Puteaux,played,captain,ChIJM_sC0-Nk5kcRhL1y_EFIje8,48.8836397&2.2312283,2024-02-25T14:00:00.000Z,60,14,public,true,Détente,,Ytn9um8Y07QOoebAd3Bhr8nwXZg1,10,10,5,0,0,0,5
hz10V3tWw1vDHEhsoB3Y,UrbanSoccer La Défense,canceled,captain,ChIJh4rnfVhk5kcRV2Q-ZKdm8vA,48.8996456&2.2216773,2024-02-20T22:00:00.000Z,60,5,public,true,Compétition,5,WsNFcSFUJHfzXZubPkQ8Uh3nXC53,5,10,0,0,0,0,0
i02wR62iidu5ZCP2gGgd,UrbanSoccer - Quai d'Ivry,played,captain,ChIJfXxYJ0xy5kcRw9xTkF6-FZQ,48.8199885&2.3936463,2024-03-05T19:00:00.000Z,60,12,public,true,Détente,3,CzPmJVmG32Uzl3aWPlNGP6Y7Hf22,10,10,3,0,0,0,1
i0orhFUnlpH1eXatZfpx,LE FIVE Carrières-sous-Poissy,played,captain,ChIJ9T4fWfyL5kcRCBX-FyZLvEE,48.9468171&2.0230552,2024-03-02T19:00:00.000Z,90,13,public,false,,3,T3MXqcHK9jTOVl5qDb6YLQV5V8R2,10,10,5,4,0,1,1
i2IVdh8yJv1cr9SISZtr,Centre Sportif Jules Noël,canceled,captain,ChIJWZM9NFJw5kcRDJY_s1u1Er4,48.8241549&2.3145477,2024-02-24T12:30:00.000Z,120,,public,false,Compétition,5,LZga4wOumNNt6Bumc3NNLsXxhRS2,9,16,0,0,0,0,0
i5oDlCnZlYhYV4nA5Cuo,Play Soccer,played,captain,ChIJQ-UxZn-5rhIRKWoQydM5T9s,43.5512023&1.4098927,2024-02-28T17:00:00.000Z,60,9,public,false,Détente,3,8LtkeOuZHeePxfkXdNPmQSr7V9L2,10,10,3,0,0,0,0
i6lmzF6CTF6G208I7qLT,LE FIVE Bezons,played,captain,ChIJ71Mv0Wpk5kcRg-H9x7L-dXo,48.9190524&2.211796,2024-03-01T21:30:00.000Z,90,13.5,public,true,Détente,3,3A1J1D0NbSTNYCX6OYBl7ziyH4x1,10,10,5,0,0,0,1
i8SsxyAJtpnR6yk3ntl4,City KOF,played,captain,ChIJ_2pirmlv5kcRTpGJ0UDn1Y8,48.9155954&2.2963072,2024-02-22T11:15:00.000Z,90,,public,false,Détente,,RgpXvJe7kZRfLHRxTLIhGMmu0Ef2,10,10,3,0,0,0,1
i8esDOFTMxFEAVMzPRbV,LE FIVE Paris 18,played,captain,ChIJpVT4_n1u5kcRzji6FdTBXXo,48.8978522&2.3700234,2024-02-25T15:30:00.000Z,90,16,public,true,Détente,2,ICXBevzafQWGqOY1BAIiEbzmTI83,10,10,2,0,0,0,3
i8uPA75G1cgUVrFKidAF,Foot POWER 5,canceled,pro,ChIJuTCIFshm5kcRBtEQJ76dAzc,48.960066&2.2061913,2024-02-27T21:30:00.000Z,90,7,public,false,,,sss3dYi6nzWd7rEjwcQ30LGKudj1,0,10,0,0,0,0,0
i8yHEbREsYRNoTLRK3KN,LE FIVE Marville - La Courneuve,published,pro,,48.9361223&2.3872592,2024-03-05T16:00:00.000Z,60,7,public,false,,,1GfAHFfqO6dOj37bPrTRuDS5gnk1,0,10,0,0,0,0,0
i9BScgZYaxzQxaAkaZWF,Foot-Max Argenteuil,published,pro,ChIJi9oIzaRm5kcRJYcK7QsdRMU,48.9501632&2.2093946,2024-02-20T21:30:00.000Z,90,12,public,false,,,SuEnyPZ4TgNIkt1yap2yJ3ZHO6p1,0,10,0,0,0,0,2
i9WVGiSbRaxxtrPSXR9o,UrbanSoccer - Lyon Parilly,canceled,captain,ChIJx3FQWjLC9EcRrrQb2eV7i_4,45.7120399&4.9039284,2024-03-01T19:30:00.000Z,90,15,public,true,Détente,3,O073te1BjhRBCCN0iQnoyCDeOoF2,9,10,0,0,0,0,0
i9Xw1aIf3TpbNYPcMXAZ,UrbanSoccer - Puteaux,played,captain,ChIJM_sC0-Nk5kcRhL1y_EFIje8,48.8836397&2.2312283,2024-02-27T19:00:00.000Z,60,15,public,true,Détente,2,mBf3NrDVpxNCksonBUCeXbiW0bT2,10,10,0,0,0,0,3
i9d9GIrSWBDQnIZWFoa2,Footsal Cousinerie,played,captain,ChIJXQyb1d8pw0cRLO_Ed5xHTIQ,50.6440829&3.1459612,2024-02-20T20:15:00.000Z,60,9,public,false,Détente,3,OmdfIc8YtYZNRdFWrpBi2FVGgCw2,10,10,4,0,0,0,1
iAAbAbBUbicw92HZVR6T,Parc Interdépartemental des Sports du Tremblay,played,captain,ChIJBVkfrQ4N5kcRGi-XnNQN_yo,48.8281085&2.491365,2024-03-03T14:00:00.000Z,120,,public,false,Compétition,,pKElqoFPmqUcPp7ox6TyRmakNoU2,14,14,7,0,0,0,2
iACbBRx5WT8pHqwJHysq,Foot-Max Argenteuil,played,pro,ChIJi9oIzaRm5kcRJYcK7QsdRMU,48.9501632&2.2093946,2024-03-03T10:00:00.000Z,90,12,public,false,,,SuEnyPZ4TgNIkt1yap2yJ3ZHO6p1,10,10,7,0,0,0,1
iC3dqSA6D2P3eqYhKfFD,OHSPORT,canceled,captain,ChIJHeG9fA4X5kcRbGNzVY5Ud5I,48.9672396&2.5670436,2024-03-02T14:30:00.000Z,90,6,public,false,Détente,4,bXWeejSjRBPupsPRVTkBDN0lC152,9,10,0,0,0,0,0
iCpVzYdFyannu3qYKDDh,LE FIVE Villette,played,captain,ChIJTUFnQjps5kcR0pHITLTw1PI,48.9070122&2.3861459,2024-02-21T17:00:00.000Z,60,8,public,false,Détente,,1dEip9CNL5dziAN7iFX6ljziMQ42,10,10,2,0,0,0,0
iGv9zt6IlGd1wEGzBf6F,UrbanSoccer - Marne-La-Vallée,played,captain,ChIJ6bDBiosP5kcROXiloHzSdhc,48.82658600000001&2.6296937,2024-03-02T15:45:00.000Z,90,13.5,public,true,Détente,3,2SJ7C8S6ReXfWd2DMip8R8Ie4Xl2,10,10,1,0,0,0,1
iINV4qmfh4ZvgNYAvJ0r,Play Soccer,played,captain,ChIJQ-UxZn-5rhIRKWoQydM5T9s,43.5512023&1.4098927,2024-02-21T17:00:00.000Z,60,9,public,false,Détente,3,5vjtjQaQ5bai1zmwXC7G1Q9l8vI2,10,10,2,0,0,0,1
iKp4PQGywQeu4oAeAO7Q,Spot FUTSAL,canceled,captain,ChIJwdUawmfVwkcRaNLo_CmNii0,50.6106345&3.0624494,2024-02-21T19:30:00.000Z,30,10,public,false,Détente,3,ksxbYvJWgrTdEXMGoG02kM46XkW2,2,10,0,0,0,0,0
iKwWPxSOj4KoNr3RwvaN,Foot-Max Argenteuil,published,pro,ChIJi9oIzaRm5kcRJYcK7QsdRMU,48.9501632&2.2093946,2024-02-28T21:00:00.000Z,90,12,public,false,,,SuEnyPZ4TgNIkt1yap2yJ3ZHO6p1,0,10,0,0,0,0,0
iLSed6oXxHiiH0pVDk8V,LE FIVE Bezons,canceled,pro,ChIJ04KEHBZk5kcRoDWLaMOCCwQ,48.91909&2.2093051,2024-02-29T21:00:00.000Z,90,14,public,false,,,U3MriTZbPbTUEsU6RtRuHxDMKvg2,10,10,0,0,0,0,0
iLoMlJBwpjMFBjVOk5py,Footbox,published,pro,ChIJY-WkusIR5kcR-tEad3UtaSQ,48.9022789&2.582647,2024-02-20T18:00:00.000Z,60,10,public,false,,,QI89VPazyLhBVnWH871jk4BUEZI3,0,10,0,0,0,0,0
iMsJgmMJL3m8u9TRoSoL,Footbox,published,pro,ChIJY-WkusIR5kcR-tEad3UtaSQ,48.9022789&2.582647,2024-02-26T22:00:00.000Z,60,10,public,false,,,QI89VPazyLhBVnWH871jk4BUEZI3,0,10,0,0,0,0,0
iNA4MFkZMLNatzEwX9cW,LE 5 DE LEGENDE,published,captain,ChIJU_aXKN_A9EcRHCY74rI9i4Y,45.7617542&4.9413708,2024-03-06T20:00:00.000Z,90,15,public,false,Chill,2,Qp9TQqYurmZLawR7sVxp7BpA2mJ3,6,10,0,0,0,0,0
iNDf0zuGMaeUXadkZhqp,Stadium Thiais,played,captain,ChIJ64X9jzx05kcRsHvSfOv6UcA,48.7511137&2.3715422,2024-03-06T16:00:00.000Z,120,10,public,false,Détente,3,Dohg1zNvhsbmGrYuAmExKFyjruw2,10,10,1,0,0,0,0
iNc3a5z1rikN7kXorJ1W,Kinshasa - Test,published,pro,ChIJi2oG_jAxahoRjTdSH05-ixY,-4.3032527&15.310528,2024-02-20T04:00:00.000Z,60,12,public,false,,,zCvsukfMuuffsuPpSTQwb7MusMD2,0,10,0,0,0,0,0
iOBPDPL7lAzHgu2DJbPZ,Foot POWER 5,canceled,pro,ChIJuTCIFshm5kcRBtEQJ76dAzc,48.960066&2.2061913,2024-03-05T17:00:00.000Z,90,5,public,false,,,sss3dYi6nzWd7rEjwcQ30LGKudj1,0,10,0,0,0,0,0
iOU22oVhpXQCFhfUOlP1,UrbanSoccer - Porte d'Aubervilliers,canceled,captain,ChIJ0dXjDCZs5kcRvX0EpMwxsUY,48.9074912&2.3746518,2024-02-25T14:30:00.000Z,60,5,public,true,Compétition,,hglbeV7FHKS5FkPEr4s7ziZ6rGF3,10,10,0,0,0,0,0
iOpNXETcIzSBvx4cTHFf,UrbanSoccer - Quai d'Ivry,played,captain,ChIJfXxYJ0xy5kcRw9xTkF6-FZQ,48.8199885&2.3936463,2024-02-27T16:00:00.000Z,60,8.5,public,true,Détente,2,uNifdNcuylVkaNareLqQpFCQwlM2,10,10,4,0,0,0,1
iSxOlWyIJJLfOFNnUAH2,Footbox,published,pro,ChIJY-WkusIR5kcR-tEad3UtaSQ,48.9022789&2.582647,2024-03-02T22:00:00.000Z,60,10,public,false,,,QI89VPazyLhBVnWH871jk4BUEZI3,0,10,0,0,0,0,0
iU1GOTMNlCBSmMjgYgn9,UrbanSoccer - Asnières,played,captain,ChIJi5LkLT9v5kcRSlhScqEFNWs,48.92192379999999&2.3068311,2024-02-25T20:00:00.000Z,90,5,public,true,Compétition,5,eeI9gwqZfqNwwSqLIaaM8iczwSt1,10,10,5,0,0,0,5
iWgQYt8G5KhKmG6Z45JA,LE FIVE Paris 18,canceled,captain,ChIJpVT4_n1u5kcRzji6FdTBXXo,48.8978522&2.3700234,2024-02-22T17:00:00.000Z,60,14,public,true,Détente,3,XpcqnQFga1eIrmtAAHQTZdL6WJO2,10,10,0,0,0,0,0
iaTH3hBwgpAj0bYiaiJC,UrbanSoccer - Toulouse Montaudran,played,captain,ChIJl772e0u8rhIR2foRX4Xa2CI,43.574642&1.4801835,2024-02-26T17:00:00.000Z,60,9.5,public,true,Détente,3,jXhExK0C70hcVsqWTPfBgrBVBWL2,10,10,1,0,0,0,0
ibLwgdWwf036ArP001PA,LE FIVE Paris 18,played,captain,ChIJpVT4_n1u5kcRzji6FdTBXXo,48.8978522&2.3700234,2024-02-26T19:30:00.000Z,60,14,public,true,Détente,3,x6HXHeoKRgfgBIJmy2aFzazHHkb2,10,10,2,0,0,0,3
ibu9wBrq4Ss8P44eJbwx,UrbanSoccer - Quai d'Ivry,played,captain,ChIJfXxYJ0xy5kcRw9xTkF6-FZQ,48.8199885&2.3936463,2024-03-01T20:00:00.000Z,60,14,public,true,Compétition,3,BRvQRhP7f8WWZIMbNxHgBjXRKcT2,10,10,4,0,0,0,1
idTQNYg7Kg3TqzPi8BW5,Stade Georges Carpentier,canceled,captain,ChIJDcRAPQZz5kcRRfIYvk9rvQQ,48.8190383&2.3661251,2024-02-27T14:30:00.000Z,90,,public,false,Compétition,5,ILY6io7dWQWnIFWAt9WkHQ1NFI03,1,16,0,0,0,0,0
igpRcRrK8qr4wedSM16G,Foot paris,canceled,captain,ChIJd2GJua5t5kcR_zneoHO7R-k,48.8904693&2.3731397,2024-02-27T10:30:00.000Z,120,5,public,false,Compétition,5,6g66Hr0t8ESpVJkqTW80lI9cRdr2,7,22,0,0,0,0,0
ilAEE0rMKvc6cCHASwz5,AS Ermont (Amicale Sportive Ermont),played,captain,ChIJ9y9jk6Nn5kcRnRa4fDjVo-A,48.9951441&2.2512307,2024-02-25T12:30:00.000Z,120,,public,false,Compétition,5,6JXgCR5so6fABA4AmJERaIczAbm1,22,22,1,0,1,0,1
im7v93AMyTQPzRYIgWtk,Stade Chéron,published,captain,ChIJQbRIUKIN5kcRFVv6WZcicpk,48.8313889&2.5071627,2024-02-20T17:00:00.000Z,120,20,public,false,Détente,2,zSCDMuhtnec0tWjYSiK9cLWtYPI2,3,4,0,0,0,0,0
im9KSdO0CQKKItv9gUT6,FIVE ARENA MEAUX ,canceled,pro,ChIJ02bKSuih6EcRb796CXVbkVs,48.9539465&2.9154573,2024-02-21T14:30:00.000Z,90,7,public,false,,,4K6djqUyJdTgGF3Q7nh7CXQHqVh1,6,10,0,0,0,0,0
infEOdwzfQxv9QbglngM,UrbanSoccer - Lille Bondues,played,captain,ChIJ58ZerMgrw0cR2Jyp7tZjBn4,50.6913774&3.0860264,2024-02-22T18:55:00.000Z,60,11.5,public,true,Compétition,3,vtyy5a1BUYMBKAn3y6kb6XPxf0Y2,10,10,1,0,1,0,0
inu4vvfT96jizuZ7Ghs2,UrbanSoccer Evry,played,captain,ChIJW0Ut1G7e5UcRt621n2fRQ5M,48.6286849&2.4066366,2024-03-06T20:00:00.000Z,90,15.75,public,true,Détente,3,f4HHLcjgZSbLTp7za7I9cEdioyg2,10,10,2,0,0,0,0
io6BKqb6hgXMg6HGyEET,City stade de la Gravière,canceled,captain,ChIJlWwpFZnt9EcR8KsQCBd5CHQ,45.7315869&4.7791329,2024-02-24T08:30:00.000Z,120,1,public,false,Détente,2,w3AnX7uWgJc7BarLiBrWplP1RAV2,3,12,0,0,0,0,0
ip0sJ7HQRsJWRIixYZUk,UrbanSoccer - Marne-La-Vallée,played,captain,ChIJ6bDBiosP5kcROXiloHzSdhc,48.82658600000001&2.6296937,2024-02-22T19:15:00.000Z,90,15.75,public,true,Détente,4,pc5sZEZSy5Nnzq7NygjDWzuE4wj2,10,10,4,0,0,0,0
ipkY6riUKaa9VY1Zbhxr,Complexe Sportif de Pins-Justaret,played,captain,ChIJ84eIK4G5rhIRRc5EPziLyKA,43.4785415&1.3899201,2024-02-20T19:00:00.000Z,90,,public,false,Détente,3,javIaCwfJQchcwRbGUIfcRhkhU22,16,16,2,0,0,0,0
ippOR4rhW0OwG7qbnFsF,AS Ermont (Amicale Sportive Ermont),played,captain,ChIJ9y9jk6Nn5kcRnRa4fDjVo-A,48.9951441&2.2512307,2024-02-22T19:00:00.000Z,120,,public,false,Compétition,5,6JXgCR5so6fABA4AmJERaIczAbm1,22,22,2,0,0,0,0
iqQLGopUZTTll92nAuOU,LE FIVE Paris 18,played,pro,ChIJpVT4_n1u5kcRzji6FdTBXXo,48.8978522&2.3700234,2024-03-03T21:30:00.000Z,90,12,public,false,,,UQf33jQhVZhle917nO0h7D5qclV2,10,10,8,0,0,0,5
iqy52Uo72ihadIsEzBrp,Play Soccer,played,captain,ChIJQ-UxZn-5rhIRKWoQydM5T9s,43.5512023&1.4098927,2024-03-05T17:00:00.000Z,90,13.5,public,false,,4,9ndPGsv3ksOJZ0heACZG2NFpVq43,10,10,4,0,0,0,2
issqpOX0e61JXxMXnUDl,"Plateau sportif Langevin, Gennevilliers",canceled,captain,ChIJufyQ7mpv5kcR-d-H3ZeTPb4,48.9278928&2.2874652,2024-02-27T17:45:00.000Z,90,,public,false,Compétition,5,IPBsO07hSPQnWzruNVQADGFnN7F2,10,10,0,0,0,0,2
iswE8oMFNhoX7XJSx6bO,Game 13 foot indoor,published,captain,ChIJNSDvlsXryRIRUXao9hwB79I,43.41258939999999&5.366617,2024-02-25T20:30:00.000Z,60,10,public,false,Détente,3,Ez3YAlfrUxgTTJcxq9sNBTRxuHP2,3,10,0,0,0,0,0
itYB1ncAmk7JCmRQfGCw,Parc Sainte Barbe,played,captain,ChIJtw301r5w5kcRvRjidiuAyaw,48.7922897&2.2913469,2024-03-03T12:00:00.000Z,180,,public,false,Détente,4,rzC8A0bd4afb9AWrHKlCPT9461y1,16,16,3,0,0,0,1
itYKJdtFH9MdphPJxFqu,UrbanSoccer - Quai d'Ivry,canceled,captain,ChIJfXxYJ0xy5kcRw9xTkF6-FZQ,48.8199885&2.3936463,2024-03-03T16:00:00.000Z,90,20,public,true,,3,nnVMCQjNFGMCWP80TQIm2Wl4Lcf1,2,10,0,0,0,0,0
iu15NDTtGbevDgZwoWcR,Top Ten,published,pro,ChIJfXprBx4b5kcRmhe-5pLZUek,48.8729106&2.6840919,2024-02-28T11:00:00.000Z,90,5,public,false,,,i27253AGxOfXgYJK72sBnvUGuMk2,0,10,0,0,0,0,0
iwMJZ0cTPyvSeaXbs0tM,Foot-Max Argenteuil,canceled,pro,ChIJi9oIzaRm5kcRJYcK7QsdRMU,48.9501632&2.2093946,2024-02-22T17:30:00.000Z,90,8,public,false,,,SuEnyPZ4TgNIkt1yap2yJ3ZHO6p1,0,10,0,0,0,0,0
j1BL1BW4BTrjs61FD0bX,Le Street Foot en Salle,played,captain,ChIJt_AXL6Jg5kcRu6rBmnrmeUM,49.0164435&2.181307,2024-02-29T18:00:00.000Z,60,13.5,public,false,Détente,3,X5Kq4QF6YBbhYyVUsWFlspZqFT72,10,10,2,0,0,0,3
j1Dgk3kDzb5ocBUpBCTR,Foot POWER 5,canceled,pro,ChIJuTCIFshm5kcRBtEQJ76dAzc,48.960066&2.2061913,2024-03-05T20:00:00.000Z,90,7,public,false,,,sss3dYi6nzWd7rEjwcQ30LGKudj1,0,10,0,0,0,0,0
j2Zb6xw0g8eaaCmemCTX,Palais des Sports de Saint-Denis,played,captain,ChIJSwyuM0pp5kcRnFfUpl9-XBg,48.9465769&2.3566238,2024-02-25T12:30:00.000Z,90,,public,false,Compétition,5,x1rFpjV0niWhBEzm6w7OmAGUBpD3,16,16,2,0,0,0,1
j2fXs6C31OEuxmz8f72k,LE FIVE Bobigny,published,pro,ChIJV8UONORs5kcRXxR5Qd7x130,48.901553&2.4313304,2024-02-26T17:00:00.000Z,60,8,public,false,,,4owi3i7t8EOvFNF6UQvACOpiDRy1,0,10,0,0,0,0,0
j4QPiTHwlItOAMRD0rMw,UrbanSoccer - Lille Lezennes,published,captain,ChIJR3ro5nTWwkcRfM_S3Be9HjI,50.6162725&3.0998108,2024-02-24T12:00:00.000Z,60,5,public,true,Détente,3,npGgDC3UYVfBbhVXjV4VB0Iv2EM2,9,10,0,0,0,0,0
j5FpUHTiRNDrdU7EoaLs,Top Ten,published,pro,ChIJfXprBx4b5kcRmhe-5pLZUek,48.8729106&2.6840919,2024-02-20T21:00:00.000Z,90,16.5,public,false,,,i27253AGxOfXgYJK72sBnvUGuMk2,0,10,0,0,0,0,0
j5b9hJCs7Pq3LT2lR4SV,Top Ten,played,pro,ChIJfXprBx4b5kcRmhe-5pLZUek,48.8729106&2.6840919,2024-02-26T16:00:00.000Z,90,5,public,false,,,i27253AGxOfXgYJK72sBnvUGuMk2,10,10,8,0,0,0,7
j6hHtjTmtP0fTW73xoGu,UrbanSoccer - Porte d'Aubervilliers,played,captain,ChIJ0dXjDCZs5kcRvX0EpMwxsUY,48.9074912&2.3746518,2024-02-25T10:00:00.000Z,60,13,public,true,Détente,2,UssgQgKf7xNkQBdtOZg7E4exwHo1,10,10,1,0,0,0,1
j6upw0aP26NOm1mmdgS7,Top Ten,hidden,pro,ChIJfXprBx4b5kcRmhe-5pLZUek,48.8729106&2.6840919,2024-02-25T21:30:00.000Z,90,15,public,false,,,i27253AGxOfXgYJK72sBnvUGuMk2,0,10,0,0,0,0,0
jCPzu1wH5YoKhYG3RD6w,LE FIVE Bezons,played,pro,ChIJ04KEHBZk5kcRoDWLaMOCCwQ,48.91909&2.2093051,2024-02-20T21:00:00.000Z,90,14,public,false,,,U3MriTZbPbTUEsU6RtRuHxDMKvg2,10,10,2,0,0,0,0
jHA987MfcKg7CfcVNHY7,LE FIVE Villette,played,captain,ChIJTUFnQjps5kcR0pHITLTw1PI,48.9070122&2.3861459,2024-03-05T18:00:00.000Z,60,12,public,false,Détente,,p3LqdInEj6fsJOomYM2dUJ77Mn52,10,10,6,1,0,0,0
jHAHOeCOSPDEfSbqlskR,Terrain de Draveil,played,captain,ChIJ8TYAB93f5UcRtDLTkIEHl88,48.6889414&2.3919424,2024-03-03T09:00:00.000Z,120,,public,false,Compétition,3,4UFqEa4a0Lgs47WeclcJErXD5s82,20,20,17,0,0,0,2
jHN0FD87Wtq3PO46kaBL,Foot-Max Argenteuil,published,pro,ChIJi9oIzaRm5kcRJYcK7QsdRMU,48.9501632&2.2093946,2024-02-21T16:00:00.000Z,60,8,public,false,,,SuEnyPZ4TgNIkt1yap2yJ3ZHO6p1,1,10,0,0,0,0,0
jILL4sVETJgBZpa2V323,Jardin partagé des Nouzeaux,published,captain,ChIJs2n4solw5kcREqb5DTnxD6c,48.8156956&2.2884782,2024-03-03T12:30:00.000Z,90,,public,false,Détente,3,7K1UfIHEfid3f3MXe83quHLSzwt2,3,10,0,0,0,0,0
jIjJEzcYGoRAsggqElu5,Stadium Thiais,published,pro,ChIJ64X9jzx05kcRsHvSfOv6UcA,48.7511024&2.3713455,2024-02-23T17:00:00.000Z,90,14,public,false,,,psf3NmXEPwdCltHKJC7VuvJocrF3,0,10,0,0,0,0,0
jKA8UstiWllOTDRi4OFn,Footbox,canceled,pro,ChIJY-WkusIR5kcR-tEad3UtaSQ,48.9022789&2.582647,2024-02-28T18:00:00.000Z,60,10,public,false,,,QI89VPazyLhBVnWH871jk4BUEZI3,0,10,0,0,0,0,0
jKk3dhgXgfad6NA4tdyZ,Top Ten,played,pro,ChIJfXprBx4b5kcRmhe-5pLZUek,48.8729106&2.6840919,2024-02-21T16:00:00.000Z,90,5,public,false,,,i27253AGxOfXgYJK72sBnvUGuMk2,10,10,8,0,0,0,14
jMWWzi6r2xPBHsF0f3AS,Footbox,published,pro,ChIJY-WkusIR5kcR-tEad3UtaSQ,48.9022789&2.582647,2024-02-25T21:00:00.000Z,60,10,public,false,,,QI89VPazyLhBVnWH871jk4BUEZI3,0,10,0,0,0,0,0
jN42aUDlbrE2cjVFdW59,LE FIVE Bezons,canceled,captain,ChIJ71Mv0Wpk5kcRg-H9x7L-dXo,48.9190524&2.211796,2024-03-01T22:00:00.000Z,60,11,public,true,Détente,3,H4xso4vVXRSc3Ig7FbGIY5IdS0B2,10,10,0,0,0,0,0
jNMeezOtzylye3m1YLO3,LE FIVE Paris 17,played,pro,ChIJ7eI8sFNv5kcR5xy52Wc57NU,48.900032&2.3213449,2024-02-21T16:00:00.000Z,60,5,public,false,,,V6mqbc9C8FNa1RQlUupjeoqOsZL2,10,10,10,0,0,0,2
jO7OTZYdCUevthTuLuAF,LE FIVE Bordeaux,canceled,captain,ChIJteaBh_koVQ0RqH2VtN-qL5I,44.8798631&-0.5594838999999999,2024-02-27T17:30:00.000Z,60,11,public,false,Détente,1,Ecn4a58o5NWP8bACoOk3WHtOmUw2,8,10,0,0,0,0,0
jPJF2ee6mpTm33FMsFxr,Stadium Thiais,published,pro,ChIJ64X9jzx05kcRsHvSfOv6UcA,48.7511024&2.3713455,2024-02-20T19:30:00.000Z,90,13,public,false,,,psf3NmXEPwdCltHKJC7VuvJocrF3,1,12,0,0,0,0,0
jQoAddqktwBASrHDv6oT,UrbanSoccer - Puteaux,played,captain,ChIJM_sC0-Nk5kcRhL1y_EFIje8,48.8836397&2.2312283,2024-02-24T09:00:00.000Z,60,12.5,public,true,Détente,2,kurQJxhXyia5wk3xvfhzTa7FRow1,10,10,3,0,0,0,2
jVpsqvq1q23TD8yBe3t4,LE FIVE Montreuil,published,pro,ChIJJdTQjr0T5kcRZmGxtIJVy44,48.8613036&2.4653095,2024-03-01T16:30:00.000Z,90,11.5,public,false,,,u9uC1vjdcdQ3UqNxI0SiFxor0m43,0,10,0,0,0,0,0
jYYCfpOx8IKhobmYLHLq,Top Ten,published,pro,ChIJfXprBx4b5kcRmhe-5pLZUek,48.8729106&2.6840919,2024-02-29T20:00:00.000Z,60,11,public,false,,,i27253AGxOfXgYJK72sBnvUGuMk2,0,10,0,0,0,0,0
jYfpOdOlc1HsR52oJMSV,LE FIVE Carrières-sous-Poissy,canceled,captain,ChIJ9T4fWfyL5kcRCBX-FyZLvEE,48.9468171&2.0230552,2024-02-28T20:00:00.000Z,90,12,public,false,,3,Wy3wc8FHaCYWTvZWNBBuL5f6n6n2,6,10,0,0,0,0,0
jYqrt5OK7kcw2wc32jR4,LE FIVE Paris 18,played,pro,ChIJpVT4_n1u5kcRzji6FdTBXXo,48.8978522&2.3700234,2024-02-24T08:30:00.000Z,90,10,public,false,,,UQf33jQhVZhle917nO0h7D5qclV2,10,10,8,0,0,0,2
jZMjK19UAIibAwgvLeNo,UrbanSoccer - Marne-La-Vallée,canceled,captain,ChIJ6bDBiosP5kcROXiloHzSdhc,48.82658600000001&2.6296937,2024-03-05T17:15:00.000Z,90,12.5,public,true,Détente,3,yml5Vs9XFYSDcopfsRoJkKqmVH53,8,10,0,0,0,0,0
jbSTTRQJpfVvEqLG1OwV,UrbanSoccer Guyancourt,played,captain,ChIJmdX-2c-A5kcRj1wtOS8rZmo,48.7722091&2.0600292,2024-03-07T20:45:00.000Z,60,10.5,public,true,Compétition,3,QIb0oYOcYWYYrcsin3WDYIJBsV13,10,10,4,0,0,0,0
jbkTZqB3b5qnY7YnGubA,UrbanSoccer - Marne-La-Vallée,published,captain,ChIJ6bDBiosP5kcROXiloHzSdhc,48.82658600000001&2.6296937,2024-02-25T20:00:00.000Z,90,18,public,true,Compétition,4,r58DdTYUJMOGjQlqB4cJVwZ7DF83,5,10,0,0,0,0,0
jdRz3pea8OYCTBJIKA1X,B14 - Sports et Loisirs Indoor,played,captain,ChIJaeLKMYXe5UcRHyWJ8X8FaPA,48.62229&2.3800445,2024-02-24T18:00:00.000Z,90,13.5,public,false,Détente,2,VSTvHkjbJ1eE7I4JHZXc9XYveW52,10,10,3,0,0,0,4
jdVyewaZEQ7UZtvQNb6k,Stadium Thiais,played,captain,ChIJ64X9jzx05kcRsHvSfOv6UcA,48.7511137&2.3715422,2024-02-20T16:00:00.000Z,120,10,public,false,Détente,3,Dohg1zNvhsbmGrYuAmExKFyjruw2,10,10,2,0,0,0,0
jfBz6VzmGyCDaEDJQ5db,Stadium Thiais,played,captain,ChIJ64X9jzx05kcRsHvSfOv6UcA,48.7511137&2.3715422,2024-02-23T16:00:00.000Z,120,10,public,false,Détente,3,Dohg1zNvhsbmGrYuAmExKFyjruw2,10,10,9,0,0,1,2
jfNG6DmffzacS2ZQfF6E,UrbanSoccer - Lyon Parilly,played,captain,ChIJx3FQWjLC9EcRrrQb2eV7i_4,45.7120399&4.9039284,2024-02-28T16:15:00.000Z,60,7.5,public,true,Compétition,3,B6tWZAy3bgTUbyN0CtS7McqaOcW2,10,10,0,0,0,0,0
jfxejPWEkeqij7M4DK5N,UrbanSoccer - Toulouse Sept Deniers,played,captain,ChIJk5nUBdOkrhIRP-1aUJzo-lA,43.6321552&1.411696,2024-03-03T17:15:00.000Z,60,9,public,true,Détente,2,zTUuFQLy67fAhmqj7cJeayRsdfE2,10,10,0,0,0,0,1
jgZZLhKGZTZZ0XvCmliZ,Monclub Futbol,played,captain,ChIJGbxxaamUyRIRgGvhHnhJStA,43.4299152&5.4001974,2024-02-22T19:00:00.000Z,60,10,public,false,Détente,2,mCedyPPO5hY43MM6A6GYtCrN6o02,10,10,1,0,0,0,2
jhbi2Xm3KYqW8pLWAIWE,LE FIVE Paris 18,canceled,pro,ChIJpVT4_n1u5kcRzji6FdTBXXo,48.8978522&2.3700234,2024-03-01T22:00:00.000Z,60,6,public,false,,,UQf33jQhVZhle917nO0h7D5qclV2,0,10,0,0,0,0,1
jhtsbrNOAUOOtNRo7Y3b,Stadium Thiais,played,pro,ChIJ64X9jzx05kcRsHvSfOv6UcA,48.7511024&2.3713455,2024-03-02T19:30:00.000Z,90,15,public,false,,,psf3NmXEPwdCltHKJC7VuvJocrF3,12,12,4,0,0,0,2
jj8eeHSo5hP2st9AIVzg,UrbanSoccer - Quai d'Ivry,canceled,captain,ChIJfXxYJ0xy5kcRw9xTkF6-FZQ,48.8199885&2.3936463,2024-02-21T18:30:00.000Z,90,21.75,public,true,Détente,2,e4AXcHRH3kZkfn1DnUVtTkrXxq33,10,10,0,0,0,0,0
jo65wKESpJecYC7zuWI7,Stade Suzanne Lenglen,played,captain,ChIJvTSVwnVw5kcR9CmKGXIcwtA,48.83101689999999&2.272363,2024-03-01T13:30:00.000Z,90,,public,false,Compétition,3,og2EZuv5H8PCmqLY8RjBnUSpa8Y2,16,16,9,0,2,0,2
joh1eZE5y3YrnjLavMre,LE FIVE Paris 17,played,captain,ChIJ7eI8sFNv5kcR5xy52Wc57NU,48.900032&2.3213449,2024-03-07T11:30:00.000Z,60,10,public,true,Chill,2,pny6qjiyLhdGphPV7CAxy8Cx8iE2,10,10,2,0,0,0,1
jpBsPvrWi7lLYTYNTcm8,Cité des Sports,played,captain,ChIJ70UPf6R75kcRGb3NAV9k7Ww,48.8247744&2.2650728,2024-02-28T11:15:00.000Z,90,,public,false,Détente,3,Vu4Mh1iuRtZb5xqP2fgfcW12n0V2,16,16,4,0,0,0,2
js3ecf95eIqfd87mhWVT,MONCLUB 2.0,played,captain,ChIJv9owGLm-yRIRfuDnd3G6nR4,43.2895156&5.4611522,2024-02-21T19:30:00.000Z,60,10,public,false,Détente,3,zitvYfGFP8PwFUYe2wZtmT1Xyco1,10,10,2,0,0,0,0
jsTVRBZlMgVaI7D3REwu,Halle Georges Carpentier,canceled,captain,ChIJnXkSwCty5kcR-nlHXNFQlg4,48.82020139999999&2.3672361,2024-02-26T14:30:00.000Z,120,,public,false,Détente,2,FYfgfT1shkXXyaMI4sZTA7d9Qdw2,2,16,0,0,0,0,1
jtWEgnHUBXwP7OOjekcE,UrbanSoccer La Défense,played,captain,ChIJh4rnfVhk5kcRV2Q-ZKdm8vA,48.8996456&2.2216773,2024-02-21T19:45:00.000Z,60,15,public,true,Détente,3,ujrkM923ZkZfdxOxjC0wVMcRqxw1,10,10,3,0,0,0,2
juUJGvYUZaPY757WM9f2,Play Soccer,played,captain,ChIJQ-UxZn-5rhIRKWoQydM5T9s,43.5512023&1.4098927,2024-03-02T15:00:00.000Z,90,12,public,false,Détente,3,pL0skPQs4CYYVXb682MCC9jXu8K2,10,10,4,0,0,0,0
jvq2zEwAT4JqyFUyWBHv,LE FIVE Paris 17,played,pro,ChIJ7eI8sFNv5kcR5xy52Wc57NU,48.900032&2.3213449,2024-03-05T16:00:00.000Z,60,5,public,false,,,V6mqbc9C8FNa1RQlUupjeoqOsZL2,10,10,10,0,2,0,3
jyuoAOTft6fxN8uOcKDS,Terrain de Sport Westermeyer,canceled,captain,ChIJkcqlrnhz5kcRYDm_fAMKBxo,48.81732909999999&2.392745,2024-03-03T08:40:00.000Z,150,,public,false,Détente,2,8IjJtyz03TerAGLF55u66MxTLKy1,9,10,0,0,0,0,0
jzj0Lc6n8YKgLsGfmpqV,UrbanSoccer - Porte d'Aubervilliers,canceled,captain,ChIJ0dXjDCZs5kcRvX0EpMwxsUY,48.9074912&2.3746518,2024-03-06T19:15:00.000Z,60,15,public,true,Compétition,4,GKddlQndKzgpWWaw2Kd92rHYBP82,5,10,0,0,0,0,0
jzrBNmVTqmRdAInq9Pqv,Play Soccer,played,captain,ChIJQ-UxZn-5rhIRKWoQydM5T9s,43.5512023&1.4098927,2024-02-22T18:30:00.000Z,60,10,public,false,Détente,2,ALKmZi58BQcwiVINAeCH2chkXe32,10,10,2,0,0,0,0
k0C0Vd4SXTcjHDAmpE6E,Stade Gaston Frémont,canceled,captain,ChIJhaklDitn5kcRkyQ3xrHIZCA,48.9824778&2.1978423,2024-02-21T09:00:00.000Z,120,,public,false,Détente,2,h0Bzwvu057VXtTUvGreLPTa32JD3,1,16,0,0,0,0,0
k1M2yR13P9sxhVlQd3z7,UrbanSoccer Guyancourt,canceled,captain,ChIJmdX-2c-A5kcRj1wtOS8rZmo,48.7722091&2.0600292,2024-03-02T15:00:00.000Z,60,6.5,public,true,Compétition,4,ZhS2pOCRMLgfsJDXdzlda2rlhbt1,5,10,0,0,0,0,0
k1YQuF3mf0pyf3V8AN87,Stadium Thiais,played,captain,ChIJ64X9jzx05kcRsHvSfOv6UcA,48.7511137&2.3715422,2024-02-29T16:00:00.000Z,120,10,public,false,Détente,3,Dohg1zNvhsbmGrYuAmExKFyjruw2,10,10,2,0,0,0,0
k1yyhqSsmq7Um8LUloZO,UrbanSoccer - Quai d'Ivry,played,captain,ChIJfXxYJ0xy5kcRw9xTkF6-FZQ,48.8199885&2.3936463,2024-02-25T12:30:00.000Z,60,12,public,true,Détente,3,wSeOuEtyetaOPB3N06i6hxJHIb03,10,10,2,0,0,0,1
k3RjTalI4114VTOSbmco,LE FIVE Paris 18,published,pro,ChIJpVT4_n1u5kcRzji6FdTBXXo,48.8978522&2.3700234,2024-02-25T10:00:00.000Z,90,15,public,false,,,UQf33jQhVZhle917nO0h7D5qclV2,0,10,0,0,0,0,1
k5uQ2quPGZRXj8zi6ou3,LE FIVE Bezons,canceled,pro,ChIJ04KEHBZk5kcRoDWLaMOCCwQ,48.91909&2.2093051,2024-02-23T11:00:00.000Z,90,10,public,false,,,U3MriTZbPbTUEsU6RtRuHxDMKvg2,0,10,0,0,0,0,1
k61mNHGWrx4me32huapN,Game 13 foot indoor,published,captain,ChIJNSDvlsXryRIRUXao9hwB79I,43.41258939999999&5.366617,2024-02-24T09:30:00.000Z,60,10,public,false,Détente,3,Ez3YAlfrUxgTTJcxq9sNBTRxuHP2,9,10,0,0,0,0,0
k6jXC9oXWvI1jQFmcK9S,STADIUM FOOT 5 VILLAGE,played,captain,ChIJbbOWFtC4yRIR0WXVerbWmnE,43.269413&5.4260321,2024-02-27T18:00:00.000Z,90,15,public,false,Détente,3,MKjoGJESIIfNKw5sH93VODBuvLv2,10,10,3,0,0,0,0
k8yb9FTnARKSn6AzWzVO,LE FIVE Bobigny,canceled,pro,ChIJV8UONORs5kcRXxR5Qd7x130,48.901553&2.4313304,2024-03-01T17:00:00.000Z,60,8,public,false,,,4owi3i7t8EOvFNF6UQvACOpiDRy1,5,10,0,0,0,0,1
kAVHdnhxODUMx8zugkDP,Monclub Futbol,published,pro,ChIJGbxxaamUyRIRgGvhHnhJStA,43.4299152&5.4001974,2024-03-05T20:00:00.000Z,90,10,public,false,,,CSTy9rmJRQSyWlqWuGiUhGpAGqf2,0,10,0,0,0,0,0
kBXxeZPY5P9Gn7WWtpqj,Top Ten,played,pro,ChIJfXprBx4b5kcRmhe-5pLZUek,48.8729106&2.6840919,2024-03-04T16:00:00.000Z,90,5,public,false,,,i27253AGxOfXgYJK72sBnvUGuMk2,10,10,5,0,0,0,5
kEHXUpp0NJqUYBBDQNwq,UrbanSoccer - Porte d'Aubervilliers,played,captain,ChIJ0dXjDCZs5kcRvX0EpMwxsUY,48.9074912&2.3746518,2024-02-26T19:30:00.000Z,60,14.5,public,true,Détente,3,4Tc3ekjSLVhB0GHhDoDpiY712m42,10,10,1,0,0,0,2
kF10eRxMNmWLDFVLyW6y,LE FIVE Marville - La Courneuve,published,pro,,48.9361223&2.3872592,2024-03-06T11:00:00.000Z,60,8,public,false,,,1GfAHFfqO6dOj37bPrTRuDS5gnk1,0,10,0,0,0,0,0
kFUZBDDGx9qj51eX64LH,STADIUM FOOT 5 VILLAGE,canceled,captain,ChIJbbOWFtC4yRIR0WXVerbWmnE,43.269413&5.4260321,2024-02-20T18:00:00.000Z,90,15,public,false,Détente,4,MKjoGJESIIfNKw5sH93VODBuvLv2,10,10,0,0,0,0,0
kFsRUUALAdteHYnQcYbE,Footbox,published,pro,ChIJY-WkusIR5kcR-tEad3UtaSQ,48.9022789&2.582647,2024-02-26T19:00:00.000Z,60,10,public,false,,,QI89VPazyLhBVnWH871jk4BUEZI3,0,10,0,0,0,0,0
kFwfPEA321yDx0hTuqSr,AS Ermont (Amicale Sportive Ermont),published,captain,ChIJ9y9jk6Nn5kcRnRa4fDjVo-A,48.9951441&2.2512307,2024-02-29T19:00:00.000Z,120,,public,false,Compétition,5,6JXgCR5so6fABA4AmJERaIczAbm1,9,14,0,0,0,0,0
kGkrE2ip9F8AGmjjuOov,Speed Soccer Five,canceled,captain,ChIJ2xTNglV25kcR3UDi4AXGfDU,48.7360598&2.315058,2024-02-20T18:30:00.000Z,90,13,public,false,Détente,3,Z5sxx936iZX9hchZEihemmPqYW12,4,10,0,0,0,0,0
kGpLgDOC4lBQBjyKrlia,LE FIVE Paris 18,canceled,pro,ChIJpVT4_n1u5kcRzji6FdTBXXo,48.8978522&2.3700234,2024-03-07T16:00:00.000Z,60,5,public,false,,,UQf33jQhVZhle917nO0h7D5qclV2,0,10,0,0,0,0,0
kNx5W7dbVCaohGlpHRAC,UrbanSoccer La Défense,played,captain,ChIJh4rnfVhk5kcRV2Q-ZKdm8vA,48.8996456&2.2216773,2024-02-22T11:30:00.000Z,60,12,public,true,Détente,2,a4i81sptDVbw4kzDul7FnIKMJXo1,10,10,2,0,0,0,2
kOj0n8ffN9ZHw60YEpo6,Stadium Thiais,played,pro,ChIJ64X9jzx05kcRsHvSfOv6UcA,48.7511024&2.3713455,2024-02-28T18:00:00.000Z,90,15,public,false,,,psf3NmXEPwdCltHKJC7VuvJocrF3,10,10,6,0,0,0,0
kPffq0eYrSWMqYq1l6kS,Stadium Thiais,canceled,captain,ChIJ64X9jzx05kcRsHvSfOv6UcA,48.7511137&2.3715422,2024-03-06T20:00:00.000Z,90,15,public,false,Chill,2,FlwYHkguBoW0d3mxJvlBrz38AcD3,9,10,0,0,0,0,0
kTjL6VcahUASQxFYy4IF,UrbanSoccer - Porte d'Aubervilliers,played,captain,ChIJ0dXjDCZs5kcRvX0EpMwxsUY,48.9074912&2.3746518,2024-02-25T13:45:00.000Z,60,5,public,true,Compétition,4,G4COw6sO8KWQn9J4FyP2Iudzz6r1,10,10,3,0,0,0,3
kURsYuepjuTfRPK50I4r,UrbanSoccer - Lyon Barolles,canceled,captain,ChIJN4l-IC3v9EcRf9QJKIVC_aY,45.6837539&4.7725939,2024-03-01T19:30:00.000Z,90,14.25,public,true,Détente,2,bgfKef658yX8AHhGuCmfPkNaMMD2,7,10,0,0,0,0,0
kV2aNZL01uXPOffNaleB,UrbanSoccer - Lille Lezennes,canceled,captain,ChIJR3ro5nTWwkcRfM_S3Be9HjI,50.6162725&3.0998108,2024-02-28T11:05:00.000Z,60,8,public,true,Détente,2,QEccKl5NmihF7wawvolGxLeYhhj1,7,10,0,0,0,0,0
kWhnX4nfAfgJrz96qFnV,LE FIVE Créteil,published,captain,ChIJ88lx3VwL5kcRVxCh4lD6_Gk,48.7643086&2.4706522,2024-02-26T18:30:00.000Z,60,11,public,false,,2,isOWAQUfTUMSESVKa234ta4xiBc2,9,10,0,0,0,0,0
kYDriaaKKC56rj9b4WoF,Parc Sainte Barbe,canceled,captain,ChIJtw301r5w5kcRvRjidiuAyaw,48.7922897&2.2913469,2024-02-26T12:15:00.000Z,30,,public,false,Détente,4,rzC8A0bd4afb9AWrHKlCPT9461y1,7,16,0,0,0,0,0
kYFUJWcU4KWU0ngD6c1E,Centre Sportif Hautpoul,played,captain,ChIJ79fuL8Zt5kcRk9e1VH01h_U,48.8847213&2.3874252,2024-03-04T21:45:00.000Z,60,2,public,false,Compétition,,iRty3I3PfeUoz0Li6UdFPcxUqDJ2,10,10,5,0,0,0,0
kaCBxcM5M4O3QADGvy9o,Play Soccer,played,captain,ChIJQ-UxZn-5rhIRKWoQydM5T9s,43.5512023&1.4098927,2024-02-23T16:30:00.000Z,60,9,public,false,Détente,,DWh92QLnudQobaf8k1DTr22NOzT2,10,10,3,0,0,0,0
kaNlInGn7I6supLc7x0N,LE FIVE Paris 18,played,captain,ChIJpVT4_n1u5kcRzji6FdTBXXo,48.8978522&2.3700234,2024-03-06T17:30:00.000Z,60,9.5,public,true,Détente,1,R8SAM4swueWVKLTf0OHVW1RRywY2,10,10,2,0,0,0,0
kaPjdxySdvDxoocFZuW9,LE FIVE Bezons,played,captain,ChIJ71Mv0Wpk5kcRg-H9x7L-dXo,48.9190524&2.211796,2024-02-21T18:30:00.000Z,90,16.5,public,true,Détente,3,yHu8CVCymPXUBMQfkRDmcTZGEQQ2,10,10,2,0,0,0,2
kaW3vFLgB0XzYog91NCn,Top Ten,played,captain,ChIJfXprBx4b5kcRmhe-5pLZUek,48.8729106&2.6840919,2024-03-06T16:00:00.000Z,90,5,public,false,Compétition,4,sWrS7Of3KMVa7RE622REIzPIC7J2,10,10,1,0,0,0,0
kazFLLDGSTvC5kGOeWlz,Stadium Thiais,played,captain,ChIJ64X9jzx05kcRsHvSfOv6UcA,48.7511137&2.3715422,2024-03-06T15:55:00.000Z,120,10,public,false,Détente,3,Dohg1zNvhsbmGrYuAmExKFyjruw2,10,10,1,0,0,0,0
kcTSXarskve4c23fa5bY,FOOT IN FIVE,published,captain,ChIJoUR0syFp5kcRUlStnwluaYY,48.9552257&2.3328346,2024-02-20T20:30:00.000Z,90,15,public,false,Détente,2,O151o3nqMJMMsCiR2B1yKaLIyB13,7,10,0,0,0,0,1
kchhZHWB60MVAtt6tLrD,LE FIVE Morangis,canceled,captain,ChIJA4uAhOXZ5UcRp-vZXZP-ovY,48.692672&2.3192811,2024-03-05T19:30:00.000Z,90,15,public,false,Détente,,XOm02rrqPlOgCMLPRqKj16ZiuYR2,3,10,0,0,0,0,1
kdnnPflYjUEHGBjR8b0q,Play Soccer,played,captain,ChIJQ-UxZn-5rhIRKWoQydM5T9s,43.5512023&1.4098927,2024-02-25T13:00:00.000Z,60,8,public,false,Compétition,4,FTL8x7HcDKdotSu7Ve4etKLD5Bj1,10,10,4,0,0,0,3
keByp6PNDyygHVKOfNZi,LE FIVE VITROLLES,played,captain,ChIJi4A-IrHoyRIRunoYLEGNeYI,43.4338497&5.240971399999999,2024-03-05T16:00:00.000Z,60,9,public,false,Détente,2,TBrHh8kaTtXgh3qQEytcHoGTfPJ2,10,10,1,0,0,0,0
kfkJtjTnL2jASDBEx9DX,Stadium Thiais,canceled,captain,ChIJ64X9jzx05kcRsHvSfOv6UcA,48.7511137&2.3715422,2024-02-28T18:30:00.000Z,60,12,public,false,Détente,3,Dh6pFdqzdzWQWk4a0pQ6sjKaYy63,10,10,0,0,0,0,0
kgb7d0PoOBaBcGKWotfQ,Stade Gilles Joye,played,captain,ChIJw2BPcJnzyRIRLzzgcSTD9TM,43.5744126&5.3446134,2024-03-04T18:00:00.000Z,60,7,private,false,Détente,3,uAEut48qBDUb9yI8BZY79qCquMq1,10,10,6,0,0,0,2
khLXdHoakAu3WJ0ooUf4,Top Ten,published,pro,ChIJfXprBx4b5kcRmhe-5pLZUek,48.8729106&2.6840919,2024-03-04T22:00:00.000Z,90,16.5,public,false,,,i27253AGxOfXgYJK72sBnvUGuMk2,0,10,0,0,0,0,0
kilBFOKE3lZMnoBVfY8P,LE FIVE Créteil,canceled,captain,ChIJ88lx3VwL5kcRVxCh4lD6_Gk,48.7643086&2.4706522,2024-03-03T11:00:00.000Z,90,16.5,public,false,Détente,,dKm4KRHVV7TJI7ChnHErZ7n6ApH3,5,10,0,0,0,0,0
km8Ku5CrtF1KDNB7kcS3,Centre Sportif Maryse Hilsz,published,captain,ChIJgY6iBYxt5kcRHD7TB4jAHV4,48.8520783&2.4128877,2024-02-23T13:00:00.000Z,120,,public,false,Détente,2,vft2WRS7zdU9ST6fNn76LWPt8Vn2,15,16,0,0,0,0,2
kma8G8AJkpEKI5XS4C0h,Parc Sainte Barbe,canceled,captain,ChIJtw301r5w5kcRvRjidiuAyaw,48.7922897&2.2913469,2024-03-06T11:00:00.000Z,120,,public,false,Détente,4,rzC8A0bd4afb9AWrHKlCPT9461y1,4,16,0,0,0,0,1
ko5sqwRlOOYCCrcMHNuK,Spot FUTSAL,canceled,captain,ChIJwdUawmfVwkcRaNLo_CmNii0,50.6106345&3.0624494,2024-02-28T11:30:00.000Z,60,8,public,false,Détente,3,gfILmO9T1NeMOTv4o7N7douAlOX2,9,10,0,0,0,0,0
kot0IeJMmXLGiBAj91H7,Footbox,canceled,pro,ChIJY-WkusIR5kcR-tEad3UtaSQ,48.9022789&2.582647,2024-03-06T19:00:00.000Z,60,10,public,false,,,QI89VPazyLhBVnWH871jk4BUEZI3,0,10,0,0,0,0,0
kozXBFh5R8FxEeDZKp4a,UrbanSoccer - Lille Bondues,played,captain,ChIJ58ZerMgrw0cR2Jyp7tZjBn4,50.6913774&3.0860264,2024-02-25T18:00:00.000Z,60,9,public,true,Détente,3,HScgtlXvZoPUQxBmHcHkpHQ2SuI3,10,10,0,0,0,0,0
kpT47xUDLHAf9MfPxueC,Centre Sportif Jules Ladoumègue,published,captain,ChIJER9wvLZt5kcR7NF3jtXiMCY,48.8927564&2.3972743,2024-03-03T07:00:00.000Z,120,,private,false,Détente,3,Psr7DaQkeuaukP0I7g71P9tMDrH3,3,16,0,0,0,0,0
kqFDu4yPJd3qq8CF7CZb,LE FIVE Montreuil,published,pro,ChIJJdTQjr0T5kcRZmGxtIJVy44,48.8613036&2.4653095,2024-03-05T12:00:00.000Z,60,7,public,false,,,u9uC1vjdcdQ3UqNxI0SiFxor0m43,3,10,0,0,0,0,0
kv8MxVY6P5UygRakK5FX,Terrain de Sport Westermeyer,canceled,captain,ChIJkcqlrnhz5kcRYDm_fAMKBxo,48.81732909999999&2.392745,2024-02-25T08:20:00.000Z,150,,public,false,Détente,2,FYfgfT1shkXXyaMI4sZTA7d9Qdw2,10,10,0,0,0,0,2
kx4NPM5duhXJAxV0HtW3,Stadium Thiais,played,pro,ChIJ64X9jzx05kcRsHvSfOv6UcA,48.7511024&2.3713455,2024-02-25T10:30:00.000Z,90,15,public,false,,,psf3NmXEPwdCltHKJC7VuvJocrF3,12,12,5,0,0,0,0
kxcjXnHBRvPQYDcdA7WR,UrbanSoccer - Quai d'Ivry,canceled,captain,ChIJfXxYJ0xy5kcRw9xTkF6-FZQ,48.8199885&2.3936463,2024-03-01T21:20:00.000Z,90,11.5,public,true,Compétition,5,oKfGVfs7dYecPpobKfuTXiuhh8J3,5,10,0,0,0,0,0
ky954IieEVRnCySX0Q5X,Speed Soccer Five,canceled,captain,ChIJ2xTNglV25kcR3UDi4AXGfDU,48.7360598&2.315058,2024-02-21T17:30:00.000Z,90,7.5,public,false,Détente,3,gC7u1zBDDkR6yiDzaEoMqwjc85h2,10,10,0,0,0,0,0
kyiADRGTwCFQk3FNJB9e,Game 13 foot indoor,canceled,captain,ChIJNSDvlsXryRIRUXao9hwB79I,43.41258939999999&5.366617,2024-02-22T17:30:00.000Z,60,10,public,false,Compétition,3,bQUeqoDdllerAdAFdWqvqhuExBq2,5,10,0,0,0,0,0
kzDunhezz8uYuletZgD2,Top Ten,published,pro,ChIJfXprBx4b5kcRmhe-5pLZUek,48.8729106&2.6840919,2024-02-20T17:00:00.000Z,90,16.5,public,false,,,i27253AGxOfXgYJK72sBnvUGuMk2,0,10,0,0,0,0,0
kzwYgUMxiUUIesSKTL8p,Stadium Thiais,played,captain,ChIJ64X9jzx05kcRsHvSfOv6UcA,48.7511137&2.3715422,2024-03-02T09:30:00.000Z,90,12,public,false,Détente,3,31BpgzLROXa3QgFOsZYgKWd9izk2,12,12,2,0,0,0,0
kzyRqBGptcFfyCW0t9z7,Gymnase Félix Faure,played,captain,ChIJh1wlXZQN5kcRLNrSwNxEU7c,48.83610299999999&2.5191798,2024-02-20T11:15:00.000Z,90,,public,false,Détente,3,qFbkQ1I6cegKn6VUPf2VQggtw4k2,10,10,3,0,0,0,1
l0ILhfV1sv2N2MjB1TkW,UrbanSoccer - Quai d'Ivry,played,captain,ChIJfXxYJ0xy5kcRw9xTkF6-FZQ,48.8199885&2.3936463,2024-03-05T19:00:00.000Z,60,14,public,true,Détente,3,CBYAiO5MiSX1QInSnA5JFstME602,10,10,2,0,0,0,0
l4TT3JXTdSUxpzW5sk7T,Monclub Futbol,hidden,pro,ChIJGbxxaamUyRIRgGvhHnhJStA,43.4299152&5.4001974,2024-02-20T18:30:00.000Z,60,10,public,false,,,CSTy9rmJRQSyWlqWuGiUhGpAGqf2,3,10,0,0,0,0,0
l4njPqvpZj1f4P5hvHGc,Foot POWER 5,canceled,pro,ChIJuTCIFshm5kcRBtEQJ76dAzc,48.960066&2.2061913,2024-02-20T17:00:00.000Z,90,5,public,false,,,sss3dYi6nzWd7rEjwcQ30LGKudj1,0,10,0,0,0,0,0
l6h2PCc3sp3pz7lQHlNZ,Stade Municipal Jean-Pierre Garchery,played,captain,ChIJQ4A-SikN5kcROEZUArQHPcs,48.8182515&2.4585413,2024-03-04T19:00:00.000Z,120,10,public,false,Détente,2,uptMO8xQ6bZfp7VWheo112pYovE3,14,14,0,0,0,0,0
l9E99a6XIVk2zERx01TR,Stadium Thiais,hidden,pro,ChIJ64X9jzx05kcRsHvSfOv6UcA,48.7511024&2.3713455,2024-02-23T19:30:00.000Z,90,15,public,false,,,psf3NmXEPwdCltHKJC7VuvJocrF3,5,10,0,0,0,0,1
lBCZUEWju676VjZ0g5xA,Stadium Thiais,played,captain,ChIJ64X9jzx05kcRsHvSfOv6UcA,48.7511137&2.3715422,2024-03-06T19:30:00.000Z,90,15,public,false,Détente,3,kWRPMjQ6TuVkeiK3dpJHoca7n7y2,10,10,0,0,0,0,0
lCloZR6YmUxkZ0aMyd8x,Complexe Sportif Lénine,canceled,captain,ChIJv_gDRV5w5kcR06uDOriBZeU,48.8205986&2.2967879,2024-02-25T12:00:00.000Z,90,,public,false,Détente,3,El0OMrsQNvRZOXnKm0ekSTPMFfC2,4,10,0,0,0,0,0
lD6jNuM8FjgKrqPmU5fx,Foot-Max Argenteuil,played,captain,ChIJi9oIzaRm5kcRJYcK7QsdRMU,48.9501569&2.2093741,2024-03-01T19:00:00.000Z,90,12,public,false,Compétition,5,x1rFpjV0niWhBEzm6w7OmAGUBpD3,10,10,3,0,0,0,3
lDBP8HgFXSZc9FpYxHhJ,Stade Olympique Yves du Manoir,canceled,captain,ChIJYeUIntpl5kcRZsN35flVVAY,48.9292771&2.2477717,2024-02-23T14:30:00.000Z,120,2,public,false,Compétition,5,U3gMk9AqD1UDGa1mnX8BD6lk8L13,2,16,0,0,0,0,1
lDdrlhLYKOK4LR2MAnYm,Stadium Thiais,played,pro,ChIJ64X9jzx05kcRsHvSfOv6UcA,48.7511024&2.3713455,2024-03-02T09:30:00.000Z,90,12,public,false,,,psf3NmXEPwdCltHKJC7VuvJocrF3,10,10,8,0,0,0,1
lDeudPiAguQJoybX2Uen,Stade Des Courtilles,canceled,captain,ChIJ83HS9ldv5kcR-plMKkHPNTA,48.929137&2.2834726,2024-03-02T17:15:00.000Z,120,,public,false,,4,OUDonTRM5JTwDDmUMOikuN6wCKz1,7,14,0,0,0,0,0
lDxEeNgupOVXGVP6cWAG,LE FIVE Paris 13,published,captain,ChIJ_bOSChhz5kcRZMTeq_6Gdzg,48.8181615&2.3658793,2024-03-02T15:30:00.000Z,60,13,public,true,Détente,2,jYEjEJKsP6NPzDLz3u66CvVztEG3,7,10,0,0,0,0,0
lH24OTahRNJT8SfU3WZl,UrbanSoccer - Lille Lezennes,canceled,captain,ChIJR3ro5nTWwkcRfM_S3Be9HjI,50.6162725&3.0998108,2024-02-23T18:00:00.000Z,60,11.5,public,true,Détente,2,ndAd7rihYxdiPIlgyGdDCz4tS0d2,6,10,0,0,0,0,0
lICs9I28KlHDQWKvACGt,LE FIVE Créteil,published,pro,ChIJ88lx3VwL5kcRVxCh4lD6_Gk,48.7643086&2.4706522,2024-03-01T16:00:00.000Z,60,7,public,false,,,ZmXMWx7aTdPoPkkGOWa2HIQVblq2,4,10,0,0,0,0,0
lIbfAOTUTWTe1tY0UTmb,CA Romainville,published,captain,ChIJ6ZZX-Itt5kcRjhHfH1Jkgdc,48.8869386&2.4421851,2024-03-03T09:15:00.000Z,120,,public,false,Détente,3,lp3HxMszwUT4btAAKLAKDzNdP1j1,16,22,0,0,0,0,0
lK2blBtuD2ui9hWGxkSp,Soccer Five,published,captain,ChIJp0K53sp55kcR61-WTU8Yv5k,48.7368129&2.2591558,2024-02-24T13:30:00.000Z,90,10,public,false,Détente,3,Dohg1zNvhsbmGrYuAmExKFyjruw2,3,10,0,0,0,0,0
lNjr9JNo2HYjnpNwUuYb,Cité des Sports,played,captain,ChIJ70UPf6R75kcRGb3NAV9k7Ww,48.8247744&2.2650728,2024-03-03T12:00:00.000Z,60,13,public,false,,3,BE5TERsNfQTBHy3lAr2PGREXviq2,10,10,0,0,0,0,0
lOA1Yb1lde0y0WBwHhE9,UrbanSoccer La Défense,published,captain,ChIJh4rnfVhk5kcRV2Q-ZKdm8vA,48.8996456&2.2216773,2024-02-29T12:00:00.000Z,60,5,public,true,Détente,2,jLMD6LHdcSWIxQPxz60Q79M3wcw1,8,10,0,0,0,0,1
lPZTWDwsppnqIf9FVWNR,Monclub Futbol,played,captain,ChIJGbxxaamUyRIRgGvhHnhJStA,43.4299152&5.4001974,2024-03-07T20:00:00.000Z,120,10,public,false,Détente,2,r3tG4SnGQfcOOuO87UR47ZSVc6u2,10,10,0,0,0,0,0
lPoeuoVszCn4Zm05zTta,LE FIVE Villette,canceled,captain,ChIJTUFnQjps5kcR0pHITLTw1PI,48.9070122&2.3861459,2024-03-03T18:10:00.000Z,60,12,public,false,Compétition,3,N1sS8BeasBdXbZo48sG5hR7kQ9e2,1,10,0,0,0,0,0
lQNMJVZJJK1fty5dfsUu,Stadium Thiais,published,pro,ChIJ64X9jzx05kcRsHvSfOv6UcA,48.7511024&2.3713455,2024-03-04T15:00:00.000Z,90,10,public,false,,,psf3NmXEPwdCltHKJC7VuvJocrF3,0,10,0,0,0,0,1
lQONUyRMYqT3JHALI0LW,Speed Soccer Five,published,pro,ChIJ2xTNglV25kcR3UDi4AXGfDU,48.7360598&2.315058,2024-03-04T17:00:00.000Z,90,13,public,false,,,MkTJljXziPXBdRdijccndMLBNCC3,0,10,0,0,0,0,1
lQSxRlGceywKUsdd5Hhe,Stade Des Courtilles,canceled,captain,ChIJ83HS9ldv5kcR-plMKkHPNTA,48.929137&2.2834726,2024-02-24T17:30:00.000Z,120,,public,false,Détente,4,OUDonTRM5JTwDDmUMOikuN6wCKz1,12,14,0,0,0,0,1
lQqr3kgIU7USeJYagKol,UrbanSoccer - Asnières,canceled,captain,ChIJi5LkLT9v5kcRSlhScqEFNWs,48.92192379999999&2.3068311,2024-02-23T21:15:00.000Z,90,11,public,true,Compétition,5,O4t4dE4BCAh4vZ7VRaa816vklkA3,10,10,0,0,0,0,0
lRyqYvbpKCyvyjz6IIxU,UrbanSoccer - Quai d'Ivry,published,captain,ChIJfXxYJ0xy5kcRw9xTkF6-FZQ,48.8199885&2.3936463,2024-02-27T20:30:00.000Z,60,13.5,public,true,Détente,2,N70CPW8iepeZm5DEeRF8AN6bzIy1,9,10,0,0,0,0,1
lSPqWuTGDSbu359wuZ1m,Footbox,published,pro,ChIJY-WkusIR5kcR-tEad3UtaSQ,48.9022789&2.582647,2024-02-26T15:00:00.000Z,60,7,public,false,,,QI89VPazyLhBVnWH871jk4BUEZI3,0,10,0,0,0,0,0
lTNG8Yt2HMy7XiHSqjwB,Footsal Cousinerie,played,captain,ChIJXQyb1d8pw0cRLO_Ed5xHTIQ,50.6440829&3.1459612,2024-03-07T19:30:00.000Z,90,10,public,false,Détente,2,pKMkFTetvbUcEFcB8Z7KvJiWE8i1,10,10,0,0,0,0,0
lWz6YpyE5cDTNHnWklCM,Foot-Max Argenteuil,played,captain,ChIJi9oIzaRm5kcRJYcK7QsdRMU,48.9501569&2.2093741,2024-02-25T14:30:00.000Z,90,12,public,false,Compétition,5,OgZsV37U52PxUFdy8FyDrHosItj2,10,10,7,1,0,0,4
lX48xQyM9ZYFTYLs8wAO,LE FIVE Bezons,canceled,pro,ChIJ04KEHBZk5kcRoDWLaMOCCwQ,48.91909&2.2093051,2024-02-21T21:00:00.000Z,90,14,public,false,,,U3MriTZbPbTUEsU6RtRuHxDMKvg2,0,10,0,0,0,0,0
lZ17CqE46dlBqvLnMvsF,LE FIVE Paris 17,played,captain,ChIJ7eI8sFNv5kcR5xy52Wc57NU,48.900032&2.3213449,2024-02-25T16:30:00.000Z,60,12,public,true,Chill,3,jmDulVqnSwdWnru48Vugb64GLHC3,10,10,1,0,0,0,3
lckr5i3QhnikjGxMqJCa,UrbanSoccer - Lille Lezennes,canceled,captain,ChIJR3ro5nTWwkcRfM_S3Be9HjI,50.6162725&3.0998108,2024-02-26T18:00:00.000Z,90,16,public,true,Chill,2,b0WW4AbIGBNJ6rJhMJSzcmSTFzu2,9,10,0,0,0,0,0
lcoTJ2OpW9RuyMaCLfMz,Lille Football Faubourg de Bethune,played,captain,ChIJgUO_inLVwkcR9OZ3Xp9c_v0,50.62148730000001&3.0386445,2024-02-29T18:30:00.000Z,120,2,public,false,Détente,2,zjy5cuJtnGeiJ4QHpaZDAoTpGUJ2,16,16,7,0,1,0,2
ldDf8WsqPzCTDMimSQhv,UrbanSoccer - Puteaux,canceled,captain,ChIJM_sC0-Nk5kcRhL1y_EFIje8,48.8836397&2.2312283,2024-02-26T18:30:00.000Z,60,13,public,true,Détente,3,9ylXPLbursQOLTQWbokYz17M7vp2,9,10,0,0,0,0,0
leRk58YSrUGYYcc9XFO2,We Are Sports,played,captain,ChIJFZU5oBHC9EcRJTFrSkI1xxg,45.7113247&4.8761886,2024-02-26T17:30:00.000Z,60,10,public,false,Competition,4,8lrnY3MQ1LWvpzRscGy5tOYxWy23,10,10,2,0,0,0,0
lhU9BkuMndvwRpRbDvpZ,UrbanSoccer - Asnières,played,captain,ChIJi5LkLT9v5kcRSlhScqEFNWs,48.92192379999999&2.3068311,2024-03-01T18:00:00.000Z,90,17,public,true,Détente,3,JyvGfA9Ii8WRZW6nfGm6H64Vcvm2,10,10,0,0,0,0,4
liWIzNIO8ZfYyxzUYvYB,LE FIVE Paris 13,canceled,pro,ChIJ_bOSChhz5kcRZMTeq_6Gdzg,48.8181615&2.3658793,2024-03-02T22:00:00.000Z,60,10,public,false,,,FjSnzlRFFfhWVWQJGfIEwRc2ZMj2,0,10,0,0,0,0,0
llROpaSVFxeOd7I5AoCW,Foot POWER 5,canceled,pro,ChIJuTCIFshm5kcRBtEQJ76dAzc,48.960066&2.2061913,2024-03-05T18:30:00.000Z,90,7,public,false,,,sss3dYi6nzWd7rEjwcQ30LGKudj1,0,10,0,0,0,0,0
lmYNjJVEimeYmW6ISZz4,UrbanSoccer - Asnières,played,captain,ChIJi5LkLT9v5kcRSlhScqEFNWs,48.92192379999999&2.3068311,2024-03-04T19:00:00.000Z,60,,public,true,Compétition,3,ehpBssSn3qTlfwv1Hu6IH985iJ92,10,10,1,0,0,0,6
lnCmoqreQrDYApu0FHfY,LE FIVE Créteil,canceled,captain,ChIJ88lx3VwL5kcRVxCh4lD6_Gk,48.7643086&2.4706522,2024-02-21T18:00:00.000Z,30,16,public,false,Détente,3,owfPpOTIxAZyjN3L7o5cEHHVZcx1,9,10,0,0,0,0,0
lnNY2QlsaQdrE0NedSMX,LE FIVE Morangis,canceled,captain,ChIJA4uAhOXZ5UcRp-vZXZP-ovY,48.692672&2.3192811,2024-03-04T20:30:00.000Z,90,12,public,false,Détente,,q2THFihoUHaTIEd3F7eOg4fi9qK2,9,10,0,0,0,0,0
lp4v3LaIu1ZrlzuC1NYI,LE FIVE Paris 17,published,captain,ChIJ7eI8sFNv5kcR5xy52Wc57NU,48.900032&2.3213449,2024-02-21T18:00:00.000Z,60,12,public,true,Détente,3,z9eRBtmipgSMErW601oWEwX8x6S2,8,10,0,0,0,0,1
lpd25qTEQP1bG9Wzeqd2,Firefoot,played,captain,ChIJ0zSROfj15kcR4l0wrCcYPMk,49.0275342&2.1040185,2024-03-05T19:30:00.000Z,90,13,public,false,Détente,2,79TmvBSLHnSGmwxsOdhc75eryfg2,10,10,2,0,0,0,0
lsixMGqt7UmSr6wjQjCa,Stadium Thiais,published,pro,ChIJ64X9jzx05kcRsHvSfOv6UcA,48.7511024&2.3713455,2024-02-21T18:00:00.000Z,90,15,public,false,,,psf3NmXEPwdCltHKJC7VuvJocrF3,0,10,0,0,0,0,1
luUKaC7C6O3rYetR9AG2,UrbanSoccer - Toulouse Sept Deniers,played,captain,ChIJk5nUBdOkrhIRP-1aUJzo-lA,43.6321552&1.411696,2024-02-25T17:30:00.000Z,60,9,public,true,Détente,2,dpKCswa4tWbLm46D48LKT2oM9Nl2,10,10,1,0,0,0,0
lvALxmVDJ52D6OVaZOli,Stadium Thiais,hidden,pro,ChIJ64X9jzx05kcRsHvSfOv6UcA,48.7511024&2.3713455,2024-02-27T20:00:00.000Z,90,15,public,false,,,psf3NmXEPwdCltHKJC7VuvJocrF3,0,10,0,0,0,0,0
lvGY38YELGr3GgUDYRPo,LE FIVE Paris 18,published,pro,ChIJpVT4_n1u5kcRzji6FdTBXXo,48.8978522&2.3700234,2024-02-26T21:30:00.000Z,90,10,public,false,,,UQf33jQhVZhle917nO0h7D5qclV2,4,10,0,0,0,0,0
lwCZUUifUsOjm1GMiDPv,UrbanSoccer La Défense,published,captain,ChIJh4rnfVhk5kcRV2Q-ZKdm8vA,48.8996456&2.2216773,2024-03-04T11:00:00.000Z,60,11.5,public,true,Chill,2,oIBhztPxaLhFLdlIQznV25HfbF72,9,10,0,0,0,0,0
lwJuLI0nvLIBUmJpgQSE,LE FIVE Villette,played,captain,ChIJTUFnQjps5kcR0pHITLTw1PI,48.9070122&2.3861459,2024-02-25T22:00:00.000Z,60,10,public,false,Détente,3,SmIPWtEa7BUsB02SCYguaitUQbf1,10,10,3,0,0,0,0
m0IZEBLPO90U96FDYSqe,Monclub Futbol,published,pro,ChIJGbxxaamUyRIRgGvhHnhJStA,43.4299152&5.4001974,2024-03-07T19:00:00.000Z,60,10,public,false,,,CSTy9rmJRQSyWlqWuGiUhGpAGqf2,2,10,0,0,0,0,0
m0Ze101PBdMOCLQZaIZH,Sport dans la Ville Rhône-Alpes,canceled,captain,ChIJoUEDcmvr9EcRILCz6hDCQ2o,45.7811703&4.8081568,2024-02-23T18:30:00.000Z,90,10.5,public,false,Détente,3,1j5hJTUw6ge2a4oBz7MasSUk45G2,8,10,0,0,0,0,0
m0cs2Cxo3n4H3RNIraoC,LE FIVE Marville - La Courneuve,played,captain,ChIJ2dHdMZxr5kcR0aKYHYsp0pY,48.9364404&2.3869147,2024-03-03T11:30:00.000Z,90,12.5,public,false,Compétition,,35Lr5jbDfzUfSvsKf42Uk7TLyzi2,12,12,2,0,0,0,1
m1q7Bn8qLRDq3zEEunto,Footsal Cousinerie,published,captain,ChIJXQyb1d8pw0cRLO_Ed5xHTIQ,50.6440829&3.1459612,2024-02-24T09:15:00.000Z,60,9,public,false,Détente,,K2vFaC0dH1SCWsToa7zGMcPLZ9B2,15,20,0,0,0,0,0
m2Jfa9Qj3184CdL6MZCQ,UrbanSoccer La Défense,played,captain,ChIJh4rnfVhk5kcRV2Q-ZKdm8vA,48.8996456&2.2216773,2024-02-28T14:15:00.000Z,90,,public,true,,,vflmu9vKCyWDQc8KqerpDKG89Nu1,10,10,2,0,0,0,2
m2pbcU8K11epOXjMbROI,FOOT IN FIVE,canceled,captain,ChIJoUR0syFp5kcRUlStnwluaYY,48.9552257&2.3328346,2024-02-23T18:00:00.000Z,90,15,public,false,Détente,4,MlMCUQrOsYWMoltYRGFknz0KO3x1,2,10,0,0,0,0,0
m2y1E52UtzUY8vmYuiYN,Foot-Max Argenteuil,published,pro,ChIJi9oIzaRm5kcRJYcK7QsdRMU,48.9501632&2.2093946,2024-02-25T11:00:00.000Z,120,16,public,false,,,SuEnyPZ4TgNIkt1yap2yJ3ZHO6p1,0,10,0,0,0,0,0
m4NYfbw5XLfmJaEn7JKk,Foot POWER 5,canceled,pro,ChIJuTCIFshm5kcRBtEQJ76dAzc,48.960066&2.2061913,2024-02-21T17:00:00.000Z,90,5,public,false,,,sss3dYi6nzWd7rEjwcQ30LGKudj1,0,10,0,0,0,0,0
m728GFTLborQq2FmEdAY,UrbanSoccer - Lyon Parilly,canceled,captain,ChIJx3FQWjLC9EcRrrQb2eV7i_4,45.7120399&4.9039284,2024-03-05T17:00:00.000Z,60,10,public,true,Détente,2,GG0q4gSRMgaXI4eMp5x0kNj0Dff1,10,10,0,0,0,0,0
m9M1XJnNUg9FUTGtw6r2,Stadium Thiais,hidden,pro,,48.7511024&2.3713455,2024-02-29T19:30:00.000Z,90,15,public,false,,,psf3NmXEPwdCltHKJC7VuvJocrF3,0,12,0,0,0,0,0
m9MsxZ6nt6CK6Cv2bn2z,Top Ten,canceled,pro,ChIJfXprBx4b5kcRmhe-5pLZUek,48.8729106&2.6840919,2024-03-03T20:00:00.000Z,90,15,public,false,,,i27253AGxOfXgYJK72sBnvUGuMk2,0,10,0,0,0,0,0
mEc64tdSaYm2o2Hwvyfa,LE FIVE Bezons,played,pro,ChIJ04KEHBZk5kcRoDWLaMOCCwQ,48.91909&2.2093051,2024-02-27T21:00:00.000Z,90,14,public,false,,,U3MriTZbPbTUEsU6RtRuHxDMKvg2,10,10,5,0,0,0,1
mFFZU1U8LAKM31NwulTZ,Game 13 foot indoor,canceled,captain,ChIJNSDvlsXryRIRUXao9hwB79I,43.41258939999999&5.366617,2024-02-22T17:30:00.000Z,60,10,public,false,Détente,2,hBBmmNSgwLc0bgditG0JtuyGUKa2,6,10,0,0,0,0,0
mGuOBxrr91JGImpa4DG0,LE FIVE Paris 17,played,captain,ChIJ7eI8sFNv5kcR5xy52Wc57NU,48.900032&2.3213449,2024-02-26T20:00:00.000Z,60,12,public,true,Détente,3,8pCP7nG1ZwX4zEgVKkzQAfkpgY82,10,10,2,0,0,0,1
mH4Cm5SOgmbx2hKWtWRb,UrbanSoccer - Porte d'Aubervilliers,played,captain,ChIJ0dXjDCZs5kcRvX0EpMwxsUY,48.9074912&2.3746518,2024-02-26T21:00:00.000Z,60,13,public,true,Détente,3,CRlVqhN9OqWj4ttkvRmL8nw5dT02,10,10,3,0,0,0,0
mHH5IRAi8ZA5285w5StX,Foot POWER 5,canceled,pro,ChIJuTCIFshm5kcRBtEQJ76dAzc,48.960066&2.2061913,2024-03-03T17:00:00.000Z,90,10,public,false,,,sss3dYi6nzWd7rEjwcQ30LGKudj1,0,10,0,0,0,0,0
mHk8cG8Q1PMGORtcSSue,Stadium Thiais,published,pro,ChIJ64X9jzx05kcRsHvSfOv6UcA,48.7511024&2.3713455,2024-02-21T21:00:00.000Z,90,14,public,false,,,psf3NmXEPwdCltHKJC7VuvJocrF3,0,10,0,0,0,0,0
mI9FLv46WUgIpE3wmJih,LE FIVE Bobigny,published,pro,ChIJV8UONORs5kcRXxR5Qd7x130,48.901553&2.4313304,2024-02-22T17:00:00.000Z,60,8,public,false,,,4owi3i7t8EOvFNF6UQvACOpiDRy1,0,10,0,0,0,0,0
mK9rgssGKmjqWCQeC1PO,LE FIVE Champigny,played,captain,ChIJsXi1PLYN5kcRTVVDuczgS2s,48.8194084&2.5251846,2024-02-21T20:00:00.000Z,60,11,public,false,Détente,2,hXcVprQiUIQ3fW9xmB4H5Y6Bfdx2,10,10,1,0,0,0,2
mKdfVuSlwTqALuSWZ29j,Stadium Thiais,played,pro,ChIJ64X9jzx05kcRsHvSfOv6UcA,48.7511024&2.3713455,2024-03-06T18:00:00.000Z,90,15,public,false,,,psf3NmXEPwdCltHKJC7VuvJocrF3,10,10,7,0,0,0,3
mLBGw11yt5kGBQSUzZME,Stadium Thiais,played,pro,ChIJ64X9jzx05kcRsHvSfOv6UcA,48.7511024&2.3713455,2024-02-22T21:00:00.000Z,90,14,public,false,,,psf3NmXEPwdCltHKJC7VuvJocrF3,10,10,6,0,0,0,0
mLib08AdsYBZCsruksX9,UrbanSoccer - Puteaux,played,captain,ChIJM_sC0-Nk5kcRhL1y_EFIje8,48.8836397&2.2312283,2024-03-05T11:00:00.000Z,60,11.5,public,true,Détente,2,cA9QwMTBcNNOxBV6Z9WApvaTqCp1,10,10,4,0,0,0,1
mQYqVDGgC96O5P0q1l9E,UrbanSoccer La Défense,played,captain,ChIJh4rnfVhk5kcRV2Q-ZKdm8vA,48.8996456&2.2216773,2024-03-03T09:15:00.000Z,90,19.5,public,true,Détente,3,LPrFZqM6IQcAoUSQdWTvLi52Uft1,10,10,2,0,0,0,0
mQxWX1Y47HUtw5zIwPPi,LE FIVE Bezons,played,captain,ChIJ71Mv0Wpk5kcRg-H9x7L-dXo,48.9190524&2.211796,2024-02-26T17:30:00.000Z,90,13.5,public,true,Détente,3,8bUFe1hkmuRyNeJWeJoBbiDUSKG3,10,10,4,0,0,0,2
mScVAJgIC60qPcUberh8,Sun Set Soccer,played,captain,ChIJ-2jOt33D9EcRLZL2mS5Gvz4,45.6768927&4.9409477,2024-02-25T12:55:00.000Z,60,8,public,false,Détente,3,dyqAypfBKCdOz7PYWYDqqybTTXB3,10,10,6,0,0,0,1
mTIdv3xcchaeqFch8ISW,Foot POWER 5,canceled,pro,ChIJuTCIFshm5kcRBtEQJ76dAzc,48.960066&2.2061913,2024-02-26T21:30:00.000Z,90,7,public,false,,,sss3dYi6nzWd7rEjwcQ30LGKudj1,0,10,0,0,0,0,0
mTiRCqQEpc7wPeP0rhZM,Parcours sportif de la plaine du Luth,published,captain,ChIJzRgVdzJv5kcRvh7TyyBSol0,48.9353111&2.2867938,2024-03-03T09:00:00.000Z,90,,public,false,,4,uhOWh8oB3OQp2W9cuifX68rgXWE3,4,10,0,0,0,0,0
mW3SsvOVDx0MeV9pFgsO,LE FIVE Bezons,played,captain,ChIJ71Mv0Wpk5kcRg-H9x7L-dXo,48.9190524&2.211796,2024-03-03T15:15:00.000Z,90,15,public,true,Détente,,9eaVRr81GOZkRse9wwXTdedH7ex2,10,10,1,0,0,0,2
mWTP1k6yI9PmsMCu18mX,UrbanSoccer La Défense,played,captain,ChIJh4rnfVhk5kcRV2Q-ZKdm8vA,48.8996456&2.2216773,2024-02-27T19:15:00.000Z,60,14.5,public,true,Détente,3,uXinhTCnJabPwHfWKNCwa6udOVj1,10,10,1,0,0,0,3
mWrvKoaxZm7aSP22A721,Foot POWER 5,canceled,pro,ChIJuTCIFshm5kcRBtEQJ76dAzc,48.960066&2.2061913,2024-02-24T17:00:00.000Z,90,7,public,false,,,sss3dYi6nzWd7rEjwcQ30LGKudj1,0,10,0,0,0,0,0
meKNoWNaFNo05Y6Y9e2h,Z5 Aix,played,captain,ChIJKb-U_9KSyRIRKIFKbH5mW18,43.4787869&5.3969048,2024-02-27T17:30:00.000Z,60,11,public,false,Détente,,WJfuPxj9T1dVPTLWRlk12JFOimC3,10,10,3,0,0,0,0
mfclmCCtE1MKLmaY4dQC,Foot-Max Argenteuil,canceled,captain,ChIJi9oIzaRm5kcRJYcK7QsdRMU,48.9501569&2.2093741,2024-02-27T21:30:00.000Z,60,8,public,false,Détente,,NjmfqXZgTBaqqkagmTqQccV1h7v1,5,10,0,0,0,0,0
mi2KSjdIyn9dmpWUv4G9,LE PARK Complexe Multisports,played,captain,ChIJdUHbID8O5kcRV5lQhiHTvhs,48.8337843&2.5728501,2024-03-01T20:30:00.000Z,90,15,public,false,Détente,3,ZTWm3uwNFYee4BhGNv41A2Mnzv72,10,10,2,0,0,0,2
mkhsyH2ySBR1ttasVCHd,Parc départemental des sports de Marville,played,captain,ChIJb7v1Kghs5kcRlOK5J2yhoCk,48.9370153&2.3847308,2024-03-06T19:45:00.000Z,60,,public,false,Détente,3,m4qLgYaoPcMbHO6PTNPte7ywuEL2,14,14,0,0,0,0,4
mmWSSr4zfdTZg2SlPzdK,LE FIVE Paris 18,played,captain,ChIJpVT4_n1u5kcRzji6FdTBXXo,48.8978522&2.3700234,2024-02-26T21:00:00.000Z,60,5,public,true,Détente,3,n4W8yUPegFbSD03f1VsK8IkVZRg2,10,10,4,0,0,0,2
mmYgevfRMV83PjFEQVkw,UrbanSoccer - Lille Lezennes,played,captain,ChIJR3ro5nTWwkcRfM_S3Be9HjI,50.6162725&3.0998108,2024-02-28T18:00:00.000Z,60,11.5,public,true,Détente,2,ndAd7rihYxdiPIlgyGdDCz4tS0d2,10,10,2,0,0,0,0
mmYs3l3RZO17E7sXFmk0,UrbanSoccer - Quai d'Ivry,canceled,captain,ChIJfXxYJ0xy5kcRw9xTkF6-FZQ,48.8199885&2.3936463,2024-02-28T19:30:00.000Z,90,21.75,public,true,Détente,2,NCNoIThpiRZaQQpParpXgh1GPNC3,10,10,0,0,0,0,0
mpeYsnfg6yoQQuKNZ1wK,UrbanSoccer La Défense,canceled,captain,ChIJh4rnfVhk5kcRV2Q-ZKdm8vA,48.8996456&2.2216773,2024-02-26T22:00:00.000Z,60,5,public,true,Compétition,,WsNFcSFUJHfzXZubPkQ8Uh3nXC53,8,10,0,0,0,0,2
mrcHS8pfEE3viVomCOo5,Stade Des Courtilles,canceled,captain,ChIJ83HS9ldv5kcR-plMKkHPNTA,48.929137&2.2834726,2024-03-03T16:30:00.000Z,180,,public,false,Compétition,,OKhfkxDKMDS9m7GyDTrjVlKnvko1,7,14,0,0,0,0,0
mrvN3sIC5qJninVQVNND,Antony Metro 92,canceled,captain,ChIJY1RbfQ135kcRAB3z0BvVcdw,48.7643242&2.29451,2024-02-24T09:30:00.000Z,120,,public,false,Détente,3,no9aGJapofRRjh3FuL3nyou2xXH3,6,16,0,0,0,0,0
msoPo8o2n7CqAS7DGDdz,Stade Des Courtilles,published,captain,ChIJ83HS9ldv5kcR-plMKkHPNTA,48.929137&2.2834726,2024-02-25T11:00:00.000Z,120,,public,false,Détente,4,OUDonTRM5JTwDDmUMOikuN6wCKz1,13,14,0,0,0,0,2
mtVUqp1zRQOO2wEWf1U8,Massilia Foot Indoor 2,played,captain,ChIJxZ6UmMW-yRIRfYNGGPPJfIU,43.3266563&5.3836488,2024-03-01T19:00:00.000Z,60,10,public,false,Détente,,b554hPohTOTCUIJ1WAikgUNt4Zw2,10,10,1,0,0,0,1
mtnbG6G435y0Dy2ZJRGO,Sport dans la Ville Rhône-Alpes,played,captain,ChIJoUEDcmvr9EcRILCz6hDCQ2o,45.7811703&4.8081568,2024-02-27T18:30:00.000Z,90,13,public,false,Compétition,3,jIybTcoz4qQodKKdUzBBzeQFuEQ2,10,10,2,0,0,0,0
mx0kaPNhv1WFKjr6DXxJ,Stade François Desmont,published,captain,ChIJiXJobswM5kcRPirUiBoYdvI,48.7990434&2.455735,2024-02-28T18:20:00.000Z,90,,public,false,Détente,3,ylWQ8A1lxaUgJ92zEw4nXFRMOP83,12,14,0,0,0,0,0
mxNwvUyzNdGkmyYwRl4u,City stade de la Gravière,canceled,captain,ChIJlWwpFZnt9EcR8KsQCBd5CHQ,45.7315869&4.7791329,2024-02-24T08:30:00.000Z,120,1,public,false,Détente,,w3AnX7uWgJc7BarLiBrWplP1RAV2,9,12,0,0,0,0,0
mxs15aL1oUZZQptsPg4A,Top Ten,hidden,pro,ChIJfXprBx4b5kcRmhe-5pLZUek,48.8729106&2.6840919,2024-03-02T19:30:00.000Z,90,15,public,false,,,i27253AGxOfXgYJK72sBnvUGuMk2,1,10,0,0,0,0,0
mzH7QKVn3rX6nX6yhVyA,Stade Olympique Yves du Manoir,played,captain,ChIJYeUIntpl5kcRZsN35flVVAY,48.9292771&2.2477717,2024-02-25T14:30:00.000Z,120,,public,false,Compétition,5,U3gMk9AqD1UDGa1mnX8BD6lk8L13,16,16,15,0,4,0,8
n06okLe7f4He5Sb0kSan,Game 13 foot indoor,played,captain,ChIJNSDvlsXryRIRUXao9hwB79I,43.41258939999999&5.366617,2024-03-02T18:30:00.000Z,60,10,public,false,Détente,4,RPwfyrL30dS1yvyJwGrn0z2HgSa2,10,10,2,0,0,0,0
n0bPAXo83DZc0xicy9DO,LE FIVE Paris 13,canceled,captain,ChIJ_bOSChhz5kcRZMTeq_6Gdzg,48.8181615&2.3658793,2024-03-01T11:00:00.000Z,60,8,public,true,Détente,3,0bDYratyWOceVXJEX3fgbVHdR742,8,10,0,0,0,0,0
n3BCzMOFjgDkMUg93uwf,UrbanSoccer - Lille Bondues,canceled,captain,ChIJ58ZerMgrw0cR2Jyp7tZjBn4,50.6913774&3.0860264,2024-02-21T19:30:00.000Z,60,11,public,true,Compétition,3,AGfibHDjKvTUPMe8vxKxlIwYGYC3,7,10,0,0,0,0,0
n7ci4naHan7zf7Q4OLmb,Academie Football d'Epinay-sur-Seine,played,captain,ChIJYdsN3MNo5kcR4IWSVwl6DY0,48.953617&2.314163,2024-02-24T12:00:00.000Z,120,,public,false,Détente,3,azrjxXQRgRUQmMaxkXK1jiGCVTf2,16,16,3,0,0,0,3
n8eRg0nieNKmDsCyNEXF,Stadium Thiais,played,captain,ChIJ64X9jzx05kcRsHvSfOv6UcA,48.7511137&2.3715422,2024-02-20T16:00:00.000Z,120,10,public,false,Détente,3,Dohg1zNvhsbmGrYuAmExKFyjruw2,10,10,2,0,0,0,0
nAweW6G8iRNTH7E8hmGH,Kaiser Park,played,captain,ChIJsRLZzKFg5kcRBCfNws9nssw,49.0175545&2.1775301,2024-03-01T17:30:00.000Z,90,15,public,false,Détente,,zd1BRxoeuiMS4nFerSzLhPnEKL82,10,10,3,0,0,0,7
nBXhtYQN6SZyCURyVcul,LE FIVE Paris 13,canceled,captain,ChIJ_bOSChhz5kcRZMTeq_6Gdzg,48.8181615&2.3658793,2024-03-05T18:00:00.000Z,60,140,public,true,Détente,3,bMnf3LO1kVTtqXYOn3eCjNUrCi13,9,10,0,0,0,0,0
nCvKjPLwZhEapluC8DSO,UrbanSoccer La Défense,played,captain,ChIJh4rnfVhk5kcRV2Q-ZKdm8vA,48.8996456&2.2216773,2024-02-25T13:00:00.000Z,90,21,private,true,Détente,3,mIpkw6MJPvMXTpUr9NCjHQ7m8Au2,10,10,0,0,0,0,0
nEDzVNskoqFEQyHFvSMY,Stadium Thiais,played,pro,ChIJ64X9jzx05kcRsHvSfOv6UcA,48.7511024&2.3713455,2024-02-24T09:30:00.000Z,90,12,public,false,,,psf3NmXEPwdCltHKJC7VuvJocrF3,10,10,9,0,0,0,2
nErh6LtqMBFMwe7CYvKF,UrbanSoccer La Défense,played,captain,ChIJh4rnfVhk5kcRV2Q-ZKdm8vA,48.8996456&2.2216773,2024-02-24T18:30:00.000Z,90,11,public,true,Détente,2,PvDQsexRENaHtU0ljK3p2C1BwKo1,10,10,7,0,1,0,4
nF98tO3sI70EELCeNc4w,LE FIVE Paris 17,played,captain,ChIJ7eI8sFNv5kcR5xy52Wc57NU,48.900032&2.3213449,2024-03-05T16:00:00.000Z,60,10,public,true,Compétition,3,JaQ3Zpce0VXW29xXgnAx9aSKApJ3,10,10,6,0,0,0,1
nGc1FijhDuRNkUx2mtXm,LE FIVE Bezons,played,captain,ChIJ71Mv0Wpk5kcRg-H9x7L-dXo,48.9190524&2.211796,2024-03-06T17:00:00.000Z,60,8,public,true,Détente,3,8bUFe1hkmuRyNeJWeJoBbiDUSKG3,10,10,4,0,0,0,1
nH0MzjhRnNHHcWls9DU3,UrbanSoccer La Défense,played,captain,ChIJh4rnfVhk5kcRV2Q-ZKdm8vA,48.8996456&2.2216773,2024-02-24T08:45:00.000Z,90,19.5,public,true,Détente,3,iw4raGe2wjZbj1mYEepSM3NOQWG3,10,10,2,0,0,0,0
nHk4F4nAviWvVzccL6ky,Top Ten,canceled,captain,ChIJfXprBx4b5kcRmhe-5pLZUek,48.8729106&2.6840919,2024-02-27T18:30:00.000Z,90,15,public,false,Détente,2,Bo4seHK6ubTPXJNvOxlyb4HDg9i2,9,10,0,0,0,0,0
nJjQVPSCxaPGLAfIwcXe,Stadium Thiais,played,pro,ChIJ64X9jzx05kcRsHvSfOv6UcA,48.7511024&2.3713455,2024-02-25T15:00:00.000Z,90,15,public,false,,,psf3NmXEPwdCltHKJC7VuvJocrF3,10,10,5,0,0,1,1
nKWnAw1SxdRjDWDSYAKT,Stadium Thiais,published,pro,ChIJ64X9jzx05kcRsHvSfOv6UcA,48.7511024&2.3713455,2024-02-26T20:30:00.000Z,90,15,public,false,,,psf3NmXEPwdCltHKJC7VuvJocrF3,0,10,0,0,0,0,0
nL3xZx9WDoOKtChq8bIf,UrbanSoccer - Quai d'Ivry,played,captain,ChIJfXxYJ0xy5kcRw9xTkF6-FZQ,48.8199885&2.3936463,2024-02-22T20:40:00.000Z,90,22,public,true,Détente,2,aJh6vtjH75UVy8krfVy0UicMk173,10,10,0,0,0,0,1
nN2OBcBz6BYueMpgEQbj,LE FIVE Paris 13,canceled,captain,ChIJ_bOSChhz5kcRZMTeq_6Gdzg,48.8181615&2.3658793,2024-03-07T16:00:00.000Z,120,10,public,true,Détente,2,YqkdHLCwcZZYxMAZAsF4a5RNZEf1,1,10,0,0,0,0,0
nNzEUgAvsOqaibvpasaG,STADIUM FOOT 5 VILLAGE,canceled,pro,,43.269413&5.4260321,2024-03-06T17:00:00.000Z,60,10,public,false,,,fnjdH1TDJDcBVFnZjcSuXiImF7p2,5,10,0,0,0,0,0
nQ1kpHZRfJWXcWsixonL,Foot-Max Argenteuil,played,pro,ChIJi9oIzaRm5kcRJYcK7QsdRMU,48.9501632&2.2093946,2024-02-29T21:30:00.000Z,90,12,public,false,,,SuEnyPZ4TgNIkt1yap2yJ3ZHO6p1,10,10,7,0,0,0,2
nRatuWywG6s5PlugriVr,Stadium Thiais,played,captain,ChIJ64X9jzx05kcRsHvSfOv6UcA,48.7511137&2.3715422,2024-02-22T21:00:00.000Z,90,15,public,false,Détente,4,N3YGknfQ1wRztd8lYNV2kwt0N9D3,10,10,0,0,0,0,1
nSqVMFhDEVHutySxofRJ,Game 13 foot indoor,played,captain,ChIJNSDvlsXryRIRUXao9hwB79I,43.41258939999999&5.366617,2024-03-07T17:30:00.000Z,60,10,public,false,Détente,2,mbjZs1oeaAdvJb34fMneCqDLtco1,10,10,5,0,0,0,0
nU07zmEMqIaSvzlrc8FG,UrbanSoccer - Puteaux,published,captain,ChIJM_sC0-Nk5kcRhL1y_EFIje8,48.8836397&2.2312283,2024-02-22T09:00:00.000Z,60,12.5,public,true,Détente,2,kurQJxhXyia5wk3xvfhzTa7FRow1,8,10,0,0,0,0,0
nVOO3OxbcV8TJq31d8vb,Footbox,canceled,pro,ChIJY-WkusIR5kcR-tEad3UtaSQ,48.9022789&2.582647,2024-02-28T15:00:00.000Z,60,7,public,false,,,QI89VPazyLhBVnWH871jk4BUEZI3,0,10,0,0,0,0,0
nVtnC0k3SBsOAwftsHdG,STADIUM FOOT 5 VILLAGE,published,pro,,43.269413&5.4260321,2024-03-05T17:00:00.000Z,60,10,public,false,,,fnjdH1TDJDcBVFnZjcSuXiImF7p2,0,10,0,0,0,0,0
nckSFTIrkpOMboygMiWi,UrbanSoccer - Marne-La-Vallée,canceled,captain,ChIJ6bDBiosP5kcROXiloHzSdhc,48.82658600000001&2.6296937,2024-02-23T18:00:00.000Z,60,11,public,true,Détente,3,mUn5OKiTa4ajaMSrB4Ybcr4ZR5E2,6,10,0,0,0,0,0
ndAlVRaTiD1RXYYRDwJV,Stadium Thiais,played,pro,ChIJ64X9jzx05kcRsHvSfOv6UcA,48.7511024&2.3713455,2024-03-02T16:30:00.000Z,90,12,public,false,,,psf3NmXEPwdCltHKJC7VuvJocrF3,10,10,6,0,0,0,3
ne51MUzOjbSQ1dedkc9X,Stadium Thiais,canceled,captain,ChIJ64X9jzx05kcRsHvSfOv6UcA,48.7511137&2.3715422,2024-03-02T16:30:00.000Z,90,15,public,false,,4,8z69joeXgRXkGFP3TNv4gKoMtiy1,8,12,0,0,0,0,0
nf2Wwb044ci6mvu4ySkM,Stadium Thiais,played,captain,ChIJ64X9jzx05kcRsHvSfOv6UcA,48.7511137&2.3715422,2024-03-07T16:30:00.000Z,90,11,public,false,Détente,2,9mB7O9V6cvNa10ZZllincPy2wLy1,10,10,3,0,0,0,0
nldTnh33n4x94QTQcAnS,Sun Set Soccer,played,captain,ChIJ-2jOt33D9EcRLZL2mS5Gvz4,45.6768927&4.9409477,2024-02-29T17:30:00.000Z,90,13,public,false,Détente,2,D1z0HClnQcPwRR7Ctq4eGzvoOHD2,10,10,2,0,0,0,0
no4j0Bs4QbbFYhuZBOcH,UrbanSoccer - Quai d'Ivry,played,captain,ChIJfXxYJ0xy5kcRw9xTkF6-FZQ,48.8199885&2.3936463,2024-02-20T17:45:00.000Z,60,12.5,public,true,Détente,2,oqsIuPI8hegOTNOJNwNGADcCnhr1,10,10,4,0,0,0,2
noIRuyMowMCIAtmvk2kF,Le Street Foot en Salle,canceled,captain,ChIJt_AXL6Jg5kcRu6rBmnrmeUM,49.0164435&2.181307,2024-03-07T19:00:00.000Z,120,16,public,false,Détente,3,KnmjgH3FzkfYUtFsnaiV39BE5Vu2,5,10,0,0,0,0,0
nqJ3fO8LuSdmS74I3NTk,UrbanSoccer - Asnières,played,captain,ChIJi5LkLT9v5kcRSlhScqEFNWs,48.92192379999999&2.3068311,2024-02-25T12:00:00.000Z,90,12,public,true,,3,DE80dXRiU5Zo590Dc97goArOdpt1,10,10,0,0,0,0,2
nrvJAUXkUXXpGrORfguc,UrbanSoccer - Puteaux,canceled,captain,ChIJM_sC0-Nk5kcRhL1y_EFIje8,48.8836397&2.2312283,2024-03-02T16:15:00.000Z,60,,public,true,Détente,,bQldKP0WFeOSLXuK9zq1a2lfb903,1,10,0,0,0,0,0
ntUd9eih19SOGWj7sOG6,Stadium Thiais,hidden,pro,ChIJ64X9jzx05kcRsHvSfOv6UcA,48.7511024&2.3713455,2024-02-28T18:00:00.000Z,90,15,public,false,,,psf3NmXEPwdCltHKJC7VuvJocrF3,0,10,0,0,0,0,0
nuO3jVFlqxHJ4pXwoDzo,Massilia FIVE,published,captain,ChIJxZ6UmMW-yRIR7ot5DChYj4w,43.28920790000001&5.4503802,2024-02-23T20:00:00.000Z,60,10,public,false,Détente,3,VWpS1Fzh4tWl8TcnGPV7bCFVw0I2,9,10,0,0,0,0,0
nvICoMHmiYbfDFOF4RW2,Z5 Aix,played,captain,ChIJKb-U_9KSyRIRKIFKbH5mW18,43.4787869&5.3969048,2024-03-04T17:30:00.000Z,60,10,public,false,Détente,3,GzmqCeFhr5TqS4CcpmKB77HIzRy1,10,10,1,0,0,0,1
nx0pog1jFbhpmZW28fXJ,Parc des sports des Maisons Rouges,canceled,captain,ChIJlRgC-MAN5kcRniSfE7KINi8,48.8302193&2.5256499,2024-02-24T11:00:00.000Z,90,,public,false,Détente,3,I7iI2MbRRJYfCprChfOqkmxb9Yq2,9,16,0,0,0,0,0
nxvTveygJDEtF22dkBPy,Stadium Thiais,published,pro,ChIJ64X9jzx05kcRsHvSfOv6UcA,48.7511024&2.3713455,2024-02-26T14:00:00.000Z,90,8,public,false,,,psf3NmXEPwdCltHKJC7VuvJocrF3,0,10,0,0,0,0,0
nyBUFvZ190Udv3We3xLw,LE FIVE Créteil,canceled,captain,ChIJ88lx3VwL5kcRVxCh4lD6_Gk,48.7643086&2.4706522,2024-03-04T17:00:00.000Z,90,16,public,false,Détente,2,RRHJL5sS0wRg6OKzZokEYtd1mdz2,5,10,0,0,0,0,1
nyiyOYNMCdyBDK23rxW5,LE FIVE Morangis,played,captain,ChIJA4uAhOXZ5UcRp-vZXZP-ovY,48.692672&2.3192811,2024-02-20T19:00:00.000Z,90,15,public,false,Détente,3,iOOJ7zrezzNPbnbWCDFapKNGXXv1,10,10,1,0,0,0,0
o2aSQeEbrffuqNUwVjcH,LE FIVE Paris 18,played,captain,ChIJpVT4_n1u5kcRzji6FdTBXXo,48.8978522&2.3700234,2024-03-06T20:45:00.000Z,60,14,public,true,Compétition,4,xP8WEGhszTboRCfK2hfHMko0szg1,10,10,3,0,0,0,1
o41jRHW429s1nHvCEByr,Footbox,published,pro,ChIJY-WkusIR5kcR-tEad3UtaSQ,48.9022789&2.582647,2024-02-25T22:00:00.000Z,60,10,public,false,,,QI89VPazyLhBVnWH871jk4BUEZI3,0,10,0,0,0,0,0
o4eIPENvON0vOzZljkFc,UrbanSoccer - Quai d'Ivry,played,captain,ChIJfXxYJ0xy5kcRw9xTkF6-FZQ,48.8199885&2.3936463,2024-03-04T20:30:00.000Z,60,14,public,true,Détente,3,iKHKxCVglKSXtPZfGPa1tPkFugl2,10,10,3,0,0,0,3
o4lsjH4MpUC3di2anELo,UrbanSoccer - Porte d'Aubervilliers,canceled,captain,ChIJ0dXjDCZs5kcRvX0EpMwxsUY,48.9074912&2.3746518,2024-03-06T11:05:00.000Z,120,6.5,public,true,Détente,3,VOgD5p8Hh8WwQg893vZPxc22bkz2,9,10,0,0,0,0,0
o7OsmotW7sG60EJYlvH3,Stadium Thiais,published,pro,ChIJ64X9jzx05kcRsHvSfOv6UcA,48.7511024&2.3713455,2024-03-03T09:30:00.000Z,90,15,public,false,,,psf3NmXEPwdCltHKJC7VuvJocrF3,0,10,0,0,0,0,0
oBDc7exkXd4NcRJUfGQq,Classico Foot,played,captain,ChIJFV442oCxrhIRgsZy5aIbkNs,43.5945434&1.2911399,2024-02-22T20:00:00.000Z,60,9,public,false,Détente,2,2kS9PoiV0NVOLq2k6qlNXnH2LVZ2,10,10,2,0,0,0,1
oBvRMJRtNV1oZwwIFMeV,LE FIVE Bordeaux,published,captain,ChIJteaBh_koVQ0RqH2VtN-qL5I,44.8798631&-0.5594838999999999,2024-02-29T12:00:00.000Z,60,8,private,false,Détente,1,zBYmB21mqCNVpskgnHtb2pmchDP2,1,10,0,0,0,0,0
oE1WCb18hhqKynd4DVJ0,LE FIVE Villette,played,captain,ChIJTUFnQjps5kcR0pHITLTw1PI,48.9070122&2.3861459,2024-02-25T11:00:00.000Z,60,12,public,false,Détente,2,wlsueBiqqRNHWMYVYi0HerGgPJi1,10,10,1,0,0,0,3
oEb7qQjkMMjHcZV58YVs,Stade Sans Souci,published,captain,ChIJqXNLLfx85kcRumEU1lhOGBA,48.8254893&2.1433929,2024-02-25T14:00:00.000Z,150,,public,false,Détente,3,GfsAhBi1fQTFfWqVnF57YMCeSoF3,2,24,0,0,0,0,1
oGvJdLBYoyDKafTlRELR,Footbox,published,pro,ChIJY-WkusIR5kcR-tEad3UtaSQ,48.9022789&2.582647,2024-02-23T18:00:00.000Z,60,10,public,false,,,QI89VPazyLhBVnWH871jk4BUEZI3,0,10,0,0,0,0,0
oHi3bEiSwbApoxQXw8in,Sport dans la Ville Rhône-Alpes,played,captain,ChIJoUEDcmvr9EcRILCz6hDCQ2o,45.7811703&4.8081568,2024-02-21T17:00:00.000Z,60,9,public,false,Détente,2,AtgrixCBjEMowSd3Dvn9UP81kZg2,10,10,3,0,0,0,3
oJInWpIOdDGKl215YdzT,LE FIVE Créteil,canceled,captain,ChIJ88lx3VwL5kcRVxCh4lD6_Gk,48.7643086&2.4706522,2024-02-23T21:00:00.000Z,60,11,public,false,Compétition,3,3SGxEXWQyNRMP2d5j8zLJzNoE332,10,10,0,0,0,0,1
oJtNk3b6ZnMJAeTBHXD0,Monclub Futbol,played,pro,ChIJGbxxaamUyRIRgGvhHnhJStA,43.4299152&5.4001974,2024-02-25T17:00:00.000Z,90,12,public,false,,,CSTy9rmJRQSyWlqWuGiUhGpAGqf2,10,10,9,0,0,0,1
oMGZi4a2S7ZpUIpa5Wjr,Monclub Futbol,played,captain,ChIJGbxxaamUyRIRgGvhHnhJStA,43.4299152&5.4001974,2024-02-28T19:00:00.000Z,60,10,public,false,Détente,2,fu5EFJWQcpblOL0d2pV4tsnakTh2,10,10,3,0,0,0,1
oMJ0C580sbjdpi0tTtVB,Skatepark de Charonne,canceled,captain,ChIJvbbfRvVt5kcRPabtcgU9cOk,48.85615199999999&2.3884234,2024-03-02T11:00:00.000Z,150,,public,false,Compétition,,mpaB4OfEI4R24z7kq4Yjqh3smh32,1,10,0,0,0,0,0
oMVIFLOu8TWiJkMpMC2x,FOOT INDOOR Marseille,played,captain,ChIJ41AMCxC8yRIRLHLGt11sc-U,43.2859688&5.4882746,2024-02-20T20:00:00.000Z,60,10,public,false,Détente,3,b1krv79TRpPPlUmJMEcfdMUGfnG3,10,10,0,0,0,0,0
oO33IPp0vaeD8RvXctrl,LE FIVE Paris 18,canceled,pro,ChIJpVT4_n1u5kcRzji6FdTBXXo,48.8978522&2.3700234,2024-02-29T21:20:00.000Z,90,10,public,false,,,UQf33jQhVZhle917nO0h7D5qclV2,0,10,0,0,0,0,0
oSASHs03Hqa6qDP31vw9,Stadium Thiais,published,pro,ChIJ64X9jzx05kcRsHvSfOv6UcA,48.7511024&2.3713455,2024-02-21T15:00:00.000Z,90,8,public,false,,,psf3NmXEPwdCltHKJC7VuvJocrF3,0,10,0,0,0,0,0
oTlZnksLphrrHFIe8vSc,LE FIVE Montreuil,published,pro,ChIJJdTQjr0T5kcRZmGxtIJVy44,48.8613036&2.4653095,2024-02-20T09:00:00.000Z,60,7,public,false,,,u9uC1vjdcdQ3UqNxI0SiFxor0m43,0,10,0,0,0,0,0
oUFgJUfa88BGtJWI055n,OHSPORT,played,captain,ChIJHeG9fA4X5kcRbGNzVY5Ud5I,48.9672396&2.5670436,2024-02-23T14:00:00.000Z,90,9,public,false,Détente,3,QqCjlca15HdnAvALHA0FzUBbbX42,10,10,2,0,0,0,2
oVhEMSBAQvUeIPvEsOrT,LE FIVE Villette,canceled,captain,ChIJTUFnQjps5kcR0pHITLTw1PI,48.9070122&2.3861459,2024-02-28T11:00:00.000Z,60,7,public,false,Détente,4,mhT59AVfAcbz8MNwdiRo05xPxc92,10,10,0,0,0,0,0
oYwZcW7fEbrq1UATSdUE,VERSUSFOOT,canceled,captain,ChIJn2R2NT905kcRjqB29qldBxk,48.7501009&2.3802899,2024-02-29T16:30:00.000Z,90,11,public,false,Détente,2,9mB7O9V6cvNa10ZZllincPy2wLy1,8,10,0,0,0,0,0
oZnP9SzNBpagkeDBBcWv,Top Ten,published,pro,ChIJfXprBx4b5kcRmhe-5pLZUek,48.8729106&2.6840919,2024-03-06T22:00:00.000Z,90,16.5,public,false,,,i27253AGxOfXgYJK72sBnvUGuMk2,0,10,0,0,0,0,0
oaTLL9SOl0HvgbNeX0yS,Z5 Aix,played,captain,ChIJKb-U_9KSyRIRKIFKbH5mW18,43.4787869&5.3969048,2024-02-28T20:00:00.000Z,60,11,public,false,Détente,3,jYFNoj1C3yY2lmWJNki81FI2JVz2,10,10,2,0,0,0,0
obMbIBVxMQnRvJGNOczi,FIVE ARENA MEAUX ,canceled,pro,ChIJ02bKSuih6EcRb796CXVbkVs,48.9539465&2.9154573,2024-02-23T20:00:00.000Z,90,10,public,false,,,4K6djqUyJdTgGF3Q7nh7CXQHqVh1,4,10,0,0,0,0,1
ofQsRvn7GGLUGSXxpn4l,Top Ten,played,pro,ChIJfXprBx4b5kcRmhe-5pLZUek,48.8729106&2.6840919,2024-02-27T16:00:00.000Z,90,5,public,false,,,i27253AGxOfXgYJK72sBnvUGuMk2,10,10,9,0,0,0,11
ofcqhAHsUNalw4pu8eXf,LE FIVE Paris 18,played,pro,ChIJpVT4_n1u5kcRzji6FdTBXXo,48.8978522&2.3700234,2024-02-25T21:30:00.000Z,90,12,public,false,,,UQf33jQhVZhle917nO0h7D5qclV2,10,10,5,0,0,0,2
ohlNjUN5tPeF1o9GecSu,UrbanSoccer - Quai d'Ivry,played,captain,ChIJfXxYJ0xy5kcRw9xTkF6-FZQ,48.8199885&2.3936463,2024-02-26T19:30:00.000Z,90,21,private,true,Détente,3,jHAofATgHaQ2XhP7YQ1MqZt84003,10,10,2,0,0,0,2
oid3qrZSfYvPTAktGdaw,LE FIVE Carrières-sous-Poissy,played,captain,ChIJ9T4fWfyL5kcRCBX-FyZLvEE,48.9468171&2.0230552,2024-02-20T19:30:00.000Z,90,12,public,false,,3,Wy3wc8FHaCYWTvZWNBBuL5f6n6n2,10,10,3,0,0,2,1
ojngVqTzpqkf1s0X17GR,Stade Blaise Matuidi,played,captain,ChIJn1R6YPhl5kcRr9wNvjELcJQ,48.9310762&2.2810592,2024-03-06T20:00:00.000Z,90,5,public,false,Détente,3,m3NCqz9ukkekBpTsDwwt1YicJMC2,14,14,7,0,0,0,5
okQXTQ46TI2Kd052qvGy,UrbanSoccer - Lyon Parilly,published,captain,ChIJx3FQWjLC9EcRrrQb2eV7i_4,45.7120399&4.9039284,2024-02-26T16:15:00.000Z,60,7.5,public,true,Compétition,3,B6tWZAy3bgTUbyN0CtS7McqaOcW2,9,10,0,0,0,0,0
olwwty9XY0nJ4QYUuMY1,BIG5,published,captain,ChIJsb_7TJFp5kcRSPL5VqZulr4,48.9901429&2.3617895,2024-02-25T17:00:00.000Z,90,12.5,public,false,Détente,3,ReCsHFTJF2UPbBz6r46f8OeS5rT2,5,10,0,0,0,0,1
onRuaNmCYiNt5jBt3Ryc,UrbanSoccer - Porte d'Aubervilliers,played,captain,ChIJ0dXjDCZs5kcRvX0EpMwxsUY,48.9074912&2.3746518,2024-03-04T18:00:00.000Z,90,17.25,public,true,Détente,3,sedwkPZJsFUbSfLrYPQtYzeoXw83,10,10,3,0,0,0,1
oq5Z9S4SEL9F3F7s6LgW,Speed Soccer Five,played,captain,ChIJ2xTNglV25kcR3UDi4AXGfDU,48.7360598&2.315058,2024-02-25T09:30:00.000Z,90,14,public,false,Détente,3,Z5sxx936iZX9hchZEihemmPqYW12,10,10,3,0,0,0,0
osbhwwXpfSSUTZyirCtz,UrbanSoccer - Quai d'Ivry,played,captain,ChIJfXxYJ0xy5kcRw9xTkF6-FZQ,48.8199885&2.3936463,2024-03-05T18:00:00.000Z,60,13.5,public,true,Détente,2,8Jre03KIPaMAxaeFJvMxvhOsyxE3,10,10,1,0,0,0,0
otrURGJgxXKaFPZGnmA0,Centre Sportif Maryse Hilsz,canceled,captain,ChIJgY6iBYxt5kcRHD7TB4jAHV4,48.8520783&2.4128877,2024-02-21T12:00:00.000Z,120,5,public,false,Détente,3,cvDBySgDrWXR44ZdyzO0GwpbX8u2,1,16,0,0,0,0,0
owFt3dfAxIB1odpdMDN3,Stadium Thiais,played,captain,ChIJ64X9jzx05kcRsHvSfOv6UcA,48.7511137&2.3715422,2024-02-28T16:00:00.000Z,120,10,public,false,Détente,3,Dohg1zNvhsbmGrYuAmExKFyjruw2,10,10,7,0,1,0,1
ozhDSxvyPgW8JDR8G1QG,Parc Sainte Barbe,canceled,captain,ChIJtw301r5w5kcRvRjidiuAyaw,48.7922897&2.2913469,2024-02-28T10:55:00.000Z,90,,public,false,Détente,4,rzC8A0bd4afb9AWrHKlCPT9461y1,12,16,0,0,0,0,1
p01AAI5qXjNujQYK6F1O,UrbanSoccer - Asnières,played,captain,ChIJi5LkLT9v5kcRSlhScqEFNWs,48.92192379999999&2.3068311,2024-02-28T19:00:00.000Z,60,12,public,true,Détente,3,kfEgj0MU16UPonh31P5B54lFa0b2,10,10,1,0,0,0,5
p1FtBUsXg3oWg7wWSpl1,Top Ten,canceled,captain,ChIJfXprBx4b5kcRmhe-5pLZUek,48.8729106&2.6840919,2024-02-25T11:00:00.000Z,90,15,public,false,Détente,2,qjm8dryDyuPQoNp0yaOosuEu0h43,10,10,0,0,0,0,1
p1n40eMNiEJNvi5Ignqq,BIG5,canceled,captain,ChIJsb_7TJFp5kcRSPL5VqZulr4,48.9901429&2.3617895,2024-02-22T18:30:00.000Z,120,18,public,false,Détente,3,S7F3G5iuPNWVU8C5aKh1cFebGCA3,9,10,0,0,0,0,0
p7fkEQ0X93tXtvXPSFQp,LE FIVE VITROLLES,canceled,captain,ChIJi4A-IrHoyRIRunoYLEGNeYI,43.4338497&5.240971399999999,2024-03-05T16:00:00.000Z,60,9,public,false,Détente,2,TBrHh8kaTtXgh3qQEytcHoGTfPJ2,8,10,0,0,0,0,0
p7oMhDtrRNbuP57CFFeQ,Stadium Thiais,published,pro,ChIJ64X9jzx05kcRsHvSfOv6UcA,48.7511024&2.3713455,2024-02-27T16:30:00.000Z,90,10,public,false,,,psf3NmXEPwdCltHKJC7VuvJocrF3,0,10,0,0,0,0,0
p888mPR7jhVNVijrFJqb,Sport dans la Ville Rhône-Alpes,played,captain,ChIJoUEDcmvr9EcRILCz6hDCQ2o,45.7811703&4.8081568,2024-03-07T19:00:00.000Z,90,13.5,public,false,Détente,2,DEv9xyCArEWStZJJtHCdqkvfMUU2,10,10,0,0,0,0,2
p8QJjkfNSBXXhPDIRzHK,LE FIVE Paris 13,published,pro,ChIJ_bOSChhz5kcRZMTeq_6Gdzg,48.8181615&2.3658793,2024-02-21T22:00:00.000Z,60,10,public,false,,,FjSnzlRFFfhWVWQJGfIEwRc2ZMj2,4,10,0,0,0,0,4
pD6A7mc65TsRYJ0kppUr,Stadium Thiais,published,pro,ChIJ64X9jzx05kcRsHvSfOv6UcA,48.7511024&2.3713455,2024-02-27T21:00:00.000Z,90,15,public,false,,,psf3NmXEPwdCltHKJC7VuvJocrF3,0,10,0,0,0,0,0
pE0RpUyduBFmZk4Lwbx4,LE FIVE Montreuil,played,pro,ChIJJdTQjr0T5kcRZmGxtIJVy44,48.8613036&2.4653095,2024-03-03T17:30:00.000Z,90,15,public,false,,,u9uC1vjdcdQ3UqNxI0SiFxor0m43,10,10,6,0,0,0,3
pHBLo8qJCnCuXWU1LDiL,LE FIVE VITROLLES,canceled,captain,ChIJi4A-IrHoyRIRunoYLEGNeYI,43.4338497&5.240971399999999,2024-03-05T16:00:00.000Z,60,9,public,false,Détente,2,TBrHh8kaTtXgh3qQEytcHoGTfPJ2,10,10,0,0,0,0,0
pIxbqwR1TbSPDGjVryYp,Z5 Padel Aix,canceled,captain,ChIJr-UfxZ6TyRIR051I40i9qW4,43.4791322&5.3971455,2024-03-06T16:00:00.000Z,90,12,public,false,Détente,2,TBrHh8kaTtXgh3qQEytcHoGTfPJ2,3,4,0,0,0,0,0
pKhTqpK1O7jGYPxhE8z3,UrbanSoccer - Puteaux,played,captain,ChIJM_sC0-Nk5kcRhL1y_EFIje8,48.8836397&2.2312283,2024-03-07T18:30:00.000Z,60,13,public,true,Détente,3,Di12SH11fFXqKGb9vDod5O8JtFB3,10,10,1,0,0,0,1
pLU62KXp3Gmv5k5YIvK4,Stadium Thiais,published,pro,ChIJ64X9jzx05kcRsHvSfOv6UcA,48.7511024&2.3713455,2024-03-02T15:00:00.000Z,90,12,public,false,,,psf3NmXEPwdCltHKJC7VuvJocrF3,0,10,0,0,0,0,0
pLjwJ0bmdjCrqJhsMmSm,Z5 Aix,played,captain,ChIJKb-U_9KSyRIRKIFKbH5mW18,43.4787869&5.3969048,2024-02-20T19:30:00.000Z,60,11,public,false,Détente,4,GItP5Tx0G2aCA71ZatSaO5uY3DZ2,10,10,3,0,0,0,0
pLlkEX0cLu9z8eunK1OR,LE PARK Complexe Multisports,played,captain,ChIJdUHbID8O5kcRV5lQhiHTvhs,48.8337843&2.5728501,2024-03-03T19:30:00.000Z,90,15,public,false,Détente,3,ubSO3rExfRY507GfG7qz7LWy5jC3,10,10,0,0,0,0,0
pQwXzV1LA3SWucHybmpS,Evolution Football,played,captain,ChIJX0YulIi8yRIRnGh62u3UXTQ,43.2836074&5.52356,2024-02-20T20:30:00.000Z,60,9,public,false,Détente,2,B3XUwRSzjtg7WFBaNIMUMzOShpa2,10,10,2,0,0,0,0
pS5UhEvtkT6ei1s2q20o,LE FIVE Créteil,played,pro,ChIJ88lx3VwL5kcRVxCh4lD6_Gk,48.7643086&2.4706522,2024-03-03T11:00:00.000Z,60,11,public,false,,,ZmXMWx7aTdPoPkkGOWa2HIQVblq2,10,10,7,0,0,0,1
pUPhypNtSww4AralmGCC,Stade Lilian Thuram,played,captain,ChIJy0-vXf9l5kcRH4WAmpihUQE,48.933705&2.2828141,2024-02-25T09:15:00.000Z,150,,private,false,Détente,3,fwrCzizjC5UGI9TzJdi1JinvWet1,18,18,12,0,0,0,1
pZLzmQNp9ZQiTSN0tZXr,FOOT INDOOR Marseille,canceled,captain,ChIJ41AMCxC8yRIRLHLGt11sc-U,43.2859688&5.4882746,2024-03-02T20:30:00.000Z,90,10,public,false,Détente,3,TqIKxKA383WxJVWJ00l1La5PfaJ3,10,10,0,0,0,0,0
paTd2PAWTV8Ju43Ahlbf,Top Ten,played,pro,ChIJfXprBx4b5kcRmhe-5pLZUek,48.8729106&2.6840919,2024-02-28T16:00:00.000Z,90,5,public,false,,,i27253AGxOfXgYJK72sBnvUGuMk2,10,10,7,0,0,0,12
patHX1J4zxnUkYpCMXuM,Stade Georges Suant,played,captain,ChIJnSlNO3J35kcRSFNKcxPs-w0,48.7447962&2.2858382,2024-03-03T16:45:00.000Z,120,,public,false,Détente,3,aQFen6FLmpgU4CIlRKgUiAvoiJO2,18,18,3,0,0,0,2
pcBksGWrwaNZzeUcaL57,LE FIVE Paris 18,published,pro,ChIJpVT4_n1u5kcRzji6FdTBXXo,48.8978522&2.3700234,2024-03-05T22:00:00.000Z,60,6,public,false,,,UQf33jQhVZhle917nO0h7D5qclV2,0,10,0,0,0,0,0
peUyHCp2Pnoho8sB4oV5,Stadium Thiais,played,pro,ChIJ64X9jzx05kcRsHvSfOv6UcA,48.7511024&2.3713455,2024-02-20T11:00:00.000Z,60,7,public,false,,,psf3NmXEPwdCltHKJC7VuvJocrF3,10,10,9,0,0,0,1
pjIPvX2nsRMvUAd5QDfk,Monclub Futbol,played,captain,ChIJGbxxaamUyRIRgGvhHnhJStA,43.4299152&5.4001974,2024-03-07T19:30:00.000Z,60,10,public,false,Détente,2,ZjSigKWAWXdYvdi4RuRyfsxpJBy2,10,10,0,0,0,0,0
pjXponHaj5OOxWaPuvoN,LE FIVE Sarcelles,canceled,captain,ChIJ6_q3Fxhq5kcRCpoEwnoXX1Q,48.99782219999999&2.3902225,2024-03-05T18:30:00.000Z,90,10,public,false,Compétition,4,1TMrACwXXwPagbpHmLW7EyHlszg2,9,10,0,0,0,0,0
pjiPrYry6ogz3V3jRMRp,Stadium Thiais,published,pro,ChIJ64X9jzx05kcRsHvSfOv6UcA,48.7511024&2.3713455,2024-03-06T15:00:00.000Z,90,8,public,false,,,psf3NmXEPwdCltHKJC7VuvJocrF3,0,10,0,0,0,0,0
plyIEpzcZRek0kaYjL8Y,Stadium Thiais,played,captain,ChIJ64X9jzx05kcRsHvSfOv6UcA,48.7511137&2.3715422,2024-03-05T16:15:00.000Z,120,10,public,false,Compétition,3,Dohg1zNvhsbmGrYuAmExKFyjruw2,10,10,9,0,0,0,1
pmAC6RlSLn4ys3yifpXa,Stade Léo Lagrange,canceled,captain,ChIJvbB9rHiJ5kcR0QWr-C4wBOQ,48.9369223&2.0581957,2024-02-29T19:00:00.000Z,90,,public,false,Compétition,4,63zMo6szspNOjYjIiRqLv8fHhA43,3,10,0,0,0,0,0
pn0R3Wde0I4l3SxvMpHB,UrbanSoccer - Porte d'Aubervilliers,canceled,captain,ChIJ0dXjDCZs5kcRvX0EpMwxsUY,48.9074912&2.3746518,2024-02-25T12:30:00.000Z,120,10,public,true,Compétition,3,n3R2uzshLmftuthw5S5G7k14amb2,1,10,0,0,0,0,0
pnxAmoFXZUXl2xTuSyE9,Footsal Cousinerie,played,captain,ChIJXQyb1d8pw0cRLO_Ed5xHTIQ,50.6440829&3.1459612,2024-03-06T17:00:00.000Z,90,9,public,false,Détente,3,ZXogYyakdOfqYEkl4Wq5ThlQbDi2,10,10,2,0,0,0,0
poceizqwtzuRGTpLzXYK,LE FIVE Morangis,played,captain,ChIJA4uAhOXZ5UcRp-vZXZP-ovY,48.692672&2.3192811,2024-02-22T20:00:00.000Z,90,13,public,false,Compétition,3,sH1ldKgn8Tbpv6K7UAKl6vHdwE03,10,10,3,0,0,0,3
pp5aLkaq427SrdUDrLRF,Stade de la Tour aux Parachutes,played,captain,ChIJbwsrhCpy5kcRca22Pnhr8MU,48.8175176&2.3643354,2024-02-22T11:00:00.000Z,120,,public,false,Compétition,3,kRAf444M3RUd6EWIOWpKVKs78SI2,16,16,15,0,0,0,7
pqURMxh5bKjMKxrkM80N,Stadium Thiais,played,pro,ChIJ64X9jzx05kcRsHvSfOv6UcA,48.7511024&2.3713455,2024-02-25T16:30:00.000Z,90,15,public,false,,,psf3NmXEPwdCltHKJC7VuvJocrF3,12,12,9,0,0,0,1
pqYWg1LER4gpKINf8voA,UrbanSoccer La Défense,canceled,captain,ChIJh4rnfVhk5kcRV2Q-ZKdm8vA,48.8996456&2.2216773,2024-02-25T18:45:00.000Z,60,13.5,public,true,,3,HJERD3RJTydmC4nuA51BknGkSRB2,2,10,0,0,0,0,0
pqp0IhqXJx662LrZlGZZ,UrbanSoccer - Puteaux,played,captain,ChIJM_sC0-Nk5kcRhL1y_EFIje8,48.8836397&2.2312283,2024-02-23T11:00:00.000Z,60,11.5,public,true,Détente,4,cqomDGatNGdvAvB9GJNuCaIDQ2n1,10,10,1,0,0,0,2
prxdiz5VGHp10lNbWVlS,UrbanSoccer Meudon,canceled,captain,ChIJ0WKvjbh75kcRoqSmyWwW2jQ,48.80013599999999&2.2140811,2024-02-28T19:45:00.000Z,60,11.5,public,true,Détente,2,CE0spS8P9SYBfCRUTrV6BcE6i6D2,9,10,0,0,0,0,0
ps2vevHhVEgiYHD9faTz,Monclub Futbol,played,captain,,43.4299152&5.4001974,2024-03-06T18:00:00.000Z,60,10,public,false,Détente,3,7dvCI56J46g8hbZAK5Vctt88IOl1,10,10,0,0,0,0,0
pt41ru2PXiI7kCx2OkCi,LE FIVE Montreuil,published,pro,ChIJJdTQjr0T5kcRZmGxtIJVy44,48.8613036&2.4653095,2024-03-06T11:00:00.000Z,90,10.5,public,false,,,u9uC1vjdcdQ3UqNxI0SiFxor0m43,2,10,0,0,0,0,0
pvw7CvjUI5EtSeRXDQgx,LE FIVE Morangis,played,captain,ChIJA4uAhOXZ5UcRp-vZXZP-ovY,48.692672&2.3192811,2024-02-27T17:30:00.000Z,60,10,public,false,,2,PS9n8jmLhPX5jPksGclXkWO0Tff2,10,10,2,0,0,0,1
pxCvZX03iYlswV2UAwgI,UrbanSoccer - Puteaux,played,captain,ChIJM_sC0-Nk5kcRhL1y_EFIje8,48.8836397&2.2312283,2024-02-20T17:30:00.000Z,60,15,public,true,Détente,2,3hrh7KFK1SYcfycYiAyx2aKXANp2,10,10,1,0,0,0,1
pyKP5YbFFzbgVYx2lmKj,UrbanSoccer - Lille Bondues,canceled,captain,ChIJ58ZerMgrw0cR2Jyp7tZjBn4,50.6913774&3.0860264,2024-03-06T17:00:00.000Z,60,9,public,true,Chill,4,1Zw3RGqnAsfih5lc90eSio8czA93,6,10,0,0,0,0,0
q04OQShBNZtIH62F0Yd1,Stade Olympique Yves du Manoir,canceled,captain,ChIJYeUIntpl5kcRZsN35flVVAY,48.9292771&2.2477717,2024-03-03T08:30:00.000Z,90,,public,false,Détente,4,McqreKlRJ1cjUvct5WA2hHh5jjl1,14,16,0,0,0,0,0
q2DIsE6IqNNzKCALlJwq,Stadium Thiais,played,captain,ChIJ64X9jzx05kcRsHvSfOv6UcA,48.7511137&2.3715422,2024-03-06T19:30:00.000Z,90,15,public,false,Détente,3,7oxOLWMrdxXA1bXi9rPq9YcamKJ3,10,10,0,0,0,0,0
q3rJ3W25Oil3UCSRUtRC,Footbox,published,pro,ChIJY-WkusIR5kcR-tEad3UtaSQ,48.9022789&2.582647,2024-02-25T14:00:00.000Z,60,10,public,false,,,QI89VPazyLhBVnWH871jk4BUEZI3,0,10,0,0,0,0,0
q5ohh9vkiaTxXGr0REBh,UrbanSoccer - Quai d'Ivry,played,captain,ChIJfXxYJ0xy5kcRw9xTkF6-FZQ,48.8199885&2.3936463,2024-03-05T16:20:00.000Z,60,10,public,true,Compétition,5,zVFyiSjFQpbquLDuUGOHWXNZO1w2,10,10,3,0,0,0,0
q6Xnn1E2iI7yWTi7535v,Footbox,canceled,pro,ChIJY-WkusIR5kcR-tEad3UtaSQ,48.9022789&2.582647,2024-03-02T12:00:00.000Z,60,10,public,false,,,QI89VPazyLhBVnWH871jk4BUEZI3,0,10,0,0,0,0,0
q6qPdiB4ksOiqZ4T9CkG,Kaiser Park,played,captain,ChIJsRLZzKFg5kcRBCfNws9nssw,49.0175545&2.1775301,2024-03-07T19:00:00.000Z,90,15,public,false,Détente,3,Lb0Ta7gO3Nf1EUsd8Il6Xn3DESw2,10,10,0,0,0,0,4
q894ywdogeVxBQE6XiQ1,UrbanSoccer - Porte d'Aubervilliers,played,captain,ChIJ0dXjDCZs5kcRvX0EpMwxsUY,48.9074912&2.3746518,2024-03-05T19:00:00.000Z,60,14,public,true,Compétition,5,TIVSQaDxRdPKQlQOhl5VChWF7px1,10,10,2,1,0,0,1
q8HS5RzXd5k0u87hvLdv,LE FIVE Bobigny,played,captain,ChIJV8UONORs5kcRXxR5Qd7x130,48.901553&2.4313304,2024-03-01T19:00:00.000Z,90,15,public,false,Détente,2,gW9aeEiiZMZQvDAz6I3Tm71GJSU2,10,10,2,0,0,0,0
q8Jzo0LlynnSbNGUEeNn,Footbox,published,pro,ChIJY-WkusIR5kcR-tEad3UtaSQ,48.9022789&2.582647,2024-02-21T15:00:00.000Z,60,7,public,false,,,QI89VPazyLhBVnWH871jk4BUEZI3,0,10,0,0,0,0,0
q8zpEkTabxD1omVUNBEQ,"Plateau sportif Langevin, Gennevilliers",played,captain,ChIJufyQ7mpv5kcR-d-H3ZeTPb4,48.9278928&2.2874652,2024-03-07T17:45:00.000Z,120,,public,false,Compétition,5,fqjJ7viJ3LS0NMTVeZbA6RVst472,10,10,4,0,0,0,2
q9EvJXfWUlNM7ikHJ8zU,LE FIVE La Rochelle,published,captain,ChIJAYcXu5xNAUgRiFOwJiUbggQ,46.16183179999999&-1.0915968,2024-02-21T14:00:00.000Z,90,10.5,public,false,Détente,2,Ngigbm3cq8dG9amXAD8Ho5FdiZw1,5,10,0,0,0,0,0
qBBOYWVUweYKIdQj2q9x,Massilia FIVE,canceled,captain,ChIJxZ6UmMW-yRIR7ot5DChYj4w,43.28920790000001&5.4503802,2024-02-25T09:00:00.000Z,90,10,public,false,Compétition,3,58Vf7KfTGEbX9YUtg6CCUte6TSC3,7,10,0,0,0,0,0
qCPoahWQNYhrVfgNtu2E,LE FIVE Marville - La Courneuve,played,captain,ChIJ2dHdMZxr5kcR0aKYHYsp0pY,48.9364404&2.3869147,2024-03-07T20:30:00.000Z,90,12,public,false,Détente,2,FjCbmCW9rPN5yxAvUI8AngeeuYW2,10,10,0,0,0,0,0
qGZiXK25JcRqlCZc1eXl,Complexe Sportif Marcel Cerdan,played,captain,ChIJsxyEJH1w5kcRFlPyHFZfSzA,48.8143466&2.2897313,2024-03-07T11:15:00.000Z,90,,public,false,Compétition,4,AkrgBTx64wbEUYB1CvUV0WNRudY2,10,10,2,0,0,0,4
qILOvJwmQG6NlEQHGlNK,FC ISSY,played,captain,ChIJpcE1CoV65kcRuwjI9KaIg6E,48.8243069&2.263784,2024-03-06T18:30:00.000Z,60,5,public,false,Détente,,xPtvF0DxDqaNFaWLwku61vBHLB23,10,10,2,0,0,0,1
qJIhaM7wSLnekWIp5yxD,LE FIVE Paris 13,published,pro,ChIJ_bOSChhz5kcRZMTeq_6Gdzg,48.8181615&2.3658793,2024-03-03T12:30:00.000Z,60,10,public,false,,,FjSnzlRFFfhWVWQJGfIEwRc2ZMj2,0,10,0,0,0,0,0
qJu8sGYotphTATlSLz93,FOOT INDOOR Marseille,canceled,captain,ChIJ41AMCxC8yRIRLHLGt11sc-U,43.2859688&5.4882746,2024-02-20T21:00:00.000Z,60,10,public,false,Détente,2,wOzjc7m7V2dOtsxwwsK4L4a82uv2,9,10,0,0,0,0,0
qN9hVPLESNGrik23ywLh,Complexe Sportif des Fillettes,played,captain,ChIJqcAr2YZu5kcRUTijKY5WfL0,48.8995287&2.3641637,2024-03-03T09:00:00.000Z,180,,public,false,Détente,2,ZRFiUCiK1TfUcKS5rs0md5OTJa12,16,16,8,0,0,1,5
qQU2m9DiG4rfqDk4BEDN,LE FIVE Paris 17,canceled,captain,ChIJ7eI8sFNv5kcR5xy52Wc57NU,48.900032&2.3213449,2024-03-01T16:00:00.000Z,60,10,public,true,Détente,3,JaQ3Zpce0VXW29xXgnAx9aSKApJ3,9,10,0,0,0,0,1
qQpGYmDR8bM0q9wQb4D9,LE FIVE Paris 17,canceled,pro,ChIJ7eI8sFNv5kcR5xy52Wc57NU,48.900032&2.3213449,2024-03-07T16:00:00.000Z,60,5,public,false,,,V6mqbc9C8FNa1RQlUupjeoqOsZL2,5,10,0,0,0,0,2
qRL7Ka4xWQd5sz2u3vTy,Massilia FIVE,played,captain,ChIJxZ6UmMW-yRIR7ot5DChYj4w,43.28920790000001&5.4503802,2024-03-07T19:00:00.000Z,60,10,public,false,Détente,2,SrD2RCfeRtPR07dx1prpVpPDyrv1,10,10,7,0,0,0,1
qStX5vN4gbLN4QqjpvJg,UrbanSoccer - Lille Lezennes,played,captain,ChIJR3ro5nTWwkcRfM_S3Be9HjI,50.6162725&3.0998108,2024-02-21T19:50:00.000Z,60,9.5,public,true,Compétition,3,xR4ED6qRzmg0HreT9TkBwvuQM912,10,10,2,0,0,0,0
qT6xjYY9oPOveejMj84a,Monclub Futbol,played,captain,ChIJGbxxaamUyRIRgGvhHnhJStA,43.4299152&5.4001974,2024-03-07T18:00:00.000Z,60,10,public,false,Détente,,4lUFIYQGkuR9fx9hi5epKk4L7dm1,10,10,0,0,0,0,0
qUEKVRBO7sdTGiUcanHr,UrbanSoccer - Quai d'Ivry,played,captain,ChIJfXxYJ0xy5kcRw9xTkF6-FZQ,48.8199885&2.3936463,2024-02-20T18:00:00.000Z,60,13,public,true,Compétition,3,saJMvRqtoQXoojkvOdesIuhDfb93,10,10,0,0,0,0,0
qUSMT2xHrzp6AQISKbOE,Top Ten,published,pro,ChIJfXprBx4b5kcRmhe-5pLZUek,48.8729106&2.6840919,2024-03-02T16:30:00.000Z,90,15,public,false,,,i27253AGxOfXgYJK72sBnvUGuMk2,0,10,0,0,0,0,0
qWliR9Y8pqrL0U7Bh16G,UrbanSoccer - Lyon Parilly,canceled,captain,ChIJx3FQWjLC9EcRrrQb2eV7i_4,45.7120399&4.9039284,2024-02-26T18:00:00.000Z,60,10.5,public,true,,3,0mEsvREyIFPkY0gE39BZYmxxJzF2,10,10,0,0,0,0,0
qY72rdjEIDYiL9oAetwf,Foot-Max Argenteuil,published,pro,ChIJi9oIzaRm5kcRJYcK7QsdRMU,48.9501632&2.2093946,2024-02-28T17:00:00.000Z,90,12,public,false,,,SuEnyPZ4TgNIkt1yap2yJ3ZHO6p1,0,10,0,0,0,0,1
qYTVRen80gtPjXoLQ0J3,Speed Soccer Five,published,pro,ChIJ2xTNglV25kcR3UDi4AXGfDU,48.7360598&2.315058,2024-02-24T15:00:00.000Z,90,10,public,false,,,MkTJljXziPXBdRdijccndMLBNCC3,1,10,0,0,0,0,0
qc5ivCIrpFR4kyOoDzyg,UrbanSoccer La Défense,canceled,captain,ChIJh4rnfVhk5kcRV2Q-ZKdm8vA,48.8996456&2.2216773,2024-02-25T11:00:00.000Z,60,14.5,private,true,Détente,2,eFOBFeNBpyeOYGJCdZm6AzXRVDd2,10,10,0,0,0,0,0
qdyXSj9U55zgm8uFXGKb,LE FIVE Paris 13,played,captain,ChIJ_bOSChhz5kcRZMTeq_6Gdzg,48.8181615&2.3658793,2024-02-21T17:00:00.000Z,60,,public,true,Détente,2,BetIatPetzPiWaeujiBirKvhgQu1,10,10,1,0,0,0,3
qeRCPSaAm0kc5aLJ0eOY,LE FIVE VITROLLES,canceled,captain,ChIJi4A-IrHoyRIRunoYLEGNeYI,43.4338497&5.240971399999999,2024-02-22T20:00:00.000Z,60,10,public,false,,3,Ickop9obIOapUo2Wx0EnqJI2fb02,5,10,0,0,0,0,0
qeWEsytPDgruyDgnK4RH,Foot-Max Argenteuil,played,pro,ChIJi9oIzaRm5kcRJYcK7QsdRMU,48.9501632&2.2093946,2024-02-19T22:00:00.000Z,90,12,public,false,,,SuEnyPZ4TgNIkt1yap2yJ3ZHO6p1,10,10,7,0,0,0,2
qf043hXB4AntVaI3eZnK,Footsal Cousinerie,played,captain,ChIJXQyb1d8pw0cRLO_Ed5xHTIQ,50.6440829&3.1459612,2024-02-28T18:00:00.000Z,60,9,public,false,Détente,2,ENBKN4OrVYXjL1u8NczoEFPkjAE2,10,10,1,0,0,0,0
qhfWEiihTF8TXsoJdKPD,Game 13 foot indoor,played,captain,ChIJNSDvlsXryRIRUXao9hwB79I,43.41258939999999&5.366617,2024-02-25T09:30:00.000Z,60,10,public,false,Détente,3,Ez3YAlfrUxgTTJcxq9sNBTRxuHP2,10,10,2,0,0,0,0
qil0eS8y80JYgTCUrkPg,UrbanSoccer - Lille Bondues,published,captain,ChIJ58ZerMgrw0cR2Jyp7tZjBn4,50.6913774&3.0860264,2024-02-27T19:30:00.000Z,60,10,public,true,Compétition,3,2sanzmSM99PtBOgzVeGt2bUNxCC2,9,10,0,0,0,0,0
qitKK2gXbQJf61QhWvR8,UrbanSoccer - Lille Lezennes,canceled,captain,ChIJR3ro5nTWwkcRfM_S3Be9HjI,50.6162725&3.0998108,2024-02-22T18:00:00.000Z,60,11,public,true,Détente,3,FfODf1K4wxQF0dc4cH43GeK7Kd23,6,10,0,0,0,0,0
qjaA9HsnC1Rd1SrlYpBk,Monclub Futbol,played,pro,ChIJGbxxaamUyRIRgGvhHnhJStA,43.4299152&5.4001974,2024-03-04T17:30:00.000Z,60,10,public,false,,,CSTy9rmJRQSyWlqWuGiUhGpAGqf2,10,10,5,0,0,0,1
qkF7jA119WjtNNwyapzV,LE FIVE Champigny,published,pro,ChIJsXi1PLYN5kcRTVVDuczgS2s,48.8194084&2.5251846,2024-02-20T16:00:00.000Z,60,7,public,false,,,evlV9mUgATYQ5343zpYZvk4w0r03,0,10,0,0,0,0,0
qkT7k7zc5JQQlbUkTu6K,Wam,published,captain,ChIJG9bb-fwqw0cRtGlOIqrya-w,50.67831&3.0477494,2024-02-28T18:15:00.000Z,60,7.5,public,false,Détente,2,VKM10boKLnW8aRzYL9wNAGYHEUw1,6,10,0,0,0,0,0
qmQNNvXdZWoOE0IebE0y,UrbanSoccer - Porte d'Aubervilliers,canceled,captain,ChIJ0dXjDCZs5kcRvX0EpMwxsUY,48.9074912&2.3746518,2024-03-03T17:30:00.000Z,90,20,public,true,Détente,4,6Ec0u0KEPKdz7Hnml5xWaEUTXfx2,10,10,0,0,0,0,0
qqrsdbbsOm77tkm5POJJ,LE FIVE Bezons,canceled,captain,ChIJ71Mv0Wpk5kcRg-H9x7L-dXo,48.9190524&2.211796,2024-02-24T12:30:00.000Z,90,13.5,public,true,Chill,2,cgsQv1UVkRerqjZwa3aBKYFT1963,9,10,0,0,0,0,0
qsTpQSxDjTb9PdFhavXR,UrbanSoccer - Lyon Parilly,canceled,captain,ChIJx3FQWjLC9EcRrrQb2eV7i_4,45.7120399&4.9039284,2024-03-04T20:20:00.000Z,60,10,public,true,Détente,2,GxvpcdMPawNgBQlTqfqJVIEesA93,2,10,0,0,0,0,0
qwEG0oW5iLIcsr6hqEoN,Speed Soccer Five,played,captain,ChIJ2xTNglV25kcR3UDi4AXGfDU,48.7360598&2.315058,2024-03-07T17:00:00.000Z,90,14,public,false,Détente,3,Z5sxx936iZX9hchZEihemmPqYW12,10,10,2,0,0,0,1
qwm0evvkylGHVboY71aI,LE FIVE Paris 17,played,pro,ChIJ7eI8sFNv5kcR5xy52Wc57NU,48.900032&2.3213449,2024-02-27T16:00:00.000Z,60,5,public,false,,,V6mqbc9C8FNa1RQlUupjeoqOsZL2,10,10,9,0,0,0,2
qz7iCbhbeEZml8Sg6yB1,Skatepark de Charonne,published,captain,ChIJvbbfRvVt5kcRPabtcgU9cOk,48.85615199999999&2.3884234,2024-03-02T09:00:00.000Z,180,,public,false,Compétition,5,mpaB4OfEI4R24z7kq4Yjqh3smh32,2,10,0,0,0,0,1
qzkTXsK0aNeLMtqN0SMd,LE FIVE Montreuil,published,pro,ChIJJdTQjr0T5kcRZmGxtIJVy44,48.8613036&2.4653095,2024-02-26T11:00:00.000Z,60,7,public,false,,,u9uC1vjdcdQ3UqNxI0SiFxor0m43,2,10,0,0,0,0,0
r1diwsKbIqKkb1qwfbbR,Monclub Futbol,published,pro,ChIJGbxxaamUyRIRgGvhHnhJStA,43.4299152&5.4001974,2024-02-24T15:30:00.000Z,90,12,public,false,,,CSTy9rmJRQSyWlqWuGiUhGpAGqf2,1,10,0,0,0,0,0
r1g8n2au8JOa4IZ9a6p8,Le Street Foot en Salle,canceled,captain,ChIJt_AXL6Jg5kcRu6rBmnrmeUM,49.0164435&2.181307,2024-02-25T09:00:00.000Z,90,13,public,false,Détente,2,3qlOjNAkftRe7fgdNJ6H2r56mI02,5,10,0,0,0,0,0
r2ipcB0OCeyVmCEATRi6,La Plaine des Sports - Université Paris-Saclay,played,captain,ChIJv4ZkWb5_5kcRkQ23aJHNq24,48.71200899999999&2.1560772,2024-03-03T14:30:00.000Z,90,,public,false,Détente,3,ee1xUgZHOqeY6QdvDARYVOlrzLj2,16,16,4,0,0,2,0
r4fUetEO8mFyM0rvgrxV,Foot-Max Argenteuil,played,captain,ChIJi9oIzaRm5kcRJYcK7QsdRMU,48.9501569&2.2093741,2024-02-20T19:00:00.000Z,90,12,public,false,Détente,3,kUeyiKDJfRcPHstLrRUUJ2htV7J3,10,10,2,0,0,0,2
r7CQ2xRvpmrXRsbeTn8V,Stadium Thiais,played,pro,,48.7511024&2.3713455,2024-03-06T19:30:00.000Z,90,15,public,false,,,psf3NmXEPwdCltHKJC7VuvJocrF3,10,10,5,0,0,0,0
r7t3QQkkrNxakiF7xjO9,OHSPORT,published,captain,ChIJHeG9fA4X5kcRbGNzVY5Ud5I,48.9672396&2.5670436,2024-02-26T21:00:00.000Z,90,14,public,false,Compétition,,Dz3CyfoRcNQpp301fskMAjkKXvC3,9,10,0,0,0,0,0
rA0U6bj2GpStxxd7C18G,LE FIVE Montreuil,canceled,pro,ChIJJdTQjr0T5kcRZmGxtIJVy44,48.8613036&2.4653095,2024-03-02T21:00:00.000Z,120,20,public,false,,,u9uC1vjdcdQ3UqNxI0SiFxor0m43,0,10,0,0,0,0,0
rA6bTTErwdqXszskIiKT,LE FIVE Paris 18,canceled,captain,ChIJpVT4_n1u5kcRzji6FdTBXXo,48.8978522&2.3700234,2024-03-05T21:00:00.000Z,60,14,public,true,Détente,3,gP8yCfO5CueVxeNTHrj86LFBJS72,10,10,0,0,0,0,0
rD5vk60FzLPUxDxaUhlV,LE FIVE Paris 18,played,captain,ChIJpVT4_n1u5kcRzji6FdTBXXo,48.8978522&2.3700234,2024-03-01T20:15:00.000Z,60,14,public,true,Détente,4,iLiN4RjXikUA3gjx4HdbtcFQClD3,10,10,3,0,0,0,0
rDXiGV4t6CYVPOYoSQwL,UrbanSoccer - Quai d'Ivry,canceled,captain,ChIJfXxYJ0xy5kcRw9xTkF6-FZQ,48.8199885&2.3936463,2024-02-25T13:15:00.000Z,60,12,public,true,Détente,,rUzkBHpIJ1YFV4MRQjyiYHl4QMX2,3,10,0,0,0,0,0
rHl07G4SB7rNgFNnXzP1,Gymnase Henri Wallon,played,captain,ChIJEzBEjZBm5kcRnjnyKOb5TGU,48.9507133&2.2239801,2024-03-03T09:15:00.000Z,90,,public,false,Détente,3,hNL25FRWJwW78vTlyGpURjafpL13,10,10,1,0,0,0,0
rI0dYoGaerWIZrMVoxI0,Play Soccer,played,captain,ChIJQ-UxZn-5rhIRKWoQydM5T9s,43.5512023&1.4098927,2024-03-04T19:30:00.000Z,60,10,public,false,,,pL0skPQs4CYYVXb682MCC9jXu8K2,10,10,5,0,0,0,0
rJ6on5FrBha5tCZ4e6d0,FIVE ARENA,canceled,captain,ChIJ02bKSuih6EcRb796CXVbkVs,48.9539465&2.9154573,2024-03-03T18:00:00.000Z,90,10,public,false,Chill,2,fZNqsYUa4gh5dWBsQWC2QXEoaX52,8,10,0,0,0,0,0
rKj6raS9RFcZY1cuM7w0,LE FIVE Paris 13,played,captain,ChIJ_bOSChhz5kcRZMTeq_6Gdzg,48.8181615&2.3658793,2024-02-26T19:00:00.000Z,60,14,public,true,Détente,3,AScCD0ewmFXoBpR6m3z7QOMOvCJ3,10,10,3,0,0,0,1
rLI0fcJLWzt62nlJonOx,Stadium Thiais,canceled,captain,ChIJ64X9jzx05kcRsHvSfOv6UcA,48.7511137&2.3715422,2024-02-25T18:00:00.000Z,90,15,public,false,,4,8z69joeXgRXkGFP3TNv4gKoMtiy1,12,12,0,0,0,0,1
rMGGnDdthjksX8rP3ECa,UrbanSoccer - Porte d'Aubervilliers,canceled,captain,ChIJ0dXjDCZs5kcRvX0EpMwxsUY,48.9074912&2.3746518,2024-03-03T10:15:00.000Z,30,19,public,true,Compétition,3,aO9kRtZGujUc5QCBZmkLkCdIe1I3,8,10,0,0,0,0,0
rNEwKPyXSvSXtDUj4Lhn,Top Ten,played,pro,ChIJfXprBx4b5kcRmhe-5pLZUek,48.8729106&2.6840919,2024-03-05T16:00:00.000Z,90,5,public,false,,,i27253AGxOfXgYJK72sBnvUGuMk2,10,10,6,0,0,0,8
rQIdExQDAxuumbdPzySU,Le Street Foot en Salle,played,captain,ChIJt_AXL6Jg5kcRu6rBmnrmeUM,49.0164435&2.181307,2024-03-02T09:15:00.000Z,120,10,public,false,Détente,4,aCPGHZTGQaV2Cbw0D43kNCsMkrg1,12,12,2,0,0,0,1
rRKw5OZNbM2qed2uUvw8,Z5 Aix,played,captain,ChIJKb-U_9KSyRIRKIFKbH5mW18,43.4787869&5.3969048,2024-02-21T18:30:00.000Z,60,11,public,false,Détente,2,lS5Ogv6YqMXE9msYuaMHx8LtJvb2,10,10,2,0,0,0,0
rT9o1hfLndIvu3Jag981,Stadium Thiais,published,pro,ChIJ64X9jzx05kcRsHvSfOv6UcA,48.7511024&2.3713455,2024-03-05T14:00:00.000Z,90,8,public,false,,,psf3NmXEPwdCltHKJC7VuvJocrF3,0,10,0,0,0,0,0
rTWknx32zlAnx6rA7r8V,Stadium Thiais,published,pro,ChIJ64X9jzx05kcRsHvSfOv6UcA,48.7511024&2.3713455,2024-03-02T16:30:00.000Z,90,12,public,false,,,psf3NmXEPwdCltHKJC7VuvJocrF3,0,10,0,0,0,0,0
rTd0jbh8Reh4OjiW3FH6,UrbanSoccer La Défense,played,captain,ChIJh4rnfVhk5kcRV2Q-ZKdm8vA,48.8996456&2.2216773,2024-02-20T18:45:00.000Z,60,14.5,public,true,Détente,3,CwIRSVlPmaTLbf0vcoOLYDfvd192,10,10,2,0,0,0,3
rU0jOZ9QBgo0myI16ZZg,UrbanSoccer Orsay,played,captain,ChIJpZIJg7J45kcRrKWKhtbfnEQ,48.70829&2.17794,2024-02-20T18:30:00.000Z,90,15,public,true,,3,jMj888CHnuglX02AL0WCMH42YhP2,10,10,2,0,0,0,0
rYHZ1qirBUgSmoPyThck,UrbanSoccer - Puteaux,canceled,captain,ChIJM_sC0-Nk5kcRhL1y_EFIje8,48.8836397&2.2312283,2024-03-01T18:00:00.000Z,90,22.5,public,true,Compétition,5,WtbG911jeoPUMjdAEnzsAnKnsEV2,10,10,0,0,0,0,1
rYjXDTxNoKkFjjtXcisK,UrbanSoccer Meudon,canceled,captain,ChIJ0WKvjbh75kcRoqSmyWwW2jQ,48.80013599999999&2.2140811,2024-02-28T20:30:00.000Z,90,15,public,true,Détente,3,SEtmCWG4hpdCJdWKljNFyCfzdZ03,9,10,0,0,0,0,0
rYxMeAihjF7YeAIWSrmm,UrbanSoccer Guyancourt,published,captain,ChIJmdX-2c-A5kcRj1wtOS8rZmo,48.7722091&2.0600292,2024-03-02T12:00:00.000Z,60,6.5,public,true,Compétition,3,ZhS2pOCRMLgfsJDXdzlda2rlhbt1,5,10,0,0,0,0,2
rZIREwcfIjzoNKyURcWM,BIG5,played,captain,ChIJsb_7TJFp5kcRSPL5VqZulr4,48.9901429&2.3617895,2024-03-01T19:00:00.000Z,90,13.5,public,false,Détente,3,fPQOOsa97qh0qxfiDeLbyuUrsRO2,10,10,2,0,0,0,1
rae4OVs1Cc4H1mtpQRFe,STADIUM FOOT 5 VILLAGE,played,captain,ChIJbbOWFtC4yRIR0WXVerbWmnE,43.269413&5.4260321,2024-02-29T18:00:00.000Z,60,10,public,false,,3,MKjoGJESIIfNKw5sH93VODBuvLv2,10,10,4,0,0,0,0
rbb09fd5RuixbY9taGrP,Stade Robert Lemoine,published,captain,ChIJEaCM6yBm5kcRd0yAXvTNCNc,48.96373819999999&2.2783457,2024-03-04T18:50:00.000Z,120,,public,false,Détente,3,SsgaAgneNYctVhsVX1BRnays2Po1,10,12,0,0,0,0,2
ro2Vbd8BQH9CWJqeQjnW,UrbanSoccer - Porte d'Aubervilliers,played,captain,ChIJ0dXjDCZs5kcRvX0EpMwxsUY,48.9074912&2.3746518,2024-02-27T17:15:00.000Z,60,11,public,true,Détente,2,JRKBv9cnpnU6IW3cuPheUSDNpVt2,10,10,0,0,0,0,0
rrFCk2rDMvgzsDPCzhxP,LE FIVE Montreuil,published,pro,ChIJJdTQjr0T5kcRZmGxtIJVy44,48.8613036&2.4653095,2024-02-23T11:30:00.000Z,90,10.5,public,false,,,u9uC1vjdcdQ3UqNxI0SiFxor0m43,0,10,0,0,0,0,0
rt3VXqwavYpPV9Fj55GU,Spot FUTSAL,published,captain,ChIJwdUawmfVwkcRaNLo_CmNii0,50.6106345&3.0624494,2024-02-29T20:30:00.000Z,90,8,public,false,Détente,3,ksxbYvJWgrTdEXMGoG02kM46XkW2,8,10,0,0,0,0,0
rtVq2QW8V0vgOnmyD8dT,LE FIVE VITROLLES,played,captain,ChIJi4A-IrHoyRIRunoYLEGNeYI,43.4338497&5.240971399999999,2024-02-27T17:00:00.000Z,60,10,public,false,Détente,3,6E5dYktiK0arI1P4shBKmnq4Ao42,10,10,4,0,0,0,2
ruIl3vd9U39i1nyY1f9M,Monclub Futbol,played,captain,ChIJGbxxaamUyRIRgGvhHnhJStA,43.4299152&5.4001974,2024-02-29T20:00:00.000Z,120,10,public,false,Détente,2,r3tG4SnGQfcOOuO87UR47ZSVc6u2,10,10,1,0,0,1,0
s0R61mq26xanw12yGKAc,UrbanSoccer La Défense,played,captain,ChIJh4rnfVhk5kcRV2Q-ZKdm8vA,48.8996456&2.2216773,2024-03-03T15:45:00.000Z,90,21,public,true,Détente,3,8apSQOIM83hk2j4uTZv9tX6NRuC3,10,10,3,0,0,0,0
s1GLofQR30mmQuZVsR42,UrbanSoccer - Quai d'Ivry,played,captain,ChIJfXxYJ0xy5kcRw9xTkF6-FZQ,48.8199885&2.3936463,2024-02-23T21:30:00.000Z,60,12,public,true,Competition,3,aaVBCgFxeONfNb58OYibE4JHVNi2,10,10,1,0,0,0,0
s1UwOjQXTgA0LPb75gvD,GOPARK INTERIEUR - Paintball et trampolines parc,published,captain,ChIJ2cJmdhf15kcRQ4mUOxIVzd0,49.045624&2.0799886,2024-03-05T19:00:00.000Z,120,12.5,public,false,Détente,2,5svK059jMCWGd7IRy8UcfstZDyO2,10,12,0,0,0,0,3
s1tz8jDCgz8Zzy40LNwv,UrbanSoccer - Lille Lezennes,played,captain,ChIJR3ro5nTWwkcRfM_S3Be9HjI,50.6162725&3.0998108,2024-03-06T18:15:00.000Z,60,11.5,public,true,Détente,2,ndAd7rihYxdiPIlgyGdDCz4tS0d2,10,10,3,0,0,0,0
s21LQGNiAiocTmjIAKbS,LE FIVE Paris 13,played,captain,ChIJ_bOSChhz5kcRZMTeq_6Gdzg,48.8181615&2.3658793,2024-03-07T19:00:00.000Z,60,14,public,true,Compétition,2,lsFnBRlFWUZkBfuSSth3fe7xRrD3,10,10,0,0,0,0,1
s2F6hsLul82U9jVB6RqI,Complexe sportif de l'île des Vannes,canceled,captain,ChIJTZWfSNNv5kcRmHP3Tz0AJ6A,48.9188419&2.3245603,2024-03-02T15:30:00.000Z,120,,public,false,Détente,4,Csrh8EMzKaZCCcCZeEhs2tGGZRr1,11,16,0,0,0,0,0
s4VLss2uiYp5xPbBlhT3,LE FIVE Paris 18,canceled,captain,ChIJpVT4_n1u5kcRzji6FdTBXXo,48.8978522&2.3700234,2024-03-07T21:00:00.000Z,90,5,public,true,Compétition,3,x5W8VDUCJYPvBEWtIxQY6iNkxgZ2,7,10,0,0,0,0,0
s7Ul3QTkJsRYlq82APDO,Foot-Max Argenteuil,played,captain,ChIJi9oIzaRm5kcRJYcK7QsdRMU,48.9501569&2.2093741,2024-03-03T15:00:00.000Z,90,12,public,false,Compétition,5,OgZsV37U52PxUFdy8FyDrHosItj2,10,10,7,1,0,0,1
s7evbjlVF1uXTSwekzkK,Parcours sportif de la plaine du Luth,played,captain,ChIJzRgVdzJv5kcRvh7TyyBSol0,48.9353111&2.2867938,2024-03-01T19:00:00.000Z,90,,public,false,Détente,3,8GsFxFDbYeT5s8MwpceiQdghU6C2,12,12,6,0,0,0,4
s8bPqTCRPBhSiLlnb5br,Foot POWER 5,canceled,pro,ChIJuTCIFshm5kcRBtEQJ76dAzc,48.960066&2.2061913,2024-02-26T17:00:00.000Z,90,5,public,false,,,sss3dYi6nzWd7rEjwcQ30LGKudj1,0,10,0,0,0,0,0
s9CfroDWIXmfQeG6ovlx,UrbanSoccer - Quai d'Ivry,canceled,captain,ChIJfXxYJ0xy5kcRw9xTkF6-FZQ,48.8199885&2.3936463,2024-02-26T19:15:00.000Z,90,22,public,true,Compétition,4,pLHHDzrFmiMmPhwJFYxX5r5DbSf2,10,10,0,0,0,0,0
s9Stdni28sWgFcFOdb31,Stadium Thiais,played,captain,ChIJ64X9jzx05kcRsHvSfOv6UcA,48.7511137&2.3715422,2024-03-02T15:00:00.000Z,90,12,public,false,Compétition,3,PicP3Zxzwke1o2U4k4rmfc45Ja42,10,10,9,0,0,0,0
s9q6cWZwi9RIDlRQh7Fa,Soccer Five,published,captain,ChIJp0K53sp55kcR61-WTU8Yv5k,48.7368129&2.2591558,2024-03-03T08:30:00.000Z,90,15,public,false,Détente,3,Dohg1zNvhsbmGrYuAmExKFyjruw2,9,10,0,0,0,0,0
sAsapNbHeVxJsrDWgRMJ,LE FIVE Paris 18,played,captain,ChIJpVT4_n1u5kcRzji6FdTBXXo,48.8978522&2.3700234,2024-03-06T16:00:00.000Z,60,5,public,true,Détente,2,O1SNf81VRsRGYldc6998idWWVZu2,10,10,4,0,0,0,0
sBUKjkfHk8xabjUWUkQ3,LE FIVE Bobigny,published,pro,ChIJV8UONORs5kcRXxR5Qd7x130,48.901553&2.4313304,2024-02-26T22:00:00.000Z,60,8,public,false,,,4owi3i7t8EOvFNF6UQvACOpiDRy1,0,10,0,0,0,0,0
sCepMmsa6n4dSpjr0tCq,Soccer Five,played,captain,ChIJp0K53sp55kcR61-WTU8Yv5k,48.7368129&2.2591558,2024-03-02T08:30:00.000Z,90,,public,false,Détente,3,Dohg1zNvhsbmGrYuAmExKFyjruw2,10,10,5,0,0,0,1
sDhOFbVqjxS4fBzyYOwK,Cité des Sports,canceled,captain,ChIJ70UPf6R75kcRGb3NAV9k7Ww,48.8247744&2.2650728,2024-03-06T11:15:00.000Z,90,,public,false,Détente,3,VLgPQyeWiRVya6l4BuDcIU14KMu1,7,16,0,0,0,0,1
sEQ3nFy69YFjvzq4KyQZ,Stadium Thiais,published,pro,ChIJ64X9jzx05kcRsHvSfOv6UcA,48.7511024&2.3713455,2024-03-06T21:00:00.000Z,90,14,public,false,,,psf3NmXEPwdCltHKJC7VuvJocrF3,0,10,0,0,0,0,0
sEf9WtBW7hqjxZsxuVXa,UrbanSoccer Evry,played,captain,ChIJW0Ut1G7e5UcRt621n2fRQ5M,48.6286849&2.4066366,2024-03-06T17:00:00.000Z,90,13.5,public,true,Détente,3,ZWHc1yaQG3P2eIUYg2O8O2K4b4N2,10,10,1,0,0,0,0
sG8v3CMrOHmwYpuzLrno,Foot POWER 5,canceled,pro,ChIJuTCIFshm5kcRBtEQJ76dAzc,48.960066&2.2061913,2024-03-04T17:00:00.000Z,90,5,public,false,,,sss3dYi6nzWd7rEjwcQ30LGKudj1,0,10,0,0,0,0,0
sHcZmV3FVTBrqXl6PbrO,city-stade,canceled,captain,ChIJE1CI4dxv5kcRyxG3qBa7dYE,48.9124217&2.3126372,2024-03-01T19:45:00.000Z,90,,public,false,Compétition,3,p6CSfplBr1bFDVdylKaSjfU2YpS2,2,10,0,0,0,0,2
sIf4dP8BtCHP8DOJtv2l,Foot POWER 5,canceled,pro,ChIJuTCIFshm5kcRBtEQJ76dAzc,48.960066&2.2061913,2024-02-24T18:30:00.000Z,90,10,public,false,,,sss3dYi6nzWd7rEjwcQ30LGKudj1,0,10,0,0,0,0,0
sJVazCpRruwHSN79VLBf,LE FIVE Montreuil,published,pro,ChIJJdTQjr0T5kcRZmGxtIJVy44,48.8613036&2.4653095,2024-03-05T21:30:00.000Z,90,13.5,public,false,,,u9uC1vjdcdQ3UqNxI0SiFxor0m43,0,10,0,0,0,0,0
sLyXLO6lj9j9tERuprpQ,Stade Olympique Yves du Manoir,published,captain,ChIJYeUIntpl5kcRZsN35flVVAY,48.9292771&2.2477717,2024-03-03T14:00:00.000Z,120,,public,false,Compétition,5,U3gMk9AqD1UDGa1mnX8BD6lk8L13,15,16,0,0,0,0,3
sQC68SuAHJVr30M22uSg,Cité des Sports,played,captain,ChIJ70UPf6R75kcRGb3NAV9k7Ww,48.8247744&2.2650728,2024-03-06T11:30:00.000Z,60,13,public,false,Détente,3,7V2VB8gcwKTjDpHEBZAUtfMvv4A3,10,10,0,0,0,0,1
sQiruAyIC8vM1LYZIyIQ,Stadium Thiais,played,pro,ChIJ64X9jzx05kcRsHvSfOv6UcA,48.7511024&2.3713455,2024-02-21T19:30:00.000Z,90,15,public,false,,,psf3NmXEPwdCltHKJC7VuvJocrF3,10,10,4,0,0,0,0
sRuwwP6DAGtwW61kLRsL,LE FIVE Marville - La Courneuve,published,pro,,48.9361223&2.3872592,2024-03-03T08:00:00.000Z,60,10,public,false,,,1GfAHFfqO6dOj37bPrTRuDS5gnk1,0,10,0,0,0,0,0
sSmQbycr6RmeFz55ta12,Stade Pierre Letessier,canceled,captain,ChIJmcO_CLgS5kcR_tYXn2vhXNs,48.8750074&2.4964236,2024-02-25T09:45:00.000Z,120,,public,false,Compétition,5,5tI7nJKuTRWNJgO1jYKyzMYNwog2,16,18,0,0,0,0,0
sUt3sDg5GkdQ6a5Vn7p9,UrbanSoccer La Défense,played,captain,ChIJh4rnfVhk5kcRV2Q-ZKdm8vA,48.8996456&2.2216773,2024-02-27T21:00:00.000Z,60,14,public,true,Détente,2,XmBcxrHIT5Wl6qZK7Wn1j8j9oDH3,10,10,2,0,0,0,2
sVOZlgYblgndjgm7V7vV,STADIUM FOOT 5 VILLAGE,canceled,captain,ChIJbbOWFtC4yRIR0WXVerbWmnE,43.269413&5.4260321,2024-02-27T18:00:00.000Z,90,15,public,false,Détente,4,Vd2POI30scVRCHez3UyUHk7uuHx1,9,10,0,0,0,0,0
sYdnpYPXPQ1n13llUzmG,LE PARK Complexe Multisports,played,captain,ChIJdUHbID8O5kcRV5lQhiHTvhs,48.8337843&2.5728501,2024-03-07T16:30:00.000Z,90,10,public,false,Compétition,3,C9EbGs2FzJVNmlNOQmX67UDvAz62,10,10,4,1,0,0,0
sZCiME9KyIH3kxB3O3iw,UrbanSoccer - Quai d'Ivry,played,captain,ChIJfXxYJ0xy5kcRw9xTkF6-FZQ,48.8199885&2.3936463,2024-03-01T21:15:00.000Z,90,11.5,public,true,Compétition,4,oKfGVfs7dYecPpobKfuTXiuhh8J3,10,10,1,1,0,0,1
sdWAmKmZyMFwwNCN6ymP,UrbanSoccer Guyancourt,played,captain,ChIJmdX-2c-A5kcRj1wtOS8rZmo,48.7722091&2.0600292,2024-03-04T20:00:00.000Z,90,17.25,public,true,Compétition,2,1m7ItkzfzQT3CJr8hsE2hHmcavW2,10,10,1,0,1,0,0
semshYcTDxzIVqsWAnrH,Play Soccer,played,captain,ChIJQ-UxZn-5rhIRKWoQydM5T9s,43.5512023&1.4098927,2024-03-05T17:30:00.000Z,60,10,public,false,Détente,,pL0skPQs4CYYVXb682MCC9jXu8K2,10,10,4,0,0,0,0
sesKjq5kN7I3K7TQ2IBf,B14 - Sports et Loisirs Indoor,played,captain,ChIJaeLKMYXe5UcRHyWJ8X8FaPA,48.62229&2.3800445,2024-02-25T12:30:00.000Z,90,13,public,false,Détente,3,1fqP1fs5QoQRkM03hYrcEWknZfx2,10,10,3,0,0,0,1
sey0NPtE70bnMb3LiFcY,LE FIVE Bezons,played,captain,ChIJ71Mv0Wpk5kcRg-H9x7L-dXo,48.9190524&2.211796,2024-03-07T18:00:00.000Z,90,15,public,true,Détente,,FDTgZY2LHoVwvrcUkjdvMaB0oSm1,10,10,0,0,0,0,4
sfKVOVp1xq80maaJuAaw,Footsal Cousinerie,played,captain,ChIJXQyb1d8pw0cRLO_Ed5xHTIQ,50.6440829&3.1459612,2024-02-21T20:30:00.000Z,90,9,public,false,Détente,2,pWelZWPNMnhPfW7dZfwvOe7qi9B2,10,10,2,0,0,0,0
sfeRoW7xs6yAz4xSVFzs,Stade Municipal Guy Môquet,played,captain,ChIJR4npU45w5kcR31mOzMmoOwA,48.8087222&2.2872884,2024-02-20T11:10:00.000Z,90,,public,false,Détente,3,rzC8A0bd4afb9AWrHKlCPT9461y1,18,18,4,0,0,0,1
siyNwTFFvLpHtjIgmTGP,Footbox,canceled,pro,ChIJY-WkusIR5kcR-tEad3UtaSQ,48.9022789&2.582647,2024-03-03T15:00:00.000Z,60,10,public,false,,,QI89VPazyLhBVnWH871jk4BUEZI3,0,10,0,0,0,0,0
sjMh9Kb2U2KeSaSVqHel,ASF Handball,played,captain,ChIJ0UzbG7lw5kcRTr8bg4ESM0M,48.79027920000001&2.2909163,2024-02-25T13:30:00.000Z,150,,public,false,Détente,4,VshWbwhHb4TdQDzvmud5TxNtZ5i2,10,10,5,4,0,0,2
sjjKRTKG6Hbyi25z93OR,Footbox,published,pro,ChIJY-WkusIR5kcR-tEad3UtaSQ,48.9022789&2.582647,2024-02-25T13:00:00.000Z,60,10,public,false,,,QI89VPazyLhBVnWH871jk4BUEZI3,0,10,0,0,0,0,0
skpcFqkC7EFtBUlnB4p5,LE FIVE Paris 18,played,captain,ChIJpVT4_n1u5kcRzji6FdTBXXo,48.8978522&2.3700234,2024-03-01T18:00:00.000Z,60,14,public,true,Détente,,oQHAkmHYcAclv7l8o8hGLr496NJ3,10,10,1,0,0,0,1
smQYpacSCU5Syp1INxct,Le Street Foot en Salle,canceled,captain,ChIJt_AXL6Jg5kcRu6rBmnrmeUM,49.0164435&2.181307,2024-02-24T09:15:00.000Z,120,10,private,false,Détente,4,aCPGHZTGQaV2Cbw0D43kNCsMkrg1,11,12,0,0,0,0,0
smsucAYJKbTxnQtaMBVB,UrbanSoccer - Lille Lezennes,canceled,captain,ChIJR3ro5nTWwkcRfM_S3Be9HjI,50.6162725&3.0998108,2024-02-27T20:45:00.000Z,60,8,public,true,Détente,3,dvdYbjXAR8fQjpIGtP7Po8prEdE3,7,10,0,0,0,0,0
snNCzgEscrzQnP8KZj8Y,Centre Sportif Maryse Hilsz,published,captain,ChIJgY6iBYxt5kcRHD7TB4jAHV4,48.8520783&2.4128877,2024-02-22T11:20:00.000Z,150,,public,false,Compétition,5,1Fkzl7JONMQgLkuJEFE1meNaqUI2,15,16,0,0,0,0,0
sncmrGOsZ48FpZqfBsdR,Stadium Thiais,played,pro,ChIJ64X9jzx05kcRsHvSfOv6UcA,48.7511024&2.3713455,2024-02-29T18:00:00.000Z,90,15,public,false,,,psf3NmXEPwdCltHKJC7VuvJocrF3,10,10,3,0,0,0,5
sod1a1LfzLqNIyLeHZKU,Monclub Futbol,played,captain,ChIJGbxxaamUyRIRgGvhHnhJStA,43.4299152&5.4001974,2024-03-07T18:00:00.000Z,60,10,public,false,Détente,3,S9E40Df3gVhdMPUGfSdTb5IlRSm1,10,10,2,0,0,0,0
spBXDdR4gLuXzqDCA0Gg,Footbox,canceled,pro,ChIJY-WkusIR5kcR-tEad3UtaSQ,48.9022789&2.582647,2024-03-02T14:00:00.000Z,60,10,public,false,,,QI89VPazyLhBVnWH871jk4BUEZI3,0,10,0,0,0,0,0
sqOgDqA723Y6fpLf9q4A,UrbanSoccer - Quai d'Ivry,played,captain,ChIJfXxYJ0xy5kcRw9xTkF6-FZQ,48.8199885&2.3936463,2024-02-27T19:00:00.000Z,60,12,public,true,Détente,3,CzPmJVmG32Uzl3aWPlNGP6Y7Hf22,10,10,4,0,0,0,2
sqy96Mf6Xy8LTPBQuVyJ,Footsal Cousinerie,played,captain,ChIJXQyb1d8pw0cRLO_Ed5xHTIQ,50.6440829&3.1459612,2024-02-28T20:30:00.000Z,90,9,public,false,Détente,2,pWelZWPNMnhPfW7dZfwvOe7qi9B2,10,10,4,0,0,0,0
sr5PTLsHS1oyUlvzFBHU,Play Soccer,canceled,captain,ChIJQ-UxZn-5rhIRKWoQydM5T9s,43.5512023&1.4098927,2024-02-25T16:00:00.000Z,60,8,private,false,Détente,3,liaR8UBUxdV3w1F2ZffFZnaw2Rs2,8,10,0,0,0,0,0
srEh7D7w11gFLv4JZ9pH,Complexe sportif Arrighi - Stade - Gymnase - Tennis,canceled,captain,ChIJdY7UfIRz5kcRyDIR404fW5A,48.7830911&2.3989573,2024-02-22T19:00:00.000Z,120,,private,false,Détente,3,5v9WX6HkohWW6s4r8BR39p1iJxu1,16,16,0,0,0,0,3
srSKuME7WOOlCc2fecJe,Stadium Thiais,published,pro,ChIJ64X9jzx05kcRsHvSfOv6UcA,48.7511024&2.3713455,2024-03-05T15:00:00.000Z,90,8,public,false,,,psf3NmXEPwdCltHKJC7VuvJocrF3,0,10,0,0,0,0,0
srdtuDX6DWR4O2ff8W9l,LE FIVE Paris 18,played,captain,ChIJpVT4_n1u5kcRzji6FdTBXXo,48.8978522&2.3700234,2024-03-02T09:30:00.000Z,60,5,public,true,Chill,,yfJg9qFvmLQBii1g40P6MXoQ1MO2,10,10,0,0,0,0,0
suRBWtg5WcMzcZ2UbMsH,Evolution Football,played,captain,ChIJX0YulIi8yRIRnGh62u3UXTQ,43.2836074&5.52356,2024-03-04T21:00:00.000Z,60,10,public,false,Détente,2,saqKERJo6bfxUSkN8A7zSPK1KYr1,10,10,1,0,0,0,1
svC12lDPkQRHMxhPNN4z,LE FIVE Bobigny,published,pro,ChIJV8UONORs5kcRXxR5Qd7x130,48.901553&2.4313304,2024-02-21T17:00:00.000Z,60,8,public,false,,,4owi3i7t8EOvFNF6UQvACOpiDRy1,0,10,0,0,0,0,0
svt1RXACH5WMo2nh846b,Stadium Thiais,canceled,captain,ChIJ64X9jzx05kcRsHvSfOv6UcA,48.7511137&2.3715422,2024-03-02T09:30:00.000Z,90,12,public,false,Détente,3,aP4PclCOArZE5kmeKhFzB1Jl9E83,11,12,0,0,0,0,0
sxZV7dA7ztjGBkrOaz28,Speed Soccer Five,played,captain,ChIJ2xTNglV25kcR3UDi4AXGfDU,48.7360598&2.315058,2024-02-22T17:30:00.000Z,90,8,public,false,Détente,,gC7u1zBDDkR6yiDzaEoMqwjc85h2,10,10,3,0,0,0,1
sxggKZ0kYRKmykD7ooLt,UrbanSoccer La Défense,played,captain,ChIJh4rnfVhk5kcRV2Q-ZKdm8vA,48.8996456&2.2216773,2024-03-03T16:15:00.000Z,90,15,public,true,Détente,3,VuL73p8hCqNsu7fxj4oIEnw1pdz2,10,10,3,0,0,0,1
t0DyTz0XExQBoazdIEx6,Stadium Thiais,played,captain,ChIJ64X9jzx05kcRsHvSfOv6UcA,48.7511137&2.3715422,2024-03-01T16:00:00.000Z,120,10,public,false,Détente,3,Dohg1zNvhsbmGrYuAmExKFyjruw2,10,10,2,0,0,0,1
t0nzMSS2UUxveqR85z4T,Stadium Antibes,hidden,pro,,43.6121609&7.122323,2024-03-05T11:30:00.000Z,60,7,public,false,,,w5VZiCXqSxQ40riMnKYLO11xmeJ2,0,10,0,0,0,0,0
t2DoBHum8n7B5DCixnaS,UrbanSoccer La Défense,played,captain,ChIJh4rnfVhk5kcRV2Q-ZKdm8vA,48.8996456&2.2216773,2024-02-20T17:00:00.000Z,60,14.5,public,true,Détente,1,uUnHAsmq9gQGzyfzYJwgihvvZvj1,10,10,1,0,0,0,1
t3uzabXCucDIpfcH1Zpe,Foot-Max Argenteuil,played,captain,ChIJi9oIzaRm5kcRJYcK7QsdRMU,48.9501569&2.2093741,2024-03-06T17:00:00.000Z,90,12,public,false,Compétition,5,OgZsV37U52PxUFdy8FyDrHosItj2,10,10,8,1,0,1,2
t4KAF2jMlyvhCIyNkxQC,STADIUM FOOT 5 VILLAGE,played,captain,ChIJbbOWFtC4yRIR0WXVerbWmnE,43.269413&5.4260321,2024-02-20T19:00:00.000Z,60,10,public,false,Détente,4,MKjoGJESIIfNKw5sH93VODBuvLv2,10,10,2,0,0,0,0
t54HZV6dtsuUyxuUSKMl,UrbanSoccer - Quai d'Ivry,published,captain,ChIJfXxYJ0xy5kcRw9xTkF6-FZQ,48.8199885&2.3936463,2024-02-28T21:00:00.000Z,60,,public,true,Détente,,5fTvjoGLzGMojD4PUs420iiDVxf1,9,10,0,0,0,0,0
t5er9DToCLj6cClUjBby,Stade Olympique Yves du Manoir,canceled,captain,ChIJYeUIntpl5kcRZsN35flVVAY,48.9292771&2.2477717,2024-02-23T14:30:00.000Z,120,2,public,false,Compétition,5,U3gMk9AqD1UDGa1mnX8BD6lk8L13,8,22,0,0,0,0,0
t68fBATVixX9Q429Oi2b,Play Soccer,played,captain,ChIJQ-UxZn-5rhIRKWoQydM5T9s,43.5512023&1.4098927,2024-03-07T18:30:00.000Z,60,10,public,false,Détente,2,ALKmZi58BQcwiVINAeCH2chkXe32,10,10,0,0,0,0,0
t7B7Z8SdoI63ZlqBXz7z,Stadium Thiais,played,captain,ChIJ64X9jzx05kcRsHvSfOv6UcA,48.7511137&2.3715422,2024-02-23T21:00:00.000Z,90,14,public,false,Détente,4,vBgIprtlQ7Qu1IhsxKUeMZ8brZs1,10,10,4,0,0,0,4
t7Oy9LN33rw62IqTcgu5,UrbanSoccer La Défense,played,captain,ChIJh4rnfVhk5kcRV2Q-ZKdm8vA,48.8996456&2.2216773,2024-02-28T17:00:00.000Z,60,13.5,public,true,Détente,2,0OxJIIpxnxfwFqmAxzyyPkTYRdE2,10,10,4,0,0,0,0
t8JHcrl21yK2YB5lp6T5,UrbanSoccer - Lille Lezennes,canceled,captain,ChIJR3ro5nTWwkcRfM_S3Be9HjI,50.6162725&3.0998108,2024-02-24T18:30:00.000Z,60,10,public,true,Compétition,3,AnvNUpJkuJaIaX0DqYY6TEFtWhK2,5,10,0,0,0,0,0
t8Ro2QTuBnFFEWIORDBj,UrbanSoccer - Puteaux,played,captain,ChIJM_sC0-Nk5kcRhL1y_EFIje8,48.8836397&2.2312283,2024-02-27T18:30:00.000Z,60,13.5,public,true,Détente,2,6EP5Csv9nlVaygdfabx6Oe3MzQm1,10,10,1,0,0,0,3
t8wmqf4KeH9cRG4HinD1,Top Ten,played,pro,ChIJfXprBx4b5kcRmhe-5pLZUek,48.8729106&2.6840919,2024-02-23T16:00:00.000Z,90,5,public,false,,,i27253AGxOfXgYJK72sBnvUGuMk2,10,10,6,0,0,1,7
tAxUmNc6CFRTHGGrKSm1,LE FIVE Paris 18,published,pro,ChIJpVT4_n1u5kcRzji6FdTBXXo,48.8978522&2.3700234,2024-02-28T16:00:00.000Z,60,5,public,false,,,UQf33jQhVZhle917nO0h7D5qclV2,9,10,0,0,0,0,6
tB82xesjhPdNGjaL6Lys,Complexe sportif Arrighi - Stade - Gymnase - Tennis,played,captain,ChIJdY7UfIRz5kcRyDIR404fW5A,48.7830911&2.3989573,2024-03-07T19:00:00.000Z,120,,private,false,Compétition,5,5v9WX6HkohWW6s4r8BR39p1iJxu1,16,16,12,0,0,1,2
tBvF4GzJLujGPd4YmJSw,Play Soccer,played,captain,ChIJQ-UxZn-5rhIRKWoQydM5T9s,43.5512023&1.4098927,2024-02-20T20:00:00.000Z,90,15,public,false,,,8LtkeOuZHeePxfkXdNPmQSr7V9L2,10,10,2,0,0,0,0
tD7SdNCBvshGaBoxHuqC,UrbanSoccer La Défense,canceled,captain,ChIJh4rnfVhk5kcRV2Q-ZKdm8vA,48.8996456&2.2216773,2024-02-26T18:15:00.000Z,60,7,public,true,Détente,3,HFiUvAcB8sbeBHSlT6Lk6E76Nx73,2,10,0,0,0,0,0
tFkCisgcdWocTJxjlDHR,Foot POWER 5,canceled,pro,ChIJuTCIFshm5kcRBtEQJ76dAzc,48.960066&2.2061913,2024-03-05T21:30:00.000Z,90,7,public,false,,,sss3dYi6nzWd7rEjwcQ30LGKudj1,0,10,0,0,0,0,0
tGkHYmhoTbJFk5CyeRjk,LE FIVE Montreuil,published,pro,ChIJJdTQjr0T5kcRZmGxtIJVy44,48.8613036&2.4653095,2024-03-03T08:00:00.000Z,90,15,public,false,,,u9uC1vjdcdQ3UqNxI0SiFxor0m43,1,10,0,0,0,0,0
tIVAVC4nOLTQnZByh1d8,UrbanSoccer - Toulouse Sept Deniers,canceled,captain,ChIJk5nUBdOkrhIRP-1aUJzo-lA,43.6321552&1.411696,2024-02-25T16:00:00.000Z,60,8,public,true,Détente,3,R7i6QyBIZQdWXcpxRGEOjvJj3rG3,5,10,0,0,0,0,0
tIXb1WanzlS6tYWt2HEh,LE FIVE Paris 18,played,pro,ChIJpVT4_n1u5kcRzji6FdTBXXo,48.8978522&2.3700234,2024-03-01T16:00:00.000Z,60,5,public,false,,,UQf33jQhVZhle917nO0h7D5qclV2,10,10,10,1,0,1,9
tJ0VWqkviE1fX9qesAbr,UrbanSoccer - Asnières,played,captain,ChIJi5LkLT9v5kcRSlhScqEFNWs,48.92192379999999&2.3068311,2024-02-24T18:15:00.000Z,60,10,public,true,Détente,3,HAZCGcJPRiR8NwwAKxJ3dP8opDb2,10,10,2,0,0,0,0
tK8XzNsfvjK63QTpqixX,UrbanSoccer - Quai d'Ivry,played,captain,ChIJfXxYJ0xy5kcRw9xTkF6-FZQ,48.8199885&2.3936463,2024-02-21T20:15:00.000Z,60,14,public,true,Détente,2,3gs7ui3abeb1VBgz0TAbMl8bM8l2,10,10,2,0,0,0,0
tL1ZLsCwVvwdw6fZNmPm,LE FIVE Montreuil,played,pro,ChIJJdTQjr0T5kcRZmGxtIJVy44,48.8613036&2.4653095,2024-03-02T15:00:00.000Z,60,10,public,false,,,u9uC1vjdcdQ3UqNxI0SiFxor0m43,10,10,8,0,1,0,0
tLJwOlXCjWNN3cRlz41A,LE FIVE Paris 18,published,captain,ChIJpVT4_n1u5kcRzji6FdTBXXo,48.8978522&2.3700234,2024-03-05T20:00:00.000Z,60,14,public,true,Détente,3,VqIidnWYtIOH3FIyVjh0Zk5PWBI3,9,10,0,0,0,0,0
tLPidz3SFQExIOQnGrHr,City KOF,played,captain,ChIJ_2pirmlv5kcRTpGJ0UDn1Y8,48.9155954&2.2963072,2024-03-07T11:10:00.000Z,90,,public,false,Détente,3,EuwFrDiOcfVqUzzClexIbFhUCIz2,10,10,0,0,0,0,2
tO2J3QHJJVrazHlMk5KH,Stade Élisabeth,played,captain,ChIJkXj9tq5x5kcROlxynHzTh9o,48.8207737&2.3270972,2024-03-03T08:00:00.000Z,150,2,public,false,Compétition,5,8i5faoQkJ4YSkhRB5skPBLiEh1G3,16,16,5,0,2,0,0
tOpN0g4kOLJ1JBEDCLTf,UrbanSoccer - Puteaux,played,captain,ChIJM_sC0-Nk5kcRhL1y_EFIje8,48.8836397&2.2312283,2024-03-07T11:00:00.000Z,60,11.5,public,true,Détente,3,jV7IvYbIjPQ4xm56MmYUh7G1G3E3,10,10,0,0,0,0,1
tPpyA1IBKIRmKgk9uYi6,UrbanSoccer Guyancourt,played,captain,ChIJmdX-2c-A5kcRj1wtOS8rZmo,48.7722091&2.0600292,2024-03-04T17:30:00.000Z,60,10,public,true,Détente,2,7TVPuZ1NYiS9SuI5h7GIWaUvode2,10,10,2,0,0,0,0
tQEWeBwQDn14dS14utuI,Stade Georges Carpentier,canceled,captain,ChIJDcRAPQZz5kcRRfIYvk9rvQQ,48.8190383&2.3661251,2024-02-27T14:30:00.000Z,120,,public,false,Compétition,,ILY6io7dWQWnIFWAt9WkHQ1NFI03,1,16,0,0,0,0,0
tQHaDzBjZVWlabJGYJCQ,POWER FIVE ( Foot à 5 en intérieur ),played,captain,ChIJ6ULNmyh15kcRV9cjbnBjGr8,48.73026429999999&2.4346948,2024-02-29T18:00:00.000Z,90,15,public,false,Détente,,00OoZaKuiXcjkW8KUsjnu8bok4c2,10,10,1,0,0,0,0
tTHsajGhbnQTTQPMHyDz,Top Ten,canceled,captain,ChIJfXprBx4b5kcRmhe-5pLZUek,48.8729106&2.6840919,2024-03-03T08:00:00.000Z,90,12,public,false,Détente,2,X3rZnkTKKvP3wJS3DTHWae9Z5vg2,11,12,0,0,0,0,0
tVbylDz15SHu5GmvCxTa,UrbanSoccer - Quai d'Ivry,canceled,captain,ChIJfXxYJ0xy5kcRw9xTkF6-FZQ,48.8199885&2.3936463,2024-02-29T21:00:00.000Z,90,18,public,true,Détente,,q2THFihoUHaTIEd3F7eOg4fi9qK2,9,10,0,0,0,0,0
tXX4rH5ajKMUjRdS4Zyc,Events Five,published,captain,ChIJf8cSCJG5rhIRoQadPH-wW1U,43.5399703&1.3922897,2024-03-01T20:55:00.000Z,60,9,public,false,Détente,4,8qhe57lz4PcSkIwQ36oV7bjcy7v2,7,10,0,0,0,0,0
tYSqn5HTi9ydYdjt07YX,LE FIVE Paris 18,played,captain,ChIJpVT4_n1u5kcRzji6FdTBXXo,48.8978522&2.3700234,2024-02-21T17:00:00.000Z,90,21,public,true,Détente,2,ntxZcrG8RRSBnnDAlLSgTO9DXhi1,10,10,1,0,0,0,2
tazLouBBexHwW8uj3DWG,MONCLUB 2.0,played,captain,ChIJv9owGLm-yRIRfuDnd3G6nR4,43.2895156&5.4611522,2024-02-25T17:00:00.000Z,60,9.5,private,false,Compétition,3,s28KGhmGFsUXO5xeXIrAIjXdxdF3,10,10,2,0,0,0,0
tgC2Tl7cWSrYcrt9pIfT,LE FIVE Bezons,played,pro,ChIJ04KEHBZk5kcRoDWLaMOCCwQ,48.91909&2.2093051,2024-03-02T20:00:00.000Z,90,13.5,public,false,,,U3MriTZbPbTUEsU6RtRuHxDMKvg2,10,10,6,0,0,0,3
thBtDvjQgQRHl0aCY219,LE PARK Complexe Multisports,played,captain,ChIJdUHbID8O5kcRV5lQhiHTvhs,48.8337843&2.5728501,2024-03-04T18:30:00.000Z,60,10,public,false,Détente,2,6trSfhXu40fMmNBcA4s3ATCzKOu1,10,10,2,0,0,0,3
thkN3KDQSpKIWvMvNKbB,Game 13 foot indoor,published,captain,ChIJNSDvlsXryRIRUXao9hwB79I,43.41258939999999&5.366617,2024-02-21T21:00:00.000Z,60,8,public,false,Détente,3,Ez3YAlfrUxgTTJcxq9sNBTRxuHP2,3,10,0,0,0,0,0
tjJCvbXNn5YRONoNLmLT,LE FIVE Bezons,canceled,captain,ChIJ71Mv0Wpk5kcRg-H9x7L-dXo,48.9190524&2.211796,2024-03-02T15:30:00.000Z,90,12,public,true,Détente,,w4JhahDwcUNNoFv56DLtD91PYJ42,10,10,0,0,0,0,0
tlDny60ttBZq2gRBiZ0v,UrbanSoccer - Asnières,canceled,captain,,48.92192379999999&2.3068311,2024-03-01T21:30:00.000Z,90,5,public,true,Détente,3,5qq0zfP2PefyCYjpJkx8mg1Dr7B3,6,10,0,0,0,0,0
tlQreIaw6j8mBmLGDoOd,LE FIVE Montreuil,published,pro,ChIJJdTQjr0T5kcRZmGxtIJVy44,48.8613036&2.4653095,2024-02-22T11:00:00.000Z,90,10.5,public,false,,,u9uC1vjdcdQ3UqNxI0SiFxor0m43,0,10,0,0,0,0,0
tmNKmTvW6Q6AJlGGPTQm,LE FIVE Paris 18,played,captain,ChIJpVT4_n1u5kcRzji6FdTBXXo,48.8978522&2.3700234,2024-02-22T18:00:00.000Z,90,21,public,true,Détente,3,z9eRBtmipgSMErW601oWEwX8x6S2,10,10,2,0,0,0,1
tnMMrFruiSwRv6AZvnFG,LE FIVE Carrières-sous-Poissy,played,captain,ChIJ9T4fWfyL5kcRCBX-FyZLvEE,48.9468171&2.0230552,2024-02-24T15:30:00.000Z,90,12,public,false,,3,Wy3wc8FHaCYWTvZWNBBuL5f6n6n2,10,10,4,0,0,0,1
tpjpEXCWWLYdnGuF5RS9,UrbanSoccer - Lille Lezennes,played,captain,ChIJR3ro5nTWwkcRfM_S3Be9HjI,50.6162725&3.0998108,2024-02-22T19:15:00.000Z,60,12,public,true,Compétition,3,2sanzmSM99PtBOgzVeGt2bUNxCC2,10,10,0,0,0,0,0
ttRkuVfKCZ7HPZmkUZPr,LE FIVE Paris 13,canceled,captain,ChIJ_bOSChhz5kcRZMTeq_6Gdzg,48.8181615&2.3658793,2024-03-07T19:00:00.000Z,60,14,private,true,Compétition,,lsFnBRlFWUZkBfuSSth3fe7xRrD3,7,10,0,0,0,0,0
tv7X7Ji3wUlQ3sXSnh29,Cité des Sports,played,captain,ChIJ70UPf6R75kcRGb3NAV9k7Ww,48.8247744&2.2650728,2024-02-23T11:30:00.000Z,60,,public,false,Détente,2,K5CzcNLmuwh0niESegoUyBQ1w812,10,10,2,0,0,0,4
txdHoKsXKSHJOJHijp7h,MONCLUB 2.0,canceled,captain,ChIJv9owGLm-yRIRfuDnd3G6nR4,43.2895156&5.4611522,2024-03-03T17:00:00.000Z,60,10,public,false,Compétition,3,s28KGhmGFsUXO5xeXIrAIjXdxdF3,10,10,0,0,0,0,1
tzM6re2eyEKs9FTa49bu,UrbanSoccer La Défense,played,captain,ChIJh4rnfVhk5kcRV2Q-ZKdm8vA,48.8996456&2.2216773,2024-02-21T18:45:00.000Z,60,14.5,public,true,Détente,3,iZ1fNvCxP4TlI7zk352Uoi7eOuB3,10,10,2,0,0,0,5
u1aVtrtZoHdOBX8qjiYc,Centre Sportif Maryse Hilsz,canceled,captain,ChIJgY6iBYxt5kcRHD7TB4jAHV4,48.8520783&2.4128877,2024-02-22T12:00:00.000Z,120,,public,false,Détente,2,vft2WRS7zdU9ST6fNn76LWPt8Vn2,2,16,0,0,0,0,1
u1rA5kdGfrzC2ItLXrvy,Stadium Thiais,published,pro,ChIJ64X9jzx05kcRsHvSfOv6UcA,48.7511024&2.3713455,2024-02-27T18:00:00.000Z,90,15,public,false,,,psf3NmXEPwdCltHKJC7VuvJocrF3,3,10,0,0,0,0,0
uAQgGUm020CWLv6riO4d,Stadium Thiais,played,pro,ChIJ64X9jzx05kcRsHvSfOv6UcA,48.7511024&2.3713455,2024-03-06T21:00:00.000Z,90,14,public,false,,,psf3NmXEPwdCltHKJC7VuvJocrF3,10,10,6,0,0,0,0
uDqvridKmJeXQXiXjp01,LE FIVE Paris 18,published,pro,ChIJpVT4_n1u5kcRzji6FdTBXXo,48.8978522&2.3700234,2024-02-21T18:30:00.000Z,90,12,public,false,,,UQf33jQhVZhle917nO0h7D5qclV2,8,10,0,0,0,0,3
uFKua2Ke0egEQiNF1Hfd,LE FIVE Champigny,played,captain,ChIJsXi1PLYN5kcRTVVDuczgS2s,48.8194084&2.5251846,2024-03-04T17:00:00.000Z,90,16.5,public,false,Détente,2,wnIJTk2XWRX4GUZ6khj0TPeMOv12,10,10,0,0,0,0,1
uFdRmkkXT6zbbiG3eNu3,Foot POWER 5,canceled,pro,ChIJuTCIFshm5kcRBtEQJ76dAzc,48.960066&2.2061913,2024-02-20T18:30:00.000Z,90,7,public,false,,,sss3dYi6nzWd7rEjwcQ30LGKudj1,0,10,0,0,0,0,0
uGZEmnk5BLR7X5QGWwWu,Foot-Max Argenteuil,published,pro,ChIJi9oIzaRm5kcRJYcK7QsdRMU,48.9501632&2.2093946,2024-03-06T21:00:00.000Z,90,12,public,false,,,SuEnyPZ4TgNIkt1yap2yJ3ZHO6p1,0,10,0,0,0,0,1
uHtVQub2DSYGDY39rygR,Stadium Thiais,played,pro,ChIJ64X9jzx05kcRsHvSfOv6UcA,48.7511024&2.3713455,2024-02-24T13:00:00.000Z,90,12,public,false,,,psf3NmXEPwdCltHKJC7VuvJocrF3,10,10,10,0,0,0,4
uIIgZ9N3ZH7NyCsfjqiF,UrbanSoccer - Puteaux,played,captain,ChIJM_sC0-Nk5kcRhL1y_EFIje8,48.8836397&2.2312283,2024-03-06T18:00:00.000Z,60,13.5,public,true,Détente,3,44bbh0KLCrW7rOj4aGAw5ASgaLD2,10,10,0,0,0,0,3
uIcz2yiOQ6EguvG6xdkk,UrbanSoccer - Porte d'Aubervilliers,published,captain,ChIJ0dXjDCZs5kcRvX0EpMwxsUY,48.9074912&2.3746518,2024-02-24T13:45:00.000Z,60,5,public,true,Compétition,4,G4COw6sO8KWQn9J4FyP2Iudzz6r1,5,10,0,0,0,0,0
uJQmXXZV6r2Q9AoCgHR9,LE FIVE VITROLLES,canceled,captain,ChIJi4A-IrHoyRIRunoYLEGNeYI,43.4338497&5.240971399999999,2024-02-28T17:00:00.000Z,60,10,public,false,Détente,3,dIqIMHAysFbONZtzZLGfAzp8IMR2,5,10,0,0,0,0,0
uKZdWmH2W35KpY6XJd6p,UrbanSoccer - Porte d'Aubervilliers,canceled,captain,ChIJ0dXjDCZs5kcRvX0EpMwxsUY,48.9074912&2.3746518,2024-03-06T19:10:00.000Z,60,14,public,true,,3,vWGFCRSBU3g6tQzkMBAyMRNgoBO2,10,10,0,0,0,0,0
uMUTNIzeLDTWJ7355Z2Q,Complexe sportif Georges-Gosnat,played,captain,ChIJ9cDUR_Nz5kcRuvN-HjyBpKQ,48.7813167&2.3823092,2024-03-05T19:45:00.000Z,120,,public,false,Détente,5,5v9WX6HkohWW6s4r8BR39p1iJxu1,10,10,10,3,0,0,4
uNec2itHG9Vk6VtUl18p,Play Soccer,canceled,captain,ChIJQ-UxZn-5rhIRKWoQydM5T9s,43.5512023&1.4098927,2024-02-29T11:15:00.000Z,60,8,public,false,Détente,2,8LtkeOuZHeePxfkXdNPmQSr7V9L2,10,10,0,0,0,0,0
uO5vWfW3usTmhlh2TglK,Play Soccer,played,captain,ChIJQ-UxZn-5rhIRKWoQydM5T9s,43.5512023&1.4098927,2024-02-24T19:00:00.000Z,60,10,public,false,Détente,3,gYp8FyCQHSN7rsMacmhUVybxTk62,10,10,2,0,0,0,0
uOr4TbFwlx5b7q0vDRNv,Soccer Five,published,captain,ChIJp0K53sp55kcR61-WTU8Yv5k,48.7368129&2.2591558,2024-03-02T08:30:00.000Z,90,,public,false,Détente,3,Dohg1zNvhsbmGrYuAmExKFyjruw2,9,10,0,0,0,0,0
uP9E6qx2ccVHJNu7JZbq,Footbox,published,pro,ChIJY-WkusIR5kcR-tEad3UtaSQ,48.9022789&2.582647,2024-02-19T22:00:00.000Z,60,10,public,false,,,QI89VPazyLhBVnWH871jk4BUEZI3,0,10,0,0,0,0,0
uRAzXcsBwx93JRL6zHW9,LE FIVE Montreuil,published,pro,ChIJJdTQjr0T5kcRZmGxtIJVy44,48.8613036&2.4653095,2024-03-06T22:00:00.000Z,60,8,public,false,,,u9uC1vjdcdQ3UqNxI0SiFxor0m43,0,10,0,0,0,0,0
uTEpysIOegoZeNvvsde3,UrbanSoccer - Toulouse Montaudran,played,captain,ChIJl772e0u8rhIR2foRX4Xa2CI,43.574642&1.4801835,2024-02-29T11:20:00.000Z,60,9,public,true,Détente,3,tw2vPyadcybRr00VteOCyDGZvnt1,10,10,2,0,0,0,0
uUK649qzpQpwltYdvs90,STADIUM FOOT 5 VILLAGE,canceled,captain,ChIJbbOWFtC4yRIR0WXVerbWmnE,43.269413&5.4260321,2024-03-07T19:00:00.000Z,60,10,public,false,Détente,2,MKjoGJESIIfNKw5sH93VODBuvLv2,5,10,0,0,0,0,0
uUT4yHgmzLTNXJstQZpX,Stadium Thiais,published,pro,ChIJ64X9jzx05kcRsHvSfOv6UcA,48.7511024&2.3713455,2024-02-26T15:00:00.000Z,90,10,public,false,,,psf3NmXEPwdCltHKJC7VuvJocrF3,0,10,0,0,0,0,0
uUty03LvFToZ81Gi7eOZ,LE FIVE Bezons,played,captain,ChIJ71Mv0Wpk5kcRg-H9x7L-dXo,48.9190524&2.211796,2024-03-03T21:30:00.000Z,90,7.5,public,true,Détente,,dBD02rAC5oQIz0nnrufdD9xkNc83,10,10,2,0,0,0,2
uWukjU6IAEAWt8iOsMyf,LE FIVE Sarcelles,canceled,captain,ChIJ6_q3Fxhq5kcRCpoEwnoXX1Q,48.99782219999999&2.3902225,2024-02-25T17:30:00.000Z,90,13,public,false,Détente,2,ztz4EMqRcmcyIbkNNCAx8vrnHVQ2,10,10,0,0,0,0,0
uZZUDEbiqRhjc4iufyt0,LE FIVE Montreuil,canceled,captain,ChIJJdTQjr0T5kcRZmGxtIJVy44,48.8607303&2.4650432,2024-02-21T19:00:00.000Z,90,16.5,public,false,Détente,3,Sv7OYeh4eNTOR9Gyc6GCDFQJH3X2,10,10,0,0,0,0,0
uZjoYuGBgO4nMomDtWeB,LE FIVE Paris 13,published,pro,ChIJ_bOSChhz5kcRZMTeq_6Gdzg,48.8181615&2.3658793,2024-02-19T22:00:00.000Z,60,10,public,false,,,FjSnzlRFFfhWVWQJGfIEwRc2ZMj2,3,10,0,0,0,0,1
ub6PtFJTD7AkXy48iB1n,Stadium Thiais,played,captain,ChIJ64X9jzx05kcRsHvSfOv6UcA,48.7511137&2.3715422,2024-02-29T16:00:00.000Z,120,10,public,false,Détente,3,Dohg1zNvhsbmGrYuAmExKFyjruw2,10,10,0,0,0,0,0
udw1M7PFz8OjbAlRlDyt,LE FIVE Paris 13,played,captain,ChIJ_bOSChhz5kcRZMTeq_6Gdzg,48.8181615&2.3658793,2024-02-29T20:00:00.000Z,60,14,public,true,Détente,2,HONa6lzVLlRDmvLLv6jNeP9hiT42,10,10,1,0,0,0,0
udwBZRtMxu278Exc1MJc,LE FIVE Paris 18,played,pro,ChIJpVT4_n1u5kcRzji6FdTBXXo,48.8978522&2.3700234,2024-02-22T21:20:00.000Z,90,10,public,false,,,UQf33jQhVZhle917nO0h7D5qclV2,10,10,5,0,0,0,6
ufX6rNDQnPr1BGteoq6n,UrbanSoccer - Porte d'Aubervilliers,canceled,captain,ChIJ0dXjDCZs5kcRvX0EpMwxsUY,48.9074912&2.3746518,2024-03-05T19:00:00.000Z,60,13,private,true,Détente,3,ooxH8hoPVqOMigO70MF3kYjSF0x2,9,10,0,0,0,0,0
ughyXE2JemZuFT9tLA2i,UrbanSoccer - Asnières,played,captain,ChIJi5LkLT9v5kcRSlhScqEFNWs,48.92192379999999&2.3068311,2024-03-02T08:45:00.000Z,90,15.75,public,true,Détente,4,RAx2HcFPURUmNLSXsg9q6OkJ5WS2,10,10,2,0,0,0,1
ugssgwQrN4Kw1UF0v2Yz,UrbanSoccer - Porte d'Aubervilliers,played,captain,ChIJ0dXjDCZs5kcRvX0EpMwxsUY,48.9074912&2.3746518,2024-03-04T17:00:00.000Z,90,14.25,public,true,Compétition,3,IafxqSBl8Jgtlwzd6PGj7NEE13g2,10,10,0,0,0,0,0
ujzMJEXU4cCqpCryLpdg,LE FIVE Sarcelles,played,captain,ChIJ6_q3Fxhq5kcRCpoEwnoXX1Q,48.99782219999999&2.3902225,2024-02-22T19:00:00.000Z,90,10,public,false,Détente,3,que2ClS9cKaQ76VTIMNVaEEzQlW2,10,10,5,0,0,0,4
ukldmG5NxxtTQHlZawwg,LE FIVE Créteil,canceled,captain,ChIJ88lx3VwL5kcRVxCh4lD6_Gk,48.7643086&2.4706522,2024-03-06T18:00:00.000Z,60,11,private,false,Détente,3,nwCO7ClwcpduYGwx2LUOmuC5chF2,3,10,0,0,0,0,0
um0flP537smxK7dHXX64,LE FIVE Carrières-sous-Poissy,published,captain,ChIJ9T4fWfyL5kcRCBX-FyZLvEE,48.9468171&2.0230552,2024-03-01T18:00:00.000Z,90,15,public,false,Détente,2,UXOlUwSoIUe0wqpM6TxMpsItDq23,6,10,0,0,0,0,3
unqgolRNjZmSrRiEWbP0,LE FIVE Bezons,canceled,captain,ChIJ71Mv0Wpk5kcRg-H9x7L-dXo,48.9190524&2.211796,2024-03-05T21:30:00.000Z,90,7.5,public,true,Détente,,dBD02rAC5oQIz0nnrufdD9xkNc83,5,10,0,0,0,0,0
uommw2PRCMxo3Nk7xj7A,LE FIVE Paris 17,played,captain,ChIJ7eI8sFNv5kcR5xy52Wc57NU,48.900032&2.3213449,2024-03-07T19:00:00.000Z,60,12,public,true,Compétition,3,oNTcYU82AKTXil9LglbwfPlysMG3,10,10,0,0,0,0,0
up3IMytnBw0AV2c2rMHF,Speed Soccer Five,published,pro,ChIJ2xTNglV25kcR3UDi4AXGfDU,48.7360598&2.315058,2024-02-28T17:00:00.000Z,90,13,public,false,,,MkTJljXziPXBdRdijccndMLBNCC3,0,10,0,0,0,0,0
upM5aUayHabTK8KN3Wgw,Plaine des Jeux de Gerland,canceled,captain,ChIJBYG18IPp9EcRUNpTJFdu8f0,45.7213257&4.8272967,2024-03-03T10:00:00.000Z,120,,public,false,Détente,,gM6ubuxBZSVtArDIn1LWUqLhaqh2,3,16,0,0,0,0,0
uqdi5I57home6ZsWy0sQ,UrbanSoccer - Quai d'Ivry,played,captain,ChIJfXxYJ0xy5kcRw9xTkF6-FZQ,48.8199885&2.3936463,2024-02-27T18:30:00.000Z,60,14,public,true,Détente,3,nVlGZ0n3KSX2ILRDfixvXfZgVdG3,10,10,2,0,0,0,0
uqqShYPeY5z0gtVq0j0K,Stade Georges Carpentier,played,captain,ChIJDcRAPQZz5kcRRfIYvk9rvQQ,48.8190383&2.3661251,2024-02-29T11:05:00.000Z,120,,private,false,Compétition,4,i96TQD5kXHXRdIdYtABJquAFNVx2,16,16,14,0,0,0,10
urjtFeETUjrcuewzaCaT,Foot POWER 5,canceled,pro,ChIJuTCIFshm5kcRBtEQJ76dAzc,48.960066&2.2061913,2024-02-22T21:30:00.000Z,90,7,public,false,,,sss3dYi6nzWd7rEjwcQ30LGKudj1,0,10,0,0,0,0,0
urrJGm3uKK8CqO2TmMiI,Stadium Thiais,played,pro,ChIJ64X9jzx05kcRsHvSfOv6UcA,48.7511024&2.3713455,2024-02-28T21:00:00.000Z,90,12,public,false,,,psf3NmXEPwdCltHKJC7VuvJocrF3,10,10,7,0,0,0,0
usU8V8MGGhwBa5lKUe4y,LE FIVE Morangis,played,captain,ChIJA4uAhOXZ5UcRp-vZXZP-ovY,48.692672&2.3192811,2024-03-07T10:00:00.000Z,60,3.5,public,false,Détente,,g5OrId1Nw3ZdLj3cSX79Pm7UBBk2,10,10,0,0,0,0,1
ut2bQj7gBKRvkAoV2UG3,LE FIVE Villette,canceled,captain,ChIJTUFnQjps5kcR0pHITLTw1PI,48.9070122&2.3861459,2024-02-27T19:00:00.000Z,60,12,public,false,Détente,2,yqBvqf7UJkT8vgEGRf5ghfKDqP53,9,10,0,0,0,0,0
utBD4VJhjMzQUVpugXgc,Padel and Foot Strasbourg,published,captain,ChIJE9ZciNLHlkcRF9bBiXbLuYk,48.6273689&7.769607499999998,2024-02-25T13:00:00.000Z,120,11.25,private,false,Détente,3,trEezmsFdNcy5dElNjI5R82nlhh1,3,8,0,0,0,0,1
utoXmYGbigS4iIzkCpfi,Stadium Thiais,published,pro,ChIJ64X9jzx05kcRsHvSfOv6UcA,48.7511024&2.3713455,2024-03-03T12:00:00.000Z,90,15,public,false,,,psf3NmXEPwdCltHKJC7VuvJocrF3,1,10,0,0,0,0,0
uvGsz5vc1GTzFGmBNMCS,Sport dans la Ville Rhône-Alpes,played,captain,ChIJoUEDcmvr9EcRILCz6hDCQ2o,45.7811703&4.8081568,2024-02-23T20:00:00.000Z,90,10,public,false,Détente,3,aayUhogt15eM9gYGrAVUCnwbPqi1,10,10,9,0,0,0,0
uvz6mMmkSmprXdEsSIFx,Foot-Max Argenteuil,played,captain,ChIJi9oIzaRm5kcRJYcK7QsdRMU,48.9501569&2.2093741,2024-03-03T17:30:00.000Z,90,12,private,false,Compétition,4,EBkyQKZSThSt50tqVxjcFaiJK922,10,10,6,0,0,0,0
uxwcE7IkWjPRbt1Wqrsi,Monclub Futbol,played,captain,ChIJGbxxaamUyRIRgGvhHnhJStA,43.4299152&5.4001974,2024-02-20T17:00:00.000Z,60,10,public,false,Détente,,NxCyhMrUpUeYxQru9m1Gqr45Rdw1,10,10,2,0,0,0,0
uyb4c6SVzIzxokVO0bRp,LE FIVE Paris 13,canceled,pro,,48.8181615&2.3658793,2024-03-02T21:00:00.000Z,60,10,public,false,,,FjSnzlRFFfhWVWQJGfIEwRc2ZMj2,0,10,0,0,0,0,1
uybkNJYVkkuqFUcDiCf4,LE FIVE Paris 17,canceled,captain,ChIJ7eI8sFNv5kcR5xy52Wc57NU,48.900032&2.3213449,2024-02-21T18:00:00.000Z,60,12,public,true,Détente,1,YEKi7c7dVGRckudU7K0oqBXetTm1,9,10,0,0,0,0,0
uzizOvCcJGBzywqBiq05,Footbox,published,pro,ChIJY-WkusIR5kcR-tEad3UtaSQ,48.9022789&2.582647,2024-03-06T21:00:00.000Z,60,10,public,false,,,QI89VPazyLhBVnWH871jk4BUEZI3,0,10,0,0,0,0,0
v02W1xzgDfHPJmFp4SY1,LE FIVE Paris 18,played,pro,ChIJpVT4_n1u5kcRzji6FdTBXXo,48.8978522&2.3700234,2024-03-04T16:00:00.000Z,60,5,public,false,,,UQf33jQhVZhle917nO0h7D5qclV2,10,10,9,0,0,3,4
v0GN68Cq4wb6xtlX9vJE,LE PARK Complexe Multisports,played,captain,ChIJdUHbID8O5kcRV5lQhiHTvhs,48.8337843&2.5728501,2024-03-03T17:30:00.000Z,90,15,public,false,Détente,4,UHI0eOu78qXYtHJJtvxcchDY1ma2,10,10,4,0,0,0,1
v2Zkgnso7mS5rWwC85q4,LE FIVE Paris 13,played,captain,ChIJ_bOSChhz5kcRZMTeq_6Gdzg,48.8181615&2.3658793,2024-03-04T18:00:00.000Z,60,7,public,true,Détente,4,NyVnavd37gaNUxTV2sSTEt6GeQu1,10,10,4,1,0,1,3
v3EqCNstdGzCgZXkHrla,UrbanSoccer Orsay,played,captain,ChIJpZIJg7J45kcRrKWKhtbfnEQ,48.70829&2.17794,2024-02-28T19:15:00.000Z,90,16,public,true,Chill,,jMj888CHnuglX02AL0WCMH42YhP2,10,10,2,0,0,0,0
v3FlZrXAmniKTh76QRUo,Parc Interdépartemental des Sports du Tremblay,played,captain,ChIJBVkfrQ4N5kcRGi-XnNQN_yo,48.8281085&2.491365,2024-03-03T15:00:00.000Z,120,,public,false,Compétition,4,JTh2SZwej6OVVpBqOfYOAb2cA1j1,18,18,0,0,0,0,5
v3ik6gAlaAvtQEndlSfg,Monclub Futbol,played,pro,ChIJGbxxaamUyRIRgGvhHnhJStA,43.4299152&5.4001974,2024-03-03T17:00:00.000Z,90,12,public,false,,,CSTy9rmJRQSyWlqWuGiUhGpAGqf2,10,10,4,0,0,0,0
v3ops1GbanB6ZZTul3eb,Stadium Thiais,played,captain,,48.7511137&2.3715422,2024-03-05T18:00:00.000Z,90,15,public,false,,3,p6bduUKVVnhhYJvtSp7znpDVX022,12,12,0,0,0,0,0
v60yThvnG6RTbFh4kSCl,Stadium Thiais,published,captain,ChIJ64X9jzx05kcRsHvSfOv6UcA,48.7511137&2.3715422,2024-02-29T16:30:00.000Z,120,10,public,false,Détente,3,Dohg1zNvhsbmGrYuAmExKFyjruw2,3,10,0,0,0,0,0
v8wEoXv0m77KHvmzRN6E,LE FIVE Montreuil,published,pro,ChIJJdTQjr0T5kcRZmGxtIJVy44,48.8613036&2.4653095,2024-02-28T22:00:00.000Z,60,8,public,false,,,u9uC1vjdcdQ3UqNxI0SiFxor0m43,4,10,0,0,0,0,0
v9D6fDOI6ECtqTDIf7li,UrbanSoccer - Puteaux,played,captain,ChIJM_sC0-Nk5kcRhL1y_EFIje8,48.8836397&2.2312283,2024-03-03T08:25:00.000Z,90,18,public,true,Détente,3,h9HQURuU5UZpVg1pNrgkqdPwCsH3,10,10,2,0,0,0,2
vDR0PQVN1tbKgABpWpNZ,LE PARK Complexe Multisports,played,captain,ChIJdUHbID8O5kcRV5lQhiHTvhs,48.8337843&2.5728501,2024-02-29T18:30:00.000Z,90,15,public,false,Détente,4,nic0Kn3KQ0RFCorsMrasu1rniSy1,10,10,1,0,0,0,2
vDWJ3SGIq0GmsF3uNfqg,Evolution Football,played,captain,ChIJX0YulIi8yRIRnGh62u3UXTQ,43.2836074&5.52356,2024-03-05T18:30:00.000Z,60,9,public,false,Détente,5,Lzo7WogBgXfxjsbuEBGvB9HLjxv1,10,10,7,0,0,0,0
vDcIpxMI2eZMh0eyVqIz,LE FIVE Villette,played,captain,ChIJTUFnQjps5kcR0pHITLTw1PI,48.9070122&2.3861459,2024-03-04T19:30:00.000Z,90,18,public,false,Détente,3,X7SknW0NrdfRv1JxdoOD42EHvwv2,10,10,0,0,0,0,3
vFFDR9NCumLWXgmg67Ep,Kinshasa - Test,published,pro,ChIJi2oG_jAxahoRjTdSH05-ixY,-4.3032527&15.310528,2024-03-05T04:00:00.000Z,60,12,public,false,,,zCvsukfMuuffsuPpSTQwb7MusMD2,0,10,0,0,0,0,0
vFVO26lKrJwpCjuAyMmv,Classico Foot,played,captain,ChIJFV442oCxrhIRgsZy5aIbkNs,43.5945434&1.2911399,2024-03-04T20:00:00.000Z,60,9,public,false,Détente,,sh3Ti8wQWbeLpHkq0e0tZXci8IJ3,10,10,1,0,0,0,0
vG7orxSiLx3NitQ6BjT9,Classico Foot,played,captain,ChIJFV442oCxrhIRgsZy5aIbkNs,43.5945434&1.2911399,2024-03-01T20:00:00.000Z,60,9,public,false,Détente,,vZqrt7VHboSIBssGXfBBTfzZp032,10,10,2,0,0,0,0
vGIxK1DSSSvkY2YxVJS1,Monclub Futbol,played,captain,ChIJGbxxaamUyRIRgGvhHnhJStA,43.4299152&5.4001974,2024-02-29T17:30:00.000Z,60,10,public,false,,,AJhhBgOA04SJ5cqig5ffOrI68J53,10,10,4,0,0,0,1
vI4qJK3Xhbaud9CRlpv4,UrbanSoccer - Quai d'Ivry,played,captain,ChIJfXxYJ0xy5kcRw9xTkF6-FZQ,48.8199885&2.3936463,2024-02-27T18:00:00.000Z,60,13.5,public,true,Détente,2,8Jre03KIPaMAxaeFJvMxvhOsyxE3,10,10,1,0,0,0,1
vIVnYDokqNWtukP9o2fC,Top Ten,published,pro,ChIJfXprBx4b5kcRmhe-5pLZUek,48.8729106&2.6840919,2024-02-21T20:30:00.000Z,90,16.5,public,false,,,i27253AGxOfXgYJK72sBnvUGuMk2,0,10,0,0,0,0,0
vJdoJUKjB6mv6JvJbL7R,Sun Set Soccer,played,captain,ChIJ-2jOt33D9EcRLZL2mS5Gvz4,45.6768927&4.9409477,2024-03-03T12:55:00.000Z,60,8,public,false,Détente,3,dyqAypfBKCdOz7PYWYDqqybTTXB3,10,10,4,0,0,0,0
vKGFqm11g0WYLfYN0T5X,Antony,played,captain,ChIJf8cFRhF35kcR0D6LaMOCCwQ,48.759255&2.302553,2024-02-24T08:30:00.000Z,90,10,public,false,Détente,3,Dohg1zNvhsbmGrYuAmExKFyjruw2,10,10,0,0,0,0,0
vKs7xSrZUzy5CL27YyXS,Monclub Futbol,canceled,captain,ChIJGbxxaamUyRIRgGvhHnhJStA,43.4299152&5.4001974,2024-02-24T19:00:00.000Z,60,10,public,false,Détente,3,JXgzogTjfAbdnc8ScYtyFdGOLUq2,1,10,0,0,0,0,0
vKvpE9CNyBigOmOeURXu,LE FIVE Morangis,canceled,captain,ChIJA4uAhOXZ5UcRp-vZXZP-ovY,48.692672&2.3192811,2024-02-28T18:30:00.000Z,60,12,public,false,Détente,2,L3NqknvMjRffjZM4VS8GCkrNQCg1,7,10,0,0,0,0,0
vL2GhW6t04VHHjkZ7I8N,LE FIVE VITROLLES,played,captain,ChIJi4A-IrHoyRIRunoYLEGNeYI,43.4338497&5.240971399999999,2024-02-25T17:00:00.000Z,60,10,public,false,Compétition,4,RZjIP0X67tM4LKY3FF5apu37vKC2,10,10,3,0,0,0,0
vLufuyhaPg095FWCJh3a,CA Romainville,canceled,captain,ChIJ6ZZX-Itt5kcRjhHfH1Jkgdc,48.8869386&2.4421851,2024-02-25T09:30:00.000Z,90,,public,false,Détente,4,lp3HxMszwUT4btAAKLAKDzNdP1j1,4,22,0,0,0,0,0
vMAaRYgNx1tmMKGdSQeq,Top Ten,played,pro,ChIJfXprBx4b5kcRmhe-5pLZUek,48.8729106&2.6840919,2024-02-22T17:30:00.000Z,90,16.5,public,false,,,i27253AGxOfXgYJK72sBnvUGuMk2,10,10,3,0,0,0,0
vNCIHpnpzHFNGETGvJbZ,LE FIVE Paris 18,canceled,captain,ChIJpVT4_n1u5kcRzji6FdTBXXo,48.8978522&2.3700234,2024-03-04T17:00:00.000Z,60,,public,true,Détente,3,1N7kRUHpRBWmb9LWjI5zZzSALyD2,10,10,0,0,0,0,1
vNEh8sqF7vmxqvKdnzI5,UrbanSoccer - Porte d'Aubervilliers,played,captain,ChIJ0dXjDCZs5kcRvX0EpMwxsUY,48.9074912&2.3746518,2024-03-04T18:00:00.000Z,60,11.5,public,true,Détente,2,ZOivcpUstrWsw2CjP0zIcqKQZJA2,10,10,1,0,0,0,0
vNHhpnwivqMSs9krLpsf,LE FIVE Bezons,canceled,captain,ChIJ71Mv0Wpk5kcRg-H9x7L-dXo,48.9190524&2.211796,2024-03-06T21:30:00.000Z,90,7.5,public,true,Détente,3,dBD02rAC5oQIz0nnrufdD9xkNc83,5,10,0,0,0,0,1
vO2IUjPm8ja1cXrx6qps,UrbanSoccer - Puteaux,played,captain,ChIJM_sC0-Nk5kcRhL1y_EFIje8,48.8836397&2.2312283,2024-02-25T12:45:00.000Z,60,14,public,true,Détente,3,tCgYzA93OAfeBigkXkgTd2hkkfp2,10,10,1,0,0,0,1
vO6nW4jKh8EvUu6W9k05,Footsal,played,captain,ChIJa7HS298pw0cRMoVDj0XqVdI,50.6397895&3.1251337,2024-02-22T19:15:00.000Z,60,5,public,false,Détente,3,ivvysabbD0b4rucXt7vjkhCCeNX2,10,10,0,0,0,0,0
vPJ5ZTi0OZHMH4ebydJR,OHSPORT,played,captain,ChIJHeG9fA4X5kcRbGNzVY5Ud5I,48.9672396&2.5670436,2024-03-01T18:30:00.000Z,60,10,public,false,Détente,3,GBaaNMW5EBMaS7dpYN996kWg1oB2,10,10,1,0,0,0,1
vT4Wv0OBkurhGgbgjDdk,Gymnase Municipal Maurice Bacquet,canceled,captain,ChIJA9DcrxBA5kcRK-Eav36o0HM,49.0290782&2.4604725,2024-02-25T14:00:00.000Z,90,,public,false,Détente,3,QqCjlca15HdnAvALHA0FzUBbbX42,12,16,0,0,0,0,3
vTdEHriu7jxQg16ga9Oa,Footbox,canceled,pro,ChIJY-WkusIR5kcR-tEad3UtaSQ,48.9022789&2.582647,2024-03-05T16:00:00.000Z,60,7,public,false,,,QI89VPazyLhBVnWH871jk4BUEZI3,0,10,0,0,0,0,0
vUt1MxZNSlYh11OviRQ2,LE FIVE Champigny,canceled,captain,ChIJsXi1PLYN5kcRTVVDuczgS2s,48.8194084&2.5251846,2024-02-22T22:00:00.000Z,90,10,public,false,Compétition,4,MniR3ZbIhXaeE4uVABsGYNQmjlw2,10,10,0,0,0,0,1
vVEUdkG91Gr19hw0n0SS,Stade Suzanne Lenglen,played,captain,ChIJvTSVwnVw5kcR9CmKGXIcwtA,48.83101689999999&2.272363,2024-02-21T19:00:00.000Z,60,,public,false,Compétition,3,fIBmTCaBSgfkUsqoJg8f8UMwwYZ2,16,16,7,0,0,0,1
vYUcOsnVmRpqZGVsCXEr,UrbanSoccer - Puteaux,played,captain,ChIJM_sC0-Nk5kcRhL1y_EFIje8,48.8836397&2.2312283,2024-03-06T19:00:00.000Z,60,15,public,true,Détente,2,f16M58LlUePkNmqJcErZLqcim3p1,10,10,3,0,0,0,2
vc3YEUNiG3HWK33w1NCH,LE FIVE Paris 13,played,captain,ChIJ_bOSChhz5kcRZMTeq_6Gdzg,48.8181615&2.3658793,2024-03-06T21:00:00.000Z,60,14,public,true,Détente,3,wfWEwQfn3kPZRH5W0cjiWbJmEKV2,10,10,0,0,0,0,0
vdURCUZCdO5Da6A8PFqn,LE FIVE Paris 13,published,pro,ChIJ_bOSChhz5kcRZMTeq_6Gdzg,48.8181615&2.3658793,2024-02-25T13:00:00.000Z,60,10,public,false,,,FjSnzlRFFfhWVWQJGfIEwRc2ZMj2,0,10,0,0,0,0,0
vh79F5NBh1QCTkJUR0Gt,UrbanSoccer - Quai d'Ivry,published,captain,ChIJfXxYJ0xy5kcRw9xTkF6-FZQ,48.8199885&2.3936463,2024-03-02T19:00:00.000Z,60,11,public,true,Détente,,TlzRzYsO12cCrnkTHa9G1eY0ply2,8,10,0,0,0,0,0
vir69WCv1knZGdACID5E,LE FIVE Paris 18,played,pro,ChIJpVT4_n1u5kcRzji6FdTBXXo,48.8978522&2.3700234,2024-02-24T08:30:00.000Z,90,10,public,false,,,UQf33jQhVZhle917nO0h7D5qclV2,10,10,9,0,0,0,2
vj6bDwVuVuSpLw4KvIVc,Stadium Thiais,published,pro,ChIJ64X9jzx05kcRsHvSfOv6UcA,48.7511024&2.3713455,2024-03-05T21:00:00.000Z,90,12,public,false,,,psf3NmXEPwdCltHKJC7VuvJocrF3,0,10,0,0,0,0,0
vlmSeE5NsPfEYpTCaYp5,OHSPORT,canceled,captain,ChIJHeG9fA4X5kcRbGNzVY5Ud5I,48.9672396&2.5670436,2024-02-26T21:00:00.000Z,90,13,public,false,Compétition,,aAxTlVFAwGgJFOjck5qyWaNj2FI2,4,10,0,0,0,0,1
vmaL0TRO7fgvhxFHvTXo,We Are Sports,played,captain,ChIJFZU5oBHC9EcRJTFrSkI1xxg,45.7113247&4.8761886,2024-02-22T20:00:00.000Z,60,10,public,false,Détente,3,G9fCo1YrfAVRluycLqlTrkfTDzs1,12,12,3,0,0,0,0
vnKjxcVuuaYwgL0iFUBd,Play Soccer,played,captain,ChIJQ-UxZn-5rhIRKWoQydM5T9s,43.5512023&1.4098927,2024-03-02T15:00:00.000Z,90,12,public,false,Détente,3,8LtkeOuZHeePxfkXdNPmQSr7V9L2,10,10,2,0,0,0,0
vpzUyVANrGTrOrQkxjbc,Le CR5,canceled,captain,ChIJnVE47IHn5UcRr5XRwCaPE38,48.5655349&2.4533388,2024-02-24T13:30:00.000Z,90,10,public,false,Détente,3,kzMy3RbMU2YFuT3LBdOZYoC6XYu2,5,10,0,0,0,0,0
vqIK6LrM7z0ISjZArTaX,UrbanSoccer - Porte d'Aubervilliers,played,captain,ChIJ0dXjDCZs5kcRvX0EpMwxsUY,48.9074912&2.3746518,2024-03-07T17:30:00.000Z,90,19.5,public,true,Détente,2,MjpqLjwjISeHIE5ULGDu2a1UO6x2,10,10,0,0,0,0,1
vqfVyjVPaBWq7oAoz8LS,UrbanSoccer - Toulouse Sept Deniers,played,captain,ChIJk5nUBdOkrhIRP-1aUJzo-lA,43.6321552&1.411696,2024-02-22T19:00:00.000Z,60,10,public,true,,3,AZqIUGnpvAdoyOqgO7v64C13Gnp1,10,10,1,0,0,0,0
vsSpjiBuyNDBoz7k91WD,LE FIVE Paris 18,played,captain,ChIJpVT4_n1u5kcRzji6FdTBXXo,48.8978522&2.3700234,2024-03-03T13:50:00.000Z,60,14,public,true,Détente,3,Vs86WK03L2e6HpXNNaTFwveyg7i1,10,10,1,0,0,0,2
vwqvK4klq0p8Ga17M8x0,LE FIVE Montreuil,published,pro,ChIJJdTQjr0T5kcRZmGxtIJVy44,48.8613036&2.4653095,2024-02-21T22:00:00.000Z,60,8,public,false,,,u9uC1vjdcdQ3UqNxI0SiFxor0m43,0,10,0,0,0,0,0
vxor4KRit10yrdbiAuFq,LE FIVE Paris 18,played,pro,ChIJpVT4_n1u5kcRzji6FdTBXXo,48.8978522&2.3700234,2024-02-21T16:00:00.000Z,60,5,public,false,,,UQf33jQhVZhle917nO0h7D5qclV2,10,10,8,0,0,4,3
vxuMbezBCaXC64tDXwtT,Speed Soccer Five,published,pro,ChIJ2xTNglV25kcR3UDi4AXGfDU,48.7360598&2.315058,2024-02-26T17:00:00.000Z,90,13,public,false,,,MkTJljXziPXBdRdijccndMLBNCC3,0,10,0,0,0,0,0
w0Cm97yfsez1qRrxAJrb,Mondial Soccer Martigues,published,captain,ChIJxSxBZ0rmyRIRD43lI6mPqdE,43.40826250000001&5.0265179,2024-02-23T20:00:00.000Z,60,10,public,false,Compétition,4,SF5lNJ4EbiZYY6toCiBhV1shUt12,4,10,0,0,0,0,0
w104okFV2Y97Z7aB8BCd,LE FIVE Créteil,canceled,captain,ChIJ88lx3VwL5kcRVxCh4lD6_Gk,48.7643086&2.4706522,2024-03-03T17:00:00.000Z,60,11,public,false,Détente,2,sEOFrWe6wKbi9Kql6KXQIIVDYgk2,9,10,0,0,0,0,0
w1pHXuzgDFo9zOg39BqK,LE FIVE Champigny,published,pro,ChIJsXi1PLYN5kcRTVVDuczgS2s,48.8194084&2.5251846,2024-02-22T17:00:00.000Z,60,11,public,false,,,evlV9mUgATYQ5343zpYZvk4w0r03,0,10,0,0,0,0,0
w4EKlP9CfPtc0i00W6bI,Stadium Thiais,published,pro,ChIJ64X9jzx05kcRsHvSfOv6UcA,48.7511024&2.3713455,2024-03-02T12:00:00.000Z,90,15,public,false,,,psf3NmXEPwdCltHKJC7VuvJocrF3,0,10,0,0,0,0,0
w4rYVs9ywerlM0mwu5zA,LE FIVE Paris 18,played,captain,ChIJpVT4_n1u5kcRzji6FdTBXXo,48.8978522&2.3700234,2024-03-05T20:00:00.000Z,60,14,public,true,Détente,2,9G9Tx5bjnGbkdE7klVdtvPGjp2t1,10,10,0,0,0,0,0
w7ST0rf5bhcZtLNSfDpf,LE FIVE Bezons,canceled,captain,ChIJ71Mv0Wpk5kcRg-H9x7L-dXo,48.9190524&2.211796,2024-02-27T18:00:00.000Z,60,12,public,true,Détente,3,rozWHJA9MMWn7asaS78B4zaxOgE3,9,10,0,0,0,0,0
w845UursZgPEHiOlKLCl,Sun Set Soccer,published,captain,ChIJ-2jOt33D9EcRLZL2mS5Gvz4,45.6768927&4.9409477,2024-02-29T12:55:00.000Z,60,8,public,false,Détente,3,dyqAypfBKCdOz7PYWYDqqybTTXB3,4,10,0,0,0,0,0
w8JsyPVDVgSyv2lCa8ge,La Plaine des Sports - Université Paris-Saclay,published,captain,ChIJv4ZkWb5_5kcRkQ23aJHNq24,48.71200899999999&2.1560772,2024-03-03T14:30:00.000Z,90,,public,false,Détente,3,s1eo4MV4gLdD17mf1RxuRaEJ7612,14,16,0,0,0,0,0
w9hndWNBuHTyD3VaWWA0,city stade montreuil,played,captain,ChIJv5cPk5tt5kcRblN9a2bAb7M,48.8649386&2.4451059,2024-03-05T08:00:00.000Z,90,,public,false,Détente,3,TvfgZbVxseU7fc8BBMawa8k7MLD2,12,12,3,0,0,0,1
wBOjrUqkTXIlaOkpJ1Bm,Stade Municipal de Saint-Thibault,canceled,captain,ChIJda9MyQQb5kcRSuUTbO0HbWQ,48.8579399&2.6758604,2024-02-25T14:00:00.000Z,90,,public,false,Détente,3,Fg0MFpHIExMWw0QuSoJbWj0GvyO2,8,16,0,0,0,0,0
wC1Bue8dzpMgunv9Axag,Sport dans la Ville Rhône-Alpes,played,captain,ChIJoUEDcmvr9EcRILCz6hDCQ2o,45.7811703&4.8081568,2024-03-05T18:30:00.000Z,90,13,public,false,Compétition,3,jIybTcoz4qQodKKdUzBBzeQFuEQ2,10,10,4,0,0,0,2
wCkPWg5nS8uEG6cgmJZu,LE FIVE Bezons,played,pro,ChIJ04KEHBZk5kcRoDWLaMOCCwQ,48.91909&2.2093051,2024-03-05T17:00:00.000Z,60,7,public,false,,,U3MriTZbPbTUEsU6RtRuHxDMKvg2,10,10,7,0,0,0,6
wIVlYud3vbY7zzI0oN3x,FOOT INDOOR Marseille,played,captain,ChIJ41AMCxC8yRIRLHLGt11sc-U,43.2859688&5.4882746,2024-03-07T17:00:00.000Z,60,10,public,false,,4,h5TA77PaURNmlyL3b0Bplu2pcID3,10,10,3,0,0,0,1
wLrwlQj0nzgbKece23bn,Speed Soccer Five,canceled,captain,ChIJ2xTNglV25kcR3UDi4AXGfDU,48.7360598&2.315058,2024-02-20T17:30:00.000Z,90,13,public,false,Détente,2,rLlJ6hP5ZcMnYcCQSOtgRY1sQkR2,5,10,0,0,0,0,0
wMkizfqcAqqstgHAQLvy,Speed Soccer Five,published,pro,ChIJ2xTNglV25kcR3UDi4AXGfDU,48.7360598&2.315058,2024-02-23T17:30:00.000Z,60,9,public,false,,,MkTJljXziPXBdRdijccndMLBNCC3,0,10,0,0,0,0,0
wOKCJ3huW8YTcuE9NknK,LE FIVE Montreuil,published,pro,ChIJJdTQjr0T5kcRZmGxtIJVy44,48.8613036&2.4653095,2024-02-20T16:00:00.000Z,60,7,public,false,,,u9uC1vjdcdQ3UqNxI0SiFxor0m43,0,10,0,0,0,0,0
wPIDbmQw8gG8g6tpVHno,Top Ten,canceled,pro,ChIJfXprBx4b5kcRmhe-5pLZUek,48.8729106&2.6840919,2024-02-25T12:00:00.000Z,90,15,public,false,,,i27253AGxOfXgYJK72sBnvUGuMk2,0,10,0,0,0,0,0
wS52lI77ddjiFTqHbMjq,UrbanSoccer La Défense,played,captain,ChIJh4rnfVhk5kcRV2Q-ZKdm8vA,48.8996456&2.2216773,2024-02-21T11:00:00.000Z,60,12.5,public,true,Détente,3,KqaVHeKo0OTik9wtB00xPiAvZeJ3,10,10,3,0,0,1,1
wSkCAtALGr6fMcDF5efw,Parc Sainte Barbe,canceled,captain,ChIJtw301r5w5kcRvRjidiuAyaw,48.7922897&2.2913469,2024-03-04T17:00:00.000Z,120,,public,false,Détente,4,rzC8A0bd4afb9AWrHKlCPT9461y1,9,16,0,0,0,0,0
wWbjDr8ipE3k1svuPkrb,FOOT IN FIVE,canceled,captain,ChIJoUR0syFp5kcRUlStnwluaYY,48.9552257&2.3328346,2024-03-03T09:30:00.000Z,90,15,public,false,,3,dtFq1JByaGRa7hIWMaszrnWWzUN2,7,10,0,0,0,0,0
wZdnHI10VQB1Sbi29rI8,Cap Loisirs,played,captain,ChIJ6xl7EP2irhIRG2TbDQazLzE,43.64393279999999&1.4791113,2024-03-02T10:00:00.000Z,90,6,public,false,Détente,2,Ig64ZF2Ct9c4jhqlrqeMFtYtkvf2,10,10,1,0,0,0,0
wamvrsCLc1Y40qEgScXG,Centre sportif Suzanne Lenglen,played,captain,ChIJjyw8lw975kcRB8dEmGn3P0Q,48.8302835&2.2740847,2024-02-23T11:10:00.000Z,120,,public,false,Compétition,4,5ZFAXvTOmLYzhNIqotcmtSz74Hw2,16,16,7,0,0,0,5
wkoetaGBXxTPEUHBsvF1,LE FIVE Montreuil,published,pro,ChIJJdTQjr0T5kcRZmGxtIJVy44,48.8613036&2.4653095,2024-02-29T11:00:00.000Z,90,10.5,public,false,,,u9uC1vjdcdQ3UqNxI0SiFxor0m43,0,10,0,0,0,0,0
wlSAhgENx8VFrwu5ji5P,Footbox,published,pro,ChIJY-WkusIR5kcR-tEad3UtaSQ,48.9022789&2.582647,2024-02-21T22:00:00.000Z,60,10,public,false,,,QI89VPazyLhBVnWH871jk4BUEZI3,0,10,0,0,0,0,0
wlq9o8fcfQPrx2Kd58sd,Testing Purposes,published,pro,,67.461524&-152.801377,2024-03-05T15:00:00.000Z,90,12,public,false,,,f2LrY7SAV3U1V9tUVAZfiMxA3uu1,0,10,0,0,0,0,0
wmygljnNJW3zeFSk4JBD,Parc Interdépartemental des Sports du Tremblay,played,captain,,48.8281085&2.491365,2024-02-29T15:00:00.000Z,90,,public,false,Compétition,4,OKSK9YmBnhPYPn6fchCcUo9A2Mt2,18,18,1,0,0,0,7
wnuiGpfHVemRknyyccEz,Foot POWER 5,canceled,pro,ChIJuTCIFshm5kcRBtEQJ76dAzc,48.960066&2.2061913,2024-02-27T21:30:00.000Z,90,7,public,false,,,sss3dYi6nzWd7rEjwcQ30LGKudj1,0,10,0,0,0,0,0
wp3JjlqWObvmzIjMcwNP,LE FIVE Paris 18,canceled,pro,ChIJpVT4_n1u5kcRzji6FdTBXXo,48.8978522&2.3700234,2024-02-21T21:20:00.000Z,90,10,public,false,,,UQf33jQhVZhle917nO0h7D5qclV2,0,10,0,0,0,0,0
wp7NAoEshmWWRg2jaVly,Soccer Five,played,captain,ChIJp0K53sp55kcR61-WTU8Yv5k,48.7368129&2.2591558,2024-03-03T08:20:00.000Z,90,10,public,false,Détente,3,Dohg1zNvhsbmGrYuAmExKFyjruw2,10,10,1,0,1,0,0
wqKEFp9Zw41MfjNE7bDI,Play Soccer,played,captain,ChIJQ-UxZn-5rhIRKWoQydM5T9s,43.5512023&1.4098927,2024-02-25T17:30:00.000Z,90,12,public,false,,,pL0skPQs4CYYVXb682MCC9jXu8K2,10,10,2,0,0,0,0
wqvC6I7ot6LmQR6zJehG,Stadium Thiais,played,pro,,48.7511024&2.3713455,2024-03-04T21:00:00.000Z,90,14,public,false,,,psf3NmXEPwdCltHKJC7VuvJocrF3,10,10,6,0,0,0,0
wtunBCNNpyU0H4fuohkM,Stadium Thiais,published,captain,ChIJ64X9jzx05kcRsHvSfOv6UcA,48.7511137&2.3715422,2024-03-07T16:30:00.000Z,90,10,public,false,Détente,3,Dohg1zNvhsbmGrYuAmExKFyjruw2,8,10,0,0,0,0,0
wuWB3M8TjEL2EEw62eXQ,Stadium Thiais,published,captain,ChIJ64X9jzx05kcRsHvSfOv6UcA,48.7511137&2.3715422,2024-02-27T16:00:00.000Z,120,10,public,false,Compétition,3,Dohg1zNvhsbmGrYuAmExKFyjruw2,9,10,0,0,0,0,1
wv924oy4xFNvPcu8GRkS,LE FIVE Villette,played,captain,ChIJTUFnQjps5kcR0pHITLTw1PI,48.9070122&2.3861459,2024-02-27T09:00:00.000Z,90,10,public,false,Détente,3,YOdxAqtz51MwesRE26xrBEduX0x2,10,10,3,0,0,0,0
wxiwuP82a6fg57B6XuTB,City Stade Sud Bagneux,canceled,captain,ChIJpVLJJgBx5kcRQcHAfkzSr8Y,48.78808679999999&2.3022635,2024-03-03T17:30:00.000Z,120,,public,false,Compétition,4,oKfGVfs7dYecPpobKfuTXiuhh8J3,8,14,0,0,0,0,1
wyNkVfpYa8GnK7XZMHqa,Foot POWER 5,canceled,pro,ChIJuTCIFshm5kcRBtEQJ76dAzc,48.960066&2.2061913,2024-02-26T17:00:00.000Z,90,5,public,false,,,sss3dYi6nzWd7rEjwcQ30LGKudj1,0,10,0,0,0,0,0
wzRsmQo30zvoUB7sEHqa,UrbanSoccer - Marne-La-Vallée,canceled,captain,ChIJ6bDBiosP5kcROXiloHzSdhc,48.82658600000001&2.6296937,2024-02-29T11:30:00.000Z,60,7,public,true,Détente,2,udH7PEmERZRDXnPrZtGYKjXtR223,8,10,0,0,0,0,0
x06zVmwhysB6cAZ9sS8c,Speed Soccer Five,published,pro,ChIJ2xTNglV25kcR3UDi4AXGfDU,48.7360598&2.315058,2024-03-05T17:00:00.000Z,90,13,public,false,,,MkTJljXziPXBdRdijccndMLBNCC3,0,10,0,0,0,0,0
x1gzGUiflZ1uDGNNMiF1,Footbox,published,pro,ChIJY-WkusIR5kcR-tEad3UtaSQ,48.9022789&2.582647,2024-03-04T22:00:00.000Z,60,10,public,false,,,QI89VPazyLhBVnWH871jk4BUEZI3,0,10,0,0,0,0,0
x5rcM9lafCzHL4HiCQTS,Footbox,published,pro,ChIJY-WkusIR5kcR-tEad3UtaSQ,48.9022789&2.582647,2024-02-24T12:00:00.000Z,60,10,public,false,,,QI89VPazyLhBVnWH871jk4BUEZI3,0,10,0,0,0,0,0
x8HJRydcWZuEnru2hRs6,Top Ten,published,pro,ChIJfXprBx4b5kcRmhe-5pLZUek,48.8729106&2.6840919,2024-02-24T08:00:00.000Z,90,15,public,false,,,i27253AGxOfXgYJK72sBnvUGuMk2,0,10,0,0,0,0,0
x8SLqNuZOznXIliCI5MB,UrbanSoccer La Défense,played,captain,ChIJh4rnfVhk5kcRV2Q-ZKdm8vA,48.8996456&2.2216773,2024-03-07T18:00:00.000Z,60,,public,true,Compétition,3,S4gHS0qqAAa9s5JBjmFZqVobUI02,10,10,1,0,0,0,2
xAjrTJiwiTJiJMBmn4TD,LE FIVE Bobigny,published,pro,ChIJV8UONORs5kcRXxR5Qd7x130,48.901553&2.4313304,2024-02-29T17:00:00.000Z,60,8,public,false,,,4owi3i7t8EOvFNF6UQvACOpiDRy1,0,10,0,0,0,0,1
xC3yD3KLaCqXgfxRb6A2,LE FIVE Paris 17,played,pro,ChIJ7eI8sFNv5kcR5xy52Wc57NU,48.900032&2.3213449,2024-02-22T16:00:00.000Z,60,5,public,false,,,V6mqbc9C8FNa1RQlUupjeoqOsZL2,10,10,8,0,1,0,3
xDz0WUNQHxvsX80qe8ci,Foot POWER 5,canceled,pro,ChIJuTCIFshm5kcRBtEQJ76dAzc,48.960066&2.2061913,2024-02-23T17:00:00.000Z,90,5,public,false,,,sss3dYi6nzWd7rEjwcQ30LGKudj1,0,10,0,0,0,0,0
xF4KjTaPWYqxCq3hqOFi,Stadium Thiais,published,pro,ChIJ64X9jzx05kcRsHvSfOv6UcA,48.7511024&2.3713455,2024-03-06T14:00:00.000Z,90,8,public,false,,,psf3NmXEPwdCltHKJC7VuvJocrF3,0,10,0,0,0,0,0
xGmuu4mq4tONPe58bP53,UrbanSoccer - Quai d'Ivry,played,captain,ChIJfXxYJ0xy5kcRw9xTkF6-FZQ,48.8199885&2.3936463,2024-03-01T20:15:00.000Z,30,13.5,public,true,Détente,4,TjGDzFudrqOi7iaBTjiVmvkMlyY2,10,10,2,0,0,0,0
xH1bZ9r4uhpBlrUoOo2d,"Plateau sportif Langevin, Gennevilliers",canceled,captain,ChIJufyQ7mpv5kcR-d-H3ZeTPb4,48.9278928&2.2874652,2024-03-05T17:15:00.000Z,90,,public,false,Compétition,5,IPBsO07hSPQnWzruNVQADGFnN7F2,8,10,0,0,0,0,2
xHS3yP1ouJ2wG8LM4uhL,UrbanSoccer - Toulouse Sept Deniers,canceled,captain,ChIJk5nUBdOkrhIRP-1aUJzo-lA,43.6321552&1.411696,2024-02-24T17:30:00.000Z,60,8,public,true,Détente,3,R7i6QyBIZQdWXcpxRGEOjvJj3rG3,4,10,0,0,0,0,0
xN2fYWzapsRRdT6ozGR4,UrbanSoccer - Lyon Parilly,played,captain,ChIJx3FQWjLC9EcRrrQb2eV7i_4,45.7120399&4.9039284,2024-02-28T20:00:00.000Z,60,10,public,true,Détente,3,P1kmy2dcNZVhGPonuyLGSdki2X53,10,10,0,0,0,0,0
xNRREAXtD4AxnUHLrQO1,Soccer Five,published,captain,ChIJp0K53sp55kcR61-WTU8Yv5k,48.7368129&2.2591558,2024-03-02T08:30:00.000Z,90,,public,false,Détente,2,Dohg1zNvhsbmGrYuAmExKFyjruw2,9,10,0,0,0,0,1
xOGzNU18ZcgS7JVFAN5I,UrbanSoccer - Puteaux,canceled,captain,ChIJM_sC0-Nk5kcRhL1y_EFIje8,48.8836397&2.2312283,2024-02-21T11:00:00.000Z,60,12,public,true,Détente,,jV7IvYbIjPQ4xm56MmYUh7G1G3E3,9,10,0,0,0,0,0
xOZhq6i2C2RFZI9Lab0G,Classico Foot,played,captain,ChIJFV442oCxrhIRgsZy5aIbkNs,43.5945434&1.2911399,2024-03-07T18:00:00.000Z,60,9,public,false,Détente,3,vUWQFcI3qvfj7dYJmxoD08VVvr92,10,10,1,0,0,0,0
xOfbBYggumlvDB9CZWIs,Stadium Thiais,played,pro,ChIJ64X9jzx05kcRsHvSfOv6UcA,48.7511024&2.3713455,2024-03-06T16:30:00.000Z,90,10,public,false,,,psf3NmXEPwdCltHKJC7VuvJocrF3,10,10,8,0,0,0,1
xQkXKi6uFRUWIHTC4yOG,UrbanSoccer - Puteaux,canceled,captain,ChIJM_sC0-Nk5kcRhL1y_EFIje8,48.8836397&2.2312283,2024-03-04T20:00:00.000Z,60,15,private,true,Détente,3,ujrkM923ZkZfdxOxjC0wVMcRqxw1,9,10,0,0,0,0,0
xRxI4xdKvwNT53S6YkYU,Rue du Musée,canceled,captain,ChIJ4ypzX6B15kcRFesay1dBJco,48.71676&2.39852,2024-02-24T12:00:00.000Z,120,1,private,false,Détente,3,5v9WX6HkohWW6s4r8BR39p1iJxu1,1,16,0,0,0,0,0
xRzpghXaGUbpS0VggJIi,L PARK - LE FIVE - 4PADEL Lens Liévin,canceled,captain,ChIJ291icE063UcR1gWGn8xhzpw,50.429107&2.742526,2024-03-03T19:00:00.000Z,60,9,public,false,Compétition,,xUb9RNRhFHZee4LOso2Q4b4utnl1,5,10,0,0,0,0,0
xT5iCTdOj0nbya3e3oHw,LE FIVE Sarcelles,canceled,captain,ChIJ6_q3Fxhq5kcRCpoEwnoXX1Q,48.99782219999999&2.3902225,2024-02-24T17:30:00.000Z,90,13,public,false,Détente,2,L4QAUVj8zrYPOCTtsHowHG22pYM2,9,10,0,0,0,0,2
xTBOOachcwWL8ezHw9Ry,LE FIVE Paris 17,played,captain,ChIJ7eI8sFNv5kcR5xy52Wc57NU,48.900032&2.3213449,2024-03-06T19:00:00.000Z,60,15,public,true,Compétition,4,ZidUI17vP3O4O2TRIuy8L2QLUrj1,10,10,0,0,0,0,0
xTBWpVe2DpL4QXpzXwvN,UrbanSoccer - Quai d'Ivry,played,captain,ChIJfXxYJ0xy5kcRw9xTkF6-FZQ,48.8199885&2.3936463,2024-02-23T20:30:00.000Z,60,13.5,public,true,Compétition,5,X6UBi8u9Mrh2O5VLF0syURlxDxt2,10,10,0,0,0,0,3
xWBqkY9fEiYc6v0cdkdD,LE FIVE Sarcelles,played,captain,ChIJ6_q3Fxhq5kcRCpoEwnoXX1Q,48.99782219999999&2.3902225,2024-02-24T19:15:00.000Z,90,13,public,false,Détente,,teJWyUweiHbF7gi2wai3tq2vDQI3,10,10,2,0,0,0,5
xX07gO3djOzjAS7XYIO3,Stadium Thiais,played,captain,ChIJ64X9jzx05kcRsHvSfOv6UcA,48.7511137&2.3715422,2024-03-07T16:00:00.000Z,120,10,public,false,Détente,3,Dohg1zNvhsbmGrYuAmExKFyjruw2,10,10,8,0,0,0,1
xdrRybdfk0SouGiloqt6,Stadium Thiais,published,pro,ChIJ64X9jzx05kcRsHvSfOv6UcA,48.7511024&2.3713455,2024-02-27T21:00:00.000Z,90,14,public,false,,,psf3NmXEPwdCltHKJC7VuvJocrF3,0,10,0,0,0,0,1
xgv93zUNIBSjJoUPtZdP,LE FIVE Paris 18,canceled,captain,ChIJpVT4_n1u5kcRzji6FdTBXXo,48.8978522&2.3700234,2024-02-27T18:00:00.000Z,60,14,public,true,Détente,2,b6YEDso1dEacop5untleGa1g1Pq2,9,10,0,0,0,0,0
xjasJiFN8mRvlUwJVPJL,Stadium Thiais,hidden,pro,ChIJ64X9jzx05kcRsHvSfOv6UcA,48.7511024&2.3713455,2024-02-23T21:00:00.000Z,90,14,public,false,,,psf3NmXEPwdCltHKJC7VuvJocrF3,0,12,0,0,0,0,0
xjfbaNjxonnXpTZhutgi,UrbanSoccer Evry,published,captain,ChIJW0Ut1G7e5UcRt621n2fRQ5M,48.6286849&2.4066366,2024-03-02T10:30:00.000Z,60,8.5,private,true,Détente,3,SehqXRhSXXg8teLwqalefRWWTZJ2,9,10,0,0,0,0,0
xlXokCdsFEAuEJ4MmKOz,LE FIVE VITROLLES,published,captain,ChIJi4A-IrHoyRIRunoYLEGNeYI,43.4338497&5.240971399999999,2024-02-20T17:00:00.000Z,60,10,private,false,Détente,,6E5dYktiK0arI1P4shBKmnq4Ao42,1,10,0,0,0,0,1
xmdCIJfepKTvc6zh9r1y,LE FIVE Paris 18,played,pro,ChIJpVT4_n1u5kcRzji6FdTBXXo,48.8978522&2.3700234,2024-03-04T21:20:00.000Z,90,10,public,false,,,UQf33jQhVZhle917nO0h7D5qclV2,10,10,3,0,0,0,5
xnUVGcLztIX2AiWp2dwf,UrbanSoccer Evry,played,captain,ChIJW0Ut1G7e5UcRt621n2fRQ5M,48.6286849&2.4066366,2024-02-23T18:50:00.000Z,60,11,public,true,Détente,3,Vd2iHvVtEXeFAMwDEbfUKIFmccd2,10,10,2,0,0,0,1
xp1YyDMK0HKQG4dXb0gn,Créteil-Université,canceled,captain,ChIJGfwESEtz5kcRbDNcd1MW_aQ,48.7899812&2.4505074,2024-03-02T12:00:00.000Z,90,,public,false,Détente,2,ZuqTKctNzwWy5eYfYU2k2at0bQb2,6,10,0,0,0,0,2
xp3RWCI9joGOndQ84NtI,Stade de la grenouillère,canceled,captain,ChIJ72-ON8135kcR__Ke_xtObCM,48.763303&2.2958683,2024-03-02T09:00:00.000Z,120,,public,false,Compétition,3,no9aGJapofRRjh3FuL3nyou2xXH3,9,16,0,0,0,0,2
xp77xx8yx9LuPOze3Vsn,Stadium Thiais,published,pro,ChIJ64X9jzx05kcRsHvSfOv6UcA,48.7511024&2.3713455,2024-03-05T18:00:00.000Z,90,13,public,false,,,psf3NmXEPwdCltHKJC7VuvJocrF3,1,10,0,0,0,0,1
xpIJg96YbisWOYXySb3t,Foot-Max Argenteuil,published,pro,ChIJi9oIzaRm5kcRJYcK7QsdRMU,48.9501632&2.2093946,2024-02-27T21:30:00.000Z,90,12,public,false,,,SuEnyPZ4TgNIkt1yap2yJ3ZHO6p1,0,10,0,0,0,0,0
xq3OEHrul2w4dbjET6Fy,Stadium Thiais,canceled,captain,ChIJ64X9jzx05kcRsHvSfOv6UcA,48.7511137&2.3715422,2024-02-29T16:30:00.000Z,90,11,public,false,Détente,2,9mB7O9V6cvNa10ZZllincPy2wLy1,9,10,0,0,0,0,0
xqIsLZPRG5uknn7CVvEo,LE FIVE Paris 18,played,captain,ChIJpVT4_n1u5kcRzji6FdTBXXo,48.8978522&2.3700234,2024-03-05T10:30:00.000Z,90,,public,true,Détente,3,6DmsK3tMKndZzQK9CxCRsfRkP083,10,10,3,0,0,0,0
xqsUfhBszqRX8gA3Lx6J,UrbanSoccer - Toulouse Sept Deniers,canceled,captain,ChIJk5nUBdOkrhIRP-1aUJzo-lA,43.6321552&1.411696,2024-02-24T17:30:00.000Z,60,9,public,true,Détente,,X8HBrsdKMnQfqfukysx17h01UZp1,6,10,0,0,0,0,0
xsVSrOvUQ4B7qnEXFQkG,Evolution Football,canceled,captain,ChIJX0YulIi8yRIRnGh62u3UXTQ,43.2836074&5.52356,2024-02-29T17:30:00.000Z,60,9,public,false,Détente,2,OdgH0coRMCWGf3xNEkvfrerxYl52,10,10,0,0,0,0,0
xsf1cQbF1Nlr6dqFBhVP,LE FIVE Paris 18,published,pro,ChIJpVT4_n1u5kcRzji6FdTBXXo,48.8978522&2.3700234,2024-03-03T09:00:00.000Z,60,12,public,false,,,UQf33jQhVZhle917nO0h7D5qclV2,2,10,0,0,0,0,0
xsgiv2J9Nt6K0MNrgXUz,city-stade,canceled,captain,ChIJE1CI4dxv5kcRyxG3qBa7dYE,48.9124217&2.3126372,2024-03-02T12:30:00.000Z,90,,public,false,Compétition,3,p6CSfplBr1bFDVdylKaSjfU2YpS2,2,14,0,0,0,0,0
xt7u4B9roGQj0VrtrH0A,Le Mercato FOOT INDOOR,played,captain,,43.3426654&5.4084961,2024-03-04T19:00:00.000Z,60,7.5,public,false,Détente,3,EQKS9H9OjiRvzXClqanvhDgHEMi2,10,10,1,0,0,0,2
xtTnCVk5wy4Je9iB0Cv5,LE FIVE Villette,played,captain,ChIJTUFnQjps5kcR0pHITLTw1PI,48.9070122&2.3861459,2024-02-29T21:15:00.000Z,90,14,public,false,Compétition,4,xP8WEGhszTboRCfK2hfHMko0szg1,10,10,6,0,0,0,5
xvIO00iMSgxuGpkJajul,LE FIVE Bezons,canceled,pro,ChIJ04KEHBZk5kcRoDWLaMOCCwQ,48.91909&2.2093051,2024-03-07T17:00:00.000Z,60,7,public,false,,,U3MriTZbPbTUEsU6RtRuHxDMKvg2,3,10,0,0,0,0,0
xx58Pi8udWV3xl34uKeQ,Stade Olympique Yves du Manoir,canceled,captain,ChIJYeUIntpl5kcRZsN35flVVAY,48.9292771&2.2477717,2024-03-02T09:50:00.000Z,90,,public,false,Détente,4,reugKjXkQXaI9FiNGhxGckIluo32,17,18,0,0,0,0,1
xxCqXPbH4sxzWeoliW9i,Stadium Thiais,published,pro,ChIJ64X9jzx05kcRsHvSfOv6UcA,48.7511024&2.3713455,2024-02-21T21:00:00.000Z,90,14,public,false,,,psf3NmXEPwdCltHKJC7VuvJocrF3,1,10,0,0,0,0,1
xzT2SdLCQ2Rp6KFDrLDm,LE FIVE Paris 13,played,captain,ChIJ_bOSChhz5kcRZMTeq_6Gdzg,48.8181615&2.3658793,2024-03-05T18:00:00.000Z,60,14,public,true,Détente,3,bMnf3LO1kVTtqXYOn3eCjNUrCi13,10,10,1,0,0,0,0
y1uPTVLt6g18Hy63ZuOD,STADIUM FOOT 5 VILLAGE,played,captain,ChIJbbOWFtC4yRIR0WXVerbWmnE,43.269413&5.4260321,2024-02-25T10:00:00.000Z,90,15,public,false,Détente,2,MKjoGJESIIfNKw5sH93VODBuvLv2,10,10,3,0,1,0,0
y2bR9ZB4kV5lI76BX8zY,Stade Jacques Lenoble,published,captain,ChIJoWAxwG9j5kcRyILHJ9xQVBs,48.8883428&2.1772335,2024-03-02T10:10:00.000Z,120,,public,false,,3,aXIBkrlnCjhgZ3SXMJTBLi5ZPej2,9,10,0,0,0,0,0
y2dd3cvHvRRSqGQ9fuKr,LE FIVE Paris 18,played,pro,ChIJpVT4_n1u5kcRzji6FdTBXXo,48.8978522&2.3700234,2024-02-21T22:00:00.000Z,60,6,public,false,,,UQf33jQhVZhle917nO0h7D5qclV2,10,10,4,0,0,0,1
y4BZrc0kdyxDJf1kSRpK,Stade Gaston Bussière,played,captain,ChIJa2mHFCgV5kcRMwtLpKniYU0,48.93984709999999&2.5329682,2024-03-03T13:00:00.000Z,90,,public,false,Compétition,2,8585JxI6Wxer5hHoWLEO4webzZc2,16,16,9,0,1,1,4
y4iQak943zbnldZ4LNXS,UrbanSoccer - Asnières,published,captain,ChIJi5LkLT9v5kcRSlhScqEFNWs,48.92192379999999&2.3068311,2024-02-27T19:00:00.000Z,60,12,public,true,Détente,3,kfEgj0MU16UPonh31P5B54lFa0b2,9,10,0,0,0,0,0
y4mgR718fHbiuwHjXVuS,Le Street Foot en Salle,canceled,captain,ChIJt_AXL6Jg5kcRu6rBmnrmeUM,49.0164435&2.181307,2024-02-22T17:30:00.000Z,90,13,public,false,Détente,4,nbIeJMfFdLOMGZxWE7vBvEeV0Y92,9,10,0,0,0,0,2
y8L10EF7YOSibN8bY7Bi,Footbox,canceled,pro,ChIJY-WkusIR5kcR-tEad3UtaSQ,48.9022789&2.582647,2024-02-27T16:00:00.000Z,60,7,public,false,,,QI89VPazyLhBVnWH871jk4BUEZI3,0,10,0,0,0,0,0
yAI3r66dPuxb8K0yDvti,LE FIVE Paris 17,played,captain,ChIJ7eI8sFNv5kcR5xy52Wc57NU,48.900032&2.3213449,2024-02-23T17:00:00.000Z,60,12,public,true,Détente,2,hUPrwWlqiyZUWNTaMrjLIRGGwdR2,10,10,4,0,0,0,0
yDd5kyrxveVlKMF8YOBF,Game 13 foot indoor,played,captain,ChIJNSDvlsXryRIRUXao9hwB79I,43.41258939999999&5.366617,2024-03-06T18:30:00.000Z,60,10,public,false,Détente,4,RPwfyrL30dS1yvyJwGrn0z2HgSa2,10,10,5,0,0,0,1
yEgNgYUuzzz0ShTxws0w,Padel Football Club,canceled,captain,ChIJ62K5YQBh5kcRiSit3ITdkqg,49.0175597&2.1775182,2024-03-07T20:30:00.000Z,30,15,public,false,Compétition,,roqTCtLWtzZ7MZFTiKmsvCgMCiG2,9,10,0,0,0,0,0
yFSz30hqxc0qsQ1ZJ0de,LE FIVE Paris 18,canceled,captain,ChIJpVT4_n1u5kcRzji6FdTBXXo,48.8978522&2.3700234,2024-02-25T19:30:00.000Z,60,14,public,true,Détente,3,x6HXHeoKRgfgBIJmy2aFzazHHkb2,4,10,0,0,0,0,0
yGdGn7F27GnGgr1VJwly,UrbanSoccer La Défense,canceled,captain,ChIJh4rnfVhk5kcRV2Q-ZKdm8vA,48.8996456&2.2216773,2024-02-26T22:00:00.000Z,60,5,private,true,Compétition,,dcQcNZfbqHcv7qU4oYMRsVelgbA2,1,10,0,0,0,0,0
yGvDqrHCrdwNYadWWtE1,Plaine des Jeux de Gerland,played,captain,ChIJBYG18IPp9EcRUNpTJFdu8f0,45.7213257&4.8272967,2024-02-23T17:30:00.000Z,120,,public,false,,3,8XaHJbOBJIgL3amW0ioGahTgC3z1,16,16,4,0,0,0,1
yHMlo2eVQFML3mNFFC2A,UrbanSoccer - Quai d'Ivry,canceled,captain,ChIJfXxYJ0xy5kcRw9xTkF6-FZQ,48.8199885&2.3936463,2024-03-07T20:40:00.000Z,60,15,public,true,Détente,3,ag058i8xycSBGAlrvdNrn2cXl903,10,10,0,0,0,0,0
yHcpVjtrEMZSCDjfg9r8,UrbanSoccer - Porte d'Aubervilliers,played,captain,ChIJ0dXjDCZs5kcRvX0EpMwxsUY,48.9074912&2.3746518,2024-03-04T18:15:00.000Z,60,14,public,true,Détente,3,x6HXHeoKRgfgBIJmy2aFzazHHkb2,10,10,1,0,0,0,1
yHopGK4NUUGGSFQYht1V,LE FIVE Paris 13,canceled,captain,ChIJ_bOSChhz5kcRZMTeq_6Gdzg,48.8181615&2.3658793,2024-02-26T16:00:00.000Z,60,10,public,true,Détente,,3rIf1Zb5Hugqb3kzar5LUippcgu1,8,10,0,0,0,0,0
yKNyzMS4xgS3feIAAHNJ,Events Five,published,captain,ChIJf8cSCJG5rhIRoQadPH-wW1U,43.5399703&1.3922897,2024-03-04T18:00:00.000Z,60,20,public,false,Détente,3,J0OoPWXbUPQ7vUwUbvploampdj92,2,10,0,0,0,0,0
yMP5xKIpyNlykN9WQEHR,Stadium Thiais,played,pro,ChIJ64X9jzx05kcRsHvSfOv6UcA,48.7511024&2.3713455,2024-02-27T11:00:00.000Z,60,7,public,false,,,psf3NmXEPwdCltHKJC7VuvJocrF3,10,10,8,0,0,0,3
yNIINHUZF7QHb2S7BonY,Stadium Thiais,published,pro,ChIJ64X9jzx05kcRsHvSfOv6UcA,48.7511024&2.3713455,2024-02-20T20:30:00.000Z,90,15,public,false,,,psf3NmXEPwdCltHKJC7VuvJocrF3,0,10,0,0,0,0,0
yNcdtVSvY3LD613w2bsM,UrbanSoccer - Lyon Parilly,played,captain,ChIJx3FQWjLC9EcRrrQb2eV7i_4,45.7120399&4.9039284,2024-02-25T19:00:00.000Z,90,12.5,public,true,Compétition,3,vSeT6JrqdHW54HyGOZDjzrm9F742,10,10,0,0,0,0,0
yRMf5la7IzpIVFV1oF7M,LE FIVE Paris 18,published,pro,ChIJpVT4_n1u5kcRzji6FdTBXXo,48.8978522&2.3700234,2024-02-27T16:00:00.000Z,60,5,public,false,,,UQf33jQhVZhle917nO0h7D5qclV2,0,10,0,0,0,0,4
yS8S7GspXLTtYB7xNvoq,UrbanSoccer - Quai d'Ivry,played,captain,ChIJfXxYJ0xy5kcRw9xTkF6-FZQ,48.8199885&2.3936463,2024-03-02T14:30:00.000Z,90,18.5,public,true,Détente,3,1H4o3FWs1eN5mb4ncnj6W7vxpmK2,10,10,4,0,0,0,0
yWsWWxT7XaoaPgKoMUKc,LE FIVE Paris 17,published,captain,ChIJ7eI8sFNv5kcR5xy52Wc57NU,48.900032&2.3213449,2024-02-26T17:00:00.000Z,90,12.5,public,true,Chill,1,Lup1XVs4jvTQkE00gfWfza4oHGn2,9,10,0,0,0,0,0
yYjRS2mvG49oBCHSPmve,FOOT INDOOR Marseille,played,captain,ChIJ41AMCxC8yRIRLHLGt11sc-U,43.2859688&5.4882746,2024-03-01T17:45:00.000Z,60,10,public,false,Compétition,3,s28KGhmGFsUXO5xeXIrAIjXdxdF3,10,10,0,0,0,0,1
yZ0KfRRkQwQznsv7uzWJ,Play Soccer,played,captain,ChIJQ-UxZn-5rhIRKWoQydM5T9s,43.5512023&1.4098927,2024-03-07T17:00:00.000Z,60,9,public,false,Détente,,5vjtjQaQ5bai1zmwXC7G1Q9l8vI2,10,10,2,0,0,0,0
yZQ5ISCgOTKioNbyhnGU,Foot POWER 5,canceled,pro,ChIJuTCIFshm5kcRBtEQJ76dAzc,48.960066&2.2061913,2024-02-25T17:00:00.000Z,90,10,public,false,,,sss3dYi6nzWd7rEjwcQ30LGKudj1,0,10,0,0,0,0,0
ybMZCi72cvvU7VKK5XyQ,LE FIVE Bezons,played,pro,ChIJ04KEHBZk5kcRoDWLaMOCCwQ,48.91909&2.2093051,2024-03-06T17:00:00.000Z,60,7,public,false,,,U3MriTZbPbTUEsU6RtRuHxDMKvg2,10,10,7,0,0,0,3
yd82mTbU74ZvRtSSq8XU,LE FIVE Bezons,played,pro,ChIJ04KEHBZk5kcRoDWLaMOCCwQ,48.91909&2.2093051,2024-02-26T21:00:00.000Z,90,14,public,false,,,U3MriTZbPbTUEsU6RtRuHxDMKvg2,10,10,6,0,0,0,2
ydJNu3sGlkQRWWnTJTfe,Footbox,canceled,pro,ChIJY-WkusIR5kcR-tEad3UtaSQ,48.9022789&2.582647,2024-02-28T13:00:00.000Z,60,7,public,false,,,QI89VPazyLhBVnWH871jk4BUEZI3,0,10,0,0,0,0,0
yibOvicku2tcWgeLkSQB,Monclub Futbol,played,captain,ChIJGbxxaamUyRIRgGvhHnhJStA,43.4299152&5.4001974,2024-02-20T19:00:00.000Z,60,10,public,false,Détente,3,nxPNmtMLqxSZHx7hbX45VPndE5n1,10,10,2,0,0,0,0
ymYkeRrdtjbmLDVYq43c,UrbanSoccer La Défense,played,captain,ChIJh4rnfVhk5kcRV2Q-ZKdm8vA,48.8996456&2.2216773,2024-02-28T11:00:00.000Z,60,,public,true,Détente,2,9CzhFBDYHWOniAx03TXvupsJDMu2,10,10,2,0,0,0,1
ynM4PTeMIz0krFcMla1U,UrbanSoccer - Lyon Parilly,published,captain,ChIJx3FQWjLC9EcRrrQb2eV7i_4,45.7120399&4.9039284,2024-02-25T17:00:00.000Z,90,12.5,public,true,Compétition,3,vSeT6JrqdHW54HyGOZDjzrm9F742,9,10,0,0,0,0,0
ynUW9ta7BJfv4QmFsPiZ,Top Ten,published,pro,ChIJfXprBx4b5kcRmhe-5pLZUek,48.8729106&2.6840919,2024-03-07T21:30:00.000Z,90,16.5,public,false,,,i27253AGxOfXgYJK72sBnvUGuMk2,0,10,0,0,0,0,0
yoVQFDKKPT4TX5Tzwqb6,Stadium Thiais,published,pro,,48.7511024&2.3713455,2024-03-07T16:30:00.000Z,60,10,public,false,,,psf3NmXEPwdCltHKJC7VuvJocrF3,0,10,0,0,0,0,0
ypNUlWLPDbl7R1CJmgwu,UrbanSoccer - Porte d'Aubervilliers,played,captain,ChIJ0dXjDCZs5kcRvX0EpMwxsUY,48.9074912&2.3746518,2024-02-27T17:30:00.000Z,90,18,public,true,Détente,2,S1kbdCfNjvP7pjiUVt6x0YMsldm2,10,10,1,0,0,0,1
yr4uF306FeK6iWCK4SjO,LE FIVE Bordeaux,published,captain,ChIJteaBh_koVQ0RqH2VtN-qL5I,44.8798631&-0.5594838999999999,2024-02-27T17:30:00.000Z,60,11,public,false,Détente,2,Ecn4a58o5NWP8bACoOk3WHtOmUw2,8,10,0,0,0,0,0
yrGI04IajR91usXp6Y8l,UrbanSoccer - Puteaux,canceled,captain,,48.8836397&2.2312283,2024-02-26T18:30:00.000Z,60,13.5,public,true,Détente,2,ltZxkyljnVZm3foXd5XtuGQVLev1,9,10,0,0,0,0,0
yw8eSHwnwFLMx7MiSEaS,Padel Football Club,published,captain,ChIJ62K5YQBh5kcRiSit3ITdkqg,49.0175597&2.1775182,2024-03-07T20:30:00.000Z,90,15,public,false,,3,roqTCtLWtzZ7MZFTiKmsvCgMCiG2,9,10,0,0,0,0,0
yxAFkk3CvYEN2aPheHX2,Play Soccer,played,captain,ChIJQ-UxZn-5rhIRKWoQydM5T9s,43.5512023&1.4098927,2024-03-03T16:00:00.000Z,90,12,public,false,Compétition,,2NU7A9Qv4FSliapXOPdbyvoZIbt2,10,10,3,0,0,0,0
yxk9q9CgOkvGJUJcoD8E,Stadium Thiais,played,captain,ChIJ64X9jzx05kcRsHvSfOv6UcA,48.7511137&2.3715422,2024-03-01T16:00:00.000Z,90,10,public,false,Détente,,SzNQsGP8TdXh3EnEQMdyi3W1wDx1,12,12,3,0,0,0,2
yyI9kxiDJLFDkmk5g8vu,Evolution Football,canceled,captain,ChIJX0YulIi8yRIRnGh62u3UXTQ,43.2836074&5.52356,2024-02-29T21:00:00.000Z,60,10,public,false,Compétition,3,gKbvf5o368P4vH7VjLGR6UGl6To1,9,10,0,0,0,0,0
yytndJRuDpsZ3NlWyIdW,Stadium Thiais,played,captain,ChIJ64X9jzx05kcRsHvSfOv6UcA,48.7511137&2.3715422,2024-02-22T19:30:00.000Z,90,15,public,false,Chill,2,XXEzR6ADcxbrqJajTGHHWduyR7q2,12,12,1,0,0,0,1
yzBwXwqHeQdVIefeS6so,Stadium Thiais,published,pro,ChIJ64X9jzx05kcRsHvSfOv6UcA,48.7511024&2.3713455,2024-02-23T16:30:00.000Z,90,10,public,false,,,psf3NmXEPwdCltHKJC7VuvJocrF3,0,10,0,0,0,0,1
z0dzVrasQSfiWhEJiSHc,Top Ten,published,pro,ChIJfXprBx4b5kcRmhe-5pLZUek,48.8729106&2.6840919,2024-03-05T17:30:00.000Z,90,16.5,public,false,,,i27253AGxOfXgYJK72sBnvUGuMk2,0,10,0,0,0,0,0
z1WLMWs4wqf10JgaEHky,Events Five,played,captain,ChIJf8cSCJG5rhIRoQadPH-wW1U,43.5399703&1.3922897,2024-03-06T18:00:00.000Z,60,9.5,public,false,Détente,3,dnAk8SuzEUMTsYXkQJL6fOKkOYy2,10,10,1,0,0,0,1
z1l36PiCTDDZVSRRRbZ8,LE FIVE Villette,canceled,captain,ChIJTUFnQjps5kcR0pHITLTw1PI,48.9070122&2.3861459,2024-02-28T20:00:00.000Z,60,12,public,false,Détente,3,UF4XQOQe7bWJF0SqVrG4NWmSnfO2,9,10,0,0,0,0,0
z4Ptfil7MO2dctcDsBAg,Play Soccer,canceled,captain,ChIJQ-UxZn-5rhIRKWoQydM5T9s,43.5512023&1.4098927,2024-02-22T19:00:00.000Z,60,10,public,false,,2,8LtkeOuZHeePxfkXdNPmQSr7V9L2,9,10,0,0,0,0,0
z5dtHzQUccSpz6UpGfkl,LE FIVE Paris 18,played,captain,ChIJpVT4_n1u5kcRzji6FdTBXXo,48.8978522&2.3700234,2024-03-06T21:00:00.000Z,60,14,public,true,,3,xP8WEGhszTboRCfK2hfHMko0szg1,10,10,0,0,0,0,0
z7oEdzGPnBU1KcOGf3jS,Stadium Thiais,hidden,pro,,48.7511024&2.3713455,2024-03-04T19:30:00.000Z,90,15,public,false,,,psf3NmXEPwdCltHKJC7VuvJocrF3,0,10,0,0,0,0,0
z93imPN9wTqc3D8YLIgt,Stade Pierre Letessier,canceled,captain,ChIJmcO_CLgS5kcR_tYXn2vhXNs,48.8750074&2.4964236,2024-02-25T09:45:00.000Z,120,,public,false,Compétition,5,5tI7nJKuTRWNJgO1jYKyzMYNwog2,17,18,0,0,0,0,1
zA6hgJr8cFKX8ULru6jn,LE FIVE Paris 18,played,captain,ChIJpVT4_n1u5kcRzji6FdTBXXo,48.8978522&2.3700234,2024-02-21T19:30:00.000Z,60,14,public,true,Détente,3,U034HnKKLMfDx6rm9ROaDJgJB822,10,10,1,0,0,0,2
zBDTOu5NjWTJ8ZHKsILy,Sport dans la Ville Rhône-Alpes,canceled,captain,ChIJoUEDcmvr9EcRILCz6hDCQ2o,45.7811703&4.8081568,2024-03-06T20:30:00.000Z,60,10,public,false,Détente,3,uhV7TL50fGXpxoBqsiFsPUCCYbY2,9,10,0,0,0,0,0
zDGDw9xFBqisXE8s4Dd0,LE FIVE Créteil,canceled,captain,ChIJ88lx3VwL5kcRVxCh4lD6_Gk,48.7643086&2.4706522,2024-03-04T17:00:00.000Z,90,16.5,public,false,Détente,2,KmY3PaHGFAfCGXZrSQjkg3xWUmx1,9,10,0,0,0,0,0
zDvaWLvZNc3ALHplYHpK,Stadium Thiais,played,captain,ChIJ64X9jzx05kcRsHvSfOv6UcA,48.7511137&2.3715422,2024-03-07T19:30:00.000Z,90,15,public,false,Détente,2,Dcn2lFYuu1N75bTvFYdKyBwf22z1,10,10,3,0,0,0,0
zF9IcKItlJ2K0Zb9JJBW,Stadium Thiais,played,captain,ChIJ64X9jzx05kcRsHvSfOv6UcA,48.7511137&2.3715422,2024-03-07T16:25:00.000Z,90,10,public,false,Détente,3,Dohg1zNvhsbmGrYuAmExKFyjruw2,10,10,6,0,0,0,0
zFZBWHGWSIvJvzIWjNJg,Play Soccer,canceled,captain,ChIJQ-UxZn-5rhIRKWoQydM5T9s,43.5512023&1.4098927,2024-03-05T18:30:00.000Z,90,15,public,false,,,8LtkeOuZHeePxfkXdNPmQSr7V9L2,8,10,0,0,0,0,0
zI3H1KvhjvW1XCyMgVow,LE FIVE Bobigny,played,captain,ChIJV8UONORs5kcRXxR5Qd7x130,48.901553&2.4313304,2024-03-04T18:00:00.000Z,60,10,public,false,Détente,1,wxEDIpT20XdSCWDMwixmIQ1QuKA2,10,10,0,0,0,0,0
zIcVo5RtbuP1D5OkL7PS,UrbanSoccer Orsay,canceled,captain,ChIJpZIJg7J45kcRrKWKhtbfnEQ,48.70829&2.17794,2024-02-22T19:00:00.000Z,60,10,public,true,Compétition,4,jQH7GNNj2OWXNcYzoBtSBMwtKcA2,5,10,0,0,0,0,0
zNxHYW3C58mV7MRBtgcu,UrbanSoccer Orsay,played,captain,ChIJpZIJg7J45kcRrKWKhtbfnEQ,48.70829&2.17794,2024-02-26T11:30:00.000Z,60,,public,true,Détente,2,AlnKacg8F5hefef1kJCEBuwGrZT2,10,10,2,0,0,0,0
zPj2LlkePJ4D7Qc7h349,Parcours sportif de la plaine du Luth,played,captain,ChIJzRgVdzJv5kcRvh7TyyBSol0,48.9353111&2.2867938,2024-02-24T09:45:00.000Z,90,,public,false,Compétition,5,IPBsO07hSPQnWzruNVQADGFnN7F2,12,12,5,0,0,1,0
zS3WTKr3gOl0HhEhuQvu,OHSPORT,canceled,captain,ChIJHeG9fA4X5kcRbGNzVY5Ud5I,48.9672396&2.5670436,2024-03-02T19:30:00.000Z,90,15,public,false,Détente,2,qEjCJQ9Ur6OMs5O8qyThaVqy6x63,10,10,0,0,0,0,0
zTQJLjmdoNQewexmvPJM,UrbanSoccer Meudon,played,captain,ChIJ0WKvjbh75kcRoqSmyWwW2jQ,48.80013599999999&2.2140811,2024-02-25T09:00:00.000Z,90,10.5,public,true,Détente,2,GBXsYoN3YnO4oTy1xh4h352PfTj2,10,10,2,0,0,0,0
zVXIEid3sZsiHupWUSHn,LE 5 DE LEGENDE,played,captain,ChIJU_aXKN_A9EcRHCY74rI9i4Y,45.7617542&4.9413708,2024-02-29T19:30:00.000Z,90,14,public,false,Compétition,4,9X0Ufot1LqMf8mZ2Fmp6VkSItDv1,10,10,1,0,0,0,2
zW6qVn72CCmiacr4gR7m,LE FIVE Bobigny,played,captain,ChIJV8UONORs5kcRXxR5Qd7x130,48.901553&2.4313304,2024-03-05T21:30:00.000Z,90,13,public,false,Détente,2,88bScbj7RlfvHyaYt6GKt4hySnI3,10,10,1,0,0,0,1
zWRasP3P2ayuxYK0AFi5,Parc Sainte Barbe,canceled,captain,ChIJtw301r5w5kcRvRjidiuAyaw,48.7922897&2.2913469,2024-02-22T16:00:00.000Z,120,,public,false,Détente,4,rzC8A0bd4afb9AWrHKlCPT9461y1,12,16,0,0,0,0,2
zWx8SsJCNDskn1U8lRl8,UrbanSoccer La Défense,played,captain,ChIJh4rnfVhk5kcRV2Q-ZKdm8vA,48.8996456&2.2216773,2024-02-25T16:00:00.000Z,60,14.5,public,true,Détente,3,DNZ94eIb8QapDeGgZw6cq8RBwnm1,10,10,0,0,0,0,3
zYVTuEIQGE2CpZr8rVCo,Play Soccer,published,captain,ChIJQ-UxZn-5rhIRKWoQydM5T9s,43.5512023&1.4098927,2024-02-26T20:30:00.000Z,60,10,public,false,,,8LtkeOuZHeePxfkXdNPmQSr7V9L2,8,10,0,0,0,0,0
zZ86XLGTHahfX7ZjUijP,Stadium Thiais,published,pro,ChIJ64X9jzx05kcRsHvSfOv6UcA,48.7511024&2.3713455,2024-02-22T14:00:00.000Z,90,8,public,false,,,psf3NmXEPwdCltHKJC7VuvJocrF3,1,10,0,0,0,0,1
zZv5HQi8hKV2Ogw9o7cc,Complexe Sportif Marcel Cerdan,canceled,captain,ChIJ4yO_Yfq7rhIRBZbt2F1J1yM,43.58651529999999&1.3986464,2024-02-26T18:30:00.000Z,90,,public,false,Détente,2,Ig64ZF2Ct9c4jhqlrqeMFtYtkvf2,20,22,0,0,0,0,0
zcTOt67KT0XhezKD0gvN,Classico Foot,played,captain,ChIJFV442oCxrhIRgsZy5aIbkNs,43.5945434&1.2911399,2024-02-29T18:00:00.000Z,60,9,public,false,Détente,3,vUWQFcI3qvfj7dYJmxoD08VVvr92,10,10,4,0,0,0,0
zdL694o694KCl5GTRqW0,LE FIVE Marville - La Courneuve,published,pro,ChIJ2dHdMZxr5kcR0aKYHYsp0pY,48.9361223&2.3872592,2024-03-02T08:00:00.000Z,60,10,public,false,,,1GfAHFfqO6dOj37bPrTRuDS5gnk1,0,10,0,0,0,0,0
zeja0gkbDzva60VsEBNW,Stadium Thiais,published,pro,ChIJ64X9jzx05kcRsHvSfOv6UcA,48.7511024&2.3713455,2024-03-05T16:30:00.000Z,90,10,public,false,,,psf3NmXEPwdCltHKJC7VuvJocrF3,0,10,0,0,0,0,0
zfn2QfVXowzn7HKvlZzM,Top Ten,played,captain,ChIJfXprBx4b5kcRmhe-5pLZUek,48.8729106&2.6840919,2024-03-02T12:00:00.000Z,60,10,public,false,Compétition,,WpGAhdmulIdsMLgkOSuAldGXgFK2,10,10,2,0,0,0,3
zgvxEl8Yzkcc1Vd8FK6R,Game 13 foot indoor,canceled,captain,ChIJNSDvlsXryRIRUXao9hwB79I,43.41258939999999&5.366617,2024-02-26T20:30:00.000Z,60,10,public,false,Détente,3,Ez3YAlfrUxgTTJcxq9sNBTRxuHP2,3,10,0,0,0,0,0
ziJGDGJeBB1L9edVPaGn,BIG5,canceled,captain,ChIJsb_7TJFp5kcRSPL5VqZulr4,48.9901429&2.3617895,2024-03-07T20:30:00.000Z,90,13,public,false,Détente,2,EtWRjGwMy4TcTqPP080b3mhRLin2,9,10,0,0,0,0,0
zjiCycu6CGIIRard6vQ6,Classico Foot,canceled,captain,ChIJFV442oCxrhIRgsZy5aIbkNs,43.5945434&1.2911399,2024-03-07T11:15:00.000Z,60,8,public,false,Détente,3,3dpIVBXjtfRiTg2G8ENbenkoJyp1,8,10,0,0,0,0,0
znSo2ouVAY2NrnBmWueI,Stadium Thiais,published,pro,,48.7511024&2.3713455,2024-03-04T18:30:00.000Z,90,15,public,false,,,psf3NmXEPwdCltHKJC7VuvJocrF3,0,10,0,0,0,0,0
zseVOZMz9tjepLQ4BVs8,UrbanSoccer La Défense,published,captain,ChIJh4rnfVhk5kcRV2Q-ZKdm8vA,48.8996456&2.2216773,2024-03-07T21:30:00.000Z,60,14,private,true,Détente,5,pHUfM1f7PqNqpjzO9ZXYo2xKlxB3,8,10,0,0,0,0,0
ztCYwNrtWXEJSuScX8PD,Sport dans la Ville Rhône-Alpes,played,captain,ChIJoUEDcmvr9EcRILCz6hDCQ2o,45.7811703&4.8081568,2024-03-06T18:00:00.000Z,60,9,public,false,Détente,2,wI26BYY3hHOd0qRylT1SYXccJZJ3,10,10,3,0,0,0,2
ztIshjRSbcud0s2QpOXe,UrbanSoccer - Asnières,canceled,captain,ChIJi5LkLT9v5kcRSlhScqEFNWs,48.92192379999999&2.3068311,2024-03-01T19:30:00.000Z,90,18.75,public,true,Compétition,3,35Lr5jbDfzUfSvsKf42Uk7TLyzi2,10,10,0,0,0,0,1
ztZ2SxV9umzYee8Y4mvL,POWER FIVE ( Foot à 5 en intérieur ),published,captain,ChIJ6ULNmyh15kcRV9cjbnBjGr8,48.73026429999999&2.4346948,2024-02-25T19:00:00.000Z,90,15,public,false,,,EHZB6c5iRjY7Bqm1fWmpwmymat03,4,10,0,0,0,0,0
ztn7ckZJAW1G1YKQuQUl,UrbanSoccer - Lille Lezennes,played,captain,ChIJR3ro5nTWwkcRfM_S3Be9HjI,50.6162725&3.0998108,2024-02-25T18:00:00.000Z,120,12.75,public,true,Compétition,3,xR4ED6qRzmg0HreT9TkBwvuQM912,10,10,2,0,0,0,1
zuv3V3IBGMANmt7Kydpu,Stade Robespierre,canceled,captain,ChIJrSdPdLpk5kcRTIf7gmbAvcU,48.8692482&2.2034218,2024-02-24T10:00:00.000Z,90,5,public,false,Compétition,4,uK7KAxZFpwZeIpiBLR7VWDgp0qF2,2,10,0,0,0,0,0
zvNyyBqVwI0WLI9eY3Dv,LE FIVE Carrières-sous-Poissy,played,captain,ChIJ9T4fWfyL5kcRCBX-FyZLvEE,48.9468171&2.0230552,2024-02-22T19:00:00.000Z,90,13.5,public,false,Détente,3,liP0mX4IVqcBiayvxaKLwqqRSA23,10,10,4,0,0,0,3
zvmhFPpgA6giLZ0JtLu7,Monclub Futbol,played,captain,ChIJGbxxaamUyRIRgGvhHnhJStA,43.4299152&5.4001974,2024-02-23T20:00:00.000Z,60,10,public,false,Détente,2,CSTy9rmJRQSyWlqWuGiUhGpAGqf2,10,10,2,0,0,0,0
zwF8EIXYwKXTC92n7NIE,Cité des Sports,canceled,captain,ChIJ70UPf6R75kcRGb3NAV9k7Ww,48.8247744&2.2650728,2024-02-20T11:30:00.000Z,60,13,public,false,Détente,2,7V2VB8gcwKTjDpHEBZAUtfMvv4A3,9,10,0,0,0,0,1
zyRdosQGqLV96FpjK3zn,LE FIVE Paris 18,played,captain,ChIJpVT4_n1u5kcRzji6FdTBXXo,48.8978522&2.3700234,2024-02-25T12:00:00.000Z,60,5,public,true,Détente,3,aJicOaxHR8PWYKfbad0HfPvVBVe2,10,10,4,0,0,0,3
zzYFE5RvM6WEGaWcWWyv,Testing Purposes,published,pro,,67.461524&-152.801377,2024-02-29T19:15:00.000Z,60,12,public,false,,,f2LrY7SAV3U1V9tUVAZfiMxA3uu1,0,10,0,0,0,0,0
zzfkKL6d8f6lDcnLouuy,UrbanSoccer La Défense,played,captain,ChIJh4rnfVhk5kcRV2Q-ZKdm8vA,48.8996456&2.2216773,2024-02-23T17:45:00.000Z,60,14.5,public,true,Détente,3,RwVkoIVEkXNSHlG4DHDbfN5VBZg1,10,10,2,0,0,0,7
